# t[ms] U1 U2 U3[m] S11 S22 S33 S12 S13 S23[Pa] -- OpenSG-RM at the stations of the plots; solid dump values in solid_blast.dat
5.000000000000000278e-02 0.000000000000000000e+00 0.000000000000000000e+00 2.798518700000000078e-03 2.476864617294331640e+07 1.766580867017433792e+07 3.204382175781522691e+07 -7.665919388835239230e-11 4.328192533443171997e+05 4.243508842039473820e+05
1.000000000000000056e-01 0.000000000000000000e+00 0.000000000000000000e+00 1.117769300000000070e-02 4.795639943285845220e+07 1.982428372817151248e+07 3.151943677187535167e+07 -5.733513267989023503e-10 1.613553441313432530e+06 1.585452437240940286e+06
1.499999999999999944e-01 0.000000000000000000e+00 0.000000000000000000e+00 2.503022200000000128e-02 1.246043174137644619e+08 2.753982724075315893e+07 3.100363314728287980e+07 -2.209866803065226693e-09 3.173642595310945529e+06 3.130593332291316241e+06
2.000000000000000111e-01 0.000000000000000000e+00 0.000000000000000000e+00 4.415253699999999865e-02 2.976944993783924580e+08 4.529582386414571106e+07 3.049627045331446081e+07 -5.882790771903306635e-09 4.825998973312197253e+06 4.775811781600318849e+06
2.500000000000000000e-01 0.000000000000000000e+00 0.000000000000000000e+00 6.837311000000000083e-02 6.055674127616037130e+08 7.712206992527109385e+07 2.999721055734230578e+07 -1.242105692141720404e-08 6.579632648862355389e+06 6.522712795511061326e+06
2.999999999999999889e-01 0.000000000000000000e+00 0.000000000000000000e+00 9.755820099999999717e-02 1.069196035653618693e+09 1.252712294240101129e+08 2.950631758722689748e+07 -2.236283014979895318e-08 8.482545482981164008e+06 8.416762033969838172e+06
3.499999999999999778e-01 0.000000000000000000e+00 0.000000000000000000e+00 1.315036800000000117e-01 1.685042789234708309e+09 1.894773851982373893e+08 2.902345789432504028e+07 -3.533456238810555098e-08 1.056132754525842145e+07 1.048287422782454081e+07
4.000000000000000222e-01 0.000000000000000000e+00 0.000000000000000000e+00 1.699799100000000118e-01 2.425528025760866642e+09 2.669551170733466148e+08 2.854850001710322872e+07 -5.123641452522345445e-08 1.286745302675824612e+07 1.276875881077054702e+07
4.500000000000000111e-01 0.000000000000000000e+00 0.000000000000000000e+00 2.128154700000000066e-01 3.246786637560235500e+09 3.531973484709938169e+08 2.808131464534628764e+07 -6.894671931119156850e-08 1.547983476483939029e+07 1.535018555689360946e+07
5.000000000000000000e-01 0.000000000000000000e+00 0.000000000000000000e+00 2.598158099999999804e-01 4.101167333215642452e+09 4.432189841218954921e+08 2.762177458495172113e+07 -8.753069412414320660e-08 1.848583361648876965e+07 1.831221215861529857e+07
5.500000000000000444e-01 0.000000000000000000e+00 0.000000000000000000e+00 3.107103800000000082e-01 4.951313741661508560e+09 5.330496102720792294e+08 2.716975472330015898e+07 -1.056915643159216877e-07 2.195027132045617327e+07 2.172059130780057982e+07
5.999999999999999778e-01 0.000000000000000000e+00 0.000000000000000000e+00 3.652438299999999916e-01 5.779771761637619972e+09 6.206104919566904306e+08 2.672513199519251287e+07 -1.235609975214980879e-07 2.588422814077604935e+07 2.559176661150338873e+07
6.500000000000000222e-01 0.000000000000000000e+00 0.000000000000000000e+00 4.231842199999999998e-01 6.592830351867919922e+09 7.064531645001873970e+08 2.628778534934466705e+07 -1.411542229142768076e-07 3.023433267753047869e+07 2.987916202635076642e+07
6.999999999999999556e-01 0.000000000000000000e+00 0.000000000000000000e+00 4.842328000000000188e-01 7.418346528592090607e+09 7.932645091181024313e+08 2.585759571543056145e+07 -1.586719153381145776e-07 3.489579216484284401e+07 3.448431654777105153e+07
7.500000000000000000e-01 0.000000000000000000e+00 0.000000000000000000e+00 5.480545500000000292e-01 8.295039467396548271e+09 8.849237033672630787e+08 2.543444597166468203e+07 -1.779190025621653650e-07 3.973698893516744673e+07 3.928143391554780304e+07
8.000000000000000444e-01 0.000000000000000000e+00 0.000000000000000000e+00 6.143597200000000536e-01 9.258560186521120071e+09 9.852782784200431108e+08 2.501822091291512549e+07 -1.987066622497993851e-07 4.462996405080490559e+07 4.414365462962456793e+07
8.499999999999999778e-01 0.000000000000000000e+00 0.000000000000000000e+00 6.828566999999999831e-01 1.033019536660105896e+10 1.096718911537122726e+09 2.460880721933843568e+07 -2.202727944628158613e-07 4.948575591512618214e+07 4.897804198875557631e+07
9.000000000000000222e-01 0.000000000000000000e+00 0.000000000000000000e+00 7.532067199999999962e-01 1.150857758865042877e+10 1.219367338560929537e+09 2.420609342552770674e+07 -2.460458899582977917e-07 5.427848681019134074e+07 5.375038371229555458e+07
9.499999999999999556e-01 0.000000000000000000e+00 0.000000000000000000e+00 8.250935499999999534e-01 1.276790251533694839e+10 1.350867023138461351e+09 2.380996989016544074e+07 -2.725325579254588580e-07 5.904268540149781853e+07 5.848574896793254465e+07
1.000000000000000000e+00 0.000000000000000000e+00 0.000000000000000000e+00 8.982395399999999475e-01 1.406445890396130180e+10 1.486843871004139423e+09 2.342032876617298275e+07 -3.012953027417393232e-07 6.385839578224012256e+07 6.325543247676972300e+07
1.050000000000000044e+00 0.000000000000000000e+00 0.000000000000000000e+00 9.723325699999999516e-01 1.534798151231921005e+10 1.622157133813754320e+09 2.303706397134829313e+07 -3.290170262949130253e-07 6.882031220264154673e+07 6.815104374782001972e+07
1.100000000000000089e+00 0.000000000000000000e+00 0.000000000000000000e+00 1.047036000000000078e+00 1.657635574508963394e+10 1.752206987690299034e+09 2.266007115948425233e+07 -3.545399730279556921e-07 7.400081495544607937e+07 7.324911857299628854e+07
1.149999999999999911e+00 0.000000000000000000e+00 0.000000000000000000e+00 1.122046099999999935e+00 1.772914708167573547e+10 1.874570201153602362e+09 2.228924769195955247e+07 -3.797121533552981654e-07 7.942210946938364208e+07 7.857408174259728193e+07
1.199999999999999956e+00 0.000000000000000000e+00 0.000000000000000000e+00 1.197054300000000016e+00 1.881224177596552277e+10 1.989475017731696606e+09 2.192449260979463905e+07 -4.026800947906079270e-07 8.501343698658493161e+07 8.407157894997279346e+07
1.250000000000000000e+00 0.000000000000000000e+00 0.000000000000000000e+00 1.271705400000000097e+00 1.985538193671134567e+10 2.099584143499920130e+09 2.156570660616502911e+07 -4.246522909650066137e-07 9.066872001040329039e+07 8.964592186345344782e+07
1.300000000000000044e+00 0.000000000000000000e+00 0.000000000000000000e+00 1.345655100000000104e+00 2.089832598053099060e+10 2.208945283174427986e+09 2.121279199936458468e+07 -4.472938081036094142e-07 9.623647142291404307e+07 9.515838057394830883e+07
1.350000000000000089e+00 0.000000000000000000e+00 0.000000000000000000e+00 1.418597700000000073e+00 2.197554058451800919e+10 2.321164848215425491e+09 2.086565270621128380e+07 -4.696826857444054890e-07 1.015969999964217097e+08 1.004869726870703846e+08
1.399999999999999911e+00 0.000000000000000000e+00 0.000000000000000000e+00 1.490214300000000103e+00 2.310326484614031601e+10 2.438177482985886097e+09 2.052419421588812768e+07 -4.942828008802407106e-07 1.066739139243707657e+08 1.055495655661336035e+08
1.449999999999999956e+00 0.000000000000000000e+00 0.000000000000000000e+00 1.560179200000000099e+00 2.427379943979126358e+10 2.559560695856822968e+09 2.018832356421211362e+07 -5.212232456622029699e-07 1.114611398108239174e+08 1.103281152257417440e+08
1.500000000000000000e+00 0.000000000000000000e+00 0.000000000000000000e+00 1.628211300000000028e+00 2.545776832201662064e+10 2.682699182795764446e+09 1.985794930832410231e+07 -5.441075986813560971e-07 1.160052810125902742e+08 1.148572126038835794e+08
1.550000000000000044e+00 0.000000000000000000e+00 0.000000000000000000e+00 1.694051100000000032e+00 2.661423787139524841e+10 2.803581110244879246e+09 1.953298150179283693e+07 -5.691303505997672619e-07 1.203787911522219628e+08 1.192047812568077296e+08
1.600000000000000089e+00 0.000000000000000000e+00 0.000000000000000000e+00 1.757421399999999911e+00 2.770195034354586029e+10 2.918104695916991711e+09 1.921333167012630403e+07 -5.945153973852124106e-07 1.246687598391019851e+08 1.234445792136158496e+08
1.649999999999999911e+00 0.000000000000000000e+00 0.000000000000000000e+00 1.818059300000000045e+00 2.869269317609439468e+10 3.023130879459362984e+09 1.889891278668384999e+07 -6.133475720740531293e-07 1.289108617133809328e+08 1.276130390881472230e+08
1.699999999999999956e+00 0.000000000000000000e+00 0.000000000000000000e+00 1.875734500000000082e+00 2.957558839111175919e+10 3.117252091070125580e+09 1.858963924898256734e+07 -6.331033683346017968e-07 1.330999108747641444e+08 1.317224794011640549e+08
1.750000000000000000e+00 0.000000000000000000e+00 0.000000000000000000e+00 1.930205699999999913e+00 3.035932285163070297e+10 3.201047664898324490e+09 1.828542685539141670e+07 -6.500682735461049373e-07 1.371760403883549273e+08 1.357152150003611743e+08
1.800000000000000044e+00 0.000000000000000000e+00 0.000000000000000000e+00 1.981218900000000005e+00 3.106699254371840286e+10 3.276406744346812248e+09 1.798619278220694512e+07 -6.663754771210183166e-07 1.410556919293921888e+08 1.395185370385973752e+08
1.850000000000000089e+00 0.000000000000000000e+00 0.000000000000000000e+00 2.028550699999999818e+00 3.172520619675299835e+10 3.345884384756277561e+09 1.769185556110410392e+07 -6.802204122118863485e-07 1.446335522546681762e+08 1.430486197347537279e+08
1.899999999999999911e+00 0.000000000000000000e+00 0.000000000000000000e+00 2.071993799999999997e+00 3.235579530282811356e+10 3.411668572994008541e+09 1.740233505695611984e+07 -6.932044399210862806e-07 1.478366577283813953e+08 1.462273532156499028e+08
1.949999999999999956e+00 0.000000000000000000e+00 0.000000000000000000e+00 2.111325400000000130e+00 3.296925674422024536e+10 3.474899378400472641e+09 1.711755244601728767e+07 -7.056713899637684353e-07 1.506206759895960391e+08 1.490130140647843182e+08
2.000000000000000000e+00 0.000000000000000000e+00 0.000000000000000000e+00 2.146335200000000221e+00 3.356089422002277374e+10 3.535400975908549309e+09 1.683743019446277618e+07 -7.194579012751566620e-07 1.529769085794106424e+08 1.513876639950046241e+08
2.050000000000000266e+00 0.000000000000000000e+00 0.000000000000000000e+00 2.176849799999999835e+00 3.411344258676717377e+10 3.591749698344734192e+09 1.656189203727957420e+07 -7.284845518182803747e-07 1.549400828271971941e+08 1.533789234684110880e+08
2.100000000000000089e+00 0.000000000000000000e+00 0.000000000000000000e+00 2.202705499999999983e+00 3.460118466272312927e+10 3.641750603551455975e+09 1.629086295750277303e+07 -7.405496133421435235e-07 1.565593202348870635e+08 1.550151970313511193e+08
2.149999999999999911e+00 0.000000000000000000e+00 0.000000000000000000e+00 2.223744899999999802e+00 3.500128146024451447e+10 3.683154133102172375e+09 1.602426916579161957e+07 -7.494255985600260779e-07 1.578844765446379781e+08 1.563424917689400017e+08
2.200000000000000178e+00 0.000000000000000000e+00 0.000000000000000000e+00 2.239851499999999884e+00 3.529225405602624512e+10 3.713976575034501553e+09 1.576203808033993654e+07 -7.546634577989224844e-07 1.589414465427871048e+08 1.573824669100351632e+08
2.250000000000000000e+00 0.000000000000000000e+00 0.000000000000000000e+00 2.250942600000000127e+00 3.546604526821862030e+10 3.733394290716492176e+09 1.550409830711509101e+07 -7.615102788232899225e-07 1.597390613417885900e+08 1.581420788921874166e+08
2.299999999999999822e+00 0.000000000000000000e+00 0.000000000000000000e+00 2.256942099999999840e+00 3.552615589306320953e+10 3.741356331516644001e+09 1.525037962042059191e+07 -7.596109565698629460e-07 1.602534389539250731e+08 1.585993032052476108e+08
2.350000000000000089e+00 0.000000000000000000e+00 0.000000000000000000e+00 2.257793899999999798e+00 3.548550867317928314e+10 3.738664811938254833e+09 1.500081294377671741e+07 -7.601047100314800551e-07 1.604396414868502319e+08 1.587377214748089015e+08
2.399999999999999911e+00 0.000000000000000000e+00 0.000000000000000000e+00 2.253474699999999942e+00 3.535870986194867706e+10 3.726419938930795193e+09 1.475533033111409284e+07 -7.619682999425985497e-07 1.602608443361533284e+08 1.585230657946074903e+08
2.449999999999999734e+00 0.000000000000000000e+00 0.000000000000000000e+00 2.243964599999999976e+00 3.516117137585084534e+10 3.706045490680433750e+09 1.451386494827492721e+07 -7.553032709737615670e-07 1.596699865817647576e+08 1.579193846333755851e+08
2.500000000000000000e+00 0.000000000000000000e+00 0.000000000000000000e+00 2.229236799999999796e+00 3.490372964992517853e+10 3.678688407110357761e+09 1.427635105481713451e+07 -7.495967437989247908e-07 1.586426308712364137e+08 1.569154451768475175e+08
2.550000000000000266e+00 0.000000000000000000e+00 0.000000000000000000e+00 2.209284499999999873e+00 3.459520749871790314e+10 3.644831641868845940e+09 1.404272398611607216e+07 -7.432098265317859190e-07 1.571760548254555464e+08 1.554987950939268470e+08
2.600000000000000089e+00 0.000000000000000000e+00 0.000000000000000000e+00 2.184123299999999990e+00 3.423030333598981476e+10 3.604394690620370388e+09 1.381292013575924747e+07 -7.344861580502676938e-07 1.552801533159590065e+08 1.536779302927580178e+08
2.649999999999999911e+00 0.000000000000000000e+00 0.000000000000000000e+00 2.153774900000000159e+00 3.379857894922385025e+10 3.556927606117735386e+09 1.358687693822904676e+07 -7.248551332623280301e-07 1.529836189711696804e+08 1.514592076676780879e+08
2.700000000000000178e+00 0.000000000000000000e+00 0.000000000000000000e+00 2.118283599999999822e+00 3.329043053670265198e+10 3.501873552109547615e+09 1.336453285186882690e+07 -7.124964593177450611e-07 1.503197136931679547e+08 1.488675075849382579e+08
2.750000000000000000e+00 0.000000000000000000e+00 0.000000000000000000e+00 2.077736600000000156e+00 3.269456808590250397e+10 3.438551634380006790e+09 1.314582734212781675e+07 -6.995022099604492854e-07 1.473232748395789564e+08 1.459192518198355436e+08
2.799999999999999822e+00 0.000000000000000000e+00 0.000000000000000000e+00 2.032248699999999797e+00 3.200475170540355301e+10 3.366433342007876396e+09 1.293070086508019269e+07 -6.850538050560776527e-07 1.440158172178919911e+08 1.426318537856457829e+08
2.850000000000000089e+00 0.000000000000000000e+00 0.000000000000000000e+00 1.981950700000000065e+00 3.121773233599439621e+10 3.285195741835546970e+09 1.271909485121384449e+07 -6.683222057400433651e-07 1.404227763676485717e+08 1.390329749067027569e+08
2.899999999999999911e+00 0.000000000000000000e+00 0.000000000000000000e+00 1.927001699999999929e+00 3.033644260183491135e+10 3.194681773779567242e+09 1.251095168948447332e+07 -6.468403478310479817e-07 1.365518892383208871e+08 1.351377843461791277e+08
2.949999999999999734e+00 0.000000000000000000e+00 0.000000000000000000e+00 1.867582099999999912e+00 2.936717314258631897e+10 3.095013153097029209e+09 1.230621471163061447e+07 -6.292132184645032673e-07 1.324071949823774993e+08 1.309666987896461338e+08
3.000000000000000000e+00 0.000000000000000000e+00 0.000000000000000000e+00 1.803868599999999933e+00 2.832042672095350266e+10 2.986618706667922497e+09 1.210482817674536817e+07 -6.092905412888204760e-07 1.279807437688973248e+08 1.265370004503501058e+08
3.050000000000000266e+00 0.000000000000000000e+00 0.000000000000000000e+00 1.736038399999999982e+00 2.720875520471384048e+10 2.870275744504685879e+09 1.190673725610056520e+07 -5.835230842606426162e-07 1.232665070801115781e+08 1.218516707588828057e+08
3.100000000000000089e+00 0.000000000000000000e+00 0.000000000000000000e+00 1.664283799999999980e+00 2.604578613583131409e+10 2.747206285260939598e+09 1.171188801821934246e+07 -5.589777951008868007e-07 1.182621741730364412e+08 1.169091414665414095e+08
3.149999999999999911e+00 0.000000000000000000e+00 0.000000000000000000e+00 1.588802599999999954e+00 2.484426128193153000e+10 2.618796150100040436e+09 1.152022741419295408e+07 -5.329159441414804832e-07 1.129472201189162284e+08 1.116968141728513092e+08
3.200000000000000178e+00 0.000000000000000000e+00 0.000000000000000000e+00 1.509794300000000034e+00 2.361287744987747574e+10 2.486581544741229057e+09 1.133170326323794015e+07 -5.060526372140545881e-07 1.073304907825188786e+08 1.062086650607427359e+08
3.250000000000000000e+00 0.000000000000000000e+00 0.000000000000000000e+00 1.427481299999999953e+00 2.235475945481773758e+10 2.351585761148447990e+09 1.114626423848962598e+07 -4.781754522034240981e-07 1.014316292046994716e+08 1.004394288347682059e+08
3.299999999999999822e+00 0.000000000000000000e+00 0.000000000000000000e+00 1.342114900000000111e+00 2.106457904186048126e+10 2.214126783239250660e+09 1.096385985302809812e+07 -4.514583046054013235e-07 9.529143009248907864e+07 9.440838569381140172e+07
3.350000000000000089e+00 0.000000000000000000e+00 0.000000000000000000e+00 1.253964000000000079e+00 1.973200166249887848e+10 2.073675380523518562e+09 1.078444044613284990e+07 -4.216653116001959799e-07 8.895827149621419609e+07 8.814877805537059903e+07
3.399999999999999911e+00 0.000000000000000000e+00 0.000000000000000000e+00 1.163314699999999924e+00 1.834513201790093613e+10 1.929132574596594810e+09 1.060795716976226307e+07 -3.924847709133896901e-07 8.248767171569007635e+07 8.171381455763001740e+07
3.449999999999999734e+00 0.000000000000000000e+00 0.000000000000000000e+00 1.070476699999999948e+00 1.689626783906814194e+10 1.779346400805340767e+09 1.043436197525439598e+07 -3.630075758002757333e-07 7.592482230051194131e+07 7.515762593571725488e+07
3.500000000000000000e+00 0.000000000000000000e+00 0.000000000000000000e+00 9.757667599999999553e-01 1.538678911742008972e+10 1.623681315319773912e+09 1.026360760024535470e+07 -3.304384889606355311e-07 6.929077160141202807e+07 6.851662278222526610e+07
3.550000000000000266e+00 0.000000000000000000e+00 0.000000000000000000e+00 8.794946200000000047e-01 1.382629564975378227e+10 1.462260694855448008e+09 1.009564755580178834e+07 -2.967347701026682044e-07 6.259653865273292363e+07 6.182489897095336020e+07
3.600000000000000089e+00 0.000000000000000000e+00 0.000000000000000000e+00 7.819690999999999725e-01 1.223305948321831894e+10 1.296149677927453995e+09 9.930436113763974980e+06 -2.631534055781249085e-07 5.582877243750155717e+07 5.509179370342935622e+07
3.649999999999999911e+00 0.000000000000000000e+00 0.000000000000000000e+00 6.834982200000000452e-01 1.062735270340414429e+10 1.127029635213119984e+09 9.767928294296113774e+06 -2.280838148818269495e-07 4.897374078054861724e+07 4.831511515080016851e+07
3.700000000000000178e+00 0.000000000000000000e+00 0.000000000000000000e+00 5.843787000000000287e-01 9.028088412476312637e+09 9.570157329271013737e+08 9.608079853640308604e+06 -1.936576542297067739e-07 4.202351356331127137e+07 4.148527077565795928e+07
3.750000000000000000e+00 0.000000000000000000e+00 0.000000000000000000e+00 4.849012799999999901e-01 7.450423453925894737e+09 7.882128196321765184e+08 9.450847272070996463e+06 -1.596778868579468797e-07 3.498315213356656581e+07 3.459468267300158739e+07
3.799999999999999822e+00 0.000000000000000000e+00 0.000000000000000000e+00 3.853657500000000069e-01 5.902726547789679527e+09 6.223473106873207092e+08 9.296187742046454921e+06 -1.258156563008178908e-07 2.787319792380460724e+07 2.764145003172166646e+07
3.850000000000000089e+00 0.000000000000000000e+00 0.000000000000000000e+00 2.860803900000000177e-01 4.385670473569376945e+09 4.603851699776623249e+08 9.144059156554244459e+06 -9.297129963429947626e-08 2.072926024657450244e+07 2.063861496466912702e+07
3.899999999999999911e+00 0.000000000000000000e+00 0.000000000000000000e+00 1.873572099999999963e-01 2.893009195273530960e+09 3.023866694858104587e+08 8.994420097647320479e+06 -6.073999791439290057e-08 1.359833012513919361e+07 1.361510535890229419e+07
3.950000000000000178e+00 0.000000000000000000e+00 0.000000000000000000e+00 8.951957700000000295e-02 1.414780863644473314e+09 1.475532943624508083e+08 8.847229825167724863e+06 -2.930139380034194514e-08 6.533570452077434398e+06 6.615848609890152700e+06
4.000000000000000000e+00 2.610230300000000020e-30 0.000000000000000000e+00 -7.097045399999999879e-03 -6.003477853849948943e+07 -5.460258235567701980e+06 8.702448265654785559e+06 1.802603037037330479e-09 -2.716948740594076808e+05 -2.954967217163273599e+05
4.049999999999999822e+00 0.000000000000000000e+00 0.000000000000000000e+00 -1.021584199999999998e-01 -1.539794918864374876e+09 -1.581300877189332247e+08 8.560036001434814185e+06 3.297791558292953867e-08 -7.166890914898595773e+06 -7.071195092482315376e+06
4.100000000000000533e+00 0.000000000000000000e+00 0.000000000000000000e+00 -1.953382999999999925e-01 -3.026384599366367817e+09 -3.114847917061614990e+08 8.419954259889334440e+06 6.421717133285134758e-08 -1.373203359883641452e+07 -1.364240318430170976e+07
4.150000000000000355e+00 0.000000000000000000e+00 0.000000000000000000e+00 -2.863191800000000065e-01 -4.512667610178792953e+09 -4.655917911735086441e+08 8.282164902898938395e+06 9.585158439106606242e-08 -2.007449929345489666e+07 -1.997748270378753915e+07
4.200000000000000178e+00 0.000000000000000000e+00 0.000000000000000000e+00 -3.748029999999999973e-01 -5.981517597960153580e+09 -6.192370486175779104e+08 8.146630416459909640e+06 1.274004453440867685e-07 -2.620088505137945712e+07 -2.606511903930654749e+07
4.250000000000000000e+00 0.000000000000000000e+00 0.000000000000000000e+00 -4.605204800000000098e-01 -7.408303281854563713e+09 -7.700800922454632521e+08 8.013313900470840745e+06 1.587893890262338693e-07 -3.213409501111735776e+07 -3.192113044547500834e+07
4.299999999999999822e+00 0.000000000000000000e+00 0.000000000000000000e+00 -5.432239300000000215e-01 -8.766210336146860123e+09 -9.150026037507972717e+08 7.882179058686396107e+06 1.876426536252724094e-07 -3.790475477920621634e+07 -3.757922538334120810e+07
4.349999999999999645e+00 0.000000000000000000e+00 0.000000000000000000e+00 -6.226778499999999772e-01 -1.003188667737242317e+10 -1.051052492248412251e+09 7.753190188835544512e+06 2.158685735900227148e-07 -4.353613612931687385e+07 -4.307507598216329515e+07
4.400000000000000355e+00 0.000000000000000000e+00 0.000000000000000000e+00 -6.986576100000000400e-01 -1.119348357539699936e+10 -1.176192527765094757e+09 7.626312172901501879e+06 2.406120045521169320e-07 -4.902849920923056453e+07 -4.843073014347676188e+07
4.450000000000000178e+00 0.000000000000000000e+00 0.000000000000000000e+00 -7.709424200000000171e-01 -1.225328853212054062e+10 -1.289810019664700031e+09 7.501510467560693622e+06 2.634942080127992009e-07 -5.435252890928296745e+07 -5.363701887774869055e+07
4.500000000000000000e+00 0.000000000000000000e+00 0.000000000000000000e+00 -8.393043999999999505e-01 -1.322857518716063881e+10 -1.393187403240828276e+09 7.378751094778157771e+06 2.859770063306707726e-07 -5.944616519681830704e+07 -5.865047173152830452e+07
4.549999999999999822e+00 0.000000000000000000e+00 0.000000000000000000e+00 -9.035106400000000315e-01 -1.414535719358396339e+10 -1.488804107402765036e+09 7.258000632556726225e+06 3.044323149960776158e-07 -6.422720441502211243e+07 -6.339706834648019820e+07
4.599999999999999645e+00 0.000000000000000000e+00 0.000000000000000000e+00 -9.633345599999999509e-01 -1.503052771858087158e+10 -1.579658435202173471e+09 7.139226205837600864e+06 3.234122432118133394e-07 -6.861069503637199104e+07 -6.779150182573345304e+07
4.649999999999999467e+00 0.000000000000000000e+00 0.000000000000000000e+00 -1.018563499999999955e+00 -1.590095089581438446e+10 -1.668138613282415152e+09 7.022395477549749427e+06 3.399162684046046141e-07 -7.253660801050844789e+07 -7.175913542490829527e+07
4.700000000000000178e+00 0.000000000000000000e+00 0.000000000000000000e+00 -1.069008200000000075e+00 -1.675666528615804100e+10 -1.755032646042752981e+09 6.907476639805830084e+06 3.591310506589734856e-07 -7.598462933595617115e+07 -7.525695805410231650e+07
4.750000000000000000e+00 0.000000000000000000e+00 0.000000000000000000e+00 -1.114516199999999957e+00 -1.757952565363035583e+10 -1.839314554458240271e+09 6.794438405242270790e+06 3.769750437740396146e-07 -7.897686451096038520e+07 -7.828571805675077438e+07
4.799999999999999822e+00 0.000000000000000000e+00 0.000000000000000000e+00 -1.154975599999999991e+00 -1.833619106362744904e+10 -1.918071718875946045e+09 6.683249998501098715e+06 3.921747149343754884e-07 -8.158350244629271328e+07 -8.089812136762100458e+07
4.850000000000000533e+00 0.000000000000000000e+00 0.000000000000000000e+00 -1.190304900000000110e+00 -1.898769164774721527e+10 -1.987501537920822859e+09 6.573881147851289250e+06 4.076753062473535533e-07 -8.388515465110808611e+07 -8.316106312331752479e+07
4.899999999999999467e+00 0.000000000000000000e+00 0.000000000000000000e+00 -1.220443399999999956e+00 -1.950094021343672943e+10 -2.043916849357272863e+09 6.466302076947243884e+06 4.178561618283557199e-07 -8.594858678007809818e+07 -8.514333585140918195e+07
4.950000000000000178e+00 0.000000000000000000e+00 0.000000000000000000e+00 -1.245342299999999902e+00 -1.986020739063254547e+10 -2.085058147414109468e+09 6.360483496722149663e+06 4.258881260376781849e-07 -8.781110620740804076e+07 -8.690089505239821970e+07
5.000000000000000000e+00 0.000000000000000000e+00 0.000000000000000000e+00 -1.264950699999999983e+00 -2.007163335713243103e+10 -2.110639703521881342e+09 6.256396597413934767e+06 4.315126039379818890e-07 -8.944524789181096852e+07 -8.842818927723032236e+07
5.049999999999999822e+00 0.000000000000000000e+00 0.000000000000000000e+00 -1.279206700000000030e+00 -2.016230798010571671e+10 -2.122578187072096109e+09 6.154013040721636266e+06 4.338579312643256912e-07 -9.077832436163716018e+07 -8.967814601935076714e+07
5.100000000000000533e+00 0.000000000000000000e+00 0.000000000000000000e+00 -1.288042499999999979e+00 -2.017181135803628540e+10 -2.124387744833484173e+09 6.053304952090029605e+06 4.329751888824300484e-07 -9.170878941253492236e+07 -9.057398494002081454e+07
5.150000000000000355e+00 0.000000000000000000e+00 0.000000000000000000e+00 -1.291396299999999941e+00 -2.014025898212830353e+10 -2.119977664734301805e+09 5.954244913120463490e+06 4.317461069561434907e-07 -9.212938775456815958e+07 -9.101809998800855875e+07
5.200000000000000178e+00 0.000000000000000000e+00 0.000000000000000000e+00 -1.289222799999999891e+00 -2.009504467226277161e+10 -2.112456932899282217e+09 5.856805954105853103e+06 4.319953562119193243e-07 -9.197623772025285661e+07 -9.094114641119860113e+07
5.250000000000000000e+00 0.000000000000000000e+00 0.000000000000000000e+00 -1.281508599999999998e+00 -2.004281301208264923e+10 -2.103259118885072231e+09 5.760961546687904745e+06 4.293787315707604460e-07 -9.123255803919534385e+07 -9.030828090032427013e+07
5.299999999999999822e+00 0.000000000000000000e+00 0.000000000000000000e+00 -1.268285700000000071e+00 -1.996448560821388626e+10 -2.091420679317174673e+09 5.666685596634522080e+06 4.287728997304566778e-07 -8.995497119333770871e+07 -8.915088785429596901e+07
5.349999999999999645e+00 0.000000000000000000e+00 0.000000000000000000e+00 -1.249632800000000099e+00 -1.982287784814902878e+10 -2.074019435466068745e+09 5.573952436735563911e+06 4.244534469718275544e-07 -8.824901062586648762e+07 -8.754213312575981021e+07
5.400000000000000355e+00 0.000000000000000000e+00 0.000000000000000000e+00 -1.225667000000000062e+00 -1.957079050671374130e+10 -2.046992456919905424e+09 5.482736819814885035e+06 4.177173620954854125e-07 -8.624066090445178747e+07 -8.557750315833616257e+07
5.450000000000000178e+00 0.000000000000000000e+00 0.000000000000000000e+00 -1.196533899999999928e+00 -1.916913420457223892e+10 -2.006432118921675682e+09 5.393013911856851541e+06 4.085957678440898154e-07 -8.403449449382840097e+07 -8.335817238302333653e+07
5.500000000000000000e+00 0.000000000000000000e+00 0.000000000000000000e+00 -1.162393000000000010e+00 -1.859913226892134476e+10 -1.950046393498396158e+09 5.304759285245297477e+06 3.986872819170595586e-07 -8.169822141872602701e+07 -8.095404058866952360e+07
5.549999999999999822e+00 0.000000000000000000e+00 0.000000000000000000e+00 -1.123400399999999966e+00 -1.787132932486027527e+10 -1.877901010606009245e+09 5.217948912113056518e+06 3.841914128849442771e-07 -7.920581927419316769e+07 -7.836959806273423135e+07
5.599999999999999645e+00 0.000000000000000000e+00 0.000000000000000000e+00 -1.079700399999999894e+00 -1.702271541567943954e+10 -1.792693360009377718e+09 5.132559157800250687e+06 3.648535851877496927e-07 -7.648181752108544111e+07 -7.556149054683558643e+07
5.649999999999999467e+00 0.000000000000000000e+00 0.000000000000000000e+00 -1.031429099999999988e+00 -1.610732338359457779e+10 -1.698905968093680143e+09 5.048566774419480003e+06 3.463443912850417372e-07 -7.339847323661246896e+07 -7.244116908102162182e+07
5.700000000000000178e+00 0.000000000000000000e+00 0.000000000000000000e+00 -9.787219200000000230e-01 -1.517771919041755486e+10 -1.601233011323936462e+09 4.965948894526219927e+06 3.276278371876908726e-07 -6.985387768254852295e+07 -6.892672433181910217e+07
5.750000000000000000e+00 0.000000000000000000e+00 0.000000000000000000e+00 -9.217255600000000548e-01 -1.426863666824083710e+10 -1.503285811629531145e+09 4.884683024892842397e+06 3.071645291697051388e-07 -6.578542910203225166e+07 -6.495608716841588169e+07
5.799999999999999822e+00 0.000000000000000000e+00 0.000000000000000000e+00 -8.606129200000000035e-01 -1.338600083666520500e+10 -1.406401908223494530e+09 4.804747040384531021e+06 2.870392476333505457e-07 -6.120348925770666450e+07 -6.053105218697066605e+07
5.850000000000000533e+00 0.000000000000000000e+00 0.000000000000000000e+00 -7.955942999999999765e-01 -1.250725560763611984e+10 -1.309395750739536762e+09 4.726119177935554646e+06 2.674547076759983648e-07 -5.619982134692305326e+07 -5.570750725508904457e+07
5.899999999999999467e+00 0.000000000000000000e+00 0.000000000000000000e+00 -7.269184699999999832e-01 -1.158937662857058144e+10 -1.209113558125741005e+09 4.648778030624226667e+06 2.469570173396921488e-07 -5.091408623774351925e+07 -5.058425682931831479e+07
5.950000000000000178e+00 0.000000000000000000e+00 0.000000000000000000e+00 -6.548675999999999942e-01 -1.058458423407794189e+10 -1.101767488996778011e+09 4.572702541844932362e+06 2.253214283484038159e-07 -4.549456435453940928e+07 -4.527536506495781243e+07
6.000000000000000000e+00 0.000000000000000000e+00 0.000000000000000000e+00 -5.797482200000000363e-01 -9.457256514940973282e+09 -9.840822874896754026e+08 4.497871999575499445e+06 2.003583470566748567e-07 -4.005635539384575933e+07 -3.987761966778281331e+07
6.049999999999999822e+00 0.000000000000000000e+00 0.000000000000000000e+00 -5.018765099999999979e-01 -8.196326628949954033e+09 -8.546896717697796822e+08 4.424266030738418922e+06 1.743476140623617650e-07 -3.465276050879736245e+07 -3.444528963422003388e+07
6.100000000000000533e+00 0.000000000000000000e+00 0.000000000000000000e+00 -4.215633100000000244e-01 -6.818197972401267052e+09 -7.144083114826241732e+08 4.351864595654171892e+06 1.460394575868059153e-07 -2.926669422340351343e+07 -2.898494292668379471e+07
6.150000000000000355e+00 0.000000000000000000e+00 0.000000000000000000e+00 -3.391067700000000018e-01 -5.363898820666118622e+09 -5.662091793501741886e+08 4.280647982585311867e+06 1.159337678686630449e-07 -2.382313559630282596e+07 -2.345815599817310646e+07
6.200000000000000178e+00 0.000000000000000000e+00 0.000000000000000000e+00 -2.547909500000000160e-01 -3.885649376919276714e+09 -4.142486900420962572e+08 4.210596802369646728e+06 8.481793427077058320e-08 -1.822220028489641100e+07 -1.780425970190345123e+07
6.250000000000000000e+00 0.000000000000000000e+00 0.000000000000000000e+00 -1.688878699999999955e-01 -2.433104952644647598e+09 -2.627630817227045298e+08 4.141691983141280245e+06 5.410964333002443269e-08 -1.237576534034684859e+07 -1.196576628042543679e+07
6.299999999999999822e+00 0.000000000000000000e+00 0.000000000000000000e+00 -8.166507500000000364e-02 -1.039383673050302148e+09 -1.149139262507574111e+08 4.073914765138014220e+06 2.363119491577603420e-08 -6.234716029347925447e+06 -5.909016507675434463e+06
6.349999999999999645e+00 0.000000000000000000e+00 0.000000000000000000e+00 6.602158399999999601e-03 2.868199983446364403e+08 2.797325542479307577e+07 4.007246695593772456e+06 -5.385225279097625452e-09 1.050587043175616272e+05 2.955268873815772240e+05
6.400000000000000355e+00 0.000000000000000000e+00 0.000000000000000000e+00 9.562078400000000034e-02 1.561715472491328478e+09 1.665813411597848237e+08 3.941669623714704532e+06 -3.357191227521716059e-08 6.738411061494251713e+06 6.730109443416810594e+06
6.450000000000000178e+00 0.000000000000000000e+00 0.000000000000000000e+00 1.850749700000000053e-01 2.819543781863869667e+09 3.031902431788430810e+08 3.877165695737589616e+06 -6.142923662576696031e-08 1.340681543394340388e+07 1.319957667524184473e+07
6.500000000000000000e+00 0.000000000000000000e+00 0.000000000000000000e+00 2.746250199999999975e-01 4.100723523101389408e+09 4.407831809821844101e+08 3.813717350069166161e+06 -8.923154759892979632e-08 2.001069424630634487e+07 1.963592945868740976e+07
6.550000000000000711e+00 0.000000000000000000e+00 0.000000000000000000e+00 3.639126200000000200e-01 5.438144730821211815e+09 5.820342214205979109e+08 3.751307312505037524e+06 -1.179767363603067393e-07 2.644161922660001740e+07 2.595751255587592721e+07
6.599999999999999645e+00 0.000000000000000000e+00 0.000000000000000000e+00 4.525733399999999906e-01 6.846405914828442574e+09 7.282560762792218924e+08 3.689918591526801698e+06 -1.477451403185713766e-07 3.263656194172416627e+07 3.211360095871181786e+07
6.649999999999999467e+00 0.000000000000000000e+00 0.000000000000000000e+00 5.402505699999999855e-01 8.316037196064002991e+09 8.789883716640102863e+08 3.629534473676070571e+06 -1.789096138342051934e-07 3.859265142247983068e+07 3.809135927247249335e+07
6.700000000000000178e+00 0.000000000000000000e+00 0.000000000000000000e+00 6.266067199999999504e-01 9.814696510105770111e+09 1.031842948641609073e+09 3.570138519004135393e+06 -2.102029324012561677e-07 4.435821561628825217e+07 4.391484181385388225e+07
6.750000000000000000e+00 0.000000000000000000e+00 0.000000000000000000e+00 7.113312600000000208e-01 1.129586323485787010e+10 1.183242261613392591e+09 3.511714556595993228e+06 -2.407906854637289633e-07 5.001435002479755133e+07 4.963045356083142757e+07
6.799999999999999822e+00 0.000000000000000000e+00 0.000000000000000000e+00 7.941434000000000548e-01 1.271101768497250366e+10 1.329279272511348009e+09 3.454246680167580955e+06 -2.706666982471521577e-07 5.564261763823890686e+07 5.528398457881595939e+07
6.850000000000000533e+00 0.000000000000000000e+00 0.000000000000000000e+00 8.747861099999999501e-01 1.402299793675104713e+10 1.466821946251887083e+09 3.397719243735029362e+06 -2.989313873399062677e-07 6.129497274917971343e+07 6.090193261046162248e+07
6.899999999999999467e+00 0.000000000000000000e+00 0.000000000000000000e+00 9.530140599999999962e-01 1.521592908335452843e+10 1.594283858602764845e+09 3.342116857354840264e+06 -3.245590841288062373e-07 6.697228976270171255e+07 6.647613916610852629e+07
6.949999999999999289e+00 0.000000000000000000e+00 0.000000000000000000e+00 1.028581500000000037e+00 1.629874249265024757e+10 1.712067142035382271e+09 3.287424382933819201e+06 -3.484742140280010923e-07 7.261212679453767836e+07 7.195768943510510027e+07
7.000000000000000000e+00 0.000000000000000000e+00 0.000000000000000000e+00 1.101232599999999895e+00 1.730073503102735138e+10 1.822095224969036579e+09 3.233626930107690394e+06 -3.712525108872026826e-07 7.812001170033656061e+07 7.727666952903759480e+07
7.049999999999999822e+00 0.000000000000000000e+00 0.000000000000000000e+00 1.170696699999999923e+00 1.826153064423868942e+10 1.927248141244579792e+09 3.180709852187204175e+06 -3.929948789113639750e-07 8.335726916423009336e+07 8.233188351581162214e+07
7.100000000000000533e+00 0.000000000000000000e+00 0.000000000000000000e+00 1.236692200000000019e+00 1.921754903343644333e+10 2.030157962988525391e+09 3.128658742170644458e+06 -4.133261826813032516e-07 8.821612056034116447e+07 8.705347938103461266e+07
7.150000000000000355e+00 0.000000000000000000e+00 0.000000000000000000e+00 1.298937500000000078e+00 2.018857583255588150e+10 2.132226810948024035e+09 3.077459428821589332e+06 -4.333962239324629567e-07 9.262773092386974394e+07 9.139502166646710038e+07
7.200000000000000178e+00 0.000000000000000000e+00 0.000000000000000000e+00 1.357164400000000049e+00 2.117225172785960388e+10 2.233179389128236771e+09 3.027097972810763400e+06 -4.550048847567276079e-07 9.657230265152060986e+07 9.534918128164407611e+07
7.250000000000000000e+00 0.000000000000000000e+00 0.000000000000000000e+00 1.411132199999999948e+00 2.214325307981932449e+10 2.331027686061458588e+09 2.977560662920978386e+06 -4.761696444252111621e-07 1.001027646875772625e+08 9.894739011665901542e+07
7.299999999999999822e+00 0.000000000000000000e+00 0.000000000000000000e+00 1.460636899999999905e+00 2.306003912383063126e+10 2.422616801462032795e+09 2.928834012314102147e+06 -4.933874298018183721e-07 1.032976452390972823e+08 1.022420025831733644e+08
7.349999999999999645e+00 0.000000000000000000e+00 0.000000000000000000e+00 1.505515699999999901e+00 2.387899423472621536e+10 2.504637397450416088e+09 2.880904754859021399e+06 -5.112498631295422623e-07 1.062491331274003386e+08 1.052829694255370945e+08
7.400000000000000355e+00 0.000000000000000000e+00 0.000000000000000000e+00 1.545641100000000101e+00 2.456461818799146652e+10 2.574521976523231506e+09 2.833759841519738082e+06 -5.238859775420202271e-07 1.090205806345735192e+08 1.081026967623773068e+08
7.450000000000000178e+00 0.000000000000000000e+00 0.000000000000000000e+00 1.580911299999999908e+00 2.510158271887068939e+10 2.631255343019111156e+09 2.787386436802565120e+06 -5.352599328200360036e-07 1.116312440041539818e+08 1.106942248619127870e+08
7.500000000000000000e+00 0.000000000000000000e+00 0.000000000000000000e+00 1.611238299999999901e+00 2.549587348722136307e+10 2.675398770993269920e+09 2.741771915261562448e+06 -5.475810248947838400e-07 1.140384332016661465e+08 1.130185314438970238e+08
7.550000000000000711e+00 0.000000000000000000e+00 0.000000000000000000e+00 1.636536599999999897e+00 2.577250544056254959e+10 2.708906085202191830e+09 2.696903858061217703e+06 -5.523149778552711918e-07 1.161624176922964603e+08 1.150059527897555232e+08
7.599999999999999645e+00 0.000000000000000000e+00 0.000000000000000000e+00 1.656716800000000100e+00 2.596668396486290359e+10 2.734243611732052326e+09 2.652770049595456570e+06 -5.571008225109834744e-07 1.179052372465247214e+08 1.165881130421683639e+08
7.649999999999999467e+00 0.000000000000000000e+00 0.000000000000000000e+00 1.671685899999999947e+00 2.611373169692384338e+10 2.753732647398387432e+09 2.609358474161957391e+06 -5.614048664794986881e-07 1.191661273798434585e+08 1.177133986687969714e+08
7.700000000000000178e+00 0.000000000000000000e+00 0.000000000000000000e+00 1.681353600000000004e+00 2.623750830991484070e+10 2.768745294222714424e+09 2.566657312690937892e+06 -5.653365182935593059e-07 1.198891379540016651e+08 1.183538308525681347e+08
7.750000000000000000e+00 0.000000000000000000e+00 0.000000000000000000e+00 1.685643999999999920e+00 2.634477381169581223e+10 2.779343474701135635e+09 2.524654939527393319e+06 -5.642147250242923575e-07 1.200573917754483521e+08 1.185248452155728340e+08
7.799999999999999822e+00 0.000000000000000000e+00 0.000000000000000000e+00 1.684507399999999988e+00 2.642095749792147827e+10 2.784154798252359867e+09 2.483339919265975710e+06 -5.672837039807105428e-07 1.197228446672347337e+08 1.182743673693432510e+08
7.849999999999999645e+00 0.000000000000000000e+00 0.000000000000000000e+00 1.677931300000000014e+00 2.643640544658906555e+10 2.780872607415666580e+09 2.442701003637551796e+06 -5.654236255916731179e-07 1.189647984883631021e+08 1.176594283057277203e+08
7.900000000000000355e+00 0.000000000000000000e+00 0.000000000000000000e+00 1.665944199999999986e+00 2.635500391302578354e+10 2.767073022258739948e+09 2.402727128446695860e+06 -5.617754124536452487e-07 1.178825549972358793e+08 1.167388939814301580e+08
7.950000000000000178e+00 0.000000000000000000e+00 0.000000000000000000e+00 1.648612299999999919e+00 2.614502224275710678e+10 2.740947881959897041e+09 2.363407410559280775e+06 -5.605551219407617168e-07 1.165484241223259866e+08 1.155488588693340868e+08
8.000000000000000000e+00 0.000000000000000000e+00 0.000000000000000000e+00 1.626030099999999923e+00 2.579091658756494141e+10 2.702002521607544899e+09 2.324731144939355552e+06 -5.498371201180996736e-07 1.149961437375263721e+08 1.140873335879466087e+08
8.050000000000000711e+00 0.000000000000000000e+00 0.000000000000000000e+00 1.598308599999999968e+00 2.529697321910433960e+10 2.651259803673120975e+09 2.286687801734608132e+06 -5.397050183648416413e-07 1.132224731740862131e+08 1.123173837109171003e+08
8.099999999999999645e+00 0.000000000000000000e+00 0.000000000000000000e+00 1.565562300000000073e+00 2.468555226443466568e+10 2.590691913085503578e+09 2.249267023409597110e+06 -5.276059748826885921e-07 1.111548085965653360e+08 1.101889468845481575e+08
8.149999999999998579e+00 0.000000000000000000e+00 0.000000000000000000e+00 1.527900500000000106e+00 2.398972991879627228e+10 2.522742975822355747e+09 2.212458621925927233e+06 -5.149382960688035765e-07 1.087254391957069188e+08 1.076433309799182415e+08
8.200000000000001066e+00 0.000000000000000000e+00 0.000000000000000000e+00 1.485425500000000065e+00 2.324169372025775528e+10 2.449312951649548531e+09 2.176252575968628749e+06 -4.989263950286843808e-07 1.058635634641127139e+08 1.046598824268139154e+08
8.250000000000000000e+00 0.000000000000000000e+00 0.000000000000000000e+00 1.438236800000000093e+00 2.246523660340052795e+10 2.371352788666692257e+09 2.140639028217865620e+06 -4.834518365637575954e-07 1.025320604328808337e+08 1.012454536023693085e+08
8.300000000000000711e+00 0.000000000000000000e+00 0.000000000000000000e+00 1.386441299999999988e+00 2.166746995088219833e+10 2.288582621877946854e+09 2.105608282665275037e+06 -4.660093730452298427e-07 9.874196619660529494e+07 9.745304817474696040e+07
8.349999999999999645e+00 0.000000000000000000e+00 0.000000000000000000e+00 1.330165800000000065e+00 2.084141268623255920e+10 2.199899757929041386e+09 2.071150801974128000e+06 -4.482019814206786910e-07 9.455132759300267696e+07 9.333576239039483666e+07
8.400000000000000355e+00 0.000000000000000000e+00 0.000000000000000000e+00 1.269567899999999971e+00 1.996862766939403152e+10 2.103932327279054165e+09 2.037257204882670892e+06 -4.282211524275070069e-07 9.002666372699780762e+07 8.896818781618101895e+07
8.449999999999999289e+00 0.000000000000000000e+00 0.000000000000000000e+00 1.204843799999999909e+00 1.902738401711024094e+10 1.999593256890223026e+09 2.003918263649928849e+06 -4.080102152357839006e-07 8.524849089970782399e+07 8.439229381970922649e+07
8.500000000000000000e+00 0.000000000000000000e+00 0.000000000000000000e+00 1.136228299999999969e+00 1.800110615135157013e+10 1.886705036573933125e+09 1.971124901543310611e+06 -3.843085701388078740e-07 8.027770319897927344e+07 7.962572471094267070e+07
8.550000000000000711e+00 0.000000000000000000e+00 0.000000000000000000e+00 1.063990200000000108e+00 1.688253260004862785e+10 1.765881771288458347e+09 1.938868190367406234e+06 -3.606942709405023584e-07 7.514780407356591523e+07 7.465880678969851136e+07
8.599999999999999645e+00 0.000000000000000000e+00 0.000000000000000000e+00 9.884210199999999835e-01 1.567556141354769897e+10 1.638466312328467369e+09 1.907139348033215851e+06 -3.336880805152886179e-07 6.985691925076954067e+07 6.946482418790487945e+07
8.650000000000000355e+00 0.000000000000000000e+00 0.000000000000000000e+00 9.098197799999999669e-01 1.439299191273090935e+10 1.505957792483697176e+09 1.875929736167243216e+06 -3.071684751840721615e-07 6.439889850041069090e+07 6.401729657133673877e+07
8.699999999999999289e+00 0.000000000000000000e+00 0.000000000000000000e+00 8.284794399999999559e-01 1.305271766455216980e+10 1.369594377523816824e+09 1.845230857759689447e+06 -2.795670017281721836e-07 5.874977079449833930e+07 5.831134388766373694e+07
8.750000000000000000e+00 0.000000000000000000e+00 0.000000000000000000e+00 7.446774600000000133e-01 1.167407515306778145e+10 1.230127013331939459e+09 1.815034354851131793e+06 -2.509464571174214438e-07 5.289593514867394418e+07 5.236401752286782861e+07
8.800000000000000711e+00 0.000000000000000000e+00 0.000000000000000000e+00 6.586731599999999798e-01 1.027404242991065788e+10 1.087766179034733057e+09 1.785332006257038563e+06 -2.209500538360109412e-07 4.683591735226128250e+07 4.621650402665574849e+07
8.849999999999999645e+00 0.000000000000000000e+00 0.000000000000000000e+00 5.707130299999999545e-01 8.866279865321023941e+09 9.425704893427362442e+08 1.756115725329471054e+06 -1.917154744549014452e-07 4.058279797029569745e+07 3.992305022758794576e+07
8.900000000000000355e+00 0.000000000000000000e+00 0.000000000000000000e+00 4.810424799999999945e-01 7.457372793500569344e+09 7.945636323845547438e+08 1.727377557755449554e+06 -1.605698971228840573e-07 3.416105123839499801e+07 3.353691611348130926e+07
8.949999999999999289e+00 0.000000000000000000e+00 0.000000000000000000e+00 3.899204399999999793e-01 6.050928882064194679e+09 6.439914945607866049e+08 1.699109679391304264e+06 -1.304195842017347126e-07 2.760391989485280961e+07 2.709903969628321752e+07
9.000000000000000000e+00 0.000000000000000000e+00 0.000000000000000000e+00 2.976321800000000239e-01 4.645098828828886032e+09 4.914881183914886117e+08 1.671304394132501911e+06 -1.000104743728741397e-07 2.095025692683891580e+07 2.063294905728123337e+07
9.050000000000000711e+00 0.000000000000000000e+00 0.000000000000000000e+00 2.044964599999999910e-01 3.234805374622488976e+09 3.377608173276229501e+08 1.643954131818342488e+06 -6.902307195539589865e-08 1.424205484038049169e+07 1.414562138353420794e+07
9.099999999999999645e+00 0.000000000000000000e+00 0.000000000000000000e+00 1.108641999999999961e-01 1.812452407506609201e+09 1.836355643997371793e+08 1.617051446170940530e+06 -3.744658755870019415e-08 7.523678547706302255e+06 7.636968297631228343e+06
9.150000000000000355e+00 0.000000000000000000e+00 0.000000000000000000e+00 1.710777200000000026e-02 3.710774112940574884e+08 2.965630709758958593e+07 1.590589012767933542e+06 -6.206031387350798279e-09 8.343457370737477904e+05 1.115329095755553339e+06
9.199999999999999289e+00 1.003844500000000039e-29 1.558252600000000126e-29 -7.639611799999999897e-02 -1.093378976005570412e+09 -1.238947720550974011e+08 1.564559627048364142e+06 2.521520651152380958e-08 -5.766243546778763644e+06 -5.431938644144703634e+06
9.250000000000000000e+00 0.000000000000000000e+00 0.000000000000000000e+00 -1.692848000000000130e-01 -2.579202644292169094e+09 -2.769297647767965794e+08 1.538956202351168264e+06 5.648940239814460049e-08 -1.227280877924822271e+07 -1.195308805489496142e+07
9.299999999999998934e+00 0.000000000000000000e+00 0.000000000000000000e+00 -2.612242699999999807e-01 -4.077089385615634918e+09 -4.293743047392450571e+08 1.513771767985766521e+06 8.784589458704009225e-08 -1.866051146967884526e+07 -1.842458451606243849e+07
9.350000000000001421e+00 0.000000000000000000e+00 0.000000000000000000e+00 -3.519159199999999932e-01 -5.570984479146265984e+09 -5.809082233240187168e+08 1.488999467334235553e+06 1.188520186629678937e-07 -2.492989999709110335e+07 -2.480708247760194540e+07
9.400000000000000355e+00 0.000000000000000000e+00 0.000000000000000000e+00 -4.410933300000000057e-01 -7.039450952870491982e+09 -7.309298072150317430e+08 1.464632555984552251e+06 1.493890278922654137e-07 -3.109508004160038382e+07 -3.106531435658714175e+07
9.449999999999999289e+00 0.000000000000000000e+00 0.000000000000000000e+00 -5.285101399999999616e-01 -8.461043055721137047e+09 -8.783390839056109190e+08 1.440664399894399103e+06 1.791860418516954835e-07 -3.717220132942335308e+07 -3.717195462364026159e+07
9.500000000000000000e+00 0.000000000000000000e+00 0.000000000000000000e+00 -6.139232999999999496e-01 -9.818903770783166885e+09 -1.021948866192050695e+09 1.417088473585053580e+06 2.090867501628343726e-07 -4.317065359738137573e+07 -4.310944528308842331e+07
9.549999999999998934e+00 0.000000000000000000e+00 0.000000000000000000e+00 -6.970770499999999759e-01 -1.110311740334409332e+10 -1.160501066561437130e+09 1.393898358364803717e+06 2.368342309945857977e-07 -4.908394010760242492e+07 -4.887013329615331441e+07
9.599999999999999645e+00 0.000000000000000000e+00 0.000000000000000000e+00 -7.776925999999999561e-01 -1.231483671418892860e+10 -1.293062829238850832e+09 1.371087740581469378e+06 2.641176308852176070e-07 -5.488434454717078805e+07 -5.445035040817759931e+07
9.650000000000000355e+00 0.000000000000000000e+00 0.000000000000000000e+00 -8.554671999999999832e-01 -1.346335349910109138e+10 -1.419167884043202162e+09 1.348650409903467866e+06 2.905260601675783181e-07 -6.052459217189792544e+07 -5.984584282914185524e+07
9.700000000000001066e+00 0.000000000000000000e+00 0.000000000000000000e+00 -9.300831499999999696e-01 -1.456420544456222153e+10 -1.538949230979495287e+09 1.326580257629016414e+06 3.130925683840875179e-07 -6.594338740496052057e+07 -6.504512626598116010e+07
9.750000000000000000e+00 0.000000000000000000e+00 0.000000000000000000e+00 -1.001223900000000055e+00 -1.563353700683152390e+10 -1.652981313892822981e+09 1.304871275022957241e+06 3.368816266222272848e-07 -7.107694694376292825e+07 -7.002912100074881315e+07
9.799999999999998934e+00 0.000000000000000000e+00 0.000000000000000000e+00 -1.068592999999999904e+00 -1.668324961820263863e+10 -1.762072331035454750e+09 1.283517551680800039e+06 3.591612131543217806e-07 -7.586873232167518139e+07 -7.476645025231160223e+07
9.849999999999999645e+00 0.000000000000000000e+00 0.000000000000000000e+00 -1.131930300000000056e+00 -1.771532278304183578e+10 -1.866776854741519928e+09 1.262513273919517873e+06 3.817521721024041968e-07 -8.028982709221383929e+07 -7.922909218184503913e+07
9.900000000000000355e+00 0.000000000000000000e+00 0.000000000000000000e+00 -1.191021799999999908e+00 -1.871983561576546860e+10 -1.967066712657110214e+09 1.241852723194691818e+06 4.015975334417202115e-07 -8.433423266571222246e+07 -8.338053694695855677e+07
9.950000000000001066e+00 0.000000000000000000e+00 0.000000000000000000e+00 -1.245699499999999960e+00 -1.967427108378997803e+10 -2.062119855962338448e+09 1.221530274543590378e+06 4.194752433567951032e-07 -8.803081773925735056e+07 -8.721605342301401496e+07
1.000000000000000000e+01 0.000000000000000000e+00 0.000000000000000000e+00 -1.295831699999999920e+00 -2.054996300858285141e+10 -2.150308120823327065e+09 1.201540395053760614e+06 4.384539785167468915e-07 -9.142044929118090868e+07 -9.071631868852356076e+07
1.005000000000000071e+01 0.000000000000000000e+00 0.000000000000000000e+00 -1.341307299999999980e+00 -2.131807101966364670e+10 -2.229771305501599789e+09 1.181877642356744502e+06 4.552178638149253160e-07 -9.455245170706191659e+07 -9.388601779369550943e+07
1.009999999999999964e+01 0.000000000000000000e+00 0.000000000000000000e+00 -1.382018200000000085e+00 -2.195928334923088837e+10 -2.298825563428060532e+09 1.162536663146435050e+06 4.680570766401491250e-07 -9.744874980417329073e+07 -9.673527327571900189e+07
1.014999999999999858e+01 0.000000000000000000e+00 0.000000000000000000e+00 -1.417845999999999940e+00 -2.246921379955653381e+10 -2.356609260434086323e+09 1.143512191721687093e+06 4.795339370623482896e-07 -1.001068728449591696e+08 -9.925715378910747170e+07
1.020000000000000107e+01 0.000000000000000000e+00 0.000000000000000000e+00 -1.448656399999999955e+00 -2.286048779458614731e+10 -2.403252800844972610e+09 1.124799048552721972e+06 4.900354361655312817e-07 -1.024938156023188978e+08 -1.014444567600278407e+08
1.025000000000000000e+01 0.000000000000000000e+00 0.000000000000000000e+00 -1.474303499999999989e+00 -2.315737170591817093e+10 -2.439849502919752121e+09 1.106392138870938215e+06 4.988346974217507994e-07 -1.045399572222313285e+08 -1.032850926766541600e+08
1.030000000000000071e+01 0.000000000000000000e+00 0.000000000000000000e+00 -1.494642800000000049e+00 -2.338992922840818405e+10 -2.467990355397120476e+09 1.088286451281759189e+06 5.025953091239761800e-07 -1.061740515303438157e+08 -1.047515658554860950e+08
1.034999999999999964e+01 0.000000000000000000e+00 0.000000000000000000e+00 -1.509548600000000018e+00 -2.358299408096059418e+10 -2.489239775575954914e+09 1.070477056400154484e+06 5.075217038725525325e-07 -1.073286689602282345e+08 -1.058283712582783252e+08
1.040000000000000036e+01 0.000000000000000000e+00 0.000000000000000000e+00 -1.518931999999999949e+00 -2.374864019519071960e+10 -2.504576678408943653e+09 1.052959105508500244e+06 5.111734623317041926e-07 -1.079760642266082615e+08 -1.064984366513360143e+08
1.044999999999999929e+01 0.000000000000000000e+00 0.000000000000000000e+00 -1.522753000000000023e+00 -2.388193762149748230e+10 -2.514080991897710800e+09 1.035727829236442107e+06 5.132161627840094475e-07 -1.081210277135393322e+08 -1.067662935513030291e+08
1.050000000000000000e+01 0.000000000000000000e+00 0.000000000000000000e+00 -1.521024799999999955e+00 -2.396296373648670959e+10 -2.516882486767592430e+09 1.018778536262406851e+06 5.145758896879434400e-07 -1.078059757717057168e+08 -1.066323038342079669e+08
1.055000000000000071e+01 0.000000000000000000e+00 0.000000000000000000e+00 -1.513807600000000031e+00 -2.396078240684448242e+10 -2.511389533041187763e+09 1.002106612036405946e+06 5.133579937888138428e-07 -1.070898533433217555e+08 -1.061129711943003237e+08
1.059999999999999964e+01 0.000000000000000000e+00 0.000000000000000000e+00 -1.501194499999999987e+00 -2.384415258194626236e+10 -2.495766698658937931e+09 9.857075175237817457e+05 5.083338642053775250e-07 -1.060538950714837611e+08 -1.052269907631979585e+08
1.065000000000000036e+01 0.000000000000000000e+00 0.000000000000000000e+00 -1.483293900000000054e+00 -2.358938707679434586e+10 -2.468521177320010185e+09 9.695767879695220618e+05 5.039656944093330421e-07 -1.047487577485923469e+08 -1.039865857154509574e+08
1.069999999999999929e+01 0.000000000000000000e+00 0.000000000000000000e+00 -1.460212400000000077e+00 -2.318856466127964783e+10 -2.429007565746365547e+09 9.537100316827807110e+05 4.968439309919924282e-07 -1.032040546194622219e+08 -1.024049195048568249e+08
1.075000000000000000e+01 0.000000000000000000e+00 0.000000000000000000e+00 -1.432042700000000002e+00 -2.265222077005249786e+10 -2.377596922163527489e+09 9.381029288412395399e+05 4.858866668906140575e-07 -1.014101594208752811e+08 -1.004936089065358043e+08
1.080000000000000071e+01 0.000000000000000000e+00 0.000000000000000000e+00 -1.398862100000000108e+00 -2.200703475668241119e+10 -2.315689746180444241e+09 9.227512303150012158e+05 4.712776057458706539e-07 -9.932393869875656068e+07 -9.823648692190532386e+07
1.084999999999999964e+01 0.000000000000000000e+00 0.000000000000000000e+00 -1.360739099999999979e+00 -2.128915946213415146e+10 -2.245420852077452660e+09 9.076507565096780891e+05 4.571858571853353476e-07 -9.687443738418339193e+07 -9.562758762114933133e+07
1.090000000000000036e+01 0.000000000000000000e+00 0.000000000000000000e+00 -1.317749700000000024e+00 -2.053504656429058456e+10 -2.169137277872997284e+09 8.927973962283822475e+05 4.423006420684206046e-07 -9.399793341034425795e+07 -9.266167638301904500e+07
1.094999999999999929e+01 0.000000000000000000e+00 0.000000000000000000e+00 -1.269995399999999997e+00 -1.977089597219243240e+10 -2.088709159987309694e+09 8.781871055523179239e+05 4.252228527395114464e-07 -9.064767823629735410e+07 -8.932272724492825568e+07
1.100000000000000000e+01 0.000000000000000000e+00 0.000000000000000000e+00 -1.217619699999999971e+00 -1.900536338404156494e+10 -2.004997339034158468e+09 8.638159067397193285e+05 4.093707795535964210e-07 -8.681970737249895930e+07 -8.561891671336393058e+07
1.105000000000000071e+01 0.000000000000000000e+00 0.000000000000000000e+00 -1.160815699999999895e+00 -1.822632786999940872e+10 -1.917672123302325726e+09 8.496798871428581188e+05 3.916041312170189890e-07 -8.255432764215867221e+07 -8.156182134401567280e+07
1.109999999999999964e+01 0.000000000000000000e+00 0.000000000000000000e+00 -1.099823400000000007e+00 -1.740461409428722382e+10 -1.825166241905666113e+09 8.357751981428128202e+05 3.713434910511033503e-07 -7.793157203204281628e+07 -7.720269571511530876e+07
1.115000000000000036e+01 0.000000000000000000e+00 0.000000000000000000e+00 -1.034916500000000017e+00 -1.650267059931700134e+10 -1.725256964342483521e+09 8.220980541017520009e+05 3.524751596945257826e-07 -7.306421153967800736e+07 -7.257882992879427969e+07
1.119999999999999929e+01 0.000000000000000000e+00 0.000000000000000000e+00 -9.663818400000000475e-01 -1.548725866523094368e+10 -1.615933591860251904e+09 8.086447313324038405e+05 3.301811356064840577e-07 -6.805326749248248339e+07 -6.774015303738018870e+07
1.125000000000000000e+01 0.000000000000000000e+00 0.000000000000000000e+00 -8.944986999999999799e-01 -1.434023678037477303e+10 -1.496082531927700520e+09 7.954115670843698317e+05 3.058703480144381170e-07 -6.297110547224090993e+07 -6.272592424104429036e+07
1.129999999999999893e+01 0.000000000000000000e+00 0.000000000000000000e+00 -8.195231600000000283e-01 -1.306768752229956055e+10 -1.366118418136130810e+09 7.823949585470134625e+05 2.797923412756745633e-07 -5.783325340751259774e+07 -5.754737980534720421e+07
1.135000000000000142e+01 0.000000000000000000e+00 0.000000000000000000e+00 -7.416831999999999869e-01 -1.169934587046957779e+10 -1.228116899209251165e+09 7.695913618685816182e+05 2.497886681602114654e-07 -5.260363251542662829e+07 -5.219480625511984527e+07
1.140000000000000036e+01 0.000000000000000000e+00 0.000000000000000000e+00 -6.611858299999999744e-01 -1.028203410017304420e+10 -1.085332155913948774e+09 7.569972911912974669e+05 2.214591221338993030e-07 -4.720345356988367438e+07 -4.664263282436966151e+07
1.144999999999999929e+01 0.000000000000000000e+00 0.000000000000000000e+00 -5.782344099999999765e-01 -8.865959932540025711e+09 -9.412340037136063576e+08 7.446093177021640586e+05 1.922576907891808225e-07 -4.154297878800875694e+07 -4.086238834318654239e+07
1.150000000000000000e+01 0.000000000000000000e+00 0.000000000000000000e+00 -4.930505099999999974e-01 -7.490130692627001762e+09 -7.986001846755852699e+08 7.324240686993078561e+05 1.627333021348883184e-07 -3.555752893409006298e+07 -3.484330884736863524e+07
1.154999999999999893e+01 0.000000000000000000e+00 0.000000000000000000e+00 -4.058933100000000072e-01 -6.171346572661554337e+09 -6.585707554573923349e+08 7.204382266736027086e+05 1.346255350904916379e-07 -2.923629361915564910e+07 -2.860396249344604835e+07
1.159999999999999964e+01 0.000000000000000000e+00 0.000000000000000000e+00 -3.170700799999999764e-01 -4.899047760078842163e+09 -5.204401427479044795e+08 7.086485284054195508e+05 1.061658323536521359e-07 -2.263531445732092112e+07 -2.219580274412021786e+07
1.165000000000000036e+01 0.000000000000000000e+00 0.000000000000000000e+00 -2.269339499999999954e-01 -3.639125066982779503e+09 -3.819569687356341481e+08 6.970517640762379160e+05 7.828561143152370977e-08 -1.586693502213206328e+07 -1.569573027221952379e+07
1.170000000000000107e+01 0.000000000000000000e+00 0.000000000000000000e+00 -1.358690200000000070e-01 -2.347821492823812485e+09 -2.402002199579998255e+08 6.856447763948910870e+05 4.914009391215213399e-08 -9.073437864806815982e+06 -9.185854942162478343e+06
1.175000000000000000e+01 9.921230400000000397e-30 0.000000000000000000e+00 -4.426716399999999774e-02 -9.858124333543808460e+08 -9.283459273387396336e+07 6.744244597381476779e+05 1.911207810187652813e-08 -2.385848877020973247e+06 -2.734171732456905302e+06
1.179999999999999893e+01 0.000000000000000000e+00 0.000000000000000000e+00 4.749676600000000276e-02 4.664721863141071796e+08 6.099971446031998098e+07 6.633877593053336022e+05 -1.229912178308172185e-08 4.129995623921286315e+06 3.634954988941899501e+06
1.184999999999999964e+01 0.000000000000000000e+00 0.000000000000000000e+00 1.390836500000000031e-01 2.001428943155355215e+09 2.201884045030550063e+08 6.525316702867199201e+05 -4.480232028023105267e-08 1.042047026048909873e+07 9.908811213514398783e+06
1.190000000000000036e+01 0.000000000000000000e+00 0.000000000000000000e+00 2.301975199999999888e-01 3.585357497545325756e+09 3.818419447147498131e+08 6.418532370454226620e+05 -7.781832095420107627e-08 1.655803214983225614e+07 1.613228123166747205e+07
1.195000000000000107e+01 0.000000000000000000e+00 0.000000000000000000e+00 3.205797300000000072e-01 5.168182340164472580e+09 5.420760824477616549e+08 6.313495523126026383e+05 -1.103661543326112565e-07 2.262470204989007115e+07 2.234843701873095334e+07
1.200000000000000000e+01 0.000000000000000000e+00 0.000000000000000000e+00 4.099922200000000183e-01 6.696173549616189003e+09 6.970288740626782179e+08 6.210177563957943348e+05 -1.420209121946546531e-07 2.871356095686608553e+07 2.859089859851750731e+07
1.205000000000000071e+01 0.000000000000000000e+00 0.000000000000000000e+00 4.981954100000000052e-01 8.128952472687862396e+09 8.440636341464349031e+08 6.108550364001577254e+05 -1.720477378349368985e-07 3.488837585732465982e+07 3.486283231946682930e+07
1.209999999999999964e+01 0.000000000000000000e+00 0.000000000000000000e+00 5.849277600000000188e-01 9.449396492443466187e+09 9.823030949815013409e+08 6.008586254625596339e+05 -2.002964050049551385e-07 4.115484425004756451e+07 4.112580709083932638e+07
1.214999999999999858e+01 0.000000000000000000e+00 0.000000000000000000e+00 6.698933900000000330e-01 1.066731650642895126e+10 1.112959687761130810e+09 5.910258019982319092e+05 -2.270859525552240988e-07 4.745221199583496898e+07 4.730673416090507060e+07
1.220000000000000107e+01 0.000000000000000000e+00 0.000000000000000000e+00 7.527617300000000178e-01 1.181561544798692894e+10 1.238662963983604670e+09 5.813538889598804526e+05 -2.533765443542808144e-07 5.366654018638738245e+07 5.331038445122470707e+07
1.225000000000000000e+01 0.000000000000000000e+00 0.000000000000000000e+00 8.331793499999999852e-01 1.293793393654547691e+10 1.362570853642945766e+09 5.718402531089750119e+05 -2.786299493998297543e-07 5.965993074007215351e+07 5.904585396060945094e+07
1.230000000000000071e+01 0.000000000000000000e+00 0.000000000000000000e+00 9.107908200000000010e-01 1.407357987422479248e+10 1.487142962648970127e+09 5.624823042990074027e+05 -3.034208510931168364e-07 6.530672762053862959e+07 6.444909135491507500e+07
1.234999999999999964e+01 0.000000000000000000e+00 0.000000000000000000e+00 9.852621900000000377e-01 1.524393884639341354e+10 1.613187305076262951e+09 5.532774947704527294e+05 -3.297361588535598385e-07 7.053281381833995879e+07 6.949956395531257987e+07
1.240000000000000036e+01 0.000000000000000000e+00 0.000000000000000000e+00 1.056300500000000087e+00 1.644408598351172066e+10 1.739332449945366383e+09 5.442233184572090395e+05 -3.538571414663201971e-07 7.532240727094753087e+07 7.422498326206941903e+07
1.244999999999999929e+01 0.000000000000000000e+00 0.000000000000000000e+00 1.123663899999999938e+00 1.764324078583436203e+10 1.862420805299165249e+09 5.353173103042679140e+05 -3.800515008004870113e-07 7.973060597490330040e+07 7.868352122622938454e+07
1.250000000000000000e+01 0.000000000000000000e+00 0.000000000000000000e+00 1.187159599999999982e+00 1.879461067963940048e+10 1.978371679432216406e+09 5.265570455964682624e+05 -4.046974550130664330e-07 8.385227069044561684e+07 8.294185694228564203e+07
1.255000000000000071e+01 0.000000000000000000e+00 0.000000000000000000e+00 1.246631700000000009e+00 1.984852386383842850e+10 2.083363980447052240e+09 5.179401392981914105e+05 -4.241784437862336044e-07 8.778561092620208859e+07 8.704385438569413126e+07
1.259999999999999964e+01 0.000000000000000000e+00 0.000000000000000000e+00 1.301941199999999910e+00 2.076752951666356659e+10 2.175110266248903275e+09 5.094642454038389260e+05 -4.435823699767780359e-07 9.158671962387979031e+07 9.099466214464399219e+07
1.265000000000000036e+01 0.000000000000000000e+00 0.000000000000000000e+00 1.352946299999999935e+00 2.153735578064088058e+10 2.253394211949587345e+09 5.011270562990272301e+05 -4.591079663233084193e-07 9.527644989325411618e+07 9.475006300444088876e+07
1.269999999999999929e+01 0.000000000000000000e+00 0.000000000000000000e+00 1.399488400000000077e+00 2.216858147791640472e+10 2.320064781567405224e+09 4.929263021323151188e+05 -4.732205316347842441e-07 9.879998807600425184e+07 9.823116574356380105e+07
1.275000000000000000e+01 0.000000000000000000e+00 0.000000000000000000e+00 1.441386300000000009e+00 2.269224596492753220e+10 2.378293653889426708e+09 4.848597501973102917e+05 -4.856132858297076000e-07 1.020649665109038055e+08 1.013374578639030457e+08
1.280000000000000071e+01 0.000000000000000000e+00 0.000000000000000000e+00 1.478443100000000010e+00 2.314744742825168610e+10 2.431293546714147091e+09 4.769252043249694980e+05 -4.955597264143193738e-07 1.049608823370512277e+08 1.039955721140949130e+08
1.284999999999999964e+01 0.000000000000000000e+00 0.000000000000000000e+00 1.510461000000000054e+00 2.357022362252761078e+10 2.481433805481733322e+09 4.691205042858060915e+05 -5.056560959599075641e-07 1.073966720934356898e+08 1.061673996062605232e+08
1.290000000000000036e+01 0.000000000000000000e+00 0.000000000000000000e+00 1.537261200000000105e+00 2.397952327581245422e+10 2.529100237635975838e+09 4.614435252019145410e+05 -5.167811126366466487e-07 1.093068944519281238e+08 1.078515860565985739e+08
1.294999999999999929e+01 0.000000000000000000e+00 0.000000000000000000e+00 1.558703399999999961e+00 2.437369944923699188e+10 2.572874049282803059e+09 4.538921769684592145e+05 -5.266273767482349800e-07 1.106982086374809295e+08 1.091136256462321877e+08
1.300000000000000000e+01 0.000000000000000000e+00 0.000000000000000000e+00 1.574698799999999954e+00 2.473193638738483810e+10 2.609905200080250263e+09 4.464644036845915834e+05 -5.307597885390857495e-07 1.116048021537861973e+08 1.100139012509917021e+08
1.305000000000000071e+01 0.000000000000000000e+00 0.000000000000000000e+00 1.585214099999999959e+00 2.501971157279868317e+10 2.636695955956074715e+09 4.391581830936206388e+05 -5.387025438569434839e-07 1.121029203783647865e+08 1.106311558177056909e+08
1.310000000000000142e+01 0.000000000000000000e+00 0.000000000000000000e+00 1.590264700000000087e+00 2.520143617971113968e+10 2.650493896464996338e+09 4.319715260322645190e+05 -5.421778281283112086e-07 1.122721230790000707e+08 1.109998237636973709e+08
1.315000000000000036e+01 0.000000000000000000e+00 0.000000000000000000e+00 1.589898999999999951e+00 2.524920305726547241e+10 2.649797968575251579e+09 4.249024758890022058e+05 -5.405654958396352187e-07 1.121631928646594733e+08 1.111201160439474732e+08
1.319999999999999929e+01 0.000000000000000000e+00 0.000000000000000000e+00 1.584178800000000109e+00 2.515080689342489243e+10 2.634947447689817905e+09 4.179491080712873372e+05 -5.360114237309640957e-07 1.118081977532301545e+08 1.109514945431085527e+08
1.325000000000000000e+01 0.000000000000000000e+00 0.000000000000000000e+00 1.573160799999999915e+00 2.491218062351033020e+10 2.607893911532232761e+09 4.111095294815769303e+05 -5.322817791458228037e-07 1.111936561102602482e+08 1.104324457020977736e+08
1.329999999999999893e+01 0.000000000000000000e+00 0.000000000000000000e+00 1.556884799999999958e+00 2.455436051085831833e+10 2.571425962587628365e+09 4.043818780020067352e+05 -5.252914788471155085e-07 1.102692930199676901e+08 1.094859139119607508e+08
1.335000000000000142e+01 0.000000000000000000e+00 0.000000000000000000e+00 1.535373099999999935e+00 2.410844154275450897e+10 2.528476769788764477e+09 3.977643219875035575e+05 -5.153222530879225542e-07 1.089759294453486353e+08 1.080593069617770910e+08
1.340000000000000036e+01 0.000000000000000000e+00 0.000000000000000000e+00 1.508639400000000075e+00 2.360489952063727188e+10 2.481206652826806545e+09 3.912550597672394360e+05 -5.063645168262755177e-07 1.072573819591144025e+08 1.061348376969749928e+08
1.344999999999999929e+01 0.000000000000000000e+00 0.000000000000000000e+00 1.476706899999999933e+00 2.306672712447008896e+10 2.430408330582193375e+09 3.848523191541972337e+05 -4.936720024432859139e-07 1.050710456281628013e+08 1.037361455812129676e+08
1.350000000000000000e+01 0.000000000000000000e+00 0.000000000000000000e+00 1.439628399999999919e+00 2.250316519277197647e+10 2.375439972975769520e+09 3.785543569627176039e+05 -4.844201732049870404e-07 1.024056908609357029e+08 1.009205070348810852e+08
1.354999999999999893e+01 0.000000000000000000e+00 0.000000000000000000e+00 1.397503500000000010e+00 2.190842609786956406e+10 2.314460733665984631e+09 3.723594585338869365e+05 -4.713267114384570294e-07 9.929344295081169903e+07 9.776559273133437335e+07
1.359999999999999964e+01 0.000000000000000000e+00 0.000000000000000000e+00 1.350487200000000110e+00 2.126345334982454300e+10 2.244974284920026302e+09 3.662659372686552815e+05 -4.588150236553795934e-07 9.578476179050138593e+07 9.434812782892780006e+07
1.365000000000000036e+01 0.000000000000000000e+00 0.000000000000000000e+00 1.298787300000000089e+00 2.054319885167617798e+10 2.164865101324562550e+09 3.602721341685212683e+05 -4.412966851627845452e-07 9.195578091036474705e+07 9.072597828357820213e+07
1.370000000000000107e+01 0.000000000000000000e+00 0.000000000000000000e+00 1.242650899999999892e+00 1.972386797688944244e+10 2.072898921870595217e+09 3.543764173837841954e+05 -4.225917731948456890e-07 8.787365166244940460e+07 8.691983124817009270e+07
1.375000000000000000e+01 0.000000000000000000e+00 0.000000000000000000e+00 1.182343799999999945e+00 1.879165756054213333e+10 1.969255152409719944e+09 3.485771817691739998e+05 -4.021170154143763809e-07 8.359058288389518857e+07 8.291620561786992848e+07
1.379999999999999893e+01 0.000000000000000000e+00 0.000000000000000000e+00 1.118129499999999998e+00 1.774689887266215134e+10 1.855576919777266026e+09 3.428728484468185925e+05 -3.778598837866057450e-07 7.913226778609399498e+07 7.866534053826434910e+07
1.384999999999999964e+01 0.000000000000000000e+00 0.000000000000000000e+00 1.050252600000000092e+00 1.660463823270102119e+10 1.734634145175252438e+09 3.372618643764153821e+05 -3.543371079815550897e-07 7.447909739930604398e+07 7.411862576103125513e+07
1.389999999999999858e+01 0.000000000000000000e+00 0.000000000000000000e+00 9.789330499999999713e-01 1.539199473749927139e+10 1.609437354627126455e+09 3.317427019324954599e+05 -3.286517735853672058e-07 6.960341430563424528e+07 6.922304569526170194e+07
1.395000000000000107e+01 0.000000000000000000e+00 0.000000000000000000e+00 9.043707300000000116e-01 1.413858682932885361e+10 1.482495208659278631e+09 3.263138584886298049e+05 -3.029078895787795941e-07 6.446796351121103019e+07 6.396230441888235509e+07
1.400000000000000000e+01 0.000000000000000000e+00 0.000000000000000000e+00 8.267601100000000480e-01 1.287084023892101097e+10 1.355107793689246416e+09 3.209738560084200581e+05 -2.770436255484183294e-07 5.904008397604458034e+07 5.836409138267450780e+07
1.405000000000000071e+01 0.000000000000000000e+00 0.000000000000000000e+00 7.463090900000000083e-01 1.160288306857186508e+10 1.227081717396894932e+09 3.157212406431581476e+05 -2.503055650710499460e-07 5.331927129467080534e+07 5.249226174763592333e+07
1.409999999999999964e+01 0.000000000000000000e+00 0.000000000000000000e+00 6.632563399999999998e-01 1.033641408913494873e+10 1.097084024800740004e+09 3.105545823359777569e+05 -2.236904909212014192e-07 4.733319916145073622e+07 4.643844077553062886e+07
1.414999999999999858e+01 0.000000000000000000e+00 0.000000000000000000e+00 5.778814799999999474e-01 9.061118109908718109e+09 9.631262735062456131e+08 3.054724744324659696e+05 -1.967598922674852243e-07 4.113557089604020119e+07 4.029474831585500389e+07
1.420000000000000107e+01 0.000000000000000000e+00 0.000000000000000000e+00 4.905049599999999899e-01 7.760739052100608826e+09 8.234860546757322550e+08 3.004735332975840429e+05 -1.677773225885599013e-07 3.479304147769933194e+07 3.413159056551709771e+07
1.425000000000000000e+01 0.000000000000000000e+00 0.000000000000000000e+00 4.014778500000000250e-01 6.418903656705985069e+09 6.773295214374604225e+08 2.955563979388796724e+05 -1.383963348001565404e-07 2.837007070749518275e+07 2.798321694678740948e+07
1.430000000000000071e+01 0.000000000000000000e+00 0.000000000000000000e+00 3.111642499999999756e-01 5.026145275872450829e+09 5.250940989907336831e+08 2.907197296358837048e+05 -1.067869707182554171e-07 2.191748355860958993e+07 2.183997251541474089e+07
1.434999999999999964e+01 0.000000000000000000e+00 0.000000000000000000e+00 2.199216499999999963e-01 3.581922404496588230e+09 3.684238659498800039e+08 2.859622115756288986e+05 -7.554194581708867960e-08 1.546403948074134625e+07 1.566279378162485734e+07
1.440000000000000036e+01 0.000000000000000000e+00 0.000000000000000000e+00 1.280847599999999920e-01 2.096511008280747175e+09 2.097417904197368324e+08 2.812825484941701288e+05 -4.301743730420143174e-08 9.018150772431537509e+06 9.402073799795756117e+06
1.444999999999999929e+01 0.000000000000000000e+00 0.000000000000000000e+00 3.595720200000000061e-02 5.873771088758469820e+08 5.158311602342107147e+07 2.766794663240164518e+05 -1.074407091276215233e-08 2.574045116403453518e+06 3.019826780543687753e+06
1.450000000000000000e+01 0.000000000000000000e+00 1.095478799999999942e-29 -5.618673600000000101e-02 -9.240565868608044386e+08 -1.039890682509649694e+08 2.721517118473252049e+05 2.105409889009134693e-08 -3.880217370179548394e+06 -3.495610508543283213e+06
1.455000000000000071e+01 0.000000000000000000e+00 1.339285899999999920e-29 -1.480911900000000114e-01 -2.417510397959558487e+09 -2.558149315866220593e+08 2.676980523547698394e+05 5.216247976539628037e-08 -1.035073438359372504e+07 -1.010724522571584396e+07
1.459999999999999964e+01 0.000000000000000000e+00 0.000000000000000000e+00 -2.395022800000000118e-01 -3.878082483019049644e+09 -4.037700492855467796e+08 2.633172753099578549e+05 8.263723497604024988e-08 -1.683167776887618750e+07 -1.675210541798521951e+07
1.465000000000000036e+01 0.000000000000000000e+00 0.000000000000000000e+00 -3.301512899999999862e-01 -5.297741586832129478e+09 -5.486387899769340754e+08 2.590081880193075922e+05 1.122317618926867810e-07 -2.330281649454693496e+07 -2.334230559801114723e+07
1.469999999999999929e+01 0.000000000000000000e+00 0.000000000000000000e+00 -4.197426499999999949e-01 -6.676675255204529762e+09 -6.915426107610727549e+08 2.547696173072860402e+05 1.412870820680660253e-07 -2.972958607425787300e+07 -2.979170074001113698e+07
1.475000000000000000e+01 0.000000000000000000e+00 0.000000000000000000e+00 -5.079504299999999528e-01 -8.020030576690448761e+09 -8.335917801991552114e+08 2.506004091969577421e+05 1.705549172419215541e-07 -3.607002583553425223e+07 -3.603458130344709009e+07
1.480000000000000071e+01 0.000000000000000000e+00 0.000000000000000000e+00 -5.944247499999999462e-01 -9.334710853610498428e+09 -9.751906978304544687e+08 2.464994285957312968e+05 1.981895374308155860e-07 -4.228233998729354888e+07 -4.203871780291794986e+07
1.484999999999999964e+01 0.000000000000000000e+00 0.000000000000000000e+00 -6.788063600000000530e-01 -1.062660688470621109e+10 -1.115993598573835611e+09 2.424655589863059286e+05 2.282827757910631652e-07 -4.832853105382769555e+07 -4.780970559893070906e+07
1.490000000000000036e+01 0.000000000000000000e+00 0.000000000000000000e+00 -7.607455499999999926e-01 -1.189814674541529655e+10 -1.254838409407059908e+09 2.384977021226733632e+05 2.553208381921429208e-07 -5.417941413609995693e+07 -5.337948414356320351e+07
1.494999999999999929e+01 0.000000000000000000e+00 0.000000000000000000e+00 -8.399202999999999530e-01 -1.314659826978580856e+10 -1.390068806208547115e+09 2.345947777311340615e+05 2.849155662334817689e-07 -5.981249377002216130e+07 -5.878986957908435166e+07
1.500000000000000000e+01 0.000000000000000000e+00 0.000000000000000000e+00 -9.160487499999999672e-01 -1.436561273134536743e+10 -1.519895052056327343e+09 2.307557232162240543e+05 3.103727057129523015e-07 -6.520922118988527358e+07 -6.407050449676584452e+07
1.504999999999999893e+01 0.000000000000000000e+00 0.000000000000000000e+00 -9.888929199999999531e-01 -1.554593702681952477e+10 -1.642939108503682852e+09 2.269794933714689105e+05 3.356301744087203872e-07 -7.035317763196924329e+07 -6.922331113913638890e+07
1.510000000000000142e+01 0.000000000000000000e+00 0.000000000000000000e+00 -1.058252900000000052e+00 -1.667758061064539909e+10 -1.758374308118646622e+09 2.232650600948419305e+05 3.585349158461738541e-07 -7.523388094203196466e+07 -7.422245788093632460e+07
1.515000000000000036e+01 0.000000000000000000e+00 0.000000000000000000e+00 -1.123952999999999980e+00 -1.775017282600136566e+10 -1.866107171785432816e+09 2.196114121088770335e+05 3.797474209841421776e-07 -7.983348233363169432e+07 -7.900722762581156194e+07
1.519999999999999929e+01 0.000000000000000000e+00 0.000000000000000000e+00 -1.185824999999999907e+00 -1.875306851994962692e+10 -1.966397191254802465e+09 2.160175546853101405e+05 4.016490377177580913e-07 -8.414528445352485776e+07 -8.351256323067872226e+07
1.525000000000000000e+01 0.000000000000000000e+00 0.000000000000000000e+00 -1.243690799999999985e+00 -1.967752761610342407e+10 -2.059704918260028362e+09 2.124825093742559839e+05 4.214811161877823451e-07 -8.817834946079947054e+07 -8.767268156772996485e+07
1.529999999999999893e+01 0.000000000000000000e+00 0.000000000000000000e+00 -1.297353399999999990e+00 -2.051638742740214539e+10 -2.146358283431749105e+09 2.090053137377884705e+05 4.372788719757394343e-07 -9.192758873872812092e+07 -9.145133252828505635e+07
1.535000000000000142e+01 0.000000000000000000e+00 0.000000000000000000e+00 -1.346595100000000045e+00 -2.126499033625910187e+10 -2.226286154214916229e+09 2.055850210878911312e+05 4.537513270459324191e-07 -9.539822964675576985e+07 -9.483070649873402715e+07
1.540000000000000036e+01 0.000000000000000000e+00 0.000000000000000000e+00 -1.391186800000000057e+00 -2.192388414845366669e+10 -2.299271240888929844e+09 2.022207002287495125e+05 4.683089866301141791e-07 -9.858081292306855321e+07 -9.782300926043964922e+07
1.545000000000000107e+01 0.000000000000000000e+00 0.000000000000000000e+00 -1.430905600000000000e+00 -2.249844648393413925e+10 -2.364817650833905697e+09 1.989114352032109164e+05 4.819916861194099584e-07 -1.014555409765798301e+08 -1.004587713390056193e+08
1.550000000000000000e+01 0.000000000000000000e+00 0.000000000000000000e+00 -1.465554800000000046e+00 -2.299933282587024307e+10 -2.422585458234786987e+09 1.956563250434504880e+05 4.926380114690630043e-07 -1.039838421468340755e+08 -1.027627716769562811e+08
1.554999999999999893e+01 0.000000000000000000e+00 0.000000000000000000e+00 -1.494982299999999986e+00 -2.343755932573382950e+10 -2.472339437926239491e+09 1.924544835256490042e+05 5.034536171919743165e-07 -1.061209061794949025e+08 -1.047442900861755162e+08
1.559999999999999964e+01 0.000000000000000000e+00 0.000000000000000000e+00 -1.519090800000000074e+00 -2.382201314404252625e+10 -2.513982161547280788e+09 1.893050389287049766e+05 5.113062186476572561e-07 -1.078296286931359917e+08 -1.064095149265691191e+08
1.565000000000000036e+01 0.000000000000000000e+00 0.000000000000000000e+00 -1.537837200000000015e+00 -2.415510279748762512e+10 -2.547329007234795094e+09 1.862071337968652369e+05 5.197605847597485754e-07 -1.090823424965960532e+08 -1.077378648417257965e+08
1.569999999999999929e+01 0.000000000000000000e+00 0.000000000000000000e+00 -1.551221200000000078e+00 -2.442906534451972580e+10 -2.572043496309283257e+09 1.831599247062562499e+05 5.245403077781624048e-07 -1.098826317569596469e+08 -1.087089379093711823e+08
1.575000000000000000e+01 0.000000000000000000e+00 0.000000000000000000e+00 -1.559266299999999994e+00 -2.462738232048386002e+10 -2.587541504967775822e+09 1.801625820352538722e+05 5.282854027139050679e-07 -1.102744186509413868e+08 -1.093022986723363996e+08
1.580000000000000071e+01 0.000000000000000000e+00 0.000000000000000000e+00 -1.561998599999999904e+00 -2.472845752263620377e+10 -2.593059100186616898e+09 1.772142897386383847e+05 5.302202614310786114e-07 -1.102985796838383228e+08 -1.095036432647026181e+08
1.584999999999999964e+01 0.000000000000000000e+00 0.000000000000000000e+00 -1.559430000000000094e+00 -2.471241463309388351e+10 -2.587985041106981277e+09 1.743142451254790358e+05 5.281500205439988049e-07 -1.100213799925352186e+08 -1.093127319947651327e+08
1.590000000000000036e+01 0.000000000000000000e+00 0.000000000000000000e+00 -1.551551099999999961e+00 -2.456856350703255081e+10 -2.572143971053985119e+09 1.714616586406543211e+05 5.240492182251540692e-07 -1.094729621291180700e+08 -1.087397118988984078e+08
1.594999999999999929e+01 0.000000000000000000e+00 0.000000000000000000e+00 -1.538335800000000031e+00 -2.429953727427513504e+10 -2.546074846704489231e+09 1.686557536499329435e+05 5.201680255743137104e-07 -1.086555469596476257e+08 -1.077868851044389009e+08
1.600000000000000000e+01 0.000000000000000000e+00 0.000000000000000000e+00 -1.519756600000000013e+00 -2.392175223527910614e+10 -2.510855809206856728e+09 1.658957662285170227e+05 5.116746097690695122e-07 -1.075417998516952842e+08 -1.064584441072777361e+08
1.604999999999999716e+01 0.000000000000000000e+00 0.000000000000000000e+00 -1.495806299999999922e+00 -2.346125319865243912e+10 -2.467971649439986229e+09 1.631809449530293350e+05 5.040243949427958856e-07 -1.060622646287376881e+08 -1.047533778482060730e+08
1.610000000000000142e+01 0.000000000000000000e+00 0.000000000000000000e+00 -1.466519300000000081e+00 -2.294585990656818390e+10 -2.418702195374000072e+09 1.605105506968441186e+05 4.930804048641408441e-07 -1.041577397583585382e+08 -1.026813139136556685e+08
1.615000000000000213e+01 0.000000000000000000e+00 0.000000000000000000e+00 -1.431985599999999970e+00 -2.239487747438955688e+10 -2.363789138483586311e+09 1.578838564287830668e+05 4.816423901976229554e-07 -1.017768938165171742e+08 -1.002397333995251656e+08
1.619999999999999929e+01 0.000000000000000000e+00 0.000000000000000000e+00 -1.392353799999999975e+00 -2.181503468107682037e+10 -2.302993031637007713e+09 1.553001470151190297e+05 4.705077305982981954e-07 -9.891612320536443591e+07 -9.744363545750226080e+07
1.625000000000000000e+01 0.000000000000000000e+00 0.000000000000000000e+00 -1.347821900000000017e+00 -2.119685430719297409e+10 -2.235306157279954433e+09 1.527587190248791594e+05 4.567636316872981088e-07 -9.559881346440480649e+07 -9.431550184256726503e+07
1.629999999999999716e+01 0.000000000000000000e+00 0.000000000000000000e+00 -1.298618000000000050e+00 -2.051853068134533310e+10 -2.159289731131968498e+09 1.502588805383781146e+05 4.399770321976990052e-07 -9.190139016598440707e+07 -9.088024317852438986e+07
1.635000000000000142e+01 0.000000000000000000e+00 0.000000000000000000e+00 -1.244977500000000070e+00 -1.975429211123413467e+10 -2.073534601020362854e+09 1.477999509589149966e+05 4.217546101793382841e-07 -8.790604134519088268e+07 -8.715545147113536298e+07
1.640000000000000213e+01 0.000000000000000000e+00 0.000000000000000000e+00 -1.187123300000000103e+00 -1.888173264246292114e+10 -1.977264487758883476e+09 1.453812608275616658e+05 4.048997106133323612e-07 -8.370002916003294289e+07 -8.315889961837209761e+07
1.644999999999999929e+01 0.000000000000000000e+00 0.000000000000000000e+00 -1.125254299999999930e+00 -1.789036558498342514e+10 -1.870747003108050346e+09 1.430021516409713076e+05 3.821765776911435965e-07 -7.933966075325524807e+07 -7.889431502892734110e+07
1.650000000000000000e+01 0.000000000000000000e+00 0.000000000000000000e+00 -1.059545699999999924e+00 -1.678721696176540375e+10 -1.755289402292639017e+09 1.406619756721196172e+05 3.585729746600608557e-07 -7.483412833773900568e+07 -7.436114370309662819e+07
1.654999999999999716e+01 0.000000000000000000e+00 0.000000000000000000e+00 -9.901608100000000023e-01 -1.559454563842688370e+10 -1.633123085358161688e+09 1.383600957939391083e+05 3.334026168220295085e-07 -7.015798429707683623e+07 -6.955821097435104847e+07
1.660000000000000142e+01 0.000000000000000000e+00 0.000000000000000000e+00 -9.172699500000000006e-01 -1.434470891657145691e+10 -1.506723443890970230e+09 1.360958853057740780e+05 3.080788665941645014e-07 -6.525711511946089566e+07 -6.447648165798590332e+07
1.665000000000000213e+01 0.000000000000000000e+00 0.000000000000000000e+00 -8.410712200000000083e-01 -1.307296524030973244e+10 -1.378269801423299789e+09 1.338687277626797149e+05 2.816314530021548960e-07 -6.006848244694868475e+07 -5.912389789143874496e+07
1.669999999999999929e+01 0.000000000000000000e+00 0.000000000000000000e+00 -7.618066000000000004e-01 -1.180547149209996796e+10 -1.249126951393088579e+09 1.316780168074945395e+05 2.546806646541931133e-07 -5.454797041583351046e+07 -5.352046382719665766e+07
1.675000000000000000e+01 0.000000000000000000e+00 0.000000000000000000e+00 -6.797683900000000001e-01 -1.055399362192476273e+10 -1.119331424819747686e+09 1.295231560056872841e+05 2.279918118063346787e-07 -4.868918636198592186e+07 -4.770132729842752218e+07
1.680000000000000071e+01 0.000000000000000000e+00 0.000000000000000000e+00 -5.952941999999999956e-01 -9.312047007792169571e+09 -9.877201113617447615e+08 1.274035586829698295e+05 2.010880517913283352e-07 -4.253291872192151099e+07 -4.171420063215090334e+07
1.685000000000000142e+01 0.000000000000000000e+00 0.000000000000000000e+00 -5.087513700000000361e-01 -8.058356544238008499e+09 -8.523983547359279394e+08 1.253186477656261995e+05 1.743082875253028450e-07 -3.616111448045025766e+07 -3.560937782304468751e+07
1.689999999999999858e+01 0.000000000000000000e+00 0.000000000000000000e+00 -4.205153099999999755e-01 -6.764260413785277367e+09 -7.114864127692478895e+08 1.232678556234999123e+05 1.455776331031689311e-07 -2.967703915738092363e+07 -2.943235884137739241e+07
1.694999999999999929e+01 0.000000000000000000e+00 0.000000000000000000e+00 -3.309475000000000056e-01 -5.406348735913418770e+09 -5.638078079368088245e+08 1.212506239155662188e+05 1.151234929043674586e-07 -2.318062818356784433e+07 -2.321433379878842831e+07
1.700000000000000000e+01 0.000000000000000000e+00 0.000000000000000000e+00 -2.403791000000000122e-01 -3.971983914508787155e+09 -4.094824755913175941e+08 1.192664034379971417e+05 8.331466952294443587e-08 -1.674212805817329325e+07 -1.696720369553739578e+07
1.705000000000000071e+01 0.000000000000000000e+00 0.000000000000000000e+00 -1.491046600000000000e-01 -2.468510149356037617e+09 -2.501969789808008671e+08 1.173146539746994240e+05 5.105514106548903873e-08 -1.038917796009541675e+07 -1.068556736949578300e+07
1.710000000000000142e+01 0.000000000000000000e+00 1.007033900000000047e-29 -5.738708199999999898e-02 -9.200111306177744865e+08 -8.878488165166334808e+07 1.153948441501857305e+05 1.823687227679314395e-08 -4.103174351109518204e+06 -4.354101061648848467e+06
1.714999999999999858e+01 0.000000000000000000e+00 0.000000000000000000e+00 3.452764099999999781e-02 6.372989302001714706e+08 7.141120728445786238e+07 1.135064512848280719e+05 -1.453245323622663920e-08 2.165933293486120645e+06 2.041377182146919891e+06
1.719999999999999929e+01 0.000000000000000000e+00 0.000000000000000000e+00 1.263907900000000029e-01 2.165451384267048359e+09 2.274341482156060934e+08 1.116489612524313125e+05 -4.626530658110783619e-08 8.480071687937600538e+06 8.503030877937452868e+06
1.725000000000000000e+01 0.000000000000000000e+00 0.000000000000000000e+00 2.179321399999999964e-01 3.635058482292189598e+09 3.774984658125815988e+08 1.098218683401458984e+05 -7.734091124562128948e-08 1.488402656653173640e+07 1.501122776412279159e+07
1.730000000000000071e+01 0.000000000000000000e+00 0.000000000000000000e+00 3.088478199999999951e-01 5.032331837805461884e+09 5.214094467115020752e+08 1.080246751107179734e+05 -1.066504531971461716e-07 2.138588305759405717e+07 2.152392300285942480e+07
1.735000000000000142e+01 0.000000000000000000e+00 0.000000000000000000e+00 3.987986099999999978e-01 6.363121199733870506e+09 6.605174282053649426e+08 1.062568922670461179e+05 -1.345546737473803758e-07 2.794975013358664885e+07 2.798114567304350063e+07
1.739999999999999858e+01 0.000000000000000000e+00 0.000000000000000000e+00 4.874194800000000161e-01 7.647418275744210243e+09 7.971768106794829369e+08 1.045180385190409434e+05 -1.627018639840511435e-07 3.449721605521149933e+07 3.431685789250887185e+07
1.744999999999999929e+01 0.000000000000000000e+00 0.000000000000000000e+00 5.743380399999999941e-01 8.913662073658271790e+09 9.338228014582647085e+08 1.028076404526966071e+05 -1.910698227414940904e-07 4.092719743497998267e+07 4.047134042198012769e+07
1.750000000000000000e+01 0.000000000000000000e+00 0.000000000000000000e+00 6.591968900000000353e-01 1.018752698325833702e+10 1.072174085894091368e+09 1.011252324013203906e+05 -2.186396946487537106e-07 4.713812567445962876e+07 4.640332505465039611e+07
1.755000000000000071e+01 0.000000000000000000e+00 0.000000000000000000e+00 7.416735800000000545e-01 1.148275590808076477e+10 1.212442633457781792e+09 9.947035631886088231e+04 -2.466773710493868135e-07 5.305363346875948459e+07 5.209726173086272925e+07
1.760000000000000142e+01 0.000000000000000000e+00 0.000000000000000000e+00 8.214922799999999636e-01 1.279658841759690475e+10 1.353208777887970209e+09 9.784256165523111122e+04 -2.766369698665967986e-07 5.863915223378311098e+07 5.756335987206964195e+07
1.764999999999999858e+01 0.000000000000000000e+00 0.000000000000000000e+00 8.984236500000000181e-01 1.410833975543227005e+10 1.491510967066243172e+09 9.624140523364080582e+04 -3.044074268714765091e-07 6.390621634588699043e+07 6.282962107835852355e+07
1.769999999999999929e+01 0.000000000000000000e+00 0.000000000000000000e+00 9.722729100000000457e-01 1.538422475625929070e+10 1.623791971537140608e+09 9.466645112983172294e+04 -3.323052991718504212e-07 6.890367646680799127e+07 6.792870942929902673e+07
1.775000000000000000e+01 0.000000000000000000e+00 0.000000000000000000e+00 1.042859699999999945e+00 1.658734781722620583e+10 1.746575883652451754e+09 9.311727055329199356e+04 -3.571179725601646061e-07 7.370376656291140616e+07 7.287945092357827723e+07
1.780000000000000071e+01 0.000000000000000000e+00 0.000000000000000000e+00 1.109995999999999983e+00 1.768603297878473282e+10 1.857659625370218039e+09 9.159344173037225846e+04 -3.790948832280517294e-07 7.835417846209678054e+07 7.768788599359346926e+07
1.785000000000000142e+01 0.000000000000000000e+00 0.000000000000000000e+00 1.173469499999999943e+00 1.866430424876233673e+10 1.956498036090426207e+09 9.009454978937796841e+04 -3.996466880656625880e-07 8.288928608974118531e+07 8.230965092462265491e+07
1.789999999999999858e+01 0.000000000000000000e+00 0.000000000000000000e+00 1.233037399999999950e+00 1.952361940664427185e+10 2.044411216659723997e+09 8.862018664759292733e+04 -4.181858570533321266e-07 8.728628543627348542e+07 8.669762149440102279e+07
1.794999999999999929e+01 0.000000000000000000e+00 0.000000000000000000e+00 1.288433600000000068e+00 2.028422713090942383e+10 2.124168233843780756e+09 8.716995090020909265e+04 -4.339717930020731727e-07 9.147094046912771463e+07 9.077142585231436789e+07
1.800000000000000000e+01 0.000000000000000000e+00 0.000000000000000000e+00 1.339387799999999906e+00 2.097666768651776886e+10 2.199013979184217930e+09 8.574344771116675111e+04 -4.477273091460480997e-07 9.535101998411317170e+07 9.446197675293871760e+07
1.805000000000000071e+01 0.000000000000000000e+00 0.000000000000000000e+00 1.385649899999999990e+00 2.163175295656275558e+10 2.271562838296736240e+09 8.434028870579903014e+04 -4.628220889128648922e-07 9.882450411052227020e+07 9.771052953532913327e+07
1.810000000000000142e+01 0.000000000000000000e+00 0.000000000000000000e+00 1.427013499999999935e+00 2.226990239279302597e+10 2.342914245305014610e+09 8.296009186522013624e+04 -4.767332253170558740e-07 1.018147445409235209e+08 1.005028588844876140e+08
1.814999999999999858e+01 0.000000000000000000e+00 0.000000000000000000e+00 1.463331200000000054e+00 2.289382422318179703e+10 2.412178203689606190e+09 8.160248142239052686e+04 -4.928642792435275756e-07 1.042875609249103814e+08 1.028549547711530328e+08
1.819999999999999929e+01 0.000000000000000000e+00 0.000000000000000000e+00 1.494516100000000014e+00 2.348571497388399506e+10 2.476415075684741497e+09 8.026708775982736552e+04 -5.053179056374178081e-07 1.062691829028874636e+08 1.048261356126526743e+08
1.825000000000000000e+01 0.000000000000000000e+00 0.000000000000000000e+00 1.520530500000000007e+00 2.401305518608122635e+10 2.531693433964482307e+09 7.895354730885471508e+04 -5.151898927278940855e-07 1.078257765520763546e+08 1.064775286926826537e+08
1.830000000000000071e+01 0.000000000000000000e+00 0.000000000000000000e+00 1.541363800000000062e+00 2.443763414141035080e+10 2.574045658492734432e+09 7.766150245049342629e+04 -5.249026464836884351e-07 1.090449560822464079e+08 1.078731410135879368e+08
1.835000000000000142e+01 0.000000000000000000e+00 0.000000000000000000e+00 1.557008399999999959e+00 2.472835543137879944e+10 2.600867385454924583e+09 7.639060141791759816e+04 -5.314038961346694026e-07 1.100081999361019582e+08 1.090327107287157923e+08
1.839999999999999858e+01 0.000000000000000000e+00 0.000000000000000000e+00 1.567438799999999910e+00 2.487117319423964310e+10 2.611723857084854126e+09 7.514049820056927274e+04 -5.335896993057005125e-07 1.107465853857958466e+08 1.099421925552963763e+08
1.845000000000000284e+01 0.000000000000000000e+00 0.000000000000000000e+00 1.572603299999999926e+00 2.487299265266441727e+10 2.608536940193956375e+09 7.391085244992186199e+04 -5.328247955779534026e-07 1.112414865995278209e+08 1.105345723528024107e+08
1.850000000000000000e+01 0.000000000000000000e+00 0.000000000000000000e+00 1.572428699999999901e+00 2.475971032817940140e+10 2.594904736293229580e+09 7.270132938688837748e+04 -5.289298020324171506e-07 1.114355002228363007e+08 1.107228322845810056e+08
1.855000000000000071e+01 0.000000000000000000e+00 0.000000000000000000e+00 1.566837100000000094e+00 2.456644208791382217e+10 2.574961788211050987e+09 7.151159971081951517e+04 -5.246463733336265859e-07 1.112386457687279433e+08 1.104354665971727669e+08
1.859999999999999787e+01 0.000000000000000000e+00 0.000000000000000000e+00 1.555769900000000039e+00 2.432585904921068192e+10 2.552036662095730305e+09 7.034133951002120739e+04 -5.207385152037624603e-07 1.105763200978113115e+08 1.096158989986387640e+08
1.864999999999999858e+01 0.000000000000000000e+00 0.000000000000000000e+00 1.539210699999999932e+00 2.405745494329406357e+10 2.527516248368271351e+09 6.919023017371477908e+04 -5.144987156405832830e-07 1.093899308872053474e+08 1.082643869184343964e+08
1.870000000000000284e+01 0.000000000000000000e+00 0.000000000000000000e+00 1.517201000000000022e+00 2.376303338031268311e+10 2.500534994900031090e+09 6.805795830534132256e+04 -5.107078106994825559e-07 1.076914630363704264e+08 1.064334272826623917e+08
1.875000000000000000e+01 0.000000000000000000e+00 0.000000000000000000e+00 1.489843500000000098e+00 2.342508427413880539e+10 2.468191855158557892e+09 6.694421563722539577e+04 -5.040186568059500274e-07 1.055260003032250255e+08 1.042159365875870436e+08
1.880000000000000071e+01 0.000000000000000000e+00 0.000000000000000000e+00 1.457292400000000043e+00 2.301580455044490814e+10 2.426664313898436546e+09 6.584869894650849164e+04 -4.962384806203104379e-07 1.029774302099523395e+08 1.017002405985720903e+08
1.884999999999999787e+01 0.000000000000000000e+00 0.000000000000000000e+00 1.419734100000000110e+00 2.250567782851804352e+10 2.372397775632336617e+09 6.477110997245189355e+04 -4.843230942728158511e-07 1.001330656122284085e+08 9.897072025756414235e+07
1.889999999999999858e+01 0.000000000000000000e+00 0.000000000000000000e+00 1.377364000000000033e+00 2.187244930712638092e+10 2.303332648602668285e+09 6.371115533508363296e+04 -4.707178308885867811e-07 9.706061024697993696e+07 9.606327640978957713e+07
1.895000000000000284e+01 0.000000000000000000e+00 0.000000000000000000e+00 1.330366500000000007e+00 2.111017225343611526e+10 2.219532755177782536e+09 6.266854645522877399e+04 -4.518265098270885297e-07 9.378963016754634678e+07 9.295690765995670855e+07
1.900000000000000000e+01 0.000000000000000000e+00 0.000000000000000000e+00 1.278902900000000065e+00 2.023115560613356400e+10 2.123311237021291971e+09 6.164299947592107492e+04 -4.337464276598474924e-07 9.030914509004496038e+07 8.960279744818744063e+07
1.905000000000000071e+01 0.000000000000000000e+00 0.000000000000000000e+00 1.223111800000000082e+00 1.926051910620391846e+10 2.018385870987437487e+09 6.063423518521874212e+04 -4.114501485127472679e-07 8.657416413129241765e+07 8.592126130699704587e+07
1.909999999999999787e+01 0.000000000000000000e+00 0.000000000000000000e+00 1.163120200000000048e+00 1.822951425636655426e+10 1.908912187437026501e+09 5.964197894030288444e+04 -3.888583412804548520e-07 8.252655913575582206e+07 8.185038107962515950e+07
1.914999999999999858e+01 0.000000000000000000e+00 0.000000000000000000e+00 1.099062200000000100e+00 1.716718312337595749e+10 1.798176224937232256e+09 5.866596059285639785e+04 -3.663192692048679505e-07 7.811725749474702775e+07 7.735710896304488182e+07
1.919999999999999929e+01 0.000000000000000000e+00 0.000000000000000000e+00 1.031099200000000105e+00 1.609134515928027534e+10 1.687774560012386322e+09 5.770591441562771797e+04 -3.447798944408128668e-07 7.332998202580684423e+07 7.245353351961711049e+07
1.925000000000000000e+01 0.000000000000000000e+00 0.000000000000000000e+00 9.594365000000000254e-01 1.500412834837573433e+10 1.577152330211552858e+09 5.676157903014626936e+04 -3.219504762167690460e-07 6.817318362009523809e+07 6.721207323204854131e+07
1.930000000000000071e+01 0.000000000000000000e+00 0.000000000000000000e+00 8.843303099999999528e-01 1.389435062834181023e+10 1.464132531468962193e+09 5.583269733550498495e+04 -2.997715643394149950e-07 6.271065455007856339e+07 6.172008195980361849e+07
1.934999999999999787e+01 0.000000000000000000e+00 0.000000000000000000e+00 8.060836900000000194e-01 1.274232154292452240e+10 1.345617453691036224e+09 5.491901643828058150e+04 -2.740600171620822583e-07 5.701191401040888578e+07 5.607758107928154618e+07
1.940000000000000213e+01 0.000000000000000000e+00 0.000000000000000000e+00 7.250328099999999720e-01 1.152773609032065582e+10 1.218818925740210772e+09 5.402028758353831654e+04 -2.491345088003187121e-07 5.115629027782081813e+07 5.036013195236685872e+07
1.944999999999999929e+01 0.000000000000000000e+00 0.000000000000000000e+00 6.415269900000000192e-01 1.023759292303270912e+10 1.082179349533675432e+09 5.313626608699110511e+04 -2.215738452778438694e-07 4.520482524446468055e+07 4.460499353098534793e+07
1.950000000000000000e+01 0.000000000000000000e+00 0.000000000000000000e+00 5.559081299999999448e-01 8.872176202085330963e+09 9.359819129351258278e+08 5.226671126830120193e+04 -1.909141064072959768e-07 3.919103807182420790e+07 3.880487125064618140e+07
1.955000000000000071e+01 0.000000000000000000e+00 0.000000000000000000e+00 4.684949700000000106e-01 7.443716684736893654e+09 7.823958778586062193e+08 5.141138638555407670e+04 -1.597906036207324721e-07 3.311819970754902810e+07 3.291870293354087695e+07
1.959999999999999787e+01 0.000000000000000000e+00 0.000000000000000000e+00 3.795761799999999853e-01 5.974974977069314957e+09 6.247019420856934786e+08 5.057005857087760523e+04 -1.275666131568161519e-07 2.696865946029511094e+07 2.689357722898045182e+07
1.965000000000000213e+01 0.000000000000000000e+00 0.000000000000000000e+00 2.894138600000000228e-01 4.492087688506039619e+09 4.666030677370924354e+08 4.974249876713329286e+04 -9.499981129456120615e-08 2.071718152144191042e+07 2.068820115415612608e+07
1.969999999999999929e+01 0.000000000000000000e+00 0.000000000000000000e+00 1.982561599999999868e-01 3.017626074496542454e+09 3.110058547136688232e+08 4.892848166569203750e+04 -6.354444368176246803e-08 1.434572202041198313e+07 1.429179801812742278e+07
1.975000000000000000e+01 0.000000000000000000e+00 0.000000000000000000e+00 1.063552999999999998e-01 1.564788860362299442e+09 1.594722264800264835e+08 4.812778564516609185e+04 -3.252931816718827148e-08 7.854686204014449380e+06 7.733818347610018216e+06
1.980000000000000071e+01 0.000000000000000000e+00 0.000000000000000000e+00 1.398566499999999956e-02 1.366755868053007722e+08 1.196171941840761714e+07 4.734019271109865076e+04 -2.323076728769677528e-09 1.268904613205348840e+06 1.080189670451222919e+06
1.984999999999999787e+01 -8.562936699999999878e-30 -6.429174400000000004e-30 -7.854355500000000101e-02 -1.272677663977451324e+09 -1.328892868115116507e+08 4.656548843658520491e+04 2.725237430786701369e-08 -5.370081582004317082e+06 -5.590111847851473838e+06
1.990000000000000213e+01 -1.204776100000000005e-29 0.000000000000000000e+00 -1.708851000000000120e-01 -2.673899178489119053e+09 -2.771078824044643641e+08 4.580346190381801716e+04 5.671704881548172402e-08 -1.200630184343893267e+07 -1.218727584991127998e+07
1.994999999999999929e+01 0.000000000000000000e+00 0.000000000000000000e+00 -2.626613700000000051e-01 -4.076942104115427017e+09 -4.225888506214320660e+08 4.505390564657028153e+04 8.631746976949228081e-08 -1.858490805679098517e+07 -1.864968314990202338e+07
2.000000000000000000e+01 0.000000000000000000e+00 0.000000000000000000e+00 -3.534814900000000093e-01 -5.486523413509882927e+09 -5.703539552648822069e+08 4.431661559362693515e+04 1.163283753432274430e-07 -2.506025360202360153e+07 -2.494399548732581735e+07
