$MeshFormat
2.2 0 8
$EndMeshFormat
$Nodes
4251
1 17.62400050 23.35000040 0.00000000
2 -17.62400050 23.35000040 0.00000000
3 -17.62400050 23.01250080 0.00000000
4 17.62400050 23.01250080 0.00000000
5 17.62400050 -23.01250080 0.00000000
6 -17.62400050 -23.01250080 0.00000000
7 -17.62400050 -23.35000040 0.00000000
8 17.62400050 -23.35000040 0.00000000
9 17.62400050 22.67499920 0.00000000
10 -17.62400050 22.67499920 0.00000000
11 -17.62400050 22.33749960 0.00000000
12 17.62400050 22.33749960 0.00000000
13 17.62400050 -22.33749960 0.00000000
14 -17.62400050 -22.33749960 0.00000000
15 -17.62400050 -22.67499920 0.00000000
16 17.62400050 -22.67499920 0.00000000
17 5.99909592 22.00000000 0.00000000
18 -5.99909592 22.00000000 0.00000000
19 -17.62400050 22.00000000 0.00000000
20 17.62400050 22.00000000 0.00000000
21 17.62400050 -22.00000000 0.00000000
22 5.99909592 -22.00000000 0.00000000
23 -5.99909592 -22.00000000 0.00000000
24 -17.62400050 -22.00000000 0.00000000
25 -5.99909592 0.00000000 0.00000000
26 -6.29761553 0.64017820 0.00000000
27 -10.91864110 10.55000020 0.00000000
28 0.00000000 10.55000020 0.00000000
29 10.91864110 10.55000020 0.00000000
30 6.29761553 0.64017820 0.00000000
31 5.99909592 0.00000000 0.00000000
32 6.29761553 -0.64017820 0.00000000
33 10.91864110 -10.55000020 0.00000000
34 0.00000000 -10.55000020 0.00000000
35 -10.91864110 -10.55000020 0.00000000
36 -6.29761553 -0.64017820 0.00000000
37 -17.62400050 0.44999999 0.00000000
38 -17.62400050 -0.44999999 0.00000000
39 -6.70545435 -0.44999999 0.00000000
40 -11.62500000 -11.00000000 0.00000000
41 -6.70545435 -21.54999920 0.00000000
42 -17.62400050 -21.54999920 0.00000000
43 -6.29761553 -21.35982130 0.00000000
44 -10.91864110 -11.44999980 0.00000000
45 0.00000000 -11.44999980 0.00000000
46 10.91864110 -11.44999980 0.00000000
47 6.29761553 -21.35982130 0.00000000
48 17.62400050 -21.54999920 0.00000000
49 6.70545435 -21.54999920 0.00000000
50 11.62500000 -11.00000000 0.00000000
51 6.70545435 -0.44999999 0.00000000
52 17.62400050 -0.44999999 0.00000000
53 17.62400050 0.44999999 0.00000000
54 6.70545435 0.44999999 0.00000000
55 11.62500000 11.00000000 0.00000000
56 6.70545435 21.54999920 0.00000000
57 17.62400050 21.54999920 0.00000000
58 6.29761553 21.35982130 0.00000000
59 10.91864110 11.44999980 0.00000000
60 0.00000000 11.44999980 0.00000000
61 -10.91864110 11.44999980 0.00000000
62 -6.29761553 21.35982130 0.00000000
63 -17.62400050 21.54999920 0.00000000
64 -6.70545435 21.54999920 0.00000000
65 -11.62500000 11.00000000 0.00000000
66 -6.70545435 0.44999999 0.00000000
67 17.37401390 23.35000040 0.00000000
68 17.12402920 23.35000040 0.00000000
69 16.87404250 23.35000040 0.00000000
70 16.62405590 23.35000040 0.00000000
71 16.37407110 23.35000040 0.00000000
72 16.12408450 23.35000040 0.00000000
73 15.87409970 23.35000040 0.00000000
74 15.62411310 23.35000040 0.00000000
75 15.37412740 23.35000040 0.00000000
76 15.12414170 23.35000040 0.00000000
77 14.87415600 23.35000040 0.00000000
78 14.62417030 23.35000040 0.00000000
79 14.37418460 23.35000040 0.00000000
80 14.12419890 23.35000040 0.00000000
81 13.87421320 23.35000040 0.00000000
82 13.62422660 23.35000040 0.00000000
83 13.37424090 23.35000040 0.00000000
84 13.12425520 23.35000040 0.00000000
85 12.87426950 23.35000040 0.00000000
86 12.62428380 23.35000040 0.00000000
87 12.37429810 23.35000040 0.00000000
88 12.12431240 23.35000040 0.00000000
89 11.87432670 23.35000040 0.00000000
90 11.62434010 23.35000040 0.00000000
91 11.37435440 23.35000040 0.00000000
92 11.12436870 23.35000040 0.00000000
93 10.87438300 23.35000040 0.00000000
94 10.62439730 23.35000040 0.00000000
95 10.37441160 23.35000040 0.00000000
96 10.12442590 23.35000040 0.00000000
97 9.87443924 23.35000040 0.00000000
98 9.62445354 23.35000040 0.00000000
99 9.37446785 23.35000040 0.00000000
100 9.12448215 23.35000040 0.00000000
101 8.87449646 23.35000040 0.00000000
102 8.62451077 23.35000040 0.00000000
103 8.37452507 23.35000040 0.00000000
104 8.12453938 23.35000040 0.00000000
105 7.87455320 23.35000040 0.00000000
106 7.62456751 23.35000040 0.00000000
107 7.37458134 23.35000040 0.00000000
108 7.12459564 23.35000040 0.00000000
109 6.87460995 23.35000040 0.00000000
110 6.62462425 23.35000040 0.00000000
111 6.37463808 23.35000040 0.00000000
112 6.12465239 23.35000040 0.00000000
113 5.87466669 23.35000040 0.00000000
114 5.62468100 23.35000040 0.00000000
115 5.37469482 23.35000040 0.00000000
116 5.12470913 23.35000040 0.00000000
117 4.87472343 23.35000040 0.00000000
118 4.62473774 23.35000040 0.00000000
119 4.37475157 23.35000040 0.00000000
120 4.12476587 23.35000040 0.00000000
121 3.87478018 23.35000040 0.00000000
122 3.62479424 23.35000040 0.00000000
123 3.37480855 23.35000040 0.00000000
124 3.12482262 23.35000040 0.00000000
125 2.87483692 23.35000040 0.00000000
126 2.62485099 23.35000040 0.00000000
127 2.37486529 23.35000040 0.00000000
128 2.12487936 23.35000040 0.00000000
129 1.87489367 23.35000040 0.00000000
130 1.62490785 23.35000040 0.00000000
131 1.37492204 23.35000040 0.00000000
132 1.12493622 23.35000040 0.00000000
133 0.87495035 23.35000040 0.00000000
134 0.62496454 23.35000040 0.00000000
135 0.37497872 23.35000040 0.00000000
136 0.12499291 23.35000040 0.00000000
137 -0.12499291 23.35000040 0.00000000
138 -0.37497872 23.35000040 0.00000000
139 -0.62496454 23.35000040 0.00000000
140 -0.87495035 23.35000040 0.00000000
141 -1.12493622 23.35000040 0.00000000
142 -1.37492204 23.35000040 0.00000000
143 -1.62490785 23.35000040 0.00000000
144 -1.87489367 23.35000040 0.00000000
145 -2.12487936 23.35000040 0.00000000
146 -2.37486529 23.35000040 0.00000000
147 -2.62485099 23.35000040 0.00000000
148 -2.87483692 23.35000040 0.00000000
149 -3.12482262 23.35000040 0.00000000
150 -3.37480855 23.35000040 0.00000000
151 -3.62479424 23.35000040 0.00000000
152 -3.87478018 23.35000040 0.00000000
153 -4.12476587 23.35000040 0.00000000
154 -4.37475157 23.35000040 0.00000000
155 -4.62473774 23.35000040 0.00000000
156 -4.87472343 23.35000040 0.00000000
157 -5.12470913 23.35000040 0.00000000
158 -5.37469482 23.35000040 0.00000000
159 -5.62468100 23.35000040 0.00000000
160 -5.87466669 23.35000040 0.00000000
161 -6.12465239 23.35000040 0.00000000
162 -6.37463808 23.35000040 0.00000000
163 -6.62462425 23.35000040 0.00000000
164 -6.87460995 23.35000040 0.00000000
165 -7.12459564 23.35000040 0.00000000
166 -7.37458134 23.35000040 0.00000000
167 -7.62456751 23.35000040 0.00000000
168 -7.87455320 23.35000040 0.00000000
169 -8.12453938 23.35000040 0.00000000
170 -8.37452507 23.35000040 0.00000000
171 -8.62451077 23.35000040 0.00000000
172 -8.87449646 23.35000040 0.00000000
173 -9.12448215 23.35000040 0.00000000
174 -9.37446785 23.35000040 0.00000000
175 -9.62445354 23.35000040 0.00000000
176 -9.87443924 23.35000040 0.00000000
177 -10.12442590 23.35000040 0.00000000
178 -10.37441160 23.35000040 0.00000000
179 -10.62439730 23.35000040 0.00000000
180 -10.87438300 23.35000040 0.00000000
181 -11.12436870 23.35000040 0.00000000
182 -11.37435440 23.35000040 0.00000000
183 -11.62434010 23.35000040 0.00000000
184 -11.87432670 23.35000040 0.00000000
185 -12.12431240 23.35000040 0.00000000
186 -12.37429810 23.35000040 0.00000000
187 -12.62428380 23.35000040 0.00000000
188 -12.87426950 23.35000040 0.00000000
189 -13.12425520 23.35000040 0.00000000
190 -13.37424090 23.35000040 0.00000000
191 -13.62422660 23.35000040 0.00000000
192 -13.87421320 23.35000040 0.00000000
193 -14.12419890 23.35000040 0.00000000
194 -14.37418460 23.35000040 0.00000000
195 -14.62417030 23.35000040 0.00000000
196 -14.87415600 23.35000040 0.00000000
197 -15.12414170 23.35000040 0.00000000
198 -15.37412740 23.35000040 0.00000000
199 -15.62411310 23.35000040 0.00000000
200 -15.87409970 23.35000040 0.00000000
201 -16.12408450 23.35000040 0.00000000
202 -16.37407110 23.35000040 0.00000000
203 -16.62405590 23.35000040 0.00000000
204 -16.87404250 23.35000040 0.00000000
205 -17.12402920 23.35000040 0.00000000
206 -17.37401390 23.35000040 0.00000000
207 -17.37401390 23.01250080 0.00000000
208 -17.12402920 23.01250080 0.00000000
209 -16.87404250 23.01250080 0.00000000
210 -16.62405590 23.01250080 0.00000000
211 -16.37407110 23.01250080 0.00000000
212 -16.12408450 23.01250080 0.00000000
213 -15.87409970 23.01250080 0.00000000
214 -15.62411310 23.01250080 0.00000000
215 -15.37412740 23.01250080 0.00000000
216 -15.12414170 23.01250080 0.00000000
217 -14.87415600 23.01250080 0.00000000
218 -14.62417030 23.01250080 0.00000000
219 -14.37418460 23.01250080 0.00000000
220 -14.12419890 23.01250080 0.00000000
221 -13.87421320 23.01250080 0.00000000
222 -13.62422660 23.01250080 0.00000000
223 -13.37424090 23.01250080 0.00000000
224 -13.12425520 23.01250080 0.00000000
225 -12.87426950 23.01250080 0.00000000
226 -12.62428380 23.01250080 0.00000000
227 -12.37429810 23.01250080 0.00000000
228 -12.12431240 23.01250080 0.00000000
229 -11.87432670 23.01250080 0.00000000
230 -11.62434010 23.01250080 0.00000000
231 -11.37435440 23.01250080 0.00000000
232 -11.12436870 23.01250080 0.00000000
233 -10.87438300 23.01250080 0.00000000
234 -10.62439730 23.01250080 0.00000000
235 -10.37441160 23.01250080 0.00000000
236 -10.12442590 23.01250080 0.00000000
237 -9.87443924 23.01250080 0.00000000
238 -9.62445354 23.01250080 0.00000000
239 -9.37446785 23.01250080 0.00000000
240 -9.12448215 23.01250080 0.00000000
241 -8.87449646 23.01250080 0.00000000
242 -8.62451077 23.01250080 0.00000000
243 -8.37452507 23.01250080 0.00000000
244 -8.12453938 23.01250080 0.00000000
245 -7.87455320 23.01250080 0.00000000
246 -7.62456751 23.01250080 0.00000000
247 -7.37458134 23.01250080 0.00000000
248 -7.12459564 23.01250080 0.00000000
249 -6.87460995 23.01250080 0.00000000
250 -6.62462425 23.01250080 0.00000000
251 -6.37463808 23.01250080 0.00000000
252 -6.12465239 23.01250080 0.00000000
253 -5.87466669 23.01250080 0.00000000
254 -5.62468100 23.01250080 0.00000000
255 -5.37469482 23.01250080 0.00000000
256 -5.12470913 23.01250080 0.00000000
257 -4.87472343 23.01250080 0.00000000
258 -4.62473774 23.01250080 0.00000000
259 -4.37475157 23.01250080 0.00000000
260 -4.12476587 23.01250080 0.00000000
261 -3.87478018 23.01250080 0.00000000
262 -3.62479424 23.01250080 0.00000000
263 -3.37480855 23.01250080 0.00000000
264 -3.12482262 23.01250080 0.00000000
265 -2.87483692 23.01250080 0.00000000
266 -2.62485099 23.01250080 0.00000000
267 -2.37486529 23.01250080 0.00000000
268 -2.12487936 23.01250080 0.00000000
269 -1.87489367 23.01250080 0.00000000
270 -1.62490785 23.01250080 0.00000000
271 -1.37492204 23.01250080 0.00000000
272 -1.12493622 23.01250080 0.00000000
273 -0.87495035 23.01250080 0.00000000
274 -0.62496454 23.01250080 0.00000000
275 -0.37497872 23.01250080 0.00000000
276 -0.12499291 23.01250080 0.00000000
277 0.12499291 23.01250080 0.00000000
278 0.37497872 23.01250080 0.00000000
279 0.62496454 23.01250080 0.00000000
280 0.87495035 23.01250080 0.00000000
281 1.12493622 23.01250080 0.00000000
282 1.37492204 23.01250080 0.00000000
283 1.62490785 23.01250080 0.00000000
284 1.87489367 23.01250080 0.00000000
285 2.12487936 23.01250080 0.00000000
286 2.37486529 23.01250080 0.00000000
287 2.62485099 23.01250080 0.00000000
288 2.87483692 23.01250080 0.00000000
289 3.12482262 23.01250080 0.00000000
290 3.37480855 23.01250080 0.00000000
291 3.62479424 23.01250080 0.00000000
292 3.87478018 23.01250080 0.00000000
293 4.12476587 23.01250080 0.00000000
294 4.37475157 23.01250080 0.00000000
295 4.62473774 23.01250080 0.00000000
296 4.87472343 23.01250080 0.00000000
297 5.12470913 23.01250080 0.00000000
298 5.37469482 23.01250080 0.00000000
299 5.62468100 23.01250080 0.00000000
300 5.87466669 23.01250080 0.00000000
301 6.12465239 23.01250080 0.00000000
302 6.37463808 23.01250080 0.00000000
303 6.62462425 23.01250080 0.00000000
304 6.87460995 23.01250080 0.00000000
305 7.12459564 23.01250080 0.00000000
306 7.37458134 23.01250080 0.00000000
307 7.62456751 23.01250080 0.00000000
308 7.87455320 23.01250080 0.00000000
309 8.12453938 23.01250080 0.00000000
310 8.37452507 23.01250080 0.00000000
311 8.62451077 23.01250080 0.00000000
312 8.87449646 23.01250080 0.00000000
313 9.12448215 23.01250080 0.00000000
314 9.37446785 23.01250080 0.00000000
315 9.62445354 23.01250080 0.00000000
316 9.87443924 23.01250080 0.00000000
317 10.12442590 23.01250080 0.00000000
318 10.37441160 23.01250080 0.00000000
319 10.62439730 23.01250080 0.00000000
320 10.87438300 23.01250080 0.00000000
321 11.12436870 23.01250080 0.00000000
322 11.37435440 23.01250080 0.00000000
323 11.62434010 23.01250080 0.00000000
324 11.87432670 23.01250080 0.00000000
325 12.12431240 23.01250080 0.00000000
326 12.37429810 23.01250080 0.00000000
327 12.62428380 23.01250080 0.00000000
328 12.87426950 23.01250080 0.00000000
329 13.12425520 23.01250080 0.00000000
330 13.37424090 23.01250080 0.00000000
331 13.62422660 23.01250080 0.00000000
332 13.87421320 23.01250080 0.00000000
333 14.12419890 23.01250080 0.00000000
334 14.37418460 23.01250080 0.00000000
335 14.62417030 23.01250080 0.00000000
336 14.87415600 23.01250080 0.00000000
337 15.12414170 23.01250080 0.00000000
338 15.37412740 23.01250080 0.00000000
339 15.62411310 23.01250080 0.00000000
340 15.87409970 23.01250080 0.00000000
341 16.12408450 23.01250080 0.00000000
342 16.37407110 23.01250080 0.00000000
343 16.62405590 23.01250080 0.00000000
344 16.87404250 23.01250080 0.00000000
345 17.12402920 23.01250080 0.00000000
346 17.37401390 23.01250080 0.00000000
347 17.37401390 -23.01250080 0.00000000
348 17.12402920 -23.01250080 0.00000000
349 16.87404250 -23.01250080 0.00000000
350 16.62405590 -23.01250080 0.00000000
351 16.37407110 -23.01250080 0.00000000
352 16.12408450 -23.01250080 0.00000000
353 15.87409970 -23.01250080 0.00000000
354 15.62411310 -23.01250080 0.00000000
355 15.37412740 -23.01250080 0.00000000
356 15.12414170 -23.01250080 0.00000000
357 14.87415600 -23.01250080 0.00000000
358 14.62417030 -23.01250080 0.00000000
359 14.37418460 -23.01250080 0.00000000
360 14.12419890 -23.01250080 0.00000000
361 13.87421320 -23.01250080 0.00000000
362 13.62422660 -23.01250080 0.00000000
363 13.37424090 -23.01250080 0.00000000
364 13.12425520 -23.01250080 0.00000000
365 12.87426950 -23.01250080 0.00000000
366 12.62428380 -23.01250080 0.00000000
367 12.37429810 -23.01250080 0.00000000
368 12.12431240 -23.01250080 0.00000000
369 11.87432670 -23.01250080 0.00000000
370 11.62434010 -23.01250080 0.00000000
371 11.37435440 -23.01250080 0.00000000
372 11.12436870 -23.01250080 0.00000000
373 10.87438300 -23.01250080 0.00000000
374 10.62439730 -23.01250080 0.00000000
375 10.37441160 -23.01250080 0.00000000
376 10.12442590 -23.01250080 0.00000000
377 9.87443924 -23.01250080 0.00000000
378 9.62445354 -23.01250080 0.00000000
379 9.37446785 -23.01250080 0.00000000
380 9.12448215 -23.01250080 0.00000000
381 8.87449646 -23.01250080 0.00000000
382 8.62451077 -23.01250080 0.00000000
383 8.37452507 -23.01250080 0.00000000
384 8.12453938 -23.01250080 0.00000000
385 7.87455320 -23.01250080 0.00000000
386 7.62456751 -23.01250080 0.00000000
387 7.37458134 -23.01250080 0.00000000
388 7.12459564 -23.01250080 0.00000000
389 6.87460995 -23.01250080 0.00000000
390 6.62462425 -23.01250080 0.00000000
391 6.37463808 -23.01250080 0.00000000
392 6.12465239 -23.01250080 0.00000000
393 5.87466669 -23.01250080 0.00000000
394 5.62468100 -23.01250080 0.00000000
395 5.37469482 -23.01250080 0.00000000
396 5.12470913 -23.01250080 0.00000000
397 4.87472343 -23.01250080 0.00000000
398 4.62473774 -23.01250080 0.00000000
399 4.37475157 -23.01250080 0.00000000
400 4.12476587 -23.01250080 0.00000000
401 3.87478018 -23.01250080 0.00000000
402 3.62479424 -23.01250080 0.00000000
403 3.37480855 -23.01250080 0.00000000
404 3.12482262 -23.01250080 0.00000000
405 2.87483692 -23.01250080 0.00000000
406 2.62485099 -23.01250080 0.00000000
407 2.37486529 -23.01250080 0.00000000
408 2.12487936 -23.01250080 0.00000000
409 1.87489367 -23.01250080 0.00000000
410 1.62490785 -23.01250080 0.00000000
411 1.37492204 -23.01250080 0.00000000
412 1.12493622 -23.01250080 0.00000000
413 0.87495035 -23.01250080 0.00000000
414 0.62496454 -23.01250080 0.00000000
415 0.37497872 -23.01250080 0.00000000
416 0.12499291 -23.01250080 0.00000000
417 -0.12499291 -23.01250080 0.00000000
418 -0.37497872 -23.01250080 0.00000000
419 -0.62496454 -23.01250080 0.00000000
420 -0.87495035 -23.01250080 0.00000000
421 -1.12493622 -23.01250080 0.00000000
422 -1.37492204 -23.01250080 0.00000000
423 -1.62490785 -23.01250080 0.00000000
424 -1.87489367 -23.01250080 0.00000000
425 -2.12487936 -23.01250080 0.00000000
426 -2.37486529 -23.01250080 0.00000000
427 -2.62485099 -23.01250080 0.00000000
428 -2.87483692 -23.01250080 0.00000000
429 -3.12482262 -23.01250080 0.00000000
430 -3.37480855 -23.01250080 0.00000000
431 -3.62479424 -23.01250080 0.00000000
432 -3.87478018 -23.01250080 0.00000000
433 -4.12476587 -23.01250080 0.00000000
434 -4.37475157 -23.01250080 0.00000000
435 -4.62473774 -23.01250080 0.00000000
436 -4.87472343 -23.01250080 0.00000000
437 -5.12470913 -23.01250080 0.00000000
438 -5.37469482 -23.01250080 0.00000000
439 -5.62468100 -23.01250080 0.00000000
440 -5.87466669 -23.01250080 0.00000000
441 -6.12465239 -23.01250080 0.00000000
442 -6.37463808 -23.01250080 0.00000000
443 -6.62462425 -23.01250080 0.00000000
444 -6.87460995 -23.01250080 0.00000000
445 -7.12459564 -23.01250080 0.00000000
446 -7.37458134 -23.01250080 0.00000000
447 -7.62456751 -23.01250080 0.00000000
448 -7.87455320 -23.01250080 0.00000000
449 -8.12453938 -23.01250080 0.00000000
450 -8.37452507 -23.01250080 0.00000000
451 -8.62451077 -23.01250080 0.00000000
452 -8.87449646 -23.01250080 0.00000000
453 -9.12448215 -23.01250080 0.00000000
454 -9.37446785 -23.01250080 0.00000000
455 -9.62445354 -23.01250080 0.00000000
456 -9.87443924 -23.01250080 0.00000000
457 -10.12442590 -23.01250080 0.00000000
458 -10.37441160 -23.01250080 0.00000000
459 -10.62439730 -23.01250080 0.00000000
460 -10.87438300 -23.01250080 0.00000000
461 -11.12436870 -23.01250080 0.00000000
462 -11.37435440 -23.01250080 0.00000000
463 -11.62434010 -23.01250080 0.00000000
464 -11.87432670 -23.01250080 0.00000000
465 -12.12431240 -23.01250080 0.00000000
466 -12.37429810 -23.01250080 0.00000000
467 -12.62428380 -23.01250080 0.00000000
468 -12.87426950 -23.01250080 0.00000000
469 -13.12425520 -23.01250080 0.00000000
470 -13.37424090 -23.01250080 0.00000000
471 -13.62422660 -23.01250080 0.00000000
472 -13.87421320 -23.01250080 0.00000000
473 -14.12419890 -23.01250080 0.00000000
474 -14.37418460 -23.01250080 0.00000000
475 -14.62417030 -23.01250080 0.00000000
476 -14.87415600 -23.01250080 0.00000000
477 -15.12414170 -23.01250080 0.00000000
478 -15.37412740 -23.01250080 0.00000000
479 -15.62411310 -23.01250080 0.00000000
480 -15.87409970 -23.01250080 0.00000000
481 -16.12408450 -23.01250080 0.00000000
482 -16.37407110 -23.01250080 0.00000000
483 -16.62405590 -23.01250080 0.00000000
484 -16.87404250 -23.01250080 0.00000000
485 -17.12402920 -23.01250080 0.00000000
486 -17.37401390 -23.01250080 0.00000000
487 -17.37401390 -23.35000040 0.00000000
488 -17.12402920 -23.35000040 0.00000000
489 -16.87404250 -23.35000040 0.00000000
490 -16.62405590 -23.35000040 0.00000000
491 -16.37407110 -23.35000040 0.00000000
492 -16.12408450 -23.35000040 0.00000000
493 -15.87409970 -23.35000040 0.00000000
494 -15.62411310 -23.35000040 0.00000000
495 -15.37412740 -23.35000040 0.00000000
496 -15.12414170 -23.35000040 0.00000000
497 -14.87415600 -23.35000040 0.00000000
498 -14.62417030 -23.35000040 0.00000000
499 -14.37418460 -23.35000040 0.00000000
500 -14.12419890 -23.35000040 0.00000000
501 -13.87421320 -23.35000040 0.00000000
502 -13.62422660 -23.35000040 0.00000000
503 -13.37424090 -23.35000040 0.00000000
504 -13.12425520 -23.35000040 0.00000000
505 -12.87426950 -23.35000040 0.00000000
506 -12.62428380 -23.35000040 0.00000000
507 -12.37429810 -23.35000040 0.00000000
508 -12.12431240 -23.35000040 0.00000000
509 -11.87432670 -23.35000040 0.00000000
510 -11.62434010 -23.35000040 0.00000000
511 -11.37435440 -23.35000040 0.00000000
512 -11.12436870 -23.35000040 0.00000000
513 -10.87438300 -23.35000040 0.00000000
514 -10.62439730 -23.35000040 0.00000000
515 -10.37441160 -23.35000040 0.00000000
516 -10.12442590 -23.35000040 0.00000000
517 -9.87443924 -23.35000040 0.00000000
518 -9.62445354 -23.35000040 0.00000000
519 -9.37446785 -23.35000040 0.00000000
520 -9.12448215 -23.35000040 0.00000000
521 -8.87449646 -23.35000040 0.00000000
522 -8.62451077 -23.35000040 0.00000000
523 -8.37452507 -23.35000040 0.00000000
524 -8.12453938 -23.35000040 0.00000000
525 -7.87455320 -23.35000040 0.00000000
526 -7.62456751 -23.35000040 0.00000000
527 -7.37458134 -23.35000040 0.00000000
528 -7.12459564 -23.35000040 0.00000000
529 -6.87460995 -23.35000040 0.00000000
530 -6.62462425 -23.35000040 0.00000000
531 -6.37463808 -23.35000040 0.00000000
532 -6.12465239 -23.35000040 0.00000000
533 -5.87466669 -23.35000040 0.00000000
534 -5.62468100 -23.35000040 0.00000000
535 -5.37469482 -23.35000040 0.00000000
536 -5.12470913 -23.35000040 0.00000000
537 -4.87472343 -23.35000040 0.00000000
538 -4.62473774 -23.35000040 0.00000000
539 -4.37475157 -23.35000040 0.00000000
540 -4.12476587 -23.35000040 0.00000000
541 -3.87478018 -23.35000040 0.00000000
542 -3.62479424 -23.35000040 0.00000000
543 -3.37480855 -23.35000040 0.00000000
544 -3.12482262 -23.35000040 0.00000000
545 -2.87483692 -23.35000040 0.00000000
546 -2.62485099 -23.35000040 0.00000000
547 -2.37486529 -23.35000040 0.00000000
548 -2.12487936 -23.35000040 0.00000000
549 -1.87489367 -23.35000040 0.00000000
550 -1.62490785 -23.35000040 0.00000000
551 -1.37492204 -23.35000040 0.00000000
552 -1.12493622 -23.35000040 0.00000000
553 -0.87495035 -23.35000040 0.00000000
554 -0.62496454 -23.35000040 0.00000000
555 -0.37497872 -23.35000040 0.00000000
556 -0.12499291 -23.35000040 0.00000000
557 0.12499291 -23.35000040 0.00000000
558 0.37497872 -23.35000040 0.00000000
559 0.62496454 -23.35000040 0.00000000
560 0.87495035 -23.35000040 0.00000000
561 1.12493622 -23.35000040 0.00000000
562 1.37492204 -23.35000040 0.00000000
563 1.62490785 -23.35000040 0.00000000
564 1.87489367 -23.35000040 0.00000000
565 2.12487936 -23.35000040 0.00000000
566 2.37486529 -23.35000040 0.00000000
567 2.62485099 -23.35000040 0.00000000
568 2.87483692 -23.35000040 0.00000000
569 3.12482262 -23.35000040 0.00000000
570 3.37480855 -23.35000040 0.00000000
571 3.62479424 -23.35000040 0.00000000
572 3.87478018 -23.35000040 0.00000000
573 4.12476587 -23.35000040 0.00000000
574 4.37475157 -23.35000040 0.00000000
575 4.62473774 -23.35000040 0.00000000
576 4.87472343 -23.35000040 0.00000000
577 5.12470913 -23.35000040 0.00000000
578 5.37469482 -23.35000040 0.00000000
579 5.62468100 -23.35000040 0.00000000
580 5.87466669 -23.35000040 0.00000000
581 6.12465239 -23.35000040 0.00000000
582 6.37463808 -23.35000040 0.00000000
583 6.62462425 -23.35000040 0.00000000
584 6.87460995 -23.35000040 0.00000000
585 7.12459564 -23.35000040 0.00000000
586 7.37458134 -23.35000040 0.00000000
587 7.62456751 -23.35000040 0.00000000
588 7.87455320 -23.35000040 0.00000000
589 8.12453938 -23.35000040 0.00000000
590 8.37452507 -23.35000040 0.00000000
591 8.62451077 -23.35000040 0.00000000
592 8.87449646 -23.35000040 0.00000000
593 9.12448215 -23.35000040 0.00000000
594 9.37446785 -23.35000040 0.00000000
595 9.62445354 -23.35000040 0.00000000
596 9.87443924 -23.35000040 0.00000000
597 10.12442590 -23.35000040 0.00000000
598 10.37441160 -23.35000040 0.00000000
599 10.62439730 -23.35000040 0.00000000
600 10.87438300 -23.35000040 0.00000000
601 11.12436870 -23.35000040 0.00000000
602 11.37435440 -23.35000040 0.00000000
603 11.62434010 -23.35000040 0.00000000
604 11.87432670 -23.35000040 0.00000000
605 12.12431240 -23.35000040 0.00000000
606 12.37429810 -23.35000040 0.00000000
607 12.62428380 -23.35000040 0.00000000
608 12.87426950 -23.35000040 0.00000000
609 13.12425520 -23.35000040 0.00000000
610 13.37424090 -23.35000040 0.00000000
611 13.62422660 -23.35000040 0.00000000
612 13.87421320 -23.35000040 0.00000000
613 14.12419890 -23.35000040 0.00000000
614 14.37418460 -23.35000040 0.00000000
615 14.62417030 -23.35000040 0.00000000
616 14.87415600 -23.35000040 0.00000000
617 15.12414170 -23.35000040 0.00000000
618 15.37412740 -23.35000040 0.00000000
619 15.62411310 -23.35000040 0.00000000
620 15.87409970 -23.35000040 0.00000000
621 16.12408450 -23.35000040 0.00000000
622 16.37407110 -23.35000040 0.00000000
623 16.62405590 -23.35000040 0.00000000
624 16.87404250 -23.35000040 0.00000000
625 17.12402920 -23.35000040 0.00000000
626 17.37401390 -23.35000040 0.00000000
627 17.37401390 22.67499920 0.00000000
628 17.12402920 22.67499920 0.00000000
629 16.87404250 22.67499920 0.00000000
630 16.62405590 22.67499920 0.00000000
631 16.37407110 22.67499920 0.00000000
632 16.12408450 22.67499920 0.00000000
633 15.87409970 22.67499920 0.00000000
634 15.62411310 22.67499920 0.00000000
635 15.37412740 22.67499920 0.00000000
636 15.12414170 22.67499920 0.00000000
637 14.87415600 22.67499920 0.00000000
638 14.62417030 22.67499920 0.00000000
639 14.37418460 22.67499920 0.00000000
640 14.12419890 22.67499920 0.00000000
641 13.87421320 22.67499920 0.00000000
642 13.62422660 22.67499920 0.00000000
643 13.37424090 22.67499920 0.00000000
644 13.12425520 22.67499920 0.00000000
645 12.87426950 22.67499920 0.00000000
646 12.62428380 22.67499920 0.00000000
647 12.37429810 22.67499920 0.00000000
648 12.12431240 22.67499920 0.00000000
649 11.87432670 22.67499920 0.00000000
650 11.62434010 22.67499920 0.00000000
651 11.37435440 22.67499920 0.00000000
652 11.12436870 22.67499920 0.00000000
653 10.87438300 22.67499920 0.00000000
654 10.62439730 22.67499920 0.00000000
655 10.37441160 22.67499920 0.00000000
656 10.12442590 22.67499920 0.00000000
657 9.87443924 22.67499920 0.00000000
658 9.62445354 22.67499920 0.00000000
659 9.37446785 22.67499920 0.00000000
660 9.12448215 22.67499920 0.00000000
661 8.87449646 22.67499920 0.00000000
662 8.62451077 22.67499920 0.00000000
663 8.37452507 22.67499920 0.00000000
664 8.12453938 22.67499920 0.00000000
665 7.87455320 22.67499920 0.00000000
666 7.62456751 22.67499920 0.00000000
667 7.37458134 22.67499920 0.00000000
668 7.12459564 22.67499920 0.00000000
669 6.87460995 22.67499920 0.00000000
670 6.62462425 22.67499920 0.00000000
671 6.37463808 22.67499920 0.00000000
672 6.12465239 22.67499920 0.00000000
673 5.87466669 22.67499920 0.00000000
674 5.62468100 22.67499920 0.00000000
675 5.37469482 22.67499920 0.00000000
676 5.12470913 22.67499920 0.00000000
677 4.87472343 22.67499920 0.00000000
678 4.62473774 22.67499920 0.00000000
679 4.37475157 22.67499920 0.00000000
680 4.12476587 22.67499920 0.00000000
681 3.87478018 22.67499920 0.00000000
682 3.62479424 22.67499920 0.00000000
683 3.37480855 22.67499920 0.00000000
684 3.12482262 22.67499920 0.00000000
685 2.87483692 22.67499920 0.00000000
686 2.62485099 22.67499920 0.00000000
687 2.37486529 22.67499920 0.00000000
688 2.12487936 22.67499920 0.00000000
689 1.87489367 22.67499920 0.00000000
690 1.62490785 22.67499920 0.00000000
691 1.37492204 22.67499920 0.00000000
692 1.12493622 22.67499920 0.00000000
693 0.87495035 22.67499920 0.00000000
694 0.62496454 22.67499920 0.00000000
695 0.37497872 22.67499920 0.00000000
696 0.12499291 22.67499920 0.00000000
697 -0.12499291 22.67499920 0.00000000
698 -0.37497872 22.67499920 0.00000000
699 -0.62496454 22.67499920 0.00000000
700 -0.87495035 22.67499920 0.00000000
701 -1.12493622 22.67499920 0.00000000
702 -1.37492204 22.67499920 0.00000000
703 -1.62490785 22.67499920 0.00000000
704 -1.87489367 22.67499920 0.00000000
705 -2.12487936 22.67499920 0.00000000
706 -2.37486529 22.67499920 0.00000000
707 -2.62485099 22.67499920 0.00000000
708 -2.87483692 22.67499920 0.00000000
709 -3.12482262 22.67499920 0.00000000
710 -3.37480855 22.67499920 0.00000000
711 -3.62479424 22.67499920 0.00000000
712 -3.87478018 22.67499920 0.00000000
713 -4.12476587 22.67499920 0.00000000
714 -4.37475157 22.67499920 0.00000000
715 -4.62473774 22.67499920 0.00000000
716 -4.87472343 22.67499920 0.00000000
717 -5.12470913 22.67499920 0.00000000
718 -5.37469482 22.67499920 0.00000000
719 -5.62468100 22.67499920 0.00000000
720 -5.87466669 22.67499920 0.00000000
721 -6.12465239 22.67499920 0.00000000
722 -6.37463808 22.67499920 0.00000000
723 -6.62462425 22.67499920 0.00000000
724 -6.87460995 22.67499920 0.00000000
725 -7.12459564 22.67499920 0.00000000
726 -7.37458134 22.67499920 0.00000000
727 -7.62456751 22.67499920 0.00000000
728 -7.87455320 22.67499920 0.00000000
729 -8.12453938 22.67499920 0.00000000
730 -8.37452507 22.67499920 0.00000000
731 -8.62451077 22.67499920 0.00000000
732 -8.87449646 22.67499920 0.00000000
733 -9.12448215 22.67499920 0.00000000
734 -9.37446785 22.67499920 0.00000000
735 -9.62445354 22.67499920 0.00000000
736 -9.87443924 22.67499920 0.00000000
737 -10.12442590 22.67499920 0.00000000
738 -10.37441160 22.67499920 0.00000000
739 -10.62439730 22.67499920 0.00000000
740 -10.87438300 22.67499920 0.00000000
741 -11.12436870 22.67499920 0.00000000
742 -11.37435440 22.67499920 0.00000000
743 -11.62434010 22.67499920 0.00000000
744 -11.87432670 22.67499920 0.00000000
745 -12.12431240 22.67499920 0.00000000
746 -12.37429810 22.67499920 0.00000000
747 -12.62428380 22.67499920 0.00000000
748 -12.87426950 22.67499920 0.00000000
749 -13.12425520 22.67499920 0.00000000
750 -13.37424090 22.67499920 0.00000000
751 -13.62422660 22.67499920 0.00000000
752 -13.87421320 22.67499920 0.00000000
753 -14.12419890 22.67499920 0.00000000
754 -14.37418460 22.67499920 0.00000000
755 -14.62417030 22.67499920 0.00000000
756 -14.87415600 22.67499920 0.00000000
757 -15.12414170 22.67499920 0.00000000
758 -15.37412740 22.67499920 0.00000000
759 -15.62411310 22.67499920 0.00000000
760 -15.87409970 22.67499920 0.00000000
761 -16.12408450 22.67499920 0.00000000
762 -16.37407110 22.67499920 0.00000000
763 -16.62405590 22.67499920 0.00000000
764 -16.87404250 22.67499920 0.00000000
765 -17.12402920 22.67499920 0.00000000
766 -17.37401390 22.67499920 0.00000000
767 -17.37401390 22.33749960 0.00000000
768 -17.12402920 22.33749960 0.00000000
769 -16.87404250 22.33749960 0.00000000
770 -16.62405590 22.33749960 0.00000000
771 -16.37407110 22.33749960 0.00000000
772 -16.12408450 22.33749960 0.00000000
773 -15.87409970 22.33749960 0.00000000
774 -15.62411310 22.33749960 0.00000000
775 -15.37412740 22.33749960 0.00000000
776 -15.12414170 22.33749960 0.00000000
777 -14.87415600 22.33749960 0.00000000
778 -14.62417030 22.33749960 0.00000000
779 -14.37418460 22.33749960 0.00000000
780 -14.12419890 22.33749960 0.00000000
781 -13.87421320 22.33749960 0.00000000
782 -13.62422660 22.33749960 0.00000000
783 -13.37424090 22.33749960 0.00000000
784 -13.12425520 22.33749960 0.00000000
785 -12.87426950 22.33749960 0.00000000
786 -12.62428380 22.33749960 0.00000000
787 -12.37429810 22.33749960 0.00000000
788 -12.12431240 22.33749960 0.00000000
789 -11.87432670 22.33749960 0.00000000
790 -11.62434010 22.33749960 0.00000000
791 -11.37435440 22.33749960 0.00000000
792 -11.12436870 22.33749960 0.00000000
793 -10.87438300 22.33749960 0.00000000
794 -10.62439730 22.33749960 0.00000000
795 -10.37441160 22.33749960 0.00000000
796 -10.12442590 22.33749960 0.00000000
797 -9.87443924 22.33749960 0.00000000
798 -9.62445354 22.33749960 0.00000000
799 -9.37446785 22.33749960 0.00000000
800 -9.12448215 22.33749960 0.00000000
801 -8.87449646 22.33749960 0.00000000
802 -8.62451077 22.33749960 0.00000000
803 -8.37452507 22.33749960 0.00000000
804 -8.12453938 22.33749960 0.00000000
805 -7.87455320 22.33749960 0.00000000
806 -7.62456751 22.33749960 0.00000000
807 -7.37458134 22.33749960 0.00000000
808 -7.12459564 22.33749960 0.00000000
809 -6.87460995 22.33749960 0.00000000
810 -6.62462425 22.33749960 0.00000000
811 -6.37463808 22.33749960 0.00000000
812 -6.12465239 22.33749960 0.00000000
813 -5.87466669 22.33749960 0.00000000
814 -5.62468100 22.33749960 0.00000000
815 -5.37469482 22.33749960 0.00000000
816 -5.12470913 22.33749960 0.00000000
817 -4.87472343 22.33749960 0.00000000
818 -4.62473774 22.33749960 0.00000000
819 -4.37475157 22.33749960 0.00000000
820 -4.12476587 22.33749960 0.00000000
821 -3.87478018 22.33749960 0.00000000
822 -3.62479424 22.33749960 0.00000000
823 -3.37480855 22.33749960 0.00000000
824 -3.12482262 22.33749960 0.00000000
825 -2.87483692 22.33749960 0.00000000
826 -2.62485099 22.33749960 0.00000000
827 -2.37486529 22.33749960 0.00000000
828 -2.12487936 22.33749960 0.00000000
829 -1.87489367 22.33749960 0.00000000
830 -1.62490785 22.33749960 0.00000000
831 -1.37492204 22.33749960 0.00000000
832 -1.12493622 22.33749960 0.00000000
833 -0.87495035 22.33749960 0.00000000
834 -0.62496454 22.33749960 0.00000000
835 -0.37497872 22.33749960 0.00000000
836 -0.12499291 22.33749960 0.00000000
837 0.12499291 22.33749960 0.00000000
838 0.37497872 22.33749960 0.00000000
839 0.62496454 22.33749960 0.00000000
840 0.87495035 22.33749960 0.00000000
841 1.12493622 22.33749960 0.00000000
842 1.37492204 22.33749960 0.00000000
843 1.62490785 22.33749960 0.00000000
844 1.87489367 22.33749960 0.00000000
845 2.12487936 22.33749960 0.00000000
846 2.37486529 22.33749960 0.00000000
847 2.62485099 22.33749960 0.00000000
848 2.87483692 22.33749960 0.00000000
849 3.12482262 22.33749960 0.00000000
850 3.37480855 22.33749960 0.00000000
851 3.62479424 22.33749960 0.00000000
852 3.87478018 22.33749960 0.00000000
853 4.12476587 22.33749960 0.00000000
854 4.37475157 22.33749960 0.00000000
855 4.62473774 22.33749960 0.00000000
856 4.87472343 22.33749960 0.00000000
857 5.12470913 22.33749960 0.00000000
858 5.37469482 22.33749960 0.00000000
859 5.62468100 22.33749960 0.00000000
860 5.87466669 22.33749960 0.00000000
861 6.12465239 22.33749960 0.00000000
862 6.37463808 22.33749960 0.00000000
863 6.62462425 22.33749960 0.00000000
864 6.87460995 22.33749960 0.00000000
865 7.12459564 22.33749960 0.00000000
866 7.37458134 22.33749960 0.00000000
867 7.62456751 22.33749960 0.00000000
868 7.87455320 22.33749960 0.00000000
869 8.12453938 22.33749960 0.00000000
870 8.37452507 22.33749960 0.00000000
871 8.62451077 22.33749960 0.00000000
872 8.87449646 22.33749960 0.00000000
873 9.12448215 22.33749960 0.00000000
874 9.37446785 22.33749960 0.00000000
875 9.62445354 22.33749960 0.00000000
876 9.87443924 22.33749960 0.00000000
877 10.12442590 22.33749960 0.00000000
878 10.37441160 22.33749960 0.00000000
879 10.62439730 22.33749960 0.00000000
880 10.87438300 22.33749960 0.00000000
881 11.12436870 22.33749960 0.00000000
882 11.37435440 22.33749960 0.00000000
883 11.62434010 22.33749960 0.00000000
884 11.87432670 22.33749960 0.00000000
885 12.12431240 22.33749960 0.00000000
886 12.37429810 22.33749960 0.00000000
887 12.62428380 22.33749960 0.00000000
888 12.87426950 22.33749960 0.00000000
889 13.12425520 22.33749960 0.00000000
890 13.37424090 22.33749960 0.00000000
891 13.62422660 22.33749960 0.00000000
892 13.87421320 22.33749960 0.00000000
893 14.12419890 22.33749960 0.00000000
894 14.37418460 22.33749960 0.00000000
895 14.62417030 22.33749960 0.00000000
896 14.87415600 22.33749960 0.00000000
897 15.12414170 22.33749960 0.00000000
898 15.37412740 22.33749960 0.00000000
899 15.62411310 22.33749960 0.00000000
900 15.87409970 22.33749960 0.00000000
901 16.12408450 22.33749960 0.00000000
902 16.37407110 22.33749960 0.00000000
903 16.62405590 22.33749960 0.00000000
904 16.87404250 22.33749960 0.00000000
905 17.12402920 22.33749960 0.00000000
906 17.37401390 22.33749960 0.00000000
907 17.37401390 -22.33749960 0.00000000
908 17.12402920 -22.33749960 0.00000000
909 16.87404250 -22.33749960 0.00000000
910 16.62405590 -22.33749960 0.00000000
911 16.37407110 -22.33749960 0.00000000
912 16.12408450 -22.33749960 0.00000000
913 15.87409970 -22.33749960 0.00000000
914 15.62411310 -22.33749960 0.00000000
915 15.37412740 -22.33749960 0.00000000
916 15.12414170 -22.33749960 0.00000000
917 14.87415600 -22.33749960 0.00000000
918 14.62417030 -22.33749960 0.00000000
919 14.37418460 -22.33749960 0.00000000
920 14.12419890 -22.33749960 0.00000000
921 13.87421320 -22.33749960 0.00000000
922 13.62422660 -22.33749960 0.00000000
923 13.37424090 -22.33749960 0.00000000
924 13.12425520 -22.33749960 0.00000000
925 12.87426950 -22.33749960 0.00000000
926 12.62428380 -22.33749960 0.00000000
927 12.37429810 -22.33749960 0.00000000
928 12.12431240 -22.33749960 0.00000000
929 11.87432670 -22.33749960 0.00000000
930 11.62434010 -22.33749960 0.00000000
931 11.37435440 -22.33749960 0.00000000
932 11.12436870 -22.33749960 0.00000000
933 10.87438300 -22.33749960 0.00000000
934 10.62439730 -22.33749960 0.00000000
935 10.37441160 -22.33749960 0.00000000
936 10.12442590 -22.33749960 0.00000000
937 9.87443924 -22.33749960 0.00000000
938 9.62445354 -22.33749960 0.00000000
939 9.37446785 -22.33749960 0.00000000
940 9.12448215 -22.33749960 0.00000000
941 8.87449646 -22.33749960 0.00000000
942 8.62451077 -22.33749960 0.00000000
943 8.37452507 -22.33749960 0.00000000
944 8.12453938 -22.33749960 0.00000000
945 7.87455320 -22.33749960 0.00000000
946 7.62456751 -22.33749960 0.00000000
947 7.37458134 -22.33749960 0.00000000
948 7.12459564 -22.33749960 0.00000000
949 6.87460995 -22.33749960 0.00000000
950 6.62462425 -22.33749960 0.00000000
951 6.37463808 -22.33749960 0.00000000
952 6.12465239 -22.33749960 0.00000000
953 5.87466669 -22.33749960 0.00000000
954 5.62468100 -22.33749960 0.00000000
955 5.37469482 -22.33749960 0.00000000
956 5.12470913 -22.33749960 0.00000000
957 4.87472343 -22.33749960 0.00000000
958 4.62473774 -22.33749960 0.00000000
959 4.37475157 -22.33749960 0.00000000
960 4.12476587 -22.33749960 0.00000000
961 3.87478018 -22.33749960 0.00000000
962 3.62479424 -22.33749960 0.00000000
963 3.37480855 -22.33749960 0.00000000
964 3.12482262 -22.33749960 0.00000000
965 2.87483692 -22.33749960 0.00000000
966 2.62485099 -22.33749960 0.00000000
967 2.37486529 -22.33749960 0.00000000
968 2.12487936 -22.33749960 0.00000000
969 1.87489367 -22.33749960 0.00000000
970 1.62490785 -22.33749960 0.00000000
971 1.37492204 -22.33749960 0.00000000
972 1.12493622 -22.33749960 0.00000000
973 0.87495035 -22.33749960 0.00000000
974 0.62496454 -22.33749960 0.00000000
975 0.37497872 -22.33749960 0.00000000
976 0.12499291 -22.33749960 0.00000000
977 -0.12499291 -22.33749960 0.00000000
978 -0.37497872 -22.33749960 0.00000000
979 -0.62496454 -22.33749960 0.00000000
980 -0.87495035 -22.33749960 0.00000000
981 -1.12493622 -22.33749960 0.00000000
982 -1.37492204 -22.33749960 0.00000000
983 -1.62490785 -22.33749960 0.00000000
984 -1.87489367 -22.33749960 0.00000000
985 -2.12487936 -22.33749960 0.00000000
986 -2.37486529 -22.33749960 0.00000000
987 -2.62485099 -22.33749960 0.00000000
988 -2.87483692 -22.33749960 0.00000000
989 -3.12482262 -22.33749960 0.00000000
990 -3.37480855 -22.33749960 0.00000000
991 -3.62479424 -22.33749960 0.00000000
992 -3.87478018 -22.33749960 0.00000000
993 -4.12476587 -22.33749960 0.00000000
994 -4.37475157 -22.33749960 0.00000000
995 -4.62473774 -22.33749960 0.00000000
996 -4.87472343 -22.33749960 0.00000000
997 -5.12470913 -22.33749960 0.00000000
998 -5.37469482 -22.33749960 0.00000000
999 -5.62468100 -22.33749960 0.00000000
1000 -5.87466669 -22.33749960 0.00000000
1001 -6.12465239 -22.33749960 0.00000000
1002 -6.37463808 -22.33749960 0.00000000
1003 -6.62462425 -22.33749960 0.00000000
1004 -6.87460995 -22.33749960 0.00000000
1005 -7.12459564 -22.33749960 0.00000000
1006 -7.37458134 -22.33749960 0.00000000
1007 -7.62456751 -22.33749960 0.00000000
1008 -7.87455320 -22.33749960 0.00000000
1009 -8.12453938 -22.33749960 0.00000000
1010 -8.37452507 -22.33749960 0.00000000
1011 -8.62451077 -22.33749960 0.00000000
1012 -8.87449646 -22.33749960 0.00000000
1013 -9.12448215 -22.33749960 0.00000000
1014 -9.37446785 -22.33749960 0.00000000
1015 -9.62445354 -22.33749960 0.00000000
1016 -9.87443924 -22.33749960 0.00000000
1017 -10.12442590 -22.33749960 0.00000000
1018 -10.37441160 -22.33749960 0.00000000
1019 -10.62439730 -22.33749960 0.00000000
1020 -10.87438300 -22.33749960 0.00000000
1021 -11.12436870 -22.33749960 0.00000000
1022 -11.37435440 -22.33749960 0.00000000
1023 -11.62434010 -22.33749960 0.00000000
1024 -11.87432670 -22.33749960 0.00000000
1025 -12.12431240 -22.33749960 0.00000000
1026 -12.37429810 -22.33749960 0.00000000
1027 -12.62428380 -22.33749960 0.00000000
1028 -12.87426950 -22.33749960 0.00000000
1029 -13.12425520 -22.33749960 0.00000000
1030 -13.37424090 -22.33749960 0.00000000
1031 -13.62422660 -22.33749960 0.00000000
1032 -13.87421320 -22.33749960 0.00000000
1033 -14.12419890 -22.33749960 0.00000000
1034 -14.37418460 -22.33749960 0.00000000
1035 -14.62417030 -22.33749960 0.00000000
1036 -14.87415600 -22.33749960 0.00000000
1037 -15.12414170 -22.33749960 0.00000000
1038 -15.37412740 -22.33749960 0.00000000
1039 -15.62411310 -22.33749960 0.00000000
1040 -15.87409970 -22.33749960 0.00000000
1041 -16.12408450 -22.33749960 0.00000000
1042 -16.37407110 -22.33749960 0.00000000
1043 -16.62405590 -22.33749960 0.00000000
1044 -16.87404250 -22.33749960 0.00000000
1045 -17.12402920 -22.33749960 0.00000000
1046 -17.37401390 -22.33749960 0.00000000
1047 -17.37401390 -22.67499920 0.00000000
1048 -17.12402920 -22.67499920 0.00000000
1049 -16.87404250 -22.67499920 0.00000000
1050 -16.62405590 -22.67499920 0.00000000
1051 -16.37407110 -22.67499920 0.00000000
1052 -16.12408450 -22.67499920 0.00000000
1053 -15.87409970 -22.67499920 0.00000000
1054 -15.62411310 -22.67499920 0.00000000
1055 -15.37412740 -22.67499920 0.00000000
1056 -15.12414170 -22.67499920 0.00000000
1057 -14.87415600 -22.67499920 0.00000000
1058 -14.62417030 -22.67499920 0.00000000
1059 -14.37418460 -22.67499920 0.00000000
1060 -14.12419890 -22.67499920 0.00000000
1061 -13.87421320 -22.67499920 0.00000000
1062 -13.62422660 -22.67499920 0.00000000
1063 -13.37424090 -22.67499920 0.00000000
1064 -13.12425520 -22.67499920 0.00000000
1065 -12.87426950 -22.67499920 0.00000000
1066 -12.62428380 -22.67499920 0.00000000
1067 -12.37429810 -22.67499920 0.00000000
1068 -12.12431240 -22.67499920 0.00000000
1069 -11.87432670 -22.67499920 0.00000000
1070 -11.62434010 -22.67499920 0.00000000
1071 -11.37435440 -22.67499920 0.00000000
1072 -11.12436870 -22.67499920 0.00000000
1073 -10.87438300 -22.67499920 0.00000000
1074 -10.62439730 -22.67499920 0.00000000
1075 -10.37441160 -22.67499920 0.00000000
1076 -10.12442590 -22.67499920 0.00000000
1077 -9.87443924 -22.67499920 0.00000000
1078 -9.62445354 -22.67499920 0.00000000
1079 -9.37446785 -22.67499920 0.00000000
1080 -9.12448215 -22.67499920 0.00000000
1081 -8.87449646 -22.67499920 0.00000000
1082 -8.62451077 -22.67499920 0.00000000
1083 -8.37452507 -22.67499920 0.00000000
1084 -8.12453938 -22.67499920 0.00000000
1085 -7.87455320 -22.67499920 0.00000000
1086 -7.62456751 -22.67499920 0.00000000
1087 -7.37458134 -22.67499920 0.00000000
1088 -7.12459564 -22.67499920 0.00000000
1089 -6.87460995 -22.67499920 0.00000000
1090 -6.62462425 -22.67499920 0.00000000
1091 -6.37463808 -22.67499920 0.00000000
1092 -6.12465239 -22.67499920 0.00000000
1093 -5.87466669 -22.67499920 0.00000000
1094 -5.62468100 -22.67499920 0.00000000
1095 -5.37469482 -22.67499920 0.00000000
1096 -5.12470913 -22.67499920 0.00000000
1097 -4.87472343 -22.67499920 0.00000000
1098 -4.62473774 -22.67499920 0.00000000
1099 -4.37475157 -22.67499920 0.00000000
1100 -4.12476587 -22.67499920 0.00000000
1101 -3.87478018 -22.67499920 0.00000000
1102 -3.62479424 -22.67499920 0.00000000
1103 -3.37480855 -22.67499920 0.00000000
1104 -3.12482262 -22.67499920 0.00000000
1105 -2.87483692 -22.67499920 0.00000000
1106 -2.62485099 -22.67499920 0.00000000
1107 -2.37486529 -22.67499920 0.00000000
1108 -2.12487936 -22.67499920 0.00000000
1109 -1.87489367 -22.67499920 0.00000000
1110 -1.62490785 -22.67499920 0.00000000
1111 -1.37492204 -22.67499920 0.00000000
1112 -1.12493622 -22.67499920 0.00000000
1113 -0.87495035 -22.67499920 0.00000000
1114 -0.62496454 -22.67499920 0.00000000
1115 -0.37497872 -22.67499920 0.00000000
1116 -0.12499291 -22.67499920 0.00000000
1117 0.12499291 -22.67499920 0.00000000
1118 0.37497872 -22.67499920 0.00000000
1119 0.62496454 -22.67499920 0.00000000
1120 0.87495035 -22.67499920 0.00000000
1121 1.12493622 -22.67499920 0.00000000
1122 1.37492204 -22.67499920 0.00000000
1123 1.62490785 -22.67499920 0.00000000
1124 1.87489367 -22.67499920 0.00000000
1125 2.12487936 -22.67499920 0.00000000
1126 2.37486529 -22.67499920 0.00000000
1127 2.62485099 -22.67499920 0.00000000
1128 2.87483692 -22.67499920 0.00000000
1129 3.12482262 -22.67499920 0.00000000
1130 3.37480855 -22.67499920 0.00000000
1131 3.62479424 -22.67499920 0.00000000
1132 3.87478018 -22.67499920 0.00000000
1133 4.12476587 -22.67499920 0.00000000
1134 4.37475157 -22.67499920 0.00000000
1135 4.62473774 -22.67499920 0.00000000
1136 4.87472343 -22.67499920 0.00000000
1137 5.12470913 -22.67499920 0.00000000
1138 5.37469482 -22.67499920 0.00000000
1139 5.62468100 -22.67499920 0.00000000
1140 5.87466669 -22.67499920 0.00000000
1141 6.12465239 -22.67499920 0.00000000
1142 6.37463808 -22.67499920 0.00000000
1143 6.62462425 -22.67499920 0.00000000
1144 6.87460995 -22.67499920 0.00000000
1145 7.12459564 -22.67499920 0.00000000
1146 7.37458134 -22.67499920 0.00000000
1147 7.62456751 -22.67499920 0.00000000
1148 7.87455320 -22.67499920 0.00000000
1149 8.12453938 -22.67499920 0.00000000
1150 8.37452507 -22.67499920 0.00000000
1151 8.62451077 -22.67499920 0.00000000
1152 8.87449646 -22.67499920 0.00000000
1153 9.12448215 -22.67499920 0.00000000
1154 9.37446785 -22.67499920 0.00000000
1155 9.62445354 -22.67499920 0.00000000
1156 9.87443924 -22.67499920 0.00000000
1157 10.12442590 -22.67499920 0.00000000
1158 10.37441160 -22.67499920 0.00000000
1159 10.62439730 -22.67499920 0.00000000
1160 10.87438300 -22.67499920 0.00000000
1161 11.12436870 -22.67499920 0.00000000
1162 11.37435440 -22.67499920 0.00000000
1163 11.62434010 -22.67499920 0.00000000
1164 11.87432670 -22.67499920 0.00000000
1165 12.12431240 -22.67499920 0.00000000
1166 12.37429810 -22.67499920 0.00000000
1167 12.62428380 -22.67499920 0.00000000
1168 12.87426950 -22.67499920 0.00000000
1169 13.12425520 -22.67499920 0.00000000
1170 13.37424090 -22.67499920 0.00000000
1171 13.62422660 -22.67499920 0.00000000
1172 13.87421320 -22.67499920 0.00000000
1173 14.12419890 -22.67499920 0.00000000
1174 14.37418460 -22.67499920 0.00000000
1175 14.62417030 -22.67499920 0.00000000
1176 14.87415600 -22.67499920 0.00000000
1177 15.12414170 -22.67499920 0.00000000
1178 15.37412740 -22.67499920 0.00000000
1179 15.62411310 -22.67499920 0.00000000
1180 15.87409970 -22.67499920 0.00000000
1181 16.12408450 -22.67499920 0.00000000
1182 16.37407110 -22.67499920 0.00000000
1183 16.62405590 -22.67499920 0.00000000
1184 16.87404250 -22.67499920 0.00000000
1185 17.12402920 -22.67499920 0.00000000
1186 17.37401390 -22.67499920 0.00000000
1187 6.25181103 22.00000000 0.00000000
1188 6.50452614 22.00000000 0.00000000
1189 6.75724173 22.00000000 0.00000000
1190 7.00995684 22.00000000 0.00000000
1191 7.26267242 22.00000000 0.00000000
1192 7.51538754 22.00000000 0.00000000
1193 7.76810265 22.00000000 0.00000000
1194 8.02081776 22.00000000 0.00000000
1195 8.27353382 22.00000000 0.00000000
1196 8.52624893 22.00000000 0.00000000
1197 8.77896404 22.00000000 0.00000000
1198 9.03167915 22.00000000 0.00000000
1199 9.28439426 22.00000000 0.00000000
1200 9.53711033 22.00000000 0.00000000
1201 9.78982544 22.00000000 0.00000000
1202 10.04254060 22.00000000 0.00000000
1203 10.29525570 22.00000000 0.00000000
1204 10.54797170 22.00000000 0.00000000
1205 10.80068680 22.00000000 0.00000000
1206 11.05340190 22.00000000 0.00000000
1207 11.30611710 22.00000000 0.00000000
1208 11.55883220 22.00000000 0.00000000
1209 11.81154820 22.00000000 0.00000000
1210 12.06426330 22.00000000 0.00000000
1211 12.31697850 22.00000000 0.00000000
1212 12.56969360 22.00000000 0.00000000
1213 12.82240870 22.00000000 0.00000000
1214 13.07512470 22.00000000 0.00000000
1215 13.32783990 22.00000000 0.00000000
1216 13.58055500 22.00000000 0.00000000
1217 13.83327010 22.00000000 0.00000000
1218 14.08598520 22.00000000 0.00000000
1219 14.33870120 22.00000000 0.00000000
1220 14.59141640 22.00000000 0.00000000
1221 14.84413150 22.00000000 0.00000000
1222 15.09684660 22.00000000 0.00000000
1223 15.34956260 22.00000000 0.00000000
1224 15.60227780 22.00000000 0.00000000
1225 15.85499290 22.00000000 0.00000000
1226 16.10770800 22.00000000 0.00000000
1227 16.36042400 22.00000000 0.00000000
1228 16.61313820 22.00000000 0.00000000
1229 16.86585430 22.00000000 0.00000000
1230 17.11857030 22.00000000 0.00000000
1231 17.37128450 22.00000000 0.00000000
1232 -5.74913359 22.00000000 0.00000000
1233 -5.49917126 22.00000000 0.00000000
1234 -5.24920893 22.00000000 0.00000000
1235 -4.99924660 22.00000000 0.00000000
1236 -4.74928427 22.00000000 0.00000000
1237 -4.49932194 22.00000000 0.00000000
1238 -4.24935961 22.00000000 0.00000000
1239 -3.99939704 22.00000000 0.00000000
1240 -3.74943471 22.00000000 0.00000000
1241 -3.49947238 22.00000000 0.00000000
1242 -3.24951029 22.00000000 0.00000000
1243 -2.99954796 22.00000000 0.00000000
1244 -2.74958563 22.00000000 0.00000000
1245 -2.49962330 22.00000000 0.00000000
1246 -2.24966097 22.00000000 0.00000000
1247 -1.99969852 22.00000000 0.00000000
1248 -1.74973619 22.00000000 0.00000000
1249 -1.49977398 22.00000000 0.00000000
1250 -1.24981165 22.00000000 0.00000000
1251 -0.99984926 22.00000000 0.00000000
1252 -0.74988699 22.00000000 0.00000000
1253 -0.49992463 22.00000000 0.00000000
1254 -0.24996231 22.00000000 0.00000000
1255 0.00000000 22.00000000 0.00000000
1256 0.24996231 22.00000000 0.00000000
1257 0.49992463 22.00000000 0.00000000
1258 0.74988699 22.00000000 0.00000000
1259 0.99984926 22.00000000 0.00000000
1260 1.24981165 22.00000000 0.00000000
1261 1.49977398 22.00000000 0.00000000
1262 1.74973619 22.00000000 0.00000000
1263 1.99969852 22.00000000 0.00000000
1264 2.24966097 22.00000000 0.00000000
1265 2.49962330 22.00000000 0.00000000
1266 2.74958563 22.00000000 0.00000000
1267 2.99954796 22.00000000 0.00000000
1268 3.24951029 22.00000000 0.00000000
1269 3.49947238 22.00000000 0.00000000
1270 3.74943471 22.00000000 0.00000000
1271 3.99939704 22.00000000 0.00000000
1272 4.24935961 22.00000000 0.00000000
1273 4.49932194 22.00000000 0.00000000
1274 4.74928427 22.00000000 0.00000000
1275 4.99924660 22.00000000 0.00000000
1276 5.24920893 22.00000000 0.00000000
1277 5.49917126 22.00000000 0.00000000
1278 5.74913359 22.00000000 0.00000000
1279 -17.37666130 22.00000000 0.00000000
1280 -17.12932400 22.00000000 0.00000000
1281 -16.88198470 22.00000000 0.00000000
1282 -16.63464740 22.00000000 0.00000000
1283 -16.38730810 22.00000000 0.00000000
1284 -16.13996890 22.00000000 0.00000000
1285 -15.89263150 22.00000000 0.00000000
1286 -15.64529320 22.00000000 0.00000000
1287 -15.39795490 22.00000000 0.00000000
1288 -15.15061570 22.00000000 0.00000000
1289 -14.90327740 22.00000000 0.00000000
1290 -14.65593910 22.00000000 0.00000000
1291 -14.40860080 22.00000000 0.00000000
1292 -14.16126250 22.00000000 0.00000000
1293 -13.91392420 22.00000000 0.00000000
1294 -13.66658590 22.00000000 0.00000000
1295 -13.41924760 22.00000000 0.00000000
1296 -13.17190930 22.00000000 0.00000000
1297 -12.92457100 22.00000000 0.00000000
1298 -12.67723180 22.00000000 0.00000000
1299 -12.42989350 22.00000000 0.00000000
1300 -12.18255520 22.00000000 0.00000000
1301 -11.93521690 22.00000000 0.00000000
1302 -11.68787860 22.00000000 0.00000000
1303 -11.44054030 22.00000000 0.00000000
1304 -11.19320200 22.00000000 0.00000000
1305 -10.94586370 22.00000000 0.00000000
1306 -10.69852540 22.00000000 0.00000000
1307 -10.45118710 22.00000000 0.00000000
1308 -10.20384790 22.00000000 0.00000000
1309 -9.95650959 22.00000000 0.00000000
1310 -9.70917130 22.00000000 0.00000000
1311 -9.46183300 22.00000000 0.00000000
1312 -9.21449471 22.00000000 0.00000000
1313 -8.96715641 22.00000000 0.00000000
1314 -8.71981812 22.00000000 0.00000000
1315 -8.47247982 22.00000000 0.00000000
1316 -8.22514153 22.00000000 0.00000000
1317 -7.97780275 22.00000000 0.00000000
1318 -7.73046446 22.00000000 0.00000000
1319 -7.48312616 22.00000000 0.00000000
1320 -7.23578787 22.00000000 0.00000000
1321 -6.98844910 22.00000000 0.00000000
1322 -6.74111080 22.00000000 0.00000000
1323 -6.49377251 22.00000000 0.00000000
1324 -6.24643421 22.00000000 0.00000000
1325 17.37666130 -22.00000000 0.00000000
1326 17.12932400 -22.00000000 0.00000000
1327 16.88198470 -22.00000000 0.00000000
1328 16.63464740 -22.00000000 0.00000000
1329 16.38730810 -22.00000000 0.00000000
1330 16.13996890 -22.00000000 0.00000000
1331 15.89263150 -22.00000000 0.00000000
1332 15.64529320 -22.00000000 0.00000000
1333 15.39795490 -22.00000000 0.00000000
1334 15.15061570 -22.00000000 0.00000000
1335 14.90327740 -22.00000000 0.00000000
1336 14.65593910 -22.00000000 0.00000000
1337 14.40860080 -22.00000000 0.00000000
1338 14.16126250 -22.00000000 0.00000000
1339 13.91392420 -22.00000000 0.00000000
1340 13.66658590 -22.00000000 0.00000000
1341 13.41924760 -22.00000000 0.00000000
1342 13.17190930 -22.00000000 0.00000000
1343 12.92457100 -22.00000000 0.00000000
1344 12.67723180 -22.00000000 0.00000000
1345 12.42989350 -22.00000000 0.00000000
1346 12.18255520 -22.00000000 0.00000000
1347 11.93521690 -22.00000000 0.00000000
1348 11.68787860 -22.00000000 0.00000000
1349 11.44054030 -22.00000000 0.00000000
1350 11.19320200 -22.00000000 0.00000000
1351 10.94586370 -22.00000000 0.00000000
1352 10.69852540 -22.00000000 0.00000000
1353 10.45118710 -22.00000000 0.00000000
1354 10.20384790 -22.00000000 0.00000000
1355 9.95650959 -22.00000000 0.00000000
1356 9.70917130 -22.00000000 0.00000000
1357 9.46183300 -22.00000000 0.00000000
1358 9.21449471 -22.00000000 0.00000000
1359 8.96715641 -22.00000000 0.00000000
1360 8.71981812 -22.00000000 0.00000000
1361 8.47247982 -22.00000000 0.00000000
1362 8.22514153 -22.00000000 0.00000000
1363 7.97780275 -22.00000000 0.00000000
1364 7.73046446 -22.00000000 0.00000000
1365 7.48312616 -22.00000000 0.00000000
1366 7.23578787 -22.00000000 0.00000000
1367 6.98844910 -22.00000000 0.00000000
1368 6.74111080 -22.00000000 0.00000000
1369 6.49377251 -22.00000000 0.00000000
1370 6.24643421 -22.00000000 0.00000000
1371 5.74913359 -22.00000000 0.00000000
1372 5.49917126 -22.00000000 0.00000000
1373 5.24920893 -22.00000000 0.00000000
1374 4.99924660 -22.00000000 0.00000000
1375 4.74928427 -22.00000000 0.00000000
1376 4.49932194 -22.00000000 0.00000000
1377 4.24935961 -22.00000000 0.00000000
1378 3.99939704 -22.00000000 0.00000000
1379 3.74943471 -22.00000000 0.00000000
1380 3.49947238 -22.00000000 0.00000000
1381 3.24951029 -22.00000000 0.00000000
1382 2.99954796 -22.00000000 0.00000000
1383 2.74958563 -22.00000000 0.00000000
1384 2.49962330 -22.00000000 0.00000000
1385 2.24966097 -22.00000000 0.00000000
1386 1.99969852 -22.00000000 0.00000000
1387 1.74973619 -22.00000000 0.00000000
1388 1.49977398 -22.00000000 0.00000000
1389 1.24981165 -22.00000000 0.00000000
1390 0.99984926 -22.00000000 0.00000000
1391 0.74988699 -22.00000000 0.00000000
1392 0.49992463 -22.00000000 0.00000000
1393 0.24996231 -22.00000000 0.00000000
1394 0.00000000 -22.00000000 0.00000000
1395 -0.24996231 -22.00000000 0.00000000
1396 -0.49992463 -22.00000000 0.00000000
1397 -0.74988699 -22.00000000 0.00000000
1398 -0.99984926 -22.00000000 0.00000000
1399 -1.24981165 -22.00000000 0.00000000
1400 -1.49977398 -22.00000000 0.00000000
1401 -1.74973619 -22.00000000 0.00000000
1402 -1.99969852 -22.00000000 0.00000000
1403 -2.24966097 -22.00000000 0.00000000
1404 -2.49962330 -22.00000000 0.00000000
1405 -2.74958563 -22.00000000 0.00000000
1406 -2.99954796 -22.00000000 0.00000000
1407 -3.24951029 -22.00000000 0.00000000
1408 -3.49947238 -22.00000000 0.00000000
1409 -3.74943471 -22.00000000 0.00000000
1410 -3.99939704 -22.00000000 0.00000000
1411 -4.24935961 -22.00000000 0.00000000
1412 -4.49932194 -22.00000000 0.00000000
1413 -4.74928427 -22.00000000 0.00000000
1414 -4.99924660 -22.00000000 0.00000000
1415 -5.24920893 -22.00000000 0.00000000
1416 -5.49917126 -22.00000000 0.00000000
1417 -5.74913359 -22.00000000 0.00000000
1418 -6.25181103 -22.00000000 0.00000000
1419 -6.50452614 -22.00000000 0.00000000
1420 -6.75724173 -22.00000000 0.00000000
1421 -7.00995684 -22.00000000 0.00000000
1422 -7.26267242 -22.00000000 0.00000000
1423 -7.51538754 -22.00000000 0.00000000
1424 -7.76810265 -22.00000000 0.00000000
1425 -8.02081776 -22.00000000 0.00000000
1426 -8.27353382 -22.00000000 0.00000000
1427 -8.52624893 -22.00000000 0.00000000
1428 -8.77896404 -22.00000000 0.00000000
1429 -9.03167915 -22.00000000 0.00000000
1430 -9.28439426 -22.00000000 0.00000000
1431 -9.53711033 -22.00000000 0.00000000
1432 -9.78982544 -22.00000000 0.00000000
1433 -10.04254060 -22.00000000 0.00000000
1434 -10.29525570 -22.00000000 0.00000000
1435 -10.54797170 -22.00000000 0.00000000
1436 -10.80068680 -22.00000000 0.00000000
1437 -11.05340190 -22.00000000 0.00000000
1438 -11.30611710 -22.00000000 0.00000000
1439 -11.55883220 -22.00000000 0.00000000
1440 -11.81154820 -22.00000000 0.00000000
1441 -12.06426330 -22.00000000 0.00000000
1442 -12.31697850 -22.00000000 0.00000000
1443 -12.56969360 -22.00000000 0.00000000
1444 -12.82240870 -22.00000000 0.00000000
1445 -13.07512470 -22.00000000 0.00000000
1446 -13.32783990 -22.00000000 0.00000000
1447 -13.58055500 -22.00000000 0.00000000
1448 -13.83327010 -22.00000000 0.00000000
1449 -14.08598520 -22.00000000 0.00000000
1450 -14.33870120 -22.00000000 0.00000000
1451 -14.59141640 -22.00000000 0.00000000
1452 -14.84413150 -22.00000000 0.00000000
1453 -15.09684660 -22.00000000 0.00000000
1454 -15.34956260 -22.00000000 0.00000000
1455 -15.60227780 -22.00000000 0.00000000
1456 -15.85499290 -22.00000000 0.00000000
1457 -16.10770800 -22.00000000 0.00000000
1458 -16.36042400 -22.00000000 0.00000000
1459 -16.61313820 -22.00000000 0.00000000
1460 -16.86585430 -22.00000000 0.00000000
1461 -17.11857030 -22.00000000 0.00000000
1462 -17.37128450 -22.00000000 0.00000000
1463 -6.09860229 0.21339274 0.00000000
1464 -6.19810915 0.42678547 0.00000000
1465 -6.40263891 0.86540145 0.00000000
1466 -6.50766230 1.09062469 0.00000000
1467 -6.61268568 1.31584787 0.00000000
1468 -6.71770906 1.54107106 0.00000000
1469 -6.82273245 1.76629436 0.00000000
1470 -6.92775536 1.99151754 0.00000000
1471 -7.03277874 2.21674085 0.00000000
1472 -7.13780212 2.44196391 0.00000000
1473 -7.24282551 2.66718721 0.00000000
1474 -7.34784889 2.89241052 0.00000000
1475 -7.45287228 3.11763358 0.00000000
1476 -7.55789566 3.34285688 0.00000000
1477 -7.66291857 3.56808019 0.00000000
1478 -7.76794195 3.79330325 0.00000000
1479 -7.87296534 4.01852655 0.00000000
1480 -7.97798872 4.24374962 0.00000000
1481 -8.08301163 4.46897316 0.00000000
1482 -8.18803501 4.69419622 0.00000000
1483 -8.29305840 4.91941929 0.00000000
1484 -8.39808178 5.14464283 0.00000000
1485 -8.50310516 5.36986589 0.00000000
1486 -8.60812855 5.59508896 0.00000000
1487 -8.71315193 5.82031250 0.00000000
1488 -8.81817532 6.04553556 0.00000000
1489 -8.92319870 6.27075863 0.00000000
1490 -9.02822208 6.49598217 0.00000000
1491 -9.13324547 6.72120523 0.00000000
1492 -9.23826885 6.94642830 0.00000000
1493 -9.34329224 7.17165184 0.00000000
1494 -9.44831467 7.39687490 0.00000000
1495 -9.55333805 7.62209797 0.00000000
1496 -9.65836143 7.84732151 0.00000000
1497 -9.76338482 8.07254410 0.00000000
1498 -9.86840820 8.29776764 0.00000000
1499 -9.97343159 8.52299118 0.00000000
1500 -10.07845500 8.74821377 0.00000000
1501 -10.18347840 8.97343731 0.00000000
1502 -10.28850170 9.19866085 0.00000000
1503 -10.39352510 9.42388344 0.00000000
1504 -10.49854850 9.64910698 0.00000000
1505 -10.60357190 9.87433052 0.00000000
1506 -10.70859530 10.09955310 0.00000000
1507 -10.81361770 10.32477660 0.00000000
1508 -10.67049030 10.55000020 0.00000000
1509 -10.42233940 10.55000020 0.00000000
1510 -10.17418860 10.55000020 0.00000000
1511 -9.92603779 10.55000020 0.00000000
1512 -9.67788696 10.55000020 0.00000000
1513 -9.42973614 10.55000020 0.00000000
1514 -9.18158531 10.55000020 0.00000000
1515 -8.93343353 10.55000020 0.00000000
1516 -8.68528271 10.55000020 0.00000000
1517 -8.43713188 10.55000020 0.00000000
1518 -8.18898106 10.55000020 0.00000000
1519 -7.94083023 10.55000020 0.00000000
1520 -7.69267941 10.55000020 0.00000000
1521 -7.44452810 10.55000020 0.00000000
1522 -7.19637728 10.55000020 0.00000000
1523 -6.94822645 10.55000020 0.00000000
1524 -6.70007563 10.55000020 0.00000000
1525 -6.45192432 10.55000020 0.00000000
1526 -6.20377350 10.55000020 0.00000000
1527 -5.95562267 10.55000020 0.00000000
1528 -5.70747185 10.55000020 0.00000000
1529 -5.45932055 10.55000020 0.00000000
1530 -5.21116972 10.55000020 0.00000000
1531 -4.96301889 10.55000020 0.00000000
1532 -4.71486807 10.55000020 0.00000000
1533 -4.46671677 10.55000020 0.00000000
1534 -4.21856594 10.55000020 0.00000000
1535 -3.97041512 10.55000020 0.00000000
1536 -3.72226405 10.55000020 0.00000000
1537 -3.47411323 10.55000020 0.00000000
1538 -3.22596216 10.55000020 0.00000000
1539 -2.97781134 10.55000020 0.00000000
1540 -2.72966027 10.55000020 0.00000000
1541 -2.48150945 10.55000020 0.00000000
1542 -2.23335838 10.55000020 0.00000000
1543 -1.98520756 10.55000020 0.00000000
1544 -1.73705661 10.55000020 0.00000000
1545 -1.48890567 10.55000020 0.00000000
1546 -1.24075472 10.55000020 0.00000000
1547 -0.99260378 10.55000020 0.00000000
1548 -0.74445283 10.55000020 0.00000000
1549 -0.49630189 10.55000020 0.00000000
1550 -0.24815095 10.55000020 0.00000000
1551 0.24815095 10.55000020 0.00000000
1552 0.49630189 10.55000020 0.00000000
1553 0.74445283 10.55000020 0.00000000
1554 0.99260378 10.55000020 0.00000000
1555 1.24075472 10.55000020 0.00000000
1556 1.48890567 10.55000020 0.00000000
1557 1.73705661 10.55000020 0.00000000
1558 1.98520756 10.55000020 0.00000000
1559 2.23335838 10.55000020 0.00000000
1560 2.48150945 10.55000020 0.00000000
1561 2.72966027 10.55000020 0.00000000
1562 2.97781134 10.55000020 0.00000000
1563 3.22596216 10.55000020 0.00000000
1564 3.47411323 10.55000020 0.00000000
1565 3.72226405 10.55000020 0.00000000
1566 3.97041512 10.55000020 0.00000000
1567 4.21856594 10.55000020 0.00000000
1568 4.46671677 10.55000020 0.00000000
1569 4.71486807 10.55000020 0.00000000
1570 4.96301889 10.55000020 0.00000000
1571 5.21116972 10.55000020 0.00000000
1572 5.45932055 10.55000020 0.00000000
1573 5.70747185 10.55000020 0.00000000
1574 5.95562267 10.55000020 0.00000000
1575 6.20377350 10.55000020 0.00000000
1576 6.45192432 10.55000020 0.00000000
1577 6.70007563 10.55000020 0.00000000
1578 6.94822645 10.55000020 0.00000000
1579 7.19637728 10.55000020 0.00000000
1580 7.44452810 10.55000020 0.00000000
1581 7.69267941 10.55000020 0.00000000
1582 7.94083023 10.55000020 0.00000000
1583 8.18898106 10.55000020 0.00000000
1584 8.43713188 10.55000020 0.00000000
1585 8.68528271 10.55000020 0.00000000
1586 8.93343353 10.55000020 0.00000000
1587 9.18158531 10.55000020 0.00000000
1588 9.42973614 10.55000020 0.00000000
1589 9.67788696 10.55000020 0.00000000
1590 9.92603779 10.55000020 0.00000000
1591 10.17418860 10.55000020 0.00000000
1592 10.42233940 10.55000020 0.00000000
1593 10.67049030 10.55000020 0.00000000
1594 10.81361770 10.32477660 0.00000000
1595 10.70859530 10.09955310 0.00000000
1596 10.60357190 9.87433052 0.00000000
1597 10.49854850 9.64910698 0.00000000
1598 10.39352510 9.42388344 0.00000000
1599 10.28850170 9.19866085 0.00000000
1600 10.18347840 8.97343731 0.00000000
1601 10.07845500 8.74821377 0.00000000
1602 9.97343159 8.52299118 0.00000000
1603 9.86840820 8.29776764 0.00000000
1604 9.76338482 8.07254410 0.00000000
1605 9.65836143 7.84732151 0.00000000
1606 9.55333805 7.62209797 0.00000000
1607 9.44831467 7.39687490 0.00000000
1608 9.34329224 7.17165184 0.00000000
1609 9.23826885 6.94642830 0.00000000
1610 9.13324547 6.72120523 0.00000000
1611 9.02822208 6.49598217 0.00000000
1612 8.92319870 6.27075863 0.00000000
1613 8.81817532 6.04553556 0.00000000
1614 8.71315193 5.82031250 0.00000000
1615 8.60812855 5.59508896 0.00000000
1616 8.50310516 5.36986589 0.00000000
1617 8.39808178 5.14464283 0.00000000
1618 8.29305840 4.91941929 0.00000000
1619 8.18803501 4.69419622 0.00000000
1620 8.08301163 4.46897316 0.00000000
1621 7.97798872 4.24374962 0.00000000
1622 7.87296534 4.01852655 0.00000000
1623 7.76794195 3.79330325 0.00000000
1624 7.66291857 3.56808019 0.00000000
1625 7.55789566 3.34285688 0.00000000
1626 7.45287228 3.11763358 0.00000000
1627 7.34784889 2.89241052 0.00000000
1628 7.24282551 2.66718721 0.00000000
1629 7.13780212 2.44196391 0.00000000
1630 7.03277874 2.21674085 0.00000000
1631 6.92775536 1.99151754 0.00000000
1632 6.82273245 1.76629436 0.00000000
1633 6.71770906 1.54107106 0.00000000
1634 6.61268568 1.31584787 0.00000000
1635 6.50766230 1.09062469 0.00000000
1636 6.40263891 0.86540145 0.00000000
1637 6.19810915 0.42678547 0.00000000
1638 6.09860229 0.21339274 0.00000000
1639 6.09860229 -0.21339274 0.00000000
1640 6.19810915 -0.42678547 0.00000000
1641 6.40263891 -0.86540145 0.00000000
1642 6.50766230 -1.09062469 0.00000000
1643 6.61268568 -1.31584787 0.00000000
1644 6.71770906 -1.54107106 0.00000000
1645 6.82273245 -1.76629436 0.00000000
1646 6.92775536 -1.99151754 0.00000000
1647 7.03277874 -2.21674085 0.00000000
1648 7.13780212 -2.44196391 0.00000000
1649 7.24282551 -2.66718721 0.00000000
1650 7.34784889 -2.89241052 0.00000000
1651 7.45287228 -3.11763358 0.00000000
1652 7.55789566 -3.34285688 0.00000000
1653 7.66291857 -3.56808019 0.00000000
1654 7.76794195 -3.79330325 0.00000000
1655 7.87296534 -4.01852655 0.00000000
1656 7.97798872 -4.24374962 0.00000000
1657 8.08301163 -4.46897316 0.00000000
1658 8.18803501 -4.69419622 0.00000000
1659 8.29305840 -4.91941929 0.00000000
1660 8.39808178 -5.14464283 0.00000000
1661 8.50310516 -5.36986589 0.00000000
1662 8.60812855 -5.59508896 0.00000000
1663 8.71315193 -5.82031250 0.00000000
1664 8.81817532 -6.04553556 0.00000000
1665 8.92319870 -6.27075863 0.00000000
1666 9.02822208 -6.49598217 0.00000000
1667 9.13324547 -6.72120523 0.00000000
1668 9.23826885 -6.94642830 0.00000000
1669 9.34329224 -7.17165184 0.00000000
1670 9.44831467 -7.39687490 0.00000000
1671 9.55333805 -7.62209797 0.00000000
1672 9.65836143 -7.84732151 0.00000000
1673 9.76338482 -8.07254410 0.00000000
1674 9.86840820 -8.29776764 0.00000000
1675 9.97343159 -8.52299118 0.00000000
1676 10.07845500 -8.74821377 0.00000000
1677 10.18347840 -8.97343731 0.00000000
1678 10.28850170 -9.19866085 0.00000000
1679 10.39352510 -9.42388344 0.00000000
1680 10.49854850 -9.64910698 0.00000000
1681 10.60357190 -9.87433052 0.00000000
1682 10.70859530 -10.09955310 0.00000000
1683 10.81361770 -10.32477660 0.00000000
1684 10.67049030 -10.55000020 0.00000000
1685 10.42233940 -10.55000020 0.00000000
1686 10.17418860 -10.55000020 0.00000000
1687 9.92603779 -10.55000020 0.00000000
1688 9.67788696 -10.55000020 0.00000000
1689 9.42973614 -10.55000020 0.00000000
1690 9.18158531 -10.55000020 0.00000000
1691 8.93343353 -10.55000020 0.00000000
1692 8.68528271 -10.55000020 0.00000000
1693 8.43713188 -10.55000020 0.00000000
1694 8.18898106 -10.55000020 0.00000000
1695 7.94083023 -10.55000020 0.00000000
1696 7.69267941 -10.55000020 0.00000000
1697 7.44452810 -10.55000020 0.00000000
1698 7.19637728 -10.55000020 0.00000000
1699 6.94822645 -10.55000020 0.00000000
1700 6.70007563 -10.55000020 0.00000000
1701 6.45192432 -10.55000020 0.00000000
1702 6.20377350 -10.55000020 0.00000000
1703 5.95562267 -10.55000020 0.00000000
1704 5.70747185 -10.55000020 0.00000000
1705 5.45932055 -10.55000020 0.00000000
1706 5.21116972 -10.55000020 0.00000000
1707 4.96301889 -10.55000020 0.00000000
1708 4.71486807 -10.55000020 0.00000000
1709 4.46671677 -10.55000020 0.00000000
1710 4.21856594 -10.55000020 0.00000000
1711 3.97041512 -10.55000020 0.00000000
1712 3.72226405 -10.55000020 0.00000000
1713 3.47411323 -10.55000020 0.00000000
1714 3.22596216 -10.55000020 0.00000000
1715 2.97781134 -10.55000020 0.00000000
1716 2.72966027 -10.55000020 0.00000000
1717 2.48150945 -10.55000020 0.00000000
1718 2.23335838 -10.55000020 0.00000000
1719 1.98520756 -10.55000020 0.00000000
1720 1.73705661 -10.55000020 0.00000000
1721 1.48890567 -10.55000020 0.00000000
1722 1.24075472 -10.55000020 0.00000000
1723 0.99260378 -10.55000020 0.00000000
1724 0.74445283 -10.55000020 0.00000000
1725 0.49630189 -10.55000020 0.00000000
1726 0.24815095 -10.55000020 0.00000000
1727 -0.24815095 -10.55000020 0.00000000
1728 -0.49630189 -10.55000020 0.00000000
1729 -0.74445283 -10.55000020 0.00000000
1730 -0.99260378 -10.55000020 0.00000000
1731 -1.24075472 -10.55000020 0.00000000
1732 -1.48890567 -10.55000020 0.00000000
1733 -1.73705661 -10.55000020 0.00000000
1734 -1.98520756 -10.55000020 0.00000000
1735 -2.23335838 -10.55000020 0.00000000
1736 -2.48150945 -10.55000020 0.00000000
1737 -2.72966027 -10.55000020 0.00000000
1738 -2.97781134 -10.55000020 0.00000000
1739 -3.22596216 -10.55000020 0.00000000
1740 -3.47411323 -10.55000020 0.00000000
1741 -3.72226405 -10.55000020 0.00000000
1742 -3.97041512 -10.55000020 0.00000000
1743 -4.21856594 -10.55000020 0.00000000
1744 -4.46671677 -10.55000020 0.00000000
1745 -4.71486807 -10.55000020 0.00000000
1746 -4.96301889 -10.55000020 0.00000000
1747 -5.21116972 -10.55000020 0.00000000
1748 -5.45932055 -10.55000020 0.00000000
1749 -5.70747185 -10.55000020 0.00000000
1750 -5.95562267 -10.55000020 0.00000000
1751 -6.20377350 -10.55000020 0.00000000
1752 -6.45192432 -10.55000020 0.00000000
1753 -6.70007563 -10.55000020 0.00000000
1754 -6.94822645 -10.55000020 0.00000000
1755 -7.19637728 -10.55000020 0.00000000
1756 -7.44452810 -10.55000020 0.00000000
1757 -7.69267941 -10.55000020 0.00000000
1758 -7.94083023 -10.55000020 0.00000000
1759 -8.18898106 -10.55000020 0.00000000
1760 -8.43713188 -10.55000020 0.00000000
1761 -8.68528271 -10.55000020 0.00000000
1762 -8.93343353 -10.55000020 0.00000000
1763 -9.18158531 -10.55000020 0.00000000
1764 -9.42973614 -10.55000020 0.00000000
1765 -9.67788696 -10.55000020 0.00000000
1766 -9.92603779 -10.55000020 0.00000000
1767 -10.17418860 -10.55000020 0.00000000
1768 -10.42233940 -10.55000020 0.00000000
1769 -10.67049030 -10.55000020 0.00000000
1770 -10.81361770 -10.32477660 0.00000000
1771 -10.70859530 -10.09955310 0.00000000
1772 -10.60357190 -9.87433052 0.00000000
1773 -10.49854850 -9.64910698 0.00000000
1774 -10.39352510 -9.42388344 0.00000000
1775 -10.28850170 -9.19866085 0.00000000
1776 -10.18347840 -8.97343731 0.00000000
1777 -10.07845500 -8.74821377 0.00000000
1778 -9.97343159 -8.52299118 0.00000000
1779 -9.86840820 -8.29776764 0.00000000
1780 -9.76338482 -8.07254410 0.00000000
1781 -9.65836143 -7.84732151 0.00000000
1782 -9.55333805 -7.62209797 0.00000000
1783 -9.44831467 -7.39687490 0.00000000
1784 -9.34329224 -7.17165184 0.00000000
1785 -9.23826885 -6.94642830 0.00000000
1786 -9.13324547 -6.72120523 0.00000000
1787 -9.02822208 -6.49598217 0.00000000
1788 -8.92319870 -6.27075863 0.00000000
1789 -8.81817532 -6.04553556 0.00000000
1790 -8.71315193 -5.82031250 0.00000000
1791 -8.60812855 -5.59508896 0.00000000
1792 -8.50310516 -5.36986589 0.00000000
1793 -8.39808178 -5.14464283 0.00000000
1794 -8.29305840 -4.91941929 0.00000000
1795 -8.18803501 -4.69419622 0.00000000
1796 -8.08301163 -4.46897316 0.00000000
1797 -7.97798872 -4.24374962 0.00000000
1798 -7.87296534 -4.01852655 0.00000000
1799 -7.76794195 -3.79330325 0.00000000
1800 -7.66291857 -3.56808019 0.00000000
1801 -7.55789566 -3.34285688 0.00000000
1802 -7.45287228 -3.11763358 0.00000000
1803 -7.34784889 -2.89241052 0.00000000
1804 -7.24282551 -2.66718721 0.00000000
1805 -7.13780212 -2.44196391 0.00000000
1806 -7.03277874 -2.21674085 0.00000000
1807 -6.92775536 -1.99151754 0.00000000
1808 -6.82273245 -1.76629436 0.00000000
1809 -6.71770906 -1.54107106 0.00000000
1810 -6.61268568 -1.31584787 0.00000000
1811 -6.50766230 -1.09062469 0.00000000
1812 -6.40263891 -0.86540145 0.00000000
1813 -6.19810915 -0.42678547 0.00000000
1814 -6.09860229 -0.21339274 0.00000000
1815 -17.62400050 0.22499999 0.00000000
1816 -17.62400050 0.00000000 0.00000000
1817 -17.62400050 -0.22499999 0.00000000
1818 -17.37585070 -0.44999999 0.00000000
1819 -17.12770270 -0.44999999 0.00000000
1820 -16.87955280 -0.44999999 0.00000000
1821 -16.63140490 -0.44999999 0.00000000
1822 -16.38325690 -0.44999999 0.00000000
1823 -16.13510700 -0.44999999 0.00000000
1824 -15.88695910 -0.44999999 0.00000000
1825 -15.63881020 -0.44999999 0.00000000
1826 -15.39066120 -0.44999999 0.00000000
1827 -15.14251230 -0.44999999 0.00000000
1828 -14.89436340 -0.44999999 0.00000000
1829 -14.64621450 -0.44999999 0.00000000
1830 -14.39806560 -0.44999999 0.00000000
1831 -14.14991760 -0.44999999 0.00000000
1832 -13.90176870 -0.44999999 0.00000000
1833 -13.65361980 -0.44999999 0.00000000
1834 -13.40547080 -0.44999999 0.00000000
1835 -13.15732190 -0.44999999 0.00000000
1836 -12.90917300 -0.44999999 0.00000000
1837 -12.66102500 -0.44999999 0.00000000
1838 -12.41287610 -0.44999999 0.00000000
1839 -12.16472720 -0.44999999 0.00000000
1840 -11.91657830 -0.44999999 0.00000000
1841 -11.66842940 -0.44999999 0.00000000
1842 -11.42028050 -0.44999999 0.00000000
1843 -11.17213250 -0.44999999 0.00000000
1844 -10.92398360 -0.44999999 0.00000000
1845 -10.67583470 -0.44999999 0.00000000
1846 -10.42768570 -0.44999999 0.00000000
1847 -10.17953680 -0.44999999 0.00000000
1848 -9.93138790 -0.44999999 0.00000000
1849 -9.68323898 -0.44999999 0.00000000
1850 -9.43509102 -0.44999999 0.00000000
1851 -9.18694210 -0.44999999 0.00000000
1852 -8.93879318 -0.44999999 0.00000000
1853 -8.69064426 -0.44999999 0.00000000
1854 -8.44249535 -0.44999999 0.00000000
1855 -8.19434643 -0.44999999 0.00000000
1856 -7.94619799 -0.44999999 0.00000000
1857 -7.69804907 -0.44999999 0.00000000
1858 -7.44990063 -0.44999999 0.00000000
1859 -7.20175171 -0.44999999 0.00000000
1860 -6.95360279 -0.44999999 0.00000000
1861 -6.81012535 -0.67446810 0.00000000
1862 -6.91479635 -0.89893615 0.00000000
1863 -7.01946783 -1.12340426 0.00000000
1864 -7.12413883 -1.34787238 0.00000000
1865 -7.22881031 -1.57234037 0.00000000
1866 -7.33348131 -1.79680848 0.00000000
1867 -7.43815231 -2.02127671 0.00000000
1868 -7.54282379 -2.24574471 0.00000000
1869 -7.64749479 -2.47021270 0.00000000
1870 -7.75216627 -2.69468093 0.00000000
1871 -7.85683727 -2.91914892 0.00000000
1872 -7.96150827 -3.14361691 0.00000000
1873 -8.06617928 -3.36808515 0.00000000
1874 -8.17085075 -3.59255314 0.00000000
1875 -8.27552223 -3.81702137 0.00000000
1876 -8.38019276 -4.04148912 0.00000000
1877 -8.48486423 -4.26595736 0.00000000
1878 -8.58953571 -4.49042559 0.00000000
1879 -8.69420719 -4.71489382 0.00000000
1880 -8.79887772 -4.93936157 0.00000000
1881 -8.90354919 -5.16382980 0.00000000
1882 -9.00822067 -5.38829803 0.00000000
1883 -9.11289120 -5.61276579 0.00000000
1884 -9.21756268 -5.83723402 0.00000000
1885 -9.32223415 -6.06170225 0.00000000
1886 -9.42690468 -6.28617001 0.00000000
1887 -9.53157616 -6.51063824 0.00000000
1888 -9.63624763 -6.73510647 0.00000000
1889 -9.74091816 -6.95957470 0.00000000
1890 -9.84558964 -7.18404245 0.00000000
1891 -9.95026112 -7.40851068 0.00000000
1892 -10.05493260 -7.63297892 0.00000000
1893 -10.15960310 -7.85744667 0.00000000
1894 -10.26427460 -8.08191490 0.00000000
1895 -10.36894610 -8.30638313 0.00000000
1896 -10.47361660 -8.53085136 0.00000000
1897 -10.57828810 -8.75531960 0.00000000
1898 -10.68295960 -8.97978687 0.00000000
1899 -10.78763010 -9.20425510 0.00000000
1900 -10.89230160 -9.42872334 0.00000000
1901 -10.99697300 -9.65319157 0.00000000
1902 -11.10164450 -9.87765980 0.00000000
1903 -11.20631500 -10.10212800 0.00000000
1904 -11.31098650 -10.32659530 0.00000000
1905 -11.41565800 -10.55106350 0.00000000
1906 -11.52032850 -10.77553180 0.00000000
1907 -11.52032850 -11.22446820 0.00000000
1908 -11.41565800 -11.44893650 0.00000000
1909 -11.31098650 -11.67340470 0.00000000
1910 -11.20631500 -11.89787200 0.00000000
1911 -11.10164450 -12.12234020 0.00000000
1912 -10.99697300 -12.34680840 0.00000000
1913 -10.89230160 -12.57127670 0.00000000
1914 -10.78763010 -12.79574490 0.00000000
1915 -10.68295960 -13.02021310 0.00000000
1916 -10.57828810 -13.24468040 0.00000000
1917 -10.47361660 -13.46914860 0.00000000
1918 -10.36894610 -13.69361690 0.00000000
1919 -10.26427460 -13.91808510 0.00000000
1920 -10.15960310 -14.14255330 0.00000000
1921 -10.05493260 -14.36702160 0.00000000
1922 -9.95026112 -14.59148980 0.00000000
1923 -9.84558964 -14.81595710 0.00000000
1924 -9.74091816 -15.04042530 0.00000000
1925 -9.63624763 -15.26489350 0.00000000
1926 -9.53157616 -15.48936180 0.00000000
1927 -9.42690468 -15.71383000 0.00000000
1928 -9.32223415 -15.93829820 0.00000000
1929 -9.21756268 -16.16276550 0.00000000
1930 -9.11289120 -16.38723370 0.00000000
1931 -9.00822067 -16.61170200 0.00000000
1932 -8.90354919 -16.83617020 0.00000000
1933 -8.79887772 -17.06063840 0.00000000
1934 -8.69420719 -17.28510670 0.00000000
1935 -8.58953571 -17.50957490 0.00000000
1936 -8.48486423 -17.73404310 0.00000000
1937 -8.38019276 -17.95851140 0.00000000
1938 -8.27552223 -18.18297960 0.00000000
1939 -8.17085075 -18.40744590 0.00000000
1940 -8.06617928 -18.63191410 0.00000000
1941 -7.96150827 -18.85638240 0.00000000
1942 -7.85683727 -19.08085060 0.00000000
1943 -7.75216627 -19.30531880 0.00000000
1944 -7.64749479 -19.52978710 0.00000000
1945 -7.54282379 -19.75425530 0.00000000
1946 -7.43815231 -19.97872350 0.00000000
1947 -7.33348131 -20.20319180 0.00000000
1948 -7.22881031 -20.42766000 0.00000000
1949 -7.12413883 -20.65212820 0.00000000
1950 -7.01946783 -20.87659650 0.00000000
1951 -6.91479635 -21.10106470 0.00000000
1952 -6.81012535 -21.32553100 0.00000000
1953 -6.95360279 -21.54999920 0.00000000
1954 -7.20175171 -21.54999920 0.00000000
1955 -7.44990063 -21.54999920 0.00000000
1956 -7.69804907 -21.54999920 0.00000000
1957 -7.94619799 -21.54999920 0.00000000
1958 -8.19434643 -21.54999920 0.00000000
1959 -8.44249535 -21.54999920 0.00000000
1960 -8.69064426 -21.54999920 0.00000000
1961 -8.93879318 -21.54999920 0.00000000
1962 -9.18694210 -21.54999920 0.00000000
1963 -9.43509102 -21.54999920 0.00000000
1964 -9.68323898 -21.54999920 0.00000000
1965 -9.93138790 -21.54999920 0.00000000
1966 -10.17953680 -21.54999920 0.00000000
1967 -10.42768570 -21.54999920 0.00000000
1968 -10.67583470 -21.54999920 0.00000000
1969 -10.92398360 -21.54999920 0.00000000
1970 -11.17213250 -21.54999920 0.00000000
1971 -11.42028050 -21.54999920 0.00000000
1972 -11.66842940 -21.54999920 0.00000000
1973 -11.91657830 -21.54999920 0.00000000
1974 -12.16472720 -21.54999920 0.00000000
1975 -12.41287610 -21.54999920 0.00000000
1976 -12.66102500 -21.54999920 0.00000000
1977 -12.90917300 -21.54999920 0.00000000
1978 -13.15732190 -21.54999920 0.00000000
1979 -13.40547080 -21.54999920 0.00000000
1980 -13.65361980 -21.54999920 0.00000000
1981 -13.90176870 -21.54999920 0.00000000
1982 -14.14991760 -21.54999920 0.00000000
1983 -14.39806560 -21.54999920 0.00000000
1984 -14.64621450 -21.54999920 0.00000000
1985 -14.89436340 -21.54999920 0.00000000
1986 -15.14251230 -21.54999920 0.00000000
1987 -15.39066120 -21.54999920 0.00000000
1988 -15.63881020 -21.54999920 0.00000000
1989 -15.88695910 -21.54999920 0.00000000
1990 -16.13510700 -21.54999920 0.00000000
1991 -16.38325690 -21.54999920 0.00000000
1992 -16.63140490 -21.54999920 0.00000000
1993 -16.87955280 -21.54999920 0.00000000
1994 -17.12770270 -21.54999920 0.00000000
1995 -17.37585070 -21.54999920 0.00000000
1996 -17.62400050 -21.77499960 0.00000000
1997 -6.09860229 -21.78660770 0.00000000
1998 -6.19810915 -21.57321360 0.00000000
1999 -6.40263891 -21.13459780 0.00000000
2000 -6.50766230 -20.90937610 0.00000000
2001 -6.61268568 -20.68415260 0.00000000
2002 -6.71770906 -20.45892910 0.00000000
2003 -6.82273245 -20.23370550 0.00000000
2004 -6.92775536 -20.00848200 0.00000000
2005 -7.03277874 -19.78325840 0.00000000
2006 -7.13780212 -19.55803680 0.00000000
2007 -7.24282551 -19.33281330 0.00000000
2008 -7.34784889 -19.10758970 0.00000000
2009 -7.45287228 -18.88236620 0.00000000
2010 -7.55789566 -18.65714260 0.00000000
2011 -7.66291857 -18.43191910 0.00000000
2012 -7.76794195 -18.20669750 0.00000000
2013 -7.87296534 -17.98147390 0.00000000
2014 -7.97798872 -17.75625040 0.00000000
2015 -8.08301163 -17.53102680 0.00000000
2016 -8.18803501 -17.30580330 0.00000000
2017 -8.29305840 -17.08057980 0.00000000
2018 -8.39808178 -16.85535810 0.00000000
2019 -8.50310516 -16.63013460 0.00000000
2020 -8.60812855 -16.40491100 0.00000000
2021 -8.71315193 -16.17968750 0.00000000
2022 -8.81817532 -15.95446490 0.00000000
2023 -8.92319870 -15.72924140 0.00000000
2024 -9.02822208 -15.50401780 0.00000000
2025 -9.13324547 -15.27879520 0.00000000
2026 -9.23826885 -15.05357170 0.00000000
2027 -9.34329224 -14.82834820 0.00000000
2028 -9.44831467 -14.60312560 0.00000000
2029 -9.55333805 -14.37790200 0.00000000
2030 -9.65836143 -14.15267850 0.00000000
2031 -9.76338482 -13.92745590 0.00000000
2032 -9.86840820 -13.70223240 0.00000000
2033 -9.97343159 -13.47700880 0.00000000
2034 -10.07845500 -13.25178620 0.00000000
2035 -10.18347840 -13.02656270 0.00000000
2036 -10.28850170 -12.80133910 0.00000000
2037 -10.39352510 -12.57611660 0.00000000
2038 -10.49854850 -12.35089300 0.00000000
2039 -10.60357190 -12.12566950 0.00000000
2040 -10.70859530 -11.90044690 0.00000000
2041 -10.81361770 -11.67522340 0.00000000
2042 -10.67049030 -11.44999980 0.00000000
2043 -10.42233940 -11.44999980 0.00000000
2044 -10.17418860 -11.44999980 0.00000000
2045 -9.92603779 -11.44999980 0.00000000
2046 -9.67788696 -11.44999980 0.00000000
2047 -9.42973614 -11.44999980 0.00000000
2048 -9.18158531 -11.44999980 0.00000000
2049 -8.93343353 -11.44999980 0.00000000
2050 -8.68528271 -11.44999980 0.00000000
2051 -8.43713188 -11.44999980 0.00000000
2052 -8.18898106 -11.44999980 0.00000000
2053 -7.94083023 -11.44999980 0.00000000
2054 -7.69267941 -11.44999980 0.00000000
2055 -7.44452810 -11.44999980 0.00000000
2056 -7.19637728 -11.44999980 0.00000000
2057 -6.94822645 -11.44999980 0.00000000
2058 -6.70007563 -11.44999980 0.00000000
2059 -6.45192432 -11.44999980 0.00000000
2060 -6.20377350 -11.44999980 0.00000000
2061 -5.95562267 -11.44999980 0.00000000
2062 -5.70747185 -11.44999980 0.00000000
2063 -5.45932055 -11.44999980 0.00000000
2064 -5.21116972 -11.44999980 0.00000000
2065 -4.96301889 -11.44999980 0.00000000
2066 -4.71486807 -11.44999980 0.00000000
2067 -4.46671677 -11.44999980 0.00000000
2068 -4.21856594 -11.44999980 0.00000000
2069 -3.97041512 -11.44999980 0.00000000
2070 -3.72226405 -11.44999980 0.00000000
2071 -3.47411323 -11.44999980 0.00000000
2072 -3.22596216 -11.44999980 0.00000000
2073 -2.97781134 -11.44999980 0.00000000
2074 -2.72966027 -11.44999980 0.00000000
2075 -2.48150945 -11.44999980 0.00000000
2076 -2.23335838 -11.44999980 0.00000000
2077 -1.98520756 -11.44999980 0.00000000
2078 -1.73705661 -11.44999980 0.00000000
2079 -1.48890567 -11.44999980 0.00000000
2080 -1.24075472 -11.44999980 0.00000000
2081 -0.99260378 -11.44999980 0.00000000
2082 -0.74445283 -11.44999980 0.00000000
2083 -0.49630189 -11.44999980 0.00000000
2084 -0.24815095 -11.44999980 0.00000000
2085 0.24815095 -11.44999980 0.00000000
2086 0.49630189 -11.44999980 0.00000000
2087 0.74445283 -11.44999980 0.00000000
2088 0.99260378 -11.44999980 0.00000000
2089 1.24075472 -11.44999980 0.00000000
2090 1.48890567 -11.44999980 0.00000000
2091 1.73705661 -11.44999980 0.00000000
2092 1.98520756 -11.44999980 0.00000000
2093 2.23335838 -11.44999980 0.00000000
2094 2.48150945 -11.44999980 0.00000000
2095 2.72966027 -11.44999980 0.00000000
2096 2.97781134 -11.44999980 0.00000000
2097 3.22596216 -11.44999980 0.00000000
2098 3.47411323 -11.44999980 0.00000000
2099 3.72226405 -11.44999980 0.00000000
2100 3.97041512 -11.44999980 0.00000000
2101 4.21856594 -11.44999980 0.00000000
2102 4.46671677 -11.44999980 0.00000000
2103 4.71486807 -11.44999980 0.00000000
2104 4.96301889 -11.44999980 0.00000000
2105 5.21116972 -11.44999980 0.00000000
2106 5.45932055 -11.44999980 0.00000000
2107 5.70747185 -11.44999980 0.00000000
2108 5.95562267 -11.44999980 0.00000000
2109 6.20377350 -11.44999980 0.00000000
2110 6.45192432 -11.44999980 0.00000000
2111 6.70007563 -11.44999980 0.00000000
2112 6.94822645 -11.44999980 0.00000000
2113 7.19637728 -11.44999980 0.00000000
2114 7.44452810 -11.44999980 0.00000000
2115 7.69267941 -11.44999980 0.00000000
2116 7.94083023 -11.44999980 0.00000000
2117 8.18898106 -11.44999980 0.00000000
2118 8.43713188 -11.44999980 0.00000000
2119 8.68528271 -11.44999980 0.00000000
2120 8.93343353 -11.44999980 0.00000000
2121 9.18158531 -11.44999980 0.00000000
2122 9.42973614 -11.44999980 0.00000000
2123 9.67788696 -11.44999980 0.00000000
2124 9.92603779 -11.44999980 0.00000000
2125 10.17418860 -11.44999980 0.00000000
2126 10.42233940 -11.44999980 0.00000000
2127 10.67049030 -11.44999980 0.00000000
2128 10.81361770 -11.67522340 0.00000000
2129 10.70859530 -11.90044690 0.00000000
2130 10.60357190 -12.12566950 0.00000000
2131 10.49854850 -12.35089300 0.00000000
2132 10.39352510 -12.57611660 0.00000000
2133 10.28850170 -12.80133910 0.00000000
2134 10.18347840 -13.02656270 0.00000000
2135 10.07845500 -13.25178620 0.00000000
2136 9.97343159 -13.47700880 0.00000000
2137 9.86840820 -13.70223240 0.00000000
2138 9.76338482 -13.92745590 0.00000000
2139 9.65836143 -14.15267850 0.00000000
2140 9.55333805 -14.37790200 0.00000000
2141 9.44831467 -14.60312560 0.00000000
2142 9.34329224 -14.82834820 0.00000000
2143 9.23826885 -15.05357170 0.00000000
2144 9.13324547 -15.27879520 0.00000000
2145 9.02822208 -15.50401780 0.00000000
2146 8.92319870 -15.72924140 0.00000000
2147 8.81817532 -15.95446490 0.00000000
2148 8.71315193 -16.17968750 0.00000000
2149 8.60812855 -16.40491100 0.00000000
2150 8.50310516 -16.63013460 0.00000000
2151 8.39808178 -16.85535810 0.00000000
2152 8.29305840 -17.08057980 0.00000000
2153 8.18803501 -17.30580330 0.00000000
2154 8.08301163 -17.53102680 0.00000000
2155 7.97798872 -17.75625040 0.00000000
2156 7.87296534 -17.98147390 0.00000000
2157 7.76794195 -18.20669750 0.00000000
2158 7.66291857 -18.43191910 0.00000000
2159 7.55789566 -18.65714260 0.00000000
2160 7.45287228 -18.88236620 0.00000000
2161 7.34784889 -19.10758970 0.00000000
2162 7.24282551 -19.33281330 0.00000000
2163 7.13780212 -19.55803680 0.00000000
2164 7.03277874 -19.78325840 0.00000000
2165 6.92775536 -20.00848200 0.00000000
2166 6.82273245 -20.23370550 0.00000000
2167 6.71770906 -20.45892910 0.00000000
2168 6.61268568 -20.68415260 0.00000000
2169 6.50766230 -20.90937610 0.00000000
2170 6.40263891 -21.13459780 0.00000000
2171 6.19810915 -21.57321360 0.00000000
2172 6.09860229 -21.78660770 0.00000000
2173 17.62400050 -21.77499960 0.00000000
2174 17.37585070 -21.54999920 0.00000000
2175 17.12770270 -21.54999920 0.00000000
2176 16.87955280 -21.54999920 0.00000000
2177 16.63140490 -21.54999920 0.00000000
2178 16.38325690 -21.54999920 0.00000000
2179 16.13510700 -21.54999920 0.00000000
2180 15.88695910 -21.54999920 0.00000000
2181 15.63881020 -21.54999920 0.00000000
2182 15.39066120 -21.54999920 0.00000000
2183 15.14251230 -21.54999920 0.00000000
2184 14.89436340 -21.54999920 0.00000000
2185 14.64621450 -21.54999920 0.00000000
2186 14.39806560 -21.54999920 0.00000000
2187 14.14991760 -21.54999920 0.00000000
2188 13.90176870 -21.54999920 0.00000000
2189 13.65361980 -21.54999920 0.00000000
2190 13.40547080 -21.54999920 0.00000000
2191 13.15732190 -21.54999920 0.00000000
2192 12.90917300 -21.54999920 0.00000000
2193 12.66102500 -21.54999920 0.00000000
2194 12.41287610 -21.54999920 0.00000000
2195 12.16472720 -21.54999920 0.00000000
2196 11.91657830 -21.54999920 0.00000000
2197 11.66842940 -21.54999920 0.00000000
2198 11.42028050 -21.54999920 0.00000000
2199 11.17213250 -21.54999920 0.00000000
2200 10.92398360 -21.54999920 0.00000000
2201 10.67583470 -21.54999920 0.00000000
2202 10.42768570 -21.54999920 0.00000000
2203 10.17953680 -21.54999920 0.00000000
2204 9.93138790 -21.54999920 0.00000000
2205 9.68323898 -21.54999920 0.00000000
2206 9.43509102 -21.54999920 0.00000000
2207 9.18694210 -21.54999920 0.00000000
2208 8.93879318 -21.54999920 0.00000000
2209 8.69064426 -21.54999920 0.00000000
2210 8.44249535 -21.54999920 0.00000000
2211 8.19434643 -21.54999920 0.00000000
2212 7.94619799 -21.54999920 0.00000000
2213 7.69804907 -21.54999920 0.00000000
2214 7.44990063 -21.54999920 0.00000000
2215 7.20175171 -21.54999920 0.00000000
2216 6.95360279 -21.54999920 0.00000000
2217 6.81012535 -21.32553100 0.00000000
2218 6.91479635 -21.10106470 0.00000000
2219 7.01946783 -20.87659650 0.00000000
2220 7.12413883 -20.65212820 0.00000000
2221 7.22881031 -20.42766000 0.00000000
2222 7.33348131 -20.20319180 0.00000000
2223 7.43815231 -19.97872350 0.00000000
2224 7.54282379 -19.75425530 0.00000000
2225 7.64749479 -19.52978710 0.00000000
2226 7.75216627 -19.30531880 0.00000000
2227 7.85683727 -19.08085060 0.00000000
2228 7.96150827 -18.85638240 0.00000000
2229 8.06617928 -18.63191410 0.00000000
2230 8.17085075 -18.40744590 0.00000000
2231 8.27552223 -18.18297960 0.00000000
2232 8.38019276 -17.95851140 0.00000000
2233 8.48486423 -17.73404310 0.00000000
2234 8.58953571 -17.50957490 0.00000000
2235 8.69420719 -17.28510670 0.00000000
2236 8.79887772 -17.06063840 0.00000000
2237 8.90354919 -16.83617020 0.00000000
2238 9.00822067 -16.61170200 0.00000000
2239 9.11289120 -16.38723370 0.00000000
2240 9.21756268 -16.16276550 0.00000000
2241 9.32223415 -15.93829820 0.00000000
2242 9.42690468 -15.71383000 0.00000000
2243 9.53157616 -15.48936180 0.00000000
2244 9.63624763 -15.26489350 0.00000000
2245 9.74091816 -15.04042530 0.00000000
2246 9.84558964 -14.81595710 0.00000000
2247 9.95026112 -14.59148980 0.00000000
2248 10.05493260 -14.36702160 0.00000000
2249 10.15960310 -14.14255330 0.00000000
2250 10.26427460 -13.91808510 0.00000000
2251 10.36894610 -13.69361690 0.00000000
2252 10.47361660 -13.46914860 0.00000000
2253 10.57828810 -13.24468040 0.00000000
2254 10.68295960 -13.02021310 0.00000000
2255 10.78763010 -12.79574490 0.00000000
2256 10.89230160 -12.57127670 0.00000000
2257 10.99697300 -12.34680840 0.00000000
2258 11.10164450 -12.12234020 0.00000000
2259 11.20631500 -11.89787200 0.00000000
2260 11.31098650 -11.67340470 0.00000000
2261 11.41565800 -11.44893650 0.00000000
2262 11.52032850 -11.22446820 0.00000000
2263 11.52032850 -10.77553180 0.00000000
2264 11.41565800 -10.55106350 0.00000000
2265 11.31098650 -10.32659530 0.00000000
2266 11.20631500 -10.10212800 0.00000000
2267 11.10164450 -9.87765980 0.00000000
2268 10.99697300 -9.65319157 0.00000000
2269 10.89230160 -9.42872334 0.00000000
2270 10.78763010 -9.20425510 0.00000000
2271 10.68295960 -8.97978687 0.00000000
2272 10.57828810 -8.75531960 0.00000000
2273 10.47361660 -8.53085136 0.00000000
2274 10.36894610 -8.30638313 0.00000000
2275 10.26427460 -8.08191490 0.00000000
2276 10.15960310 -7.85744667 0.00000000
2277 10.05493260 -7.63297892 0.00000000
2278 9.95026112 -7.40851068 0.00000000
2279 9.84558964 -7.18404245 0.00000000
2280 9.74091816 -6.95957470 0.00000000
2281 9.63624763 -6.73510647 0.00000000
2282 9.53157616 -6.51063824 0.00000000
2283 9.42690468 -6.28617001 0.00000000
2284 9.32223415 -6.06170225 0.00000000
2285 9.21756268 -5.83723402 0.00000000
2286 9.11289120 -5.61276579 0.00000000
2287 9.00822067 -5.38829803 0.00000000
2288 8.90354919 -5.16382980 0.00000000
2289 8.79887772 -4.93936157 0.00000000
2290 8.69420719 -4.71489382 0.00000000
2291 8.58953571 -4.49042559 0.00000000
2292 8.48486423 -4.26595736 0.00000000
2293 8.38019276 -4.04148912 0.00000000
2294 8.27552223 -3.81702137 0.00000000
2295 8.17085075 -3.59255314 0.00000000
2296 8.06617928 -3.36808515 0.00000000
2297 7.96150827 -3.14361691 0.00000000
2298 7.85683727 -2.91914892 0.00000000
2299 7.75216627 -2.69468093 0.00000000
2300 7.64749479 -2.47021270 0.00000000
2301 7.54282379 -2.24574471 0.00000000
2302 7.43815231 -2.02127671 0.00000000
2303 7.33348131 -1.79680848 0.00000000
2304 7.22881031 -1.57234037 0.00000000
2305 7.12413883 -1.34787238 0.00000000
2306 7.01946783 -1.12340426 0.00000000
2307 6.91479635 -0.89893615 0.00000000
2308 6.81012535 -0.67446810 0.00000000
2309 6.95360279 -0.44999999 0.00000000
2310 7.20175171 -0.44999999 0.00000000
2311 7.44990063 -0.44999999 0.00000000
2312 7.69804907 -0.44999999 0.00000000
2313 7.94619799 -0.44999999 0.00000000
2314 8.19434643 -0.44999999 0.00000000
2315 8.44249535 -0.44999999 0.00000000
2316 8.69064426 -0.44999999 0.00000000
2317 8.93879318 -0.44999999 0.00000000
2318 9.18694210 -0.44999999 0.00000000
2319 9.43509102 -0.44999999 0.00000000
2320 9.68323898 -0.44999999 0.00000000
2321 9.93138790 -0.44999999 0.00000000
2322 10.17953680 -0.44999999 0.00000000
2323 10.42768570 -0.44999999 0.00000000
2324 10.67583470 -0.44999999 0.00000000
2325 10.92398360 -0.44999999 0.00000000
2326 11.17213250 -0.44999999 0.00000000
2327 11.42028050 -0.44999999 0.00000000
2328 11.66842940 -0.44999999 0.00000000
2329 11.91657830 -0.44999999 0.00000000
2330 12.16472720 -0.44999999 0.00000000
2331 12.41287610 -0.44999999 0.00000000
2332 12.66102500 -0.44999999 0.00000000
2333 12.90917300 -0.44999999 0.00000000
2334 13.15732190 -0.44999999 0.00000000
2335 13.40547080 -0.44999999 0.00000000
2336 13.65361980 -0.44999999 0.00000000
2337 13.90176870 -0.44999999 0.00000000
2338 14.14991760 -0.44999999 0.00000000
2339 14.39806560 -0.44999999 0.00000000
2340 14.64621450 -0.44999999 0.00000000
2341 14.89436340 -0.44999999 0.00000000
2342 15.14251230 -0.44999999 0.00000000
2343 15.39066120 -0.44999999 0.00000000
2344 15.63881020 -0.44999999 0.00000000
2345 15.88695910 -0.44999999 0.00000000
2346 16.13510700 -0.44999999 0.00000000
2347 16.38325690 -0.44999999 0.00000000
2348 16.63140490 -0.44999999 0.00000000
2349 16.87955280 -0.44999999 0.00000000
2350 17.12770270 -0.44999999 0.00000000
2351 17.37585070 -0.44999999 0.00000000
2352 17.62400050 -0.22499999 0.00000000
2353 17.62400050 0.00000000 0.00000000
2354 17.62400050 0.22499999 0.00000000
2355 17.37585070 0.44999999 0.00000000
2356 17.12770270 0.44999999 0.00000000
2357 16.87955280 0.44999999 0.00000000
2358 16.63140490 0.44999999 0.00000000
2359 16.38325690 0.44999999 0.00000000
2360 16.13510700 0.44999999 0.00000000
2361 15.88695910 0.44999999 0.00000000
2362 15.63881020 0.44999999 0.00000000
2363 15.39066120 0.44999999 0.00000000
2364 15.14251230 0.44999999 0.00000000
2365 14.89436340 0.44999999 0.00000000
2366 14.64621450 0.44999999 0.00000000
2367 14.39806560 0.44999999 0.00000000
2368 14.14991760 0.44999999 0.00000000
2369 13.90176870 0.44999999 0.00000000
2370 13.65361980 0.44999999 0.00000000
2371 13.40547080 0.44999999 0.00000000
2372 13.15732190 0.44999999 0.00000000
2373 12.90917300 0.44999999 0.00000000
2374 12.66102500 0.44999999 0.00000000
2375 12.41287610 0.44999999 0.00000000
2376 12.16472720 0.44999999 0.00000000
2377 11.91657830 0.44999999 0.00000000
2378 11.66842940 0.44999999 0.00000000
2379 11.42028050 0.44999999 0.00000000
2380 11.17213250 0.44999999 0.00000000
2381 10.92398360 0.44999999 0.00000000
2382 10.67583470 0.44999999 0.00000000
2383 10.42768570 0.44999999 0.00000000
2384 10.17953680 0.44999999 0.00000000
2385 9.93138790 0.44999999 0.00000000
2386 9.68323898 0.44999999 0.00000000
2387 9.43509102 0.44999999 0.00000000
2388 9.18694210 0.44999999 0.00000000
2389 8.93879318 0.44999999 0.00000000
2390 8.69064426 0.44999999 0.00000000
2391 8.44249535 0.44999999 0.00000000
2392 8.19434643 0.44999999 0.00000000
2393 7.94619799 0.44999999 0.00000000
2394 7.69804907 0.44999999 0.00000000
2395 7.44990063 0.44999999 0.00000000
2396 7.20175171 0.44999999 0.00000000
2397 6.95360279 0.44999999 0.00000000
2398 6.81012535 0.67446810 0.00000000
2399 6.91479635 0.89893615 0.00000000
2400 7.01946783 1.12340426 0.00000000
2401 7.12413883 1.34787238 0.00000000
2402 7.22881031 1.57234037 0.00000000
2403 7.33348131 1.79680848 0.00000000
2404 7.43815231 2.02127671 0.00000000
2405 7.54282379 2.24574471 0.00000000
2406 7.64749479 2.47021270 0.00000000
2407 7.75216627 2.69468093 0.00000000
2408 7.85683727 2.91914892 0.00000000
2409 7.96150827 3.14361691 0.00000000
2410 8.06617928 3.36808515 0.00000000
2411 8.17085075 3.59255314 0.00000000
2412 8.27552223 3.81702137 0.00000000
2413 8.38019276 4.04148912 0.00000000
2414 8.48486423 4.26595736 0.00000000
2415 8.58953571 4.49042559 0.00000000
2416 8.69420719 4.71489382 0.00000000
2417 8.79887772 4.93936157 0.00000000
2418 8.90354919 5.16382980 0.00000000
2419 9.00822067 5.38829803 0.00000000
2420 9.11289120 5.61276579 0.00000000
2421 9.21756268 5.83723402 0.00000000
2422 9.32223415 6.06170225 0.00000000
2423 9.42690468 6.28617001 0.00000000
2424 9.53157616 6.51063824 0.00000000
2425 9.63624763 6.73510647 0.00000000
2426 9.74091816 6.95957470 0.00000000
2427 9.84558964 7.18404245 0.00000000
2428 9.95026112 7.40851068 0.00000000
2429 10.05493260 7.63297892 0.00000000
2430 10.15960310 7.85744667 0.00000000
2431 10.26427460 8.08191490 0.00000000
2432 10.36894610 8.30638313 0.00000000
2433 10.47361660 8.53085136 0.00000000
2434 10.57828810 8.75531960 0.00000000
2435 10.68295960 8.97978687 0.00000000
2436 10.78763010 9.20425510 0.00000000
2437 10.89230160 9.42872334 0.00000000
2438 10.99697300 9.65319157 0.00000000
2439 11.10164450 9.87765980 0.00000000
2440 11.20631500 10.10212800 0.00000000
2441 11.31098650 10.32659530 0.00000000
2442 11.41565800 10.55106350 0.00000000
2443 11.52032850 10.77553180 0.00000000
2444 11.52032850 11.22446820 0.00000000
2445 11.41565800 11.44893650 0.00000000
2446 11.31098650 11.67340470 0.00000000
2447 11.20631500 11.89787200 0.00000000
2448 11.10164450 12.12234020 0.00000000
2449 10.99697300 12.34680840 0.00000000
2450 10.89230160 12.57127670 0.00000000
2451 10.78763010 12.79574490 0.00000000
2452 10.68295960 13.02021310 0.00000000
2453 10.57828810 13.24468040 0.00000000
2454 10.47361660 13.46914860 0.00000000
2455 10.36894610 13.69361690 0.00000000
2456 10.26427460 13.91808510 0.00000000
2457 10.15960310 14.14255330 0.00000000
2458 10.05493260 14.36702160 0.00000000
2459 9.95026112 14.59148980 0.00000000
2460 9.84558964 14.81595710 0.00000000
2461 9.74091816 15.04042530 0.00000000
2462 9.63624763 15.26489350 0.00000000
2463 9.53157616 15.48936180 0.00000000
2464 9.42690468 15.71383000 0.00000000
2465 9.32223415 15.93829820 0.00000000
2466 9.21756268 16.16276550 0.00000000
2467 9.11289120 16.38723370 0.00000000
2468 9.00822067 16.61170200 0.00000000
2469 8.90354919 16.83617020 0.00000000
2470 8.79887772 17.06063840 0.00000000
2471 8.69420719 17.28510670 0.00000000
2472 8.58953571 17.50957490 0.00000000
2473 8.48486423 17.73404310 0.00000000
2474 8.38019276 17.95851140 0.00000000
2475 8.27552223 18.18297960 0.00000000
2476 8.17085075 18.40744590 0.00000000
2477 8.06617928 18.63191410 0.00000000
2478 7.96150827 18.85638240 0.00000000
2479 7.85683727 19.08085060 0.00000000
2480 7.75216627 19.30531880 0.00000000
2481 7.64749479 19.52978710 0.00000000
2482 7.54282379 19.75425530 0.00000000
2483 7.43815231 19.97872350 0.00000000
2484 7.33348131 20.20319180 0.00000000
2485 7.22881031 20.42766000 0.00000000
2486 7.12413883 20.65212820 0.00000000
2487 7.01946783 20.87659650 0.00000000
2488 6.91479635 21.10106470 0.00000000
2489 6.81012535 21.32553100 0.00000000
2490 6.95360279 21.54999920 0.00000000
2491 7.20175171 21.54999920 0.00000000
2492 7.44990063 21.54999920 0.00000000
2493 7.69804907 21.54999920 0.00000000
2494 7.94619799 21.54999920 0.00000000
2495 8.19434643 21.54999920 0.00000000
2496 8.44249535 21.54999920 0.00000000
2497 8.69064426 21.54999920 0.00000000
2498 8.93879318 21.54999920 0.00000000
2499 9.18694210 21.54999920 0.00000000
2500 9.43509102 21.54999920 0.00000000
2501 9.68323898 21.54999920 0.00000000
2502 9.93138790 21.54999920 0.00000000
2503 10.17953680 21.54999920 0.00000000
2504 10.42768570 21.54999920 0.00000000
2505 10.67583470 21.54999920 0.00000000
2506 10.92398360 21.54999920 0.00000000
2507 11.17213250 21.54999920 0.00000000
2508 11.42028050 21.54999920 0.00000000
2509 11.66842940 21.54999920 0.00000000
2510 11.91657830 21.54999920 0.00000000
2511 12.16472720 21.54999920 0.00000000
2512 12.41287610 21.54999920 0.00000000
2513 12.66102500 21.54999920 0.00000000
2514 12.90917300 21.54999920 0.00000000
2515 13.15732190 21.54999920 0.00000000
2516 13.40547080 21.54999920 0.00000000
2517 13.65361980 21.54999920 0.00000000
2518 13.90176870 21.54999920 0.00000000
2519 14.14991760 21.54999920 0.00000000
2520 14.39806560 21.54999920 0.00000000
2521 14.64621450 21.54999920 0.00000000
2522 14.89436340 21.54999920 0.00000000
2523 15.14251230 21.54999920 0.00000000
2524 15.39066120 21.54999920 0.00000000
2525 15.63881020 21.54999920 0.00000000
2526 15.88695910 21.54999920 0.00000000
2527 16.13510700 21.54999920 0.00000000
2528 16.38325690 21.54999920 0.00000000
2529 16.63140490 21.54999920 0.00000000
2530 16.87955280 21.54999920 0.00000000
2531 17.12770270 21.54999920 0.00000000
2532 17.37585070 21.54999920 0.00000000
2533 17.62400050 21.77499960 0.00000000
2534 6.09860229 21.78660770 0.00000000
2535 6.19810915 21.57321360 0.00000000
2536 6.40263891 21.13459780 0.00000000
2537 6.50766230 20.90937610 0.00000000
2538 6.61268568 20.68415260 0.00000000
2539 6.71770906 20.45892910 0.00000000
2540 6.82273245 20.23370550 0.00000000
2541 6.92775536 20.00848200 0.00000000
2542 7.03277874 19.78325840 0.00000000
2543 7.13780212 19.55803680 0.00000000
2544 7.24282551 19.33281330 0.00000000
2545 7.34784889 19.10758970 0.00000000
2546 7.45287228 18.88236620 0.00000000
2547 7.55789566 18.65714260 0.00000000
2548 7.66291857 18.43191910 0.00000000
2549 7.76794195 18.20669750 0.00000000
2550 7.87296534 17.98147390 0.00000000
2551 7.97798872 17.75625040 0.00000000
2552 8.08301163 17.53102680 0.00000000
2553 8.18803501 17.30580330 0.00000000
2554 8.29305840 17.08057980 0.00000000
2555 8.39808178 16.85535810 0.00000000
2556 8.50310516 16.63013460 0.00000000
2557 8.60812855 16.40491100 0.00000000
2558 8.71315193 16.17968750 0.00000000
2559 8.81817532 15.95446490 0.00000000
2560 8.92319870 15.72924140 0.00000000
2561 9.02822208 15.50401780 0.00000000
2562 9.13324547 15.27879520 0.00000000
2563 9.23826885 15.05357170 0.00000000
2564 9.34329224 14.82834820 0.00000000
2565 9.44831467 14.60312560 0.00000000
2566 9.55333805 14.37790200 0.00000000
2567 9.65836143 14.15267850 0.00000000
2568 9.76338482 13.92745590 0.00000000
2569 9.86840820 13.70223240 0.00000000
2570 9.97343159 13.47700880 0.00000000
2571 10.07845500 13.25178620 0.00000000
2572 10.18347840 13.02656270 0.00000000
2573 10.28850170 12.80133910 0.00000000
2574 10.39352510 12.57611660 0.00000000
2575 10.49854850 12.35089300 0.00000000
2576 10.60357190 12.12566950 0.00000000
2577 10.70859530 11.90044690 0.00000000
2578 10.81361770 11.67522340 0.00000000
2579 10.67049030 11.44999980 0.00000000
2580 10.42233940 11.44999980 0.00000000
2581 10.17418860 11.44999980 0.00000000
2582 9.92603779 11.44999980 0.00000000
2583 9.67788696 11.44999980 0.00000000
2584 9.42973614 11.44999980 0.00000000
2585 9.18158531 11.44999980 0.00000000
2586 8.93343353 11.44999980 0.00000000
2587 8.68528271 11.44999980 0.00000000
2588 8.43713188 11.44999980 0.00000000
2589 8.18898106 11.44999980 0.00000000
2590 7.94083023 11.44999980 0.00000000
2591 7.69267941 11.44999980 0.00000000
2592 7.44452810 11.44999980 0.00000000
2593 7.19637728 11.44999980 0.00000000
2594 6.94822645 11.44999980 0.00000000
2595 6.70007563 11.44999980 0.00000000
2596 6.45192432 11.44999980 0.00000000
2597 6.20377350 11.44999980 0.00000000
2598 5.95562267 11.44999980 0.00000000
2599 5.70747185 11.44999980 0.00000000
2600 5.45932055 11.44999980 0.00000000
2601 5.21116972 11.44999980 0.00000000
2602 4.96301889 11.44999980 0.00000000
2603 4.71486807 11.44999980 0.00000000
2604 4.46671677 11.44999980 0.00000000
2605 4.21856594 11.44999980 0.00000000
2606 3.97041512 11.44999980 0.00000000
2607 3.72226405 11.44999980 0.00000000
2608 3.47411323 11.44999980 0.00000000
2609 3.22596216 11.44999980 0.00000000
2610 2.97781134 11.44999980 0.00000000
2611 2.72966027 11.44999980 0.00000000
2612 2.48150945 11.44999980 0.00000000
2613 2.23335838 11.44999980 0.00000000
2614 1.98520756 11.44999980 0.00000000
2615 1.73705661 11.44999980 0.00000000
2616 1.48890567 11.44999980 0.00000000
2617 1.24075472 11.44999980 0.00000000
2618 0.99260378 11.44999980 0.00000000
2619 0.74445283 11.44999980 0.00000000
2620 0.49630189 11.44999980 0.00000000
2621 0.24815095 11.44999980 0.00000000
2622 -0.24815095 11.44999980 0.00000000
2623 -0.49630189 11.44999980 0.00000000
2624 -0.74445283 11.44999980 0.00000000
2625 -0.99260378 11.44999980 0.00000000
2626 -1.24075472 11.44999980 0.00000000
2627 -1.48890567 11.44999980 0.00000000
2628 -1.73705661 11.44999980 0.00000000
2629 -1.98520756 11.44999980 0.00000000
2630 -2.23335838 11.44999980 0.00000000
2631 -2.48150945 11.44999980 0.00000000
2632 -2.72966027 11.44999980 0.00000000
2633 -2.97781134 11.44999980 0.00000000
2634 -3.22596216 11.44999980 0.00000000
2635 -3.47411323 11.44999980 0.00000000
2636 -3.72226405 11.44999980 0.00000000
2637 -3.97041512 11.44999980 0.00000000
2638 -4.21856594 11.44999980 0.00000000
2639 -4.46671677 11.44999980 0.00000000
2640 -4.71486807 11.44999980 0.00000000
2641 -4.96301889 11.44999980 0.00000000
2642 -5.21116972 11.44999980 0.00000000
2643 -5.45932055 11.44999980 0.00000000
2644 -5.70747185 11.44999980 0.00000000
2645 -5.95562267 11.44999980 0.00000000
2646 -6.20377350 11.44999980 0.00000000
2647 -6.45192432 11.44999980 0.00000000
2648 -6.70007563 11.44999980 0.00000000
2649 -6.94822645 11.44999980 0.00000000
2650 -7.19637728 11.44999980 0.00000000
2651 -7.44452810 11.44999980 0.00000000
2652 -7.69267941 11.44999980 0.00000000
2653 -7.94083023 11.44999980 0.00000000
2654 -8.18898106 11.44999980 0.00000000
2655 -8.43713188 11.44999980 0.00000000
2656 -8.68528271 11.44999980 0.00000000
2657 -8.93343353 11.44999980 0.00000000
2658 -9.18158531 11.44999980 0.00000000
2659 -9.42973614 11.44999980 0.00000000
2660 -9.67788696 11.44999980 0.00000000
2661 -9.92603779 11.44999980 0.00000000
2662 -10.17418860 11.44999980 0.00000000
2663 -10.42233940 11.44999980 0.00000000
2664 -10.67049030 11.44999980 0.00000000
2665 -10.81361770 11.67522340 0.00000000
2666 -10.70859530 11.90044690 0.00000000
2667 -10.60357190 12.12566950 0.00000000
2668 -10.49854850 12.35089300 0.00000000
2669 -10.39352510 12.57611660 0.00000000
2670 -10.28850170 12.80133910 0.00000000
2671 -10.18347840 13.02656270 0.00000000
2672 -10.07845500 13.25178620 0.00000000
2673 -9.97343159 13.47700880 0.00000000
2674 -9.86840820 13.70223240 0.00000000
2675 -9.76338482 13.92745590 0.00000000
2676 -9.65836143 14.15267850 0.00000000
2677 -9.55333805 14.37790200 0.00000000
2678 -9.44831467 14.60312560 0.00000000
2679 -9.34329224 14.82834820 0.00000000
2680 -9.23826885 15.05357170 0.00000000
2681 -9.13324547 15.27879520 0.00000000
2682 -9.02822208 15.50401780 0.00000000
2683 -8.92319870 15.72924140 0.00000000
2684 -8.81817532 15.95446490 0.00000000
2685 -8.71315193 16.17968750 0.00000000
2686 -8.60812855 16.40491100 0.00000000
2687 -8.50310516 16.63013460 0.00000000
2688 -8.39808178 16.85535810 0.00000000
2689 -8.29305840 17.08057980 0.00000000
2690 -8.18803501 17.30580330 0.00000000
2691 -8.08301163 17.53102680 0.00000000
2692 -7.97798872 17.75625040 0.00000000
2693 -7.87296534 17.98147390 0.00000000
2694 -7.76794195 18.20669750 0.00000000
2695 -7.66291857 18.43191910 0.00000000
2696 -7.55789566 18.65714260 0.00000000
2697 -7.45287228 18.88236620 0.00000000
2698 -7.34784889 19.10758970 0.00000000
2699 -7.24282551 19.33281330 0.00000000
2700 -7.13780212 19.55803680 0.00000000
2701 -7.03277874 19.78325840 0.00000000
2702 -6.92775536 20.00848200 0.00000000
2703 -6.82273245 20.23370550 0.00000000
2704 -6.71770906 20.45892910 0.00000000
2705 -6.61268568 20.68415260 0.00000000
2706 -6.50766230 20.90937610 0.00000000
2707 -6.40263891 21.13459780 0.00000000
2708 -6.19810915 21.57321360 0.00000000
2709 -6.09860229 21.78660770 0.00000000
2710 -17.62400050 21.77499960 0.00000000
2711 -17.37585070 21.54999920 0.00000000
2712 -17.12770270 21.54999920 0.00000000
2713 -16.87955280 21.54999920 0.00000000
2714 -16.63140490 21.54999920 0.00000000
2715 -16.38325690 21.54999920 0.00000000
2716 -16.13510700 21.54999920 0.00000000
2717 -15.88695910 21.54999920 0.00000000
2718 -15.63881020 21.54999920 0.00000000
2719 -15.39066120 21.54999920 0.00000000
2720 -15.14251230 21.54999920 0.00000000
2721 -14.89436340 21.54999920 0.00000000
2722 -14.64621450 21.54999920 0.00000000
2723 -14.39806560 21.54999920 0.00000000
2724 -14.14991760 21.54999920 0.00000000
2725 -13.90176870 21.54999920 0.00000000
2726 -13.65361980 21.54999920 0.00000000
2727 -13.40547080 21.54999920 0.00000000
2728 -13.15732190 21.54999920 0.00000000
2729 -12.90917300 21.54999920 0.00000000
2730 -12.66102500 21.54999920 0.00000000
2731 -12.41287610 21.54999920 0.00000000
2732 -12.16472720 21.54999920 0.00000000
2733 -11.91657830 21.54999920 0.00000000
2734 -11.66842940 21.54999920 0.00000000
2735 -11.42028050 21.54999920 0.00000000
2736 -11.17213250 21.54999920 0.00000000
2737 -10.92398360 21.54999920 0.00000000
2738 -10.67583470 21.54999920 0.00000000
2739 -10.42768570 21.54999920 0.00000000
2740 -10.17953680 21.54999920 0.00000000
2741 -9.93138790 21.54999920 0.00000000
2742 -9.68323898 21.54999920 0.00000000
2743 -9.43509102 21.54999920 0.00000000
2744 -9.18694210 21.54999920 0.00000000
2745 -8.93879318 21.54999920 0.00000000
2746 -8.69064426 21.54999920 0.00000000
2747 -8.44249535 21.54999920 0.00000000
2748 -8.19434643 21.54999920 0.00000000
2749 -7.94619799 21.54999920 0.00000000
2750 -7.69804907 21.54999920 0.00000000
2751 -7.44990063 21.54999920 0.00000000
2752 -7.20175171 21.54999920 0.00000000
2753 -6.95360279 21.54999920 0.00000000
2754 -6.81012535 21.32553100 0.00000000
2755 -6.91479635 21.10106470 0.00000000
2756 -7.01946783 20.87659650 0.00000000
2757 -7.12413883 20.65212820 0.00000000
2758 -7.22881031 20.42766000 0.00000000
2759 -7.33348131 20.20319180 0.00000000
2760 -7.43815231 19.97872350 0.00000000
2761 -7.54282379 19.75425530 0.00000000
2762 -7.64749479 19.52978710 0.00000000
2763 -7.75216627 19.30531880 0.00000000
2764 -7.85683727 19.08085060 0.00000000
2765 -7.96150827 18.85638240 0.00000000
2766 -8.06617928 18.63191410 0.00000000
2767 -8.17085075 18.40744590 0.00000000
2768 -8.27552223 18.18297960 0.00000000
2769 -8.38019276 17.95851140 0.00000000
2770 -8.48486423 17.73404310 0.00000000
2771 -8.58953571 17.50957490 0.00000000
2772 -8.69420719 17.28510670 0.00000000
2773 -8.79887772 17.06063840 0.00000000
2774 -8.90354919 16.83617020 0.00000000
2775 -9.00822067 16.61170200 0.00000000
2776 -9.11289120 16.38723370 0.00000000
2777 -9.21756268 16.16276550 0.00000000
2778 -9.32223415 15.93829820 0.00000000
2779 -9.42690468 15.71383000 0.00000000
2780 -9.53157616 15.48936180 0.00000000
2781 -9.63624763 15.26489350 0.00000000
2782 -9.74091816 15.04042530 0.00000000
2783 -9.84558964 14.81595710 0.00000000
2784 -9.95026112 14.59148980 0.00000000
2785 -10.05493260 14.36702160 0.00000000
2786 -10.15960310 14.14255330 0.00000000
2787 -10.26427460 13.91808510 0.00000000
2788 -10.36894610 13.69361690 0.00000000
2789 -10.47361660 13.46914860 0.00000000
2790 -10.57828810 13.24468040 0.00000000
2791 -10.68295960 13.02021310 0.00000000
2792 -10.78763010 12.79574490 0.00000000
2793 -10.89230160 12.57127670 0.00000000
2794 -10.99697300 12.34680840 0.00000000
2795 -11.10164450 12.12234020 0.00000000
2796 -11.20631500 11.89787200 0.00000000
2797 -11.31098650 11.67340470 0.00000000
2798 -11.41565800 11.44893650 0.00000000
2799 -11.52032850 11.22446820 0.00000000
2800 -11.52032850 10.77553180 0.00000000
2801 -11.41565800 10.55106350 0.00000000
2802 -11.31098650 10.32659530 0.00000000
2803 -11.20631500 10.10212800 0.00000000
2804 -11.10164450 9.87765980 0.00000000
2805 -10.99697300 9.65319157 0.00000000
2806 -10.89230160 9.42872334 0.00000000
2807 -10.78763010 9.20425510 0.00000000
2808 -10.68295960 8.97978687 0.00000000
2809 -10.57828810 8.75531960 0.00000000
2810 -10.47361660 8.53085136 0.00000000
2811 -10.36894610 8.30638313 0.00000000
2812 -10.26427460 8.08191490 0.00000000
2813 -10.15960310 7.85744667 0.00000000
2814 -10.05493260 7.63297892 0.00000000
2815 -9.95026112 7.40851068 0.00000000
2816 -9.84558964 7.18404245 0.00000000
2817 -9.74091816 6.95957470 0.00000000
2818 -9.63624763 6.73510647 0.00000000
2819 -9.53157616 6.51063824 0.00000000
2820 -9.42690468 6.28617001 0.00000000
2821 -9.32223415 6.06170225 0.00000000
2822 -9.21756268 5.83723402 0.00000000
2823 -9.11289120 5.61276579 0.00000000
2824 -9.00822067 5.38829803 0.00000000
2825 -8.90354919 5.16382980 0.00000000
2826 -8.79887772 4.93936157 0.00000000
2827 -8.69420719 4.71489382 0.00000000
2828 -8.58953571 4.49042559 0.00000000
2829 -8.48486423 4.26595736 0.00000000
2830 -8.38019276 4.04148912 0.00000000
2831 -8.27552223 3.81702137 0.00000000
2832 -8.17085075 3.59255314 0.00000000
2833 -8.06617928 3.36808515 0.00000000
2834 -7.96150827 3.14361691 0.00000000
2835 -7.85683727 2.91914892 0.00000000
2836 -7.75216627 2.69468093 0.00000000
2837 -7.64749479 2.47021270 0.00000000
2838 -7.54282379 2.24574471 0.00000000
2839 -7.43815231 2.02127671 0.00000000
2840 -7.33348131 1.79680848 0.00000000
2841 -7.22881031 1.57234037 0.00000000
2842 -7.12413883 1.34787238 0.00000000
2843 -7.01946783 1.12340426 0.00000000
2844 -6.91479635 0.89893615 0.00000000
2845 -6.81012535 0.67446810 0.00000000
2846 -6.95360279 0.44999999 0.00000000
2847 -7.20175171 0.44999999 0.00000000
2848 -7.44990063 0.44999999 0.00000000
2849 -7.69804907 0.44999999 0.00000000
2850 -7.94619799 0.44999999 0.00000000
2851 -8.19434643 0.44999999 0.00000000
2852 -8.44249535 0.44999999 0.00000000
2853 -8.69064426 0.44999999 0.00000000
2854 -8.93879318 0.44999999 0.00000000
2855 -9.18694210 0.44999999 0.00000000
2856 -9.43509102 0.44999999 0.00000000
2857 -9.68323898 0.44999999 0.00000000
2858 -9.93138790 0.44999999 0.00000000
2859 -10.17953680 0.44999999 0.00000000
2860 -10.42768570 0.44999999 0.00000000
2861 -10.67583470 0.44999999 0.00000000
2862 -10.92398360 0.44999999 0.00000000
2863 -11.17213250 0.44999999 0.00000000
2864 -11.42028050 0.44999999 0.00000000
2865 -11.66842940 0.44999999 0.00000000
2866 -11.91657830 0.44999999 0.00000000
2867 -12.16472720 0.44999999 0.00000000
2868 -12.41287610 0.44999999 0.00000000
2869 -12.66102500 0.44999999 0.00000000
2870 -12.90917300 0.44999999 0.00000000
2871 -13.15732190 0.44999999 0.00000000
2872 -13.40547080 0.44999999 0.00000000
2873 -13.65361980 0.44999999 0.00000000
2874 -13.90176870 0.44999999 0.00000000
2875 -14.14991760 0.44999999 0.00000000
2876 -14.39806560 0.44999999 0.00000000
2877 -14.64621450 0.44999999 0.00000000
2878 -14.89436340 0.44999999 0.00000000
2879 -15.14251230 0.44999999 0.00000000
2880 -15.39066120 0.44999999 0.00000000
2881 -15.63881020 0.44999999 0.00000000
2882 -15.88695910 0.44999999 0.00000000
2883 -16.13510700 0.44999999 0.00000000
2884 -16.38325690 0.44999999 0.00000000
2885 -16.63140490 0.44999999 0.00000000
2886 -16.87955280 0.44999999 0.00000000
2887 -17.12770270 0.44999999 0.00000000
2888 -17.37585070 0.44999999 0.00000000
2889 -10.74808120 -11.00156970 0.00000000
2890 -10.74808310 11.00042920 0.00000000
2891 -17.16238980 0.00101827 0.00000000
2892 -16.62995720 -0.00105803 0.00000000
2893 -16.11743350 -0.00219498 0.00000000
2894 -15.51480290 0.00046906 0.00000000
2895 -14.91278270 0.00390408 0.00000000
2896 -14.40352060 0.00625623 0.00000000
2897 -13.90411570 0.00495943 0.00000000
2898 -13.40621090 0.00380512 0.00000000
2899 -12.90832140 0.00411128 0.00000000
2900 -12.40973280 0.00572709 0.00000000
2901 -11.90383050 0.00703780 0.00000000
2902 -11.30113410 0.00469756 0.00000000
2903 -10.69620320 0.00397303 0.00000000
2904 -10.18594930 0.00058321 0.00000000
2905 -9.68615055 -0.00411309 0.00000000
2906 -9.18777275 -0.00327940 0.00000000
2907 -8.68991089 0.00058333 0.00000000
2908 -8.19198704 0.00442882 0.00000000
2909 -7.69227648 0.00622270 0.00000000
2910 -7.18111181 0.00403113 0.00000000
2911 -6.57114363 0.00068873 0.00000000
2912 -6.60858154 0.51619202 0.00000000
2913 -7.16228533 2.05876303 0.00000000
2914 -7.70729923 3.13074040 0.00000000
2915 -8.18202496 4.21263838 0.00000000
2916 -9.17520428 6.27860117 0.00000000
2917 -9.69938660 7.40272331 0.00000000
2918 11.33298210 11.00081540 0.00000000
2919 10.74808310 11.00156690 0.00000000
2920 10.18736360 11.00349430 0.00000000
2921 9.68217564 11.00457380 0.00000000
2922 9.18288231 11.00162320 0.00000000
2923 8.68492985 11.00137140 0.00000000
2924 8.18701172 11.00423910 0.00000000
2925 7.68762350 11.00580120 0.00000000
2926 7.17834568 11.00321670 0.00000000
2927 6.57614994 11.00025840 0.00000000
2928 5.97390032 11.00341610 0.00000000
2929 5.46450567 11.00583270 0.00000000
2930 4.96500921 11.00424960 0.00000000
2931 4.46712351 11.00032520 0.00000000
2932 3.96917892 10.99644850 0.00000000
2933 3.46970844 10.99475770 0.00000000
2934 2.96052599 10.99637600 0.00000000
2935 2.35848045 10.99927620 0.00000000
2936 1.75635040 11.00277230 0.00000000
2937 1.24670434 11.00038240 0.00000000
2938 0.74706799 10.99651720 0.00000000
2939 0.24860352 10.99860570 0.00000000
2940 -0.24926981 10.99940590 0.00000000
2941 -0.74719071 11.00029280 0.00000000
2942 -1.24670780 10.99887470 0.00000000
2943 -1.75635040 10.99718860 0.00000000
2944 -2.35848045 10.99977680 0.00000000
2945 -2.96052599 10.99696830 0.00000000
2946 -3.46970844 10.99538610 0.00000000
2947 -3.96917892 10.99894330 0.00000000
2948 -4.46712351 11.00297640 0.00000000
2949 -4.96500921 11.00481030 0.00000000
2950 -5.46450567 11.00588040 0.00000000
2951 -5.97390032 11.00402740 0.00000000
2952 -6.57614994 11.00187780 0.00000000
2953 -7.17834568 11.00419430 0.00000000
2954 -7.68762350 11.00588320 0.00000000
2955 -8.18701172 11.00480940 0.00000000
2956 -8.68492985 11.00273700 0.00000000
2957 -9.18288231 10.99897290 0.00000000
2958 -9.68217564 10.99544330 0.00000000
2959 -10.18736840 10.99667260 0.00000000
2960 -11.33298210 11.00078870 0.00000000
2961 9.69938374 7.40273142 0.00000000
2962 9.17523861 6.27855253 0.00000000
2963 8.18203163 4.21263742 0.00000000
2964 7.70736837 3.13066292 0.00000000
2965 7.16222143 2.05881667 0.00000000
2966 6.60859156 0.51618606 0.00000000
2967 17.16238980 0.00273895 0.00000000
2968 16.62995720 0.00533632 0.00000000
2969 16.11743350 0.00316648 0.00000000
2970 15.51480290 0.00063198 0.00000000
2971 14.91278270 0.00280459 0.00000000
2972 14.40352060 0.00046042 0.00000000
2973 13.90411570 -0.00354461 0.00000000
2974 13.40621090 -0.00374849 0.00000000
2975 12.90832140 -0.00411111 0.00000000
2976 12.40973280 -0.00572709 0.00000000
2977 11.90383050 -0.00703780 0.00000000
2978 11.30113410 -0.00471955 0.00000000
2979 10.69620320 -0.00515845 0.00000000
2980 10.18594930 -0.00689467 0.00000000
2981 9.68615055 -0.00569189 0.00000000
2982 9.18777275 -0.00403489 0.00000000
2983 8.68991089 -0.00283170 0.00000000
2984 8.19198704 0.00143492 0.00000000
2985 7.69227648 0.00544789 0.00000000
2986 7.18111181 0.00399069 0.00000000
2987 6.57114363 0.00076874 0.00000000
2988 6.60858154 -0.51598144 0.00000000
2989 7.16228533 -2.05876303 0.00000000
2990 7.70731068 -3.13074636 0.00000000
2991 8.18202496 -4.21263885 0.00000000
2992 9.17520428 -6.27860117 0.00000000
2993 9.69938660 -7.40272331 0.00000000
2994 10.83292010 -9.93064213 0.00000000
2995 -7.68762350 -11.00580120 0.00000000
2996 7.68762350 -11.00588320 0.00000000
2997 -11.33298020 -11.00081830 0.00000000
2998 -10.18736360 -11.00349430 0.00000000
2999 -9.68217564 -11.00457380 0.00000000
3000 -9.18288231 -11.00162320 0.00000000
3001 -8.68492985 -11.00137140 0.00000000
3002 -8.18701172 -11.00423910 0.00000000
3003 -7.17834568 -11.00321670 0.00000000
3004 -6.57614994 -11.00025840 0.00000000
3005 -5.97390032 -11.00341610 0.00000000
3006 -5.46450567 -11.00583270 0.00000000
3007 -4.96500921 -11.00424960 0.00000000
3008 -4.46712351 -11.00032520 0.00000000
3009 -3.96917892 -10.99644850 0.00000000
3010 -3.46970844 -10.99475770 0.00000000
3011 -2.96052599 -10.99637600 0.00000000
3012 -2.35848045 -10.99927620 0.00000000
3013 -1.75635040 -11.00277230 0.00000000
3014 -1.24670434 -11.00038240 0.00000000
3015 -0.74706799 -10.99651720 0.00000000
3016 -0.24860352 -10.99860570 0.00000000
3017 0.24926981 -10.99940590 0.00000000
3018 0.74719071 -11.00029280 0.00000000
3019 1.24670780 -10.99887470 0.00000000
3020 1.75635040 -10.99718860 0.00000000
3021 2.35848045 -10.99977680 0.00000000
3022 2.96052599 -10.99696830 0.00000000
3023 3.46970844 -10.99538610 0.00000000
3024 3.96917892 -10.99894330 0.00000000
3025 4.46712351 -11.00297640 0.00000000
3026 4.96500921 -11.00481030 0.00000000
3027 5.46450567 -11.00588040 0.00000000
3028 5.97390032 -11.00402740 0.00000000
3029 6.57614994 -11.00187780 0.00000000
3030 7.17834568 -11.00419430 0.00000000
3031 8.18701172 -11.00480940 0.00000000
3032 8.68492985 -11.00273700 0.00000000
3033 9.18288231 -10.99897290 0.00000000
3034 9.68219948 -10.99544910 0.00000000
3035 10.18833160 -10.99627690 0.00000000
3036 10.75667100 -10.98499010 0.00000000
3037 11.32675080 -10.98719310 0.00000000
3038 -10.83291530 -9.93083286 0.00000000
3039 -9.69938374 -7.40273142 0.00000000
3040 -9.17523861 -6.27855253 0.00000000
3041 -8.18203163 -4.21263742 0.00000000
3042 -7.70736837 -3.13066292 0.00000000
3043 -7.16222143 -2.05881667 0.00000000
3044 -6.60859156 -0.51597547 0.00000000
3045 -9.69939804 -14.59732910 0.00000000
3046 -9.17523479 -15.72152040 0.00000000
3047 -8.18203640 -17.78737070 0.00000000
3048 -7.70732641 -18.86927600 0.00000000
3049 -7.16223955 -19.94119450 0.00000000
3050 9.69939804 -14.59732910 0.00000000
3051 9.17520523 -15.72143360 0.00000000
3052 8.18206787 -17.78740120 0.00000000
3053 7.70733356 -18.86931610 0.00000000
3054 7.16220045 -19.94116400 0.00000000
3055 9.69939804 14.59732910 0.00000000
3056 9.17523479 15.72152040 0.00000000
3057 8.18203640 17.78737070 0.00000000
3058 7.70732641 18.86927600 0.00000000
3059 7.16223955 19.94119450 0.00000000
3060 -10.83292390 12.06922720 0.00000000
3061 -9.69939804 14.59732910 0.00000000
3062 -9.17520523 15.72143360 0.00000000
3063 -8.18206787 17.78740120 0.00000000
3064 -7.70733356 18.86931610 0.00000000
3065 -7.16219473 19.94116020 0.00000000
3066 -8.65095806 5.15440989 0.00000000
3067 8.65092945 5.15441847 0.00000000
3068 8.65095806 -5.15440989 0.00000000
3069 -8.65092945 -5.15441847 0.00000000
3070 -8.65088177 -16.84555630 0.00000000
3071 8.65100956 -16.84562870 0.00000000
3072 8.65088177 16.84555630 0.00000000
3073 -8.65100956 16.84562870 0.00000000
3074 -7.28433895 -19.75963020 0.00000000
3075 7.28433895 19.75963020 0.00000000
3076 6.57510424 0.31879079 0.00000000
3077 -6.57505941 0.31877586 0.00000000
3078 -6.57510424 -0.31810787 0.00000000
3079 6.57505941 -0.31801239 0.00000000
3080 10.95412160 -10.11074830 0.00000000
3081 7.60242510 -2.90599370 0.00000000
3082 -10.79676150 -9.69246006 0.00000000
3083 -10.79677490 12.30763150 0.00000000
3084 10.79676060 -9.69243431 0.00000000
3085 7.12786245 -20.17553710 0.00000000
3086 7.12790537 20.17556380 0.00000000
3087 -7.12790537 -20.17556380 0.00000000
3088 -7.12785816 20.17553520 0.00000000
3089 7.12785769 1.82446408 0.00000000
3090 -7.12785769 -1.82446408 0.00000000
3091 -7.12789106 1.82444119 0.00000000
3092 7.12789106 -1.82444119 0.00000000
3093 7.81222105 3.35537148 0.00000000
3094 -7.81222105 -3.35537148 0.00000000
3095 -7.81224060 18.64463230 0.00000000
3096 7.81224060 -18.64463230 0.00000000
3097 9.28000832 -6.50345325 0.00000000
3098 -9.28000832 6.50345325 0.00000000
3099 -9.28001404 -15.49656770 0.00000000
3100 9.28001404 15.49656770 0.00000000
3101 9.28008080 6.50330210 0.00000000
3102 -9.28008080 -6.50330210 0.00000000
3103 9.28000832 -15.49655250 0.00000000
3104 -9.28000832 15.49655250 0.00000000
3105 -17.40079120 -0.13205525 0.00000000
3106 17.40079120 0.13353798 0.00000000
3107 -17.40048980 0.13287562 0.00000000
3108 17.40048980 -0.13155000 0.00000000
3109 -9.80422878 7.62766838 0.00000000
3110 9.80422878 -7.62766838 0.00000000
3111 9.80422878 7.62766981 0.00000000
3112 -9.80422878 -7.62766981 0.00000000
3113 -9.80423641 -14.37236690 0.00000000
3114 9.80423641 14.37236690 0.00000000
3115 9.80423641 -14.37236690 0.00000000
3116 -9.80423641 14.37236690 0.00000000
3117 -6.24425030 0.00020104 0.00000000
3118 6.24425030 0.00021654 0.00000000
3119 6.35208893 0.23790501 0.00000000
3120 -6.35207939 0.23788771 0.00000000
3121 6.34763384 -21.78402330 0.00000000
3122 6.35207939 -0.23740475 0.00000000
3123 -6.35161161 -21.78408240 0.00000000
3124 -6.34763384 21.78402330 0.00000000
3125 6.35161161 21.78408240 0.00000000
3126 -6.35208893 -0.23743548 0.00000000
3127 6.45022345 -21.56476590 0.00000000
3128 6.45200777 21.56480030 0.00000000
3129 -6.45200777 -21.56480030 0.00000000
3130 -6.45022345 21.56476590 0.00000000
3131 8.33368683 -21.77504920 0.00000000
3132 9.82012939 -21.77504350 0.00000000
3133 11.30658150 -21.77504350 0.00000000
3134 10.81109710 -21.77504350 0.00000000
3135 13.28851700 -21.77504350 0.00000000
3136 14.77496810 -21.77504350 0.00000000
3137 16.26140980 -21.77504160 0.00000000
3138 17.24871060 -21.77501110 0.00000000
3139 8.82916260 -21.77504350 0.00000000
3140 9.32464600 -21.77504350 0.00000000
3141 10.31561370 -21.77504350 0.00000000
3142 11.80206490 -21.77504350 0.00000000
3143 12.29754920 -21.77504350 0.00000000
3144 12.79303260 -21.77504350 0.00000000
3145 13.78400040 -21.77504350 0.00000000
3146 14.27948380 -21.77504350 0.00000000
3147 15.27045150 -21.77504350 0.00000000
3148 15.76593590 -21.77504350 0.00000000
3149 16.75677300 -21.77502820 0.00000000
3150 7.83822918 -21.77506640 0.00000000
3151 6.84696150 -21.77576640 0.00000000
3152 7.59042025 -21.77502630 0.00000000
3153 6.59752607 -21.77909280 0.00000000
3154 7.09488440 -21.77514270 0.00000000
3155 7.34264517 -21.77502820 0.00000000
3156 8.08590126 -21.77501870 0.00000000
3157 9.07686615 -21.77501490 0.00000000
3158 8.58138084 -21.77501490 0.00000000
3159 10.56332400 -21.77501490 0.00000000
3160 12.04978180 -21.77501490 0.00000000
3161 12.54526810 -21.77501490 0.00000000
3162 13.53624060 -21.77501490 0.00000000
3163 14.03172590 -21.77501490 0.00000000
3164 15.51818470 -21.77501490 0.00000000
3165 17.00400730 -21.77500720 0.00000000
3166 9.57235146 -21.77501490 0.00000000
3167 10.06783770 -21.77501490 0.00000000
3168 11.05881020 -21.77501490 0.00000000
3169 11.55429550 -21.77501490 0.00000000
3170 13.04075430 -21.77501490 0.00000000
3171 14.52721210 -21.77501490 0.00000000
3172 15.02269840 -21.77501490 0.00000000
3173 16.01366810 -21.77501490 0.00000000
3174 16.50913240 -21.77501110 0.00000000
3175 -8.33372021 21.77507210 0.00000000
3176 -9.82012939 21.77504350 0.00000000
3177 -11.30658150 21.77504350 0.00000000
3178 -10.81109710 21.77504350 0.00000000
3179 -11.80206490 21.77504350 0.00000000
3180 -13.28851700 21.77504350 0.00000000
3181 -14.77496810 21.77504350 0.00000000
3182 -16.26140980 21.77504160 0.00000000
3183 -17.24871060 21.77501110 0.00000000
3184 -8.82917023 21.77504920 0.00000000
3185 -9.32464600 21.77504350 0.00000000
3186 -10.31561370 21.77504350 0.00000000
3187 -12.29754920 21.77504350 0.00000000
3188 -12.79303260 21.77504350 0.00000000
3189 -13.78400040 21.77504350 0.00000000
3190 -14.27948380 21.77504350 0.00000000
3191 -15.27045150 21.77504350 0.00000000
3192 -15.76593590 21.77504350 0.00000000
3193 -16.75677300 21.77502820 0.00000000
3194 -6.84696960 21.77577210 0.00000000
3195 -7.59043407 21.77503590 0.00000000
3196 -7.09489107 21.77514840 0.00000000
3197 -7.34264851 21.77503010 0.00000000
3198 -8.08591461 21.77502820 0.00000000
3199 -6.59752750 21.77909280 0.00000000
3200 -7.83814383 21.77501110 0.00000000
3201 -9.07686710 21.77501490 0.00000000
3202 -8.58138752 21.77502060 0.00000000
3203 -10.56332400 21.77501490 0.00000000
3204 -12.54526810 21.77501490 0.00000000
3205 -13.53624060 21.77501490 0.00000000
3206 -14.03172590 21.77501490 0.00000000
3207 -15.51818470 21.77501490 0.00000000
3208 -17.00400730 21.77500720 0.00000000
3209 -9.57235146 21.77501490 0.00000000
3210 -10.06783770 21.77501490 0.00000000
3211 -11.05881020 21.77501490 0.00000000
3212 -11.55429550 21.77501490 0.00000000
3213 -12.04978180 21.77501490 0.00000000
3214 -13.04075430 21.77501490 0.00000000
3215 -14.52721210 21.77501490 0.00000000
3216 -15.02269840 21.77501490 0.00000000
3217 -16.01366810 21.77501490 0.00000000
3218 -16.50913240 21.77501110 0.00000000
3219 -6.55448723 -21.34206580 0.00000000
3220 6.55448723 21.34206580 0.00000000
3221 6.55418396 -21.34206770 0.00000000
3222 -6.55421162 21.34208490 0.00000000
3223 -6.98190069 -20.43579670 0.00000000
3224 6.65889454 -21.11754610 0.00000000
3225 6.98190069 20.43579670 0.00000000
3226 -6.65890789 21.11761280 0.00000000
3227 -8.43977642 -17.29649730 0.00000000
3228 -8.02537537 -18.20379640 0.00000000
3229 7.39214706 -19.54221150 0.00000000
3230 8.43977642 17.29649730 0.00000000
3231 8.02537537 18.20379640 0.00000000
3232 -7.39214706 19.54221150 0.00000000
3233 -7.60242844 -19.09401130 0.00000000
3234 8.14723873 -18.02285190 0.00000000
3235 8.86070442 -16.39590260 0.00000000
3236 9.90907669 -14.14746480 0.00000000
3237 7.60242844 19.09401130 0.00000000
3238 -8.14723873 18.02285190 0.00000000
3239 -8.86070442 16.39590260 0.00000000
3240 -9.90907669 14.14746480 0.00000000
3241 8.54586792 -17.07064630 0.00000000
3242 -8.54586792 17.07064630 0.00000000
3243 11.06323150 10.32664490 0.00000000
3244 10.22363190 -8.52698803 0.00000000
3245 -11.06264500 -10.32816410 0.00000000
3246 -10.22363950 -13.47304730 0.00000000
3247 11.06216620 -11.67764660 0.00000000
3248 10.22363950 13.47304730 0.00000000
3249 -11.06252290 11.67220310 0.00000000
3250 -10.22363190 8.52698803 0.00000000
3251 -9.38486004 -6.72818804 0.00000000
3252 -9.48969650 -15.04691410 0.00000000
3253 -10.95752330 -11.89865970 0.00000000
3254 9.38486004 6.72818804 0.00000000
3255 9.48969650 15.04691410 0.00000000
3256 10.95752330 11.89865970 0.00000000
3257 -10.95752330 10.10134030 0.00000000
3258 -7.91758156 3.57892179 0.00000000
3259 -8.96549034 5.82909203 0.00000000
3260 -10.74785900 9.65124702 0.00000000
3261 -10.65140250 12.56652450 0.00000000
3262 10.74785900 12.34875300 0.00000000
3263 11.29640870 10.74132540 0.00000000
3264 10.53815940 9.20164967 0.00000000
3265 10.64300060 9.42652225 0.00000000
3266 10.22363190 8.52698803 0.00000000
3267 10.01392940 8.07734108 0.00000000
3268 7.91757822 -3.57893252 0.00000000
3269 8.96549034 -5.82909203 0.00000000
3270 -10.74785900 -12.34875300 0.00000000
3271 -11.29638580 -10.74136160 0.00000000
3272 -10.53958990 -9.20279694 0.00000000
3273 -10.65139290 -9.43353748 0.00000000
3274 -10.22363190 -8.52698803 0.00000000
3275 -10.01392940 -8.07734108 0.00000000
3276 -9.90907669 -14.14746480 0.00000000
3277 9.48969650 -15.04691310 0.00000000
3278 10.53815940 -12.79835220 0.00000000
3279 10.64300060 -12.57347870 0.00000000
3280 10.22363950 -13.47304730 0.00000000
3281 9.90907669 14.14746480 0.00000000
3282 -10.53959850 12.79717640 0.00000000
3283 -9.48969650 15.04691310 0.00000000
3284 -10.22364430 13.47302910 0.00000000
3285 -11.29600810 11.25998780 0.00000000
3286 -7.91757488 -3.57893968 0.00000000
3287 -9.90907288 -7.85255051 0.00000000
3288 -10.32850360 -8.75193787 0.00000000
3289 -9.07033443 -15.94598010 0.00000000
3290 -9.59453487 -14.82201670 0.00000000
3291 -10.32846930 -13.24810310 0.00000000
3292 -10.53816410 -12.79842380 0.00000000
3293 -11.29601290 -11.26007180 0.00000000
3294 9.59453487 -14.82201670 0.00000000
3295 10.32847020 -13.24811270 0.00000000
3296 10.01392940 -8.07734013 0.00000000
3297 10.32850360 -8.75193882 0.00000000
3298 10.53958890 -9.20279980 0.00000000
3299 11.29489230 -10.73515890 0.00000000
3300 7.91757488 3.57893968 0.00000000
3301 9.90907288 7.85255051 0.00000000
3302 10.32846830 8.75189400 0.00000000
3303 9.07033443 15.94598010 0.00000000
3304 9.59453487 14.82201670 0.00000000
3305 10.32846930 13.24810310 0.00000000
3306 10.53816410 12.79842380 0.00000000
3307 11.29601380 11.26007180 0.00000000
3308 -9.59453487 14.82201670 0.00000000
3309 -10.32850930 13.24805550 0.00000000
3310 -10.01392940 8.07734013 0.00000000
3311 -10.32846740 8.75190449 0.00000000
3312 -10.53816410 9.20157814 0.00000000
3313 -11.29639340 10.74127100 0.00000000
3314 -8.43979931 -4.70349169 0.00000000
3315 8.54585552 -4.92936230 0.00000000
3316 9.48969650 -6.95308685 0.00000000
3317 8.43979931 4.70349169 0.00000000
3318 -8.54585552 4.92936230 0.00000000
3319 -9.48969650 6.95308685 0.00000000
3320 -6.98182631 1.56425011 0.00000000
3321 6.98182631 -1.56425011 0.00000000
3322 -6.65492153 -0.88503200 0.00000000
3323 6.65492153 0.88504785 0.00000000
3324 7.28432512 2.24038458 0.00000000
3325 -7.28432512 -2.24038458 0.00000000
3326 7.28434896 -2.24036145 0.00000000
3327 -7.28433895 2.24028254 0.00000000
3328 -7.39213419 2.45774269 0.00000000
3329 7.39213514 -2.45780206 0.00000000
3330 -7.60245228 -2.90596104 0.00000000
3331 7.60245228 2.90596104 0.00000000
3332 6.76294088 -1.10771501 0.00000000
3333 -6.76294088 1.10771501 0.00000000
3334 -6.65491295 0.88506019 0.00000000
3335 6.86980295 1.33334255 0.00000000
3336 6.76322269 1.10786724 0.00000000
3337 -6.86980295 -1.33334255 0.00000000
3338 -6.76322269 -1.10786462 0.00000000
3339 6.65491295 -0.88504440 0.00000000
3340 8.54582596 4.92937136 0.00000000
3341 -8.54582596 -4.92937136 0.00000000
3342 -11.06311320 -11.67377570 0.00000000
3343 11.06250860 -10.32779410 0.00000000
3344 11.06311320 11.67377570 0.00000000
3345 -11.06323530 10.32659240 0.00000000
3346 -8.43976879 4.70348310 0.00000000
3347 9.48968697 6.95310402 0.00000000
3348 8.96560287 5.82903385 0.00000000
3349 8.32787991 4.47261381 0.00000000
3350 8.02534771 3.79625225 0.00000000
3351 7.49749327 2.68136930 0.00000000
3352 7.49748278 -2.68138123 0.00000000
3353 8.43976879 -4.70348310 0.00000000
3354 -9.48968697 -6.95310402 0.00000000
3355 -8.96560287 -5.82903385 0.00000000
3356 -8.32787991 -4.47261381 0.00000000
3357 -8.02534771 -3.79625225 0.00000000
3358 -7.49749327 -2.68136930 0.00000000
3359 -7.39212751 -2.45781040 0.00000000
3360 -9.07033539 -6.05380297 0.00000000
3361 9.90907383 -7.85255003 0.00000000
3362 8.02534866 -3.79625201 0.00000000
3363 7.39212751 2.45781040 0.00000000
3364 9.07033539 6.05380297 0.00000000
3365 -9.90907383 7.85255003 0.00000000
3366 -8.02534962 3.79624939 0.00000000
3367 -7.49748516 2.68135357 0.00000000
3368 -6.98184156 -1.56423080 0.00000000
3369 -8.14721203 -3.97718549 0.00000000
3370 -8.86065960 -5.60414886 0.00000000
3371 -9.59453106 -7.17799664 0.00000000
3372 6.86979485 -1.33336008 0.00000000
3373 7.81223202 -3.35538626 0.00000000
3374 8.32787323 -4.47261238 0.00000000
3375 8.86061668 -5.60416698 0.00000000
3376 9.07031059 -6.05382061 0.00000000
3377 9.59453297 -7.17799234 0.00000000
3378 6.98184156 1.56423080 0.00000000
3379 8.14721203 3.97718549 0.00000000
3380 8.86065960 5.60414886 0.00000000
3381 9.59453106 7.17799664 0.00000000
3382 -6.86979485 1.33336008 0.00000000
3383 -7.60241795 2.90599465 0.00000000
3384 -7.81223059 3.35538363 0.00000000
3385 -8.32787323 4.47261238 0.00000000
3386 -8.86061668 5.60416698 0.00000000
3387 -9.07031059 6.05382061 0.00000000
3388 -9.59453297 7.17799234 0.00000000
3389 -11.17426400 10.55329700 0.00000000
3390 11.17398550 11.44747160 0.00000000
3391 11.17384050 -10.55001740 0.00000000
3392 -11.17398550 -11.44747160 0.00000000
3393 -10.11877060 -8.30223083 0.00000000
3394 10.11877350 -13.69778350 0.00000000
3395 10.11877060 8.30223083 0.00000000
3396 -10.11877440 13.69778060 0.00000000
3397 -8.54581356 -17.07062340 0.00000000
3398 8.43977451 -17.29652020 0.00000000
3399 9.38484001 -15.27168080 0.00000000
3400 8.54581356 17.07062340 0.00000000
3401 -8.43977451 17.29652020 0.00000000
3402 -9.38484001 15.27168080 0.00000000
3403 -7.39213419 -19.54219820 0.00000000
3404 7.39213419 19.54219820 0.00000000
3405 7.60243416 -19.09402280 0.00000000
3406 -7.60243416 19.09402280 0.00000000
3407 9.38484001 -6.72831964 0.00000000
3408 -9.38484001 6.72831964 0.00000000
3409 -10.64300440 9.42646599 0.00000000
3410 10.85269450 12.12377930 0.00000000
3411 10.74784660 9.65136337 0.00000000
3412 10.11877060 -8.30223083 0.00000000
3413 -10.85269450 -12.12377930 0.00000000
3414 -10.64300440 -12.57353400 0.00000000
3415 -10.11877350 -13.69778350 0.00000000
3416 -10.43331050 -13.02322010 0.00000000
3417 -7.91759396 -18.42108540 0.00000000
3418 -6.86997843 -20.66670040 0.00000000
3419 -6.65894651 -21.11754040 0.00000000
3420 -7.49748278 -19.31862070 0.00000000
3421 -8.96546555 -16.17088320 0.00000000
3422 10.74784950 -12.34866240 0.00000000
3423 10.01391980 -13.92259600 0.00000000
3424 8.96548939 -16.17106060 0.00000000
3425 8.32788181 -17.52739520 0.00000000
3426 8.02535439 -18.20376210 0.00000000
3427 7.49748611 -19.31862450 0.00000000
3428 7.28431749 -19.75960730 0.00000000
3429 6.86997747 -20.66671370 0.00000000
3430 6.76391411 -20.89257430 0.00000000
3431 9.07031059 -15.94621090 0.00000000
3432 10.65139290 -9.43353367 0.00000000
3433 10.43355370 -8.97699070 0.00000000
3434 10.64300440 12.57353400 0.00000000
3435 10.11877350 13.69778350 0.00000000
3436 10.43331050 13.02322010 0.00000000
3437 7.91759396 18.42108540 0.00000000
3438 6.86997843 20.66670040 0.00000000
3439 6.65894651 21.11754040 0.00000000
3440 7.49748278 19.31862070 0.00000000
3441 8.96546555 16.17088320 0.00000000
3442 -8.96548939 16.17106060 0.00000000
3443 -8.32788181 17.52739520 0.00000000
3444 -8.02535439 18.20376210 0.00000000
3445 -7.49748611 19.31862450 0.00000000
3446 -7.28431654 19.75960730 0.00000000
3447 -6.76391935 20.89261250 0.00000000
3448 -6.86996698 20.66670800 0.00000000
3449 -9.07031059 15.94621090 0.00000000
3450 -10.01392080 13.92259500 0.00000000
3451 -10.85269450 9.87622070 0.00000000
3452 -10.43330960 8.97678089 0.00000000
3453 -10.11877060 8.30223083 0.00000000
3454 -10.43355370 -8.97698975 0.00000000
3455 -11.17417530 -10.55360890 0.00000000
3456 -6.76392269 -20.89257050 0.00000000
3457 -7.81223726 -18.64462090 0.00000000
3458 -8.32787704 -17.52738570 0.00000000
3459 -8.86060810 -16.39582250 0.00000000
3460 -10.01391980 -13.92259600 0.00000000
3461 6.98187160 -20.43577960 0.00000000
3462 7.91758108 -18.42106250 0.00000000
3463 10.43330960 -13.02321050 0.00000000
3464 11.16658970 -11.46920390 0.00000000
3465 10.43330960 8.97679138 0.00000000
3466 11.17427920 10.55334660 0.00000000
3467 6.76392269 20.89257050 0.00000000
3468 7.81223726 18.64462090 0.00000000
3469 8.32787704 17.52738570 0.00000000
3470 8.86060810 16.39582250 0.00000000
3471 10.01391980 13.92259600 0.00000000
3472 -6.98186922 20.43577770 0.00000000
3473 -7.91758108 18.42106250 0.00000000
3474 -10.43355560 13.02300450 0.00000000
3475 -11.17389870 11.44716640 0.00000000
3476 -10.95426940 11.88955210 0.00000000
3477 10.95768170 10.10117820 0.00000000
3478 -10.95428850 -10.11051940 0.00000000
3479 -9.38484097 -15.27168370 0.00000000
3480 9.38484097 15.27168370 0.00000000
3481 10.95750710 -11.89956280 0.00000000
3482 6.79468012 -0.24000326 0.00000000
3483 -6.79468012 0.24199922 0.00000000
3484 -6.79463720 -0.23993482 0.00000000
3485 6.79463720 0.24219802 0.00000000
3486 -6.85623884 -21.77574350 0.00000000
3487 6.85623884 21.77574350 0.00000000
3488 -13.77893260 -0.22205880 0.00000000
3489 -14.27682400 -0.22126080 0.00000000
3490 -14.77912040 -0.22232144 0.00000000
3491 -16.50404740 -0.22621299 0.00000000
3492 -17.00468440 -0.22916439 0.00000000
3493 7.05879498 0.22975855 0.00000000
3494 -16.75617030 0.22555354 0.00000000
3495 -15.99455450 0.22535472 0.00000000
3496 -7.81916904 0.22881351 0.00000000
3497 -7.31605196 0.22852269 0.00000000
3498 -15.73259350 -0.23359720 0.00000000
3499 -13.03297420 -0.22253133 0.00000000
3500 -12.53537080 -0.22169726 0.00000000
3501 -12.03497890 -0.22093342 0.00000000
3502 -11.51729200 -0.22970387 0.00000000
3503 -11.08116250 -0.23049414 0.00000000
3504 -10.30910680 -0.22398551 0.00000000
3505 -9.80956364 -0.22701964 0.00000000
3506 -9.31186104 -0.22743818 0.00000000
3507 -8.81448174 -0.22535439 0.00000000
3508 -8.31715488 -0.22268798 0.00000000
3509 -7.56883430 -0.22138870 0.00000000
3510 -7.05879498 -0.22577633 0.00000000
3511 -7.35732985 -21.77500720 0.00000000
3512 -8.10848141 -21.77493290 0.00000000
3513 -9.10995197 -21.77490040 0.00000000
3514 -9.36059952 -21.77494620 0.00000000
3515 -9.61114979 -21.77494620 0.00000000
3516 -10.11050130 -21.77373890 0.00000000
3517 -10.80019760 -21.79504970 0.00000000
3518 -11.24724770 -21.76770020 0.00000000
3519 -11.49018380 -21.77371600 0.00000000
3520 -11.73922060 -21.77476690 0.00000000
3521 -12.23986630 -21.77496340 0.00000000
3522 -12.99139880 -21.77490620 0.00000000
3523 -13.24156480 -21.77496720 0.00000000
3524 -13.74241640 -21.77496720 0.00000000
3525 -14.49380490 -21.77493290 0.00000000
3526 -15.49540710 -21.77495960 0.00000000
3527 -15.99624920 -21.77496340 0.00000000
3528 -16.74724960 -21.77499010 0.00000000
3529 -14.99457930 -21.77495380 0.00000000
3530 -12.74071690 -21.77496720 0.00000000
3531 -10.56098840 -21.73255160 0.00000000
3532 -8.60936737 -21.77494810 0.00000000
3533 -7.85820198 -21.77497670 0.00000000
3534 7.31605196 -0.22252299 0.00000000
3535 7.56883430 0.22849849 0.00000000
3536 7.81916904 -0.22212811 0.00000000
3537 8.31715488 0.22521754 0.00000000
3538 8.81448174 0.22304671 0.00000000
3539 8.56581497 -0.22621958 0.00000000
3540 9.31186104 0.22223745 0.00000000
3541 9.06313038 -0.22745331 0.00000000
3542 9.80956364 0.22115465 0.00000000
3543 9.56066513 -0.22836639 0.00000000
3544 10.30910680 0.22091214 0.00000000
3545 10.05883220 -0.22928972 0.00000000
3546 11.08116250 0.23043564 0.00000000
3547 10.56159020 -0.22889102 0.00000000
3548 11.51729200 0.22970021 0.00000000
3549 11.29922390 -0.27598140 0.00000000
3550 12.03497890 0.22093342 0.00000000
3551 11.77938940 -0.23069617 0.00000000
3552 12.53537080 0.22169726 0.00000000
3553 12.28606890 -0.22899613 0.00000000
3554 13.03297420 0.22253253 0.00000000
3555 12.78423880 -0.22787578 0.00000000
3556 13.28163240 -0.22743916 0.00000000
3557 13.77893260 0.22265169 0.00000000
3558 14.27682400 0.22463107 0.00000000
3559 14.52689080 -0.22428325 0.00000000
3560 14.77912040 0.22690630 0.00000000
3561 15.03526500 -0.22505811 0.00000000
3562 15.73259350 0.23394667 0.00000000
3563 15.51484780 -0.27299049 0.00000000
3564 15.99455450 -0.22493669 0.00000000
3565 16.50404740 0.22836672 0.00000000
3566 16.75617030 -0.22264007 0.00000000
3567 17.00468440 0.23202850 0.00000000
3568 7.35732985 21.77500720 0.00000000
3569 8.10848141 21.77493290 0.00000000
3570 9.10995197 21.77490040 0.00000000
3571 9.36059952 21.77494620 0.00000000
3572 9.61114979 21.77494620 0.00000000
3573 10.11050130 21.77373890 0.00000000
3574 10.80019760 21.79504970 0.00000000
3575 11.24724770 21.76770020 0.00000000
3576 11.49018380 21.77371600 0.00000000
3577 11.73922060 21.77476690 0.00000000
3578 12.23986630 21.77496340 0.00000000
3579 12.99139880 21.77490620 0.00000000
3580 13.24156480 21.77496720 0.00000000
3581 13.74241640 21.77496720 0.00000000
3582 14.49380490 21.77493290 0.00000000
3583 15.49540710 21.77495960 0.00000000
3584 15.99624920 21.77496340 0.00000000
3585 16.74724960 21.77499010 0.00000000
3586 14.99457930 21.77495380 0.00000000
3587 12.74071690 21.77496720 0.00000000
3588 10.56098840 21.73255160 0.00000000
3589 8.60936737 21.77494810 0.00000000
3590 7.85820198 21.77497670 0.00000000
3591 -8.56581497 0.22620606 0.00000000
3592 -9.06313038 0.22352089 0.00000000
3593 -9.56066513 0.22240408 0.00000000
3594 -10.05883220 0.22450948 0.00000000
3595 -10.56159020 0.22741140 0.00000000
3596 -11.29922390 0.27597699 0.00000000
3597 -11.77938940 0.23069617 0.00000000
3598 -12.28606890 0.22899613 0.00000000
3599 -12.78423880 0.22787581 0.00000000
3600 -13.28163240 0.22745702 0.00000000
3601 -14.52689080 0.22886945 0.00000000
3602 -15.03526500 0.22841291 0.00000000
3603 -15.51484780 0.27361128 0.00000000
3604 -17.21428300 -0.25204027 0.00000000
3605 -16.75603100 -0.22592323 0.00000000
3606 -16.25126650 -0.22649415 0.00000000
3607 -15.51504610 -0.27308610 0.00000000
3608 -15.03515340 -0.22471352 0.00000000
3609 -14.52661130 -0.22185378 0.00000000
3610 -13.53021340 -0.22258159 0.00000000
3611 -13.28159050 -0.22285612 0.00000000
3612 -12.78430650 -0.22246492 0.00000000
3613 -12.28612800 -0.22157371 0.00000000
3614 -11.77921960 -0.22271073 0.00000000
3615 -11.29839990 -0.27110010 0.00000000
3616 -10.81813910 -0.22393642 0.00000000
3617 -10.56104470 -0.22341003 0.00000000
3618 -10.05858140 -0.22551663 0.00000000
3619 -9.56050396 -0.22725321 0.00000000
3620 -9.06310081 -0.22630978 0.00000000
3621 -8.56592369 -0.22405894 0.00000000
3622 -8.06844807 -0.22193308 0.00000000
3623 -7.81936598 -0.22177313 0.00000000
3624 -7.31654930 -0.22279677 0.00000000
3625 -16.99720000 -21.77501490 0.00000000
3626 -16.49703980 -21.77498050 0.00000000
3627 -16.24662970 -21.77499010 0.00000000
3628 -15.74578290 -21.77498630 0.00000000
3629 -15.24492840 -21.77498630 0.00000000
3630 -14.24325470 -21.77497290 0.00000000
3631 -13.49191090 -21.77499010 0.00000000
3632 -12.49019240 -21.77498820 0.00000000
3633 -11.98936750 -21.77495570 0.00000000
3634 -11.03939250 -21.73254970 0.00000000
3635 -10.35365680 -21.76771550 0.00000000
3636 -9.86144066 -21.77478030 0.00000000
3637 -8.85989952 -21.77497480 0.00000000
3638 -8.35907841 -21.77498050 0.00000000
3639 -7.60782862 -21.77499770 0.00000000
3640 -7.10692549 -21.77512550 0.00000000
3641 17.00470920 -0.22759214 0.00000000
3642 16.50431440 -0.22220165 0.00000000
3643 16.25157740 -0.22307040 0.00000000
3644 15.73264030 -0.23261754 0.00000000
3645 15.29697700 -0.23260000 0.00000000
3646 14.27671430 -0.22568044 0.00000000
3647 13.77891450 -0.22743939 0.00000000
3648 13.53019430 -0.22720125 0.00000000
3649 13.03300670 -0.22726603 0.00000000
3650 12.53548530 -0.22798780 0.00000000
3651 12.03494640 -0.22903191 0.00000000
3652 11.51711080 -0.23645537 0.00000000
3653 11.08101460 -0.23591557 0.00000000
3654 10.81794070 -0.22912681 0.00000000
3655 10.30881600 -0.22869822 0.00000000
3656 9.80936909 -0.22845328 0.00000000
3657 9.31178570 -0.22752564 0.00000000
3658 8.81450748 -0.22673985 0.00000000
3659 8.31723022 -0.22481345 0.00000000
3660 8.06855392 -0.22350803 0.00000000
3661 7.56905842 -0.22217742 0.00000000
3662 7.05893278 -0.22601314 0.00000000
3663 17.21428300 0.25366110 0.00000000
3664 16.75603100 0.22844279 0.00000000
3665 16.25126650 0.22752969 0.00000000
3666 15.51504610 0.27368346 0.00000000
3667 15.03515340 0.22756101 0.00000000
3668 14.52661130 0.22583966 0.00000000
3669 13.53021340 0.22273207 0.00000000
3670 13.28159050 0.22289100 0.00000000
3671 12.78430650 0.22246514 0.00000000
3672 12.28612800 0.22157371 0.00000000
3673 11.77921960 0.22271012 0.00000000
3674 11.29839990 0.27108327 0.00000000
3675 10.81813910 0.22345240 0.00000000
3676 10.56104470 0.22201537 0.00000000
3677 10.05858140 0.22130008 0.00000000
3678 9.56050396 0.22206683 0.00000000
3679 9.06310081 0.22288579 0.00000000
3680 8.56592369 0.22399612 0.00000000
3681 8.06844807 0.22676824 0.00000000
3682 7.81936598 0.22752884 0.00000000
3683 7.31654930 0.22806440 0.00000000
3684 16.99720000 21.77501490 0.00000000
3685 16.49703980 21.77498050 0.00000000
3686 16.24662970 21.77499010 0.00000000
3687 15.74578290 21.77498630 0.00000000
3688 15.24492840 21.77498630 0.00000000
3689 14.24325470 21.77497290 0.00000000
3690 13.49191090 21.77499010 0.00000000
3691 12.49019240 21.77498820 0.00000000
3692 11.98936750 21.77495570 0.00000000
3693 11.03939250 21.73254970 0.00000000
3694 10.35365680 21.76771550 0.00000000
3695 9.86144066 21.77478030 0.00000000
3696 8.85989952 21.77497480 0.00000000
3697 8.35907841 21.77498050 0.00000000
3698 7.60782862 21.77499770 0.00000000
3699 7.10692549 21.77512550 0.00000000
3700 -17.00470920 0.23012643 0.00000000
3701 -16.50431440 0.22403097 0.00000000
3702 -16.25157740 0.22406878 0.00000000
3703 -15.73264030 0.23303139 0.00000000
3704 -15.29697700 0.23415530 0.00000000
3705 -14.27671430 0.22854249 0.00000000
3706 -13.77891450 0.22798573 0.00000000
3707 -13.53019430 0.22734593 0.00000000
3708 -13.03300670 0.22726920 0.00000000
3709 -12.53548530 0.22798781 0.00000000
3710 -12.03494640 0.22903191 0.00000000
3711 -11.51711080 0.23645097 0.00000000
3712 -11.08101460 0.23582815 0.00000000
3713 -10.81794070 0.22863874 0.00000000
3714 -10.30881600 0.22599880 0.00000000
3715 -9.80936909 0.22335377 0.00000000
3716 -9.31178570 0.22294954 0.00000000
3717 -8.81450748 0.22475393 0.00000000
3718 -8.31723022 0.22722718 0.00000000
3719 -8.06855392 0.22782163 0.00000000
3720 -7.56905842 0.22831869 0.00000000
3721 -7.05893278 0.22948456 0.00000000
3722 -15.29699130 -0.23248200 0.00000000
3723 -13.99276920 -21.77499010 0.00000000
3724 14.02752020 -0.22647329 0.00000000
3725 15.29699130 0.23394883 0.00000000
3726 13.99276920 21.77499010 0.00000000
3727 -14.02752020 0.22799432 0.00000000
3728 -15.99487110 -0.22725551 0.00000000
3729 -14.02754120 -0.22198030 0.00000000
3730 -14.74408530 -21.77498050 0.00000000
3731 14.77857300 -0.22391610 0.00000000
3732 15.99487110 0.22770548 0.00000000
3733 14.02754120 0.22359380 0.00000000
3734 14.74408530 21.77498050 0.00000000
3735 -14.77857300 0.22789830 0.00000000
3736 -17.24464040 -21.77500530 0.00000000
3737 17.21422960 -0.25128064 0.00000000
3738 17.24464040 21.77500530 0.00000000
3739 -17.21422960 0.25280407 0.00000000
3740 10.78867630 10.73919770 0.00000000
3741 -10.78867340 -10.73920250 0.00000000
3742 10.83356190 -11.25396820 0.00000000
3743 -10.78841780 11.26197530 0.00000000
3744 -10.78870200 -11.26255040 0.00000000
3745 10.79093930 -10.73210620 0.00000000
3746 10.78870200 11.26254940 0.00000000
3747 -10.78896050 10.73862080 0.00000000
3748 -8.31208229 11.22780420 0.00000000
3749 -8.06328773 10.77826020 0.00000000
3750 8.31208229 -11.22780420 0.00000000
3751 8.06328773 -10.77826020 0.00000000
3752 -8.06328773 -11.22809410 0.00000000
3753 8.06328773 11.22809410 0.00000000
3754 8.31208229 10.77714440 0.00000000
3755 -8.31208229 -10.77714440 0.00000000
3756 -10.56496620 10.76827910 0.00000000
3757 -10.05662440 10.77217770 0.00000000
3758 -9.30686283 10.77359960 0.00000000
3759 -8.80936432 10.77623650 0.00000000
3760 10.30933860 10.77580930 0.00000000
3761 9.55595398 10.77748870 0.00000000
3762 9.05803967 10.77578070 0.00000000
3763 10.56738850 -10.76414200 0.00000000
3764 10.05688670 -10.77206130 0.00000000
3765 9.30686283 -10.77359960 0.00000000
3766 8.80936432 -10.77623650 0.00000000
3767 -10.30933860 -10.77580930 0.00000000
3768 -9.55595398 -10.77748870 0.00000000
3769 -9.05803967 -10.77578070 0.00000000
3770 -10.56491950 -11.23241620 0.00000000
3771 -10.05662060 -11.22787670 0.00000000
3772 -9.30686283 -11.22663970 0.00000000
3773 -8.80936432 -11.22579570 0.00000000
3774 10.31164740 -11.22360320 0.00000000
3775 9.55596542 -11.22255230 0.00000000
3776 9.05803967 -11.22515770 0.00000000
3777 10.56491950 11.23241620 0.00000000
3778 10.05662060 11.22787670 0.00000000
3779 9.30686283 11.22663970 0.00000000
3780 8.80936432 11.22579570 0.00000000
3781 -10.30931950 11.22451780 0.00000000
3782 -9.55595398 11.22254940 0.00000000
3783 -9.05803967 11.22515770 0.00000000
3784 -6.57602930 11.27431300 0.00000000
3785 -6.35847855 10.76816840 0.00000000
3786 -5.84015036 10.77769850 0.00000000
3787 -5.33790398 10.77857210 0.00000000
3788 -5.08872509 11.22834010 0.00000000
3789 -5.58799171 11.22859760 0.00000000
3790 -6.09641504 11.22858620 0.00000000
3791 -7.05566025 10.77583030 0.00000000
3792 -7.56415367 10.77847670 0.00000000
3793 -7.31185722 11.22822280 0.00000000
3794 -7.81415987 11.22866340 0.00000000
3795 -4.83993626 10.77775380 0.00000000
3796 -4.59128046 11.22731110 0.00000000
3797 -4.34262466 10.77614880 0.00000000
3798 -3.84518409 11.22367290 0.00000000
3799 -3.34597373 11.22222610 0.00000000
3800 -3.59601569 10.77249910 0.00000000
3801 -2.83764505 11.22511200 0.00000000
3802 -3.09387827 10.77238270 0.00000000
3803 3.09387827 11.22259710 0.00000000
3804 2.83764505 10.77165320 0.00000000
3805 3.59601569 11.22187040 0.00000000
3806 3.34597373 10.77177520 0.00000000
3807 3.84518409 10.77230550 0.00000000
3808 4.34262466 11.22453880 0.00000000
3809 4.59128046 10.77577110 0.00000000
3810 4.83993626 11.22717190 0.00000000
3811 5.08872509 10.77802660 0.00000000
3812 5.33790398 11.22860530 0.00000000
3813 5.58799171 10.77837850 0.00000000
3814 5.84015036 11.22794910 0.00000000
3815 6.09641504 10.77506920 0.00000000
3816 6.35847855 11.23380370 0.00000000
3817 6.57602930 10.72681140 0.00000000
3818 7.31185722 10.77739240 0.00000000
3819 6.57602930 -11.27431300 0.00000000
3820 6.35847855 -10.76816840 0.00000000
3821 5.84015036 -10.77769850 0.00000000
3822 5.33790398 -10.77857210 0.00000000
3823 5.08872509 -11.22834010 0.00000000
3824 5.58799171 -11.22859760 0.00000000
3825 6.09641504 -11.22858620 0.00000000
3826 7.05566025 -10.77583030 0.00000000
3827 7.56415367 -10.77847670 0.00000000
3828 7.31185722 -11.22822280 0.00000000
3829 7.81415987 -11.22866340 0.00000000
3830 4.83993626 -10.77775380 0.00000000
3831 4.59128046 -11.22731110 0.00000000
3832 4.34262466 -10.77614880 0.00000000
3833 3.84518409 -11.22367290 0.00000000
3834 3.34597373 -11.22222610 0.00000000
3835 3.59601569 -10.77249910 0.00000000
3836 2.83764505 -11.22511200 0.00000000
3837 3.09387827 -10.77238270 0.00000000
3838 -3.09387827 -11.22259710 0.00000000
3839 -2.83764505 -10.77165320 0.00000000
3840 -3.59601569 -11.22187040 0.00000000
3841 -3.34597373 -10.77177520 0.00000000
3842 -3.84518409 -10.77230550 0.00000000
3843 -4.34262466 -11.22453880 0.00000000
3844 -4.59128046 -10.77577110 0.00000000
3845 -4.83993626 -11.22717190 0.00000000
3846 -5.08872509 -10.77802660 0.00000000
3847 -5.33790398 -11.22860530 0.00000000
3848 -5.58799171 -10.77837850 0.00000000
3849 -5.84015036 -11.22794910 0.00000000
3850 -6.09641504 -10.77506920 0.00000000
3851 -6.35847855 -11.23380370 0.00000000
3852 -6.57602930 -10.72681140 0.00000000
3853 -7.31185722 -10.77739240 0.00000000
3854 -7.56415367 -11.22848420 0.00000000
3855 7.56415367 11.22848420 0.00000000
3856 7.81415987 10.77849480 0.00000000
3857 7.05566025 11.22780510 0.00000000
3858 -7.81415987 -10.77849480 0.00000000
3859 -7.05566025 -11.22780510 0.00000000
3860 -7.81433582 10.77814960 0.00000000
3861 -7.31238508 10.77742290 0.00000000
3862 -6.79391098 10.76812550 0.00000000
3863 -6.57610798 10.72763440 0.00000000
3864 -6.09613562 10.77548120 0.00000000
3865 -5.58776522 10.77803040 0.00000000
3866 -5.08860254 10.77789880 0.00000000
3867 -4.59122944 10.77689550 0.00000000
3868 -4.09397650 10.77488800 0.00000000
3869 -3.84525514 10.77377130 0.00000000
3870 -3.34614301 10.77252010 0.00000000
3871 8.06341743 10.77766700 0.00000000
3872 7.56434870 10.77791690 0.00000000
3873 7.05578899 10.77479170 0.00000000
3874 6.79391623 10.76718620 0.00000000
3875 6.35819674 10.76725200 0.00000000
3876 5.83977365 10.77711870 0.00000000
3877 5.33771515 10.77806850 0.00000000
3878 4.83983469 10.77680780 0.00000000
3879 4.34263229 10.77441690 0.00000000
3880 4.09402943 10.77352620 0.00000000
3881 3.59615421 10.77222730 0.00000000
3882 3.09418321 10.77239800 0.00000000
3883 7.81433582 -10.77814960 0.00000000
3884 7.31238508 -10.77742290 0.00000000
3885 6.79391098 -10.76812550 0.00000000
3886 6.57610798 -10.72763440 0.00000000
3887 6.09613562 -10.77548120 0.00000000
3888 5.58776522 -10.77803040 0.00000000
3889 5.08860254 -10.77789880 0.00000000
3890 4.59122944 -10.77689550 0.00000000
3891 4.09397650 -10.77488800 0.00000000
3892 3.84525514 -10.77377130 0.00000000
3893 3.34614301 -10.77252010 0.00000000
3894 -8.06341743 -10.77766700 0.00000000
3895 -7.56434870 -10.77791690 0.00000000
3896 -7.05578899 -10.77479170 0.00000000
3897 -6.79391623 -10.76718620 0.00000000
3898 -6.35819674 -10.76725200 0.00000000
3899 -5.83977365 -10.77711870 0.00000000
3900 -5.33771515 -10.77806850 0.00000000
3901 -4.83983469 -10.77680780 0.00000000
3902 -4.34263229 -10.77441690 0.00000000
3903 -4.09402943 -10.77352620 0.00000000
3904 -3.59615421 -10.77222730 0.00000000
3905 -3.09418321 -10.77239800 0.00000000
3906 -7.81433582 -11.22808360 0.00000000
3907 -7.31238508 -11.22755340 0.00000000
3908 -6.79391098 -11.23371320 0.00000000
3909 -6.57610798 -11.27355480 0.00000000
3910 -6.09613562 -11.22775650 0.00000000
3911 -5.58776522 -11.22803970 0.00000000
3912 -5.08860254 -11.22770020 0.00000000
3913 -4.59122944 -11.22580620 0.00000000
3914 -4.09397650 -11.22339150 0.00000000
3915 -3.84525514 -11.22270580 0.00000000
3916 -3.34614301 -11.22230050 0.00000000
3917 8.06341743 -11.22792530 0.00000000
3918 7.56434870 -11.22813510 0.00000000
3919 7.05578899 -11.22837160 0.00000000
3920 6.79391623 -11.23460580 0.00000000
3921 6.35819674 -11.23462870 0.00000000
3922 5.83977365 -11.22787280 0.00000000
3923 5.33771515 -11.22817900 0.00000000
3924 4.83983469 -11.22749230 0.00000000
3925 4.34263229 -11.22618290 0.00000000
3926 4.09402943 -11.22503570 0.00000000
3927 3.59615421 -11.22293000 0.00000000
3928 3.09418321 -11.22319320 0.00000000
3929 7.81433582 11.22808360 0.00000000
3930 7.31238508 11.22755340 0.00000000
3931 6.79391098 11.23371320 0.00000000
3932 6.57610798 11.27355480 0.00000000
3933 6.09613562 11.22775650 0.00000000
3934 5.58776522 11.22803970 0.00000000
3935 5.08860254 11.22770020 0.00000000
3936 4.59122944 11.22580620 0.00000000
3937 4.09397650 11.22339150 0.00000000
3938 3.84525514 11.22270580 0.00000000
3939 3.34614301 11.22230050 0.00000000
3940 -8.06341743 11.22792530 0.00000000
3941 -7.56434870 11.22813510 0.00000000
3942 -7.05578899 11.22837160 0.00000000
3943 -6.79391623 11.23460580 0.00000000
3944 -6.35819674 11.23462870 0.00000000
3945 -5.83977365 11.22787280 0.00000000
3946 -5.33771515 11.22817900 0.00000000
3947 -4.83983469 11.22749230 0.00000000
3948 -4.34263229 11.22618290 0.00000000
3949 -4.09402943 11.22503570 0.00000000
3950 -3.59615421 11.22293000 0.00000000
3951 -3.09418321 11.22319320 0.00000000
3952 -10.56455610 11.23091890 0.00000000
3953 -8.56074810 10.77698800 0.00000000
3954 -2.35802150 11.27321430 0.00000000
3955 -2.57563758 10.76626590 0.00000000
3956 -1.87859786 11.22506900 0.00000000
3957 -2.14052582 10.76623060 0.00000000
3958 -1.62225163 10.77315710 0.00000000
3959 -1.11981213 11.22463320 0.00000000
3960 -0.62185448 11.22511010 0.00000000
3961 -0.87064731 10.77504440 0.00000000
3962 -0.37318933 10.77471920 0.00000000
3963 0.37283573 11.22369000 0.00000000
3964 0.87059748 11.22333150 0.00000000
3965 0.62166333 10.77301220 0.00000000
3966 1.11980379 10.77447410 0.00000000
3967 2.14052582 11.23352620 0.00000000
3968 1.62225163 11.22679810 0.00000000
3969 1.87859786 10.77488900 0.00000000
3970 2.57563758 11.23221970 0.00000000
3971 2.35802150 10.72626690 0.00000000
3972 10.05623250 10.77733230 0.00000000
3973 10.56460190 10.76980500 0.00000000
3974 8.56074810 -10.77698800 0.00000000
3975 9.05799675 -10.77503490 0.00000000
3976 8.80935860 -11.22622590 0.00000000
3977 9.30677605 -11.22381400 0.00000000
3978 10.31021310 -10.77142240 0.00000000
3979 9.80561161 -10.77224540 0.00000000
3980 2.35802150 -11.27321430 0.00000000
3981 2.57563758 -10.76626590 0.00000000
3982 1.87859786 -11.22506900 0.00000000
3983 2.14052582 -10.76623060 0.00000000
3984 1.62225163 -10.77315710 0.00000000
3985 1.11981213 -11.22463320 0.00000000
3986 0.62185448 -11.22511010 0.00000000
3987 0.87064731 -10.77504440 0.00000000
3988 0.37318933 -10.77471920 0.00000000
3989 -0.37283573 -11.22369000 0.00000000
3990 -0.87059748 -11.22333150 0.00000000
3991 -0.62166333 -10.77301220 0.00000000
3992 -1.11980379 -10.77447410 0.00000000
3993 -2.14052582 -11.23352620 0.00000000
3994 -1.62225163 -11.22679810 0.00000000
3995 -1.87859786 -10.77488900 0.00000000
3996 -2.57563758 -11.23221970 0.00000000
3997 -2.35802150 -10.72626690 0.00000000
3998 -10.05623250 -10.77733230 0.00000000
3999 -10.56460090 -10.76980590 0.00000000
4000 -10.30901910 -11.22767350 0.00000000
4001 -9.80554771 -11.22775360 0.00000000
4002 -9.05799675 -11.22578430 0.00000000
4003 -8.56074810 -11.22637370 0.00000000
4004 10.05680180 -11.22253800 0.00000000
4005 10.57447530 -11.22643570 0.00000000
4006 10.30901910 11.22767350 0.00000000
4007 9.80554771 11.22775360 0.00000000
4008 9.05799675 11.22578430 0.00000000
4009 8.56074810 11.22637370 0.00000000
4010 -8.80935860 11.22622590 0.00000000
4011 -9.05799675 10.77503490 0.00000000
4012 -9.30677414 11.22381400 0.00000000
4013 -9.80554771 10.77225970 0.00000000
4014 -10.30902860 10.77262020 0.00000000
4015 -10.05623050 11.22275070 0.00000000
4016 9.30677414 10.77646260 0.00000000
4017 8.80935860 10.77571960 0.00000000
4018 -9.30677414 -10.77646260 0.00000000
4019 -8.80935860 -10.77571960 0.00000000
4020 -9.55577564 10.77291770 0.00000000
4021 -8.31218147 10.77740290 0.00000000
4022 -2.83785915 10.77240660 0.00000000
4023 -2.35790229 10.72645470 0.00000000
4024 -1.87816083 10.77255250 0.00000000
4025 -1.36979771 10.77398400 0.00000000
4026 -1.11957204 10.77468590 0.00000000
4027 -0.62169087 10.77494810 0.00000000
4028 9.80540848 10.77744870 0.00000000
4029 8.56078625 10.77620120 0.00000000
4030 2.57582641 10.76576330 0.00000000
4031 2.14020634 10.76693150 0.00000000
4032 1.62186849 10.77630620 0.00000000
4033 1.36961782 10.77571680 0.00000000
4034 0.87041575 10.77359680 0.00000000
4035 0.37278405 10.77378370 0.00000000
4036 9.55578995 -10.77291580 0.00000000
4037 8.31218147 -10.77740290 0.00000000
4038 2.83785915 -10.77240660 0.00000000
4039 2.35790229 -10.72645470 0.00000000
4040 1.87816083 -10.77255250 0.00000000
4041 1.36979771 -10.77398400 0.00000000
4042 1.11957204 -10.77468590 0.00000000
4043 0.62169087 -10.77494810 0.00000000
4044 -9.80540848 -10.77744870 0.00000000
4045 -8.56078625 -10.77620120 0.00000000
4046 -2.57582641 -10.76576330 0.00000000
4047 -2.14020634 -10.76693150 0.00000000
4048 -1.62186849 -10.77630620 0.00000000
4049 -1.36961782 -10.77571680 0.00000000
4050 -0.87041575 -10.77359680 0.00000000
4051 -0.37278405 -10.77378370 0.00000000
4052 -9.55577564 -11.22714140 0.00000000
4053 -8.31218147 -11.22694590 0.00000000
4054 -2.83785915 -11.22476290 0.00000000
4055 -2.35790229 -11.27300450 0.00000000
4056 -1.87816083 -11.22737500 0.00000000
4057 -1.36979663 -11.22570900 0.00000000
4058 -1.11955988 -11.22449970 0.00000000
4059 -0.62153429 -11.22336390 0.00000000
4060 9.80552483 -11.22254370 0.00000000
4061 8.56078625 -11.22685430 0.00000000
4062 2.57582641 -11.23282050 0.00000000
4063 2.14020634 -11.23279950 0.00000000
4064 1.62186849 -11.22362610 0.00000000
4065 1.36961985 -11.22397990 0.00000000
4066 0.87047243 -11.22504140 0.00000000
4067 0.37311387 -11.22481350 0.00000000
4068 9.55577564 11.22714140 0.00000000
4069 8.31218147 11.22694590 0.00000000
4070 2.83785915 11.22476290 0.00000000
4071 2.35790229 11.27300450 0.00000000
4072 1.87816083 11.22737500 0.00000000
4073 1.36979663 11.22570900 0.00000000
4074 1.11955988 11.22449970 0.00000000
4075 0.62153429 11.22336390 0.00000000
4076 -9.80540848 11.22257420 0.00000000
4077 -8.56078625 11.22685430 0.00000000
4078 -2.57582641 11.23282050 0.00000000
4079 -2.14020634 11.23279950 0.00000000
4080 -1.62186849 11.22362610 0.00000000
4081 -1.36961985 11.22397990 0.00000000
4082 -0.87047243 11.22504140 0.00000000
4083 -0.37311387 11.22481350 0.00000000
4084 -0.12450270 10.77463340 0.00000000
4085 0.12450270 -10.77463340 0.00000000
4086 -0.12406775 -11.22437760 0.00000000
4087 0.12406775 11.22437760 0.00000000
4088 -0.12448459 11.22463890 0.00000000
4089 0.12409919 10.77437690 0.00000000
4090 0.12448459 -11.22463890 0.00000000
4091 -0.12409919 -10.77437690 0.00000000
4092 10.85271840 9.87621307 0.00000000
4093 10.85268970 -12.12391470 0.00000000
4094 -11.04273410 -11.17813590 0.00000000
4095 11.04273700 11.17813210 0.00000000
4096 11.04303170 -10.80606940 0.00000000
4097 -11.04267220 11.17780110 0.00000000
4098 11.04201700 -11.09957700 0.00000000
4099 -11.04314230 10.82317260 0.00000000
4100 11.04311560 10.82348350 0.00000000
4101 -11.04309560 -10.82352830 0.00000000
4102 -1.49776483 -11.00128080 0.00000000
4103 1.49776483 11.00128080 0.00000000
4104 -1.49776602 10.99846840 0.00000000
4105 1.49776602 -10.99846840 0.00000000
4106 7.44064713 0.00355018 0.00000000
4107 -7.44064713 0.00381829 0.00000000
4108 14.65458300 0.00130194 0.00000000
4109 -14.65458300 0.00379214 0.00000000
4110 5.71568108 11.00345520 0.00000000
4111 5.71568108 -11.00368500 0.00000000
4112 -5.71568108 -11.00345520 0.00000000
4113 -5.71568108 11.00368500 0.00000000
4114 7.43645239 -11.00372220 0.00000000
4115 7.43645239 11.00339410 0.00000000
4116 -7.43645239 11.00372220 0.00000000
4117 -7.43645239 -11.00339410 0.00000000
4118 16.37643240 0.00318786 0.00000000
4119 -16.37643240 -0.00131007 0.00000000
4120 9.93222523 11.00308040 0.00000000
4121 -9.93222523 -11.00308040 0.00000000
4122 9.93255901 -10.99685290 0.00000000
4123 -9.93222618 10.99697970 0.00000000
4124 -6.60451317 -21.77910420 0.00000000
4125 6.60451317 21.77910420 0.00000000
4126 17.47887040 -21.77500150 0.00000000
4127 -17.47887040 21.77500150 0.00000000
4128 -8.75574875 -16.62071610 0.00000000
4129 8.75574875 16.62071610 0.00000000
4130 8.75576305 -5.37927675 0.00000000
4131 -8.75576305 5.37927675 0.00000000
4132 11.25214200 -11.25613780 0.00000000
4133 -17.47729680 -21.77500150 0.00000000
4134 17.47729680 21.77500150 0.00000000
4135 -8.93881702 -0.00101423 0.00000000
4136 -9.43645668 -0.00278838 0.00000000
4137 -8.44133663 0.00194975 0.00000000
4138 8.44133663 -0.00053602 0.00000000
4139 8.93881702 -0.00252121 0.00000000
4140 9.43645668 -0.00355242 0.00000000
4141 9.93474102 -0.00464580 0.00000000
4142 10.43711850 -0.00445247 0.00000000
4143 -9.93474102 -0.00136715 0.00000000
4144 13.15728950 -0.00285688 0.00000000
4145 12.65957640 -0.00358990 0.00000000
4146 12.15928080 -0.00471430 0.00000000
4147 11.63299660 -0.00441643 0.00000000
4148 -13.15728950 0.00287586 0.00000000
4149 -12.65957640 0.00358997 0.00000000
4150 -12.15928080 0.00471430 0.00000000
4151 -11.63299660 0.00441131 0.00000000
4152 -10.43711850 0.00176182 0.00000000
4153 14.15270610 -0.00116884 0.00000000
4154 13.65476320 -0.00275833 0.00000000
4155 -14.15270610 0.00408523 0.00000000
4156 -13.65476320 0.00324263 0.00000000
4157 -8.93376160 11.00072770 0.00000000
4158 8.93376160 11.00101280 0.00000000
4159 -8.93376160 -11.00101280 0.00000000
4160 8.93376160 -11.00072770 0.00000000
4161 -9.43173695 10.99788280 0.00000000
4162 9.43174648 -10.99788380 0.00000000
4163 -9.43173695 -11.00232120 0.00000000
4164 9.43173695 11.00232120 0.00000000
4165 -3.72024941 10.99786760 0.00000000
4166 -3.21840215 10.99711320 0.00000000
4167 3.72024941 -10.99786760 0.00000000
4168 3.21840215 -10.99711320 0.00000000
4169 -3.21840215 -10.99670120 0.00000000
4170 3.72024941 10.99671940 0.00000000
4171 3.21840215 10.99670120 0.00000000
4172 -3.72024941 -10.99671940 0.00000000
4173 -0.49771818 10.99988170 0.00000000
4174 0.49741483 10.99816230 0.00000000
4175 0.99569154 10.99880030 0.00000000
4176 4.21826077 10.99877450 0.00000000
4177 4.21826077 -11.00069620 0.00000000
4178 0.49771818 -10.99988170 0.00000000
4179 -0.49741483 -10.99816230 0.00000000
4180 -0.99569154 -10.99880030 0.00000000
4181 -4.21826077 -10.99877450 0.00000000
4182 -4.21826077 11.00069620 0.00000000
4183 -0.99573374 10.99976250 0.00000000
4184 0.99573374 -10.99976250 0.00000000
4185 7.94329977 0.00259062 0.00000000
4186 -7.94329977 0.00393008 0.00000000
4187 -5.21374369 -11.00374700 0.00000000
4188 5.21374369 11.00374700 0.00000000
4189 -5.21374369 11.00394730 0.00000000
4190 5.21374369 -11.00394730 0.00000000
4191 7.93830585 -11.00394820 0.00000000
4192 7.93830585 11.00372980 0.00000000
4193 -7.93830585 11.00394820 0.00000000
4194 -7.93830585 -11.00372980 0.00000000
4195 16.88565640 0.00305239 0.00000000
4196 -16.88565640 0.00009210 0.00000000
4197 -8.75576496 -5.37927485 0.00000000
4198 8.75576496 5.37927485 0.00000000
4199 8.75578594 -16.62074090 0.00000000
4200 -8.75578594 16.62074090 0.00000000
4201 -4.71573544 -11.00168900 0.00000000
4202 4.71573544 11.00168900 0.00000000
4203 -4.71573544 11.00287340 0.00000000
4204 4.71573544 -11.00287340 0.00000000
4205 8.43628979 -11.00276570 0.00000000
4206 8.43628979 11.00204560 0.00000000
4207 -8.43628979 11.00276570 0.00000000
4208 -8.43628979 -11.00204560 0.00000000
4209 6.53320313 0.67479289 0.00000000
4210 -6.53320313 -0.67471194 0.00000000
4211 -8.14721870 -18.02282520 0.00000000
4212 8.14721870 18.02282520 0.00000000
4213 -8.14721107 3.97718501 0.00000000
4214 8.14721107 -3.97718549 0.00000000
4215 -0.00024777 10.99934010 0.00000000
4216 0.00024777 -10.99934010 0.00000000
4217 -6.42745209 -0.46886575 0.00000000
4218 6.42745209 0.46910641 0.00000000
4219 11.04259010 -11.30577750 0.00000000
4220 2.69099569 10.99834160 0.00000000
4221 -2.69099569 -10.99834160 0.00000000
4222 -2.69099569 10.99889180 0.00000000
4223 2.69099569 -10.99889180 0.00000000
4224 10.45145420 -10.99447820 0.00000000
4225 -10.44722080 10.99890610 0.00000000
4226 10.44722080 11.00179390 0.00000000
4227 -10.44722080 -11.00179480 0.00000000
4228 15.84781650 0.00131606 0.00000000
4229 -15.84781650 -0.00069875 0.00000000
4230 6.90896177 11.00116160 0.00000000
4231 -6.90896177 -11.00116160 0.00000000
4232 6.90896177 -11.00216770 0.00000000
4233 -6.90896177 11.00216770 0.00000000
4234 6.24321270 -11.00212860 0.00000000
4235 -6.24321270 11.00212860 0.00000000
4236 6.24321270 11.00125890 0.00000000
4237 -6.24321270 -11.00125890 0.00000000
4238 -15.18199540 0.00162431 0.00000000
4239 15.18199540 0.00121471 0.00000000
4240 6.90988350 0.00178327 0.00000000
4241 -6.90988350 0.00174875 0.00000000
4242 -2.02538705 10.99893570 0.00000000
4243 2.02538705 -10.99893570 0.00000000
4244 2.02538705 11.00079540 0.00000000
4245 -2.02538705 -11.00079540 0.00000000
4246 -10.96593190 0.00311782 0.00000000
4247 10.96593190 -0.00350539 0.00000000
4248 6.53319788 -0.67471611 0.00000000
4249 -6.53319788 0.67479706 0.00000000
4250 -6.42744064 0.46910274 0.00000000
4251 6.42744064 -0.46884641 0.00000000
$EndNodes
$Elements
6640
1 2 2 1 1 1 67 346
2 2 2 1 1 346 4 1
3 2 2 1 1 67 68 345
4 2 2 1 1 345 346 67
5 2 2 1 1 68 69 344
6 2 2 1 1 344 345 68
7 2 2 1 1 69 70 343
8 2 2 1 1 343 344 69
9 2 2 1 1 70 71 342
10 2 2 1 1 342 343 70
11 2 2 1 1 71 72 341
12 2 2 1 1 341 342 71
13 2 2 1 1 72 73 340
14 2 2 1 1 340 341 72
15 2 2 1 1 73 74 339
16 2 2 1 1 339 340 73
17 2 2 1 1 74 75 338
18 2 2 1 1 338 339 74
19 2 2 1 1 75 76 337
20 2 2 1 1 337 338 75
21 2 2 1 1 76 77 336
22 2 2 1 1 336 337 76
23 2 2 1 1 77 78 335
24 2 2 1 1 335 336 77
25 2 2 1 1 78 79 334
26 2 2 1 1 334 335 78
27 2 2 1 1 79 80 333
28 2 2 1 1 333 334 79
29 2 2 1 1 80 81 332
30 2 2 1 1 332 333 80
31 2 2 1 1 81 82 331
32 2 2 1 1 331 332 81
33 2 2 1 1 82 83 330
34 2 2 1 1 330 331 82
35 2 2 1 1 83 84 329
36 2 2 1 1 329 330 83
37 2 2 1 1 84 85 328
38 2 2 1 1 328 329 84
39 2 2 1 1 85 86 327
40 2 2 1 1 327 328 85
41 2 2 1 1 86 87 326
42 2 2 1 1 326 327 86
43 2 2 1 1 87 88 325
44 2 2 1 1 325 326 87
45 2 2 1 1 88 89 324
46 2 2 1 1 324 325 88
47 2 2 1 1 89 90 323
48 2 2 1 1 323 324 89
49 2 2 1 1 90 91 322
50 2 2 1 1 322 323 90
51 2 2 1 1 91 92 321
52 2 2 1 1 321 322 91
53 2 2 1 1 92 93 320
54 2 2 1 1 320 321 92
55 2 2 1 1 93 94 319
56 2 2 1 1 319 320 93
57 2 2 1 1 94 95 318
58 2 2 1 1 318 319 94
59 2 2 1 1 95 96 317
60 2 2 1 1 317 318 95
61 2 2 1 1 96 97 316
62 2 2 1 1 316 317 96
63 2 2 1 1 97 98 315
64 2 2 1 1 315 316 97
65 2 2 1 1 98 99 314
66 2 2 1 1 314 315 98
67 2 2 1 1 99 100 313
68 2 2 1 1 313 314 99
69 2 2 1 1 100 101 312
70 2 2 1 1 312 313 100
71 2 2 1 1 101 102 311
72 2 2 1 1 311 312 101
73 2 2 1 1 102 103 310
74 2 2 1 1 310 311 102
75 2 2 1 1 103 104 309
76 2 2 1 1 309 310 103
77 2 2 1 1 104 105 308
78 2 2 1 1 308 309 104
79 2 2 1 1 105 106 307
80 2 2 1 1 307 308 105
81 2 2 1 1 106 107 306
82 2 2 1 1 306 307 106
83 2 2 1 1 107 108 305
84 2 2 1 1 305 306 107
85 2 2 1 1 108 109 304
86 2 2 1 1 304 305 108
87 2 2 1 1 109 110 303
88 2 2 1 1 303 304 109
89 2 2 1 1 110 111 302
90 2 2 1 1 302 303 110
91 2 2 1 1 111 112 301
92 2 2 1 1 301 302 111
93 2 2 1 1 112 113 300
94 2 2 1 1 300 301 112
95 2 2 1 1 113 114 299
96 2 2 1 1 299 300 113
97 2 2 1 1 114 115 298
98 2 2 1 1 298 299 114
99 2 2 1 1 115 116 297
100 2 2 1 1 297 298 115
101 2 2 1 1 116 117 296
102 2 2 1 1 296 297 116
103 2 2 1 1 117 118 295
104 2 2 1 1 295 296 117
105 2 2 1 1 118 119 294
106 2 2 1 1 294 295 118
107 2 2 1 1 119 120 293
108 2 2 1 1 293 294 119
109 2 2 1 1 120 121 292
110 2 2 1 1 292 293 120
111 2 2 1 1 121 122 291
112 2 2 1 1 291 292 121
113 2 2 1 1 122 123 290
114 2 2 1 1 290 291 122
115 2 2 1 1 123 124 289
116 2 2 1 1 289 290 123
117 2 2 1 1 124 125 288
118 2 2 1 1 288 289 124
119 2 2 1 1 125 126 287
120 2 2 1 1 287 288 125
121 2 2 1 1 126 127 286
122 2 2 1 1 286 287 126
123 2 2 1 1 127 128 285
124 2 2 1 1 285 286 127
125 2 2 1 1 128 129 284
126 2 2 1 1 284 285 128
127 2 2 1 1 129 130 283
128 2 2 1 1 283 284 129
129 2 2 1 1 130 131 282
130 2 2 1 1 282 283 130
131 2 2 1 1 131 132 281
132 2 2 1 1 281 282 131
133 2 2 1 1 132 133 280
134 2 2 1 1 280 281 132
135 2 2 1 1 133 134 279
136 2 2 1 1 279 280 133
137 2 2 1 1 134 135 278
138 2 2 1 1 278 279 134
139 2 2 1 1 135 136 277
140 2 2 1 1 277 278 135
141 2 2 1 1 136 137 276
142 2 2 1 1 276 277 136
143 2 2 1 1 137 138 275
144 2 2 1 1 275 276 137
145 2 2 1 1 138 139 274
146 2 2 1 1 274 275 138
147 2 2 1 1 139 140 273
148 2 2 1 1 273 274 139
149 2 2 1 1 140 141 272
150 2 2 1 1 272 273 140
151 2 2 1 1 141 142 271
152 2 2 1 1 271 272 141
153 2 2 1 1 142 143 270
154 2 2 1 1 270 271 142
155 2 2 1 1 143 144 269
156 2 2 1 1 269 270 143
157 2 2 1 1 144 145 268
158 2 2 1 1 268 269 144
159 2 2 1 1 145 146 267
160 2 2 1 1 267 268 145
161 2 2 1 1 146 147 266
162 2 2 1 1 266 267 146
163 2 2 1 1 147 148 265
164 2 2 1 1 265 266 147
165 2 2 1 1 148 149 264
166 2 2 1 1 264 265 148
167 2 2 1 1 149 150 263
168 2 2 1 1 263 264 149
169 2 2 1 1 150 151 262
170 2 2 1 1 262 263 150
171 2 2 1 1 151 152 261
172 2 2 1 1 261 262 151
173 2 2 1 1 152 153 260
174 2 2 1 1 260 261 152
175 2 2 1 1 153 154 259
176 2 2 1 1 259 260 153
177 2 2 1 1 154 155 258
178 2 2 1 1 258 259 154
179 2 2 1 1 155 156 257
180 2 2 1 1 257 258 155
181 2 2 1 1 156 157 256
182 2 2 1 1 256 257 156
183 2 2 1 1 157 158 255
184 2 2 1 1 255 256 157
185 2 2 1 1 158 159 254
186 2 2 1 1 254 255 158
187 2 2 1 1 159 160 253
188 2 2 1 1 253 254 159
189 2 2 1 1 160 161 252
190 2 2 1 1 252 253 160
191 2 2 1 1 161 162 251
192 2 2 1 1 251 252 161
193 2 2 1 1 162 163 250
194 2 2 1 1 250 251 162
195 2 2 1 1 163 164 249
196 2 2 1 1 249 250 163
197 2 2 1 1 164 165 248
198 2 2 1 1 248 249 164
199 2 2 1 1 165 166 247
200 2 2 1 1 247 248 165
201 2 2 1 1 166 167 246
202 2 2 1 1 246 247 166
203 2 2 1 1 167 168 245
204 2 2 1 1 245 246 167
205 2 2 1 1 168 169 244
206 2 2 1 1 244 245 168
207 2 2 1 1 169 170 243
208 2 2 1 1 243 244 169
209 2 2 1 1 170 171 242
210 2 2 1 1 242 243 170
211 2 2 1 1 171 172 241
212 2 2 1 1 241 242 171
213 2 2 1 1 172 173 240
214 2 2 1 1 240 241 172
215 2 2 1 1 173 174 239
216 2 2 1 1 239 240 173
217 2 2 1 1 174 175 238
218 2 2 1 1 238 239 174
219 2 2 1 1 175 176 237
220 2 2 1 1 237 238 175
221 2 2 1 1 176 177 236
222 2 2 1 1 236 237 176
223 2 2 1 1 177 178 235
224 2 2 1 1 235 236 177
225 2 2 1 1 178 179 234
226 2 2 1 1 234 235 178
227 2 2 1 1 179 180 233
228 2 2 1 1 233 234 179
229 2 2 1 1 180 181 232
230 2 2 1 1 232 233 180
231 2 2 1 1 181 182 231
232 2 2 1 1 231 232 181
233 2 2 1 1 182 183 230
234 2 2 1 1 230 231 182
235 2 2 1 1 183 184 229
236 2 2 1 1 229 230 183
237 2 2 1 1 184 185 228
238 2 2 1 1 228 229 184
239 2 2 1 1 185 186 227
240 2 2 1 1 227 228 185
241 2 2 1 1 186 187 226
242 2 2 1 1 226 227 186
243 2 2 1 1 187 188 225
244 2 2 1 1 225 226 187
245 2 2 1 1 188 189 224
246 2 2 1 1 224 225 188
247 2 2 1 1 189 190 223
248 2 2 1 1 223 224 189
249 2 2 1 1 190 191 222
250 2 2 1 1 222 223 190
251 2 2 1 1 191 192 221
252 2 2 1 1 221 222 191
253 2 2 1 1 192 193 220
254 2 2 1 1 220 221 192
255 2 2 1 1 193 194 219
256 2 2 1 1 219 220 193
257 2 2 1 1 194 195 218
258 2 2 1 1 218 219 194
259 2 2 1 1 195 196 217
260 2 2 1 1 217 218 195
261 2 2 1 1 196 197 216
262 2 2 1 1 216 217 196
263 2 2 1 1 197 198 215
264 2 2 1 1 215 216 197
265 2 2 1 1 198 199 214
266 2 2 1 1 214 215 198
267 2 2 1 1 199 200 213
268 2 2 1 1 213 214 199
269 2 2 1 1 200 201 212
270 2 2 1 1 212 213 200
271 2 2 1 1 201 202 211
272 2 2 1 1 211 212 201
273 2 2 1 1 202 203 210
274 2 2 1 1 210 211 202
275 2 2 1 1 203 204 209
276 2 2 1 1 209 210 203
277 2 2 1 1 204 205 208
278 2 2 1 1 208 209 204
279 2 2 1 1 205 206 207
280 2 2 1 1 207 208 205
281 2 2 1 1 206 2 3
282 2 2 1 1 3 207 206
283 2 2 1 1 5 347 626
284 2 2 1 1 626 8 5
285 2 2 1 1 347 348 625
286 2 2 1 1 625 626 347
287 2 2 1 1 348 349 624
288 2 2 1 1 624 625 348
289 2 2 1 1 349 350 623
290 2 2 1 1 623 624 349
291 2 2 1 1 350 351 622
292 2 2 1 1 622 623 350
293 2 2 1 1 351 352 621
294 2 2 1 1 621 622 351
295 2 2 1 1 352 353 620
296 2 2 1 1 620 621 352
297 2 2 1 1 353 354 619
298 2 2 1 1 619 620 353
299 2 2 1 1 354 355 618
300 2 2 1 1 618 619 354
301 2 2 1 1 355 356 617
302 2 2 1 1 617 618 355
303 2 2 1 1 356 357 616
304 2 2 1 1 616 617 356
305 2 2 1 1 357 358 615
306 2 2 1 1 615 616 357
307 2 2 1 1 358 359 614
308 2 2 1 1 614 615 358
309 2 2 1 1 359 360 613
310 2 2 1 1 613 614 359
311 2 2 1 1 360 361 612
312 2 2 1 1 612 613 360
313 2 2 1 1 361 362 611
314 2 2 1 1 611 612 361
315 2 2 1 1 362 363 610
316 2 2 1 1 610 611 362
317 2 2 1 1 363 364 609
318 2 2 1 1 609 610 363
319 2 2 1 1 364 365 608
320 2 2 1 1 608 609 364
321 2 2 1 1 365 366 607
322 2 2 1 1 607 608 365
323 2 2 1 1 366 367 606
324 2 2 1 1 606 607 366
325 2 2 1 1 367 368 605
326 2 2 1 1 605 606 367
327 2 2 1 1 368 369 604
328 2 2 1 1 604 605 368
329 2 2 1 1 369 370 603
330 2 2 1 1 603 604 369
331 2 2 1 1 370 371 602
332 2 2 1 1 602 603 370
333 2 2 1 1 371 372 601
334 2 2 1 1 601 602 371
335 2 2 1 1 372 373 600
336 2 2 1 1 600 601 372
337 2 2 1 1 373 374 599
338 2 2 1 1 599 600 373
339 2 2 1 1 374 375 598
340 2 2 1 1 598 599 374
341 2 2 1 1 375 376 597
342 2 2 1 1 597 598 375
343 2 2 1 1 376 377 596
344 2 2 1 1 596 597 376
345 2 2 1 1 377 378 595
346 2 2 1 1 595 596 377
347 2 2 1 1 378 379 594
348 2 2 1 1 594 595 378
349 2 2 1 1 379 380 593
350 2 2 1 1 593 594 379
351 2 2 1 1 380 381 592
352 2 2 1 1 592 593 380
353 2 2 1 1 381 382 591
354 2 2 1 1 591 592 381
355 2 2 1 1 382 383 590
356 2 2 1 1 590 591 382
357 2 2 1 1 383 384 589
358 2 2 1 1 589 590 383
359 2 2 1 1 384 385 588
360 2 2 1 1 588 589 384
361 2 2 1 1 385 386 587
362 2 2 1 1 587 588 385
363 2 2 1 1 386 387 586
364 2 2 1 1 586 587 386
365 2 2 1 1 387 388 585
366 2 2 1 1 585 586 387
367 2 2 1 1 388 389 584
368 2 2 1 1 584 585 388
369 2 2 1 1 389 390 583
370 2 2 1 1 583 584 389
371 2 2 1 1 390 391 582
372 2 2 1 1 582 583 390
373 2 2 1 1 391 392 581
374 2 2 1 1 581 582 391
375 2 2 1 1 392 393 580
376 2 2 1 1 580 581 392
377 2 2 1 1 393 394 579
378 2 2 1 1 579 580 393
379 2 2 1 1 394 395 578
380 2 2 1 1 578 579 394
381 2 2 1 1 395 396 577
382 2 2 1 1 577 578 395
383 2 2 1 1 396 397 576
384 2 2 1 1 576 577 396
385 2 2 1 1 397 398 575
386 2 2 1 1 575 576 397
387 2 2 1 1 398 399 574
388 2 2 1 1 574 575 398
389 2 2 1 1 399 400 573
390 2 2 1 1 573 574 399
391 2 2 1 1 400 401 572
392 2 2 1 1 572 573 400
393 2 2 1 1 401 402 571
394 2 2 1 1 571 572 401
395 2 2 1 1 402 403 570
396 2 2 1 1 570 571 402
397 2 2 1 1 403 404 569
398 2 2 1 1 569 570 403
399 2 2 1 1 404 405 568
400 2 2 1 1 568 569 404
401 2 2 1 1 405 406 567
402 2 2 1 1 567 568 405
403 2 2 1 1 406 407 566
404 2 2 1 1 566 567 406
405 2 2 1 1 407 408 565
406 2 2 1 1 565 566 407
407 2 2 1 1 408 409 564
408 2 2 1 1 564 565 408
409 2 2 1 1 409 410 563
410 2 2 1 1 563 564 409
411 2 2 1 1 410 411 562
412 2 2 1 1 562 563 410
413 2 2 1 1 411 412 561
414 2 2 1 1 561 562 411
415 2 2 1 1 412 413 560
416 2 2 1 1 560 561 412
417 2 2 1 1 413 414 559
418 2 2 1 1 559 560 413
419 2 2 1 1 414 415 558
420 2 2 1 1 558 559 414
421 2 2 1 1 415 416 557
422 2 2 1 1 557 558 415
423 2 2 1 1 416 417 556
424 2 2 1 1 556 557 416
425 2 2 1 1 417 418 555
426 2 2 1 1 555 556 417
427 2 2 1 1 418 419 554
428 2 2 1 1 554 555 418
429 2 2 1 1 419 420 553
430 2 2 1 1 553 554 419
431 2 2 1 1 420 421 552
432 2 2 1 1 552 553 420
433 2 2 1 1 421 422 551
434 2 2 1 1 551 552 421
435 2 2 1 1 422 423 550
436 2 2 1 1 550 551 422
437 2 2 1 1 423 424 549
438 2 2 1 1 549 550 423
439 2 2 1 1 424 425 548
440 2 2 1 1 548 549 424
441 2 2 1 1 425 426 547
442 2 2 1 1 547 548 425
443 2 2 1 1 426 427 546
444 2 2 1 1 546 547 426
445 2 2 1 1 427 428 545
446 2 2 1 1 545 546 427
447 2 2 1 1 428 429 544
448 2 2 1 1 544 545 428
449 2 2 1 1 429 430 543
450 2 2 1 1 543 544 429
451 2 2 1 1 430 431 542
452 2 2 1 1 542 543 430
453 2 2 1 1 431 432 541
454 2 2 1 1 541 542 431
455 2 2 1 1 432 433 540
456 2 2 1 1 540 541 432
457 2 2 1 1 433 434 539
458 2 2 1 1 539 540 433
459 2 2 1 1 434 435 538
460 2 2 1 1 538 539 434
461 2 2 1 1 435 436 537
462 2 2 1 1 537 538 435
463 2 2 1 1 436 437 536
464 2 2 1 1 536 537 436
465 2 2 1 1 437 438 535
466 2 2 1 1 535 536 437
467 2 2 1 1 438 439 534
468 2 2 1 1 534 535 438
469 2 2 1 1 439 440 533
470 2 2 1 1 533 534 439
471 2 2 1 1 440 441 532
472 2 2 1 1 532 533 440
473 2 2 1 1 441 442 531
474 2 2 1 1 531 532 441
475 2 2 1 1 442 443 530
476 2 2 1 1 530 531 442
477 2 2 1 1 443 444 529
478 2 2 1 1 529 530 443
479 2 2 1 1 444 445 528
480 2 2 1 1 528 529 444
481 2 2 1 1 445 446 527
482 2 2 1 1 527 528 445
483 2 2 1 1 446 447 526
484 2 2 1 1 526 527 446
485 2 2 1 1 447 448 525
486 2 2 1 1 525 526 447
487 2 2 1 1 448 449 524
488 2 2 1 1 524 525 448
489 2 2 1 1 449 450 523
490 2 2 1 1 523 524 449
491 2 2 1 1 450 451 522
492 2 2 1 1 522 523 450
493 2 2 1 1 451 452 521
494 2 2 1 1 521 522 451
495 2 2 1 1 452 453 520
496 2 2 1 1 520 521 452
497 2 2 1 1 453 454 519
498 2 2 1 1 519 520 453
499 2 2 1 1 454 455 518
500 2 2 1 1 518 519 454
501 2 2 1 1 455 456 517
502 2 2 1 1 517 518 455
503 2 2 1 1 456 457 516
504 2 2 1 1 516 517 456
505 2 2 1 1 457 458 515
506 2 2 1 1 515 516 457
507 2 2 1 1 458 459 514
508 2 2 1 1 514 515 458
509 2 2 1 1 459 460 513
510 2 2 1 1 513 514 459
511 2 2 1 1 460 461 512
512 2 2 1 1 512 513 460
513 2 2 1 1 461 462 511
514 2 2 1 1 511 512 461
515 2 2 1 1 462 463 510
516 2 2 1 1 510 511 462
517 2 2 1 1 463 464 509
518 2 2 1 1 509 510 463
519 2 2 1 1 464 465 508
520 2 2 1 1 508 509 464
521 2 2 1 1 465 466 507
522 2 2 1 1 507 508 465
523 2 2 1 1 466 467 506
524 2 2 1 1 506 507 466
525 2 2 1 1 467 468 505
526 2 2 1 1 505 506 467
527 2 2 1 1 468 469 504
528 2 2 1 1 504 505 468
529 2 2 1 1 469 470 503
530 2 2 1 1 503 504 469
531 2 2 1 1 470 471 502
532 2 2 1 1 502 503 470
533 2 2 1 1 471 472 501
534 2 2 1 1 501 502 471
535 2 2 1 1 472 473 500
536 2 2 1 1 500 501 472
537 2 2 1 1 473 474 499
538 2 2 1 1 499 500 473
539 2 2 1 1 474 475 498
540 2 2 1 1 498 499 474
541 2 2 1 1 475 476 497
542 2 2 1 1 497 498 475
543 2 2 1 1 476 477 496
544 2 2 1 1 496 497 476
545 2 2 1 1 477 478 495
546 2 2 1 1 495 496 477
547 2 2 1 1 478 479 494
548 2 2 1 1 494 495 478
549 2 2 1 1 479 480 493
550 2 2 1 1 493 494 479
551 2 2 1 1 480 481 492
552 2 2 1 1 492 493 480
553 2 2 1 1 481 482 491
554 2 2 1 1 491 492 481
555 2 2 1 1 482 483 490
556 2 2 1 1 490 491 482
557 2 2 1 1 483 484 489
558 2 2 1 1 489 490 483
559 2 2 1 1 484 485 488
560 2 2 1 1 488 489 484
561 2 2 1 1 485 486 487
562 2 2 1 1 487 488 485
563 2 2 1 1 486 6 7
564 2 2 1 1 7 487 486
565 2 2 2 2 9 627 906
566 2 2 2 2 906 12 9
567 2 2 2 2 627 628 905
568 2 2 2 2 905 906 627
569 2 2 2 2 628 629 904
570 2 2 2 2 904 905 628
571 2 2 2 2 629 630 903
572 2 2 2 2 903 904 629
573 2 2 2 2 630 631 902
574 2 2 2 2 902 903 630
575 2 2 2 2 631 632 901
576 2 2 2 2 901 902 631
577 2 2 2 2 632 633 900
578 2 2 2 2 900 901 632
579 2 2 2 2 633 634 899
580 2 2 2 2 899 900 633
581 2 2 2 2 634 635 898
582 2 2 2 2 898 899 634
583 2 2 2 2 635 636 897
584 2 2 2 2 897 898 635
585 2 2 2 2 636 637 896
586 2 2 2 2 896 897 636
587 2 2 2 2 637 638 895
588 2 2 2 2 895 896 637
589 2 2 2 2 638 639 894
590 2 2 2 2 894 895 638
591 2 2 2 2 639 640 893
592 2 2 2 2 893 894 639
593 2 2 2 2 640 641 892
594 2 2 2 2 892 893 640
595 2 2 2 2 641 642 891
596 2 2 2 2 891 892 641
597 2 2 2 2 642 643 890
598 2 2 2 2 890 891 642
599 2 2 2 2 643 644 889
600 2 2 2 2 889 890 643
601 2 2 2 2 644 645 888
602 2 2 2 2 888 889 644
603 2 2 2 2 645 646 887
604 2 2 2 2 887 888 645
605 2 2 2 2 646 647 886
606 2 2 2 2 886 887 646
607 2 2 2 2 647 648 885
608 2 2 2 2 885 886 647
609 2 2 2 2 648 649 884
610 2 2 2 2 884 885 648
611 2 2 2 2 649 650 883
612 2 2 2 2 883 884 649
613 2 2 2 2 650 651 882
614 2 2 2 2 882 883 650
615 2 2 2 2 651 652 881
616 2 2 2 2 881 882 651
617 2 2 2 2 652 653 880
618 2 2 2 2 880 881 652
619 2 2 2 2 653 654 879
620 2 2 2 2 879 880 653
621 2 2 2 2 654 655 878
622 2 2 2 2 878 879 654
623 2 2 2 2 655 656 877
624 2 2 2 2 877 878 655
625 2 2 2 2 656 657 876
626 2 2 2 2 876 877 656
627 2 2 2 2 657 658 875
628 2 2 2 2 875 876 657
629 2 2 2 2 658 659 874
630 2 2 2 2 874 875 658
631 2 2 2 2 659 660 873
632 2 2 2 2 873 874 659
633 2 2 2 2 660 661 872
634 2 2 2 2 872 873 660
635 2 2 2 2 661 662 871
636 2 2 2 2 871 872 661
637 2 2 2 2 662 663 870
638 2 2 2 2 870 871 662
639 2 2 2 2 663 664 869
640 2 2 2 2 869 870 663
641 2 2 2 2 664 665 868
642 2 2 2 2 868 869 664
643 2 2 2 2 665 666 867
644 2 2 2 2 867 868 665
645 2 2 2 2 666 667 866
646 2 2 2 2 866 867 666
647 2 2 2 2 667 668 865
648 2 2 2 2 865 866 667
649 2 2 2 2 668 669 864
650 2 2 2 2 864 865 668
651 2 2 2 2 669 670 863
652 2 2 2 2 863 864 669
653 2 2 2 2 670 671 862
654 2 2 2 2 862 863 670
655 2 2 2 2 671 672 861
656 2 2 2 2 861 862 671
657 2 2 2 2 672 673 860
658 2 2 2 2 860 861 672
659 2 2 2 2 673 674 859
660 2 2 2 2 859 860 673
661 2 2 2 2 674 675 858
662 2 2 2 2 858 859 674
663 2 2 2 2 675 676 857
664 2 2 2 2 857 858 675
665 2 2 2 2 676 677 856
666 2 2 2 2 856 857 676
667 2 2 2 2 677 678 855
668 2 2 2 2 855 856 677
669 2 2 2 2 678 679 854
670 2 2 2 2 854 855 678
671 2 2 2 2 679 680 853
672 2 2 2 2 853 854 679
673 2 2 2 2 680 681 852
674 2 2 2 2 852 853 680
675 2 2 2 2 681 682 851
676 2 2 2 2 851 852 681
677 2 2 2 2 682 683 850
678 2 2 2 2 850 851 682
679 2 2 2 2 683 684 849
680 2 2 2 2 849 850 683
681 2 2 2 2 684 685 848
682 2 2 2 2 848 849 684
683 2 2 2 2 685 686 847
684 2 2 2 2 847 848 685
685 2 2 2 2 686 687 846
686 2 2 2 2 846 847 686
687 2 2 2 2 687 688 845
688 2 2 2 2 845 846 687
689 2 2 2 2 688 689 844
690 2 2 2 2 844 845 688
691 2 2 2 2 689 690 843
692 2 2 2 2 843 844 689
693 2 2 2 2 690 691 842
694 2 2 2 2 842 843 690
695 2 2 2 2 691 692 841
696 2 2 2 2 841 842 691
697 2 2 2 2 692 693 840
698 2 2 2 2 840 841 692
699 2 2 2 2 693 694 839
700 2 2 2 2 839 840 693
701 2 2 2 2 694 695 838
702 2 2 2 2 838 839 694
703 2 2 2 2 695 696 837
704 2 2 2 2 837 838 695
705 2 2 2 2 696 697 836
706 2 2 2 2 836 837 696
707 2 2 2 2 697 698 835
708 2 2 2 2 835 836 697
709 2 2 2 2 698 699 834
710 2 2 2 2 834 835 698
711 2 2 2 2 699 700 833
712 2 2 2 2 833 834 699
713 2 2 2 2 700 701 832
714 2 2 2 2 832 833 700
715 2 2 2 2 701 702 831
716 2 2 2 2 831 832 701
717 2 2 2 2 702 703 830
718 2 2 2 2 830 831 702
719 2 2 2 2 703 704 829
720 2 2 2 2 829 830 703
721 2 2 2 2 704 705 828
722 2 2 2 2 828 829 704
723 2 2 2 2 705 706 827
724 2 2 2 2 827 828 705
725 2 2 2 2 706 707 826
726 2 2 2 2 826 827 706
727 2 2 2 2 707 708 825
728 2 2 2 2 825 826 707
729 2 2 2 2 708 709 824
730 2 2 2 2 824 825 708
731 2 2 2 2 709 710 823
732 2 2 2 2 823 824 709
733 2 2 2 2 710 711 822
734 2 2 2 2 822 823 710
735 2 2 2 2 711 712 821
736 2 2 2 2 821 822 711
737 2 2 2 2 712 713 820
738 2 2 2 2 820 821 712
739 2 2 2 2 713 714 819
740 2 2 2 2 819 820 713
741 2 2 2 2 714 715 818
742 2 2 2 2 818 819 714
743 2 2 2 2 715 716 817
744 2 2 2 2 817 818 715
745 2 2 2 2 716 717 816
746 2 2 2 2 816 817 716
747 2 2 2 2 717 718 815
748 2 2 2 2 815 816 717
749 2 2 2 2 718 719 814
750 2 2 2 2 814 815 718
751 2 2 2 2 719 720 813
752 2 2 2 2 813 814 719
753 2 2 2 2 720 721 812
754 2 2 2 2 812 813 720
755 2 2 2 2 721 722 811
756 2 2 2 2 811 812 721
757 2 2 2 2 722 723 810
758 2 2 2 2 810 811 722
759 2 2 2 2 723 724 809
760 2 2 2 2 809 810 723
761 2 2 2 2 724 725 808
762 2 2 2 2 808 809 724
763 2 2 2 2 725 726 807
764 2 2 2 2 807 808 725
765 2 2 2 2 726 727 806
766 2 2 2 2 806 807 726
767 2 2 2 2 727 728 805
768 2 2 2 2 805 806 727
769 2 2 2 2 728 729 804
770 2 2 2 2 804 805 728
771 2 2 2 2 729 730 803
772 2 2 2 2 803 804 729
773 2 2 2 2 730 731 802
774 2 2 2 2 802 803 730
775 2 2 2 2 731 732 801
776 2 2 2 2 801 802 731
777 2 2 2 2 732 733 800
778 2 2 2 2 800 801 732
779 2 2 2 2 733 734 799
780 2 2 2 2 799 800 733
781 2 2 2 2 734 735 798
782 2 2 2 2 798 799 734
783 2 2 2 2 735 736 797
784 2 2 2 2 797 798 735
785 2 2 2 2 736 737 796
786 2 2 2 2 796 797 736
787 2 2 2 2 737 738 795
788 2 2 2 2 795 796 737
789 2 2 2 2 738 739 794
790 2 2 2 2 794 795 738
791 2 2 2 2 739 740 793
792 2 2 2 2 793 794 739
793 2 2 2 2 740 741 792
794 2 2 2 2 792 793 740
795 2 2 2 2 741 742 791
796 2 2 2 2 791 792 741
797 2 2 2 2 742 743 790
798 2 2 2 2 790 791 742
799 2 2 2 2 743 744 789
800 2 2 2 2 789 790 743
801 2 2 2 2 744 745 788
802 2 2 2 2 788 789 744
803 2 2 2 2 745 746 787
804 2 2 2 2 787 788 745
805 2 2 2 2 746 747 786
806 2 2 2 2 786 787 746
807 2 2 2 2 747 748 785
808 2 2 2 2 785 786 747
809 2 2 2 2 748 749 784
810 2 2 2 2 784 785 748
811 2 2 2 2 749 750 783
812 2 2 2 2 783 784 749
813 2 2 2 2 750 751 782
814 2 2 2 2 782 783 750
815 2 2 2 2 751 752 781
816 2 2 2 2 781 782 751
817 2 2 2 2 752 753 780
818 2 2 2 2 780 781 752
819 2 2 2 2 753 754 779
820 2 2 2 2 779 780 753
821 2 2 2 2 754 755 778
822 2 2 2 2 778 779 754
823 2 2 2 2 755 756 777
824 2 2 2 2 777 778 755
825 2 2 2 2 756 757 776
826 2 2 2 2 776 777 756
827 2 2 2 2 757 758 775
828 2 2 2 2 775 776 757
829 2 2 2 2 758 759 774
830 2 2 2 2 774 775 758
831 2 2 2 2 759 760 773
832 2 2 2 2 773 774 759
833 2 2 2 2 760 761 772
834 2 2 2 2 772 773 760
835 2 2 2 2 761 762 771
836 2 2 2 2 771 772 761
837 2 2 2 2 762 763 770
838 2 2 2 2 770 771 762
839 2 2 2 2 763 764 769
840 2 2 2 2 769 770 763
841 2 2 2 2 764 765 768
842 2 2 2 2 768 769 764
843 2 2 2 2 765 766 767
844 2 2 2 2 767 768 765
845 2 2 2 2 766 10 11
846 2 2 2 2 11 767 766
847 2 2 2 2 4 346 627
848 2 2 2 2 627 9 4
849 2 2 2 2 346 345 628
850 2 2 2 2 628 627 346
851 2 2 2 2 345 344 629
852 2 2 2 2 629 628 345
853 2 2 2 2 344 343 630
854 2 2 2 2 630 629 344
855 2 2 2 2 343 342 631
856 2 2 2 2 631 630 343
857 2 2 2 2 342 341 632
858 2 2 2 2 632 631 342
859 2 2 2 2 341 340 633
860 2 2 2 2 633 632 341
861 2 2 2 2 340 339 634
862 2 2 2 2 634 633 340
863 2 2 2 2 339 338 635
864 2 2 2 2 635 634 339
865 2 2 2 2 338 337 636
866 2 2 2 2 636 635 338
867 2 2 2 2 337 336 637
868 2 2 2 2 637 636 337
869 2 2 2 2 336 335 638
870 2 2 2 2 638 637 336
871 2 2 2 2 335 334 639
872 2 2 2 2 639 638 335
873 2 2 2 2 334 333 640
874 2 2 2 2 640 639 334
875 2 2 2 2 333 332 641
876 2 2 2 2 641 640 333
877 2 2 2 2 332 331 642
878 2 2 2 2 642 641 332
879 2 2 2 2 331 330 643
880 2 2 2 2 643 642 331
881 2 2 2 2 330 329 644
882 2 2 2 2 644 643 330
883 2 2 2 2 329 328 645
884 2 2 2 2 645 644 329
885 2 2 2 2 328 327 646
886 2 2 2 2 646 645 328
887 2 2 2 2 327 326 647
888 2 2 2 2 647 646 327
889 2 2 2 2 326 325 648
890 2 2 2 2 648 647 326
891 2 2 2 2 325 324 649
892 2 2 2 2 649 648 325
893 2 2 2 2 324 323 650
894 2 2 2 2 650 649 324
895 2 2 2 2 323 322 651
896 2 2 2 2 651 650 323
897 2 2 2 2 322 321 652
898 2 2 2 2 652 651 322
899 2 2 2 2 321 320 653
900 2 2 2 2 653 652 321
901 2 2 2 2 320 319 654
902 2 2 2 2 654 653 320
903 2 2 2 2 319 318 655
904 2 2 2 2 655 654 319
905 2 2 2 2 318 317 656
906 2 2 2 2 656 655 318
907 2 2 2 2 317 316 657
908 2 2 2 2 657 656 317
909 2 2 2 2 316 315 658
910 2 2 2 2 658 657 316
911 2 2 2 2 315 314 659
912 2 2 2 2 659 658 315
913 2 2 2 2 314 313 660
914 2 2 2 2 660 659 314
915 2 2 2 2 313 312 661
916 2 2 2 2 661 660 313
917 2 2 2 2 312 311 662
918 2 2 2 2 662 661 312
919 2 2 2 2 311 310 663
920 2 2 2 2 663 662 311
921 2 2 2 2 310 309 664
922 2 2 2 2 664 663 310
923 2 2 2 2 309 308 665
924 2 2 2 2 665 664 309
925 2 2 2 2 308 307 666
926 2 2 2 2 666 665 308
927 2 2 2 2 307 306 667
928 2 2 2 2 667 666 307
929 2 2 2 2 306 305 668
930 2 2 2 2 668 667 306
931 2 2 2 2 305 304 669
932 2 2 2 2 669 668 305
933 2 2 2 2 304 303 670
934 2 2 2 2 670 669 304
935 2 2 2 2 303 302 671
936 2 2 2 2 671 670 303
937 2 2 2 2 302 301 672
938 2 2 2 2 672 671 302
939 2 2 2 2 301 300 673
940 2 2 2 2 673 672 301
941 2 2 2 2 300 299 674
942 2 2 2 2 674 673 300
943 2 2 2 2 299 298 675
944 2 2 2 2 675 674 299
945 2 2 2 2 298 297 676
946 2 2 2 2 676 675 298
947 2 2 2 2 297 296 677
948 2 2 2 2 677 676 297
949 2 2 2 2 296 295 678
950 2 2 2 2 678 677 296
951 2 2 2 2 295 294 679
952 2 2 2 2 679 678 295
953 2 2 2 2 294 293 680
954 2 2 2 2 680 679 294
955 2 2 2 2 293 292 681
956 2 2 2 2 681 680 293
957 2 2 2 2 292 291 682
958 2 2 2 2 682 681 292
959 2 2 2 2 291 290 683
960 2 2 2 2 683 682 291
961 2 2 2 2 290 289 684
962 2 2 2 2 684 683 290
963 2 2 2 2 289 288 685
964 2 2 2 2 685 684 289
965 2 2 2 2 288 287 686
966 2 2 2 2 686 685 288
967 2 2 2 2 287 286 687
968 2 2 2 2 687 686 287
969 2 2 2 2 286 285 688
970 2 2 2 2 688 687 286
971 2 2 2 2 285 284 689
972 2 2 2 2 689 688 285
973 2 2 2 2 284 283 690
974 2 2 2 2 690 689 284
975 2 2 2 2 283 282 691
976 2 2 2 2 691 690 283
977 2 2 2 2 282 281 692
978 2 2 2 2 692 691 282
979 2 2 2 2 281 280 693
980 2 2 2 2 693 692 281
981 2 2 2 2 280 279 694
982 2 2 2 2 694 693 280
983 2 2 2 2 279 278 695
984 2 2 2 2 695 694 279
985 2 2 2 2 278 277 696
986 2 2 2 2 696 695 278
987 2 2 2 2 277 276 697
988 2 2 2 2 697 696 277
989 2 2 2 2 276 275 698
990 2 2 2 2 698 697 276
991 2 2 2 2 275 274 699
992 2 2 2 2 699 698 275
993 2 2 2 2 274 273 700
994 2 2 2 2 700 699 274
995 2 2 2 2 273 272 701
996 2 2 2 2 701 700 273
997 2 2 2 2 272 271 702
998 2 2 2 2 702 701 272
999 2 2 2 2 271 270 703
1000 2 2 2 2 703 702 271
1001 2 2 2 2 270 269 704
1002 2 2 2 2 704 703 270
1003 2 2 2 2 269 268 705
1004 2 2 2 2 705 704 269
1005 2 2 2 2 268 267 706
1006 2 2 2 2 706 705 268
1007 2 2 2 2 267 266 707
1008 2 2 2 2 707 706 267
1009 2 2 2 2 266 265 708
1010 2 2 2 2 708 707 266
1011 2 2 2 2 265 264 709
1012 2 2 2 2 709 708 265
1013 2 2 2 2 264 263 710
1014 2 2 2 2 710 709 264
1015 2 2 2 2 263 262 711
1016 2 2 2 2 711 710 263
1017 2 2 2 2 262 261 712
1018 2 2 2 2 712 711 262
1019 2 2 2 2 261 260 713
1020 2 2 2 2 713 712 261
1021 2 2 2 2 260 259 714
1022 2 2 2 2 714 713 260
1023 2 2 2 2 259 258 715
1024 2 2 2 2 715 714 259
1025 2 2 2 2 258 257 716
1026 2 2 2 2 716 715 258
1027 2 2 2 2 257 256 717
1028 2 2 2 2 717 716 257
1029 2 2 2 2 256 255 718
1030 2 2 2 2 718 717 256
1031 2 2 2 2 255 254 719
1032 2 2 2 2 719 718 255
1033 2 2 2 2 254 253 720
1034 2 2 2 2 720 719 254
1035 2 2 2 2 253 252 721
1036 2 2 2 2 721 720 253
1037 2 2 2 2 252 251 722
1038 2 2 2 2 722 721 252
1039 2 2 2 2 251 250 723
1040 2 2 2 2 723 722 251
1041 2 2 2 2 250 249 724
1042 2 2 2 2 724 723 250
1043 2 2 2 2 249 248 725
1044 2 2 2 2 725 724 249
1045 2 2 2 2 248 247 726
1046 2 2 2 2 726 725 248
1047 2 2 2 2 247 246 727
1048 2 2 2 2 727 726 247
1049 2 2 2 2 246 245 728
1050 2 2 2 2 728 727 246
1051 2 2 2 2 245 244 729
1052 2 2 2 2 729 728 245
1053 2 2 2 2 244 243 730
1054 2 2 2 2 730 729 244
1055 2 2 2 2 243 242 731
1056 2 2 2 2 731 730 243
1057 2 2 2 2 242 241 732
1058 2 2 2 2 732 731 242
1059 2 2 2 2 241 240 733
1060 2 2 2 2 733 732 241
1061 2 2 2 2 240 239 734
1062 2 2 2 2 734 733 240
1063 2 2 2 2 239 238 735
1064 2 2 2 2 735 734 239
1065 2 2 2 2 238 237 736
1066 2 2 2 2 736 735 238
1067 2 2 2 2 237 236 737
1068 2 2 2 2 737 736 237
1069 2 2 2 2 236 235 738
1070 2 2 2 2 738 737 236
1071 2 2 2 2 235 234 739
1072 2 2 2 2 739 738 235
1073 2 2 2 2 234 233 740
1074 2 2 2 2 740 739 234
1075 2 2 2 2 233 232 741
1076 2 2 2 2 741 740 233
1077 2 2 2 2 232 231 742
1078 2 2 2 2 742 741 232
1079 2 2 2 2 231 230 743
1080 2 2 2 2 743 742 231
1081 2 2 2 2 230 229 744
1082 2 2 2 2 744 743 230
1083 2 2 2 2 229 228 745
1084 2 2 2 2 745 744 229
1085 2 2 2 2 228 227 746
1086 2 2 2 2 746 745 228
1087 2 2 2 2 227 226 747
1088 2 2 2 2 747 746 227
1089 2 2 2 2 226 225 748
1090 2 2 2 2 748 747 226
1091 2 2 2 2 225 224 749
1092 2 2 2 2 749 748 225
1093 2 2 2 2 224 223 750
1094 2 2 2 2 750 749 224
1095 2 2 2 2 223 222 751
1096 2 2 2 2 751 750 223
1097 2 2 2 2 222 221 752
1098 2 2 2 2 752 751 222
1099 2 2 2 2 221 220 753
1100 2 2 2 2 753 752 221
1101 2 2 2 2 220 219 754
1102 2 2 2 2 754 753 220
1103 2 2 2 2 219 218 755
1104 2 2 2 2 755 754 219
1105 2 2 2 2 218 217 756
1106 2 2 2 2 756 755 218
1107 2 2 2 2 217 216 757
1108 2 2 2 2 757 756 217
1109 2 2 2 2 216 215 758
1110 2 2 2 2 758 757 216
1111 2 2 2 2 215 214 759
1112 2 2 2 2 759 758 215
1113 2 2 2 2 214 213 760
1114 2 2 2 2 760 759 214
1115 2 2 2 2 213 212 761
1116 2 2 2 2 761 760 213
1117 2 2 2 2 212 211 762
1118 2 2 2 2 762 761 212
1119 2 2 2 2 211 210 763
1120 2 2 2 2 763 762 211
1121 2 2 2 2 210 209 764
1122 2 2 2 2 764 763 210
1123 2 2 2 2 209 208 765
1124 2 2 2 2 765 764 209
1125 2 2 2 2 208 207 766
1126 2 2 2 2 766 765 208
1127 2 2 2 2 207 3 10
1128 2 2 2 2 10 766 207
1129 2 2 2 2 13 907 1186
1130 2 2 2 2 1186 16 13
1131 2 2 2 2 907 908 1185
1132 2 2 2 2 1185 1186 907
1133 2 2 2 2 908 909 1184
1134 2 2 2 2 1184 1185 908
1135 2 2 2 2 909 910 1183
1136 2 2 2 2 1183 1184 909
1137 2 2 2 2 910 911 1182
1138 2 2 2 2 1182 1183 910
1139 2 2 2 2 911 912 1181
1140 2 2 2 2 1181 1182 911
1141 2 2 2 2 912 913 1180
1142 2 2 2 2 1180 1181 912
1143 2 2 2 2 913 914 1179
1144 2 2 2 2 1179 1180 913
1145 2 2 2 2 914 915 1178
1146 2 2 2 2 1178 1179 914
1147 2 2 2 2 915 916 1177
1148 2 2 2 2 1177 1178 915
1149 2 2 2 2 916 917 1176
1150 2 2 2 2 1176 1177 916
1151 2 2 2 2 917 918 1175
1152 2 2 2 2 1175 1176 917
1153 2 2 2 2 918 919 1174
1154 2 2 2 2 1174 1175 918
1155 2 2 2 2 919 920 1173
1156 2 2 2 2 1173 1174 919
1157 2 2 2 2 920 921 1172
1158 2 2 2 2 1172 1173 920
1159 2 2 2 2 921 922 1171
1160 2 2 2 2 1171 1172 921
1161 2 2 2 2 922 923 1170
1162 2 2 2 2 1170 1171 922
1163 2 2 2 2 923 924 1169
1164 2 2 2 2 1169 1170 923
1165 2 2 2 2 924 925 1168
1166 2 2 2 2 1168 1169 924
1167 2 2 2 2 925 926 1167
1168 2 2 2 2 1167 1168 925
1169 2 2 2 2 926 927 1166
1170 2 2 2 2 1166 1167 926
1171 2 2 2 2 927 928 1165
1172 2 2 2 2 1165 1166 927
1173 2 2 2 2 928 929 1164
1174 2 2 2 2 1164 1165 928
1175 2 2 2 2 929 930 1163
1176 2 2 2 2 1163 1164 929
1177 2 2 2 2 930 931 1162
1178 2 2 2 2 1162 1163 930
1179 2 2 2 2 931 932 1161
1180 2 2 2 2 1161 1162 931
1181 2 2 2 2 932 933 1160
1182 2 2 2 2 1160 1161 932
1183 2 2 2 2 933 934 1159
1184 2 2 2 2 1159 1160 933
1185 2 2 2 2 934 935 1158
1186 2 2 2 2 1158 1159 934
1187 2 2 2 2 935 936 1157
1188 2 2 2 2 1157 1158 935
1189 2 2 2 2 936 937 1156
1190 2 2 2 2 1156 1157 936
1191 2 2 2 2 937 938 1155
1192 2 2 2 2 1155 1156 937
1193 2 2 2 2 938 939 1154
1194 2 2 2 2 1154 1155 938
1195 2 2 2 2 939 940 1153
1196 2 2 2 2 1153 1154 939
1197 2 2 2 2 940 941 1152
1198 2 2 2 2 1152 1153 940
1199 2 2 2 2 941 942 1151
1200 2 2 2 2 1151 1152 941
1201 2 2 2 2 942 943 1150
1202 2 2 2 2 1150 1151 942
1203 2 2 2 2 943 944 1149
1204 2 2 2 2 1149 1150 943
1205 2 2 2 2 944 945 1148
1206 2 2 2 2 1148 1149 944
1207 2 2 2 2 945 946 1147
1208 2 2 2 2 1147 1148 945
1209 2 2 2 2 946 947 1146
1210 2 2 2 2 1146 1147 946
1211 2 2 2 2 947 948 1145
1212 2 2 2 2 1145 1146 947
1213 2 2 2 2 948 949 1144
1214 2 2 2 2 1144 1145 948
1215 2 2 2 2 949 950 1143
1216 2 2 2 2 1143 1144 949
1217 2 2 2 2 950 951 1142
1218 2 2 2 2 1142 1143 950
1219 2 2 2 2 951 952 1141
1220 2 2 2 2 1141 1142 951
1221 2 2 2 2 952 953 1140
1222 2 2 2 2 1140 1141 952
1223 2 2 2 2 953 954 1139
1224 2 2 2 2 1139 1140 953
1225 2 2 2 2 954 955 1138
1226 2 2 2 2 1138 1139 954
1227 2 2 2 2 955 956 1137
1228 2 2 2 2 1137 1138 955
1229 2 2 2 2 956 957 1136
1230 2 2 2 2 1136 1137 956
1231 2 2 2 2 957 958 1135
1232 2 2 2 2 1135 1136 957
1233 2 2 2 2 958 959 1134
1234 2 2 2 2 1134 1135 958
1235 2 2 2 2 959 960 1133
1236 2 2 2 2 1133 1134 959
1237 2 2 2 2 960 961 1132
1238 2 2 2 2 1132 1133 960
1239 2 2 2 2 961 962 1131
1240 2 2 2 2 1131 1132 961
1241 2 2 2 2 962 963 1130
1242 2 2 2 2 1130 1131 962
1243 2 2 2 2 963 964 1129
1244 2 2 2 2 1129 1130 963
1245 2 2 2 2 964 965 1128
1246 2 2 2 2 1128 1129 964
1247 2 2 2 2 965 966 1127
1248 2 2 2 2 1127 1128 965
1249 2 2 2 2 966 967 1126
1250 2 2 2 2 1126 1127 966
1251 2 2 2 2 967 968 1125
1252 2 2 2 2 1125 1126 967
1253 2 2 2 2 968 969 1124
1254 2 2 2 2 1124 1125 968
1255 2 2 2 2 969 970 1123
1256 2 2 2 2 1123 1124 969
1257 2 2 2 2 970 971 1122
1258 2 2 2 2 1122 1123 970
1259 2 2 2 2 971 972 1121
1260 2 2 2 2 1121 1122 971
1261 2 2 2 2 972 973 1120
1262 2 2 2 2 1120 1121 972
1263 2 2 2 2 973 974 1119
1264 2 2 2 2 1119 1120 973
1265 2 2 2 2 974 975 1118
1266 2 2 2 2 1118 1119 974
1267 2 2 2 2 975 976 1117
1268 2 2 2 2 1117 1118 975
1269 2 2 2 2 976 977 1116
1270 2 2 2 2 1116 1117 976
1271 2 2 2 2 977 978 1115
1272 2 2 2 2 1115 1116 977
1273 2 2 2 2 978 979 1114
1274 2 2 2 2 1114 1115 978
1275 2 2 2 2 979 980 1113
1276 2 2 2 2 1113 1114 979
1277 2 2 2 2 980 981 1112
1278 2 2 2 2 1112 1113 980
1279 2 2 2 2 981 982 1111
1280 2 2 2 2 1111 1112 981
1281 2 2 2 2 982 983 1110
1282 2 2 2 2 1110 1111 982
1283 2 2 2 2 983 984 1109
1284 2 2 2 2 1109 1110 983
1285 2 2 2 2 984 985 1108
1286 2 2 2 2 1108 1109 984
1287 2 2 2 2 985 986 1107
1288 2 2 2 2 1107 1108 985
1289 2 2 2 2 986 987 1106
1290 2 2 2 2 1106 1107 986
1291 2 2 2 2 987 988 1105
1292 2 2 2 2 1105 1106 987
1293 2 2 2 2 988 989 1104
1294 2 2 2 2 1104 1105 988
1295 2 2 2 2 989 990 1103
1296 2 2 2 2 1103 1104 989
1297 2 2 2 2 990 991 1102
1298 2 2 2 2 1102 1103 990
1299 2 2 2 2 991 992 1101
1300 2 2 2 2 1101 1102 991
1301 2 2 2 2 992 993 1100
1302 2 2 2 2 1100 1101 992
1303 2 2 2 2 993 994 1099
1304 2 2 2 2 1099 1100 993
1305 2 2 2 2 994 995 1098
1306 2 2 2 2 1098 1099 994
1307 2 2 2 2 995 996 1097
1308 2 2 2 2 1097 1098 995
1309 2 2 2 2 996 997 1096
1310 2 2 2 2 1096 1097 996
1311 2 2 2 2 997 998 1095
1312 2 2 2 2 1095 1096 997
1313 2 2 2 2 998 999 1094
1314 2 2 2 2 1094 1095 998
1315 2 2 2 2 999 1000 1093
1316 2 2 2 2 1093 1094 999
1317 2 2 2 2 1000 1001 1092
1318 2 2 2 2 1092 1093 1000
1319 2 2 2 2 1001 1002 1091
1320 2 2 2 2 1091 1092 1001
1321 2 2 2 2 1002 1003 1090
1322 2 2 2 2 1090 1091 1002
1323 2 2 2 2 1003 1004 1089
1324 2 2 2 2 1089 1090 1003
1325 2 2 2 2 1004 1005 1088
1326 2 2 2 2 1088 1089 1004
1327 2 2 2 2 1005 1006 1087
1328 2 2 2 2 1087 1088 1005
1329 2 2 2 2 1006 1007 1086
1330 2 2 2 2 1086 1087 1006
1331 2 2 2 2 1007 1008 1085
1332 2 2 2 2 1085 1086 1007
1333 2 2 2 2 1008 1009 1084
1334 2 2 2 2 1084 1085 1008
1335 2 2 2 2 1009 1010 1083
1336 2 2 2 2 1083 1084 1009
1337 2 2 2 2 1010 1011 1082
1338 2 2 2 2 1082 1083 1010
1339 2 2 2 2 1011 1012 1081
1340 2 2 2 2 1081 1082 1011
1341 2 2 2 2 1012 1013 1080
1342 2 2 2 2 1080 1081 1012
1343 2 2 2 2 1013 1014 1079
1344 2 2 2 2 1079 1080 1013
1345 2 2 2 2 1014 1015 1078
1346 2 2 2 2 1078 1079 1014
1347 2 2 2 2 1015 1016 1077
1348 2 2 2 2 1077 1078 1015
1349 2 2 2 2 1016 1017 1076
1350 2 2 2 2 1076 1077 1016
1351 2 2 2 2 1017 1018 1075
1352 2 2 2 2 1075 1076 1017
1353 2 2 2 2 1018 1019 1074
1354 2 2 2 2 1074 1075 1018
1355 2 2 2 2 1019 1020 1073
1356 2 2 2 2 1073 1074 1019
1357 2 2 2 2 1020 1021 1072
1358 2 2 2 2 1072 1073 1020
1359 2 2 2 2 1021 1022 1071
1360 2 2 2 2 1071 1072 1021
1361 2 2 2 2 1022 1023 1070
1362 2 2 2 2 1070 1071 1022
1363 2 2 2 2 1023 1024 1069
1364 2 2 2 2 1069 1070 1023
1365 2 2 2 2 1024 1025 1068
1366 2 2 2 2 1068 1069 1024
1367 2 2 2 2 1025 1026 1067
1368 2 2 2 2 1067 1068 1025
1369 2 2 2 2 1026 1027 1066
1370 2 2 2 2 1066 1067 1026
1371 2 2 2 2 1027 1028 1065
1372 2 2 2 2 1065 1066 1027
1373 2 2 2 2 1028 1029 1064
1374 2 2 2 2 1064 1065 1028
1375 2 2 2 2 1029 1030 1063
1376 2 2 2 2 1063 1064 1029
1377 2 2 2 2 1030 1031 1062
1378 2 2 2 2 1062 1063 1030
1379 2 2 2 2 1031 1032 1061
1380 2 2 2 2 1061 1062 1031
1381 2 2 2 2 1032 1033 1060
1382 2 2 2 2 1060 1061 1032
1383 2 2 2 2 1033 1034 1059
1384 2 2 2 2 1059 1060 1033
1385 2 2 2 2 1034 1035 1058
1386 2 2 2 2 1058 1059 1034
1387 2 2 2 2 1035 1036 1057
1388 2 2 2 2 1057 1058 1035
1389 2 2 2 2 1036 1037 1056
1390 2 2 2 2 1056 1057 1036
1391 2 2 2 2 1037 1038 1055
1392 2 2 2 2 1055 1056 1037
1393 2 2 2 2 1038 1039 1054
1394 2 2 2 2 1054 1055 1038
1395 2 2 2 2 1039 1040 1053
1396 2 2 2 2 1053 1054 1039
1397 2 2 2 2 1040 1041 1052
1398 2 2 2 2 1052 1053 1040
1399 2 2 2 2 1041 1042 1051
1400 2 2 2 2 1051 1052 1041
1401 2 2 2 2 1042 1043 1050
1402 2 2 2 2 1050 1051 1042
1403 2 2 2 2 1043 1044 1049
1404 2 2 2 2 1049 1050 1043
1405 2 2 2 2 1044 1045 1048
1406 2 2 2 2 1048 1049 1044
1407 2 2 2 2 1045 1046 1047
1408 2 2 2 2 1047 1048 1045
1409 2 2 2 2 1046 14 15
1410 2 2 2 2 15 1047 1046
1411 2 2 2 2 16 1186 347
1412 2 2 2 2 347 5 16
1413 2 2 2 2 1186 1185 348
1414 2 2 2 2 348 347 1186
1415 2 2 2 2 1185 1184 349
1416 2 2 2 2 349 348 1185
1417 2 2 2 2 1184 1183 350
1418 2 2 2 2 350 349 1184
1419 2 2 2 2 1183 1182 351
1420 2 2 2 2 351 350 1183
1421 2 2 2 2 1182 1181 352
1422 2 2 2 2 352 351 1182
1423 2 2 2 2 1181 1180 353
1424 2 2 2 2 353 352 1181
1425 2 2 2 2 1180 1179 354
1426 2 2 2 2 354 353 1180
1427 2 2 2 2 1179 1178 355
1428 2 2 2 2 355 354 1179
1429 2 2 2 2 1178 1177 356
1430 2 2 2 2 356 355 1178
1431 2 2 2 2 1177 1176 357
1432 2 2 2 2 357 356 1177
1433 2 2 2 2 1176 1175 358
1434 2 2 2 2 358 357 1176
1435 2 2 2 2 1175 1174 359
1436 2 2 2 2 359 358 1175
1437 2 2 2 2 1174 1173 360
1438 2 2 2 2 360 359 1174
1439 2 2 2 2 1173 1172 361
1440 2 2 2 2 361 360 1173
1441 2 2 2 2 1172 1171 362
1442 2 2 2 2 362 361 1172
1443 2 2 2 2 1171 1170 363
1444 2 2 2 2 363 362 1171
1445 2 2 2 2 1170 1169 364
1446 2 2 2 2 364 363 1170
1447 2 2 2 2 1169 1168 365
1448 2 2 2 2 365 364 1169
1449 2 2 2 2 1168 1167 366
1450 2 2 2 2 366 365 1168
1451 2 2 2 2 1167 1166 367
1452 2 2 2 2 367 366 1167
1453 2 2 2 2 1166 1165 368
1454 2 2 2 2 368 367 1166
1455 2 2 2 2 1165 1164 369
1456 2 2 2 2 369 368 1165
1457 2 2 2 2 1164 1163 370
1458 2 2 2 2 370 369 1164
1459 2 2 2 2 1163 1162 371
1460 2 2 2 2 371 370 1163
1461 2 2 2 2 1162 1161 372
1462 2 2 2 2 372 371 1162
1463 2 2 2 2 1161 1160 373
1464 2 2 2 2 373 372 1161
1465 2 2 2 2 1160 1159 374
1466 2 2 2 2 374 373 1160
1467 2 2 2 2 1159 1158 375
1468 2 2 2 2 375 374 1159
1469 2 2 2 2 1158 1157 376
1470 2 2 2 2 376 375 1158
1471 2 2 2 2 1157 1156 377
1472 2 2 2 2 377 376 1157
1473 2 2 2 2 1156 1155 378
1474 2 2 2 2 378 377 1156
1475 2 2 2 2 1155 1154 379
1476 2 2 2 2 379 378 1155
1477 2 2 2 2 1154 1153 380
1478 2 2 2 2 380 379 1154
1479 2 2 2 2 1153 1152 381
1480 2 2 2 2 381 380 1153
1481 2 2 2 2 1152 1151 382
1482 2 2 2 2 382 381 1152
1483 2 2 2 2 1151 1150 383
1484 2 2 2 2 383 382 1151
1485 2 2 2 2 1150 1149 384
1486 2 2 2 2 384 383 1150
1487 2 2 2 2 1149 1148 385
1488 2 2 2 2 385 384 1149
1489 2 2 2 2 1148 1147 386
1490 2 2 2 2 386 385 1148
1491 2 2 2 2 1147 1146 387
1492 2 2 2 2 387 386 1147
1493 2 2 2 2 1146 1145 388
1494 2 2 2 2 388 387 1146
1495 2 2 2 2 1145 1144 389
1496 2 2 2 2 389 388 1145
1497 2 2 2 2 1144 1143 390
1498 2 2 2 2 390 389 1144
1499 2 2 2 2 1143 1142 391
1500 2 2 2 2 391 390 1143
1501 2 2 2 2 1142 1141 392
1502 2 2 2 2 392 391 1142
1503 2 2 2 2 1141 1140 393
1504 2 2 2 2 393 392 1141
1505 2 2 2 2 1140 1139 394
1506 2 2 2 2 394 393 1140
1507 2 2 2 2 1139 1138 395
1508 2 2 2 2 395 394 1139
1509 2 2 2 2 1138 1137 396
1510 2 2 2 2 396 395 1138
1511 2 2 2 2 1137 1136 397
1512 2 2 2 2 397 396 1137
1513 2 2 2 2 1136 1135 398
1514 2 2 2 2 398 397 1136
1515 2 2 2 2 1135 1134 399
1516 2 2 2 2 399 398 1135
1517 2 2 2 2 1134 1133 400
1518 2 2 2 2 400 399 1134
1519 2 2 2 2 1133 1132 401
1520 2 2 2 2 401 400 1133
1521 2 2 2 2 1132 1131 402
1522 2 2 2 2 402 401 1132
1523 2 2 2 2 1131 1130 403
1524 2 2 2 2 403 402 1131
1525 2 2 2 2 1130 1129 404
1526 2 2 2 2 404 403 1130
1527 2 2 2 2 1129 1128 405
1528 2 2 2 2 405 404 1129
1529 2 2 2 2 1128 1127 406
1530 2 2 2 2 406 405 1128
1531 2 2 2 2 1127 1126 407
1532 2 2 2 2 407 406 1127
1533 2 2 2 2 1126 1125 408
1534 2 2 2 2 408 407 1126
1535 2 2 2 2 1125 1124 409
1536 2 2 2 2 409 408 1125
1537 2 2 2 2 1124 1123 410
1538 2 2 2 2 410 409 1124
1539 2 2 2 2 1123 1122 411
1540 2 2 2 2 411 410 1123
1541 2 2 2 2 1122 1121 412
1542 2 2 2 2 412 411 1122
1543 2 2 2 2 1121 1120 413
1544 2 2 2 2 413 412 1121
1545 2 2 2 2 1120 1119 414
1546 2 2 2 2 414 413 1120
1547 2 2 2 2 1119 1118 415
1548 2 2 2 2 415 414 1119
1549 2 2 2 2 1118 1117 416
1550 2 2 2 2 416 415 1118
1551 2 2 2 2 1117 1116 417
1552 2 2 2 2 417 416 1117
1553 2 2 2 2 1116 1115 418
1554 2 2 2 2 418 417 1116
1555 2 2 2 2 1115 1114 419
1556 2 2 2 2 419 418 1115
1557 2 2 2 2 1114 1113 420
1558 2 2 2 2 420 419 1114
1559 2 2 2 2 1113 1112 421
1560 2 2 2 2 421 420 1113
1561 2 2 2 2 1112 1111 422
1562 2 2 2 2 422 421 1112
1563 2 2 2 2 1111 1110 423
1564 2 2 2 2 423 422 1111
1565 2 2 2 2 1110 1109 424
1566 2 2 2 2 424 423 1110
1567 2 2 2 2 1109 1108 425
1568 2 2 2 2 425 424 1109
1569 2 2 2 2 1108 1107 426
1570 2 2 2 2 426 425 1108
1571 2 2 2 2 1107 1106 427
1572 2 2 2 2 427 426 1107
1573 2 2 2 2 1106 1105 428
1574 2 2 2 2 428 427 1106
1575 2 2 2 2 1105 1104 429
1576 2 2 2 2 429 428 1105
1577 2 2 2 2 1104 1103 430
1578 2 2 2 2 430 429 1104
1579 2 2 2 2 1103 1102 431
1580 2 2 2 2 431 430 1103
1581 2 2 2 2 1102 1101 432
1582 2 2 2 2 432 431 1102
1583 2 2 2 2 1101 1100 433
1584 2 2 2 2 433 432 1101
1585 2 2 2 2 1100 1099 434
1586 2 2 2 2 434 433 1100
1587 2 2 2 2 1099 1098 435
1588 2 2 2 2 435 434 1099
1589 2 2 2 2 1098 1097 436
1590 2 2 2 2 436 435 1098
1591 2 2 2 2 1097 1096 437
1592 2 2 2 2 437 436 1097
1593 2 2 2 2 1096 1095 438
1594 2 2 2 2 438 437 1096
1595 2 2 2 2 1095 1094 439
1596 2 2 2 2 439 438 1095
1597 2 2 2 2 1094 1093 440
1598 2 2 2 2 440 439 1094
1599 2 2 2 2 1093 1092 441
1600 2 2 2 2 441 440 1093
1601 2 2 2 2 1092 1091 442
1602 2 2 2 2 442 441 1092
1603 2 2 2 2 1091 1090 443
1604 2 2 2 2 443 442 1091
1605 2 2 2 2 1090 1089 444
1606 2 2 2 2 444 443 1090
1607 2 2 2 2 1089 1088 445
1608 2 2 2 2 445 444 1089
1609 2 2 2 2 1088 1087 446
1610 2 2 2 2 446 445 1088
1611 2 2 2 2 1087 1086 447
1612 2 2 2 2 447 446 1087
1613 2 2 2 2 1086 1085 448
1614 2 2 2 2 448 447 1086
1615 2 2 2 2 1085 1084 449
1616 2 2 2 2 449 448 1085
1617 2 2 2 2 1084 1083 450
1618 2 2 2 2 450 449 1084
1619 2 2 2 2 1083 1082 451
1620 2 2 2 2 451 450 1083
1621 2 2 2 2 1082 1081 452
1622 2 2 2 2 452 451 1082
1623 2 2 2 2 1081 1080 453
1624 2 2 2 2 453 452 1081
1625 2 2 2 2 1080 1079 454
1626 2 2 2 2 454 453 1080
1627 2 2 2 2 1079 1078 455
1628 2 2 2 2 455 454 1079
1629 2 2 2 2 1078 1077 456
1630 2 2 2 2 456 455 1078
1631 2 2 2 2 1077 1076 457
1632 2 2 2 2 457 456 1077
1633 2 2 2 2 1076 1075 458
1634 2 2 2 2 458 457 1076
1635 2 2 2 2 1075 1074 459
1636 2 2 2 2 459 458 1075
1637 2 2 2 2 1074 1073 460
1638 2 2 2 2 460 459 1074
1639 2 2 2 2 1073 1072 461
1640 2 2 2 2 461 460 1073
1641 2 2 2 2 1072 1071 462
1642 2 2 2 2 462 461 1072
1643 2 2 2 2 1071 1070 463
1644 2 2 2 2 463 462 1071
1645 2 2 2 2 1070 1069 464
1646 2 2 2 2 464 463 1070
1647 2 2 2 2 1069 1068 465
1648 2 2 2 2 465 464 1069
1649 2 2 2 2 1068 1067 466
1650 2 2 2 2 466 465 1068
1651 2 2 2 2 1067 1066 467
1652 2 2 2 2 467 466 1067
1653 2 2 2 2 1066 1065 468
1654 2 2 2 2 468 467 1066
1655 2 2 2 2 1065 1064 469
1656 2 2 2 2 469 468 1065
1657 2 2 2 2 1064 1063 470
1658 2 2 2 2 470 469 1064
1659 2 2 2 2 1063 1062 471
1660 2 2 2 2 471 470 1063
1661 2 2 2 2 1062 1061 472
1662 2 2 2 2 472 471 1062
1663 2 2 2 2 1061 1060 473
1664 2 2 2 2 473 472 1061
1665 2 2 2 2 1060 1059 474
1666 2 2 2 2 474 473 1060
1667 2 2 2 2 1059 1058 475
1668 2 2 2 2 475 474 1059
1669 2 2 2 2 1058 1057 476
1670 2 2 2 2 476 475 1058
1671 2 2 2 2 1057 1056 477
1672 2 2 2 2 477 476 1057
1673 2 2 2 2 1056 1055 478
1674 2 2 2 2 478 477 1056
1675 2 2 2 2 1055 1054 479
1676 2 2 2 2 479 478 1055
1677 2 2 2 2 1054 1053 480
1678 2 2 2 2 480 479 1054
1679 2 2 2 2 1053 1052 481
1680 2 2 2 2 481 480 1053
1681 2 2 2 2 1052 1051 482
1682 2 2 2 2 482 481 1052
1683 2 2 2 2 1051 1050 483
1684 2 2 2 2 483 482 1051
1685 2 2 2 2 1050 1049 484
1686 2 2 2 2 484 483 1050
1687 2 2 2 2 1049 1048 485
1688 2 2 2 2 485 484 1049
1689 2 2 2 2 1048 1047 486
1690 2 2 2 2 486 485 1048
1691 2 2 2 2 1047 15 6
1692 2 2 2 2 6 486 1047
1693 2 2 1 1 12 906 20
1694 2 2 1 1 906 1231 20
1695 2 2 1 1 906 905 1231
1696 2 2 1 1 905 1230 1231
1697 2 2 1 1 905 904 1230
1698 2 2 1 1 904 1229 1230
1699 2 2 1 1 904 903 1229
1700 2 2 1 1 903 1228 1229
1701 2 2 1 1 903 902 1228
1702 2 2 1 1 902 1227 1228
1703 2 2 1 1 902 901 1227
1704 2 2 1 1 901 1226 1227
1705 2 2 1 1 901 900 1226
1706 2 2 1 1 900 1225 1226
1707 2 2 1 1 900 899 1225
1708 2 2 1 1 899 1224 1225
1709 2 2 1 1 899 898 1224
1710 2 2 1 1 898 1223 1224
1711 2 2 1 1 898 897 1223
1712 2 2 1 1 897 1222 1223
1713 2 2 1 1 897 896 1222
1714 2 2 1 1 896 1221 1222
1715 2 2 1 1 896 895 1221
1716 2 2 1 1 895 1220 1221
1717 2 2 1 1 895 894 1220
1718 2 2 1 1 894 1219 1220
1719 2 2 1 1 894 893 1219
1720 2 2 1 1 893 1218 1219
1721 2 2 1 1 893 892 1218
1722 2 2 1 1 892 1217 1218
1723 2 2 1 1 892 891 1217
1724 2 2 1 1 891 1216 1217
1725 2 2 1 1 891 890 1216
1726 2 2 1 1 890 1215 1216
1727 2 2 1 1 890 889 1215
1728 2 2 1 1 889 1214 1215
1729 2 2 1 1 889 888 1214
1730 2 2 1 1 888 1213 1214
1731 2 2 1 1 888 887 1213
1732 2 2 1 1 887 1212 1213
1733 2 2 1 1 887 886 1212
1734 2 2 1 1 886 1211 1212
1735 2 2 1 1 886 885 1211
1736 2 2 1 1 885 1210 1211
1737 2 2 1 1 885 884 1210
1738 2 2 1 1 884 1209 1210
1739 2 2 1 1 884 883 1209
1740 2 2 1 1 883 1208 1209
1741 2 2 1 1 883 882 1208
1742 2 2 1 1 882 1207 1208
1743 2 2 1 1 882 881 1207
1744 2 2 1 1 881 1206 1207
1745 2 2 1 1 881 880 1206
1746 2 2 1 1 880 1205 1206
1747 2 2 1 1 880 879 1205
1748 2 2 1 1 879 1204 1205
1749 2 2 1 1 879 878 1204
1750 2 2 1 1 878 1203 1204
1751 2 2 1 1 878 877 1203
1752 2 2 1 1 877 1202 1203
1753 2 2 1 1 877 876 1202
1754 2 2 1 1 876 1201 1202
1755 2 2 1 1 876 875 1201
1756 2 2 1 1 875 1200 1201
1757 2 2 1 1 875 874 1200
1758 2 2 1 1 874 1199 1200
1759 2 2 1 1 874 873 1199
1760 2 2 1 1 873 1198 1199
1761 2 2 1 1 873 872 1198
1762 2 2 1 1 872 1197 1198
1763 2 2 1 1 872 871 1197
1764 2 2 1 1 871 1196 1197
1765 2 2 1 1 871 870 1196
1766 2 2 1 1 870 1195 1196
1767 2 2 1 1 870 869 1195
1768 2 2 1 1 869 1194 1195
1769 2 2 1 1 869 868 1194
1770 2 2 1 1 868 1193 1194
1771 2 2 1 1 868 867 1193
1772 2 2 1 1 867 1192 1193
1773 2 2 1 1 867 866 1192
1774 2 2 1 1 866 1191 1192
1775 2 2 1 1 866 865 1191
1776 2 2 1 1 865 1190 1191
1777 2 2 1 1 865 864 1190
1778 2 2 1 1 864 1189 1190
1779 2 2 1 1 864 863 1189
1780 2 2 1 1 863 1188 1189
1781 2 2 1 1 863 862 1188
1782 2 2 1 1 862 1187 1188
1783 2 2 1 1 862 861 1187
1784 2 2 1 1 861 17 1187
1785 2 2 1 1 861 860 17
1786 2 2 1 1 860 1278 17
1787 2 2 1 1 860 859 1278
1788 2 2 1 1 859 1277 1278
1789 2 2 1 1 859 858 1277
1790 2 2 1 1 858 1276 1277
1791 2 2 1 1 858 857 1276
1792 2 2 1 1 857 1275 1276
1793 2 2 1 1 857 856 1275
1794 2 2 1 1 856 1274 1275
1795 2 2 1 1 856 855 1274
1796 2 2 1 1 855 1273 1274
1797 2 2 1 1 855 854 1273
1798 2 2 1 1 854 1272 1273
1799 2 2 1 1 854 853 1272
1800 2 2 1 1 853 1271 1272
1801 2 2 1 1 853 852 1271
1802 2 2 1 1 852 1270 1271
1803 2 2 1 1 852 851 1270
1804 2 2 1 1 851 1269 1270
1805 2 2 1 1 851 850 1269
1806 2 2 1 1 850 1268 1269
1807 2 2 1 1 850 849 1268
1808 2 2 1 1 849 1267 1268
1809 2 2 1 1 849 848 1267
1810 2 2 1 1 848 1266 1267
1811 2 2 1 1 848 847 1266
1812 2 2 1 1 847 1265 1266
1813 2 2 1 1 847 846 1265
1814 2 2 1 1 846 1264 1265
1815 2 2 1 1 846 845 1264
1816 2 2 1 1 845 1263 1264
1817 2 2 1 1 845 844 1263
1818 2 2 1 1 844 1262 1263
1819 2 2 1 1 844 843 1262
1820 2 2 1 1 843 1261 1262
1821 2 2 1 1 843 842 1261
1822 2 2 1 1 842 1260 1261
1823 2 2 1 1 842 841 1260
1824 2 2 1 1 841 1259 1260
1825 2 2 1 1 841 840 1259
1826 2 2 1 1 840 1258 1259
1827 2 2 1 1 840 839 1258
1828 2 2 1 1 839 1257 1258
1829 2 2 1 1 839 838 1257
1830 2 2 1 1 838 1256 1257
1831 2 2 1 1 838 837 1256
1832 2 2 1 1 837 1255 1256
1833 2 2 1 1 837 836 1255
1834 2 2 1 1 836 1254 1255
1835 2 2 1 1 836 835 1254
1836 2 2 1 1 835 1253 1254
1837 2 2 1 1 835 834 1253
1838 2 2 1 1 834 1252 1253
1839 2 2 1 1 834 833 1252
1840 2 2 1 1 833 1251 1252
1841 2 2 1 1 833 832 1251
1842 2 2 1 1 832 1250 1251
1843 2 2 1 1 832 831 1250
1844 2 2 1 1 831 1249 1250
1845 2 2 1 1 831 830 1249
1846 2 2 1 1 830 1248 1249
1847 2 2 1 1 830 829 1248
1848 2 2 1 1 829 1247 1248
1849 2 2 1 1 829 828 1247
1850 2 2 1 1 828 1246 1247
1851 2 2 1 1 828 827 1246
1852 2 2 1 1 827 1245 1246
1853 2 2 1 1 827 826 1245
1854 2 2 1 1 826 1244 1245
1855 2 2 1 1 826 825 1244
1856 2 2 1 1 825 1243 1244
1857 2 2 1 1 825 824 1243
1858 2 2 1 1 824 1242 1243
1859 2 2 1 1 824 823 1242
1860 2 2 1 1 823 1241 1242
1861 2 2 1 1 823 822 1241
1862 2 2 1 1 822 1240 1241
1863 2 2 1 1 822 821 1240
1864 2 2 1 1 821 1239 1240
1865 2 2 1 1 821 820 1239
1866 2 2 1 1 820 1238 1239
1867 2 2 1 1 820 819 1238
1868 2 2 1 1 819 1237 1238
1869 2 2 1 1 819 818 1237
1870 2 2 1 1 818 1236 1237
1871 2 2 1 1 818 817 1236
1872 2 2 1 1 817 1235 1236
1873 2 2 1 1 817 816 1235
1874 2 2 1 1 816 1234 1235
1875 2 2 1 1 816 815 1234
1876 2 2 1 1 815 1233 1234
1877 2 2 1 1 815 814 1233
1878 2 2 1 1 814 1232 1233
1879 2 2 1 1 814 813 1232
1880 2 2 1 1 813 18 1232
1881 2 2 1 1 813 812 18
1882 2 2 1 1 812 1324 18
1883 2 2 1 1 812 811 1324
1884 2 2 1 1 811 1323 1324
1885 2 2 1 1 811 810 1323
1886 2 2 1 1 810 1322 1323
1887 2 2 1 1 810 809 1322
1888 2 2 1 1 809 1321 1322
1889 2 2 1 1 809 808 1321
1890 2 2 1 1 808 1320 1321
1891 2 2 1 1 808 807 1320
1892 2 2 1 1 807 1319 1320
1893 2 2 1 1 807 806 1319
1894 2 2 1 1 806 1318 1319
1895 2 2 1 1 806 805 1318
1896 2 2 1 1 805 1317 1318
1897 2 2 1 1 805 804 1317
1898 2 2 1 1 804 1316 1317
1899 2 2 1 1 804 803 1316
1900 2 2 1 1 803 1315 1316
1901 2 2 1 1 803 802 1315
1902 2 2 1 1 802 1314 1315
1903 2 2 1 1 802 801 1314
1904 2 2 1 1 801 1313 1314
1905 2 2 1 1 801 800 1313
1906 2 2 1 1 800 1312 1313
1907 2 2 1 1 800 799 1312
1908 2 2 1 1 799 1311 1312
1909 2 2 1 1 799 798 1311
1910 2 2 1 1 798 1310 1311
1911 2 2 1 1 798 797 1310
1912 2 2 1 1 797 1309 1310
1913 2 2 1 1 797 796 1309
1914 2 2 1 1 796 1308 1309
1915 2 2 1 1 796 795 1308
1916 2 2 1 1 795 1307 1308
1917 2 2 1 1 795 794 1307
1918 2 2 1 1 794 1306 1307
1919 2 2 1 1 794 793 1306
1920 2 2 1 1 793 1305 1306
1921 2 2 1 1 793 792 1305
1922 2 2 1 1 792 1304 1305
1923 2 2 1 1 792 791 1304
1924 2 2 1 1 791 1303 1304
1925 2 2 1 1 791 790 1303
1926 2 2 1 1 790 1302 1303
1927 2 2 1 1 790 789 1302
1928 2 2 1 1 789 1301 1302
1929 2 2 1 1 789 788 1301
1930 2 2 1 1 788 1300 1301
1931 2 2 1 1 788 787 1300
1932 2 2 1 1 787 1299 1300
1933 2 2 1 1 787 786 1299
1934 2 2 1 1 786 1298 1299
1935 2 2 1 1 786 785 1298
1936 2 2 1 1 785 1297 1298
1937 2 2 1 1 785 784 1297
1938 2 2 1 1 784 1296 1297
1939 2 2 1 1 784 783 1296
1940 2 2 1 1 783 1295 1296
1941 2 2 1 1 783 782 1295
1942 2 2 1 1 782 1294 1295
1943 2 2 1 1 782 781 1294
1944 2 2 1 1 781 1293 1294
1945 2 2 1 1 781 780 1293
1946 2 2 1 1 780 1292 1293
1947 2 2 1 1 780 779 1292
1948 2 2 1 1 779 1291 1292
1949 2 2 1 1 779 778 1291
1950 2 2 1 1 778 1290 1291
1951 2 2 1 1 778 777 1290
1952 2 2 1 1 777 1289 1290
1953 2 2 1 1 777 776 1289
1954 2 2 1 1 776 1288 1289
1955 2 2 1 1 776 775 1288
1956 2 2 1 1 775 1287 1288
1957 2 2 1 1 775 774 1287
1958 2 2 1 1 774 1286 1287
1959 2 2 1 1 774 773 1286
1960 2 2 1 1 773 1285 1286
1961 2 2 1 1 773 772 1285
1962 2 2 1 1 772 1284 1285
1963 2 2 1 1 772 771 1284
1964 2 2 1 1 771 1283 1284
1965 2 2 1 1 771 770 1283
1966 2 2 1 1 770 1282 1283
1967 2 2 1 1 770 769 1282
1968 2 2 1 1 769 1281 1282
1969 2 2 1 1 769 768 1281
1970 2 2 1 1 768 1280 1281
1971 2 2 1 1 768 767 1280
1972 2 2 1 1 767 1279 1280
1973 2 2 1 1 767 11 1279
1974 2 2 1 1 11 19 1279
1975 2 2 1 1 21 1325 13
1976 2 2 1 1 1325 907 13
1977 2 2 1 1 1325 1326 907
1978 2 2 1 1 1326 908 907
1979 2 2 1 1 1326 1327 908
1980 2 2 1 1 1327 909 908
1981 2 2 1 1 1327 1328 909
1982 2 2 1 1 1328 910 909
1983 2 2 1 1 1328 1329 910
1984 2 2 1 1 1329 911 910
1985 2 2 1 1 1329 1330 911
1986 2 2 1 1 1330 912 911
1987 2 2 1 1 1330 1331 912
1988 2 2 1 1 1331 913 912
1989 2 2 1 1 1331 1332 913
1990 2 2 1 1 1332 914 913
1991 2 2 1 1 1332 1333 914
1992 2 2 1 1 1333 915 914
1993 2 2 1 1 1333 1334 915
1994 2 2 1 1 1334 916 915
1995 2 2 1 1 1334 1335 916
1996 2 2 1 1 1335 917 916
1997 2 2 1 1 1335 1336 917
1998 2 2 1 1 1336 918 917
1999 2 2 1 1 1336 1337 918
2000 2 2 1 1 1337 919 918
2001 2 2 1 1 1337 1338 919
2002 2 2 1 1 1338 920 919
2003 2 2 1 1 1338 1339 920
2004 2 2 1 1 1339 921 920
2005 2 2 1 1 1339 1340 921
2006 2 2 1 1 1340 922 921
2007 2 2 1 1 1340 1341 922
2008 2 2 1 1 1341 923 922
2009 2 2 1 1 1341 1342 923
2010 2 2 1 1 1342 924 923
2011 2 2 1 1 1342 1343 924
2012 2 2 1 1 1343 925 924
2013 2 2 1 1 1343 1344 925
2014 2 2 1 1 1344 926 925
2015 2 2 1 1 1344 1345 926
2016 2 2 1 1 1345 927 926
2017 2 2 1 1 1345 1346 927
2018 2 2 1 1 1346 928 927
2019 2 2 1 1 1346 1347 928
2020 2 2 1 1 1347 929 928
2021 2 2 1 1 1347 1348 929
2022 2 2 1 1 1348 930 929
2023 2 2 1 1 1348 1349 930
2024 2 2 1 1 1349 931 930
2025 2 2 1 1 1349 1350 931
2026 2 2 1 1 1350 932 931
2027 2 2 1 1 1350 1351 932
2028 2 2 1 1 1351 933 932
2029 2 2 1 1 1351 1352 933
2030 2 2 1 1 1352 934 933
2031 2 2 1 1 1352 1353 934
2032 2 2 1 1 1353 935 934
2033 2 2 1 1 1353 1354 935
2034 2 2 1 1 1354 936 935
2035 2 2 1 1 1354 1355 936
2036 2 2 1 1 1355 937 936
2037 2 2 1 1 1355 1356 937
2038 2 2 1 1 1356 938 937
2039 2 2 1 1 1356 1357 938
2040 2 2 1 1 1357 939 938
2041 2 2 1 1 1357 1358 939
2042 2 2 1 1 1358 940 939
2043 2 2 1 1 1358 1359 940
2044 2 2 1 1 1359 941 940
2045 2 2 1 1 1359 1360 941
2046 2 2 1 1 1360 942 941
2047 2 2 1 1 1360 1361 942
2048 2 2 1 1 1361 943 942
2049 2 2 1 1 1361 1362 943
2050 2 2 1 1 1362 944 943
2051 2 2 1 1 1362 1363 944
2052 2 2 1 1 1363 945 944
2053 2 2 1 1 1363 1364 945
2054 2 2 1 1 1364 946 945
2055 2 2 1 1 1364 1365 946
2056 2 2 1 1 1365 947 946
2057 2 2 1 1 1365 1366 947
2058 2 2 1 1 1366 948 947
2059 2 2 1 1 1366 1367 948
2060 2 2 1 1 1367 949 948
2061 2 2 1 1 1367 1368 949
2062 2 2 1 1 1368 950 949
2063 2 2 1 1 1368 1369 950
2064 2 2 1 1 1369 951 950
2065 2 2 1 1 1369 1370 951
2066 2 2 1 1 1370 952 951
2067 2 2 1 1 1370 22 952
2068 2 2 1 1 22 953 952
2069 2 2 1 1 22 1371 953
2070 2 2 1 1 1371 954 953
2071 2 2 1 1 1371 1372 954
2072 2 2 1 1 1372 955 954
2073 2 2 1 1 1372 1373 955
2074 2 2 1 1 1373 956 955
2075 2 2 1 1 1373 1374 956
2076 2 2 1 1 1374 957 956
2077 2 2 1 1 1374 1375 957
2078 2 2 1 1 1375 958 957
2079 2 2 1 1 1375 1376 958
2080 2 2 1 1 1376 959 958
2081 2 2 1 1 1376 1377 959
2082 2 2 1 1 1377 960 959
2083 2 2 1 1 1377 1378 960
2084 2 2 1 1 1378 961 960
2085 2 2 1 1 1378 1379 961
2086 2 2 1 1 1379 962 961
2087 2 2 1 1 1379 1380 962
2088 2 2 1 1 1380 963 962
2089 2 2 1 1 1380 1381 963
2090 2 2 1 1 1381 964 963
2091 2 2 1 1 1381 1382 964
2092 2 2 1 1 1382 965 964
2093 2 2 1 1 1382 1383 965
2094 2 2 1 1 1383 966 965
2095 2 2 1 1 1383 1384 966
2096 2 2 1 1 1384 967 966
2097 2 2 1 1 1384 1385 967
2098 2 2 1 1 1385 968 967
2099 2 2 1 1 1385 1386 968
2100 2 2 1 1 1386 969 968
2101 2 2 1 1 1386 1387 969
2102 2 2 1 1 1387 970 969
2103 2 2 1 1 1387 1388 970
2104 2 2 1 1 1388 971 970
2105 2 2 1 1 1388 1389 971
2106 2 2 1 1 1389 972 971
2107 2 2 1 1 1389 1390 972
2108 2 2 1 1 1390 973 972
2109 2 2 1 1 1390 1391 973
2110 2 2 1 1 1391 974 973
2111 2 2 1 1 1391 1392 974
2112 2 2 1 1 1392 975 974
2113 2 2 1 1 1392 1393 975
2114 2 2 1 1 1393 976 975
2115 2 2 1 1 1393 1394 976
2116 2 2 1 1 1394 977 976
2117 2 2 1 1 1394 1395 977
2118 2 2 1 1 1395 978 977
2119 2 2 1 1 1395 1396 978
2120 2 2 1 1 1396 979 978
2121 2 2 1 1 1396 1397 979
2122 2 2 1 1 1397 980 979
2123 2 2 1 1 1397 1398 980
2124 2 2 1 1 1398 981 980
2125 2 2 1 1 1398 1399 981
2126 2 2 1 1 1399 982 981
2127 2 2 1 1 1399 1400 982
2128 2 2 1 1 1400 983 982
2129 2 2 1 1 1400 1401 983
2130 2 2 1 1 1401 984 983
2131 2 2 1 1 1401 1402 984
2132 2 2 1 1 1402 985 984
2133 2 2 1 1 1402 1403 985
2134 2 2 1 1 1403 986 985
2135 2 2 1 1 1403 1404 986
2136 2 2 1 1 1404 987 986
2137 2 2 1 1 1404 1405 987
2138 2 2 1 1 1405 988 987
2139 2 2 1 1 1405 1406 988
2140 2 2 1 1 1406 989 988
2141 2 2 1 1 1406 1407 989
2142 2 2 1 1 1407 990 989
2143 2 2 1 1 1407 1408 990
2144 2 2 1 1 1408 991 990
2145 2 2 1 1 1408 1409 991
2146 2 2 1 1 1409 992 991
2147 2 2 1 1 1409 1410 992
2148 2 2 1 1 1410 993 992
2149 2 2 1 1 1410 1411 993
2150 2 2 1 1 1411 994 993
2151 2 2 1 1 1411 1412 994
2152 2 2 1 1 1412 995 994
2153 2 2 1 1 1412 1413 995
2154 2 2 1 1 1413 996 995
2155 2 2 1 1 1413 1414 996
2156 2 2 1 1 1414 997 996
2157 2 2 1 1 1414 1415 997
2158 2 2 1 1 1415 998 997
2159 2 2 1 1 1415 1416 998
2160 2 2 1 1 1416 999 998
2161 2 2 1 1 1416 1417 999
2162 2 2 1 1 1417 1000 999
2163 2 2 1 1 1417 23 1000
2164 2 2 1 1 23 1001 1000
2165 2 2 1 1 23 1418 1001
2166 2 2 1 1 1418 1002 1001
2167 2 2 1 1 1418 1419 1002
2168 2 2 1 1 1419 1003 1002
2169 2 2 1 1 1419 1420 1003
2170 2 2 1 1 1420 1004 1003
2171 2 2 1 1 1420 1421 1004
2172 2 2 1 1 1421 1005 1004
2173 2 2 1 1 1421 1422 1005
2174 2 2 1 1 1422 1006 1005
2175 2 2 1 1 1422 1423 1006
2176 2 2 1 1 1423 1007 1006
2177 2 2 1 1 1423 1424 1007
2178 2 2 1 1 1424 1008 1007
2179 2 2 1 1 1424 1425 1008
2180 2 2 1 1 1425 1009 1008
2181 2 2 1 1 1425 1426 1009
2182 2 2 1 1 1426 1010 1009
2183 2 2 1 1 1426 1427 1010
2184 2 2 1 1 1427 1011 1010
2185 2 2 1 1 1427 1428 1011
2186 2 2 1 1 1428 1012 1011
2187 2 2 1 1 1428 1429 1012
2188 2 2 1 1 1429 1013 1012
2189 2 2 1 1 1429 1430 1013
2190 2 2 1 1 1430 1014 1013
2191 2 2 1 1 1430 1431 1014
2192 2 2 1 1 1431 1015 1014
2193 2 2 1 1 1431 1432 1015
2194 2 2 1 1 1432 1016 1015
2195 2 2 1 1 1432 1433 1016
2196 2 2 1 1 1433 1017 1016
2197 2 2 1 1 1433 1434 1017
2198 2 2 1 1 1434 1018 1017
2199 2 2 1 1 1434 1435 1018
2200 2 2 1 1 1435 1019 1018
2201 2 2 1 1 1435 1436 1019
2202 2 2 1 1 1436 1020 1019
2203 2 2 1 1 1436 1437 1020
2204 2 2 1 1 1437 1021 1020
2205 2 2 1 1 1437 1438 1021
2206 2 2 1 1 1438 1022 1021
2207 2 2 1 1 1438 1439 1022
2208 2 2 1 1 1439 1023 1022
2209 2 2 1 1 1439 1440 1023
2210 2 2 1 1 1440 1024 1023
2211 2 2 1 1 1440 1441 1024
2212 2 2 1 1 1441 1025 1024
2213 2 2 1 1 1441 1442 1025
2214 2 2 1 1 1442 1026 1025
2215 2 2 1 1 1442 1443 1026
2216 2 2 1 1 1443 1027 1026
2217 2 2 1 1 1443 1444 1027
2218 2 2 1 1 1444 1028 1027
2219 2 2 1 1 1444 1445 1028
2220 2 2 1 1 1445 1029 1028
2221 2 2 1 1 1445 1446 1029
2222 2 2 1 1 1446 1030 1029
2223 2 2 1 1 1446 1447 1030
2224 2 2 1 1 1447 1031 1030
2225 2 2 1 1 1447 1448 1031
2226 2 2 1 1 1448 1032 1031
2227 2 2 1 1 1448 1449 1032
2228 2 2 1 1 1449 1033 1032
2229 2 2 1 1 1449 1450 1033
2230 2 2 1 1 1450 1034 1033
2231 2 2 1 1 1450 1451 1034
2232 2 2 1 1 1451 1035 1034
2233 2 2 1 1 1451 1452 1035
2234 2 2 1 1 1452 1036 1035
2235 2 2 1 1 1452 1453 1036
2236 2 2 1 1 1453 1037 1036
2237 2 2 1 1 1453 1454 1037
2238 2 2 1 1 1454 1038 1037
2239 2 2 1 1 1454 1455 1038
2240 2 2 1 1 1455 1039 1038
2241 2 2 1 1 1455 1456 1039
2242 2 2 1 1 1456 1040 1039
2243 2 2 1 1 1456 1457 1040
2244 2 2 1 1 1457 1041 1040
2245 2 2 1 1 1457 1458 1041
2246 2 2 1 1 1458 1042 1041
2247 2 2 1 1 1458 1459 1042
2248 2 2 1 1 1459 1043 1042
2249 2 2 1 1 1459 1460 1043
2250 2 2 1 1 1460 1044 1043
2251 2 2 1 1 1460 1461 1044
2252 2 2 1 1 1461 1045 1044
2253 2 2 1 1 1461 1462 1045
2254 2 2 1 1 1462 1046 1045
2255 2 2 1 1 1462 24 1046
2256 2 2 1 1 24 14 1046
2257 2 2 3 3 3126 3117 2911
2258 2 2 3 3 3126 1813 1814
2259 2 2 3 3 3484 1860 39
2260 2 2 3 3 4107 3509 3624
2261 2 2 3 3 4186 3622 3623
2262 2 2 3 3 3508 1854 1855
2263 2 2 3 3 4135 3507 2907
2264 2 2 3 3 4136 3506 2906
2265 2 2 3 3 3618 2904 3504
2266 2 2 3 3 3617 3616 1845
2267 2 2 3 3 3503 1843 1844
2268 2 2 3 3 3502 1841 1842
2269 2 2 3 3 3501 1839 1840
2270 2 2 3 3 3500 1837 1838
2271 2 2 3 3 3499 1835 1836
2272 2 2 3 3 3488 1832 1833
2273 2 2 3 3 3489 1830 1831
2274 2 2 3 3 3490 1828 1829
2275 2 2 3 3 3722 1827 3608
2276 2 2 3 3 3498 1824 1825
2277 2 2 3 3 3606 3491 1822
2278 2 2 3 3 3605 1820 1821
2279 2 2 3 3 3105 1817 1818
2280 2 2 3 3 3604 3492 2891
2281 2 2 3 3 3091 1470 2913
2282 2 2 3 3 3091 1469 1470
2283 2 2 3 3 2840 2913 2839
2284 2 2 3 3 3327 1471 1472
2285 2 2 3 3 3327 2913 1471
2286 2 2 3 3 3328 3327 1472
2287 2 2 3 3 3383 3367 1474
2288 2 2 3 3 3384 2914 1476
2289 2 2 3 3 3258 1477 1478
2290 2 2 3 3 4213 2830 2831
2291 2 2 3 3 1480 2915 4213
2292 2 2 3 3 3385 2915 1481
2293 2 2 3 3 3385 1482 3346
2294 2 2 3 3 3385 3346 2828
2295 2 2 3 3 3318 3066 2826
2296 2 2 3 3 4131 3386 2824
2297 2 2 3 3 3386 3259 2823
2298 2 2 3 3 3387 2916 2821
2299 2 2 3 3 3388 2817 3319
2300 2 2 3 3 3109 2815 2917
2301 2 2 3 3 3365 1497 3310
2302 2 2 3 3 3453 1499 3250
2303 2 2 3 3 3409 2807 3312
2304 2 2 3 3 3260 2805 2806
2305 2 2 3 3 3345 3257 1507
2306 2 2 3 3 3389 3345 27
2307 2 2 3 3 2800 2960 65
2308 2 2 3 3 3389 2802 3345
2309 2 2 3 3 3382 1468 3320
2310 2 2 3 3 3382 1467 1468
2311 2 2 3 3 3334 3333 2844
2312 2 2 3 3 4250 3077 3120
2313 2 2 3 3 3383 1475 2914
2314 2 2 3 3 4213 3366 1479
2315 2 2 3 3 1484 1485 3066
2316 2 2 3 3 3388 1494 2917
2317 2 2 3 3 3409 1504 3260
2318 2 2 3 3 3451 1505 1506
2319 2 2 3 3 4099 4097 2960
2320 2 2 3 3 3952 2664 3743
2321 2 2 3 3 4097 3743 61
2322 2 2 3 3 3475 61 3249
2323 2 2 3 3 3249 61 2665
2324 2 2 3 3 3476 2796 3249
2325 2 2 3 3 3476 3249 2665
2326 2 2 3 3 2667 3060 2666
2327 2 2 3 3 3261 2792 2793
2328 2 2 3 3 3060 2794 2795
2329 2 2 3 3 3784 2647 2648
2330 2 2 3 3 3785 1525 1526
2331 2 2 3 3 3864 3785 1526
2332 2 2 3 3 3786 1527 1528
2333 2 2 3 3 3864 3786 2951
2334 2 2 3 3 3787 1529 1530
2335 2 2 3 3 3946 3789 2950
2336 2 2 3 3 4189 3788 3946
2337 2 2 3 3 3789 2643 2644
2338 2 2 3 3 4113 3789 3945
2339 2 2 3 3 3945 3790 2951
2340 2 2 3 3 4235 2952 3785
2341 2 2 3 3 3862 3791 1523
2342 2 2 3 3 4233 3791 3862
2343 2 2 3 3 3861 3792 1521
2344 2 2 3 3 4116 3792 3861
2345 2 2 3 3 3793 2650 2651
2346 2 2 3 3 3941 3793 2651
2347 2 2 3 3 3794 2652 2653
2348 2 2 3 3 3941 3794 2954
2349 2 2 3 3 3748 2654 2655
2350 2 2 3 3 3953 3759 1516
2351 2 2 3 3 4207 3953 4021
2352 2 2 3 3 3749 1518 1519
2353 2 2 3 3 4193 3749 3860
2354 2 2 3 3 3865 3787 2950
2355 2 2 3 3 3795 1531 1532
2356 2 2 3 3 3947 2640 2641
2357 2 2 3 3 4203 3796 3947
2358 2 2 3 3 3866 3795 2949
2359 2 2 3 3 3868 3797 1534
2360 2 2 3 3 3949 2637 2638
2361 2 2 3 3 3949 2947 3798
2362 2 2 3 3 4182 3797 3868
2363 2 2 3 3 4165 3869 3800
2364 2 2 3 3 3950 2635 2636
2365 2 2 3 3 3950 2946 3799
2366 2 2 3 3 3870 3800 1537
2367 2 2 3 3 4166 3870 3802
2368 2 2 3 3 3951 2633 2634
2369 2 2 3 3 3951 2945 3801
2370 2 2 3 3 4022 3802 1539
2371 2 2 3 3 4222 4022 3955
2372 2 2 3 3 4078 2631 2632
2373 2 2 3 3 4078 3954 2631
2374 2 2 3 3 4023 3955 1541
2375 2 2 3 3 4023 3957 2944
2376 2 2 3 3 4079 2629 2630
2377 2 2 3 3 4079 3956 2629
2378 2 2 3 3 4024 3957 1543
2379 2 2 3 3 3958 1544 1545
2380 2 2 3 3 4081 3959 2626
2381 2 2 3 3 4080 3956 2943
2382 2 2 3 3 4024 3958 2943
2383 2 2 3 3 4026 2942 4025
2384 2 2 3 3 4082 3960 2624
2385 2 2 3 3 3959 2625 2626
2386 2 2 3 3 3961 1547 1548
2387 2 2 3 3 4173 3962 2940
2388 2 2 3 3 4088 2622 4083
2389 2 2 3 3 3960 2623 2624
2390 2 2 3 3 3962 1549 1550
2391 2 2 3 3 4084 2940 3962
2392 2 2 3 3 4087 2621 60
2393 2 2 3 3 4088 60 2622
2394 2 2 3 3 4089 1551 4035
2395 2 2 3 3 4174 4035 3965
2396 2 2 3 3 4075 2619 2620
2397 2 2 3 3 4075 3964 2619
2398 2 2 3 3 4034 3965 1553
2399 2 2 3 3 4175 4034 3966
2400 2 2 3 3 4073 3968 2616
2401 2 2 3 3 4074 4073 2617
2402 2 2 3 3 4033 3966 1555
2403 2 2 3 3 4032 3969 2936
2404 2 2 3 3 4072 3967 2614
2405 2 2 3 3 3968 2615 2616
2406 2 2 3 3 3969 1557 1558
2407 2 2 3 3 4244 3969 4031
2408 2 2 3 3 4071 3970 2612
2409 2 2 3 3 3967 2613 2614
2410 2 2 3 3 3971 1559 1560
2411 2 2 3 3 4030 2935 3971
2412 2 2 3 3 4070 3803 2610
2413 2 2 3 3 3970 2611 2612
2414 2 2 3 3 3804 1561 1562
2415 2 2 3 3 3882 2934 3804
2416 2 2 3 3 3939 3805 2608
2417 2 2 3 3 3803 2609 2610
2418 2 2 3 3 3806 1563 1564
2419 2 2 3 3 3881 2933 3806
2420 2 2 3 3 4176 3808 3937
2421 2 2 3 3 3805 2607 2608
2422 2 2 3 3 3807 1565 1566
2423 2 2 3 3 4176 3879 2931
2424 2 2 3 3 3936 2603 2604
2425 2 2 3 3 3937 3808 2605
2426 2 2 3 3 3809 1568 1569
2427 2 2 3 3 4202 3809 3878
2428 2 2 3 3 3935 3812 2601
2429 2 2 3 3 3810 2602 2603
2430 2 2 3 3 3811 1570 1571
2431 2 2 3 3 4188 3811 3877
2432 2 2 3 3 3934 3814 2599
2433 2 2 3 3 3812 2600 2601
2434 2 2 3 3 3813 1572 1573
2435 2 2 3 3 4110 3813 3876
2436 2 2 3 3 3933 3816 2597
2437 2 2 3 3 3814 2598 2599
2438 2 2 3 3 3815 1574 1575
2439 2 2 3 3 4236 3815 3875
2440 2 2 3 3 4230 3857 3931
2441 2 2 3 3 3816 2596 2597
2442 2 2 3 3 3817 1576 1577
2443 2 2 3 3 4230 3873 2926
2444 2 2 3 3 4115 3855 3930
2445 2 2 3 3 4192 3753 3929
2446 2 2 3 3 4206 4009 4069
2447 2 2 3 3 4158 3780 2923
2448 2 2 3 3 4068 2921 4007
2449 2 2 3 3 4007 3778 2582
2450 2 2 3 3 3777 2919 3746
2451 2 2 3 3 4095 3307 3390
2452 2 2 3 3 3390 2446 3344
2453 2 2 3 3 3344 3256 2578
2454 2 2 3 3 3410 3256 2448
2455 2 2 3 3 3262 2575 2576
2456 2 2 3 3 3434 2575 3262
2457 2 2 3 3 3410 3262 2576
2458 2 2 3 3 3818 1579 1580
2459 2 2 3 3 4115 3818 3872
2460 2 2 3 3 4192 3856 3871
2461 2 2 3 3 4206 3754 4029
2462 2 2 3 3 4158 3762 2922
2463 2 2 3 3 4164 3761 2921
2464 2 2 3 3 3972 1591 3760
2465 2 2 3 3 3973 1593 3740
2466 2 2 3 3 4100 2918 4095
2467 2 2 3 3 3466 2442 3263
2468 2 2 3 3 3263 2443 2918
2469 2 2 3 3 2918 55 2444
2470 2 2 3 3 3348 1613 1614
2471 2 2 3 3 3101 2962 2423
2472 2 2 3 3 3381 2426 2427
2473 2 2 3 3 3381 3347 2426
2474 2 2 3 3 3301 3111 2429
2475 2 2 3 3 3267 1603 1604
2476 2 2 3 3 3265 3264 2436
2477 2 2 3 3 3411 3265 2437
2478 2 2 3 3 4092 2438 2439
2479 2 2 3 3 3243 29 1594
2480 2 2 3 3 3477 3243 1594
2481 2 2 3 3 3477 2439 2440
2482 2 2 3 3 4092 3477 1595
2483 2 2 3 3 3264 1598 1599
2484 2 2 3 3 3465 3264 1599
2485 2 2 3 3 3302 3266 2433
2486 2 2 3 3 3395 3267 2431
2487 2 2 3 3 3301 3267 1604
2488 2 2 3 3 3111 1606 2961
2489 2 2 3 3 3347 1608 1609
2490 2 2 3 3 3254 1609 1610
2491 2 2 3 3 3101 1611 2962
2492 2 2 3 3 3364 3348 2421
2493 2 2 3 3 4198 3380 1615
2494 2 2 3 3 4198 2418 2419
2495 2 2 3 3 3340 1617 1618
2496 2 2 3 3 3340 2417 3067
2497 2 2 3 3 3349 2415 3317
2498 2 2 3 3 2414 2963 2413
2499 2 2 3 3 1620 1621 2963
2500 2 2 3 3 3379 3350 2412
2501 2 2 3 3 3379 1622 3350
2502 2 2 3 3 4198 1616 3067
2503 2 2 3 3 3350 1622 1623
2504 2 2 3 3 3300 3093 2410
2505 2 2 3 3 3093 2964 2409
2506 2 2 3 3 3351 2407 3331
2507 2 2 3 3 3363 1628 1629
2508 2 2 3 3 3363 3351 1628
2509 2 2 3 3 3324 2965 2404
2510 2 2 3 3 1630 1631 2965
2511 2 2 3 3 2965 2403 2404
2512 2 2 3 3 3089 2965 1631
2513 2 2 3 3 1625 1626 2964
2514 2 2 3 3 3378 1632 1633
2515 2 2 3 3 3336 1635 3323
2516 2 2 3 3 3378 2401 2402
2517 2 2 3 3 3336 3335 1634
2518 2 2 3 3 4209 2398 3323
2519 2 2 3 3 3119 3118 2987
2520 2 2 3 3 4251 3079 3122
2521 2 2 3 3 4248 1641 3339
2522 2 2 3 3 3339 1641 1642
2523 2 2 3 3 4248 3339 2308
2524 2 2 3 3 3482 51 2309
2525 2 2 3 3 3493 2397 3485
2526 2 2 3 3 3485 2397 54
2527 2 2 3 3 3076 54 2966
2528 2 2 3 3 54 2398 2966
2529 2 2 3 3 4209 3323 1636
2530 2 2 3 3 3372 1643 1644
2531 2 2 3 3 3092 2303 2304
2532 2 2 3 3 3352 3329 1649
2533 2 2 3 3 3352 2299 2300
2534 2 2 3 3 3081 1651 2990
2535 2 2 3 3 3373 2990 1652
2536 2 2 3 3 3373 1652 1653
2537 2 2 3 3 3268 1653 1654
2538 2 2 3 3 4214 3362 1655
2539 2 2 3 3 3374 2991 1657
2540 2 2 3 3 3353 2290 2291
2541 2 2 3 3 3068 1660 1661
2542 2 2 3 3 3375 1663 3269
2543 2 2 3 3 4130 3375 2287
2544 2 2 3 3 2288 2289 3068
2545 2 2 3 3 3315 3068 2289
2546 2 2 3 3 3329 3326 1648
2547 2 2 3 3 3326 2989 1647
2548 2 2 3 3 2989 2303 3092
2549 2 2 3 3 3372 1644 3321
2550 2 2 3 3 3092 1645 1646
2551 2 2 3 3 2303 2989 2302
2552 2 2 3 3 3326 1647 1648
2553 2 2 3 3 4214 1656 2991
2554 2 2 3 3 3375 3269 2286
2555 2 2 3 3 3376 1665 2992
2556 2 2 3 3 3097 2992 1666
2557 2 2 3 3 3407 1668 3316
2558 2 2 3 3 3377 1670 2993
2559 2 2 3 3 3412 2275 3296
2560 2 2 3 3 3244 2273 2274
2561 2 2 3 3 3433 1678 3298
2562 2 2 3 3 3432 1680 3084
2563 2 2 3 3 3080 1682 1683
2564 2 2 3 3 3391 2265 3343
2565 2 2 3 3 4132 2262 3037
2566 2 2 3 3 50 2263 3037
2567 2 2 3 3 3376 2992 2284
2568 2 2 3 3 3412 1675 3244
2569 2 2 3 3 3297 2273 3244
2570 2 2 3 3 3819 2110 2111
2571 2 2 3 3 3820 1701 1702
2572 2 2 3 3 3887 3820 1702
2573 2 2 3 3 3821 1703 1704
2574 2 2 3 3 3887 3821 3028
2575 2 2 3 3 3822 1705 1706
2576 2 2 3 3 3923 3824 3027
2577 2 2 3 3 4190 3823 3923
2578 2 2 3 3 3824 2106 2107
2579 2 2 3 3 4111 3824 3922
2580 2 2 3 3 4111 3922 3028
2581 2 2 3 3 4234 3029 3820
2582 2 2 3 3 3885 3826 1699
2583 2 2 3 3 4232 3826 3885
2584 2 2 3 3 3884 3827 1697
2585 2 2 3 3 4114 3827 3884
2586 2 2 3 3 3828 2113 2114
2587 2 2 3 3 3918 3828 2114
2588 2 2 3 3 3829 2115 2116
2589 2 2 3 3 3918 3829 2996
2590 2 2 3 3 3750 2117 2118
2591 2 2 3 3 3974 3766 1692
2592 2 2 3 3 4205 3974 4037
2593 2 2 3 3 3751 1694 1695
2594 2 2 3 3 4191 3751 3883
2595 2 2 3 3 4160 3766 3032
2596 2 2 3 3 3975 3033 3765
2597 2 2 3 3 3976 2120 3776
2598 2 2 3 3 3776 2120 2121
2599 2 2 3 3 3977 2122 3775
2600 2 2 3 3 4162 3977 3775
2601 2 2 3 3 4122 4060 4004
2602 2 2 3 3 3978 1686 3764
2603 2 2 3 3 3979 3764 1687
2604 2 2 3 3 3979 1687 1688
2605 2 2 3 3 4036 3034 3979
2606 2 2 3 3 3888 3822 3027
2607 2 2 3 3 3830 1707 1708
2608 2 2 3 3 3924 3831 2103
2609 2 2 3 3 4204 3831 3924
2610 2 2 3 3 3889 3830 3026
2611 2 2 3 3 3891 3832 1710
2612 2 2 3 3 3926 2100 2101
2613 2 2 3 3 4177 3925 3025
2614 2 2 3 3 4177 3832 3891
2615 2 2 3 3 4167 3892 3835
2616 2 2 3 3 3927 2098 2099
2617 2 2 3 3 3927 3834 2098
2618 2 2 3 3 3893 3835 1713
2619 2 2 3 3 4168 3893 3837
2620 2 2 3 3 3928 2096 2097
2621 2 2 3 3 3928 3022 3836
2622 2 2 3 3 4038 3837 1715
2623 2 2 3 3 4223 4038 3981
2624 2 2 3 3 4062 2094 2095
2625 2 2 3 3 4062 3021 3980
2626 2 2 3 3 4039 3981 1717
2627 2 2 3 3 4039 3983 3021
2628 2 2 3 3 4063 2092 2093
2629 2 2 3 3 4243 3982 4063
2630 2 2 3 3 4040 3983 1719
2631 2 2 3 3 3984 1720 1721
2632 2 2 3 3 4065 3985 2089
2633 2 2 3 3 4064 3982 3020
2634 2 2 3 3 4040 3984 3020
2635 2 2 3 3 4042 3019 4041
2636 2 2 3 3 4066 3986 2087
2637 2 2 3 3 3985 2088 2089
2638 2 2 3 3 3987 1723 1724
2639 2 2 3 3 4178 3988 3017
2640 2 2 3 3 4090 2085 4067
2641 2 2 3 3 3986 2086 2087
2642 2 2 3 3 3988 1725 1726
2643 2 2 3 3 4085 3017 3988
2644 2 2 3 3 4086 2084 45
2645 2 2 3 3 4090 45 2085
2646 2 2 3 3 4091 1727 4051
2647 2 2 3 3 4179 4051 3991
2648 2 2 3 3 4059 2082 2083
2649 2 2 3 3 4059 3990 2082
2650 2 2 3 3 4050 3991 1729
2651 2 2 3 3 4180 4050 3992
2652 2 2 3 3 4057 3994 2079
2653 2 2 3 3 4058 3014 4057
2654 2 2 3 3 4049 3992 1731
2655 2 2 3 3 4048 3995 3013
2656 2 2 3 3 4056 3993 2077
2657 2 2 3 3 3994 2078 2079
2658 2 2 3 3 3995 1733 1734
2659 2 2 3 3 4245 3995 4047
2660 2 2 3 3 4055 3996 2075
2661 2 2 3 3 3993 2076 2077
2662 2 2 3 3 3997 1735 1736
2663 2 2 3 3 4046 3012 3997
2664 2 2 3 3 4054 3838 2073
2665 2 2 3 3 3996 2074 2075
2666 2 2 3 3 3839 1737 1738
2667 2 2 3 3 4169 3841 3010
2668 2 2 3 3 3916 3840 2071
2669 2 2 3 3 3838 2072 2073
2670 2 2 3 3 3841 1739 1740
2671 2 2 3 3 3904 3010 3841
2672 2 2 3 3 4181 3843 3914
2673 2 2 3 3 3840 2070 2071
2674 2 2 3 3 3842 1741 1742
2675 2 2 3 3 4181 3902 3008
2676 2 2 3 3 3913 3845 2066
2677 2 2 3 3 3914 3843 2068
2678 2 2 3 3 3844 1744 1745
2679 2 2 3 3 4201 3844 3901
2680 2 2 3 3 3912 3847 2064
2681 2 2 3 3 3845 2065 2066
2682 2 2 3 3 3846 1746 1747
2683 2 2 3 3 4187 3846 3900
2684 2 2 3 3 3911 3849 2062
2685 2 2 3 3 3847 2063 2064
2686 2 2 3 3 3848 1748 1749
2687 2 2 3 3 4112 3848 3899
2688 2 2 3 3 3910 3851 2060
2689 2 2 3 3 3849 2061 2062
2690 2 2 3 3 3850 1750 1751
2691 2 2 3 3 4237 3850 3898
2692 2 2 3 3 4231 3859 3908
2693 2 2 3 3 3851 2059 2060
2694 2 2 3 3 3852 1752 1753
2695 2 2 3 3 3897 3004 3852
2696 2 2 3 3 4117 3854 3907
2697 2 2 3 3 4194 3752 3906
2698 2 2 3 3 4208 4003 4053
2699 2 2 3 3 4159 3773 3001
2700 2 2 3 3 4052 2999 4001
2701 2 2 3 3 4001 3771 2045
2702 2 2 3 3 3770 2889 3744
2703 2 2 3 3 4094 3293 3392
2704 2 2 3 3 3392 1909 3342
2705 2 2 3 3 3342 3253 2041
2706 2 2 3 3 3413 3253 1911
2707 2 2 3 3 3270 2038 2039
2708 2 2 3 3 3414 2038 3270
2709 2 2 3 3 3413 3270 2039
2710 2 2 3 3 3853 1755 1756
2711 2 2 3 3 4117 3853 3895
2712 2 2 3 3 4194 3858 3894
2713 2 2 3 3 4208 3755 4045
2714 2 2 3 3 4159 3769 3000
2715 2 2 3 3 4163 3768 2999
2716 2 2 3 3 3998 1767 3767
2717 2 2 3 3 3999 1769 3741
2718 2 2 3 3 4101 2997 4094
2719 2 2 3 3 3455 1905 3271
2720 2 2 3 3 3271 1906 2997
2721 2 2 3 3 2997 40 1907
2722 2 2 3 3 3355 1789 1790
2723 2 2 3 3 3102 3040 1886
2724 2 2 3 3 3371 1889 1890
2725 2 2 3 3 3371 3354 1889
2726 2 2 3 3 3287 3112 1892
2727 2 2 3 3 3275 1779 1780
2728 2 2 3 3 3273 3272 1899
2729 2 2 3 3 3273 1900 3082
2730 2 2 3 3 3038 1901 1902
2731 2 2 3 3 3245 35 1770
2732 2 2 3 3 3478 1903 3245
2733 2 2 3 3 3478 3245 1770
2734 2 2 3 3 1772 3038 1771
2735 2 2 3 3 3082 1772 1773
2736 2 2 3 3 3272 1774 1775
2737 2 2 3 3 3454 3272 1775
2738 2 2 3 3 3288 3274 1896
2739 2 2 3 3 3393 3275 1894
2740 2 2 3 3 3287 3275 1780
2741 2 2 3 3 3112 1782 3039
2742 2 2 3 3 3354 1784 1785
2743 2 2 3 3 3251 1785 1786
2744 2 2 3 3 3102 1787 3040
2745 2 2 3 3 3360 3355 1884
2746 2 2 3 3 4197 3370 1791
2747 2 2 3 3 4197 1881 1882
2748 2 2 3 3 3341 1793 1794
2749 2 2 3 3 3341 1880 3069
2750 2 2 3 3 3356 1878 3314
2751 2 2 3 3 1877 3041 1876
2752 2 2 3 3 1796 1797 3041
2753 2 2 3 3 3369 3357 1875
2754 2 2 3 3 3369 1798 3357
2755 2 2 3 3 4197 1792 3069
2756 2 2 3 3 3357 1798 1799
2757 2 2 3 3 3286 3094 1873
2758 2 2 3 3 3094 3042 1872
2759 2 2 3 3 3358 1870 3330
2760 2 2 3 3 3359 1804 1805
2761 2 2 3 3 3359 3358 1804
2762 2 2 3 3 3325 3043 1867
2763 2 2 3 3 1806 1807 3043
2764 2 2 3 3 3043 1866 1867
2765 2 2 3 3 3090 3043 1807
2766 2 2 3 3 1801 1802 3042
2767 2 2 3 3 3368 1808 1809
2768 2 2 3 3 3338 1811 3322
2769 2 2 3 3 3368 1864 1865
2770 2 2 3 3 3338 3337 1810
2771 2 2 3 3 4210 1861 3322
2772 2 2 3 3 4217 36 1813
2773 2 2 3 3 3107 2888 1815
2774 2 2 3 3 3700 3494 2886
2775 2 2 3 3 3494 2885 2886
2776 2 2 3 3 3702 2893 3495
2777 2 2 3 3 3702 2883 2884
2778 2 2 3 3 3703 3603 2881
2779 2 2 3 3 4238 3602 3704
2780 2 2 3 3 4109 3601 3735
2781 2 2 3 3 3705 2875 2876
2782 2 2 3 3 3706 2873 2874
2783 2 2 3 3 3708 2899 3599
2784 2 2 3 3 3709 2900 3598
2785 2 2 3 3 3710 2901 3597
2786 2 2 3 3 3711 2902 3596
2787 2 2 3 3 3712 3596 2902
2788 2 2 3 3 3595 2860 2861
2789 2 2 3 3 3594 2858 2859
2790 2 2 3 3 3593 2856 2857
2791 2 2 3 3 3592 2854 2855
2792 2 2 3 3 4137 3591 2907
2793 2 2 3 3 3496 2849 2850
2794 2 2 3 3 3497 2847 2848
2795 2 2 3 3 3483 66 2846
2796 2 2 3 3 3120 3117 1463
2797 2 2 3 3 3483 3077 66
2798 2 2 3 3 4249 3334 2845
2799 2 2 3 3 4196 3492 3605
2800 2 2 3 3 4119 3491 3606
2801 2 2 3 3 3607 3498 1825
2802 2 2 3 3 4238 3608 2895
2803 2 2 3 3 3608 3490 2895
2804 2 2 3 3 3609 3489 2896
2805 2 2 3 3 3729 3488 2897
2806 2 2 3 3 3612 3499 1836
2807 2 2 3 3 3613 3500 1838
2808 2 2 3 3 3614 3501 1840
2809 2 2 3 3 3615 3502 1842
2810 2 2 3 3 3616 3503 1844
2811 2 2 3 3 3504 1846 1847
2812 2 2 3 3 3505 1848 1849
2813 2 2 3 3 3506 1850 1851
2814 2 2 3 3 3507 1852 1853
2815 2 2 3 3 3622 3508 1855
2816 2 2 3 3 3509 1857 1858
2817 2 2 3 3 3510 1859 1860
2818 2 2 3 3 3078 39 3044
2819 2 2 3 3 3044 39 1861
2820 2 2 3 3 4210 3322 1812
2821 2 2 3 3 3359 1869 3358
2822 2 2 3 3 3330 1870 1871
2823 2 2 3 3 3341 3069 1793
2824 2 2 3 3 3360 1885 3040
2825 2 2 3 3 3251 1887 1888
2826 2 2 3 3 3393 1779 3275
2827 2 2 3 3 3288 1776 1777
2828 2 2 3 3 3414 1914 3292
2829 2 2 3 3 3416 2036 3292
2830 2 2 3 3 3291 2034 2035
2831 2 2 3 3 3460 3415 1919
2832 2 2 3 3 3276 2030 2031
2833 2 2 3 3 3045 1922 1923
2834 2 2 3 3 3479 2026 3252
2835 2 2 3 3 3289 2023 3046
2836 2 2 3 3 3459 2021 3421
2837 2 2 3 3 3070 1932 1933
2838 2 2 3 3 3227 2016 2017
2839 2 2 3 3 3397 3070 1933
2840 2 2 3 3 2018 2019 3070
2841 2 2 3 3 4128 3459 1931
2842 2 2 3 3 3416 1915 1916
2843 2 2 3 3 3246 1917 1918
2844 2 2 3 3 3479 1926 3099
2845 2 2 3 3 3099 3046 2024
2846 2 2 3 3 3046 1927 1928
2847 2 2 3 3 3458 2016 3227
2848 2 2 3 3 3458 3047 2015
2849 2 2 3 3 4211 3228 2013
2850 2 2 3 3 3417 2011 2012
2851 2 2 3 3 3457 2011 3417
2852 2 2 3 3 3457 3048 2010
2853 2 2 3 3 1942 3048 1941
2854 2 2 3 3 3403 1945 3074
2855 2 2 3 3 3074 3049 2005
2856 2 2 3 3 3087 2003 2004
2857 2 2 3 3 3418 2001 2002
2858 2 2 3 3 3419 1952 3219
2859 2 2 3 3 3129 1998 43
2860 2 2 3 3 3419 3219 1999
2861 2 2 3 3 4211 1937 1938
2862 2 2 3 3 3228 1938 1939
2863 2 2 3 3 3049 1947 3087
2864 2 2 3 3 3087 2004 3049
2865 2 2 3 3 3419 1999 2000
2866 2 2 3 3 4124 3486 1420
2867 2 2 3 3 4124 41 3486
2868 2 2 3 3 3486 41 1953
2869 2 2 3 3 3640 1422 1421
2870 2 2 3 3 3511 1423 1422
2871 2 2 3 3 3533 1425 1424
2872 2 2 3 3 3532 1428 1427
2873 2 2 3 3 3637 1429 1428
2874 2 2 3 3 3514 1430 3513
2875 2 2 3 3 3515 1963 1964
2876 2 2 3 3 3636 1433 1432
2877 2 2 3 3 3516 1434 1433
2878 2 2 3 3 3517 1436 1435
2879 2 2 3 3 3518 1438 1437
2880 2 2 3 3 3519 1439 1438
2881 2 2 3 3 3520 1972 1973
2882 2 2 3 3 3521 1442 1441
2883 2 2 3 3 3632 1442 3521
2884 2 2 3 3 3522 1445 1444
2885 2 2 3 3 3631 3523 1979
2886 2 2 3 3 3524 1980 1981
2887 2 2 3 3 3723 1981 1982
2888 2 2 3 3 3630 3525 1450
2889 2 2 3 3 3525 1451 1450
2890 2 2 3 3 3629 1453 3529
2891 2 2 3 3 3526 1455 1454
2892 2 2 3 3 3628 3527 1456
2893 2 2 3 3 3527 1989 1990
2894 2 2 3 3 3626 3528 1459
2895 2 2 3 3 3528 1460 1459
2896 2 2 3 3 4133 3736 1995
2897 2 2 3 3 3736 3625 1994
2898 2 2 3 3 3529 1453 1452
2899 2 2 3 3 3530 1444 1443
2900 2 2 3 3 3635 1435 1434
2901 2 2 3 3 3638 1427 1426
2902 2 2 3 3 3533 1957 3512
2903 2 2 3 3 3418 2002 3223
2904 2 2 3 3 1947 3049 1946
2905 2 2 3 3 3403 3074 2006
2906 2 2 3 3 3420 1944 3403
2907 2 2 3 3 3233 2009 3048
2908 2 2 3 3 3233 3048 1942
2909 2 2 3 3 4211 2014 3047
2910 2 2 3 3 3459 3421 1930
2911 2 2 3 3 3289 3046 1928
2912 2 2 3 3 3290 1924 3252
2913 2 2 3 3 3290 2028 3045
2914 2 2 3 3 3460 3276 2031
2915 2 2 3 3 3415 2033 3246
2916 2 2 3 3 3744 44 2042
2917 2 2 3 3 4000 2043 2044
2918 2 2 3 3 4001 2045 2046
2919 2 2 3 3 4002 2049 3773
2920 2 2 3 3 4003 3773 2050
2921 2 2 3 3 3752 2052 2053
2922 2 2 3 3 3854 2054 2055
2923 2 2 3 3 3917 3750 3031
2924 2 2 3 3 4004 2125 3774
2925 2 2 3 3 4224 3036 3763
2926 2 2 3 3 3763 1684 1685
2927 2 2 3 3 3763 3036 3745
2928 2 2 3 3 4005 2127 3742
2929 2 2 3 3 4098 4096 3036
2930 2 2 3 3 4096 33 3745
2931 2 2 3 3 4096 3299 3391
2932 2 2 3 3 3424 2147 2148
2933 2 2 3 3 3103 3051 2242
2934 2 2 3 3 3294 2245 2246
2935 2 2 3 3 3294 3277 2245
2936 2 2 3 3 3236 3115 2248
2937 2 2 3 3 3423 3394 2137
2938 2 2 3 3 3279 3278 2255
2939 2 2 3 3 3422 3279 2256
2940 2 2 3 3 4093 2257 2258
2941 2 2 3 3 3247 46 2128
2942 2 2 3 3 4219 4132 4098
2943 2 2 3 3 4093 3481 2129
2944 2 2 3 3 3278 2132 2133
2945 2 2 3 3 3463 3278 2133
2946 2 2 3 3 3295 3280 2252
2947 2 2 3 3 3423 2250 3394
2948 2 2 3 3 3236 2138 2139
2949 2 2 3 3 3115 2140 3050
2950 2 2 3 3 3277 2142 2143
2951 2 2 3 3 3399 3277 2143
2952 2 2 3 3 3103 2145 3051
2953 2 2 3 3 3431 3424 2240
2954 2 2 3 3 4199 3235 2149
2955 2 2 3 3 4199 2237 2238
2956 2 2 3 3 3241 2151 2152
2957 2 2 3 3 3241 2236 3071
2958 2 2 3 3 3425 2234 3398
2959 2 2 3 3 2233 3052 2232
2960 2 2 3 3 2154 2155 3052
2961 2 2 3 3 3426 2231 3234
2962 2 2 3 3 3234 2231 2232
2963 2 2 3 3 4199 2150 3071
2964 2 2 3 3 3426 2156 2157
2965 2 2 3 3 3462 3096 2229
2966 2 2 3 3 3096 3053 2228
2967 2 2 3 3 3427 2226 3405
2968 2 2 3 3 3427 2162 3229
2969 2 2 3 3 3428 2224 3229
2970 2 2 3 3 3428 3054 2223
2971 2 2 3 3 2164 2165 3054
2972 2 2 3 3 3054 2222 2223
2973 2 2 3 3 3085 3054 2165
2974 2 2 3 3 2159 2160 3053
2975 2 2 3 3 3461 2166 2167
2976 2 2 3 3 3430 3429 2168
2977 2 2 3 3 3461 2220 2221
2978 2 2 3 3 3430 2219 3429
2979 2 2 3 3 3221 2170 47
2980 2 2 3 3 3153 3121 1369
2981 2 2 3 3 3153 3127 3121
2982 2 2 3 3 3221 3127 49
2983 2 2 3 3 3224 2170 3221
2984 2 2 3 3 3151 2216 49
2985 2 2 3 3 3154 2216 3151
2986 2 2 3 3 3152 2213 2214
2987 2 2 3 3 3131 2210 2211
2988 2 2 3 3 3157 2207 2208
2989 2 2 3 3 3158 2209 2210
2990 2 2 3 3 3157 3140 2207
2991 2 2 3 3 3166 3132 2205
2992 2 2 3 3 3132 2204 2205
2993 2 2 3 3 3159 3141 1353
2994 2 2 3 3 3133 2198 2199
2995 2 2 3 3 3134 1352 1351
2996 2 2 3 3 3169 2198 3133
2997 2 2 3 3 3160 2196 3142
2998 2 2 3 3 3160 2195 2196
2999 2 2 3 3 3161 2193 2194
3000 2 2 3 3 3135 1342 1341
3001 2 2 3 3 3170 2192 3144
3002 2 2 3 3 3162 2189 2190
3003 2 2 3 3 3163 2187 2188
3004 2 2 3 3 3163 3146 2187
3005 2 2 3 3 3136 2184 2185
3006 2 2 3 3 3164 3148 2181
3007 2 2 3 3 3172 2183 2184
3008 2 2 3 3 3164 2181 2182
3009 2 2 3 3 3137 2178 2179
3010 2 2 3 3 3174 2178 3137
3011 2 2 3 3 3165 1326 3138
3012 2 2 3 3 3138 2174 2175
3013 2 2 3 3 3165 2176 3149
3014 2 2 3 3 3171 3136 2185
3015 2 2 3 3 3161 2194 3143
3016 2 2 3 3 3167 3141 2203
3017 2 2 3 3 3156 1363 1362
3018 2 2 3 3 3155 3152 2214
3019 2 2 3 3 3229 2162 2163
3020 2 2 3 3 3405 2226 2227
3021 2 2 3 3 3241 3071 2151
3022 2 2 3 3 3431 2241 3051
3023 2 2 3 3 3399 2243 2244
3024 2 2 3 3 3423 2137 2138
3025 2 2 3 3 3295 2134 2135
3026 2 2 3 3 3464 2260 2261
3027 2 2 3 3 3080 2994 1682
3028 2 2 3 3 2994 2268 3084
3029 2 2 3 3 3432 2270 3298
3030 2 2 3 3 3433 2271 2272
3031 2 2 3 3 3361 1673 3296
3032 2 2 3 3 3361 1672 1673
3033 2 2 3 3 2993 2278 2279
3034 2 2 3 3 3377 2280 3316
3035 2 2 3 3 3407 2282 3097
3036 2 2 3 3 2283 2284 2992
3037 2 2 3 3 3374 1658 3353
3038 2 2 3 3 4214 2293 2294
3039 2 2 3 3 3362 2294 2295
3040 2 2 3 3 3482 2987 3079
3041 2 2 3 3 3534 2310 2311
3042 2 2 3 3 3683 3535 2395
3043 2 2 3 3 4106 2986 3534
3044 2 2 3 3 3662 3534 2986
3045 2 2 3 3 3536 2312 2313
3046 2 2 3 3 3681 3537 2392
3047 2 2 3 3 4185 3681 3682
3048 2 2 3 3 3661 3536 2985
3049 2 2 3 3 4138 3539 2983
3050 2 2 3 3 3680 3538 2390
3051 2 2 3 3 3537 2391 2392
3052 2 2 3 3 3539 2315 2316
3053 2 2 3 3 4139 3658 3541
3054 2 2 3 3 3679 2388 2389
3055 2 2 3 3 3679 3540 2388
3056 2 2 3 3 3657 3541 2318
3057 2 2 3 3 4140 3657 3543
3058 2 2 3 3 3678 2386 2387
3059 2 2 3 3 3678 3542 2386
3060 2 2 3 3 3656 3543 2320
3061 2 2 3 3 4141 3656 3545
3062 2 2 3 3 3677 2384 2385
3063 2 2 3 3 3677 2980 3544
3064 2 2 3 3 3655 3545 2322
3065 2 2 3 3 4142 3655 3547
3066 2 2 3 3 3675 3546 2381
3067 2 2 3 3 3676 3675 2382
3068 2 2 3 3 3654 3547 2324
3069 2 2 3 3 3653 3549 2978
3070 2 2 3 3 3674 3548 2379
3071 2 2 3 3 3546 2380 2381
3072 2 2 3 3 3549 2326 2327
3073 2 2 3 3 3652 2978 3549
3074 2 2 3 3 3673 3550 2377
3075 2 2 3 3 3548 2378 2379
3076 2 2 3 3 3551 2328 2329
3077 2 2 3 3 3651 2977 3551
3078 2 2 3 3 3672 3552 2375
3079 2 2 3 3 3550 2376 2377
3080 2 2 3 3 3553 2330 2331
3081 2 2 3 3 3650 2976 3553
3082 2 2 3 3 3671 3554 2373
3083 2 2 3 3 3552 2374 2375
3084 2 2 3 3 3555 2332 2333
3085 2 2 3 3 3649 2975 3555
3086 2 2 3 3 3669 3557 2370
3087 2 2 3 3 3554 2372 2373
3088 2 2 3 3 3556 2334 2335
3089 2 2 3 3 3647 2336 2337
3090 2 2 3 3 3733 3558 2368
3091 2 2 3 3 3557 2369 2370
3092 2 2 3 3 3724 2337 2338
3093 2 2 3 3 3646 2338 2339
3094 2 2 3 3 3668 3560 2366
3095 2 2 3 3 3558 2367 2368
3096 2 2 3 3 3559 2339 2340
3097 2 2 3 3 4108 3559 3731
3098 2 2 3 3 4239 3667 2971
3099 2 2 3 3 3560 2365 2366
3100 2 2 3 3 3561 2341 2342
3101 2 2 3 3 4239 3561 3645
3102 2 2 3 3 3666 3562 2362
3103 2 2 3 3 3725 2364 3667
3104 2 2 3 3 3563 2343 2344
3105 2 2 3 3 3644 2970 3563
3106 2 2 3 3 4118 3565 3665
3107 2 2 3 3 3562 2361 2362
3108 2 2 3 3 3564 2345 2346
3109 2 2 3 3 3643 2969 3564
3110 2 2 3 3 4195 3567 3664
3111 2 2 3 3 3665 3565 2359
3112 2 2 3 3 3566 2348 2349
3113 2 2 3 3 3641 3566 2349
3114 2 2 3 3 3663 3567 2967
3115 2 2 3 3 3664 2357 2358
3116 2 2 3 3 3737 3641 2350
3117 2 2 3 3 3108 2351 2352
3118 2 2 3 3 3106 2354 2355
3119 2 2 3 3 3363 2406 3351
3120 2 2 3 3 3331 2407 2408
3121 2 2 3 3 3340 3067 1617
3122 2 2 3 3 3364 2422 2962
3123 2 2 3 3 3254 2424 2425
3124 2 2 3 3 3395 1603 3267
3125 2 2 3 3 3302 1600 1601
3126 2 2 3 3 3434 2451 3306
3127 2 2 3 3 3436 2573 3306
3128 2 2 3 3 3305 2571 2572
3129 2 2 3 3 3471 3435 2456
3130 2 2 3 3 3281 2567 2568
3131 2 2 3 3 3055 2459 2460
3132 2 2 3 3 3480 2563 3255
3133 2 2 3 3 3303 2560 3056
3134 2 2 3 3 3470 2558 3441
3135 2 2 3 3 3072 2469 2470
3136 2 2 3 3 3230 2553 2554
3137 2 2 3 3 3400 3072 2470
3138 2 2 3 3 2555 2556 3072
3139 2 2 3 3 4129 3470 2468
3140 2 2 3 3 3436 2452 2453
3141 2 2 3 3 3248 2454 2455
3142 2 2 3 3 3480 2463 3100
3143 2 2 3 3 3100 3056 2561
3144 2 2 3 3 3056 2464 2465
3145 2 2 3 3 3469 2553 3230
3146 2 2 3 3 3469 3057 2552
3147 2 2 3 3 4212 3231 2550
3148 2 2 3 3 3437 2548 2549
3149 2 2 3 3 3468 2548 3437
3150 2 2 3 3 3468 3058 2547
3151 2 2 3 3 2479 3058 2478
3152 2 2 3 3 3404 2482 3075
3153 2 2 3 3 3075 3059 2542
3154 2 2 3 3 3086 2540 2541
3155 2 2 3 3 3438 2538 2539
3156 2 2 3 3 3439 2489 3220
3157 2 2 3 3 3128 2535 58
3158 2 2 3 3 3439 3220 2536
3159 2 2 3 3 4212 2474 2475
3160 2 2 3 3 3231 2475 2476
3161 2 2 3 3 3059 2484 3086
3162 2 2 3 3 3086 2541 3059
3163 2 2 3 3 3439 2536 2537
3164 2 2 3 3 4125 3487 1189
3165 2 2 3 3 4125 56 3487
3166 2 2 3 3 3487 56 2490
3167 2 2 3 3 3699 1191 1190
3168 2 2 3 3 3568 1192 1191
3169 2 2 3 3 3590 1194 1193
3170 2 2 3 3 3589 1197 1196
3171 2 2 3 3 3696 1198 1197
3172 2 2 3 3 3571 1199 3570
3173 2 2 3 3 3572 2500 2501
3174 2 2 3 3 3695 1202 1201
3175 2 2 3 3 3573 1203 1202
3176 2 2 3 3 3574 1205 1204
3177 2 2 3 3 3575 1207 1206
3178 2 2 3 3 3576 1208 1207
3179 2 2 3 3 3577 2509 2510
3180 2 2 3 3 3578 1211 1210
3181 2 2 3 3 3691 1211 3578
3182 2 2 3 3 3579 1214 1213
3183 2 2 3 3 3690 3580 2516
3184 2 2 3 3 3581 2517 2518
3185 2 2 3 3 3726 2518 2519
3186 2 2 3 3 3689 3582 1219
3187 2 2 3 3 3582 1220 1219
3188 2 2 3 3 3688 1222 3586
3189 2 2 3 3 3583 1224 1223
3190 2 2 3 3 3687 3584 1225
3191 2 2 3 3 3584 2526 2527
3192 2 2 3 3 3685 3585 1228
3193 2 2 3 3 3585 1229 1228
3194 2 2 3 3 4134 3738 2532
3195 2 2 3 3 3738 3684 2531
3196 2 2 3 3 3586 1222 1221
3197 2 2 3 3 3587 1213 1212
3198 2 2 3 3 3694 1204 1203
3199 2 2 3 3 3697 1196 1195
3200 2 2 3 3 3590 2494 3569
3201 2 2 3 3 3438 2539 3225
3202 2 2 3 3 2484 3059 2483
3203 2 2 3 3 3404 3075 2543
3204 2 2 3 3 3440 2481 3404
3205 2 2 3 3 3237 2546 3058
3206 2 2 3 3 3237 3058 2479
3207 2 2 3 3 4212 2551 3057
3208 2 2 3 3 3470 3441 2467
3209 2 2 3 3 3303 3056 2465
3210 2 2 3 3 3304 2461 3255
3211 2 2 3 3 3304 2565 3055
3212 2 2 3 3 3471 3281 2568
3213 2 2 3 3 3435 2570 3248
3214 2 2 3 3 3746 59 2579
3215 2 2 3 3 4006 2580 2581
3216 2 2 3 3 4007 2582 2583
3217 2 2 3 3 4008 2586 3780
3218 2 2 3 3 4009 3780 2587
3219 2 2 3 3 3753 2589 2590
3220 2 2 3 3 3855 2591 2592
3221 2 2 3 3 3940 3748 2955
3222 2 2 3 3 4010 2657 3783
3223 2 2 3 3 4157 3759 2956
3224 2 2 3 3 4011 2957 3758
3225 2 2 3 3 4157 4010 3783
3226 2 2 3 3 4012 2659 3782
3227 2 2 3 3 4020 1512 1513
3228 2 2 3 3 4020 4013 1512
3229 2 2 3 3 4161 4012 3782
3230 2 2 3 3 4123 4076 4015
3231 2 2 3 3 4014 1510 3757
3232 2 2 3 3 4013 3757 1511
3233 2 2 3 3 4015 2662 3781
3234 2 2 3 3 4225 2890 3756
3235 2 2 3 3 3756 1508 1509
3236 2 2 3 3 3756 2890 3747
3237 2 2 3 3 3083 2667 2668
3238 2 2 3 3 3282 3261 2669
3239 2 2 3 3 3282 2792 3261
3240 2 2 3 3 3450 3396 2674
3241 2 2 3 3 3240 2675 2676
3242 2 2 3 3 3116 2677 3061
3243 2 2 3 3 3308 2782 2783
3244 2 2 3 3 3402 2780 2781
3245 2 2 3 3 3442 2684 2685
3246 2 2 3 3 3449 3442 2777
3247 2 2 3 3 4200 3239 2686
3248 2 2 3 3 4200 2774 2775
3249 2 2 3 3 4200 2687 3073
3250 2 2 3 3 3242 2688 2689
3251 2 2 3 3 3242 3073 2688
3252 2 2 3 3 3474 3282 2670
3253 2 2 3 3 3309 3284 2789
3254 2 2 3 3 3402 3283 2680
3255 2 2 3 3 3104 3062 2779
3256 2 2 3 3 3104 2682 3062
3257 2 2 3 3 3242 2773 3073
3258 2 2 3 3 3443 2771 3401
3259 2 2 3 3 2770 3063 2769
3260 2 2 3 3 3444 2768 3238
3261 2 2 3 3 3473 2694 2695
3262 2 2 3 3 3473 3095 2766
3263 2 2 3 3 3095 3064 2765
3264 2 2 3 3 2696 2697 3064
3265 2 2 3 3 3445 2763 3406
3266 2 2 3 3 3406 2763 2764
3267 2 2 3 3 2691 2692 3063
3268 2 2 3 3 3445 2699 3232
3269 2 2 3 3 3446 2761 3232
3270 2 2 3 3 3232 2761 2762
3271 2 2 3 3 3446 3065 2760
3272 2 2 3 3 3065 2759 2760
3273 2 2 3 3 3472 2703 2704
3274 2 2 3 3 3447 2705 2706
3275 2 2 3 3 3447 3226 2755
3276 2 2 3 3 3222 2707 62
3277 2 2 3 3 3222 3130 64
3278 2 2 3 3 3226 2707 3222
3279 2 2 3 3 3199 3124 1323
3280 2 2 3 3 3194 2753 64
3281 2 2 3 3 3199 3130 3124
3282 2 2 3 3 3196 2753 3194
3283 2 2 3 3 3197 3195 2751
3284 2 2 3 3 3195 2750 2751
3285 2 2 3 3 3175 2747 2748
3286 2 2 3 3 3201 2744 2745
3287 2 2 3 3 3202 2746 2747
3288 2 2 3 3 3201 3185 2744
3289 2 2 3 3 3209 3176 2742
3290 2 2 3 3 3176 2741 2742
3291 2 2 3 3 3203 3186 1307
3292 2 2 3 3 3177 2735 2736
3293 2 2 3 3 3178 1306 1305
3294 2 2 3 3 3212 2735 3177
3295 2 2 3 3 3179 2733 2734
3296 2 2 3 3 3213 2733 3179
3297 2 2 3 3 3204 2730 2731
3298 2 2 3 3 3180 1296 1295
3299 2 2 3 3 3214 2729 3188
3300 2 2 3 3 3205 2726 2727
3301 2 2 3 3 3206 2724 2725
3302 2 2 3 3 3206 3190 2724
3303 2 2 3 3 3181 2721 2722
3304 2 2 3 3 3207 3192 2718
3305 2 2 3 3 3216 2720 2721
3306 2 2 3 3 3207 2718 2719
3307 2 2 3 3 3182 2715 2716
3308 2 2 3 3 3218 2715 3182
3309 2 2 3 3 3208 1280 3183
3310 2 2 3 3 3183 2711 2712
3311 2 2 3 3 3208 2713 3193
3312 2 2 3 3 3215 3181 2722
3313 2 2 3 3 3204 2731 3187
3314 2 2 3 3 3210 3186 2740
3315 2 2 3 3 3198 1317 1316
3316 2 2 3 3 3472 2757 2758
3317 2 2 3 3 3088 3065 2702
3318 2 2 3 3 3238 2768 2769
3319 2 2 3 3 3449 2778 3062
3320 2 2 3 3 3283 2679 2680
3321 2 2 3 3 3308 3283 2782
3322 2 2 3 3 3240 3116 2785
3323 2 2 3 3 3450 2787 3396
3324 2 2 3 3 3450 2674 2675
3325 2 2 3 3 3309 2672 3284
3326 2 2 3 3 3475 2798 3285
3327 2 2 3 3 3285 2799 2960
3328 2 2 3 3 3451 3260 1505
3329 2 2 3 3 3452 1502 3312
3330 2 2 3 3 3452 1501 1502
3331 2 2 3 3 3453 2812 3310
3332 2 2 3 3 3365 2813 2814
3333 2 2 3 3 2815 2816 2917
3334 2 2 3 3 3408 1492 3319
3335 2 2 3 3 3408 2819 3098
3336 2 2 3 3 2916 2820 2821
3337 2 2 3 3 3387 1489 2916
3338 2 2 3 3 3386 1487 3259
3339 2 2 3 3 2825 2826 3066
3340 2 2 3 3 3366 2831 2832
3341 2 2 3 3 3384 1476 1477
3342 2 2 3 3 2835 2914 2834
3343 2 2 3 3 3367 2837 3328
3344 2 2 3 3 3483 2911 3077
3345 2 2 3 3 3721 3497 2910
3346 2 2 3 3 3720 3496 2909
3347 2 2 3 3 3591 2852 2853
3348 2 2 3 3 3716 3592 2855
3349 2 2 3 3 3715 3593 2857
3350 2 2 3 3 3714 3594 2859
3351 2 2 3 3 3713 3595 2861
3352 2 2 3 3 3596 2863 2864
3353 2 2 3 3 3597 2865 2866
3354 2 2 3 3 3598 2867 2868
3355 2 2 3 3 3599 2869 2870
3356 2 2 3 3 3600 2871 2872
3357 2 2 3 3 3727 2874 2875
3358 2 2 3 3 3601 2876 2877
3359 2 2 3 3 3602 2878 2879
3360 2 2 3 3 3603 2880 2881
3361 2 2 3 3 4101 3741 35
3362 2 2 3 3 3739 3700 2887
3363 2 2 3 3 3334 1465 1466
3364 2 2 3 3 4249 1465 3334
3365 2 2 3 3 2913 2840 3091
3366 2 2 3 3 3098 2916 1490
3367 2 2 3 3 3250 2810 2811
3368 2 2 3 3 3311 2810 3250
3369 2 2 3 3 4100 3740 29
3370 2 2 3 3 4226 2919 3777
3371 2 2 3 3 4120 3972 2920
3372 2 2 3 3 4016 1588 3761
3373 2 2 3 3 4017 1586 3762
3374 2 2 3 3 3754 1583 1584
3375 2 2 3 3 3856 1581 1582
3376 2 2 3 3 3931 3857 2594
3377 2 2 3 3 4233 3942 2953
3378 2 2 3 3 3111 1605 1606
3379 2 2 3 3 3482 3079 51
3380 2 2 3 3 3122 3118 1639
3381 2 2 3 3 3119 1637 1638
3382 2 2 3 3 4218 30 1637
3383 2 2 3 3 3339 3332 2307
3384 2 2 3 3 2298 2990 2297
3385 2 2 3 3 3110 2993 1671
3386 2 2 3 3 3084 1680 1681
3387 2 2 3 3 3084 2268 2269
3388 2 2 3 3 4227 2889 3770
3389 2 2 3 3 4121 3998 2998
3390 2 2 3 3 4018 1764 3768
3391 2 2 3 3 4019 1762 3769
3392 2 2 3 3 3755 1759 1760
3393 2 2 3 3 3858 1757 1758
3394 2 2 3 3 3908 3859 2057
3395 2 2 3 3 4232 3919 3030
3396 2 2 3 3 3112 1891 1892
3397 2 2 3 3 3293 2997 1907
3398 2 2 3 3 3113 1922 3045
3399 2 2 3 3 3481 3247 2128
3400 2 2 3 3 4093 2129 2130
3401 2 2 3 3 3115 2139 2140
3402 2 2 3 3 3114 3055 2566
3403 2 2 3 3 3307 2918 2444
3404 2 2 3 3 3116 2784 2785
3405 2 2 3 3 3065 2701 2702
3406 2 2 3 3 4250 26 4249
3407 2 2 3 3 4250 3120 1464
3408 2 2 3 3 3382 2842 2843
3409 2 2 3 3 3320 1469 3091
3410 2 2 3 3 1470 1471 2913
3411 2 2 3 3 3328 2838 3327
3412 2 2 3 3 3367 3328 1473
3413 2 2 3 3 1475 1476 2914
3414 2 2 3 3 3366 3258 1478
3415 2 2 3 3 3366 1478 1479
3416 2 2 3 3 1480 1481 2915
3417 2 2 3 3 3346 1483 3318
3418 2 2 3 3 3318 1484 3066
3419 2 2 3 3 4131 1485 1486
3420 2 2 3 3 3387 3259 1488
3421 2 2 3 3 1489 1490 2916
3422 2 2 3 3 3098 1490 1491
3423 2 2 3 3 3388 3319 1493
3424 2 2 3 3 1494 1495 2917
3425 2 2 3 3 3109 1495 1496
3426 2 2 3 3 3453 3310 1498
3427 2 2 3 3 3250 1499 1500
3428 2 2 3 3 3409 3312 1503
3429 2 2 3 3 3451 1506 3257
3430 2 2 3 3 4099 3389 27
3431 2 2 3 3 3756 3747 1508
3432 2 2 3 3 3757 1510 1511
3433 2 2 3 3 4020 1513 3758
3434 2 2 3 3 3758 1513 1514
3435 2 2 3 3 3759 1515 1516
3436 2 2 3 3 4021 1518 3749
3437 2 2 3 3 3860 1520 3792
3438 2 2 3 3 3861 1522 3791
3439 2 2 3 3 3863 3862 1524
3440 2 2 3 3 3863 1524 1525
3441 2 2 3 3 3864 1526 1527
3442 2 2 3 3 3865 1528 1529
3443 2 2 3 3 3866 1530 1531
3444 2 2 3 3 3867 1533 3797
3445 2 2 3 3 3869 3868 1535
3446 2 2 3 3 3869 1535 1536
3447 2 2 3 3 3870 1537 1538
3448 2 2 3 3 4022 1539 1540
3449 2 2 3 3 4023 1541 1542
3450 2 2 3 3 4024 1543 1544
3451 2 2 3 3 4025 1545 1546
3452 2 2 3 3 4026 4025 1546
3453 2 2 3 3 4027 1549 3962
3454 2 2 3 3 4084 3962 1550
3455 2 2 3 3 3740 1593 29
3456 2 2 3 3 3760 1591 1592
3457 2 2 3 3 4028 1589 1590
3458 2 2 3 3 4028 3761 1589
3459 2 2 3 3 4016 3762 1587
3460 2 2 3 3 4029 1585 4017
3461 2 2 3 3 3871 1582 1583
3462 2 2 3 3 3872 1580 1581
3463 2 2 3 3 3873 1578 1579
3464 2 2 3 3 3874 1578 3873
3465 2 2 3 3 3875 1576 3817
3466 2 2 3 3 3876 1574 3815
3467 2 2 3 3 3877 1572 3813
3468 2 2 3 3 3878 1570 3811
3469 2 2 3 3 3879 1568 3809
3470 2 2 3 3 3880 1567 3879
3471 2 2 3 3 4170 3807 2932
3472 2 2 3 3 4171 3806 2933
3473 2 2 3 3 4030 3971 1560
3474 2 2 3 3 4031 3971 2935
3475 2 2 3 3 4032 1557 3969
3476 2 2 3 3 4033 1555 1556
3477 2 2 3 3 4034 1553 1554
3478 2 2 3 3 4035 1551 1552
3479 2 2 3 3 4209 1636 30
3480 2 2 3 3 3336 1634 1635
3481 2 2 3 3 3378 3089 1632
3482 2 2 3 3 3324 1630 2965
3483 2 2 3 3 3363 1629 3324
3484 2 2 3 3 3331 1626 1627
3485 2 2 3 3 3093 1624 1625
3486 2 2 3 3 3300 1623 1624
3487 2 2 3 3 1621 1622 3379
3488 2 2 3 3 3349 2963 2414
3489 2 2 3 3 3317 1618 1619
3490 2 2 3 3 1616 1617 3067
3491 2 2 3 3 3380 2419 2420
3492 2 2 3 3 3364 1612 1613
3493 2 2 3 3 1611 1612 2962
3494 2 2 3 3 3381 1607 1608
3495 2 2 3 3 1606 1607 2961
3496 2 2 3 3 3395 3266 1602
3497 2 2 3 3 3266 1601 1602
3498 2 2 3 3 3265 1597 1598
3499 2 2 3 3 3411 1596 1597
3500 2 2 3 3 3119 2987 3076
3501 2 2 3 3 4251 32 4248
3502 2 2 3 3 4251 3122 1640
3503 2 2 3 3 3372 2305 2306
3504 2 2 3 3 3321 1645 3092
3505 2 2 3 3 1646 1647 2989
3506 2 2 3 3 3329 2301 3326
3507 2 2 3 3 3352 1650 3081
3508 2 2 3 3 1651 1652 2990
3509 2 2 3 3 3362 3268 1654
3510 2 2 3 3 3362 1654 1655
3511 2 2 3 3 1656 1657 2991
3512 2 2 3 3 3353 1659 3315
3513 2 2 3 3 3315 1660 3068
3514 2 2 3 3 4130 1661 1662
3515 2 2 3 3 3376 3269 1664
3516 2 2 3 3 1665 1666 2992
3517 2 2 3 3 3097 1666 1667
3518 2 2 3 3 3377 3316 1669
3519 2 2 3 3 1670 1671 2993
3520 2 2 3 3 3110 1671 1672
3521 2 2 3 3 3412 3296 1674
3522 2 2 3 3 3244 1675 1676
3523 2 2 3 3 3432 3298 1679
3524 2 2 3 3 3432 3084 2269
3525 2 2 3 3 1681 1682 2994
3526 2 2 3 3 4096 3391 33
3527 2 2 3 3 3763 3745 1684
3528 2 2 3 3 3764 1686 1687
3529 2 2 3 3 4036 3979 1688
3530 2 2 3 3 3765 1689 1690
3531 2 2 3 3 3766 1691 1692
3532 2 2 3 3 4037 1694 3751
3533 2 2 3 3 3883 1696 3827
3534 2 2 3 3 3884 1698 3826
3535 2 2 3 3 3886 3885 1700
3536 2 2 3 3 3886 1700 1701
3537 2 2 3 3 3887 1702 1703
3538 2 2 3 3 3888 1704 1705
3539 2 2 3 3 3889 1706 1707
3540 2 2 3 3 3890 1709 3832
3541 2 2 3 3 3892 3891 1711
3542 2 2 3 3 3892 1711 1712
3543 2 2 3 3 3893 1713 1714
3544 2 2 3 3 4038 1715 1716
3545 2 2 3 3 4039 1717 1718
3546 2 2 3 3 4040 1719 1720
3547 2 2 3 3 4041 1721 1722
3548 2 2 3 3 4042 4041 1722
3549 2 2 3 3 4043 1725 3988
3550 2 2 3 3 4085 3988 1726
3551 2 2 3 3 3741 1769 35
3552 2 2 3 3 3767 1767 1768
3553 2 2 3 3 4044 1765 1766
3554 2 2 3 3 4044 3768 1765
3555 2 2 3 3 4018 3769 1763
3556 2 2 3 3 4045 1761 4019
3557 2 2 3 3 3894 1758 1759
3558 2 2 3 3 3895 1756 1757
3559 2 2 3 3 3896 1754 1755
3560 2 2 3 3 4231 3896 3003
3561 2 2 3 3 3898 1752 3852
3562 2 2 3 3 3899 1750 3850
3563 2 2 3 3 3900 1748 3848
3564 2 2 3 3 3901 1746 3846
3565 2 2 3 3 3902 1744 3844
3566 2 2 3 3 3903 1743 3902
3567 2 2 3 3 4172 3842 3009
3568 2 2 3 3 3905 1739 3841
3569 2 2 3 3 4046 3997 1736
3570 2 2 3 3 4047 1735 3997
3571 2 2 3 3 4048 1733 3995
3572 2 2 3 3 4049 1731 1732
3573 2 2 3 3 4050 1729 1730
3574 2 2 3 3 4051 1727 1728
3575 2 2 3 3 4210 1812 36
3576 2 2 3 3 3338 1810 1811
3577 2 2 3 3 3368 3090 1808
3578 2 2 3 3 3325 1806 3043
3579 2 2 3 3 3359 1805 3325
3580 2 2 3 3 3330 1802 1803
3581 2 2 3 3 3094 1800 1801
3582 2 2 3 3 3286 1799 1800
3583 2 2 3 3 1797 1798 3369
3584 2 2 3 3 3356 3041 1877
3585 2 2 3 3 3314 1794 1795
3586 2 2 3 3 1792 1793 3069
3587 2 2 3 3 3370 1882 1883
3588 2 2 3 3 3360 1788 1789
3589 2 2 3 3 1787 1788 3040
3590 2 2 3 3 3371 1783 1784
3591 2 2 3 3 1782 1783 3039
3592 2 2 3 3 3393 3274 1778
3593 2 2 3 3 3274 1777 1778
3594 2 2 3 3 3273 1773 1774
3595 2 2 3 3 3273 3082 1773
3596 2 2 3 3 3478 1771 3038
3597 2 2 3 3 3117 1814 25
3598 2 2 3 3 3107 1816 3105
3599 2 2 3 3 1817 38 1818
3600 2 2 3 3 3604 1819 3492
3601 2 2 3 3 3605 1821 3491
3602 2 2 3 3 3728 3606 1823
3603 2 2 3 3 3728 1823 1824
3604 2 2 3 3 3607 1825 1826
3605 2 2 3 3 3608 1827 1828
3606 2 2 3 3 3609 1829 1830
3607 2 2 3 3 3729 1831 1832
3608 2 2 3 3 3610 1833 1834
3609 2 2 3 3 3611 3610 1834
3610 2 2 3 3 3612 1836 1837
3611 2 2 3 3 3613 1838 1839
3612 2 2 3 3 3614 1840 1841
3613 2 2 3 3 3615 1842 1843
3614 2 2 3 3 3616 1844 1845
3615 2 2 3 3 3617 1846 3504
3616 2 2 3 3 4143 3505 2905
3617 2 2 3 3 3619 1850 3506
3618 2 2 3 3 3620 1852 3507
3619 2 2 3 3 3621 1853 1854
3620 2 2 3 3 3622 1855 1856
3621 2 2 3 3 3623 1857 3509
3622 2 2 3 3 3624 1859 3510
3623 2 2 3 3 3484 39 3078
3624 2 2 3 3 3322 1861 1862
3625 2 2 3 3 3368 3337 1864
3626 2 2 3 3 3090 1866 3043
3627 2 2 3 3 3330 1871 3042
3628 2 2 3 3 1871 1872 3042
3629 2 2 3 3 3286 1873 1874
3630 2 2 3 3 3369 1876 3041
3631 2 2 3 3 3356 3314 1795
3632 2 2 3 3 3314 1878 1879
3633 2 2 3 3 1880 1881 3069
3634 2 2 3 3 3370 1883 3355
3635 2 2 3 3 3360 3040 1788
3636 2 2 3 3 1885 1886 3040
3637 2 2 3 3 3251 3102 1887
3638 2 2 3 3 3371 1890 3039
3639 2 2 3 3 1890 1891 3039
3640 2 2 3 3 3287 1892 1893
3641 2 2 3 3 3454 3288 1897
3642 2 2 3 3 3454 1897 1898
3643 2 2 3 3 3082 1901 3038
3644 2 2 3 3 4101 3455 3271
3645 2 2 3 3 1906 40 2997
3646 2 2 3 3 3219 41 3129
3647 2 2 3 3 3456 1951 3419
3648 2 2 3 3 3456 2001 3418
3649 2 2 3 3 3074 1946 3049
3650 2 2 3 3 3233 1942 1943
3651 2 2 3 3 3457 1940 1941
3652 2 2 3 3 1936 1937 3047
3653 2 2 3 3 3458 1935 1936
3654 2 2 3 3 3397 1933 1934
3655 2 2 3 3 4128 1932 3070
3656 2 2 3 3 3459 1930 1931
3657 2 2 3 3 3289 1928 1929
3658 2 2 3 3 3099 1926 1927
3659 2 2 3 3 3252 2026 2027
3660 2 2 3 3 3290 1923 1924
3661 2 2 3 3 3113 1921 1922
3662 2 2 3 3 3460 2031 2032
3663 2 2 3 3 3291 1916 1917
3664 2 2 3 3 3292 2036 2037
3665 2 2 3 3 3253 1910 1911
3666 2 2 3 3 3342 2041 44
3667 2 2 3 3 3293 1907 1908
3668 2 2 3 3 4133 42 1996
3669 2 2 3 3 3625 3528 1993
3670 2 2 3 3 3626 1459 1458
3671 2 2 3 3 3627 1458 1457
3672 2 2 3 3 3628 1456 1455
3673 2 2 3 3 3629 1986 1987
3674 2 2 3 3 3730 1452 1451
3675 2 2 3 3 3630 1450 1449
3676 2 2 3 3 3723 1448 3524
3677 2 2 3 3 3631 1447 1446
3678 2 2 3 3 3523 1445 3522
3679 2 2 3 3 3632 1975 1976
3680 2 2 3 3 3633 1441 1440
3681 2 2 3 3 3520 1439 3519
3682 2 2 3 3 3634 1969 1970
3683 2 2 3 3 3517 1437 1436
3684 2 2 3 3 3635 1966 1967
3685 2 2 3 3 3636 1432 3515
3686 2 2 3 3 3514 1431 1430
3687 2 2 3 3 3637 1960 1961
3688 2 2 3 3 3638 1958 1959
3689 2 2 3 3 3512 1426 1425
3690 2 2 3 3 3639 1955 1956
3691 2 2 3 3 3640 1421 3486
3692 2 2 3 3 4133 24 1462
3693 2 2 3 3 1418 23 1997
3694 2 2 3 3 3123 1418 1997
3695 2 2 3 3 3486 1421 1420
3696 2 2 3 3 3640 3511 1422
3697 2 2 3 3 3639 3533 1424
3698 2 2 3 3 3533 3512 1425
3699 2 2 3 3 3638 3532 1427
3700 2 2 3 3 3637 3513 1429
3701 2 2 3 3 3513 1430 1429
3702 2 2 3 3 3515 1432 1431
3703 2 2 3 3 3636 3516 1433
3704 2 2 3 3 3635 3531 1435
3705 2 2 3 3 3531 3517 1435
3706 2 2 3 3 3634 3518 1437
3707 2 2 3 3 3519 1438 3518
3708 2 2 3 3 3633 1440 3520
3709 2 2 3 3 3633 3521 1441
3710 2 2 3 3 3632 3530 1443
3711 2 2 3 3 3530 3522 1444
3712 2 2 3 3 3631 1446 3523
3713 2 2 3 3 3631 3524 1447
3714 2 2 3 3 3723 3630 1449
3715 2 2 3 3 3730 1451 3525
3716 2 2 3 3 3730 3529 1452
3717 2 2 3 3 3629 3526 1454
3718 2 2 3 3 3628 1455 3526
3719 2 2 3 3 3627 1457 3527
3720 2 2 3 3 3627 3626 1458
3721 2 2 3 3 3625 1461 1460
3722 2 2 3 3 3736 1462 1461
3723 2 2 3 3 3123 1997 1998
3724 2 2 3 3 3418 3223 1949
3725 2 2 3 3 3223 2003 3087
3726 2 2 3 3 2004 2005 3049
3727 2 2 3 3 3420 2007 2008
3728 2 2 3 3 3420 2008 3233
3729 2 2 3 3 2009 2010 3048
3730 2 2 3 3 3417 2012 3228
3731 2 2 3 3 3228 2012 2013
3732 2 2 3 3 2014 2015 3047
3733 2 2 3 3 3397 3227 2017
3734 2 2 3 3 3397 2017 2018
3735 2 2 3 3 4128 2019 2020
3736 2 2 3 3 3421 2022 3289
3737 2 2 3 3 2023 2024 3046
3738 2 2 3 3 3099 2024 2025
3739 2 2 3 3 3290 3252 2027
3740 2 2 3 3 2028 2029 3045
3741 2 2 3 3 3113 2029 2030
3742 2 2 3 3 3460 2032 3415
3743 2 2 3 3 3246 2033 2034
3744 2 2 3 3 3414 3292 2037
3745 2 2 3 3 3413 1912 3270
3746 2 2 3 3 3392 3342 44
3747 2 2 3 3 3770 3744 2042
3748 2 2 3 3 3771 2044 2045
3749 2 2 3 3 4052 4001 2046
3750 2 2 3 3 3772 2047 2048
3751 2 2 3 3 3773 2049 2050
3752 2 2 3 3 4053 2052 3752
3753 2 2 3 3 3906 2054 3854
3754 2 2 3 3 3907 2056 3859
3755 2 2 3 3 3909 3908 2058
3756 2 2 3 3 3909 2058 2059
3757 2 2 3 3 3910 2060 2061
3758 2 2 3 3 3911 2062 2063
3759 2 2 3 3 3912 2064 2065
3760 2 2 3 3 3913 2067 3843
3761 2 2 3 3 3915 3914 2069
3762 2 2 3 3 3915 2069 2070
3763 2 2 3 3 3916 2071 2072
3764 2 2 3 3 4054 2073 2074
3765 2 2 3 3 4055 2075 2076
3766 2 2 3 3 4056 2077 2078
3767 2 2 3 3 4057 2079 2080
3768 2 2 3 3 4058 4057 2080
3769 2 2 3 3 4059 2083 3989
3770 2 2 3 3 4086 3989 2084
3771 2 2 3 3 3742 2127 46
3772 2 2 3 3 3774 2125 2126
3773 2 2 3 3 4060 2123 2124
3774 2 2 3 3 4060 3775 2123
3775 2 2 3 3 3977 3776 2121
3776 2 2 3 3 4061 2119 3976
3777 2 2 3 3 3917 2116 2117
3778 2 2 3 3 3918 2114 2115
3779 2 2 3 3 3919 2112 2113
3780 2 2 3 3 3920 2112 3919
3781 2 2 3 3 3921 2110 3819
3782 2 2 3 3 3922 2108 3825
3783 2 2 3 3 3923 2106 3824
3784 2 2 3 3 3924 2104 3823
3785 2 2 3 3 3925 2102 3831
3786 2 2 3 3 3926 2101 3925
3787 2 2 3 3 3927 2099 3833
3788 2 2 3 3 3928 3836 2096
3789 2 2 3 3 4062 3980 2094
3790 2 2 3 3 4063 3982 2092
3791 2 2 3 3 4064 2091 3982
3792 2 2 3 3 4065 2089 2090
3793 2 2 3 3 4066 2087 2088
3794 2 2 3 3 4067 2085 2086
3795 2 2 3 3 3430 2168 2169
3796 2 2 3 3 3461 3085 2166
3797 2 2 3 3 3428 2164 3054
3798 2 2 3 3 3428 3229 2163
3799 2 2 3 3 3405 2160 2161
3800 2 2 3 3 3096 2158 2159
3801 2 2 3 3 3462 3426 2157
3802 2 2 3 3 2155 2156 3234
3803 2 2 3 3 3425 3052 2233
3804 2 2 3 3 3398 3241 2152
3805 2 2 3 3 2150 2151 3071
3806 2 2 3 3 3235 2238 2239
3807 2 2 3 3 3431 2146 2147
3808 2 2 3 3 2145 2146 3051
3809 2 2 3 3 3294 2141 2142
3810 2 2 3 3 2140 2141 3050
3811 2 2 3 3 3394 3280 2136
3812 2 2 3 3 3280 2135 2136
3813 2 2 3 3 3279 2131 2132
3814 2 2 3 3 3422 2130 2131
3815 2 2 3 3 3121 2172 1370
3816 2 2 3 3 2172 22 1370
3817 2 2 3 3 3121 1370 1369
3818 2 2 3 3 3153 1369 1368
3819 2 2 3 3 3154 1367 1366
3820 2 2 3 3 3155 3154 1366
3821 2 2 3 3 3150 1364 1363
3822 2 2 3 3 3156 3131 2211
3823 2 2 3 3 3158 3139 2209
3824 2 2 3 3 3139 1360 1359
3825 2 2 3 3 3140 1358 1357
3826 2 2 3 3 3166 2205 2206
3827 2 2 3 3 3167 3132 1355
3828 2 2 3 3 3141 1354 1353
3829 2 2 3 3 3168 2200 3134
3830 2 2 3 3 3168 1351 1350
3831 2 2 3 3 3169 1349 1348
3832 2 2 3 3 3142 2196 2197
3833 2 2 3 3 3143 2194 2195
3834 2 2 3 3 3144 1344 1343
3835 2 2 3 3 3170 1343 1342
3836 2 2 3 3 3162 3145 2189
3837 2 2 3 3 3145 1340 1339
3838 2 2 3 3 3146 1338 1337
3839 2 2 3 3 3171 2185 2186
3840 2 2 3 3 3172 1334 3147
3841 2 2 3 3 3147 1334 1333
3842 2 2 3 3 3148 1332 1331
3843 2 2 3 3 3173 1330 3137
3844 2 2 3 3 3174 1328 3149
3845 2 2 3 3 3149 2176 2177
3846 2 2 3 3 4126 3138 1325
3847 2 2 3 3 4126 21 2173
3848 2 2 3 3 4126 48 2174
3849 2 2 3 3 3165 3149 1327
3850 2 2 3 3 3174 3149 2177
3851 2 2 3 3 3173 2180 3148
3852 2 2 3 3 3173 3148 1331
3853 2 2 3 3 3164 2182 3147
3854 2 2 3 3 3172 3147 2183
3855 2 2 3 3 3171 2186 3146
3856 2 2 3 3 3163 2188 3145
3857 2 2 3 3 3162 2190 3135
3858 2 2 3 3 3135 2190 2191
3859 2 2 3 3 3144 2192 2193
3860 2 2 3 3 3160 3143 2195
3861 2 2 3 3 3169 3142 2197
3862 2 2 3 3 3168 3133 2199
3863 2 2 3 3 3159 3134 2201
3864 2 2 3 3 3159 2201 2202
3865 2 2 3 3 3167 2203 2204
3866 2 2 3 3 3166 2206 3140
3867 2 2 3 3 3157 2208 3139
3868 2 2 3 3 3158 2210 3131
3869 2 2 3 3 3156 2212 3150
3870 2 2 3 3 3150 2212 2213
3871 2 2 3 3 3155 2214 2215
3872 2 2 3 3 3153 3151 49
3873 2 2 3 3 3224 2217 2218
3874 2 2 3 3 3461 3429 2220
3875 2 2 3 3 3085 2222 3054
3876 2 2 3 3 3405 2227 3053
3877 2 2 3 3 2227 2228 3053
3878 2 2 3 3 3462 2229 2230
3879 2 2 3 3 3234 2232 3052
3880 2 2 3 3 3425 3398 2153
3881 2 2 3 3 3398 2234 2235
3882 2 2 3 3 2236 2237 3071
3883 2 2 3 3 3424 3235 2239
3884 2 2 3 3 3431 3051 2146
3885 2 2 3 3 2241 2242 3051
3886 2 2 3 3 3399 2244 3277
3887 2 2 3 3 3294 2246 3050
3888 2 2 3 3 2246 2247 3050
3889 2 2 3 3 3236 2248 2249
3890 2 2 3 3 3463 3295 2253
3891 2 2 3 3 3463 2253 2254
3892 2 2 3 3 4093 2258 3481
3893 2 2 3 3 3464 3247 2260
3894 2 2 3 3 2262 50 3037
3895 2 2 3 3 2308 51 2988
3896 2 2 3 3 3332 2306 2307
3897 2 2 3 3 3372 3332 1643
3898 2 2 3 3 3326 2301 2302
3899 2 2 3 3 3081 2298 2299
3900 2 2 3 3 3373 3268 2296
3901 2 2 3 3 2292 2293 2991
3902 2 2 3 3 3374 2291 2292
3903 2 2 3 3 3315 2289 2290
3904 2 2 3 3 4130 2288 3068
3905 2 2 3 3 3375 2286 2287
3906 2 2 3 3 3376 2284 2285
3907 2 2 3 3 3097 2282 2283
3908 2 2 3 3 3316 2280 2281
3909 2 2 3 3 3377 2279 2280
3910 2 2 3 3 3110 2277 2278
3911 2 2 3 3 3296 2275 2276
3912 2 2 3 3 3297 2272 2273
3913 2 2 3 3 3298 2270 2271
3914 2 2 3 3 3080 2266 2267
3915 2 2 3 3 3343 2266 3080
3916 2 2 3 3 3299 2263 2264
3917 2 2 3 3 2351 52 2352
3918 2 2 3 3 3641 2349 2350
3919 2 2 3 3 3642 2347 2348
3920 2 2 3 3 4118 3642 2968
3921 2 2 3 3 4228 3564 2969
3922 2 2 3 3 3645 2343 3563
3923 2 2 3 3 3731 2341 3561
3924 2 2 3 3 3646 2339 3559
3925 2 2 3 3 3724 3647 2337
3926 2 2 3 3 3648 2335 2336
3927 2 2 3 3 4144 3556 2974
3928 2 2 3 3 4145 3555 2975
3929 2 2 3 3 4146 3553 2976
3930 2 2 3 3 4147 3551 2977
3931 2 2 3 3 3653 2325 2326
3932 2 2 3 3 3654 2324 2325
3933 2 2 3 3 3655 2322 2323
3934 2 2 3 3 3656 2320 2321
3935 2 2 3 3 3657 2318 2319
3936 2 2 3 3 3658 3539 2316
3937 2 2 3 3 3659 2314 2315
3938 2 2 3 3 3660 2313 2314
3939 2 2 3 3 3661 2311 2312
3940 2 2 3 3 3662 2309 2310
3941 2 2 3 3 2354 53 2355
3942 2 2 3 3 3108 2353 3106
3943 2 2 3 3 3663 2356 3567
3944 2 2 3 3 3664 2358 3565
3945 2 2 3 3 3732 3665 2360
3946 2 2 3 3 3732 2360 2361
3947 2 2 3 3 3666 2362 2363
3948 2 2 3 3 3667 2364 2365
3949 2 2 3 3 3668 2366 2367
3950 2 2 3 3 3733 2368 2369
3951 2 2 3 3 3669 2370 2371
3952 2 2 3 3 3670 3669 2371
3953 2 2 3 3 3671 2373 2374
3954 2 2 3 3 3672 2375 2376
3955 2 2 3 3 3673 2377 2378
3956 2 2 3 3 3674 2379 2380
3957 2 2 3 3 3675 2381 2382
3958 2 2 3 3 3676 2383 3544
3959 2 2 3 3 3677 3544 2384
3960 2 2 3 3 3678 2387 3540
3961 2 2 3 3 3679 2389 3538
3962 2 2 3 3 3680 2390 2391
3963 2 2 3 3 3681 2392 2393
3964 2 2 3 3 3682 2394 3535
3965 2 2 3 3 3683 2396 3493
3966 2 2 3 3 3485 54 3076
3967 2 2 3 3 3323 2398 2399
3968 2 2 3 3 3378 3335 2401
3969 2 2 3 3 3089 2403 2965
3970 2 2 3 3 3331 2408 2964
3971 2 2 3 3 2408 2409 2964
3972 2 2 3 3 3300 2410 2411
3973 2 2 3 3 3379 2413 2963
3974 2 2 3 3 3349 3317 1619
3975 2 2 3 3 3317 2415 2416
3976 2 2 3 3 2417 2418 3067
3977 2 2 3 3 3380 2420 3348
3978 2 2 3 3 3364 2962 1612
3979 2 2 3 3 2422 2423 2962
3980 2 2 3 3 3254 3101 2424
3981 2 2 3 3 3381 2427 2961
3982 2 2 3 3 2427 2428 2961
3983 2 2 3 3 3301 2429 2430
3984 2 2 3 3 3465 3302 2434
3985 2 2 3 3 3465 2434 2435
3986 2 2 3 3 4092 2439 3477
3987 2 2 3 3 4100 3466 3263
3988 2 2 3 3 2443 55 2918
3989 2 2 3 3 3220 56 3128
3990 2 2 3 3 3467 2488 3439
3991 2 2 3 3 3467 2538 3438
3992 2 2 3 3 3075 2483 3059
3993 2 2 3 3 3237 2479 2480
3994 2 2 3 3 3468 2477 2478
3995 2 2 3 3 2473 2474 3057
3996 2 2 3 3 3469 2472 2473
3997 2 2 3 3 3400 2470 2471
3998 2 2 3 3 4129 2469 3072
3999 2 2 3 3 3470 2467 2468
4000 2 2 3 3 3303 2465 2466
4001 2 2 3 3 3100 2463 2464
4002 2 2 3 3 3255 2563 2564
4003 2 2 3 3 3304 2460 2461
4004 2 2 3 3 3114 2458 2459
4005 2 2 3 3 3471 2568 2569
4006 2 2 3 3 3305 2453 2454
4007 2 2 3 3 3306 2573 2574
4008 2 2 3 3 3256 2447 2448
4009 2 2 3 3 3344 2578 59
4010 2 2 3 3 3307 2444 2445
4011 2 2 3 3 4134 57 2533
4012 2 2 3 3 3684 3585 2530
4013 2 2 3 3 3685 1228 1227
4014 2 2 3 3 3686 1227 1226
4015 2 2 3 3 3687 1225 1224
4016 2 2 3 3 3688 2523 2524
4017 2 2 3 3 3734 1221 1220
4018 2 2 3 3 3689 1219 1218
4019 2 2 3 3 3726 1217 3581
4020 2 2 3 3 3690 1216 1215
4021 2 2 3 3 3580 1214 3579
4022 2 2 3 3 3691 2512 2513
4023 2 2 3 3 3692 1210 1209
4024 2 2 3 3 3577 1208 3576
4025 2 2 3 3 3693 2506 2507
4026 2 2 3 3 3574 1206 1205
4027 2 2 3 3 3694 2503 2504
4028 2 2 3 3 3695 1201 3572
4029 2 2 3 3 3571 1200 1199
4030 2 2 3 3 3696 2497 2498
4031 2 2 3 3 3697 2495 2496
4032 2 2 3 3 3569 1195 1194
4033 2 2 3 3 3698 2492 2493
4034 2 2 3 3 3699 1190 3487
4035 2 2 3 3 4134 20 1231
4036 2 2 3 3 1187 17 2534
4037 2 2 3 3 3125 1187 2534
4038 2 2 3 3 3487 1190 1189
4039 2 2 3 3 3699 3568 1191
4040 2 2 3 3 3698 3590 1193
4041 2 2 3 3 3590 3569 1194
4042 2 2 3 3 3697 3589 1196
4043 2 2 3 3 3696 3570 1198
4044 2 2 3 3 3570 1199 1198
4045 2 2 3 3 3572 1201 1200
4046 2 2 3 3 3695 3573 1202
4047 2 2 3 3 3694 3588 1204
4048 2 2 3 3 3588 3574 1204
4049 2 2 3 3 3693 3575 1206
4050 2 2 3 3 3576 1207 3575
4051 2 2 3 3 3692 1209 3577
4052 2 2 3 3 3692 3578 1210
4053 2 2 3 3 3691 3587 1212
4054 2 2 3 3 3587 3579 1213
4055 2 2 3 3 3690 1215 3580
4056 2 2 3 3 3690 3581 1216
4057 2 2 3 3 3726 3689 1218
4058 2 2 3 3 3734 1220 3582
4059 2 2 3 3 3734 3586 1221
4060 2 2 3 3 3688 3583 1223
4061 2 2 3 3 3687 1224 3583
4062 2 2 3 3 3686 1226 3584
4063 2 2 3 3 3686 3685 1227
4064 2 2 3 3 3684 1230 1229
4065 2 2 3 3 3738 1231 1230
4066 2 2 3 3 3125 2534 2535
4067 2 2 3 3 3438 3225 2486
4068 2 2 3 3 3225 2540 3086
4069 2 2 3 3 2541 2542 3059
4070 2 2 3 3 3440 2544 2545
4071 2 2 3 3 3440 2545 3237
4072 2 2 3 3 2546 2547 3058
4073 2 2 3 3 3437 2549 3231
4074 2 2 3 3 3231 2549 2550
4075 2 2 3 3 2551 2552 3057
4076 2 2 3 3 3400 3230 2554
4077 2 2 3 3 3400 2554 2555
4078 2 2 3 3 4129 2556 2557
4079 2 2 3 3 3441 2559 3303
4080 2 2 3 3 2560 2561 3056
4081 2 2 3 3 3100 2561 2562
4082 2 2 3 3 3304 3255 2564
4083 2 2 3 3 2565 2566 3055
4084 2 2 3 3 3114 2566 2567
4085 2 2 3 3 3471 2569 3435
4086 2 2 3 3 3248 2570 2571
4087 2 2 3 3 3434 3306 2574
4088 2 2 3 3 3410 2449 3262
4089 2 2 3 3 3390 3344 59
4090 2 2 3 3 3777 3746 2579
4091 2 2 3 3 3778 2581 2582
4092 2 2 3 3 4068 4007 2583
4093 2 2 3 3 3779 2584 2585
4094 2 2 3 3 3780 2586 2587
4095 2 2 3 3 4069 2589 3753
4096 2 2 3 3 3929 2591 3855
4097 2 2 3 3 3930 2593 3857
4098 2 2 3 3 3932 3931 2595
4099 2 2 3 3 3932 2595 2596
4100 2 2 3 3 3933 2597 2598
4101 2 2 3 3 3934 2599 2600
4102 2 2 3 3 3935 2601 2602
4103 2 2 3 3 3936 2604 3808
4104 2 2 3 3 3938 3937 2606
4105 2 2 3 3 3938 2606 2607
4106 2 2 3 3 3939 2608 2609
4107 2 2 3 3 4070 2610 2611
4108 2 2 3 3 4071 2612 2613
4109 2 2 3 3 4072 2614 2615
4110 2 2 3 3 4073 2616 2617
4111 2 2 3 3 4074 2618 3964
4112 2 2 3 3 4075 2620 3963
4113 2 2 3 3 4087 3963 2621
4114 2 2 3 3 3743 2664 61
4115 2 2 3 3 3781 2662 2663
4116 2 2 3 3 4076 2660 2661
4117 2 2 3 3 4076 3782 2660
4118 2 2 3 3 4012 3783 2658
4119 2 2 3 3 4077 2656 4010
4120 2 2 3 3 3940 2653 2654
4121 2 2 3 3 3941 2651 2652
4122 2 2 3 3 3942 2649 2650
4123 2 2 3 3 3943 2649 3942
4124 2 2 3 3 3944 2647 3784
4125 2 2 3 3 3945 2645 3790
4126 2 2 3 3 3946 2643 3789
4127 2 2 3 3 3947 2641 3788
4128 2 2 3 3 3948 2639 3796
4129 2 2 3 3 4182 3948 2948
4130 2 2 3 3 3950 3799 2635
4131 2 2 3 3 3951 3801 2633
4132 2 2 3 3 4078 2632 3801
4133 2 2 3 3 4079 2630 3954
4134 2 2 3 3 4080 2628 3956
4135 2 2 3 3 4081 2626 2627
4136 2 2 3 3 4082 2624 2625
4137 2 2 3 3 4083 2622 2623
4138 2 2 3 3 3448 2705 3447
4139 2 2 3 3 3472 3088 2703
4140 2 2 3 3 3446 2701 3065
4141 2 2 3 3 3446 3232 2700
4142 2 2 3 3 3406 2697 2698
4143 2 2 3 3 3095 2695 2696
4144 2 2 3 3 3473 3444 2694
4145 2 2 3 3 2692 2693 3238
4146 2 2 3 3 3443 3063 2770
4147 2 2 3 3 3401 3242 2689
4148 2 2 3 3 2687 2688 3073
4149 2 2 3 3 3239 2775 2776
4150 2 2 3 3 3449 2683 2684
4151 2 2 3 3 2682 2683 3062
4152 2 2 3 3 3308 2678 2679
4153 2 2 3 3 2677 2678 3061
4154 2 2 3 3 3396 3284 2673
4155 2 2 3 3 3284 2672 2673
4156 2 2 3 3 3261 2668 2669
4157 2 2 3 3 3261 3083 2668
4158 2 2 3 3 3476 2666 3060
4159 2 2 3 3 3124 2709 1324
4160 2 2 3 3 2709 18 1324
4161 2 2 3 3 3124 1324 1323
4162 2 2 3 3 3199 1323 1322
4163 2 2 3 3 3196 1321 1320
4164 2 2 3 3 3197 3196 1320
4165 2 2 3 3 3200 3195 1318
4166 2 2 3 3 3198 3175 2748
4167 2 2 3 3 3202 3184 2746
4168 2 2 3 3 3184 1314 1313
4169 2 2 3 3 3185 1312 1311
4170 2 2 3 3 3209 2742 2743
4171 2 2 3 3 3210 3176 1309
4172 2 2 3 3 3186 1308 1307
4173 2 2 3 3 3211 2737 3178
4174 2 2 3 3 3211 1305 1304
4175 2 2 3 3 3212 1303 1302
4176 2 2 3 3 3213 1301 1300
4177 2 2 3 3 3187 2731 2732
4178 2 2 3 3 3188 1298 1297
4179 2 2 3 3 3214 1297 1296
4180 2 2 3 3 3205 3189 2726
4181 2 2 3 3 3189 1294 1293
4182 2 2 3 3 3190 1292 1291
4183 2 2 3 3 3215 2722 2723
4184 2 2 3 3 3216 1288 3191
4185 2 2 3 3 3191 1288 1287
4186 2 2 3 3 3192 1286 1285
4187 2 2 3 3 3217 1284 3182
4188 2 2 3 3 3218 1282 3193
4189 2 2 3 3 3193 2713 2714
4190 2 2 3 3 4127 3183 1279
4191 2 2 3 3 4127 19 2710
4192 2 2 3 3 4127 63 2711
4193 2 2 3 3 3208 3193 1281
4194 2 2 3 3 3218 3193 2714
4195 2 2 3 3 3217 2717 3192
4196 2 2 3 3 3217 3192 1285
4197 2 2 3 3 3207 2719 3191
4198 2 2 3 3 3216 3191 2720
4199 2 2 3 3 3215 2723 3190
4200 2 2 3 3 3206 2725 3189
4201 2 2 3 3 3205 2727 3180
4202 2 2 3 3 3180 2727 2728
4203 2 2 3 3 3188 2729 2730
4204 2 2 3 3 3213 3187 2732
4205 2 2 3 3 3212 3179 2734
4206 2 2 3 3 3211 3177 2736
4207 2 2 3 3 3203 3178 2738
4208 2 2 3 3 3203 2738 2739
4209 2 2 3 3 3210 2740 2741
4210 2 2 3 3 3209 2743 3185
4211 2 2 3 3 3201 2745 3184
4212 2 2 3 3 3202 2747 3175
4213 2 2 3 3 3200 3198 2749
4214 2 2 3 3 3200 2749 2750
4215 2 2 3 3 3197 2751 2752
4216 2 2 3 3 3199 3194 64
4217 2 2 3 3 3226 2754 2755
4218 2 2 3 3 3472 3448 2757
4219 2 2 3 3 3088 2759 3065
4220 2 2 3 3 3406 2764 3064
4221 2 2 3 3 2764 2765 3064
4222 2 2 3 3 3473 2766 2767
4223 2 2 3 3 3238 2769 3063
4224 2 2 3 3 3443 3401 2690
4225 2 2 3 3 3401 2771 2772
4226 2 2 3 3 2773 2774 3073
4227 2 2 3 3 3442 3239 2776
4228 2 2 3 3 3449 3062 2683
4229 2 2 3 3 2778 2779 3062
4230 2 2 3 3 3402 2781 3283
4231 2 2 3 3 3308 2783 3061
4232 2 2 3 3 2783 2784 3061
4233 2 2 3 3 3240 2785 2786
4234 2 2 3 3 3474 3309 2790
4235 2 2 3 3 3474 2790 2791
4236 2 2 3 3 3083 2794 3060
4237 2 2 3 3 4097 3475 3285
4238 2 2 3 3 2799 65 2960
4239 2 2 3 3 2845 66 2912
4240 2 2 3 3 3333 2843 2844
4241 2 2 3 3 3382 3333 1467
4242 2 2 3 3 3327 2838 2839
4243 2 2 3 3 3383 2835 2836
4244 2 2 3 3 3384 3258 2833
4245 2 2 3 3 2829 2830 2915
4246 2 2 3 3 3385 2828 2829
4247 2 2 3 3 3318 2826 2827
4248 2 2 3 3 4131 2825 3066
4249 2 2 3 3 3386 2823 2824
4250 2 2 3 3 3387 2821 2822
4251 2 2 3 3 3098 2819 2820
4252 2 2 3 3 3319 2817 2818
4253 2 2 3 3 3388 2816 2817
4254 2 2 3 3 3109 2814 2815
4255 2 2 3 3 3310 2812 2813
4256 2 2 3 3 3311 2809 2810
4257 2 2 3 3 3312 2807 2808
4258 2 2 3 3 3257 1506 1507
4259 2 2 3 3 3345 2802 2803
4260 2 2 3 3 3313 2800 2801
4261 2 2 3 3 2888 37 1815
4262 2 2 3 3 3700 2886 2887
4263 2 2 3 3 3701 2884 2885
4264 2 2 3 3 4119 3701 2892
4265 2 2 3 3 3703 2882 3495
4266 2 2 3 3 3704 2880 3603
4267 2 2 3 3 3735 2878 3602
4268 2 2 3 3 3705 2876 3601
4269 2 2 3 3 3727 3706 2874
4270 2 2 3 3 3707 2872 2873
4271 2 2 3 3 4148 3600 2898
4272 2 2 3 3 4149 3599 2899
4273 2 2 3 3 4150 3598 2900
4274 2 2 3 3 4151 3597 2901
4275 2 2 3 3 3712 2862 2863
4276 2 2 3 3 3713 2861 2862
4277 2 2 3 3 3714 2859 2860
4278 2 2 3 3 3715 2857 2858
4279 2 2 3 3 3716 2855 2856
4280 2 2 3 3 3717 3591 2853
4281 2 2 3 3 3718 2851 2852
4282 2 2 3 3 3719 2850 2851
4283 2 2 3 3 3720 2848 2849
4284 2 2 3 3 3721 2846 2847
4285 2 2 3 3 3074 1945 1946
4286 2 2 3 3 3074 2005 2006
4287 2 2 3 3 3075 2482 2483
4288 2 2 3 3 3075 2542 2543
4289 2 2 3 3 3485 3076 2987
4290 2 2 3 3 4218 3076 2966
4291 2 2 3 3 3077 2912 66
4292 2 2 3 3 3120 2911 3117
4293 2 2 3 3 3484 3078 2911
4294 2 2 3 3 4217 3078 3044
4295 2 2 3 3 3079 2988 51
4296 2 2 3 3 3122 2987 3118
4297 2 2 3 3 3080 2267 2994
4298 2 2 3 3 3343 3080 1683
4299 2 2 3 3 3081 1650 1651
4300 2 2 3 3 3081 2990 2298
4301 2 2 3 3 3082 1900 1901
4302 2 2 3 3 3082 3038 1772
4303 2 2 3 3 3083 2793 2794
4304 2 2 3 3 3083 3060 2667
4305 2 2 3 3 3084 1681 2994
4306 2 2 3 3 2268 2994 2267
4307 2 2 3 3 3085 2165 2166
4308 2 2 3 3 3085 2221 2222
4309 2 2 3 3 3086 2484 2485
4310 2 2 3 3 3225 3086 2485
4311 2 2 3 3 3087 1947 1948
4312 2 2 3 3 3223 3087 1948
4313 2 2 3 3 3088 2702 2703
4314 2 2 3 3 3088 2758 2759
4315 2 2 3 3 3089 1631 1632
4316 2 2 3 3 3089 2402 2403
4317 2 2 3 3 3090 1807 1808
4318 2 2 3 3 3090 1865 1866
4319 2 2 3 3 3091 2840 2841
4320 2 2 3 3 3320 3091 2841
4321 2 2 3 3 3321 3092 2304
4322 2 2 3 3 3092 1646 2989
4323 2 2 3 3 3093 1625 2964
4324 2 2 3 3 3093 2409 2410
4325 2 2 3 3 3094 1801 3042
4326 2 2 3 3 3094 1872 1873
4327 2 2 3 3 3095 2696 3064
4328 2 2 3 3 3095 2765 2766
4329 2 2 3 3 3096 2159 3053
4330 2 2 3 3 3096 2228 2229
4331 2 2 3 3 3097 2283 2992
4332 2 2 3 3 3407 3316 2281
4333 2 2 3 3 3098 2820 2916
4334 2 2 3 3 3408 3319 2818
4335 2 2 3 3 3099 1927 3046
4336 2 2 3 3 3479 3252 1925
4337 2 2 3 3 3100 2464 3056
4338 2 2 3 3 3480 3255 2462
4339 2 2 3 3 3101 1610 1611
4340 2 2 3 3 3101 2423 2424
4341 2 2 3 3 3102 1786 1787
4342 2 2 3 3 3102 1886 1887
4343 2 2 3 3 3103 2144 2145
4344 2 2 3 3 3103 2242 2243
4345 2 2 3 3 3104 2681 2682
4346 2 2 3 3 3104 2779 2780
4347 2 2 3 3 3107 3105 2891
4348 2 2 3 3 3105 1816 1817
4349 2 2 3 3 3108 3106 2967
4350 2 2 3 3 3106 2353 2354
4351 2 2 3 3 3739 2891 3700
4352 2 2 3 3 3107 1815 1816
4353 2 2 3 3 3737 2967 3641
4354 2 2 3 3 3108 2352 2353
4355 2 2 3 3 3109 2917 1495
4356 2 2 3 3 3365 3109 1496
4357 2 2 3 3 3361 3110 1672
4358 2 2 3 3 3110 2278 2993
4359 2 2 3 3 3111 2961 2428
4360 2 2 3 3 3111 2428 2429
4361 2 2 3 3 3112 1781 1782
4362 2 2 3 3 3112 3039 1891
4363 2 2 3 3 3113 3045 2029
4364 2 2 3 3 3276 3113 2030
4365 2 2 3 3 3281 3114 2567
4366 2 2 3 3 3114 2459 3055
4367 2 2 3 3 3115 3050 2247
4368 2 2 3 3 3115 2247 2248
4369 2 2 3 3 3116 2676 2677
4370 2 2 3 3 3116 3061 2784
4371 2 2 3 3 3126 2911 3078
4372 2 2 3 3 3117 25 1463
4373 2 2 3 3 3118 1638 31
4374 2 2 3 3 3118 31 1639
4375 2 2 3 3 4218 3119 3076
4376 2 2 3 3 3119 1638 3118
4377 2 2 3 3 3120 1463 1464
4378 2 2 3 3 3120 3077 2911
4379 2 2 3 3 3127 2171 3121
4380 2 2 3 3 3121 2171 2172
4381 2 2 3 3 3122 1639 1640
4382 2 2 3 3 3122 3079 2987
4383 2 2 3 3 3129 3123 1998
4384 2 2 3 3 3123 1419 1418
4385 2 2 3 3 3130 2708 3124
4386 2 2 3 3 3124 2708 2709
4387 2 2 3 3 3128 3125 2535
4388 2 2 3 3 3125 1188 1187
4389 2 2 3 3 4217 3126 3078
4390 2 2 3 3 3126 1814 3117
4391 2 2 3 3 3221 49 2217
4392 2 2 3 3 3127 47 2171
4393 2 2 3 3 3220 3128 58
4394 2 2 3 3 4125 3128 56
4395 2 2 3 3 3219 3129 43
4396 2 2 3 3 4124 3129 41
4397 2 2 3 3 3222 64 2754
4398 2 2 3 3 3130 62 2708
4399 2 2 3 3 3131 1362 1361
4400 2 2 3 3 3158 3131 1361
4401 2 2 3 3 3132 1356 1355
4402 2 2 3 3 3167 1355 1354
4403 2 2 3 3 3133 1350 1349
4404 2 2 3 3 3169 3133 1349
4405 2 2 3 3 3168 3134 1351
4406 2 2 3 3 3134 2200 2201
4407 2 2 3 3 3170 3135 2191
4408 2 2 3 3 3162 3135 1341
4409 2 2 3 3 3136 1336 1335
4410 2 2 3 3 3172 1335 1334
4411 2 2 3 3 3137 1330 1329
4412 2 2 3 3 3174 1329 1328
4413 2 2 3 3 3138 1326 1325
4414 2 2 3 3 4126 1325 21
4415 2 2 3 3 3157 3139 1359
4416 2 2 3 3 3139 2208 2209
4417 2 2 3 3 3166 3140 1357
4418 2 2 3 3 3140 2206 2207
4419 2 2 3 3 3159 1353 1352
4420 2 2 3 3 3141 2202 2203
4421 2 2 3 3 3142 1348 1347
4422 2 2 3 3 3160 3142 1347
4423 2 2 3 3 3143 1346 1345
4424 2 2 3 3 3161 3143 1345
4425 2 2 3 3 3161 3144 2193
4426 2 2 3 3 3170 3144 1343
4427 2 2 3 3 3163 3145 1339
4428 2 2 3 3 3145 2188 2189
4429 2 2 3 3 3171 3146 1337
4430 2 2 3 3 3146 2186 2187
4431 2 2 3 3 3164 1333 1332
4432 2 2 3 3 3147 2182 2183
4433 2 2 3 3 3173 1331 1330
4434 2 2 3 3 3148 2180 2181
4435 2 2 3 3 3149 1328 1327
4436 2 2 3 3 3165 1327 1326
4437 2 2 3 3 3152 3150 2213
4438 2 2 3 3 3156 3150 1363
4439 2 2 3 3 3151 1368 1367
4440 2 2 3 3 3154 3151 1367
4441 2 2 3 3 3152 1365 1364
4442 2 2 3 3 3152 1364 3150
4443 2 2 3 3 3153 1368 3151
4444 2 2 3 3 3153 49 3127
4445 2 2 3 3 3155 1366 1365
4446 2 2 3 3 3154 2215 2216
4447 2 2 3 3 3155 2215 3154
4448 2 2 3 3 3155 1365 3152
4449 2 2 3 3 3156 1362 3131
4450 2 2 3 3 3156 2211 2212
4451 2 2 3 3 3157 1359 1358
4452 2 2 3 3 3157 1358 3140
4453 2 2 3 3 3158 1361 1360
4454 2 2 3 3 3158 1360 3139
4455 2 2 3 3 3159 2202 3141
4456 2 2 3 3 3159 1352 3134
4457 2 2 3 3 3160 1347 1346
4458 2 2 3 3 3160 1346 3143
4459 2 2 3 3 3161 1345 1344
4460 2 2 3 3 3161 1344 3144
4461 2 2 3 3 3162 1341 1340
4462 2 2 3 3 3162 1340 3145
4463 2 2 3 3 3163 1339 1338
4464 2 2 3 3 3163 1338 3146
4465 2 2 3 3 3164 3147 1333
4466 2 2 3 3 3164 1332 3148
4467 2 2 3 3 3165 3138 2175
4468 2 2 3 3 3165 2175 2176
4469 2 2 3 3 3166 1357 1356
4470 2 2 3 3 3166 1356 3132
4471 2 2 3 3 3167 2204 3132
4472 2 2 3 3 3167 1354 3141
4473 2 2 3 3 3168 1350 3133
4474 2 2 3 3 3168 2199 2200
4475 2 2 3 3 3169 1348 3142
4476 2 2 3 3 3169 2197 2198
4477 2 2 3 3 3170 1342 3135
4478 2 2 3 3 3170 2191 2192
4479 2 2 3 3 3171 1337 1336
4480 2 2 3 3 3171 1336 3136
4481 2 2 3 3 3172 2184 3136
4482 2 2 3 3 3172 3136 1335
4483 2 2 3 3 3173 3137 2179
4484 2 2 3 3 3173 2179 2180
4485 2 2 3 3 3174 2177 2178
4486 2 2 3 3 3174 3137 1329
4487 2 2 3 3 3175 1316 1315
4488 2 2 3 3 3202 3175 1315
4489 2 2 3 3 3176 1310 1309
4490 2 2 3 3 3210 1309 1308
4491 2 2 3 3 3177 1304 1303
4492 2 2 3 3 3212 3177 1303
4493 2 2 3 3 3211 3178 1305
4494 2 2 3 3 3178 2737 2738
4495 2 2 3 3 3179 1302 1301
4496 2 2 3 3 3213 3179 1301
4497 2 2 3 3 3214 3180 2728
4498 2 2 3 3 3205 3180 1295
4499 2 2 3 3 3181 1290 1289
4500 2 2 3 3 3216 1289 1288
4501 2 2 3 3 3182 1284 1283
4502 2 2 3 3 3218 1283 1282
4503 2 2 3 3 3183 1280 1279
4504 2 2 3 3 4127 1279 19
4505 2 2 3 3 3201 3184 1313
4506 2 2 3 3 3184 2745 2746
4507 2 2 3 3 3209 3185 1311
4508 2 2 3 3 3185 2743 2744
4509 2 2 3 3 3203 1307 1306
4510 2 2 3 3 3186 2739 2740
4511 2 2 3 3 3187 1300 1299
4512 2 2 3 3 3204 3187 1299
4513 2 2 3 3 3204 3188 2730
4514 2 2 3 3 3214 3188 1297
4515 2 2 3 3 3206 3189 1293
4516 2 2 3 3 3189 2725 2726
4517 2 2 3 3 3215 3190 1291
4518 2 2 3 3 3190 2723 2724
4519 2 2 3 3 3207 1287 1286
4520 2 2 3 3 3191 2719 2720
4521 2 2 3 3 3217 1285 1284
4522 2 2 3 3 3192 2717 2718
4523 2 2 3 3 3193 1282 1281
4524 2 2 3 3 3208 1281 1280
4525 2 2 3 3 3194 1322 1321
4526 2 2 3 3 3196 3194 1321
4527 2 2 3 3 3195 1319 1318
4528 2 2 3 3 3200 1318 1317
4529 2 2 3 3 3197 1320 1319
4530 2 2 3 3 3196 2752 2753
4531 2 2 3 3 3197 2752 3196
4532 2 2 3 3 3197 1319 3195
4533 2 2 3 3 3198 1316 3175
4534 2 2 3 3 3198 2748 2749
4535 2 2 3 3 3199 1322 3194
4536 2 2 3 3 3199 64 3130
4537 2 2 3 3 3200 2750 3195
4538 2 2 3 3 3200 1317 3198
4539 2 2 3 3 3201 1313 1312
4540 2 2 3 3 3201 1312 3185
4541 2 2 3 3 3202 1315 1314
4542 2 2 3 3 3202 1314 3184
4543 2 2 3 3 3203 2739 3186
4544 2 2 3 3 3203 1306 3178
4545 2 2 3 3 3204 1299 1298
4546 2 2 3 3 3204 1298 3188
4547 2 2 3 3 3205 1295 1294
4548 2 2 3 3 3205 1294 3189
4549 2 2 3 3 3206 1293 1292
4550 2 2 3 3 3206 1292 3190
4551 2 2 3 3 3207 3191 1287
4552 2 2 3 3 3207 1286 3192
4553 2 2 3 3 3208 3183 2712
4554 2 2 3 3 3208 2712 2713
4555 2 2 3 3 3209 1311 1310
4556 2 2 3 3 3209 1310 3176
4557 2 2 3 3 3210 2741 3176
4558 2 2 3 3 3210 1308 3186
4559 2 2 3 3 3211 1304 3177
4560 2 2 3 3 3211 2736 2737
4561 2 2 3 3 3212 1302 3179
4562 2 2 3 3 3212 2734 2735
4563 2 2 3 3 3213 1300 3187
4564 2 2 3 3 3213 2732 2733
4565 2 2 3 3 3214 1296 3180
4566 2 2 3 3 3214 2728 2729
4567 2 2 3 3 3215 1291 1290
4568 2 2 3 3 3215 1290 3181
4569 2 2 3 3 3216 2721 3181
4570 2 2 3 3 3216 3181 1289
4571 2 2 3 3 3217 3182 2716
4572 2 2 3 3 3217 2716 2717
4573 2 2 3 3 3218 2714 2715
4574 2 2 3 3 3218 3182 1283
4575 2 2 3 3 3219 43 1999
4576 2 2 3 3 3219 1952 41
4577 2 2 3 3 3220 58 2536
4578 2 2 3 3 3220 2489 56
4579 2 2 3 3 3224 3221 2217
4580 2 2 3 3 3221 47 3127
4581 2 2 3 3 3226 3222 2754
4582 2 2 3 3 3222 62 3130
4583 2 2 3 3 3223 2002 2003
4584 2 2 3 3 3223 1948 1949
4585 2 2 3 3 3430 2218 2219
4586 2 2 3 3 3224 2169 2170
4587 2 2 3 3 3225 2539 2540
4588 2 2 3 3 3225 2485 2486
4589 2 2 3 3 3447 2755 2756
4590 2 2 3 3 3226 2706 2707
4591 2 2 3 3 3227 1934 1935
4592 2 2 3 3 3458 3227 1935
4593 2 2 3 3 2014 4211 2013
4594 2 2 3 3 3417 3228 1939
4595 2 2 3 3 3229 2224 2225
4596 2 2 3 3 3427 3405 2161
4597 2 2 3 3 3230 2471 2472
4598 2 2 3 3 3469 3230 2472
4599 2 2 3 3 2551 4212 2550
4600 2 2 3 3 3437 3231 2476
4601 2 2 3 3 3445 3406 2698
4602 2 2 3 3 3232 2699 2700
4603 2 2 3 3 3420 3403 2007
4604 2 2 3 3 3233 2008 2009
4605 2 2 3 3 2155 3234 3052
4606 2 2 3 3 3426 3234 2156
4607 2 2 3 3 3235 2148 2149
4608 2 2 3 3 4199 2149 2150
4609 2 2 3 3 3423 3236 2249
4610 2 2 3 3 3236 2139 3115
4611 2 2 3 3 3440 3404 2544
4612 2 2 3 3 3237 2545 2546
4613 2 2 3 3 2692 3238 3063
4614 2 2 3 3 3444 3238 2693
4615 2 2 3 3 3239 2685 2686
4616 2 2 3 3 4200 2686 2687
4617 2 2 3 3 3450 3240 2786
4618 2 2 3 3 3240 2676 3116
4619 2 2 3 3 3398 2152 2153
4620 2 2 3 3 3241 2235 2236
4621 2 2 3 3 3401 2689 2690
4622 2 2 3 3 3242 2772 2773
4623 2 2 3 3 3477 1594 1595
4624 2 2 3 3 3243 2440 2441
4625 2 2 3 3 3297 3244 1676
4626 2 2 3 3 3412 3244 2274
4627 2 2 3 3 3478 1770 1771
4628 2 2 3 3 3245 1903 1904
4629 2 2 3 3 3291 3246 2034
4630 2 2 3 3 3415 3246 1918
4631 2 2 3 3 3481 2128 2129
4632 2 2 3 3 3247 2259 2260
4633 2 2 3 3 3305 3248 2571
4634 2 2 3 3 3435 3248 2455
4635 2 2 3 3 3476 2665 2666
4636 2 2 3 3 3249 2796 2797
4637 2 2 3 3 3311 3250 1500
4638 2 2 3 3 3453 3250 2811
4639 2 2 3 3 3354 3251 1888
4640 2 2 3 3 3251 1786 3102
4641 2 2 3 3 3252 1924 1925
4642 2 2 3 3 3479 1925 1926
4643 2 2 3 3 3413 1911 1912
4644 2 2 3 3 3253 2040 2041
4645 2 2 3 3 3347 3254 2425
4646 2 2 3 3 3254 1610 3101
4647 2 2 3 3 3255 2461 2462
4648 2 2 3 3 3480 2462 2463
4649 2 2 3 3 3410 2448 2449
4650 2 2 3 3 3256 2577 2578
4651 2 2 3 3 3257 2803 2804
4652 2 2 3 3 3451 2804 2805
4653 2 2 3 3 3258 2832 2833
4654 2 2 3 3 3384 2833 2834
4655 2 2 3 3 3259 1487 1488
4656 2 2 3 3 3259 2822 2823
4657 2 2 3 3 3409 3260 2806
4658 2 2 3 3 3260 1504 1505
4659 2 2 3 3 3261 2793 3083
4660 2 2 3 3 3282 2669 2670
4661 2 2 3 3 3262 2449 2450
4662 2 2 3 3 3434 3262 2450
4663 2 2 3 3 3466 29 3243
4664 2 2 3 3 3263 2442 2443
4665 2 2 3 3 3465 1599 1600
4666 2 2 3 3 3264 2435 2436
4667 2 2 3 3 3265 1598 3264
4668 2 2 3 3 3265 2436 2437
4669 2 2 3 3 3395 1602 1603
4670 2 2 3 3 3266 2432 2433
4671 2 2 3 3 3301 1604 1605
4672 2 2 3 3 3267 2430 2431
4673 2 2 3 3 3268 2295 2296
4674 2 2 3 3 3373 2296 2297
4675 2 2 3 3 3269 1663 1664
4676 2 2 3 3 3269 2285 2286
4677 2 2 3 3 3270 1912 1913
4678 2 2 3 3 3414 3270 1913
4679 2 2 3 3 3455 35 3245
4680 2 2 3 3 3271 1905 1906
4681 2 2 3 3 3454 1775 1776
4682 2 2 3 3 3272 1898 1899
4683 2 2 3 3 3273 1774 3272
4684 2 2 3 3 3273 1899 1900
4685 2 2 3 3 3393 1778 1779
4686 2 2 3 3 3274 1895 1896
4687 2 2 3 3 3287 1780 1781
4688 2 2 3 3 3275 1893 1894
4689 2 2 3 3 3276 1920 1921
4690 2 2 3 3 3276 1921 3113
4691 2 2 3 3 3399 2143 2144
4692 2 2 3 3 3277 2244 2245
4693 2 2 3 3 3463 2133 2134
4694 2 2 3 3 3278 2254 2255
4695 2 2 3 3 3279 2132 3278
4696 2 2 3 3 3279 2255 2256
4697 2 2 3 3 3394 2136 2137
4698 2 2 3 3 3280 2251 2252
4699 2 2 3 3 3281 2457 2458
4700 2 2 3 3 3281 2458 3114
4701 2 2 3 3 3474 2670 2671
4702 2 2 3 3 3282 2791 2792
4703 2 2 3 3 3402 2680 2681
4704 2 2 3 3 3283 2781 2782
4705 2 2 3 3 3396 2673 2674
4706 2 2 3 3 3284 2788 2789
4707 2 2 3 3 3285 2798 2799
4708 2 2 3 3 4097 3285 2960
4709 2 2 3 3 3357 3286 1874
4710 2 2 3 3 3286 1800 3094
4711 2 2 3 3 3287 1893 3275
4712 2 2 3 3 3287 1781 3112
4713 2 2 3 3 3288 1777 3274
4714 2 2 3 3 3288 1896 1897
4715 2 2 3 3 3421 3289 1929
4716 2 2 3 3 3289 2022 2023
4717 2 2 3 3 3290 2027 2028
4718 2 2 3 3 3290 3045 1923
4719 2 2 3 3 3416 3291 2035
4720 2 2 3 3 3291 1917 3246
4721 2 2 3 3 3292 1914 1915
4722 2 2 3 3 3416 3292 1915
4723 2 2 3 3 3392 3293 1908
4724 2 2 3 3 4094 44 3744
4725 2 2 3 3 3294 3050 2141
4726 2 2 3 3 3294 2142 3277
4727 2 2 3 3 3295 2135 3280
4728 2 2 3 3 3295 2252 2253
4729 2 2 3 3 3361 3296 2276
4730 2 2 3 3 3296 1673 1674
4731 2 2 3 3 3297 1676 1677
4732 2 2 3 3 3433 3297 1677
4733 2 2 3 3 3433 3298 2271
4734 2 2 3 3 3298 1678 1679
4735 2 2 3 3 3299 3037 2263
4736 2 2 3 3 3391 3343 33
4737 2 2 3 3 3350 3300 2411
4738 2 2 3 3 3300 1624 3093
4739 2 2 3 3 3301 2430 3267
4740 2 2 3 3 3301 1605 3111
4741 2 2 3 3 3302 1601 3266
4742 2 2 3 3 3302 2433 2434
4743 2 2 3 3 3441 3303 2466
4744 2 2 3 3 3303 2559 2560
4745 2 2 3 3 3304 2564 2565
4746 2 2 3 3 3304 3055 2460
4747 2 2 3 3 3436 3305 2572
4748 2 2 3 3 3305 2454 3248
4749 2 2 3 3 3306 2451 2452
4750 2 2 3 3 3436 3306 2452
4751 2 2 3 3 3390 3307 2445
4752 2 2 3 3 4095 59 3746
4753 2 2 3 3 3308 3061 2678
4754 2 2 3 3 3308 2679 3283
4755 2 2 3 3 3309 2789 2790
4756 2 2 3 3 3309 2671 2672
4757 2 2 3 3 3365 3310 2813
4758 2 2 3 3 3310 1497 1498
4759 2 2 3 3 3311 1500 1501
4760 2 2 3 3 3452 3311 1501
4761 2 2 3 3 3452 3312 2808
4762 2 2 3 3 3312 1502 1503
4763 2 2 3 3 4099 27 3747
4764 2 2 3 3 3313 2960 2800
4765 2 2 3 3 3341 3314 1879
4766 2 2 3 3 3356 1795 1796
4767 2 2 3 3 3353 3315 2290
4768 2 2 3 3 3315 1659 1660
4769 2 2 3 3 3407 2281 2282
4770 2 2 3 3 3316 1668 1669
4771 2 2 3 3 3340 3317 2416
4772 2 2 3 3 3349 1619 1620
4773 2 2 3 3 3346 3318 2827
4774 2 2 3 3 3318 1483 1484
4775 2 2 3 3 3408 2818 2819
4776 2 2 3 3 3319 1492 1493
4777 2 2 3 3 3320 1468 1469
4778 2 2 3 3 3320 2841 2842
4779 2 2 3 3 3321 1644 1645
4780 2 2 3 3 3321 2304 2305
4781 2 2 3 3 3338 1862 1863
4782 2 2 3 3 3322 1811 1812
4783 2 2 3 3 3336 2399 2400
4784 2 2 3 3 3323 1635 1636
4785 2 2 3 3 3324 1629 1630
4786 2 2 3 3 3324 2404 2405
4787 2 2 3 3 3325 1805 1806
4788 2 2 3 3 3325 1867 1868
4789 2 2 3 3 3326 2302 2989
4790 2 2 3 3 3329 1648 1649
4791 2 2 3 3 3327 2839 2913
4792 2 2 3 3 3328 1472 1473
4793 2 2 3 3 3367 1473 1474
4794 2 2 3 3 3328 2837 2838
4795 2 2 3 3 3352 1649 1650
4796 2 2 3 3 3329 2300 2301
4797 2 2 3 3 3330 3042 1802
4798 2 2 3 3 3358 3330 1803
4799 2 2 3 3 3331 2964 1626
4800 2 2 3 3 3351 3331 1627
4801 2 2 3 3 3339 2307 2308
4802 2 2 3 3 3332 1642 1643
4803 2 2 3 3 3334 2844 2845
4804 2 2 3 3 3333 1466 1467
4805 2 2 3 3 4249 2845 2912
4806 2 2 3 3 3334 1466 3333
4807 2 2 3 3 3335 1633 1634
4808 2 2 3 3 3335 2400 2401
4809 2 2 3 3 3336 3323 2399
4810 2 2 3 3 3336 2400 3335
4811 2 2 3 3 3337 1809 1810
4812 2 2 3 3 3337 1863 1864
4813 2 2 3 3 3338 3322 1862
4814 2 2 3 3 3338 1863 3337
4815 2 2 3 3 4248 2308 2988
4816 2 2 3 3 3339 1642 3332
4817 2 2 3 3 3340 1618 3317
4818 2 2 3 3 3340 2416 2417
4819 2 2 3 3 3341 1794 3314
4820 2 2 3 3 3341 1879 1880
4821 2 2 3 3 3342 1909 1910
4822 2 2 3 3 3342 1910 3253
4823 2 2 3 3 3343 1683 33
4824 2 2 3 3 3343 2265 2266
4825 2 2 3 3 3344 2446 2447
4826 2 2 3 3 3344 2447 3256
4827 2 2 3 3 3345 2803 3257
4828 2 2 3 3 3345 1507 27
4829 2 2 3 3 3346 1482 1483
4830 2 2 3 3 3346 2827 2828
4831 2 2 3 3 3347 1609 3254
4832 2 2 3 3 3347 2425 2426
4833 2 2 3 3 3380 3348 1614
4834 2 2 3 3 3348 2420 2421
4835 2 2 3 3 3349 1620 2963
4836 2 2 3 3 3349 2414 2415
4837 2 2 3 3 3350 1623 3300
4838 2 2 3 3 3350 2411 2412
4839 2 2 3 3 3351 1627 1628
4840 2 2 3 3 3351 2406 2407
4841 2 2 3 3 3352 3081 2299
4842 2 2 3 3 3352 2300 3329
4843 2 2 3 3 3374 3353 2291
4844 2 2 3 3 3353 1658 1659
4845 2 2 3 3 3354 1785 3251
4846 2 2 3 3 3354 1888 1889
4847 2 2 3 3 3370 3355 1790
4848 2 2 3 3 3355 1883 1884
4849 2 2 3 3 3356 1796 3041
4850 2 2 3 3 3356 1877 1878
4851 2 2 3 3 3357 1799 3286
4852 2 2 3 3 3357 1874 1875
4853 2 2 3 3 3358 1803 1804
4854 2 2 3 3 3358 1869 1870
4855 2 2 3 3 3359 3325 1868
4856 2 2 3 3 3359 1868 1869
4857 2 2 3 3 3360 1789 3355
4858 2 2 3 3 3360 1884 1885
4859 2 2 3 3 3361 2276 2277
4860 2 2 3 3 3361 2277 3110
4861 2 2 3 3 1656 4214 1655
4862 2 2 3 3 3362 2295 3268
4863 2 2 3 3 3363 3324 2405
4864 2 2 3 3 3363 2405 2406
4865 2 2 3 3 3364 1613 3348
4866 2 2 3 3 3364 2421 2422
4867 2 2 3 3 3365 2814 3109
4868 2 2 3 3 3365 1496 1497
4869 2 2 3 3 1480 4213 1479
4870 2 2 3 3 3366 2832 3258
4871 2 2 3 3 3383 1474 1475
4872 2 2 3 3 3367 2836 2837
4873 2 2 3 3 3368 1865 3090
4874 2 2 3 3 3368 1809 3337
4875 2 2 3 3 3369 1875 1876
4876 2 2 3 3 1797 3369 3041
4877 2 2 3 3 3370 1790 1791
4878 2 2 3 3 4197 1791 1792
4879 2 2 3 3 3371 3039 1783
4880 2 2 3 3 3371 1784 3354
4881 2 2 3 3 3372 3321 2305
4882 2 2 3 3 3372 2306 3332
4883 2 2 3 3 3373 2297 2990
4884 2 2 3 3 3373 1653 3268
4885 2 2 3 3 3374 2292 2991
4886 2 2 3 3 3374 1657 1658
4887 2 2 3 3 4130 2287 2288
4888 2 2 3 3 3375 1662 1663
4889 2 2 3 3 3376 2285 3269
4890 2 2 3 3 3376 1664 1665
4891 2 2 3 3 3377 1669 1670
4892 2 2 3 3 3377 2993 2279
4893 2 2 3 3 3378 2402 3089
4894 2 2 3 3 3378 1633 3335
4895 2 2 3 3 3379 2412 2413
4896 2 2 3 3 1621 3379 2963
4897 2 2 3 3 3380 1614 1615
4898 2 2 3 3 4198 1615 1616
4899 2 2 3 3 3381 2961 1607
4900 2 2 3 3 3381 1608 3347
4901 2 2 3 3 3382 3320 2842
4902 2 2 3 3 3382 2843 3333
4903 2 2 3 3 3383 2914 2835
4904 2 2 3 3 3383 2836 3367
4905 2 2 3 3 3384 2834 2914
4906 2 2 3 3 3384 1477 3258
4907 2 2 3 3 3385 2829 2915
4908 2 2 3 3 3385 1481 1482
4909 2 2 3 3 4131 2824 2825
4910 2 2 3 3 3386 1486 1487
4911 2 2 3 3 3387 2822 3259
4912 2 2 3 3 3387 1488 1489
4913 2 2 3 3 3388 1493 1494
4914 2 2 3 3 3388 2917 2816
4915 2 2 3 3 3389 3313 2801
4916 2 2 3 3 3389 2801 2802
4917 2 2 3 3 4095 3390 59
4918 2 2 3 3 3390 2445 2446
4919 2 2 3 3 3391 3299 2264
4920 2 2 3 3 3391 2264 2265
4921 2 2 3 3 4094 3392 44
4922 2 2 3 3 3392 1908 1909
4923 2 2 3 3 3393 1894 1895
4924 2 2 3 3 3393 1895 3274
4925 2 2 3 3 3394 2250 2251
4926 2 2 3 3 3394 2251 3280
4927 2 2 3 3 3395 2431 2432
4928 2 2 3 3 3395 2432 3266
4929 2 2 3 3 3396 2787 2788
4930 2 2 3 3 3396 2788 3284
4931 2 2 3 3 3397 2018 3070
4932 2 2 3 3 3397 1934 3227
4933 2 2 3 3 3398 2235 3241
4934 2 2 3 3 3425 2153 2154
4935 2 2 3 3 3399 2144 3103
4936 2 2 3 3 3399 3103 2243
4937 2 2 3 3 3400 2555 3072
4938 2 2 3 3 3400 2471 3230
4939 2 2 3 3 3401 2772 3242
4940 2 2 3 3 3443 2690 2691
4941 2 2 3 3 3402 2681 3104
4942 2 2 3 3 3402 3104 2780
4943 2 2 3 3 3403 2006 2007
4944 2 2 3 3 3403 1944 1945
4945 2 2 3 3 3404 2543 2544
4946 2 2 3 3 3404 2481 2482
4947 2 2 3 3 3405 3053 2160
4948 2 2 3 3 3427 2161 2162
4949 2 2 3 3 3406 3064 2697
4950 2 2 3 3 3445 2698 2699
4951 2 2 3 3 3407 3097 1667
4952 2 2 3 3 3407 1667 1668
4953 2 2 3 3 3408 3098 1491
4954 2 2 3 3 3408 1491 1492
4955 2 2 3 3 3409 1503 1504
4956 2 2 3 3 3409 2806 2807
4957 2 2 3 3 3410 2576 2577
4958 2 2 3 3 3410 2577 3256
4959 2 2 3 3 3411 1597 3265
4960 2 2 3 3 3411 2437 2438
4961 2 2 3 3 3412 1674 1675
4962 2 2 3 3 3412 2274 2275
4963 2 2 3 3 3413 2039 2040
4964 2 2 3 3 3413 2040 3253
4965 2 2 3 3 3414 2037 2038
4966 2 2 3 3 3414 1913 1914
4967 2 2 3 3 3415 2032 2033
4968 2 2 3 3 3415 1918 1919
4969 2 2 3 3 3416 1916 3291
4970 2 2 3 3 3416 2035 2036
4971 2 2 3 3 3417 1939 1940
4972 2 2 3 3 3457 3417 1940
4973 2 2 3 3 3418 1949 1950
4974 2 2 3 3 3456 3419 2000
4975 2 2 3 3 3456 2000 2001
4976 2 2 3 3 3419 1951 1952
4977 2 2 3 3 3420 3233 1943
4978 2 2 3 3 3420 1943 1944
4979 2 2 3 3 3421 2021 2022
4980 2 2 3 3 3421 1929 1930
4981 2 2 3 3 3422 2131 3279
4982 2 2 3 3 3422 2256 2257
4983 2 2 3 3 3423 2138 3236
4984 2 2 3 3 3423 2249 2250
4985 2 2 3 3 3424 2148 3235
4986 2 2 3 3 3424 2239 2240
4987 2 2 3 3 3425 2154 3052
4988 2 2 3 3 3425 2233 2234
4989 2 2 3 3 3462 2157 2158
4990 2 2 3 3 3426 2230 2231
4991 2 2 3 3 3427 3229 2225
4992 2 2 3 3 3427 2225 2226
4993 2 2 3 3 3428 2163 2164
4994 2 2 3 3 3428 2223 2224
4995 2 2 3 3 3429 2167 2168
4996 2 2 3 3 3429 2219 2220
4997 2 2 3 3 3430 2169 3224
4998 2 2 3 3 3430 3224 2218
4999 2 2 3 3 3431 2147 3424
5000 2 2 3 3 3431 2240 2241
5001 2 2 3 3 3432 1679 1680
5002 2 2 3 3 3432 2269 2270
5003 2 2 3 3 3433 2272 3297
5004 2 2 3 3 3433 1677 1678
5005 2 2 3 3 3434 2574 2575
5006 2 2 3 3 3434 2450 2451
5007 2 2 3 3 3435 2569 2570
5008 2 2 3 3 3435 2455 2456
5009 2 2 3 3 3436 2453 3305
5010 2 2 3 3 3436 2572 2573
5011 2 2 3 3 3437 2476 2477
5012 2 2 3 3 3468 3437 2477
5013 2 2 3 3 3438 2486 2487
5014 2 2 3 3 3467 3439 2537
5015 2 2 3 3 3467 2537 2538
5016 2 2 3 3 3439 2488 2489
5017 2 2 3 3 3440 3237 2480
5018 2 2 3 3 3440 2480 2481
5019 2 2 3 3 3441 2558 2559
5020 2 2 3 3 3441 2466 2467
5021 2 2 3 3 3442 2685 3239
5022 2 2 3 3 3442 2776 2777
5023 2 2 3 3 3443 2691 3063
5024 2 2 3 3 3443 2770 2771
5025 2 2 3 3 3444 2767 2768
5026 2 2 3 3 3444 2693 2694
5027 2 2 3 3 3445 3232 2762
5028 2 2 3 3 3445 2762 2763
5029 2 2 3 3 3446 2700 2701
5030 2 2 3 3 3446 2760 2761
5031 2 2 3 3 3448 3447 2756
5032 2 2 3 3 3447 2706 3226
5033 2 2 3 3 3448 2704 2705
5034 2 2 3 3 3448 2756 2757
5035 2 2 3 3 3449 2684 3442
5036 2 2 3 3 3449 2777 2778
5037 2 2 3 3 3450 2675 3240
5038 2 2 3 3 3450 2786 2787
5039 2 2 3 3 3451 3257 2804
5040 2 2 3 3 3451 2805 3260
5041 2 2 3 3 3452 2808 2809
5042 2 2 3 3 3452 2809 3311
5043 2 2 3 3 3453 1498 1499
5044 2 2 3 3 3453 2811 2812
5045 2 2 3 3 3454 1898 3272
5046 2 2 3 3 3454 1776 3288
5047 2 2 3 3 3455 3245 1904
5048 2 2 3 3 3455 1904 1905
5049 2 2 3 3 3456 3418 1950
5050 2 2 3 3 3456 1950 1951
5051 2 2 3 3 3457 1941 3048
5052 2 2 3 3 3457 2010 2011
5053 2 2 3 3 3458 1936 3047
5054 2 2 3 3 3458 2015 2016
5055 2 2 3 3 4128 1931 1932
5056 2 2 3 3 3459 2020 2021
5057 2 2 3 3 3460 1919 1920
5058 2 2 3 3 3460 1920 3276
5059 2 2 3 3 3461 2221 3085
5060 2 2 3 3 3461 2167 3429
5061 2 2 3 3 3462 2230 3426
5062 2 2 3 3 3462 2158 3096
5063 2 2 3 3 3463 2254 3278
5064 2 2 3 3 3463 2134 3295
5065 2 2 3 3 4132 3464 2261
5066 2 2 3 3 3464 46 3247
5067 2 2 3 3 3465 2435 3264
5068 2 2 3 3 3465 1600 3302
5069 2 2 3 3 3466 3243 2441
5070 2 2 3 3 3466 2441 2442
5071 2 2 3 3 3467 3438 2487
5072 2 2 3 3 3467 2487 2488
5073 2 2 3 3 3468 2478 3058
5074 2 2 3 3 3468 2547 2548
5075 2 2 3 3 3469 2473 3057
5076 2 2 3 3 3469 2552 2553
5077 2 2 3 3 4129 2468 2469
5078 2 2 3 3 3470 2557 2558
5079 2 2 3 3 3471 2456 2457
5080 2 2 3 3 3471 2457 3281
5081 2 2 3 3 3472 2758 3088
5082 2 2 3 3 3472 2704 3448
5083 2 2 3 3 3473 2767 3444
5084 2 2 3 3 3473 2695 3095
5085 2 2 3 3 3474 2791 3282
5086 2 2 3 3 3474 2671 3309
5087 2 2 3 3 3475 3249 2797
5088 2 2 3 3 3475 2797 2798
5089 2 2 3 3 3476 3060 2795
5090 2 2 3 3 3476 2795 2796
5091 2 2 3 3 3477 2440 3243
5092 2 2 3 3 4092 1595 1596
5093 2 2 3 3 3478 3038 1902
5094 2 2 3 3 3478 1902 1903
5095 2 2 3 3 3479 3099 2025
5096 2 2 3 3 3479 2025 2026
5097 2 2 3 3 3480 3100 2562
5098 2 2 3 3 3480 2562 2563
5099 2 2 3 3 3481 2258 2259
5100 2 2 3 3 3481 2259 3247
5101 2 2 3 3 3662 3482 2309
5102 2 2 3 3 4240 3485 2987
5103 2 2 3 3 3721 3483 2846
5104 2 2 3 3 4241 3484 2911
5105 2 2 3 3 4241 2911 3483
5106 2 2 3 3 4241 3510 3484
5107 2 2 3 3 4240 2987 3482
5108 2 2 3 3 4240 3493 3485
5109 2 2 3 3 3640 3486 1953
5110 2 2 3 3 4124 1420 1419
5111 2 2 3 3 3699 3487 2490
5112 2 2 3 3 4125 1189 1188
5113 2 2 3 3 3610 3488 1833
5114 2 2 3 3 4156 3488 3610
5115 2 2 3 3 3729 3489 1831
5116 2 2 3 3 4155 3489 3729
5117 2 2 3 3 3609 3490 1829
5118 2 2 3 3 4109 3735 2895
5119 2 2 3 3 3605 3492 1820
5120 2 2 3 3 3491 1821 1822
5121 2 2 3 3 3604 2891 3105
5122 2 2 3 3 3492 1819 1820
5123 2 2 3 3 4106 3535 3683
5124 2 2 3 3 3493 2396 2397
5125 2 2 3 3 4196 3494 3700
5126 2 2 3 3 3701 3494 2892
5127 2 2 3 3 4229 3703 3495
5128 2 2 3 3 3495 2882 2883
5129 2 2 3 3 3719 3496 2850
5130 2 2 3 3 4186 3496 3719
5131 2 2 3 3 3720 3497 2848
5132 2 2 3 3 4107 3624 2910
5133 2 2 3 3 4229 2894 3703
5134 2 2 3 3 4229 3728 3498
5135 2 2 3 3 4148 3499 2899
5136 2 2 3 3 4148 3611 3499
5137 2 2 3 3 4149 3500 2900
5138 2 2 3 3 4149 3612 3500
5139 2 2 3 3 4150 3501 2901
5140 2 2 3 3 4150 3613 3501
5141 2 2 3 3 4151 2902 3711
5142 2 2 3 3 4151 3614 3502
5143 2 2 3 3 4246 3712 2902
5144 2 2 3 3 3615 3503 2902
5145 2 2 3 3 3618 1847 1848
5146 2 2 3 3 4152 3617 3504
5147 2 2 3 3 3619 1849 1850
5148 2 2 3 3 4143 3618 3505
5149 2 2 3 3 3620 1851 1852
5150 2 2 3 3 4136 3619 3506
5151 2 2 3 3 3621 3507 1853
5152 2 2 3 3 4135 3620 3507
5153 2 2 3 3 4137 3508 2908
5154 2 2 3 3 4137 3621 3508
5155 2 2 3 3 3624 3510 2910
5156 2 2 3 3 3623 3622 1856
5157 2 2 3 3 3510 1860 3484
5158 2 2 3 3 4107 2910 3497
5159 2 2 3 3 3511 1954 1955
5160 2 2 3 3 3639 3511 1955
5161 2 2 3 3 3512 1957 1958
5162 2 2 3 3 3638 3512 1958
5163 2 2 3 3 3513 1961 1962
5164 2 2 3 3 3514 3513 1962
5165 2 2 3 3 3514 1962 1963
5166 2 2 3 3 3515 3514 1963
5167 2 2 3 3 3636 3515 1964
5168 2 2 3 3 3515 1431 3514
5169 2 2 3 3 3516 1965 1966
5170 2 2 3 3 3635 3516 1966
5171 2 2 3 3 3517 1968 1969
5172 2 2 3 3 3634 3517 1969
5173 2 2 3 3 3518 1970 1971
5174 2 2 3 3 3519 3518 1971
5175 2 2 3 3 3519 1971 1972
5176 2 2 3 3 3520 3519 1972
5177 2 2 3 3 3633 3520 1973
5178 2 2 3 3 3520 1440 1439
5179 2 2 3 3 3521 1974 1975
5180 2 2 3 3 3632 3521 1975
5181 2 2 3 3 3522 1977 1978
5182 2 2 3 3 3523 3522 1978
5183 2 2 3 3 3523 1446 1445
5184 2 2 3 3 3523 1978 1979
5185 2 2 3 3 3723 3524 1981
5186 2 2 3 3 3524 1448 1447
5187 2 2 3 3 3525 1983 1984
5188 2 2 3 3 3730 3525 1984
5189 2 2 3 3 3526 1987 1988
5190 2 2 3 3 3628 3526 1988
5191 2 2 3 3 3627 3527 1990
5192 2 2 3 3 3527 1457 1456
5193 2 2 3 3 3528 1992 1993
5194 2 2 3 3 3625 1993 1994
5195 2 2 3 3 3529 1985 1986
5196 2 2 3 3 3629 3529 1986
5197 2 2 3 3 3530 1976 1977
5198 2 2 3 3 3530 1977 3522
5199 2 2 3 3 3531 1967 1968
5200 2 2 3 3 3531 1968 3517
5201 2 2 3 3 3532 1959 1960
5202 2 2 3 3 3637 3532 1960
5203 2 2 3 3 3639 1424 1423
5204 2 2 3 3 3533 1956 1957
5205 2 2 3 3 3661 3534 2311
5206 2 2 3 3 4106 3683 2986
5207 2 2 3 3 4185 3682 2985
5208 2 2 3 3 3535 2394 2395
5209 2 2 3 3 3660 3536 2313
5210 2 2 3 3 4185 3536 3660
5211 2 2 3 3 4138 3537 2984
5212 2 2 3 3 4138 3680 3537
5213 2 2 3 3 4139 3679 3538
5214 2 2 3 3 3538 2389 2390
5215 2 2 3 3 3658 2316 2317
5216 2 2 3 3 4138 3659 3539
5217 2 2 3 3 4140 3678 3540
5218 2 2 3 3 3540 2387 2388
5219 2 2 3 3 3541 2317 2318
5220 2 2 3 3 4139 3541 2982
5221 2 2 3 3 4141 3677 3542
5222 2 2 3 3 3542 2385 2386
5223 2 2 3 3 3543 2319 2320
5224 2 2 3 3 4140 3543 2981
5225 2 2 3 3 4142 3676 3544
5226 2 2 3 3 3544 2383 2384
5227 2 2 3 3 3545 2321 2322
5228 2 2 3 3 4141 3545 2980
5229 2 2 3 3 4247 3653 2978
5230 2 2 3 3 3674 3546 2978
5231 2 2 3 3 3547 2323 2324
5232 2 2 3 3 4142 2979 3676
5233 2 2 3 3 4147 2978 3652
5234 2 2 3 3 4147 3673 3548
5235 2 2 3 3 3652 2327 2328
5236 2 2 3 3 4247 2978 3546
5237 2 2 3 3 4146 3550 2977
5238 2 2 3 3 4146 3672 3550
5239 2 2 3 3 3651 2329 2330
5240 2 2 3 3 4147 3652 3551
5241 2 2 3 3 4145 3552 2976
5242 2 2 3 3 4145 3671 3552
5243 2 2 3 3 3650 2331 2332
5244 2 2 3 3 4146 3651 3553
5245 2 2 3 3 4144 3554 2975
5246 2 2 3 3 4144 3670 3554
5247 2 2 3 3 3649 2333 2334
5248 2 2 3 3 4145 3650 3555
5249 2 2 3 3 3648 3556 2335
5250 2 2 3 3 4144 3649 3556
5251 2 2 3 3 4154 3557 3669
5252 2 2 3 3 3733 3557 2973
5253 2 2 3 3 4153 3558 3733
5254 2 2 3 3 3668 3558 2972
5255 2 2 3 3 3731 2340 2341
5256 2 2 3 3 3646 3559 2972
5257 2 2 3 3 4108 3731 2971
5258 2 2 3 3 3667 3560 2971
5259 2 2 3 3 3645 3563 2970
5260 2 2 3 3 3731 3561 2971
5261 2 2 3 3 4228 2970 3644
5262 2 2 3 3 4228 3732 3562
5263 2 2 3 3 3644 2344 2345
5264 2 2 3 3 4239 2970 3725
5265 2 2 3 3 3643 2346 2347
5266 2 2 3 3 4228 3644 3564
5267 2 2 3 3 3664 3567 2357
5268 2 2 3 3 3565 2358 2359
5269 2 2 3 3 4195 3566 3641
5270 2 2 3 3 3642 3566 2968
5271 2 2 3 3 3663 2967 3106
5272 2 2 3 3 3567 2356 2357
5273 2 2 3 3 3568 2491 2492
5274 2 2 3 3 3698 3568 2492
5275 2 2 3 3 3569 2494 2495
5276 2 2 3 3 3697 3569 2495
5277 2 2 3 3 3570 2498 2499
5278 2 2 3 3 3571 3570 2499
5279 2 2 3 3 3571 2499 2500
5280 2 2 3 3 3572 3571 2500
5281 2 2 3 3 3695 3572 2501
5282 2 2 3 3 3572 1200 3571
5283 2 2 3 3 3573 2502 2503
5284 2 2 3 3 3694 3573 2503
5285 2 2 3 3 3574 2505 2506
5286 2 2 3 3 3693 3574 2506
5287 2 2 3 3 3575 2507 2508
5288 2 2 3 3 3576 3575 2508
5289 2 2 3 3 3576 2508 2509
5290 2 2 3 3 3577 3576 2509
5291 2 2 3 3 3692 3577 2510
5292 2 2 3 3 3577 1209 1208
5293 2 2 3 3 3578 2511 2512
5294 2 2 3 3 3691 3578 2512
5295 2 2 3 3 3579 2514 2515
5296 2 2 3 3 3580 3579 2515
5297 2 2 3 3 3580 1215 1214
5298 2 2 3 3 3580 2515 2516
5299 2 2 3 3 3726 3581 2518
5300 2 2 3 3 3581 1217 1216
5301 2 2 3 3 3582 2520 2521
5302 2 2 3 3 3734 3582 2521
5303 2 2 3 3 3583 2524 2525
5304 2 2 3 3 3687 3583 2525
5305 2 2 3 3 3686 3584 2527
5306 2 2 3 3 3584 1226 1225
5307 2 2 3 3 3585 2529 2530
5308 2 2 3 3 3684 2530 2531
5309 2 2 3 3 3586 2522 2523
5310 2 2 3 3 3688 3586 2523
5311 2 2 3 3 3587 2513 2514
5312 2 2 3 3 3587 2514 3579
5313 2 2 3 3 3588 2504 2505
5314 2 2 3 3 3588 2505 3574
5315 2 2 3 3 3589 2496 2497
5316 2 2 3 3 3696 3589 2497
5317 2 2 3 3 3698 1193 1192
5318 2 2 3 3 3590 2493 2494
5319 2 2 3 3 3717 2853 2854
5320 2 2 3 3 4137 3718 3591
5321 2 2 3 3 4135 3592 2906
5322 2 2 3 3 4135 3717 3592
5323 2 2 3 3 4136 3593 2905
5324 2 2 3 3 4136 3716 3593
5325 2 2 3 3 4143 3594 2904
5326 2 2 3 3 4143 3715 3594
5327 2 2 3 3 4152 2903 3617
5328 2 2 3 3 4152 3714 3595
5329 2 2 3 3 3711 2864 2865
5330 2 2 3 3 4246 2902 3503
5331 2 2 3 3 3710 2866 2867
5332 2 2 3 3 4151 3711 3597
5333 2 2 3 3 3709 2868 2869
5334 2 2 3 3 4150 3710 3598
5335 2 2 3 3 3708 2870 2871
5336 2 2 3 3 4149 3709 3599
5337 2 2 3 3 3707 3600 2872
5338 2 2 3 3 4148 3708 3600
5339 2 2 3 3 3735 2877 2878
5340 2 2 3 3 3705 3601 2896
5341 2 2 3 3 3704 3603 2894
5342 2 2 3 3 3735 3602 2895
5343 2 2 3 3 3703 2881 2882
5344 2 2 3 3 4238 2894 3722
5345 2 2 3 3 3604 3105 1818
5346 2 2 3 3 3604 1818 1819
5347 2 2 3 3 3605 3491 2892
5348 2 2 3 3 4196 3605 2892
5349 2 2 3 3 3606 1822 1823
5350 2 2 3 3 4119 3606 2893
5351 2 2 3 3 3722 1826 1827
5352 2 2 3 3 3607 2894 3498
5353 2 2 3 3 3608 1828 3490
5354 2 2 3 3 4238 3722 3608
5355 2 2 3 3 3609 1830 3489
5356 2 2 3 3 4109 3609 2896
5357 2 2 3 3 3611 1834 1835
5358 2 2 3 3 4156 3610 2898
5359 2 2 3 3 3611 1835 3499
5360 2 2 3 3 3611 2898 3610
5361 2 2 3 3 3612 1837 3500
5362 2 2 3 3 3612 2899 3499
5363 2 2 3 3 3613 1839 3501
5364 2 2 3 3 3613 2900 3500
5365 2 2 3 3 3614 1841 3502
5366 2 2 3 3 3614 2901 3501
5367 2 2 3 3 3615 1843 3503
5368 2 2 3 3 3615 2902 3502
5369 2 2 3 3 3617 1845 1846
5370 2 2 3 3 4246 3616 2903
5371 2 2 3 3 4152 3504 2904
5372 2 2 3 3 3617 2903 3616
5373 2 2 3 3 3618 3504 1847
5374 2 2 3 3 3618 1848 3505
5375 2 2 3 3 3619 2905 3505
5376 2 2 3 3 3619 3505 1849
5377 2 2 3 3 3620 2906 3506
5378 2 2 3 3 3620 3506 1851
5379 2 2 3 3 3621 1854 3508
5380 2 2 3 3 3621 2907 3507
5381 2 2 3 3 3623 1856 1857
5382 2 2 3 3 3622 2908 3508
5383 2 2 3 3 3623 3509 2909
5384 2 2 3 3 4186 3623 2909
5385 2 2 3 3 3624 3509 1858
5386 2 2 3 3 3624 1858 1859
5387 2 2 3 3 3625 1460 3528
5388 2 2 3 3 3736 1994 1995
5389 2 2 3 3 3626 1991 1992
5390 2 2 3 3 3626 1992 3528
5391 2 2 3 3 3627 1990 1991
5392 2 2 3 3 3627 1991 3626
5393 2 2 3 3 3628 1988 1989
5394 2 2 3 3 3628 1989 3527
5395 2 2 3 3 3629 1987 3526
5396 2 2 3 3 3629 1454 1453
5397 2 2 3 3 3630 1982 1983
5398 2 2 3 3 3630 1983 3525
5399 2 2 3 3 3631 1979 1980
5400 2 2 3 3 3631 1980 3524
5401 2 2 3 3 3632 1976 3530
5402 2 2 3 3 3632 1443 1442
5403 2 2 3 3 3633 1973 1974
5404 2 2 3 3 3633 1974 3521
5405 2 2 3 3 3634 1970 3518
5406 2 2 3 3 3634 1437 3517
5407 2 2 3 3 3635 1967 3531
5408 2 2 3 3 3635 1434 3516
5409 2 2 3 3 3636 1964 1965
5410 2 2 3 3 3636 1965 3516
5411 2 2 3 3 3637 1961 3513
5412 2 2 3 3 3637 1428 3532
5413 2 2 3 3 3638 1959 3532
5414 2 2 3 3 3638 1426 3512
5415 2 2 3 3 3639 1956 3533
5416 2 2 3 3 3639 1423 3511
5417 2 2 3 3 3640 1953 1954
5418 2 2 3 3 3640 1954 3511
5419 2 2 3 3 3737 2350 2351
5420 2 2 3 3 4195 3641 2967
5421 2 2 3 3 3642 2348 3566
5422 2 2 3 3 4118 3643 3642
5423 2 2 3 3 3643 3564 2346
5424 2 2 3 3 3643 2347 3642
5425 2 2 3 3 3644 3563 2344
5426 2 2 3 3 3644 2345 3564
5427 2 2 3 3 3645 3561 2342
5428 2 2 3 3 3645 2342 2343
5429 2 2 3 3 4153 3646 2972
5430 2 2 3 3 4153 3724 3646
5431 2 2 3 3 4154 3647 2973
5432 2 2 3 3 4154 3648 3647
5433 2 2 3 3 3648 2336 3647
5434 2 2 3 3 3648 2974 3556
5435 2 2 3 3 3649 3555 2333
5436 2 2 3 3 3649 2334 3556
5437 2 2 3 3 3650 3553 2331
5438 2 2 3 3 3650 2332 3555
5439 2 2 3 3 3651 3551 2329
5440 2 2 3 3 3651 2330 3553
5441 2 2 3 3 3652 3549 2327
5442 2 2 3 3 3652 2328 3551
5443 2 2 3 3 4247 3654 3653
5444 2 2 3 3 3653 2326 3549
5445 2 2 3 3 3654 2325 3653
5446 2 2 3 3 3654 2979 3547
5447 2 2 3 3 3655 2323 3547
5448 2 2 3 3 3655 2980 3545
5449 2 2 3 3 3656 2321 3545
5450 2 2 3 3 3656 2981 3543
5451 2 2 3 3 3657 2319 3543
5452 2 2 3 3 3657 2982 3541
5453 2 2 3 3 3658 2317 3541
5454 2 2 3 3 3658 2983 3539
5455 2 2 3 3 3660 3659 2984
5456 2 2 3 3 3659 2315 3539
5457 2 2 3 3 3660 2314 3659
5458 2 2 3 3 4185 3660 2984
5459 2 2 3 3 3661 2312 3536
5460 2 2 3 3 4106 3661 2985
5461 2 2 3 3 3662 2310 3534
5462 2 2 3 3 4240 3662 2986
5463 2 2 3 3 3663 3106 2355
5464 2 2 3 3 3663 2355 2356
5465 2 2 3 3 3664 3565 2968
5466 2 2 3 3 4195 3664 2968
5467 2 2 3 3 3665 2359 2360
5468 2 2 3 3 4118 3665 2969
5469 2 2 3 3 3725 2363 2364
5470 2 2 3 3 3666 2970 3562
5471 2 2 3 3 3667 2365 3560
5472 2 2 3 3 4239 3725 3667
5473 2 2 3 3 3668 2367 3558
5474 2 2 3 3 4108 3668 2972
5475 2 2 3 3 3670 2371 2372
5476 2 2 3 3 4154 3669 2974
5477 2 2 3 3 3670 2372 3554
5478 2 2 3 3 3670 2974 3669
5479 2 2 3 3 3671 2374 3552
5480 2 2 3 3 3671 2975 3554
5481 2 2 3 3 3672 2376 3550
5482 2 2 3 3 3672 2976 3552
5483 2 2 3 3 3673 2378 3548
5484 2 2 3 3 3673 2977 3550
5485 2 2 3 3 3674 2380 3546
5486 2 2 3 3 3674 2978 3548
5487 2 2 3 3 3676 2382 2383
5488 2 2 3 3 4247 3675 2979
5489 2 2 3 3 4142 3544 2980
5490 2 2 3 3 3676 2979 3675
5491 2 2 3 3 3677 2385 3542
5492 2 2 3 3 4141 3542 2981
5493 2 2 3 3 4140 3540 2982
5494 2 2 3 3 3678 2981 3542
5495 2 2 3 3 4139 3538 2983
5496 2 2 3 3 3679 2982 3540
5497 2 2 3 3 3680 2391 3537
5498 2 2 3 3 3680 2983 3538
5499 2 2 3 3 3682 3681 2393
5500 2 2 3 3 3681 2984 3537
5501 2 2 3 3 3682 2393 2394
5502 2 2 3 3 3682 3535 2985
5503 2 2 3 3 3683 2395 2396
5504 2 2 3 3 3683 3493 2986
5505 2 2 3 3 3684 1229 3585
5506 2 2 3 3 3738 2531 2532
5507 2 2 3 3 3685 2528 2529
5508 2 2 3 3 3685 2529 3585
5509 2 2 3 3 3686 2527 2528
5510 2 2 3 3 3686 2528 3685
5511 2 2 3 3 3687 2525 2526
5512 2 2 3 3 3687 2526 3584
5513 2 2 3 3 3688 2524 3583
5514 2 2 3 3 3688 1223 1222
5515 2 2 3 3 3689 2519 2520
5516 2 2 3 3 3689 2520 3582
5517 2 2 3 3 3690 2516 2517
5518 2 2 3 3 3690 2517 3581
5519 2 2 3 3 3691 2513 3587
5520 2 2 3 3 3691 1212 1211
5521 2 2 3 3 3692 2510 2511
5522 2 2 3 3 3692 2511 3578
5523 2 2 3 3 3693 2507 3575
5524 2 2 3 3 3693 1206 3574
5525 2 2 3 3 3694 2504 3588
5526 2 2 3 3 3694 1203 3573
5527 2 2 3 3 3695 2501 2502
5528 2 2 3 3 3695 2502 3573
5529 2 2 3 3 3696 2498 3570
5530 2 2 3 3 3696 1197 3589
5531 2 2 3 3 3697 2496 3589
5532 2 2 3 3 3697 1195 3569
5533 2 2 3 3 3698 2493 3590
5534 2 2 3 3 3698 1192 3568
5535 2 2 3 3 3699 2490 2491
5536 2 2 3 3 3699 2491 3568
5537 2 2 3 3 3739 2887 2888
5538 2 2 3 3 4196 3700 2891
5539 2 2 3 3 3701 2885 3494
5540 2 2 3 3 4119 3702 3701
5541 2 2 3 3 3702 3495 2883
5542 2 2 3 3 3702 2884 3701
5543 2 2 3 3 4229 3495 2893
5544 2 2 3 3 3703 2894 3603
5545 2 2 3 3 3704 3602 2879
5546 2 2 3 3 3704 2879 2880
5547 2 2 3 3 4155 3705 2896
5548 2 2 3 3 4155 3727 3705
5549 2 2 3 3 4156 3706 2897
5550 2 2 3 3 4156 3707 3706
5551 2 2 3 3 3707 2873 3706
5552 2 2 3 3 3707 2898 3600
5553 2 2 3 3 3708 3599 2870
5554 2 2 3 3 3708 2871 3600
5555 2 2 3 3 3709 3598 2868
5556 2 2 3 3 3709 2869 3599
5557 2 2 3 3 3710 3597 2866
5558 2 2 3 3 3710 2867 3598
5559 2 2 3 3 3711 3596 2864
5560 2 2 3 3 3711 2865 3597
5561 2 2 3 3 4246 3713 3712
5562 2 2 3 3 3712 2863 3596
5563 2 2 3 3 3713 2862 3712
5564 2 2 3 3 3713 2903 3595
5565 2 2 3 3 3714 2860 3595
5566 2 2 3 3 3714 2904 3594
5567 2 2 3 3 3715 2858 3594
5568 2 2 3 3 3715 2905 3593
5569 2 2 3 3 3716 2856 3593
5570 2 2 3 3 3716 2906 3592
5571 2 2 3 3 3717 2854 3592
5572 2 2 3 3 3717 2907 3591
5573 2 2 3 3 3719 3718 2908
5574 2 2 3 3 3718 2852 3591
5575 2 2 3 3 3719 2851 3718
5576 2 2 3 3 4186 3719 2908
5577 2 2 3 3 3720 2849 3496
5578 2 2 3 3 4107 3720 2909
5579 2 2 3 3 3721 2847 3497
5580 2 2 3 3 4241 3721 2910
5581 2 2 3 3 3722 2894 3607
5582 2 2 3 3 3722 3607 1826
5583 2 2 3 3 3723 1982 3630
5584 2 2 3 3 3723 1449 1448
5585 2 2 3 3 3724 2338 3646
5586 2 2 3 3 3724 2973 3647
5587 2 2 3 3 3725 2970 3666
5588 2 2 3 3 3725 3666 2363
5589 2 2 3 3 3726 2519 3689
5590 2 2 3 3 3726 1218 1217
5591 2 2 3 3 3727 2875 3705
5592 2 2 3 3 3727 2897 3706
5593 2 2 3 3 3728 1824 3498
5594 2 2 3 3 3728 2893 3606
5595 2 2 3 3 3729 1832 3488
5596 2 2 3 3 4155 3729 2897
5597 2 2 3 3 3730 1984 1985
5598 2 2 3 3 3730 1985 3529
5599 2 2 3 3 4108 2971 3560
5600 2 2 3 3 3731 3559 2340
5601 2 2 3 3 3732 2361 3562
5602 2 2 3 3 3732 2969 3665
5603 2 2 3 3 3733 2369 3557
5604 2 2 3 3 4153 3733 2973
5605 2 2 3 3 3734 2521 2522
5606 2 2 3 3 3734 2522 3586
5607 2 2 3 3 4109 2895 3490
5608 2 2 3 3 3735 3601 2877
5609 2 2 3 3 4133 1995 42
5610 2 2 3 3 3736 1461 3625
5611 2 2 3 3 3737 2351 3108
5612 2 2 3 3 3737 3108 2967
5613 2 2 3 3 4134 2532 57
5614 2 2 3 3 3738 1230 3684
5615 2 2 3 3 3739 2888 3107
5616 2 2 3 3 3739 3107 2891
5617 2 2 3 3 4100 29 3466
5618 2 2 3 3 4226 3760 3973
5619 2 2 3 3 4101 35 3455
5620 2 2 3 3 4227 3767 3999
5621 2 2 3 3 4219 4098 3742
5622 2 2 3 3 4224 3774 4005
5623 2 2 3 3 4097 61 3475
5624 2 2 3 3 4225 3781 3952
5625 2 2 3 3 3770 2042 2043
5626 2 2 3 3 4094 3744 2889
5627 2 2 3 3 4096 3745 3036
5628 2 2 3 3 3745 33 1684
5629 2 2 3 3 3777 2579 2580
5630 2 2 3 3 4095 3746 2919
5631 2 2 3 3 4099 3747 2890
5632 2 2 3 3 3747 27 1508
5633 2 2 3 3 4077 2655 2656
5634 2 2 3 3 4207 3748 4077
5635 2 2 3 3 3860 3792 2954
5636 2 2 3 3 4207 4021 2955
5637 2 2 3 3 4061 3976 3032
5638 2 2 3 3 4205 3750 4061
5639 2 2 3 3 3883 3827 2996
5640 2 2 3 3 4205 4037 3031
5641 2 2 3 3 3906 3854 2995
5642 2 2 3 3 4208 4053 3002
5643 2 2 3 3 3929 3855 2925
5644 2 2 3 3 4206 4069 2924
5645 2 2 3 3 3871 3754 2924
5646 2 2 3 3 4029 1584 1585
5647 2 2 3 3 3894 3755 3002
5648 2 2 3 3 4045 4019 3001
5649 2 2 3 3 4014 3756 1509
5650 2 2 3 3 4225 3952 2890
5651 2 2 3 3 4123 3757 4013
5652 2 2 3 3 4014 3757 2959
5653 2 2 3 3 4011 1514 1515
5654 2 2 3 3 4161 4020 3758
5655 2 2 3 3 3953 1516 1517
5656 2 2 3 3 4157 4011 3759
5657 2 2 3 3 3973 3760 1592
5658 2 2 3 3 3972 3760 2920
5659 2 2 3 3 4164 4016 3761
5660 2 2 3 3 3761 1588 1589
5661 2 2 3 3 4158 4017 3762
5662 2 2 3 3 3762 1586 1587
5663 2 2 3 3 3978 3763 1685
5664 2 2 3 3 4224 4005 3036
5665 2 2 3 3 4122 3764 3979
5666 2 2 3 3 3978 3764 3035
5667 2 2 3 3 3975 1690 1691
5668 2 2 3 3 4162 4036 3765
5669 2 2 3 3 3974 1692 1693
5670 2 2 3 3 4160 3975 3766
5671 2 2 3 3 3999 3767 1768
5672 2 2 3 3 3998 3767 2998
5673 2 2 3 3 4163 4018 3768
5674 2 2 3 3 3768 1764 1765
5675 2 2 3 3 4159 4019 3769
5676 2 2 3 3 3769 1762 1763
5677 2 2 3 3 4000 3770 2043
5678 2 2 3 3 4227 3999 2889
5679 2 2 3 3 4121 3771 4001
5680 2 2 3 3 4000 3771 2998
5681 2 2 3 3 4002 2048 2049
5682 2 2 3 3 4163 4052 3772
5683 2 2 3 3 4003 2050 2051
5684 2 2 3 3 4159 4002 3773
5685 2 2 3 3 4005 3774 2126
5686 2 2 3 3 4004 3774 3035
5687 2 2 3 3 3775 2122 2123
5688 2 2 3 3 4162 3775 3034
5689 2 2 3 3 4160 3776 3033
5690 2 2 3 3 4160 3976 3776
5691 2 2 3 3 4006 3777 2580
5692 2 2 3 3 4226 3973 2919
5693 2 2 3 3 4120 3778 4007
5694 2 2 3 3 4006 3778 2920
5695 2 2 3 3 4008 2585 2586
5696 2 2 3 3 4164 4068 3779
5697 2 2 3 3 4009 2587 2588
5698 2 2 3 3 4158 4008 3780
5699 2 2 3 3 3952 3781 2663
5700 2 2 3 3 4015 3781 2959
5701 2 2 3 3 3782 2659 2660
5702 2 2 3 3 4161 3782 2958
5703 2 2 3 3 3783 2657 2658
5704 2 2 3 3 4157 3783 2957
5705 2 2 3 3 3943 2648 2649
5706 2 2 3 3 4235 3790 3944
5707 2 2 3 3 4235 3944 2952
5708 2 2 3 3 3863 3785 2952
5709 2 2 3 3 3865 3786 1528
5710 2 2 3 3 4113 3786 3865
5711 2 2 3 3 3866 3787 1530
5712 2 2 3 3 4189 3787 3866
5713 2 2 3 3 3947 3796 2640
5714 2 2 3 3 3788 2641 2642
5715 2 2 3 3 3945 2644 2645
5716 2 2 3 3 4189 3946 2950
5717 2 2 3 3 3790 2645 2646
5718 2 2 3 3 3944 3790 2646
5719 2 2 3 3 4116 3861 2953
5720 2 2 3 3 3791 1522 1523
5721 2 2 3 3 4193 3860 2954
5722 2 2 3 3 3792 1520 1521
5723 2 2 3 3 4116 3793 3941
5724 2 2 3 3 3942 3793 2953
5725 2 2 3 3 3940 3794 2653
5726 2 2 3 3 4193 3794 3940
5727 2 2 3 3 3867 1532 1533
5728 2 2 3 3 4203 3795 3867
5729 2 2 3 3 3948 3796 2948
5730 2 2 3 3 3796 2639 2640
5731 2 2 3 3 3867 3797 2948
5732 2 2 3 3 3797 1533 1534
5733 2 2 3 3 4165 3950 3798
5734 2 2 3 3 3798 2636 2637
5735 2 2 3 3 4166 3951 3799
5736 2 2 3 3 3799 2634 2635
5737 2 2 3 3 3800 1536 1537
5738 2 2 3 3 4165 3800 2946
5739 2 2 3 3 4222 4078 3801
5740 2 2 3 3 3801 2632 2633
5741 2 2 3 3 3802 1538 1539
5742 2 2 3 3 4166 3802 2945
5743 2 2 3 3 4171 3803 2934
5744 2 2 3 3 4171 3939 3803
5745 2 2 3 3 3882 1562 1563
5746 2 2 3 3 4220 4030 3804
5747 2 2 3 3 4170 3805 2933
5748 2 2 3 3 4170 3938 3805
5749 2 2 3 3 3881 1564 1565
5750 2 2 3 3 4171 3882 3806
5751 2 2 3 3 3880 1566 1567
5752 2 2 3 3 4170 3881 3807
5753 2 2 3 3 3936 3810 2603
5754 2 2 3 3 3808 2604 2605
5755 2 2 3 3 3878 3811 2930
5756 2 2 3 3 3879 3809 2931
5757 2 2 3 3 4202 3810 3936
5758 2 2 3 3 3935 3810 2930
5759 2 2 3 3 3877 3813 2929
5760 2 2 3 3 4202 3878 2930
5761 2 2 3 3 4188 3812 3935
5762 2 2 3 3 3934 3812 2929
5763 2 2 3 3 3876 3815 2928
5764 2 2 3 3 4188 3877 2929
5765 2 2 3 3 4110 3814 3934
5766 2 2 3 3 3933 3814 2928
5767 2 2 3 3 3875 3817 2927
5768 2 2 3 3 4110 3876 2928
5769 2 2 3 3 4236 3875 2927
5770 2 2 3 3 3932 3816 2927
5771 2 2 3 3 3874 1577 1578
5772 2 2 3 3 4236 2927 3816
5773 2 2 3 3 3873 3818 2926
5774 2 2 3 3 3872 3818 1580
5775 2 2 3 3 3920 2111 2112
5776 2 2 3 3 4234 3825 3921
5777 2 2 3 3 4234 3921 3029
5778 2 2 3 3 3886 3820 3029
5779 2 2 3 3 3888 3821 1704
5780 2 2 3 3 4111 3821 3888
5781 2 2 3 3 3889 3822 1706
5782 2 2 3 3 4190 3822 3889
5783 2 2 3 3 4204 3924 3026
5784 2 2 3 3 3823 2104 2105
5785 2 2 3 3 3922 3825 3028
5786 2 2 3 3 4190 3923 3027
5787 2 2 3 3 3825 2108 2109
5788 2 2 3 3 3921 3825 2109
5789 2 2 3 3 4114 3884 3030
5790 2 2 3 3 3826 1698 1699
5791 2 2 3 3 4191 3883 2996
5792 2 2 3 3 3827 1696 1697
5793 2 2 3 3 4114 3828 3918
5794 2 2 3 3 3919 3828 3030
5795 2 2 3 3 3917 3829 2116
5796 2 2 3 3 4191 3829 3917
5797 2 2 3 3 3890 1708 1709
5798 2 2 3 3 4204 3830 3890
5799 2 2 3 3 3925 3831 3025
5800 2 2 3 3 3831 2102 2103
5801 2 2 3 3 3890 3832 3025
5802 2 2 3 3 3832 1709 1710
5803 2 2 3 3 4167 3927 3833
5804 2 2 3 3 3833 2099 2100
5805 2 2 3 3 4168 3928 3834
5806 2 2 3 3 3834 2097 2098
5807 2 2 3 3 3835 1712 1713
5808 2 2 3 3 4167 3835 3023
5809 2 2 3 3 4223 4062 3836
5810 2 2 3 3 3836 2095 2096
5811 2 2 3 3 3837 1714 1715
5812 2 2 3 3 4168 3837 3022
5813 2 2 3 3 4169 3838 3011
5814 2 2 3 3 4169 3916 3838
5815 2 2 3 3 3905 1738 1739
5816 2 2 3 3 4221 4046 3839
5817 2 2 3 3 4172 3840 3010
5818 2 2 3 3 4172 3915 3840
5819 2 2 3 3 3904 1740 1741
5820 2 2 3 3 4169 3905 3841
5821 2 2 3 3 3903 1742 1743
5822 2 2 3 3 4172 3904 3842
5823 2 2 3 3 4201 3913 3008
5824 2 2 3 3 3843 2067 2068
5825 2 2 3 3 3901 1745 1746
5826 2 2 3 3 3902 3844 3008
5827 2 2 3 3 4201 3845 3913
5828 2 2 3 3 3912 3845 3007
5829 2 2 3 3 3900 3848 3006
5830 2 2 3 3 3901 3846 3007
5831 2 2 3 3 4187 3847 3912
5832 2 2 3 3 3911 3847 3006
5833 2 2 3 3 3899 1749 1750
5834 2 2 3 3 4187 3900 3006
5835 2 2 3 3 4112 3849 3911
5836 2 2 3 3 3910 3849 3005
5837 2 2 3 3 3898 1751 1752
5838 2 2 3 3 3899 3850 3005
5839 2 2 3 3 4237 3898 3004
5840 2 2 3 3 3909 3851 3004
5841 2 2 3 3 3897 1753 1754
5842 2 2 3 3 3898 3852 3004
5843 2 2 3 3 3896 3853 3003
5844 2 2 3 3 3895 3853 1756
5845 2 2 3 3 3907 3859 3003
5846 2 2 3 3 4194 3906 2995
5847 2 2 3 3 3930 3857 2926
5848 2 2 3 3 4192 3929 2925
5849 2 2 3 3 3872 3856 2925
5850 2 2 3 3 3871 3856 1582
5851 2 2 3 3 4115 3930 2926
5852 2 2 3 3 3857 2593 2594
5853 2 2 3 3 3895 3858 2995
5854 2 2 3 3 3894 3858 1758
5855 2 2 3 3 4117 3907 3003
5856 2 2 3 3 3859 2056 2057
5857 2 2 3 3 3860 3749 1519
5858 2 2 3 3 3860 1519 1520
5859 2 2 3 3 3861 1521 1522
5860 2 2 3 3 3861 3791 2953
5861 2 2 3 3 3862 1523 1524
5862 2 2 3 3 4233 2952 3943
5863 2 2 3 3 3863 1525 3785
5864 2 2 3 3 3863 2952 3862
5865 2 2 3 3 3864 1527 3786
5866 2 2 3 3 4235 3864 2951
5867 2 2 3 3 3865 1529 3787
5868 2 2 3 3 4113 3865 2950
5869 2 2 3 3 3866 1531 3795
5870 2 2 3 3 4189 3866 2949
5871 2 2 3 3 4203 3867 2948
5872 2 2 3 3 3867 3795 1532
5873 2 2 3 3 3868 1534 1535
5874 2 2 3 3 4182 3868 2947
5875 2 2 3 3 3869 1536 3800
5876 2 2 3 3 3869 2947 3868
5877 2 2 3 3 3870 1538 3802
5878 2 2 3 3 3870 2946 3800
5879 2 2 3 3 3871 1583 3754
5880 2 2 3 3 4192 3871 2924
5881 2 2 3 3 3872 1581 3856
5882 2 2 3 3 4115 3872 2925
5883 2 2 3 3 3873 1579 3818
5884 2 2 3 3 4230 3931 2927
5885 2 2 3 3 3874 2927 3817
5886 2 2 3 3 3874 3817 1577
5887 2 2 3 3 3875 3815 1575
5888 2 2 3 3 3875 1575 1576
5889 2 2 3 3 3876 3813 1573
5890 2 2 3 3 3876 1573 1574
5891 2 2 3 3 3877 3811 1571
5892 2 2 3 3 3877 1571 1572
5893 2 2 3 3 3878 3809 1569
5894 2 2 3 3 3878 1569 1570
5895 2 2 3 3 4176 3880 3879
5896 2 2 3 3 3879 1567 1568
5897 2 2 3 3 3880 2932 3807
5898 2 2 3 3 3880 3807 1566
5899 2 2 3 3 3881 3806 1564
5900 2 2 3 3 3881 1565 3807
5901 2 2 3 3 3882 3804 1562
5902 2 2 3 3 3882 1563 3806
5903 2 2 3 3 3883 3751 1695
5904 2 2 3 3 3883 1695 1696
5905 2 2 3 3 3884 1697 1698
5906 2 2 3 3 3884 3826 3030
5907 2 2 3 3 3885 1699 1700
5908 2 2 3 3 4232 3029 3920
5909 2 2 3 3 3886 1701 3820
5910 2 2 3 3 3886 3029 3885
5911 2 2 3 3 3887 1703 3821
5912 2 2 3 3 4234 3887 3028
5913 2 2 3 3 3888 1705 3822
5914 2 2 3 3 4111 3888 3027
5915 2 2 3 3 3889 1707 3830
5916 2 2 3 3 4190 3889 3026
5917 2 2 3 3 4204 3890 3025
5918 2 2 3 3 3890 3830 1708
5919 2 2 3 3 3891 1710 1711
5920 2 2 3 3 4177 3891 3024
5921 2 2 3 3 3892 1712 3835
5922 2 2 3 3 3892 3024 3891
5923 2 2 3 3 3893 1714 3837
5924 2 2 3 3 3893 3023 3835
5925 2 2 3 3 3894 1759 3755
5926 2 2 3 3 4194 3894 3002
5927 2 2 3 3 3895 1757 3858
5928 2 2 3 3 4117 3895 2995
5929 2 2 3 3 3896 1755 3853
5930 2 2 3 3 4231 3908 3004
5931 2 2 3 3 3897 3852 1753
5932 2 2 3 3 3897 1754 3896
5933 2 2 3 3 4237 3004 3851
5934 2 2 3 3 3898 3850 1751
5935 2 2 3 3 4112 3899 3005
5936 2 2 3 3 3899 3848 1749
5937 2 2 3 3 3900 3846 1747
5938 2 2 3 3 3900 1747 1748
5939 2 2 3 3 4201 3901 3007
5940 2 2 3 3 3901 3844 1745
5941 2 2 3 3 4181 3903 3902
5942 2 2 3 3 3902 1743 1744
5943 2 2 3 3 3903 3009 3842
5944 2 2 3 3 3903 3842 1742
5945 2 2 3 3 3904 3841 1740
5946 2 2 3 3 3904 1741 3842
5947 2 2 3 3 3905 3011 3839
5948 2 2 3 3 3905 3839 1738
5949 2 2 3 3 3906 3752 2053
5950 2 2 3 3 3906 2053 2054
5951 2 2 3 3 3907 3854 2055
5952 2 2 3 3 3907 2055 2056
5953 2 2 3 3 3908 2057 2058
5954 2 2 3 3 4231 3004 3897
5955 2 2 3 3 3909 2059 3851
5956 2 2 3 3 3909 3004 3908
5957 2 2 3 3 3910 2061 3849
5958 2 2 3 3 4237 3910 3005
5959 2 2 3 3 3911 2063 3847
5960 2 2 3 3 4112 3911 3006
5961 2 2 3 3 3912 2065 3845
5962 2 2 3 3 4187 3912 3007
5963 2 2 3 3 3913 2066 2067
5964 2 2 3 3 3913 3843 3008
5965 2 2 3 3 3914 2068 2069
5966 2 2 3 3 4181 3914 3009
5967 2 2 3 3 3915 2070 3840
5968 2 2 3 3 3915 3009 3914
5969 2 2 3 3 3916 2072 3838
5970 2 2 3 3 3916 3010 3840
5971 2 2 3 3 3917 2117 3750
5972 2 2 3 3 4191 3917 3031
5973 2 2 3 3 3918 2115 3829
5974 2 2 3 3 4114 3918 2996
5975 2 2 3 3 3919 2113 3828
5976 2 2 3 3 4232 3920 3919
5977 2 2 3 3 3920 3029 3819
5978 2 2 3 3 3920 3819 2111
5979 2 2 3 3 3921 2109 2110
5980 2 2 3 3 3921 3819 3029
5981 2 2 3 3 3922 3824 2107
5982 2 2 3 3 3922 2107 2108
5983 2 2 3 3 3923 3823 2105
5984 2 2 3 3 3923 2105 2106
5985 2 2 3 3 3924 2103 2104
5986 2 2 3 3 3924 3823 3026
5987 2 2 3 3 4177 3926 3925
5988 2 2 3 3 3925 2101 2102
5989 2 2 3 3 3926 3024 3833
5990 2 2 3 3 3926 3833 2100
5991 2 2 3 3 4167 3833 3024
5992 2 2 3 3 3927 3023 3834
5993 2 2 3 3 3928 2097 3834
5994 2 2 3 3 4168 3834 3023
5995 2 2 3 3 3929 3753 2590
5996 2 2 3 3 3929 2590 2591
5997 2 2 3 3 3930 3855 2592
5998 2 2 3 3 3930 2592 2593
5999 2 2 3 3 3931 2594 2595
6000 2 2 3 3 4230 2927 3874
6001 2 2 3 3 3932 2596 3816
6002 2 2 3 3 3932 2927 3931
6003 2 2 3 3 3933 2598 3814
6004 2 2 3 3 4236 3933 2928
6005 2 2 3 3 3934 2600 3812
6006 2 2 3 3 4110 3934 2929
6007 2 2 3 3 3935 2602 3810
6008 2 2 3 3 4188 3935 2930
6009 2 2 3 3 3936 3808 2931
6010 2 2 3 3 4202 3936 2931
6011 2 2 3 3 3937 2605 2606
6012 2 2 3 3 4176 3937 2932
6013 2 2 3 3 3938 2607 3805
6014 2 2 3 3 3938 2932 3937
6015 2 2 3 3 3939 2609 3803
6016 2 2 3 3 3939 2933 3805
6017 2 2 3 3 3940 2654 3748
6018 2 2 3 3 4193 3940 2955
6019 2 2 3 3 3941 2652 3794
6020 2 2 3 3 4116 3941 2954
6021 2 2 3 3 3942 2650 3793
6022 2 2 3 3 4233 3943 3942
6023 2 2 3 3 3943 2952 3784
6024 2 2 3 3 3943 3784 2648
6025 2 2 3 3 3944 2646 2647
6026 2 2 3 3 3944 3784 2952
6027 2 2 3 3 4113 3945 2951
6028 2 2 3 3 3945 3789 2644
6029 2 2 3 3 3946 3788 2642
6030 2 2 3 3 3946 2642 2643
6031 2 2 3 3 3947 3788 2949
6032 2 2 3 3 4203 3947 2949
6033 2 2 3 3 4182 3949 3948
6034 2 2 3 3 3948 2638 2639
6035 2 2 3 3 3949 3798 2637
6036 2 2 3 3 3949 2638 3948
6037 2 2 3 3 3950 2636 3798
6038 2 2 3 3 4165 3798 2947
6039 2 2 3 3 3951 2634 3799
6040 2 2 3 3 4166 3799 2946
6041 2 2 3 3 3952 2663 2664
6042 2 2 3 3 3952 3743 2890
6043 2 2 3 3 4021 3953 1517
6044 2 2 3 3 3953 2956 3759
6045 2 2 3 3 4242 2944 3957
6046 2 2 3 3 3954 2630 2631
6047 2 2 3 3 3955 1540 1541
6048 2 2 3 3 4222 2944 4078
6049 2 2 3 3 4104 2943 3958
6050 2 2 3 3 3956 2628 2629
6051 2 2 3 3 3957 1542 1543
6052 2 2 3 3 4242 4079 2944
6053 2 2 3 3 4025 3958 1545
6054 2 2 3 3 4104 4080 2943
6055 2 2 3 3 4183 3959 2942
6056 2 2 3 3 4183 4082 3959
6057 2 2 3 3 4173 3960 2941
6058 2 2 3 3 4173 4083 3960
6059 2 2 3 3 4027 1548 1549
6060 2 2 3 3 4183 4026 3961
6061 2 2 3 3 4084 1550 28
6062 2 2 3 3 4173 4027 3962
6063 2 2 3 3 4174 4075 3963
6064 2 2 3 3 3963 2620 2621
6065 2 2 3 3 4175 4074 3964
6066 2 2 3 3 3964 2618 2619
6067 2 2 3 3 3965 1552 1553
6068 2 2 3 3 4174 3965 2938
6069 2 2 3 3 3966 1554 1555
6070 2 2 3 3 4175 3966 2937
6071 2 2 3 3 4244 4031 2935
6072 2 2 3 3 4071 3967 2935
6073 2 2 3 3 4103 4032 2936
6074 2 2 3 3 4072 3968 2936
6075 2 2 3 3 4031 1558 1559
6076 2 2 3 3 4103 2936 3968
6077 2 2 3 3 4220 2935 4030
6078 2 2 3 3 4220 4070 3970
6079 2 2 3 3 4030 1560 1561
6080 2 2 3 3 4244 2935 3967
6081 2 2 3 3 4120 4028 3972
6082 2 2 3 3 3972 1590 1591
6083 2 2 3 3 3973 1592 1593
6084 2 2 3 3 3973 3740 2919
6085 2 2 3 3 4037 3974 1693
6086 2 2 3 3 3974 3032 3766
6087 2 2 3 3 3975 3765 1690
6088 2 2 3 3 3975 1691 3766
6089 2 2 3 3 4205 4061 3032
6090 2 2 3 3 3976 2119 2120
6091 2 2 3 3 3977 3033 3776
6092 2 2 3 3 3977 2121 2122
6093 2 2 3 3 4224 3978 3035
6094 2 2 3 3 3978 1685 1686
6095 2 2 3 3 4036 1688 1689
6096 2 2 3 3 4122 3979 3034
6097 2 2 3 3 4243 3021 3983
6098 2 2 3 3 3980 2093 2094
6099 2 2 3 3 3981 1716 1717
6100 2 2 3 3 4223 3021 4062
6101 2 2 3 3 4105 3020 3984
6102 2 2 3 3 3982 2091 2092
6103 2 2 3 3 3983 1718 1719
6104 2 2 3 3 4243 4063 3021
6105 2 2 3 3 4041 3984 1721
6106 2 2 3 3 4105 4064 3020
6107 2 2 3 3 4184 3985 3019
6108 2 2 3 3 4184 4066 3985
6109 2 2 3 3 4178 3986 3018
6110 2 2 3 3 4178 4067 3986
6111 2 2 3 3 4043 1724 1725
6112 2 2 3 3 4184 4042 3987
6113 2 2 3 3 4085 1726 34
6114 2 2 3 3 4178 4043 3988
6115 2 2 3 3 4179 4059 3989
6116 2 2 3 3 3989 2083 2084
6117 2 2 3 3 4180 4058 3990
6118 2 2 3 3 3990 2081 2082
6119 2 2 3 3 3991 1728 1729
6120 2 2 3 3 4179 3991 3015
6121 2 2 3 3 3992 1730 1731
6122 2 2 3 3 4180 3992 3014
6123 2 2 3 3 4245 4047 3012
6124 2 2 3 3 4055 3993 3012
6125 2 2 3 3 4102 4048 3013
6126 2 2 3 3 4056 3994 3013
6127 2 2 3 3 4047 1734 1735
6128 2 2 3 3 4102 3013 3994
6129 2 2 3 3 4221 3012 4046
6130 2 2 3 3 4221 4054 3996
6131 2 2 3 3 4046 1736 1737
6132 2 2 3 3 4047 3997 3012
6133 2 2 3 3 4121 4044 3998
6134 2 2 3 3 3998 1766 1767
6135 2 2 3 3 3999 1768 1769
6136 2 2 3 3 3999 3741 2889
6137 2 2 3 3 4000 2044 3771
6138 2 2 3 3 4227 4000 2998
6139 2 2 3 3 4052 2046 2047
6140 2 2 3 3 4121 4001 2999
6141 2 2 3 3 4002 3000 3772
6142 2 2 3 3 4002 3772 2048
6143 2 2 3 3 4053 4003 2051
6144 2 2 3 3 4003 3001 3773
6145 2 2 3 3 4004 2124 2125
6146 2 2 3 3 4122 4004 3035
6147 2 2 3 3 4005 2126 2127
6148 2 2 3 3 4005 3742 3036
6149 2 2 3 3 4006 2581 3778
6150 2 2 3 3 4226 4006 2920
6151 2 2 3 3 4068 2583 2584
6152 2 2 3 3 4120 4007 2921
6153 2 2 3 3 4008 2922 3779
6154 2 2 3 3 4008 3779 2585
6155 2 2 3 3 4069 4009 2588
6156 2 2 3 3 4009 2923 3780
6157 2 2 3 3 4077 4010 2956
6158 2 2 3 3 4010 2656 2657
6159 2 2 3 3 4011 3758 1514
6160 2 2 3 3 4011 1515 3759
6161 2 2 3 3 4012 2957 3783
6162 2 2 3 3 4012 2658 2659
6163 2 2 3 3 4123 4013 2958
6164 2 2 3 3 4013 1511 1512
6165 2 2 3 3 4225 4014 2959
6166 2 2 3 3 4014 1509 1510
6167 2 2 3 3 4015 2661 2662
6168 2 2 3 3 4123 4015 2959
6169 2 2 3 3 4016 2922 3762
6170 2 2 3 3 4016 1587 1588
6171 2 2 3 3 4029 4017 2923
6172 2 2 3 3 4017 1585 1586
6173 2 2 3 3 4018 3000 3769
6174 2 2 3 3 4018 1763 1764
6175 2 2 3 3 4208 4045 3001
6176 2 2 3 3 4019 1761 1762
6177 2 2 3 3 4161 3758 2957
6178 2 2 3 3 4020 2958 4013
6179 2 2 3 3 4021 1517 1518
6180 2 2 3 3 4021 3749 2955
6181 2 2 3 3 4022 1540 3955
6182 2 2 3 3 4022 2945 3802
6183 2 2 3 3 4023 1542 3957
6184 2 2 3 3 4023 2944 3955
6185 2 2 3 3 4024 1544 3958
6186 2 2 3 3 4242 4024 2943
6187 2 2 3 3 4026 1546 1547
6188 2 2 3 3 4104 4025 2942
6189 2 2 3 3 4026 1547 3961
6190 2 2 3 3 4183 3961 2941
6191 2 2 3 3 4027 2941 3961
6192 2 2 3 3 4027 3961 1548
6193 2 2 3 3 4028 1590 3972
6194 2 2 3 3 4028 2921 3761
6195 2 2 3 3 4206 4029 2923
6196 2 2 3 3 4029 3754 1584
6197 2 2 3 3 4030 1561 3804
6198 2 2 3 3 4220 3804 2934
6199 2 2 3 3 4031 3969 1558
6200 2 2 3 3 4031 1559 3971
6201 2 2 3 3 4103 4033 4032
6202 2 2 3 3 4032 1556 1557
6203 2 2 3 3 4033 1556 4032
6204 2 2 3 3 4033 2937 3966
6205 2 2 3 3 4034 1554 3966
6206 2 2 3 3 4034 2938 3965
6207 2 2 3 3 4035 1552 3965
6208 2 2 3 3 4089 4084 28
6209 2 2 3 3 4036 1689 3765
6210 2 2 3 3 4162 3765 3033
6211 2 2 3 3 4037 1693 1694
6212 2 2 3 3 4037 3751 3031
6213 2 2 3 3 4038 1716 3981
6214 2 2 3 3 4038 3022 3837
6215 2 2 3 3 4039 1718 3983
6216 2 2 3 3 4039 3021 3981
6217 2 2 3 3 4040 1720 3984
6218 2 2 3 3 4243 4040 3020
6219 2 2 3 3 4042 1722 1723
6220 2 2 3 3 4105 4041 3019
6221 2 2 3 3 4042 1723 3987
6222 2 2 3 3 4184 3987 3018
6223 2 2 3 3 4043 3018 3987
6224 2 2 3 3 4043 3987 1724
6225 2 2 3 3 4044 1766 3998
6226 2 2 3 3 4044 2999 3768
6227 2 2 3 3 4045 3755 1760
6228 2 2 3 3 4045 1760 1761
6229 2 2 3 3 4046 1737 3839
6230 2 2 3 3 4221 3839 3011
6231 2 2 3 3 4245 3012 3993
6232 2 2 3 3 4047 3995 1734
6233 2 2 3 3 4102 4049 4048
6234 2 2 3 3 4048 1732 1733
6235 2 2 3 3 4049 1732 4048
6236 2 2 3 3 4049 3014 3992
6237 2 2 3 3 4050 1730 3992
6238 2 2 3 3 4050 3015 3991
6239 2 2 3 3 4051 1728 3991
6240 2 2 3 3 4091 4085 34
6241 2 2 3 3 4052 2047 3772
6242 2 2 3 3 4163 3772 3000
6243 2 2 3 3 4053 2051 2052
6244 2 2 3 3 4053 3752 3002
6245 2 2 3 3 4054 2074 3996
6246 2 2 3 3 4054 3011 3838
6247 2 2 3 3 4055 2076 3993
6248 2 2 3 3 4055 3012 3996
6249 2 2 3 3 4056 2078 3994
6250 2 2 3 3 4245 4056 3013
6251 2 2 3 3 4058 2080 2081
6252 2 2 3 3 4102 4057 3014
6253 2 2 3 3 4058 2081 3990
6254 2 2 3 3 4180 3990 3015
6255 2 2 3 3 4179 3989 3016
6256 2 2 3 3 4059 3015 3990
6257 2 2 3 3 4060 2124 4004
6258 2 2 3 3 4060 3034 3775
6259 2 2 3 3 4061 3750 2118
6260 2 2 3 3 4061 2118 2119
6261 2 2 3 3 4062 2095 3836
6262 2 2 3 3 4223 3836 3022
6263 2 2 3 3 4063 2093 3980
6264 2 2 3 3 4063 3980 3021
6265 2 2 3 3 4105 4065 4064
6266 2 2 3 3 4064 2090 2091
6267 2 2 3 3 4065 2090 4064
6268 2 2 3 3 4065 3019 3985
6269 2 2 3 3 4066 2088 3985
6270 2 2 3 3 4066 3018 3986
6271 2 2 3 3 4067 2086 3986
6272 2 2 3 3 4090 4086 45
6273 2 2 3 3 4068 2584 3779
6274 2 2 3 3 4164 3779 2922
6275 2 2 3 3 4069 2588 2589
6276 2 2 3 3 4069 3753 2924
6277 2 2 3 3 4070 2611 3970
6278 2 2 3 3 4070 2934 3803
6279 2 2 3 3 4071 2613 3967
6280 2 2 3 3 4071 2935 3970
6281 2 2 3 3 4072 2615 3968
6282 2 2 3 3 4244 4072 2936
6283 2 2 3 3 4074 2617 2618
6284 2 2 3 3 4103 4073 2937
6285 2 2 3 3 4175 3964 2938
6286 2 2 3 3 4074 2937 4073
6287 2 2 3 3 4174 3963 2939
6288 2 2 3 3 4075 2938 3964
6289 2 2 3 3 4076 2661 4015
6290 2 2 3 3 4076 2958 3782
6291 2 2 3 3 4207 4077 2956
6292 2 2 3 3 4077 3748 2655
6293 2 2 3 3 4222 3801 2945
6294 2 2 3 3 4078 2944 3954
6295 2 2 3 3 4079 3954 2944
6296 2 2 3 3 4242 3956 4079
6297 2 2 3 3 4104 4081 4080
6298 2 2 3 3 4080 2627 2628
6299 2 2 3 3 4081 2627 4080
6300 2 2 3 3 4081 2942 3959
6301 2 2 3 3 4082 2625 3959
6302 2 2 3 3 4082 2941 3960
6303 2 2 3 3 4083 2623 3960
6304 2 2 3 3 4088 4087 60
6305 2 2 3 3 4089 28 1551
6306 2 2 3 3 4215 4084 4089
6307 2 2 3 3 4091 34 1727
6308 2 2 3 3 4216 4085 4091
6309 2 2 3 3 4216 4086 4090
6310 2 2 3 3 4086 3016 3989
6311 2 2 3 3 4215 4087 4088
6312 2 2 3 3 4087 2939 3963
6313 2 2 3 3 4088 4083 2940
6314 2 2 3 3 4215 4088 2940
6315 2 2 3 3 4089 4035 2939
6316 2 2 3 3 4215 4089 2939
6317 2 2 3 3 4090 4067 3017
6318 2 2 3 3 4216 4090 3017
6319 2 2 3 3 4091 4051 3016
6320 2 2 3 3 4216 4091 3016
6321 2 2 3 3 4092 1596 3411
6322 2 2 3 3 4092 3411 2438
6323 2 2 3 3 4093 2130 3422
6324 2 2 3 3 4093 3422 2257
6325 2 2 3 3 4101 4094 2889
6326 2 2 3 3 4094 2997 3293
6327 2 2 3 3 4100 4095 2919
6328 2 2 3 3 4095 2918 3307
6329 2 2 3 3 4098 3036 3742
6330 2 2 3 3 4096 3037 3299
6331 2 2 3 3 4099 2960 3313
6332 2 2 3 3 4097 2890 3743
6333 2 2 3 3 4219 3742 46
6334 2 2 3 3 4098 3037 4096
6335 2 2 3 3 4099 3313 3389
6336 2 2 3 3 4099 2890 4097
6337 2 2 3 3 4100 2919 3740
6338 2 2 3 3 4100 3263 2918
6339 2 2 3 3 4101 2889 3741
6340 2 2 3 3 4101 3271 2997
6341 2 2 3 3 4102 3994 4057
6342 2 2 3 3 4102 3014 4049
6343 2 2 3 3 4103 3968 4073
6344 2 2 3 3 4103 2937 4033
6345 2 2 3 3 4104 3958 4025
6346 2 2 3 3 4104 2942 4081
6347 2 2 3 3 4105 3984 4041
6348 2 2 3 3 4105 3019 4065
6349 2 2 3 3 4106 3534 3661
6350 2 2 3 3 4106 2985 3535
6351 2 2 3 3 4107 3497 3720
6352 2 2 3 3 4107 2909 3509
6353 2 2 3 3 4108 3560 3668
6354 2 2 3 3 4108 2972 3559
6355 2 2 3 3 4109 3490 3609
6356 2 2 3 3 4109 2896 3601
6357 2 2 3 3 4110 2929 3813
6358 2 2 3 3 4110 2928 3814
6359 2 2 3 3 4111 3028 3821
6360 2 2 3 3 4111 3027 3824
6361 2 2 3 3 4112 3006 3848
6362 2 2 3 3 4112 3005 3849
6363 2 2 3 3 4113 2951 3786
6364 2 2 3 3 4113 2950 3789
6365 2 2 3 3 4114 2996 3827
6366 2 2 3 3 4114 3030 3828
6367 2 2 3 3 4115 2926 3818
6368 2 2 3 3 4115 2925 3855
6369 2 2 3 3 4116 2954 3792
6370 2 2 3 3 4116 2953 3793
6371 2 2 3 3 4117 3003 3853
6372 2 2 3 3 4117 2995 3854
6373 2 2 3 3 4118 2969 3643
6374 2 2 3 3 4118 2968 3565
6375 2 2 3 3 4119 2893 3702
6376 2 2 3 3 4119 2892 3491
6377 2 2 3 3 4120 2921 4028
6378 2 2 3 3 4120 2920 3778
6379 2 2 3 3 4121 2999 4044
6380 2 2 3 3 4121 2998 3771
6381 2 2 3 3 4122 3034 4060
6382 2 2 3 3 4122 3035 3764
6383 2 2 3 3 4123 2958 4076
6384 2 2 3 3 4123 2959 3757
6385 2 2 3 3 4124 1419 3123
6386 2 2 3 3 4124 3123 3129
6387 2 2 3 3 4125 1188 3125
6388 2 2 3 3 4125 3125 3128
6389 2 2 3 3 4126 2173 48
6390 2 2 3 3 4126 2174 3138
6391 2 2 3 3 4127 2710 63
6392 2 2 3 3 4127 2711 3183
6393 2 2 3 3 4128 3070 2019
6394 2 2 3 3 4128 2020 3459
6395 2 2 3 3 4129 3072 2556
6396 2 2 3 3 4129 2557 3470
6397 2 2 3 3 4130 3068 1661
6398 2 2 3 3 4130 1662 3375
6399 2 2 3 3 4131 3066 1485
6400 2 2 3 3 4131 1486 3386
6401 2 2 3 3 4132 2261 2262
6402 2 2 3 3 4132 3037 4098
6403 2 2 3 3 4133 1996 24
6404 2 2 3 3 4133 1462 3736
6405 2 2 3 3 4134 2533 20
6406 2 2 3 3 4134 1231 3738
6407 2 2 3 3 4135 2907 3717
6408 2 2 3 3 4135 2906 3620
6409 2 2 3 3 4136 2906 3716
6410 2 2 3 3 4136 2905 3619
6411 2 2 3 3 4137 2907 3621
6412 2 2 3 3 4137 2908 3718
6413 2 2 3 3 4138 2983 3680
6414 2 2 3 3 4138 2984 3659
6415 2 2 3 3 4139 2982 3679
6416 2 2 3 3 4139 2983 3658
6417 2 2 3 3 4140 2981 3678
6418 2 2 3 3 4140 2982 3657
6419 2 2 3 3 4141 2980 3677
6420 2 2 3 3 4141 2981 3656
6421 2 2 3 3 4142 2980 3655
6422 2 2 3 3 4142 3547 2979
6423 2 2 3 3 4143 2905 3715
6424 2 2 3 3 4143 2904 3618
6425 2 2 3 3 4144 2974 3670
6426 2 2 3 3 4144 2975 3649
6427 2 2 3 3 4145 2975 3671
6428 2 2 3 3 4145 2976 3650
6429 2 2 3 3 4146 2976 3672
6430 2 2 3 3 4146 2977 3651
6431 2 2 3 3 4147 2977 3673
6432 2 2 3 3 4147 3548 2978
6433 2 2 3 3 4148 2898 3611
6434 2 2 3 3 4148 2899 3708
6435 2 2 3 3 4149 2899 3612
6436 2 2 3 3 4149 2900 3709
6437 2 2 3 3 4150 2900 3613
6438 2 2 3 3 4150 2901 3710
6439 2 2 3 3 4151 2901 3614
6440 2 2 3 3 4151 3502 2902
6441 2 2 3 3 4152 2904 3714
6442 2 2 3 3 4152 3595 2903
6443 2 2 3 3 4153 2972 3558
6444 2 2 3 3 4153 2973 3724
6445 2 2 3 3 4154 2973 3557
6446 2 2 3 3 4154 2974 3648
6447 2 2 3 3 4155 2896 3489
6448 2 2 3 3 4155 2897 3727
6449 2 2 3 3 4156 2897 3488
6450 2 2 3 3 4156 2898 3707
6451 2 2 3 3 4157 2957 4011
6452 2 2 3 3 4157 2956 4010
6453 2 2 3 3 4158 2922 4008
6454 2 2 3 3 4158 2923 4017
6455 2 2 3 3 4159 3000 4002
6456 2 2 3 3 4159 3001 4019
6457 2 2 3 3 4160 3033 3975
6458 2 2 3 3 4160 3032 3976
6459 2 2 3 3 4161 2957 4012
6460 2 2 3 3 4161 2958 4020
6461 2 2 3 3 4162 3033 3977
6462 2 2 3 3 4162 3034 4036
6463 2 2 3 3 4163 3000 4018
6464 2 2 3 3 4163 2999 4052
6465 2 2 3 3 4164 2922 4016
6466 2 2 3 3 4164 2921 4068
6467 2 2 3 3 4165 2946 3950
6468 2 2 3 3 4165 2947 3869
6469 2 2 3 3 4166 2945 3951
6470 2 2 3 3 4166 2946 3870
6471 2 2 3 3 4167 3023 3927
6472 2 2 3 3 4167 3024 3892
6473 2 2 3 3 4168 3022 3928
6474 2 2 3 3 4168 3023 3893
6475 2 2 3 3 4169 3010 3916
6476 2 2 3 3 4169 3011 3905
6477 2 2 3 3 4170 2932 3938
6478 2 2 3 3 4170 2933 3881
6479 2 2 3 3 4171 2933 3939
6480 2 2 3 3 4171 2934 3882
6481 2 2 3 3 4172 3009 3915
6482 2 2 3 3 4172 3010 3904
6483 2 2 3 3 4173 2940 4083
6484 2 2 3 3 4173 2941 4027
6485 2 2 3 3 4174 2938 4075
6486 2 2 3 3 4174 2939 4035
6487 2 2 3 3 4175 2937 4074
6488 2 2 3 3 4175 2938 4034
6489 2 2 3 3 4176 2931 3808
6490 2 2 3 3 4176 2932 3880
6491 2 2 3 3 4177 3025 3832
6492 2 2 3 3 4177 3024 3926
6493 2 2 3 3 4178 3017 4067
6494 2 2 3 3 4178 3018 4043
6495 2 2 3 3 4179 3015 4059
6496 2 2 3 3 4179 3016 4051
6497 2 2 3 3 4180 3014 4058
6498 2 2 3 3 4180 3015 4050
6499 2 2 3 3 4181 3008 3843
6500 2 2 3 3 4181 3009 3903
6501 2 2 3 3 4182 2948 3797
6502 2 2 3 3 4182 2947 3949
6503 2 2 3 3 4183 2942 4026
6504 2 2 3 3 4183 2941 4082
6505 2 2 3 3 4184 3019 4042
6506 2 2 3 3 4184 3018 4066
6507 2 2 3 3 4185 2985 3536
6508 2 2 3 3 4185 2984 3681
6509 2 2 3 3 4186 2908 3622
6510 2 2 3 3 4186 2909 3496
6511 2 2 3 3 4187 3007 3846
6512 2 2 3 3 4187 3006 3847
6513 2 2 3 3 4188 2930 3811
6514 2 2 3 3 4188 2929 3812
6515 2 2 3 3 4189 2950 3787
6516 2 2 3 3 4189 2949 3788
6517 2 2 3 3 4190 3027 3822
6518 2 2 3 3 4190 3026 3823
6519 2 2 3 3 4191 3031 3751
6520 2 2 3 3 4191 2996 3829
6521 2 2 3 3 4192 2925 3856
6522 2 2 3 3 4192 2924 3753
6523 2 2 3 3 4193 2955 3749
6524 2 2 3 3 4193 2954 3794
6525 2 2 3 3 4194 2995 3858
6526 2 2 3 3 4194 3002 3752
6527 2 2 3 3 4195 2968 3566
6528 2 2 3 3 4195 2967 3567
6529 2 2 3 3 4196 2891 3492
6530 2 2 3 3 4196 2892 3494
6531 2 2 3 3 4197 3069 1881
6532 2 2 3 3 4197 1882 3370
6533 2 2 3 3 4198 3067 2418
6534 2 2 3 3 4198 2419 3380
6535 2 2 3 3 4199 3071 2237
6536 2 2 3 3 4199 2238 3235
6537 2 2 3 3 4200 3073 2774
6538 2 2 3 3 4200 2775 3239
6539 2 2 3 3 4201 3008 3844
6540 2 2 3 3 4201 3007 3845
6541 2 2 3 3 4202 2931 3809
6542 2 2 3 3 4202 2930 3810
6543 2 2 3 3 4203 2949 3795
6544 2 2 3 3 4203 2948 3796
6545 2 2 3 3 4204 3026 3830
6546 2 2 3 3 4204 3025 3831
6547 2 2 3 3 4205 3032 3974
6548 2 2 3 3 4205 3031 3750
6549 2 2 3 3 4206 2924 3754
6550 2 2 3 3 4206 2923 4009
6551 2 2 3 3 4207 2956 3953
6552 2 2 3 3 4207 2955 3748
6553 2 2 3 3 4208 3002 3755
6554 2 2 3 3 4208 3001 4003
6555 2 2 3 3 4218 4209 30
6556 2 2 3 3 4209 2966 2398
6557 2 2 3 3 4217 4210 36
6558 2 2 3 3 4210 3044 1861
6559 2 2 3 3 4211 3047 1937
6560 2 2 3 3 4211 1938 3228
6561 2 2 3 3 4212 3057 2474
6562 2 2 3 3 4212 2475 3231
6563 2 2 3 3 4213 2915 2830
6564 2 2 3 3 4213 2831 3366
6565 2 2 3 3 4214 2991 2293
6566 2 2 3 3 4214 2294 3362
6567 2 2 3 3 4215 2940 4084
6568 2 2 3 3 4215 2939 4087
6569 2 2 3 3 4216 3017 4085
6570 2 2 3 3 4216 3016 4086
6571 2 2 3 3 4217 3044 4210
6572 2 2 3 3 4217 1813 3126
6573 2 2 3 3 4218 2966 4209
6574 2 2 3 3 4218 1637 3119
6575 2 2 3 3 4219 46 3464
6576 2 2 3 3 4219 3464 4132
6577 2 2 3 3 4220 2934 4070
6578 2 2 3 3 4220 3970 2935
6579 2 2 3 3 4221 3011 4054
6580 2 2 3 3 4221 3996 3012
6581 2 2 3 3 4222 2945 4022
6582 2 2 3 3 4222 3955 2944
6583 2 2 3 3 4223 3022 4038
6584 2 2 3 3 4223 3981 3021
6585 2 2 3 3 4224 3763 3978
6586 2 2 3 3 4224 3035 3774
6587 2 2 3 3 4225 3756 4014
6588 2 2 3 3 4225 2959 3781
6589 2 2 3 3 4226 3777 4006
6590 2 2 3 3 4226 2920 3760
6591 2 2 3 3 4227 3770 4000
6592 2 2 3 3 4227 2998 3767
6593 2 2 3 3 4228 2969 3732
6594 2 2 3 3 4228 3562 2970
6595 2 2 3 3 4229 2893 3728
6596 2 2 3 3 4229 3498 2894
6597 2 2 3 3 4230 3874 3873
6598 2 2 3 3 4230 2926 3857
6599 2 2 3 3 4231 3897 3896
6600 2 2 3 3 4231 3003 3859
6601 2 2 3 3 4232 3030 3826
6602 2 2 3 3 4232 3885 3029
6603 2 2 3 3 4233 2953 3791
6604 2 2 3 3 4233 3862 2952
6605 2 2 3 3 4234 3820 3887
6606 2 2 3 3 4234 3028 3825
6607 2 2 3 3 4235 3785 3864
6608 2 2 3 3 4235 2951 3790
6609 2 2 3 3 4236 3816 3933
6610 2 2 3 3 4236 2928 3815
6611 2 2 3 3 4237 3851 3910
6612 2 2 3 3 4237 3005 3850
6613 2 2 3 3 4238 2895 3602
6614 2 2 3 3 4238 3704 2894
6615 2 2 3 3 4239 2971 3561
6616 2 2 3 3 4239 3645 2970
6617 2 2 3 3 4240 3482 3662
6618 2 2 3 3 4240 2986 3493
6619 2 2 3 3 4241 3483 3721
6620 2 2 3 3 4241 2910 3510
6621 2 2 3 3 4242 3957 4024
6622 2 2 3 3 4242 2943 3956
6623 2 2 3 3 4243 3983 4040
6624 2 2 3 3 4243 3020 3982
6625 2 2 3 3 4244 3967 4072
6626 2 2 3 3 4244 2936 3969
6627 2 2 3 3 4245 3993 4056
6628 2 2 3 3 4245 3013 3995
6629 2 2 3 3 4246 3503 3616
6630 2 2 3 3 4246 2903 3713
6631 2 2 3 3 4247 3546 3675
6632 2 2 3 3 4247 2979 3654
6633 2 2 3 3 4251 4248 2988
6634 2 2 3 3 4248 32 1641
6635 2 2 3 3 4250 4249 2912
6636 2 2 3 3 4249 26 1465
6637 2 2 3 3 4250 1464 26
6638 2 2 3 3 4250 2912 3077
6639 2 2 3 3 4251 1640 32
6640 2 2 3 3 4251 2988 3079
$EndElements
