$MeshFormat
2.2 0 8
$EndMeshFormat
$Nodes
3228
1 -0.51500000 0.51500000 0.00000000
2 -0.48500000 0.48500000 0.00000000
3 0.51500000 0.51500000 0.00000000
4 0.51500000 -0.51500000 0.00000000
5 -0.51500000 -0.51500000 0.00000000
6 0.48500000 0.48500000 0.00000000
7 0.48500000 -0.48500000 0.00000000
8 -0.48500000 -0.48500000 0.00000000
9 -0.51000000 0.51000000 0.00000000
10 -0.50500000 0.50500000 0.00000000
11 -0.50000000 0.50000000 0.00000000
12 -0.49500000 0.49500000 0.00000000
13 -0.49000000 0.49000000 0.00000000
14 -0.50753600 0.51500000 0.00000000
15 -0.50007300 0.51500000 0.00000000
16 -0.49260900 0.51500000 0.00000000
17 -0.48514500 0.51500000 0.00000000
18 -0.47768100 0.51500000 0.00000000
19 -0.47021700 0.51500000 0.00000000
20 -0.46275400 0.51500000 0.00000000
21 -0.45529000 0.51500000 0.00000000
22 -0.44782600 0.51500000 0.00000000
23 -0.44036200 0.51500000 0.00000000
24 -0.43289900 0.51500000 0.00000000
25 -0.42543500 0.51500000 0.00000000
26 -0.41797100 0.51500000 0.00000000
27 -0.41050700 0.51500000 0.00000000
28 -0.40304300 0.51500000 0.00000000
29 -0.39558000 0.51500000 0.00000000
30 -0.38811600 0.51500000 0.00000000
31 -0.38065200 0.51500000 0.00000000
32 -0.37318800 0.51500000 0.00000000
33 -0.36572500 0.51500000 0.00000000
34 -0.35826100 0.51500000 0.00000000
35 -0.35079700 0.51500000 0.00000000
36 -0.34333300 0.51500000 0.00000000
37 -0.33587000 0.51500000 0.00000000
38 -0.32840600 0.51500000 0.00000000
39 -0.32094200 0.51500000 0.00000000
40 -0.31347800 0.51500000 0.00000000
41 -0.30601500 0.51500000 0.00000000
42 -0.29855100 0.51500000 0.00000000
43 -0.29108700 0.51500000 0.00000000
44 -0.28362300 0.51500000 0.00000000
45 -0.27615900 0.51500000 0.00000000
46 -0.26869600 0.51500000 0.00000000
47 -0.26123200 0.51500000 0.00000000
48 -0.25376800 0.51500000 0.00000000
49 -0.24630400 0.51500000 0.00000000
50 -0.23884100 0.51500000 0.00000000
51 -0.23137700 0.51500000 0.00000000
52 -0.22391300 0.51500000 0.00000000
53 -0.21644900 0.51500000 0.00000000
54 -0.20898500 0.51500000 0.00000000
55 -0.20152200 0.51500000 0.00000000
56 -0.19405800 0.51500000 0.00000000
57 -0.18659400 0.51500000 0.00000000
58 -0.17913000 0.51500000 0.00000000
59 -0.17166700 0.51500000 0.00000000
60 -0.16420300 0.51500000 0.00000000
61 -0.15673900 0.51500000 0.00000000
62 -0.14927500 0.51500000 0.00000000
63 -0.14181200 0.51500000 0.00000000
64 -0.13434800 0.51500000 0.00000000
65 -0.12688400 0.51500000 0.00000000
66 -0.11942000 0.51500000 0.00000000
67 -0.11195700 0.51500000 0.00000000
68 -0.10449300 0.51500000 0.00000000
69 -0.09702900 0.51500000 0.00000000
70 -0.08956500 0.51500000 0.00000000
71 -0.08210100 0.51500000 0.00000000
72 -0.07463800 0.51500000 0.00000000
73 -0.06717400 0.51500000 0.00000000
74 -0.05971000 0.51500000 0.00000000
75 -0.05224600 0.51500000 0.00000000
76 -0.04478300 0.51500000 0.00000000
77 -0.03731900 0.51500000 0.00000000
78 -0.02985500 0.51500000 0.00000000
79 -0.02239100 0.51500000 0.00000000
80 -0.01492800 0.51500000 0.00000000
81 -0.00746400 0.51500000 0.00000000
82 -0.00000000 0.51500000 0.00000000
83 0.00746400 0.51500000 0.00000000
84 0.01492800 0.51500000 0.00000000
85 0.02239100 0.51500000 0.00000000
86 0.02985500 0.51500000 0.00000000
87 0.03731900 0.51500000 0.00000000
88 0.04478300 0.51500000 0.00000000
89 0.05224600 0.51500000 0.00000000
90 0.05971000 0.51500000 0.00000000
91 0.06717400 0.51500000 0.00000000
92 0.07463800 0.51500000 0.00000000
93 0.08210100 0.51500000 0.00000000
94 0.08956500 0.51500000 0.00000000
95 0.09702900 0.51500000 0.00000000
96 0.10449300 0.51500000 0.00000000
97 0.11195700 0.51500000 0.00000000
98 0.11942000 0.51500000 0.00000000
99 0.12688400 0.51500000 0.00000000
100 0.13434800 0.51500000 0.00000000
101 0.14181200 0.51500000 0.00000000
102 0.14927500 0.51500000 0.00000000
103 0.15673900 0.51500000 0.00000000
104 0.16420300 0.51500000 0.00000000
105 0.17166700 0.51500000 0.00000000
106 0.17913000 0.51500000 0.00000000
107 0.18659400 0.51500000 0.00000000
108 0.19405800 0.51500000 0.00000000
109 0.20152200 0.51500000 0.00000000
110 0.20898500 0.51500000 0.00000000
111 0.21644900 0.51500000 0.00000000
112 0.22391300 0.51500000 0.00000000
113 0.23137700 0.51500000 0.00000000
114 0.23884100 0.51500000 0.00000000
115 0.24630400 0.51500000 0.00000000
116 0.25376800 0.51500000 0.00000000
117 0.26123200 0.51500000 0.00000000
118 0.26869600 0.51500000 0.00000000
119 0.27615900 0.51500000 0.00000000
120 0.28362300 0.51500000 0.00000000
121 0.29108700 0.51500000 0.00000000
122 0.29855100 0.51500000 0.00000000
123 0.30601500 0.51500000 0.00000000
124 0.31347800 0.51500000 0.00000000
125 0.32094200 0.51500000 0.00000000
126 0.32840600 0.51500000 0.00000000
127 0.33587000 0.51500000 0.00000000
128 0.34333300 0.51500000 0.00000000
129 0.35079700 0.51500000 0.00000000
130 0.35826100 0.51500000 0.00000000
131 0.36572500 0.51500000 0.00000000
132 0.37318800 0.51500000 0.00000000
133 0.38065200 0.51500000 0.00000000
134 0.38811600 0.51500000 0.00000000
135 0.39558000 0.51500000 0.00000000
136 0.40304300 0.51500000 0.00000000
137 0.41050700 0.51500000 0.00000000
138 0.41797100 0.51500000 0.00000000
139 0.42543500 0.51500000 0.00000000
140 0.43289900 0.51500000 0.00000000
141 0.44036200 0.51500000 0.00000000
142 0.44782600 0.51500000 0.00000000
143 0.45529000 0.51500000 0.00000000
144 0.46275400 0.51500000 0.00000000
145 0.47021700 0.51500000 0.00000000
146 0.47768100 0.51500000 0.00000000
147 0.48514500 0.51500000 0.00000000
148 0.49260900 0.51500000 0.00000000
149 0.50007300 0.51500000 0.00000000
150 0.50753600 0.51500000 0.00000000
151 0.51500000 0.50753600 0.00000000
152 0.51500000 0.50007300 0.00000000
153 0.51500000 0.49260900 0.00000000
154 0.51500000 0.48514500 0.00000000
155 0.51500000 0.47768100 0.00000000
156 0.51500000 0.47021700 0.00000000
157 0.51500000 0.46275400 0.00000000
158 0.51500000 0.45529000 0.00000000
159 0.51500000 0.44782600 0.00000000
160 0.51500000 0.44036200 0.00000000
161 0.51500000 0.43289900 0.00000000
162 0.51500000 0.42543500 0.00000000
163 0.51500000 0.41797100 0.00000000
164 0.51500000 0.41050700 0.00000000
165 0.51500000 0.40304300 0.00000000
166 0.51500000 0.39558000 0.00000000
167 0.51500000 0.38811600 0.00000000
168 0.51500000 0.38065200 0.00000000
169 0.51500000 0.37318800 0.00000000
170 0.51500000 0.36572500 0.00000000
171 0.51500000 0.35826100 0.00000000
172 0.51500000 0.35079700 0.00000000
173 0.51500000 0.34333300 0.00000000
174 0.51500000 0.33587000 0.00000000
175 0.51500000 0.32840600 0.00000000
176 0.51500000 0.32094200 0.00000000
177 0.51500000 0.31347800 0.00000000
178 0.51500000 0.30601500 0.00000000
179 0.51500000 0.29855100 0.00000000
180 0.51500000 0.29108700 0.00000000
181 0.51500000 0.28362300 0.00000000
182 0.51500000 0.27615900 0.00000000
183 0.51500000 0.26869600 0.00000000
184 0.51500000 0.26123200 0.00000000
185 0.51500000 0.25376800 0.00000000
186 0.51500000 0.24630400 0.00000000
187 0.51500000 0.23884100 0.00000000
188 0.51500000 0.23137700 0.00000000
189 0.51500000 0.22391300 0.00000000
190 0.51500000 0.21644900 0.00000000
191 0.51500000 0.20898500 0.00000000
192 0.51500000 0.20152200 0.00000000
193 0.51500000 0.19405800 0.00000000
194 0.51500000 0.18659400 0.00000000
195 0.51500000 0.17913000 0.00000000
196 0.51500000 0.17166700 0.00000000
197 0.51500000 0.16420300 0.00000000
198 0.51500000 0.15673900 0.00000000
199 0.51500000 0.14927500 0.00000000
200 0.51500000 0.14181200 0.00000000
201 0.51500000 0.13434800 0.00000000
202 0.51500000 0.12688400 0.00000000
203 0.51500000 0.11942000 0.00000000
204 0.51500000 0.11195700 0.00000000
205 0.51500000 0.10449300 0.00000000
206 0.51500000 0.09702900 0.00000000
207 0.51500000 0.08956500 0.00000000
208 0.51500000 0.08210100 0.00000000
209 0.51500000 0.07463800 0.00000000
210 0.51500000 0.06717400 0.00000000
211 0.51500000 0.05971000 0.00000000
212 0.51500000 0.05224600 0.00000000
213 0.51500000 0.04478300 0.00000000
214 0.51500000 0.03731900 0.00000000
215 0.51500000 0.02985500 0.00000000
216 0.51500000 0.02239100 0.00000000
217 0.51500000 0.01492800 0.00000000
218 0.51500000 0.00746400 0.00000000
219 0.51500000 0.00000000 0.00000000
220 0.51500000 -0.00746400 0.00000000
221 0.51500000 -0.01492800 0.00000000
222 0.51500000 -0.02239100 0.00000000
223 0.51500000 -0.02985500 0.00000000
224 0.51500000 -0.03731900 0.00000000
225 0.51500000 -0.04478300 0.00000000
226 0.51500000 -0.05224600 0.00000000
227 0.51500000 -0.05971000 0.00000000
228 0.51500000 -0.06717400 0.00000000
229 0.51500000 -0.07463800 0.00000000
230 0.51500000 -0.08210100 0.00000000
231 0.51500000 -0.08956500 0.00000000
232 0.51500000 -0.09702900 0.00000000
233 0.51500000 -0.10449300 0.00000000
234 0.51500000 -0.11195700 0.00000000
235 0.51500000 -0.11942000 0.00000000
236 0.51500000 -0.12688400 0.00000000
237 0.51500000 -0.13434800 0.00000000
238 0.51500000 -0.14181200 0.00000000
239 0.51500000 -0.14927500 0.00000000
240 0.51500000 -0.15673900 0.00000000
241 0.51500000 -0.16420300 0.00000000
242 0.51500000 -0.17166700 0.00000000
243 0.51500000 -0.17913000 0.00000000
244 0.51500000 -0.18659400 0.00000000
245 0.51500000 -0.19405800 0.00000000
246 0.51500000 -0.20152200 0.00000000
247 0.51500000 -0.20898500 0.00000000
248 0.51500000 -0.21644900 0.00000000
249 0.51500000 -0.22391300 0.00000000
250 0.51500000 -0.23137700 0.00000000
251 0.51500000 -0.23884100 0.00000000
252 0.51500000 -0.24630400 0.00000000
253 0.51500000 -0.25376800 0.00000000
254 0.51500000 -0.26123200 0.00000000
255 0.51500000 -0.26869600 0.00000000
256 0.51500000 -0.27615900 0.00000000
257 0.51500000 -0.28362300 0.00000000
258 0.51500000 -0.29108700 0.00000000
259 0.51500000 -0.29855100 0.00000000
260 0.51500000 -0.30601500 0.00000000
261 0.51500000 -0.31347800 0.00000000
262 0.51500000 -0.32094200 0.00000000
263 0.51500000 -0.32840600 0.00000000
264 0.51500000 -0.33587000 0.00000000
265 0.51500000 -0.34333300 0.00000000
266 0.51500000 -0.35079700 0.00000000
267 0.51500000 -0.35826100 0.00000000
268 0.51500000 -0.36572500 0.00000000
269 0.51500000 -0.37318800 0.00000000
270 0.51500000 -0.38065200 0.00000000
271 0.51500000 -0.38811600 0.00000000
272 0.51500000 -0.39558000 0.00000000
273 0.51500000 -0.40304300 0.00000000
274 0.51500000 -0.41050700 0.00000000
275 0.51500000 -0.41797100 0.00000000
276 0.51500000 -0.42543500 0.00000000
277 0.51500000 -0.43289900 0.00000000
278 0.51500000 -0.44036200 0.00000000
279 0.51500000 -0.44782600 0.00000000
280 0.51500000 -0.45529000 0.00000000
281 0.51500000 -0.46275400 0.00000000
282 0.51500000 -0.47021700 0.00000000
283 0.51500000 -0.47768100 0.00000000
284 0.51500000 -0.48514500 0.00000000
285 0.51500000 -0.49260900 0.00000000
286 0.51500000 -0.50007300 0.00000000
287 0.51500000 -0.50753600 0.00000000
288 0.50753600 -0.51500000 0.00000000
289 0.50007300 -0.51500000 0.00000000
290 0.49260900 -0.51500000 0.00000000
291 0.48514500 -0.51500000 0.00000000
292 0.47768100 -0.51500000 0.00000000
293 0.47021700 -0.51500000 0.00000000
294 0.46275400 -0.51500000 0.00000000
295 0.45529000 -0.51500000 0.00000000
296 0.44782600 -0.51500000 0.00000000
297 0.44036200 -0.51500000 0.00000000
298 0.43289900 -0.51500000 0.00000000
299 0.42543500 -0.51500000 0.00000000
300 0.41797100 -0.51500000 0.00000000
301 0.41050700 -0.51500000 0.00000000
302 0.40304300 -0.51500000 0.00000000
303 0.39558000 -0.51500000 0.00000000
304 0.38811600 -0.51500000 0.00000000
305 0.38065200 -0.51500000 0.00000000
306 0.37318800 -0.51500000 0.00000000
307 0.36572500 -0.51500000 0.00000000
308 0.35826100 -0.51500000 0.00000000
309 0.35079700 -0.51500000 0.00000000
310 0.34333300 -0.51500000 0.00000000
311 0.33587000 -0.51500000 0.00000000
312 0.32840600 -0.51500000 0.00000000
313 0.32094200 -0.51500000 0.00000000
314 0.31347800 -0.51500000 0.00000000
315 0.30601500 -0.51500000 0.00000000
316 0.29855100 -0.51500000 0.00000000
317 0.29108700 -0.51500000 0.00000000
318 0.28362300 -0.51500000 0.00000000
319 0.27615900 -0.51500000 0.00000000
320 0.26869600 -0.51500000 0.00000000
321 0.26123200 -0.51500000 0.00000000
322 0.25376800 -0.51500000 0.00000000
323 0.24630400 -0.51500000 0.00000000
324 0.23884100 -0.51500000 0.00000000
325 0.23137700 -0.51500000 0.00000000
326 0.22391300 -0.51500000 0.00000000
327 0.21644900 -0.51500000 0.00000000
328 0.20898500 -0.51500000 0.00000000
329 0.20152200 -0.51500000 0.00000000
330 0.19405800 -0.51500000 0.00000000
331 0.18659400 -0.51500000 0.00000000
332 0.17913000 -0.51500000 0.00000000
333 0.17166700 -0.51500000 0.00000000
334 0.16420300 -0.51500000 0.00000000
335 0.15673900 -0.51500000 0.00000000
336 0.14927500 -0.51500000 0.00000000
337 0.14181200 -0.51500000 0.00000000
338 0.13434800 -0.51500000 0.00000000
339 0.12688400 -0.51500000 0.00000000
340 0.11942000 -0.51500000 0.00000000
341 0.11195700 -0.51500000 0.00000000
342 0.10449300 -0.51500000 0.00000000
343 0.09702900 -0.51500000 0.00000000
344 0.08956500 -0.51500000 0.00000000
345 0.08210100 -0.51500000 0.00000000
346 0.07463800 -0.51500000 0.00000000
347 0.06717400 -0.51500000 0.00000000
348 0.05971000 -0.51500000 0.00000000
349 0.05224600 -0.51500000 0.00000000
350 0.04478300 -0.51500000 0.00000000
351 0.03731900 -0.51500000 0.00000000
352 0.02985500 -0.51500000 0.00000000
353 0.02239100 -0.51500000 0.00000000
354 0.01492800 -0.51500000 0.00000000
355 0.00746400 -0.51500000 0.00000000
356 0.00000000 -0.51500000 0.00000000
357 -0.00746400 -0.51500000 0.00000000
358 -0.01492800 -0.51500000 0.00000000
359 -0.02239100 -0.51500000 0.00000000
360 -0.02985500 -0.51500000 0.00000000
361 -0.03731900 -0.51500000 0.00000000
362 -0.04478300 -0.51500000 0.00000000
363 -0.05224600 -0.51500000 0.00000000
364 -0.05971000 -0.51500000 0.00000000
365 -0.06717400 -0.51500000 0.00000000
366 -0.07463800 -0.51500000 0.00000000
367 -0.08210100 -0.51500000 0.00000000
368 -0.08956500 -0.51500000 0.00000000
369 -0.09702900 -0.51500000 0.00000000
370 -0.10449300 -0.51500000 0.00000000
371 -0.11195700 -0.51500000 0.00000000
372 -0.11942000 -0.51500000 0.00000000
373 -0.12688400 -0.51500000 0.00000000
374 -0.13434800 -0.51500000 0.00000000
375 -0.14181200 -0.51500000 0.00000000
376 -0.14927500 -0.51500000 0.00000000
377 -0.15673900 -0.51500000 0.00000000
378 -0.16420300 -0.51500000 0.00000000
379 -0.17166700 -0.51500000 0.00000000
380 -0.17913000 -0.51500000 0.00000000
381 -0.18659400 -0.51500000 0.00000000
382 -0.19405800 -0.51500000 0.00000000
383 -0.20152200 -0.51500000 0.00000000
384 -0.20898500 -0.51500000 0.00000000
385 -0.21644900 -0.51500000 0.00000000
386 -0.22391300 -0.51500000 0.00000000
387 -0.23137700 -0.51500000 0.00000000
388 -0.23884100 -0.51500000 0.00000000
389 -0.24630400 -0.51500000 0.00000000
390 -0.25376800 -0.51500000 0.00000000
391 -0.26123200 -0.51500000 0.00000000
392 -0.26869600 -0.51500000 0.00000000
393 -0.27615900 -0.51500000 0.00000000
394 -0.28362300 -0.51500000 0.00000000
395 -0.29108700 -0.51500000 0.00000000
396 -0.29855100 -0.51500000 0.00000000
397 -0.30601500 -0.51500000 0.00000000
398 -0.31347800 -0.51500000 0.00000000
399 -0.32094200 -0.51500000 0.00000000
400 -0.32840600 -0.51500000 0.00000000
401 -0.33587000 -0.51500000 0.00000000
402 -0.34333300 -0.51500000 0.00000000
403 -0.35079700 -0.51500000 0.00000000
404 -0.35826100 -0.51500000 0.00000000
405 -0.36572500 -0.51500000 0.00000000
406 -0.37318800 -0.51500000 0.00000000
407 -0.38065200 -0.51500000 0.00000000
408 -0.38811600 -0.51500000 0.00000000
409 -0.39558000 -0.51500000 0.00000000
410 -0.40304300 -0.51500000 0.00000000
411 -0.41050700 -0.51500000 0.00000000
412 -0.41797100 -0.51500000 0.00000000
413 -0.42543500 -0.51500000 0.00000000
414 -0.43289900 -0.51500000 0.00000000
415 -0.44036200 -0.51500000 0.00000000
416 -0.44782600 -0.51500000 0.00000000
417 -0.45529000 -0.51500000 0.00000000
418 -0.46275400 -0.51500000 0.00000000
419 -0.47021700 -0.51500000 0.00000000
420 -0.47768100 -0.51500000 0.00000000
421 -0.48514500 -0.51500000 0.00000000
422 -0.49260900 -0.51500000 0.00000000
423 -0.50007300 -0.51500000 0.00000000
424 -0.50753600 -0.51500000 0.00000000
425 -0.51500000 -0.50753600 0.00000000
426 -0.51500000 -0.50007300 0.00000000
427 -0.51500000 -0.49260900 0.00000000
428 -0.51500000 -0.48514500 0.00000000
429 -0.51500000 -0.47768100 0.00000000
430 -0.51500000 -0.47021700 0.00000000
431 -0.51500000 -0.46275400 0.00000000
432 -0.51500000 -0.45529000 0.00000000
433 -0.51500000 -0.44782600 0.00000000
434 -0.51500000 -0.44036200 0.00000000
435 -0.51500000 -0.43289900 0.00000000
436 -0.51500000 -0.42543500 0.00000000
437 -0.51500000 -0.41797100 0.00000000
438 -0.51500000 -0.41050700 0.00000000
439 -0.51500000 -0.40304300 0.00000000
440 -0.51500000 -0.39558000 0.00000000
441 -0.51500000 -0.38811600 0.00000000
442 -0.51500000 -0.38065200 0.00000000
443 -0.51500000 -0.37318800 0.00000000
444 -0.51500000 -0.36572500 0.00000000
445 -0.51500000 -0.35826100 0.00000000
446 -0.51500000 -0.35079700 0.00000000
447 -0.51500000 -0.34333300 0.00000000
448 -0.51500000 -0.33587000 0.00000000
449 -0.51500000 -0.32840600 0.00000000
450 -0.51500000 -0.32094200 0.00000000
451 -0.51500000 -0.31347800 0.00000000
452 -0.51500000 -0.30601500 0.00000000
453 -0.51500000 -0.29855100 0.00000000
454 -0.51500000 -0.29108700 0.00000000
455 -0.51500000 -0.28362300 0.00000000
456 -0.51500000 -0.27615900 0.00000000
457 -0.51500000 -0.26869600 0.00000000
458 -0.51500000 -0.26123200 0.00000000
459 -0.51500000 -0.25376800 0.00000000
460 -0.51500000 -0.24630400 0.00000000
461 -0.51500000 -0.23884100 0.00000000
462 -0.51500000 -0.23137700 0.00000000
463 -0.51500000 -0.22391300 0.00000000
464 -0.51500000 -0.21644900 0.00000000
465 -0.51500000 -0.20898500 0.00000000
466 -0.51500000 -0.20152200 0.00000000
467 -0.51500000 -0.19405800 0.00000000
468 -0.51500000 -0.18659400 0.00000000
469 -0.51500000 -0.17913000 0.00000000
470 -0.51500000 -0.17166700 0.00000000
471 -0.51500000 -0.16420300 0.00000000
472 -0.51500000 -0.15673900 0.00000000
473 -0.51500000 -0.14927500 0.00000000
474 -0.51500000 -0.14181200 0.00000000
475 -0.51500000 -0.13434800 0.00000000
476 -0.51500000 -0.12688400 0.00000000
477 -0.51500000 -0.11942000 0.00000000
478 -0.51500000 -0.11195700 0.00000000
479 -0.51500000 -0.10449300 0.00000000
480 -0.51500000 -0.09702900 0.00000000
481 -0.51500000 -0.08956500 0.00000000
482 -0.51500000 -0.08210100 0.00000000
483 -0.51500000 -0.07463800 0.00000000
484 -0.51500000 -0.06717400 0.00000000
485 -0.51500000 -0.05971000 0.00000000
486 -0.51500000 -0.05224600 0.00000000
487 -0.51500000 -0.04478300 0.00000000
488 -0.51500000 -0.03731900 0.00000000
489 -0.51500000 -0.02985500 0.00000000
490 -0.51500000 -0.02239100 0.00000000
491 -0.51500000 -0.01492800 0.00000000
492 -0.51500000 -0.00746400 0.00000000
493 -0.51500000 -0.00000000 0.00000000
494 -0.51500000 0.00746400 0.00000000
495 -0.51500000 0.01492800 0.00000000
496 -0.51500000 0.02239100 0.00000000
497 -0.51500000 0.02985500 0.00000000
498 -0.51500000 0.03731900 0.00000000
499 -0.51500000 0.04478300 0.00000000
500 -0.51500000 0.05224600 0.00000000
501 -0.51500000 0.05971000 0.00000000
502 -0.51500000 0.06717400 0.00000000
503 -0.51500000 0.07463800 0.00000000
504 -0.51500000 0.08210100 0.00000000
505 -0.51500000 0.08956500 0.00000000
506 -0.51500000 0.09702900 0.00000000
507 -0.51500000 0.10449300 0.00000000
508 -0.51500000 0.11195700 0.00000000
509 -0.51500000 0.11942000 0.00000000
510 -0.51500000 0.12688400 0.00000000
511 -0.51500000 0.13434800 0.00000000
512 -0.51500000 0.14181200 0.00000000
513 -0.51500000 0.14927500 0.00000000
514 -0.51500000 0.15673900 0.00000000
515 -0.51500000 0.16420300 0.00000000
516 -0.51500000 0.17166700 0.00000000
517 -0.51500000 0.17913000 0.00000000
518 -0.51500000 0.18659400 0.00000000
519 -0.51500000 0.19405800 0.00000000
520 -0.51500000 0.20152200 0.00000000
521 -0.51500000 0.20898500 0.00000000
522 -0.51500000 0.21644900 0.00000000
523 -0.51500000 0.22391300 0.00000000
524 -0.51500000 0.23137700 0.00000000
525 -0.51500000 0.23884100 0.00000000
526 -0.51500000 0.24630400 0.00000000
527 -0.51500000 0.25376800 0.00000000
528 -0.51500000 0.26123200 0.00000000
529 -0.51500000 0.26869600 0.00000000
530 -0.51500000 0.27615900 0.00000000
531 -0.51500000 0.28362300 0.00000000
532 -0.51500000 0.29108700 0.00000000
533 -0.51500000 0.29855100 0.00000000
534 -0.51500000 0.30601500 0.00000000
535 -0.51500000 0.31347800 0.00000000
536 -0.51500000 0.32094200 0.00000000
537 -0.51500000 0.32840600 0.00000000
538 -0.51500000 0.33587000 0.00000000
539 -0.51500000 0.34333300 0.00000000
540 -0.51500000 0.35079700 0.00000000
541 -0.51500000 0.35826100 0.00000000
542 -0.51500000 0.36572500 0.00000000
543 -0.51500000 0.37318800 0.00000000
544 -0.51500000 0.38065200 0.00000000
545 -0.51500000 0.38811600 0.00000000
546 -0.51500000 0.39558000 0.00000000
547 -0.51500000 0.40304300 0.00000000
548 -0.51500000 0.41050700 0.00000000
549 -0.51500000 0.41797100 0.00000000
550 -0.51500000 0.42543500 0.00000000
551 -0.51500000 0.43289900 0.00000000
552 -0.51500000 0.44036200 0.00000000
553 -0.51500000 0.44782600 0.00000000
554 -0.51500000 0.45529000 0.00000000
555 -0.51500000 0.46275400 0.00000000
556 -0.51500000 0.47021700 0.00000000
557 -0.51500000 0.47768100 0.00000000
558 -0.51500000 0.48514500 0.00000000
559 -0.51500000 0.49260900 0.00000000
560 -0.51500000 0.50007300 0.00000000
561 -0.51500000 0.50753600 0.00000000
562 -0.47753800 0.48500000 0.00000000
563 -0.47007700 0.48500000 0.00000000
564 -0.46261500 0.48500000 0.00000000
565 -0.45515400 0.48500000 0.00000000
566 -0.44769200 0.48500000 0.00000000
567 -0.44023100 0.48500000 0.00000000
568 -0.43276900 0.48500000 0.00000000
569 -0.42530800 0.48500000 0.00000000
570 -0.41784600 0.48500000 0.00000000
571 -0.41038500 0.48500000 0.00000000
572 -0.40292300 0.48500000 0.00000000
573 -0.39546200 0.48500000 0.00000000
574 -0.38800000 0.48500000 0.00000000
575 -0.38053900 0.48500000 0.00000000
576 -0.37307700 0.48500000 0.00000000
577 -0.36561500 0.48500000 0.00000000
578 -0.35815400 0.48500000 0.00000000
579 -0.35069200 0.48500000 0.00000000
580 -0.34323100 0.48500000 0.00000000
581 -0.33576900 0.48500000 0.00000000
582 -0.32830800 0.48500000 0.00000000
583 -0.32084600 0.48500000 0.00000000
584 -0.31338500 0.48500000 0.00000000
585 -0.30592300 0.48500000 0.00000000
586 -0.29846100 0.48500000 0.00000000
587 -0.29100000 0.48500000 0.00000000
588 -0.28353900 0.48500000 0.00000000
589 -0.27607700 0.48500000 0.00000000
590 -0.26861500 0.48500000 0.00000000
591 -0.26115400 0.48500000 0.00000000
592 -0.25369200 0.48500000 0.00000000
593 -0.24623100 0.48500000 0.00000000
594 -0.23876900 0.48500000 0.00000000
595 -0.23130800 0.48500000 0.00000000
596 -0.22384600 0.48500000 0.00000000
597 -0.21638500 0.48500000 0.00000000
598 -0.20892300 0.48500000 0.00000000
599 -0.20146100 0.48500000 0.00000000
600 -0.19400000 0.48500000 0.00000000
601 -0.18653800 0.48500000 0.00000000
602 -0.17907700 0.48500000 0.00000000
603 -0.17161500 0.48500000 0.00000000
604 -0.16415400 0.48500000 0.00000000
605 -0.15669200 0.48500000 0.00000000
606 -0.14923100 0.48500000 0.00000000
607 -0.14176900 0.48500000 0.00000000
608 -0.13430800 0.48500000 0.00000000
609 -0.12684600 0.48500000 0.00000000
610 -0.11938500 0.48500000 0.00000000
611 -0.11192300 0.48500000 0.00000000
612 -0.10446100 0.48500000 0.00000000
613 -0.09700000 0.48500000 0.00000000
614 -0.08953800 0.48500000 0.00000000
615 -0.08207700 0.48500000 0.00000000
616 -0.07461500 0.48500000 0.00000000
617 -0.06715400 0.48500000 0.00000000
618 -0.05969200 0.48500000 0.00000000
619 -0.05223100 0.48500000 0.00000000
620 -0.04476900 0.48500000 0.00000000
621 -0.03730800 0.48500000 0.00000000
622 -0.02984600 0.48500000 0.00000000
623 -0.02238500 0.48500000 0.00000000
624 -0.01492300 0.48500000 0.00000000
625 -0.00746200 0.48500000 0.00000000
626 -0.00000000 0.48500000 0.00000000
627 0.00746200 0.48500000 0.00000000
628 0.01492300 0.48500000 0.00000000
629 0.02238500 0.48500000 0.00000000
630 0.02984600 0.48500000 0.00000000
631 0.03730800 0.48500000 0.00000000
632 0.04476900 0.48500000 0.00000000
633 0.05223100 0.48500000 0.00000000
634 0.05969200 0.48500000 0.00000000
635 0.06715400 0.48500000 0.00000000
636 0.07461500 0.48500000 0.00000000
637 0.08207700 0.48500000 0.00000000
638 0.08953800 0.48500000 0.00000000
639 0.09700000 0.48500000 0.00000000
640 0.10446100 0.48500000 0.00000000
641 0.11192300 0.48500000 0.00000000
642 0.11938500 0.48500000 0.00000000
643 0.12684600 0.48500000 0.00000000
644 0.13430800 0.48500000 0.00000000
645 0.14176900 0.48500000 0.00000000
646 0.14923100 0.48500000 0.00000000
647 0.15669200 0.48500000 0.00000000
648 0.16415400 0.48500000 0.00000000
649 0.17161500 0.48500000 0.00000000
650 0.17907700 0.48500000 0.00000000
651 0.18653800 0.48500000 0.00000000
652 0.19400000 0.48500000 0.00000000
653 0.20146100 0.48500000 0.00000000
654 0.20892300 0.48500000 0.00000000
655 0.21638500 0.48500000 0.00000000
656 0.22384600 0.48500000 0.00000000
657 0.23130800 0.48500000 0.00000000
658 0.23876900 0.48500000 0.00000000
659 0.24623100 0.48500000 0.00000000
660 0.25369200 0.48500000 0.00000000
661 0.26115400 0.48500000 0.00000000
662 0.26861500 0.48500000 0.00000000
663 0.27607700 0.48500000 0.00000000
664 0.28353900 0.48500000 0.00000000
665 0.29100000 0.48500000 0.00000000
666 0.29846100 0.48500000 0.00000000
667 0.30592300 0.48500000 0.00000000
668 0.31338500 0.48500000 0.00000000
669 0.32084600 0.48500000 0.00000000
670 0.32830800 0.48500000 0.00000000
671 0.33576900 0.48500000 0.00000000
672 0.34323100 0.48500000 0.00000000
673 0.35069200 0.48500000 0.00000000
674 0.35815400 0.48500000 0.00000000
675 0.36561500 0.48500000 0.00000000
676 0.37307700 0.48500000 0.00000000
677 0.38053900 0.48500000 0.00000000
678 0.38800000 0.48500000 0.00000000
679 0.39546200 0.48500000 0.00000000
680 0.40292300 0.48500000 0.00000000
681 0.41038500 0.48500000 0.00000000
682 0.41784600 0.48500000 0.00000000
683 0.42530800 0.48500000 0.00000000
684 0.43276900 0.48500000 0.00000000
685 0.44023100 0.48500000 0.00000000
686 0.44769200 0.48500000 0.00000000
687 0.45515400 0.48500000 0.00000000
688 0.46261500 0.48500000 0.00000000
689 0.47007700 0.48500000 0.00000000
690 0.47753800 0.48500000 0.00000000
691 0.48500000 0.47753800 0.00000000
692 0.48500000 0.47007700 0.00000000
693 0.48500000 0.46261500 0.00000000
694 0.48500000 0.45515400 0.00000000
695 0.48500000 0.44769200 0.00000000
696 0.48500000 0.44023100 0.00000000
697 0.48500000 0.43276900 0.00000000
698 0.48500000 0.42530800 0.00000000
699 0.48500000 0.41784600 0.00000000
700 0.48500000 0.41038500 0.00000000
701 0.48500000 0.40292300 0.00000000
702 0.48500000 0.39546200 0.00000000
703 0.48500000 0.38800000 0.00000000
704 0.48500000 0.38053900 0.00000000
705 0.48500000 0.37307700 0.00000000
706 0.48500000 0.36561500 0.00000000
707 0.48500000 0.35815400 0.00000000
708 0.48500000 0.35069200 0.00000000
709 0.48500000 0.34323100 0.00000000
710 0.48500000 0.33576900 0.00000000
711 0.48500000 0.32830800 0.00000000
712 0.48500000 0.32084600 0.00000000
713 0.48500000 0.31338500 0.00000000
714 0.48500000 0.30592300 0.00000000
715 0.48500000 0.29846100 0.00000000
716 0.48500000 0.29100000 0.00000000
717 0.48500000 0.28353900 0.00000000
718 0.48500000 0.27607700 0.00000000
719 0.48500000 0.26861500 0.00000000
720 0.48500000 0.26115400 0.00000000
721 0.48500000 0.25369200 0.00000000
722 0.48500000 0.24623100 0.00000000
723 0.48500000 0.23876900 0.00000000
724 0.48500000 0.23130800 0.00000000
725 0.48500000 0.22384600 0.00000000
726 0.48500000 0.21638500 0.00000000
727 0.48500000 0.20892300 0.00000000
728 0.48500000 0.20146100 0.00000000
729 0.48500000 0.19400000 0.00000000
730 0.48500000 0.18653800 0.00000000
731 0.48500000 0.17907700 0.00000000
732 0.48500000 0.17161500 0.00000000
733 0.48500000 0.16415400 0.00000000
734 0.48500000 0.15669200 0.00000000
735 0.48500000 0.14923100 0.00000000
736 0.48500000 0.14176900 0.00000000
737 0.48500000 0.13430800 0.00000000
738 0.48500000 0.12684600 0.00000000
739 0.48500000 0.11938500 0.00000000
740 0.48500000 0.11192300 0.00000000
741 0.48500000 0.10446100 0.00000000
742 0.48500000 0.09700000 0.00000000
743 0.48500000 0.08953800 0.00000000
744 0.48500000 0.08207700 0.00000000
745 0.48500000 0.07461500 0.00000000
746 0.48500000 0.06715400 0.00000000
747 0.48500000 0.05969200 0.00000000
748 0.48500000 0.05223100 0.00000000
749 0.48500000 0.04476900 0.00000000
750 0.48500000 0.03730800 0.00000000
751 0.48500000 0.02984600 0.00000000
752 0.48500000 0.02238500 0.00000000
753 0.48500000 0.01492300 0.00000000
754 0.48500000 0.00746200 0.00000000
755 0.48500000 0.00000000 0.00000000
756 0.48500000 -0.00746200 0.00000000
757 0.48500000 -0.01492300 0.00000000
758 0.48500000 -0.02238500 0.00000000
759 0.48500000 -0.02984600 0.00000000
760 0.48500000 -0.03730800 0.00000000
761 0.48500000 -0.04476900 0.00000000
762 0.48500000 -0.05223100 0.00000000
763 0.48500000 -0.05969200 0.00000000
764 0.48500000 -0.06715400 0.00000000
765 0.48500000 -0.07461500 0.00000000
766 0.48500000 -0.08207700 0.00000000
767 0.48500000 -0.08953800 0.00000000
768 0.48500000 -0.09700000 0.00000000
769 0.48500000 -0.10446100 0.00000000
770 0.48500000 -0.11192300 0.00000000
771 0.48500000 -0.11938500 0.00000000
772 0.48500000 -0.12684600 0.00000000
773 0.48500000 -0.13430800 0.00000000
774 0.48500000 -0.14176900 0.00000000
775 0.48500000 -0.14923100 0.00000000
776 0.48500000 -0.15669200 0.00000000
777 0.48500000 -0.16415400 0.00000000
778 0.48500000 -0.17161500 0.00000000
779 0.48500000 -0.17907700 0.00000000
780 0.48500000 -0.18653800 0.00000000
781 0.48500000 -0.19400000 0.00000000
782 0.48500000 -0.20146100 0.00000000
783 0.48500000 -0.20892300 0.00000000
784 0.48500000 -0.21638500 0.00000000
785 0.48500000 -0.22384600 0.00000000
786 0.48500000 -0.23130800 0.00000000
787 0.48500000 -0.23876900 0.00000000
788 0.48500000 -0.24623100 0.00000000
789 0.48500000 -0.25369200 0.00000000
790 0.48500000 -0.26115400 0.00000000
791 0.48500000 -0.26861500 0.00000000
792 0.48500000 -0.27607700 0.00000000
793 0.48500000 -0.28353900 0.00000000
794 0.48500000 -0.29100000 0.00000000
795 0.48500000 -0.29846100 0.00000000
796 0.48500000 -0.30592300 0.00000000
797 0.48500000 -0.31338500 0.00000000
798 0.48500000 -0.32084600 0.00000000
799 0.48500000 -0.32830800 0.00000000
800 0.48500000 -0.33576900 0.00000000
801 0.48500000 -0.34323100 0.00000000
802 0.48500000 -0.35069200 0.00000000
803 0.48500000 -0.35815400 0.00000000
804 0.48500000 -0.36561500 0.00000000
805 0.48500000 -0.37307700 0.00000000
806 0.48500000 -0.38053900 0.00000000
807 0.48500000 -0.38800000 0.00000000
808 0.48500000 -0.39546200 0.00000000
809 0.48500000 -0.40292300 0.00000000
810 0.48500000 -0.41038500 0.00000000
811 0.48500000 -0.41784600 0.00000000
812 0.48500000 -0.42530800 0.00000000
813 0.48500000 -0.43276900 0.00000000
814 0.48500000 -0.44023100 0.00000000
815 0.48500000 -0.44769200 0.00000000
816 0.48500000 -0.45515400 0.00000000
817 0.48500000 -0.46261500 0.00000000
818 0.48500000 -0.47007700 0.00000000
819 0.48500000 -0.47753800 0.00000000
820 0.47753800 -0.48500000 0.00000000
821 0.47007700 -0.48500000 0.00000000
822 0.46261500 -0.48500000 0.00000000
823 0.45515400 -0.48500000 0.00000000
824 0.44769200 -0.48500000 0.00000000
825 0.44023100 -0.48500000 0.00000000
826 0.43276900 -0.48500000 0.00000000
827 0.42530800 -0.48500000 0.00000000
828 0.41784600 -0.48500000 0.00000000
829 0.41038500 -0.48500000 0.00000000
830 0.40292300 -0.48500000 0.00000000
831 0.39546200 -0.48500000 0.00000000
832 0.38800000 -0.48500000 0.00000000
833 0.38053900 -0.48500000 0.00000000
834 0.37307700 -0.48500000 0.00000000
835 0.36561500 -0.48500000 0.00000000
836 0.35815400 -0.48500000 0.00000000
837 0.35069200 -0.48500000 0.00000000
838 0.34323100 -0.48500000 0.00000000
839 0.33576900 -0.48500000 0.00000000
840 0.32830800 -0.48500000 0.00000000
841 0.32084600 -0.48500000 0.00000000
842 0.31338500 -0.48500000 0.00000000
843 0.30592300 -0.48500000 0.00000000
844 0.29846100 -0.48500000 0.00000000
845 0.29100000 -0.48500000 0.00000000
846 0.28353900 -0.48500000 0.00000000
847 0.27607700 -0.48500000 0.00000000
848 0.26861500 -0.48500000 0.00000000
849 0.26115400 -0.48500000 0.00000000
850 0.25369200 -0.48500000 0.00000000
851 0.24623100 -0.48500000 0.00000000
852 0.23876900 -0.48500000 0.00000000
853 0.23130800 -0.48500000 0.00000000
854 0.22384600 -0.48500000 0.00000000
855 0.21638500 -0.48500000 0.00000000
856 0.20892300 -0.48500000 0.00000000
857 0.20146100 -0.48500000 0.00000000
858 0.19400000 -0.48500000 0.00000000
859 0.18653800 -0.48500000 0.00000000
860 0.17907700 -0.48500000 0.00000000
861 0.17161500 -0.48500000 0.00000000
862 0.16415400 -0.48500000 0.00000000
863 0.15669200 -0.48500000 0.00000000
864 0.14923100 -0.48500000 0.00000000
865 0.14176900 -0.48500000 0.00000000
866 0.13430800 -0.48500000 0.00000000
867 0.12684600 -0.48500000 0.00000000
868 0.11938500 -0.48500000 0.00000000
869 0.11192300 -0.48500000 0.00000000
870 0.10446100 -0.48500000 0.00000000
871 0.09700000 -0.48500000 0.00000000
872 0.08953800 -0.48500000 0.00000000
873 0.08207700 -0.48500000 0.00000000
874 0.07461500 -0.48500000 0.00000000
875 0.06715400 -0.48500000 0.00000000
876 0.05969200 -0.48500000 0.00000000
877 0.05223100 -0.48500000 0.00000000
878 0.04476900 -0.48500000 0.00000000
879 0.03730800 -0.48500000 0.00000000
880 0.02984600 -0.48500000 0.00000000
881 0.02238500 -0.48500000 0.00000000
882 0.01492300 -0.48500000 0.00000000
883 0.00746200 -0.48500000 0.00000000
884 0.00000000 -0.48500000 0.00000000
885 -0.00746200 -0.48500000 0.00000000
886 -0.01492300 -0.48500000 0.00000000
887 -0.02238500 -0.48500000 0.00000000
888 -0.02984600 -0.48500000 0.00000000
889 -0.03730800 -0.48500000 0.00000000
890 -0.04476900 -0.48500000 0.00000000
891 -0.05223100 -0.48500000 0.00000000
892 -0.05969200 -0.48500000 0.00000000
893 -0.06715400 -0.48500000 0.00000000
894 -0.07461500 -0.48500000 0.00000000
895 -0.08207700 -0.48500000 0.00000000
896 -0.08953800 -0.48500000 0.00000000
897 -0.09700000 -0.48500000 0.00000000
898 -0.10446100 -0.48500000 0.00000000
899 -0.11192300 -0.48500000 0.00000000
900 -0.11938500 -0.48500000 0.00000000
901 -0.12684600 -0.48500000 0.00000000
902 -0.13430800 -0.48500000 0.00000000
903 -0.14176900 -0.48500000 0.00000000
904 -0.14923100 -0.48500000 0.00000000
905 -0.15669200 -0.48500000 0.00000000
906 -0.16415400 -0.48500000 0.00000000
907 -0.17161500 -0.48500000 0.00000000
908 -0.17907700 -0.48500000 0.00000000
909 -0.18653800 -0.48500000 0.00000000
910 -0.19400000 -0.48500000 0.00000000
911 -0.20146100 -0.48500000 0.00000000
912 -0.20892300 -0.48500000 0.00000000
913 -0.21638500 -0.48500000 0.00000000
914 -0.22384600 -0.48500000 0.00000000
915 -0.23130800 -0.48500000 0.00000000
916 -0.23876900 -0.48500000 0.00000000
917 -0.24623100 -0.48500000 0.00000000
918 -0.25369200 -0.48500000 0.00000000
919 -0.26115400 -0.48500000 0.00000000
920 -0.26861500 -0.48500000 0.00000000
921 -0.27607700 -0.48500000 0.00000000
922 -0.28353900 -0.48500000 0.00000000
923 -0.29100000 -0.48500000 0.00000000
924 -0.29846100 -0.48500000 0.00000000
925 -0.30592300 -0.48500000 0.00000000
926 -0.31338500 -0.48500000 0.00000000
927 -0.32084600 -0.48500000 0.00000000
928 -0.32830800 -0.48500000 0.00000000
929 -0.33576900 -0.48500000 0.00000000
930 -0.34323100 -0.48500000 0.00000000
931 -0.35069200 -0.48500000 0.00000000
932 -0.35815400 -0.48500000 0.00000000
933 -0.36561500 -0.48500000 0.00000000
934 -0.37307700 -0.48500000 0.00000000
935 -0.38053900 -0.48500000 0.00000000
936 -0.38800000 -0.48500000 0.00000000
937 -0.39546200 -0.48500000 0.00000000
938 -0.40292300 -0.48500000 0.00000000
939 -0.41038500 -0.48500000 0.00000000
940 -0.41784600 -0.48500000 0.00000000
941 -0.42530800 -0.48500000 0.00000000
942 -0.43276900 -0.48500000 0.00000000
943 -0.44023100 -0.48500000 0.00000000
944 -0.44769200 -0.48500000 0.00000000
945 -0.45515400 -0.48500000 0.00000000
946 -0.46261500 -0.48500000 0.00000000
947 -0.47007700 -0.48500000 0.00000000
948 -0.47753800 -0.48500000 0.00000000
949 -0.48500000 -0.47753800 0.00000000
950 -0.48500000 -0.47007700 0.00000000
951 -0.48500000 -0.46261500 0.00000000
952 -0.48500000 -0.45515400 0.00000000
953 -0.48500000 -0.44769200 0.00000000
954 -0.48500000 -0.44023100 0.00000000
955 -0.48500000 -0.43276900 0.00000000
956 -0.48500000 -0.42530800 0.00000000
957 -0.48500000 -0.41784600 0.00000000
958 -0.48500000 -0.41038500 0.00000000
959 -0.48500000 -0.40292300 0.00000000
960 -0.48500000 -0.39546200 0.00000000
961 -0.48500000 -0.38800000 0.00000000
962 -0.48500000 -0.38053900 0.00000000
963 -0.48500000 -0.37307700 0.00000000
964 -0.48500000 -0.36561500 0.00000000
965 -0.48500000 -0.35815400 0.00000000
966 -0.48500000 -0.35069200 0.00000000
967 -0.48500000 -0.34323100 0.00000000
968 -0.48500000 -0.33576900 0.00000000
969 -0.48500000 -0.32830800 0.00000000
970 -0.48500000 -0.32084600 0.00000000
971 -0.48500000 -0.31338500 0.00000000
972 -0.48500000 -0.30592300 0.00000000
973 -0.48500000 -0.29846100 0.00000000
974 -0.48500000 -0.29100000 0.00000000
975 -0.48500000 -0.28353900 0.00000000
976 -0.48500000 -0.27607700 0.00000000
977 -0.48500000 -0.26861500 0.00000000
978 -0.48500000 -0.26115400 0.00000000
979 -0.48500000 -0.25369200 0.00000000
980 -0.48500000 -0.24623100 0.00000000
981 -0.48500000 -0.23876900 0.00000000
982 -0.48500000 -0.23130800 0.00000000
983 -0.48500000 -0.22384600 0.00000000
984 -0.48500000 -0.21638500 0.00000000
985 -0.48500000 -0.20892300 0.00000000
986 -0.48500000 -0.20146100 0.00000000
987 -0.48500000 -0.19400000 0.00000000
988 -0.48500000 -0.18653800 0.00000000
989 -0.48500000 -0.17907700 0.00000000
990 -0.48500000 -0.17161500 0.00000000
991 -0.48500000 -0.16415400 0.00000000
992 -0.48500000 -0.15669200 0.00000000
993 -0.48500000 -0.14923100 0.00000000
994 -0.48500000 -0.14176900 0.00000000
995 -0.48500000 -0.13430800 0.00000000
996 -0.48500000 -0.12684600 0.00000000
997 -0.48500000 -0.11938500 0.00000000
998 -0.48500000 -0.11192300 0.00000000
999 -0.48500000 -0.10446100 0.00000000
1000 -0.48500000 -0.09700000 0.00000000
1001 -0.48500000 -0.08953800 0.00000000
1002 -0.48500000 -0.08207700 0.00000000
1003 -0.48500000 -0.07461500 0.00000000
1004 -0.48500000 -0.06715400 0.00000000
1005 -0.48500000 -0.05969200 0.00000000
1006 -0.48500000 -0.05223100 0.00000000
1007 -0.48500000 -0.04476900 0.00000000
1008 -0.48500000 -0.03730800 0.00000000
1009 -0.48500000 -0.02984600 0.00000000
1010 -0.48500000 -0.02238500 0.00000000
1011 -0.48500000 -0.01492300 0.00000000
1012 -0.48500000 -0.00746200 0.00000000
1013 -0.48500000 -0.00000000 0.00000000
1014 -0.48500000 0.00746200 0.00000000
1015 -0.48500000 0.01492300 0.00000000
1016 -0.48500000 0.02238500 0.00000000
1017 -0.48500000 0.02984600 0.00000000
1018 -0.48500000 0.03730800 0.00000000
1019 -0.48500000 0.04476900 0.00000000
1020 -0.48500000 0.05223100 0.00000000
1021 -0.48500000 0.05969200 0.00000000
1022 -0.48500000 0.06715400 0.00000000
1023 -0.48500000 0.07461500 0.00000000
1024 -0.48500000 0.08207700 0.00000000
1025 -0.48500000 0.08953800 0.00000000
1026 -0.48500000 0.09700000 0.00000000
1027 -0.48500000 0.10446100 0.00000000
1028 -0.48500000 0.11192300 0.00000000
1029 -0.48500000 0.11938500 0.00000000
1030 -0.48500000 0.12684600 0.00000000
1031 -0.48500000 0.13430800 0.00000000
1032 -0.48500000 0.14176900 0.00000000
1033 -0.48500000 0.14923100 0.00000000
1034 -0.48500000 0.15669200 0.00000000
1035 -0.48500000 0.16415400 0.00000000
1036 -0.48500000 0.17161500 0.00000000
1037 -0.48500000 0.17907700 0.00000000
1038 -0.48500000 0.18653800 0.00000000
1039 -0.48500000 0.19400000 0.00000000
1040 -0.48500000 0.20146100 0.00000000
1041 -0.48500000 0.20892300 0.00000000
1042 -0.48500000 0.21638500 0.00000000
1043 -0.48500000 0.22384600 0.00000000
1044 -0.48500000 0.23130800 0.00000000
1045 -0.48500000 0.23876900 0.00000000
1046 -0.48500000 0.24623100 0.00000000
1047 -0.48500000 0.25369200 0.00000000
1048 -0.48500000 0.26115400 0.00000000
1049 -0.48500000 0.26861500 0.00000000
1050 -0.48500000 0.27607700 0.00000000
1051 -0.48500000 0.28353900 0.00000000
1052 -0.48500000 0.29100000 0.00000000
1053 -0.48500000 0.29846100 0.00000000
1054 -0.48500000 0.30592300 0.00000000
1055 -0.48500000 0.31338500 0.00000000
1056 -0.48500000 0.32084600 0.00000000
1057 -0.48500000 0.32830800 0.00000000
1058 -0.48500000 0.33576900 0.00000000
1059 -0.48500000 0.34323100 0.00000000
1060 -0.48500000 0.35069200 0.00000000
1061 -0.48500000 0.35815400 0.00000000
1062 -0.48500000 0.36561500 0.00000000
1063 -0.48500000 0.37307700 0.00000000
1064 -0.48500000 0.38053900 0.00000000
1065 -0.48500000 0.38800000 0.00000000
1066 -0.48500000 0.39546200 0.00000000
1067 -0.48500000 0.40292300 0.00000000
1068 -0.48500000 0.41038500 0.00000000
1069 -0.48500000 0.41784600 0.00000000
1070 -0.48500000 0.42530800 0.00000000
1071 -0.48500000 0.43276900 0.00000000
1072 -0.48500000 0.44023100 0.00000000
1073 -0.48500000 0.44769200 0.00000000
1074 -0.48500000 0.45515400 0.00000000
1075 -0.48500000 0.46261500 0.00000000
1076 -0.48500000 0.47007700 0.00000000
1077 -0.48500000 0.47753800 0.00000000
1078 0.51000000 0.51000000 0.00000000
1079 0.50500000 0.50500000 0.00000000
1080 0.50000000 0.50000000 0.00000000
1081 0.49500000 0.49500000 0.00000000
1082 0.49000000 0.49000000 0.00000000
1083 0.51000000 -0.51000000 0.00000000
1084 0.50500000 -0.50500000 0.00000000
1085 0.50000000 -0.50000000 0.00000000
1086 0.49500000 -0.49500000 0.00000000
1087 0.49000000 -0.49000000 0.00000000
1088 -0.51000000 -0.51000000 0.00000000
1089 -0.50500000 -0.50500000 0.00000000
1090 -0.50000000 -0.50000000 0.00000000
1091 -0.49500000 -0.49500000 0.00000000
1092 -0.49000000 -0.49000000 0.00000000
1093 -0.00373100 0.49146200 0.00000000
1094 0.01119200 0.49146200 0.00000000
1095 -0.01865400 0.49146200 0.00000000
1096 0.02611500 0.49146200 0.00000000
1097 -0.03357700 0.49146200 0.00000000
1098 0.04103800 0.49146200 0.00000000
1099 -0.04850000 0.49146200 0.00000000
1100 0.05596200 0.49146200 0.00000000
1101 -0.06342300 0.49146200 0.00000000
1102 0.07088500 0.49146200 0.00000000
1103 -0.07834600 0.49146200 0.00000000
1104 0.08580800 0.49146200 0.00000000
1105 -0.09326900 0.49146200 0.00000000
1106 0.10073100 0.49146200 0.00000000
1107 -0.10819200 0.49146200 0.00000000
1108 0.11565400 0.49146200 0.00000000
1109 -0.12311500 0.49146200 0.00000000
1110 0.13057700 0.49146200 0.00000000
1111 -0.13803900 0.49146200 0.00000000
1112 0.14550000 0.49146200 0.00000000
1113 -0.15296200 0.49146200 0.00000000
1114 0.16042300 0.49146200 0.00000000
1115 -0.16788500 0.49146200 0.00000000
1116 0.17534600 0.49146200 0.00000000
1117 -0.18280800 0.49146200 0.00000000
1118 0.19026900 0.49146200 0.00000000
1119 -0.19773100 0.49146200 0.00000000
1120 0.20519200 0.49146200 0.00000000
1121 -0.21265400 0.49146200 0.00000000
1122 0.22011500 0.49146200 0.00000000
1123 -0.22757700 0.49146200 0.00000000
1124 0.23503900 0.49146200 0.00000000
1125 -0.24250000 0.49146200 0.00000000
1126 0.24996200 0.49146200 0.00000000
1127 -0.25742300 0.49146200 0.00000000
1128 0.26488500 0.49146200 0.00000000
1129 -0.27234600 0.49146200 0.00000000
1130 0.27980800 0.49146200 0.00000000
1131 -0.28726900 0.49146200 0.00000000
1132 0.29473100 0.49146200 0.00000000
1133 -0.30219200 0.49146200 0.00000000
1134 0.30965400 0.49146200 0.00000000
1135 -0.31711500 0.49146200 0.00000000
1136 0.32457700 0.49146200 0.00000000
1137 -0.33203900 0.49146200 0.00000000
1138 0.33950000 0.49146200 0.00000000
1139 -0.34696100 0.49146200 0.00000000
1140 0.35442300 0.49146200 0.00000000
1141 -0.36188500 0.49146200 0.00000000
1142 0.36934600 0.49146200 0.00000000
1143 -0.37680800 0.49146200 0.00000000
1144 0.38426900 0.49146200 0.00000000
1145 -0.39173100 0.49146200 0.00000000
1146 0.39919200 0.49146200 0.00000000
1147 -0.40665400 0.49146200 0.00000000
1148 0.41411500 0.49146200 0.00000000
1149 -0.42157700 0.49146200 0.00000000
1150 0.42903800 0.49146200 0.00000000
1151 -0.43650000 0.49146200 0.00000000
1152 0.44396200 0.49146200 0.00000000
1153 -0.45142300 0.49146200 0.00000000
1154 0.45888500 0.49146200 0.00000000
1155 -0.46663400 0.49174000 0.00000000
1156 0.47380900 0.49145700 0.00000000
1157 -0.48158700 0.50931600 0.00000000
1158 0.48788300 0.49634500 0.00000000
1159 0.00373200 0.50853600 0.00000000
1160 -0.01119600 0.50853600 0.00000000
1161 0.01865900 0.50853600 0.00000000
1162 -0.02612400 0.50853500 0.00000000
1163 0.03358600 0.50853600 0.00000000
1164 -0.04105100 0.50853500 0.00000000
1165 0.04851400 0.50853500 0.00000000
1166 -0.05597900 0.50853500 0.00000000
1167 0.06344100 0.50853500 0.00000000
1168 -0.07090600 0.50853500 0.00000000
1169 0.07837000 0.50853600 0.00000000
1170 -0.08583400 0.50853500 0.00000000
1171 0.09329700 0.50853600 0.00000000
1172 -0.10076200 0.50853500 0.00000000
1173 0.10822400 0.50853600 0.00000000
1174 -0.11568900 0.50853500 0.00000000
1175 0.12315100 0.50853600 0.00000000
1176 -0.13061700 0.50853500 0.00000000
1177 0.13807900 0.50853500 0.00000000
1178 -0.14554400 0.50853500 0.00000000
1179 0.15300600 0.50853500 0.00000000
1180 -0.16047200 0.50853500 0.00000000
1181 0.16793400 0.50853500 0.00000000
1182 -0.17539900 0.50853500 0.00000000
1183 0.18286200 0.50853500 0.00000000
1184 -0.19032700 0.50853500 0.00000000
1185 0.19778900 0.50853500 0.00000000
1186 -0.20525400 0.50853600 0.00000000
1187 0.21271700 0.50853500 0.00000000
1188 -0.22018200 0.50853600 0.00000000
1189 0.22764400 0.50853500 0.00000000
1190 -0.23510800 0.50853600 0.00000000
1191 0.24257200 0.50853500 0.00000000
1192 -0.25003600 0.50853600 0.00000000
1193 0.25749900 0.50853500 0.00000000
1194 -0.26496300 0.50853600 0.00000000
1195 0.27242700 0.50853500 0.00000000
1196 -0.27989100 0.50853600 0.00000000
1197 0.28735400 0.50853500 0.00000000
1198 -0.29481800 0.50853600 0.00000000
1199 0.30228200 0.50853500 0.00000000
1200 -0.30974600 0.50853600 0.00000000
1201 0.31720900 0.50853500 0.00000000
1202 -0.32467400 0.50853600 0.00000000
1203 0.33213700 0.50853500 0.00000000
1204 -0.33960100 0.50853600 0.00000000
1205 0.34706500 0.50853500 0.00000000
1206 -0.35452900 0.50853600 0.00000000
1207 0.36199200 0.50853500 0.00000000
1208 -0.36945600 0.50853600 0.00000000
1209 0.37692000 0.50853500 0.00000000
1210 -0.38438400 0.50853600 0.00000000
1211 0.39184700 0.50853500 0.00000000
1212 -0.39931100 0.50853600 0.00000000
1213 0.40677500 0.50853500 0.00000000
1214 -0.41423900 0.50853600 0.00000000
1215 0.42170200 0.50853500 0.00000000
1216 -0.42916600 0.50853600 0.00000000
1217 0.43663000 0.50853500 0.00000000
1218 -0.44409400 0.50853600 0.00000000
1219 0.45155700 0.50853500 0.00000000
1220 -0.45954100 0.50845600 0.00000000
1221 0.46727600 0.50835100 0.00000000
1222 0.48058600 0.50846400 0.00000000
1223 -0.49237200 0.50206400 0.00000000
1224 -0.48247400 0.49148400 0.00000000
1225 -0.47507200 0.49218600 0.00000000
1226 -0.47064000 0.49833900 0.00000000
1227 -0.46263100 0.49803200 0.00000000
1228 -0.47892200 0.49889800 0.00000000
1229 0.49774100 0.50801200 0.00000000
1230 -0.46585700 0.50426600 0.00000000
1231 -0.47354800 0.50497200 0.00000000
1232 0.48184800 0.49167000 0.00000000
1233 0.47753800 0.49784300 0.00000000
1234 0.47011600 0.49790100 0.00000000
1235 0.47387800 0.50430900 0.00000000
1236 0.48884000 0.50855700 0.00000000
1237 -0.49767200 0.50790900 0.00000000
1238 -0.48906000 0.50834800 0.00000000
1239 0.49243500 0.50180000 0.00000000
1240 0.10076100 0.50853600 0.00000000
1241 0.10449300 0.50237500 0.00000000
1242 0.11195600 0.50242500 0.00000000
1243 0.10822400 0.49561000 0.00000000
1244 0.11568800 0.50859500 0.00000000
1245 0.11941900 0.50244300 0.00000000
1246 0.12688200 0.50243600 0.00000000
1247 0.12315000 0.49560900 0.00000000
1248 0.13061500 0.50859600 0.00000000
1249 0.13434600 0.50244500 0.00000000
1250 0.14181000 0.50243500 0.00000000
1251 0.13807800 0.49560700 0.00000000
1252 0.14554200 0.50859600 0.00000000
1253 0.14927400 0.50244400 0.00000000
1254 0.15673700 0.50243500 0.00000000
1255 0.15300600 0.49560700 0.00000000
1256 0.16047000 0.50859500 0.00000000
1257 0.16420100 0.50244400 0.00000000
1258 0.17166500 0.50243500 0.00000000
1259 0.16793400 0.49560600 0.00000000
1260 0.17539800 0.50859500 0.00000000
1261 0.17912900 0.50244400 0.00000000
1262 0.18659300 0.50243500 0.00000000
1263 0.18286200 0.49560600 0.00000000
1264 0.19032500 0.50859500 0.00000000
1265 0.19405600 0.50244400 0.00000000
1266 0.20152000 0.50243500 0.00000000
1267 0.19778900 0.49560600 0.00000000
1268 0.20525300 0.50859500 0.00000000
1269 0.20898400 0.50244400 0.00000000
1270 0.21644800 0.50243500 0.00000000
1271 0.21271700 0.49560700 0.00000000
1272 0.22018000 0.50859500 0.00000000
1273 0.22391200 0.50244400 0.00000000
1274 0.23137500 0.50243500 0.00000000
1275 0.22764400 0.49560700 0.00000000
1276 0.23510800 0.50859500 0.00000000
1277 0.23883900 0.50244400 0.00000000
1278 0.24630300 0.50243500 0.00000000
1279 0.24257200 0.49560700 0.00000000
1280 0.25003500 0.50859500 0.00000000
1281 0.25376700 0.50244400 0.00000000
1282 0.26123000 0.50243500 0.00000000
1283 0.25749900 0.49560700 0.00000000
1284 0.26496300 0.50859500 0.00000000
1285 0.26869400 0.50244400 0.00000000
1286 0.27615800 0.50243500 0.00000000
1287 0.27242700 0.49560700 0.00000000
1288 0.27989000 0.50859500 0.00000000
1289 0.28362200 0.50244400 0.00000000
1290 0.29108500 0.50243500 0.00000000
1291 0.28735400 0.49560700 0.00000000
1292 0.29481800 0.50859500 0.00000000
1293 0.29854900 0.50244400 0.00000000
1294 0.30601300 0.50243500 0.00000000
1295 0.30228200 0.49560700 0.00000000
1296 0.30974600 0.50859500 0.00000000
1297 0.31347700 0.50244400 0.00000000
1298 0.32094000 0.50243500 0.00000000
1299 0.31720900 0.49560700 0.00000000
1300 0.32467300 0.50859500 0.00000000
1301 0.32840400 0.50244400 0.00000000
1302 0.33586800 0.50243500 0.00000000
1303 0.33213700 0.49560700 0.00000000
1304 0.33960100 0.50859500 0.00000000
1305 0.34333200 0.50244400 0.00000000
1306 0.35079500 0.50243500 0.00000000
1307 0.34706500 0.49560700 0.00000000
1308 0.35452800 0.50859500 0.00000000
1309 0.35825900 0.50244400 0.00000000
1310 0.36572300 0.50243500 0.00000000
1311 0.36199200 0.49560700 0.00000000
1312 0.36945600 0.50859500 0.00000000
1313 0.37318700 0.50244400 0.00000000
1314 0.38065100 0.50243500 0.00000000
1315 0.37692000 0.49560700 0.00000000
1316 0.38438300 0.50859500 0.00000000
1317 0.38811400 0.50244400 0.00000000
1318 0.39557800 0.50243500 0.00000000
1319 0.39184700 0.49560700 0.00000000
1320 0.39931100 0.50859500 0.00000000
1321 0.40304200 0.50244400 0.00000000
1322 0.41050600 0.50243500 0.00000000
1323 0.40677500 0.49560700 0.00000000
1324 0.41423800 0.50859500 0.00000000
1325 0.41796900 0.50244400 0.00000000
1326 0.42543300 0.50243500 0.00000000
1327 0.42170200 0.49560700 0.00000000
1328 0.42916600 0.50859500 0.00000000
1329 0.43289700 0.50244400 0.00000000
1330 0.44036100 0.50243500 0.00000000
1331 0.43663000 0.49560700 0.00000000
1332 0.44409300 0.50859500 0.00000000
1333 0.44782500 0.50244400 0.00000000
1334 0.45528800 0.50243500 0.00000000
1335 0.45155700 0.49560700 0.00000000
1336 0.45902100 0.50853300 0.00000000
1337 0.46226500 0.50279500 0.00000000
1338 0.09702900 0.50242500 0.00000000
1339 0.08956600 0.50243400 0.00000000
1340 0.09329800 0.49561000 0.00000000
1341 0.08583300 0.50859600 0.00000000
1342 0.08210100 0.50244500 0.00000000
1343 0.07463700 0.50243700 0.00000000
1344 0.07836900 0.49561000 0.00000000
1345 0.01119600 0.50853600 0.00000000
1346 0.01492700 0.50237500 0.00000000
1347 0.02239000 0.50242500 0.00000000
1348 0.01865900 0.49561000 0.00000000
1349 0.02612300 0.50859500 0.00000000
1350 0.02985400 0.50244300 0.00000000
1351 0.03731700 0.50243600 0.00000000
1352 0.03358500 0.49560900 0.00000000
1353 0.04105000 0.50859600 0.00000000
1354 0.04478100 0.50244500 0.00000000
1355 0.05224400 0.50243500 0.00000000
1356 0.04851300 0.49560700 0.00000000
1357 0.05597700 0.50859600 0.00000000
1358 0.05970800 0.50244400 0.00000000
1359 0.06717300 0.50249700 0.00000000
1360 0.06344100 0.49560700 0.00000000
1361 0.00746400 0.50242600 0.00000000
1362 0.00000000 0.50243400 0.00000000
1363 0.00373300 0.49561000 0.00000000
1364 -0.00373200 0.50859600 0.00000000
1365 -0.00746400 0.50244500 0.00000000
1366 -0.01492800 0.50243700 0.00000000
1367 -0.01119600 0.49561000 0.00000000
1368 -0.22764500 0.50853600 0.00000000
1369 -0.23137700 0.50237500 0.00000000
1370 -0.23884000 0.50242500 0.00000000
1371 -0.23510800 0.49561000 0.00000000
1372 -0.24257200 0.50859500 0.00000000
1373 -0.24630400 0.50244400 0.00000000
1374 -0.25376800 0.50243700 0.00000000
1375 -0.25003600 0.49561000 0.00000000
1376 -0.25750000 0.50859700 0.00000000
1377 -0.26123200 0.50244600 0.00000000
1378 -0.26869500 0.50243700 0.00000000
1379 -0.26496400 0.49561000 0.00000000
1380 -0.27242700 0.50859700 0.00000000
1381 -0.27615900 0.50244600 0.00000000
1382 -0.28362300 0.50243700 0.00000000
1383 -0.27989100 0.49561000 0.00000000
1384 -0.28735500 0.50859700 0.00000000
1385 -0.29108700 0.50244600 0.00000000
1386 -0.29855000 0.50243700 0.00000000
1387 -0.29481900 0.49561000 0.00000000
1388 -0.30228200 0.50859700 0.00000000
1389 -0.30601400 0.50244600 0.00000000
1390 -0.31347800 0.50243700 0.00000000
1391 -0.30974600 0.49561000 0.00000000
1392 -0.31721000 0.50859700 0.00000000
1393 -0.32094200 0.50244600 0.00000000
1394 -0.32840600 0.50243700 0.00000000
1395 -0.32467400 0.49561000 0.00000000
1396 -0.33213700 0.50859700 0.00000000
1397 -0.33586900 0.50244600 0.00000000
1398 -0.34333300 0.50243700 0.00000000
1399 -0.33960100 0.49561000 0.00000000
1400 -0.34706500 0.50859700 0.00000000
1401 -0.35079700 0.50244600 0.00000000
1402 -0.35826100 0.50243700 0.00000000
1403 -0.35452900 0.49561000 0.00000000
1404 -0.36199300 0.50859700 0.00000000
1405 -0.36572400 0.50244600 0.00000000
1406 -0.37318800 0.50243700 0.00000000
1407 -0.36945600 0.49561000 0.00000000
1408 -0.37692000 0.50859700 0.00000000
1409 -0.38065200 0.50244600 0.00000000
1410 -0.38811600 0.50243700 0.00000000
1411 -0.38438400 0.49561000 0.00000000
1412 -0.39184800 0.50859700 0.00000000
1413 -0.39557900 0.50244600 0.00000000
1414 -0.40304300 0.50243700 0.00000000
1415 -0.39931100 0.49561000 0.00000000
1416 -0.40677500 0.50859700 0.00000000
1417 -0.41050700 0.50244600 0.00000000
1418 -0.41797100 0.50243700 0.00000000
1419 -0.41423900 0.49561000 0.00000000
1420 -0.42170300 0.50859700 0.00000000
1421 -0.42543400 0.50244600 0.00000000
1422 -0.43289800 0.50243700 0.00000000
1423 -0.42916700 0.49561000 0.00000000
1424 -0.43663000 0.50859700 0.00000000
1425 -0.44036200 0.50244600 0.00000000
1426 -0.44782600 0.50243700 0.00000000
1427 -0.44409400 0.49561000 0.00000000
1428 -0.45155700 0.50853600 0.00000000
1429 -0.45473900 0.50282900 0.00000000
1430 -0.22391300 0.50242600 0.00000000
1431 -0.21645000 0.50243400 0.00000000
1432 -0.22018200 0.49561000 0.00000000
1433 -0.21271800 0.50859600 0.00000000
1434 -0.20898700 0.50244500 0.00000000
1435 -0.20152300 0.50243600 0.00000000
1436 -0.20525600 0.49560900 0.00000000
1437 -0.19779100 0.50859600 0.00000000
1438 -0.19406000 0.50244500 0.00000000
1439 -0.18659600 0.50243500 0.00000000
1440 -0.19032800 0.49560700 0.00000000
1441 -0.18286300 0.50859600 0.00000000
1442 -0.17913200 0.50244400 0.00000000
1443 -0.17166900 0.50243500 0.00000000
1444 -0.17540000 0.49560700 0.00000000
1445 -0.16793600 0.50859500 0.00000000
1446 -0.16420500 0.50244400 0.00000000
1447 -0.15674100 0.50243500 0.00000000
1448 -0.16047200 0.49560600 0.00000000
1449 -0.15300800 0.50859500 0.00000000
1450 -0.14927700 0.50244400 0.00000000
1451 -0.14181300 0.50243500 0.00000000
1452 -0.14554400 0.49560600 0.00000000
1453 -0.13808100 0.50859500 0.00000000
1454 -0.13434900 0.50244400 0.00000000
1455 -0.12688600 0.50243500 0.00000000
1456 -0.13061600 0.49560600 0.00000000
1457 -0.12315300 0.50859500 0.00000000
1458 -0.11942200 0.50244400 0.00000000
1459 -0.11195800 0.50243500 0.00000000
1460 -0.11568900 0.49560700 0.00000000
1461 -0.10822600 0.50859500 0.00000000
1462 -0.10449400 0.50244400 0.00000000
1463 -0.09703100 0.50243500 0.00000000
1464 -0.10076200 0.49560700 0.00000000
1465 -0.09329800 0.50859500 0.00000000
1466 -0.08956700 0.50244400 0.00000000
1467 -0.08210300 0.50243500 0.00000000
1468 -0.08583400 0.49560700 0.00000000
1469 -0.07837000 0.50859500 0.00000000
1470 -0.07463900 0.50244400 0.00000000
1471 -0.06717500 0.50243500 0.00000000
1472 -0.07090600 0.49560700 0.00000000
1473 -0.06344300 0.50859500 0.00000000
1474 -0.05971200 0.50244400 0.00000000
1475 -0.05224800 0.50243500 0.00000000
1476 -0.05597900 0.49560700 0.00000000
1477 -0.04851500 0.50859500 0.00000000
1478 -0.04478400 0.50244400 0.00000000
1479 -0.03732000 0.50243500 0.00000000
1480 -0.04105100 0.49560700 0.00000000
1481 -0.03358800 0.50859500 0.00000000
1482 -0.02985700 0.50244400 0.00000000
1483 -0.02239200 0.50249700 0.00000000
1484 -0.02612400 0.49560700 0.00000000
1485 0.07090600 0.50857100 0.00000000
1486 -0.01866000 0.50857100 0.00000000
1487 -0.45927700 0.49135000 0.00000000
1488 0.46668800 0.49126900 0.00000000
1489 -0.48726900 0.49683500 0.00000000
1490 0.48527800 0.50260900 0.00000000
1491 -0.50405600 0.51058200 0.00000000
1492 0.50407000 0.51060200 0.00000000
1493 -0.48467200 0.50320900 0.00000000
1494 0.47394900 0.51030600 0.00000000
1495 -0.45130200 0.49763600 0.00000000
1496 -0.43660400 0.49751300 0.00000000
1497 -0.42167700 0.49751300 0.00000000
1498 -0.40675100 0.49751300 0.00000000
1499 -0.39182400 0.49751300 0.00000000
1500 -0.37689800 0.49751300 0.00000000
1501 -0.36197100 0.49751300 0.00000000
1502 -0.34704400 0.49751300 0.00000000
1503 -0.33211800 0.49751300 0.00000000
1504 -0.31719100 0.49751300 0.00000000
1505 -0.30226400 0.49751300 0.00000000
1506 -0.28733800 0.49751300 0.00000000
1507 -0.44396200 0.48965000 0.00000000
1508 -0.27241100 0.49751300 0.00000000
1509 -0.42903800 0.48965000 0.00000000
1510 -0.25748400 0.49751300 0.00000000
1511 -0.24255800 0.49751000 0.00000000
1512 -0.41411500 0.48965000 0.00000000
1513 -0.39919200 0.48965000 0.00000000
1514 -0.22763100 0.49749700 0.00000000
1515 -0.38426900 0.48965000 0.00000000
1516 0.08582800 0.49751200 0.00000000
1517 -0.36934600 0.48965000 0.00000000
1518 -0.00373100 0.49751200 0.00000000
1519 -0.35442300 0.48964900 0.00000000
1520 -0.33950000 0.48964900 0.00000000
1521 -0.32457700 0.48964900 0.00000000
1522 -0.30965400 0.48964900 0.00000000
1523 0.10075500 0.49749600 0.00000000
1524 -0.29473100 0.48964900 0.00000000
1525 0.07090100 0.49752200 0.00000000
1526 -0.27980800 0.48964900 0.00000000
1527 -0.01865900 0.49752200 0.00000000
1528 0.01119500 0.49749600 0.00000000
1529 -0.23503900 0.48964900 0.00000000
1530 -0.26488500 0.48964900 0.00000000
1531 -0.24996200 0.48964900 0.00000000
1532 -0.22011500 0.48964900 0.00000000
1533 -0.21270600 0.49751200 0.00000000
1534 0.10819200 0.48964900 0.00000000
1535 0.11568100 0.49751000 0.00000000
1536 0.01865400 0.48964900 0.00000000
1537 0.02612100 0.49751000 0.00000000
1538 0.09326900 0.48964900 0.00000000
1539 0.07834600 0.48964900 0.00000000
1540 -0.01119200 0.48964900 0.00000000
1541 0.00373100 0.48964900 0.00000000
1542 -0.20519200 0.48964900 0.00000000
1543 0.12311500 0.48964800 0.00000000
1544 0.03357700 0.48964800 0.00000000
1545 -0.19777900 0.49751200 0.00000000
1546 0.45876600 0.49762400 0.00000000
1547 0.13060700 0.49751200 0.00000000
1548 0.44406700 0.49751100 0.00000000
1549 0.04104700 0.49751200 0.00000000
1550 0.42914000 0.49751100 0.00000000
1551 0.41421400 0.49751100 0.00000000
1552 0.45142300 0.48964800 0.00000000
1553 0.39928700 0.49751100 0.00000000
1554 0.38436000 0.49751100 0.00000000
1555 0.43650000 0.48964800 0.00000000
1556 0.36943400 0.49751100 0.00000000
1557 0.42157700 0.48964800 0.00000000
1558 0.35450700 0.49751100 0.00000000
1559 0.40665400 0.48964800 0.00000000
1560 0.33958000 0.49751100 0.00000000
1561 -0.19026900 0.48964800 0.00000000
1562 0.39173100 0.48964800 0.00000000
1563 0.32465400 0.49751100 0.00000000
1564 0.37680800 0.48964800 0.00000000
1565 0.30972700 0.49751100 0.00000000
1566 0.13803900 0.48964800 0.00000000
1567 0.29480000 0.49751100 0.00000000
1568 0.36188500 0.48964800 0.00000000
1569 0.27987400 0.49751100 0.00000000
1570 0.04850000 0.48964800 0.00000000
1571 0.34696100 0.48964800 0.00000000
1572 0.26494700 0.49751100 0.00000000
1573 -0.18285300 0.49751100 0.00000000
1574 0.25002000 0.49751100 0.00000000
1575 0.33203900 0.48964800 0.00000000
1576 0.23509400 0.49751100 0.00000000
1577 0.31711500 0.48964800 0.00000000
1578 0.22016700 0.49751100 0.00000000
1579 0.14553400 0.49751100 0.00000000
1580 0.30219200 0.48964800 0.00000000
1581 0.20524000 0.49751100 0.00000000
1582 0.28726900 0.48964800 0.00000000
1583 0.05597400 0.49751100 0.00000000
1584 0.27234600 0.48964700 0.00000000
1585 0.19031400 0.49751100 0.00000000
1586 -0.10821900 0.49751100 0.00000000
1587 -0.12314600 0.49751100 0.00000000
1588 0.25742300 0.48964700 0.00000000
1589 -0.09329200 0.49751100 0.00000000
1590 -0.07836600 0.49751100 0.00000000
1591 0.24250000 0.48964700 0.00000000
1592 -0.13807200 0.49751100 0.00000000
1593 -0.06343900 0.49751100 0.00000000
1594 -0.04851200 0.49751100 0.00000000
1595 0.22757700 0.48964700 0.00000000
1596 -0.16792600 0.49751100 0.00000000
1597 -0.03358600 0.49751100 0.00000000
1598 -0.15299900 0.49751100 0.00000000
1599 0.17538700 0.49751100 0.00000000
1600 0.21265400 0.48964700 0.00000000
1601 0.16046000 0.49751100 0.00000000
1602 -0.17534600 0.48964700 0.00000000
1603 0.19773100 0.48964700 0.00000000
1604 0.15296200 0.48964700 0.00000000
1605 -0.11565400 0.48964700 0.00000000
1606 -0.10073100 0.48964700 0.00000000
1607 -0.08580800 0.48964700 0.00000000
1608 -0.13057700 0.48964700 0.00000000
1609 0.18280800 0.48964700 0.00000000
1610 -0.07088500 0.48964700 0.00000000
1611 -0.05596200 0.48964700 0.00000000
1612 0.06342300 0.48964700 0.00000000
1613 -0.04103800 0.48964700 0.00000000
1614 -0.02611500 0.48964700 0.00000000
1615 -0.14550000 0.48964700 0.00000000
1616 0.16788500 0.48964700 0.00000000
1617 -0.16042300 0.48964700 0.00000000
1618 -0.46731300 0.50994200 0.00000000
1619 0.47960700 0.50287500 0.00000000
1620 -0.47418700 0.51041100 0.00000000
1621 0.46817200 0.50292500 0.00000000
1622 0.46445300 0.49698800 0.00000000
1623 -0.46047100 0.50283000 0.00000000
1624 -0.45700000 0.49704500 0.00000000
1625 0.48269400 0.49705700 0.00000000
1626 -0.47876100 0.50420000 0.00000000
1627 0.49146200 0.00373100 0.00000000
1628 0.49146200 -0.01119200 0.00000000
1629 0.49146200 0.01865400 0.00000000
1630 0.49146200 -0.02611500 0.00000000
1631 0.49146200 0.03357700 0.00000000
1632 0.49146200 -0.04103800 0.00000000
1633 0.49146200 0.04850000 0.00000000
1634 0.49146200 -0.05596200 0.00000000
1635 0.49146200 0.06342300 0.00000000
1636 0.49146200 -0.07088500 0.00000000
1637 0.49146200 0.07834600 0.00000000
1638 0.49146200 -0.08580800 0.00000000
1639 0.49146200 0.09326900 0.00000000
1640 0.49146200 -0.10073100 0.00000000
1641 0.49146200 0.10819200 0.00000000
1642 0.49146200 -0.11565400 0.00000000
1643 0.49146200 0.12311500 0.00000000
1644 0.49146200 -0.13057700 0.00000000
1645 0.49146200 0.13803900 0.00000000
1646 0.49146200 -0.14550000 0.00000000
1647 0.49146200 0.15296200 0.00000000
1648 0.49146200 -0.16042300 0.00000000
1649 0.49146200 0.16788500 0.00000000
1650 0.49146200 -0.17534600 0.00000000
1651 0.49146200 0.18280800 0.00000000
1652 0.49146200 -0.19026900 0.00000000
1653 0.49146200 0.19773100 0.00000000
1654 0.49146200 -0.20519200 0.00000000
1655 0.49146200 0.21265400 0.00000000
1656 0.49146200 -0.22011500 0.00000000
1657 0.49146200 0.22757700 0.00000000
1658 0.49146200 -0.23503900 0.00000000
1659 0.49146200 0.24250000 0.00000000
1660 0.49146200 -0.24996200 0.00000000
1661 0.49146200 0.25742300 0.00000000
1662 0.49146200 -0.26488500 0.00000000
1663 0.49146200 0.27234600 0.00000000
1664 0.49146200 -0.27980800 0.00000000
1665 0.49146200 0.28726900 0.00000000
1666 0.49146200 -0.29473100 0.00000000
1667 0.49146200 0.30219200 0.00000000
1668 0.49146200 -0.30965400 0.00000000
1669 0.49146200 0.31711500 0.00000000
1670 0.49146200 -0.32457700 0.00000000
1671 0.49146200 0.33203900 0.00000000
1672 0.49146200 -0.33950000 0.00000000
1673 0.49146200 0.34696100 0.00000000
1674 0.49146200 -0.35442300 0.00000000
1675 0.49146200 0.36188500 0.00000000
1676 0.49146200 -0.36934600 0.00000000
1677 0.49146200 0.37680800 0.00000000
1678 0.49146200 -0.38426900 0.00000000
1679 0.49146200 0.39173100 0.00000000
1680 0.49146200 -0.39919200 0.00000000
1681 0.49146200 0.40665400 0.00000000
1682 0.49146200 -0.41411500 0.00000000
1683 0.49146200 0.42157700 0.00000000
1684 0.49146200 -0.42903800 0.00000000
1685 0.49163700 0.43730500 0.00000000
1686 0.49135500 -0.44319100 0.00000000
1687 0.49146200 0.45142300 0.00000000
1688 0.49147800 -0.45883800 0.00000000
1689 0.49086800 0.46488500 0.00000000
1690 0.49144500 -0.47386500 0.00000000
1691 0.50863500 0.48140900 0.00000000
1692 0.49627800 -0.48789300 0.00000000
1693 0.50853500 -0.00373300 0.00000000
1694 0.50853500 0.01119500 0.00000000
1695 0.50853500 -0.01866000 0.00000000
1696 0.50853500 0.02612300 0.00000000
1697 0.50853500 -0.03358800 0.00000000
1698 0.50853500 0.04105000 0.00000000
1699 0.50853500 -0.04851500 0.00000000
1700 0.50853500 0.05597800 0.00000000
1701 0.50853500 -0.06344300 0.00000000
1702 0.50853500 0.07090500 0.00000000
1703 0.50853600 -0.07837000 0.00000000
1704 0.50853500 0.08583300 0.00000000
1705 0.50853600 -0.09329700 0.00000000
1706 0.50853500 0.10076000 0.00000000
1707 0.50853600 -0.10822400 0.00000000
1708 0.50853500 0.11568800 0.00000000
1709 0.50853600 -0.12315200 0.00000000
1710 0.50853500 0.13061500 0.00000000
1711 0.50853600 -0.13807900 0.00000000
1712 0.50853500 0.14554300 0.00000000
1713 0.50853600 -0.15300700 0.00000000
1714 0.50853500 0.16047000 0.00000000
1715 0.50853600 -0.16793400 0.00000000
1716 0.50853500 0.17539800 0.00000000
1717 0.50853600 -0.18286200 0.00000000
1718 0.50853500 0.19032500 0.00000000
1719 0.50853600 -0.19779000 0.00000000
1720 0.50853500 0.20525300 0.00000000
1721 0.50853600 -0.21271700 0.00000000
1722 0.50853500 0.22018100 0.00000000
1723 0.50853600 -0.22764500 0.00000000
1724 0.50853500 0.23510800 0.00000000
1725 0.50853600 -0.24257200 0.00000000
1726 0.50853500 0.25003600 0.00000000
1727 0.50853600 -0.25750000 0.00000000
1728 0.50853500 0.26496300 0.00000000
1729 0.50853600 -0.27242700 0.00000000
1730 0.50853500 0.27989100 0.00000000
1731 0.50853600 -0.28735500 0.00000000
1732 0.50853500 0.29481800 0.00000000
1733 0.50853600 -0.30228200 0.00000000
1734 0.50853500 0.30974600 0.00000000
1735 0.50853600 -0.31721000 0.00000000
1736 0.50853500 0.32467300 0.00000000
1737 0.50853600 -0.33213700 0.00000000
1738 0.50853500 0.33960100 0.00000000
1739 0.50853600 -0.34706500 0.00000000
1740 0.50853500 0.35452800 0.00000000
1741 0.50853600 -0.36199200 0.00000000
1742 0.50853500 0.36945600 0.00000000
1743 0.50853600 -0.37692000 0.00000000
1744 0.50853500 0.38438300 0.00000000
1745 0.50853600 -0.39184800 0.00000000
1746 0.50853500 0.39931100 0.00000000
1747 0.50853600 -0.40677500 0.00000000
1748 0.50853500 0.41423900 0.00000000
1749 0.50853600 -0.42170300 0.00000000
1750 0.50883800 0.42916500 0.00000000
1751 0.50853600 -0.43663000 0.00000000
1752 0.50853400 0.44408700 0.00000000
1753 0.50839700 -0.45206700 0.00000000
1754 0.50853000 0.45903700 0.00000000
1755 0.50861500 -0.46647400 0.00000000
1756 0.50843300 -0.48064400 0.00000000
1757 0.50188200 0.49196200 0.00000000
1758 0.49137400 0.48185900 0.00000000
1759 0.50801200 -0.49774100 0.00000000
1760 0.49662100 0.48715800 0.00000000
1761 0.49809400 0.47964100 0.00000000
1762 0.49248700 0.47296100 0.00000000
1763 0.50055700 0.47278400 0.00000000
1764 0.49158100 -0.48187600 0.00000000
1765 0.49775500 -0.47768300 0.00000000
1766 0.49761600 -0.47015500 0.00000000
1767 0.50416600 -0.47385600 0.00000000
1768 0.50855700 -0.48884000 0.00000000
1769 0.50788300 0.49761300 0.00000000
1770 0.50857300 0.48892300 0.00000000
1771 0.50788000 0.47346000 0.00000000
1772 0.50864900 0.46602300 0.00000000
1773 0.50229400 0.46236500 0.00000000
1774 0.50240600 0.45523000 0.00000000
1775 0.49583800 0.45841100 0.00000000
1776 0.50178900 -0.49243600 0.00000000
1777 0.49142500 -0.46633700 0.00000000
1778 0.49754800 -0.46255200 0.00000000
1779 0.49800200 -0.45431700 0.00000000
1780 0.50427100 -0.45879500 0.00000000
1781 0.50858900 0.45154600 0.00000000
1782 0.50244100 0.44780400 0.00000000
1783 0.50196400 0.43950700 0.00000000
1784 0.49561000 0.44405900 0.00000000
1785 0.50853600 -0.10076100 0.00000000
1786 0.50237500 -0.10449200 0.00000000
1787 0.50242500 -0.11195600 0.00000000
1788 0.49561000 -0.10822400 0.00000000
1789 0.50859500 -0.11568800 0.00000000
1790 0.50244400 -0.11942000 0.00000000
1791 0.50243700 -0.12688400 0.00000000
1792 0.49561000 -0.12315200 0.00000000
1793 0.50242600 -0.09702900 0.00000000
1794 0.50243400 -0.08956600 0.00000000
1795 0.49561000 -0.09329800 0.00000000
1796 0.50859600 -0.08583400 0.00000000
1797 0.50244500 -0.08210300 0.00000000
1798 0.50243600 -0.07463900 0.00000000
1799 0.49560900 -0.07837200 0.00000000
1800 0.50859600 -0.07090700 0.00000000
1801 0.50244500 -0.06717600 0.00000000
1802 0.50243500 -0.05971200 0.00000000
1803 0.49560700 -0.06344400 0.00000000
1804 0.50859600 -0.05597900 0.00000000
1805 0.50244400 -0.05224800 0.00000000
1806 0.50243500 -0.04478400 0.00000000
1807 0.49560700 -0.04851600 0.00000000
1808 0.50859500 -0.04105200 0.00000000
1809 0.50244400 -0.03732100 0.00000000
1810 0.50243500 -0.02985700 0.00000000
1811 0.49560600 -0.03358800 0.00000000
1812 0.50859500 -0.02612400 0.00000000
1813 0.50244400 -0.02239300 0.00000000
1814 0.50243500 -0.01492900 0.00000000
1815 0.49560600 -0.01866000 0.00000000
1816 0.50859500 -0.01119700 0.00000000
1817 0.50244400 -0.00746500 0.00000000
1818 0.50243500 -0.00000200 0.00000000
1819 0.49560600 -0.00373200 0.00000000
1820 0.50859500 0.00373100 0.00000000
1821 0.50244400 0.00746200 0.00000000
1822 0.50243500 0.01492600 0.00000000
1823 0.49560700 0.01119500 0.00000000
1824 0.50859500 0.01865900 0.00000000
1825 0.50244400 0.02239000 0.00000000
1826 0.50243500 0.02985400 0.00000000
1827 0.49560700 0.02612300 0.00000000
1828 0.50859500 0.03358600 0.00000000
1829 0.50244400 0.03731700 0.00000000
1830 0.50243500 0.04478100 0.00000000
1831 0.49560700 0.04105000 0.00000000
1832 0.50859500 0.04851400 0.00000000
1833 0.50244400 0.05224500 0.00000000
1834 0.50243500 0.05970900 0.00000000
1835 0.49560700 0.05597800 0.00000000
1836 0.50859500 0.06344100 0.00000000
1837 0.50244400 0.06717200 0.00000000
1838 0.50243500 0.07463600 0.00000000
1839 0.49560700 0.07090500 0.00000000
1840 0.50859500 0.07836900 0.00000000
1841 0.50244400 0.08210000 0.00000000
1842 0.50243500 0.08956400 0.00000000
1843 0.49560700 0.08583300 0.00000000
1844 0.50859500 0.09329600 0.00000000
1845 0.50244400 0.09702700 0.00000000
1846 0.50243500 0.10449100 0.00000000
1847 0.49560700 0.10076000 0.00000000
1848 0.50859500 0.10822400 0.00000000
1849 0.50244400 0.11195500 0.00000000
1850 0.50243500 0.11941900 0.00000000
1851 0.49560700 0.11568800 0.00000000
1852 0.50859500 0.12315100 0.00000000
1853 0.50244400 0.12688300 0.00000000
1854 0.50243500 0.13434600 0.00000000
1855 0.49560700 0.13061500 0.00000000
1856 0.50859500 0.13807900 0.00000000
1857 0.50244400 0.14181000 0.00000000
1858 0.50243500 0.14927400 0.00000000
1859 0.49560700 0.14554300 0.00000000
1860 0.50859500 0.15300600 0.00000000
1861 0.50244400 0.15673800 0.00000000
1862 0.50243500 0.16420100 0.00000000
1863 0.49560700 0.16047000 0.00000000
1864 0.50859500 0.16793400 0.00000000
1865 0.50244400 0.17166500 0.00000000
1866 0.50243500 0.17912900 0.00000000
1867 0.49560700 0.17539800 0.00000000
1868 0.50859500 0.18286100 0.00000000
1869 0.50244400 0.18659300 0.00000000
1870 0.50243500 0.19405600 0.00000000
1871 0.49560700 0.19032500 0.00000000
1872 0.50859500 0.19778900 0.00000000
1873 0.50244400 0.20152000 0.00000000
1874 0.50243500 0.20898400 0.00000000
1875 0.49560700 0.20525300 0.00000000
1876 0.50859500 0.21271700 0.00000000
1877 0.50244400 0.21644800 0.00000000
1878 0.50243500 0.22391200 0.00000000
1879 0.49560700 0.22018100 0.00000000
1880 0.50859500 0.22764400 0.00000000
1881 0.50244400 0.23137500 0.00000000
1882 0.50243500 0.23883900 0.00000000
1883 0.49560700 0.23510800 0.00000000
1884 0.50859500 0.24257100 0.00000000
1885 0.50244400 0.24630300 0.00000000
1886 0.50243500 0.25376700 0.00000000
1887 0.49560700 0.25003600 0.00000000
1888 0.50859500 0.25749900 0.00000000
1889 0.50244400 0.26123000 0.00000000
1890 0.50243500 0.26869400 0.00000000
1891 0.49560700 0.26496300 0.00000000
1892 0.50859500 0.27242700 0.00000000
1893 0.50244400 0.27615800 0.00000000
1894 0.50243500 0.28362200 0.00000000
1895 0.49560700 0.27989100 0.00000000
1896 0.50859500 0.28735400 0.00000000
1897 0.50244400 0.29108500 0.00000000
1898 0.50243500 0.29854900 0.00000000
1899 0.49560700 0.29481800 0.00000000
1900 0.50859500 0.30228200 0.00000000
1901 0.50244400 0.30601300 0.00000000
1902 0.50243500 0.31347700 0.00000000
1903 0.49560700 0.30974600 0.00000000
1904 0.50859500 0.31720900 0.00000000
1905 0.50244400 0.32094100 0.00000000
1906 0.50243500 0.32840400 0.00000000
1907 0.49560700 0.32467300 0.00000000
1908 0.50859500 0.33213700 0.00000000
1909 0.50244400 0.33586800 0.00000000
1910 0.50243500 0.34333200 0.00000000
1911 0.49560700 0.33960100 0.00000000
1912 0.50859500 0.34706400 0.00000000
1913 0.50244400 0.35079500 0.00000000
1914 0.50243500 0.35825900 0.00000000
1915 0.49560700 0.35452800 0.00000000
1916 0.50859500 0.36199200 0.00000000
1917 0.50244400 0.36572300 0.00000000
1918 0.50243500 0.37318700 0.00000000
1919 0.49560700 0.36945600 0.00000000
1920 0.50859500 0.37691900 0.00000000
1921 0.50244400 0.38065100 0.00000000
1922 0.50243500 0.38811400 0.00000000
1923 0.49560700 0.38438300 0.00000000
1924 0.50859500 0.39184700 0.00000000
1925 0.50244400 0.39557800 0.00000000
1926 0.50243500 0.40304200 0.00000000
1927 0.49560700 0.39931100 0.00000000
1928 0.50859500 0.40677400 0.00000000
1929 0.50244400 0.41050600 0.00000000
1930 0.50243500 0.41796900 0.00000000
1931 0.49560700 0.41423900 0.00000000
1932 0.50864600 0.42170200 0.00000000
1933 0.50227600 0.42621200 0.00000000
1934 0.50859700 -0.13061600 0.00000000
1935 0.50244600 -0.13434800 0.00000000
1936 0.50243700 -0.14181100 0.00000000
1937 0.49561000 -0.13807900 0.00000000
1938 0.50859700 -0.14554300 0.00000000
1939 0.50244600 -0.14927500 0.00000000
1940 0.50243700 -0.15673900 0.00000000
1941 0.49561000 -0.15300700 0.00000000
1942 0.50859700 -0.16047100 0.00000000
1943 0.50244600 -0.16420300 0.00000000
1944 0.50243700 -0.17166600 0.00000000
1945 0.49561000 -0.16793500 0.00000000
1946 0.50859700 -0.17539800 0.00000000
1947 0.50244600 -0.17913000 0.00000000
1948 0.50243700 -0.18659400 0.00000000
1949 0.49561000 -0.18286200 0.00000000
1950 0.50859700 -0.19032600 0.00000000
1951 0.50244600 -0.19405800 0.00000000
1952 0.50243700 -0.20152100 0.00000000
1953 0.49561000 -0.19779000 0.00000000
1954 0.50859700 -0.20525400 0.00000000
1955 0.50244600 -0.20898500 0.00000000
1956 0.50243700 -0.21644900 0.00000000
1957 0.49561000 -0.21271700 0.00000000
1958 0.50859700 -0.22018100 0.00000000
1959 0.50244600 -0.22391300 0.00000000
1960 0.50243700 -0.23137700 0.00000000
1961 0.49561000 -0.22764500 0.00000000
1962 0.50859700 -0.23510800 0.00000000
1963 0.50244600 -0.23884000 0.00000000
1964 0.50243700 -0.24630400 0.00000000
1965 0.49561000 -0.24257200 0.00000000
1966 0.50859700 -0.25003600 0.00000000
1967 0.50244600 -0.25376800 0.00000000
1968 0.50243700 -0.26123200 0.00000000
1969 0.49561000 -0.25750000 0.00000000
1970 0.50859700 -0.26496400 0.00000000
1971 0.50244600 -0.26869500 0.00000000
1972 0.50243700 -0.27615900 0.00000000
1973 0.49561000 -0.27242700 0.00000000
1974 0.50859700 -0.27989100 0.00000000
1975 0.50244600 -0.28362300 0.00000000
1976 0.50243700 -0.29108700 0.00000000
1977 0.49561000 -0.28735500 0.00000000
1978 0.50859700 -0.29481900 0.00000000
1979 0.50244600 -0.29855000 0.00000000
1980 0.50243700 -0.30601400 0.00000000
1981 0.49561000 -0.30228200 0.00000000
1982 0.50859700 -0.30974600 0.00000000
1983 0.50244600 -0.31347800 0.00000000
1984 0.50243700 -0.32094200 0.00000000
1985 0.49561000 -0.31721000 0.00000000
1986 0.50859700 -0.32467400 0.00000000
1987 0.50244600 -0.32840600 0.00000000
1988 0.50243700 -0.33586900 0.00000000
1989 0.49561000 -0.33213700 0.00000000
1990 0.50859700 -0.33960100 0.00000000
1991 0.50244600 -0.34333300 0.00000000
1992 0.50243700 -0.35079700 0.00000000
1993 0.49561000 -0.34706500 0.00000000
1994 0.50859700 -0.35452900 0.00000000
1995 0.50244600 -0.35826000 0.00000000
1996 0.50243700 -0.36572400 0.00000000
1997 0.49561000 -0.36199300 0.00000000
1998 0.50859700 -0.36945600 0.00000000
1999 0.50244600 -0.37318800 0.00000000
2000 0.50243700 -0.38065200 0.00000000
2001 0.49561000 -0.37692000 0.00000000
2002 0.50859700 -0.38438400 0.00000000
2003 0.50244600 -0.38811600 0.00000000
2004 0.50243700 -0.39557900 0.00000000
2005 0.49561000 -0.39184800 0.00000000
2006 0.50859700 -0.39931100 0.00000000
2007 0.50244600 -0.40304300 0.00000000
2008 0.50243700 -0.41050700 0.00000000
2009 0.49561000 -0.40677500 0.00000000
2010 0.50859700 -0.41423900 0.00000000
2011 0.50244600 -0.41797100 0.00000000
2012 0.50243700 -0.42543400 0.00000000
2013 0.49561000 -0.42170300 0.00000000
2014 0.50859700 -0.42916700 0.00000000
2015 0.50244600 -0.43289800 0.00000000
2016 0.50232500 -0.44003200 0.00000000
2017 0.49572100 -0.43645000 0.00000000
2018 0.50853600 -0.44409300 0.00000000
2019 0.50207300 -0.44782600 0.00000000
2020 0.49130100 0.42950200 0.00000000
2021 0.49780800 0.43300200 0.00000000
2022 0.50887000 0.43648600 0.00000000
2023 0.49115400 -0.45115600 0.00000000
2024 0.50240600 -0.48537300 0.00000000
2025 0.51057700 0.50404400 0.00000000
2026 0.51060200 -0.50407000 0.00000000
2027 0.50299200 0.48455900 0.00000000
2028 0.51029900 -0.47394900 0.00000000
2029 0.50244300 -0.46636600 0.00000000
2030 0.49609300 -0.44774500 0.00000000
2031 0.51034000 -0.45902200 0.00000000
2032 0.49755100 0.45138500 0.00000000
2033 0.49753500 -0.42910500 0.00000000
2034 0.49751300 -0.41421400 0.00000000
2035 0.49751300 -0.39928800 0.00000000
2036 0.49751300 -0.38436100 0.00000000
2037 0.49751300 -0.36943400 0.00000000
2038 0.49751300 -0.35450800 0.00000000
2039 0.49751300 -0.33958100 0.00000000
2040 0.49751300 -0.32465400 0.00000000
2041 0.49751300 -0.30972800 0.00000000
2042 0.49751300 -0.29480100 0.00000000
2043 0.49751300 -0.27987400 0.00000000
2044 0.48965000 -0.43650000 0.00000000
2045 0.49751300 -0.26494800 0.00000000
2046 0.50395100 0.43287400 0.00000000
2047 0.49751300 -0.25002100 0.00000000
2048 0.48965000 -0.42157700 0.00000000
2049 0.49751300 -0.23509400 0.00000000
2050 0.48965000 -0.40665400 0.00000000
2051 0.49751300 -0.22016800 0.00000000
2052 0.49751300 -0.20524100 0.00000000
2053 0.48965000 -0.39173100 0.00000000
2054 0.49751300 -0.19031400 0.00000000
2055 0.49751300 -0.13060800 0.00000000
2056 0.49751300 -0.17538800 0.00000000
2057 0.49751300 -0.14553500 0.00000000
2058 0.49751300 -0.16046100 0.00000000
2059 0.48965000 -0.37680800 0.00000000
2060 0.49751000 -0.11568100 0.00000000
2061 0.48964900 -0.36188500 0.00000000
2062 0.48964900 -0.34696100 0.00000000
2063 0.48964900 0.44396200 0.00000000
2064 0.49749700 -0.10075500 0.00000000
2065 0.48964900 -0.33203900 0.00000000
2066 0.48964400 0.45874400 0.00000000
2067 0.48964900 -0.31711500 0.00000000
2068 0.48964900 -0.30219200 0.00000000
2069 0.48964900 -0.28726900 0.00000000
2070 0.48964900 -0.27234600 0.00000000
2071 0.48964900 -0.25742300 0.00000000
2072 0.48964900 -0.24250000 0.00000000
2073 0.48964900 -0.22757700 0.00000000
2074 0.49751200 -0.08582900 0.00000000
2075 0.48964900 -0.21265400 0.00000000
2076 0.48964900 -0.19773100 0.00000000
2077 0.48964900 -0.13803900 0.00000000
2078 0.48964900 -0.18280800 0.00000000
2079 0.48964900 -0.16788500 0.00000000
2080 0.48964900 -0.09326900 0.00000000
2081 0.48964900 -0.15296200 0.00000000
2082 0.48964900 -0.10819200 0.00000000
2083 0.48964900 -0.12311500 0.00000000
2084 0.48964900 -0.07834600 0.00000000
2085 0.49751200 -0.07090300 0.00000000
2086 0.49762900 0.42152600 0.00000000
2087 0.49751100 0.40675000 0.00000000
2088 0.49751100 0.39182300 0.00000000
2089 0.49751100 0.37689700 0.00000000
2090 0.49751100 0.36197000 0.00000000
2091 0.48964800 0.41411500 0.00000000
2092 0.49751100 0.34704400 0.00000000
2093 0.48964800 0.39919200 0.00000000
2094 0.49751100 0.33211700 0.00000000
2095 0.48964800 0.38426900 0.00000000
2096 0.48964800 -0.06342300 0.00000000
2097 0.49751100 0.31719000 0.00000000
2098 0.49751100 0.30226400 0.00000000
2099 0.48964800 0.36934600 0.00000000
2100 0.49751100 0.28733700 0.00000000
2101 0.48964800 0.35442300 0.00000000
2102 0.49751100 0.27241000 0.00000000
2103 0.48964800 0.33950000 0.00000000
2104 0.49751100 0.25748400 0.00000000
2105 0.49751100 0.24255700 0.00000000
2106 0.48964800 0.32457700 0.00000000
2107 0.49751100 0.22763000 0.00000000
2108 0.48964800 0.30965400 0.00000000
2109 0.49751100 -0.05597600 0.00000000
2110 0.49751100 0.21270400 0.00000000
2111 0.49751100 0.19777700 0.00000000
2112 0.48964800 0.29473100 0.00000000
2113 0.49751100 0.18285000 0.00000000
2114 0.48964700 0.27980800 0.00000000
2115 0.49751100 0.16792400 0.00000000
2116 0.49751100 0.15299700 0.00000000
2117 0.48964700 0.26488500 0.00000000
2118 0.49751100 0.13807100 0.00000000
2119 0.49751100 0.12314400 0.00000000
2120 0.48964700 0.24996200 0.00000000
2121 0.49751100 0.10821700 0.00000000
2122 0.49751100 0.09329100 0.00000000
2123 0.49751100 0.07836400 0.00000000
2124 0.49751100 0.03358400 0.00000000
2125 0.48964700 0.23503900 0.00000000
2126 0.49751100 0.06343700 0.00000000
2127 0.49751100 0.04851100 0.00000000
2128 0.49751100 0.01865700 0.00000000
2129 0.49751100 0.00373100 0.00000000
2130 0.48964700 0.22011500 0.00000000
2131 0.48964700 0.20519200 0.00000000
2132 0.49751100 -0.01119600 0.00000000
2133 0.48964700 0.19026900 0.00000000
2134 0.48964700 0.17534600 0.00000000
2135 0.48964700 0.16042300 0.00000000
2136 0.49751100 -0.04104900 0.00000000
2137 0.48964700 0.14550000 0.00000000
2138 0.49751100 -0.02612300 0.00000000
2139 0.48964700 0.13057700 0.00000000
2140 0.48964700 0.11565400 0.00000000
2141 0.48964700 0.10073100 0.00000000
2142 0.48964700 -0.04850000 0.00000000
2143 0.48964700 0.08580800 0.00000000
2144 0.48964700 0.07088500 0.00000000
2145 0.48964700 0.05596200 0.00000000
2146 0.48964700 0.04103800 0.00000000
2147 0.48964700 0.02611500 0.00000000
2148 0.48964700 0.01119200 0.00000000
2149 0.48964700 -0.00373100 0.00000000
2150 0.48964700 -0.01865400 0.00000000
2151 0.48964700 -0.03357700 0.00000000
2152 0.50393000 0.47786500 0.00000000
2153 0.49681400 0.43830800 0.00000000
2154 0.50268600 -0.47971000 0.00000000
2155 0.49729600 -0.44278200 0.00000000
2156 0.49609500 0.42636400 0.00000000
2157 0.49757500 0.46655100 0.00000000
2158 0.50314900 -0.45325000 0.00000000
2159 0.49703100 -0.48272300 0.00000000
2160 0.50340100 0.46802100 0.00000000
2161 -0.49146200 -0.00373100 0.00000000
2162 -0.49146200 0.01119200 0.00000000
2163 -0.49146200 -0.01865400 0.00000000
2164 -0.49146200 0.02611500 0.00000000
2165 -0.49146200 -0.03357700 0.00000000
2166 -0.49146200 0.04103800 0.00000000
2167 -0.49146200 -0.04850000 0.00000000
2168 -0.49146200 0.05596200 0.00000000
2169 -0.49146200 -0.06342300 0.00000000
2170 -0.49146200 0.07088500 0.00000000
2171 -0.49146200 -0.07834600 0.00000000
2172 -0.49146200 0.08580800 0.00000000
2173 -0.49146200 -0.09326900 0.00000000
2174 -0.49146200 0.10073100 0.00000000
2175 -0.49146200 -0.10819200 0.00000000
2176 -0.49146200 0.11565400 0.00000000
2177 -0.49146200 -0.12311500 0.00000000
2178 -0.49146200 0.13057700 0.00000000
2179 -0.49146200 -0.13803900 0.00000000
2180 -0.49146200 0.14550000 0.00000000
2181 -0.49146200 -0.15296200 0.00000000
2182 -0.49146200 0.16042300 0.00000000
2183 -0.49146200 -0.16788500 0.00000000
2184 -0.49146200 0.17534600 0.00000000
2185 -0.49146200 -0.18280800 0.00000000
2186 -0.49146200 0.19026900 0.00000000
2187 -0.49146200 -0.19773100 0.00000000
2188 -0.49146200 0.20519200 0.00000000
2189 -0.49146200 -0.21265400 0.00000000
2190 -0.49146200 0.22011500 0.00000000
2191 -0.49146200 -0.22757700 0.00000000
2192 -0.49146200 0.23503900 0.00000000
2193 -0.49146200 -0.24250000 0.00000000
2194 -0.49146200 0.24996200 0.00000000
2195 -0.49146200 -0.25742300 0.00000000
2196 -0.49146200 0.26488500 0.00000000
2197 -0.49146200 -0.27234600 0.00000000
2198 -0.49146200 0.27980800 0.00000000
2199 -0.49146200 -0.28726900 0.00000000
2200 -0.49146200 0.29473100 0.00000000
2201 -0.49146200 -0.30219200 0.00000000
2202 -0.49146200 0.30965400 0.00000000
2203 -0.49146200 -0.31711500 0.00000000
2204 -0.49146200 0.32457700 0.00000000
2205 -0.49146200 -0.33203900 0.00000000
2206 -0.49146200 0.33950000 0.00000000
2207 -0.49146200 -0.34696100 0.00000000
2208 -0.49146200 0.35442300 0.00000000
2209 -0.49146200 -0.36188500 0.00000000
2210 -0.49146200 0.36934600 0.00000000
2211 -0.49146200 -0.37680800 0.00000000
2212 -0.49146200 0.38426900 0.00000000
2213 -0.49146200 -0.39173100 0.00000000
2214 -0.49146200 0.39919200 0.00000000
2215 -0.49146200 -0.40665400 0.00000000
2216 -0.49146200 0.41411500 0.00000000
2217 -0.49146200 -0.42157700 0.00000000
2218 -0.49146200 0.42903800 0.00000000
2219 -0.49146200 -0.43650000 0.00000000
2220 -0.49146200 0.44396200 0.00000000
2221 -0.49146200 -0.45142300 0.00000000
2222 -0.49146200 0.45888500 0.00000000
2223 -0.49174000 -0.46663400 0.00000000
2224 -0.49145700 0.47380900 0.00000000
2225 -0.50931600 -0.48158700 0.00000000
2226 -0.49634500 0.48788300 0.00000000
2227 -0.50853600 0.00373200 0.00000000
2228 -0.50853600 -0.01119600 0.00000000
2229 -0.50853600 0.01865900 0.00000000
2230 -0.50853500 -0.02612400 0.00000000
2231 -0.50853600 0.03358600 0.00000000
2232 -0.50853500 -0.04105100 0.00000000
2233 -0.50853500 0.04851400 0.00000000
2234 -0.50853500 -0.05597900 0.00000000
2235 -0.50853500 0.06344100 0.00000000
2236 -0.50853500 -0.07090600 0.00000000
2237 -0.50853600 0.07837000 0.00000000
2238 -0.50853500 -0.08583400 0.00000000
2239 -0.50853600 0.09329700 0.00000000
2240 -0.50853500 -0.10076200 0.00000000
2241 -0.50853600 0.10822400 0.00000000
2242 -0.50853500 -0.11568900 0.00000000
2243 -0.50853600 0.12315100 0.00000000
2244 -0.50853500 -0.13061700 0.00000000
2245 -0.50853500 0.13807900 0.00000000
2246 -0.50853500 -0.14554400 0.00000000
2247 -0.50853500 0.15300600 0.00000000
2248 -0.50853500 -0.16047200 0.00000000
2249 -0.50853500 0.16793400 0.00000000
2250 -0.50853500 -0.17539900 0.00000000
2251 -0.50853500 0.18286200 0.00000000
2252 -0.50853500 -0.19032700 0.00000000
2253 -0.50853500 0.19778900 0.00000000
2254 -0.50853600 -0.20525400 0.00000000
2255 -0.50853500 0.21271700 0.00000000
2256 -0.50853600 -0.22018200 0.00000000
2257 -0.50853500 0.22764400 0.00000000
2258 -0.50853600 -0.23510800 0.00000000
2259 -0.50853500 0.24257200 0.00000000
2260 -0.50853600 -0.25003600 0.00000000
2261 -0.50853500 0.25749900 0.00000000
2262 -0.50853600 -0.26496300 0.00000000
2263 -0.50853500 0.27242700 0.00000000
2264 -0.50853600 -0.27989100 0.00000000
2265 -0.50853500 0.28735400 0.00000000
2266 -0.50853600 -0.29481800 0.00000000
2267 -0.50853500 0.30228200 0.00000000
2268 -0.50853600 -0.30974600 0.00000000
2269 -0.50853500 0.31720900 0.00000000
2270 -0.50853600 -0.32467400 0.00000000
2271 -0.50853500 0.33213700 0.00000000
2272 -0.50853600 -0.33960100 0.00000000
2273 -0.50853500 0.34706500 0.00000000
2274 -0.50853600 -0.35452900 0.00000000
2275 -0.50853500 0.36199200 0.00000000
2276 -0.50853600 -0.36945600 0.00000000
2277 -0.50853500 0.37692000 0.00000000
2278 -0.50853600 -0.38438400 0.00000000
2279 -0.50853500 0.39184700 0.00000000
2280 -0.50853600 -0.39931100 0.00000000
2281 -0.50853500 0.40677500 0.00000000
2282 -0.50853600 -0.41423900 0.00000000
2283 -0.50853500 0.42170200 0.00000000
2284 -0.50853600 -0.42916600 0.00000000
2285 -0.50853500 0.43663000 0.00000000
2286 -0.50853600 -0.44409400 0.00000000
2287 -0.50853500 0.45155700 0.00000000
2288 -0.50845600 -0.45954100 0.00000000
2289 -0.50835100 0.46727600 0.00000000
2290 -0.50846400 0.48058600 0.00000000
2291 -0.50206400 -0.49237200 0.00000000
2292 -0.49148400 -0.48247400 0.00000000
2293 -0.49218600 -0.47507200 0.00000000
2294 -0.49833900 -0.47064000 0.00000000
2295 -0.49803200 -0.46263100 0.00000000
2296 -0.49889800 -0.47892200 0.00000000
2297 -0.50801200 0.49774100 0.00000000
2298 -0.50426600 -0.46585700 0.00000000
2299 -0.50497200 -0.47354800 0.00000000
2300 -0.49167000 0.48184800 0.00000000
2301 -0.49784300 0.47753800 0.00000000
2302 -0.49790100 0.47011600 0.00000000
2303 -0.50430900 0.47387800 0.00000000
2304 -0.50855700 0.48884000 0.00000000
2305 -0.50790900 -0.49767200 0.00000000
2306 -0.50834800 -0.48906000 0.00000000
2307 -0.50180000 0.49243500 0.00000000
2308 -0.50853600 0.10076100 0.00000000
2309 -0.50237500 0.10449300 0.00000000
2310 -0.50242500 0.11195600 0.00000000
2311 -0.49561000 0.10822400 0.00000000
2312 -0.50859500 0.11568800 0.00000000
2313 -0.50244300 0.11941900 0.00000000
2314 -0.50243600 0.12688200 0.00000000
2315 -0.49560900 0.12315000 0.00000000
2316 -0.50859600 0.13061500 0.00000000
2317 -0.50244500 0.13434600 0.00000000
2318 -0.50243500 0.14181000 0.00000000
2319 -0.49560700 0.13807800 0.00000000
2320 -0.50859600 0.14554200 0.00000000
2321 -0.50244400 0.14927400 0.00000000
2322 -0.50243500 0.15673700 0.00000000
2323 -0.49560700 0.15300600 0.00000000
2324 -0.50859500 0.16047000 0.00000000
2325 -0.50244400 0.16420100 0.00000000
2326 -0.50243500 0.17166500 0.00000000
2327 -0.49560600 0.16793400 0.00000000
2328 -0.50859500 0.17539800 0.00000000
2329 -0.50244400 0.17912900 0.00000000
2330 -0.50243500 0.18659300 0.00000000
2331 -0.49560600 0.18286200 0.00000000
2332 -0.50859500 0.19032500 0.00000000
2333 -0.50244400 0.19405600 0.00000000
2334 -0.50243500 0.20152000 0.00000000
2335 -0.49560600 0.19778900 0.00000000
2336 -0.50859500 0.20525300 0.00000000
2337 -0.50244400 0.20898400 0.00000000
2338 -0.50243500 0.21644800 0.00000000
2339 -0.49560700 0.21271700 0.00000000
2340 -0.50859500 0.22018000 0.00000000
2341 -0.50244400 0.22391200 0.00000000
2342 -0.50243500 0.23137500 0.00000000
2343 -0.49560700 0.22764400 0.00000000
2344 -0.50859500 0.23510800 0.00000000
2345 -0.50244400 0.23883900 0.00000000
2346 -0.50243500 0.24630300 0.00000000
2347 -0.49560700 0.24257200 0.00000000
2348 -0.50859500 0.25003500 0.00000000
2349 -0.50244400 0.25376700 0.00000000
2350 -0.50243500 0.26123000 0.00000000
2351 -0.49560700 0.25749900 0.00000000
2352 -0.50859500 0.26496300 0.00000000
2353 -0.50244400 0.26869400 0.00000000
2354 -0.50243500 0.27615800 0.00000000
2355 -0.49560700 0.27242700 0.00000000
2356 -0.50859500 0.27989000 0.00000000
2357 -0.50244400 0.28362200 0.00000000
2358 -0.50243500 0.29108500 0.00000000
2359 -0.49560700 0.28735400 0.00000000
2360 -0.50859500 0.29481800 0.00000000
2361 -0.50244400 0.29854900 0.00000000
2362 -0.50243500 0.30601300 0.00000000
2363 -0.49560700 0.30228200 0.00000000
2364 -0.50859500 0.30974600 0.00000000
2365 -0.50244400 0.31347700 0.00000000
2366 -0.50243500 0.32094000 0.00000000
2367 -0.49560700 0.31720900 0.00000000
2368 -0.50859500 0.32467300 0.00000000
2369 -0.50244400 0.32840400 0.00000000
2370 -0.50243500 0.33586800 0.00000000
2371 -0.49560700 0.33213700 0.00000000
2372 -0.50859500 0.33960100 0.00000000
2373 -0.50244400 0.34333200 0.00000000
2374 -0.50243500 0.35079500 0.00000000
2375 -0.49560700 0.34706500 0.00000000
2376 -0.50859500 0.35452800 0.00000000
2377 -0.50244400 0.35825900 0.00000000
2378 -0.50243500 0.36572300 0.00000000
2379 -0.49560700 0.36199200 0.00000000
2380 -0.50859500 0.36945600 0.00000000
2381 -0.50244400 0.37318700 0.00000000
2382 -0.50243500 0.38065100 0.00000000
2383 -0.49560700 0.37692000 0.00000000
2384 -0.50859500 0.38438300 0.00000000
2385 -0.50244400 0.38811400 0.00000000
2386 -0.50243500 0.39557800 0.00000000
2387 -0.49560700 0.39184700 0.00000000
2388 -0.50859500 0.39931100 0.00000000
2389 -0.50244400 0.40304200 0.00000000
2390 -0.50243500 0.41050600 0.00000000
2391 -0.49560700 0.40677500 0.00000000
2392 -0.50859500 0.41423800 0.00000000
2393 -0.50244400 0.41796900 0.00000000
2394 -0.50243500 0.42543300 0.00000000
2395 -0.49560700 0.42170200 0.00000000
2396 -0.50859500 0.42916600 0.00000000
2397 -0.50244400 0.43289700 0.00000000
2398 -0.50243500 0.44036100 0.00000000
2399 -0.49560700 0.43663000 0.00000000
2400 -0.50859500 0.44409300 0.00000000
2401 -0.50244400 0.44782500 0.00000000
2402 -0.50243500 0.45528800 0.00000000
2403 -0.49560700 0.45155700 0.00000000
2404 -0.50853300 0.45902100 0.00000000
2405 -0.50279500 0.46226500 0.00000000
2406 -0.50242500 0.09702900 0.00000000
2407 -0.50243400 0.08956600 0.00000000
2408 -0.49561000 0.09329800 0.00000000
2409 -0.50859600 0.08583300 0.00000000
2410 -0.50244500 0.08210100 0.00000000
2411 -0.50243700 0.07463700 0.00000000
2412 -0.49561000 0.07836900 0.00000000
2413 -0.50853600 0.01119600 0.00000000
2414 -0.50237500 0.01492700 0.00000000
2415 -0.50242500 0.02239000 0.00000000
2416 -0.49561000 0.01865900 0.00000000
2417 -0.50859500 0.02612300 0.00000000
2418 -0.50244300 0.02985400 0.00000000
2419 -0.50243600 0.03731700 0.00000000
2420 -0.49560900 0.03358500 0.00000000
2421 -0.50859600 0.04105000 0.00000000
2422 -0.50244500 0.04478100 0.00000000
2423 -0.50243500 0.05224400 0.00000000
2424 -0.49560700 0.04851300 0.00000000
2425 -0.50859600 0.05597700 0.00000000
2426 -0.50244400 0.05970800 0.00000000
2427 -0.50249700 0.06717300 0.00000000
2428 -0.49560700 0.06344100 0.00000000
2429 -0.50242600 0.00746400 0.00000000
2430 -0.50243400 0.00000000 0.00000000
2431 -0.49561000 0.00373300 0.00000000
2432 -0.50859600 -0.00373200 0.00000000
2433 -0.50244500 -0.00746400 0.00000000
2434 -0.50243700 -0.01492800 0.00000000
2435 -0.49561000 -0.01119600 0.00000000
2436 -0.50853600 -0.22764500 0.00000000
2437 -0.50237500 -0.23137700 0.00000000
2438 -0.50242500 -0.23884000 0.00000000
2439 -0.49561000 -0.23510800 0.00000000
2440 -0.50859500 -0.24257200 0.00000000
2441 -0.50244400 -0.24630400 0.00000000
2442 -0.50243700 -0.25376800 0.00000000
2443 -0.49561000 -0.25003600 0.00000000
2444 -0.50859700 -0.25750000 0.00000000
2445 -0.50244600 -0.26123200 0.00000000
2446 -0.50243700 -0.26869500 0.00000000
2447 -0.49561000 -0.26496400 0.00000000
2448 -0.50859700 -0.27242700 0.00000000
2449 -0.50244600 -0.27615900 0.00000000
2450 -0.50243700 -0.28362300 0.00000000
2451 -0.49561000 -0.27989100 0.00000000
2452 -0.50859700 -0.28735500 0.00000000
2453 -0.50244600 -0.29108700 0.00000000
2454 -0.50243700 -0.29855000 0.00000000
2455 -0.49561000 -0.29481900 0.00000000
2456 -0.50859700 -0.30228200 0.00000000
2457 -0.50244600 -0.30601400 0.00000000
2458 -0.50243700 -0.31347800 0.00000000
2459 -0.49561000 -0.30974600 0.00000000
2460 -0.50859700 -0.31721000 0.00000000
2461 -0.50244600 -0.32094200 0.00000000
2462 -0.50243700 -0.32840600 0.00000000
2463 -0.49561000 -0.32467400 0.00000000
2464 -0.50859700 -0.33213700 0.00000000
2465 -0.50244600 -0.33586900 0.00000000
2466 -0.50243700 -0.34333300 0.00000000
2467 -0.49561000 -0.33960100 0.00000000
2468 -0.50859700 -0.34706500 0.00000000
2469 -0.50244600 -0.35079700 0.00000000
2470 -0.50243700 -0.35826100 0.00000000
2471 -0.49561000 -0.35452900 0.00000000
2472 -0.50859700 -0.36199300 0.00000000
2473 -0.50244600 -0.36572400 0.00000000
2474 -0.50243700 -0.37318800 0.00000000
2475 -0.49561000 -0.36945600 0.00000000
2476 -0.50859700 -0.37692000 0.00000000
2477 -0.50244600 -0.38065200 0.00000000
2478 -0.50243700 -0.38811600 0.00000000
2479 -0.49561000 -0.38438400 0.00000000
2480 -0.50859700 -0.39184800 0.00000000
2481 -0.50244600 -0.39557900 0.00000000
2482 -0.50243700 -0.40304300 0.00000000
2483 -0.49561000 -0.39931100 0.00000000
2484 -0.50859700 -0.40677500 0.00000000
2485 -0.50244600 -0.41050700 0.00000000
2486 -0.50243700 -0.41797100 0.00000000
2487 -0.49561000 -0.41423900 0.00000000
2488 -0.50859700 -0.42170300 0.00000000
2489 -0.50244600 -0.42543400 0.00000000
2490 -0.50243700 -0.43289800 0.00000000
2491 -0.49561000 -0.42916700 0.00000000
2492 -0.50859700 -0.43663000 0.00000000
2493 -0.50244600 -0.44036200 0.00000000
2494 -0.50243700 -0.44782600 0.00000000
2495 -0.49561000 -0.44409400 0.00000000
2496 -0.50853600 -0.45155700 0.00000000
2497 -0.50282900 -0.45473900 0.00000000
2498 -0.50242600 -0.22391300 0.00000000
2499 -0.50243400 -0.21645000 0.00000000
2500 -0.49561000 -0.22018200 0.00000000
2501 -0.50859600 -0.21271800 0.00000000
2502 -0.50244500 -0.20898700 0.00000000
2503 -0.50243600 -0.20152300 0.00000000
2504 -0.49560900 -0.20525600 0.00000000
2505 -0.50859600 -0.19779100 0.00000000
2506 -0.50244500 -0.19406000 0.00000000
2507 -0.50243500 -0.18659600 0.00000000
2508 -0.49560700 -0.19032800 0.00000000
2509 -0.50859600 -0.18286300 0.00000000
2510 -0.50244400 -0.17913200 0.00000000
2511 -0.50243500 -0.17166900 0.00000000
2512 -0.49560700 -0.17540000 0.00000000
2513 -0.50859500 -0.16793600 0.00000000
2514 -0.50244400 -0.16420500 0.00000000
2515 -0.50243500 -0.15674100 0.00000000
2516 -0.49560600 -0.16047200 0.00000000
2517 -0.50859500 -0.15300800 0.00000000
2518 -0.50244400 -0.14927700 0.00000000
2519 -0.50243500 -0.14181300 0.00000000
2520 -0.49560600 -0.14554400 0.00000000
2521 -0.50859500 -0.13808100 0.00000000
2522 -0.50244400 -0.13434900 0.00000000
2523 -0.50243500 -0.12688600 0.00000000
2524 -0.49560600 -0.13061600 0.00000000
2525 -0.50859500 -0.12315300 0.00000000
2526 -0.50244400 -0.11942200 0.00000000
2527 -0.50243500 -0.11195800 0.00000000
2528 -0.49560700 -0.11568900 0.00000000
2529 -0.50859500 -0.10822600 0.00000000
2530 -0.50244400 -0.10449400 0.00000000
2531 -0.50243500 -0.09703100 0.00000000
2532 -0.49560700 -0.10076200 0.00000000
2533 -0.50859500 -0.09329800 0.00000000
2534 -0.50244400 -0.08956700 0.00000000
2535 -0.50243500 -0.08210300 0.00000000
2536 -0.49560700 -0.08583400 0.00000000
2537 -0.50859500 -0.07837000 0.00000000
2538 -0.50244400 -0.07463900 0.00000000
2539 -0.50243500 -0.06717500 0.00000000
2540 -0.49560700 -0.07090600 0.00000000
2541 -0.50859500 -0.06344300 0.00000000
2542 -0.50244400 -0.05971200 0.00000000
2543 -0.50243500 -0.05224800 0.00000000
2544 -0.49560700 -0.05597900 0.00000000
2545 -0.50859500 -0.04851500 0.00000000
2546 -0.50244400 -0.04478400 0.00000000
2547 -0.50243500 -0.03732000 0.00000000
2548 -0.49560700 -0.04105100 0.00000000
2549 -0.50859500 -0.03358800 0.00000000
2550 -0.50244400 -0.02985700 0.00000000
2551 -0.50249700 -0.02239200 0.00000000
2552 -0.49560700 -0.02612400 0.00000000
2553 -0.50857100 0.07090600 0.00000000
2554 -0.50857100 -0.01866000 0.00000000
2555 -0.49135000 -0.45927700 0.00000000
2556 -0.49126900 0.46668800 0.00000000
2557 -0.49683500 -0.48726900 0.00000000
2558 -0.50260900 0.48527800 0.00000000
2559 -0.51060200 0.50407000 0.00000000
2560 -0.51058200 -0.50405600 0.00000000
2561 -0.50320900 -0.48467200 0.00000000
2562 -0.51030600 0.47394900 0.00000000
2563 -0.49763600 -0.45130200 0.00000000
2564 -0.49751300 -0.43660400 0.00000000
2565 -0.49751300 -0.42167700 0.00000000
2566 -0.49751300 -0.40675100 0.00000000
2567 -0.49751300 -0.39182400 0.00000000
2568 -0.49751300 -0.37689800 0.00000000
2569 -0.49751300 -0.36197100 0.00000000
2570 -0.49751300 -0.34704400 0.00000000
2571 -0.49751300 -0.33211800 0.00000000
2572 -0.49751300 -0.31719100 0.00000000
2573 -0.49751300 -0.30226400 0.00000000
2574 -0.49751300 -0.28733800 0.00000000
2575 -0.48965000 -0.44396200 0.00000000
2576 -0.49751300 -0.27241100 0.00000000
2577 -0.48965000 -0.42903800 0.00000000
2578 -0.49751300 -0.25748400 0.00000000
2579 -0.49751000 -0.24255800 0.00000000
2580 -0.48965000 -0.41411500 0.00000000
2581 -0.48965000 -0.39919200 0.00000000
2582 -0.49749700 -0.22763100 0.00000000
2583 -0.48965000 -0.38426900 0.00000000
2584 -0.49751200 0.08582800 0.00000000
2585 -0.48965000 -0.36934600 0.00000000
2586 -0.49751200 -0.00373100 0.00000000
2587 -0.48964900 -0.35442300 0.00000000
2588 -0.48964900 -0.33950000 0.00000000
2589 -0.48964900 -0.32457700 0.00000000
2590 -0.48964900 -0.30965400 0.00000000
2591 -0.49749600 0.10075500 0.00000000
2592 -0.48964900 -0.29473100 0.00000000
2593 -0.49752200 0.07090100 0.00000000
2594 -0.48964900 -0.27980800 0.00000000
2595 -0.49752200 -0.01865900 0.00000000
2596 -0.49749600 0.01119500 0.00000000
2597 -0.48964900 -0.23503900 0.00000000
2598 -0.48964900 -0.26488500 0.00000000
2599 -0.48964900 -0.24996200 0.00000000
2600 -0.48964900 -0.22011500 0.00000000
2601 -0.49751200 -0.21270600 0.00000000
2602 -0.48964900 0.10819200 0.00000000
2603 -0.49751000 0.11568100 0.00000000
2604 -0.48964900 0.01865400 0.00000000
2605 -0.49751000 0.02612100 0.00000000
2606 -0.48964900 0.09326900 0.00000000
2607 -0.48964900 0.07834600 0.00000000
2608 -0.48964900 -0.01119200 0.00000000
2609 -0.48964900 0.00373100 0.00000000
2610 -0.48964900 -0.20519200 0.00000000
2611 -0.48964800 0.12311500 0.00000000
2612 -0.48964800 0.03357700 0.00000000
2613 -0.49751200 -0.19777900 0.00000000
2614 -0.49762400 0.45876600 0.00000000
2615 -0.49751200 0.13060700 0.00000000
2616 -0.49751100 0.44406700 0.00000000
2617 -0.49751200 0.04104700 0.00000000
2618 -0.49751100 0.42914000 0.00000000
2619 -0.49751100 0.41421400 0.00000000
2620 -0.48964800 0.45142300 0.00000000
2621 -0.49751100 0.39928700 0.00000000
2622 -0.49751100 0.38436000 0.00000000
2623 -0.48964800 0.43650000 0.00000000
2624 -0.49751100 0.36943400 0.00000000
2625 -0.48964800 0.42157700 0.00000000
2626 -0.49751100 0.35450700 0.00000000
2627 -0.48964800 0.40665400 0.00000000
2628 -0.49751100 0.33958000 0.00000000
2629 -0.48964800 -0.19026900 0.00000000
2630 -0.48964800 0.39173100 0.00000000
2631 -0.49751100 0.32465400 0.00000000
2632 -0.48964800 0.37680800 0.00000000
2633 -0.49751100 0.30972700 0.00000000
2634 -0.48964800 0.13803900 0.00000000
2635 -0.49751100 0.29480000 0.00000000
2636 -0.48964800 0.36188500 0.00000000
2637 -0.49751100 0.27987400 0.00000000
2638 -0.48964800 0.04850000 0.00000000
2639 -0.48964800 0.34696100 0.00000000
2640 -0.49751100 0.26494700 0.00000000
2641 -0.49751100 -0.18285300 0.00000000
2642 -0.49751100 0.25002000 0.00000000
2643 -0.48964800 0.33203900 0.00000000
2644 -0.49751100 0.23509400 0.00000000
2645 -0.48964800 0.31711500 0.00000000
2646 -0.49751100 0.22016700 0.00000000
2647 -0.49751100 0.14553400 0.00000000
2648 -0.48964800 0.30219200 0.00000000
2649 -0.49751100 0.20524000 0.00000000
2650 -0.48964800 0.28726900 0.00000000
2651 -0.49751100 0.05597400 0.00000000
2652 -0.48964700 0.27234600 0.00000000
2653 -0.49751100 0.19031400 0.00000000
2654 -0.49751100 -0.10821900 0.00000000
2655 -0.49751100 -0.12314600 0.00000000
2656 -0.48964700 0.25742300 0.00000000
2657 -0.49751100 -0.09329200 0.00000000
2658 -0.49751100 -0.07836600 0.00000000
2659 -0.48964700 0.24250000 0.00000000
2660 -0.49751100 -0.13807200 0.00000000
2661 -0.49751100 -0.06343900 0.00000000
2662 -0.49751100 -0.04851200 0.00000000
2663 -0.48964700 0.22757700 0.00000000
2664 -0.49751100 -0.16792600 0.00000000
2665 -0.49751100 -0.03358600 0.00000000
2666 -0.49751100 -0.15299900 0.00000000
2667 -0.49751100 0.17538700 0.00000000
2668 -0.48964700 0.21265400 0.00000000
2669 -0.49751100 0.16046000 0.00000000
2670 -0.48964700 -0.17534600 0.00000000
2671 -0.48964700 0.19773100 0.00000000
2672 -0.48964700 0.15296200 0.00000000
2673 -0.48964700 -0.11565400 0.00000000
2674 -0.48964700 -0.10073100 0.00000000
2675 -0.48964700 -0.08580800 0.00000000
2676 -0.48964700 -0.13057700 0.00000000
2677 -0.48964700 0.18280800 0.00000000
2678 -0.48964700 -0.07088500 0.00000000
2679 -0.48964700 -0.05596200 0.00000000
2680 -0.48964700 0.06342300 0.00000000
2681 -0.48964700 -0.04103800 0.00000000
2682 -0.48964700 -0.02611500 0.00000000
2683 -0.48964700 -0.14550000 0.00000000
2684 -0.48964700 0.16788500 0.00000000
2685 -0.48964700 -0.16042300 0.00000000
2686 -0.50994200 -0.46731300 0.00000000
2687 -0.50287500 0.47960700 0.00000000
2688 -0.51041100 -0.47418700 0.00000000
2689 -0.50292500 0.46817200 0.00000000
2690 -0.49698800 0.46445300 0.00000000
2691 -0.50283000 -0.46047100 0.00000000
2692 -0.49704500 -0.45700000 0.00000000
2693 -0.49705700 0.48269400 0.00000000
2694 -0.50420000 -0.47876100 0.00000000
2695 0.00373100 -0.49146200 0.00000000
2696 -0.01119200 -0.49146200 0.00000000
2697 0.01865400 -0.49146200 0.00000000
2698 -0.02611500 -0.49146200 0.00000000
2699 0.03357700 -0.49146200 0.00000000
2700 -0.04103800 -0.49146200 0.00000000
2701 0.04850000 -0.49146200 0.00000000
2702 -0.05596200 -0.49146200 0.00000000
2703 0.06342300 -0.49146200 0.00000000
2704 -0.07088500 -0.49146200 0.00000000
2705 0.07834600 -0.49146200 0.00000000
2706 -0.08580800 -0.49146200 0.00000000
2707 0.09326900 -0.49146200 0.00000000
2708 -0.10073100 -0.49146200 0.00000000
2709 0.10819200 -0.49146200 0.00000000
2710 -0.11565400 -0.49146200 0.00000000
2711 0.12311500 -0.49146200 0.00000000
2712 -0.13057700 -0.49146200 0.00000000
2713 0.13803900 -0.49146200 0.00000000
2714 -0.14550000 -0.49146200 0.00000000
2715 0.15296200 -0.49146200 0.00000000
2716 -0.16042300 -0.49146200 0.00000000
2717 0.16788500 -0.49146200 0.00000000
2718 -0.17534600 -0.49146200 0.00000000
2719 0.18280800 -0.49146200 0.00000000
2720 -0.19026900 -0.49146200 0.00000000
2721 0.19773100 -0.49146200 0.00000000
2722 -0.20519200 -0.49146200 0.00000000
2723 0.21265400 -0.49146200 0.00000000
2724 -0.22011500 -0.49146200 0.00000000
2725 0.22757700 -0.49146200 0.00000000
2726 -0.23503900 -0.49146200 0.00000000
2727 0.24250000 -0.49146200 0.00000000
2728 -0.24996200 -0.49146200 0.00000000
2729 0.25742300 -0.49146200 0.00000000
2730 -0.26488500 -0.49146200 0.00000000
2731 0.27234600 -0.49146200 0.00000000
2732 -0.27980800 -0.49146200 0.00000000
2733 0.28726900 -0.49146200 0.00000000
2734 -0.29473100 -0.49146200 0.00000000
2735 0.30219200 -0.49146200 0.00000000
2736 -0.30965400 -0.49146200 0.00000000
2737 0.31711500 -0.49146200 0.00000000
2738 -0.32457700 -0.49146200 0.00000000
2739 0.33203900 -0.49146200 0.00000000
2740 -0.33950000 -0.49146200 0.00000000
2741 0.34696100 -0.49146200 0.00000000
2742 -0.35442300 -0.49146200 0.00000000
2743 0.36188500 -0.49146200 0.00000000
2744 -0.36934600 -0.49146200 0.00000000
2745 0.37680800 -0.49146200 0.00000000
2746 -0.38426900 -0.49146200 0.00000000
2747 0.39173100 -0.49146200 0.00000000
2748 -0.39919200 -0.49146200 0.00000000
2749 0.40665400 -0.49146200 0.00000000
2750 -0.41411500 -0.49146200 0.00000000
2751 0.42157700 -0.49146200 0.00000000
2752 -0.42903800 -0.49146200 0.00000000
2753 0.43650000 -0.49146200 0.00000000
2754 -0.44319100 -0.49135500 0.00000000
2755 0.45142300 -0.49146200 0.00000000
2756 -0.45883800 -0.49147800 0.00000000
2757 0.46663400 -0.49174000 0.00000000
2758 -0.47386500 -0.49144500 0.00000000
2759 0.48158700 -0.50931600 0.00000000
2760 -0.48789300 -0.49627800 0.00000000
2761 -0.00373300 -0.50853500 0.00000000
2762 0.01119500 -0.50853500 0.00000000
2763 -0.01866000 -0.50853500 0.00000000
2764 0.02612300 -0.50853500 0.00000000
2765 -0.03358800 -0.50853500 0.00000000
2766 0.04105000 -0.50853500 0.00000000
2767 -0.04851500 -0.50853500 0.00000000
2768 0.05597800 -0.50853500 0.00000000
2769 -0.06344300 -0.50853500 0.00000000
2770 0.07090500 -0.50853500 0.00000000
2771 -0.07837000 -0.50853600 0.00000000
2772 0.08583300 -0.50853500 0.00000000
2773 -0.09329700 -0.50853600 0.00000000
2774 0.10076000 -0.50853500 0.00000000
2775 -0.10822400 -0.50853600 0.00000000
2776 0.11568800 -0.50853500 0.00000000
2777 -0.12315200 -0.50853600 0.00000000
2778 0.13061500 -0.50853500 0.00000000
2779 -0.13807900 -0.50853600 0.00000000
2780 0.14554300 -0.50853500 0.00000000
2781 -0.15300700 -0.50853600 0.00000000
2782 0.16047000 -0.50853500 0.00000000
2783 -0.16793400 -0.50853600 0.00000000
2784 0.17539800 -0.50853500 0.00000000
2785 -0.18286200 -0.50853600 0.00000000
2786 0.19032500 -0.50853500 0.00000000
2787 -0.19779000 -0.50853600 0.00000000
2788 0.20525300 -0.50853500 0.00000000
2789 -0.21271700 -0.50853600 0.00000000
2790 0.22018100 -0.50853500 0.00000000
2791 -0.22764500 -0.50853600 0.00000000
2792 0.23510800 -0.50853500 0.00000000
2793 -0.24257200 -0.50853600 0.00000000
2794 0.25003600 -0.50853500 0.00000000
2795 -0.25750000 -0.50853600 0.00000000
2796 0.26496300 -0.50853500 0.00000000
2797 -0.27242700 -0.50853600 0.00000000
2798 0.27989100 -0.50853500 0.00000000
2799 -0.28735500 -0.50853600 0.00000000
2800 0.29481800 -0.50853500 0.00000000
2801 -0.30228200 -0.50853600 0.00000000
2802 0.30974600 -0.50853500 0.00000000
2803 -0.31721000 -0.50853600 0.00000000
2804 0.32467300 -0.50853500 0.00000000
2805 -0.33213700 -0.50853600 0.00000000
2806 0.33960100 -0.50853500 0.00000000
2807 -0.34706500 -0.50853600 0.00000000
2808 0.35452800 -0.50853500 0.00000000
2809 -0.36199200 -0.50853600 0.00000000
2810 0.36945600 -0.50853500 0.00000000
2811 -0.37692000 -0.50853600 0.00000000
2812 0.38438300 -0.50853500 0.00000000
2813 -0.39184800 -0.50853600 0.00000000
2814 0.39931100 -0.50853500 0.00000000
2815 -0.40677500 -0.50853600 0.00000000
2816 0.41423900 -0.50853500 0.00000000
2817 -0.42170300 -0.50853600 0.00000000
2818 0.42916600 -0.50853500 0.00000000
2819 -0.43663000 -0.50853600 0.00000000
2820 0.44409400 -0.50853500 0.00000000
2821 -0.45206700 -0.50839700 0.00000000
2822 0.45954100 -0.50845500 0.00000000
2823 -0.46647400 -0.50861500 0.00000000
2824 -0.48064400 -0.50843300 0.00000000
2825 0.49237200 -0.50206400 0.00000000
2826 0.48247400 -0.49148400 0.00000000
2827 0.47507200 -0.49218600 0.00000000
2828 0.47064000 -0.49833900 0.00000000
2829 0.46263100 -0.49803200 0.00000000
2830 0.47892200 -0.49889800 0.00000000
2831 -0.49774100 -0.50801200 0.00000000
2832 0.46585700 -0.50426600 0.00000000
2833 0.47354800 -0.50497200 0.00000000
2834 -0.48187600 -0.49158100 0.00000000
2835 -0.47768300 -0.49775500 0.00000000
2836 -0.47015500 -0.49761600 0.00000000
2837 -0.47385600 -0.50416600 0.00000000
2838 -0.48884000 -0.50855700 0.00000000
2839 0.49767200 -0.50790900 0.00000000
2840 0.48906000 -0.50834800 0.00000000
2841 -0.49243600 -0.50178900 0.00000000
2842 -0.46633700 -0.49142500 0.00000000
2843 -0.46255200 -0.49754800 0.00000000
2844 -0.45431700 -0.49800200 0.00000000
2845 -0.45879500 -0.50427100 0.00000000
2846 -0.10076100 -0.50853600 0.00000000
2847 -0.10449200 -0.50237500 0.00000000
2848 -0.11195600 -0.50242500 0.00000000
2849 -0.10822400 -0.49561000 0.00000000
2850 -0.11568800 -0.50859500 0.00000000
2851 -0.11942000 -0.50244400 0.00000000
2852 -0.12688400 -0.50243700 0.00000000
2853 -0.12315200 -0.49561000 0.00000000
2854 -0.09702900 -0.50242600 0.00000000
2855 -0.08956600 -0.50243400 0.00000000
2856 -0.09329800 -0.49561000 0.00000000
2857 -0.08583400 -0.50859600 0.00000000
2858 -0.08210300 -0.50244500 0.00000000
2859 -0.07463900 -0.50243600 0.00000000
2860 -0.07837200 -0.49560900 0.00000000
2861 -0.07090700 -0.50859600 0.00000000
2862 -0.06717600 -0.50244500 0.00000000
2863 -0.05971200 -0.50243500 0.00000000
2864 -0.06344400 -0.49560700 0.00000000
2865 -0.05597900 -0.50859600 0.00000000
2866 -0.05224800 -0.50244400 0.00000000
2867 -0.04478400 -0.50243500 0.00000000
2868 -0.04851600 -0.49560700 0.00000000
2869 -0.04105200 -0.50859500 0.00000000
2870 -0.03732100 -0.50244400 0.00000000
2871 -0.02985700 -0.50243500 0.00000000
2872 -0.03358800 -0.49560600 0.00000000
2873 -0.02612400 -0.50859500 0.00000000
2874 -0.02239300 -0.50244400 0.00000000
2875 -0.01492900 -0.50243500 0.00000000
2876 -0.01866000 -0.49560600 0.00000000
2877 -0.01119700 -0.50859500 0.00000000
2878 -0.00746500 -0.50244400 0.00000000
2879 -0.00000200 -0.50243500 0.00000000
2880 -0.00373200 -0.49560600 0.00000000
2881 0.00373100 -0.50859500 0.00000000
2882 0.00746200 -0.50244400 0.00000000
2883 0.01492600 -0.50243500 0.00000000
2884 0.01119500 -0.49560700 0.00000000
2885 0.01865900 -0.50859500 0.00000000
2886 0.02239000 -0.50244400 0.00000000
2887 0.02985400 -0.50243500 0.00000000
2888 0.02612300 -0.49560700 0.00000000
2889 0.03358600 -0.50859500 0.00000000
2890 0.03731700 -0.50244400 0.00000000
2891 0.04478100 -0.50243500 0.00000000
2892 0.04105000 -0.49560700 0.00000000
2893 0.04851400 -0.50859500 0.00000000
2894 0.05224500 -0.50244400 0.00000000
2895 0.05970900 -0.50243500 0.00000000
2896 0.05597800 -0.49560700 0.00000000
2897 0.06344100 -0.50859500 0.00000000
2898 0.06717200 -0.50244400 0.00000000
2899 0.07463600 -0.50243500 0.00000000
2900 0.07090500 -0.49560700 0.00000000
2901 0.07836900 -0.50859500 0.00000000
2902 0.08210000 -0.50244400 0.00000000
2903 0.08956400 -0.50243500 0.00000000
2904 0.08583300 -0.49560700 0.00000000
2905 0.09329600 -0.50859500 0.00000000
2906 0.09702700 -0.50244400 0.00000000
2907 0.10449100 -0.50243500 0.00000000
2908 0.10076000 -0.49560700 0.00000000
2909 0.10822400 -0.50859500 0.00000000
2910 0.11195500 -0.50244400 0.00000000
2911 0.11941900 -0.50243500 0.00000000
2912 0.11568800 -0.49560700 0.00000000
2913 0.12315100 -0.50859500 0.00000000
2914 0.12688300 -0.50244400 0.00000000
2915 0.13434600 -0.50243500 0.00000000
2916 0.13061500 -0.49560700 0.00000000
2917 0.13807900 -0.50859500 0.00000000
2918 0.14181000 -0.50244400 0.00000000
2919 0.14927400 -0.50243500 0.00000000
2920 0.14554300 -0.49560700 0.00000000
2921 0.15300600 -0.50859500 0.00000000
2922 0.15673800 -0.50244400 0.00000000
2923 0.16420100 -0.50243500 0.00000000
2924 0.16047000 -0.49560700 0.00000000
2925 0.16793400 -0.50859500 0.00000000
2926 0.17166500 -0.50244400 0.00000000
2927 0.17912900 -0.50243500 0.00000000
2928 0.17539800 -0.49560700 0.00000000
2929 0.18286100 -0.50859500 0.00000000
2930 0.18659300 -0.50244400 0.00000000
2931 0.19405600 -0.50243500 0.00000000
2932 0.19032500 -0.49560700 0.00000000
2933 0.19778900 -0.50859500 0.00000000
2934 0.20152000 -0.50244400 0.00000000
2935 0.20898400 -0.50243500 0.00000000
2936 0.20525300 -0.49560700 0.00000000
2937 0.21271700 -0.50859500 0.00000000
2938 0.21644800 -0.50244400 0.00000000
2939 0.22391200 -0.50243500 0.00000000
2940 0.22018100 -0.49560700 0.00000000
2941 0.22764400 -0.50859500 0.00000000
2942 0.23137500 -0.50244400 0.00000000
2943 0.23883900 -0.50243500 0.00000000
2944 0.23510800 -0.49560700 0.00000000
2945 0.24257100 -0.50859500 0.00000000
2946 0.24630300 -0.50244400 0.00000000
2947 0.25376700 -0.50243500 0.00000000
2948 0.25003600 -0.49560700 0.00000000
2949 0.25749900 -0.50859500 0.00000000
2950 0.26123000 -0.50244400 0.00000000
2951 0.26869400 -0.50243500 0.00000000
2952 0.26496300 -0.49560700 0.00000000
2953 0.27242700 -0.50859500 0.00000000
2954 0.27615800 -0.50244400 0.00000000
2955 0.28362200 -0.50243500 0.00000000
2956 0.27989100 -0.49560700 0.00000000
2957 0.28735400 -0.50859500 0.00000000
2958 0.29108500 -0.50244400 0.00000000
2959 0.29854900 -0.50243500 0.00000000
2960 0.29481800 -0.49560700 0.00000000
2961 0.30228200 -0.50859500 0.00000000
2962 0.30601300 -0.50244400 0.00000000
2963 0.31347700 -0.50243500 0.00000000
2964 0.30974600 -0.49560700 0.00000000
2965 0.31720900 -0.50859500 0.00000000
2966 0.32094100 -0.50244400 0.00000000
2967 0.32840400 -0.50243500 0.00000000
2968 0.32467300 -0.49560700 0.00000000
2969 0.33213700 -0.50859500 0.00000000
2970 0.33586800 -0.50244400 0.00000000
2971 0.34333200 -0.50243500 0.00000000
2972 0.33960100 -0.49560700 0.00000000
2973 0.34706400 -0.50859500 0.00000000
2974 0.35079500 -0.50244400 0.00000000
2975 0.35825900 -0.50243500 0.00000000
2976 0.35452800 -0.49560700 0.00000000
2977 0.36199200 -0.50859500 0.00000000
2978 0.36572300 -0.50244400 0.00000000
2979 0.37318700 -0.50243500 0.00000000
2980 0.36945600 -0.49560700 0.00000000
2981 0.37691900 -0.50859500 0.00000000
2982 0.38065100 -0.50244400 0.00000000
2983 0.38811400 -0.50243500 0.00000000
2984 0.38438300 -0.49560700 0.00000000
2985 0.39184700 -0.50859500 0.00000000
2986 0.39557800 -0.50244400 0.00000000
2987 0.40304200 -0.50243500 0.00000000
2988 0.39931100 -0.49560700 0.00000000
2989 0.40677400 -0.50859500 0.00000000
2990 0.41050600 -0.50244400 0.00000000
2991 0.41796900 -0.50243500 0.00000000
2992 0.41423900 -0.49560700 0.00000000
2993 0.42170200 -0.50859500 0.00000000
2994 0.42543300 -0.50244400 0.00000000
2995 0.43289700 -0.50243500 0.00000000
2996 0.42916600 -0.49560700 0.00000000
2997 0.43663000 -0.50859500 0.00000000
2998 0.44036100 -0.50244400 0.00000000
2999 0.44782500 -0.50243500 0.00000000
3000 0.44409400 -0.49560700 0.00000000
3001 0.45155800 -0.50853300 0.00000000
3002 0.45473800 -0.50282700 0.00000000
3003 -0.13061600 -0.50859700 0.00000000
3004 -0.13434800 -0.50244600 0.00000000
3005 -0.14181100 -0.50243700 0.00000000
3006 -0.13807900 -0.49561000 0.00000000
3007 -0.14554300 -0.50859700 0.00000000
3008 -0.14927500 -0.50244600 0.00000000
3009 -0.15673900 -0.50243700 0.00000000
3010 -0.15300700 -0.49561000 0.00000000
3011 -0.16047100 -0.50859700 0.00000000
3012 -0.16420300 -0.50244600 0.00000000
3013 -0.17166600 -0.50243700 0.00000000
3014 -0.16793500 -0.49561000 0.00000000
3015 -0.17539800 -0.50859700 0.00000000
3016 -0.17913000 -0.50244600 0.00000000
3017 -0.18659400 -0.50243700 0.00000000
3018 -0.18286200 -0.49561000 0.00000000
3019 -0.19032600 -0.50859700 0.00000000
3020 -0.19405800 -0.50244600 0.00000000
3021 -0.20152100 -0.50243700 0.00000000
3022 -0.19779000 -0.49561000 0.00000000
3023 -0.20525400 -0.50859700 0.00000000
3024 -0.20898500 -0.50244600 0.00000000
3025 -0.21644900 -0.50243700 0.00000000
3026 -0.21271700 -0.49561000 0.00000000
3027 -0.22018100 -0.50859700 0.00000000
3028 -0.22391300 -0.50244600 0.00000000
3029 -0.23137700 -0.50243700 0.00000000
3030 -0.22764500 -0.49561000 0.00000000
3031 -0.23510800 -0.50859700 0.00000000
3032 -0.23884000 -0.50244600 0.00000000
3033 -0.24630400 -0.50243700 0.00000000
3034 -0.24257200 -0.49561000 0.00000000
3035 -0.25003600 -0.50859700 0.00000000
3036 -0.25376800 -0.50244600 0.00000000
3037 -0.26123200 -0.50243700 0.00000000
3038 -0.25750000 -0.49561000 0.00000000
3039 -0.26496400 -0.50859700 0.00000000
3040 -0.26869500 -0.50244600 0.00000000
3041 -0.27615900 -0.50243700 0.00000000
3042 -0.27242700 -0.49561000 0.00000000
3043 -0.27989100 -0.50859700 0.00000000
3044 -0.28362300 -0.50244600 0.00000000
3045 -0.29108700 -0.50243700 0.00000000
3046 -0.28735500 -0.49561000 0.00000000
3047 -0.29481900 -0.50859700 0.00000000
3048 -0.29855000 -0.50244600 0.00000000
3049 -0.30601400 -0.50243700 0.00000000
3050 -0.30228200 -0.49561000 0.00000000
3051 -0.30974600 -0.50859700 0.00000000
3052 -0.31347800 -0.50244600 0.00000000
3053 -0.32094200 -0.50243700 0.00000000
3054 -0.31721000 -0.49561000 0.00000000
3055 -0.32467400 -0.50859700 0.00000000
3056 -0.32840600 -0.50244600 0.00000000
3057 -0.33586900 -0.50243700 0.00000000
3058 -0.33213700 -0.49561000 0.00000000
3059 -0.33960100 -0.50859700 0.00000000
3060 -0.34333300 -0.50244600 0.00000000
3061 -0.35079700 -0.50243700 0.00000000
3062 -0.34706500 -0.49561000 0.00000000
3063 -0.35452900 -0.50859700 0.00000000
3064 -0.35826000 -0.50244600 0.00000000
3065 -0.36572400 -0.50243700 0.00000000
3066 -0.36199300 -0.49561000 0.00000000
3067 -0.36945600 -0.50859700 0.00000000
3068 -0.37318800 -0.50244600 0.00000000
3069 -0.38065200 -0.50243700 0.00000000
3070 -0.37692000 -0.49561000 0.00000000
3071 -0.38438400 -0.50859700 0.00000000
3072 -0.38811600 -0.50244600 0.00000000
3073 -0.39557900 -0.50243700 0.00000000
3074 -0.39184800 -0.49561000 0.00000000
3075 -0.39931100 -0.50859700 0.00000000
3076 -0.40304300 -0.50244600 0.00000000
3077 -0.41050700 -0.50243700 0.00000000
3078 -0.40677500 -0.49561000 0.00000000
3079 -0.41423900 -0.50859700 0.00000000
3080 -0.41797100 -0.50244600 0.00000000
3081 -0.42543400 -0.50243700 0.00000000
3082 -0.42170300 -0.49561000 0.00000000
3083 -0.42916700 -0.50859700 0.00000000
3084 -0.43289800 -0.50244600 0.00000000
3085 -0.44003200 -0.50232500 0.00000000
3086 -0.43645000 -0.49572100 0.00000000
3087 -0.44409300 -0.50853600 0.00000000
3088 -0.44782600 -0.50207300 0.00000000
3089 0.45927800 -0.49135000 0.00000000
3090 0.48726900 -0.49683500 0.00000000
3091 -0.45115600 -0.49115400 0.00000000
3092 -0.48537300 -0.50240600 0.00000000
3093 -0.50407000 -0.51060200 0.00000000
3094 0.50405600 -0.51058200 0.00000000
3095 0.48467200 -0.50320900 0.00000000
3096 -0.47394900 -0.51029900 0.00000000
3097 -0.46636600 -0.50244300 0.00000000
3098 -0.44774500 -0.49609300 0.00000000
3099 -0.45902200 -0.51034000 0.00000000
3100 -0.42910500 -0.49753500 0.00000000
3101 -0.41421400 -0.49751300 0.00000000
3102 -0.39928800 -0.49751300 0.00000000
3103 -0.38436100 -0.49751300 0.00000000
3104 -0.36943400 -0.49751300 0.00000000
3105 -0.35450800 -0.49751300 0.00000000
3106 -0.33958100 -0.49751300 0.00000000
3107 -0.32465400 -0.49751300 0.00000000
3108 -0.30972800 -0.49751300 0.00000000
3109 -0.29480100 -0.49751300 0.00000000
3110 -0.27987400 -0.49751300 0.00000000
3111 -0.43650000 -0.48965000 0.00000000
3112 -0.26494800 -0.49751300 0.00000000
3113 -0.25002100 -0.49751300 0.00000000
3114 -0.42157700 -0.48965000 0.00000000
3115 -0.23509400 -0.49751300 0.00000000
3116 -0.40665400 -0.48965000 0.00000000
3117 -0.22016800 -0.49751300 0.00000000
3118 -0.20524100 -0.49751300 0.00000000
3119 -0.39173100 -0.48965000 0.00000000
3120 -0.19031400 -0.49751300 0.00000000
3121 -0.13060800 -0.49751300 0.00000000
3122 -0.17538800 -0.49751300 0.00000000
3123 -0.14553500 -0.49751300 0.00000000
3124 -0.16046100 -0.49751300 0.00000000
3125 -0.37680800 -0.48965000 0.00000000
3126 -0.11568100 -0.49751000 0.00000000
3127 -0.36188500 -0.48964900 0.00000000
3128 -0.34696100 -0.48964900 0.00000000
3129 -0.10075500 -0.49749700 0.00000000
3130 -0.33203900 -0.48964900 0.00000000
3131 -0.31711500 -0.48964900 0.00000000
3132 -0.30219200 -0.48964900 0.00000000
3133 -0.28726900 -0.48964900 0.00000000
3134 -0.27234600 -0.48964900 0.00000000
3135 -0.25742300 -0.48964900 0.00000000
3136 -0.24250000 -0.48964900 0.00000000
3137 -0.22757700 -0.48964900 0.00000000
3138 -0.08582900 -0.49751200 0.00000000
3139 -0.21265400 -0.48964900 0.00000000
3140 -0.19773100 -0.48964900 0.00000000
3141 -0.13803900 -0.48964900 0.00000000
3142 -0.18280800 -0.48964900 0.00000000
3143 -0.16788500 -0.48964900 0.00000000
3144 -0.09326900 -0.48964900 0.00000000
3145 -0.15296200 -0.48964900 0.00000000
3146 -0.10819200 -0.48964900 0.00000000
3147 -0.12311500 -0.48964900 0.00000000
3148 -0.07834600 -0.48964900 0.00000000
3149 -0.07090300 -0.49751200 0.00000000
3150 0.45130100 -0.49763400 0.00000000
3151 0.43660300 -0.49751100 0.00000000
3152 0.42167700 -0.49751100 0.00000000
3153 0.40675000 -0.49751100 0.00000000
3154 0.39182300 -0.49751100 0.00000000
3155 0.44396200 -0.48964800 0.00000000
3156 0.37689700 -0.49751100 0.00000000
3157 0.42903800 -0.48964800 0.00000000
3158 0.36197000 -0.49751100 0.00000000
3159 0.41411500 -0.48964800 0.00000000
3160 0.34704400 -0.49751100 0.00000000
3161 0.39919200 -0.48964800 0.00000000
3162 0.33211700 -0.49751100 0.00000000
3163 0.38426900 -0.48964800 0.00000000
3164 -0.06342300 -0.48964800 0.00000000
3165 0.31719000 -0.49751100 0.00000000
3166 0.30226400 -0.49751100 0.00000000
3167 0.36934600 -0.48964800 0.00000000
3168 0.28733700 -0.49751100 0.00000000
3169 0.35442300 -0.48964800 0.00000000
3170 0.27241000 -0.49751100 0.00000000
3171 0.33950000 -0.48964800 0.00000000
3172 0.25748400 -0.49751100 0.00000000
3173 0.24255700 -0.49751100 0.00000000
3174 0.32457700 -0.48964800 0.00000000
3175 0.22763000 -0.49751100 0.00000000
3176 0.30965400 -0.48964800 0.00000000
3177 -0.05597600 -0.49751100 0.00000000
3178 0.21270400 -0.49751100 0.00000000
3179 0.19777700 -0.49751100 0.00000000
3180 0.29473100 -0.48964800 0.00000000
3181 0.18285000 -0.49751100 0.00000000
3182 0.27980800 -0.48964700 0.00000000
3183 0.16792400 -0.49751100 0.00000000
3184 0.15299700 -0.49751100 0.00000000
3185 0.26488500 -0.48964700 0.00000000
3186 0.13807100 -0.49751100 0.00000000
3187 0.12314400 -0.49751100 0.00000000
3188 0.24996200 -0.48964700 0.00000000
3189 0.10821700 -0.49751100 0.00000000
3190 0.09329100 -0.49751100 0.00000000
3191 0.07836400 -0.49751100 0.00000000
3192 0.03358400 -0.49751100 0.00000000
3193 0.23503900 -0.48964700 0.00000000
3194 0.06343700 -0.49751100 0.00000000
3195 0.04851100 -0.49751100 0.00000000
3196 0.01865700 -0.49751100 0.00000000
3197 0.00373100 -0.49751100 0.00000000
3198 0.22011500 -0.48964700 0.00000000
3199 0.20519200 -0.48964700 0.00000000
3200 -0.01119600 -0.49751100 0.00000000
3201 0.19026900 -0.48964700 0.00000000
3202 0.17534600 -0.48964700 0.00000000
3203 0.16042300 -0.48964700 0.00000000
3204 -0.04104900 -0.49751100 0.00000000
3205 0.14550000 -0.48964700 0.00000000
3206 -0.02612300 -0.49751100 0.00000000
3207 0.13057700 -0.48964700 0.00000000
3208 0.11565400 -0.48964700 0.00000000
3209 0.10073100 -0.48964700 0.00000000
3210 -0.04850000 -0.48964700 0.00000000
3211 0.08580800 -0.48964700 0.00000000
3212 0.07088500 -0.48964700 0.00000000
3213 0.05596200 -0.48964700 0.00000000
3214 0.04103800 -0.48964700 0.00000000
3215 0.02611500 -0.48964700 0.00000000
3216 0.01119200 -0.48964700 0.00000000
3217 -0.00373100 -0.48964700 0.00000000
3218 -0.01865400 -0.48964700 0.00000000
3219 -0.03357700 -0.48964700 0.00000000
3220 0.46731300 -0.50994200 0.00000000
3221 0.47418700 -0.51041100 0.00000000
3222 -0.47971000 -0.50268600 0.00000000
3223 -0.44278200 -0.49729600 0.00000000
3224 0.46047100 -0.50283000 0.00000000
3225 0.45700100 -0.49704400 0.00000000
3226 -0.45325000 -0.50314900 0.00000000
3227 0.47876100 -0.50420000 0.00000000
3228 -0.48272300 -0.49703100 0.00000000
$EndNodes
$Elements
5384
1 2 2 1 1 10 11 1237
2 2 2 1 1 1080 1079 1229
3 2 2 1 1 1228 1226 1231
4 2 2 1 1 563 1155 1225
5 2 2 1 1 1229 1079 1492
6 2 2 1 1 10 1237 1491
7 2 2 1 1 1225 1226 1228
8 2 2 1 1 1082 1158 1232
9 2 2 1 1 1228 1231 1626
10 2 2 1 1 11 1223 1237
11 2 2 1 1 1080 1229 1239
12 2 2 1 1 12 13 1489
13 2 2 1 1 1225 1155 1226
14 2 2 1 1 1 9 14
15 2 2 1 1 150 1078 3
16 2 2 1 1 562 563 1225
17 2 2 1 1 6 1082 1232
18 2 2 1 1 1224 562 1225
19 2 2 1 1 1232 1158 1625
20 2 2 1 1 2 562 1224
21 2 2 1 1 1223 12 1489
22 2 2 1 1 13 1224 1489
23 2 2 1 1 17 16 1238
24 2 2 1 1 149 1229 1492
25 2 2 1 1 1237 15 1491
26 2 2 1 1 1157 17 1238
27 2 2 1 1 1231 1230 1618
28 2 2 1 1 1231 1618 1620
29 2 2 1 1 1239 1236 1490
30 2 2 1 1 1223 1489 1493
31 2 2 1 1 1235 1222 1494
32 2 2 1 1 1238 1223 1493
33 2 2 1 1 1224 1225 1228
34 2 2 1 1 1226 1155 1227
35 2 2 1 1 1229 1236 1239
36 2 2 1 1 16 1237 1238
37 2 2 1 1 1152 1335 1548
38 2 2 1 1 1427 1151 1496
39 2 2 1 1 1151 1427 1507
40 2 2 1 1 1335 1152 1552
41 2 2 1 1 1150 1331 1550
42 2 2 1 1 1423 1149 1497
43 2 2 1 1 1149 1423 1509
44 2 2 1 1 1331 1150 1555
45 2 2 1 1 1148 1327 1551
46 2 2 1 1 1419 1147 1498
47 2 2 1 1 1147 1419 1512
48 2 2 1 1 1327 1148 1557
49 2 2 1 1 1146 1323 1553
50 2 2 1 1 1415 1145 1499
51 2 2 1 1 1145 1415 1513
52 2 2 1 1 1323 1146 1559
53 2 2 1 1 1144 1319 1554
54 2 2 1 1 1411 1143 1500
55 2 2 1 1 1143 1411 1515
56 2 2 1 1 1319 1144 1562
57 2 2 1 1 1142 1315 1556
58 2 2 1 1 1407 1141 1501
59 2 2 1 1 1141 1407 1517
60 2 2 1 1 1315 1142 1564
61 2 2 1 1 1140 1311 1558
62 2 2 1 1 690 6 1232
63 2 2 1 1 1403 1139 1502
64 2 2 1 1 1139 1403 1519
65 2 2 1 1 1311 1140 1568
66 2 2 1 1 1138 1307 1560
67 2 2 1 1 1399 1137 1503
68 2 2 1 1 1137 1399 1520
69 2 2 1 1 1307 1138 1571
70 2 2 1 1 1136 1303 1563
71 2 2 1 1 1395 1135 1504
72 2 2 1 1 1135 1395 1521
73 2 2 1 1 1303 1136 1575
74 2 2 1 1 1134 1299 1565
75 2 2 1 1 1391 1133 1505
76 2 2 1 1 1133 1391 1522
77 2 2 1 1 1299 1134 1577
78 2 2 1 1 1132 1295 1567
79 2 2 1 1 1387 1131 1506
80 2 2 1 1 1131 1387 1524
81 2 2 1 1 1295 1132 1580
82 2 2 1 1 1130 1291 1569
83 2 2 1 1 1383 1129 1508
84 2 2 1 1 1129 1383 1526
85 2 2 1 1 1291 1130 1582
86 2 2 1 1 1128 1287 1572
87 2 2 1 1 1379 1127 1510
88 2 2 1 1 1127 1379 1530
89 2 2 1 1 1287 1128 1584
90 2 2 1 1 1126 1283 1574
91 2 2 1 1 1375 1125 1511
92 2 2 1 1 1125 1375 1531
93 2 2 1 1 1283 1126 1588
94 2 2 1 1 1222 1235 1619
95 2 2 1 1 1124 1279 1576
96 2 2 1 1 1371 1123 1514
97 2 2 1 1 1123 1371 1529
98 2 2 1 1 1279 1124 1591
99 2 2 1 1 1122 1275 1578
100 2 2 1 1 1432 1121 1533
101 2 2 1 1 1121 1432 1532
102 2 2 1 1 1275 1122 1595
103 2 2 1 1 1120 1271 1581
104 2 2 1 1 1436 1119 1545
105 2 2 1 1 1119 1436 1542
106 2 2 1 1 1271 1120 1600
107 2 2 1 1 1118 1267 1585
108 2 2 1 1 1117 1440 1561
109 2 2 1 1 1440 1117 1573
110 2 2 1 1 1267 1118 1603
111 2 2 1 1 1116 1263 1599
112 2 2 1 1 1263 1116 1609
113 2 2 1 1 1115 1444 1602
114 2 2 1 1 1444 1115 1596
115 2 2 1 1 1114 1259 1601
116 2 2 1 1 1259 1114 1616
117 2 2 1 1 1113 1448 1617
118 2 2 1 1 1448 1113 1598
119 2 2 1 1 1112 1255 1579
120 2 2 1 1 1255 1112 1604
121 2 2 1 1 1111 1452 1615
122 2 2 1 1 1452 1111 1592
123 2 2 1 1 1110 1251 1547
124 2 2 1 1 1251 1110 1566
125 2 2 1 1 1109 1456 1608
126 2 2 1 1 1456 1109 1587
127 2 2 1 1 1108 1247 1535
128 2 2 1 1 1247 1108 1543
129 2 2 1 1 1107 1460 1605
130 2 2 1 1 1460 1107 1586
131 2 2 1 1 1106 1243 1523
132 2 2 1 1 1243 1106 1534
133 2 2 1 1 1104 1340 1516
134 2 2 1 1 1158 1239 1490
135 2 2 1 1 1340 1104 1538
136 2 2 1 1 1105 1464 1606
137 2 2 1 1 1464 1105 1589
138 2 2 1 1 1221 1235 1494
139 2 2 1 1 1103 1468 1607
140 2 2 1 1 1468 1103 1590
141 2 2 1 1 1102 1344 1525
142 2 2 1 1 1344 1102 1539
143 2 2 1 1 1101 1472 1610
144 2 2 1 1 1472 1101 1593
145 2 2 1 1 1100 1360 1583
146 2 2 1 1 1360 1100 1612
147 2 2 1 1 1099 1476 1611
148 2 2 1 1 1476 1099 1594
149 2 2 1 1 1098 1356 1549
150 2 2 1 1 1356 1098 1570
151 2 2 1 1 1097 1480 1613
152 2 2 1 1 1480 1097 1597
153 2 2 1 1 1484 1095 1527
154 2 2 1 1 1096 1352 1537
155 2 2 1 1 1352 1096 1544
156 2 2 1 1 1095 1484 1614
157 2 2 1 1 1367 1093 1518
158 2 2 1 1 1094 1348 1528
159 2 2 1 1 1348 1094 1536
160 2 2 1 1 1093 1367 1540
161 2 2 1 1 1093 1363 1518
162 2 2 1 1 1363 1093 1541
163 2 2 1 1 1363 1094 1528
164 2 2 1 1 1094 1363 1541
165 2 2 1 1 1095 1367 1527
166 2 2 1 1 1367 1095 1540
167 2 2 1 1 1348 1096 1537
168 2 2 1 1 1096 1348 1536
169 2 2 1 1 1097 1484 1597
170 2 2 1 1 1352 1098 1549
171 2 2 1 1 1098 1352 1544
172 2 2 1 1 1484 1097 1614
173 2 2 1 1 1099 1480 1594
174 2 2 1 1 1100 1356 1570
175 2 2 1 1 1356 1100 1583
176 2 2 1 1 1480 1099 1613
177 2 2 1 1 1101 1476 1593
178 2 2 1 1 1360 1102 1525
179 2 2 1 1 1476 1101 1611
180 2 2 1 1 1102 1360 1612
181 2 2 1 1 1344 1104 1516
182 2 2 1 1 1103 1472 1590
183 2 2 1 1 1104 1344 1539
184 2 2 1 1 1472 1103 1610
185 2 2 1 1 1105 1468 1589
186 2 2 1 1 1340 1106 1523
187 2 2 1 1 1468 1105 1607
188 2 2 1 1 1106 1340 1538
189 2 2 1 1 1107 1464 1586
190 2 2 1 1 1243 1108 1535
191 2 2 1 1 1108 1243 1534
192 2 2 1 1 1464 1107 1606
193 2 2 1 1 1109 1460 1587
194 2 2 1 1 1247 1110 1547
195 2 2 1 1 1110 1247 1543
196 2 2 1 1 1460 1109 1605
197 2 2 1 1 1111 1456 1592
198 2 2 1 1 1112 1251 1566
199 2 2 1 1 1251 1112 1579
200 2 2 1 1 1456 1111 1608
201 2 2 1 1 1113 1452 1598
202 2 2 1 1 1452 1113 1615
203 2 2 1 1 1114 1255 1604
204 2 2 1 1 1255 1114 1601
205 2 2 1 1 1115 1448 1596
206 2 2 1 1 1448 1115 1617
207 2 2 1 1 1116 1259 1616
208 2 2 1 1 1259 1116 1599
209 2 2 1 1 1117 1444 1573
210 2 2 1 1 1444 1117 1602
211 2 2 1 1 1118 1263 1609
212 2 2 1 1 1263 1118 1585
213 2 2 1 1 1119 1440 1545
214 2 2 1 1 1440 1119 1561
215 2 2 1 1 1120 1267 1603
216 2 2 1 1 1267 1120 1581
217 2 2 1 1 1121 1436 1533
218 2 2 1 1 1436 1121 1542
219 2 2 1 1 1122 1271 1600
220 2 2 1 1 1123 1432 1514
221 2 2 1 1 1271 1122 1578
222 2 2 1 1 1432 1123 1532
223 2 2 1 1 1125 1371 1511
224 2 2 1 1 1229 148 1236
225 2 2 1 1 1124 1275 1595
226 2 2 1 1 1371 1125 1529
227 2 2 1 1 1275 1124 1576
228 2 2 1 1 1127 1375 1510
229 2 2 1 1 1126 1279 1591
230 2 2 1 1 1279 1126 1574
231 2 2 1 1 1375 1127 1531
232 2 2 1 1 1129 1379 1508
233 2 2 1 1 1128 1283 1588
234 2 2 1 1 1283 1128 1572
235 2 2 1 1 1379 1129 1530
236 2 2 1 1 1131 1383 1506
237 2 2 1 1 1130 1287 1584
238 2 2 1 1 1287 1130 1569
239 2 2 1 1 1383 1131 1526
240 2 2 1 1 1133 1387 1505
241 2 2 1 1 1132 1291 1582
242 2 2 1 1 1291 1132 1567
243 2 2 1 1 1387 1133 1524
244 2 2 1 1 1135 1391 1504
245 2 2 1 1 1134 1295 1580
246 2 2 1 1 1295 1134 1565
247 2 2 1 1 1391 1135 1522
248 2 2 1 1 1137 1395 1503
249 2 2 1 1 1136 1299 1577
250 2 2 1 1 1299 1136 1563
251 2 2 1 1 1395 1137 1521
252 2 2 1 1 1139 1399 1502
253 2 2 1 1 1138 1303 1575
254 2 2 1 1 1303 1138 1560
255 2 2 1 1 1399 1139 1520
256 2 2 1 1 1141 1403 1501
257 2 2 1 1 1140 1307 1571
258 2 2 1 1 1307 1140 1558
259 2 2 1 1 1620 1157 1626
260 2 2 1 1 1403 1141 1519
261 2 2 1 1 1143 1407 1500
262 2 2 1 1 1081 1080 1239
263 2 2 1 1 1142 1311 1568
264 2 2 1 1 1311 1142 1556
265 2 2 1 1 1407 1143 1517
266 2 2 1 1 1145 1411 1499
267 2 2 1 1 1144 1315 1564
268 2 2 1 1 1315 1144 1554
269 2 2 1 1 1411 1145 1515
270 2 2 1 1 1147 1415 1498
271 2 2 1 1 1146 1319 1562
272 2 2 1 1 1319 1146 1553
273 2 2 1 1 1415 1147 1513
274 2 2 1 1 1149 1419 1497
275 2 2 1 1 1148 1323 1559
276 2 2 1 1 1323 1148 1551
277 2 2 1 1 1419 1149 1512
278 2 2 1 1 1151 1423 1496
279 2 2 1 1 1150 1327 1557
280 2 2 1 1 1327 1150 1550
281 2 2 1 1 1423 1151 1509
282 2 2 1 1 1153 1427 1495
283 2 2 1 1 1152 1331 1555
284 2 2 1 1 1331 1152 1548
285 2 2 1 1 1427 1153 1507
286 2 2 1 1 1154 1335 1552
287 2 2 1 1 1335 1154 1546
288 2 2 1 1 1237 1223 1238
289 2 2 1 1 564 565 1487
290 2 2 1 1 1156 690 1232
291 2 2 1 1 1226 1227 1230
292 2 2 1 1 149 148 1229
293 2 2 1 1 1158 1081 1239
294 2 2 1 1 147 1222 1236
295 2 2 1 1 15 14 1491
296 2 2 1 1 150 149 1492
297 2 2 1 1 1156 1232 1233
298 2 2 1 1 16 15 1237
299 2 2 1 1 18 17 1157
300 2 2 1 1 1155 564 1487
301 2 2 1 1 565 1153 1487
302 2 2 1 1 147 146 1222
303 2 2 1 1 148 147 1236
304 2 2 1 1 1226 1230 1231
305 2 2 1 1 1227 1155 1487
306 2 2 1 1 1224 1228 1489
307 2 2 1 1 1235 1221 1621
308 2 2 1 1 1180 1446 1447
309 2 2 1 1 1181 1257 1258
310 2 2 1 1 1178 1450 1451
311 2 2 1 1 1183 1261 1262
312 2 2 1 1 1176 1454 1455
313 2 2 1 1 1185 1265 1266
314 2 2 1 1 1182 1442 1443
315 2 2 1 1 1179 1253 1254
316 2 2 1 1 1167 1358 1359
317 2 2 1 1 1164 1478 1479
318 2 2 1 1 1197 1289 1290
319 2 2 1 1 1162 1482 1483
320 2 2 1 1 1199 1293 1294
321 2 2 1 1 1201 1297 1298
322 2 2 1 1 1166 1474 1475
323 2 2 1 1 1195 1285 1286
324 2 2 1 1 1213 1321 1322
325 2 2 1 1 1215 1325 1326
326 2 2 1 1 1217 1329 1330
327 2 2 1 1 1203 1301 1302
328 2 2 1 1 1219 1333 1334
329 2 2 1 1 1211 1317 1318
330 2 2 1 1 1209 1313 1314
331 2 2 1 1 1207 1309 1310
332 2 2 1 1 1205 1305 1306
333 2 2 1 1 1187 1269 1270
334 2 2 1 1 1174 1458 1459
335 2 2 1 1 1168 1470 1471
336 2 2 1 1 1193 1281 1282
337 2 2 1 1 1191 1277 1278
338 2 2 1 1 1170 1466 1467
339 2 2 1 1 1189 1273 1274
340 2 2 1 1 1172 1462 1463
341 2 2 1 1 1359 1343 1485
342 2 2 1 1 1483 1366 1486
343 2 2 1 1 1180 1445 1446
344 2 2 1 1 1181 1256 1257
345 2 2 1 1 1178 1449 1450
346 2 2 1 1 1183 1260 1261
347 2 2 1 1 60 59 1445
348 2 2 1 1 104 103 1256
349 2 2 1 1 62 61 1449
350 2 2 1 1 106 105 1260
351 2 2 1 1 1176 1453 1454
352 2 2 1 1 1185 1264 1265
353 2 2 1 1 1182 1441 1442
354 2 2 1 1 1167 1357 1358
355 2 2 1 1 1179 1252 1253
356 2 2 1 1 1164 1477 1478
357 2 2 1 1 1197 1288 1289
358 2 2 1 1 1162 1481 1482
359 2 2 1 1 1199 1292 1293
360 2 2 1 1 1201 1296 1297
361 2 2 1 1 1166 1473 1474
362 2 2 1 1 1195 1284 1285
363 2 2 1 1 1213 1320 1321
364 2 2 1 1 1215 1324 1325
365 2 2 1 1 1217 1328 1329
366 2 2 1 1 1211 1316 1317
367 2 2 1 1 1219 1332 1333
368 2 2 1 1 1221 1336 1337
369 2 2 1 1 1203 1300 1301
370 2 2 1 1 1209 1312 1313
371 2 2 1 1 1207 1308 1309
372 2 2 1 1 1205 1304 1305
373 2 2 1 1 1187 1268 1269
374 2 2 1 1 1174 1457 1458
375 2 2 1 1 1168 1469 1470
376 2 2 1 1 1193 1280 1281
377 2 2 1 1 64 63 1453
378 2 2 1 1 108 107 1264
379 2 2 1 1 1191 1276 1277
380 2 2 1 1 1170 1465 1466
381 2 2 1 1 1189 1272 1273
382 2 2 1 1 1172 1461 1462
383 2 2 1 1 1184 1438 1439
384 2 2 1 1 1177 1249 1250
385 2 2 1 1 1165 1354 1355
386 2 2 1 1 110 109 1268
387 2 2 1 1 66 65 1457
388 2 2 1 1 76 75 1477
389 2 2 1 1 120 119 1288
390 2 2 1 1 78 77 1481
391 2 2 1 1 122 121 1292
392 2 2 1 1 124 123 1296
393 2 2 1 1 126 125 1300
394 2 2 1 1 136 135 1320
395 2 2 1 1 138 137 1324
396 2 2 1 1 140 139 1328
397 2 2 1 1 142 141 1332
398 2 2 1 1 144 143 1336
399 2 2 1 1 134 133 1316
400 2 2 1 1 132 131 1312
401 2 2 1 1 130 129 1308
402 2 2 1 1 128 127 1304
403 2 2 1 1 74 73 1473
404 2 2 1 1 118 117 1284
405 2 2 1 1 72 71 1469
406 2 2 1 1 116 115 1280
407 2 2 1 1 114 113 1276
408 2 2 1 1 70 69 1465
409 2 2 1 1 112 111 1272
410 2 2 1 1 68 67 1461
411 2 2 1 1 58 57 1441
412 2 2 1 1 102 101 1252
413 2 2 1 1 90 89 1357
414 2 2 1 1 1167 1359 1485
415 2 2 1 1 1184 1437 1438
416 2 2 1 1 1177 1248 1249
417 2 2 1 1 1165 1353 1354
418 2 2 1 1 1162 1483 1486
419 2 2 1 1 1180 60 1445
420 2 2 1 1 1181 104 1256
421 2 2 1 1 1178 62 1449
422 2 2 1 1 1183 106 1260
423 2 2 1 1 1185 108 1264
424 2 2 1 1 1176 64 1453
425 2 2 1 1 1182 58 1441
426 2 2 1 1 1179 102 1252
427 2 2 1 1 1167 90 1357
428 2 2 1 1 1164 76 1477
429 2 2 1 1 1197 120 1288
430 2 2 1 1 1199 122 1292
431 2 2 1 1 1162 78 1481
432 2 2 1 1 1201 124 1296
433 2 2 1 1 1213 136 1320
434 2 2 1 1 1166 74 1473
435 2 2 1 1 1195 118 1284
436 2 2 1 1 1215 138 1324
437 2 2 1 1 1217 140 1328
438 2 2 1 1 1203 126 1300
439 2 2 1 1 1219 142 1332
440 2 2 1 1 1211 134 1316
441 2 2 1 1 1221 144 1336
442 2 2 1 1 1209 132 1312
443 2 2 1 1 1207 130 1308
444 2 2 1 1 1205 128 1304
445 2 2 1 1 1187 110 1268
446 2 2 1 1 1174 66 1457
447 2 2 1 1 1168 72 1469
448 2 2 1 1 1193 116 1280
449 2 2 1 1 1191 114 1276
450 2 2 1 1 1170 70 1465
451 2 2 1 1 1189 112 1272
452 2 2 1 1 1172 68 1461
453 2 2 1 1 56 55 1437
454 2 2 1 1 100 99 1248
455 2 2 1 1 88 87 1353
456 2 2 1 1 1184 56 1437
457 2 2 1 1 1177 100 1248
458 2 2 1 1 1165 88 1353
459 2 2 1 1 61 1180 1449
460 2 2 1 1 105 1181 1260
461 2 2 1 1 59 1182 1445
462 2 2 1 1 103 1179 1256
463 2 2 1 1 63 1178 1453
464 2 2 1 1 107 1183 1264
465 2 2 1 1 65 1176 1457
466 2 2 1 1 109 1185 1268
467 2 2 1 1 77 1164 1481
468 2 2 1 1 121 1197 1292
469 2 2 1 1 75 1166 1477
470 2 2 1 1 119 1195 1288
471 2 2 1 1 123 1199 1296
472 2 2 1 1 125 1201 1300
473 2 2 1 1 137 1213 1324
474 2 2 1 1 135 1211 1320
475 2 2 1 1 139 1215 1328
476 2 2 1 1 141 1217 1332
477 2 2 1 1 143 1219 1336
478 2 2 1 1 133 1209 1316
479 2 2 1 1 131 1207 1312
480 2 2 1 1 127 1203 1304
481 2 2 1 1 129 1205 1308
482 2 2 1 1 73 1168 1473
483 2 2 1 1 117 1193 1284
484 2 2 1 1 115 1191 1280
485 2 2 1 1 71 1170 1469
486 2 2 1 1 111 1187 1272
487 2 2 1 1 67 1174 1461
488 2 2 1 1 113 1189 1276
489 2 2 1 1 69 1172 1465
490 2 2 1 1 1447 1446 1448
491 2 2 1 1 1258 1257 1259
492 2 2 1 1 57 1184 1441
493 2 2 1 1 101 1177 1252
494 2 2 1 1 89 1165 1357
495 2 2 1 1 1362 1364 1365
496 2 2 1 1 1339 1341 1342
497 2 2 1 1 1451 1450 1452
498 2 2 1 1 1262 1261 1263
499 2 2 1 1 1455 1454 1456
500 2 2 1 1 1266 1265 1267
501 2 2 1 1 1175 1244 1245
502 2 2 1 1 1186 1433 1434
503 2 2 1 1 1163 1349 1350
504 2 2 1 1 1443 1442 1444
505 2 2 1 1 1359 1358 1360
506 2 2 1 1 1254 1253 1255
507 2 2 1 1 1479 1478 1480
508 2 2 1 1 1290 1289 1291
509 2 2 1 1 1483 1482 1484
510 2 2 1 1 1294 1293 1295
511 2 2 1 1 1298 1297 1299
512 2 2 1 1 1475 1474 1476
513 2 2 1 1 1286 1285 1287
514 2 2 1 1 1322 1321 1323
515 2 2 1 1 1326 1325 1327
516 2 2 1 1 1330 1329 1331
517 2 2 1 1 1302 1301 1303
518 2 2 1 1 1334 1333 1335
519 2 2 1 1 1318 1317 1319
520 2 2 1 1 1314 1313 1315
521 2 2 1 1 1310 1309 1311
522 2 2 1 1 1306 1305 1307
523 2 2 1 1 1270 1269 1271
524 2 2 1 1 1459 1458 1460
525 2 2 1 1 1471 1470 1472
526 2 2 1 1 1282 1281 1283
527 2 2 1 1 1278 1277 1279
528 2 2 1 1 1467 1466 1468
529 2 2 1 1 1274 1273 1275
530 2 2 1 1 1463 1462 1464
531 2 2 1 1 1175 1245 1246
532 2 2 1 1 1186 1434 1435
533 2 2 1 1 1163 1350 1351
534 2 2 1 1 81 1160 1364
535 2 2 1 1 93 1169 1341
536 2 2 1 1 1186 54 1433
537 2 2 1 1 1175 98 1244
538 2 2 1 1 1163 86 1349
539 2 2 1 1 49 1192 1372
540 2 2 1 1 1439 1438 1440
541 2 2 1 1 1250 1249 1251
542 2 2 1 1 1355 1354 1356
543 2 2 1 1 35 1206 1400
544 2 2 1 1 39 1202 1392
545 2 2 1 1 31 1210 1408
546 2 2 1 1 23 1218 1424
547 2 2 1 1 27 1214 1416
548 2 2 1 1 43 1198 1384
549 2 2 1 1 45 1196 1380
550 2 2 1 1 21 1220 1428
551 2 2 1 1 25 1216 1420
552 2 2 1 1 33 1208 1404
553 2 2 1 1 29 1212 1412
554 2 2 1 1 37 1204 1396
555 2 2 1 1 41 1200 1388
556 2 2 1 1 47 1194 1376
557 2 2 1 1 1372 1192 1373
558 2 2 1 1 1380 1196 1381
559 2 2 1 1 1400 1206 1401
560 2 2 1 1 1424 1218 1425
561 2 2 1 1 1408 1210 1409
562 2 2 1 1 1392 1202 1393
563 2 2 1 1 1404 1208 1405
564 2 2 1 1 1396 1204 1397
565 2 2 1 1 1416 1214 1417
566 2 2 1 1 1420 1216 1421
567 2 2 1 1 1428 1220 1429
568 2 2 1 1 1412 1212 1413
569 2 2 1 1 1388 1200 1389
570 2 2 1 1 1384 1198 1385
571 2 2 1 1 1376 1194 1377
572 2 2 1 1 1341 1169 1342
573 2 2 1 1 1364 1160 1365
574 2 2 1 1 1370 1372 1373
575 2 2 1 1 1390 1392 1393
576 2 2 1 1 1398 1400 1401
577 2 2 1 1 1406 1408 1409
578 2 2 1 1 1422 1424 1425
579 2 2 1 1 1414 1416 1417
580 2 2 1 1 1382 1384 1385
581 2 2 1 1 1378 1380 1381
582 2 2 1 1 1426 1428 1429
583 2 2 1 1 1418 1420 1421
584 2 2 1 1 1410 1412 1413
585 2 2 1 1 1402 1404 1405
586 2 2 1 1 1394 1396 1397
587 2 2 1 1 1386 1388 1389
588 2 2 1 1 1374 1376 1377
589 2 2 1 1 82 81 1364
590 2 2 1 1 94 93 1341
591 2 2 1 1 1180 1447 1449
592 2 2 1 1 1181 1258 1260
593 2 2 1 1 1178 1451 1453
594 2 2 1 1 1183 1262 1264
595 2 2 1 1 55 1186 1437
596 2 2 1 1 99 1175 1248
597 2 2 1 1 87 1163 1353
598 2 2 1 1 1176 1455 1457
599 2 2 1 1 1185 1266 1268
600 2 2 1 1 1182 1443 1445
601 2 2 1 1 1179 1254 1256
602 2 2 1 1 1164 1479 1481
603 2 2 1 1 1197 1290 1292
604 2 2 1 1 1199 1294 1296
605 2 2 1 1 1201 1298 1300
606 2 2 1 1 1166 1475 1477
607 2 2 1 1 1195 1286 1288
608 2 2 1 1 1213 1322 1324
609 2 2 1 1 1215 1326 1328
610 2 2 1 1 1217 1330 1332
611 2 2 1 1 1203 1302 1304
612 2 2 1 1 1219 1334 1336
613 2 2 1 1 1211 1318 1320
614 2 2 1 1 1209 1314 1316
615 2 2 1 1 1207 1310 1312
616 2 2 1 1 1205 1306 1308
617 2 2 1 1 1187 1270 1272
618 2 2 1 1 1174 1459 1461
619 2 2 1 1 1168 1471 1473
620 2 2 1 1 1193 1282 1284
621 2 2 1 1 1191 1278 1280
622 2 2 1 1 1170 1467 1469
623 2 2 1 1 1189 1274 1276
624 2 2 1 1 1172 1463 1465
625 2 2 1 1 98 97 1244
626 2 2 1 1 54 53 1433
627 2 2 1 1 86 85 1349
628 2 2 1 1 1368 1369 1430
629 2 2 1 1 1246 1245 1247
630 2 2 1 1 1435 1434 1436
631 2 2 1 1 1351 1350 1352
632 2 2 1 1 1173 1240 1241
633 2 2 1 1 1161 1345 1346
634 2 2 1 1 1188 1368 1430
635 2 2 1 1 1366 1160 1486
636 2 2 1 1 1343 1169 1485
637 2 2 1 1 1184 1439 1441
638 2 2 1 1 1177 1250 1252
639 2 2 1 1 1165 1355 1357
640 2 2 1 1 50 49 1372
641 2 2 1 1 1160 80 1486
642 2 2 1 1 1169 92 1485
643 2 2 1 1 40 39 1392
644 2 2 1 1 36 35 1400
645 2 2 1 1 44 43 1384
646 2 2 1 1 32 31 1408
647 2 2 1 1 28 27 1416
648 2 2 1 1 24 23 1424
649 2 2 1 1 46 45 1380
650 2 2 1 1 22 21 1428
651 2 2 1 1 26 25 1420
652 2 2 1 1 30 29 1412
653 2 2 1 1 34 33 1404
654 2 2 1 1 38 37 1396
655 2 2 1 1 42 41 1388
656 2 2 1 1 48 47 1376
657 2 2 1 1 1173 96 1240
658 2 2 1 1 1161 84 1345
659 2 2 1 1 1188 52 1368
660 2 2 1 1 1361 1159 1362
661 2 2 1 1 1338 1171 1339
662 2 2 1 1 1373 1192 1374
663 2 2 1 1 1338 1339 1340
664 2 2 1 1 1361 1362 1363
665 2 2 1 1 1373 1374 1375
666 2 2 1 1 1381 1382 1383
667 2 2 1 1 1401 1402 1403
668 2 2 1 1 1405 1406 1407
669 2 2 1 1 1397 1398 1399
670 2 2 1 1 1425 1426 1427
671 2 2 1 1 1413 1414 1415
672 2 2 1 1 1409 1410 1411
673 2 2 1 1 1393 1394 1395
674 2 2 1 1 1421 1422 1423
675 2 2 1 1 1389 1390 1391
676 2 2 1 1 1417 1418 1419
677 2 2 1 1 1385 1386 1387
678 2 2 1 1 1377 1378 1379
679 2 2 1 1 1365 1366 1367
680 2 2 1 1 1342 1343 1344
681 2 2 1 1 1381 1196 1382
682 2 2 1 1 1401 1206 1402
683 2 2 1 1 1397 1204 1398
684 2 2 1 1 1405 1208 1406
685 2 2 1 1 1413 1212 1414
686 2 2 1 1 1425 1218 1426
687 2 2 1 1 1393 1202 1394
688 2 2 1 1 1389 1200 1390
689 2 2 1 1 1409 1210 1410
690 2 2 1 1 1421 1216 1422
691 2 2 1 1 1417 1214 1418
692 2 2 1 1 1385 1198 1386
693 2 2 1 1 1377 1194 1378
694 2 2 1 1 1365 1160 1366
695 2 2 1 1 1342 1169 1343
696 2 2 1 1 1242 1241 1243
697 2 2 1 1 1431 1430 1432
698 2 2 1 1 1347 1346 1348
699 2 2 1 1 1369 1370 1371
700 2 2 1 1 1345 1159 1361
701 2 2 1 1 1240 1171 1338
702 2 2 1 1 1368 1190 1369
703 2 2 1 1 1173 1241 1242
704 2 2 1 1 1188 1430 1431
705 2 2 1 1 1161 1346 1347
706 2 2 1 1 1241 1240 1338
707 2 2 1 1 1346 1345 1361
708 2 2 1 1 1260 1258 1261
709 2 2 1 1 1449 1447 1450
710 2 2 1 1 1453 1451 1454
711 2 2 1 1 1264 1262 1265
712 2 2 1 1 1457 1455 1458
713 2 2 1 1 1268 1266 1269
714 2 2 1 1 1445 1443 1446
715 2 2 1 1 1256 1254 1257
716 2 2 1 1 1481 1479 1482
717 2 2 1 1 1292 1290 1293
718 2 2 1 1 1296 1294 1297
719 2 2 1 1 1300 1298 1301
720 2 2 1 1 1288 1286 1289
721 2 2 1 1 1477 1475 1478
722 2 2 1 1 1324 1322 1325
723 2 2 1 1 1328 1326 1329
724 2 2 1 1 1332 1330 1333
725 2 2 1 1 1304 1302 1305
726 2 2 1 1 1336 1334 1337
727 2 2 1 1 1320 1318 1321
728 2 2 1 1 1316 1314 1317
729 2 2 1 1 1312 1310 1313
730 2 2 1 1 1308 1306 1309
731 2 2 1 1 1272 1270 1273
732 2 2 1 1 1461 1459 1462
733 2 2 1 1 1473 1471 1474
734 2 2 1 1 1284 1282 1285
735 2 2 1 1 1280 1278 1281
736 2 2 1 1 1469 1467 1470
737 2 2 1 1 1276 1274 1277
738 2 2 1 1 1465 1463 1466
739 2 2 1 1 1159 82 1364
740 2 2 1 1 1171 94 1341
741 2 2 1 1 1369 1190 1370
742 2 2 1 1 1441 1439 1442
743 2 2 1 1 1252 1250 1253
744 2 2 1 1 1357 1355 1358
745 2 2 1 1 95 1171 1240
746 2 2 1 1 83 1159 1345
747 2 2 1 1 51 1190 1368
748 2 2 1 1 91 1167 1485
749 2 2 1 1 79 1162 1486
750 2 2 1 1 83 82 1159
751 2 2 1 1 95 94 1171
752 2 2 1 1 109 108 1185
753 2 2 1 1 123 122 1199
754 2 2 1 1 137 136 1213
755 2 2 1 1 79 78 1162
756 2 2 1 1 73 72 1168
757 2 2 1 1 59 58 1182
758 2 2 1 1 25 24 1216
759 2 2 1 1 37 36 1204
760 2 2 1 1 139 138 1215
761 2 2 1 1 97 96 1173
762 2 2 1 1 47 46 1194
763 2 2 1 1 53 52 1188
764 2 2 1 1 125 124 1201
765 2 2 1 1 111 110 1187
766 2 2 1 1 35 34 1206
767 2 2 1 1 51 50 1190
768 2 2 1 1 145 144 1221
769 2 2 1 1 33 32 1208
770 2 2 1 1 107 106 1183
771 2 2 1 1 121 120 1197
772 2 2 1 1 133 132 1209
773 2 2 1 1 23 22 1218
774 2 2 1 1 65 64 1176
775 2 2 1 1 57 56 1184
776 2 2 1 1 93 92 1169
777 2 2 1 1 71 70 1170
778 2 2 1 1 29 28 1212
779 2 2 1 1 135 134 1211
780 2 2 1 1 45 44 1196
781 2 2 1 1 119 118 1195
782 2 2 1 1 81 80 1160
783 2 2 1 1 61 60 1180
784 2 2 1 1 39 38 1202
785 2 2 1 1 49 48 1192
786 2 2 1 1 75 74 1166
787 2 2 1 1 55 54 1186
788 2 2 1 1 77 76 1164
789 2 2 1 1 41 40 1200
790 2 2 1 1 67 66 1174
791 2 2 1 1 31 30 1210
792 2 2 1 1 105 104 1181
793 2 2 1 1 85 84 1161
794 2 2 1 1 69 68 1172
795 2 2 1 1 63 62 1178
796 2 2 1 1 21 20 1220
797 2 2 1 1 131 130 1207
798 2 2 1 1 43 42 1198
799 2 2 1 1 89 88 1165
800 2 2 1 1 115 114 1191
801 2 2 1 1 87 86 1163
802 2 2 1 1 143 142 1219
803 2 2 1 1 103 102 1179
804 2 2 1 1 141 140 1217
805 2 2 1 1 113 112 1189
806 2 2 1 1 91 90 1167
807 2 2 1 1 117 116 1193
808 2 2 1 1 99 98 1175
809 2 2 1 1 101 100 1177
810 2 2 1 1 127 126 1203
811 2 2 1 1 129 128 1205
812 2 2 1 1 27 26 1214
813 2 2 1 1 97 1173 1244
814 2 2 1 1 53 1188 1433
815 2 2 1 1 85 1161 1349
816 2 2 1 1 1248 1246 1249
817 2 2 1 1 1353 1351 1354
818 2 2 1 1 1437 1435 1438
819 2 2 1 1 1175 1246 1248
820 2 2 1 1 1163 1351 1353
821 2 2 1 1 1186 1435 1437
822 2 2 1 1 96 95 1240
823 2 2 1 1 84 83 1345
824 2 2 1 1 52 51 1368
825 2 2 1 1 1244 1242 1245
826 2 2 1 1 1433 1431 1434
827 2 2 1 1 1349 1347 1350
828 2 2 1 1 1192 48 1376
829 2 2 1 1 1196 44 1384
830 2 2 1 1 1200 40 1392
831 2 2 1 1 1204 36 1400
832 2 2 1 1 1208 32 1408
833 2 2 1 1 1212 28 1416
834 2 2 1 1 1216 24 1424
835 2 2 1 1 1218 22 1428
836 2 2 1 1 1214 26 1420
837 2 2 1 1 1210 30 1412
838 2 2 1 1 1206 34 1404
839 2 2 1 1 1202 38 1396
840 2 2 1 1 1198 42 1388
841 2 2 1 1 1194 46 1380
842 2 2 1 1 80 79 1486
843 2 2 1 1 92 91 1485
844 2 2 1 1 1190 50 1372
845 2 2 1 1 1362 1159 1364
846 2 2 1 1 1339 1171 1341
847 2 2 1 1 1374 1192 1376
848 2 2 1 1 1382 1196 1384
849 2 2 1 1 1390 1200 1392
850 2 2 1 1 1414 1212 1416
851 2 2 1 1 1406 1208 1408
852 2 2 1 1 1426 1218 1428
853 2 2 1 1 1398 1204 1400
854 2 2 1 1 1422 1216 1424
855 2 2 1 1 1394 1202 1396
856 2 2 1 1 1410 1210 1412
857 2 2 1 1 1386 1198 1388
858 2 2 1 1 1402 1206 1404
859 2 2 1 1 1418 1214 1420
860 2 2 1 1 1378 1194 1380
861 2 2 1 1 1188 1431 1433
862 2 2 1 1 1173 1242 1244
863 2 2 1 1 1161 1347 1349
864 2 2 1 1 1370 1190 1372
865 2 2 1 1 688 689 1488
866 2 2 1 1 663 664 1130
867 2 2 1 1 637 638 1104
868 2 2 1 1 689 690 1156
869 2 2 1 1 649 650 1116
870 2 2 1 1 569 570 1149
871 2 2 1 1 679 680 1146
872 2 2 1 1 583 584 1135
873 2 2 1 1 611 612 1107
874 2 2 1 1 593 594 1125
875 2 2 1 1 625 626 1093
876 2 2 1 1 617 618 1101
877 2 2 1 1 605 606 1113
878 2 2 1 1 653 654 1120
879 2 2 1 1 623 624 1095
880 2 2 1 1 677 678 1144
881 2 2 1 1 599 600 1119
882 2 2 1 1 675 676 1142
883 2 2 1 1 667 668 1134
884 2 2 1 1 595 596 1123
885 2 2 1 1 641 642 1108
886 2 2 1 1 601 602 1117
887 2 2 1 1 627 628 1094
888 2 2 1 1 575 576 1143
889 2 2 1 1 579 580 1139
890 2 2 1 1 571 572 1147
891 2 2 1 1 607 608 1111
892 2 2 1 1 661 662 1128
893 2 2 1 1 613 614 1105
894 2 2 1 1 633 634 1100
895 2 2 1 1 687 688 1154
896 2 2 1 1 631 632 1098
897 2 2 1 1 647 648 1114
898 2 2 1 1 673 674 1140
899 2 2 1 1 629 630 1096
900 2 2 1 1 635 636 1102
901 2 2 1 1 645 646 1112
902 2 2 1 1 659 660 1126
903 2 2 1 1 671 672 1138
904 2 2 1 1 657 658 1124
905 2 2 1 1 619 620 1099
906 2 2 1 1 643 644 1110
907 2 2 1 1 685 686 1152
908 2 2 1 1 587 588 1131
909 2 2 1 1 669 670 1136
910 2 2 1 1 683 684 1150
911 2 2 1 1 655 656 1122
912 2 2 1 1 585 586 1133
913 2 2 1 1 589 590 1129
914 2 2 1 1 621 622 1097
915 2 2 1 1 563 564 1155
916 2 2 1 1 615 616 1103
917 2 2 1 1 609 610 1109
918 2 2 1 1 573 574 1145
919 2 2 1 1 639 640 1106
920 2 2 1 1 565 566 1153
921 2 2 1 1 681 682 1148
922 2 2 1 1 597 598 1121
923 2 2 1 1 591 592 1127
924 2 2 1 1 581 582 1137
925 2 2 1 1 603 604 1115
926 2 2 1 1 567 568 1151
927 2 2 1 1 577 578 1141
928 2 2 1 1 651 652 1118
929 2 2 1 1 665 666 1132
930 2 2 1 1 689 1156 1488
931 2 2 1 1 1154 688 1488
932 2 2 1 1 1234 1233 1235
933 2 2 1 1 1156 1234 1488
934 2 2 1 1 1231 1620 1626
935 2 2 1 1 1156 1233 1234
936 2 2 1 1 11 12 1223
937 2 2 1 1 1082 1081 1158
938 2 2 1 1 1230 1220 1618
939 2 2 1 1 13 2 1224
940 2 2 1 1 1222 146 1494
941 2 2 1 1 1079 1078 1492
942 2 2 1 1 9 10 1491
943 2 2 1 1 18 1157 1620
944 2 2 1 1 1487 1153 1624
945 2 2 1 1 145 1221 1494
946 2 2 1 1 1236 1222 1490
947 2 2 1 1 1448 1446 1596
948 2 2 1 1 1259 1257 1601
949 2 2 1 1 1452 1450 1598
950 2 2 1 1 1263 1261 1599
951 2 2 1 1 1335 1333 1548
952 2 2 1 1 1331 1329 1550
953 2 2 1 1 1267 1265 1585
954 2 2 1 1 1327 1325 1551
955 2 2 1 1 1456 1454 1592
956 2 2 1 1 1323 1321 1553
957 2 2 1 1 1319 1317 1554
958 2 2 1 1 1315 1313 1556
959 2 2 1 1 1311 1309 1558
960 2 2 1 1 1307 1305 1560
961 2 2 1 1 1303 1301 1563
962 2 2 1 1 1299 1297 1565
963 2 2 1 1 1295 1293 1567
964 2 2 1 1 1291 1289 1569
965 2 2 1 1 1287 1285 1572
966 2 2 1 1 1283 1281 1574
967 2 2 1 1 1271 1269 1581
968 2 2 1 1 1279 1277 1576
969 2 2 1 1 1444 1442 1573
970 2 2 1 1 1460 1458 1587
971 2 2 1 1 1275 1273 1578
972 2 2 1 1 1480 1478 1594
973 2 2 1 1 1476 1474 1593
974 2 2 1 1 1484 1482 1597
975 2 2 1 1 1255 1253 1579
976 2 2 1 1 1472 1470 1590
977 2 2 1 1 1360 1358 1583
978 2 2 1 1 1468 1466 1589
979 2 2 1 1 1464 1462 1586
980 2 2 1 1 1359 1360 1525
981 2 2 1 1 1483 1484 1527
982 2 2 1 1 1440 1438 1545
983 2 2 1 1 1251 1249 1547
984 2 2 1 1 1356 1354 1549
985 2 2 1 1 1342 1344 1516
986 2 2 1 1 1365 1367 1518
987 2 2 1 1 1340 1339 1516
988 2 2 1 1 1363 1362 1518
989 2 2 1 1 1425 1427 1496
990 2 2 1 1 1421 1423 1497
991 2 2 1 1 1417 1419 1498
992 2 2 1 1 1413 1415 1499
993 2 2 1 1 1373 1375 1511
994 2 2 1 1 1409 1411 1500
995 2 2 1 1 1405 1407 1501
996 2 2 1 1 1401 1403 1502
997 2 2 1 1 1397 1399 1503
998 2 2 1 1 1393 1395 1504
999 2 2 1 1 1389 1391 1505
1000 2 2 1 1 1385 1387 1506
1001 2 2 1 1 1381 1383 1508
1002 2 2 1 1 1377 1379 1510
1003 2 2 1 1 1371 1370 1511
1004 2 2 1 1 1427 1426 1495
1005 2 2 1 1 1423 1422 1496
1006 2 2 1 1 1419 1418 1497
1007 2 2 1 1 1415 1414 1498
1008 2 2 1 1 1411 1410 1499
1009 2 2 1 1 1407 1406 1500
1010 2 2 1 1 1403 1402 1501
1011 2 2 1 1 1399 1398 1502
1012 2 2 1 1 1395 1394 1503
1013 2 2 1 1 1391 1390 1504
1014 2 2 1 1 1387 1386 1505
1015 2 2 1 1 1383 1382 1506
1016 2 2 1 1 1379 1378 1508
1017 2 2 1 1 1375 1374 1510
1018 2 2 1 1 1369 1371 1514
1019 2 2 1 1 1436 1434 1533
1020 2 2 1 1 1247 1245 1535
1021 2 2 1 1 1352 1350 1537
1022 2 2 1 1 1432 1430 1514
1023 2 2 1 1 1243 1241 1523
1024 2 2 1 1 1348 1346 1528
1025 2 2 1 1 1338 1340 1523
1026 2 2 1 1 1361 1363 1528
1027 2 2 1 1 1431 1432 1533
1028 2 2 1 1 1242 1243 1535
1029 2 2 1 1 1347 1348 1537
1030 2 2 1 1 1344 1343 1525
1031 2 2 1 1 1367 1366 1527
1032 2 2 1 1 1435 1436 1545
1033 2 2 1 1 1246 1247 1547
1034 2 2 1 1 1351 1352 1549
1035 2 2 1 1 1153 566 1507
1036 2 2 1 1 567 1151 1507
1037 2 2 1 1 569 1149 1509
1038 2 2 1 1 1151 568 1509
1039 2 2 1 1 571 1147 1512
1040 2 2 1 1 1149 570 1512
1041 2 2 1 1 1147 572 1513
1042 2 2 1 1 573 1145 1513
1043 2 2 1 1 1145 574 1515
1044 2 2 1 1 575 1143 1515
1045 2 2 1 1 1143 576 1517
1046 2 2 1 1 577 1141 1517
1047 2 2 1 1 579 1139 1519
1048 2 2 1 1 1141 578 1519
1049 2 2 1 1 581 1137 1520
1050 2 2 1 1 1139 580 1520
1051 2 2 1 1 583 1135 1521
1052 2 2 1 1 1137 582 1521
1053 2 2 1 1 1135 584 1522
1054 2 2 1 1 585 1133 1522
1055 2 2 1 1 1133 586 1524
1056 2 2 1 1 587 1131 1524
1057 2 2 1 1 1131 588 1526
1058 2 2 1 1 589 1129 1526
1059 2 2 1 1 1125 594 1529
1060 2 2 1 1 595 1123 1529
1061 2 2 1 1 1129 590 1530
1062 2 2 1 1 591 1127 1530
1063 2 2 1 1 593 1125 1531
1064 2 2 1 1 1127 592 1531
1065 2 2 1 1 1123 596 1532
1066 2 2 1 1 597 1121 1532
1067 2 2 1 1 641 1108 1534
1068 2 2 1 1 1106 640 1534
1069 2 2 1 1 629 1096 1536
1070 2 2 1 1 1094 628 1536
1071 2 2 1 1 1104 638 1538
1072 2 2 1 1 639 1106 1538
1073 2 2 1 1 1102 636 1539
1074 2 2 1 1 637 1104 1539
1075 2 2 1 1 625 1093 1540
1076 2 2 1 1 1095 624 1540
1077 2 2 1 1 627 1094 1541
1078 2 2 1 1 1093 626 1541
1079 2 2 1 1 599 1119 1542
1080 2 2 1 1 1121 598 1542
1081 2 2 1 1 643 1110 1543
1082 2 2 1 1 1108 642 1543
1083 2 2 1 1 1096 630 1544
1084 2 2 1 1 631 1098 1544
1085 2 2 1 1 1439 1440 1573
1086 2 2 1 1 1250 1251 1579
1087 2 2 1 1 1355 1356 1583
1088 2 2 1 1 687 1154 1552
1089 2 2 1 1 1152 686 1552
1090 2 2 1 1 1150 684 1555
1091 2 2 1 1 685 1152 1555
1092 2 2 1 1 683 1150 1557
1093 2 2 1 1 1148 682 1557
1094 2 2 1 1 681 1148 1559
1095 2 2 1 1 1146 680 1559
1096 2 2 1 1 1119 600 1561
1097 2 2 1 1 601 1117 1561
1098 2 2 1 1 679 1146 1562
1099 2 2 1 1 1144 678 1562
1100 2 2 1 1 1142 676 1564
1101 2 2 1 1 677 1144 1564
1102 2 2 1 1 645 1112 1566
1103 2 2 1 1 1110 644 1566
1104 2 2 1 1 675 1142 1568
1105 2 2 1 1 1140 674 1568
1106 2 2 1 1 1098 632 1570
1107 2 2 1 1 633 1100 1570
1108 2 2 1 1 1138 672 1571
1109 2 2 1 1 673 1140 1571
1110 2 2 1 1 671 1138 1575
1111 2 2 1 1 1136 670 1575
1112 2 2 1 1 669 1136 1577
1113 2 2 1 1 1134 668 1577
1114 2 2 1 1 667 1134 1580
1115 2 2 1 1 1132 666 1580
1116 2 2 1 1 1130 664 1582
1117 2 2 1 1 665 1132 1582
1118 2 2 1 1 1128 662 1584
1119 2 2 1 1 663 1130 1584
1120 2 2 1 1 661 1128 1588
1121 2 2 1 1 1126 660 1588
1122 2 2 1 1 1124 658 1591
1123 2 2 1 1 659 1126 1591
1124 2 2 1 1 657 1124 1595
1125 2 2 1 1 1122 656 1595
1126 2 2 1 1 655 1122 1600
1127 2 2 1 1 1120 654 1600
1128 2 2 1 1 1117 602 1602
1129 2 2 1 1 603 1115 1602
1130 2 2 1 1 653 1120 1603
1131 2 2 1 1 1118 652 1603
1132 2 2 1 1 647 1114 1604
1133 2 2 1 1 1112 646 1604
1134 2 2 1 1 611 1107 1605
1135 2 2 1 1 1109 610 1605
1136 2 2 1 1 613 1105 1606
1137 2 2 1 1 1107 612 1606
1138 2 2 1 1 1105 614 1607
1139 2 2 1 1 615 1103 1607
1140 2 2 1 1 1111 608 1608
1141 2 2 1 1 609 1109 1608
1142 2 2 1 1 1116 650 1609
1143 2 2 1 1 651 1118 1609
1144 2 2 1 1 617 1101 1610
1145 2 2 1 1 1103 616 1610
1146 2 2 1 1 619 1099 1611
1147 2 2 1 1 1101 618 1611
1148 2 2 1 1 1100 634 1612
1149 2 2 1 1 635 1102 1612
1150 2 2 1 1 1099 620 1613
1151 2 2 1 1 621 1097 1613
1152 2 2 1 1 623 1095 1614
1153 2 2 1 1 1097 622 1614
1154 2 2 1 1 1113 606 1615
1155 2 2 1 1 607 1111 1615
1156 2 2 1 1 1114 648 1616
1157 2 2 1 1 649 1116 1616
1158 2 2 1 1 605 1113 1617
1159 2 2 1 1 1115 604 1617
1160 2 2 1 1 1334 1335 1546
1161 2 2 1 1 1330 1331 1548
1162 2 2 1 1 1326 1327 1550
1163 2 2 1 1 1322 1323 1551
1164 2 2 1 1 1318 1319 1553
1165 2 2 1 1 1314 1315 1554
1166 2 2 1 1 1310 1311 1556
1167 2 2 1 1 1306 1307 1558
1168 2 2 1 1 1302 1303 1560
1169 2 2 1 1 1298 1299 1563
1170 2 2 1 1 1294 1295 1565
1171 2 2 1 1 1290 1291 1567
1172 2 2 1 1 1286 1287 1569
1173 2 2 1 1 1278 1279 1574
1174 2 2 1 1 1282 1283 1572
1175 2 2 1 1 1274 1275 1576
1176 2 2 1 1 1270 1271 1578
1177 2 2 1 1 1463 1464 1589
1178 2 2 1 1 1467 1468 1590
1179 2 2 1 1 1459 1460 1586
1180 2 2 1 1 1471 1472 1593
1181 2 2 1 1 1475 1476 1594
1182 2 2 1 1 1479 1480 1597
1183 2 2 1 1 1443 1444 1596
1184 2 2 1 1 1254 1255 1601
1185 2 2 1 1 1266 1267 1581
1186 2 2 1 1 1455 1456 1587
1187 2 2 1 1 1262 1263 1585
1188 2 2 1 1 1451 1452 1592
1189 2 2 1 1 1447 1448 1598
1190 2 2 1 1 1258 1259 1599
1191 2 2 1 1 1220 20 1618
1192 2 2 1 1 1154 1488 1622
1193 2 2 1 1 1220 1230 1623
1194 2 2 1 1 1489 1228 1493
1195 2 2 1 1 1157 1238 1493
1196 2 2 1 1 1078 150 1492
1197 2 2 1 1 14 9 1491
1198 2 2 1 1 1153 1495 1624
1199 2 2 1 1 1490 1619 1625
1200 2 2 1 1 1546 1154 1622
1201 2 2 1 1 146 145 1494
1202 2 2 1 1 1343 1359 1525
1203 2 2 1 1 1366 1483 1527
1204 2 2 1 1 1339 1342 1516
1205 2 2 1 1 1362 1365 1518
1206 2 2 1 1 1426 1429 1495
1207 2 2 1 1 1422 1425 1496
1208 2 2 1 1 1418 1421 1497
1209 2 2 1 1 1414 1417 1498
1210 2 2 1 1 1410 1413 1499
1211 2 2 1 1 1406 1409 1500
1212 2 2 1 1 1402 1405 1501
1213 2 2 1 1 1398 1401 1502
1214 2 2 1 1 1394 1397 1503
1215 2 2 1 1 1390 1393 1504
1216 2 2 1 1 1386 1389 1505
1217 2 2 1 1 1370 1373 1511
1218 2 2 1 1 1382 1385 1506
1219 2 2 1 1 1378 1381 1508
1220 2 2 1 1 1374 1377 1510
1221 2 2 1 1 1430 1369 1514
1222 2 2 1 1 1241 1338 1523
1223 2 2 1 1 1346 1361 1528
1224 2 2 1 1 566 567 1507
1225 2 2 1 1 1434 1431 1533
1226 2 2 1 1 568 569 1509
1227 2 2 1 1 570 571 1512
1228 2 2 1 1 1245 1242 1535
1229 2 2 1 1 572 573 1513
1230 2 2 1 1 1350 1347 1537
1231 2 2 1 1 574 575 1515
1232 2 2 1 1 576 577 1517
1233 2 2 1 1 578 579 1519
1234 2 2 1 1 580 581 1520
1235 2 2 1 1 582 583 1521
1236 2 2 1 1 584 585 1522
1237 2 2 1 1 586 587 1524
1238 2 2 1 1 588 589 1526
1239 2 2 1 1 594 595 1529
1240 2 2 1 1 590 591 1530
1241 2 2 1 1 592 593 1531
1242 2 2 1 1 596 597 1532
1243 2 2 1 1 640 641 1534
1244 2 2 1 1 628 629 1536
1245 2 2 1 1 638 639 1538
1246 2 2 1 1 636 637 1539
1247 2 2 1 1 624 625 1540
1248 2 2 1 1 1337 1334 1546
1249 2 2 1 1 626 627 1541
1250 2 2 1 1 1438 1435 1545
1251 2 2 1 1 1333 1330 1548
1252 2 2 1 1 1329 1326 1550
1253 2 2 1 1 1249 1246 1547
1254 2 2 1 1 1325 1322 1551
1255 2 2 1 1 1354 1351 1549
1256 2 2 1 1 1321 1318 1553
1257 2 2 1 1 598 599 1542
1258 2 2 1 1 1317 1314 1554
1259 2 2 1 1 1313 1310 1556
1260 2 2 1 1 1309 1306 1558
1261 2 2 1 1 642 643 1543
1262 2 2 1 1 1305 1302 1560
1263 2 2 1 1 630 631 1544
1264 2 2 1 1 1301 1298 1563
1265 2 2 1 1 1297 1294 1565
1266 2 2 1 1 1293 1290 1567
1267 2 2 1 1 1289 1286 1569
1268 2 2 1 1 1285 1282 1572
1269 2 2 1 1 1281 1278 1574
1270 2 2 1 1 1442 1439 1573
1271 2 2 1 1 1277 1274 1576
1272 2 2 1 1 1273 1270 1578
1273 2 2 1 1 1269 1266 1581
1274 2 2 1 1 1253 1250 1579
1275 2 2 1 1 1265 1262 1585
1276 2 2 1 1 1358 1355 1583
1277 2 2 1 1 1458 1455 1587
1278 2 2 1 1 1462 1459 1586
1279 2 2 1 1 1466 1463 1589
1280 2 2 1 1 1454 1451 1592
1281 2 2 1 1 1470 1467 1590
1282 2 2 1 1 1474 1471 1593
1283 2 2 1 1 1478 1475 1594
1284 2 2 1 1 1446 1443 1596
1285 2 2 1 1 1482 1479 1597
1286 2 2 1 1 1450 1447 1598
1287 2 2 1 1 1261 1258 1599
1288 2 2 1 1 1257 1254 1601
1289 2 2 1 1 686 687 1552
1290 2 2 1 1 684 685 1555
1291 2 2 1 1 682 683 1557
1292 2 2 1 1 680 681 1559
1293 2 2 1 1 600 601 1561
1294 2 2 1 1 678 679 1562
1295 2 2 1 1 676 677 1564
1296 2 2 1 1 644 645 1566
1297 2 2 1 1 674 675 1568
1298 2 2 1 1 632 633 1570
1299 2 2 1 1 672 673 1571
1300 2 2 1 1 670 671 1575
1301 2 2 1 1 668 669 1577
1302 2 2 1 1 666 667 1580
1303 2 2 1 1 664 665 1582
1304 2 2 1 1 662 663 1584
1305 2 2 1 1 660 661 1588
1306 2 2 1 1 658 659 1591
1307 2 2 1 1 656 657 1595
1308 2 2 1 1 654 655 1600
1309 2 2 1 1 602 603 1602
1310 2 2 1 1 652 653 1603
1311 2 2 1 1 646 647 1604
1312 2 2 1 1 610 611 1605
1313 2 2 1 1 612 613 1606
1314 2 2 1 1 614 615 1607
1315 2 2 1 1 608 609 1608
1316 2 2 1 1 650 651 1609
1317 2 2 1 1 616 617 1610
1318 2 2 1 1 618 619 1611
1319 2 2 1 1 634 635 1612
1320 2 2 1 1 620 621 1613
1321 2 2 1 1 622 623 1614
1322 2 2 1 1 606 607 1615
1323 2 2 1 1 648 649 1616
1324 2 2 1 1 604 605 1617
1325 2 2 1 1 20 19 1618
1326 2 2 1 1 1618 19 1620
1327 2 2 1 1 1235 1233 1619
1328 2 2 1 1 19 18 1620
1329 2 2 1 1 1158 1490 1625
1330 2 2 1 1 1233 1232 1625
1331 2 2 1 1 1221 1337 1621
1332 2 2 1 1 1621 1337 1622
1333 2 2 1 1 1619 1233 1625
1334 2 2 1 1 1488 1234 1622
1335 2 2 1 1 1230 1227 1623
1336 2 2 1 1 1234 1235 1621
1337 2 2 1 1 1234 1621 1622
1338 2 2 1 1 1429 1220 1623
1339 2 2 1 1 1227 1487 1624
1340 2 2 1 1 1493 1228 1626
1341 2 2 1 1 1429 1623 1624
1342 2 2 1 1 1623 1227 1624
1343 2 2 1 1 1490 1222 1619
1344 2 2 1 1 1157 1493 1626
1345 2 2 1 1 1337 1546 1622
1346 2 2 1 1 1495 1429 1624
1347 2 2 1 1 1080 1769 1079
1348 2 2 1 1 1084 1759 1085
1349 2 2 1 1 1762 2157 1763
1350 2 2 1 1 1689 2157 1762
1351 2 2 1 1 1084 2026 1759
1352 2 2 1 1 1769 2025 1079
1353 2 2 1 1 1692 1764 1087
1354 2 2 1 1 692 1762 691
1355 2 2 1 1 1757 1769 1080
1356 2 2 1 1 1692 2159 1764
1357 2 2 1 1 1759 1776 1085
1358 2 2 1 1 1081 1760 1757
1359 2 2 1 1 3 1078 151
1360 2 2 1 1 4 287 1083
1361 2 2 1 1 1758 1760 1082
1362 2 2 1 1 1689 1762 692
1363 2 2 1 1 1087 1764 7
1364 2 2 1 1 1082 1760 1081
1365 2 2 1 1 6 1758 1082
1366 2 2 1 1 1760 2027 1757
1367 2 2 1 1 691 1762 1758
1368 2 2 1 1 153 1770 154
1369 2 2 1 1 1759 2026 286
1370 2 2 1 1 1780 2029 1755
1371 2 2 1 1 152 2025 1769
1372 2 2 1 1 154 1770 1691
1373 2 2 1 1 1755 2029 1767
1374 2 2 1 1 1755 2031 1780
1375 2 2 1 1 1767 2028 1755
1376 2 2 1 1 1757 2027 1770
1377 2 2 1 1 1768 2024 1776
1378 2 2 1 1 1687 2032 1775
1379 2 2 1 1 1775 2066 1687
1380 2 2 1 1 1768 1776 1759
1381 2 2 1 1 1769 1770 153
1382 2 2 1 1 2017 2033 1684
1383 2 2 1 1 1684 2044 2017
1384 2 2 1 1 2013 2034 1682
1385 2 2 1 1 1682 2048 2013
1386 2 2 1 1 1681 2087 1931
1387 2 2 1 1 2009 2035 1680
1388 2 2 1 1 1680 2050 2009
1389 2 2 1 1 1931 2091 1681
1390 2 2 1 1 1679 2088 1927
1391 2 2 1 1 2005 2036 1678
1392 2 2 1 1 1678 2053 2005
1393 2 2 1 1 1927 2093 1679
1394 2 2 1 1 1677 2089 1923
1395 2 2 1 1 2001 2037 1676
1396 2 2 1 1 1676 2059 2001
1397 2 2 1 1 1923 2095 1677
1398 2 2 1 1 2021 2046 1783
1399 2 2 1 1 1675 2090 1919
1400 2 2 1 1 1997 2038 1674
1401 2 2 1 1 1674 2061 1997
1402 2 2 1 1 1919 2099 1675
1403 2 2 1 1 1673 2092 1915
1404 2 2 1 1 1993 2039 1672
1405 2 2 1 1 1672 2062 1993
1406 2 2 1 1 1915 2101 1673
1407 2 2 1 1 1671 2094 1911
1408 2 2 1 1 1989 2040 1670
1409 2 2 1 1 1670 2065 1989
1410 2 2 1 1 1911 2103 1671
1411 2 2 1 1 1784 2063 1685
1412 2 2 1 1 1669 2097 1907
1413 2 2 1 1 1985 2041 1668
1414 2 2 1 1 1668 2067 1985
1415 2 2 1 1 1907 2106 1669
1416 2 2 1 1 1667 2098 1903
1417 2 2 1 1 1981 2042 1666
1418 2 2 1 1 1666 2068 1981
1419 2 2 1 1 1903 2108 1667
1420 2 2 1 1 1665 2100 1899
1421 2 2 1 1 1977 2043 1664
1422 2 2 1 1 1664 2069 1977
1423 2 2 1 1 1899 2112 1665
1424 2 2 1 1 1663 2102 1895
1425 2 2 1 1 1973 2045 1662
1426 2 2 1 1 1662 2070 1973
1427 2 2 1 1 1895 2114 1663
1428 2 2 1 1 1661 2104 1891
1429 2 2 1 1 1969 2047 1660
1430 2 2 1 1 1660 2071 1969
1431 2 2 1 1 1891 2117 1661
1432 2 2 1 1 1659 2105 1887
1433 2 2 1 1 1965 2049 1658
1434 2 2 1 1 1658 2072 1965
1435 2 2 1 1 1887 2120 1659
1436 2 2 1 1 1657 2107 1883
1437 2 2 1 1 1961 2051 1656
1438 2 2 1 1 1656 2073 1961
1439 2 2 1 1 1883 2125 1657
1440 2 2 1 1 1655 2110 1879
1441 2 2 1 1 1957 2052 1654
1442 2 2 1 1 1654 2075 1957
1443 2 2 1 1 1879 2130 1655
1444 2 2 1 1 1653 2111 1875
1445 2 2 1 1 1953 2054 1652
1446 2 2 1 1 1652 2076 1953
1447 2 2 1 1 1875 2131 1653
1448 2 2 1 1 1651 2113 1871
1449 2 2 1 1 1949 2056 1650
1450 2 2 1 1 1650 2078 1949
1451 2 2 1 1 1871 2133 1651
1452 2 2 1 1 1649 2115 1867
1453 2 2 1 1 1945 2058 1648
1454 2 2 1 1 1648 2079 1945
1455 2 2 1 1 1867 2134 1649
1456 2 2 1 1 1647 2116 1863
1457 2 2 1 1 1941 2057 1646
1458 2 2 1 1 1646 2081 1941
1459 2 2 1 1 1863 2135 1647
1460 2 2 1 1 1645 2118 1859
1461 2 2 1 1 1937 2055 1644
1462 2 2 1 1 1644 2077 1937
1463 2 2 1 1 1859 2137 1645
1464 2 2 1 1 1643 2119 1855
1465 2 2 1 1 1792 2060 1642
1466 2 2 1 1 1642 2083 1792
1467 2 2 1 1 1855 2139 1643
1468 2 2 1 1 1641 2121 1851
1469 2 2 1 1 1788 2064 1640
1470 2 2 1 1 1851 2140 1641
1471 2 2 1 1 1640 2082 1788
1472 2 2 1 1 1639 2122 1847
1473 2 2 1 1 1776 2024 1692
1474 2 2 1 1 1795 2074 1638
1475 2 2 1 1 1638 2080 1795
1476 2 2 1 1 1847 2141 1639
1477 2 2 1 1 1637 2123 1843
1478 2 2 1 1 1799 2085 1636
1479 2 2 1 1 1636 2084 1799
1480 2 2 1 1 1843 2143 1637
1481 2 2 1 1 1635 2126 1839
1482 2 2 1 1 1634 2096 1803
1483 2 2 1 1 1803 2109 1634
1484 2 2 1 1 1758 1761 1760
1485 2 2 1 1 1839 2144 1635
1486 2 2 1 1 1633 2127 1835
1487 2 2 1 1 1835 2145 1633
1488 2 2 1 1 1632 2142 1807
1489 2 2 1 1 1807 2136 1632
1490 2 2 1 1 1631 2124 1831
1491 2 2 1 1 1831 2146 1631
1492 2 2 1 1 1630 2151 1811
1493 2 2 1 1 1811 2138 1630
1494 2 2 1 1 1629 2128 1827
1495 2 2 1 1 1827 2147 1629
1496 2 2 1 1 1628 2150 1815
1497 2 2 1 1 1627 2129 1823
1498 2 2 1 1 1815 2132 1628
1499 2 2 1 1 1823 2148 1627
1500 2 2 1 1 1627 2149 1819
1501 2 2 1 1 1819 2129 1627
1502 2 2 1 1 1628 2132 1819
1503 2 2 1 1 1819 2149 1628
1504 2 2 1 1 1629 2148 1823
1505 2 2 1 1 1823 2128 1629
1506 2 2 1 1 1630 2138 1815
1507 2 2 1 1 1815 2150 1630
1508 2 2 1 1 1631 2147 1827
1509 2 2 1 1 1827 2124 1631
1510 2 2 1 1 1632 2136 1811
1511 2 2 1 1 1811 2151 1632
1512 2 2 1 1 1633 2146 1831
1513 2 2 1 1 1831 2127 1633
1514 2 2 1 1 1634 2109 1807
1515 2 2 1 1 1807 2142 1634
1516 2 2 1 1 1635 2145 1835
1517 2 2 1 1 1835 2126 1635
1518 2 2 1 1 1636 2085 1803
1519 2 2 1 1 1803 2096 1636
1520 2 2 1 1 1637 2144 1839
1521 2 2 1 1 1839 2123 1637
1522 2 2 1 1 1638 2074 1799
1523 2 2 1 1 1799 2084 1638
1524 2 2 1 1 1639 2143 1843
1525 2 2 1 1 1640 2064 1795
1526 2 2 1 1 1843 2122 1639
1527 2 2 1 1 1795 2080 1640
1528 2 2 1 1 1783 2153 2021
1529 2 2 1 1 1642 2060 1788
1530 2 2 1 1 1641 2141 1847
1531 2 2 1 1 1788 2082 1642
1532 2 2 1 1 1847 2121 1641
1533 2 2 1 1 1644 2055 1792
1534 2 2 1 1 1643 2140 1851
1535 2 2 1 1 1851 2119 1643
1536 2 2 1 1 1792 2083 1644
1537 2 2 1 1 1646 2057 1937
1538 2 2 1 1 1645 2139 1855
1539 2 2 1 1 1937 2077 1646
1540 2 2 1 1 1855 2118 1645
1541 2 2 1 1 1648 2058 1941
1542 2 2 1 1 1647 2137 1859
1543 2 2 1 1 1859 2116 1647
1544 2 2 1 1 1756 2028 1767
1545 2 2 1 1 1941 2081 1648
1546 2 2 1 1 1650 2056 1945
1547 2 2 1 1 1649 2135 1863
1548 2 2 1 1 1863 2115 1649
1549 2 2 1 1 1945 2079 1650
1550 2 2 1 1 1652 2054 1949
1551 2 2 1 1 1651 2134 1867
1552 2 2 1 1 1867 2113 1651
1553 2 2 1 1 1949 2078 1652
1554 2 2 1 1 1654 2052 1953
1555 2 2 1 1 1653 2133 1871
1556 2 2 1 1 1871 2111 1653
1557 2 2 1 1 1953 2076 1654
1558 2 2 1 1 1763 2160 1771
1559 2 2 1 1 1656 2051 1957
1560 2 2 1 1 1655 2131 1875
1561 2 2 1 1 1875 2110 1655
1562 2 2 1 1 1957 2075 1656
1563 2 2 1 1 1658 2049 1961
1564 2 2 1 1 1657 2130 1879
1565 2 2 1 1 1879 2107 1657
1566 2 2 1 1 1961 2073 1658
1567 2 2 1 1 285 1768 1759
1568 2 2 1 1 1766 1778 1777
1569 2 2 1 1 1660 2047 1965
1570 2 2 1 1 1659 2125 1883
1571 2 2 1 1 1883 2105 1659
1572 2 2 1 1 1965 2072 1660
1573 2 2 1 1 1784 2032 1687
1574 2 2 1 1 1662 2045 1969
1575 2 2 1 1 1661 2120 1887
1576 2 2 1 1 1887 2104 1661
1577 2 2 1 1 1969 2071 1662
1578 2 2 1 1 1664 2043 1973
1579 2 2 1 1 1663 2117 1891
1580 2 2 1 1 1891 2102 1663
1581 2 2 1 1 1973 2070 1664
1582 2 2 1 1 1666 2042 1977
1583 2 2 1 1 1665 2114 1895
1584 2 2 1 1 1895 2100 1665
1585 2 2 1 1 1977 2069 1666
1586 2 2 1 1 1668 2041 1981
1587 2 2 1 1 1667 2112 1899
1588 2 2 1 1 1899 2098 1667
1589 2 2 1 1 1981 2068 1668
1590 2 2 1 1 1670 2040 1985
1591 2 2 1 1 1669 2108 1903
1592 2 2 1 1 1903 2097 1669
1593 2 2 1 1 818 1777 817
1594 2 2 1 1 1985 2067 1670
1595 2 2 1 1 1687 2063 1784
1596 2 2 1 1 1672 2039 1989
1597 2 2 1 1 1671 2106 1907
1598 2 2 1 1 1907 2094 1671
1599 2 2 1 1 1989 2065 1672
1600 2 2 1 1 7 1764 819
1601 2 2 1 1 1674 2038 1993
1602 2 2 1 1 1673 2103 1911
1603 2 2 1 1 1911 2092 1673
1604 2 2 1 1 1993 2062 1674
1605 2 2 1 1 1676 2037 1997
1606 2 2 1 1 1675 2101 1915
1607 2 2 1 1 1915 2090 1675
1608 2 2 1 1 1997 2061 1676
1609 2 2 1 1 1085 1776 1086
1610 2 2 1 1 1678 2036 2001
1611 2 2 1 1 1677 2099 1919
1612 2 2 1 1 1919 2089 1677
1613 2 2 1 1 2001 2059 1678
1614 2 2 1 1 1680 2035 2005
1615 2 2 1 1 1679 2095 1923
1616 2 2 1 1 1923 2088 1679
1617 2 2 1 1 2005 2053 1680
1618 2 2 1 1 1682 2034 2009
1619 2 2 1 1 1681 2093 1927
1620 2 2 1 1 1927 2087 1681
1621 2 2 1 1 2009 2050 1682
1622 2 2 1 1 1684 2033 2013
1623 2 2 1 1 1933 2046 2021
1624 2 2 1 1 1683 2091 1931
1625 2 2 1 1 1931 2086 1683
1626 2 2 1 1 2013 2048 1684
1627 2 2 1 1 2017 2044 1686
1628 2 2 1 1 1757 1770 1769
1629 2 2 1 1 691 1758 6
1630 2 2 1 1 1689 2066 1775
1631 2 2 1 1 817 1777 1688
1632 2 2 1 1 1685 2153 1784
1633 2 2 1 1 285 1759 286
1634 2 2 1 1 1086 1776 1692
1635 2 2 1 1 1756 1768 284
1636 2 2 1 1 1690 1777 818
1637 2 2 1 1 151 2025 152
1638 2 2 1 1 286 2026 287
1639 2 2 1 1 157 1772 1754
1640 2 2 1 1 1764 1765 1690
1641 2 2 1 1 152 1769 153
1642 2 2 1 1 154 1691 155
1643 2 2 1 1 283 1756 284
1644 2 2 1 1 284 1768 285
1645 2 2 1 1 1772 1773 1754
1646 2 2 1 1 1691 1771 155
1647 2 2 1 1 819 1764 1690
1648 2 2 1 1 156 1772 157
1649 2 2 1 1 1774 1782 1781
1650 2 2 1 1 158 1781 159
1651 2 2 1 1 1771 1772 156
1652 2 2 1 1 159 1781 1752
1653 2 2 1 1 1777 1778 1688
1654 2 2 1 1 1754 1781 158
1655 2 2 1 1 1752 2022 160
1656 2 2 1 1 1773 1774 1754
1657 2 2 1 1 155 1771 156
1658 2 2 1 1 1697 1810 1809
1659 2 2 1 1 1695 1814 1813
1660 2 2 1 1 1693 1818 1817
1661 2 2 1 1 1694 1822 1821
1662 2 2 1 1 1704 1842 1841
1663 2 2 1 1 1706 1846 1845
1664 2 2 1 1 1708 1850 1849
1665 2 2 1 1 1710 1854 1853
1666 2 2 1 1 1720 1874 1873
1667 2 2 1 1 1722 1878 1877
1668 2 2 1 1 1724 1882 1881
1669 2 2 1 1 1726 1886 1885
1670 2 2 1 1 1736 1906 1905
1671 2 2 1 1 1744 1922 1921
1672 2 2 1 1 1738 1910 1909
1673 2 2 1 1 1742 1918 1917
1674 2 2 1 1 1746 1926 1925
1675 2 2 1 1 1740 1914 1913
1676 2 2 1 1 1748 1930 1929
1677 2 2 1 1 1734 1902 1901
1678 2 2 1 1 1732 1898 1897
1679 2 2 1 1 1730 1894 1893
1680 2 2 1 1 1728 1890 1889
1681 2 2 1 1 1718 1870 1869
1682 2 2 1 1 1716 1866 1865
1683 2 2 1 1 1714 1862 1861
1684 2 2 1 1 1712 1858 1857
1685 2 2 1 1 1702 1838 1837
1686 2 2 1 1 1700 1834 1833
1687 2 2 1 1 1698 1830 1829
1688 2 2 1 1 1696 1826 1825
1689 2 2 1 1 1699 1806 1805
1690 2 2 1 1 1758 1762 1761
1691 2 2 1 1 1697 1809 1808
1692 2 2 1 1 1695 1813 1812
1693 2 2 1 1 222 1812 223
1694 2 2 1 1 224 1808 225
1695 2 2 1 1 1693 1817 1816
1696 2 2 1 1 220 1816 221
1697 2 2 1 1 1699 1805 1804
1698 2 2 1 1 1704 1841 1840
1699 2 2 1 1 1706 1845 1844
1700 2 2 1 1 1708 1849 1848
1701 2 2 1 1 1720 1873 1872
1702 2 2 1 1 1722 1877 1876
1703 2 2 1 1 1702 1837 1836
1704 2 2 1 1 1724 1881 1880
1705 2 2 1 1 1710 1853 1852
1706 2 2 1 1 1726 1885 1884
1707 2 2 1 1 1736 1905 1904
1708 2 2 1 1 1744 1921 1920
1709 2 2 1 1 1742 1917 1916
1710 2 2 1 1 1738 1909 1908
1711 2 2 1 1 1740 1913 1912
1712 2 2 1 1 1746 1925 1924
1713 2 2 1 1 1748 1929 1928
1714 2 2 1 1 1734 1901 1900
1715 2 2 1 1 1750 1933 1932
1716 2 2 1 1 1718 1869 1868
1717 2 2 1 1 1732 1897 1896
1718 2 2 1 1 1730 1893 1892
1719 2 2 1 1 1728 1889 1888
1720 2 2 1 1 1716 1865 1864
1721 2 2 1 1 1714 1861 1860
1722 2 2 1 1 1712 1857 1856
1723 2 2 1 1 1694 1821 1820
1724 2 2 1 1 1700 1833 1832
1725 2 2 1 1 1698 1829 1828
1726 2 2 1 1 1696 1825 1824
1727 2 2 1 1 218 1820 219
1728 2 2 1 1 206 1844 207
1729 2 2 1 1 208 1840 209
1730 2 2 1 1 204 1848 205
1731 2 2 1 1 202 1852 203
1732 2 2 1 1 190 1876 191
1733 2 2 1 1 192 1872 193
1734 2 2 1 1 188 1880 189
1735 2 2 1 1 186 1884 187
1736 2 2 1 1 174 1908 175
1737 2 2 1 1 176 1904 177
1738 2 2 1 1 168 1920 169
1739 2 2 1 1 170 1916 171
1740 2 2 1 1 172 1912 173
1741 2 2 1 1 166 1924 167
1742 2 2 1 1 164 1928 165
1743 2 2 1 1 162 1932 163
1744 2 2 1 1 178 1900 179
1745 2 2 1 1 180 1896 181
1746 2 2 1 1 184 1888 185
1747 2 2 1 1 182 1892 183
1748 2 2 1 1 194 1868 195
1749 2 2 1 1 196 1864 197
1750 2 2 1 1 200 1856 201
1751 2 2 1 1 198 1860 199
1752 2 2 1 1 210 1836 211
1753 2 2 1 1 212 1832 213
1754 2 2 1 1 216 1824 217
1755 2 2 1 1 214 1828 215
1756 2 2 1 1 1701 1802 1801
1757 2 2 1 1 226 1804 227
1758 2 2 1 1 1701 1801 1800
1759 2 2 1 1 1697 1808 224
1760 2 2 1 1 1695 1812 222
1761 2 2 1 1 1693 1816 220
1762 2 2 1 1 1694 1820 218
1763 2 2 1 1 1704 1840 208
1764 2 2 1 1 1778 1779 1688
1765 2 2 1 1 1706 1844 206
1766 2 2 1 1 1708 1848 204
1767 2 2 1 1 1710 1852 202
1768 2 2 1 1 1720 1872 192
1769 2 2 1 1 1722 1876 190
1770 2 2 1 1 1724 1880 188
1771 2 2 1 1 1726 1884 186
1772 2 2 1 1 1738 1908 174
1773 2 2 1 1 1740 1912 172
1774 2 2 1 1 1742 1916 170
1775 2 2 1 1 1744 1920 168
1776 2 2 1 1 1736 1904 176
1777 2 2 1 1 1746 1924 166
1778 2 2 1 1 1748 1928 164
1779 2 2 1 1 1750 1932 162
1780 2 2 1 1 1734 1900 178
1781 2 2 1 1 1732 1896 180
1782 2 2 1 1 1730 1892 182
1783 2 2 1 1 1728 1888 184
1784 2 2 1 1 1718 1868 194
1785 2 2 1 1 1716 1864 196
1786 2 2 1 1 1714 1860 198
1787 2 2 1 1 1712 1856 200
1788 2 2 1 1 1702 1836 210
1789 2 2 1 1 1700 1832 212
1790 2 2 1 1 1698 1828 214
1791 2 2 1 1 1696 1824 216
1792 2 2 1 1 1699 1804 226
1793 2 2 1 1 228 1800 229
1794 2 2 1 1 1701 1800 228
1795 2 2 1 1 223 1812 1697
1796 2 2 1 1 225 1808 1699
1797 2 2 1 1 221 1816 1695
1798 2 2 1 1 219 1820 1693
1799 2 2 1 1 207 1844 1704
1800 2 2 1 1 209 1840 1702
1801 2 2 1 1 205 1848 1706
1802 2 2 1 1 203 1852 1708
1803 2 2 1 1 191 1876 1720
1804 2 2 1 1 193 1872 1718
1805 2 2 1 1 189 1880 1722
1806 2 2 1 1 187 1884 1724
1807 2 2 1 1 175 1908 1736
1808 2 2 1 1 177 1904 1734
1809 2 2 1 1 169 1920 1742
1810 2 2 1 1 171 1916 1740
1811 2 2 1 1 167 1924 1744
1812 2 2 1 1 173 1912 1738
1813 2 2 1 1 165 1928 1746
1814 2 2 1 1 163 1932 1748
1815 2 2 1 1 179 1900 1732
1816 2 2 1 1 181 1896 1730
1817 2 2 1 1 185 1888 1726
1818 2 2 1 1 183 1892 1728
1819 2 2 1 1 195 1868 1716
1820 2 2 1 1 197 1864 1714
1821 2 2 1 1 201 1856 1710
1822 2 2 1 1 199 1860 1712
1823 2 2 1 1 211 1836 1700
1824 2 2 1 1 213 1832 1698
1825 2 2 1 1 217 1824 1694
1826 2 2 1 1 215 1828 1696
1827 2 2 1 1 1810 1811 1809
1828 2 2 1 1 1814 1815 1813
1829 2 2 1 1 1818 1819 1817
1830 2 2 1 1 227 1804 1701
1831 2 2 1 1 1822 1823 1821
1832 2 2 1 1 1842 1843 1841
1833 2 2 1 1 1846 1847 1845
1834 2 2 1 1 1850 1851 1849
1835 2 2 1 1 1854 1855 1853
1836 2 2 1 1 1874 1875 1873
1837 2 2 1 1 1878 1879 1877
1838 2 2 1 1 1882 1883 1881
1839 2 2 1 1 1886 1887 1885
1840 2 2 1 1 1906 1907 1905
1841 2 2 1 1 1910 1911 1909
1842 2 2 1 1 1922 1923 1921
1843 2 2 1 1 1914 1915 1913
1844 2 2 1 1 1918 1919 1917
1845 2 2 1 1 1926 1927 1925
1846 2 2 1 1 1930 1931 1929
1847 2 2 1 1 1902 1903 1901
1848 2 2 1 1 1898 1899 1897
1849 2 2 1 1 1894 1895 1893
1850 2 2 1 1 1890 1891 1889
1851 2 2 1 1 1870 1871 1869
1852 2 2 1 1 1866 1867 1865
1853 2 2 1 1 1862 1863 1861
1854 2 2 1 1 1858 1859 1857
1855 2 2 1 1 1838 1839 1837
1856 2 2 1 1 1834 1835 1833
1857 2 2 1 1 1830 1831 1829
1858 2 2 1 1 1826 1827 1825
1859 2 2 1 1 1806 1807 1805
1860 2 2 1 1 1703 1797 1796
1861 2 2 1 1 235 1789 1709
1862 2 2 1 1 1787 1790 1789
1863 2 2 1 1 1791 1935 1934
1864 2 2 1 1 1703 1796 230
1865 2 2 1 1 239 1938 1713
1866 2 2 1 1 261 1982 1735
1867 2 2 1 1 249 1958 1723
1868 2 2 1 1 257 1974 1731
1869 2 2 1 1 253 1966 1727
1870 2 2 1 1 245 1950 1719
1871 2 2 1 1 265 1990 1739
1872 2 2 1 1 273 2006 1747
1873 2 2 1 1 269 1998 1743
1874 2 2 1 1 277 2014 1751
1875 2 2 1 1 243 1946 1717
1876 2 2 1 1 275 2010 1749
1877 2 2 1 1 271 2002 1745
1878 2 2 1 1 279 2018 1753
1879 2 2 1 1 267 1994 1741
1880 2 2 1 1 247 1954 1721
1881 2 2 1 1 259 1978 1733
1882 2 2 1 1 263 1986 1737
1883 2 2 1 1 255 1970 1729
1884 2 2 1 1 251 1962 1725
1885 2 2 1 1 241 1942 1715
1886 2 2 1 1 1703 1798 1797
1887 2 2 1 1 1781 1782 1752
1888 2 2 1 1 1802 1803 1801
1889 2 2 1 1 1938 1939 1713
1890 2 2 1 1 1789 1790 1709
1891 2 2 1 1 1946 1947 1717
1892 2 2 1 1 1982 1983 1735
1893 2 2 1 1 1954 1955 1721
1894 2 2 1 1 2010 2011 1749
1895 2 2 1 1 2006 2007 1747
1896 2 2 1 1 1974 1975 1731
1897 2 2 1 1 1978 1979 1733
1898 2 2 1 1 1998 1999 1743
1899 2 2 1 1 2002 2003 1745
1900 2 2 1 1 1990 1991 1739
1901 2 2 1 1 1958 1959 1723
1902 2 2 1 1 1966 1967 1727
1903 2 2 1 1 2014 2015 1751
1904 2 2 1 1 1970 1971 1729
1905 2 2 1 1 1994 1995 1741
1906 2 2 1 1 1962 1963 1725
1907 2 2 1 1 2018 2019 1753
1908 2 2 1 1 1986 1987 1737
1909 2 2 1 1 1950 1951 1719
1910 2 2 1 1 1942 1943 1715
1911 2 2 1 1 1936 1939 1938
1912 2 2 1 1 1956 1959 1958
1913 2 2 1 1 1964 1967 1966
1914 2 2 1 1 1980 1983 1982
1915 2 2 1 1 1972 1975 1974
1916 2 2 1 1 1948 1951 1950
1917 2 2 1 1 1988 1991 1990
1918 2 2 1 1 1996 1999 1998
1919 2 2 1 1 2004 2007 2006
1920 2 2 1 1 2012 2015 2014
1921 2 2 1 1 1944 1947 1946
1922 2 2 1 1 2008 2011 2010
1923 2 2 1 1 2000 2003 2002
1924 2 2 1 1 2016 2019 2018
1925 2 2 1 1 1992 1995 1994
1926 2 2 1 1 1984 1987 1986
1927 2 2 1 1 1976 1979 1978
1928 2 2 1 1 1952 1955 1954
1929 2 2 1 1 1968 1971 1970
1930 2 2 1 1 1960 1963 1962
1931 2 2 1 1 1940 1943 1942
1932 2 2 1 1 1773 1775 1774
1933 2 2 1 1 1697 1812 1810
1934 2 2 1 1 1695 1816 1814
1935 2 2 1 1 1693 1820 1818
1936 2 2 1 1 1694 1824 1822
1937 2 2 1 1 1704 1844 1842
1938 2 2 1 1 1706 1848 1846
1939 2 2 1 1 1708 1852 1850
1940 2 2 1 1 1710 1856 1854
1941 2 2 1 1 1720 1876 1874
1942 2 2 1 1 1722 1880 1878
1943 2 2 1 1 1724 1884 1882
1944 2 2 1 1 1726 1888 1886
1945 2 2 1 1 1736 1908 1906
1946 2 2 1 1 1744 1924 1922
1947 2 2 1 1 1742 1920 1918
1948 2 2 1 1 1746 1928 1926
1949 2 2 1 1 1738 1912 1910
1950 2 2 1 1 1740 1916 1914
1951 2 2 1 1 1748 1932 1930
1952 2 2 1 1 1734 1904 1902
1953 2 2 1 1 1732 1900 1898
1954 2 2 1 1 1730 1896 1894
1955 2 2 1 1 1728 1892 1890
1956 2 2 1 1 1718 1872 1870
1957 2 2 1 1 1716 1868 1866
1958 2 2 1 1 1714 1864 1862
1959 2 2 1 1 1712 1860 1858
1960 2 2 1 1 1702 1840 1838
1961 2 2 1 1 1700 1836 1834
1962 2 2 1 1 1698 1832 1830
1963 2 2 1 1 1696 1828 1826
1964 2 2 1 1 1699 1808 1806
1965 2 2 1 1 229 1800 1703
1966 2 2 1 1 234 1789 235
1967 2 2 1 1 1791 1934 1709
1968 2 2 1 1 1785 1793 1786
1969 2 2 1 1 1785 1786 1707
1970 2 2 1 1 1783 2022 1752
1971 2 2 1 1 1798 1799 1797
1972 2 2 1 1 1701 1804 1802
1973 2 2 1 1 230 1796 231
1974 2 2 1 1 238 1938 239
1975 2 2 1 1 248 1958 249
1976 2 2 1 1 252 1966 253
1977 2 2 1 1 244 1950 245
1978 2 2 1 1 260 1982 261
1979 2 2 1 1 256 1974 257
1980 2 2 1 1 264 1990 265
1981 2 2 1 1 268 1998 269
1982 2 2 1 1 272 2006 273
1983 2 2 1 1 276 2014 277
1984 2 2 1 1 242 1946 243
1985 2 2 1 1 274 2010 275
1986 2 2 1 1 278 2018 279
1987 2 2 1 1 270 2002 271
1988 2 2 1 1 266 1994 267
1989 2 2 1 1 262 1986 263
1990 2 2 1 1 258 1978 259
1991 2 2 1 1 246 1954 247
1992 2 2 1 1 254 1970 255
1993 2 2 1 1 250 1962 251
1994 2 2 1 1 240 1942 241
1995 2 2 1 1 233 1785 1707
1996 2 2 1 1 1709 1934 236
1997 2 2 1 1 1782 1783 1752
1998 2 2 1 1 1939 1940 1713
1999 2 2 1 1 1782 1784 1783
2000 2 2 1 1 1939 1941 1940
2001 2 2 1 1 1790 1791 1709
2002 2 2 1 1 1790 1792 1791
2003 2 2 1 1 1947 1949 1948
2004 2 2 1 1 1955 1957 1956
2005 2 2 1 1 2003 2005 2004
2006 2 2 1 1 2011 2013 2012
2007 2 2 1 1 1975 1977 1976
2008 2 2 1 1 1983 1985 1984
2009 2 2 1 1 1979 1981 1980
2010 2 2 1 1 1999 2001 2000
2011 2 2 1 1 1971 1973 1972
2012 2 2 1 1 1951 1953 1952
2013 2 2 1 1 2007 2009 2008
2014 2 2 1 1 1987 1989 1988
2015 2 2 1 1 1995 1997 1996
2016 2 2 1 1 1963 1965 1964
2017 2 2 1 1 1959 1961 1960
2018 2 2 1 1 1991 1993 1992
2019 2 2 1 1 1967 1969 1968
2020 2 2 1 1 2015 2017 2016
2021 2 2 1 1 1943 1945 1944
2022 2 2 1 1 1947 1948 1717
2023 2 2 1 1 1955 1956 1721
2024 2 2 1 1 2011 2012 1749
2025 2 2 1 1 1983 1984 1735
2026 2 2 1 1 2003 2004 1745
2027 2 2 1 1 1975 1976 1731
2028 2 2 1 1 1999 2000 1743
2029 2 2 1 1 1971 1972 1729
2030 2 2 1 1 1979 1980 1733
2031 2 2 1 1 1987 1988 1737
2032 2 2 1 1 2007 2008 1747
2033 2 2 1 1 1995 1996 1741
2034 2 2 1 1 1959 1960 1723
2035 2 2 1 1 2015 2016 1751
2036 2 2 1 1 1963 1964 1725
2037 2 2 1 1 1991 1992 1739
2038 2 2 1 1 1967 1968 1727
2039 2 2 1 1 1951 1952 1719
2040 2 2 1 1 1943 1944 1715
2041 2 2 1 1 1786 1788 1787
2042 2 2 1 1 1794 1795 1793
2043 2 2 1 1 1935 1937 1936
2044 2 2 1 1 1705 1793 1785
2045 2 2 1 1 1934 1935 1711
2046 2 2 1 1 1786 1787 1707
2047 2 2 1 1 1812 1813 1810
2048 2 2 1 1 1816 1817 1814
2049 2 2 1 1 1820 1821 1818
2050 2 2 1 1 1824 1825 1822
2051 2 2 1 1 1844 1845 1842
2052 2 2 1 1 1848 1849 1846
2053 2 2 1 1 1852 1853 1850
2054 2 2 1 1 1856 1857 1854
2055 2 2 1 1 1876 1877 1874
2056 2 2 1 1 1880 1881 1878
2057 2 2 1 1 1884 1885 1882
2058 2 2 1 1 1888 1889 1886
2059 2 2 1 1 1908 1909 1906
2060 2 2 1 1 1924 1925 1922
2061 2 2 1 1 1928 1929 1926
2062 2 2 1 1 1916 1917 1914
2063 2 2 1 1 1920 1921 1918
2064 2 2 1 1 1912 1913 1910
2065 2 2 1 1 1904 1905 1902
2066 2 2 1 1 1932 1933 1930
2067 2 2 1 1 1900 1901 1898
2068 2 2 1 1 1896 1897 1894
2069 2 2 1 1 1892 1893 1890
2070 2 2 1 1 1872 1873 1870
2071 2 2 1 1 1868 1869 1866
2072 2 2 1 1 1864 1865 1862
2073 2 2 1 1 1860 1861 1858
2074 2 2 1 1 1840 1841 1838
2075 2 2 1 1 1836 1837 1834
2076 2 2 1 1 1832 1833 1830
2077 2 2 1 1 1828 1829 1826
2078 2 2 1 1 1808 1809 1806
2079 2 2 1 1 1705 1794 1793
2080 2 2 1 1 1935 1936 1711
2081 2 2 1 1 1705 1785 232
2082 2 2 1 1 237 1934 1711
2083 2 2 1 1 1804 1805 1802
2084 2 2 1 1 219 1693 220
2085 2 2 1 1 231 1705 232
2086 2 2 1 1 245 1719 246
2087 2 2 1 1 259 1733 260
2088 2 2 1 1 273 1747 274
2089 2 2 1 1 215 1696 216
2090 2 2 1 1 209 1702 210
2091 2 2 1 1 195 1716 196
2092 2 2 1 1 161 1750 162
2093 2 2 1 1 183 1728 184
2094 2 2 1 1 173 1738 174
2095 2 2 1 1 275 1749 276
2096 2 2 1 1 233 1707 234
2097 2 2 1 1 189 1722 190
2098 2 2 1 1 261 1735 262
2099 2 2 1 1 247 1721 248
2100 2 2 1 1 171 1740 172
2101 2 2 1 1 187 1724 188
2102 2 2 1 1 281 1755 282
2103 2 2 1 1 169 1742 170
2104 2 2 1 1 243 1717 244
2105 2 2 1 1 257 1731 258
2106 2 2 1 1 269 1743 270
2107 2 2 1 1 159 1752 160
2108 2 2 1 1 201 1710 202
2109 2 2 1 1 193 1718 194
2110 2 2 1 1 229 1703 230
2111 2 2 1 1 207 1704 208
2112 2 2 1 1 165 1746 166
2113 2 2 1 1 271 1745 272
2114 2 2 1 1 181 1730 182
2115 2 2 1 1 255 1729 256
2116 2 2 1 1 217 1694 218
2117 2 2 1 1 175 1736 176
2118 2 2 1 1 197 1714 198
2119 2 2 1 1 211 1700 212
2120 2 2 1 1 191 1720 192
2121 2 2 1 1 185 1726 186
2122 2 2 1 1 213 1698 214
2123 2 2 1 1 177 1734 178
2124 2 2 1 1 203 1708 204
2125 2 2 1 1 167 1744 168
2126 2 2 1 1 241 1715 242
2127 2 2 1 1 221 1695 222
2128 2 2 1 1 157 1754 158
2129 2 2 1 1 205 1706 206
2130 2 2 1 1 199 1712 200
2131 2 2 1 1 267 1741 268
2132 2 2 1 1 179 1732 180
2133 2 2 1 1 225 1699 226
2134 2 2 1 1 251 1725 252
2135 2 2 1 1 223 1697 224
2136 2 2 1 1 279 1753 280
2137 2 2 1 1 239 1713 240
2138 2 2 1 1 277 1751 278
2139 2 2 1 1 249 1723 250
2140 2 2 1 1 227 1701 228
2141 2 2 1 1 253 1727 254
2142 2 2 1 1 235 1709 236
2143 2 2 1 1 237 1711 238
2144 2 2 1 1 263 1737 264
2145 2 2 1 1 265 1739 266
2146 2 2 1 1 163 1748 164
2147 2 2 1 1 1707 1789 234
2148 2 2 1 1 1800 1801 1798
2149 2 2 1 1 1778 1780 1779
2150 2 2 1 1 232 1785 233
2151 2 2 1 1 236 1934 237
2152 2 2 1 1 1713 1942 240
2153 2 2 1 1 1717 1950 244
2154 2 2 1 1 1721 1958 248
2155 2 2 1 1 1725 1966 252
2156 2 2 1 1 1729 1974 256
2157 2 2 1 1 1733 1982 260
2158 2 2 1 1 1737 1990 264
2159 2 2 1 1 1741 1998 268
2160 2 2 1 1 1749 2014 276
2161 2 2 1 1 1745 2006 272
2162 2 2 1 1 1747 2010 274
2163 2 2 1 1 1751 2018 278
2164 2 2 1 1 1743 2002 270
2165 2 2 1 1 1739 1994 266
2166 2 2 1 1 1735 1986 262
2167 2 2 1 1 1731 1978 258
2168 2 2 1 1 1727 1970 254
2169 2 2 1 1 1719 1954 246
2170 2 2 1 1 1723 1962 250
2171 2 2 1 1 1715 1946 242
2172 2 2 1 1 1703 1800 1798
2173 2 2 1 1 1796 1797 1794
2174 2 2 1 1 231 1796 1705
2175 2 2 1 1 1711 1938 238
2176 2 2 1 1 1774 1781 1754
2177 2 2 1 1 1940 1942 1713
2178 2 2 1 1 1948 1950 1717
2179 2 2 1 1 2012 2014 1749
2180 2 2 1 1 1956 1958 1721
2181 2 2 1 1 1996 1998 1741
2182 2 2 1 1 1972 1974 1729
2183 2 2 1 1 1988 1990 1737
2184 2 2 1 1 1964 1966 1725
2185 2 2 1 1 1984 1986 1735
2186 2 2 1 1 2000 2002 1743
2187 2 2 1 1 2016 2018 1751
2188 2 2 1 1 1968 1970 1727
2189 2 2 1 1 2004 2006 1745
2190 2 2 1 1 1960 1962 1723
2191 2 2 1 1 1992 1994 1739
2192 2 2 1 1 1980 1982 1733
2193 2 2 1 1 1976 1978 1731
2194 2 2 1 1 2008 2010 1747
2195 2 2 1 1 1952 1954 1719
2196 2 2 1 1 1944 1946 1715
2197 2 2 1 1 1787 1789 1707
2198 2 2 1 1 1705 1796 1794
2199 2 2 1 1 1936 1938 1711
2200 2 2 1 1 793 1664 792
2201 2 2 1 1 767 1638 766
2202 2 2 1 1 819 1690 818
2203 2 2 1 1 779 1650 778
2204 2 2 1 1 699 1683 698
2205 2 2 1 1 809 1680 808
2206 2 2 1 1 713 1669 712
2207 2 2 1 1 741 1641 740
2208 2 2 1 1 723 1659 722
2209 2 2 1 1 755 1627 754
2210 2 2 1 1 747 1635 746
2211 2 2 1 1 735 1647 734
2212 2 2 1 1 783 1654 782
2213 2 2 1 1 753 1629 752
2214 2 2 1 1 807 1678 806
2215 2 2 1 1 729 1653 728
2216 2 2 1 1 805 1676 804
2217 2 2 1 1 797 1668 796
2218 2 2 1 1 725 1657 724
2219 2 2 1 1 771 1642 770
2220 2 2 1 1 731 1651 730
2221 2 2 1 1 757 1628 756
2222 2 2 1 1 705 1677 704
2223 2 2 1 1 709 1673 708
2224 2 2 1 1 701 1681 700
2225 2 2 1 1 737 1645 736
2226 2 2 1 1 791 1662 790
2227 2 2 1 1 743 1639 742
2228 2 2 1 1 763 1634 762
2229 2 2 1 1 817 1688 816
2230 2 2 1 1 761 1632 760
2231 2 2 1 1 777 1648 776
2232 2 2 1 1 803 1674 802
2233 2 2 1 1 759 1630 758
2234 2 2 1 1 765 1636 764
2235 2 2 1 1 775 1646 774
2236 2 2 1 1 789 1660 788
2237 2 2 1 1 801 1672 800
2238 2 2 1 1 787 1658 786
2239 2 2 1 1 749 1633 748
2240 2 2 1 1 815 1686 814
2241 2 2 1 1 773 1644 772
2242 2 2 1 1 717 1665 716
2243 2 2 1 1 799 1670 798
2244 2 2 1 1 813 1684 812
2245 2 2 1 1 785 1656 784
2246 2 2 1 1 715 1667 714
2247 2 2 1 1 719 1663 718
2248 2 2 1 1 751 1631 750
2249 2 2 1 1 693 1689 692
2250 2 2 1 1 745 1637 744
2251 2 2 1 1 703 1679 702
2252 2 2 1 1 739 1643 738
2253 2 2 1 1 769 1640 768
2254 2 2 1 1 695 1687 694
2255 2 2 1 1 698 2020 697
2256 2 2 1 1 811 1682 810
2257 2 2 1 1 727 1655 726
2258 2 2 1 1 721 1661 720
2259 2 2 1 1 697 1685 696
2260 2 2 1 1 711 1671 710
2261 2 2 1 1 733 1649 732
2262 2 2 1 1 707 1675 706
2263 2 2 1 1 781 1652 780
2264 2 2 1 1 795 1666 794
2265 2 2 1 1 1683 2020 698
2266 2 2 1 1 697 2020 1685
2267 2 2 1 1 2020 2021 1685
2268 2 2 1 1 1765 1767 1766
2269 2 2 1 1 160 2022 161
2270 2 2 1 1 161 2022 1750
2271 2 2 1 1 2019 2030 1779
2272 2 2 1 1 1762 1763 1761
2273 2 2 1 1 1766 1777 1690
2274 2 2 1 1 1779 2023 1688
2275 2 2 1 1 1688 2023 816
2276 2 2 1 1 815 2023 1686
2277 2 2 1 1 1765 1766 1690
2278 2 2 1 1 1081 1757 1080
2279 2 2 1 1 2157 2160 1763
2280 2 2 1 1 1780 2031 1753
2281 2 2 1 1 1086 1692 1087
2282 2 2 1 1 816 2023 815
2283 2 2 1 1 1771 2152 1763
2284 2 2 1 1 1767 2154 1756
2285 2 2 1 1 2021 2156 1933
2286 2 2 1 1 1686 2155 2017
2287 2 2 1 1 1775 2157 1689
2288 2 2 1 1 1779 2158 2019
2289 2 2 1 1 1778 2029 1780
2290 2 2 1 1 1767 2029 1766
2291 2 2 1 1 283 2028 1756
2292 2 2 1 1 1761 2027 1760
2293 2 2 1 1 1083 2026 1084
2294 2 2 1 1 1079 2025 1078
2295 2 2 1 1 1771 2160 1772
2296 2 2 1 1 1782 2032 1784
2297 2 2 1 1 1775 2032 1774
2298 2 2 1 1 1755 2028 282
2299 2 2 1 1 1756 2024 1768
2300 2 2 1 1 1750 2046 1933
2301 2 2 1 1 1811 2136 1809
2302 2 2 1 1 1815 2138 1813
2303 2 2 1 1 1819 2132 1817
2304 2 2 1 1 1931 2087 1929
2305 2 2 1 1 1927 2088 1925
2306 2 2 1 1 1923 2089 1921
2307 2 2 1 1 1919 2090 1917
2308 2 2 1 1 1915 2092 1913
2309 2 2 1 1 1911 2094 1909
2310 2 2 1 1 1907 2097 1905
2311 2 2 1 1 1903 2098 1901
2312 2 2 1 1 1899 2100 1897
2313 2 2 1 1 1895 2102 1893
2314 2 2 1 1 1891 2104 1889
2315 2 2 1 1 1887 2105 1885
2316 2 2 1 1 1883 2107 1881
2317 2 2 1 1 1879 2110 1877
2318 2 2 1 1 1875 2111 1873
2319 2 2 1 1 1871 2113 1869
2320 2 2 1 1 1867 2115 1865
2321 2 2 1 1 1863 2116 1861
2322 2 2 1 1 1859 2118 1857
2323 2 2 1 1 1855 2119 1853
2324 2 2 1 1 1851 2121 1849
2325 2 2 1 1 1823 2129 1821
2326 2 2 1 1 1847 2122 1845
2327 2 2 1 1 1843 2123 1841
2328 2 2 1 1 1839 2126 1837
2329 2 2 1 1 1835 2127 1833
2330 2 2 1 1 1831 2124 1829
2331 2 2 1 1 1827 2128 1825
2332 2 2 1 1 1807 2109 1805
2333 2 2 1 1 1803 2085 1801
2334 2 2 1 1 1790 2060 1792
2335 2 2 1 1 281 2031 1755
2336 2 2 1 1 1753 2031 280
2337 2 2 1 1 2015 2033 2017
2338 2 2 1 1 2011 2034 2013
2339 2 2 1 1 2007 2035 2009
2340 2 2 1 1 2003 2036 2005
2341 2 2 1 1 1999 2037 2001
2342 2 2 1 1 1788 2060 1787
2343 2 2 1 1 1995 2038 1997
2344 2 2 1 1 1991 2039 1993
2345 2 2 1 1 1939 2057 1941
2346 2 2 1 1 1987 2040 1989
2347 2 2 1 1 1983 2041 1985
2348 2 2 1 1 1979 2042 1981
2349 2 2 1 1 1975 2043 1977
2350 2 2 1 1 1971 2045 1973
2351 2 2 1 1 1967 2047 1969
2352 2 2 1 1 1963 2049 1965
2353 2 2 1 1 1959 2051 1961
2354 2 2 1 1 1955 2052 1957
2355 2 2 1 1 1951 2054 1953
2356 2 2 1 1 1947 2056 1949
2357 2 2 1 1 1943 2058 1945
2358 2 2 1 1 1937 2057 1936
2359 2 2 1 1 2013 2033 2012
2360 2 2 1 1 2009 2034 2008
2361 2 2 1 1 2005 2035 2004
2362 2 2 1 1 2001 2036 2000
2363 2 2 1 1 1997 2037 1996
2364 2 2 1 1 1993 2038 1992
2365 2 2 1 1 1989 2039 1988
2366 2 2 1 1 1985 2040 1984
2367 2 2 1 1 1981 2041 1980
2368 2 2 1 1 1977 2042 1976
2369 2 2 1 1 1973 2043 1972
2370 2 2 1 1 1969 2045 1968
2371 2 2 1 1 1965 2047 1964
2372 2 2 1 1 1961 2049 1960
2373 2 2 1 1 1957 2051 1956
2374 2 2 1 1 1953 2052 1952
2375 2 2 1 1 1949 2054 1948
2376 2 2 1 1 1945 2056 1944
2377 2 2 1 1 1941 2058 1940
2378 2 2 1 1 1935 2055 1937
2379 2 2 1 1 1792 2055 1791
2380 2 2 1 1 1795 2064 1793
2381 2 2 1 1 1786 2064 1788
2382 2 2 1 1 1799 2074 1797
2383 2 2 1 1 1794 2074 1795
2384 2 2 1 1 1798 2085 1799
2385 2 2 1 1 813 2044 1684
2386 2 2 1 1 1686 2044 814
2387 2 2 1 1 1684 2048 812
2388 2 2 1 1 811 2048 1682
2389 2 2 1 1 1682 2050 810
2390 2 2 1 1 809 2050 1680
2391 2 2 1 1 1680 2053 808
2392 2 2 1 1 807 2053 1678
2393 2 2 1 1 805 2059 1676
2394 2 2 1 1 1678 2059 806
2395 2 2 1 1 1676 2061 804
2396 2 2 1 1 803 2061 1674
2397 2 2 1 1 801 2062 1672
2398 2 2 1 1 1674 2062 802
2399 2 2 1 1 695 2063 1687
2400 2 2 1 1 1685 2063 696
2401 2 2 1 1 1672 2065 800
2402 2 2 1 1 799 2065 1670
2403 2 2 1 1 693 2066 1689
2404 2 2 1 1 1687 2066 694
2405 2 2 1 1 1670 2067 798
2406 2 2 1 1 797 2067 1668
2407 2 2 1 1 1668 2068 796
2408 2 2 1 1 795 2068 1666
2409 2 2 1 1 793 2069 1664
2410 2 2 1 1 1666 2069 794
2411 2 2 1 1 791 2070 1662
2412 2 2 1 1 1664 2070 792
2413 2 2 1 1 1662 2071 790
2414 2 2 1 1 789 2071 1660
2415 2 2 1 1 787 2072 1658
2416 2 2 1 1 1660 2072 788
2417 2 2 1 1 1658 2073 786
2418 2 2 1 1 785 2073 1656
2419 2 2 1 1 1656 2075 784
2420 2 2 1 1 783 2075 1654
2421 2 2 1 1 1654 2076 782
2422 2 2 1 1 781 2076 1652
2423 2 2 1 1 1646 2077 774
2424 2 2 1 1 773 2077 1644
2425 2 2 1 1 779 2078 1650
2426 2 2 1 1 1652 2078 780
2427 2 2 1 1 1650 2079 778
2428 2 2 1 1 777 2079 1648
2429 2 2 1 1 767 2080 1638
2430 2 2 1 1 1640 2080 768
2431 2 2 1 1 775 2081 1646
2432 2 2 1 1 1648 2081 776
2433 2 2 1 1 1642 2082 770
2434 2 2 1 1 769 2082 1640
2435 2 2 1 1 1644 2083 772
2436 2 2 1 1 771 2083 1642
2437 2 2 1 1 765 2084 1636
2438 2 2 1 1 1638 2084 766
2439 2 2 1 1 1802 2109 1803
2440 2 2 1 1 1681 2091 700
2441 2 2 1 1 699 2091 1683
2442 2 2 1 1 701 2093 1681
2443 2 2 1 1 1679 2093 702
2444 2 2 1 1 703 2095 1679
2445 2 2 1 1 1677 2095 704
2446 2 2 1 1 763 2096 1634
2447 2 2 1 1 1636 2096 764
2448 2 2 1 1 705 2099 1677
2449 2 2 1 1 1675 2099 706
2450 2 2 1 1 1673 2101 708
2451 2 2 1 1 707 2101 1675
2452 2 2 1 1 1671 2103 710
2453 2 2 1 1 709 2103 1673
2454 2 2 1 1 1669 2106 712
2455 2 2 1 1 711 2106 1671
2456 2 2 1 1 713 2108 1669
2457 2 2 1 1 1667 2108 714
2458 2 2 1 1 715 2112 1667
2459 2 2 1 1 1665 2112 716
2460 2 2 1 1 717 2114 1665
2461 2 2 1 1 1663 2114 718
2462 2 2 1 1 719 2117 1663
2463 2 2 1 1 1661 2117 720
2464 2 2 1 1 1659 2120 722
2465 2 2 1 1 721 2120 1661
2466 2 2 1 1 723 2125 1659
2467 2 2 1 1 1657 2125 724
2468 2 2 1 1 725 2130 1657
2469 2 2 1 1 1655 2130 726
2470 2 2 1 1 1653 2131 728
2471 2 2 1 1 727 2131 1655
2472 2 2 1 1 729 2133 1653
2473 2 2 1 1 1651 2133 730
2474 2 2 1 1 731 2134 1651
2475 2 2 1 1 1649 2134 732
2476 2 2 1 1 1647 2135 734
2477 2 2 1 1 733 2135 1649
2478 2 2 1 1 735 2137 1647
2479 2 2 1 1 1645 2137 736
2480 2 2 1 1 737 2139 1645
2481 2 2 1 1 1643 2139 738
2482 2 2 1 1 1641 2140 740
2483 2 2 1 1 739 2140 1643
2484 2 2 1 1 741 2141 1641
2485 2 2 1 1 1639 2141 742
2486 2 2 1 1 761 2142 1632
2487 2 2 1 1 1634 2142 762
2488 2 2 1 1 743 2143 1639
2489 2 2 1 1 1637 2143 744
2490 2 2 1 1 1635 2144 746
2491 2 2 1 1 745 2144 1637
2492 2 2 1 1 1633 2145 748
2493 2 2 1 1 747 2145 1635
2494 2 2 1 1 749 2146 1633
2495 2 2 1 1 1631 2146 750
2496 2 2 1 1 1629 2147 752
2497 2 2 1 1 751 2147 1631
2498 2 2 1 1 1627 2148 754
2499 2 2 1 1 753 2148 1629
2500 2 2 1 1 1628 2149 756
2501 2 2 1 1 755 2149 1627
2502 2 2 1 1 1630 2150 758
2503 2 2 1 1 757 2150 1628
2504 2 2 1 1 1632 2151 760
2505 2 2 1 1 759 2151 1630
2506 2 2 1 1 1930 2086 1931
2507 2 2 1 1 1926 2087 1927
2508 2 2 1 1 1922 2088 1923
2509 2 2 1 1 1918 2089 1919
2510 2 2 1 1 1914 2090 1915
2511 2 2 1 1 1910 2092 1911
2512 2 2 1 1 1906 2094 1907
2513 2 2 1 1 1902 2097 1903
2514 2 2 1 1 1898 2098 1899
2515 2 2 1 1 1894 2100 1895
2516 2 2 1 1 1890 2102 1891
2517 2 2 1 1 1886 2104 1887
2518 2 2 1 1 1882 2105 1883
2519 2 2 1 1 1878 2107 1879
2520 2 2 1 1 1874 2110 1875
2521 2 2 1 1 1870 2111 1871
2522 2 2 1 1 1866 2113 1867
2523 2 2 1 1 1862 2115 1863
2524 2 2 1 1 1858 2116 1859
2525 2 2 1 1 1826 2124 1827
2526 2 2 1 1 1854 2118 1855
2527 2 2 1 1 1830 2127 1831
2528 2 2 1 1 1850 2119 1851
2529 2 2 1 1 1846 2121 1847
2530 2 2 1 1 1834 2126 1835
2531 2 2 1 1 1842 2122 1843
2532 2 2 1 1 1806 2136 1807
2533 2 2 1 1 1838 2123 1839
2534 2 2 1 1 1822 2128 1823
2535 2 2 1 1 1818 2129 1819
2536 2 2 1 1 1814 2132 1815
2537 2 2 1 1 1810 2138 1811
2538 2 2 1 1 1783 2046 2022
2539 2 2 1 1 2016 2155 2019
2540 2 2 1 1 1683 2156 2020
2541 2 2 1 1 1770 2027 1691
2542 2 2 1 1 1753 2158 1780
2543 2 2 1 1 1779 2030 2023
2544 2 2 1 1 1761 2152 2027
2545 2 2 1 1 287 2026 1083
2546 2 2 1 1 1078 2025 151
2547 2 2 1 1 2154 2159 2024
2548 2 2 1 1 1766 2029 1778
2549 2 2 1 1 2019 2155 2030
2550 2 2 1 1 2086 2156 1683
2551 2 2 1 1 1763 2152 1761
2552 2 2 1 1 2027 2152 1691
2553 2 2 1 1 1774 2032 1782
2554 2 2 1 1 282 2028 283
2555 2 2 1 1 2023 2030 1686
2556 2 2 1 1 280 2031 281
2557 2 2 1 1 1787 2060 1790
2558 2 2 1 1 2012 2033 2015
2559 2 2 1 1 2008 2034 2011
2560 2 2 1 1 2004 2035 2007
2561 2 2 1 1 2000 2036 2003
2562 2 2 1 1 1996 2037 1999
2563 2 2 1 1 1992 2038 1995
2564 2 2 1 1 1988 2039 1991
2565 2 2 1 1 1984 2040 1987
2566 2 2 1 1 1980 2041 1983
2567 2 2 1 1 1976 2042 1979
2568 2 2 1 1 1972 2043 1975
2569 2 2 1 1 1968 2045 1971
2570 2 2 1 1 1964 2047 1967
2571 2 2 1 1 1960 2049 1963
2572 2 2 1 1 1936 2057 1939
2573 2 2 1 1 1956 2051 1959
2574 2 2 1 1 1952 2052 1955
2575 2 2 1 1 1948 2054 1951
2576 2 2 1 1 1944 2056 1947
2577 2 2 1 1 1940 2058 1943
2578 2 2 1 1 1791 2055 1935
2579 2 2 1 1 1793 2064 1786
2580 2 2 1 1 814 2044 813
2581 2 2 1 1 1797 2074 1794
2582 2 2 1 1 812 2048 811
2583 2 2 1 1 810 2050 809
2584 2 2 1 1 808 2053 807
2585 2 2 1 1 806 2059 805
2586 2 2 1 1 804 2061 803
2587 2 2 1 1 802 2062 801
2588 2 2 1 1 696 2063 695
2589 2 2 1 1 800 2065 799
2590 2 2 1 1 694 2066 693
2591 2 2 1 1 798 2067 797
2592 2 2 1 1 796 2068 795
2593 2 2 1 1 794 2069 793
2594 2 2 1 1 792 2070 791
2595 2 2 1 1 790 2071 789
2596 2 2 1 1 788 2072 787
2597 2 2 1 1 786 2073 785
2598 2 2 1 1 784 2075 783
2599 2 2 1 1 782 2076 781
2600 2 2 1 1 774 2077 773
2601 2 2 1 1 780 2078 779
2602 2 2 1 1 778 2079 777
2603 2 2 1 1 768 2080 767
2604 2 2 1 1 776 2081 775
2605 2 2 1 1 770 2082 769
2606 2 2 1 1 772 2083 771
2607 2 2 1 1 1801 2085 1798
2608 2 2 1 1 1933 2086 1930
2609 2 2 1 1 1929 2087 1926
2610 2 2 1 1 1925 2088 1922
2611 2 2 1 1 766 2084 765
2612 2 2 1 1 1921 2089 1918
2613 2 2 1 1 1917 2090 1914
2614 2 2 1 1 1913 2092 1910
2615 2 2 1 1 1909 2094 1906
2616 2 2 1 1 1905 2097 1902
2617 2 2 1 1 1901 2098 1898
2618 2 2 1 1 1897 2100 1894
2619 2 2 1 1 1893 2102 1890
2620 2 2 1 1 1889 2104 1886
2621 2 2 1 1 1885 2105 1882
2622 2 2 1 1 1881 2107 1878
2623 2 2 1 1 1877 2110 1874
2624 2 2 1 1 1873 2111 1870
2625 2 2 1 1 1805 2109 1802
2626 2 2 1 1 1869 2113 1866
2627 2 2 1 1 1865 2115 1862
2628 2 2 1 1 1861 2116 1858
2629 2 2 1 1 1857 2118 1854
2630 2 2 1 1 1853 2119 1850
2631 2 2 1 1 1849 2121 1846
2632 2 2 1 1 1845 2122 1842
2633 2 2 1 1 1841 2123 1838
2634 2 2 1 1 1829 2124 1826
2635 2 2 1 1 1837 2126 1834
2636 2 2 1 1 1825 2128 1822
2637 2 2 1 1 1833 2127 1830
2638 2 2 1 1 1821 2129 1818
2639 2 2 1 1 1817 2132 1814
2640 2 2 1 1 1809 2136 1806
2641 2 2 1 1 1813 2138 1810
2642 2 2 1 1 700 2091 699
2643 2 2 1 1 702 2093 701
2644 2 2 1 1 704 2095 703
2645 2 2 1 1 764 2096 763
2646 2 2 1 1 706 2099 705
2647 2 2 1 1 708 2101 707
2648 2 2 1 1 710 2103 709
2649 2 2 1 1 712 2106 711
2650 2 2 1 1 714 2108 713
2651 2 2 1 1 716 2112 715
2652 2 2 1 1 718 2114 717
2653 2 2 1 1 720 2117 719
2654 2 2 1 1 722 2120 721
2655 2 2 1 1 724 2125 723
2656 2 2 1 1 726 2130 725
2657 2 2 1 1 728 2131 727
2658 2 2 1 1 730 2133 729
2659 2 2 1 1 732 2134 731
2660 2 2 1 1 734 2135 733
2661 2 2 1 1 736 2137 735
2662 2 2 1 1 738 2139 737
2663 2 2 1 1 740 2140 739
2664 2 2 1 1 742 2141 741
2665 2 2 1 1 762 2142 761
2666 2 2 1 1 744 2143 743
2667 2 2 1 1 746 2144 745
2668 2 2 1 1 748 2145 747
2669 2 2 1 1 750 2146 749
2670 2 2 1 1 752 2147 751
2671 2 2 1 1 754 2148 753
2672 2 2 1 1 756 2149 755
2673 2 2 1 1 1691 2152 1771
2674 2 2 1 1 758 2150 757
2675 2 2 1 1 760 2151 759
2676 2 2 1 1 2022 2046 1750
2677 2 2 1 1 2024 2159 1692
2678 2 2 1 1 1784 2153 1783
2679 2 2 1 1 1765 2154 1767
2680 2 2 1 1 1764 2159 1765
2681 2 2 1 1 2021 2153 1685
2682 2 2 1 1 2019 2158 1753
2683 2 2 1 1 1773 2157 1775
2684 2 2 1 1 2017 2155 2016
2685 2 2 1 1 2020 2156 2021
2686 2 2 1 1 1765 2159 2154
2687 2 2 1 1 1772 2160 1773
2688 2 2 1 1 1780 2158 1779
2689 2 2 1 1 1773 2160 2157
2690 2 2 1 1 1756 2154 2024
2691 2 2 1 1 2030 2155 1686
2692 2 2 1 1 1933 2156 2086
2693 2 2 1 1 1089 1090 2305
2694 2 2 1 1 11 10 2297
2695 2 2 1 1 2296 2294 2299
2696 2 2 1 1 950 2223 2293
2697 2 2 1 1 2297 10 2559
2698 2 2 1 1 1089 2305 2560
2699 2 2 1 1 2293 2294 2296
2700 2 2 1 1 13 2226 2300
2701 2 2 1 1 2296 2299 2694
2702 2 2 1 1 1090 2291 2305
2703 2 2 1 1 11 2297 2307
2704 2 2 1 1 1091 1092 2557
2705 2 2 1 1 2293 2223 2294
2706 2 2 1 1 1 561 9
2707 2 2 1 1 5 1088 425
2708 2 2 1 1 949 950 2293
2709 2 2 1 1 2 13 2300
2710 2 2 1 1 2292 949 2293
2711 2 2 1 1 2300 2226 2693
2712 2 2 1 1 8 949 2292
2713 2 2 1 1 2291 1091 2557
2714 2 2 1 1 1092 2292 2557
2715 2 2 1 1 428 427 2306
2716 2 2 1 1 560 2297 2559
2717 2 2 1 1 2305 426 2560
2718 2 2 1 1 2225 428 2306
2719 2 2 1 1 2299 2298 2686
2720 2 2 1 1 2299 2686 2688
2721 2 2 1 1 2307 2304 2558
2722 2 2 1 1 2291 2557 2561
2723 2 2 1 1 2303 2290 2562
2724 2 2 1 1 2306 2291 2561
2725 2 2 1 1 2292 2293 2296
2726 2 2 1 1 2294 2223 2295
2727 2 2 1 1 2297 2304 2307
2728 2 2 1 1 427 2305 2306
2729 2 2 1 1 2220 2403 2616
2730 2 2 1 1 2495 2219 2564
2731 2 2 1 1 2219 2495 2575
2732 2 2 1 1 2403 2220 2620
2733 2 2 1 1 2218 2399 2618
2734 2 2 1 1 2491 2217 2565
2735 2 2 1 1 2217 2491 2577
2736 2 2 1 1 2399 2218 2623
2737 2 2 1 1 2216 2395 2619
2738 2 2 1 1 2487 2215 2566
2739 2 2 1 1 2215 2487 2580
2740 2 2 1 1 2395 2216 2625
2741 2 2 1 1 2214 2391 2621
2742 2 2 1 1 2483 2213 2567
2743 2 2 1 1 2213 2483 2581
2744 2 2 1 1 2391 2214 2627
2745 2 2 1 1 2212 2387 2622
2746 2 2 1 1 2479 2211 2568
2747 2 2 1 1 2211 2479 2583
2748 2 2 1 1 2387 2212 2630
2749 2 2 1 1 2210 2383 2624
2750 2 2 1 1 2475 2209 2569
2751 2 2 1 1 2209 2475 2585
2752 2 2 1 1 2383 2210 2632
2753 2 2 1 1 2208 2379 2626
2754 2 2 1 1 1077 2 2300
2755 2 2 1 1 2471 2207 2570
2756 2 2 1 1 2207 2471 2587
2757 2 2 1 1 2379 2208 2636
2758 2 2 1 1 2206 2375 2628
2759 2 2 1 1 2467 2205 2571
2760 2 2 1 1 2205 2467 2588
2761 2 2 1 1 2375 2206 2639
2762 2 2 1 1 2204 2371 2631
2763 2 2 1 1 2463 2203 2572
2764 2 2 1 1 2203 2463 2589
2765 2 2 1 1 2371 2204 2643
2766 2 2 1 1 2202 2367 2633
2767 2 2 1 1 2459 2201 2573
2768 2 2 1 1 2201 2459 2590
2769 2 2 1 1 2367 2202 2645
2770 2 2 1 1 2200 2363 2635
2771 2 2 1 1 2455 2199 2574
2772 2 2 1 1 2199 2455 2592
2773 2 2 1 1 2363 2200 2648
2774 2 2 1 1 2198 2359 2637
2775 2 2 1 1 2451 2197 2576
2776 2 2 1 1 2197 2451 2594
2777 2 2 1 1 2359 2198 2650
2778 2 2 1 1 2196 2355 2640
2779 2 2 1 1 2447 2195 2578
2780 2 2 1 1 2195 2447 2598
2781 2 2 1 1 2355 2196 2652
2782 2 2 1 1 2194 2351 2642
2783 2 2 1 1 2443 2193 2579
2784 2 2 1 1 2193 2443 2599
2785 2 2 1 1 2351 2194 2656
2786 2 2 1 1 2290 2303 2687
2787 2 2 1 1 2192 2347 2644
2788 2 2 1 1 2439 2191 2582
2789 2 2 1 1 2191 2439 2597
2790 2 2 1 1 2347 2192 2659
2791 2 2 1 1 2190 2343 2646
2792 2 2 1 1 2500 2189 2601
2793 2 2 1 1 2189 2500 2600
2794 2 2 1 1 2343 2190 2663
2795 2 2 1 1 2188 2339 2649
2796 2 2 1 1 2504 2187 2613
2797 2 2 1 1 2187 2504 2610
2798 2 2 1 1 2339 2188 2668
2799 2 2 1 1 2186 2335 2653
2800 2 2 1 1 2185 2508 2629
2801 2 2 1 1 2508 2185 2641
2802 2 2 1 1 2335 2186 2671
2803 2 2 1 1 2184 2331 2667
2804 2 2 1 1 2331 2184 2677
2805 2 2 1 1 2183 2512 2670
2806 2 2 1 1 2512 2183 2664
2807 2 2 1 1 2182 2327 2669
2808 2 2 1 1 2327 2182 2684
2809 2 2 1 1 2181 2516 2685
2810 2 2 1 1 2516 2181 2666
2811 2 2 1 1 2180 2323 2647
2812 2 2 1 1 2323 2180 2672
2813 2 2 1 1 2179 2520 2683
2814 2 2 1 1 2520 2179 2660
2815 2 2 1 1 2178 2319 2615
2816 2 2 1 1 2319 2178 2634
2817 2 2 1 1 2177 2524 2676
2818 2 2 1 1 2524 2177 2655
2819 2 2 1 1 2176 2315 2603
2820 2 2 1 1 2315 2176 2611
2821 2 2 1 1 2175 2528 2673
2822 2 2 1 1 2528 2175 2654
2823 2 2 1 1 2174 2311 2591
2824 2 2 1 1 2311 2174 2602
2825 2 2 1 1 2172 2408 2584
2826 2 2 1 1 2226 2307 2558
2827 2 2 1 1 2408 2172 2606
2828 2 2 1 1 2173 2532 2674
2829 2 2 1 1 2532 2173 2657
2830 2 2 1 1 2289 2303 2562
2831 2 2 1 1 2171 2536 2675
2832 2 2 1 1 2536 2171 2658
2833 2 2 1 1 2170 2412 2593
2834 2 2 1 1 2412 2170 2607
2835 2 2 1 1 2169 2540 2678
2836 2 2 1 1 2540 2169 2661
2837 2 2 1 1 2168 2428 2651
2838 2 2 1 1 2428 2168 2680
2839 2 2 1 1 2167 2544 2679
2840 2 2 1 1 2544 2167 2662
2841 2 2 1 1 2166 2424 2617
2842 2 2 1 1 2424 2166 2638
2843 2 2 1 1 2165 2548 2681
2844 2 2 1 1 2548 2165 2665
2845 2 2 1 1 2552 2163 2595
2846 2 2 1 1 2164 2420 2605
2847 2 2 1 1 2420 2164 2612
2848 2 2 1 1 2163 2552 2682
2849 2 2 1 1 2435 2161 2586
2850 2 2 1 1 2162 2416 2596
2851 2 2 1 1 2416 2162 2604
2852 2 2 1 1 2161 2435 2608
2853 2 2 1 1 2161 2431 2586
2854 2 2 1 1 2431 2161 2609
2855 2 2 1 1 2431 2162 2596
2856 2 2 1 1 2162 2431 2609
2857 2 2 1 1 2163 2435 2595
2858 2 2 1 1 2435 2163 2608
2859 2 2 1 1 2416 2164 2605
2860 2 2 1 1 2164 2416 2604
2861 2 2 1 1 2165 2552 2665
2862 2 2 1 1 2420 2166 2617
2863 2 2 1 1 2166 2420 2612
2864 2 2 1 1 2552 2165 2682
2865 2 2 1 1 2167 2548 2662
2866 2 2 1 1 2168 2424 2638
2867 2 2 1 1 2424 2168 2651
2868 2 2 1 1 2548 2167 2681
2869 2 2 1 1 2169 2544 2661
2870 2 2 1 1 2428 2170 2593
2871 2 2 1 1 2544 2169 2679
2872 2 2 1 1 2170 2428 2680
2873 2 2 1 1 2412 2172 2584
2874 2 2 1 1 2171 2540 2658
2875 2 2 1 1 2172 2412 2607
2876 2 2 1 1 2540 2171 2678
2877 2 2 1 1 2173 2536 2657
2878 2 2 1 1 2408 2174 2591
2879 2 2 1 1 2536 2173 2675
2880 2 2 1 1 2174 2408 2606
2881 2 2 1 1 2175 2532 2654
2882 2 2 1 1 2311 2176 2603
2883 2 2 1 1 2176 2311 2602
2884 2 2 1 1 2532 2175 2674
2885 2 2 1 1 2177 2528 2655
2886 2 2 1 1 2315 2178 2615
2887 2 2 1 1 2178 2315 2611
2888 2 2 1 1 2528 2177 2673
2889 2 2 1 1 2179 2524 2660
2890 2 2 1 1 2180 2319 2634
2891 2 2 1 1 2319 2180 2647
2892 2 2 1 1 2524 2179 2676
2893 2 2 1 1 2181 2520 2666
2894 2 2 1 1 2520 2181 2683
2895 2 2 1 1 2182 2323 2672
2896 2 2 1 1 2323 2182 2669
2897 2 2 1 1 2183 2516 2664
2898 2 2 1 1 2516 2183 2685
2899 2 2 1 1 2184 2327 2684
2900 2 2 1 1 2327 2184 2667
2901 2 2 1 1 2185 2512 2641
2902 2 2 1 1 2512 2185 2670
2903 2 2 1 1 2186 2331 2677
2904 2 2 1 1 2331 2186 2653
2905 2 2 1 1 2187 2508 2613
2906 2 2 1 1 2508 2187 2629
2907 2 2 1 1 2188 2335 2671
2908 2 2 1 1 2335 2188 2649
2909 2 2 1 1 2189 2504 2601
2910 2 2 1 1 2504 2189 2610
2911 2 2 1 1 2190 2339 2668
2912 2 2 1 1 2191 2500 2582
2913 2 2 1 1 2339 2190 2646
2914 2 2 1 1 2500 2191 2600
2915 2 2 1 1 2193 2439 2579
2916 2 2 1 1 2297 559 2304
2917 2 2 1 1 2192 2343 2663
2918 2 2 1 1 2439 2193 2597
2919 2 2 1 1 2343 2192 2644
2920 2 2 1 1 2195 2443 2578
2921 2 2 1 1 2194 2347 2659
2922 2 2 1 1 2347 2194 2642
2923 2 2 1 1 2443 2195 2599
2924 2 2 1 1 2197 2447 2576
2925 2 2 1 1 2196 2351 2656
2926 2 2 1 1 2351 2196 2640
2927 2 2 1 1 2447 2197 2598
2928 2 2 1 1 2199 2451 2574
2929 2 2 1 1 2198 2355 2652
2930 2 2 1 1 2355 2198 2637
2931 2 2 1 1 2451 2199 2594
2932 2 2 1 1 2201 2455 2573
2933 2 2 1 1 2200 2359 2650
2934 2 2 1 1 2359 2200 2635
2935 2 2 1 1 2455 2201 2592
2936 2 2 1 1 2203 2459 2572
2937 2 2 1 1 2202 2363 2648
2938 2 2 1 1 2363 2202 2633
2939 2 2 1 1 2459 2203 2590
2940 2 2 1 1 2205 2463 2571
2941 2 2 1 1 2204 2367 2645
2942 2 2 1 1 2367 2204 2631
2943 2 2 1 1 2463 2205 2589
2944 2 2 1 1 2207 2467 2570
2945 2 2 1 1 2206 2371 2643
2946 2 2 1 1 2371 2206 2628
2947 2 2 1 1 2467 2207 2588
2948 2 2 1 1 2209 2471 2569
2949 2 2 1 1 2208 2375 2639
2950 2 2 1 1 2375 2208 2626
2951 2 2 1 1 2688 2225 2694
2952 2 2 1 1 2471 2209 2587
2953 2 2 1 1 2211 2475 2568
2954 2 2 1 1 12 11 2307
2955 2 2 1 1 2210 2379 2636
2956 2 2 1 1 2379 2210 2624
2957 2 2 1 1 2475 2211 2585
2958 2 2 1 1 2213 2479 2567
2959 2 2 1 1 2212 2383 2632
2960 2 2 1 1 2383 2212 2622
2961 2 2 1 1 2479 2213 2583
2962 2 2 1 1 2215 2483 2566
2963 2 2 1 1 2214 2387 2630
2964 2 2 1 1 2387 2214 2621
2965 2 2 1 1 2483 2215 2581
2966 2 2 1 1 2217 2487 2565
2967 2 2 1 1 2216 2391 2627
2968 2 2 1 1 2391 2216 2619
2969 2 2 1 1 2487 2217 2580
2970 2 2 1 1 2219 2491 2564
2971 2 2 1 1 2218 2395 2625
2972 2 2 1 1 2395 2218 2618
2973 2 2 1 1 2491 2219 2577
2974 2 2 1 1 2221 2495 2563
2975 2 2 1 1 2220 2399 2623
2976 2 2 1 1 2399 2220 2616
2977 2 2 1 1 2495 2221 2575
2978 2 2 1 1 2222 2403 2620
2979 2 2 1 1 2403 2222 2614
2980 2 2 1 1 2305 2291 2306
2981 2 2 1 1 951 952 2555
2982 2 2 1 1 2224 1077 2300
2983 2 2 1 1 2294 2295 2298
2984 2 2 1 1 560 559 2297
2985 2 2 1 1 2226 12 2307
2986 2 2 1 1 558 2290 2304
2987 2 2 1 1 426 425 2560
2988 2 2 1 1 561 560 2559
2989 2 2 1 1 2224 2300 2301
2990 2 2 1 1 427 426 2305
2991 2 2 1 1 429 428 2225
2992 2 2 1 1 2223 951 2555
2993 2 2 1 1 952 2221 2555
2994 2 2 1 1 558 557 2290
2995 2 2 1 1 559 558 2304
2996 2 2 1 1 2294 2298 2299
2997 2 2 1 1 2295 2223 2555
2998 2 2 1 1 2292 2296 2557
2999 2 2 1 1 2303 2289 2689
3000 2 2 1 1 2248 2514 2515
3001 2 2 1 1 2249 2325 2326
3002 2 2 1 1 2246 2518 2519
3003 2 2 1 1 2251 2329 2330
3004 2 2 1 1 2244 2522 2523
3005 2 2 1 1 2253 2333 2334
3006 2 2 1 1 2250 2510 2511
3007 2 2 1 1 2235 2426 2427
3008 2 2 1 1 2247 2321 2322
3009 2 2 1 1 2232 2546 2547
3010 2 2 1 1 2265 2357 2358
3011 2 2 1 1 2230 2550 2551
3012 2 2 1 1 2267 2361 2362
3013 2 2 1 1 2269 2365 2366
3014 2 2 1 1 2234 2542 2543
3015 2 2 1 1 2263 2353 2354
3016 2 2 1 1 2281 2389 2390
3017 2 2 1 1 2283 2393 2394
3018 2 2 1 1 2285 2397 2398
3019 2 2 1 1 2271 2369 2370
3020 2 2 1 1 2287 2401 2402
3021 2 2 1 1 2279 2385 2386
3022 2 2 1 1 2277 2381 2382
3023 2 2 1 1 2275 2377 2378
3024 2 2 1 1 2273 2373 2374
3025 2 2 1 1 2255 2337 2338
3026 2 2 1 1 2242 2526 2527
3027 2 2 1 1 2236 2538 2539
3028 2 2 1 1 2261 2349 2350
3029 2 2 1 1 2259 2345 2346
3030 2 2 1 1 2238 2534 2535
3031 2 2 1 1 2257 2341 2342
3032 2 2 1 1 2240 2530 2531
3033 2 2 1 1 2427 2411 2553
3034 2 2 1 1 2551 2434 2554
3035 2 2 1 1 2248 2513 2514
3036 2 2 1 1 2249 2324 2325
3037 2 2 1 1 2246 2517 2518
3038 2 2 1 1 2251 2328 2329
3039 2 2 1 1 471 470 2513
3040 2 2 1 1 515 514 2324
3041 2 2 1 1 473 472 2517
3042 2 2 1 1 517 516 2328
3043 2 2 1 1 2244 2521 2522
3044 2 2 1 1 2253 2332 2333
3045 2 2 1 1 2250 2509 2510
3046 2 2 1 1 2235 2425 2426
3047 2 2 1 1 2247 2320 2321
3048 2 2 1 1 2232 2545 2546
3049 2 2 1 1 2265 2356 2357
3050 2 2 1 1 2230 2549 2550
3051 2 2 1 1 2267 2360 2361
3052 2 2 1 1 2269 2364 2365
3053 2 2 1 1 2234 2541 2542
3054 2 2 1 1 2263 2352 2353
3055 2 2 1 1 2281 2388 2389
3056 2 2 1 1 2283 2392 2393
3057 2 2 1 1 2285 2396 2397
3058 2 2 1 1 2279 2384 2385
3059 2 2 1 1 2287 2400 2401
3060 2 2 1 1 2289 2404 2405
3061 2 2 1 1 2271 2368 2369
3062 2 2 1 1 2277 2380 2381
3063 2 2 1 1 2275 2376 2377
3064 2 2 1 1 2273 2372 2373
3065 2 2 1 1 2255 2336 2337
3066 2 2 1 1 2242 2525 2526
3067 2 2 1 1 2236 2537 2538
3068 2 2 1 1 2261 2348 2349
3069 2 2 1 1 475 474 2521
3070 2 2 1 1 519 518 2332
3071 2 2 1 1 2259 2344 2345
3072 2 2 1 1 2238 2533 2534
3073 2 2 1 1 2257 2340 2341
3074 2 2 1 1 2240 2529 2530
3075 2 2 1 1 2252 2506 2507
3076 2 2 1 1 2245 2317 2318
3077 2 2 1 1 2233 2422 2423
3078 2 2 1 1 521 520 2336
3079 2 2 1 1 477 476 2525
3080 2 2 1 1 487 486 2545
3081 2 2 1 1 531 530 2356
3082 2 2 1 1 489 488 2549
3083 2 2 1 1 533 532 2360
3084 2 2 1 1 535 534 2364
3085 2 2 1 1 537 536 2368
3086 2 2 1 1 547 546 2388
3087 2 2 1 1 549 548 2392
3088 2 2 1 1 551 550 2396
3089 2 2 1 1 553 552 2400
3090 2 2 1 1 555 554 2404
3091 2 2 1 1 545 544 2384
3092 2 2 1 1 543 542 2380
3093 2 2 1 1 541 540 2376
3094 2 2 1 1 539 538 2372
3095 2 2 1 1 485 484 2541
3096 2 2 1 1 529 528 2352
3097 2 2 1 1 483 482 2537
3098 2 2 1 1 527 526 2348
3099 2 2 1 1 525 524 2344
3100 2 2 1 1 481 480 2533
3101 2 2 1 1 523 522 2340
3102 2 2 1 1 479 478 2529
3103 2 2 1 1 469 468 2509
3104 2 2 1 1 513 512 2320
3105 2 2 1 1 501 500 2425
3106 2 2 1 1 2235 2427 2553
3107 2 2 1 1 2252 2505 2506
3108 2 2 1 1 2245 2316 2317
3109 2 2 1 1 2233 2421 2422
3110 2 2 1 1 2230 2551 2554
3111 2 2 1 1 2248 471 2513
3112 2 2 1 1 2249 515 2324
3113 2 2 1 1 2246 473 2517
3114 2 2 1 1 2251 517 2328
3115 2 2 1 1 2253 519 2332
3116 2 2 1 1 2244 475 2521
3117 2 2 1 1 2250 469 2509
3118 2 2 1 1 2247 513 2320
3119 2 2 1 1 2235 501 2425
3120 2 2 1 1 2232 487 2545
3121 2 2 1 1 2265 531 2356
3122 2 2 1 1 2267 533 2360
3123 2 2 1 1 2230 489 2549
3124 2 2 1 1 2269 535 2364
3125 2 2 1 1 2281 547 2388
3126 2 2 1 1 2234 485 2541
3127 2 2 1 1 2263 529 2352
3128 2 2 1 1 2283 549 2392
3129 2 2 1 1 2285 551 2396
3130 2 2 1 1 2271 537 2368
3131 2 2 1 1 2287 553 2400
3132 2 2 1 1 2279 545 2384
3133 2 2 1 1 2289 555 2404
3134 2 2 1 1 2277 543 2380
3135 2 2 1 1 2275 541 2376
3136 2 2 1 1 2273 539 2372
3137 2 2 1 1 2255 521 2336
3138 2 2 1 1 2242 477 2525
3139 2 2 1 1 2236 483 2537
3140 2 2 1 1 2261 527 2348
3141 2 2 1 1 2259 525 2344
3142 2 2 1 1 2238 481 2533
3143 2 2 1 1 2257 523 2340
3144 2 2 1 1 2240 479 2529
3145 2 2 1 1 467 466 2505
3146 2 2 1 1 511 510 2316
3147 2 2 1 1 499 498 2421
3148 2 2 1 1 2252 467 2505
3149 2 2 1 1 2245 511 2316
3150 2 2 1 1 2233 499 2421
3151 2 2 1 1 472 2248 2517
3152 2 2 1 1 516 2249 2328
3153 2 2 1 1 470 2250 2513
3154 2 2 1 1 514 2247 2324
3155 2 2 1 1 474 2246 2521
3156 2 2 1 1 518 2251 2332
3157 2 2 1 1 476 2244 2525
3158 2 2 1 1 520 2253 2336
3159 2 2 1 1 488 2232 2549
3160 2 2 1 1 532 2265 2360
3161 2 2 1 1 486 2234 2545
3162 2 2 1 1 530 2263 2356
3163 2 2 1 1 534 2267 2364
3164 2 2 1 1 536 2269 2368
3165 2 2 1 1 548 2281 2392
3166 2 2 1 1 546 2279 2388
3167 2 2 1 1 550 2283 2396
3168 2 2 1 1 552 2285 2400
3169 2 2 1 1 554 2287 2404
3170 2 2 1 1 544 2277 2384
3171 2 2 1 1 542 2275 2380
3172 2 2 1 1 538 2271 2372
3173 2 2 1 1 540 2273 2376
3174 2 2 1 1 484 2236 2541
3175 2 2 1 1 528 2261 2352
3176 2 2 1 1 526 2259 2348
3177 2 2 1 1 482 2238 2537
3178 2 2 1 1 522 2255 2340
3179 2 2 1 1 478 2242 2529
3180 2 2 1 1 524 2257 2344
3181 2 2 1 1 480 2240 2533
3182 2 2 1 1 2515 2514 2516
3183 2 2 1 1 2326 2325 2327
3184 2 2 1 1 468 2252 2509
3185 2 2 1 1 512 2245 2320
3186 2 2 1 1 500 2233 2425
3187 2 2 1 1 2430 2432 2433
3188 2 2 1 1 2407 2409 2410
3189 2 2 1 1 2519 2518 2520
3190 2 2 1 1 2330 2329 2331
3191 2 2 1 1 2523 2522 2524
3192 2 2 1 1 2334 2333 2335
3193 2 2 1 1 2243 2312 2313
3194 2 2 1 1 2254 2501 2502
3195 2 2 1 1 2231 2417 2418
3196 2 2 1 1 2511 2510 2512
3197 2 2 1 1 2427 2426 2428
3198 2 2 1 1 2322 2321 2323
3199 2 2 1 1 2547 2546 2548
3200 2 2 1 1 2358 2357 2359
3201 2 2 1 1 2551 2550 2552
3202 2 2 1 1 2362 2361 2363
3203 2 2 1 1 2366 2365 2367
3204 2 2 1 1 2543 2542 2544
3205 2 2 1 1 2354 2353 2355
3206 2 2 1 1 2390 2389 2391
3207 2 2 1 1 2394 2393 2395
3208 2 2 1 1 2398 2397 2399
3209 2 2 1 1 2370 2369 2371
3210 2 2 1 1 2402 2401 2403
3211 2 2 1 1 2386 2385 2387
3212 2 2 1 1 2382 2381 2383
3213 2 2 1 1 2378 2377 2379
3214 2 2 1 1 2374 2373 2375
3215 2 2 1 1 2338 2337 2339
3216 2 2 1 1 2527 2526 2528
3217 2 2 1 1 2539 2538 2540
3218 2 2 1 1 2350 2349 2351
3219 2 2 1 1 2346 2345 2347
3220 2 2 1 1 2535 2534 2536
3221 2 2 1 1 2342 2341 2343
3222 2 2 1 1 2531 2530 2532
3223 2 2 1 1 2243 2313 2314
3224 2 2 1 1 2254 2502 2503
3225 2 2 1 1 2231 2418 2419
3226 2 2 1 1 492 2228 2432
3227 2 2 1 1 504 2237 2409
3228 2 2 1 1 2254 465 2501
3229 2 2 1 1 2243 509 2312
3230 2 2 1 1 2231 497 2417
3231 2 2 1 1 460 2260 2440
3232 2 2 1 1 2507 2506 2508
3233 2 2 1 1 2318 2317 2319
3234 2 2 1 1 2423 2422 2424
3235 2 2 1 1 446 2274 2468
3236 2 2 1 1 450 2270 2460
3237 2 2 1 1 442 2278 2476
3238 2 2 1 1 434 2286 2492
3239 2 2 1 1 438 2282 2484
3240 2 2 1 1 454 2266 2452
3241 2 2 1 1 456 2264 2448
3242 2 2 1 1 432 2288 2496
3243 2 2 1 1 436 2284 2488
3244 2 2 1 1 444 2276 2472
3245 2 2 1 1 440 2280 2480
3246 2 2 1 1 448 2272 2464
3247 2 2 1 1 452 2268 2456
3248 2 2 1 1 458 2262 2444
3249 2 2 1 1 2440 2260 2441
3250 2 2 1 1 2448 2264 2449
3251 2 2 1 1 2468 2274 2469
3252 2 2 1 1 2492 2286 2493
3253 2 2 1 1 2476 2278 2477
3254 2 2 1 1 2460 2270 2461
3255 2 2 1 1 2472 2276 2473
3256 2 2 1 1 2464 2272 2465
3257 2 2 1 1 2484 2282 2485
3258 2 2 1 1 2488 2284 2489
3259 2 2 1 1 2496 2288 2497
3260 2 2 1 1 2480 2280 2481
3261 2 2 1 1 2456 2268 2457
3262 2 2 1 1 2452 2266 2453
3263 2 2 1 1 2444 2262 2445
3264 2 2 1 1 2409 2237 2410
3265 2 2 1 1 2432 2228 2433
3266 2 2 1 1 2438 2440 2441
3267 2 2 1 1 2458 2460 2461
3268 2 2 1 1 2466 2468 2469
3269 2 2 1 1 2474 2476 2477
3270 2 2 1 1 2490 2492 2493
3271 2 2 1 1 2482 2484 2485
3272 2 2 1 1 2450 2452 2453
3273 2 2 1 1 2446 2448 2449
3274 2 2 1 1 2494 2496 2497
3275 2 2 1 1 2486 2488 2489
3276 2 2 1 1 2478 2480 2481
3277 2 2 1 1 2470 2472 2473
3278 2 2 1 1 2462 2464 2465
3279 2 2 1 1 2454 2456 2457
3280 2 2 1 1 2442 2444 2445
3281 2 2 1 1 493 492 2432
3282 2 2 1 1 505 504 2409
3283 2 2 1 1 2248 2515 2517
3284 2 2 1 1 2249 2326 2328
3285 2 2 1 1 2246 2519 2521
3286 2 2 1 1 2251 2330 2332
3287 2 2 1 1 466 2254 2505
3288 2 2 1 1 510 2243 2316
3289 2 2 1 1 498 2231 2421
3290 2 2 1 1 2244 2523 2525
3291 2 2 1 1 2253 2334 2336
3292 2 2 1 1 2250 2511 2513
3293 2 2 1 1 2247 2322 2324
3294 2 2 1 1 2232 2547 2549
3295 2 2 1 1 2265 2358 2360
3296 2 2 1 1 2267 2362 2364
3297 2 2 1 1 2269 2366 2368
3298 2 2 1 1 2234 2543 2545
3299 2 2 1 1 2263 2354 2356
3300 2 2 1 1 2281 2390 2392
3301 2 2 1 1 2283 2394 2396
3302 2 2 1 1 2285 2398 2400
3303 2 2 1 1 2271 2370 2372
3304 2 2 1 1 2287 2402 2404
3305 2 2 1 1 2279 2386 2388
3306 2 2 1 1 2277 2382 2384
3307 2 2 1 1 2275 2378 2380
3308 2 2 1 1 2273 2374 2376
3309 2 2 1 1 2255 2338 2340
3310 2 2 1 1 2242 2527 2529
3311 2 2 1 1 2236 2539 2541
3312 2 2 1 1 2261 2350 2352
3313 2 2 1 1 2259 2346 2348
3314 2 2 1 1 2238 2535 2537
3315 2 2 1 1 2257 2342 2344
3316 2 2 1 1 2240 2531 2533
3317 2 2 1 1 509 508 2312
3318 2 2 1 1 465 464 2501
3319 2 2 1 1 497 496 2417
3320 2 2 1 1 2436 2437 2498
3321 2 2 1 1 2314 2313 2315
3322 2 2 1 1 2503 2502 2504
3323 2 2 1 1 2419 2418 2420
3324 2 2 1 1 2241 2308 2309
3325 2 2 1 1 2229 2413 2414
3326 2 2 1 1 2256 2436 2498
3327 2 2 1 1 2434 2228 2554
3328 2 2 1 1 2411 2237 2553
3329 2 2 1 1 2252 2507 2509
3330 2 2 1 1 2245 2318 2320
3331 2 2 1 1 2233 2423 2425
3332 2 2 1 1 461 460 2440
3333 2 2 1 1 2228 491 2554
3334 2 2 1 1 2237 503 2553
3335 2 2 1 1 451 450 2460
3336 2 2 1 1 447 446 2468
3337 2 2 1 1 455 454 2452
3338 2 2 1 1 443 442 2476
3339 2 2 1 1 439 438 2484
3340 2 2 1 1 435 434 2492
3341 2 2 1 1 457 456 2448
3342 2 2 1 1 433 432 2496
3343 2 2 1 1 437 436 2488
3344 2 2 1 1 441 440 2480
3345 2 2 1 1 445 444 2472
3346 2 2 1 1 449 448 2464
3347 2 2 1 1 453 452 2456
3348 2 2 1 1 459 458 2444
3349 2 2 1 1 2241 507 2308
3350 2 2 1 1 2229 495 2413
3351 2 2 1 1 2256 463 2436
3352 2 2 1 1 2429 2227 2430
3353 2 2 1 1 2406 2239 2407
3354 2 2 1 1 2441 2260 2442
3355 2 2 1 1 2406 2407 2408
3356 2 2 1 1 2429 2430 2431
3357 2 2 1 1 2441 2442 2443
3358 2 2 1 1 2449 2450 2451
3359 2 2 1 1 2469 2470 2471
3360 2 2 1 1 2473 2474 2475
3361 2 2 1 1 2465 2466 2467
3362 2 2 1 1 2493 2494 2495
3363 2 2 1 1 2481 2482 2483
3364 2 2 1 1 2477 2478 2479
3365 2 2 1 1 2461 2462 2463
3366 2 2 1 1 2489 2490 2491
3367 2 2 1 1 2457 2458 2459
3368 2 2 1 1 2485 2486 2487
3369 2 2 1 1 2453 2454 2455
3370 2 2 1 1 2445 2446 2447
3371 2 2 1 1 2433 2434 2435
3372 2 2 1 1 2410 2411 2412
3373 2 2 1 1 2449 2264 2450
3374 2 2 1 1 2469 2274 2470
3375 2 2 1 1 2465 2272 2466
3376 2 2 1 1 2473 2276 2474
3377 2 2 1 1 2481 2280 2482
3378 2 2 1 1 2493 2286 2494
3379 2 2 1 1 2461 2270 2462
3380 2 2 1 1 2457 2268 2458
3381 2 2 1 1 2477 2278 2478
3382 2 2 1 1 2489 2284 2490
3383 2 2 1 1 2485 2282 2486
3384 2 2 1 1 2453 2266 2454
3385 2 2 1 1 2445 2262 2446
3386 2 2 1 1 2433 2228 2434
3387 2 2 1 1 2410 2237 2411
3388 2 2 1 1 2310 2309 2311
3389 2 2 1 1 2499 2498 2500
3390 2 2 1 1 2415 2414 2416
3391 2 2 1 1 2437 2438 2439
3392 2 2 1 1 2413 2227 2429
3393 2 2 1 1 2308 2239 2406
3394 2 2 1 1 2436 2258 2437
3395 2 2 1 1 2241 2309 2310
3396 2 2 1 1 2256 2498 2499
3397 2 2 1 1 2229 2414 2415
3398 2 2 1 1 2309 2308 2406
3399 2 2 1 1 2414 2413 2429
3400 2 2 1 1 2328 2326 2329
3401 2 2 1 1 2517 2515 2518
3402 2 2 1 1 2521 2519 2522
3403 2 2 1 1 2332 2330 2333
3404 2 2 1 1 2525 2523 2526
3405 2 2 1 1 2336 2334 2337
3406 2 2 1 1 2513 2511 2514
3407 2 2 1 1 2324 2322 2325
3408 2 2 1 1 2549 2547 2550
3409 2 2 1 1 2360 2358 2361
3410 2 2 1 1 2364 2362 2365
3411 2 2 1 1 2368 2366 2369
3412 2 2 1 1 2356 2354 2357
3413 2 2 1 1 2545 2543 2546
3414 2 2 1 1 2392 2390 2393
3415 2 2 1 1 2396 2394 2397
3416 2 2 1 1 2400 2398 2401
3417 2 2 1 1 2372 2370 2373
3418 2 2 1 1 2404 2402 2405
3419 2 2 1 1 2388 2386 2389
3420 2 2 1 1 2384 2382 2385
3421 2 2 1 1 2380 2378 2381
3422 2 2 1 1 2376 2374 2377
3423 2 2 1 1 2340 2338 2341
3424 2 2 1 1 2529 2527 2530
3425 2 2 1 1 2541 2539 2542
3426 2 2 1 1 2352 2350 2353
3427 2 2 1 1 2348 2346 2349
3428 2 2 1 1 2537 2535 2538
3429 2 2 1 1 2344 2342 2345
3430 2 2 1 1 2533 2531 2534
3431 2 2 1 1 2227 493 2432
3432 2 2 1 1 2239 505 2409
3433 2 2 1 1 2437 2258 2438
3434 2 2 1 1 2509 2507 2510
3435 2 2 1 1 2320 2318 2321
3436 2 2 1 1 2425 2423 2426
3437 2 2 1 1 506 2239 2308
3438 2 2 1 1 494 2227 2413
3439 2 2 1 1 462 2258 2436
3440 2 2 1 1 502 2235 2553
3441 2 2 1 1 490 2230 2554
3442 2 2 1 1 494 493 2227
3443 2 2 1 1 506 505 2239
3444 2 2 1 1 520 519 2253
3445 2 2 1 1 534 533 2267
3446 2 2 1 1 548 547 2281
3447 2 2 1 1 490 489 2230
3448 2 2 1 1 484 483 2236
3449 2 2 1 1 470 469 2250
3450 2 2 1 1 436 435 2284
3451 2 2 1 1 448 447 2272
3452 2 2 1 1 550 549 2283
3453 2 2 1 1 508 507 2241
3454 2 2 1 1 458 457 2262
3455 2 2 1 1 464 463 2256
3456 2 2 1 1 536 535 2269
3457 2 2 1 1 522 521 2255
3458 2 2 1 1 446 445 2274
3459 2 2 1 1 462 461 2258
3460 2 2 1 1 556 555 2289
3461 2 2 1 1 444 443 2276
3462 2 2 1 1 518 517 2251
3463 2 2 1 1 532 531 2265
3464 2 2 1 1 544 543 2277
3465 2 2 1 1 434 433 2286
3466 2 2 1 1 476 475 2244
3467 2 2 1 1 468 467 2252
3468 2 2 1 1 504 503 2237
3469 2 2 1 1 482 481 2238
3470 2 2 1 1 440 439 2280
3471 2 2 1 1 546 545 2279
3472 2 2 1 1 456 455 2264
3473 2 2 1 1 530 529 2263
3474 2 2 1 1 492 491 2228
3475 2 2 1 1 472 471 2248
3476 2 2 1 1 450 449 2270
3477 2 2 1 1 460 459 2260
3478 2 2 1 1 486 485 2234
3479 2 2 1 1 466 465 2254
3480 2 2 1 1 488 487 2232
3481 2 2 1 1 452 451 2268
3482 2 2 1 1 478 477 2242
3483 2 2 1 1 442 441 2278
3484 2 2 1 1 516 515 2249
3485 2 2 1 1 496 495 2229
3486 2 2 1 1 480 479 2240
3487 2 2 1 1 474 473 2246
3488 2 2 1 1 432 431 2288
3489 2 2 1 1 542 541 2275
3490 2 2 1 1 454 453 2266
3491 2 2 1 1 500 499 2233
3492 2 2 1 1 526 525 2259
3493 2 2 1 1 498 497 2231
3494 2 2 1 1 554 553 2287
3495 2 2 1 1 514 513 2247
3496 2 2 1 1 552 551 2285
3497 2 2 1 1 524 523 2257
3498 2 2 1 1 502 501 2235
3499 2 2 1 1 528 527 2261
3500 2 2 1 1 510 509 2243
3501 2 2 1 1 512 511 2245
3502 2 2 1 1 538 537 2271
3503 2 2 1 1 540 539 2273
3504 2 2 1 1 438 437 2282
3505 2 2 1 1 508 2241 2312
3506 2 2 1 1 464 2256 2501
3507 2 2 1 1 496 2229 2417
3508 2 2 1 1 2316 2314 2317
3509 2 2 1 1 2421 2419 2422
3510 2 2 1 1 2505 2503 2506
3511 2 2 1 1 2243 2314 2316
3512 2 2 1 1 2231 2419 2421
3513 2 2 1 1 2254 2503 2505
3514 2 2 1 1 507 506 2308
3515 2 2 1 1 495 494 2413
3516 2 2 1 1 463 462 2436
3517 2 2 1 1 2312 2310 2313
3518 2 2 1 1 2501 2499 2502
3519 2 2 1 1 2417 2415 2418
3520 2 2 1 1 2260 459 2444
3521 2 2 1 1 2264 455 2452
3522 2 2 1 1 2268 451 2460
3523 2 2 1 1 2272 447 2468
3524 2 2 1 1 2276 443 2476
3525 2 2 1 1 2280 439 2484
3526 2 2 1 1 2284 435 2492
3527 2 2 1 1 2286 433 2496
3528 2 2 1 1 2282 437 2488
3529 2 2 1 1 2278 441 2480
3530 2 2 1 1 2274 445 2472
3531 2 2 1 1 2270 449 2464
3532 2 2 1 1 2266 453 2456
3533 2 2 1 1 2262 457 2448
3534 2 2 1 1 491 490 2554
3535 2 2 1 1 503 502 2553
3536 2 2 1 1 2258 461 2440
3537 2 2 1 1 2430 2227 2432
3538 2 2 1 1 2407 2239 2409
3539 2 2 1 1 2442 2260 2444
3540 2 2 1 1 2450 2264 2452
3541 2 2 1 1 2458 2268 2460
3542 2 2 1 1 2482 2280 2484
3543 2 2 1 1 2474 2276 2476
3544 2 2 1 1 2494 2286 2496
3545 2 2 1 1 2466 2272 2468
3546 2 2 1 1 2490 2284 2492
3547 2 2 1 1 2462 2270 2464
3548 2 2 1 1 2478 2278 2480
3549 2 2 1 1 2454 2266 2456
3550 2 2 1 1 2470 2274 2472
3551 2 2 1 1 2486 2282 2488
3552 2 2 1 1 2446 2262 2448
3553 2 2 1 1 2256 2499 2501
3554 2 2 1 1 2229 2415 2417
3555 2 2 1 1 2241 2310 2312
3556 2 2 1 1 2438 2258 2440
3557 2 2 1 1 1075 1076 2556
3558 2 2 1 1 1050 1051 2198
3559 2 2 1 1 1024 1025 2172
3560 2 2 1 1 1076 1077 2224
3561 2 2 1 1 1036 1037 2184
3562 2 2 1 1 956 957 2217
3563 2 2 1 1 1066 1067 2214
3564 2 2 1 1 970 971 2203
3565 2 2 1 1 998 999 2175
3566 2 2 1 1 980 981 2193
3567 2 2 1 1 1012 1013 2161
3568 2 2 1 1 1004 1005 2169
3569 2 2 1 1 992 993 2181
3570 2 2 1 1 1040 1041 2188
3571 2 2 1 1 1010 1011 2163
3572 2 2 1 1 1064 1065 2212
3573 2 2 1 1 986 987 2187
3574 2 2 1 1 1062 1063 2210
3575 2 2 1 1 1054 1055 2202
3576 2 2 1 1 982 983 2191
3577 2 2 1 1 1028 1029 2176
3578 2 2 1 1 988 989 2185
3579 2 2 1 1 1014 1015 2162
3580 2 2 1 1 962 963 2211
3581 2 2 1 1 966 967 2207
3582 2 2 1 1 958 959 2215
3583 2 2 1 1 994 995 2179
3584 2 2 1 1 1048 1049 2196
3585 2 2 1 1 1000 1001 2173
3586 2 2 1 1 1020 1021 2168
3587 2 2 1 1 1074 1075 2222
3588 2 2 1 1 1018 1019 2166
3589 2 2 1 1 1034 1035 2182
3590 2 2 1 1 1060 1061 2208
3591 2 2 1 1 1016 1017 2164
3592 2 2 1 1 1022 1023 2170
3593 2 2 1 1 1032 1033 2180
3594 2 2 1 1 1046 1047 2194
3595 2 2 1 1 1058 1059 2206
3596 2 2 1 1 1044 1045 2192
3597 2 2 1 1 1006 1007 2167
3598 2 2 1 1 1030 1031 2178
3599 2 2 1 1 1072 1073 2220
3600 2 2 1 1 974 975 2199
3601 2 2 1 1 1056 1057 2204
3602 2 2 1 1 1070 1071 2218
3603 2 2 1 1 1042 1043 2190
3604 2 2 1 1 972 973 2201
3605 2 2 1 1 976 977 2197
3606 2 2 1 1 1008 1009 2165
3607 2 2 1 1 950 951 2223
3608 2 2 1 1 1002 1003 2171
3609 2 2 1 1 996 997 2177
3610 2 2 1 1 960 961 2213
3611 2 2 1 1 1026 1027 2174
3612 2 2 1 1 952 953 2221
3613 2 2 1 1 1068 1069 2216
3614 2 2 1 1 984 985 2189
3615 2 2 1 1 978 979 2195
3616 2 2 1 1 968 969 2205
3617 2 2 1 1 990 991 2183
3618 2 2 1 1 954 955 2219
3619 2 2 1 1 964 965 2209
3620 2 2 1 1 1038 1039 2186
3621 2 2 1 1 1052 1053 2200
3622 2 2 1 1 1076 2224 2556
3623 2 2 1 1 2222 1075 2556
3624 2 2 1 1 2302 2301 2303
3625 2 2 1 1 2224 2302 2556
3626 2 2 1 1 2299 2688 2694
3627 2 2 1 1 2224 2301 2302
3628 2 2 1 1 1090 1091 2291
3629 2 2 1 1 13 12 2226
3630 2 2 1 1 2298 2288 2686
3631 2 2 1 1 1092 8 2292
3632 2 2 1 1 2290 557 2562
3633 2 2 1 1 10 9 2559
3634 2 2 1 1 1088 1089 2560
3635 2 2 1 1 429 2225 2688
3636 2 2 1 1 2555 2221 2692
3637 2 2 1 1 556 2289 2562
3638 2 2 1 1 2304 2290 2558
3639 2 2 1 1 2516 2514 2664
3640 2 2 1 1 2327 2325 2669
3641 2 2 1 1 2520 2518 2666
3642 2 2 1 1 2331 2329 2667
3643 2 2 1 1 2403 2401 2616
3644 2 2 1 1 2399 2397 2618
3645 2 2 1 1 2335 2333 2653
3646 2 2 1 1 2395 2393 2619
3647 2 2 1 1 2524 2522 2660
3648 2 2 1 1 2391 2389 2621
3649 2 2 1 1 2387 2385 2622
3650 2 2 1 1 2383 2381 2624
3651 2 2 1 1 2379 2377 2626
3652 2 2 1 1 2375 2373 2628
3653 2 2 1 1 2371 2369 2631
3654 2 2 1 1 2367 2365 2633
3655 2 2 1 1 2363 2361 2635
3656 2 2 1 1 2359 2357 2637
3657 2 2 1 1 2355 2353 2640
3658 2 2 1 1 2351 2349 2642
3659 2 2 1 1 2339 2337 2649
3660 2 2 1 1 2347 2345 2644
3661 2 2 1 1 2512 2510 2641
3662 2 2 1 1 2528 2526 2655
3663 2 2 1 1 2343 2341 2646
3664 2 2 1 1 2548 2546 2662
3665 2 2 1 1 2544 2542 2661
3666 2 2 1 1 2552 2550 2665
3667 2 2 1 1 2323 2321 2647
3668 2 2 1 1 2540 2538 2658
3669 2 2 1 1 2428 2426 2651
3670 2 2 1 1 2536 2534 2657
3671 2 2 1 1 2532 2530 2654
3672 2 2 1 1 2427 2428 2593
3673 2 2 1 1 2551 2552 2595
3674 2 2 1 1 2508 2506 2613
3675 2 2 1 1 2319 2317 2615
3676 2 2 1 1 2424 2422 2617
3677 2 2 1 1 2410 2412 2584
3678 2 2 1 1 2433 2435 2586
3679 2 2 1 1 2408 2407 2584
3680 2 2 1 1 2431 2430 2586
3681 2 2 1 1 2493 2495 2564
3682 2 2 1 1 2489 2491 2565
3683 2 2 1 1 2485 2487 2566
3684 2 2 1 1 2481 2483 2567
3685 2 2 1 1 2441 2443 2579
3686 2 2 1 1 2477 2479 2568
3687 2 2 1 1 2473 2475 2569
3688 2 2 1 1 2469 2471 2570
3689 2 2 1 1 2465 2467 2571
3690 2 2 1 1 2461 2463 2572
3691 2 2 1 1 2457 2459 2573
3692 2 2 1 1 2453 2455 2574
3693 2 2 1 1 2449 2451 2576
3694 2 2 1 1 2445 2447 2578
3695 2 2 1 1 2439 2438 2579
3696 2 2 1 1 2495 2494 2563
3697 2 2 1 1 2491 2490 2564
3698 2 2 1 1 2487 2486 2565
3699 2 2 1 1 2483 2482 2566
3700 2 2 1 1 2479 2478 2567
3701 2 2 1 1 2475 2474 2568
3702 2 2 1 1 2471 2470 2569
3703 2 2 1 1 2467 2466 2570
3704 2 2 1 1 2463 2462 2571
3705 2 2 1 1 2459 2458 2572
3706 2 2 1 1 2455 2454 2573
3707 2 2 1 1 2451 2450 2574
3708 2 2 1 1 2447 2446 2576
3709 2 2 1 1 2443 2442 2578
3710 2 2 1 1 2437 2439 2582
3711 2 2 1 1 2504 2502 2601
3712 2 2 1 1 2315 2313 2603
3713 2 2 1 1 2420 2418 2605
3714 2 2 1 1 2500 2498 2582
3715 2 2 1 1 2311 2309 2591
3716 2 2 1 1 2416 2414 2596
3717 2 2 1 1 2406 2408 2591
3718 2 2 1 1 2429 2431 2596
3719 2 2 1 1 2499 2500 2601
3720 2 2 1 1 2310 2311 2603
3721 2 2 1 1 2415 2416 2605
3722 2 2 1 1 2412 2411 2593
3723 2 2 1 1 2435 2434 2595
3724 2 2 1 1 2503 2504 2613
3725 2 2 1 1 2314 2315 2615
3726 2 2 1 1 2419 2420 2617
3727 2 2 1 1 2221 953 2575
3728 2 2 1 1 954 2219 2575
3729 2 2 1 1 956 2217 2577
3730 2 2 1 1 2219 955 2577
3731 2 2 1 1 958 2215 2580
3732 2 2 1 1 2217 957 2580
3733 2 2 1 1 2215 959 2581
3734 2 2 1 1 960 2213 2581
3735 2 2 1 1 2213 961 2583
3736 2 2 1 1 962 2211 2583
3737 2 2 1 1 2211 963 2585
3738 2 2 1 1 964 2209 2585
3739 2 2 1 1 966 2207 2587
3740 2 2 1 1 2209 965 2587
3741 2 2 1 1 968 2205 2588
3742 2 2 1 1 2207 967 2588
3743 2 2 1 1 970 2203 2589
3744 2 2 1 1 2205 969 2589
3745 2 2 1 1 2203 971 2590
3746 2 2 1 1 972 2201 2590
3747 2 2 1 1 2201 973 2592
3748 2 2 1 1 974 2199 2592
3749 2 2 1 1 2199 975 2594
3750 2 2 1 1 976 2197 2594
3751 2 2 1 1 2193 981 2597
3752 2 2 1 1 982 2191 2597
3753 2 2 1 1 2197 977 2598
3754 2 2 1 1 978 2195 2598
3755 2 2 1 1 980 2193 2599
3756 2 2 1 1 2195 979 2599
3757 2 2 1 1 2191 983 2600
3758 2 2 1 1 984 2189 2600
3759 2 2 1 1 1028 2176 2602
3760 2 2 1 1 2174 1027 2602
3761 2 2 1 1 1016 2164 2604
3762 2 2 1 1 2162 1015 2604
3763 2 2 1 1 2172 1025 2606
3764 2 2 1 1 1026 2174 2606
3765 2 2 1 1 2170 1023 2607
3766 2 2 1 1 1024 2172 2607
3767 2 2 1 1 1012 2161 2608
3768 2 2 1 1 2163 1011 2608
3769 2 2 1 1 1014 2162 2609
3770 2 2 1 1 2161 1013 2609
3771 2 2 1 1 986 2187 2610
3772 2 2 1 1 2189 985 2610
3773 2 2 1 1 1030 2178 2611
3774 2 2 1 1 2176 1029 2611
3775 2 2 1 1 2164 1017 2612
3776 2 2 1 1 1018 2166 2612
3777 2 2 1 1 2507 2508 2641
3778 2 2 1 1 2318 2319 2647
3779 2 2 1 1 2423 2424 2651
3780 2 2 1 1 1074 2222 2620
3781 2 2 1 1 2220 1073 2620
3782 2 2 1 1 2218 1071 2623
3783 2 2 1 1 1072 2220 2623
3784 2 2 1 1 1070 2218 2625
3785 2 2 1 1 2216 1069 2625
3786 2 2 1 1 1068 2216 2627
3787 2 2 1 1 2214 1067 2627
3788 2 2 1 1 2187 987 2629
3789 2 2 1 1 988 2185 2629
3790 2 2 1 1 1066 2214 2630
3791 2 2 1 1 2212 1065 2630
3792 2 2 1 1 2210 1063 2632
3793 2 2 1 1 1064 2212 2632
3794 2 2 1 1 1032 2180 2634
3795 2 2 1 1 2178 1031 2634
3796 2 2 1 1 1062 2210 2636
3797 2 2 1 1 2208 1061 2636
3798 2 2 1 1 2166 1019 2638
3799 2 2 1 1 1020 2168 2638
3800 2 2 1 1 2206 1059 2639
3801 2 2 1 1 1060 2208 2639
3802 2 2 1 1 1058 2206 2643
3803 2 2 1 1 2204 1057 2643
3804 2 2 1 1 1056 2204 2645
3805 2 2 1 1 2202 1055 2645
3806 2 2 1 1 1054 2202 2648
3807 2 2 1 1 2200 1053 2648
3808 2 2 1 1 2198 1051 2650
3809 2 2 1 1 1052 2200 2650
3810 2 2 1 1 1050 2198 2652
3811 2 2 1 1 2196 1049 2652
3812 2 2 1 1 1048 2196 2656
3813 2 2 1 1 2194 1047 2656
3814 2 2 1 1 2192 1045 2659
3815 2 2 1 1 1046 2194 2659
3816 2 2 1 1 1044 2192 2663
3817 2 2 1 1 2190 1043 2663
3818 2 2 1 1 1042 2190 2668
3819 2 2 1 1 2188 1041 2668
3820 2 2 1 1 2185 989 2670
3821 2 2 1 1 990 2183 2670
3822 2 2 1 1 1040 2188 2671
3823 2 2 1 1 2186 1039 2671
3824 2 2 1 1 2180 1033 2672
3825 2 2 1 1 1034 2182 2672
3826 2 2 1 1 998 2175 2673
3827 2 2 1 1 2177 997 2673
3828 2 2 1 1 1000 2173 2674
3829 2 2 1 1 2175 999 2674
3830 2 2 1 1 2173 1001 2675
3831 2 2 1 1 1002 2171 2675
3832 2 2 1 1 2179 995 2676
3833 2 2 1 1 996 2177 2676
3834 2 2 1 1 2184 1037 2677
3835 2 2 1 1 1038 2186 2677
3836 2 2 1 1 1004 2169 2678
3837 2 2 1 1 2171 1003 2678
3838 2 2 1 1 1006 2167 2679
3839 2 2 1 1 2169 1005 2679
3840 2 2 1 1 2168 1021 2680
3841 2 2 1 1 1022 2170 2680
3842 2 2 1 1 2167 1007 2681
3843 2 2 1 1 1008 2165 2681
3844 2 2 1 1 1010 2163 2682
3845 2 2 1 1 2165 1009 2682
3846 2 2 1 1 2181 993 2683
3847 2 2 1 1 994 2179 2683
3848 2 2 1 1 1036 2184 2684
3849 2 2 1 1 2182 1035 2684
3850 2 2 1 1 992 2181 2685
3851 2 2 1 1 2183 991 2685
3852 2 2 1 1 2402 2403 2614
3853 2 2 1 1 2398 2399 2616
3854 2 2 1 1 2394 2395 2618
3855 2 2 1 1 2390 2391 2619
3856 2 2 1 1 2386 2387 2621
3857 2 2 1 1 2382 2383 2622
3858 2 2 1 1 2378 2379 2624
3859 2 2 1 1 2374 2375 2626
3860 2 2 1 1 2370 2371 2628
3861 2 2 1 1 2366 2367 2631
3862 2 2 1 1 2362 2363 2633
3863 2 2 1 1 2358 2359 2635
3864 2 2 1 1 2354 2355 2637
3865 2 2 1 1 2346 2347 2642
3866 2 2 1 1 2350 2351 2640
3867 2 2 1 1 2342 2343 2644
3868 2 2 1 1 2338 2339 2646
3869 2 2 1 1 2531 2532 2657
3870 2 2 1 1 2535 2536 2658
3871 2 2 1 1 2527 2528 2654
3872 2 2 1 1 2539 2540 2661
3873 2 2 1 1 2543 2544 2662
3874 2 2 1 1 2547 2548 2665
3875 2 2 1 1 2511 2512 2664
3876 2 2 1 1 2322 2323 2669
3877 2 2 1 1 2334 2335 2649
3878 2 2 1 1 2523 2524 2655
3879 2 2 1 1 2330 2331 2653
3880 2 2 1 1 2519 2520 2660
3881 2 2 1 1 2515 2516 2666
3882 2 2 1 1 2326 2327 2667
3883 2 2 1 1 2288 431 2686
3884 2 2 1 1 2222 2556 2690
3885 2 2 1 1 2288 2298 2691
3886 2 2 1 1 2557 2296 2561
3887 2 2 1 1 2225 2306 2561
3888 2 2 1 1 9 561 2559
3889 2 2 1 1 425 1088 2560
3890 2 2 1 1 2221 2563 2692
3891 2 2 1 1 2558 2687 2693
3892 2 2 1 1 2614 2222 2690
3893 2 2 1 1 557 556 2562
3894 2 2 1 1 2411 2427 2593
3895 2 2 1 1 2434 2551 2595
3896 2 2 1 1 2407 2410 2584
3897 2 2 1 1 2430 2433 2586
3898 2 2 1 1 2494 2497 2563
3899 2 2 1 1 2490 2493 2564
3900 2 2 1 1 2486 2489 2565
3901 2 2 1 1 2482 2485 2566
3902 2 2 1 1 2478 2481 2567
3903 2 2 1 1 2474 2477 2568
3904 2 2 1 1 2470 2473 2569
3905 2 2 1 1 2466 2469 2570
3906 2 2 1 1 2462 2465 2571
3907 2 2 1 1 2458 2461 2572
3908 2 2 1 1 2454 2457 2573
3909 2 2 1 1 2438 2441 2579
3910 2 2 1 1 2450 2453 2574
3911 2 2 1 1 2446 2449 2576
3912 2 2 1 1 2442 2445 2578
3913 2 2 1 1 2498 2437 2582
3914 2 2 1 1 2309 2406 2591
3915 2 2 1 1 2414 2429 2596
3916 2 2 1 1 953 954 2575
3917 2 2 1 1 2502 2499 2601
3918 2 2 1 1 955 956 2577
3919 2 2 1 1 957 958 2580
3920 2 2 1 1 2313 2310 2603
3921 2 2 1 1 959 960 2581
3922 2 2 1 1 2418 2415 2605
3923 2 2 1 1 961 962 2583
3924 2 2 1 1 963 964 2585
3925 2 2 1 1 965 966 2587
3926 2 2 1 1 967 968 2588
3927 2 2 1 1 969 970 2589
3928 2 2 1 1 971 972 2590
3929 2 2 1 1 973 974 2592
3930 2 2 1 1 975 976 2594
3931 2 2 1 1 981 982 2597
3932 2 2 1 1 977 978 2598
3933 2 2 1 1 979 980 2599
3934 2 2 1 1 983 984 2600
3935 2 2 1 1 1027 1028 2602
3936 2 2 1 1 1015 1016 2604
3937 2 2 1 1 1025 1026 2606
3938 2 2 1 1 1023 1024 2607
3939 2 2 1 1 1011 1012 2608
3940 2 2 1 1 2405 2402 2614
3941 2 2 1 1 1013 1014 2609
3942 2 2 1 1 2506 2503 2613
3943 2 2 1 1 2401 2398 2616
3944 2 2 1 1 2397 2394 2618
3945 2 2 1 1 2317 2314 2615
3946 2 2 1 1 2393 2390 2619
3947 2 2 1 1 2422 2419 2617
3948 2 2 1 1 2389 2386 2621
3949 2 2 1 1 985 986 2610
3950 2 2 1 1 2385 2382 2622
3951 2 2 1 1 2381 2378 2624
3952 2 2 1 1 2377 2374 2626
3953 2 2 1 1 1029 1030 2611
3954 2 2 1 1 2373 2370 2628
3955 2 2 1 1 1017 1018 2612
3956 2 2 1 1 2369 2366 2631
3957 2 2 1 1 2365 2362 2633
3958 2 2 1 1 2361 2358 2635
3959 2 2 1 1 2357 2354 2637
3960 2 2 1 1 2353 2350 2640
3961 2 2 1 1 2349 2346 2642
3962 2 2 1 1 2510 2507 2641
3963 2 2 1 1 2345 2342 2644
3964 2 2 1 1 2341 2338 2646
3965 2 2 1 1 2337 2334 2649
3966 2 2 1 1 2321 2318 2647
3967 2 2 1 1 2333 2330 2653
3968 2 2 1 1 2426 2423 2651
3969 2 2 1 1 2526 2523 2655
3970 2 2 1 1 2530 2527 2654
3971 2 2 1 1 2534 2531 2657
3972 2 2 1 1 2522 2519 2660
3973 2 2 1 1 2538 2535 2658
3974 2 2 1 1 2542 2539 2661
3975 2 2 1 1 2546 2543 2662
3976 2 2 1 1 2514 2511 2664
3977 2 2 1 1 2550 2547 2665
3978 2 2 1 1 2518 2515 2666
3979 2 2 1 1 2329 2326 2667
3980 2 2 1 1 2325 2322 2669
3981 2 2 1 1 1073 1074 2620
3982 2 2 1 1 1071 1072 2623
3983 2 2 1 1 1069 1070 2625
3984 2 2 1 1 1067 1068 2627
3985 2 2 1 1 987 988 2629
3986 2 2 1 1 1065 1066 2630
3987 2 2 1 1 1063 1064 2632
3988 2 2 1 1 1031 1032 2634
3989 2 2 1 1 1061 1062 2636
3990 2 2 1 1 1019 1020 2638
3991 2 2 1 1 1059 1060 2639
3992 2 2 1 1 1057 1058 2643
3993 2 2 1 1 1055 1056 2645
3994 2 2 1 1 1053 1054 2648
3995 2 2 1 1 1051 1052 2650
3996 2 2 1 1 1049 1050 2652
3997 2 2 1 1 1047 1048 2656
3998 2 2 1 1 1045 1046 2659
3999 2 2 1 1 1043 1044 2663
4000 2 2 1 1 1041 1042 2668
4001 2 2 1 1 989 990 2670
4002 2 2 1 1 1039 1040 2671
4003 2 2 1 1 1033 1034 2672
4004 2 2 1 1 997 998 2673
4005 2 2 1 1 999 1000 2674
4006 2 2 1 1 1001 1002 2675
4007 2 2 1 1 995 996 2676
4008 2 2 1 1 1037 1038 2677
4009 2 2 1 1 1003 1004 2678
4010 2 2 1 1 1005 1006 2679
4011 2 2 1 1 1021 1022 2680
4012 2 2 1 1 1007 1008 2681
4013 2 2 1 1 1009 1010 2682
4014 2 2 1 1 993 994 2683
4015 2 2 1 1 1035 1036 2684
4016 2 2 1 1 991 992 2685
4017 2 2 1 1 431 430 2686
4018 2 2 1 1 2686 430 2688
4019 2 2 1 1 2303 2301 2687
4020 2 2 1 1 430 429 2688
4021 2 2 1 1 2226 2558 2693
4022 2 2 1 1 2301 2300 2693
4023 2 2 1 1 2289 2405 2689
4024 2 2 1 1 2689 2405 2690
4025 2 2 1 1 2687 2301 2693
4026 2 2 1 1 2556 2302 2690
4027 2 2 1 1 2298 2295 2691
4028 2 2 1 1 2302 2303 2689
4029 2 2 1 1 2302 2689 2690
4030 2 2 1 1 2497 2288 2691
4031 2 2 1 1 2295 2555 2692
4032 2 2 1 1 2561 2296 2694
4033 2 2 1 1 2497 2691 2692
4034 2 2 1 1 2691 2295 2692
4035 2 2 1 1 2558 2290 2687
4036 2 2 1 1 2225 2561 2694
4037 2 2 1 1 2405 2614 2690
4038 2 2 1 1 2563 2497 2692
4039 2 2 1 1 1085 2839 1084
4040 2 2 1 1 1089 2831 1090
4041 2 2 1 1 2828 2833 2830
4042 2 2 1 1 2757 2827 821
4043 2 2 1 1 1089 3093 2831
4044 2 2 1 1 2839 3094 1084
4045 2 2 1 1 2760 2834 1092
4046 2 2 1 1 2828 2830 2827
4047 2 2 1 1 2833 3227 2830
4048 2 2 1 1 2825 2839 1085
4049 2 2 1 1 2760 3228 2834
4050 2 2 1 1 2831 2841 1090
4051 2 2 1 1 1087 3090 1086
4052 2 2 1 1 2757 2828 2827
4053 2 2 1 1 1083 288 4
4054 2 2 1 1 5 424 1088
4055 2 2 1 1 821 2827 820
4056 2 2 1 1 820 2827 2826
4057 2 2 1 1 1092 2834 8
4058 2 2 1 1 820 2826 7
4059 2 2 1 1 1086 3090 2825
4060 2 2 1 1 2826 3090 1087
4061 2 2 1 1 290 2840 291
4062 2 2 1 1 2831 3093 423
4063 2 2 1 1 2845 3097 2823
4064 2 2 1 1 289 3094 2839
4065 2 2 1 1 291 2840 2759
4066 2 2 1 1 2832 3220 2833
4067 2 2 1 1 2823 3097 2837
4068 2 2 1 1 2823 3099 2845
4069 2 2 1 1 3220 3221 2833
4070 2 2 1 1 2837 3096 2823
4071 2 2 1 1 2838 3092 2841
4072 2 2 1 1 3090 3095 2825
4073 2 2 1 1 2825 3095 2840
4074 2 2 1 1 2827 2830 2826
4075 2 2 1 1 2757 2829 2828
4076 2 2 1 1 2838 2841 2831
4077 2 2 1 1 2839 2840 290
4078 2 2 1 1 2753 3151 3000
4079 2 2 1 1 3086 3100 2752
4080 2 2 1 1 2752 3111 3086
4081 2 2 1 1 3000 3155 2753
4082 2 2 1 1 2751 3152 2996
4083 2 2 1 1 3082 3101 2750
4084 2 2 1 1 2750 3114 3082
4085 2 2 1 1 2996 3157 2751
4086 2 2 1 1 2749 3153 2992
4087 2 2 1 1 3078 3102 2748
4088 2 2 1 1 2748 3116 3078
4089 2 2 1 1 2992 3159 2749
4090 2 2 1 1 2747 3154 2988
4091 2 2 1 1 3074 3103 2746
4092 2 2 1 1 2746 3119 3074
4093 2 2 1 1 2988 3161 2747
4094 2 2 1 1 2745 3156 2984
4095 2 2 1 1 3070 3104 2744
4096 2 2 1 1 2744 3125 3070
4097 2 2 1 1 2984 3163 2745
4098 2 2 1 1 2743 3158 2980
4099 2 2 1 1 3066 3105 2742
4100 2 2 1 1 2742 3127 3066
4101 2 2 1 1 2980 3167 2743
4102 2 2 1 1 2741 3160 2976
4103 2 2 1 1 3062 3106 2740
4104 2 2 1 1 2740 3128 3062
4105 2 2 1 1 2976 3169 2741
4106 2 2 1 1 2739 3162 2972
4107 2 2 1 1 3058 3107 2738
4108 2 2 1 1 2738 3130 3058
4109 2 2 1 1 2972 3171 2739
4110 2 2 1 1 2737 3165 2968
4111 2 2 1 1 3054 3108 2736
4112 2 2 1 1 2736 3131 3054
4113 2 2 1 1 2968 3174 2737
4114 2 2 1 1 2735 3166 2964
4115 2 2 1 1 3050 3109 2734
4116 2 2 1 1 2734 3132 3050
4117 2 2 1 1 2964 3176 2735
4118 2 2 1 1 2733 3168 2960
4119 2 2 1 1 3046 3110 2732
4120 2 2 1 1 2732 3133 3046
4121 2 2 1 1 2960 3180 2733
4122 2 2 1 1 2731 3170 2956
4123 2 2 1 1 3042 3112 2730
4124 2 2 1 1 2730 3134 3042
4125 2 2 1 1 2956 3182 2731
4126 2 2 1 1 2729 3172 2952
4127 2 2 1 1 3038 3113 2728
4128 2 2 1 1 2728 3135 3038
4129 2 2 1 1 2952 3185 2729
4130 2 2 1 1 2727 3173 2948
4131 2 2 1 1 3034 3115 2726
4132 2 2 1 1 2726 3136 3034
4133 2 2 1 1 2948 3188 2727
4134 2 2 1 1 2725 3175 2944
4135 2 2 1 1 3030 3117 2724
4136 2 2 1 1 2724 3137 3030
4137 2 2 1 1 2944 3193 2725
4138 2 2 1 1 2723 3178 2940
4139 2 2 1 1 3026 3118 2722
4140 2 2 1 1 2722 3139 3026
4141 2 2 1 1 2940 3198 2723
4142 2 2 1 1 2721 3179 2936
4143 2 2 1 1 3022 3120 2720
4144 2 2 1 1 2720 3140 3022
4145 2 2 1 1 2936 3199 2721
4146 2 2 1 1 2719 3181 2932
4147 2 2 1 1 3018 3122 2718
4148 2 2 1 1 2718 3142 3018
4149 2 2 1 1 2932 3201 2719
4150 2 2 1 1 2717 3183 2928
4151 2 2 1 1 3014 3124 2716
4152 2 2 1 1 2716 3143 3014
4153 2 2 1 1 2928 3202 2717
4154 2 2 1 1 2715 3184 2924
4155 2 2 1 1 3010 3123 2714
4156 2 2 1 1 2714 3145 3010
4157 2 2 1 1 2924 3203 2715
4158 2 2 1 1 2713 3186 2920
4159 2 2 1 1 3006 3121 2712
4160 2 2 1 1 2712 3141 3006
4161 2 2 1 1 2920 3205 2713
4162 2 2 1 1 2711 3187 2916
4163 2 2 1 1 2853 3126 2710
4164 2 2 1 1 2710 3147 2853
4165 2 2 1 1 2916 3207 2711
4166 2 2 1 1 2709 3189 2912
4167 2 2 1 1 2849 3129 2708
4168 2 2 1 1 2912 3208 2709
4169 2 2 1 1 2708 3146 2849
4170 2 2 1 1 2707 3190 2908
4171 2 2 1 1 2841 3092 2760
4172 2 2 1 1 2856 3138 2706
4173 2 2 1 1 2706 3144 2856
4174 2 2 1 1 2908 3209 2707
4175 2 2 1 1 2705 3191 2904
4176 2 2 1 1 2860 3149 2704
4177 2 2 1 1 2704 3148 2860
4178 2 2 1 1 2904 3211 2705
4179 2 2 1 1 2703 3194 2900
4180 2 2 1 1 2702 3164 2864
4181 2 2 1 1 2864 3177 2702
4182 2 2 1 1 2900 3212 2703
4183 2 2 1 1 2701 3195 2896
4184 2 2 1 1 2896 3213 2701
4185 2 2 1 1 2700 3210 2868
4186 2 2 1 1 2868 3204 2700
4187 2 2 1 1 2699 3192 2892
4188 2 2 1 1 2892 3214 2699
4189 2 2 1 1 2698 3219 2872
4190 2 2 1 1 2872 3206 2698
4191 2 2 1 1 2697 3196 2888
4192 2 2 1 1 2888 3215 2697
4193 2 2 1 1 2696 3218 2876
4194 2 2 1 1 2695 3197 2884
4195 2 2 1 1 2876 3200 2696
4196 2 2 1 1 2884 3216 2695
4197 2 2 1 1 2695 3217 2880
4198 2 2 1 1 2880 3197 2695
4199 2 2 1 1 2696 3200 2880
4200 2 2 1 1 2880 3217 2696
4201 2 2 1 1 2697 3216 2884
4202 2 2 1 1 2884 3196 2697
4203 2 2 1 1 2698 3206 2876
4204 2 2 1 1 2876 3218 2698
4205 2 2 1 1 2699 3215 2888
4206 2 2 1 1 2888 3192 2699
4207 2 2 1 1 2700 3204 2872
4208 2 2 1 1 2872 3219 2700
4209 2 2 1 1 2701 3214 2892
4210 2 2 1 1 2892 3195 2701
4211 2 2 1 1 2702 3177 2868
4212 2 2 1 1 2868 3210 2702
4213 2 2 1 1 2703 3213 2896
4214 2 2 1 1 2896 3194 2703
4215 2 2 1 1 2704 3149 2864
4216 2 2 1 1 2864 3164 2704
4217 2 2 1 1 2705 3212 2900
4218 2 2 1 1 2900 3191 2705
4219 2 2 1 1 2706 3138 2860
4220 2 2 1 1 2860 3148 2706
4221 2 2 1 1 2707 3211 2904
4222 2 2 1 1 2708 3129 2856
4223 2 2 1 1 2904 3190 2707
4224 2 2 1 1 2856 3144 2708
4225 2 2 1 1 2710 3126 2849
4226 2 2 1 1 2709 3209 2908
4227 2 2 1 1 2849 3146 2710
4228 2 2 1 1 2908 3189 2709
4229 2 2 1 1 2712 3121 2853
4230 2 2 1 1 2711 3208 2912
4231 2 2 1 1 2912 3187 2711
4232 2 2 1 1 2853 3147 2712
4233 2 2 1 1 2714 3123 3006
4234 2 2 1 1 2713 3207 2916
4235 2 2 1 1 3006 3141 2714
4236 2 2 1 1 2916 3186 2713
4237 2 2 1 1 2716 3124 3010
4238 2 2 1 1 2715 3205 2920
4239 2 2 1 1 2920 3184 2715
4240 2 2 1 1 2824 3096 2837
4241 2 2 1 1 3010 3145 2716
4242 2 2 1 1 2718 3122 3014
4243 2 2 1 1 2717 3203 2924
4244 2 2 1 1 2924 3183 2717
4245 2 2 1 1 3014 3143 2718
4246 2 2 1 1 2720 3120 3018
4247 2 2 1 1 2719 3202 2928
4248 2 2 1 1 2928 3181 2719
4249 2 2 1 1 3018 3142 2720
4250 2 2 1 1 2722 3118 3022
4251 2 2 1 1 2721 3201 2932
4252 2 2 1 1 2932 3179 2721
4253 2 2 1 1 3022 3140 2722
4254 2 2 1 1 2724 3117 3026
4255 2 2 1 1 2723 3199 2936
4256 2 2 1 1 2936 3178 2723
4257 2 2 1 1 3026 3139 2724
4258 2 2 1 1 2726 3115 3030
4259 2 2 1 1 2725 3198 2940
4260 2 2 1 1 2940 3175 2725
4261 2 2 1 1 3030 3137 2726
4262 2 2 1 1 422 2838 2831
4263 2 2 1 1 2836 2843 2842
4264 2 2 1 1 2728 3113 3034
4265 2 2 1 1 2727 3193 2944
4266 2 2 1 1 2944 3173 2727
4267 2 2 1 1 3034 3136 2728
4268 2 2 1 1 2730 3112 3038
4269 2 2 1 1 2729 3188 2948
4270 2 2 1 1 2948 3172 2729
4271 2 2 1 1 3038 3135 2730
4272 2 2 1 1 2732 3110 3042
4273 2 2 1 1 2731 3185 2952
4274 2 2 1 1 2952 3170 2731
4275 2 2 1 1 3042 3134 2732
4276 2 2 1 1 2734 3109 3046
4277 2 2 1 1 2733 3182 2956
4278 2 2 1 1 2956 3168 2733
4279 2 2 1 1 3046 3133 2734
4280 2 2 1 1 2736 3108 3050
4281 2 2 1 1 2735 3180 2960
4282 2 2 1 1 2960 3166 2735
4283 2 2 1 1 3050 3132 2736
4284 2 2 1 1 2738 3107 3054
4285 2 2 1 1 2737 3176 2964
4286 2 2 1 1 2964 3165 2737
4287 2 2 1 1 947 2842 946
4288 2 2 1 1 3054 3131 2738
4289 2 2 1 1 2740 3106 3058
4290 2 2 1 1 2739 3174 2968
4291 2 2 1 1 2968 3162 2739
4292 2 2 1 1 3058 3130 2740
4293 2 2 1 1 8 2834 948
4294 2 2 1 1 2742 3105 3062
4295 2 2 1 1 2741 3171 2972
4296 2 2 1 1 2972 3160 2741
4297 2 2 1 1 3062 3128 2742
4298 2 2 1 1 2759 3227 3221
4299 2 2 1 1 2744 3104 3066
4300 2 2 1 1 2743 3169 2976
4301 2 2 1 1 2976 3158 2743
4302 2 2 1 1 3066 3127 2744
4303 2 2 1 1 1090 2841 1091
4304 2 2 1 1 2746 3103 3070
4305 2 2 1 1 2745 3167 2980
4306 2 2 1 1 2980 3156 2745
4307 2 2 1 1 3070 3125 2746
4308 2 2 1 1 2748 3102 3074
4309 2 2 1 1 2747 3163 2984
4310 2 2 1 1 2984 3154 2747
4311 2 2 1 1 3074 3119 2748
4312 2 2 1 1 2750 3101 3078
4313 2 2 1 1 2749 3161 2988
4314 2 2 1 1 2988 3153 2749
4315 2 2 1 1 3078 3116 2750
4316 2 2 1 1 2752 3100 3082
4317 2 2 1 1 2751 3159 2992
4318 2 2 1 1 2992 3152 2751
4319 2 2 1 1 3082 3114 2752
4320 2 2 1 1 2753 3157 2996
4321 2 2 1 1 2996 3151 2753
4322 2 2 1 1 3086 3111 2754
4323 2 2 1 1 2755 3155 3000
4324 2 2 1 1 3000 3150 2755
4325 2 2 1 1 2825 2840 2839
4326 2 2 1 1 823 3089 822
4327 2 2 1 1 946 2842 2756
4328 2 2 1 1 2829 2832 2828
4329 2 2 1 1 422 2831 423
4330 2 2 1 1 1091 2841 2760
4331 2 2 1 1 2824 2838 421
4332 2 2 1 1 2758 2842 947
4333 2 2 1 1 288 3094 289
4334 2 2 1 1 423 3093 424
4335 2 2 1 1 2834 2835 2758
4336 2 2 1 1 289 2839 290
4337 2 2 1 1 291 2759 292
4338 2 2 1 1 822 3089 2757
4339 2 2 1 1 2755 3089 823
4340 2 2 1 1 420 2824 421
4341 2 2 1 1 421 2838 422
4342 2 2 1 1 2832 2833 2828
4343 2 2 1 1 2757 3089 2829
4344 2 2 1 1 2830 3090 2826
4345 2 2 1 1 948 2834 2758
4346 2 2 1 1 2842 2843 2756
4347 2 2 1 1 2765 2871 2870
4348 2 2 1 1 2763 2875 2874
4349 2 2 1 1 2761 2879 2878
4350 2 2 1 1 2762 2883 2882
4351 2 2 1 1 2772 2903 2902
4352 2 2 1 1 2774 2907 2906
4353 2 2 1 1 2776 2911 2910
4354 2 2 1 1 2778 2915 2914
4355 2 2 1 1 2788 2935 2934
4356 2 2 1 1 2790 2939 2938
4357 2 2 1 1 2792 2943 2942
4358 2 2 1 1 2794 2947 2946
4359 2 2 1 1 2804 2967 2966
4360 2 2 1 1 2812 2983 2982
4361 2 2 1 1 2806 2971 2970
4362 2 2 1 1 2810 2979 2978
4363 2 2 1 1 2814 2987 2986
4364 2 2 1 1 2808 2975 2974
4365 2 2 1 1 2816 2991 2990
4366 2 2 1 1 2820 2999 2998
4367 2 2 1 1 2802 2963 2962
4368 2 2 1 1 2818 2995 2994
4369 2 2 1 1 2800 2959 2958
4370 2 2 1 1 2798 2955 2954
4371 2 2 1 1 2796 2951 2950
4372 2 2 1 1 2786 2931 2930
4373 2 2 1 1 2784 2927 2926
4374 2 2 1 1 2782 2923 2922
4375 2 2 1 1 2780 2919 2918
4376 2 2 1 1 2770 2899 2898
4377 2 2 1 1 2768 2895 2894
4378 2 2 1 1 2766 2891 2890
4379 2 2 1 1 2764 2887 2886
4380 2 2 1 1 2767 2867 2866
4381 2 2 1 1 2765 2870 2869
4382 2 2 1 1 2763 2874 2873
4383 2 2 1 1 359 2873 360
4384 2 2 1 1 361 2869 362
4385 2 2 1 1 2761 2878 2877
4386 2 2 1 1 357 2877 358
4387 2 2 1 1 2767 2866 2865
4388 2 2 1 1 2772 2902 2901
4389 2 2 1 1 2774 2906 2905
4390 2 2 1 1 2776 2910 2909
4391 2 2 1 1 2788 2934 2933
4392 2 2 1 1 2790 2938 2937
4393 2 2 1 1 2770 2898 2897
4394 2 2 1 1 2792 2942 2941
4395 2 2 1 1 2778 2914 2913
4396 2 2 1 1 2794 2946 2945
4397 2 2 1 1 2804 2966 2965
4398 2 2 1 1 2812 2982 2981
4399 2 2 1 1 2810 2978 2977
4400 2 2 1 1 2806 2970 2969
4401 2 2 1 1 2808 2974 2973
4402 2 2 1 1 2822 3002 3001
4403 2 2 1 1 2814 2986 2985
4404 2 2 1 1 2816 2990 2989
4405 2 2 1 1 2820 2998 2997
4406 2 2 1 1 2802 2962 2961
4407 2 2 1 1 2818 2994 2993
4408 2 2 1 1 2786 2930 2929
4409 2 2 1 1 2800 2958 2957
4410 2 2 1 1 2798 2954 2953
4411 2 2 1 1 2796 2950 2949
4412 2 2 1 1 2784 2926 2925
4413 2 2 1 1 2782 2922 2921
4414 2 2 1 1 2780 2918 2917
4415 2 2 1 1 2762 2882 2881
4416 2 2 1 1 2768 2894 2893
4417 2 2 1 1 2766 2890 2889
4418 2 2 1 1 2764 2886 2885
4419 2 2 1 1 355 2881 356
4420 2 2 1 1 343 2905 344
4421 2 2 1 1 345 2901 346
4422 2 2 1 1 341 2909 342
4423 2 2 1 1 339 2913 340
4424 2 2 1 1 327 2937 328
4425 2 2 1 1 329 2933 330
4426 2 2 1 1 325 2941 326
4427 2 2 1 1 323 2945 324
4428 2 2 1 1 311 2969 312
4429 2 2 1 1 313 2965 314
4430 2 2 1 1 305 2981 306
4431 2 2 1 1 307 2977 308
4432 2 2 1 1 309 2973 310
4433 2 2 1 1 303 2985 304
4434 2 2 1 1 295 3001 296
4435 2 2 1 1 301 2989 302
4436 2 2 1 1 299 2993 300
4437 2 2 1 1 297 2997 298
4438 2 2 1 1 315 2961 316
4439 2 2 1 1 317 2957 318
4440 2 2 1 1 321 2949 322
4441 2 2 1 1 319 2953 320
4442 2 2 1 1 331 2929 332
4443 2 2 1 1 333 2925 334
4444 2 2 1 1 337 2917 338
4445 2 2 1 1 335 2921 336
4446 2 2 1 1 347 2897 348
4447 2 2 1 1 349 2893 350
4448 2 2 1 1 353 2885 354
4449 2 2 1 1 351 2889 352
4450 2 2 1 1 2769 2863 2862
4451 2 2 1 1 363 2865 364
4452 2 2 1 1 2769 2862 2861
4453 2 2 1 1 2765 2869 361
4454 2 2 1 1 2763 2873 359
4455 2 2 1 1 2761 2877 357
4456 2 2 1 1 2762 2881 355
4457 2 2 1 1 2772 2901 345
4458 2 2 1 1 2843 2844 2756
4459 2 2 1 1 2774 2905 343
4460 2 2 1 1 2776 2909 341
4461 2 2 1 1 2778 2913 339
4462 2 2 1 1 2788 2933 329
4463 2 2 1 1 2790 2937 327
4464 2 2 1 1 2792 2941 325
4465 2 2 1 1 2794 2945 323
4466 2 2 1 1 2806 2969 311
4467 2 2 1 1 2808 2973 309
4468 2 2 1 1 2810 2977 307
4469 2 2 1 1 2812 2981 305
4470 2 2 1 1 2804 2965 313
4471 2 2 1 1 2822 3001 295
4472 2 2 1 1 2814 2985 303
4473 2 2 1 1 2820 2997 297
4474 2 2 1 1 2816 2989 301
4475 2 2 1 1 2818 2993 299
4476 2 2 1 1 2802 2961 315
4477 2 2 1 1 2800 2957 317
4478 2 2 1 1 2798 2953 319
4479 2 2 1 1 2796 2949 321
4480 2 2 1 1 2786 2929 331
4481 2 2 1 1 2784 2925 333
4482 2 2 1 1 2782 2921 335
4483 2 2 1 1 2780 2917 337
4484 2 2 1 1 2770 2897 347
4485 2 2 1 1 2768 2893 349
4486 2 2 1 1 2766 2889 351
4487 2 2 1 1 2764 2885 353
4488 2 2 1 1 2767 2865 363
4489 2 2 1 1 365 2861 366
4490 2 2 1 1 2769 2861 365
4491 2 2 1 1 360 2873 2765
4492 2 2 1 1 362 2869 2767
4493 2 2 1 1 358 2877 2763
4494 2 2 1 1 356 2881 2761
4495 2 2 1 1 344 2905 2772
4496 2 2 1 1 346 2901 2770
4497 2 2 1 1 342 2909 2774
4498 2 2 1 1 340 2913 2776
4499 2 2 1 1 328 2937 2788
4500 2 2 1 1 330 2933 2786
4501 2 2 1 1 326 2941 2790
4502 2 2 1 1 324 2945 2792
4503 2 2 1 1 312 2969 2804
4504 2 2 1 1 314 2965 2802
4505 2 2 1 1 306 2981 2810
4506 2 2 1 1 308 2977 2808
4507 2 2 1 1 304 2985 2812
4508 2 2 1 1 310 2973 2806
4509 2 2 1 1 302 2989 2814
4510 2 2 1 1 296 3001 2820
4511 2 2 1 1 300 2993 2816
4512 2 2 1 1 298 2997 2818
4513 2 2 1 1 316 2961 2800
4514 2 2 1 1 318 2957 2798
4515 2 2 1 1 322 2949 2794
4516 2 2 1 1 320 2953 2796
4517 2 2 1 1 332 2929 2784
4518 2 2 1 1 334 2925 2782
4519 2 2 1 1 338 2917 2778
4520 2 2 1 1 336 2921 2780
4521 2 2 1 1 348 2897 2768
4522 2 2 1 1 350 2893 2766
4523 2 2 1 1 354 2885 2762
4524 2 2 1 1 352 2889 2764
4525 2 2 1 1 2871 2872 2870
4526 2 2 1 1 2875 2876 2874
4527 2 2 1 1 2879 2880 2878
4528 2 2 1 1 364 2865 2769
4529 2 2 1 1 2883 2884 2882
4530 2 2 1 1 2903 2904 2902
4531 2 2 1 1 2907 2908 2906
4532 2 2 1 1 2911 2912 2910
4533 2 2 1 1 2915 2916 2914
4534 2 2 1 1 2935 2936 2934
4535 2 2 1 1 2939 2940 2938
4536 2 2 1 1 2943 2944 2942
4537 2 2 1 1 2947 2948 2946
4538 2 2 1 1 2967 2968 2966
4539 2 2 1 1 2971 2972 2970
4540 2 2 1 1 2983 2984 2982
4541 2 2 1 1 2975 2976 2974
4542 2 2 1 1 2979 2980 2978
4543 2 2 1 1 2987 2988 2986
4544 2 2 1 1 2999 3000 2998
4545 2 2 1 1 2991 2992 2990
4546 2 2 1 1 2963 2964 2962
4547 2 2 1 1 2995 2996 2994
4548 2 2 1 1 2959 2960 2958
4549 2 2 1 1 2955 2956 2954
4550 2 2 1 1 2951 2952 2950
4551 2 2 1 1 2931 2932 2930
4552 2 2 1 1 2927 2928 2926
4553 2 2 1 1 2923 2924 2922
4554 2 2 1 1 2919 2920 2918
4555 2 2 1 1 2899 2900 2898
4556 2 2 1 1 2895 2896 2894
4557 2 2 1 1 2891 2892 2890
4558 2 2 1 1 2887 2888 2886
4559 2 2 1 1 2867 2868 2866
4560 2 2 1 1 2771 2858 2857
4561 2 2 1 1 372 2850 2777
4562 2 2 1 1 2848 2851 2850
4563 2 2 1 1 2852 3004 3003
4564 2 2 1 1 2771 2857 367
4565 2 2 1 1 376 3007 2781
4566 2 2 1 1 398 3051 2803
4567 2 2 1 1 386 3027 2791
4568 2 2 1 1 394 3043 2799
4569 2 2 1 1 390 3035 2795
4570 2 2 1 1 382 3019 2787
4571 2 2 1 1 402 3059 2807
4572 2 2 1 1 410 3075 2815
4573 2 2 1 1 406 3067 2811
4574 2 2 1 1 414 3083 2819
4575 2 2 1 1 380 3015 2785
4576 2 2 1 1 412 3079 2817
4577 2 2 1 1 408 3071 2813
4578 2 2 1 1 416 3087 2821
4579 2 2 1 1 404 3063 2809
4580 2 2 1 1 384 3023 2789
4581 2 2 1 1 396 3047 2801
4582 2 2 1 1 400 3055 2805
4583 2 2 1 1 392 3039 2797
4584 2 2 1 1 388 3031 2793
4585 2 2 1 1 378 3011 2783
4586 2 2 1 1 2771 2859 2858
4587 2 2 1 1 2863 2864 2862
4588 2 2 1 1 3007 3008 2781
4589 2 2 1 1 2850 2851 2777
4590 2 2 1 1 3015 3016 2785
4591 2 2 1 1 3051 3052 2803
4592 2 2 1 1 3023 3024 2789
4593 2 2 1 1 3079 3080 2817
4594 2 2 1 1 3075 3076 2815
4595 2 2 1 1 3043 3044 2799
4596 2 2 1 1 3047 3048 2801
4597 2 2 1 1 3067 3068 2811
4598 2 2 1 1 3071 3072 2813
4599 2 2 1 1 3059 3060 2807
4600 2 2 1 1 3027 3028 2791
4601 2 2 1 1 3035 3036 2795
4602 2 2 1 1 3083 3084 2819
4603 2 2 1 1 3039 3040 2797
4604 2 2 1 1 3063 3064 2809
4605 2 2 1 1 3031 3032 2793
4606 2 2 1 1 3087 3088 2821
4607 2 2 1 1 3055 3056 2805
4608 2 2 1 1 3019 3020 2787
4609 2 2 1 1 3011 3012 2783
4610 2 2 1 1 3005 3008 3007
4611 2 2 1 1 3025 3028 3027
4612 2 2 1 1 3033 3036 3035
4613 2 2 1 1 3049 3052 3051
4614 2 2 1 1 3041 3044 3043
4615 2 2 1 1 3017 3020 3019
4616 2 2 1 1 3057 3060 3059
4617 2 2 1 1 3065 3068 3067
4618 2 2 1 1 3073 3076 3075
4619 2 2 1 1 3081 3084 3083
4620 2 2 1 1 3013 3016 3015
4621 2 2 1 1 3077 3080 3079
4622 2 2 1 1 3069 3072 3071
4623 2 2 1 1 3085 3088 3087
4624 2 2 1 1 3061 3064 3063
4625 2 2 1 1 3053 3056 3055
4626 2 2 1 1 3045 3048 3047
4627 2 2 1 1 3021 3024 3023
4628 2 2 1 1 3037 3040 3039
4629 2 2 1 1 3029 3032 3031
4630 2 2 1 1 3009 3012 3011
4631 2 2 1 1 2765 2873 2871
4632 2 2 1 1 2763 2877 2875
4633 2 2 1 1 2761 2881 2879
4634 2 2 1 1 2762 2885 2883
4635 2 2 1 1 2772 2905 2903
4636 2 2 1 1 2774 2909 2907
4637 2 2 1 1 2776 2913 2911
4638 2 2 1 1 2778 2917 2915
4639 2 2 1 1 2788 2937 2935
4640 2 2 1 1 2790 2941 2939
4641 2 2 1 1 2792 2945 2943
4642 2 2 1 1 2794 2949 2947
4643 2 2 1 1 2804 2969 2967
4644 2 2 1 1 2812 2985 2983
4645 2 2 1 1 2810 2981 2979
4646 2 2 1 1 2814 2989 2987
4647 2 2 1 1 2806 2973 2971
4648 2 2 1 1 2808 2977 2975
4649 2 2 1 1 2816 2993 2991
4650 2 2 1 1 2820 3001 2999
4651 2 2 1 1 2802 2965 2963
4652 2 2 1 1 2818 2997 2995
4653 2 2 1 1 2800 2961 2959
4654 2 2 1 1 2798 2957 2955
4655 2 2 1 1 2796 2953 2951
4656 2 2 1 1 2786 2933 2931
4657 2 2 1 1 2784 2929 2927
4658 2 2 1 1 2782 2925 2923
4659 2 2 1 1 2780 2921 2919
4660 2 2 1 1 2770 2901 2899
4661 2 2 1 1 2768 2897 2895
4662 2 2 1 1 2766 2893 2891
4663 2 2 1 1 2764 2889 2887
4664 2 2 1 1 2767 2869 2867
4665 2 2 1 1 366 2861 2771
4666 2 2 1 1 371 2850 372
4667 2 2 1 1 2852 3003 2777
4668 2 2 1 1 2846 2854 2847
4669 2 2 1 1 2846 2847 2775
4670 2 2 1 1 2859 2860 2858
4671 2 2 1 1 2769 2865 2863
4672 2 2 1 1 367 2857 368
4673 2 2 1 1 375 3007 376
4674 2 2 1 1 385 3027 386
4675 2 2 1 1 389 3035 390
4676 2 2 1 1 381 3019 382
4677 2 2 1 1 397 3051 398
4678 2 2 1 1 393 3043 394
4679 2 2 1 1 401 3059 402
4680 2 2 1 1 405 3067 406
4681 2 2 1 1 413 3083 414
4682 2 2 1 1 409 3075 410
4683 2 2 1 1 379 3015 380
4684 2 2 1 1 411 3079 412
4685 2 2 1 1 415 3087 416
4686 2 2 1 1 407 3071 408
4687 2 2 1 1 403 3063 404
4688 2 2 1 1 399 3055 400
4689 2 2 1 1 395 3047 396
4690 2 2 1 1 383 3023 384
4691 2 2 1 1 391 3039 392
4692 2 2 1 1 387 3031 388
4693 2 2 1 1 377 3011 378
4694 2 2 1 1 370 2846 2775
4695 2 2 1 1 2777 3003 373
4696 2 2 1 1 3008 3009 2781
4697 2 2 1 1 3008 3010 3009
4698 2 2 1 1 2851 2852 2777
4699 2 2 1 1 2851 2853 2852
4700 2 2 1 1 3016 3018 3017
4701 2 2 1 1 3024 3026 3025
4702 2 2 1 1 3072 3074 3073
4703 2 2 1 1 3044 3046 3045
4704 2 2 1 1 3052 3054 3053
4705 2 2 1 1 3080 3082 3081
4706 2 2 1 1 3048 3050 3049
4707 2 2 1 1 3068 3070 3069
4708 2 2 1 1 3040 3042 3041
4709 2 2 1 1 3020 3022 3021
4710 2 2 1 1 3076 3078 3077
4711 2 2 1 1 3056 3058 3057
4712 2 2 1 1 3064 3066 3065
4713 2 2 1 1 3032 3034 3033
4714 2 2 1 1 3028 3030 3029
4715 2 2 1 1 3060 3062 3061
4716 2 2 1 1 3036 3038 3037
4717 2 2 1 1 3084 3086 3085
4718 2 2 1 1 3012 3014 3013
4719 2 2 1 1 3016 3017 2785
4720 2 2 1 1 3024 3025 2789
4721 2 2 1 1 3080 3081 2817
4722 2 2 1 1 3052 3053 2803
4723 2 2 1 1 3044 3045 2799
4724 2 2 1 1 3068 3069 2811
4725 2 2 1 1 3072 3073 2813
4726 2 2 1 1 3040 3041 2797
4727 2 2 1 1 3048 3049 2801
4728 2 2 1 1 3056 3057 2805
4729 2 2 1 1 3076 3077 2815
4730 2 2 1 1 3084 3085 2819
4731 2 2 1 1 3028 3029 2791
4732 2 2 1 1 3064 3065 2809
4733 2 2 1 1 3032 3033 2793
4734 2 2 1 1 3036 3037 2795
4735 2 2 1 1 3060 3061 2807
4736 2 2 1 1 3020 3021 2787
4737 2 2 1 1 3012 3013 2783
4738 2 2 1 1 2847 2849 2848
4739 2 2 1 1 2855 2856 2854
4740 2 2 1 1 3004 3006 3005
4741 2 2 1 1 2773 2854 2846
4742 2 2 1 1 3003 3004 2779
4743 2 2 1 1 2847 2848 2775
4744 2 2 1 1 2873 2874 2871
4745 2 2 1 1 2877 2878 2875
4746 2 2 1 1 2881 2882 2879
4747 2 2 1 1 2885 2886 2883
4748 2 2 1 1 2905 2906 2903
4749 2 2 1 1 2909 2910 2907
4750 2 2 1 1 2913 2914 2911
4751 2 2 1 1 2917 2918 2915
4752 2 2 1 1 2937 2938 2935
4753 2 2 1 1 2941 2942 2939
4754 2 2 1 1 2945 2946 2943
4755 2 2 1 1 2949 2950 2947
4756 2 2 1 1 2969 2970 2967
4757 2 2 1 1 2985 2986 2983
4758 2 2 1 1 2989 2990 2987
4759 2 2 1 1 2977 2978 2975
4760 2 2 1 1 3001 3002 2999
4761 2 2 1 1 2981 2982 2979
4762 2 2 1 1 2973 2974 2971
4763 2 2 1 1 2965 2966 2963
4764 2 2 1 1 2997 2998 2995
4765 2 2 1 1 2993 2994 2991
4766 2 2 1 1 2961 2962 2959
4767 2 2 1 1 2957 2958 2955
4768 2 2 1 1 2953 2954 2951
4769 2 2 1 1 2933 2934 2931
4770 2 2 1 1 2929 2930 2927
4771 2 2 1 1 2925 2926 2923
4772 2 2 1 1 2921 2922 2919
4773 2 2 1 1 2901 2902 2899
4774 2 2 1 1 2897 2898 2895
4775 2 2 1 1 2893 2894 2891
4776 2 2 1 1 2889 2890 2887
4777 2 2 1 1 2869 2870 2867
4778 2 2 1 1 2773 2855 2854
4779 2 2 1 1 3004 3005 2779
4780 2 2 1 1 2773 2846 369
4781 2 2 1 1 374 3003 2779
4782 2 2 1 1 2865 2866 2863
4783 2 2 1 1 356 2761 357
4784 2 2 1 1 368 2773 369
4785 2 2 1 1 382 2787 383
4786 2 2 1 1 396 2801 397
4787 2 2 1 1 410 2815 411
4788 2 2 1 1 352 2764 353
4789 2 2 1 1 346 2770 347
4790 2 2 1 1 332 2784 333
4791 2 2 1 1 298 2818 299
4792 2 2 1 1 320 2796 321
4793 2 2 1 1 310 2806 311
4794 2 2 1 1 412 2817 413
4795 2 2 1 1 370 2775 371
4796 2 2 1 1 326 2790 327
4797 2 2 1 1 398 2803 399
4798 2 2 1 1 384 2789 385
4799 2 2 1 1 308 2808 309
4800 2 2 1 1 324 2792 325
4801 2 2 1 1 418 2823 419
4802 2 2 1 1 306 2810 307
4803 2 2 1 1 380 2785 381
4804 2 2 1 1 394 2799 395
4805 2 2 1 1 406 2811 407
4806 2 2 1 1 296 2820 297
4807 2 2 1 1 338 2778 339
4808 2 2 1 1 330 2786 331
4809 2 2 1 1 366 2771 367
4810 2 2 1 1 344 2772 345
4811 2 2 1 1 302 2814 303
4812 2 2 1 1 408 2813 409
4813 2 2 1 1 318 2798 319
4814 2 2 1 1 392 2797 393
4815 2 2 1 1 354 2762 355
4816 2 2 1 1 312 2804 313
4817 2 2 1 1 334 2782 335
4818 2 2 1 1 348 2768 349
4819 2 2 1 1 328 2788 329
4820 2 2 1 1 322 2794 323
4821 2 2 1 1 350 2766 351
4822 2 2 1 1 314 2802 315
4823 2 2 1 1 340 2776 341
4824 2 2 1 1 304 2812 305
4825 2 2 1 1 378 2783 379
4826 2 2 1 1 358 2763 359
4827 2 2 1 1 294 2822 295
4828 2 2 1 1 342 2774 343
4829 2 2 1 1 336 2780 337
4830 2 2 1 1 404 2809 405
4831 2 2 1 1 316 2800 317
4832 2 2 1 1 362 2767 363
4833 2 2 1 1 388 2793 389
4834 2 2 1 1 360 2765 361
4835 2 2 1 1 416 2821 417
4836 2 2 1 1 376 2781 377
4837 2 2 1 1 414 2819 415
4838 2 2 1 1 386 2791 387
4839 2 2 1 1 364 2769 365
4840 2 2 1 1 390 2795 391
4841 2 2 1 1 372 2777 373
4842 2 2 1 1 374 2779 375
4843 2 2 1 1 400 2805 401
4844 2 2 1 1 402 2807 403
4845 2 2 1 1 300 2816 301
4846 2 2 1 1 2775 2850 371
4847 2 2 1 1 2861 2862 2859
4848 2 2 1 1 2843 2845 2844
4849 2 2 1 1 369 2846 370
4850 2 2 1 1 373 3003 374
4851 2 2 1 1 2781 3011 377
4852 2 2 1 1 2785 3019 381
4853 2 2 1 1 2789 3027 385
4854 2 2 1 1 2793 3035 389
4855 2 2 1 1 2797 3043 393
4856 2 2 1 1 2801 3051 397
4857 2 2 1 1 2805 3059 401
4858 2 2 1 1 2809 3067 405
4859 2 2 1 1 2817 3083 413
4860 2 2 1 1 2813 3075 409
4861 2 2 1 1 2819 3087 415
4862 2 2 1 1 2815 3079 411
4863 2 2 1 1 2811 3071 407
4864 2 2 1 1 2807 3063 403
4865 2 2 1 1 2803 3055 399
4866 2 2 1 1 2799 3047 395
4867 2 2 1 1 2795 3039 391
4868 2 2 1 1 2787 3023 383
4869 2 2 1 1 2791 3031 387
4870 2 2 1 1 2783 3015 379
4871 2 2 1 1 2771 2861 2859
4872 2 2 1 1 2857 2858 2855
4873 2 2 1 1 368 2857 2773
4874 2 2 1 1 2779 3007 375
4875 2 2 1 1 3009 3011 2781
4876 2 2 1 1 3017 3019 2785
4877 2 2 1 1 3081 3083 2817
4878 2 2 1 1 3025 3027 2789
4879 2 2 1 1 3041 3043 2797
4880 2 2 1 1 3065 3067 2809
4881 2 2 1 1 3057 3059 2805
4882 2 2 1 1 3053 3055 2803
4883 2 2 1 1 3033 3035 2793
4884 2 2 1 1 3069 3071 2811
4885 2 2 1 1 3085 3087 2819
4886 2 2 1 1 3037 3039 2795
4887 2 2 1 1 3029 3031 2791
4888 2 2 1 1 3073 3075 2813
4889 2 2 1 1 3061 3063 2807
4890 2 2 1 1 3049 3051 2801
4891 2 2 1 1 3045 3047 2799
4892 2 2 1 1 3077 3079 2815
4893 2 2 1 1 3021 3023 2787
4894 2 2 1 1 3013 3015 2783
4895 2 2 1 1 2848 2850 2775
4896 2 2 1 1 2773 2857 2855
4897 2 2 1 1 3005 3007 2779
4898 2 2 1 1 922 2732 921
4899 2 2 1 1 896 2706 895
4900 2 2 1 1 948 2758 947
4901 2 2 1 1 908 2718 907
4902 2 2 1 1 828 2751 827
4903 2 2 1 1 938 2748 937
4904 2 2 1 1 842 2737 841
4905 2 2 1 1 870 2709 869
4906 2 2 1 1 852 2727 851
4907 2 2 1 1 884 2695 883
4908 2 2 1 1 876 2703 875
4909 2 2 1 1 864 2715 863
4910 2 2 1 1 912 2722 911
4911 2 2 1 1 882 2697 881
4912 2 2 1 1 936 2746 935
4913 2 2 1 1 858 2721 857
4914 2 2 1 1 934 2744 933
4915 2 2 1 1 926 2736 925
4916 2 2 1 1 854 2725 853
4917 2 2 1 1 900 2710 899
4918 2 2 1 1 860 2719 859
4919 2 2 1 1 886 2696 885
4920 2 2 1 1 834 2745 833
4921 2 2 1 1 838 2741 837
4922 2 2 1 1 830 2749 829
4923 2 2 1 1 866 2713 865
4924 2 2 1 1 920 2730 919
4925 2 2 1 1 872 2707 871
4926 2 2 1 1 892 2702 891
4927 2 2 1 1 946 2756 945
4928 2 2 1 1 890 2700 889
4929 2 2 1 1 906 2716 905
4930 2 2 1 1 932 2742 931
4931 2 2 1 1 888 2698 887
4932 2 2 1 1 894 2704 893
4933 2 2 1 1 904 2714 903
4934 2 2 1 1 918 2728 917
4935 2 2 1 1 930 2740 929
4936 2 2 1 1 916 2726 915
4937 2 2 1 1 878 2701 877
4938 2 2 1 1 944 2754 943
4939 2 2 1 1 902 2712 901
4940 2 2 1 1 846 2733 845
4941 2 2 1 1 928 2738 927
4942 2 2 1 1 942 2752 941
4943 2 2 1 1 914 2724 913
4944 2 2 1 1 844 2735 843
4945 2 2 1 1 848 2731 847
4946 2 2 1 1 880 2699 879
4947 2 2 1 1 822 2757 821
4948 2 2 1 1 874 2705 873
4949 2 2 1 1 832 2747 831
4950 2 2 1 1 868 2711 867
4951 2 2 1 1 898 2708 897
4952 2 2 1 1 824 2755 823
4953 2 2 1 1 940 2750 939
4954 2 2 1 1 856 2723 855
4955 2 2 1 1 850 2729 849
4956 2 2 1 1 826 2753 825
4957 2 2 1 1 840 2739 839
4958 2 2 1 1 862 2717 861
4959 2 2 1 1 836 2743 835
4960 2 2 1 1 910 2720 909
4961 2 2 1 1 924 2734 923
4962 2 2 1 1 2835 2837 2836
4963 2 2 1 1 3088 3098 2844
4964 2 2 1 1 3221 3227 2833
4965 2 2 1 1 2836 2842 2758
4966 2 2 1 1 2844 3091 2756
4967 2 2 1 1 2756 3091 945
4968 2 2 1 1 944 3091 2754
4969 2 2 1 1 2835 2836 2758
4970 2 2 1 1 1086 2825 1085
4971 2 2 1 1 2845 3099 2821
4972 2 2 1 1 1091 2760 1092
4973 2 2 1 1 945 3091 944
4974 2 2 1 1 2822 3220 2832
4975 2 2 1 1 7 2826 1087
4976 2 2 1 1 2837 3222 2824
4977 2 2 1 1 2754 3223 3086
4978 2 2 1 1 2844 3226 3088
4979 2 2 1 1 2843 3097 2845
4980 2 2 1 1 2837 3097 2836
4981 2 2 1 1 420 3096 2824
4982 2 2 1 1 1088 3093 1089
4983 2 2 1 1 1084 3094 1083
4984 2 2 1 1 2759 3221 292
4985 2 2 1 1 2755 3225 3089
4986 2 2 1 1 2823 3096 419
4987 2 2 1 1 2824 3092 2838
4988 2 2 1 1 2872 3204 2870
4989 2 2 1 1 2876 3206 2874
4990 2 2 1 1 3000 3151 2998
4991 2 2 1 1 2996 3152 2994
4992 2 2 1 1 2880 3200 2878
4993 2 2 1 1 2992 3153 2990
4994 2 2 1 1 2988 3154 2986
4995 2 2 1 1 2984 3156 2982
4996 2 2 1 1 2980 3158 2978
4997 2 2 1 1 2976 3160 2974
4998 2 2 1 1 2972 3162 2970
4999 2 2 1 1 2968 3165 2966
5000 2 2 1 1 2964 3166 2962
5001 2 2 1 1 2960 3168 2958
5002 2 2 1 1 2956 3170 2954
5003 2 2 1 1 2952 3172 2950
5004 2 2 1 1 2948 3173 2946
5005 2 2 1 1 2944 3175 2942
5006 2 2 1 1 2940 3178 2938
5007 2 2 1 1 2936 3179 2934
5008 2 2 1 1 2932 3181 2930
5009 2 2 1 1 2928 3183 2926
5010 2 2 1 1 2924 3184 2922
5011 2 2 1 1 2920 3186 2918
5012 2 2 1 1 2916 3187 2914
5013 2 2 1 1 2912 3189 2910
5014 2 2 1 1 2884 3197 2882
5015 2 2 1 1 2908 3190 2906
5016 2 2 1 1 2904 3191 2902
5017 2 2 1 1 2900 3194 2898
5018 2 2 1 1 2896 3195 2894
5019 2 2 1 1 2892 3192 2890
5020 2 2 1 1 2888 3196 2886
5021 2 2 1 1 2868 3177 2866
5022 2 2 1 1 2864 3149 2862
5023 2 2 1 1 2851 3126 2853
5024 2 2 1 1 418 3099 2823
5025 2 2 1 1 2821 3099 417
5026 2 2 1 1 3084 3100 3086
5027 2 2 1 1 3080 3101 3082
5028 2 2 1 1 3076 3102 3078
5029 2 2 1 1 3072 3103 3074
5030 2 2 1 1 3068 3104 3070
5031 2 2 1 1 2849 3126 2848
5032 2 2 1 1 3064 3105 3066
5033 2 2 1 1 3060 3106 3062
5034 2 2 1 1 3008 3123 3010
5035 2 2 1 1 3056 3107 3058
5036 2 2 1 1 3052 3108 3054
5037 2 2 1 1 3048 3109 3050
5038 2 2 1 1 3044 3110 3046
5039 2 2 1 1 3040 3112 3042
5040 2 2 1 1 3036 3113 3038
5041 2 2 1 1 3032 3115 3034
5042 2 2 1 1 3028 3117 3030
5043 2 2 1 1 3024 3118 3026
5044 2 2 1 1 3020 3120 3022
5045 2 2 1 1 3016 3122 3018
5046 2 2 1 1 3012 3124 3014
5047 2 2 1 1 3006 3123 3005
5048 2 2 1 1 3082 3100 3081
5049 2 2 1 1 3078 3101 3077
5050 2 2 1 1 3074 3102 3073
5051 2 2 1 1 3070 3103 3069
5052 2 2 1 1 3066 3104 3065
5053 2 2 1 1 3062 3105 3061
5054 2 2 1 1 3058 3106 3057
5055 2 2 1 1 3054 3107 3053
5056 2 2 1 1 3050 3108 3049
5057 2 2 1 1 3046 3109 3045
5058 2 2 1 1 3042 3110 3041
5059 2 2 1 1 3038 3112 3037
5060 2 2 1 1 3034 3113 3033
5061 2 2 1 1 3030 3115 3029
5062 2 2 1 1 3026 3117 3025
5063 2 2 1 1 3022 3118 3021
5064 2 2 1 1 3018 3120 3017
5065 2 2 1 1 3014 3122 3013
5066 2 2 1 1 3010 3124 3009
5067 2 2 1 1 3004 3121 3006
5068 2 2 1 1 2853 3121 2852
5069 2 2 1 1 2856 3129 2854
5070 2 2 1 1 2847 3129 2849
5071 2 2 1 1 2860 3138 2858
5072 2 2 1 1 2855 3138 2856
5073 2 2 1 1 2859 3149 2860
5074 2 2 1 1 942 3111 2752
5075 2 2 1 1 2754 3111 943
5076 2 2 1 1 2752 3114 941
5077 2 2 1 1 940 3114 2750
5078 2 2 1 1 2750 3116 939
5079 2 2 1 1 938 3116 2748
5080 2 2 1 1 2748 3119 937
5081 2 2 1 1 936 3119 2746
5082 2 2 1 1 934 3125 2744
5083 2 2 1 1 2746 3125 935
5084 2 2 1 1 2744 3127 933
5085 2 2 1 1 932 3127 2742
5086 2 2 1 1 930 3128 2740
5087 2 2 1 1 2742 3128 931
5088 2 2 1 1 2740 3130 929
5089 2 2 1 1 928 3130 2738
5090 2 2 1 1 2738 3131 927
5091 2 2 1 1 926 3131 2736
5092 2 2 1 1 2736 3132 925
5093 2 2 1 1 924 3132 2734
5094 2 2 1 1 922 3133 2732
5095 2 2 1 1 2734 3133 923
5096 2 2 1 1 920 3134 2730
5097 2 2 1 1 2732 3134 921
5098 2 2 1 1 2730 3135 919
5099 2 2 1 1 918 3135 2728
5100 2 2 1 1 916 3136 2726
5101 2 2 1 1 2728 3136 917
5102 2 2 1 1 2726 3137 915
5103 2 2 1 1 914 3137 2724
5104 2 2 1 1 2724 3139 913
5105 2 2 1 1 912 3139 2722
5106 2 2 1 1 2722 3140 911
5107 2 2 1 1 910 3140 2720
5108 2 2 1 1 2714 3141 903
5109 2 2 1 1 902 3141 2712
5110 2 2 1 1 908 3142 2718
5111 2 2 1 1 2720 3142 909
5112 2 2 1 1 2718 3143 907
5113 2 2 1 1 906 3143 2716
5114 2 2 1 1 896 3144 2706
5115 2 2 1 1 2708 3144 897
5116 2 2 1 1 904 3145 2714
5117 2 2 1 1 2716 3145 905
5118 2 2 1 1 2710 3146 899
5119 2 2 1 1 898 3146 2708
5120 2 2 1 1 2712 3147 901
5121 2 2 1 1 900 3147 2710
5122 2 2 1 1 894 3148 2704
5123 2 2 1 1 2706 3148 895
5124 2 2 1 1 2863 3177 2864
5125 2 2 1 1 824 3155 2755
5126 2 2 1 1 2753 3155 825
5127 2 2 1 1 2751 3157 827
5128 2 2 1 1 826 3157 2753
5129 2 2 1 1 2749 3159 829
5130 2 2 1 1 828 3159 2751
5131 2 2 1 1 830 3161 2749
5132 2 2 1 1 2747 3161 831
5133 2 2 1 1 832 3163 2747
5134 2 2 1 1 2745 3163 833
5135 2 2 1 1 892 3164 2702
5136 2 2 1 1 2704 3164 893
5137 2 2 1 1 834 3167 2745
5138 2 2 1 1 2743 3167 835
5139 2 2 1 1 2741 3169 837
5140 2 2 1 1 836 3169 2743
5141 2 2 1 1 2739 3171 839
5142 2 2 1 1 838 3171 2741
5143 2 2 1 1 2737 3174 841
5144 2 2 1 1 840 3174 2739
5145 2 2 1 1 842 3176 2737
5146 2 2 1 1 2735 3176 843
5147 2 2 1 1 844 3180 2735
5148 2 2 1 1 2733 3180 845
5149 2 2 1 1 846 3182 2733
5150 2 2 1 1 2731 3182 847
5151 2 2 1 1 848 3185 2731
5152 2 2 1 1 2729 3185 849
5153 2 2 1 1 2727 3188 851
5154 2 2 1 1 850 3188 2729
5155 2 2 1 1 852 3193 2727
5156 2 2 1 1 2725 3193 853
5157 2 2 1 1 854 3198 2725
5158 2 2 1 1 2723 3198 855
5159 2 2 1 1 2721 3199 857
5160 2 2 1 1 856 3199 2723
5161 2 2 1 1 858 3201 2721
5162 2 2 1 1 2719 3201 859
5163 2 2 1 1 860 3202 2719
5164 2 2 1 1 2717 3202 861
5165 2 2 1 1 2715 3203 863
5166 2 2 1 1 862 3203 2717
5167 2 2 1 1 864 3205 2715
5168 2 2 1 1 2713 3205 865
5169 2 2 1 1 866 3207 2713
5170 2 2 1 1 2711 3207 867
5171 2 2 1 1 2709 3208 869
5172 2 2 1 1 868 3208 2711
5173 2 2 1 1 2707 3209 871
5174 2 2 1 1 870 3209 2709
5175 2 2 1 1 890 3210 2700
5176 2 2 1 1 2702 3210 891
5177 2 2 1 1 872 3211 2707
5178 2 2 1 1 2705 3211 873
5179 2 2 1 1 2703 3212 875
5180 2 2 1 1 874 3212 2705
5181 2 2 1 1 2701 3213 877
5182 2 2 1 1 876 3213 2703
5183 2 2 1 1 878 3214 2701
5184 2 2 1 1 2699 3214 879
5185 2 2 1 1 2697 3215 881
5186 2 2 1 1 880 3215 2699
5187 2 2 1 1 2695 3216 883
5188 2 2 1 1 882 3216 2697
5189 2 2 1 1 2696 3217 885
5190 2 2 1 1 884 3217 2695
5191 2 2 1 1 2698 3218 887
5192 2 2 1 1 886 3218 2696
5193 2 2 1 1 2700 3219 889
5194 2 2 1 1 888 3219 2698
5195 2 2 1 1 2999 3150 3000
5196 2 2 1 1 2995 3151 2996
5197 2 2 1 1 2991 3152 2992
5198 2 2 1 1 2987 3153 2988
5199 2 2 1 1 2983 3154 2984
5200 2 2 1 1 2979 3156 2980
5201 2 2 1 1 2975 3158 2976
5202 2 2 1 1 2971 3160 2972
5203 2 2 1 1 2967 3162 2968
5204 2 2 1 1 2963 3165 2964
5205 2 2 1 1 2959 3166 2960
5206 2 2 1 1 2955 3168 2956
5207 2 2 1 1 2951 3170 2952
5208 2 2 1 1 2947 3172 2948
5209 2 2 1 1 2943 3173 2944
5210 2 2 1 1 2939 3175 2940
5211 2 2 1 1 2935 3178 2936
5212 2 2 1 1 2931 3179 2932
5213 2 2 1 1 2927 3181 2928
5214 2 2 1 1 2923 3183 2924
5215 2 2 1 1 2919 3184 2920
5216 2 2 1 1 2887 3192 2888
5217 2 2 1 1 2915 3186 2916
5218 2 2 1 1 2891 3195 2892
5219 2 2 1 1 2911 3187 2912
5220 2 2 1 1 2907 3189 2908
5221 2 2 1 1 2895 3194 2896
5222 2 2 1 1 2903 3190 2904
5223 2 2 1 1 2867 3204 2868
5224 2 2 1 1 2899 3191 2900
5225 2 2 1 1 2883 3196 2884
5226 2 2 1 1 2879 3197 2880
5227 2 2 1 1 2875 3200 2876
5228 2 2 1 1 2871 3206 2872
5229 2 2 1 1 294 3220 2822
5230 2 2 1 1 3085 3223 3088
5231 2 2 1 1 2821 3226 2845
5232 2 2 1 1 2832 3224 2822
5233 2 2 1 1 2844 3098 3091
5234 2 2 1 1 2830 3095 3090
5235 2 2 1 1 2840 3095 2759
5236 2 2 1 1 424 3093 1088
5237 2 2 1 1 1083 3094 288
5238 2 2 1 1 3150 3225 2755
5239 2 2 1 1 3222 3228 3092
5240 2 2 1 1 2836 3097 2843
5241 2 2 1 1 3088 3223 3098
5242 2 2 1 1 419 3096 420
5243 2 2 1 1 3091 3098 2754
5244 2 2 1 1 417 3099 418
5245 2 2 1 1 2848 3126 2851
5246 2 2 1 1 3081 3100 3084
5247 2 2 1 1 3077 3101 3080
5248 2 2 1 1 3073 3102 3076
5249 2 2 1 1 3069 3103 3072
5250 2 2 1 1 3065 3104 3068
5251 2 2 1 1 3061 3105 3064
5252 2 2 1 1 3057 3106 3060
5253 2 2 1 1 3053 3107 3056
5254 2 2 1 1 3049 3108 3052
5255 2 2 1 1 3045 3109 3048
5256 2 2 1 1 3041 3110 3044
5257 2 2 1 1 3037 3112 3040
5258 2 2 1 1 3033 3113 3036
5259 2 2 1 1 3029 3115 3032
5260 2 2 1 1 3005 3123 3008
5261 2 2 1 1 3025 3117 3028
5262 2 2 1 1 3021 3118 3024
5263 2 2 1 1 3017 3120 3020
5264 2 2 1 1 3013 3122 3016
5265 2 2 1 1 3009 3124 3012
5266 2 2 1 1 2852 3121 3004
5267 2 2 1 1 2854 3129 2847
5268 2 2 1 1 943 3111 942
5269 2 2 1 1 2858 3138 2855
5270 2 2 1 1 941 3114 940
5271 2 2 1 1 939 3116 938
5272 2 2 1 1 937 3119 936
5273 2 2 1 1 935 3125 934
5274 2 2 1 1 933 3127 932
5275 2 2 1 1 931 3128 930
5276 2 2 1 1 929 3130 928
5277 2 2 1 1 927 3131 926
5278 2 2 1 1 925 3132 924
5279 2 2 1 1 923 3133 922
5280 2 2 1 1 921 3134 920
5281 2 2 1 1 919 3135 918
5282 2 2 1 1 917 3136 916
5283 2 2 1 1 915 3137 914
5284 2 2 1 1 913 3139 912
5285 2 2 1 1 911 3140 910
5286 2 2 1 1 903 3141 902
5287 2 2 1 1 909 3142 908
5288 2 2 1 1 907 3143 906
5289 2 2 1 1 897 3144 896
5290 2 2 1 1 905 3145 904
5291 2 2 1 1 899 3146 898
5292 2 2 1 1 901 3147 900
5293 2 2 1 1 3002 3150 2999
5294 2 2 1 1 2998 3151 2995
5295 2 2 1 1 2862 3149 2859
5296 2 2 1 1 2994 3152 2991
5297 2 2 1 1 2990 3153 2987
5298 2 2 1 1 2986 3154 2983
5299 2 2 1 1 895 3148 894
5300 2 2 1 1 2982 3156 2979
5301 2 2 1 1 2978 3158 2975
5302 2 2 1 1 2974 3160 2971
5303 2 2 1 1 2970 3162 2967
5304 2 2 1 1 2966 3165 2963
5305 2 2 1 1 2962 3166 2959
5306 2 2 1 1 2958 3168 2955
5307 2 2 1 1 2954 3170 2951
5308 2 2 1 1 2950 3172 2947
5309 2 2 1 1 2946 3173 2943
5310 2 2 1 1 2942 3175 2939
5311 2 2 1 1 2938 3178 2935
5312 2 2 1 1 2934 3179 2931
5313 2 2 1 1 2866 3177 2863
5314 2 2 1 1 2930 3181 2927
5315 2 2 1 1 2926 3183 2923
5316 2 2 1 1 2922 3184 2919
5317 2 2 1 1 2918 3186 2915
5318 2 2 1 1 2914 3187 2911
5319 2 2 1 1 2910 3189 2907
5320 2 2 1 1 2906 3190 2903
5321 2 2 1 1 2902 3191 2899
5322 2 2 1 1 2890 3192 2887
5323 2 2 1 1 2898 3194 2895
5324 2 2 1 1 2886 3196 2883
5325 2 2 1 1 2894 3195 2891
5326 2 2 1 1 2882 3197 2879
5327 2 2 1 1 2878 3200 2875
5328 2 2 1 1 2870 3204 2867
5329 2 2 1 1 2874 3206 2871
5330 2 2 1 1 825 3155 824
5331 2 2 1 1 827 3157 826
5332 2 2 1 1 829 3159 828
5333 2 2 1 1 831 3161 830
5334 2 2 1 1 833 3163 832
5335 2 2 1 1 893 3164 892
5336 2 2 1 1 835 3167 834
5337 2 2 1 1 837 3169 836
5338 2 2 1 1 839 3171 838
5339 2 2 1 1 841 3174 840
5340 2 2 1 1 843 3176 842
5341 2 2 1 1 845 3180 844
5342 2 2 1 1 847 3182 846
5343 2 2 1 1 849 3185 848
5344 2 2 1 1 851 3188 850
5345 2 2 1 1 853 3193 852
5346 2 2 1 1 855 3198 854
5347 2 2 1 1 857 3199 856
5348 2 2 1 1 859 3201 858
5349 2 2 1 1 861 3202 860
5350 2 2 1 1 863 3203 862
5351 2 2 1 1 865 3205 864
5352 2 2 1 1 867 3207 866
5353 2 2 1 1 869 3208 868
5354 2 2 1 1 871 3209 870
5355 2 2 1 1 891 3210 890
5356 2 2 1 1 873 3211 872
5357 2 2 1 1 875 3212 874
5358 2 2 1 1 877 3213 876
5359 2 2 1 1 879 3214 878
5360 2 2 1 1 881 3215 880
5361 2 2 1 1 883 3216 882
5362 2 2 1 1 885 3217 884
5363 2 2 1 1 887 3218 886
5364 2 2 1 1 889 3219 888
5365 2 2 1 1 3092 3228 2760
5366 2 2 1 1 293 3220 294
5367 2 2 1 1 293 3221 3220
5368 2 2 1 1 292 3221 293
5369 2 2 1 1 2835 3222 2837
5370 2 2 1 1 2834 3228 2835
5371 2 2 1 1 3088 3226 2821
5372 2 2 1 1 3086 3223 3085
5373 2 2 1 1 2829 3224 2832
5374 2 2 1 1 2822 3224 3002
5375 2 2 1 1 2835 3228 3222
5376 2 2 1 1 3089 3225 2829
5377 2 2 1 1 2845 3226 2844
5378 2 2 1 1 2830 3227 3095
5379 2 2 1 1 3224 3225 3002
5380 2 2 1 1 2829 3225 3224
5381 2 2 1 1 2824 3222 3092
5382 2 2 1 1 3095 3227 2759
5383 2 2 1 1 3098 3223 2754
5384 2 2 1 1 3002 3225 3150
$EndElements
