# vtk DataFile Version 3.0
OpenSG msg-shell RM dehom
ASCII
DATASET UNSTRUCTURED_GRID
POINTS 11160 float
0.00000000e+00 4.71234223e+00 1.13070690e-01
0.00000000e+00 4.64945810e+00 1.28229210e-01
0.00000000e+00 4.64860924e+00 1.24707792e-01
0.00000000e+00 4.71149337e+00 1.09549272e-01
0.00000000e+00 4.71149337e+00 1.09549272e-01
0.00000000e+00 4.64860924e+00 1.24707792e-01
0.00000000e+00 4.64776039e+00 1.21186374e-01
0.00000000e+00 4.71064452e+00 1.06027854e-01
0.00000000e+00 4.71064452e+00 1.06027854e-01
0.00000000e+00 4.64776039e+00 1.21186374e-01
0.00000000e+00 4.64691153e+00 1.17664957e-01
0.00000000e+00 4.70979566e+00 1.02506437e-01
0.00000000e+00 4.70979566e+00 1.02506437e-01
0.00000000e+00 4.64691153e+00 1.17664957e-01
0.00000000e+00 4.64606268e+00 1.14143539e-01
0.00000000e+00 4.70894681e+00 9.89850188e-02
0.00000000e+00 4.70894681e+00 9.89850188e-02
0.00000000e+00 4.64606268e+00 1.14143539e-01
0.00000000e+00 4.64521382e+00 1.10622121e-01
0.00000000e+00 4.70809795e+00 9.54636012e-02
0.00000000e+00 4.70809795e+00 9.54636012e-02
0.00000000e+00 4.64521382e+00 1.10622121e-01
0.00000000e+00 4.64436497e+00 1.07100703e-01
0.00000000e+00 4.70724910e+00 9.19421835e-02
0.00000000e+00 4.70724910e+00 9.19421835e-02
0.00000000e+00 4.64436497e+00 1.07100703e-01
0.00000000e+00 4.64351611e+00 1.03579286e-01
0.00000000e+00 4.70640024e+00 8.84207658e-02
0.00000000e+00 4.70640024e+00 8.84207658e-02
0.00000000e+00 4.64351611e+00 1.03579286e-01
0.00000000e+00 4.64266726e+00 1.00057868e-01
0.00000000e+00 4.70555139e+00 8.48993481e-02
0.00000000e+00 4.70555139e+00 8.48993481e-02
0.00000000e+00 4.64266726e+00 1.00057868e-01
0.00000000e+00 4.64181840e+00 9.65364504e-02
0.00000000e+00 4.70470253e+00 8.13779304e-02
0.00000000e+00 4.65021411e+00 1.28027653e-01
0.00000000e+00 4.57887245e+00 1.48893933e-01
0.00000000e+00 4.57785559e+00 1.45417306e-01
0.00000000e+00 4.64919725e+00 1.24551026e-01
0.00000000e+00 4.64919725e+00 1.24551026e-01
0.00000000e+00 4.57785559e+00 1.45417306e-01
0.00000000e+00 4.57683873e+00 1.41940678e-01
0.00000000e+00 4.64818039e+00 1.21074398e-01
0.00000000e+00 4.64818039e+00 1.21074398e-01
0.00000000e+00 4.57683873e+00 1.41940678e-01
0.00000000e+00 4.57582188e+00 1.38464051e-01
0.00000000e+00 4.64716354e+00 1.17597771e-01
0.00000000e+00 4.64716354e+00 1.17597771e-01
0.00000000e+00 4.57582188e+00 1.38464051e-01
0.00000000e+00 4.57480502e+00 1.34987424e-01
0.00000000e+00 4.64614668e+00 1.14121144e-01
0.00000000e+00 4.64614668e+00 1.14121144e-01
0.00000000e+00 4.57480502e+00 1.34987424e-01
0.00000000e+00 4.57378816e+00 1.31510796e-01
0.00000000e+00 4.64512982e+00 1.10644516e-01
0.00000000e+00 4.64512982e+00 1.10644516e-01
0.00000000e+00 4.57378816e+00 1.31510796e-01
0.00000000e+00 4.57277130e+00 1.28034169e-01
0.00000000e+00 4.64411296e+00 1.07167889e-01
0.00000000e+00 4.64411296e+00 1.07167889e-01
0.00000000e+00 4.57277130e+00 1.28034169e-01
0.00000000e+00 4.57175445e+00 1.24557542e-01
0.00000000e+00 4.64309611e+00 1.03691262e-01
0.00000000e+00 4.64309611e+00 1.03691262e-01
0.00000000e+00 4.57175445e+00 1.24557542e-01
0.00000000e+00 4.57073759e+00 1.21080914e-01
0.00000000e+00 4.64207925e+00 1.00214634e-01
0.00000000e+00 4.64207925e+00 1.00214634e-01
0.00000000e+00 4.57073759e+00 1.21080914e-01
0.00000000e+00 4.56972073e+00 1.17604287e-01
0.00000000e+00 4.64106239e+00 9.67380068e-02
0.00000000e+00 4.57880720e+00 1.48912869e-01
0.00000000e+00 4.50738159e+00 1.69480939e-01
0.00000000e+00 4.50637923e+00 1.66000103e-01
0.00000000e+00 4.57780484e+00 1.45432033e-01
0.00000000e+00 4.57780484e+00 1.45432033e-01
0.00000000e+00 4.50637923e+00 1.66000103e-01
0.00000000e+00 4.50537688e+00 1.62519268e-01
0.00000000e+00 4.57680249e+00 1.41951198e-01
0.00000000e+00 4.57680249e+00 1.41951198e-01
0.00000000e+00 4.50537688e+00 1.62519268e-01
0.00000000e+00 4.50437452e+00 1.59038433e-01
0.00000000e+00 4.57580013e+00 1.38470363e-01
0.00000000e+00 4.57580013e+00 1.38470363e-01
0.00000000e+00 4.50437452e+00 1.59038433e-01
0.00000000e+00 4.50337216e+00 1.55557598e-01
0.00000000e+00 4.57479777e+00 1.34989528e-01
0.00000000e+00 4.57479777e+00 1.34989528e-01
0.00000000e+00 4.50337216e+00 1.55557598e-01
0.00000000e+00 4.50236980e+00 1.52076762e-01
0.00000000e+00 4.57379541e+00 1.31508692e-01
0.00000000e+00 4.57379541e+00 1.31508692e-01
0.00000000e+00 4.50236980e+00 1.52076762e-01
0.00000000e+00 4.50136744e+00 1.48595927e-01
0.00000000e+00 4.57279305e+00 1.28027857e-01
0.00000000e+00 4.57279305e+00 1.28027857e-01
0.00000000e+00 4.50136744e+00 1.48595927e-01
0.00000000e+00 4.50036508e+00 1.45115092e-01
0.00000000e+00 4.57179069e+00 1.24547022e-01
0.00000000e+00 4.57179069e+00 1.24547022e-01
0.00000000e+00 4.50036508e+00 1.45115092e-01
0.00000000e+00 4.49936273e+00 1.41634257e-01
0.00000000e+00 4.57078834e+00 1.21066187e-01
0.00000000e+00 4.57078834e+00 1.21066187e-01
0.00000000e+00 4.49936273e+00 1.41634257e-01
0.00000000e+00 4.49836037e+00 1.38153421e-01
0.00000000e+00 4.56978598e+00 1.17585351e-01
0.00000000e+00 4.50734188e+00 1.69492321e-01
0.00000000e+00 4.43585611e+00 1.89881641e-01
0.00000000e+00 4.43486257e+00 1.86398276e-01
0.00000000e+00 4.50634834e+00 1.66008956e-01
0.00000000e+00 4.50634834e+00 1.66008956e-01
0.00000000e+00 4.43486257e+00 1.86398276e-01
0.00000000e+00 4.43386904e+00 1.82914912e-01
0.00000000e+00 4.50535481e+00 1.62525592e-01
0.00000000e+00 4.50535481e+00 1.62525592e-01
0.00000000e+00 4.43386904e+00 1.82914912e-01
0.00000000e+00 4.43287551e+00 1.79431547e-01
0.00000000e+00 4.50436128e+00 1.59042227e-01
0.00000000e+00 4.50436128e+00 1.59042227e-01
0.00000000e+00 4.43287551e+00 1.79431547e-01
0.00000000e+00 4.43188198e+00 1.75948182e-01
0.00000000e+00 4.50336775e+00 1.55558862e-01
0.00000000e+00 4.50336775e+00 1.55558862e-01
0.00000000e+00 4.43188198e+00 1.75948182e-01
0.00000000e+00 4.43088844e+00 1.72464818e-01
0.00000000e+00 4.50237421e+00 1.52075498e-01
0.00000000e+00 4.50237421e+00 1.52075498e-01
0.00000000e+00 4.43088844e+00 1.72464818e-01
0.00000000e+00 4.42989491e+00 1.68981453e-01
0.00000000e+00 4.50138068e+00 1.48592133e-01
0.00000000e+00 4.50138068e+00 1.48592133e-01
0.00000000e+00 4.42989491e+00 1.68981453e-01
0.00000000e+00 4.42890138e+00 1.65498088e-01
0.00000000e+00 4.50038715e+00 1.45108768e-01
0.00000000e+00 4.50038715e+00 1.45108768e-01
0.00000000e+00 4.42890138e+00 1.65498088e-01
0.00000000e+00 4.42790785e+00 1.62014724e-01
0.00000000e+00 4.49939362e+00 1.41625404e-01
0.00000000e+00 4.49939362e+00 1.41625404e-01
0.00000000e+00 4.42790785e+00 1.62014724e-01
0.00000000e+00 4.42691431e+00 1.58531359e-01
0.00000000e+00 4.49840008e+00 1.38142039e-01
0.00000000e+00 4.43580753e+00 1.89895414e-01
0.00000000e+00 4.36424372e+00 2.10067514e-01
0.00000000e+00 4.36326099e+00 2.06581089e-01
0.00000000e+00 4.43482480e+00 1.86408989e-01
0.00000000e+00 4.43482480e+00 1.86408989e-01
0.00000000e+00 4.36326099e+00 2.06581089e-01
0.00000000e+00 4.36227825e+00 2.03094663e-01
0.00000000e+00 4.43384206e+00 1.82922563e-01
0.00000000e+00 4.43384206e+00 1.82922563e-01
0.00000000e+00 4.36227825e+00 2.03094663e-01
0.00000000e+00 4.36129551e+00 1.99608238e-01
0.00000000e+00 4.43285932e+00 1.79436138e-01
0.00000000e+00 4.43285932e+00 1.79436138e-01
0.00000000e+00 4.36129551e+00 1.99608238e-01
0.00000000e+00 4.36031277e+00 1.96121813e-01
0.00000000e+00 4.43187658e+00 1.75949713e-01
0.00000000e+00 4.43187658e+00 1.75949713e-01
0.00000000e+00 4.36031277e+00 1.96121813e-01
0.00000000e+00 4.35933003e+00 1.92635387e-01
0.00000000e+00 4.43089384e+00 1.72463287e-01
0.00000000e+00 4.43089384e+00 1.72463287e-01
0.00000000e+00 4.35933003e+00 1.92635387e-01
0.00000000e+00 4.35834729e+00 1.89148962e-01
0.00000000e+00 4.42991110e+00 1.68976862e-01
0.00000000e+00 4.42991110e+00 1.68976862e-01
0.00000000e+00 4.35834729e+00 1.89148962e-01
0.00000000e+00 4.35736455e+00 1.85662537e-01
0.00000000e+00 4.42892836e+00 1.65490437e-01
0.00000000e+00 4.42892836e+00 1.65490437e-01
0.00000000e+00 4.35736455e+00 1.85662537e-01
0.00000000e+00 4.35638181e+00 1.82176111e-01
0.00000000e+00 4.42794562e+00 1.62004011e-01
0.00000000e+00 4.42794562e+00 1.62004011e-01
0.00000000e+00 4.35638181e+00 1.82176111e-01
0.00000000e+00 4.35539908e+00 1.78689686e-01
0.00000000e+00 4.42696289e+00 1.58517586e-01
0.00000000e+00 4.36423417e+00 2.10070205e-01
0.00000000e+00 4.29264372e+00 2.30202745e-01
0.00000000e+00 4.29166310e+00 2.26715722e-01
0.00000000e+00 4.36325355e+00 2.06583182e-01
0.00000000e+00 4.36325355e+00 2.06583182e-01
0.00000000e+00 4.29166310e+00 2.26715722e-01
0.00000000e+00 4.29068249e+00 2.23228698e-01
0.00000000e+00 4.36227294e+00 2.03096158e-01
0.00000000e+00 4.36227294e+00 2.03096158e-01
0.00000000e+00 4.29068249e+00 2.23228698e-01
0.00000000e+00 4.28970187e+00 2.19741675e-01
0.00000000e+00 4.36129232e+00 1.99609135e-01
0.00000000e+00 4.36129232e+00 1.99609135e-01
0.00000000e+00 4.28970187e+00 2.19741675e-01
0.00000000e+00 4.28872126e+00 2.16254652e-01
0.00000000e+00 4.36031171e+00 1.96122112e-01
0.00000000e+00 4.36031171e+00 1.96122112e-01
0.00000000e+00 4.28872126e+00 2.16254652e-01
0.00000000e+00 4.28774064e+00 2.12767628e-01
0.00000000e+00 4.35933109e+00 1.92635088e-01
0.00000000e+00 4.35933109e+00 1.92635088e-01
0.00000000e+00 4.28774064e+00 2.12767628e-01
0.00000000e+00 4.28676003e+00 2.09280605e-01
0.00000000e+00 4.35835048e+00 1.89148065e-01
0.00000000e+00 4.35835048e+00 1.89148065e-01
0.00000000e+00 4.28676003e+00 2.09280605e-01
0.00000000e+00 4.28577941e+00 2.05793582e-01
0.00000000e+00 4.35736986e+00 1.85661042e-01
0.00000000e+00 4.35736986e+00 1.85661042e-01
0.00000000e+00 4.28577941e+00 2.05793582e-01
0.00000000e+00 4.28479880e+00 2.02306558e-01
0.00000000e+00 4.35638925e+00 1.82174018e-01
0.00000000e+00 4.35638925e+00 1.82174018e-01
0.00000000e+00 4.28479880e+00 2.02306558e-01
0.00000000e+00 4.28381818e+00 1.98819535e-01
0.00000000e+00 4.35540863e+00 1.78686995e-01
0.00000000e+00 4.29262385e+00 2.30208318e-01
0.00000000e+00 4.22100032e+00 2.50252358e-01
0.00000000e+00 4.22002412e+00 2.46764097e-01
0.00000000e+00 4.29164765e+00 2.26720057e-01
0.00000000e+00 4.29164765e+00 2.26720057e-01
0.00000000e+00 4.22002412e+00 2.46764097e-01
0.00000000e+00 4.21904792e+00 2.43275835e-01
0.00000000e+00 4.29067145e+00 2.23231795e-01
0.00000000e+00 4.29067145e+00 2.23231795e-01
0.00000000e+00 4.21904792e+00 2.43275835e-01
0.00000000e+00 4.21807172e+00 2.39787573e-01
0.00000000e+00 4.28969525e+00 2.19743533e-01
0.00000000e+00 4.28969525e+00 2.19743533e-01
0.00000000e+00 4.21807172e+00 2.39787573e-01
0.00000000e+00 4.21709552e+00 2.36299311e-01
0.00000000e+00 4.28871905e+00 2.16255271e-01
0.00000000e+00 4.28871905e+00 2.16255271e-01
0.00000000e+00 4.21709552e+00 2.36299311e-01
0.00000000e+00 4.21611932e+00 2.32811049e-01
0.00000000e+00 4.28774285e+00 2.12767009e-01
0.00000000e+00 4.28774285e+00 2.12767009e-01
0.00000000e+00 4.21611932e+00 2.32811049e-01
0.00000000e+00 4.21514312e+00 2.29322787e-01
0.00000000e+00 4.28676665e+00 2.09278747e-01
0.00000000e+00 4.28676665e+00 2.09278747e-01
0.00000000e+00 4.21514312e+00 2.29322787e-01
0.00000000e+00 4.21416692e+00 2.25834525e-01
0.00000000e+00 4.28579045e+00 2.05790485e-01
0.00000000e+00 4.28579045e+00 2.05790485e-01
0.00000000e+00 4.21416692e+00 2.25834525e-01
0.00000000e+00 4.21319072e+00 2.22346263e-01
0.00000000e+00 4.28481425e+00 2.02302223e-01
0.00000000e+00 4.28481425e+00 2.02302223e-01
0.00000000e+00 4.21319072e+00 2.22346263e-01
0.00000000e+00 4.21221452e+00 2.18858002e-01
0.00000000e+00 4.28383805e+00 1.98813962e-01
0.00000000e+00 4.22100607e+00 2.50250749e-01
0.00000000e+00 4.14936446e+00 2.70328139e-01
0.00000000e+00 4.14838698e+00 2.66840235e-01
0.00000000e+00 4.22002859e+00 2.46762845e-01
0.00000000e+00 4.22002859e+00 2.46762845e-01
0.00000000e+00 4.14838698e+00 2.66840235e-01
0.00000000e+00 4.14740950e+00 2.63352330e-01
0.00000000e+00 4.21905111e+00 2.43274940e-01
0.00000000e+00 4.21905111e+00 2.43274940e-01
0.00000000e+00 4.14740950e+00 2.63352330e-01
0.00000000e+00 4.14643203e+00 2.59864426e-01
0.00000000e+00 4.21807364e+00 2.39787036e-01
0.00000000e+00 4.21807364e+00 2.39787036e-01
0.00000000e+00 4.14643203e+00 2.59864426e-01
0.00000000e+00 4.14545455e+00 2.56376522e-01
0.00000000e+00 4.21709616e+00 2.36299132e-01
0.00000000e+00 4.21709616e+00 2.36299132e-01
0.00000000e+00 4.14545455e+00 2.56376522e-01
0.00000000e+00 4.14447707e+00 2.52888618e-01
0.00000000e+00 4.21611868e+00 2.32811228e-01
0.00000000e+00 4.21611868e+00 2.32811228e-01
0.00000000e+00 4.14447707e+00 2.52888618e-01
0.00000000e+00 4.14349959e+00 2.49400714e-01
0.00000000e+00 4.21514120e+00 2.29323324e-01
0.00000000e+00 4.21514120e+00 2.29323324e-01
0.00000000e+00 4.14349959e+00 2.49400714e-01
0.00000000e+00 4.14252212e+00 2.45912810e-01
0.00000000e+00 4.21416373e+00 2.25835420e-01
0.00000000e+00 4.21416373e+00 2.25835420e-01
0.00000000e+00 4.14252212e+00 2.45912810e-01
0.00000000e+00 4.14154464e+00 2.42424905e-01
0.00000000e+00 4.21318625e+00 2.22347515e-01
0.00000000e+00 4.21318625e+00 2.22347515e-01
0.00000000e+00 4.14154464e+00 2.42424905e-01
0.00000000e+00 4.14056716e+00 2.38937001e-01
0.00000000e+00 4.21220877e+00 2.18859611e-01
0.00000000e+00 4.14939541e+00 2.70319430e-01
0.00000000e+00 4.07779402e+00 2.90537990e-01
0.00000000e+00 4.07680967e+00 2.87052021e-01
0.00000000e+00 4.14841106e+00 2.66833461e-01
0.00000000e+00 4.14841106e+00 2.66833461e-01
0.00000000e+00 4.07680967e+00 2.87052021e-01
0.00000000e+00 4.07582531e+00 2.83566052e-01
0.00000000e+00 4.14742670e+00 2.63347492e-01
0.00000000e+00 4.14742670e+00 2.63347492e-01
0.00000000e+00 4.07582531e+00 2.83566052e-01
0.00000000e+00 4.07484095e+00 2.80080083e-01
0.00000000e+00 4.14644234e+00 2.59861523e-01
0.00000000e+00 4.14644234e+00 2.59861523e-01
0.00000000e+00 4.07484095e+00 2.80080083e-01
0.00000000e+00 4.07385660e+00 2.76594114e-01
0.00000000e+00 4.14545799e+00 2.56375554e-01
0.00000000e+00 4.14545799e+00 2.56375554e-01
0.00000000e+00 4.07385660e+00 2.76594114e-01
0.00000000e+00 4.07287224e+00 2.73108146e-01
0.00000000e+00 4.14447363e+00 2.52889586e-01
0.00000000e+00 4.14447363e+00 2.52889586e-01
0.00000000e+00 4.07287224e+00 2.73108146e-01
0.00000000e+00 4.07188789e+00 2.69622177e-01
0.00000000e+00 4.14348928e+00 2.49403617e-01
0.00000000e+00 4.14348928e+00 2.49403617e-01
0.00000000e+00 4.07188789e+00 2.69622177e-01
0.00000000e+00 4.07090353e+00 2.66136208e-01
0.00000000e+00 4.14250492e+00 2.45917648e-01
0.00000000e+00 4.14250492e+00 2.45917648e-01
0.00000000e+00 4.07090353e+00 2.66136208e-01
0.00000000e+00 4.06991917e+00 2.62650239e-01
0.00000000e+00 4.14152056e+00 2.42431679e-01
0.00000000e+00 4.14152056e+00 2.42431679e-01
0.00000000e+00 4.06991917e+00 2.62650239e-01
0.00000000e+00 4.06893482e+00 2.59164270e-01
0.00000000e+00 4.14053621e+00 2.38945710e-01
0.00000000e+00 4.07779884e+00 2.90536629e-01
0.00000000e+00 4.00621084e+00 3.10775149e-01
0.00000000e+00 4.00522541e+00 3.07289483e-01
0.00000000e+00 4.07681341e+00 2.87050963e-01
0.00000000e+00 4.07681341e+00 2.87050963e-01
0.00000000e+00 4.00522541e+00 3.07289483e-01
0.00000000e+00 4.00423999e+00 3.03803816e-01
0.00000000e+00 4.07582799e+00 2.83565296e-01
0.00000000e+00 4.07582799e+00 2.83565296e-01
0.00000000e+00 4.00423999e+00 3.03803816e-01
0.00000000e+00 4.00325456e+00 3.00318150e-01
0.00000000e+00 4.07484256e+00 2.80079630e-01
0.00000000e+00 4.07484256e+00 2.80079630e-01
0.00000000e+00 4.00325456e+00 3.00318150e-01
0.00000000e+00 4.00226913e+00 2.96832483e-01
0.00000000e+00 4.07385713e+00 2.76593963e-01
0.00000000e+00 4.07385713e+00 2.76593963e-01
0.00000000e+00 4.00226913e+00 2.96832483e-01
0.00000000e+00 4.00128371e+00 2.93346817e-01
0.00000000e+00 4.07287171e+00 2.73108297e-01
0.00000000e+00 4.07287171e+00 2.73108297e-01
0.00000000e+00 4.00128371e+00 2.93346817e-01
0.00000000e+00 4.00029828e+00 2.89861150e-01
0.00000000e+00 4.07188628e+00 2.69622630e-01
0.00000000e+00 4.07188628e+00 2.69622630e-01
0.00000000e+00 4.00029828e+00 2.89861150e-01
0.00000000e+00 3.99931285e+00 2.86375484e-01
0.00000000e+00 4.07090085e+00 2.66136964e-01
0.00000000e+00 4.07090085e+00 2.66136964e-01
0.00000000e+00 3.99931285e+00 2.86375484e-01
0.00000000e+00 3.99832743e+00 2.82889817e-01
0.00000000e+00 4.06991543e+00 2.62651297e-01
0.00000000e+00 4.06991543e+00 2.62651297e-01
0.00000000e+00 3.99832743e+00 2.82889817e-01
0.00000000e+00 3.99734200e+00 2.79404151e-01
0.00000000e+00 4.06893000e+00 2.59165631e-01
0.00000000e+00 4.00622742e+00 3.10770453e-01
0.00000000e+00 3.93465583e+00 3.31086053e-01
0.00000000e+00 3.93366672e+00 3.27601430e-01
0.00000000e+00 4.00523831e+00 3.07285830e-01
0.00000000e+00 4.00523831e+00 3.07285830e-01
0.00000000e+00 3.93366672e+00 3.27601430e-01
0.00000000e+00 3.93267761e+00 3.24116807e-01
0.00000000e+00 4.00424920e+00 3.03801207e-01
0.00000000e+00 4.00424920e+00 3.03801207e-01
0.00000000e+00 3.93267761e+00 3.24116807e-01
0.00000000e+00 3.93168850e+00 3.20632184e-01
0.00000000e+00 4.00326009e+00 3.00316584e-01
0.00000000e+00 4.00326009e+00 3.00316584e-01
0.00000000e+00 3.93168850e+00 3.20632184e-01
0.00000000e+00 3.93069939e+00 3.17147561e-01
0.00000000e+00 4.00227098e+00 2.96831961e-01
0.00000000e+00 4.00227098e+00 2.96831961e-01
0.00000000e+00 3.93069939e+00 3.17147561e-01
0.00000000e+00 3.92971027e+00 3.13662939e-01
0.00000000e+00 4.00128186e+00 2.93347339e-01
0.00000000e+00 4.00128186e+00 2.93347339e-01
0.00000000e+00 3.92971027e+00 3.13662939e-01
0.00000000e+00 3.92872116e+00 3.10178316e-01
0.00000000e+00 4.00029275e+00 2.89862716e-01
0.00000000e+00 4.00029275e+00 2.89862716e-01
0.00000000e+00 3.92872116e+00 3.10178316e-01
0.00000000e+00 3.92773205e+00 3.06693693e-01
0.00000000e+00 3.99930364e+00 2.86378093e-01
0.00000000e+00 3.99930364e+00 2.86378093e-01
0.00000000e+00 3.92773205e+00 3.06693693e-01
0.00000000e+00 3.92674294e+00 3.03209070e-01
0.00000000e+00 3.99831453e+00 2.82893470e-01
0.00000000e+00 3.99831453e+00 2.82893470e-01
0.00000000e+00 3.92674294e+00 3.03209070e-01
0.00000000e+00 3.92575383e+00 2.99724447e-01
0.00000000e+00 3.99732542e+00 2.79408847e-01
0.00000000e+00 3.93230227e+00 3.31570018e-01
0.00000000e+00 3.85770905e+00 3.41248758e-01
0.00000000e+00 3.85724295e+00 3.37656587e-01
0.00000000e+00 3.93183617e+00 3.27977847e-01
0.00000000e+00 3.93183617e+00 3.27977847e-01
0.00000000e+00 3.85724295e+00 3.37656587e-01
0.00000000e+00 3.85677685e+00 3.34064417e-01
0.00000000e+00 3.93137007e+00 3.24385677e-01
0.00000000e+00 3.93137007e+00 3.24385677e-01
0.00000000e+00 3.85677685e+00 3.34064417e-01
0.00000000e+00 3.85631076e+00 3.30472246e-01
0.00000000e+00 3.93090398e+00 3.20793506e-01
0.00000000e+00 3.93090398e+00 3.20793506e-01
0.00000000e+00 3.85631076e+00 3.30472246e-01
0.00000000e+00 3.85584466e+00 3.26880075e-01
0.00000000e+00 3.93043788e+00 3.17201335e-01
0.00000000e+00 3.93043788e+00 3.17201335e-01
0.00000000e+00 3.85584466e+00 3.26880075e-01
0.00000000e+00 3.85537856e+00 3.23287905e-01
0.00000000e+00 3.92997178e+00 3.13609165e-01
0.00000000e+00 3.92997178e+00 3.13609165e-01
0.00000000e+00 3.85537856e+00 3.23287905e-01
0.00000000e+00 3.85491246e+00 3.19695734e-01
0.00000000e+00 3.92950568e+00 3.10016994e-01
0.00000000e+00 3.92950568e+00 3.10016994e-01
0.00000000e+00 3.85491246e+00 3.19695734e-01
0.00000000e+00 3.85444637e+00 3.16103563e-01
0.00000000e+00 3.92903959e+00 3.06424823e-01
0.00000000e+00 3.92903959e+00 3.06424823e-01
0.00000000e+00 3.85444637e+00 3.16103563e-01
0.00000000e+00 3.85398027e+00 3.12511393e-01
0.00000000e+00 3.92857349e+00 3.02832653e-01
0.00000000e+00 3.92857349e+00 3.02832653e-01
0.00000000e+00 3.85398027e+00 3.12511393e-01
0.00000000e+00 3.85351417e+00 3.08919222e-01
0.00000000e+00 3.92810739e+00 2.99240482e-01
0.00000000e+00 3.86050148e+00 3.63329677e-01
0.00000000e+00 3.78682201e+00 3.72749897e-01
0.00000000e+00 3.78573537e+00 3.64250856e-01
0.00000000e+00 3.85941484e+00 3.54830636e-01
0.00000000e+00 3.85941484e+00 3.54830636e-01
0.00000000e+00 3.78573537e+00 3.64250856e-01
0.00000000e+00 3.78464873e+00 3.55751814e-01
0.00000000e+00 3.85832820e+00 3.46331594e-01
0.00000000e+00 3.85832820e+00 3.46331594e-01
0.00000000e+00 3.78464873e+00 3.55751814e-01
0.00000000e+00 3.78356210e+00 3.47252772e-01
0.00000000e+00 3.85724157e+00 3.37832552e-01
0.00000000e+00 3.85724157e+00 3.37832552e-01
0.00000000e+00 3.78356210e+00 3.47252772e-01
0.00000000e+00 3.78247546e+00 3.38753731e-01
0.00000000e+00 3.85615493e+00 3.29333511e-01
0.00000000e+00 3.85615493e+00 3.29333511e-01
0.00000000e+00 3.78247546e+00 3.38753731e-01
0.00000000e+00 3.78138882e+00 3.30254689e-01
0.00000000e+00 3.85506829e+00 3.20834469e-01
0.00000000e+00 3.85506829e+00 3.20834469e-01
0.00000000e+00 3.78138882e+00 3.30254689e-01
0.00000000e+00 3.78030218e+00 3.21755648e-01
0.00000000e+00 3.85398165e+00 3.12335428e-01
0.00000000e+00 3.85398165e+00 3.12335428e-01
0.00000000e+00 3.78030218e+00 3.21755648e-01
0.00000000e+00 3.77921555e+00 3.13256606e-01
0.00000000e+00 3.85289502e+00 3.03836386e-01
0.00000000e+00 3.85289502e+00 3.03836386e-01
0.00000000e+00 3.77921555e+00 3.13256606e-01
0.00000000e+00 3.77812891e+00 3.04757564e-01
0.00000000e+00 3.85180838e+00 2.95337344e-01
0.00000000e+00 3.85180838e+00 2.95337344e-01
0.00000000e+00 3.77812891e+00 3.04757564e-01
0.00000000e+00 3.77704227e+00 2.96258523e-01
0.00000000e+00 3.85072174e+00 2.86838303e-01
0.00000000e+00 3.79252150e+00 3.71578579e-01
0.00000000e+00 3.72190089e+00 3.91749579e-01
0.00000000e+00 3.71954770e+00 3.83510830e-01
0.00000000e+00 3.79016831e+00 3.63339830e-01
0.00000000e+00 3.79016831e+00 3.63339830e-01
0.00000000e+00 3.71954770e+00 3.83510830e-01
0.00000000e+00 3.71719451e+00 3.75272082e-01
0.00000000e+00 3.78781512e+00 3.55101082e-01
0.00000000e+00 3.78781512e+00 3.55101082e-01
0.00000000e+00 3.71719451e+00 3.75272082e-01
0.00000000e+00 3.71484132e+00 3.67033333e-01
0.00000000e+00 3.78546193e+00 3.46862333e-01
0.00000000e+00 3.78546193e+00 3.46862333e-01
0.00000000e+00 3.71484132e+00 3.67033333e-01
0.00000000e+00 3.71248813e+00 3.58794584e-01
0.00000000e+00 3.78310874e+00 3.38623584e-01
0.00000000e+00 3.78310874e+00 3.38623584e-01
0.00000000e+00 3.71248813e+00 3.58794584e-01
0.00000000e+00 3.71013493e+00 3.50555836e-01
0.00000000e+00 3.78075554e+00 3.30384836e-01
0.00000000e+00 3.78075554e+00 3.30384836e-01
0.00000000e+00 3.71013493e+00 3.50555836e-01
0.00000000e+00 3.70778174e+00 3.42317087e-01
0.00000000e+00 3.77840235e+00 3.22146087e-01
0.00000000e+00 3.77840235e+00 3.22146087e-01
0.00000000e+00 3.70778174e+00 3.42317087e-01
0.00000000e+00 3.70542855e+00 3.34078338e-01
0.00000000e+00 3.77604916e+00 3.13907338e-01
0.00000000e+00 3.77604916e+00 3.13907338e-01
0.00000000e+00 3.70542855e+00 3.34078338e-01
0.00000000e+00 3.70307536e+00 3.25839590e-01
0.00000000e+00 3.77369597e+00 3.05668590e-01
0.00000000e+00 3.77369597e+00 3.05668590e-01
0.00000000e+00 3.70307536e+00 3.25839590e-01
0.00000000e+00 3.70072217e+00 3.17600841e-01
0.00000000e+00 3.77134278e+00 2.97429841e-01
0.00000000e+00 3.72190903e+00 3.91747253e-01
0.00000000e+00 3.65130452e+00 4.11930423e-01
0.00000000e+00 3.64894952e+00 4.03692191e-01
0.00000000e+00 3.71955403e+00 3.83509021e-01
0.00000000e+00 3.71955403e+00 3.83509021e-01
0.00000000e+00 3.64894952e+00 4.03692191e-01
0.00000000e+00 3.64659452e+00 3.95453960e-01
0.00000000e+00 3.71719903e+00 3.75270790e-01
0.00000000e+00 3.71719903e+00 3.75270790e-01
0.00000000e+00 3.64659452e+00 3.95453960e-01
0.00000000e+00 3.64423952e+00 3.87215728e-01
0.00000000e+00 3.71484403e+00 3.67032558e-01
0.00000000e+00 3.71484403e+00 3.67032558e-01
0.00000000e+00 3.64423952e+00 3.87215728e-01
0.00000000e+00 3.64188452e+00 3.78977496e-01
0.00000000e+00 3.71248903e+00 3.58794326e-01
0.00000000e+00 3.71248903e+00 3.58794326e-01
0.00000000e+00 3.64188452e+00 3.78977496e-01
0.00000000e+00 3.63952952e+00 3.70739264e-01
0.00000000e+00 3.71013403e+00 3.50556094e-01
0.00000000e+00 3.71013403e+00 3.50556094e-01
0.00000000e+00 3.63952952e+00 3.70739264e-01
0.00000000e+00 3.63717452e+00 3.62501032e-01
0.00000000e+00 3.70777903e+00 3.42317862e-01
0.00000000e+00 3.70777903e+00 3.42317862e-01
0.00000000e+00 3.63717452e+00 3.62501032e-01
0.00000000e+00 3.63481952e+00 3.54262800e-01
0.00000000e+00 3.70542403e+00 3.34079630e-01
0.00000000e+00 3.70542403e+00 3.34079630e-01
0.00000000e+00 3.63481952e+00 3.54262800e-01
0.00000000e+00 3.63246452e+00 3.46024569e-01
0.00000000e+00 3.70306903e+00 3.25841399e-01
0.00000000e+00 3.70306903e+00 3.25841399e-01
0.00000000e+00 3.63246452e+00 3.46024569e-01
0.00000000e+00 3.63010952e+00 3.37786337e-01
0.00000000e+00 3.70071403e+00 3.17603167e-01
0.00000000e+00 3.65130599e+00 4.11930004e-01
0.00000000e+00 3.58069826e+00 4.32117114e-01
0.00000000e+00 3.57834293e+00 4.23878975e-01
0.00000000e+00 3.64895066e+00 4.03691865e-01
0.00000000e+00 3.64895066e+00 4.03691865e-01
0.00000000e+00 3.57834293e+00 4.23878975e-01
0.00000000e+00 3.57598760e+00 4.15640837e-01
0.00000000e+00 3.64659533e+00 3.95453727e-01
0.00000000e+00 3.64659533e+00 3.95453727e-01
0.00000000e+00 3.57598760e+00 4.15640837e-01
0.00000000e+00 3.57363228e+00 4.07402698e-01
0.00000000e+00 3.64424001e+00 3.87215588e-01
0.00000000e+00 3.64424001e+00 3.87215588e-01
0.00000000e+00 3.57363228e+00 4.07402698e-01
0.00000000e+00 3.57127695e+00 3.99164559e-01
0.00000000e+00 3.64188468e+00 3.78977449e-01
0.00000000e+00 3.64188468e+00 3.78977449e-01
0.00000000e+00 3.57127695e+00 3.99164559e-01
0.00000000e+00 3.56892163e+00 3.90926421e-01
0.00000000e+00 3.63952936e+00 3.70739311e-01
0.00000000e+00 3.63952936e+00 3.70739311e-01
0.00000000e+00 3.56892163e+00 3.90926421e-01
0.00000000e+00 3.56656630e+00 3.82688282e-01
0.00000000e+00 3.63717403e+00 3.62501172e-01
0.00000000e+00 3.63717403e+00 3.62501172e-01
0.00000000e+00 3.56656630e+00 3.82688282e-01
0.00000000e+00 3.56421098e+00 3.74450143e-01
0.00000000e+00 3.63481871e+00 3.54263033e-01
0.00000000e+00 3.63481871e+00 3.54263033e-01
0.00000000e+00 3.56421098e+00 3.74450143e-01
0.00000000e+00 3.56185565e+00 3.66212005e-01
0.00000000e+00 3.63246338e+00 3.46024895e-01
0.00000000e+00 3.63246338e+00 3.46024895e-01
0.00000000e+00 3.56185565e+00 3.66212005e-01
0.00000000e+00 3.55950032e+00 3.57973866e-01
0.00000000e+00 3.63010805e+00 3.37786756e-01
0.00000000e+00 3.58071442e+00 4.32112489e-01
0.00000000e+00 3.51011555e+00 4.52330369e-01
0.00000000e+00 3.50775663e+00 4.44093258e-01
0.00000000e+00 3.57835550e+00 4.23875378e-01
0.00000000e+00 3.57835550e+00 4.23875378e-01
0.00000000e+00 3.50775663e+00 4.44093258e-01
0.00000000e+00 3.50539771e+00 4.35856147e-01
0.00000000e+00 3.57599658e+00 4.15638267e-01
0.00000000e+00 3.57599658e+00 4.15638267e-01
0.00000000e+00 3.50539771e+00 4.35856147e-01
0.00000000e+00 3.50303880e+00 4.27619036e-01
0.00000000e+00 3.57363767e+00 4.07401156e-01
0.00000000e+00 3.57363767e+00 4.07401156e-01
0.00000000e+00 3.50303880e+00 4.27619036e-01
0.00000000e+00 3.50067988e+00 4.19381925e-01
0.00000000e+00 3.57127875e+00 3.99164045e-01
0.00000000e+00 3.57127875e+00 3.99164045e-01
0.00000000e+00 3.50067988e+00 4.19381925e-01
0.00000000e+00 3.49832096e+00 4.11144815e-01
0.00000000e+00 3.56891983e+00 3.90926935e-01
0.00000000e+00 3.56891983e+00 3.90926935e-01
0.00000000e+00 3.49832096e+00 4.11144815e-01
0.00000000e+00 3.49596204e+00 4.02907704e-01
0.00000000e+00 3.56656091e+00 3.82689824e-01
0.00000000e+00 3.56656091e+00 3.82689824e-01
0.00000000e+00 3.49596204e+00 4.02907704e-01
0.00000000e+00 3.49360313e+00 3.94670593e-01
0.00000000e+00 3.56420200e+00 3.74452713e-01
0.00000000e+00 3.56420200e+00 3.74452713e-01
0.00000000e+00 3.49360313e+00 3.94670593e-01
0.00000000e+00 3.49124421e+00 3.86433482e-01
0.00000000e+00 3.56184308e+00 3.66215602e-01
0.00000000e+00 3.56184308e+00 3.66215602e-01
0.00000000e+00 3.49124421e+00 3.86433482e-01
0.00000000e+00 3.48888529e+00 3.78196371e-01
0.00000000e+00 3.55948416e+00 3.57978491e-01
0.00000000e+00 3.51011692e+00 4.52329976e-01
0.00000000e+00 3.43952609e+00 4.72548386e-01
0.00000000e+00 3.43716687e+00 4.64311362e-01
0.00000000e+00 3.50775770e+00 4.44092952e-01
0.00000000e+00 3.50775770e+00 4.44092952e-01
0.00000000e+00 3.43716687e+00 4.64311362e-01
0.00000000e+00 3.43480765e+00 4.56074339e-01
0.00000000e+00 3.50539848e+00 4.35855929e-01
0.00000000e+00 3.50539848e+00 4.35855929e-01
0.00000000e+00 3.43480765e+00 4.56074339e-01
0.00000000e+00 3.43244842e+00 4.47837315e-01
0.00000000e+00 3.50303925e+00 4.27618905e-01
0.00000000e+00 3.50303925e+00 4.27618905e-01
0.00000000e+00 3.43244842e+00 4.47837315e-01
0.00000000e+00 3.43008920e+00 4.39600292e-01
0.00000000e+00 3.50068003e+00 4.19381882e-01
0.00000000e+00 3.50068003e+00 4.19381882e-01
0.00000000e+00 3.43008920e+00 4.39600292e-01
0.00000000e+00 3.42772998e+00 4.31363268e-01
0.00000000e+00 3.49832081e+00 4.11144858e-01
0.00000000e+00 3.49832081e+00 4.11144858e-01
0.00000000e+00 3.42772998e+00 4.31363268e-01
0.00000000e+00 3.42537076e+00 4.23126245e-01
0.00000000e+00 3.49596159e+00 4.02907835e-01
0.00000000e+00 3.49596159e+00 4.02907835e-01
0.00000000e+00 3.42537076e+00 4.23126245e-01
0.00000000e+00 3.42301153e+00 4.14889221e-01
0.00000000e+00 3.49360236e+00 3.94670811e-01
0.00000000e+00 3.49360236e+00 3.94670811e-01
0.00000000e+00 3.42301153e+00 4.14889221e-01
0.00000000e+00 3.42065231e+00 4.06652198e-01
0.00000000e+00 3.49124314e+00 3.86433788e-01
0.00000000e+00 3.49124314e+00 3.86433788e-01
0.00000000e+00 3.42065231e+00 4.06652198e-01
0.00000000e+00 3.41829309e+00 3.98415174e-01
0.00000000e+00 3.48888392e+00 3.78196764e-01
0.00000000e+00 3.43952766e+00 4.72547938e-01
0.00000000e+00 3.36894643e+00 4.92766818e-01
0.00000000e+00 3.36658686e+00 4.84529894e-01
0.00000000e+00 3.43716809e+00 4.64311014e-01
0.00000000e+00 3.43716809e+00 4.64311014e-01
0.00000000e+00 3.36658686e+00 4.84529894e-01
0.00000000e+00 3.36422729e+00 4.76292970e-01
0.00000000e+00 3.43480852e+00 4.56074090e-01
0.00000000e+00 3.43480852e+00 4.56074090e-01
0.00000000e+00 3.36422729e+00 4.76292970e-01
0.00000000e+00 3.36186772e+00 4.68056046e-01
0.00000000e+00 3.43244895e+00 4.47837166e-01
0.00000000e+00 3.43244895e+00 4.47837166e-01
0.00000000e+00 3.36186772e+00 4.68056046e-01
0.00000000e+00 3.35950815e+00 4.59819122e-01
0.00000000e+00 3.43008938e+00 4.39600242e-01
0.00000000e+00 3.43008938e+00 4.39600242e-01
0.00000000e+00 3.35950815e+00 4.59819122e-01
0.00000000e+00 3.35714857e+00 4.51582198e-01
0.00000000e+00 3.42772980e+00 4.31363318e-01
0.00000000e+00 3.42772980e+00 4.31363318e-01
0.00000000e+00 3.35714857e+00 4.51582198e-01
0.00000000e+00 3.35478900e+00 4.43345274e-01
0.00000000e+00 3.42537023e+00 4.23126394e-01
0.00000000e+00 3.42537023e+00 4.23126394e-01
0.00000000e+00 3.35478900e+00 4.43345274e-01
0.00000000e+00 3.35242943e+00 4.35108350e-01
0.00000000e+00 3.42301066e+00 4.14889470e-01
0.00000000e+00 3.42301066e+00 4.14889470e-01
0.00000000e+00 3.35242943e+00 4.35108350e-01
0.00000000e+00 3.35006986e+00 4.26871426e-01
0.00000000e+00 3.42065109e+00 4.06652546e-01
0.00000000e+00 3.42065109e+00 4.06652546e-01
0.00000000e+00 3.35006986e+00 4.26871426e-01
0.00000000e+00 3.34771029e+00 4.18634502e-01
0.00000000e+00 3.41829152e+00 3.98415622e-01
0.00000000e+00 3.36893032e+00 4.92771428e-01
0.00000000e+00 3.29834328e+00 5.12958788e-01
0.00000000e+00 3.29598729e+00 5.04720840e-01
0.00000000e+00 3.36657433e+00 4.84533480e-01
0.00000000e+00 3.36657433e+00 4.84533480e-01
0.00000000e+00 3.29598729e+00 5.04720840e-01
0.00000000e+00 3.29363130e+00 4.96482891e-01
0.00000000e+00 3.36421834e+00 4.76295531e-01
0.00000000e+00 3.36421834e+00 4.76295531e-01
0.00000000e+00 3.29363130e+00 4.96482891e-01
0.00000000e+00 3.29127531e+00 4.88244943e-01
0.00000000e+00 3.36186235e+00 4.68057583e-01
0.00000000e+00 3.36186235e+00 4.68057583e-01
0.00000000e+00 3.29127531e+00 4.88244943e-01
0.00000000e+00 3.28891932e+00 4.80006994e-01
0.00000000e+00 3.35950636e+00 4.59819634e-01
0.00000000e+00 3.35950636e+00 4.59819634e-01
0.00000000e+00 3.28891932e+00 4.80006994e-01
0.00000000e+00 3.28656332e+00 4.71769046e-01
0.00000000e+00 3.35715036e+00 4.51581686e-01
0.00000000e+00 3.35715036e+00 4.51581686e-01
0.00000000e+00 3.28656332e+00 4.71769046e-01
0.00000000e+00 3.28420733e+00 4.63531097e-01
0.00000000e+00 3.35479437e+00 4.43343737e-01
0.00000000e+00 3.35479437e+00 4.43343737e-01
0.00000000e+00 3.28420733e+00 4.63531097e-01
0.00000000e+00 3.28185134e+00 4.55293149e-01
0.00000000e+00 3.35243838e+00 4.35105789e-01
0.00000000e+00 3.35243838e+00 4.35105789e-01
0.00000000e+00 3.28185134e+00 4.55293149e-01
0.00000000e+00 3.27949535e+00 4.47055200e-01
0.00000000e+00 3.35008239e+00 4.26867840e-01
0.00000000e+00 3.35008239e+00 4.26867840e-01
0.00000000e+00 3.27949535e+00 4.47055200e-01
0.00000000e+00 3.27713936e+00 4.38817252e-01
0.00000000e+00 3.34772640e+00 4.18629892e-01
0.00000000e+00 3.29833890e+00 5.12960040e-01
0.00000000e+00 3.22774151e+00 5.33141340e-01
0.00000000e+00 3.22538649e+00 5.24903113e-01
0.00000000e+00 3.29598388e+00 5.04721813e-01
0.00000000e+00 3.29598388e+00 5.04721813e-01
0.00000000e+00 3.22538649e+00 5.24903113e-01
0.00000000e+00 3.22303148e+00 5.16664887e-01
0.00000000e+00 3.29362887e+00 4.96483587e-01
0.00000000e+00 3.29362887e+00 4.96483587e-01
0.00000000e+00 3.22303148e+00 5.16664887e-01
0.00000000e+00 3.22067646e+00 5.08426660e-01
0.00000000e+00 3.29127385e+00 4.88245360e-01
0.00000000e+00 3.29127385e+00 4.88245360e-01
0.00000000e+00 3.22067646e+00 5.08426660e-01
0.00000000e+00 3.21832144e+00 5.00188433e-01
0.00000000e+00 3.28891883e+00 4.80007133e-01
0.00000000e+00 3.28891883e+00 4.80007133e-01
0.00000000e+00 3.21832144e+00 5.00188433e-01
0.00000000e+00 3.21596642e+00 4.91950207e-01
0.00000000e+00 3.28656381e+00 4.71768907e-01
0.00000000e+00 3.28656381e+00 4.71768907e-01
0.00000000e+00 3.21596642e+00 4.91950207e-01
0.00000000e+00 3.21361140e+00 4.83711980e-01
0.00000000e+00 3.28420879e+00 4.63530680e-01
0.00000000e+00 3.28420879e+00 4.63530680e-01
0.00000000e+00 3.21361140e+00 4.83711980e-01
0.00000000e+00 3.21125638e+00 4.75473753e-01
0.00000000e+00 3.28185377e+00 4.55292453e-01
0.00000000e+00 3.28185377e+00 4.55292453e-01
0.00000000e+00 3.21125638e+00 4.75473753e-01
0.00000000e+00 3.20890137e+00 4.67235527e-01
0.00000000e+00 3.27949876e+00 4.47054227e-01
0.00000000e+00 3.27949876e+00 4.47054227e-01
0.00000000e+00 3.20890137e+00 4.67235527e-01
0.00000000e+00 3.20654635e+00 4.58997300e-01
0.00000000e+00 3.27714374e+00 4.38816000e-01
0.00000000e+00 3.22774133e+00 5.33141392e-01
0.00000000e+00 3.15715981e+00 5.53317782e-01
0.00000000e+00 3.15480483e+00 5.45079544e-01
0.00000000e+00 3.22538635e+00 5.24903154e-01
0.00000000e+00 3.22538635e+00 5.24903154e-01
0.00000000e+00 3.15480483e+00 5.45079544e-01
0.00000000e+00 3.15244985e+00 5.36841306e-01
0.00000000e+00 3.22303137e+00 5.16664916e-01
0.00000000e+00 3.22303137e+00 5.16664916e-01
0.00000000e+00 3.15244985e+00 5.36841306e-01
0.00000000e+00 3.15009488e+00 5.28603067e-01
0.00000000e+00 3.22067640e+00 5.08426677e-01
0.00000000e+00 3.22067640e+00 5.08426677e-01
0.00000000e+00 3.15009488e+00 5.28603067e-01
0.00000000e+00 3.14773990e+00 5.20364829e-01
0.00000000e+00 3.21832142e+00 5.00188439e-01
0.00000000e+00 3.21832142e+00 5.00188439e-01
0.00000000e+00 3.14773990e+00 5.20364829e-01
0.00000000e+00 3.14538492e+00 5.12126591e-01
0.00000000e+00 3.21596644e+00 4.91950201e-01
0.00000000e+00 3.21596644e+00 4.91950201e-01
0.00000000e+00 3.14538492e+00 5.12126591e-01
0.00000000e+00 3.14302994e+00 5.03888353e-01
0.00000000e+00 3.21361146e+00 4.83711963e-01
0.00000000e+00 3.21361146e+00 4.83711963e-01
0.00000000e+00 3.14302994e+00 5.03888353e-01
0.00000000e+00 3.14067497e+00 4.95650114e-01
0.00000000e+00 3.21125649e+00 4.75473724e-01
0.00000000e+00 3.21125649e+00 4.75473724e-01
0.00000000e+00 3.14067497e+00 4.95650114e-01
0.00000000e+00 3.13831999e+00 4.87411876e-01
0.00000000e+00 3.20890151e+00 4.67235486e-01
0.00000000e+00 3.20890151e+00 4.67235486e-01
0.00000000e+00 3.13831999e+00 4.87411876e-01
0.00000000e+00 3.13596501e+00 4.79173638e-01
0.00000000e+00 3.20654653e+00 4.58997248e-01
0.00000000e+00 3.15712349e+00 5.53328144e-01
0.00000000e+00 3.08652911e+00 5.73433434e-01
0.00000000e+00 3.08418221e+00 5.65192893e-01
0.00000000e+00 3.15477659e+00 5.45087603e-01
0.00000000e+00 3.15477659e+00 5.45087603e-01
0.00000000e+00 3.08418221e+00 5.65192893e-01
0.00000000e+00 3.08183530e+00 5.56952352e-01
0.00000000e+00 3.15242968e+00 5.36847062e-01
0.00000000e+00 3.15242968e+00 5.36847062e-01
0.00000000e+00 3.08183530e+00 5.56952352e-01
0.00000000e+00 3.07948839e+00 5.48711811e-01
0.00000000e+00 3.15008277e+00 5.28606521e-01
0.00000000e+00 3.15008277e+00 5.28606521e-01
0.00000000e+00 3.07948839e+00 5.48711811e-01
0.00000000e+00 3.07714148e+00 5.40471270e-01
0.00000000e+00 3.14773586e+00 5.20365980e-01
0.00000000e+00 3.14773586e+00 5.20365980e-01
0.00000000e+00 3.07714148e+00 5.40471270e-01
0.00000000e+00 3.07479458e+00 5.32230730e-01
0.00000000e+00 3.14538896e+00 5.12125440e-01
0.00000000e+00 3.14538896e+00 5.12125440e-01
0.00000000e+00 3.07479458e+00 5.32230730e-01
0.00000000e+00 3.07244767e+00 5.23990189e-01
0.00000000e+00 3.14304205e+00 5.03884899e-01
0.00000000e+00 3.14304205e+00 5.03884899e-01
0.00000000e+00 3.07244767e+00 5.23990189e-01
0.00000000e+00 3.07010076e+00 5.15749648e-01
0.00000000e+00 3.14069514e+00 4.95644358e-01
0.00000000e+00 3.14069514e+00 4.95644358e-01
0.00000000e+00 3.07010076e+00 5.15749648e-01
0.00000000e+00 3.06775385e+00 5.07509107e-01
0.00000000e+00 3.13834823e+00 4.87403817e-01
0.00000000e+00 3.13834823e+00 4.87403817e-01
0.00000000e+00 3.06775385e+00 5.07509107e-01
0.00000000e+00 3.06540695e+00 4.99268566e-01
0.00000000e+00 3.13600133e+00 4.79163276e-01
0.00000000e+00 3.08651521e+00 5.73437392e-01
0.00000000e+00 3.01589589e+00 5.93521162e-01
0.00000000e+00 3.01355207e+00 5.85279741e-01
0.00000000e+00 3.08417139e+00 5.65195971e-01
0.00000000e+00 3.08417139e+00 5.65195971e-01
0.00000000e+00 3.01355207e+00 5.85279741e-01
0.00000000e+00 3.01120825e+00 5.77038321e-01
0.00000000e+00 3.08182757e+00 5.56954551e-01
0.00000000e+00 3.08182757e+00 5.56954551e-01
0.00000000e+00 3.01120825e+00 5.77038321e-01
0.00000000e+00 3.00886444e+00 5.68796901e-01
0.00000000e+00 3.07948376e+00 5.48713131e-01
0.00000000e+00 3.07948376e+00 5.48713131e-01
0.00000000e+00 3.00886444e+00 5.68796901e-01
0.00000000e+00 3.00652062e+00 5.60555480e-01
0.00000000e+00 3.07713994e+00 5.40471710e-01
0.00000000e+00 3.07713994e+00 5.40471710e-01
0.00000000e+00 3.00652062e+00 5.60555480e-01
0.00000000e+00 3.00417680e+00 5.52314060e-01
0.00000000e+00 3.07479612e+00 5.32230290e-01
0.00000000e+00 3.07479612e+00 5.32230290e-01
0.00000000e+00 3.00417680e+00 5.52314060e-01
0.00000000e+00 3.00183298e+00 5.44072639e-01
0.00000000e+00 3.07245230e+00 5.23988869e-01
0.00000000e+00 3.07245230e+00 5.23988869e-01
0.00000000e+00 3.00183298e+00 5.44072639e-01
0.00000000e+00 2.99948917e+00 5.35831219e-01
0.00000000e+00 3.07010849e+00 5.15747449e-01
0.00000000e+00 3.07010849e+00 5.15747449e-01
0.00000000e+00 2.99948917e+00 5.35831219e-01
0.00000000e+00 2.99714535e+00 5.27589799e-01
0.00000000e+00 3.06776467e+00 5.07506029e-01
0.00000000e+00 3.06776467e+00 5.07506029e-01
0.00000000e+00 2.99714535e+00 5.27589799e-01
0.00000000e+00 2.99480153e+00 5.19348378e-01
0.00000000e+00 3.06542085e+00 4.99264608e-01
0.00000000e+00 3.01589436e+00 5.93521595e-01
0.00000000e+00 2.94528549e+00 6.13599255e-01
0.00000000e+00 2.94294201e+00 6.05357738e-01
0.00000000e+00 3.01355088e+00 5.85280078e-01
0.00000000e+00 3.01355088e+00 5.85280078e-01
0.00000000e+00 2.94294201e+00 6.05357738e-01
0.00000000e+00 2.94059854e+00 5.97116222e-01
0.00000000e+00 3.01120741e+00 5.77038562e-01
0.00000000e+00 3.01120741e+00 5.77038562e-01
0.00000000e+00 2.94059854e+00 5.97116222e-01
0.00000000e+00 2.93825506e+00 5.88874705e-01
0.00000000e+00 3.00886393e+00 5.68797045e-01
0.00000000e+00 3.00886393e+00 5.68797045e-01
0.00000000e+00 2.93825506e+00 5.88874705e-01
0.00000000e+00 2.93591158e+00 5.80633188e-01
0.00000000e+00 3.00652045e+00 5.60555528e-01
0.00000000e+00 3.00652045e+00 5.60555528e-01
0.00000000e+00 2.93591158e+00 5.80633188e-01
0.00000000e+00 2.93356810e+00 5.72391672e-01
0.00000000e+00 3.00417697e+00 5.52314012e-01
0.00000000e+00 3.00417697e+00 5.52314012e-01
0.00000000e+00 2.93356810e+00 5.72391672e-01
0.00000000e+00 2.93122462e+00 5.64150155e-01
0.00000000e+00 3.00183349e+00 5.44072495e-01
0.00000000e+00 3.00183349e+00 5.44072495e-01
0.00000000e+00 2.93122462e+00 5.64150155e-01
0.00000000e+00 2.92888114e+00 5.55908638e-01
0.00000000e+00 2.99949001e+00 5.35830978e-01
0.00000000e+00 2.99949001e+00 5.35830978e-01
0.00000000e+00 2.92888114e+00 5.55908638e-01
0.00000000e+00 2.92653767e+00 5.47667122e-01
0.00000000e+00 2.99714654e+00 5.27589462e-01
0.00000000e+00 2.99714654e+00 5.27589462e-01
0.00000000e+00 2.92653767e+00 5.47667122e-01
0.00000000e+00 2.92419419e+00 5.39425605e-01
0.00000000e+00 2.99480306e+00 5.19347945e-01
0.00000000e+00 2.94524903e+00 6.13609605e-01
0.00000000e+00 2.87464315e+00 6.33611405e-01
0.00000000e+00 2.87230777e+00 6.25367589e-01
0.00000000e+00 2.94291365e+00 6.05365789e-01
0.00000000e+00 2.94291365e+00 6.05365789e-01
0.00000000e+00 2.87230777e+00 6.25367589e-01
0.00000000e+00 2.86997240e+00 6.17123772e-01
0.00000000e+00 2.94057828e+00 5.97121972e-01
0.00000000e+00 2.94057828e+00 5.97121972e-01
0.00000000e+00 2.86997240e+00 6.17123772e-01
0.00000000e+00 2.86763702e+00 6.08879955e-01
0.00000000e+00 2.93824290e+00 5.88878155e-01
0.00000000e+00 2.93824290e+00 5.88878155e-01
0.00000000e+00 2.86763702e+00 6.08879955e-01
0.00000000e+00 2.86530165e+00 6.00636138e-01
0.00000000e+00 2.93590753e+00 5.80634338e-01
0.00000000e+00 2.93590753e+00 5.80634338e-01
0.00000000e+00 2.86530165e+00 6.00636138e-01
0.00000000e+00 2.86296627e+00 5.92392322e-01
0.00000000e+00 2.93357215e+00 5.72390522e-01
0.00000000e+00 2.93357215e+00 5.72390522e-01
0.00000000e+00 2.86296627e+00 5.92392322e-01
0.00000000e+00 2.86063090e+00 5.84148505e-01
0.00000000e+00 2.93123678e+00 5.64146705e-01
0.00000000e+00 2.93123678e+00 5.64146705e-01
0.00000000e+00 2.86063090e+00 5.84148505e-01
0.00000000e+00 2.85829552e+00 5.75904688e-01
0.00000000e+00 2.92890140e+00 5.55902888e-01
0.00000000e+00 2.92890140e+00 5.55902888e-01
0.00000000e+00 2.85829552e+00 5.75904688e-01
0.00000000e+00 2.85596015e+00 5.67660871e-01
0.00000000e+00 2.92656603e+00 5.47659071e-01
0.00000000e+00 2.92656603e+00 5.47659071e-01
0.00000000e+00 2.85596015e+00 5.67660871e-01
0.00000000e+00 2.85362477e+00 5.59417055e-01
0.00000000e+00 2.92423065e+00 5.39415255e-01
0.00000000e+00 2.87459628e+00 6.33624651e-01
0.00000000e+00 2.80394719e+00 6.53542321e-01
0.00000000e+00 2.80162223e+00 6.45295561e-01
0.00000000e+00 2.87227132e+00 6.25377891e-01
0.00000000e+00 2.87227132e+00 6.25377891e-01
0.00000000e+00 2.80162223e+00 6.45295561e-01
0.00000000e+00 2.79929727e+00 6.37048801e-01
0.00000000e+00 2.86994636e+00 6.17131131e-01
0.00000000e+00 2.86994636e+00 6.17131131e-01
0.00000000e+00 2.79929727e+00 6.37048801e-01
0.00000000e+00 2.79697231e+00 6.28802040e-01
0.00000000e+00 2.86762140e+00 6.08884370e-01
0.00000000e+00 2.86762140e+00 6.08884370e-01
0.00000000e+00 2.79697231e+00 6.28802040e-01
0.00000000e+00 2.79464735e+00 6.20555280e-01
0.00000000e+00 2.86529644e+00 6.00637610e-01
0.00000000e+00 2.86529644e+00 6.00637610e-01
0.00000000e+00 2.79464735e+00 6.20555280e-01
0.00000000e+00 2.79232239e+00 6.12308520e-01
0.00000000e+00 2.86297148e+00 5.92390850e-01
0.00000000e+00 2.86297148e+00 5.92390850e-01
0.00000000e+00 2.79232239e+00 6.12308520e-01
0.00000000e+00 2.78999743e+00 6.04061760e-01
0.00000000e+00 2.86064652e+00 5.84144090e-01
0.00000000e+00 2.86064652e+00 5.84144090e-01
0.00000000e+00 2.78999743e+00 6.04061760e-01
0.00000000e+00 2.78767247e+00 5.95814999e-01
0.00000000e+00 2.85832156e+00 5.75897329e-01
0.00000000e+00 2.85832156e+00 5.75897329e-01
0.00000000e+00 2.78767247e+00 5.95814999e-01
0.00000000e+00 2.78534751e+00 5.87568239e-01
0.00000000e+00 2.85599660e+00 5.67650569e-01
0.00000000e+00 2.85599660e+00 5.67650569e-01
0.00000000e+00 2.78534751e+00 5.87568239e-01
0.00000000e+00 2.78302255e+00 5.79321479e-01
0.00000000e+00 2.85367164e+00 5.59403809e-01
0.00000000e+00 2.80394665e+00 6.53542473e-01
0.00000000e+00 2.73328142e+00 6.73463583e-01
0.00000000e+00 2.73095658e+00 6.65216789e-01
0.00000000e+00 2.80162181e+00 6.45295679e-01
0.00000000e+00 2.80162181e+00 6.45295679e-01
0.00000000e+00 2.73095658e+00 6.65216789e-01
0.00000000e+00 2.72863174e+00 6.56969995e-01
0.00000000e+00 2.79929697e+00 6.37048885e-01
0.00000000e+00 2.79929697e+00 6.37048885e-01
0.00000000e+00 2.72863174e+00 6.56969995e-01
0.00000000e+00 2.72630690e+00 6.48723201e-01
0.00000000e+00 2.79697213e+00 6.28802091e-01
0.00000000e+00 2.79697213e+00 6.28802091e-01
0.00000000e+00 2.72630690e+00 6.48723201e-01
0.00000000e+00 2.72398206e+00 6.40476407e-01
0.00000000e+00 2.79464729e+00 6.20555297e-01
0.00000000e+00 2.79464729e+00 6.20555297e-01
0.00000000e+00 2.72398206e+00 6.40476407e-01
0.00000000e+00 2.72165722e+00 6.32229613e-01
0.00000000e+00 2.79232245e+00 6.12308503e-01
0.00000000e+00 2.79232245e+00 6.12308503e-01
0.00000000e+00 2.72165722e+00 6.32229613e-01
0.00000000e+00 2.71933238e+00 6.23982819e-01
0.00000000e+00 2.78999761e+00 6.04061709e-01
0.00000000e+00 2.78999761e+00 6.04061709e-01
0.00000000e+00 2.71933238e+00 6.23982819e-01
0.00000000e+00 2.71700754e+00 6.15736025e-01
0.00000000e+00 2.78767277e+00 5.95814915e-01
0.00000000e+00 2.78767277e+00 5.95814915e-01
0.00000000e+00 2.71700754e+00 6.15736025e-01
0.00000000e+00 2.71468270e+00 6.07489231e-01
0.00000000e+00 2.78534793e+00 5.87568121e-01
0.00000000e+00 2.78534793e+00 5.87568121e-01
0.00000000e+00 2.71468270e+00 6.07489231e-01
0.00000000e+00 2.71235786e+00 5.99242437e-01
0.00000000e+00 2.78302309e+00 5.79321327e-01
0.00000000e+00 2.73326627e+00 6.73467851e-01
0.00000000e+00 2.66264593e+00 6.93345191e-01
0.00000000e+00 2.66032445e+00 6.85097448e-01
0.00000000e+00 2.73094479e+00 6.65220108e-01
0.00000000e+00 2.73094479e+00 6.65220108e-01
0.00000000e+00 2.66032445e+00 6.85097448e-01
0.00000000e+00 2.65800298e+00 6.76849706e-01
0.00000000e+00 2.72862332e+00 6.56972366e-01
0.00000000e+00 2.72862332e+00 6.56972366e-01
0.00000000e+00 2.65800298e+00 6.76849706e-01
0.00000000e+00 2.65568151e+00 6.68601964e-01
0.00000000e+00 2.72630185e+00 6.48724624e-01
0.00000000e+00 2.72630185e+00 6.48724624e-01
0.00000000e+00 2.65568151e+00 6.68601964e-01
0.00000000e+00 2.65336004e+00 6.60354221e-01
0.00000000e+00 2.72398038e+00 6.40476881e-01
0.00000000e+00 2.72398038e+00 6.40476881e-01
0.00000000e+00 2.65336004e+00 6.60354221e-01
0.00000000e+00 2.65103856e+00 6.52106479e-01
0.00000000e+00 2.72165890e+00 6.32229139e-01
0.00000000e+00 2.72165890e+00 6.32229139e-01
0.00000000e+00 2.65103856e+00 6.52106479e-01
0.00000000e+00 2.64871709e+00 6.43858736e-01
0.00000000e+00 2.71933743e+00 6.23981396e-01
0.00000000e+00 2.71933743e+00 6.23981396e-01
0.00000000e+00 2.64871709e+00 6.43858736e-01
0.00000000e+00 2.64639562e+00 6.35610994e-01
0.00000000e+00 2.71701596e+00 6.15733654e-01
0.00000000e+00 2.71701596e+00 6.15733654e-01
0.00000000e+00 2.64639562e+00 6.35610994e-01
0.00000000e+00 2.64407415e+00 6.27363252e-01
0.00000000e+00 2.71469449e+00 6.07485912e-01
0.00000000e+00 2.71469449e+00 6.07485912e-01
0.00000000e+00 2.64407415e+00 6.27363252e-01
0.00000000e+00 2.64175267e+00 6.19115509e-01
0.00000000e+00 2.71237301e+00 5.99238169e-01
0.00000000e+00 2.66253932e+00 6.93375031e-01
0.00000000e+00 2.59185968e+00 7.13050231e-01
0.00000000e+00 2.58956190e+00 7.04795858e-01
0.00000000e+00 2.66024154e+00 6.85120658e-01
0.00000000e+00 2.66024154e+00 6.85120658e-01
0.00000000e+00 2.58956190e+00 7.04795858e-01
0.00000000e+00 2.58726412e+00 6.96541484e-01
0.00000000e+00 2.65794376e+00 6.76866284e-01
0.00000000e+00 2.65794376e+00 6.76866284e-01
0.00000000e+00 2.58726412e+00 6.96541484e-01
0.00000000e+00 2.58496633e+00 6.88287110e-01
0.00000000e+00 2.65564597e+00 6.68611910e-01
0.00000000e+00 2.65564597e+00 6.68611910e-01
0.00000000e+00 2.58496633e+00 6.88287110e-01
0.00000000e+00 2.58266855e+00 6.80032737e-01
0.00000000e+00 2.65334819e+00 6.60357537e-01
0.00000000e+00 2.65334819e+00 6.60357537e-01
0.00000000e+00 2.58266855e+00 6.80032737e-01
0.00000000e+00 2.58037077e+00 6.71778363e-01
0.00000000e+00 2.65105041e+00 6.52103163e-01
0.00000000e+00 2.65105041e+00 6.52103163e-01
0.00000000e+00 2.58037077e+00 6.71778363e-01
0.00000000e+00 2.57807299e+00 6.63523990e-01
0.00000000e+00 2.64875263e+00 6.43848790e-01
0.00000000e+00 2.64875263e+00 6.43848790e-01
0.00000000e+00 2.57807299e+00 6.63523990e-01
0.00000000e+00 2.57577520e+00 6.55269616e-01
0.00000000e+00 2.64645484e+00 6.35594416e-01
0.00000000e+00 2.64645484e+00 6.35594416e-01
0.00000000e+00 2.57577520e+00 6.55269616e-01
0.00000000e+00 2.57347742e+00 6.47015242e-01
0.00000000e+00 2.64415706e+00 6.27340042e-01
0.00000000e+00 2.64415706e+00 6.27340042e-01
0.00000000e+00 2.57347742e+00 6.47015242e-01
0.00000000e+00 2.57117964e+00 6.38760869e-01
0.00000000e+00 2.64185928e+00 6.19085669e-01
0.00000000e+00 2.59184951e+00 7.13053061e-01
0.00000000e+00 2.52111277e+00 7.32723291e-01
0.00000000e+00 2.51881725e+00 7.24468288e-01
0.00000000e+00 2.58955399e+00 7.04798058e-01
0.00000000e+00 2.58955399e+00 7.04798058e-01
0.00000000e+00 2.51881725e+00 7.24468288e-01
0.00000000e+00 2.51652173e+00 7.16213286e-01
0.00000000e+00 2.58725847e+00 6.96543056e-01
0.00000000e+00 2.58725847e+00 6.96543056e-01
0.00000000e+00 2.51652173e+00 7.16213286e-01
0.00000000e+00 2.51422620e+00 7.07958284e-01
0.00000000e+00 2.58496294e+00 6.88288054e-01
0.00000000e+00 2.58496294e+00 6.88288054e-01
0.00000000e+00 2.51422620e+00 7.07958284e-01
0.00000000e+00 2.51193068e+00 6.99703281e-01
0.00000000e+00 2.58266742e+00 6.80033051e-01
0.00000000e+00 2.58266742e+00 6.80033051e-01
0.00000000e+00 2.51193068e+00 6.99703281e-01
0.00000000e+00 2.50963516e+00 6.91448279e-01
0.00000000e+00 2.58037190e+00 6.71778049e-01
0.00000000e+00 2.58037190e+00 6.71778049e-01
0.00000000e+00 2.50963516e+00 6.91448279e-01
0.00000000e+00 2.50733964e+00 6.83193276e-01
0.00000000e+00 2.57807638e+00 6.63523046e-01
0.00000000e+00 2.57807638e+00 6.63523046e-01
0.00000000e+00 2.50733964e+00 6.83193276e-01
0.00000000e+00 2.50504411e+00 6.74938274e-01
0.00000000e+00 2.57578085e+00 6.55268044e-01
0.00000000e+00 2.57578085e+00 6.55268044e-01
0.00000000e+00 2.50504411e+00 6.74938274e-01
0.00000000e+00 2.50274859e+00 6.66683272e-01
0.00000000e+00 2.57348533e+00 6.47013042e-01
0.00000000e+00 2.57348533e+00 6.47013042e-01
0.00000000e+00 2.50274859e+00 6.66683272e-01
0.00000000e+00 2.50045307e+00 6.58428269e-01
0.00000000e+00 2.57118981e+00 6.38758039e-01
0.00000000e+00 2.52110959e+00 7.32724176e-01
0.00000000e+00 2.45041005e+00 7.52377536e-01
0.00000000e+00 2.44811523e+00 7.44122337e-01
0.00000000e+00 2.51881477e+00 7.24468977e-01
0.00000000e+00 2.51881477e+00 7.24468977e-01
0.00000000e+00 2.44811523e+00 7.44122337e-01
0.00000000e+00 2.44582042e+00 7.35867138e-01
0.00000000e+00 2.51651996e+00 7.16213778e-01
0.00000000e+00 2.51651996e+00 7.16213778e-01
0.00000000e+00 2.44582042e+00 7.35867138e-01
0.00000000e+00 2.44352560e+00 7.27611939e-01
0.00000000e+00 2.51422514e+00 7.07958579e-01
0.00000000e+00 2.51422514e+00 7.07958579e-01
0.00000000e+00 2.44352560e+00 7.27611939e-01
0.00000000e+00 2.44123079e+00 7.19356740e-01
0.00000000e+00 2.51193033e+00 6.99703380e-01
0.00000000e+00 2.51193033e+00 6.99703380e-01
0.00000000e+00 2.44123079e+00 7.19356740e-01
0.00000000e+00 2.43893597e+00 7.11101540e-01
0.00000000e+00 2.50963551e+00 6.91448180e-01
0.00000000e+00 2.50963551e+00 6.91448180e-01
0.00000000e+00 2.43893597e+00 7.11101540e-01
0.00000000e+00 2.43664116e+00 7.02846341e-01
0.00000000e+00 2.50734070e+00 6.83192981e-01
0.00000000e+00 2.50734070e+00 6.83192981e-01
0.00000000e+00 2.43664116e+00 7.02846341e-01
0.00000000e+00 2.43434634e+00 6.94591142e-01
0.00000000e+00 2.50504588e+00 6.74937782e-01
0.00000000e+00 2.50504588e+00 6.74937782e-01
0.00000000e+00 2.43434634e+00 6.94591142e-01
0.00000000e+00 2.43205153e+00 6.86335943e-01
0.00000000e+00 2.50275107e+00 6.66682583e-01
0.00000000e+00 2.50275107e+00 6.66682583e-01
0.00000000e+00 2.43205153e+00 6.86335943e-01
0.00000000e+00 2.42975671e+00 6.78080744e-01
0.00000000e+00 2.50045625e+00 6.58427384e-01
0.00000000e+00 2.45032203e+00 7.52401891e-01
0.00000000e+00 2.37961039e+00 7.71878301e-01
0.00000000e+00 2.37733513e+00 7.63617690e-01
0.00000000e+00 2.44804677e+00 7.44141280e-01
0.00000000e+00 2.44804677e+00 7.44141280e-01
0.00000000e+00 2.37733513e+00 7.63617690e-01
0.00000000e+00 2.37505988e+00 7.55357079e-01
0.00000000e+00 2.44577152e+00 7.35880669e-01
0.00000000e+00 2.44577152e+00 7.35880669e-01
0.00000000e+00 2.37505988e+00 7.55357079e-01
0.00000000e+00 2.37278462e+00 7.47096467e-01
0.00000000e+00 2.44349626e+00 7.27620057e-01
0.00000000e+00 2.44349626e+00 7.27620057e-01
0.00000000e+00 2.37278462e+00 7.47096467e-01
0.00000000e+00 2.37050937e+00 7.38835856e-01
0.00000000e+00 2.44122101e+00 7.19359446e-01
0.00000000e+00 2.44122101e+00 7.19359446e-01
0.00000000e+00 2.37050937e+00 7.38835856e-01
0.00000000e+00 2.36823411e+00 7.30575244e-01
0.00000000e+00 2.43894575e+00 7.11098834e-01
0.00000000e+00 2.43894575e+00 7.11098834e-01
0.00000000e+00 2.36823411e+00 7.30575244e-01
0.00000000e+00 2.36595886e+00 7.22314633e-01
0.00000000e+00 2.43667050e+00 7.02838223e-01
0.00000000e+00 2.43667050e+00 7.02838223e-01
0.00000000e+00 2.36595886e+00 7.22314633e-01
0.00000000e+00 2.36368360e+00 7.14054021e-01
0.00000000e+00 2.43439524e+00 6.94577611e-01
0.00000000e+00 2.43439524e+00 6.94577611e-01
0.00000000e+00 2.36368360e+00 7.14054021e-01
0.00000000e+00 2.36140835e+00 7.05793410e-01
0.00000000e+00 2.43211999e+00 6.86317000e-01
0.00000000e+00 2.43211999e+00 6.86317000e-01
0.00000000e+00 2.36140835e+00 7.05793410e-01
0.00000000e+00 2.35913309e+00 6.97532799e-01
0.00000000e+00 2.42984473e+00 6.78056389e-01
0.00000000e+00 2.37953883e+00 7.71897939e-01
0.00000000e+00 2.30874739e+00 7.91249819e-01
0.00000000e+00 2.30648803e+00 7.82984843e-01
0.00000000e+00 2.37727947e+00 7.63632963e-01
0.00000000e+00 2.37727947e+00 7.63632963e-01
0.00000000e+00 2.30648803e+00 7.82984843e-01
0.00000000e+00 2.30422868e+00 7.74719868e-01
0.00000000e+00 2.37502012e+00 7.55367988e-01
0.00000000e+00 2.37502012e+00 7.55367988e-01
0.00000000e+00 2.30422868e+00 7.74719868e-01
0.00000000e+00 2.30196933e+00 7.66454893e-01
0.00000000e+00 2.37276077e+00 7.47103013e-01
0.00000000e+00 2.37276077e+00 7.47103013e-01
0.00000000e+00 2.30196933e+00 7.66454893e-01
0.00000000e+00 2.29970998e+00 7.58189918e-01
0.00000000e+00 2.37050142e+00 7.38838038e-01
0.00000000e+00 2.37050142e+00 7.38838038e-01
0.00000000e+00 2.29970998e+00 7.58189918e-01
0.00000000e+00 2.29745062e+00 7.49924942e-01
0.00000000e+00 2.36824206e+00 7.30573062e-01
0.00000000e+00 2.36824206e+00 7.30573062e-01
0.00000000e+00 2.29745062e+00 7.49924942e-01
0.00000000e+00 2.29519127e+00 7.41659967e-01
0.00000000e+00 2.36598271e+00 7.22308087e-01
0.00000000e+00 2.36598271e+00 7.22308087e-01
0.00000000e+00 2.29519127e+00 7.41659967e-01
0.00000000e+00 2.29293192e+00 7.33394992e-01
0.00000000e+00 2.36372336e+00 7.14043112e-01
0.00000000e+00 2.36372336e+00 7.14043112e-01
0.00000000e+00 2.29293192e+00 7.33394992e-01
0.00000000e+00 2.29067257e+00 7.25130017e-01
0.00000000e+00 2.36146401e+00 7.05778137e-01
0.00000000e+00 2.36146401e+00 7.05778137e-01
0.00000000e+00 2.29067257e+00 7.25130017e-01
0.00000000e+00 2.28841321e+00 7.16865041e-01
0.00000000e+00 2.35920465e+00 6.97513161e-01
0.00000000e+00 2.30874405e+00 7.91250731e-01
0.00000000e+00 2.23791801e+00 8.10605241e-01
0.00000000e+00 2.23565940e+00 8.02340063e-01
0.00000000e+00 2.30648544e+00 7.82985553e-01
0.00000000e+00 2.30648544e+00 7.82985553e-01
0.00000000e+00 2.23565940e+00 8.02340063e-01
0.00000000e+00 2.23340079e+00 7.94074885e-01
0.00000000e+00 2.30422683e+00 7.74720375e-01
0.00000000e+00 2.30422683e+00 7.74720375e-01
0.00000000e+00 2.23340079e+00 7.94074885e-01
0.00000000e+00 2.23114218e+00 7.85809707e-01
0.00000000e+00 2.30196822e+00 7.66455197e-01
0.00000000e+00 2.30196822e+00 7.66455197e-01
0.00000000e+00 2.23114218e+00 7.85809707e-01
0.00000000e+00 2.22888357e+00 7.77544529e-01
0.00000000e+00 2.29970961e+00 7.58190019e-01
0.00000000e+00 2.29970961e+00 7.58190019e-01
0.00000000e+00 2.22888357e+00 7.77544529e-01
0.00000000e+00 2.22662495e+00 7.69279351e-01
0.00000000e+00 2.29745099e+00 7.49924841e-01
0.00000000e+00 2.29745099e+00 7.49924841e-01
0.00000000e+00 2.22662495e+00 7.69279351e-01
0.00000000e+00 2.22436634e+00 7.61014173e-01
0.00000000e+00 2.29519238e+00 7.41659663e-01
0.00000000e+00 2.29519238e+00 7.41659663e-01
0.00000000e+00 2.22436634e+00 7.61014173e-01
0.00000000e+00 2.22210773e+00 7.52748995e-01
0.00000000e+00 2.29293377e+00 7.33394485e-01
0.00000000e+00 2.29293377e+00 7.33394485e-01
0.00000000e+00 2.22210773e+00 7.52748995e-01
0.00000000e+00 2.21984912e+00 7.44483817e-01
0.00000000e+00 2.29067516e+00 7.25129307e-01
0.00000000e+00 2.29067516e+00 7.25129307e-01
0.00000000e+00 2.21984912e+00 7.44483817e-01
0.00000000e+00 2.21759051e+00 7.36218639e-01
0.00000000e+00 2.28841655e+00 7.16864129e-01
0.00000000e+00 2.23791224e+00 8.10606816e-01
0.00000000e+00 2.16718458e+00 8.29922656e-01
0.00000000e+00 2.16492725e+00 8.21657128e-01
0.00000000e+00 2.23565491e+00 8.02341288e-01
0.00000000e+00 2.23565491e+00 8.02341288e-01
0.00000000e+00 2.16492725e+00 8.21657128e-01
0.00000000e+00 2.16266992e+00 8.13391600e-01
0.00000000e+00 2.23339758e+00 7.94075760e-01
0.00000000e+00 2.23339758e+00 7.94075760e-01
0.00000000e+00 2.16266992e+00 8.13391600e-01
0.00000000e+00 2.16041259e+00 8.05126072e-01
0.00000000e+00 2.23114025e+00 7.85810232e-01
0.00000000e+00 2.23114025e+00 7.85810232e-01
0.00000000e+00 2.16041259e+00 8.05126072e-01
0.00000000e+00 2.15815526e+00 7.96860544e-01
0.00000000e+00 2.22888292e+00 7.77544704e-01
0.00000000e+00 2.22888292e+00 7.77544704e-01
0.00000000e+00 2.15815526e+00 7.96860544e-01
0.00000000e+00 2.15589794e+00 7.88595016e-01
0.00000000e+00 2.22662560e+00 7.69279176e-01
0.00000000e+00 2.22662560e+00 7.69279176e-01
0.00000000e+00 2.15589794e+00 7.88595016e-01
0.00000000e+00 2.15364061e+00 7.80329488e-01
0.00000000e+00 2.22436827e+00 7.61013648e-01
0.00000000e+00 2.22436827e+00 7.61013648e-01
0.00000000e+00 2.15364061e+00 7.80329488e-01
0.00000000e+00 2.15138328e+00 7.72063960e-01
0.00000000e+00 2.22211094e+00 7.52748120e-01
0.00000000e+00 2.22211094e+00 7.52748120e-01
0.00000000e+00 2.15138328e+00 7.72063960e-01
0.00000000e+00 2.14912595e+00 7.63798432e-01
0.00000000e+00 2.21985361e+00 7.44482592e-01
0.00000000e+00 2.21985361e+00 7.44482592e-01
0.00000000e+00 2.14912595e+00 7.63798432e-01
0.00000000e+00 2.14686862e+00 7.55532904e-01
0.00000000e+00 2.21759628e+00 7.36217064e-01
0.00000000e+00 2.16697817e+00 8.29978413e-01
0.00000000e+00 2.09614561e+00 8.48901453e-01
0.00000000e+00 2.09393415e+00 8.40623534e-01
0.00000000e+00 2.16476671e+00 8.21700494e-01
0.00000000e+00 2.16476671e+00 8.21700494e-01
0.00000000e+00 2.09393415e+00 8.40623534e-01
0.00000000e+00 2.09172269e+00 8.32345616e-01
0.00000000e+00 2.16255525e+00 8.13422576e-01
0.00000000e+00 2.16255525e+00 8.13422576e-01
0.00000000e+00 2.09172269e+00 8.32345616e-01
0.00000000e+00 2.08951123e+00 8.24067698e-01
0.00000000e+00 2.16034379e+00 8.05144658e-01
0.00000000e+00 2.16034379e+00 8.05144658e-01
0.00000000e+00 2.08951123e+00 8.24067698e-01
0.00000000e+00 2.08729977e+00 8.15789779e-01
0.00000000e+00 2.15813233e+00 7.96866739e-01
0.00000000e+00 2.15813233e+00 7.96866739e-01
0.00000000e+00 2.08729977e+00 8.15789779e-01
0.00000000e+00 2.08508831e+00 8.07511861e-01
0.00000000e+00 2.15592087e+00 7.88588821e-01
0.00000000e+00 2.15592087e+00 7.88588821e-01
0.00000000e+00 2.08508831e+00 8.07511861e-01
0.00000000e+00 2.08287685e+00 7.99233942e-01
0.00000000e+00 2.15370941e+00 7.80310902e-01
0.00000000e+00 2.15370941e+00 7.80310902e-01
0.00000000e+00 2.08287685e+00 7.99233942e-01
0.00000000e+00 2.08066539e+00 7.90956024e-01
0.00000000e+00 2.15149795e+00 7.72032984e-01
0.00000000e+00 2.15149795e+00 7.72032984e-01
0.00000000e+00 2.08066539e+00 7.90956024e-01
0.00000000e+00 2.07845393e+00 7.82678106e-01
0.00000000e+00 2.14928649e+00 7.63755066e-01
0.00000000e+00 2.14928649e+00 7.63755066e-01
0.00000000e+00 2.07845393e+00 7.82678106e-01
0.00000000e+00 2.07624247e+00 7.74400187e-01
0.00000000e+00 2.14707503e+00 7.55477147e-01
0.00000000e+00 2.09613761e+00 8.48903590e-01
0.00000000e+00 2.02621245e+00 8.67568120e-01
0.00000000e+00 2.02400276e+00 8.59289727e-01
0.00000000e+00 2.09392792e+00 8.40625197e-01
0.00000000e+00 2.09392792e+00 8.40625197e-01
0.00000000e+00 2.02400276e+00 8.59289727e-01
0.00000000e+00 2.02179308e+00 8.51011334e-01
0.00000000e+00 2.09171824e+00 8.32346804e-01
0.00000000e+00 2.09171824e+00 8.32346804e-01
0.00000000e+00 2.02179308e+00 8.51011334e-01
0.00000000e+00 2.01958340e+00 8.42732940e-01
0.00000000e+00 2.08950856e+00 8.24068410e-01
0.00000000e+00 2.08950856e+00 8.24068410e-01
0.00000000e+00 2.01958340e+00 8.42732940e-01
0.00000000e+00 2.01737372e+00 8.34454547e-01
0.00000000e+00 2.08729888e+00 8.15790017e-01
0.00000000e+00 2.08729888e+00 8.15790017e-01
0.00000000e+00 2.01737372e+00 8.34454547e-01
0.00000000e+00 2.01516404e+00 8.26176153e-01
0.00000000e+00 2.08508920e+00 8.07511623e-01
0.00000000e+00 2.08508920e+00 8.07511623e-01
0.00000000e+00 2.01516404e+00 8.26176153e-01
0.00000000e+00 2.01295436e+00 8.17897760e-01
0.00000000e+00 2.08287952e+00 7.99233230e-01
0.00000000e+00 2.08287952e+00 7.99233230e-01
0.00000000e+00 2.01295436e+00 8.17897760e-01
0.00000000e+00 2.01074468e+00 8.09619366e-01
0.00000000e+00 2.08066984e+00 7.90954836e-01
0.00000000e+00 2.08066984e+00 7.90954836e-01
0.00000000e+00 2.01074468e+00 8.09619366e-01
0.00000000e+00 2.00853500e+00 8.01340973e-01
0.00000000e+00 2.07846016e+00 7.82676443e-01
0.00000000e+00 2.07846016e+00 7.82676443e-01
0.00000000e+00 2.00853500e+00 8.01340973e-01
0.00000000e+00 2.00632531e+00 7.93062580e-01
0.00000000e+00 2.07625047e+00 7.74398050e-01
0.00000000e+00 2.02620906e+00 8.67569024e-01
0.00000000e+00 1.95632761e+00 8.86215084e-01
0.00000000e+00 1.95411868e+00 8.77936490e-01
0.00000000e+00 2.02400013e+00 8.59290430e-01
0.00000000e+00 2.02400013e+00 8.59290430e-01
0.00000000e+00 1.95411868e+00 8.77936490e-01
0.00000000e+00 1.95190975e+00 8.69657895e-01
0.00000000e+00 2.02179120e+00 8.51011835e-01
0.00000000e+00 2.02179120e+00 8.51011835e-01
0.00000000e+00 1.95190975e+00 8.69657895e-01
0.00000000e+00 1.94970082e+00 8.61379301e-01
0.00000000e+00 2.01958227e+00 8.42733241e-01
0.00000000e+00 2.01958227e+00 8.42733241e-01
0.00000000e+00 1.94970082e+00 8.61379301e-01
0.00000000e+00 1.94749189e+00 8.53100707e-01
0.00000000e+00 2.01737334e+00 8.34454647e-01
0.00000000e+00 2.01737334e+00 8.34454647e-01
0.00000000e+00 1.94749189e+00 8.53100707e-01
0.00000000e+00 1.94528297e+00 8.44822113e-01
0.00000000e+00 2.01516442e+00 8.26176053e-01
0.00000000e+00 2.01516442e+00 8.26176053e-01
0.00000000e+00 1.94528297e+00 8.44822113e-01
0.00000000e+00 1.94307404e+00 8.36543519e-01
0.00000000e+00 2.01295549e+00 8.17897459e-01
0.00000000e+00 2.01295549e+00 8.17897459e-01
0.00000000e+00 1.94307404e+00 8.36543519e-01
0.00000000e+00 1.94086511e+00 8.28264925e-01
0.00000000e+00 2.01074656e+00 8.09618865e-01
0.00000000e+00 2.01074656e+00 8.09618865e-01
0.00000000e+00 1.94086511e+00 8.28264925e-01
0.00000000e+00 1.93865618e+00 8.19986330e-01
0.00000000e+00 2.00853763e+00 8.01340270e-01
0.00000000e+00 2.00853763e+00 8.01340270e-01
0.00000000e+00 1.93865618e+00 8.19986330e-01
0.00000000e+00 1.93644725e+00 8.11707736e-01
0.00000000e+00 2.00632870e+00 7.93061676e-01
0.00000000e+00 1.95622869e+00 8.86241338e-01
0.00000000e+00 1.88639311e+00 9.04676728e-01
0.00000000e+00 1.88420616e+00 8.96392300e-01
0.00000000e+00 1.95404174e+00 8.77956910e-01
0.00000000e+00 1.95404174e+00 8.77956910e-01
0.00000000e+00 1.88420616e+00 8.96392300e-01
0.00000000e+00 1.88201922e+00 8.88107871e-01
0.00000000e+00 1.95185480e+00 8.69672481e-01
0.00000000e+00 1.95185480e+00 8.69672481e-01
0.00000000e+00 1.88201922e+00 8.88107871e-01
0.00000000e+00 1.87983227e+00 8.79823443e-01
0.00000000e+00 1.94966785e+00 8.61388053e-01
0.00000000e+00 1.94966785e+00 8.61388053e-01
0.00000000e+00 1.87983227e+00 8.79823443e-01
0.00000000e+00 1.87764532e+00 8.71539014e-01
0.00000000e+00 1.94748090e+00 8.53103624e-01
0.00000000e+00 1.94748090e+00 8.53103624e-01
0.00000000e+00 1.87764532e+00 8.71539014e-01
0.00000000e+00 1.87545838e+00 8.63254586e-01
0.00000000e+00 1.94529396e+00 8.44819196e-01
0.00000000e+00 1.94529396e+00 8.44819196e-01
0.00000000e+00 1.87545838e+00 8.63254586e-01
0.00000000e+00 1.87327143e+00 8.54970157e-01
0.00000000e+00 1.94310701e+00 8.36534767e-01
0.00000000e+00 1.94310701e+00 8.36534767e-01
0.00000000e+00 1.87327143e+00 8.54970157e-01
0.00000000e+00 1.87108448e+00 8.46685729e-01
0.00000000e+00 1.94092006e+00 8.28250339e-01
0.00000000e+00 1.94092006e+00 8.28250339e-01
0.00000000e+00 1.87108448e+00 8.46685729e-01
0.00000000e+00 1.86889754e+00 8.38401300e-01
0.00000000e+00 1.93873312e+00 8.19965910e-01
0.00000000e+00 1.93873312e+00 8.19965910e-01
0.00000000e+00 1.86889754e+00 8.38401300e-01
0.00000000e+00 1.86671059e+00 8.30116872e-01
0.00000000e+00 1.93654617e+00 8.11681482e-01
0.00000000e+00 1.88619963e+00 9.04727268e-01
0.00000000e+00 1.81622141e+00 9.22812608e-01
0.00000000e+00 1.81407746e+00 9.14516948e-01
0.00000000e+00 1.88405568e+00 8.96431608e-01
0.00000000e+00 1.88405568e+00 8.96431608e-01
0.00000000e+00 1.81407746e+00 9.14516948e-01
0.00000000e+00 1.81193351e+00 9.06221289e-01
0.00000000e+00 1.88191173e+00 8.88135949e-01
0.00000000e+00 1.88191173e+00 8.88135949e-01
0.00000000e+00 1.81193351e+00 9.06221289e-01
0.00000000e+00 1.80978956e+00 8.97925629e-01
0.00000000e+00 1.87976778e+00 8.79840289e-01
0.00000000e+00 1.87976778e+00 8.79840289e-01
0.00000000e+00 1.80978956e+00 8.97925629e-01
0.00000000e+00 1.80764561e+00 8.89629970e-01
0.00000000e+00 1.87762383e+00 8.71544630e-01
0.00000000e+00 1.87762383e+00 8.71544630e-01
0.00000000e+00 1.80764561e+00 8.89629970e-01
0.00000000e+00 1.80550165e+00 8.81334310e-01
0.00000000e+00 1.87547987e+00 8.63248970e-01
0.00000000e+00 1.87547987e+00 8.63248970e-01
0.00000000e+00 1.80550165e+00 8.81334310e-01
0.00000000e+00 1.80335770e+00 8.73038651e-01
0.00000000e+00 1.87333592e+00 8.54953311e-01
0.00000000e+00 1.87333592e+00 8.54953311e-01
0.00000000e+00 1.80335770e+00 8.73038651e-01
0.00000000e+00 1.80121375e+00 8.64742991e-01
0.00000000e+00 1.87119197e+00 8.46657651e-01
0.00000000e+00 1.87119197e+00 8.46657651e-01
0.00000000e+00 1.80121375e+00 8.64742991e-01
0.00000000e+00 1.79906980e+00 8.56447332e-01
0.00000000e+00 1.86904802e+00 8.38361992e-01
0.00000000e+00 1.86904802e+00 8.38361992e-01
0.00000000e+00 1.79906980e+00 8.56447332e-01
0.00000000e+00 1.79692585e+00 8.48151672e-01
0.00000000e+00 1.86690407e+00 8.30066332e-01
0.00000000e+00 1.81621789e+00 9.22813517e-01
0.00000000e+00 1.74614500e+00 9.40916277e-01
0.00000000e+00 1.74400183e+00 9.32620415e-01
0.00000000e+00 1.81407472e+00 9.14517655e-01
0.00000000e+00 1.81407472e+00 9.14517655e-01
0.00000000e+00 1.74400183e+00 9.32620415e-01
0.00000000e+00 1.74185866e+00 9.24324554e-01
0.00000000e+00 1.81193155e+00 9.06221794e-01
0.00000000e+00 1.81193155e+00 9.06221794e-01
0.00000000e+00 1.74185866e+00 9.24324554e-01
0.00000000e+00 1.73971549e+00 9.16028692e-01
0.00000000e+00 1.80978838e+00 8.97925932e-01
0.00000000e+00 1.80978838e+00 8.97925932e-01
0.00000000e+00 1.73971549e+00 9.16028692e-01
0.00000000e+00 1.73757232e+00 9.07732831e-01
0.00000000e+00 1.80764521e+00 8.89630071e-01
0.00000000e+00 1.80764521e+00 8.89630071e-01
0.00000000e+00 1.73757232e+00 9.07732831e-01
0.00000000e+00 1.73542916e+00 8.99436969e-01
0.00000000e+00 1.80550205e+00 8.81334209e-01
0.00000000e+00 1.80550205e+00 8.81334209e-01
0.00000000e+00 1.73542916e+00 8.99436969e-01
0.00000000e+00 1.73328599e+00 8.91141108e-01
0.00000000e+00 1.80335888e+00 8.73038348e-01
0.00000000e+00 1.80335888e+00 8.73038348e-01
0.00000000e+00 1.73328599e+00 8.91141108e-01
0.00000000e+00 1.73114282e+00 8.82845246e-01
0.00000000e+00 1.80121571e+00 8.64742486e-01
0.00000000e+00 1.80121571e+00 8.64742486e-01
0.00000000e+00 1.73114282e+00 8.82845246e-01
0.00000000e+00 1.72899965e+00 8.74549385e-01
0.00000000e+00 1.79907254e+00 8.56446625e-01
0.00000000e+00 1.79907254e+00 8.56446625e-01
0.00000000e+00 1.72899965e+00 8.74549385e-01
0.00000000e+00 1.72685648e+00 8.66253523e-01
0.00000000e+00 1.79692937e+00 8.48150763e-01
0.00000000e+00 1.74613752e+00 9.40918207e-01
0.00000000e+00 1.67617407e+00 9.58977757e-01
0.00000000e+00 1.67403257e+00 9.50681466e-01
0.00000000e+00 1.74399602e+00 9.32621916e-01
0.00000000e+00 1.74399602e+00 9.32621916e-01
0.00000000e+00 1.67403257e+00 9.50681466e-01
0.00000000e+00 1.67189106e+00 9.42385176e-01
0.00000000e+00 1.74185451e+00 9.24325626e-01
0.00000000e+00 1.74185451e+00 9.24325626e-01
0.00000000e+00 1.67189106e+00 9.42385176e-01
0.00000000e+00 1.66974955e+00 9.34088886e-01
0.00000000e+00 1.73971300e+00 9.16029336e-01
0.00000000e+00 1.73971300e+00 9.16029336e-01
0.00000000e+00 1.66974955e+00 9.34088886e-01
0.00000000e+00 1.66760804e+00 9.25792595e-01
0.00000000e+00 1.73757149e+00 9.07733045e-01
0.00000000e+00 1.73757149e+00 9.07733045e-01
0.00000000e+00 1.66760804e+00 9.25792595e-01
0.00000000e+00 1.66546654e+00 9.17496305e-01
0.00000000e+00 1.73542999e+00 8.99436755e-01
0.00000000e+00 1.73542999e+00 8.99436755e-01
0.00000000e+00 1.66546654e+00 9.17496305e-01
0.00000000e+00 1.66332503e+00 9.09200014e-01
0.00000000e+00 1.73328848e+00 8.91140464e-01
0.00000000e+00 1.73328848e+00 8.91140464e-01
0.00000000e+00 1.66332503e+00 9.09200014e-01
0.00000000e+00 1.66118352e+00 9.00903724e-01
0.00000000e+00 1.73114697e+00 8.82844174e-01
0.00000000e+00 1.73114697e+00 8.82844174e-01
0.00000000e+00 1.66118352e+00 9.00903724e-01
0.00000000e+00 1.65904201e+00 8.92607434e-01
0.00000000e+00 1.72900546e+00 8.74547884e-01
0.00000000e+00 1.72900546e+00 8.74547884e-01
0.00000000e+00 1.65904201e+00 8.92607434e-01
0.00000000e+00 1.65690051e+00 8.84311143e-01
0.00000000e+00 1.72686396e+00 8.66251593e-01
0.00000000e+00 1.67594403e+00 9.59036382e-01
0.00000000e+00 1.60593788e+00 9.76647932e-01
0.00000000e+00 1.60384750e+00 9.68338614e-01
0.00000000e+00 1.67385365e+00 9.50727064e-01
0.00000000e+00 1.67385365e+00 9.50727064e-01
0.00000000e+00 1.60384750e+00 9.68338614e-01
0.00000000e+00 1.60175711e+00 9.60029296e-01
0.00000000e+00 1.67176326e+00 9.42417746e-01
0.00000000e+00 1.67176326e+00 9.42417746e-01
0.00000000e+00 1.60175711e+00 9.60029296e-01
0.00000000e+00 1.59966672e+00 9.51719977e-01
0.00000000e+00 1.66967287e+00 9.34108427e-01
0.00000000e+00 1.66967287e+00 9.34108427e-01
0.00000000e+00 1.59966672e+00 9.51719977e-01
0.00000000e+00 1.59757633e+00 9.43410659e-01
0.00000000e+00 1.66758248e+00 9.25799109e-01
0.00000000e+00 1.66758248e+00 9.25799109e-01
0.00000000e+00 1.59757633e+00 9.43410659e-01
0.00000000e+00 1.59548595e+00 9.35101341e-01
0.00000000e+00 1.66549210e+00 9.17489791e-01
0.00000000e+00 1.66549210e+00 9.17489791e-01
0.00000000e+00 1.59548595e+00 9.35101341e-01
0.00000000e+00 1.59339556e+00 9.26792023e-01
0.00000000e+00 1.66340171e+00 9.09180473e-01
0.00000000e+00 1.66340171e+00 9.09180473e-01
0.00000000e+00 1.59339556e+00 9.26792023e-01
0.00000000e+00 1.59130517e+00 9.18482704e-01
0.00000000e+00 1.66131132e+00 9.00871154e-01
0.00000000e+00 1.66131132e+00 9.00871154e-01
0.00000000e+00 1.59130517e+00 9.18482704e-01
0.00000000e+00 1.58921478e+00 9.10173386e-01
0.00000000e+00 1.65922093e+00 8.92561836e-01
0.00000000e+00 1.65922093e+00 8.92561836e-01
0.00000000e+00 1.58921478e+00 9.10173386e-01
0.00000000e+00 1.58712440e+00 9.01864068e-01
0.00000000e+00 1.65713055e+00 8.84252518e-01
0.00000000e+00 1.60579674e+00 9.76683156e-01
0.00000000e+00 1.53561365e+00 9.94057936e-01
0.00000000e+00 1.53355463e+00 9.85740790e-01
0.00000000e+00 1.60373772e+00 9.68366010e-01
0.00000000e+00 1.60373772e+00 9.68366010e-01
0.00000000e+00 1.53355463e+00 9.85740790e-01
0.00000000e+00 1.53149561e+00 9.77423645e-01
0.00000000e+00 1.60167870e+00 9.60048865e-01
0.00000000e+00 1.60167870e+00 9.60048865e-01
0.00000000e+00 1.53149561e+00 9.77423645e-01
0.00000000e+00 1.52943658e+00 9.69106499e-01
0.00000000e+00 1.59961967e+00 9.51731719e-01
0.00000000e+00 1.59961967e+00 9.51731719e-01
0.00000000e+00 1.52943658e+00 9.69106499e-01
0.00000000e+00 1.52737756e+00 9.60789353e-01
0.00000000e+00 1.59756065e+00 9.43414573e-01
0.00000000e+00 1.59756065e+00 9.43414573e-01
0.00000000e+00 1.52737756e+00 9.60789353e-01
0.00000000e+00 1.52531854e+00 9.52472207e-01
0.00000000e+00 1.59550163e+00 9.35097427e-01
0.00000000e+00 1.59550163e+00 9.35097427e-01
0.00000000e+00 1.52531854e+00 9.52472207e-01
0.00000000e+00 1.52325952e+00 9.44155061e-01
0.00000000e+00 1.59344261e+00 9.26780281e-01
0.00000000e+00 1.59344261e+00 9.26780281e-01
0.00000000e+00 1.52325952e+00 9.44155061e-01
0.00000000e+00 1.52120049e+00 9.35837915e-01
0.00000000e+00 1.59138358e+00 9.18463135e-01
0.00000000e+00 1.59138358e+00 9.18463135e-01
0.00000000e+00 1.52120049e+00 9.35837915e-01
0.00000000e+00 1.51914147e+00 9.27520770e-01
0.00000000e+00 1.58932456e+00 9.10145990e-01
0.00000000e+00 1.58932456e+00 9.10145990e-01
0.00000000e+00 1.51914147e+00 9.27520770e-01
0.00000000e+00 1.51708245e+00 9.19203624e-01
0.00000000e+00 1.58726554e+00 9.01828844e-01
0.00000000e+00 1.53560457e+00 9.94060184e-01
0.00000000e+00 1.46535295e+00 1.01143383e+00
0.00000000e+00 1.46329594e+00 1.00311619e+00
0.00000000e+00 1.53354756e+00 9.85742539e-01
0.00000000e+00 1.53354756e+00 9.85742539e-01
0.00000000e+00 1.46329594e+00 1.00311619e+00
0.00000000e+00 1.46123894e+00 9.94798543e-01
0.00000000e+00 1.53149056e+00 9.77424893e-01
0.00000000e+00 1.53149056e+00 9.77424893e-01
0.00000000e+00 1.46123894e+00 9.94798543e-01
0.00000000e+00 1.45918194e+00 9.86480898e-01
0.00000000e+00 1.52943356e+00 9.69107248e-01
0.00000000e+00 1.52943356e+00 9.69107248e-01
0.00000000e+00 1.45918194e+00 9.86480898e-01
0.00000000e+00 1.45712493e+00 9.78163253e-01
0.00000000e+00 1.52737655e+00 9.60789603e-01
0.00000000e+00 1.52737655e+00 9.60789603e-01
0.00000000e+00 1.45712493e+00 9.78163253e-01
0.00000000e+00 1.45506793e+00 9.69845607e-01
0.00000000e+00 1.52531955e+00 9.52471957e-01
0.00000000e+00 1.52531955e+00 9.52471957e-01
0.00000000e+00 1.45506793e+00 9.69845607e-01
0.00000000e+00 1.45301092e+00 9.61527962e-01
0.00000000e+00 1.52326254e+00 9.44154312e-01
0.00000000e+00 1.52326254e+00 9.44154312e-01
0.00000000e+00 1.45301092e+00 9.61527962e-01
0.00000000e+00 1.45095392e+00 9.53210317e-01
0.00000000e+00 1.52120554e+00 9.35836667e-01
0.00000000e+00 1.52120554e+00 9.35836667e-01
0.00000000e+00 1.45095392e+00 9.53210317e-01
0.00000000e+00 1.44889692e+00 9.44892671e-01
0.00000000e+00 1.51914854e+00 9.27519021e-01
0.00000000e+00 1.51914854e+00 9.27519021e-01
0.00000000e+00 1.44889692e+00 9.44892671e-01
0.00000000e+00 1.44683991e+00 9.36575026e-01
0.00000000e+00 1.51709153e+00 9.19201376e-01
0.00000000e+00 1.46534065e+00 1.01143687e+00
0.00000000e+00 1.39528473e+00 1.02873770e+00
0.00000000e+00 1.39323046e+00 1.02041938e+00
0.00000000e+00 1.46328638e+00 1.00311855e+00
0.00000000e+00 1.46328638e+00 1.00311855e+00
0.00000000e+00 1.39323046e+00 1.02041938e+00
0.00000000e+00 1.39117619e+00 1.01210106e+00
0.00000000e+00 1.46123211e+00 9.94800232e-01
0.00000000e+00 1.46123211e+00 9.94800232e-01
0.00000000e+00 1.39117619e+00 1.01210106e+00
0.00000000e+00 1.38912192e+00 1.00378274e+00
0.00000000e+00 1.45917784e+00 9.86481911e-01
0.00000000e+00 1.45917784e+00 9.86481911e-01
0.00000000e+00 1.38912192e+00 1.00378274e+00
0.00000000e+00 1.38706765e+00 9.95464420e-01
0.00000000e+00 1.45712357e+00 9.78163590e-01
0.00000000e+00 1.45712357e+00 9.78163590e-01
0.00000000e+00 1.38706765e+00 9.95464420e-01
0.00000000e+00 1.38501337e+00 9.87146100e-01
0.00000000e+00 1.45506929e+00 9.69845270e-01
0.00000000e+00 1.45506929e+00 9.69845270e-01
0.00000000e+00 1.38501337e+00 9.87146100e-01
0.00000000e+00 1.38295910e+00 9.78827779e-01
0.00000000e+00 1.45301502e+00 9.61526949e-01
0.00000000e+00 1.45301502e+00 9.61526949e-01
0.00000000e+00 1.38295910e+00 9.78827779e-01
0.00000000e+00 1.38090483e+00 9.70509458e-01
0.00000000e+00 1.45096075e+00 9.53208628e-01
0.00000000e+00 1.45096075e+00 9.53208628e-01
0.00000000e+00 1.38090483e+00 9.70509458e-01
0.00000000e+00 1.37885056e+00 9.62191138e-01
0.00000000e+00 1.44890648e+00 9.44890308e-01
0.00000000e+00 1.44890648e+00 9.44890308e-01
0.00000000e+00 1.37885056e+00 9.62191138e-01
0.00000000e+00 1.37679629e+00 9.53872817e-01
0.00000000e+00 1.44685221e+00 9.36571987e-01
0.00000000e+00 1.39487165e+00 1.02883731e+00
0.00000000e+00 1.32465344e+00 1.04535937e+00
0.00000000e+00 1.32269096e+00 1.03701891e+00
0.00000000e+00 1.39290917e+00 1.02049685e+00
0.00000000e+00 1.39290917e+00 1.02049685e+00
0.00000000e+00 1.32269096e+00 1.03701891e+00
0.00000000e+00 1.32072849e+00 1.02867846e+00
0.00000000e+00 1.39094670e+00 1.01215640e+00
0.00000000e+00 1.39094670e+00 1.01215640e+00
0.00000000e+00 1.32072849e+00 1.02867846e+00
0.00000000e+00 1.31876601e+00 1.02033800e+00
0.00000000e+00 1.38898422e+00 1.00381594e+00
0.00000000e+00 1.38898422e+00 1.00381594e+00
0.00000000e+00 1.31876601e+00 1.02033800e+00
0.00000000e+00 1.31680354e+00 1.01199755e+00
0.00000000e+00 1.38702175e+00 9.95475487e-01
0.00000000e+00 1.38702175e+00 9.95475487e-01
0.00000000e+00 1.31680354e+00 1.01199755e+00
0.00000000e+00 1.31484106e+00 1.00365709e+00
0.00000000e+00 1.38505927e+00 9.87135033e-01
0.00000000e+00 1.38505927e+00 9.87135033e-01
0.00000000e+00 1.31484106e+00 1.00365709e+00
0.00000000e+00 1.31287859e+00 9.95316638e-01
0.00000000e+00 1.38309680e+00 9.78794578e-01
0.00000000e+00 1.38309680e+00 9.78794578e-01
0.00000000e+00 1.31287859e+00 9.95316638e-01
0.00000000e+00 1.31091611e+00 9.86976184e-01
0.00000000e+00 1.38113432e+00 9.70454124e-01
0.00000000e+00 1.38113432e+00 9.70454124e-01
0.00000000e+00 1.31091611e+00 9.86976184e-01
0.00000000e+00 1.30895364e+00 9.78635729e-01
0.00000000e+00 1.37917185e+00 9.62113669e-01
0.00000000e+00 1.37917185e+00 9.62113669e-01
0.00000000e+00 1.30895364e+00 9.78635729e-01
0.00000000e+00 1.30699116e+00 9.70295275e-01
0.00000000e+00 1.37720937e+00 9.53773215e-01
0.00000000e+00 1.32459384e+00 1.04537334e+00
0.00000000e+00 1.25414547e+00 1.06183156e+00
0.00000000e+00 1.25219624e+00 1.05348800e+00
0.00000000e+00 1.32264461e+00 1.03702978e+00
0.00000000e+00 1.32264461e+00 1.03702978e+00
0.00000000e+00 1.25219624e+00 1.05348800e+00
0.00000000e+00 1.25024701e+00 1.04514444e+00
0.00000000e+00 1.32069538e+00 1.02868622e+00
0.00000000e+00 1.32069538e+00 1.02868622e+00
0.00000000e+00 1.25024701e+00 1.04514444e+00
0.00000000e+00 1.24829778e+00 1.03680088e+00
0.00000000e+00 1.31874615e+00 1.02034266e+00
0.00000000e+00 1.31874615e+00 1.02034266e+00
0.00000000e+00 1.24829778e+00 1.03680088e+00
0.00000000e+00 1.24634855e+00 1.02845732e+00
0.00000000e+00 1.31679692e+00 1.01199910e+00
0.00000000e+00 1.31679692e+00 1.01199910e+00
0.00000000e+00 1.24634855e+00 1.02845732e+00
0.00000000e+00 1.24439931e+00 1.02011376e+00
0.00000000e+00 1.31484768e+00 1.00365554e+00
0.00000000e+00 1.31484768e+00 1.00365554e+00
0.00000000e+00 1.24439931e+00 1.02011376e+00
0.00000000e+00 1.24245008e+00 1.01177020e+00
0.00000000e+00 1.31289845e+00 9.95311980e-01
0.00000000e+00 1.31289845e+00 9.95311980e-01
0.00000000e+00 1.24245008e+00 1.01177020e+00
0.00000000e+00 1.24050085e+00 1.00342664e+00
0.00000000e+00 1.31094922e+00 9.86968421e-01
0.00000000e+00 1.31094922e+00 9.86968421e-01
0.00000000e+00 1.24050085e+00 1.00342664e+00
0.00000000e+00 1.23855162e+00 9.95083081e-01
0.00000000e+00 1.30899999e+00 9.78624861e-01
0.00000000e+00 1.30899999e+00 9.78624861e-01
0.00000000e+00 1.23855162e+00 9.95083081e-01
0.00000000e+00 1.23660239e+00 9.86739521e-01
0.00000000e+00 1.30705076e+00 9.70281301e-01
0.00000000e+00 1.25413936e+00 1.06183299e+00
0.00000000e+00 1.18372319e+00 1.07827160e+00
0.00000000e+00 1.18177531e+00 1.06992772e+00
0.00000000e+00 1.25219148e+00 1.05348911e+00
0.00000000e+00 1.25219148e+00 1.05348911e+00
0.00000000e+00 1.18177531e+00 1.06992772e+00
0.00000000e+00 1.17982744e+00 1.06158384e+00
0.00000000e+00 1.25024361e+00 1.04514523e+00
0.00000000e+00 1.25024361e+00 1.04514523e+00
0.00000000e+00 1.17982744e+00 1.06158384e+00
0.00000000e+00 1.17787957e+00 1.05323997e+00
0.00000000e+00 1.24829574e+00 1.03680136e+00
0.00000000e+00 1.24829574e+00 1.03680136e+00
0.00000000e+00 1.17787957e+00 1.05323997e+00
0.00000000e+00 1.17593170e+00 1.04489609e+00
0.00000000e+00 1.24634787e+00 1.02845748e+00
0.00000000e+00 1.24634787e+00 1.02845748e+00
0.00000000e+00 1.17593170e+00 1.04489609e+00
0.00000000e+00 1.17398382e+00 1.03655221e+00
0.00000000e+00 1.24439999e+00 1.02011360e+00
0.00000000e+00 1.24439999e+00 1.02011360e+00
0.00000000e+00 1.17398382e+00 1.03655221e+00
0.00000000e+00 1.17203595e+00 1.02820833e+00
0.00000000e+00 1.24245212e+00 1.01176972e+00
0.00000000e+00 1.24245212e+00 1.01176972e+00
0.00000000e+00 1.17203595e+00 1.02820833e+00
0.00000000e+00 1.17008808e+00 1.01986446e+00
0.00000000e+00 1.24050425e+00 1.00342585e+00
0.00000000e+00 1.24050425e+00 1.00342585e+00
0.00000000e+00 1.17008808e+00 1.01986446e+00
0.00000000e+00 1.16814021e+00 1.01152058e+00
0.00000000e+00 1.23855638e+00 9.95081971e-01
0.00000000e+00 1.23855638e+00 9.95081971e-01
0.00000000e+00 1.16814021e+00 1.01152058e+00
0.00000000e+00 1.16619233e+00 1.00317670e+00
0.00000000e+00 1.23660850e+00 9.86738094e-01
0.00000000e+00 1.18359385e+00 1.07830155e+00
0.00000000e+00 1.11336338e+00 1.09444202e+00
0.00000000e+00 1.11144425e+00 1.08609149e+00
0.00000000e+00 1.18167472e+00 1.06995102e+00
0.00000000e+00 1.18167472e+00 1.06995102e+00
0.00000000e+00 1.11144425e+00 1.08609149e+00
0.00000000e+00 1.10952512e+00 1.07774096e+00
0.00000000e+00 1.17975559e+00 1.06160049e+00
0.00000000e+00 1.17975559e+00 1.06160049e+00
0.00000000e+00 1.10952512e+00 1.07774096e+00
0.00000000e+00 1.10760599e+00 1.06939042e+00
0.00000000e+00 1.17783646e+00 1.05324995e+00
0.00000000e+00 1.17783646e+00 1.05324995e+00
0.00000000e+00 1.10760599e+00 1.06939042e+00
0.00000000e+00 1.10568686e+00 1.06103989e+00
0.00000000e+00 1.17591733e+00 1.04489942e+00
0.00000000e+00 1.17591733e+00 1.04489942e+00
0.00000000e+00 1.10568686e+00 1.06103989e+00
0.00000000e+00 1.10376772e+00 1.05268935e+00
0.00000000e+00 1.17399819e+00 1.03654888e+00
0.00000000e+00 1.17399819e+00 1.03654888e+00
0.00000000e+00 1.10376772e+00 1.05268935e+00
0.00000000e+00 1.10184859e+00 1.04433882e+00
0.00000000e+00 1.17207906e+00 1.02819835e+00
0.00000000e+00 1.17207906e+00 1.02819835e+00
0.00000000e+00 1.10184859e+00 1.04433882e+00
0.00000000e+00 1.09992946e+00 1.03598828e+00
0.00000000e+00 1.17015993e+00 1.01984781e+00
0.00000000e+00 1.17015993e+00 1.01984781e+00
0.00000000e+00 1.09992946e+00 1.03598828e+00
0.00000000e+00 1.09801033e+00 1.02763775e+00
0.00000000e+00 1.16824080e+00 1.01149728e+00
0.00000000e+00 1.16824080e+00 1.01149728e+00
0.00000000e+00 1.09801033e+00 1.02763775e+00
0.00000000e+00 1.09609120e+00 1.01928722e+00
0.00000000e+00 1.16632167e+00 1.00314675e+00
0.00000000e+00 1.11287249e+00 1.09455148e+00
0.00000000e+00 1.04237679e+00 1.10978760e+00
0.00000000e+00 1.04056674e+00 1.10141274e+00
0.00000000e+00 1.11106244e+00 1.08617662e+00
0.00000000e+00 1.11106244e+00 1.08617662e+00
0.00000000e+00 1.04056674e+00 1.10141274e+00
0.00000000e+00 1.03875670e+00 1.09303788e+00
0.00000000e+00 1.10925240e+00 1.07780176e+00
0.00000000e+00 1.10925240e+00 1.07780176e+00
0.00000000e+00 1.03875670e+00 1.09303788e+00
0.00000000e+00 1.03694666e+00 1.08466303e+00
0.00000000e+00 1.10744236e+00 1.06942691e+00
0.00000000e+00 1.10744236e+00 1.06942691e+00
0.00000000e+00 1.03694666e+00 1.08466303e+00
0.00000000e+00 1.03513661e+00 1.07628817e+00
0.00000000e+00 1.10563231e+00 1.06105205e+00
0.00000000e+00 1.10563231e+00 1.06105205e+00
0.00000000e+00 1.03513661e+00 1.07628817e+00
0.00000000e+00 1.03332657e+00 1.06791331e+00
0.00000000e+00 1.10382227e+00 1.05267719e+00
0.00000000e+00 1.10382227e+00 1.05267719e+00
0.00000000e+00 1.03332657e+00 1.06791331e+00
0.00000000e+00 1.03151652e+00 1.05953845e+00
0.00000000e+00 1.10201222e+00 1.04430233e+00
0.00000000e+00 1.10201222e+00 1.04430233e+00
0.00000000e+00 1.03151652e+00 1.05953845e+00
0.00000000e+00 1.02970648e+00 1.05116360e+00
0.00000000e+00 1.10020218e+00 1.03592748e+00
0.00000000e+00 1.10020218e+00 1.03592748e+00
0.00000000e+00 1.02970648e+00 1.05116360e+00
0.00000000e+00 1.02789644e+00 1.04278874e+00
0.00000000e+00 1.09839214e+00 1.02755262e+00
0.00000000e+00 1.09839214e+00 1.02755262e+00
0.00000000e+00 1.02789644e+00 1.04278874e+00
0.00000000e+00 1.02608639e+00 1.03441388e+00
0.00000000e+00 1.09658209e+00 1.01917776e+00
0.00000000e+00 1.04236786e+00 1.10978952e+00
0.00000000e+00 9.71629301e-01 1.12506059e+00
0.00000000e+00 9.69821241e-01 1.11668531e+00
0.00000000e+00 1.04055980e+00 1.10141424e+00
0.00000000e+00 1.04055980e+00 1.10141424e+00
0.00000000e+00 9.69821241e-01 1.11668531e+00
0.00000000e+00 9.68013180e-01 1.10831002e+00
0.00000000e+00 1.03875174e+00 1.09303895e+00
0.00000000e+00 1.03875174e+00 1.09303895e+00
0.00000000e+00 9.68013180e-01 1.10831002e+00
0.00000000e+00 9.66205120e-01 1.09993474e+00
0.00000000e+00 1.03694368e+00 1.08466367e+00
0.00000000e+00 1.03694368e+00 1.08466367e+00
0.00000000e+00 9.66205120e-01 1.09993474e+00
0.00000000e+00 9.64397060e-01 1.09155945e+00
0.00000000e+00 1.03513562e+00 1.07628838e+00
0.00000000e+00 1.03513562e+00 1.07628838e+00
0.00000000e+00 9.64397060e-01 1.09155945e+00
0.00000000e+00 9.62589000e-01 1.08318417e+00
0.00000000e+00 1.03332756e+00 1.06791310e+00
0.00000000e+00 1.03332756e+00 1.06791310e+00
0.00000000e+00 9.62589000e-01 1.08318417e+00
0.00000000e+00 9.60780940e-01 1.07480888e+00
0.00000000e+00 1.03151950e+00 1.05953781e+00
0.00000000e+00 1.03151950e+00 1.05953781e+00
0.00000000e+00 9.60780940e-01 1.07480888e+00
0.00000000e+00 9.58972880e-01 1.06643360e+00
0.00000000e+00 1.02971144e+00 1.05116253e+00
0.00000000e+00 1.02971144e+00 1.05116253e+00
0.00000000e+00 9.58972880e-01 1.06643360e+00
0.00000000e+00 9.57164819e-01 1.05805831e+00
0.00000000e+00 1.02790338e+00 1.04278724e+00
0.00000000e+00 1.02790338e+00 1.04278724e+00
0.00000000e+00 9.57164819e-01 1.05805831e+00
0.00000000e+00 9.55356759e-01 1.04968303e+00
0.00000000e+00 1.02609532e+00 1.03441196e+00
0.00000000e+00 9.71617257e-01 1.12506319e+00
0.00000000e+00 9.01064477e-01 1.14027056e+00
0.00000000e+00 8.99259093e-01 1.13189470e+00
0.00000000e+00 9.69811873e-01 1.11668733e+00
0.00000000e+00 9.69811873e-01 1.11668733e+00
0.00000000e+00 8.99259093e-01 1.13189470e+00
0.00000000e+00 8.97453709e-01 1.12351884e+00
0.00000000e+00 9.68006489e-01 1.10831147e+00
0.00000000e+00 9.68006489e-01 1.10831147e+00
0.00000000e+00 8.97453709e-01 1.12351884e+00
0.00000000e+00 8.95648326e-01 1.11514297e+00
0.00000000e+00 9.66201106e-01 1.09993560e+00
0.00000000e+00 9.66201106e-01 1.09993560e+00
0.00000000e+00 8.95648326e-01 1.11514297e+00
0.00000000e+00 8.93842942e-01 1.10676711e+00
0.00000000e+00 9.64395722e-01 1.09155974e+00
0.00000000e+00 9.64395722e-01 1.09155974e+00
0.00000000e+00 8.93842942e-01 1.10676711e+00
0.00000000e+00 8.92037558e-01 1.09839125e+00
0.00000000e+00 9.62590338e-01 1.08318388e+00
0.00000000e+00 9.62590338e-01 1.08318388e+00
0.00000000e+00 8.92037558e-01 1.09839125e+00
0.00000000e+00 8.90232174e-01 1.09001539e+00
0.00000000e+00 9.60784954e-01 1.07480802e+00
0.00000000e+00 9.60784954e-01 1.07480802e+00
0.00000000e+00 8.90232174e-01 1.09001539e+00
0.00000000e+00 8.88426791e-01 1.08163952e+00
0.00000000e+00 9.58979571e-01 1.06643215e+00
0.00000000e+00 9.58979571e-01 1.06643215e+00
0.00000000e+00 8.88426791e-01 1.08163952e+00
0.00000000e+00 8.86621407e-01 1.07326366e+00
0.00000000e+00 9.57174187e-01 1.05805629e+00
0.00000000e+00 9.57174187e-01 1.05805629e+00
0.00000000e+00 8.86621407e-01 1.07326366e+00
0.00000000e+00 8.84816023e-01 1.06488780e+00
0.00000000e+00 9.55368803e-01 1.04968043e+00
0.00000000e+00 9.00673094e-01 1.14035280e+00
0.00000000e+00 8.30150714e-01 1.15478982e+00
0.00000000e+00 8.28432304e-01 1.14639568e+00
0.00000000e+00 8.98954684e-01 1.13195866e+00
0.00000000e+00 8.98954684e-01 1.13195866e+00
0.00000000e+00 8.28432304e-01 1.14639568e+00
0.00000000e+00 8.26713894e-01 1.13800155e+00
0.00000000e+00 8.97236274e-01 1.12356453e+00
0.00000000e+00 8.97236274e-01 1.12356453e+00
0.00000000e+00 8.26713894e-01 1.13800155e+00
0.00000000e+00 8.24995485e-01 1.12960741e+00
0.00000000e+00 8.95517865e-01 1.11517039e+00
0.00000000e+00 8.95517865e-01 1.11517039e+00
0.00000000e+00 8.24995485e-01 1.12960741e+00
0.00000000e+00 8.23277075e-01 1.12121327e+00
0.00000000e+00 8.93799455e-01 1.10677625e+00
0.00000000e+00 8.93799455e-01 1.10677625e+00
0.00000000e+00 8.23277075e-01 1.12121327e+00
0.00000000e+00 8.21558665e-01 1.11281913e+00
0.00000000e+00 8.92081045e-01 1.09838211e+00
0.00000000e+00 8.92081045e-01 1.09838211e+00
0.00000000e+00 8.21558665e-01 1.11281913e+00
0.00000000e+00 8.19840255e-01 1.10442499e+00
0.00000000e+00 8.90362635e-01 1.08998797e+00
0.00000000e+00 8.90362635e-01 1.08998797e+00
0.00000000e+00 8.19840255e-01 1.10442499e+00
0.00000000e+00 8.18121846e-01 1.09603085e+00
0.00000000e+00 8.88644226e-01 1.08159383e+00
0.00000000e+00 8.88644226e-01 1.08159383e+00
0.00000000e+00 8.18121846e-01 1.09603085e+00
0.00000000e+00 8.16403436e-01 1.08763672e+00
0.00000000e+00 8.86925816e-01 1.07319970e+00
0.00000000e+00 8.86925816e-01 1.07319970e+00
0.00000000e+00 8.16403436e-01 1.08763672e+00
0.00000000e+00 8.14685026e-01 1.07924258e+00
0.00000000e+00 8.85207406e-01 1.06480556e+00
0.00000000e+00 8.29773022e-01 1.15486518e+00
0.00000000e+00 7.58919652e-01 1.16863404e+00
0.00000000e+00 7.57285174e-01 1.16022315e+00
0.00000000e+00 8.28138544e-01 1.14645429e+00
0.00000000e+00 8.28138544e-01 1.14645429e+00
0.00000000e+00 7.57285174e-01 1.16022315e+00
0.00000000e+00 7.55650695e-01 1.15181227e+00
0.00000000e+00 8.26504065e-01 1.13804341e+00
0.00000000e+00 8.26504065e-01 1.13804341e+00
0.00000000e+00 7.55650695e-01 1.15181227e+00
0.00000000e+00 7.54016217e-01 1.14340139e+00
0.00000000e+00 8.24869587e-01 1.12963253e+00
0.00000000e+00 8.24869587e-01 1.12963253e+00
0.00000000e+00 7.54016217e-01 1.14340139e+00
0.00000000e+00 7.52381739e-01 1.13499050e+00
0.00000000e+00 8.23235109e-01 1.12122164e+00
0.00000000e+00 8.23235109e-01 1.12122164e+00
0.00000000e+00 7.52381739e-01 1.13499050e+00
0.00000000e+00 7.50747261e-01 1.12657962e+00
0.00000000e+00 8.21600631e-01 1.11281076e+00
0.00000000e+00 8.21600631e-01 1.11281076e+00
0.00000000e+00 7.50747261e-01 1.12657962e+00
0.00000000e+00 7.49112783e-01 1.11816873e+00
0.00000000e+00 8.19966153e-01 1.10439987e+00
0.00000000e+00 8.19966153e-01 1.10439987e+00
0.00000000e+00 7.49112783e-01 1.11816873e+00
0.00000000e+00 7.47478305e-01 1.10975785e+00
0.00000000e+00 8.18331675e-01 1.09598899e+00
0.00000000e+00 8.18331675e-01 1.09598899e+00
0.00000000e+00 7.47478305e-01 1.10975785e+00
0.00000000e+00 7.45843826e-01 1.10134697e+00
0.00000000e+00 8.16697196e-01 1.08757811e+00
0.00000000e+00 8.16697196e-01 1.08757811e+00
0.00000000e+00 7.45843826e-01 1.10134697e+00
0.00000000e+00 7.44209348e-01 1.09293608e+00
0.00000000e+00 8.15062718e-01 1.07916722e+00
0.00000000e+00 7.58904260e-01 1.16863703e+00
0.00000000e+00 6.87889430e-01 1.18240730e+00
0.00000000e+00 6.86258372e-01 1.17399575e+00
0.00000000e+00 7.57273202e-01 1.16022548e+00
0.00000000e+00 7.57273202e-01 1.16022548e+00
0.00000000e+00 6.86258372e-01 1.17399575e+00
0.00000000e+00 6.84627314e-01 1.16558420e+00
0.00000000e+00 7.55642144e-01 1.15181393e+00
0.00000000e+00 7.55642144e-01 1.15181393e+00
0.00000000e+00 6.84627314e-01 1.16558420e+00
0.00000000e+00 6.82996257e-01 1.15717265e+00
0.00000000e+00 7.54011087e-01 1.14340238e+00
0.00000000e+00 7.54011087e-01 1.14340238e+00
0.00000000e+00 6.82996257e-01 1.15717265e+00
0.00000000e+00 6.81365199e-01 1.14876110e+00
0.00000000e+00 7.52380029e-01 1.13499083e+00
0.00000000e+00 7.52380029e-01 1.13499083e+00
0.00000000e+00 6.81365199e-01 1.14876110e+00
0.00000000e+00 6.79734141e-01 1.14034956e+00
0.00000000e+00 7.50748971e-01 1.12657929e+00
0.00000000e+00 7.50748971e-01 1.12657929e+00
0.00000000e+00 6.79734141e-01 1.14034956e+00
0.00000000e+00 6.78103083e-01 1.13193801e+00
0.00000000e+00 7.49117913e-01 1.11816774e+00
0.00000000e+00 7.49117913e-01 1.11816774e+00
0.00000000e+00 6.78103083e-01 1.13193801e+00
0.00000000e+00 6.76472026e-01 1.12352646e+00
0.00000000e+00 7.47486856e-01 1.10975619e+00
0.00000000e+00 7.47486856e-01 1.10975619e+00
0.00000000e+00 6.76472026e-01 1.12352646e+00
0.00000000e+00 6.74840968e-01 1.11511491e+00
0.00000000e+00 7.45855798e-01 1.10134464e+00
0.00000000e+00 7.45855798e-01 1.10134464e+00
0.00000000e+00 6.74840968e-01 1.11511491e+00
0.00000000e+00 6.73209910e-01 1.10670336e+00
0.00000000e+00 7.44224740e-01 1.09293309e+00
0.00000000e+00 6.87824163e-01 1.18241989e+00
0.00000000e+00 6.17128623e-01 1.19600183e+00
0.00000000e+00 6.15512069e-01 1.18758749e+00
0.00000000e+00 6.86207609e-01 1.17400555e+00
0.00000000e+00 6.86207609e-01 1.17400555e+00
0.00000000e+00 6.15512069e-01 1.18758749e+00
0.00000000e+00 6.13895515e-01 1.17917314e+00
0.00000000e+00 6.84591055e-01 1.16559120e+00
0.00000000e+00 6.84591055e-01 1.16559120e+00
0.00000000e+00 6.13895515e-01 1.17917314e+00
0.00000000e+00 6.12278961e-01 1.17075879e+00
0.00000000e+00 6.82974501e-01 1.15717685e+00
0.00000000e+00 6.82974501e-01 1.15717685e+00
0.00000000e+00 6.12278961e-01 1.17075879e+00
0.00000000e+00 6.10662407e-01 1.16234444e+00
0.00000000e+00 6.81357947e-01 1.14876250e+00
0.00000000e+00 6.81357947e-01 1.14876250e+00
0.00000000e+00 6.10662407e-01 1.16234444e+00
0.00000000e+00 6.09045853e-01 1.15393010e+00
0.00000000e+00 6.79741393e-01 1.14034816e+00
0.00000000e+00 6.79741393e-01 1.14034816e+00
0.00000000e+00 6.09045853e-01 1.15393010e+00
0.00000000e+00 6.07429299e-01 1.14551575e+00
0.00000000e+00 6.78124839e-01 1.13193381e+00
0.00000000e+00 6.78124839e-01 1.13193381e+00
0.00000000e+00 6.07429299e-01 1.14551575e+00
0.00000000e+00 6.05812745e-01 1.13710140e+00
0.00000000e+00 6.76508285e-01 1.12351946e+00
0.00000000e+00 6.76508285e-01 1.12351946e+00
0.00000000e+00 6.05812745e-01 1.13710140e+00
0.00000000e+00 6.04196191e-01 1.12868705e+00
0.00000000e+00 6.74891731e-01 1.11510511e+00
0.00000000e+00 6.74891731e-01 1.11510511e+00
0.00000000e+00 6.04196191e-01 1.12868705e+00
0.00000000e+00 6.02579637e-01 1.12027271e+00
0.00000000e+00 6.73275177e-01 1.10669077e+00
0.00000000e+00 6.16424545e-01 1.19613034e+00
0.00000000e+00 5.45550555e-01 1.20838709e+00
0.00000000e+00 5.44090463e-01 1.19994418e+00
0.00000000e+00 6.14964453e-01 1.18768743e+00
0.00000000e+00 6.14964453e-01 1.18768743e+00
0.00000000e+00 5.44090463e-01 1.19994418e+00
0.00000000e+00 5.42630370e-01 1.19150128e+00
0.00000000e+00 6.13504360e-01 1.17924453e+00
0.00000000e+00 6.13504360e-01 1.17924453e+00
0.00000000e+00 5.42630370e-01 1.19150128e+00
0.00000000e+00 5.41170278e-01 1.18305838e+00
0.00000000e+00 6.12044268e-01 1.17080163e+00
0.00000000e+00 6.12044268e-01 1.17080163e+00
0.00000000e+00 5.41170278e-01 1.18305838e+00
0.00000000e+00 5.39710186e-01 1.17461547e+00
0.00000000e+00 6.10584176e-01 1.16235872e+00
0.00000000e+00 6.10584176e-01 1.16235872e+00
0.00000000e+00 5.39710186e-01 1.17461547e+00
0.00000000e+00 5.38250094e-01 1.16617257e+00
0.00000000e+00 6.09124084e-01 1.15391582e+00
0.00000000e+00 6.09124084e-01 1.15391582e+00
0.00000000e+00 5.38250094e-01 1.16617257e+00
0.00000000e+00 5.36790002e-01 1.15772966e+00
0.00000000e+00 6.07663992e-01 1.14547291e+00
0.00000000e+00 6.07663992e-01 1.14547291e+00
0.00000000e+00 5.36790002e-01 1.15772966e+00
0.00000000e+00 5.35329910e-01 1.14928676e+00
0.00000000e+00 6.06203900e-01 1.13703001e+00
0.00000000e+00 6.06203900e-01 1.13703001e+00
0.00000000e+00 5.35329910e-01 1.14928676e+00
0.00000000e+00 5.33869817e-01 1.14084386e+00
0.00000000e+00 6.04743807e-01 1.12858711e+00
0.00000000e+00 6.04743807e-01 1.12858711e+00
0.00000000e+00 5.33869817e-01 1.14084386e+00
0.00000000e+00 5.32409725e-01 1.13240095e+00
0.00000000e+00 6.03283715e-01 1.12014420e+00
0.00000000e+00 5.45366545e-01 1.20841845e+00
0.00000000e+00 4.74088065e-01 1.22039005e+00
0.00000000e+00 4.72668864e-01 1.21194018e+00
0.00000000e+00 5.43947344e-01 1.19996858e+00
0.00000000e+00 5.43947344e-01 1.19996858e+00
0.00000000e+00 4.72668864e-01 1.21194018e+00
0.00000000e+00 4.71249663e-01 1.20349030e+00
0.00000000e+00 5.42528143e-01 1.19151870e+00
0.00000000e+00 5.42528143e-01 1.19151870e+00
0.00000000e+00 4.71249663e-01 1.20349030e+00
0.00000000e+00 4.69830462e-01 1.19504043e+00
0.00000000e+00 5.41108942e-01 1.18306883e+00
0.00000000e+00 5.41108942e-01 1.18306883e+00
0.00000000e+00 4.69830462e-01 1.19504043e+00
0.00000000e+00 4.68411261e-01 1.18659056e+00
0.00000000e+00 5.39689741e-01 1.17461896e+00
0.00000000e+00 5.39689741e-01 1.17461896e+00
0.00000000e+00 4.68411261e-01 1.18659056e+00
0.00000000e+00 4.66992059e-01 1.17814068e+00
0.00000000e+00 5.38270539e-01 1.16616908e+00
0.00000000e+00 5.38270539e-01 1.16616908e+00
0.00000000e+00 4.66992059e-01 1.17814068e+00
0.00000000e+00 4.65572858e-01 1.16969081e+00
0.00000000e+00 5.36851338e-01 1.15771921e+00
0.00000000e+00 5.36851338e-01 1.15771921e+00
0.00000000e+00 4.65572858e-01 1.16969081e+00
0.00000000e+00 4.64153657e-01 1.16124094e+00
0.00000000e+00 5.35432137e-01 1.14926934e+00
0.00000000e+00 5.35432137e-01 1.14926934e+00
0.00000000e+00 4.64153657e-01 1.16124094e+00
0.00000000e+00 4.62734456e-01 1.15279106e+00
0.00000000e+00 5.34012936e-01 1.14081946e+00
0.00000000e+00 5.34012936e-01 1.14081946e+00
0.00000000e+00 4.62734456e-01 1.15279106e+00
0.00000000e+00 4.61315255e-01 1.14434119e+00
0.00000000e+00 5.32593735e-01 1.13236959e+00
0.00000000e+00 4.74071254e-01 1.22039287e+00
0.00000000e+00 4.02883044e-01 1.23231695e+00
0.00000000e+00 4.01467578e-01 1.22386645e+00
0.00000000e+00 4.72655788e-01 1.21194237e+00
0.00000000e+00 4.72655788e-01 1.21194237e+00
0.00000000e+00 4.01467578e-01 1.22386645e+00
0.00000000e+00 4.00052113e-01 1.21541595e+00
0.00000000e+00 4.71240323e-01 1.20349187e+00
0.00000000e+00 4.71240323e-01 1.20349187e+00
0.00000000e+00 4.00052113e-01 1.21541595e+00
0.00000000e+00 3.98636648e-01 1.20696545e+00
0.00000000e+00 4.69824858e-01 1.19504137e+00
0.00000000e+00 4.69824858e-01 1.19504137e+00
0.00000000e+00 3.98636648e-01 1.20696545e+00
0.00000000e+00 3.97221183e-01 1.19851495e+00
0.00000000e+00 4.68409393e-01 1.18659087e+00
0.00000000e+00 4.68409393e-01 1.18659087e+00
0.00000000e+00 3.97221183e-01 1.19851495e+00
0.00000000e+00 3.95805717e-01 1.19006445e+00
0.00000000e+00 4.66993927e-01 1.17814037e+00
0.00000000e+00 4.66993927e-01 1.17814037e+00
0.00000000e+00 3.95805717e-01 1.19006445e+00
0.00000000e+00 3.94390252e-01 1.18161395e+00
0.00000000e+00 4.65578462e-01 1.16968987e+00
0.00000000e+00 4.65578462e-01 1.16968987e+00
0.00000000e+00 3.94390252e-01 1.18161395e+00
0.00000000e+00 3.92974787e-01 1.17316345e+00
0.00000000e+00 4.64162997e-01 1.16123937e+00
0.00000000e+00 4.64162997e-01 1.16123937e+00
0.00000000e+00 3.92974787e-01 1.17316345e+00
0.00000000e+00 3.91559322e-01 1.16471295e+00
0.00000000e+00 4.62747532e-01 1.15278887e+00
0.00000000e+00 4.62747532e-01 1.15278887e+00
0.00000000e+00 3.91559322e-01 1.16471295e+00
0.00000000e+00 3.90143856e-01 1.15626245e+00
0.00000000e+00 4.61332066e-01 1.14433837e+00
0.00000000e+00 4.02507172e-01 1.23237800e+00
0.00000000e+00 3.31559622e-01 1.24354258e+00
0.00000000e+00 3.30227684e-01 1.23507851e+00
0.00000000e+00 4.01175234e-01 1.22391393e+00
0.00000000e+00 4.01175234e-01 1.22391393e+00
0.00000000e+00 3.30227684e-01 1.23507851e+00
0.00000000e+00 3.28895746e-01 1.22661445e+00
0.00000000e+00 3.99843296e-01 1.21544987e+00
0.00000000e+00 3.99843296e-01 1.21544987e+00
0.00000000e+00 3.28895746e-01 1.22661445e+00
0.00000000e+00 3.27563807e-01 1.21815038e+00
0.00000000e+00 3.98511357e-01 1.20698580e+00
0.00000000e+00 3.98511357e-01 1.20698580e+00
0.00000000e+00 3.27563807e-01 1.21815038e+00
0.00000000e+00 3.26231869e-01 1.20968631e+00
0.00000000e+00 3.97179419e-01 1.19852173e+00
0.00000000e+00 3.97179419e-01 1.19852173e+00
0.00000000e+00 3.26231869e-01 1.20968631e+00
0.00000000e+00 3.24899931e-01 1.20122225e+00
0.00000000e+00 3.95847481e-01 1.19005767e+00
0.00000000e+00 3.95847481e-01 1.19005767e+00
0.00000000e+00 3.24899931e-01 1.20122225e+00
0.00000000e+00 3.23567993e-01 1.19275818e+00
0.00000000e+00 3.94515543e-01 1.18159360e+00
0.00000000e+00 3.94515543e-01 1.18159360e+00
0.00000000e+00 3.23567993e-01 1.19275818e+00
0.00000000e+00 3.22236054e-01 1.18429411e+00
0.00000000e+00 3.93183604e-01 1.17312953e+00
0.00000000e+00 3.93183604e-01 1.17312953e+00
0.00000000e+00 3.22236054e-01 1.18429411e+00
0.00000000e+00 3.20904116e-01 1.17583005e+00
0.00000000e+00 3.91851666e-01 1.16466547e+00
0.00000000e+00 3.91851666e-01 1.16466547e+00
0.00000000e+00 3.20904116e-01 1.17583005e+00
0.00000000e+00 3.19572178e-01 1.16736598e+00
0.00000000e+00 3.90519728e-01 1.15620140e+00
0.00000000e+00 3.29449144e-01 1.24381525e+00
0.00000000e+00 2.57783444e-01 1.25106990e+00
0.00000000e+00 2.56920501e-01 1.24254524e+00
0.00000000e+00 3.28586201e-01 1.23529059e+00
0.00000000e+00 3.28586201e-01 1.23529059e+00
0.00000000e+00 2.56920501e-01 1.24254524e+00
0.00000000e+00 2.56057558e-01 1.23402058e+00
0.00000000e+00 3.27723258e-01 1.22676593e+00
0.00000000e+00 3.27723258e-01 1.22676593e+00
0.00000000e+00 2.56057558e-01 1.23402058e+00
0.00000000e+00 2.55194615e-01 1.22549592e+00
0.00000000e+00 3.26860315e-01 1.21824127e+00
0.00000000e+00 3.26860315e-01 1.21824127e+00
0.00000000e+00 2.55194615e-01 1.22549592e+00
0.00000000e+00 2.54331672e-01 1.21697126e+00
0.00000000e+00 3.25997372e-01 1.20971661e+00
0.00000000e+00 3.25997372e-01 1.20971661e+00
0.00000000e+00 2.54331672e-01 1.21697126e+00
0.00000000e+00 2.53468728e-01 1.20844660e+00
0.00000000e+00 3.25134428e-01 1.20119195e+00
0.00000000e+00 3.25134428e-01 1.20119195e+00
0.00000000e+00 2.53468728e-01 1.20844660e+00
0.00000000e+00 2.52605785e-01 1.19992194e+00
0.00000000e+00 3.24271485e-01 1.19266729e+00
0.00000000e+00 3.24271485e-01 1.19266729e+00
0.00000000e+00 2.52605785e-01 1.19992194e+00
0.00000000e+00 2.51742842e-01 1.19139728e+00
0.00000000e+00 3.23408542e-01 1.18414263e+00
0.00000000e+00 3.23408542e-01 1.18414263e+00
0.00000000e+00 2.51742842e-01 1.19139728e+00
0.00000000e+00 2.50879899e-01 1.18287262e+00
0.00000000e+00 3.22545599e-01 1.17561797e+00
0.00000000e+00 3.22545599e-01 1.17561797e+00
0.00000000e+00 2.50879899e-01 1.18287262e+00
0.00000000e+00 2.50016956e-01 1.17434796e+00
0.00000000e+00 3.21682656e-01 1.16709331e+00
0.00000000e+00 2.58663561e-01 1.25623194e+00
0.00000000e+00 1.61351551e-01 1.26688222e+00
0.00000000e+00 1.60293026e-01 1.25721044e+00
0.00000000e+00 2.57605036e-01 1.24656016e+00
0.00000000e+00 2.57605036e-01 1.24656016e+00
0.00000000e+00 1.60293026e-01 1.25721044e+00
0.00000000e+00 1.59234502e-01 1.24753866e+00
0.00000000e+00 2.56546512e-01 1.23688838e+00
0.00000000e+00 2.56546512e-01 1.23688838e+00
0.00000000e+00 1.59234502e-01 1.24753866e+00
0.00000000e+00 1.58175977e-01 1.23786688e+00
0.00000000e+00 2.55487987e-01 1.22721660e+00
0.00000000e+00 2.55487987e-01 1.22721660e+00
0.00000000e+00 1.58175977e-01 1.23786688e+00
0.00000000e+00 1.57117452e-01 1.22819510e+00
0.00000000e+00 2.54429462e-01 1.21754482e+00
0.00000000e+00 2.54429462e-01 1.21754482e+00
0.00000000e+00 1.57117452e-01 1.22819510e+00
0.00000000e+00 1.56058928e-01 1.21852332e+00
0.00000000e+00 2.53370938e-01 1.20787304e+00
0.00000000e+00 2.53370938e-01 1.20787304e+00
0.00000000e+00 1.56058928e-01 1.21852332e+00
0.00000000e+00 1.55000403e-01 1.20885154e+00
0.00000000e+00 2.52312413e-01 1.19820126e+00
0.00000000e+00 2.52312413e-01 1.19820126e+00
0.00000000e+00 1.55000403e-01 1.20885154e+00
0.00000000e+00 1.53941878e-01 1.19917976e+00
0.00000000e+00 2.51253888e-01 1.18852948e+00
0.00000000e+00 2.51253888e-01 1.18852948e+00
0.00000000e+00 1.53941878e-01 1.19917976e+00
0.00000000e+00 1.52883354e-01 1.18950798e+00
0.00000000e+00 2.50195364e-01 1.17885770e+00
0.00000000e+00 2.50195364e-01 1.17885770e+00
0.00000000e+00 1.52883354e-01 1.18950798e+00
0.00000000e+00 1.51824829e-01 1.17983620e+00
0.00000000e+00 2.49136839e-01 1.16918592e+00
0.00000000e+00 1.62185704e-01 1.26678282e+00
0.00000000e+00 9.12653339e-02 1.27592480e+00
0.00000000e+00 9.00214419e-02 1.26627511e+00
0.00000000e+00 1.60941812e-01 1.25713313e+00
0.00000000e+00 1.60941812e-01 1.25713313e+00
0.00000000e+00 9.00214419e-02 1.26627511e+00
0.00000000e+00 8.87775499e-02 1.25662542e+00
0.00000000e+00 1.59697920e-01 1.24748344e+00
0.00000000e+00 1.59697920e-01 1.24748344e+00
0.00000000e+00 8.87775499e-02 1.25662542e+00
0.00000000e+00 8.75336580e-02 1.24697573e+00
0.00000000e+00 1.58454028e-01 1.23783375e+00
0.00000000e+00 1.58454028e-01 1.23783375e+00
0.00000000e+00 8.75336580e-02 1.24697573e+00
0.00000000e+00 8.62897660e-02 1.23732604e+00
0.00000000e+00 1.57210136e-01 1.22818406e+00
0.00000000e+00 1.57210136e-01 1.22818406e+00
0.00000000e+00 8.62897660e-02 1.23732604e+00
0.00000000e+00 8.50458740e-02 1.22767634e+00
0.00000000e+00 1.55966244e-01 1.21853436e+00
0.00000000e+00 1.55966244e-01 1.21853436e+00
0.00000000e+00 8.50458740e-02 1.22767634e+00
0.00000000e+00 8.38019820e-02 1.21802665e+00
0.00000000e+00 1.54722352e-01 1.20888467e+00
0.00000000e+00 1.54722352e-01 1.20888467e+00
0.00000000e+00 8.38019820e-02 1.21802665e+00
0.00000000e+00 8.25580901e-02 1.20837696e+00
0.00000000e+00 1.53478460e-01 1.19923498e+00
0.00000000e+00 1.53478460e-01 1.19923498e+00
0.00000000e+00 8.25580901e-02 1.20837696e+00
0.00000000e+00 8.13141981e-02 1.19872727e+00
0.00000000e+00 1.52234568e-01 1.18958529e+00
0.00000000e+00 1.52234568e-01 1.18958529e+00
0.00000000e+00 8.13141981e-02 1.19872727e+00
0.00000000e+00 8.00703061e-02 1.18907758e+00
0.00000000e+00 1.50990676e-01 1.17993560e+00
0.00000000e+00 9.01846157e-02 1.27605048e+00
0.00000000e+00 1.89461557e-02 1.28343911e+00
0.00000000e+00 1.79424234e-02 1.27376149e+00
0.00000000e+00 8.91808834e-02 1.26637286e+00
0.00000000e+00 8.91808834e-02 1.26637286e+00
0.00000000e+00 1.79424234e-02 1.27376149e+00
0.00000000e+00 1.69386910e-02 1.26408387e+00
0.00000000e+00 8.81771510e-02 1.25669524e+00
0.00000000e+00 8.81771510e-02 1.25669524e+00
0.00000000e+00 1.69386910e-02 1.26408387e+00
0.00000000e+00 1.59349586e-02 1.25440625e+00
0.00000000e+00 8.71734186e-02 1.24701762e+00
0.00000000e+00 8.71734186e-02 1.24701762e+00
0.00000000e+00 1.59349586e-02 1.25440625e+00
0.00000000e+00 1.49312262e-02 1.24472863e+00
0.00000000e+00 8.61696862e-02 1.23734000e+00
0.00000000e+00 8.61696862e-02 1.23734000e+00
0.00000000e+00 1.49312262e-02 1.24472863e+00
0.00000000e+00 1.39274938e-02 1.23505101e+00
0.00000000e+00 8.51659538e-02 1.22766238e+00
0.00000000e+00 8.51659538e-02 1.22766238e+00
0.00000000e+00 1.39274938e-02 1.23505101e+00
0.00000000e+00 1.29237614e-02 1.22537339e+00
0.00000000e+00 8.41622214e-02 1.21798476e+00
0.00000000e+00 8.41622214e-02 1.21798476e+00
0.00000000e+00 1.29237614e-02 1.22537339e+00
0.00000000e+00 1.19200290e-02 1.21569577e+00
0.00000000e+00 8.31584890e-02 1.20830714e+00
0.00000000e+00 8.31584890e-02 1.20830714e+00
0.00000000e+00 1.19200290e-02 1.21569577e+00
0.00000000e+00 1.09162966e-02 1.20601815e+00
0.00000000e+00 8.21547566e-02 1.19862952e+00
0.00000000e+00 8.21547566e-02 1.19862952e+00
0.00000000e+00 1.09162966e-02 1.20601815e+00
0.00000000e+00 9.91256426e-03 1.19634053e+00
0.00000000e+00 8.11510243e-02 1.18895190e+00
0.00000000e+00 1.88432000e-02 1.28344966e+00
0.00000000e+00 -5.29063300e-02 1.29071991e+00
0.00000000e+00 -5.38871833e-02 1.28103995e+00
0.00000000e+00 1.78623467e-02 1.27376970e+00
0.00000000e+00 1.78623467e-02 1.27376970e+00
0.00000000e+00 -5.38871833e-02 1.28103995e+00
0.00000000e+00 -5.48680367e-02 1.27135998e+00
0.00000000e+00 1.68814933e-02 1.26408973e+00
0.00000000e+00 1.68814933e-02 1.26408973e+00
0.00000000e+00 -5.48680367e-02 1.27135998e+00
0.00000000e+00 -5.58488900e-02 1.26168002e+00
0.00000000e+00 1.59006400e-02 1.25440977e+00
0.00000000e+00 1.59006400e-02 1.25440977e+00
0.00000000e+00 -5.58488900e-02 1.26168002e+00
0.00000000e+00 -5.68297433e-02 1.25200005e+00
0.00000000e+00 1.49197867e-02 1.24472980e+00
0.00000000e+00 1.49197867e-02 1.24472980e+00
0.00000000e+00 -5.68297433e-02 1.25200005e+00
0.00000000e+00 -5.78105967e-02 1.24232009e+00
0.00000000e+00 1.39389333e-02 1.23504984e+00
0.00000000e+00 1.39389333e-02 1.23504984e+00
0.00000000e+00 -5.78105967e-02 1.24232009e+00
0.00000000e+00 -5.87914500e-02 1.23264012e+00
0.00000000e+00 1.29580800e-02 1.22536987e+00
0.00000000e+00 1.29580800e-02 1.22536987e+00
0.00000000e+00 -5.87914500e-02 1.23264012e+00
0.00000000e+00 -5.97723033e-02 1.22296016e+00
0.00000000e+00 1.19772267e-02 1.21568991e+00
0.00000000e+00 1.19772267e-02 1.21568991e+00
0.00000000e+00 -5.97723033e-02 1.22296016e+00
0.00000000e+00 -6.07531567e-02 1.21328019e+00
0.00000000e+00 1.09963733e-02 1.20600994e+00
0.00000000e+00 1.09963733e-02 1.20600994e+00
0.00000000e+00 -6.07531567e-02 1.21328019e+00
0.00000000e+00 -6.17340100e-02 1.20360023e+00
0.00000000e+00 1.00155200e-02 1.19632998e+00
0.00000000e+00 -5.29971845e-02 1.29072902e+00
0.00000000e+00 -1.24239365e-01 1.29779779e+00
0.00000000e+00 -1.25200028e-01 1.28811580e+00
0.00000000e+00 -5.39578480e-02 1.28104703e+00
0.00000000e+00 -5.39578480e-02 1.28104703e+00
0.00000000e+00 -1.25200028e-01 1.28811580e+00
0.00000000e+00 -1.26160691e-01 1.27843381e+00
0.00000000e+00 -5.49185114e-02 1.27136504e+00
0.00000000e+00 -5.49185114e-02 1.27136504e+00
0.00000000e+00 -1.26160691e-01 1.27843381e+00
0.00000000e+00 -1.27121355e-01 1.26875182e+00
0.00000000e+00 -5.58791748e-02 1.26168305e+00
0.00000000e+00 -5.58791748e-02 1.26168305e+00
0.00000000e+00 -1.27121355e-01 1.26875182e+00
0.00000000e+00 -1.28082018e-01 1.25906983e+00
0.00000000e+00 -5.68398383e-02 1.25200106e+00
0.00000000e+00 -5.68398383e-02 1.25200106e+00
0.00000000e+00 -1.28082018e-01 1.25906983e+00
0.00000000e+00 -1.29042682e-01 1.24938785e+00
0.00000000e+00 -5.78005017e-02 1.24231908e+00
0.00000000e+00 -5.78005017e-02 1.24231908e+00
0.00000000e+00 -1.29042682e-01 1.24938785e+00
0.00000000e+00 -1.30003345e-01 1.23970586e+00
0.00000000e+00 -5.87611652e-02 1.23263709e+00
0.00000000e+00 -5.87611652e-02 1.23263709e+00
0.00000000e+00 -1.30003345e-01 1.23970586e+00
0.00000000e+00 -1.30964009e-01 1.23002387e+00
0.00000000e+00 -5.97218286e-02 1.22295510e+00
0.00000000e+00 -5.97218286e-02 1.22295510e+00
0.00000000e+00 -1.30964009e-01 1.23002387e+00
0.00000000e+00 -1.31924672e-01 1.22034188e+00
0.00000000e+00 -6.06824920e-02 1.21327311e+00
0.00000000e+00 -6.06824920e-02 1.21327311e+00
0.00000000e+00 -1.31924672e-01 1.22034188e+00
0.00000000e+00 -1.32885335e-01 1.21065989e+00
0.00000000e+00 -6.16431555e-02 1.20359112e+00
0.00000000e+00 -1.25393356e-01 1.29789690e+00
0.00000000e+00 -1.96574366e-01 1.30306251e+00
0.00000000e+00 -1.97278587e-01 1.29335850e+00
0.00000000e+00 -1.26097577e-01 1.28819289e+00
0.00000000e+00 -1.26097577e-01 1.28819289e+00
0.00000000e+00 -1.97278587e-01 1.29335850e+00
0.00000000e+00 -1.97982808e-01 1.28365448e+00
0.00000000e+00 -1.26801798e-01 1.27848887e+00
0.00000000e+00 -1.26801798e-01 1.27848887e+00
0.00000000e+00 -1.97982808e-01 1.28365448e+00
0.00000000e+00 -1.98687029e-01 1.27395047e+00
0.00000000e+00 -1.27506019e-01 1.26878486e+00
0.00000000e+00 -1.27506019e-01 1.26878486e+00
0.00000000e+00 -1.98687029e-01 1.27395047e+00
0.00000000e+00 -1.99391250e-01 1.26424646e+00
0.00000000e+00 -1.28210240e-01 1.25908085e+00
0.00000000e+00 -1.28210240e-01 1.25908085e+00
0.00000000e+00 -1.99391250e-01 1.26424646e+00
0.00000000e+00 -2.00095470e-01 1.25454244e+00
0.00000000e+00 -1.28914460e-01 1.24937683e+00
0.00000000e+00 -1.28914460e-01 1.24937683e+00
0.00000000e+00 -2.00095470e-01 1.25454244e+00
0.00000000e+00 -2.00799691e-01 1.24483843e+00
0.00000000e+00 -1.29618681e-01 1.23967282e+00
0.00000000e+00 -1.29618681e-01 1.23967282e+00
0.00000000e+00 -2.00799691e-01 1.24483843e+00
0.00000000e+00 -2.01503912e-01 1.23513442e+00
0.00000000e+00 -1.30322902e-01 1.22996881e+00
0.00000000e+00 -1.30322902e-01 1.22996881e+00
0.00000000e+00 -2.01503912e-01 1.23513442e+00
0.00000000e+00 -2.02208133e-01 1.22543040e+00
0.00000000e+00 -1.31027123e-01 1.22026479e+00
0.00000000e+00 -1.31027123e-01 1.22026479e+00
0.00000000e+00 -2.02208133e-01 1.22543040e+00
0.00000000e+00 -2.02912354e-01 1.21572639e+00
0.00000000e+00 -1.31731344e-01 1.21056078e+00
0.00000000e+00 -1.97102381e-01 1.30309762e+00
0.00000000e+00 -2.68905391e-01 1.30743667e+00
0.00000000e+00 -2.69492275e-01 1.29772485e+00
0.00000000e+00 -1.97689265e-01 1.29338580e+00
0.00000000e+00 -1.97689265e-01 1.29338580e+00
0.00000000e+00 -2.69492275e-01 1.29772485e+00
0.00000000e+00 -2.70079159e-01 1.28801304e+00
0.00000000e+00 -1.98276149e-01 1.28367399e+00
0.00000000e+00 -1.98276149e-01 1.28367399e+00
0.00000000e+00 -2.70079159e-01 1.28801304e+00
0.00000000e+00 -2.70666044e-01 1.27830122e+00
0.00000000e+00 -1.98863034e-01 1.27396217e+00
0.00000000e+00 -1.98863034e-01 1.27396217e+00
0.00000000e+00 -2.70666044e-01 1.27830122e+00
0.00000000e+00 -2.71252928e-01 1.26858941e+00
0.00000000e+00 -1.99449918e-01 1.26425036e+00
0.00000000e+00 -1.99449918e-01 1.26425036e+00
0.00000000e+00 -2.71252928e-01 1.26858941e+00
0.00000000e+00 -2.71839812e-01 1.25887759e+00
0.00000000e+00 -2.00036802e-01 1.25453854e+00
0.00000000e+00 -2.00036802e-01 1.25453854e+00
0.00000000e+00 -2.71839812e-01 1.25887759e+00
0.00000000e+00 -2.72426696e-01 1.24916578e+00
0.00000000e+00 -2.00623686e-01 1.24482673e+00
0.00000000e+00 -2.00623686e-01 1.24482673e+00
0.00000000e+00 -2.72426696e-01 1.24916578e+00
0.00000000e+00 -2.73013581e-01 1.23945396e+00
0.00000000e+00 -2.01210571e-01 1.23511491e+00
0.00000000e+00 -2.01210571e-01 1.23511491e+00
0.00000000e+00 -2.73013581e-01 1.23945396e+00
0.00000000e+00 -2.73600465e-01 1.22974215e+00
0.00000000e+00 -2.01797455e-01 1.22540310e+00
0.00000000e+00 -2.01797455e-01 1.22540310e+00
0.00000000e+00 -2.73600465e-01 1.22974215e+00
0.00000000e+00 -2.74187349e-01 1.22003033e+00
0.00000000e+00 -2.02384339e-01 1.21569128e+00
0.00000000e+00 -2.68938028e-01 1.30743863e+00
0.00000000e+00 -3.40574548e-01 1.31171393e+00
0.00000000e+00 -3.41154180e-01 1.30200168e+00
0.00000000e+00 -2.69517660e-01 1.29772638e+00
0.00000000e+00 -2.69517660e-01 1.29772638e+00
0.00000000e+00 -3.41154180e-01 1.30200168e+00
0.00000000e+00 -3.41733811e-01 1.29228943e+00
0.00000000e+00 -2.70097291e-01 1.28801413e+00
0.00000000e+00 -2.70097291e-01 1.28801413e+00
0.00000000e+00 -3.41733811e-01 1.29228943e+00
0.00000000e+00 -3.42313443e-01 1.28257718e+00
0.00000000e+00 -2.70676923e-01 1.27830188e+00
0.00000000e+00 -2.70676923e-01 1.27830188e+00
0.00000000e+00 -3.42313443e-01 1.28257718e+00
0.00000000e+00 -3.42893074e-01 1.27286493e+00
0.00000000e+00 -2.71256554e-01 1.26858963e+00
0.00000000e+00 -2.71256554e-01 1.26858963e+00
0.00000000e+00 -3.42893074e-01 1.27286493e+00
0.00000000e+00 -3.43472706e-01 1.26315267e+00
0.00000000e+00 -2.71836186e-01 1.25887737e+00
0.00000000e+00 -2.71836186e-01 1.25887737e+00
0.00000000e+00 -3.43472706e-01 1.26315267e+00
0.00000000e+00 -3.44052337e-01 1.25344042e+00
0.00000000e+00 -2.72415817e-01 1.24916512e+00
0.00000000e+00 -2.72415817e-01 1.24916512e+00
0.00000000e+00 -3.44052337e-01 1.25344042e+00
0.00000000e+00 -3.44631969e-01 1.24372817e+00
0.00000000e+00 -2.72995449e-01 1.23945287e+00
0.00000000e+00 -2.72995449e-01 1.23945287e+00
0.00000000e+00 -3.44631969e-01 1.24372817e+00
0.00000000e+00 -3.45211600e-01 1.23401592e+00
0.00000000e+00 -2.73575080e-01 1.22974062e+00
0.00000000e+00 -2.73575080e-01 1.22974062e+00
0.00000000e+00 -3.45211600e-01 1.23401592e+00
0.00000000e+00 -3.45791232e-01 1.22430367e+00
0.00000000e+00 -2.74154712e-01 1.22002837e+00
0.00000000e+00 -3.41444568e-01 1.31175717e+00
0.00000000e+00 -4.12613878e-01 1.31458505e+00
0.00000000e+00 -4.13000172e-01 1.30486319e+00
0.00000000e+00 -3.41830862e-01 1.30203531e+00
0.00000000e+00 -3.41830862e-01 1.30203531e+00
0.00000000e+00 -4.13000172e-01 1.30486319e+00
0.00000000e+00 -4.13386466e-01 1.29514133e+00
0.00000000e+00 -3.42217156e-01 1.29231345e+00
0.00000000e+00 -3.42217156e-01 1.29231345e+00
0.00000000e+00 -4.13386466e-01 1.29514133e+00
0.00000000e+00 -4.13772759e-01 1.28541947e+00
0.00000000e+00 -3.42603449e-01 1.28259159e+00
0.00000000e+00 -3.42603449e-01 1.28259159e+00
0.00000000e+00 -4.13772759e-01 1.28541947e+00
0.00000000e+00 -4.14159053e-01 1.27569761e+00
0.00000000e+00 -3.42989743e-01 1.27286973e+00
0.00000000e+00 -3.42989743e-01 1.27286973e+00
0.00000000e+00 -4.14159053e-01 1.27569761e+00
0.00000000e+00 -4.14545347e-01 1.26597575e+00
0.00000000e+00 -3.43376037e-01 1.26314787e+00
0.00000000e+00 -3.43376037e-01 1.26314787e+00
0.00000000e+00 -4.14545347e-01 1.26597575e+00
0.00000000e+00 -4.14931641e-01 1.25625389e+00
0.00000000e+00 -3.43762331e-01 1.25342601e+00
0.00000000e+00 -3.43762331e-01 1.25342601e+00
0.00000000e+00 -4.14931641e-01 1.25625389e+00
0.00000000e+00 -4.15317934e-01 1.24653203e+00
0.00000000e+00 -3.44148624e-01 1.24370415e+00
0.00000000e+00 -3.44148624e-01 1.24370415e+00
0.00000000e+00 -4.15317934e-01 1.24653203e+00
0.00000000e+00 -4.15704228e-01 1.23681017e+00
0.00000000e+00 -3.44534918e-01 1.23398229e+00
0.00000000e+00 -3.44534918e-01 1.23398229e+00
0.00000000e+00 -4.15704228e-01 1.23681017e+00
0.00000000e+00 -4.16090522e-01 1.22708831e+00
0.00000000e+00 -3.44921212e-01 1.22426043e+00
0.00000000e+00 -4.13712020e-01 1.31461489e+00
0.00000000e+00 -4.85352750e-01 1.31566251e+00
0.00000000e+00 -4.85495013e-01 1.30593402e+00
0.00000000e+00 -4.13854283e-01 1.30488640e+00
0.00000000e+00 -4.13854283e-01 1.30488640e+00
0.00000000e+00 -4.85495013e-01 1.30593402e+00
0.00000000e+00 -4.85637275e-01 1.29620553e+00
0.00000000e+00 -4.13996545e-01 1.29515791e+00
0.00000000e+00 -4.13996545e-01 1.29515791e+00
0.00000000e+00 -4.85637275e-01 1.29620553e+00
0.00000000e+00 -4.85779537e-01 1.28647704e+00
0.00000000e+00 -4.14138807e-01 1.28542942e+00
0.00000000e+00 -4.14138807e-01 1.28542942e+00
0.00000000e+00 -4.85779537e-01 1.28647704e+00
0.00000000e+00 -4.85921799e-01 1.27674855e+00
0.00000000e+00 -4.14281069e-01 1.27570093e+00
0.00000000e+00 -4.14281069e-01 1.27570093e+00
0.00000000e+00 -4.85921799e-01 1.27674855e+00
0.00000000e+00 -4.86064061e-01 1.26702005e+00
0.00000000e+00 -4.14423331e-01 1.26597243e+00
0.00000000e+00 -4.14423331e-01 1.26597243e+00
0.00000000e+00 -4.86064061e-01 1.26702005e+00
0.00000000e+00 -4.86206323e-01 1.25729156e+00
0.00000000e+00 -4.14565593e-01 1.25624394e+00
0.00000000e+00 -4.14565593e-01 1.25624394e+00
0.00000000e+00 -4.86206323e-01 1.25729156e+00
0.00000000e+00 -4.86348585e-01 1.24756307e+00
0.00000000e+00 -4.14707855e-01 1.24651545e+00
0.00000000e+00 -4.14707855e-01 1.24651545e+00
0.00000000e+00 -4.86348585e-01 1.24756307e+00
0.00000000e+00 -4.86490847e-01 1.23783458e+00
0.00000000e+00 -4.14850117e-01 1.23678696e+00
0.00000000e+00 -4.14850117e-01 1.23678696e+00
0.00000000e+00 -4.86490847e-01 1.23783458e+00
0.00000000e+00 -4.86633110e-01 1.22810609e+00
0.00000000e+00 -4.14992380e-01 1.22705847e+00
0.00000000e+00 -4.85390375e-01 1.31566305e+00
0.00000000e+00 -5.57229605e-01 1.31665182e+00
0.00000000e+00 -5.57363506e-01 1.30692321e+00
0.00000000e+00 -4.85524276e-01 1.30593444e+00
0.00000000e+00 -4.85524276e-01 1.30593444e+00
0.00000000e+00 -5.57363506e-01 1.30692321e+00
0.00000000e+00 -5.57497407e-01 1.29719460e+00
0.00000000e+00 -4.85658177e-01 1.29620583e+00
0.00000000e+00 -4.85658177e-01 1.29620583e+00
0.00000000e+00 -5.57497407e-01 1.29719460e+00
0.00000000e+00 -5.57631308e-01 1.28746599e+00
0.00000000e+00 -4.85792078e-01 1.28647722e+00
0.00000000e+00 -4.85792078e-01 1.28647722e+00
0.00000000e+00 -5.57631308e-01 1.28746599e+00
0.00000000e+00 -5.57765209e-01 1.27773738e+00
0.00000000e+00 -4.85925979e-01 1.27674861e+00
0.00000000e+00 -4.85925979e-01 1.27674861e+00
0.00000000e+00 -5.57765209e-01 1.27773738e+00
0.00000000e+00 -5.57899111e-01 1.26800876e+00
0.00000000e+00 -4.86059881e-01 1.26701999e+00
0.00000000e+00 -4.86059881e-01 1.26701999e+00
0.00000000e+00 -5.57899111e-01 1.26800876e+00
0.00000000e+00 -5.58033012e-01 1.25828015e+00
0.00000000e+00 -4.86193782e-01 1.25729138e+00
0.00000000e+00 -4.86193782e-01 1.25729138e+00
0.00000000e+00 -5.58033012e-01 1.25828015e+00
0.00000000e+00 -5.58166913e-01 1.24855154e+00
0.00000000e+00 -4.86327683e-01 1.24756277e+00
0.00000000e+00 -4.86327683e-01 1.24756277e+00
0.00000000e+00 -5.58166913e-01 1.24855154e+00
0.00000000e+00 -5.58300814e-01 1.23882293e+00
0.00000000e+00 -4.86461584e-01 1.23783416e+00
0.00000000e+00 -4.86461584e-01 1.23783416e+00
0.00000000e+00 -5.58300814e-01 1.23882293e+00
0.00000000e+00 -5.58434715e-01 1.22909432e+00
0.00000000e+00 -4.86595485e-01 1.22810555e+00
0.00000000e+00 -5.57927532e-01 1.31665586e+00
0.00000000e+00 -6.29015172e-01 1.31650101e+00
0.00000000e+00 -6.28993978e-01 1.30677150e+00
0.00000000e+00 -5.57906338e-01 1.30692635e+00
0.00000000e+00 -5.57906338e-01 1.30692635e+00
0.00000000e+00 -6.28993978e-01 1.30677150e+00
0.00000000e+00 -6.28972784e-01 1.29704199e+00
0.00000000e+00 -5.57885144e-01 1.29719684e+00
0.00000000e+00 -5.57885144e-01 1.29719684e+00
0.00000000e+00 -6.28972784e-01 1.29704199e+00
0.00000000e+00 -6.28951591e-01 1.28731248e+00
0.00000000e+00 -5.57863951e-01 1.28746733e+00
0.00000000e+00 -5.57863951e-01 1.28746733e+00
0.00000000e+00 -6.28951591e-01 1.28731248e+00
0.00000000e+00 -6.28930397e-01 1.27758297e+00
0.00000000e+00 -5.57842757e-01 1.27773782e+00
0.00000000e+00 -5.57842757e-01 1.27773782e+00
0.00000000e+00 -6.28930397e-01 1.27758297e+00
0.00000000e+00 -6.28909203e-01 1.26785347e+00
0.00000000e+00 -5.57821563e-01 1.26800832e+00
0.00000000e+00 -5.57821563e-01 1.26800832e+00
0.00000000e+00 -6.28909203e-01 1.26785347e+00
0.00000000e+00 -6.28888009e-01 1.25812396e+00
0.00000000e+00 -5.57800369e-01 1.25827881e+00
0.00000000e+00 -5.57800369e-01 1.25827881e+00
0.00000000e+00 -6.28888009e-01 1.25812396e+00
0.00000000e+00 -6.28866816e-01 1.24839445e+00
0.00000000e+00 -5.57779176e-01 1.24854930e+00
0.00000000e+00 -5.57779176e-01 1.24854930e+00
0.00000000e+00 -6.28866816e-01 1.24839445e+00
0.00000000e+00 -6.28845622e-01 1.23866494e+00
0.00000000e+00 -5.57757982e-01 1.23881979e+00
0.00000000e+00 -5.57757982e-01 1.23881979e+00
0.00000000e+00 -6.28845622e-01 1.23866494e+00
0.00000000e+00 -6.28824428e-01 1.22893543e+00
0.00000000e+00 -5.57736788e-01 1.22909028e+00
0.00000000e+00 -6.29347004e-01 1.31649903e+00
0.00000000e+00 -7.23969904e-01 1.31557572e+00
0.00000000e+00 -7.23874970e-01 1.30584665e+00
0.00000000e+00 -6.29252070e-01 1.30676996e+00
0.00000000e+00 -6.29252070e-01 1.30676996e+00
0.00000000e+00 -7.23874970e-01 1.30584665e+00
0.00000000e+00 -7.23780035e-01 1.29611758e+00
0.00000000e+00 -6.29157135e-01 1.29704089e+00
0.00000000e+00 -6.29157135e-01 1.29704089e+00
0.00000000e+00 -7.23780035e-01 1.29611758e+00
0.00000000e+00 -7.23685101e-01 1.28638851e+00
0.00000000e+00 -6.29062201e-01 1.28731182e+00
0.00000000e+00 -6.29062201e-01 1.28731182e+00
0.00000000e+00 -7.23685101e-01 1.28638851e+00
0.00000000e+00 -7.23590167e-01 1.27665944e+00
0.00000000e+00 -6.28967267e-01 1.27758275e+00
0.00000000e+00 -6.28967267e-01 1.27758275e+00
0.00000000e+00 -7.23590167e-01 1.27665944e+00
0.00000000e+00 -7.23495233e-01 1.26693038e+00
0.00000000e+00 -6.28872333e-01 1.26785369e+00
0.00000000e+00 -6.28872333e-01 1.26785369e+00
0.00000000e+00 -7.23495233e-01 1.26693038e+00
0.00000000e+00 -7.23400299e-01 1.25720131e+00
0.00000000e+00 -6.28777399e-01 1.25812462e+00
0.00000000e+00 -6.28777399e-01 1.25812462e+00
0.00000000e+00 -7.23400299e-01 1.25720131e+00
0.00000000e+00 -7.23305365e-01 1.24747224e+00
0.00000000e+00 -6.28682465e-01 1.24839555e+00
0.00000000e+00 -6.28682465e-01 1.24839555e+00
0.00000000e+00 -7.23305365e-01 1.24747224e+00
0.00000000e+00 -7.23210430e-01 1.23774317e+00
0.00000000e+00 -6.28587530e-01 1.23866648e+00
0.00000000e+00 -6.28587530e-01 1.23866648e+00
0.00000000e+00 -7.23210430e-01 1.23774317e+00
0.00000000e+00 -7.23115496e-01 1.22801410e+00
0.00000000e+00 -6.28492596e-01 1.22893741e+00
0.00000000e+00 -7.23683171e-01 1.31035167e+00
0.00000000e+00 -7.95646961e-01 1.31008949e+00
0.00000000e+00 -7.95615745e-01 1.30152132e+00
0.00000000e+00 -7.23651955e-01 1.30178350e+00
0.00000000e+00 -7.23651955e-01 1.30178350e+00
0.00000000e+00 -7.95615745e-01 1.30152132e+00
0.00000000e+00 -7.95584529e-01 1.29295315e+00
0.00000000e+00 -7.23620739e-01 1.29321533e+00
0.00000000e+00 -7.23620739e-01 1.29321533e+00
0.00000000e+00 -7.95584529e-01 1.29295315e+00
0.00000000e+00 -7.95553314e-01 1.28438498e+00
0.00000000e+00 -7.23589524e-01 1.28464716e+00
0.00000000e+00 -7.23589524e-01 1.28464716e+00
0.00000000e+00 -7.95553314e-01 1.28438498e+00
0.00000000e+00 -7.95522098e-01 1.27581681e+00
0.00000000e+00 -7.23558308e-01 1.27607899e+00
0.00000000e+00 -7.23558308e-01 1.27607899e+00
0.00000000e+00 -7.95522098e-01 1.27581681e+00
0.00000000e+00 -7.95490882e-01 1.26724865e+00
0.00000000e+00 -7.23527092e-01 1.26751083e+00
0.00000000e+00 -7.23527092e-01 1.26751083e+00
0.00000000e+00 -7.95490882e-01 1.26724865e+00
0.00000000e+00 -7.95459666e-01 1.25868048e+00
0.00000000e+00 -7.23495876e-01 1.25894266e+00
0.00000000e+00 -7.23495876e-01 1.25894266e+00
0.00000000e+00 -7.95459666e-01 1.25868048e+00
0.00000000e+00 -7.95428451e-01 1.25011231e+00
0.00000000e+00 -7.23464661e-01 1.25037449e+00
0.00000000e+00 -7.23464661e-01 1.25037449e+00
0.00000000e+00 -7.95428451e-01 1.25011231e+00
0.00000000e+00 -7.95397235e-01 1.24154414e+00
0.00000000e+00 -7.23433445e-01 1.24180632e+00
0.00000000e+00 -7.23433445e-01 1.24180632e+00
0.00000000e+00 -7.95397235e-01 1.24154414e+00
0.00000000e+00 -7.95366019e-01 1.23297597e+00
0.00000000e+00 -7.23402229e-01 1.23323815e+00
0.00000000e+00 -7.98262867e-01 1.30999109e+00
0.00000000e+00 -8.69493757e-01 1.30488585e+00
0.00000000e+00 -8.68881229e-01 1.29633955e+00
0.00000000e+00 -7.97650339e-01 1.30144479e+00
0.00000000e+00 -7.97650339e-01 1.30144479e+00
0.00000000e+00 -8.68881229e-01 1.29633955e+00
0.00000000e+00 -8.68268701e-01 1.28779325e+00
0.00000000e+00 -7.97037811e-01 1.29289849e+00
0.00000000e+00 -7.97037811e-01 1.29289849e+00
0.00000000e+00 -8.68268701e-01 1.28779325e+00
0.00000000e+00 -8.67656172e-01 1.27924694e+00
0.00000000e+00 -7.96425282e-01 1.28435218e+00
0.00000000e+00 -7.96425282e-01 1.28435218e+00
0.00000000e+00 -8.67656172e-01 1.27924694e+00
0.00000000e+00 -8.67043644e-01 1.27070064e+00
0.00000000e+00 -7.95812754e-01 1.27580588e+00
0.00000000e+00 -7.95812754e-01 1.27580588e+00
0.00000000e+00 -8.67043644e-01 1.27070064e+00
0.00000000e+00 -8.66431116e-01 1.26215434e+00
0.00000000e+00 -7.95200226e-01 1.26725958e+00
0.00000000e+00 -7.95200226e-01 1.26725958e+00
0.00000000e+00 -8.66431116e-01 1.26215434e+00
0.00000000e+00 -8.65818588e-01 1.25360804e+00
0.00000000e+00 -7.94587698e-01 1.25871328e+00
0.00000000e+00 -7.94587698e-01 1.25871328e+00
0.00000000e+00 -8.65818588e-01 1.25360804e+00
0.00000000e+00 -8.65206059e-01 1.24506173e+00
0.00000000e+00 -7.93975169e-01 1.25016697e+00
0.00000000e+00 -7.93975169e-01 1.25016697e+00
0.00000000e+00 -8.65206059e-01 1.24506173e+00
0.00000000e+00 -8.64593531e-01 1.23651543e+00
0.00000000e+00 -7.93362641e-01 1.24162067e+00
0.00000000e+00 -7.93362641e-01 1.24162067e+00
0.00000000e+00 -8.64593531e-01 1.23651543e+00
0.00000000e+00 -8.63981003e-01 1.22796913e+00
0.00000000e+00 -7.92750113e-01 1.23307437e+00
0.00000000e+00 -8.70571033e-01 1.30479345e+00
0.00000000e+00 -9.42228893e-01 1.29763316e+00
0.00000000e+00 -9.41376970e-01 1.28910739e+00
0.00000000e+00 -8.69719110e-01 1.29626768e+00
0.00000000e+00 -8.69719110e-01 1.29626768e+00
0.00000000e+00 -9.41376970e-01 1.28910739e+00
0.00000000e+00 -9.40525047e-01 1.28058162e+00
0.00000000e+00 -8.68867187e-01 1.28774191e+00
0.00000000e+00 -8.68867187e-01 1.28774191e+00
0.00000000e+00 -9.40525047e-01 1.28058162e+00
0.00000000e+00 -9.39673124e-01 1.27205585e+00
0.00000000e+00 -8.68015264e-01 1.27921614e+00
0.00000000e+00 -8.68015264e-01 1.27921614e+00
0.00000000e+00 -9.39673124e-01 1.27205585e+00
0.00000000e+00 -9.38821201e-01 1.26353008e+00
0.00000000e+00 -8.67163341e-01 1.27069037e+00
0.00000000e+00 -8.67163341e-01 1.27069037e+00
0.00000000e+00 -9.38821201e-01 1.26353008e+00
0.00000000e+00 -9.37969279e-01 1.25500432e+00
0.00000000e+00 -8.66311419e-01 1.26216461e+00
0.00000000e+00 -8.66311419e-01 1.26216461e+00
0.00000000e+00 -9.37969279e-01 1.25500432e+00
0.00000000e+00 -9.37117356e-01 1.24647855e+00
0.00000000e+00 -8.65459496e-01 1.25363884e+00
0.00000000e+00 -8.65459496e-01 1.25363884e+00
0.00000000e+00 -9.37117356e-01 1.24647855e+00
0.00000000e+00 -9.36265433e-01 1.23795278e+00
0.00000000e+00 -8.64607573e-01 1.24511307e+00
0.00000000e+00 -8.64607573e-01 1.24511307e+00
0.00000000e+00 -9.36265433e-01 1.23795278e+00
0.00000000e+00 -9.35413510e-01 1.22942701e+00
0.00000000e+00 -8.63755650e-01 1.23658730e+00
0.00000000e+00 -8.63755650e-01 1.23658730e+00
0.00000000e+00 -9.35413510e-01 1.22942701e+00
0.00000000e+00 -9.34561587e-01 1.22090124e+00
0.00000000e+00 -8.62903727e-01 1.22806153e+00
0.00000000e+00 -9.42273051e-01 1.29762872e+00
0.00000000e+00 -1.01364656e+00 1.29041386e+00
0.00000000e+00 -1.01278483e+00 1.28188908e+00
0.00000000e+00 -9.41411315e-01 1.28910394e+00
0.00000000e+00 -9.41411315e-01 1.28910394e+00
0.00000000e+00 -1.01278483e+00 1.28188908e+00
0.00000000e+00 -1.01192309e+00 1.27336429e+00
0.00000000e+00 -9.40549579e-01 1.28057915e+00
0.00000000e+00 -9.40549579e-01 1.28057915e+00
0.00000000e+00 -1.01192309e+00 1.27336429e+00
0.00000000e+00 -1.01106135e+00 1.26483951e+00
0.00000000e+00 -9.39687844e-01 1.27205437e+00
0.00000000e+00 -9.39687844e-01 1.27205437e+00
0.00000000e+00 -1.01106135e+00 1.26483951e+00
0.00000000e+00 -1.01019962e+00 1.25631473e+00
0.00000000e+00 -9.38826108e-01 1.26352959e+00
0.00000000e+00 -9.38826108e-01 1.26352959e+00
0.00000000e+00 -1.01019962e+00 1.25631473e+00
0.00000000e+00 -1.00933788e+00 1.24778995e+00
0.00000000e+00 -9.37964372e-01 1.25500481e+00
0.00000000e+00 -9.37964372e-01 1.25500481e+00
0.00000000e+00 -1.00933788e+00 1.24778995e+00
0.00000000e+00 -1.00847615e+00 1.23926517e+00
0.00000000e+00 -9.37102636e-01 1.24648003e+00
0.00000000e+00 -9.37102636e-01 1.24648003e+00
0.00000000e+00 -1.00847615e+00 1.23926517e+00
0.00000000e+00 -1.00761441e+00 1.23074039e+00
0.00000000e+00 -9.36240901e-01 1.23795525e+00
0.00000000e+00 -9.36240901e-01 1.23795525e+00
0.00000000e+00 -1.00761441e+00 1.23074039e+00
0.00000000e+00 -1.00675267e+00 1.22221560e+00
0.00000000e+00 -9.35379165e-01 1.22943046e+00
0.00000000e+00 -9.35379165e-01 1.22943046e+00
0.00000000e+00 -1.00675267e+00 1.22221560e+00
0.00000000e+00 -1.00589094e+00 1.21369082e+00
0.00000000e+00 -9.34517429e-01 1.22090568e+00
0.00000000e+00 -1.01527648e+00 1.29021395e+00
0.00000000e+00 -1.08575183e+00 1.28004250e+00
0.00000000e+00 -1.08452789e+00 1.27156214e+00
0.00000000e+00 -1.01405254e+00 1.28173359e+00
0.00000000e+00 -1.01405254e+00 1.28173359e+00
0.00000000e+00 -1.08452789e+00 1.27156214e+00
0.00000000e+00 -1.08330395e+00 1.26308178e+00
0.00000000e+00 -1.01282860e+00 1.27325323e+00
0.00000000e+00 -1.01282860e+00 1.27325323e+00
0.00000000e+00 -1.08330395e+00 1.26308178e+00
0.00000000e+00 -1.08208001e+00 1.25460143e+00
0.00000000e+00 -1.01160466e+00 1.26477288e+00
0.00000000e+00 -1.01160466e+00 1.26477288e+00
0.00000000e+00 -1.08208001e+00 1.25460143e+00
0.00000000e+00 -1.08085607e+00 1.24612107e+00
0.00000000e+00 -1.01038072e+00 1.25629252e+00
0.00000000e+00 -1.01038072e+00 1.25629252e+00
0.00000000e+00 -1.08085607e+00 1.24612107e+00
0.00000000e+00 -1.07963213e+00 1.23764071e+00
0.00000000e+00 -1.00915678e+00 1.24781216e+00
0.00000000e+00 -1.00915678e+00 1.24781216e+00
0.00000000e+00 -1.07963213e+00 1.23764071e+00
0.00000000e+00 -1.07840819e+00 1.22916035e+00
0.00000000e+00 -1.00793284e+00 1.23933180e+00
0.00000000e+00 -1.00793284e+00 1.23933180e+00
0.00000000e+00 -1.07840819e+00 1.22916035e+00
0.00000000e+00 -1.07718425e+00 1.22068000e+00
0.00000000e+00 -1.00670890e+00 1.23085145e+00
0.00000000e+00 -1.00670890e+00 1.23085145e+00
0.00000000e+00 -1.07718425e+00 1.22068000e+00
0.00000000e+00 -1.07596031e+00 1.21219964e+00
0.00000000e+00 -1.00548496e+00 1.22237109e+00
0.00000000e+00 -1.00548496e+00 1.22237109e+00
0.00000000e+00 -1.07596031e+00 1.21219964e+00
0.00000000e+00 -1.07473637e+00 1.20371928e+00
0.00000000e+00 -1.00426102e+00 1.21389073e+00
0.00000000e+00 -1.08678304e+00 1.27987939e+00
0.00000000e+00 -1.15776576e+00 1.26766439e+00
0.00000000e+00 -1.15631266e+00 1.25922028e+00
0.00000000e+00 -1.08532994e+00 1.27143528e+00
0.00000000e+00 -1.08532994e+00 1.27143528e+00
0.00000000e+00 -1.15631266e+00 1.25922028e+00
0.00000000e+00 -1.15485956e+00 1.25077617e+00
0.00000000e+00 -1.08387684e+00 1.26299117e+00
0.00000000e+00 -1.08387684e+00 1.26299117e+00
0.00000000e+00 -1.15485956e+00 1.25077617e+00
0.00000000e+00 -1.15340647e+00 1.24233206e+00
0.00000000e+00 -1.08242375e+00 1.25454706e+00
0.00000000e+00 -1.08242375e+00 1.25454706e+00
0.00000000e+00 -1.15340647e+00 1.24233206e+00
0.00000000e+00 -1.15195337e+00 1.23388795e+00
0.00000000e+00 -1.08097065e+00 1.24610295e+00
0.00000000e+00 -1.08097065e+00 1.24610295e+00
0.00000000e+00 -1.15195337e+00 1.23388795e+00
0.00000000e+00 -1.15050027e+00 1.22544383e+00
0.00000000e+00 -1.07951755e+00 1.23765883e+00
0.00000000e+00 -1.07951755e+00 1.23765883e+00
0.00000000e+00 -1.15050027e+00 1.22544383e+00
0.00000000e+00 -1.14904717e+00 1.21699972e+00
0.00000000e+00 -1.07806445e+00 1.22921472e+00
0.00000000e+00 -1.07806445e+00 1.22921472e+00
0.00000000e+00 -1.14904717e+00 1.21699972e+00
0.00000000e+00 -1.14759408e+00 1.20855561e+00
0.00000000e+00 -1.07661136e+00 1.22077061e+00
0.00000000e+00 -1.07661136e+00 1.22077061e+00
0.00000000e+00 -1.14759408e+00 1.20855561e+00
0.00000000e+00 -1.14614098e+00 1.20011150e+00
0.00000000e+00 -1.07515826e+00 1.21232650e+00
0.00000000e+00 -1.07515826e+00 1.21232650e+00
0.00000000e+00 -1.14614098e+00 1.20011150e+00
0.00000000e+00 -1.14468788e+00 1.19166739e+00
0.00000000e+00 -1.07370516e+00 1.20388239e+00
0.00000000e+00 -1.15781594e+00 1.26765572e+00
0.00000000e+00 -1.22809838e+00 1.25546562e+00
0.00000000e+00 -1.22663413e+00 1.24702343e+00
0.00000000e+00 -1.15635169e+00 1.25921353e+00
0.00000000e+00 -1.15635169e+00 1.25921353e+00
0.00000000e+00 -1.22663413e+00 1.24702343e+00
0.00000000e+00 -1.22516988e+00 1.23858125e+00
0.00000000e+00 -1.15488744e+00 1.25077135e+00
0.00000000e+00 -1.15488744e+00 1.25077135e+00
0.00000000e+00 -1.22516988e+00 1.23858125e+00
0.00000000e+00 -1.22370563e+00 1.23013907e+00
0.00000000e+00 -1.15342319e+00 1.24232917e+00
0.00000000e+00 -1.15342319e+00 1.24232917e+00
0.00000000e+00 -1.22370563e+00 1.23013907e+00
0.00000000e+00 -1.22224138e+00 1.22169688e+00
0.00000000e+00 -1.15195894e+00 1.23388698e+00
0.00000000e+00 -1.15195894e+00 1.23388698e+00
0.00000000e+00 -1.22224138e+00 1.22169688e+00
0.00000000e+00 -1.22077714e+00 1.21325470e+00
0.00000000e+00 -1.15049470e+00 1.22544480e+00
0.00000000e+00 -1.15049470e+00 1.22544480e+00
0.00000000e+00 -1.22077714e+00 1.21325470e+00
0.00000000e+00 -1.21931289e+00 1.20481251e+00
0.00000000e+00 -1.14903045e+00 1.21700261e+00
0.00000000e+00 -1.14903045e+00 1.21700261e+00
0.00000000e+00 -1.21931289e+00 1.20481251e+00
0.00000000e+00 -1.21784864e+00 1.19637033e+00
0.00000000e+00 -1.14756620e+00 1.20856043e+00
0.00000000e+00 -1.14756620e+00 1.20856043e+00
0.00000000e+00 -1.21784864e+00 1.19637033e+00
0.00000000e+00 -1.21638439e+00 1.18792815e+00
0.00000000e+00 -1.14610195e+00 1.20011825e+00
0.00000000e+00 -1.14610195e+00 1.20011825e+00
0.00000000e+00 -1.21638439e+00 1.18792815e+00
0.00000000e+00 -1.21492014e+00 1.17948596e+00
0.00000000e+00 -1.14463770e+00 1.19167606e+00
0.00000000e+00 -1.23050149e+00 1.25496957e+00
0.00000000e+00 -1.29960793e+00 1.23839560e+00
0.00000000e+00 -1.29760965e+00 1.23006365e+00
0.00000000e+00 -1.22850321e+00 1.24663762e+00
0.00000000e+00 -1.22850321e+00 1.24663762e+00
0.00000000e+00 -1.29760965e+00 1.23006365e+00
0.00000000e+00 -1.29561138e+00 1.22173170e+00
0.00000000e+00 -1.22650494e+00 1.23830567e+00
0.00000000e+00 -1.22650494e+00 1.23830567e+00
0.00000000e+00 -1.29561138e+00 1.22173170e+00
0.00000000e+00 -1.29361311e+00 1.21339975e+00
0.00000000e+00 -1.22450667e+00 1.22997372e+00
0.00000000e+00 -1.22450667e+00 1.22997372e+00
0.00000000e+00 -1.29361311e+00 1.21339975e+00
0.00000000e+00 -1.29161484e+00 1.20506780e+00
0.00000000e+00 -1.22250840e+00 1.22164177e+00
0.00000000e+00 -1.22250840e+00 1.22164177e+00
0.00000000e+00 -1.29161484e+00 1.20506780e+00
0.00000000e+00 -1.28961656e+00 1.19673584e+00
0.00000000e+00 -1.22051012e+00 1.21330981e+00
0.00000000e+00 -1.22051012e+00 1.21330981e+00
0.00000000e+00 -1.28961656e+00 1.19673584e+00
0.00000000e+00 -1.28761829e+00 1.18840389e+00
0.00000000e+00 -1.21851185e+00 1.20497786e+00
0.00000000e+00 -1.21851185e+00 1.20497786e+00
0.00000000e+00 -1.28761829e+00 1.18840389e+00
0.00000000e+00 -1.28562002e+00 1.18007194e+00
0.00000000e+00 -1.21651358e+00 1.19664591e+00
0.00000000e+00 -1.21651358e+00 1.19664591e+00
0.00000000e+00 -1.28562002e+00 1.18007194e+00
0.00000000e+00 -1.28362175e+00 1.17173999e+00
0.00000000e+00 -1.21451531e+00 1.18831396e+00
0.00000000e+00 -1.21451531e+00 1.18831396e+00
0.00000000e+00 -1.28362175e+00 1.17173999e+00
0.00000000e+00 -1.28162347e+00 1.16340804e+00
0.00000000e+00 -1.21251703e+00 1.17998201e+00
0.00000000e+00 -1.30013441e+00 1.23826541e+00
0.00000000e+00 -1.36991061e+00 1.22048929e+00
0.00000000e+00 -1.36779534e+00 1.21218627e+00
0.00000000e+00 -1.29801914e+00 1.22996239e+00
0.00000000e+00 -1.29801914e+00 1.22996239e+00
0.00000000e+00 -1.36779534e+00 1.21218627e+00
0.00000000e+00 -1.36568007e+00 1.20388325e+00
0.00000000e+00 -1.29590387e+00 1.22165937e+00
0.00000000e+00 -1.29590387e+00 1.22165937e+00
0.00000000e+00 -1.36568007e+00 1.20388325e+00
0.00000000e+00 -1.36356480e+00 1.19558023e+00
0.00000000e+00 -1.29378860e+00 1.21335635e+00
0.00000000e+00 -1.29378860e+00 1.21335635e+00
0.00000000e+00 -1.36356480e+00 1.19558023e+00
0.00000000e+00 -1.36144953e+00 1.18727721e+00
0.00000000e+00 -1.29167333e+00 1.20505333e+00
0.00000000e+00 -1.29167333e+00 1.20505333e+00
0.00000000e+00 -1.36144953e+00 1.18727721e+00
0.00000000e+00 -1.35933427e+00 1.17897419e+00
0.00000000e+00 -1.28955807e+00 1.19675031e+00
0.00000000e+00 -1.28955807e+00 1.19675031e+00
0.00000000e+00 -1.35933427e+00 1.17897419e+00
0.00000000e+00 -1.35721900e+00 1.17067117e+00
0.00000000e+00 -1.28744280e+00 1.18844729e+00
0.00000000e+00 -1.28744280e+00 1.18844729e+00
0.00000000e+00 -1.35721900e+00 1.17067117e+00
0.00000000e+00 -1.35510373e+00 1.16236815e+00
0.00000000e+00 -1.28532753e+00 1.18014427e+00
0.00000000e+00 -1.28532753e+00 1.18014427e+00
0.00000000e+00 -1.35510373e+00 1.16236815e+00
0.00000000e+00 -1.35298846e+00 1.15406513e+00
0.00000000e+00 -1.28321226e+00 1.17184125e+00
0.00000000e+00 -1.28321226e+00 1.17184125e+00
0.00000000e+00 -1.35298846e+00 1.15406513e+00
0.00000000e+00 -1.35087319e+00 1.14576211e+00
0.00000000e+00 -1.28109699e+00 1.16353823e+00
0.00000000e+00 -1.37047778e+00 1.22034019e+00
0.00000000e+00 -1.43894645e+00 1.20178379e+00
0.00000000e+00 -1.43670515e+00 1.19351390e+00
0.00000000e+00 -1.36823648e+00 1.21207030e+00
0.00000000e+00 -1.36823648e+00 1.21207030e+00
0.00000000e+00 -1.43670515e+00 1.19351390e+00
0.00000000e+00 -1.43446384e+00 1.18524402e+00
0.00000000e+00 -1.36599517e+00 1.20380042e+00
0.00000000e+00 -1.36599517e+00 1.20380042e+00
0.00000000e+00 -1.43446384e+00 1.18524402e+00
0.00000000e+00 -1.43222253e+00 1.17697413e+00
0.00000000e+00 -1.36375386e+00 1.19553053e+00
0.00000000e+00 -1.36375386e+00 1.19553053e+00
0.00000000e+00 -1.43222253e+00 1.17697413e+00
0.00000000e+00 -1.42998122e+00 1.16870424e+00
0.00000000e+00 -1.36151255e+00 1.18726064e+00
0.00000000e+00 -1.36151255e+00 1.18726064e+00
0.00000000e+00 -1.42998122e+00 1.16870424e+00
0.00000000e+00 -1.42773992e+00 1.16043436e+00
0.00000000e+00 -1.35927125e+00 1.17899076e+00
0.00000000e+00 -1.35927125e+00 1.17899076e+00
0.00000000e+00 -1.42773992e+00 1.16043436e+00
0.00000000e+00 -1.42549861e+00 1.15216447e+00
0.00000000e+00 -1.35702994e+00 1.17072087e+00
0.00000000e+00 -1.35702994e+00 1.17072087e+00
0.00000000e+00 -1.42549861e+00 1.15216447e+00
0.00000000e+00 -1.42325730e+00 1.14389458e+00
0.00000000e+00 -1.35478863e+00 1.16245098e+00
0.00000000e+00 -1.35478863e+00 1.16245098e+00
0.00000000e+00 -1.42325730e+00 1.14389458e+00
0.00000000e+00 -1.42101599e+00 1.13562470e+00
0.00000000e+00 -1.35254732e+00 1.15418110e+00
0.00000000e+00 -1.35254732e+00 1.15418110e+00
0.00000000e+00 -1.42101599e+00 1.13562470e+00
0.00000000e+00 -1.41877469e+00 1.12735481e+00
0.00000000e+00 -1.35030602e+00 1.14591121e+00
0.00000000e+00 -1.44149705e+00 1.20099680e+00
0.00000000e+00 -1.50877983e+00 1.17765682e+00
0.00000000e+00 -1.50597172e+00 1.16956182e+00
0.00000000e+00 -1.43868894e+00 1.19290180e+00
0.00000000e+00 -1.43868894e+00 1.19290180e+00
0.00000000e+00 -1.50597172e+00 1.16956182e+00
0.00000000e+00 -1.50316361e+00 1.16146682e+00
0.00000000e+00 -1.43588083e+00 1.18480680e+00
0.00000000e+00 -1.43588083e+00 1.18480680e+00
0.00000000e+00 -1.50316361e+00 1.16146682e+00
0.00000000e+00 -1.50035551e+00 1.15337182e+00
0.00000000e+00 -1.43307273e+00 1.17671180e+00
0.00000000e+00 -1.43307273e+00 1.17671180e+00
0.00000000e+00 -1.50035551e+00 1.15337182e+00
0.00000000e+00 -1.49754740e+00 1.14527682e+00
0.00000000e+00 -1.43026462e+00 1.16861680e+00
0.00000000e+00 -1.43026462e+00 1.16861680e+00
0.00000000e+00 -1.49754740e+00 1.14527682e+00
0.00000000e+00 -1.49473930e+00 1.13718182e+00
0.00000000e+00 -1.42745652e+00 1.16052180e+00
0.00000000e+00 -1.42745652e+00 1.16052180e+00
0.00000000e+00 -1.49473930e+00 1.13718182e+00
0.00000000e+00 -1.49193119e+00 1.12908682e+00
0.00000000e+00 -1.42464841e+00 1.15242680e+00
0.00000000e+00 -1.42464841e+00 1.15242680e+00
0.00000000e+00 -1.49193119e+00 1.12908682e+00
0.00000000e+00 -1.48912309e+00 1.12099182e+00
0.00000000e+00 -1.42184031e+00 1.14433180e+00
0.00000000e+00 -1.42184031e+00 1.14433180e+00
0.00000000e+00 -1.48912309e+00 1.12099182e+00
0.00000000e+00 -1.48631498e+00 1.11289682e+00
0.00000000e+00 -1.41903220e+00 1.13623680e+00
0.00000000e+00 -1.41903220e+00 1.13623680e+00
0.00000000e+00 -1.48631498e+00 1.11289682e+00
0.00000000e+00 -1.48350687e+00 1.10480182e+00
0.00000000e+00 -1.41622409e+00 1.12814180e+00
0.00000000e+00 -1.50883897e+00 1.17763625e+00
0.00000000e+00 -1.57632445e+00 1.15410309e+00
0.00000000e+00 -1.57350320e+00 1.14601266e+00
0.00000000e+00 -1.50601772e+00 1.16954582e+00
0.00000000e+00 -1.50601772e+00 1.16954582e+00
0.00000000e+00 -1.57350320e+00 1.14601266e+00
0.00000000e+00 -1.57068195e+00 1.13792223e+00
0.00000000e+00 -1.50319647e+00 1.16145539e+00
0.00000000e+00 -1.50319647e+00 1.16145539e+00
0.00000000e+00 -1.57068195e+00 1.13792223e+00
0.00000000e+00 -1.56786070e+00 1.12983180e+00
0.00000000e+00 -1.50037522e+00 1.15336496e+00
0.00000000e+00 -1.50037522e+00 1.15336496e+00
0.00000000e+00 -1.56786070e+00 1.12983180e+00
0.00000000e+00 -1.56503945e+00 1.12174137e+00
0.00000000e+00 -1.49755397e+00 1.14527453e+00
0.00000000e+00 -1.49755397e+00 1.14527453e+00
0.00000000e+00 -1.56503945e+00 1.12174137e+00
0.00000000e+00 -1.56221821e+00 1.11365095e+00
0.00000000e+00 -1.49473273e+00 1.13718411e+00
0.00000000e+00 -1.49473273e+00 1.13718411e+00
0.00000000e+00 -1.56221821e+00 1.11365095e+00
0.00000000e+00 -1.55939696e+00 1.10556052e+00
0.00000000e+00 -1.49191148e+00 1.12909368e+00
0.00000000e+00 -1.49191148e+00 1.12909368e+00
0.00000000e+00 -1.55939696e+00 1.10556052e+00
0.00000000e+00 -1.55657571e+00 1.09747009e+00
0.00000000e+00 -1.48909023e+00 1.12100325e+00
0.00000000e+00 -1.48909023e+00 1.12100325e+00
0.00000000e+00 -1.55657571e+00 1.09747009e+00
0.00000000e+00 -1.55375446e+00 1.08937966e+00
0.00000000e+00 -1.48626898e+00 1.11291282e+00
0.00000000e+00 -1.48626898e+00 1.11291282e+00
0.00000000e+00 -1.55375446e+00 1.08937966e+00
0.00000000e+00 -1.55093321e+00 1.08128923e+00
0.00000000e+00 -1.48344773e+00 1.10482239e+00
0.00000000e+00 -1.57833267e+00 1.15333940e+00
0.00000000e+00 -1.64382372e+00 1.12632250e+00
0.00000000e+00 -1.64055620e+00 1.11840178e+00
0.00000000e+00 -1.57506515e+00 1.14541868e+00
0.00000000e+00 -1.57506515e+00 1.14541868e+00
0.00000000e+00 -1.64055620e+00 1.11840178e+00
0.00000000e+00 -1.63728868e+00 1.11048106e+00
0.00000000e+00 -1.57179763e+00 1.13749796e+00
0.00000000e+00 -1.57179763e+00 1.13749796e+00
0.00000000e+00 -1.63728868e+00 1.11048106e+00
0.00000000e+00 -1.63402116e+00 1.10256034e+00
0.00000000e+00 -1.56853011e+00 1.12957724e+00
0.00000000e+00 -1.56853011e+00 1.12957724e+00
0.00000000e+00 -1.63402116e+00 1.10256034e+00
0.00000000e+00 -1.63075364e+00 1.09463962e+00
0.00000000e+00 -1.56526259e+00 1.12165652e+00
0.00000000e+00 -1.56526259e+00 1.12165652e+00
0.00000000e+00 -1.63075364e+00 1.09463962e+00
0.00000000e+00 -1.62748612e+00 1.08671890e+00
0.00000000e+00 -1.56199507e+00 1.11373580e+00
0.00000000e+00 -1.56199507e+00 1.11373580e+00
0.00000000e+00 -1.62748612e+00 1.08671890e+00
0.00000000e+00 -1.62421860e+00 1.07879818e+00
0.00000000e+00 -1.55872755e+00 1.10581508e+00
0.00000000e+00 -1.55872755e+00 1.10581508e+00
0.00000000e+00 -1.62421860e+00 1.07879818e+00
0.00000000e+00 -1.62095108e+00 1.07087746e+00
0.00000000e+00 -1.55546003e+00 1.09789436e+00
0.00000000e+00 -1.55546003e+00 1.09789436e+00
0.00000000e+00 -1.62095108e+00 1.07087746e+00
0.00000000e+00 -1.61768356e+00 1.06295674e+00
0.00000000e+00 -1.55219251e+00 1.08997364e+00
0.00000000e+00 -1.55219251e+00 1.08997364e+00
0.00000000e+00 -1.61768356e+00 1.06295674e+00
0.00000000e+00 -1.61441604e+00 1.05503602e+00
0.00000000e+00 -1.54892499e+00 1.08205292e+00
0.00000000e+00 -1.64499816e+00 1.12581505e+00
0.00000000e+00 -1.71016346e+00 1.09636607e+00
0.00000000e+00 -1.70663496e+00 1.08855811e+00
0.00000000e+00 -1.64146966e+00 1.11800709e+00
0.00000000e+00 -1.64146966e+00 1.11800709e+00
0.00000000e+00 -1.70663496e+00 1.08855811e+00
0.00000000e+00 -1.70310645e+00 1.08075016e+00
0.00000000e+00 -1.63794115e+00 1.11019914e+00
0.00000000e+00 -1.63794115e+00 1.11019914e+00
0.00000000e+00 -1.70310645e+00 1.08075016e+00
0.00000000e+00 -1.69957794e+00 1.07294221e+00
0.00000000e+00 -1.63441264e+00 1.10239119e+00
0.00000000e+00 -1.63441264e+00 1.10239119e+00
0.00000000e+00 -1.69957794e+00 1.07294221e+00
0.00000000e+00 -1.69604943e+00 1.06513426e+00
0.00000000e+00 -1.63088413e+00 1.09458324e+00
0.00000000e+00 -1.63088413e+00 1.09458324e+00
0.00000000e+00 -1.69604943e+00 1.06513426e+00
0.00000000e+00 -1.69252093e+00 1.05732630e+00
0.00000000e+00 -1.62735563e+00 1.08677528e+00
0.00000000e+00 -1.62735563e+00 1.08677528e+00
0.00000000e+00 -1.69252093e+00 1.05732630e+00
0.00000000e+00 -1.68899242e+00 1.04951835e+00
0.00000000e+00 -1.62382712e+00 1.07896733e+00
0.00000000e+00 -1.62382712e+00 1.07896733e+00
0.00000000e+00 -1.68899242e+00 1.04951835e+00
0.00000000e+00 -1.68546391e+00 1.04171040e+00
0.00000000e+00 -1.62029861e+00 1.07115938e+00
0.00000000e+00 -1.62029861e+00 1.07115938e+00
0.00000000e+00 -1.68546391e+00 1.04171040e+00
0.00000000e+00 -1.68193540e+00 1.03390245e+00
0.00000000e+00 -1.61677010e+00 1.06335143e+00
0.00000000e+00 -1.61677010e+00 1.06335143e+00
0.00000000e+00 -1.68193540e+00 1.03390245e+00
0.00000000e+00 -1.67840690e+00 1.02609449e+00
0.00000000e+00 -1.61324160e+00 1.05554347e+00
0.00000000e+00 -1.71092566e+00 1.09601157e+00
0.00000000e+00 -1.77466022e+00 1.06551892e+00
0.00000000e+00 -1.77096233e+00 1.05778974e+00
0.00000000e+00 -1.70722777e+00 1.08828239e+00
0.00000000e+00 -1.70722777e+00 1.08828239e+00
0.00000000e+00 -1.77096233e+00 1.05778974e+00
0.00000000e+00 -1.76726445e+00 1.05006057e+00
0.00000000e+00 -1.70352989e+00 1.08055322e+00
0.00000000e+00 -1.70352989e+00 1.08055322e+00
0.00000000e+00 -1.76726445e+00 1.05006057e+00
0.00000000e+00 -1.76356657e+00 1.04233139e+00
0.00000000e+00 -1.69983201e+00 1.07282404e+00
0.00000000e+00 -1.69983201e+00 1.07282404e+00
0.00000000e+00 -1.76356657e+00 1.04233139e+00
0.00000000e+00 -1.75986868e+00 1.03460222e+00
0.00000000e+00 -1.69613412e+00 1.06509487e+00
0.00000000e+00 -1.69613412e+00 1.06509487e+00
0.00000000e+00 -1.75986868e+00 1.03460222e+00
0.00000000e+00 -1.75617080e+00 1.02687304e+00
0.00000000e+00 -1.69243624e+00 1.05736569e+00
0.00000000e+00 -1.69243624e+00 1.05736569e+00
0.00000000e+00 -1.75617080e+00 1.02687304e+00
0.00000000e+00 -1.75247291e+00 1.01914387e+00
0.00000000e+00 -1.68873835e+00 1.04963652e+00
0.00000000e+00 -1.68873835e+00 1.04963652e+00
0.00000000e+00 -1.75247291e+00 1.01914387e+00
0.00000000e+00 -1.74877503e+00 1.01141469e+00
0.00000000e+00 -1.68504047e+00 1.04190734e+00
0.00000000e+00 -1.68504047e+00 1.04190734e+00
0.00000000e+00 -1.74877503e+00 1.01141469e+00
0.00000000e+00 -1.74507715e+00 1.00368552e+00
0.00000000e+00 -1.68134259e+00 1.03417817e+00
0.00000000e+00 -1.68134259e+00 1.03417817e+00
0.00000000e+00 -1.74507715e+00 1.00368552e+00
0.00000000e+00 -1.74137926e+00 9.95956344e-01
0.00000000e+00 -1.67764470e+00 1.02644899e+00
0.00000000e+00 -1.77728687e+00 1.06413555e+00
0.00000000e+00 -1.83883038e+00 1.02863135e+00
0.00000000e+00 -1.83454879e+00 1.02120959e+00
0.00000000e+00 -1.77300528e+00 1.05671379e+00
0.00000000e+00 -1.77300528e+00 1.05671379e+00
0.00000000e+00 -1.83454879e+00 1.02120959e+00
0.00000000e+00 -1.83026721e+00 1.01378783e+00
0.00000000e+00 -1.76872370e+00 1.04929203e+00
0.00000000e+00 -1.76872370e+00 1.04929203e+00
0.00000000e+00 -1.83026721e+00 1.01378783e+00
0.00000000e+00 -1.82598563e+00 1.00636607e+00
0.00000000e+00 -1.76444212e+00 1.04187027e+00
0.00000000e+00 -1.76444212e+00 1.04187027e+00
0.00000000e+00 -1.82598563e+00 1.00636607e+00
0.00000000e+00 -1.82170404e+00 9.98944310e-01
0.00000000e+00 -1.76016053e+00 1.03444851e+00
0.00000000e+00 -1.76016053e+00 1.03444851e+00
0.00000000e+00 -1.82170404e+00 9.98944310e-01
0.00000000e+00 -1.81742246e+00 9.91522550e-01
0.00000000e+00 -1.75587895e+00 1.02702675e+00
0.00000000e+00 -1.75587895e+00 1.02702675e+00
0.00000000e+00 -1.81742246e+00 9.91522550e-01
0.00000000e+00 -1.81314087e+00 9.84100789e-01
0.00000000e+00 -1.75159736e+00 1.01960499e+00
0.00000000e+00 -1.75159736e+00 1.01960499e+00
0.00000000e+00 -1.81314087e+00 9.84100789e-01
0.00000000e+00 -1.80885929e+00 9.76679028e-01
0.00000000e+00 -1.74731578e+00 1.01218323e+00
0.00000000e+00 -1.74731578e+00 1.01218323e+00
0.00000000e+00 -1.80885929e+00 9.76679028e-01
0.00000000e+00 -1.80457771e+00 9.69257268e-01
0.00000000e+00 -1.74303420e+00 1.00476147e+00
0.00000000e+00 -1.74303420e+00 1.00476147e+00
0.00000000e+00 -1.80457771e+00 9.69257268e-01
0.00000000e+00 -1.80029612e+00 9.61835507e-01
0.00000000e+00 -1.73875261e+00 9.97339707e-01
0.00000000e+00 -1.83890198e+00 1.02858994e+00
0.00000000e+00 -1.90010980e+00 9.93104172e-01
0.00000000e+00 -1.89581230e+00 9.85691614e-01
0.00000000e+00 -1.83460448e+00 1.02117738e+00
0.00000000e+00 -1.83460448e+00 1.02117738e+00
0.00000000e+00 -1.89581230e+00 9.85691614e-01
0.00000000e+00 -1.89151481e+00 9.78279056e-01
0.00000000e+00 -1.83030699e+00 1.01376483e+00
0.00000000e+00 -1.83030699e+00 1.01376483e+00
0.00000000e+00 -1.89151481e+00 9.78279056e-01
0.00000000e+00 -1.88721731e+00 9.70866497e-01
0.00000000e+00 -1.82600949e+00 1.00635227e+00
0.00000000e+00 -1.82600949e+00 1.00635227e+00
0.00000000e+00 -1.88721731e+00 9.70866497e-01
0.00000000e+00 -1.88291982e+00 9.63453939e-01
0.00000000e+00 -1.82171200e+00 9.98939709e-01
0.00000000e+00 -1.82171200e+00 9.98939709e-01
0.00000000e+00 -1.88291982e+00 9.63453939e-01
0.00000000e+00 -1.87862232e+00 9.56041381e-01
0.00000000e+00 -1.81741450e+00 9.91527151e-01
0.00000000e+00 -1.81741450e+00 9.91527151e-01
0.00000000e+00 -1.87862232e+00 9.56041381e-01
0.00000000e+00 -1.87432483e+00 9.48628823e-01
0.00000000e+00 -1.81311701e+00 9.84114593e-01
0.00000000e+00 -1.81311701e+00 9.84114593e-01
0.00000000e+00 -1.87432483e+00 9.48628823e-01
0.00000000e+00 -1.87002733e+00 9.41216264e-01
0.00000000e+00 -1.80881951e+00 9.76702034e-01
0.00000000e+00 -1.80881951e+00 9.76702034e-01
0.00000000e+00 -1.87002733e+00 9.41216264e-01
0.00000000e+00 -1.86572984e+00 9.33803706e-01
0.00000000e+00 -1.80452202e+00 9.69289476e-01
0.00000000e+00 -1.80452202e+00 9.69289476e-01
0.00000000e+00 -1.86572984e+00 9.33803706e-01
0.00000000e+00 -1.86143234e+00 9.26391148e-01
0.00000000e+00 -1.80022452e+00 9.61876918e-01
0.00000000e+00 -1.90312269e+00 9.91164987e-01
0.00000000e+00 -1.96058187e+00 9.50286087e-01
0.00000000e+00 -1.95561484e+00 9.43304459e-01
0.00000000e+00 -1.89815566e+00 9.84183359e-01
0.00000000e+00 -1.89815566e+00 9.84183359e-01
0.00000000e+00 -1.95561484e+00 9.43304459e-01
0.00000000e+00 -1.95064782e+00 9.36322831e-01
0.00000000e+00 -1.89318864e+00 9.77201731e-01
0.00000000e+00 -1.89318864e+00 9.77201731e-01
0.00000000e+00 -1.95064782e+00 9.36322831e-01
0.00000000e+00 -1.94568079e+00 9.29341202e-01
0.00000000e+00 -1.88822161e+00 9.70220102e-01
0.00000000e+00 -1.88822161e+00 9.70220102e-01
0.00000000e+00 -1.94568079e+00 9.29341202e-01
0.00000000e+00 -1.94071376e+00 9.22359574e-01
0.00000000e+00 -1.88325458e+00 9.63238474e-01
0.00000000e+00 -1.88325458e+00 9.63238474e-01
0.00000000e+00 -1.94071376e+00 9.22359574e-01
0.00000000e+00 -1.93574674e+00 9.15377946e-01
0.00000000e+00 -1.87828756e+00 9.56256846e-01
0.00000000e+00 -1.87828756e+00 9.56256846e-01
0.00000000e+00 -1.93574674e+00 9.15377946e-01
0.00000000e+00 -1.93077971e+00 9.08396318e-01
0.00000000e+00 -1.87332053e+00 9.49275218e-01
0.00000000e+00 -1.87332053e+00 9.49275218e-01
0.00000000e+00 -1.93077971e+00 9.08396318e-01
0.00000000e+00 -1.92581268e+00 9.01414689e-01
0.00000000e+00 -1.86835350e+00 9.42293589e-01
0.00000000e+00 -1.86835350e+00 9.42293589e-01
0.00000000e+00 -1.92581268e+00 9.01414689e-01
0.00000000e+00 -1.92084566e+00 8.94433061e-01
0.00000000e+00 -1.86338648e+00 9.35311961e-01
0.00000000e+00 -1.86338648e+00 9.35311961e-01
0.00000000e+00 -1.92084566e+00 8.94433061e-01
0.00000000e+00 -1.91587863e+00 8.87451433e-01
0.00000000e+00 -1.85841945e+00 9.28330333e-01
0.00000000e+00 -1.96097153e+00 9.50005196e-01
0.00000000e+00 -2.01820331e+00 9.08204526e-01
0.00000000e+00 -2.01314969e+00 9.01285318e-01
0.00000000e+00 -1.95591791e+00 9.43085988e-01
0.00000000e+00 -1.95591791e+00 9.43085988e-01
0.00000000e+00 -2.01314969e+00 9.01285318e-01
0.00000000e+00 -2.00809607e+00 8.94366110e-01
0.00000000e+00 -1.95086429e+00 9.36166780e-01
0.00000000e+00 -1.95086429e+00 9.36166780e-01
0.00000000e+00 -2.00809607e+00 8.94366110e-01
0.00000000e+00 -2.00304246e+00 8.87446902e-01
0.00000000e+00 -1.94581068e+00 9.29247572e-01
0.00000000e+00 -1.94581068e+00 9.29247572e-01
0.00000000e+00 -2.00304246e+00 8.87446902e-01
0.00000000e+00 -1.99798884e+00 8.80527694e-01
0.00000000e+00 -1.94075706e+00 9.22328364e-01
0.00000000e+00 -1.94075706e+00 9.22328364e-01
0.00000000e+00 -1.99798884e+00 8.80527694e-01
0.00000000e+00 -1.99293522e+00 8.73608486e-01
0.00000000e+00 -1.93570344e+00 9.15409156e-01
0.00000000e+00 -1.93570344e+00 9.15409156e-01
0.00000000e+00 -1.99293522e+00 8.73608486e-01
0.00000000e+00 -1.98788160e+00 8.66689278e-01
0.00000000e+00 -1.93064982e+00 9.08489948e-01
0.00000000e+00 -1.93064982e+00 9.08489948e-01
0.00000000e+00 -1.98788160e+00 8.66689278e-01
0.00000000e+00 -1.98282799e+00 8.59770070e-01
0.00000000e+00 -1.92559621e+00 9.01570740e-01
0.00000000e+00 -1.92559621e+00 9.01570740e-01
0.00000000e+00 -1.98282799e+00 8.59770070e-01
0.00000000e+00 -1.97777437e+00 8.52850862e-01
0.00000000e+00 -1.92054259e+00 8.94651532e-01
0.00000000e+00 -1.92054259e+00 8.94651532e-01
0.00000000e+00 -1.97777437e+00 8.52850862e-01
0.00000000e+00 -1.97272075e+00 8.45931654e-01
0.00000000e+00 -1.91548897e+00 8.87732324e-01
0.00000000e+00 -2.02049910e+00 9.06390237e-01
0.00000000e+00 -2.07396086e+00 8.60741257e-01
0.00000000e+00 -2.06839707e+00 8.54225224e-01
0.00000000e+00 -2.01493531e+00 8.99874204e-01
0.00000000e+00 -2.01493531e+00 8.99874204e-01
0.00000000e+00 -2.06839707e+00 8.54225224e-01
0.00000000e+00 -2.06283328e+00 8.47709192e-01
0.00000000e+00 -2.00937152e+00 8.93358172e-01
0.00000000e+00 -2.00937152e+00 8.93358172e-01
0.00000000e+00 -2.06283328e+00 8.47709192e-01
0.00000000e+00 -2.05726948e+00 8.41193159e-01
0.00000000e+00 -2.00380772e+00 8.86842139e-01
0.00000000e+00 -2.00380772e+00 8.86842139e-01
0.00000000e+00 -2.05726948e+00 8.41193159e-01
0.00000000e+00 -2.05170569e+00 8.34677126e-01
0.00000000e+00 -1.99824393e+00 8.80326106e-01
0.00000000e+00 -1.99824393e+00 8.80326106e-01
0.00000000e+00 -2.05170569e+00 8.34677126e-01
0.00000000e+00 -2.04614189e+00 8.28161094e-01
0.00000000e+00 -1.99268013e+00 8.73810074e-01
0.00000000e+00 -1.99268013e+00 8.73810074e-01
0.00000000e+00 -2.04614189e+00 8.28161094e-01
0.00000000e+00 -2.04057810e+00 8.21645061e-01
0.00000000e+00 -1.98711634e+00 8.67294041e-01
0.00000000e+00 -1.98711634e+00 8.67294041e-01
0.00000000e+00 -2.04057810e+00 8.21645061e-01
0.00000000e+00 -2.03501430e+00 8.15129028e-01
0.00000000e+00 -1.98155254e+00 8.60778008e-01
0.00000000e+00 -1.98155254e+00 8.60778008e-01
0.00000000e+00 -2.03501430e+00 8.15129028e-01
0.00000000e+00 -2.02945051e+00 8.08612996e-01
0.00000000e+00 -1.97598875e+00 8.54261976e-01
0.00000000e+00 -1.97598875e+00 8.54261976e-01
0.00000000e+00 -2.02945051e+00 8.08612996e-01
0.00000000e+00 -2.02388672e+00 8.02096963e-01
0.00000000e+00 -1.97042496e+00 8.47745943e-01
0.00000000e+00 -2.07505078e+00 8.59774426e-01
0.00000000e+00 -2.12701849e+00 8.11890646e-01
0.00000000e+00 -2.12121249e+00 8.05589465e-01
0.00000000e+00 -2.06924478e+00 8.53473245e-01
0.00000000e+00 -2.06924478e+00 8.53473245e-01
0.00000000e+00 -2.12121249e+00 8.05589465e-01
0.00000000e+00 -2.11540649e+00 7.99288283e-01
0.00000000e+00 -2.06343878e+00 8.47172063e-01
0.00000000e+00 -2.06343878e+00 8.47172063e-01
0.00000000e+00 -2.11540649e+00 7.99288283e-01
0.00000000e+00 -2.10960050e+00 7.92987102e-01
0.00000000e+00 -2.05763279e+00 8.40870882e-01
0.00000000e+00 -2.05763279e+00 8.40870882e-01
0.00000000e+00 -2.10960050e+00 7.92987102e-01
0.00000000e+00 -2.10379450e+00 7.86685921e-01
0.00000000e+00 -2.05182679e+00 8.34569701e-01
0.00000000e+00 -2.05182679e+00 8.34569701e-01
0.00000000e+00 -2.10379450e+00 7.86685921e-01
0.00000000e+00 -2.09798850e+00 7.80384739e-01
0.00000000e+00 -2.04602079e+00 8.28268519e-01
0.00000000e+00 -2.04602079e+00 8.28268519e-01
0.00000000e+00 -2.09798850e+00 7.80384739e-01
0.00000000e+00 -2.09218250e+00 7.74083558e-01
0.00000000e+00 -2.04021479e+00 8.21967338e-01
0.00000000e+00 -2.04021479e+00 8.21967338e-01
0.00000000e+00 -2.09218250e+00 7.74083558e-01
0.00000000e+00 -2.08637651e+00 7.67782377e-01
0.00000000e+00 -2.03440880e+00 8.15666157e-01
0.00000000e+00 -2.03440880e+00 8.15666157e-01
0.00000000e+00 -2.08637651e+00 7.67782377e-01
0.00000000e+00 -2.08057051e+00 7.61481195e-01
0.00000000e+00 -2.02860280e+00 8.09364975e-01
0.00000000e+00 -2.02860280e+00 8.09364975e-01
0.00000000e+00 -2.08057051e+00 7.61481195e-01
0.00000000e+00 -2.07476451e+00 7.55180014e-01
0.00000000e+00 -2.02279680e+00 8.03063794e-01
0.00000000e+00 -2.12870725e+00 8.10236031e-01
0.00000000e+00 -2.17735760e+00 7.59553991e-01
0.00000000e+00 -2.17117632e+00 7.53620502e-01
0.00000000e+00 -2.12252597e+00 8.04302542e-01
0.00000000e+00 -2.12252597e+00 8.04302542e-01
0.00000000e+00 -2.17117632e+00 7.53620502e-01
0.00000000e+00 -2.16499504e+00 7.47687013e-01
0.00000000e+00 -2.11634469e+00 7.98369053e-01
0.00000000e+00 -2.11634469e+00 7.98369053e-01
0.00000000e+00 -2.16499504e+00 7.47687013e-01
0.00000000e+00 -2.15881377e+00 7.41753524e-01
0.00000000e+00 -2.11016342e+00 7.92435564e-01
0.00000000e+00 -2.11016342e+00 7.92435564e-01
0.00000000e+00 -2.15881377e+00 7.41753524e-01
0.00000000e+00 -2.15263249e+00 7.35820035e-01
0.00000000e+00 -2.10398214e+00 7.86502075e-01
0.00000000e+00 -2.10398214e+00 7.86502075e-01
0.00000000e+00 -2.15263249e+00 7.35820035e-01
0.00000000e+00 -2.14645121e+00 7.29886545e-01
0.00000000e+00 -2.09780086e+00 7.80568585e-01
0.00000000e+00 -2.09780086e+00 7.80568585e-01
0.00000000e+00 -2.14645121e+00 7.29886545e-01
0.00000000e+00 -2.14026993e+00 7.23953056e-01
0.00000000e+00 -2.09161958e+00 7.74635096e-01
0.00000000e+00 -2.09161958e+00 7.74635096e-01
0.00000000e+00 -2.14026993e+00 7.23953056e-01
0.00000000e+00 -2.13408866e+00 7.18019567e-01
0.00000000e+00 -2.08543831e+00 7.68701607e-01
0.00000000e+00 -2.08543831e+00 7.68701607e-01
0.00000000e+00 -2.13408866e+00 7.18019567e-01
0.00000000e+00 -2.12790738e+00 7.12086078e-01
0.00000000e+00 -2.07925703e+00 7.62768118e-01
0.00000000e+00 -2.07925703e+00 7.62768118e-01
0.00000000e+00 -2.12790738e+00 7.12086078e-01
0.00000000e+00 -2.12172610e+00 7.06152589e-01
0.00000000e+00 -2.07307575e+00 7.56834629e-01
0.00000000e+00 -2.17878665e+00 7.57980671e-01
0.00000000e+00 -2.22469883e+00 7.04545241e-01
0.00000000e+00 -2.21819998e+00 6.98961378e-01
0.00000000e+00 -2.17228780e+00 7.52396808e-01
0.00000000e+00 -2.17228780e+00 7.52396808e-01
0.00000000e+00 -2.21819998e+00 6.98961378e-01
0.00000000e+00 -2.21170114e+00 6.93377516e-01
0.00000000e+00 -2.16578896e+00 7.46812946e-01
0.00000000e+00 -2.16578896e+00 7.46812946e-01
0.00000000e+00 -2.21170114e+00 6.93377516e-01
0.00000000e+00 -2.20520230e+00 6.87793654e-01
0.00000000e+00 -2.15929012e+00 7.41229084e-01
0.00000000e+00 -2.15929012e+00 7.41229084e-01
0.00000000e+00 -2.20520230e+00 6.87793654e-01
0.00000000e+00 -2.19870345e+00 6.82209791e-01
0.00000000e+00 -2.15279127e+00 7.35645221e-01
0.00000000e+00 -2.15279127e+00 7.35645221e-01
0.00000000e+00 -2.19870345e+00 6.82209791e-01
0.00000000e+00 -2.19220461e+00 6.76625929e-01
0.00000000e+00 -2.14629243e+00 7.30061359e-01
0.00000000e+00 -2.14629243e+00 7.30061359e-01
0.00000000e+00 -2.19220461e+00 6.76625929e-01
0.00000000e+00 -2.18570576e+00 6.71042066e-01
0.00000000e+00 -2.13979358e+00 7.24477496e-01
0.00000000e+00 -2.13979358e+00 7.24477496e-01
0.00000000e+00 -2.18570576e+00 6.71042066e-01
0.00000000e+00 -2.17920692e+00 6.65458204e-01
0.00000000e+00 -2.13329474e+00 7.18893634e-01
0.00000000e+00 -2.13329474e+00 7.18893634e-01
0.00000000e+00 -2.17920692e+00 6.65458204e-01
0.00000000e+00 -2.17270808e+00 6.59874342e-01
0.00000000e+00 -2.12679590e+00 7.13309772e-01
0.00000000e+00 -2.12679590e+00 7.13309772e-01
0.00000000e+00 -2.17270808e+00 6.59874342e-01
0.00000000e+00 -2.16620923e+00 6.54290479e-01
0.00000000e+00 -2.12029705e+00 7.07725909e-01
0.00000000e+00 -2.22604088e+00 7.02893130e-01
0.00000000e+00 -2.26877443e+00 6.47213920e-01
0.00000000e+00 -2.26197735e+00 6.41997193e-01
0.00000000e+00 -2.21924380e+00 6.97676403e-01
0.00000000e+00 -2.21924380e+00 6.97676403e-01
0.00000000e+00 -2.26197735e+00 6.41997193e-01
0.00000000e+00 -2.25518027e+00 6.36780467e-01
0.00000000e+00 -2.21244672e+00 6.92459677e-01
0.00000000e+00 -2.21244672e+00 6.92459677e-01
0.00000000e+00 -2.25518027e+00 6.36780467e-01
0.00000000e+00 -2.24838320e+00 6.31563740e-01
0.00000000e+00 -2.20564965e+00 6.87242950e-01
0.00000000e+00 -2.20564965e+00 6.87242950e-01
0.00000000e+00 -2.24838320e+00 6.31563740e-01
0.00000000e+00 -2.24158612e+00 6.26347013e-01
0.00000000e+00 -2.19885257e+00 6.82026223e-01
0.00000000e+00 -2.19885257e+00 6.82026223e-01
0.00000000e+00 -2.24158612e+00 6.26347013e-01
0.00000000e+00 -2.23478904e+00 6.21130287e-01
0.00000000e+00 -2.19205549e+00 6.76809497e-01
0.00000000e+00 -2.19205549e+00 6.76809497e-01
0.00000000e+00 -2.23478904e+00 6.21130287e-01
0.00000000e+00 -2.22799196e+00 6.15913560e-01
0.00000000e+00 -2.18525841e+00 6.71592770e-01
0.00000000e+00 -2.18525841e+00 6.71592770e-01
0.00000000e+00 -2.22799196e+00 6.15913560e-01
0.00000000e+00 -2.22119489e+00 6.10696833e-01
0.00000000e+00 -2.17846134e+00 6.66376043e-01
0.00000000e+00 -2.17846134e+00 6.66376043e-01
0.00000000e+00 -2.22119489e+00 6.10696833e-01
0.00000000e+00 -2.21439781e+00 6.05480107e-01
0.00000000e+00 -2.17166426e+00 6.61159317e-01
0.00000000e+00 -2.17166426e+00 6.61159317e-01
0.00000000e+00 -2.21439781e+00 6.05480107e-01
0.00000000e+00 -2.20760073e+00 6.00263380e-01
0.00000000e+00 -2.16486718e+00 6.55942590e-01
0.00000000e+00 -2.27025362e+00 6.45149215e-01
0.00000000e+00 -2.30925059e+00 5.86744475e-01
0.00000000e+00 -2.30212481e+00 5.81986572e-01
0.00000000e+00 -2.26312784e+00 6.40391312e-01
0.00000000e+00 -2.26312784e+00 6.40391312e-01
0.00000000e+00 -2.30212481e+00 5.81986572e-01
0.00000000e+00 -2.29499902e+00 5.77228669e-01
0.00000000e+00 -2.25600205e+00 6.35633409e-01
0.00000000e+00 -2.25600205e+00 6.35633409e-01
0.00000000e+00 -2.29499902e+00 5.77228669e-01
0.00000000e+00 -2.28787323e+00 5.72470765e-01
0.00000000e+00 -2.24887626e+00 6.30875505e-01
0.00000000e+00 -2.24887626e+00 6.30875505e-01
0.00000000e+00 -2.28787323e+00 5.72470765e-01
0.00000000e+00 -2.28074744e+00 5.67712862e-01
0.00000000e+00 -2.24175047e+00 6.26117602e-01
0.00000000e+00 -2.24175047e+00 6.26117602e-01
0.00000000e+00 -2.28074744e+00 5.67712862e-01
0.00000000e+00 -2.27362166e+00 5.62954958e-01
0.00000000e+00 -2.23462469e+00 6.21359698e-01
0.00000000e+00 -2.23462469e+00 6.21359698e-01
0.00000000e+00 -2.27362166e+00 5.62954958e-01
0.00000000e+00 -2.26649587e+00 5.58197055e-01
0.00000000e+00 -2.22749890e+00 6.16601795e-01
0.00000000e+00 -2.22749890e+00 6.16601795e-01
0.00000000e+00 -2.26649587e+00 5.58197055e-01
0.00000000e+00 -2.25937008e+00 5.53439151e-01
0.00000000e+00 -2.22037311e+00 6.11843891e-01
0.00000000e+00 -2.22037311e+00 6.11843891e-01
0.00000000e+00 -2.25937008e+00 5.53439151e-01
0.00000000e+00 -2.25224429e+00 5.48681248e-01
0.00000000e+00 -2.21324732e+00 6.07085988e-01
0.00000000e+00 -2.21324732e+00 6.07085988e-01
0.00000000e+00 -2.25224429e+00 5.48681248e-01
0.00000000e+00 -2.24511851e+00 5.43923345e-01
0.00000000e+00 -2.20612154e+00 6.02328085e-01
0.00000000e+00 -2.31040207e+00 5.84910421e-01
0.00000000e+00 -2.34600954e+00 5.24491491e-01
0.00000000e+00 -2.33862787e+00 5.20141155e-01
0.00000000e+00 -2.30302040e+00 5.80560085e-01
0.00000000e+00 -2.30302040e+00 5.80560085e-01
0.00000000e+00 -2.33862787e+00 5.20141155e-01
0.00000000e+00 -2.33124620e+00 5.15790819e-01
0.00000000e+00 -2.29563873e+00 5.76209749e-01
0.00000000e+00 -2.29563873e+00 5.76209749e-01
0.00000000e+00 -2.33124620e+00 5.15790819e-01
0.00000000e+00 -2.32386453e+00 5.11440484e-01
0.00000000e+00 -2.28825706e+00 5.71859414e-01
0.00000000e+00 -2.28825706e+00 5.71859414e-01
0.00000000e+00 -2.32386453e+00 5.11440484e-01
0.00000000e+00 -2.31648286e+00 5.07090148e-01
0.00000000e+00 -2.28087539e+00 5.67509078e-01
0.00000000e+00 -2.28087539e+00 5.67509078e-01
0.00000000e+00 -2.31648286e+00 5.07090148e-01
0.00000000e+00 -2.30910118e+00 5.02739812e-01
0.00000000e+00 -2.27349371e+00 5.63158742e-01
0.00000000e+00 -2.27349371e+00 5.63158742e-01
0.00000000e+00 -2.30910118e+00 5.02739812e-01
0.00000000e+00 -2.30171951e+00 4.98389476e-01
0.00000000e+00 -2.26611204e+00 5.58808406e-01
0.00000000e+00 -2.26611204e+00 5.58808406e-01
0.00000000e+00 -2.30171951e+00 4.98389476e-01
0.00000000e+00 -2.29433784e+00 4.94039141e-01
0.00000000e+00 -2.25873037e+00 5.54458071e-01
0.00000000e+00 -2.25873037e+00 5.54458071e-01
0.00000000e+00 -2.29433784e+00 4.94039141e-01
0.00000000e+00 -2.28695617e+00 4.89688805e-01
0.00000000e+00 -2.25134870e+00 5.50107735e-01
0.00000000e+00 -2.25134870e+00 5.50107735e-01
0.00000000e+00 -2.28695617e+00 4.89688805e-01
0.00000000e+00 -2.27957450e+00 4.85338469e-01
0.00000000e+00 -2.24396703e+00 5.45757399e-01
0.00000000e+00 -2.34724266e+00 5.22229613e-01
0.00000000e+00 -2.37870259e+00 4.59634303e-01
0.00000000e+00 -2.37104690e+00 4.55786607e-01
0.00000000e+00 -2.33958697e+00 5.18381917e-01
0.00000000e+00 -2.33958697e+00 5.18381917e-01
0.00000000e+00 -2.37104690e+00 4.55786607e-01
0.00000000e+00 -2.36339120e+00 4.51938911e-01
0.00000000e+00 -2.33193127e+00 5.14534221e-01
0.00000000e+00 -2.33193127e+00 5.14534221e-01
0.00000000e+00 -2.36339120e+00 4.51938911e-01
0.00000000e+00 -2.35573550e+00 4.48091214e-01
0.00000000e+00 -2.32427557e+00 5.10686524e-01
0.00000000e+00 -2.32427557e+00 5.10686524e-01
0.00000000e+00 -2.35573550e+00 4.48091214e-01
0.00000000e+00 -2.34807980e+00 4.44243518e-01
0.00000000e+00 -2.31661987e+00 5.06838828e-01
0.00000000e+00 -2.31661987e+00 5.06838828e-01
0.00000000e+00 -2.34807980e+00 4.44243518e-01
0.00000000e+00 -2.34042410e+00 4.40395822e-01
0.00000000e+00 -2.30896417e+00 5.02991132e-01
0.00000000e+00 -2.30896417e+00 5.02991132e-01
0.00000000e+00 -2.34042410e+00 4.40395822e-01
0.00000000e+00 -2.33276840e+00 4.36548126e-01
0.00000000e+00 -2.30130847e+00 4.99143436e-01
0.00000000e+00 -2.30130847e+00 4.99143436e-01
0.00000000e+00 -2.33276840e+00 4.36548126e-01
0.00000000e+00 -2.32511270e+00 4.32700429e-01
0.00000000e+00 -2.29365277e+00 4.95295739e-01
0.00000000e+00 -2.29365277e+00 4.95295739e-01
0.00000000e+00 -2.32511270e+00 4.32700429e-01
0.00000000e+00 -2.31745700e+00 4.28852733e-01
0.00000000e+00 -2.28599707e+00 4.91448043e-01
0.00000000e+00 -2.28599707e+00 4.91448043e-01
0.00000000e+00 -2.31745700e+00 4.28852733e-01
0.00000000e+00 -2.30980131e+00 4.25005037e-01
0.00000000e+00 -2.27834138e+00 4.87600347e-01
0.00000000e+00 -2.37974242e+00 4.57388519e-01
0.00000000e+00 -2.40711556e+00 3.92918729e-01
0.00000000e+00 -2.39922879e+00 3.89570096e-01
0.00000000e+00 -2.37185565e+00 4.54039886e-01
0.00000000e+00 -2.37185565e+00 4.54039886e-01
0.00000000e+00 -2.39922879e+00 3.89570096e-01
0.00000000e+00 -2.39134202e+00 3.86221463e-01
0.00000000e+00 -2.36396888e+00 4.50691253e-01
0.00000000e+00 -2.36396888e+00 4.50691253e-01
0.00000000e+00 -2.39134202e+00 3.86221463e-01
0.00000000e+00 -2.38345525e+00 3.82872830e-01
0.00000000e+00 -2.35608211e+00 4.47342620e-01
0.00000000e+00 -2.35608211e+00 4.47342620e-01
0.00000000e+00 -2.38345525e+00 3.82872830e-01
0.00000000e+00 -2.37556848e+00 3.79524197e-01
0.00000000e+00 -2.34819534e+00 4.43993987e-01
0.00000000e+00 -2.34819534e+00 4.43993987e-01
0.00000000e+00 -2.37556848e+00 3.79524197e-01
0.00000000e+00 -2.36768170e+00 3.76175563e-01
0.00000000e+00 -2.34030856e+00 4.40645353e-01
0.00000000e+00 -2.34030856e+00 4.40645353e-01
0.00000000e+00 -2.36768170e+00 3.76175563e-01
0.00000000e+00 -2.35979493e+00 3.72826930e-01
0.00000000e+00 -2.33242179e+00 4.37296720e-01
0.00000000e+00 -2.33242179e+00 4.37296720e-01
0.00000000e+00 -2.35979493e+00 3.72826930e-01
0.00000000e+00 -2.35190816e+00 3.69478297e-01
0.00000000e+00 -2.32453502e+00 4.33948087e-01
0.00000000e+00 -2.32453502e+00 4.33948087e-01
0.00000000e+00 -2.35190816e+00 3.69478297e-01
0.00000000e+00 -2.34402139e+00 3.66129664e-01
0.00000000e+00 -2.31664825e+00 4.30599454e-01
0.00000000e+00 -2.31664825e+00 4.30599454e-01
0.00000000e+00 -2.34402139e+00 3.66129664e-01
0.00000000e+00 -2.33613462e+00 3.62781031e-01
0.00000000e+00 -2.30876148e+00 4.27250821e-01
0.00000000e+00 -2.40524172e+00 3.96732816e-01
0.00000000e+00 -2.44001856e+00 3.34820816e-01
0.00000000e+00 -2.43254820e+00 3.30624608e-01
0.00000000e+00 -2.39777136e+00 3.92536608e-01
0.00000000e+00 -2.39777136e+00 3.92536608e-01
0.00000000e+00 -2.43254820e+00 3.30624608e-01
0.00000000e+00 -2.42507784e+00 3.26428400e-01
0.00000000e+00 -2.39030100e+00 3.88340400e-01
0.00000000e+00 -2.39030100e+00 3.88340400e-01
0.00000000e+00 -2.42507784e+00 3.26428400e-01
0.00000000e+00 -2.41760747e+00 3.22232192e-01
0.00000000e+00 -2.38283063e+00 3.84144192e-01
0.00000000e+00 -2.38283063e+00 3.84144192e-01
0.00000000e+00 -2.41760747e+00 3.22232192e-01
0.00000000e+00 -2.41013711e+00 3.18035984e-01
0.00000000e+00 -2.37536027e+00 3.79947984e-01
0.00000000e+00 -2.37536027e+00 3.79947984e-01
0.00000000e+00 -2.41013711e+00 3.18035984e-01
0.00000000e+00 -2.40266675e+00 3.13839776e-01
0.00000000e+00 -2.36788991e+00 3.75751776e-01
0.00000000e+00 -2.36788991e+00 3.75751776e-01
0.00000000e+00 -2.40266675e+00 3.13839776e-01
0.00000000e+00 -2.39519639e+00 3.09643568e-01
0.00000000e+00 -2.36041955e+00 3.71555568e-01
0.00000000e+00 -2.36041955e+00 3.71555568e-01
0.00000000e+00 -2.39519639e+00 3.09643568e-01
0.00000000e+00 -2.38772602e+00 3.05447360e-01
0.00000000e+00 -2.35294918e+00 3.67359360e-01
0.00000000e+00 -2.35294918e+00 3.67359360e-01
0.00000000e+00 -2.38772602e+00 3.05447360e-01
0.00000000e+00 -2.38025566e+00 3.01251152e-01
0.00000000e+00 -2.34547882e+00 3.63163152e-01
0.00000000e+00 -2.34547882e+00 3.63163152e-01
0.00000000e+00 -2.38025566e+00 3.01251152e-01
0.00000000e+00 -2.37278530e+00 2.97054944e-01
0.00000000e+00 -2.33800846e+00 3.58966944e-01
0.00000000e+00 -2.41934526e+00 3.21388963e-01
0.00000000e+00 -2.44769595e+00 2.54071643e-01
0.00000000e+00 -2.44481965e+00 2.52860291e-01
0.00000000e+00 -2.41646896e+00 3.20177611e-01
0.00000000e+00 -2.41646896e+00 3.20177611e-01
0.00000000e+00 -2.44481965e+00 2.52860291e-01
0.00000000e+00 -2.44194336e+00 2.51648939e-01
0.00000000e+00 -2.41359267e+00 3.18966259e-01
0.00000000e+00 -2.41359267e+00 3.18966259e-01
0.00000000e+00 -2.44194336e+00 2.51648939e-01
0.00000000e+00 -2.43906706e+00 2.50437588e-01
0.00000000e+00 -2.41071637e+00 3.17754908e-01
0.00000000e+00 -2.41071637e+00 3.17754908e-01
0.00000000e+00 -2.43906706e+00 2.50437588e-01
0.00000000e+00 -2.43619077e+00 2.49226236e-01
0.00000000e+00 -2.40784008e+00 3.16543556e-01
0.00000000e+00 -2.40784008e+00 3.16543556e-01
0.00000000e+00 -2.43619077e+00 2.49226236e-01
0.00000000e+00 -2.43331447e+00 2.48014884e-01
0.00000000e+00 -2.40496378e+00 3.15332204e-01
0.00000000e+00 -2.40496378e+00 3.15332204e-01
0.00000000e+00 -2.43331447e+00 2.48014884e-01
0.00000000e+00 -2.43043818e+00 2.46803532e-01
0.00000000e+00 -2.40208749e+00 3.14120852e-01
0.00000000e+00 -2.40208749e+00 3.14120852e-01
0.00000000e+00 -2.43043818e+00 2.46803532e-01
0.00000000e+00 -2.42756188e+00 2.45592181e-01
0.00000000e+00 -2.39921119e+00 3.12909501e-01
0.00000000e+00 -2.39921119e+00 3.12909501e-01
0.00000000e+00 -2.42756188e+00 2.45592181e-01
0.00000000e+00 -2.42468559e+00 2.44380829e-01
0.00000000e+00 -2.39633490e+00 3.11698149e-01
0.00000000e+00 -2.39633490e+00 3.11698149e-01
0.00000000e+00 -2.42468559e+00 2.44380829e-01
0.00000000e+00 -2.42180929e+00 2.43169477e-01
0.00000000e+00 -2.39345860e+00 3.10486797e-01
0.00000000e+00 -2.44861545e+00 2.50871328e-01
0.00000000e+00 -2.46039201e+00 1.78337668e-01
0.00000000e+00 -2.45731138e+00 1.77837498e-01
0.00000000e+00 -2.44553482e+00 2.50371158e-01
0.00000000e+00 -2.44553482e+00 2.50371158e-01
0.00000000e+00 -2.45731138e+00 1.77837498e-01
0.00000000e+00 -2.45423075e+00 1.77337327e-01
0.00000000e+00 -2.44245419e+00 2.49870987e-01
0.00000000e+00 -2.44245419e+00 2.49870987e-01
0.00000000e+00 -2.45423075e+00 1.77337327e-01
0.00000000e+00 -2.45115012e+00 1.76837156e-01
0.00000000e+00 -2.43937356e+00 2.49370816e-01
0.00000000e+00 -2.43937356e+00 2.49370816e-01
0.00000000e+00 -2.45115012e+00 1.76837156e-01
0.00000000e+00 -2.44806949e+00 1.76336985e-01
0.00000000e+00 -2.43629293e+00 2.48870645e-01
0.00000000e+00 -2.43629293e+00 2.48870645e-01
0.00000000e+00 -2.44806949e+00 1.76336985e-01
0.00000000e+00 -2.44498887e+00 1.75836815e-01
0.00000000e+00 -2.43321231e+00 2.48370475e-01
0.00000000e+00 -2.43321231e+00 2.48370475e-01
0.00000000e+00 -2.44498887e+00 1.75836815e-01
0.00000000e+00 -2.44190824e+00 1.75336644e-01
0.00000000e+00 -2.43013168e+00 2.47870304e-01
0.00000000e+00 -2.43013168e+00 2.47870304e-01
0.00000000e+00 -2.44190824e+00 1.75336644e-01
0.00000000e+00 -2.43882761e+00 1.74836473e-01
0.00000000e+00 -2.42705105e+00 2.47370133e-01
0.00000000e+00 -2.42705105e+00 2.47370133e-01
0.00000000e+00 -2.43882761e+00 1.74836473e-01
0.00000000e+00 -2.43574698e+00 1.74336302e-01
0.00000000e+00 -2.42397042e+00 2.46869962e-01
0.00000000e+00 -2.42397042e+00 2.46869962e-01
0.00000000e+00 -2.43574698e+00 1.74336302e-01
0.00000000e+00 -2.43266635e+00 1.73836132e-01
0.00000000e+00 -2.42088979e+00 2.46369792e-01
0.00000000e+00 -2.46042540e+00 1.78121414e-01
0.00000000e+00 -2.47106908e+00 1.05422534e-01
0.00000000e+00 -2.46798103e+00 1.04970420e-01
0.00000000e+00 -2.45733735e+00 1.77669300e-01
0.00000000e+00 -2.45733735e+00 1.77669300e-01
0.00000000e+00 -2.46798103e+00 1.04970420e-01
0.00000000e+00 -2.46489298e+00 1.04518305e-01
0.00000000e+00 -2.45424930e+00 1.77217185e-01
0.00000000e+00 -2.45424930e+00 1.77217185e-01
0.00000000e+00 -2.46489298e+00 1.04518305e-01
0.00000000e+00 -2.46180493e+00 1.04066191e-01
0.00000000e+00 -2.45116125e+00 1.76765071e-01
0.00000000e+00 -2.45116125e+00 1.76765071e-01
0.00000000e+00 -2.46180493e+00 1.04066191e-01
0.00000000e+00 -2.45871688e+00 1.03614077e-01
0.00000000e+00 -2.44807320e+00 1.76312957e-01
0.00000000e+00 -2.44807320e+00 1.76312957e-01
0.00000000e+00 -2.45871688e+00 1.03614077e-01
0.00000000e+00 -2.45562884e+00 1.03161963e-01
0.00000000e+00 -2.44498516e+00 1.75860843e-01
0.00000000e+00 -2.44498516e+00 1.75860843e-01
0.00000000e+00 -2.45562884e+00 1.03161963e-01
0.00000000e+00 -2.45254079e+00 1.02709849e-01
0.00000000e+00 -2.44189711e+00 1.75408729e-01
0.00000000e+00 -2.44189711e+00 1.75408729e-01
0.00000000e+00 -2.45254079e+00 1.02709849e-01
0.00000000e+00 -2.44945274e+00 1.02257735e-01
0.00000000e+00 -2.43880906e+00 1.74956615e-01
0.00000000e+00 -2.43880906e+00 1.74956615e-01
0.00000000e+00 -2.44945274e+00 1.02257735e-01
0.00000000e+00 -2.44636469e+00 1.01805620e-01
0.00000000e+00 -2.43572101e+00 1.74504500e-01
0.00000000e+00 -2.43572101e+00 1.74504500e-01
0.00000000e+00 -2.44636469e+00 1.01805620e-01
0.00000000e+00 -2.44327664e+00 1.01353506e-01
0.00000000e+00 -2.43263296e+00 1.74052386e-01
0.00000000e+00 -2.47117710e+00 1.04448849e-01
0.00000000e+00 -2.47666374e+00 3.20184685e-02
0.00000000e+00 -2.47355169e+00 3.17827289e-02
0.00000000e+00 -2.46806505e+00 1.04213109e-01
0.00000000e+00 -2.46806505e+00 1.04213109e-01
0.00000000e+00 -2.47355169e+00 3.17827289e-02
0.00000000e+00 -2.47043963e+00 3.15469892e-02
0.00000000e+00 -2.46495299e+00 1.03977369e-01
0.00000000e+00 -2.46495299e+00 1.03977369e-01
0.00000000e+00 -2.47043963e+00 3.15469892e-02
0.00000000e+00 -2.46732758e+00 3.13112495e-02
0.00000000e+00 -2.46184094e+00 1.03741630e-01
0.00000000e+00 -2.46184094e+00 1.03741630e-01
0.00000000e+00 -2.46732758e+00 3.13112495e-02
0.00000000e+00 -2.46421553e+00 3.10755098e-02
0.00000000e+00 -2.45872889e+00 1.03505890e-01
0.00000000e+00 -2.45872889e+00 1.03505890e-01
0.00000000e+00 -2.46421553e+00 3.10755098e-02
0.00000000e+00 -2.46110347e+00 3.08397702e-02
0.00000000e+00 -2.45561683e+00 1.03270150e-01
0.00000000e+00 -2.45561683e+00 1.03270150e-01
0.00000000e+00 -2.46110347e+00 3.08397702e-02
0.00000000e+00 -2.45799142e+00 3.06040305e-02
0.00000000e+00 -2.45250478e+00 1.03034410e-01
0.00000000e+00 -2.45250478e+00 1.03034410e-01
0.00000000e+00 -2.45799142e+00 3.06040305e-02
0.00000000e+00 -2.45487937e+00 3.03682908e-02
0.00000000e+00 -2.44939273e+00 1.02798671e-01
0.00000000e+00 -2.44939273e+00 1.02798671e-01
0.00000000e+00 -2.45487937e+00 3.03682908e-02
0.00000000e+00 -2.45176731e+00 3.01325511e-02
0.00000000e+00 -2.44628067e+00 1.02562931e-01
0.00000000e+00 -2.44628067e+00 1.02562931e-01
0.00000000e+00 -2.45176731e+00 3.01325511e-02
0.00000000e+00 -2.44865526e+00 2.98968115e-02
0.00000000e+00 -2.44316862e+00 1.02327191e-01
0.00000000e+00 -2.47668366e+00 3.02047210e-02
0.00000000e+00 -2.47277533e+00 -4.25933590e-02
0.00000000e+00 -2.46965885e+00 -4.24260437e-02
0.00000000e+00 -2.47356718e+00 3.03720363e-02
0.00000000e+00 -2.47356718e+00 3.03720363e-02
0.00000000e+00 -2.46965885e+00 -4.24260437e-02
0.00000000e+00 -2.46654237e+00 -4.22587283e-02
0.00000000e+00 -2.47045070e+00 3.05393517e-02
0.00000000e+00 -2.47045070e+00 3.05393517e-02
0.00000000e+00 -2.46654237e+00 -4.22587283e-02
0.00000000e+00 -2.46342589e+00 -4.20914130e-02
0.00000000e+00 -2.46733422e+00 3.07066670e-02
0.00000000e+00 -2.46733422e+00 3.07066670e-02
0.00000000e+00 -2.46342589e+00 -4.20914130e-02
0.00000000e+00 -2.46030941e+00 -4.19240977e-02
0.00000000e+00 -2.46421774e+00 3.08739823e-02
0.00000000e+00 -2.46421774e+00 3.08739823e-02
0.00000000e+00 -2.46030941e+00 -4.19240977e-02
0.00000000e+00 -2.45719293e+00 -4.17567823e-02
0.00000000e+00 -2.46110126e+00 3.10412977e-02
0.00000000e+00 -2.46110126e+00 3.10412977e-02
0.00000000e+00 -2.45719293e+00 -4.17567823e-02
0.00000000e+00 -2.45407645e+00 -4.15894670e-02
0.00000000e+00 -2.45798478e+00 3.12086130e-02
0.00000000e+00 -2.45798478e+00 3.12086130e-02
0.00000000e+00 -2.45407645e+00 -4.15894670e-02
0.00000000e+00 -2.45095997e+00 -4.14221517e-02
0.00000000e+00 -2.45486830e+00 3.13759283e-02
0.00000000e+00 -2.45486830e+00 3.13759283e-02
0.00000000e+00 -2.45095997e+00 -4.14221517e-02
0.00000000e+00 -2.44784349e+00 -4.12548363e-02
0.00000000e+00 -2.45175182e+00 3.15432437e-02
0.00000000e+00 -2.45175182e+00 3.15432437e-02
0.00000000e+00 -2.44784349e+00 -4.12548363e-02
0.00000000e+00 -2.44472701e+00 -4.10875210e-02
0.00000000e+00 -2.44863534e+00 3.17105590e-02
0.00000000e+00 -2.47274046e+00 -4.30829805e-02
0.00000000e+00 -2.46626279e+00 -1.16012581e-01
0.00000000e+00 -2.46315406e+00 -1.15736460e-01
0.00000000e+00 -2.46963173e+00 -4.28068604e-02
0.00000000e+00 -2.46963173e+00 -4.28068604e-02
0.00000000e+00 -2.46315406e+00 -1.15736460e-01
0.00000000e+00 -2.46004533e+00 -1.15460340e-01
0.00000000e+00 -2.46652300e+00 -4.25307403e-02
0.00000000e+00 -2.46652300e+00 -4.25307403e-02
0.00000000e+00 -2.46004533e+00 -1.15460340e-01
0.00000000e+00 -2.45693660e+00 -1.15184220e-01
0.00000000e+00 -2.46341427e+00 -4.22546202e-02
0.00000000e+00 -2.46341427e+00 -4.22546202e-02
0.00000000e+00 -2.45693660e+00 -1.15184220e-01
0.00000000e+00 -2.45382787e+00 -1.14908100e-01
0.00000000e+00 -2.46030554e+00 -4.19785001e-02
0.00000000e+00 -2.46030554e+00 -4.19785001e-02
0.00000000e+00 -2.45382787e+00 -1.14908100e-01
0.00000000e+00 -2.45071913e+00 -1.14631980e-01
0.00000000e+00 -2.45719680e+00 -4.17023799e-02
0.00000000e+00 -2.45719680e+00 -4.17023799e-02
0.00000000e+00 -2.45071913e+00 -1.14631980e-01
0.00000000e+00 -2.44761040e+00 -1.14355860e-01
0.00000000e+00 -2.45408807e+00 -4.14262598e-02
0.00000000e+00 -2.45408807e+00 -4.14262598e-02
0.00000000e+00 -2.44761040e+00 -1.14355860e-01
0.00000000e+00 -2.44450167e+00 -1.14079740e-01
0.00000000e+00 -2.45097934e+00 -4.11501397e-02
0.00000000e+00 -2.45097934e+00 -4.11501397e-02
0.00000000e+00 -2.44450167e+00 -1.14079740e-01
0.00000000e+00 -2.44139294e+00 -1.13803620e-01
0.00000000e+00 -2.44787061e+00 -4.08740196e-02
0.00000000e+00 -2.44787061e+00 -4.08740196e-02
0.00000000e+00 -2.44139294e+00 -1.13803620e-01
0.00000000e+00 -2.43828421e+00 -1.13527499e-01
0.00000000e+00 -2.44476188e+00 -4.05978995e-02
0.00000000e+00 -2.46611656e+00 -1.17139356e-01
0.00000000e+00 -2.45374989e+00 -1.89393366e-01
0.00000000e+00 -2.45067366e+00 -1.88866851e-01
0.00000000e+00 -2.46304033e+00 -1.16612841e-01
0.00000000e+00 -2.46304033e+00 -1.16612841e-01
0.00000000e+00 -2.45067366e+00 -1.88866851e-01
0.00000000e+00 -2.44759742e+00 -1.88340337e-01
0.00000000e+00 -2.45996409e+00 -1.16086327e-01
0.00000000e+00 -2.45996409e+00 -1.16086327e-01
0.00000000e+00 -2.44759742e+00 -1.88340337e-01
0.00000000e+00 -2.44452118e+00 -1.87813822e-01
0.00000000e+00 -2.45688785e+00 -1.15559812e-01
0.00000000e+00 -2.45688785e+00 -1.15559812e-01
0.00000000e+00 -2.44452118e+00 -1.87813822e-01
0.00000000e+00 -2.44144495e+00 -1.87287307e-01
0.00000000e+00 -2.45381162e+00 -1.15033297e-01
0.00000000e+00 -2.45381162e+00 -1.15033297e-01
0.00000000e+00 -2.44144495e+00 -1.87287307e-01
0.00000000e+00 -2.43836871e+00 -1.86760793e-01
0.00000000e+00 -2.45073538e+00 -1.14506783e-01
0.00000000e+00 -2.45073538e+00 -1.14506783e-01
0.00000000e+00 -2.43836871e+00 -1.86760793e-01
0.00000000e+00 -2.43529248e+00 -1.86234278e-01
0.00000000e+00 -2.44765915e+00 -1.13980268e-01
0.00000000e+00 -2.44765915e+00 -1.13980268e-01
0.00000000e+00 -2.43529248e+00 -1.86234278e-01
0.00000000e+00 -2.43221624e+00 -1.85707763e-01
0.00000000e+00 -2.44458291e+00 -1.13453753e-01
0.00000000e+00 -2.44458291e+00 -1.13453753e-01
0.00000000e+00 -2.43221624e+00 -1.85707763e-01
0.00000000e+00 -2.42914000e+00 -1.85181249e-01
0.00000000e+00 -2.44150667e+00 -1.12927239e-01
0.00000000e+00 -2.44150667e+00 -1.12927239e-01
0.00000000e+00 -2.42914000e+00 -1.85181249e-01
0.00000000e+00 -2.42606377e+00 -1.84654734e-01
0.00000000e+00 -2.43843044e+00 -1.12400724e-01
0.00000000e+00 -2.45301941e+00 -1.92054382e-01
0.00000000e+00 -2.42689449e+00 -2.60154292e-01
0.00000000e+00 -2.42398058e+00 -2.59036440e-01
0.00000000e+00 -2.45010550e+00 -1.90936530e-01
0.00000000e+00 -2.45010550e+00 -1.90936530e-01
0.00000000e+00 -2.42398058e+00 -2.59036440e-01
0.00000000e+00 -2.42106668e+00 -2.57918589e-01
0.00000000e+00 -2.44719160e+00 -1.89818679e-01
0.00000000e+00 -2.44719160e+00 -1.89818679e-01
0.00000000e+00 -2.42106668e+00 -2.57918589e-01
0.00000000e+00 -2.41815277e+00 -2.56800737e-01
0.00000000e+00 -2.44427769e+00 -1.88700827e-01
0.00000000e+00 -2.44427769e+00 -1.88700827e-01
0.00000000e+00 -2.41815277e+00 -2.56800737e-01
0.00000000e+00 -2.41523886e+00 -2.55682886e-01
0.00000000e+00 -2.44136378e+00 -1.87582976e-01
0.00000000e+00 -2.44136378e+00 -1.87582976e-01
0.00000000e+00 -2.41523886e+00 -2.55682886e-01
0.00000000e+00 -2.41232496e+00 -2.54565034e-01
0.00000000e+00 -2.43844988e+00 -1.86465124e-01
0.00000000e+00 -2.43844988e+00 -1.86465124e-01
0.00000000e+00 -2.41232496e+00 -2.54565034e-01
0.00000000e+00 -2.40941105e+00 -2.53447183e-01
0.00000000e+00 -2.43553597e+00 -1.85347273e-01
0.00000000e+00 -2.43553597e+00 -1.85347273e-01
0.00000000e+00 -2.40941105e+00 -2.53447183e-01
0.00000000e+00 -2.40649714e+00 -2.52329331e-01
0.00000000e+00 -2.43262206e+00 -1.84229421e-01
0.00000000e+00 -2.43262206e+00 -1.84229421e-01
0.00000000e+00 -2.40649714e+00 -2.52329331e-01
0.00000000e+00 -2.40358324e+00 -2.51211480e-01
0.00000000e+00 -2.42970816e+00 -1.83111570e-01
0.00000000e+00 -2.42970816e+00 -1.83111570e-01
0.00000000e+00 -2.40358324e+00 -2.51211480e-01
0.00000000e+00 -2.40066933e+00 -2.50093628e-01
0.00000000e+00 -2.42679425e+00 -1.81993718e-01
0.00000000e+00 -2.44726735e+00 -2.74238588e-01
0.00000000e+00 -2.41247434e+00 -3.35189768e-01
0.00000000e+00 -2.40503313e+00 -3.30942073e-01
0.00000000e+00 -2.43982614e+00 -2.69990893e-01
0.00000000e+00 -2.43982614e+00 -2.69990893e-01
0.00000000e+00 -2.40503313e+00 -3.30942073e-01
0.00000000e+00 -2.39759192e+00 -3.26694378e-01
0.00000000e+00 -2.43238493e+00 -2.65743198e-01
0.00000000e+00 -2.43238493e+00 -2.65743198e-01
0.00000000e+00 -2.39759192e+00 -3.26694378e-01
0.00000000e+00 -2.39015071e+00 -3.22446683e-01
0.00000000e+00 -2.42494372e+00 -2.61495503e-01
0.00000000e+00 -2.42494372e+00 -2.61495503e-01
0.00000000e+00 -2.39015071e+00 -3.22446683e-01
0.00000000e+00 -2.38270950e+00 -3.18198988e-01
0.00000000e+00 -2.41750251e+00 -2.57247808e-01
0.00000000e+00 -2.41750251e+00 -2.57247808e-01
0.00000000e+00 -2.38270950e+00 -3.18198988e-01
0.00000000e+00 -2.37526830e+00 -3.13951292e-01
0.00000000e+00 -2.41006131e+00 -2.53000112e-01
0.00000000e+00 -2.41006131e+00 -2.53000112e-01
0.00000000e+00 -2.37526830e+00 -3.13951292e-01
0.00000000e+00 -2.36782709e+00 -3.09703597e-01
0.00000000e+00 -2.40262010e+00 -2.48752417e-01
0.00000000e+00 -2.40262010e+00 -2.48752417e-01
0.00000000e+00 -2.36782709e+00 -3.09703597e-01
0.00000000e+00 -2.36038588e+00 -3.05455902e-01
0.00000000e+00 -2.39517889e+00 -2.44504722e-01
0.00000000e+00 -2.39517889e+00 -2.44504722e-01
0.00000000e+00 -2.36038588e+00 -3.05455902e-01
0.00000000e+00 -2.35294467e+00 -3.01208207e-01
0.00000000e+00 -2.38773768e+00 -2.40257027e-01
0.00000000e+00 -2.38773768e+00 -2.40257027e-01
0.00000000e+00 -2.35294467e+00 -3.01208207e-01
0.00000000e+00 -2.34550346e+00 -2.96960512e-01
0.00000000e+00 -2.38029647e+00 -2.36009332e-01
0.00000000e+00 -2.41463034e+00 -3.30783343e-01
0.00000000e+00 -2.38821734e+00 -3.94788263e-01
0.00000000e+00 -2.38029702e+00 -3.91519773e-01
0.00000000e+00 -2.40671002e+00 -3.27514853e-01
0.00000000e+00 -2.40671002e+00 -3.27514853e-01
0.00000000e+00 -2.38029702e+00 -3.91519773e-01
0.00000000e+00 -2.37237670e+00 -3.88251284e-01
0.00000000e+00 -2.39878970e+00 -3.24246364e-01
0.00000000e+00 -2.39878970e+00 -3.24246364e-01
0.00000000e+00 -2.37237670e+00 -3.88251284e-01
0.00000000e+00 -2.36445638e+00 -3.84982794e-01
0.00000000e+00 -2.39086938e+00 -3.20977874e-01
0.00000000e+00 -2.39086938e+00 -3.20977874e-01
0.00000000e+00 -2.36445638e+00 -3.84982794e-01
0.00000000e+00 -2.35653606e+00 -3.81714305e-01
0.00000000e+00 -2.38294906e+00 -3.17709385e-01
0.00000000e+00 -2.38294906e+00 -3.17709385e-01
0.00000000e+00 -2.35653606e+00 -3.81714305e-01
0.00000000e+00 -2.34861574e+00 -3.78445815e-01
0.00000000e+00 -2.37502874e+00 -3.14440895e-01
0.00000000e+00 -2.37502874e+00 -3.14440895e-01
0.00000000e+00 -2.34861574e+00 -3.78445815e-01
0.00000000e+00 -2.34069542e+00 -3.75177326e-01
0.00000000e+00 -2.36710842e+00 -3.11172406e-01
0.00000000e+00 -2.36710842e+00 -3.11172406e-01
0.00000000e+00 -2.34069542e+00 -3.75177326e-01
0.00000000e+00 -2.33277510e+00 -3.71908836e-01
0.00000000e+00 -2.35918810e+00 -3.07903916e-01
0.00000000e+00 -2.35918810e+00 -3.07903916e-01
0.00000000e+00 -2.33277510e+00 -3.71908836e-01
0.00000000e+00 -2.32485478e+00 -3.68640347e-01
0.00000000e+00 -2.35126778e+00 -3.04635427e-01
0.00000000e+00 -2.35126778e+00 -3.04635427e-01
0.00000000e+00 -2.32485478e+00 -3.68640347e-01
0.00000000e+00 -2.31693446e+00 -3.65371857e-01
0.00000000e+00 -2.34334746e+00 -3.01366937e-01
0.00000000e+00 -2.38675656e+00 -3.97921757e-01
0.00000000e+00 -2.35469160e+00 -4.59350967e-01
0.00000000e+00 -2.34709589e+00 -4.55386146e-01
0.00000000e+00 -2.37916085e+00 -3.93956936e-01
0.00000000e+00 -2.37916085e+00 -3.93956936e-01
0.00000000e+00 -2.34709589e+00 -4.55386146e-01
0.00000000e+00 -2.33950019e+00 -4.51421324e-01
0.00000000e+00 -2.37156515e+00 -3.89992114e-01
0.00000000e+00 -2.37156515e+00 -3.89992114e-01
0.00000000e+00 -2.33950019e+00 -4.51421324e-01
0.00000000e+00 -2.33190449e+00 -4.47456502e-01
0.00000000e+00 -2.36396945e+00 -3.86027292e-01
0.00000000e+00 -2.36396945e+00 -3.86027292e-01
0.00000000e+00 -2.33190449e+00 -4.47456502e-01
0.00000000e+00 -2.32430879e+00 -4.43491681e-01
0.00000000e+00 -2.35637375e+00 -3.82062471e-01
0.00000000e+00 -2.35637375e+00 -3.82062471e-01
0.00000000e+00 -2.32430879e+00 -4.43491681e-01
0.00000000e+00 -2.31671309e+00 -4.39526859e-01
0.00000000e+00 -2.34877805e+00 -3.78097649e-01
0.00000000e+00 -2.34877805e+00 -3.78097649e-01
0.00000000e+00 -2.31671309e+00 -4.39526859e-01
0.00000000e+00 -2.30911739e+00 -4.35562038e-01
0.00000000e+00 -2.34118235e+00 -3.74132828e-01
0.00000000e+00 -2.34118235e+00 -3.74132828e-01
0.00000000e+00 -2.30911739e+00 -4.35562038e-01
0.00000000e+00 -2.30152169e+00 -4.31597216e-01
0.00000000e+00 -2.33358665e+00 -3.70168006e-01
0.00000000e+00 -2.33358665e+00 -3.70168006e-01
0.00000000e+00 -2.30152169e+00 -4.31597216e-01
0.00000000e+00 -2.29392599e+00 -4.27632394e-01
0.00000000e+00 -2.32599095e+00 -3.66203184e-01
0.00000000e+00 -2.32599095e+00 -3.66203184e-01
0.00000000e+00 -2.29392599e+00 -4.27632394e-01
0.00000000e+00 -2.28633028e+00 -4.23667573e-01
0.00000000e+00 -2.31839524e+00 -3.62238363e-01
0.00000000e+00 -2.35380767e+00 -4.60950753e-01
0.00000000e+00 -2.31891475e+00 -5.20710603e-01
0.00000000e+00 -2.31151548e+00 -5.16390273e-01
0.00000000e+00 -2.34640840e+00 -4.56630423e-01
0.00000000e+00 -2.34640840e+00 -4.56630423e-01
0.00000000e+00 -2.31151548e+00 -5.16390273e-01
0.00000000e+00 -2.30411620e+00 -5.12069944e-01
0.00000000e+00 -2.33900912e+00 -4.52310094e-01
0.00000000e+00 -2.33900912e+00 -4.52310094e-01
0.00000000e+00 -2.30411620e+00 -5.12069944e-01
0.00000000e+00 -2.29671693e+00 -5.07749614e-01
0.00000000e+00 -2.33160985e+00 -4.47989764e-01
0.00000000e+00 -2.33160985e+00 -4.47989764e-01
0.00000000e+00 -2.29671693e+00 -5.07749614e-01
0.00000000e+00 -2.28931766e+00 -5.03429285e-01
0.00000000e+00 -2.32421058e+00 -4.43669435e-01
0.00000000e+00 -2.32421058e+00 -4.43669435e-01
0.00000000e+00 -2.28931766e+00 -5.03429285e-01
0.00000000e+00 -2.28191838e+00 -4.99108955e-01
0.00000000e+00 -2.31681130e+00 -4.39349105e-01
0.00000000e+00 -2.31681130e+00 -4.39349105e-01
0.00000000e+00 -2.28191838e+00 -4.99108955e-01
0.00000000e+00 -2.27451911e+00 -4.94788626e-01
0.00000000e+00 -2.30941203e+00 -4.35028776e-01
0.00000000e+00 -2.30941203e+00 -4.35028776e-01
0.00000000e+00 -2.27451911e+00 -4.94788626e-01
0.00000000e+00 -2.26711984e+00 -4.90468296e-01
0.00000000e+00 -2.30201276e+00 -4.30708446e-01
0.00000000e+00 -2.30201276e+00 -4.30708446e-01
0.00000000e+00 -2.26711984e+00 -4.90468296e-01
0.00000000e+00 -2.25972056e+00 -4.86147967e-01
0.00000000e+00 -2.29461348e+00 -4.26388117e-01
0.00000000e+00 -2.29461348e+00 -4.26388117e-01
0.00000000e+00 -2.25972056e+00 -4.86147967e-01
0.00000000e+00 -2.25232129e+00 -4.81827637e-01
0.00000000e+00 -2.28721421e+00 -4.22067787e-01
0.00000000e+00 -2.31700698e+00 -5.23660554e-01
0.00000000e+00 -2.27679857e+00 -5.80025874e-01
0.00000000e+00 -2.26982325e+00 -5.75050000e-01
0.00000000e+00 -2.31003166e+00 -5.18684680e-01
0.00000000e+00 -2.31003166e+00 -5.18684680e-01
0.00000000e+00 -2.26982325e+00 -5.75050000e-01
0.00000000e+00 -2.26284792e+00 -5.70074126e-01
0.00000000e+00 -2.30305633e+00 -5.13708806e-01
0.00000000e+00 -2.30305633e+00 -5.13708806e-01
0.00000000e+00 -2.26284792e+00 -5.70074126e-01
0.00000000e+00 -2.25587260e+00 -5.65098251e-01
0.00000000e+00 -2.29608101e+00 -5.08732931e-01
0.00000000e+00 -2.29608101e+00 -5.08732931e-01
0.00000000e+00 -2.25587260e+00 -5.65098251e-01
0.00000000e+00 -2.24889727e+00 -5.60122377e-01
0.00000000e+00 -2.28910568e+00 -5.03757057e-01
0.00000000e+00 -2.28910568e+00 -5.03757057e-01
0.00000000e+00 -2.24889727e+00 -5.60122377e-01
0.00000000e+00 -2.24192195e+00 -5.55146503e-01
0.00000000e+00 -2.28213036e+00 -4.98781183e-01
0.00000000e+00 -2.28213036e+00 -4.98781183e-01
0.00000000e+00 -2.24192195e+00 -5.55146503e-01
0.00000000e+00 -2.23494662e+00 -5.50170629e-01
0.00000000e+00 -2.27515503e+00 -4.93805309e-01
0.00000000e+00 -2.27515503e+00 -4.93805309e-01
0.00000000e+00 -2.23494662e+00 -5.50170629e-01
0.00000000e+00 -2.22797130e+00 -5.45194754e-01
0.00000000e+00 -2.26817971e+00 -4.88829434e-01
0.00000000e+00 -2.26817971e+00 -4.88829434e-01
0.00000000e+00 -2.22797130e+00 -5.45194754e-01
0.00000000e+00 -2.22099597e+00 -5.40218880e-01
0.00000000e+00 -2.26120438e+00 -4.83853560e-01
0.00000000e+00 -2.26120438e+00 -4.83853560e-01
0.00000000e+00 -2.22099597e+00 -5.40218880e-01
0.00000000e+00 -2.21402065e+00 -5.35243006e-01
0.00000000e+00 -2.25422906e+00 -4.78877686e-01
0.00000000e+00 -2.27564609e+00 -5.81559292e-01
0.00000000e+00 -2.23256962e+00 -6.35999792e-01
0.00000000e+00 -2.22585040e+00 -6.30683158e-01
0.00000000e+00 -2.26892687e+00 -5.76242658e-01
0.00000000e+00 -2.26892687e+00 -5.76242658e-01
0.00000000e+00 -2.22585040e+00 -6.30683158e-01
0.00000000e+00 -2.21913119e+00 -6.25366525e-01
0.00000000e+00 -2.26220766e+00 -5.70926025e-01
0.00000000e+00 -2.26220766e+00 -5.70926025e-01
0.00000000e+00 -2.21913119e+00 -6.25366525e-01
0.00000000e+00 -2.21241197e+00 -6.20049891e-01
0.00000000e+00 -2.25548844e+00 -5.65609391e-01
0.00000000e+00 -2.25548844e+00 -5.65609391e-01
0.00000000e+00 -2.21241197e+00 -6.20049891e-01
0.00000000e+00 -2.20569275e+00 -6.14733257e-01
0.00000000e+00 -2.24876922e+00 -5.60292757e-01
0.00000000e+00 -2.24876922e+00 -5.60292757e-01
0.00000000e+00 -2.20569275e+00 -6.14733257e-01
0.00000000e+00 -2.19897353e+00 -6.09416623e-01
0.00000000e+00 -2.24205000e+00 -5.54976123e-01
0.00000000e+00 -2.24205000e+00 -5.54976123e-01
0.00000000e+00 -2.19897353e+00 -6.09416623e-01
0.00000000e+00 -2.19225431e+00 -6.04099989e-01
0.00000000e+00 -2.23533078e+00 -5.49659489e-01
0.00000000e+00 -2.23533078e+00 -5.49659489e-01
0.00000000e+00 -2.19225431e+00 -6.04099989e-01
0.00000000e+00 -2.18553509e+00 -5.98783355e-01
0.00000000e+00 -2.22861156e+00 -5.44342855e-01
0.00000000e+00 -2.22861156e+00 -5.44342855e-01
0.00000000e+00 -2.18553509e+00 -5.98783355e-01
0.00000000e+00 -2.17881588e+00 -5.93466722e-01
0.00000000e+00 -2.22189235e+00 -5.39026222e-01
0.00000000e+00 -2.22189235e+00 -5.39026222e-01
0.00000000e+00 -2.17881588e+00 -5.93466722e-01
0.00000000e+00 -2.17209666e+00 -5.88150088e-01
0.00000000e+00 -2.21517313e+00 -5.33709588e-01
0.00000000e+00 -2.23062734e+00 -6.38268103e-01
0.00000000e+00 -2.18333070e+00 -6.89358553e-01
0.00000000e+00 -2.17704310e+00 -6.83537850e-01
0.00000000e+00 -2.22433974e+00 -6.32447400e-01
0.00000000e+00 -2.22433974e+00 -6.32447400e-01
0.00000000e+00 -2.17704310e+00 -6.83537850e-01
0.00000000e+00 -2.17075550e+00 -6.77717147e-01
0.00000000e+00 -2.21805214e+00 -6.26626697e-01
0.00000000e+00 -2.21805214e+00 -6.26626697e-01
0.00000000e+00 -2.17075550e+00 -6.77717147e-01
0.00000000e+00 -2.16446790e+00 -6.71896444e-01
0.00000000e+00 -2.21176454e+00 -6.20805994e-01
0.00000000e+00 -2.21176454e+00 -6.20805994e-01
0.00000000e+00 -2.16446790e+00 -6.71896444e-01
0.00000000e+00 -2.15818030e+00 -6.66075741e-01
0.00000000e+00 -2.20547694e+00 -6.14985291e-01
0.00000000e+00 -2.20547694e+00 -6.14985291e-01
0.00000000e+00 -2.15818030e+00 -6.66075741e-01
0.00000000e+00 -2.15189270e+00 -6.60255039e-01
0.00000000e+00 -2.19918934e+00 -6.09164589e-01
0.00000000e+00 -2.19918934e+00 -6.09164589e-01
0.00000000e+00 -2.15189270e+00 -6.60255039e-01
0.00000000e+00 -2.14560510e+00 -6.54434336e-01
0.00000000e+00 -2.19290174e+00 -6.03343886e-01
0.00000000e+00 -2.19290174e+00 -6.03343886e-01
0.00000000e+00 -2.14560510e+00 -6.54434336e-01
0.00000000e+00 -2.13931750e+00 -6.48613633e-01
0.00000000e+00 -2.18661414e+00 -5.97523183e-01
0.00000000e+00 -2.18661414e+00 -5.97523183e-01
0.00000000e+00 -2.13931750e+00 -6.48613633e-01
0.00000000e+00 -2.13302990e+00 -6.42792930e-01
0.00000000e+00 -2.18032654e+00 -5.91702480e-01
0.00000000e+00 -2.18032654e+00 -5.91702480e-01
0.00000000e+00 -2.13302990e+00 -6.42792930e-01
0.00000000e+00 -2.12674230e+00 -6.36972227e-01
0.00000000e+00 -2.17403894e+00 -5.85881777e-01
0.00000000e+00 -2.18217146e+00 -6.90557679e-01
0.00000000e+00 -2.13264587e+00 -7.39618009e-01
0.00000000e+00 -2.12661588e+00 -7.33530834e-01
0.00000000e+00 -2.17614147e+00 -6.84470504e-01
0.00000000e+00 -2.17614147e+00 -6.84470504e-01
0.00000000e+00 -2.12661588e+00 -7.33530834e-01
0.00000000e+00 -2.12058589e+00 -7.27443659e-01
0.00000000e+00 -2.17011148e+00 -6.78383329e-01
0.00000000e+00 -2.17011148e+00 -6.78383329e-01
0.00000000e+00 -2.12058589e+00 -7.27443659e-01
0.00000000e+00 -2.11455590e+00 -7.21356483e-01
0.00000000e+00 -2.16408149e+00 -6.72296153e-01
0.00000000e+00 -2.16408149e+00 -6.72296153e-01
0.00000000e+00 -2.11455590e+00 -7.21356483e-01
0.00000000e+00 -2.10852591e+00 -7.15269308e-01
0.00000000e+00 -2.15805150e+00 -6.66208978e-01
0.00000000e+00 -2.15805150e+00 -6.66208978e-01
0.00000000e+00 -2.10852591e+00 -7.15269308e-01
0.00000000e+00 -2.10249591e+00 -7.09182132e-01
0.00000000e+00 -2.15202150e+00 -6.60121802e-01
0.00000000e+00 -2.15202150e+00 -6.60121802e-01
0.00000000e+00 -2.10249591e+00 -7.09182132e-01
0.00000000e+00 -2.09646592e+00 -7.03094957e-01
0.00000000e+00 -2.14599151e+00 -6.54034627e-01
0.00000000e+00 -2.14599151e+00 -6.54034627e-01
0.00000000e+00 -2.09646592e+00 -7.03094957e-01
0.00000000e+00 -2.09043593e+00 -6.97007781e-01
0.00000000e+00 -2.13996152e+00 -6.47947451e-01
0.00000000e+00 -2.13996152e+00 -6.47947451e-01
0.00000000e+00 -2.09043593e+00 -6.97007781e-01
0.00000000e+00 -2.08440594e+00 -6.90920606e-01
0.00000000e+00 -2.13393153e+00 -6.41860276e-01
0.00000000e+00 -2.13393153e+00 -6.41860276e-01
0.00000000e+00 -2.08440594e+00 -6.90920606e-01
0.00000000e+00 -2.07837595e+00 -6.84833431e-01
0.00000000e+00 -2.12790154e+00 -6.35773101e-01
0.00000000e+00 -2.13068547e+00 -7.41429917e-01
0.00000000e+00 -2.07764504e+00 -7.87151747e-01
0.00000000e+00 -2.07205069e+00 -7.80661925e-01
0.00000000e+00 -2.12509112e+00 -7.34940095e-01
0.00000000e+00 -2.12509112e+00 -7.34940095e-01
0.00000000e+00 -2.07205069e+00 -7.80661925e-01
0.00000000e+00 -2.06645634e+00 -7.74172104e-01
0.00000000e+00 -2.11949677e+00 -7.28450274e-01
0.00000000e+00 -2.11949677e+00 -7.28450274e-01
0.00000000e+00 -2.06645634e+00 -7.74172104e-01
0.00000000e+00 -2.06086200e+00 -7.67682282e-01
0.00000000e+00 -2.11390243e+00 -7.21960452e-01
0.00000000e+00 -2.11390243e+00 -7.21960452e-01
0.00000000e+00 -2.06086200e+00 -7.67682282e-01
0.00000000e+00 -2.05526765e+00 -7.61192461e-01
0.00000000e+00 -2.10830808e+00 -7.15470631e-01
0.00000000e+00 -2.10830808e+00 -7.15470631e-01
0.00000000e+00 -2.05526765e+00 -7.61192461e-01
0.00000000e+00 -2.04967331e+00 -7.54702639e-01
0.00000000e+00 -2.10271374e+00 -7.08980809e-01
0.00000000e+00 -2.10271374e+00 -7.08980809e-01
0.00000000e+00 -2.04967331e+00 -7.54702639e-01
0.00000000e+00 -2.04407896e+00 -7.48212818e-01
0.00000000e+00 -2.09711939e+00 -7.02490988e-01
0.00000000e+00 -2.09711939e+00 -7.02490988e-01
0.00000000e+00 -2.04407896e+00 -7.48212818e-01
0.00000000e+00 -2.03848462e+00 -7.41722996e-01
0.00000000e+00 -2.09152505e+00 -6.96001166e-01
0.00000000e+00 -2.09152505e+00 -6.96001166e-01
0.00000000e+00 -2.03848462e+00 -7.41722996e-01
0.00000000e+00 -2.03289027e+00 -7.35233175e-01
0.00000000e+00 -2.08593070e+00 -6.89511345e-01
0.00000000e+00 -2.08593070e+00 -6.89511345e-01
0.00000000e+00 -2.03289027e+00 -7.35233175e-01
0.00000000e+00 -2.02729592e+00 -7.28743353e-01
0.00000000e+00 -2.08033635e+00 -6.83021523e-01
0.00000000e+00 -2.07674738e+00 -7.87902107e-01
0.00000000e+00 -2.02247560e+00 -8.31887087e-01
0.00000000e+00 -2.01708073e+00 -8.25230519e-01
0.00000000e+00 -2.07135251e+00 -7.81245539e-01
0.00000000e+00 -2.07135251e+00 -7.81245539e-01
0.00000000e+00 -2.01708073e+00 -8.25230519e-01
0.00000000e+00 -2.01168587e+00 -8.18573951e-01
0.00000000e+00 -2.06595765e+00 -7.74588971e-01
0.00000000e+00 -2.06595765e+00 -7.74588971e-01
0.00000000e+00 -2.01168587e+00 -8.18573951e-01
0.00000000e+00 -2.00629100e+00 -8.11917382e-01
0.00000000e+00 -2.06056278e+00 -7.67932402e-01
0.00000000e+00 -2.06056278e+00 -7.67932402e-01
0.00000000e+00 -2.00629100e+00 -8.11917382e-01
0.00000000e+00 -2.00089613e+00 -8.05260814e-01
0.00000000e+00 -2.05516791e+00 -7.61275834e-01
0.00000000e+00 -2.05516791e+00 -7.61275834e-01
0.00000000e+00 -2.00089613e+00 -8.05260814e-01
0.00000000e+00 -1.99550127e+00 -7.98604246e-01
0.00000000e+00 -2.04977305e+00 -7.54619266e-01
0.00000000e+00 -2.04977305e+00 -7.54619266e-01
0.00000000e+00 -1.99550127e+00 -7.98604246e-01
0.00000000e+00 -1.99010640e+00 -7.91947678e-01
0.00000000e+00 -2.04437818e+00 -7.47962698e-01
0.00000000e+00 -2.04437818e+00 -7.47962698e-01
0.00000000e+00 -1.99010640e+00 -7.91947678e-01
0.00000000e+00 -1.98471153e+00 -7.85291109e-01
0.00000000e+00 -2.03898331e+00 -7.41306129e-01
0.00000000e+00 -2.03898331e+00 -7.41306129e-01
0.00000000e+00 -1.98471153e+00 -7.85291109e-01
0.00000000e+00 -1.97931667e+00 -7.78634541e-01
0.00000000e+00 -2.03358845e+00 -7.34649561e-01
0.00000000e+00 -2.03358845e+00 -7.34649561e-01
0.00000000e+00 -1.97931667e+00 -7.78634541e-01
0.00000000e+00 -1.97392180e+00 -7.71977973e-01
0.00000000e+00 -2.02819358e+00 -7.27992993e-01
0.00000000e+00 -2.02010259e+00 -8.33663633e-01
0.00000000e+00 -1.96239784e+00 -8.73497063e-01
0.00000000e+00 -1.95753031e+00 -8.66445707e-01
0.00000000e+00 -2.01523506e+00 -8.26612277e-01
0.00000000e+00 -2.01523506e+00 -8.26612277e-01
0.00000000e+00 -1.95753031e+00 -8.66445707e-01
0.00000000e+00 -1.95266278e+00 -8.59394350e-01
0.00000000e+00 -2.01036753e+00 -8.19560920e-01
0.00000000e+00 -2.01036753e+00 -8.19560920e-01
0.00000000e+00 -1.95266278e+00 -8.59394350e-01
0.00000000e+00 -1.94779525e+00 -8.52342994e-01
0.00000000e+00 -2.00550000e+00 -8.12509564e-01
0.00000000e+00 -2.00550000e+00 -8.12509564e-01
0.00000000e+00 -1.94779525e+00 -8.52342994e-01
0.00000000e+00 -1.94292772e+00 -8.45291638e-01
0.00000000e+00 -2.00063247e+00 -8.05458208e-01
0.00000000e+00 -2.00063247e+00 -8.05458208e-01
0.00000000e+00 -1.94292772e+00 -8.45291638e-01
0.00000000e+00 -1.93806018e+00 -8.38240282e-01
0.00000000e+00 -1.99576493e+00 -7.98406852e-01
0.00000000e+00 -1.99576493e+00 -7.98406852e-01
0.00000000e+00 -1.93806018e+00 -8.38240282e-01
0.00000000e+00 -1.93319265e+00 -8.31188926e-01
0.00000000e+00 -1.99089740e+00 -7.91355496e-01
0.00000000e+00 -1.99089740e+00 -7.91355496e-01
0.00000000e+00 -1.93319265e+00 -8.31188926e-01
0.00000000e+00 -1.92832512e+00 -8.24137570e-01
0.00000000e+00 -1.98602987e+00 -7.84304140e-01
0.00000000e+00 -1.98602987e+00 -7.84304140e-01
0.00000000e+00 -1.92832512e+00 -8.24137570e-01
0.00000000e+00 -1.92345759e+00 -8.17086213e-01
0.00000000e+00 -1.98116234e+00 -7.77252783e-01
0.00000000e+00 -1.98116234e+00 -7.77252783e-01
0.00000000e+00 -1.92345759e+00 -8.17086213e-01
0.00000000e+00 -1.91859006e+00 -8.10034857e-01
0.00000000e+00 -1.97629481e+00 -7.70201427e-01
0.00000000e+00 -1.96181872e+00 -8.73889123e-01
0.00000000e+00 -1.90331168e+00 -9.12728673e-01
0.00000000e+00 -1.89857284e+00 -9.05590192e-01
0.00000000e+00 -1.95707988e+00 -8.66750642e-01
0.00000000e+00 -1.95707988e+00 -8.66750642e-01
0.00000000e+00 -1.89857284e+00 -9.05590192e-01
0.00000000e+00 -1.89383400e+00 -8.98451711e-01
0.00000000e+00 -1.95234104e+00 -8.59612161e-01
0.00000000e+00 -1.95234104e+00 -8.59612161e-01
0.00000000e+00 -1.89383400e+00 -8.98451711e-01
0.00000000e+00 -1.88909517e+00 -8.91313231e-01
0.00000000e+00 -1.94760221e+00 -8.52473681e-01
0.00000000e+00 -1.94760221e+00 -8.52473681e-01
0.00000000e+00 -1.88909517e+00 -8.91313231e-01
0.00000000e+00 -1.88435633e+00 -8.84174750e-01
0.00000000e+00 -1.94286337e+00 -8.45335200e-01
0.00000000e+00 -1.94286337e+00 -8.45335200e-01
0.00000000e+00 -1.88435633e+00 -8.84174750e-01
0.00000000e+00 -1.87961749e+00 -8.77036270e-01
0.00000000e+00 -1.93812453e+00 -8.38196720e-01
0.00000000e+00 -1.93812453e+00 -8.38196720e-01
0.00000000e+00 -1.87961749e+00 -8.77036270e-01
0.00000000e+00 -1.87487865e+00 -8.69897789e-01
0.00000000e+00 -1.93338569e+00 -8.31058239e-01
0.00000000e+00 -1.93338569e+00 -8.31058239e-01
0.00000000e+00 -1.87487865e+00 -8.69897789e-01
0.00000000e+00 -1.87013982e+00 -8.62759309e-01
0.00000000e+00 -1.92864686e+00 -8.23919759e-01
0.00000000e+00 -1.92864686e+00 -8.23919759e-01
0.00000000e+00 -1.87013982e+00 -8.62759309e-01
0.00000000e+00 -1.86540098e+00 -8.55620828e-01
0.00000000e+00 -1.92390802e+00 -8.16781278e-01
0.00000000e+00 -1.92390802e+00 -8.16781278e-01
0.00000000e+00 -1.86540098e+00 -8.55620828e-01
0.00000000e+00 -1.86066214e+00 -8.48482347e-01
0.00000000e+00 -1.91916918e+00 -8.09642797e-01
0.00000000e+00 -1.90100027e+00 -9.14148548e-01
0.00000000e+00 -1.83984147e+00 -9.48815488e-01
0.00000000e+00 -1.83561628e+00 -9.41361480e-01
0.00000000e+00 -1.89677508e+00 -9.06694540e-01
0.00000000e+00 -1.89677508e+00 -9.06694540e-01
0.00000000e+00 -1.83561628e+00 -9.41361480e-01
0.00000000e+00 -1.83139109e+00 -9.33907471e-01
0.00000000e+00 -1.89254989e+00 -8.99240531e-01
0.00000000e+00 -1.89254989e+00 -8.99240531e-01
0.00000000e+00 -1.83139109e+00 -9.33907471e-01
0.00000000e+00 -1.82716590e+00 -9.26453463e-01
0.00000000e+00 -1.88832470e+00 -8.91786523e-01
0.00000000e+00 -1.88832470e+00 -8.91786523e-01
0.00000000e+00 -1.82716590e+00 -9.26453463e-01
0.00000000e+00 -1.82294071e+00 -9.18999454e-01
0.00000000e+00 -1.88409951e+00 -8.84332514e-01
0.00000000e+00 -1.88409951e+00 -8.84332514e-01
0.00000000e+00 -1.82294071e+00 -9.18999454e-01
0.00000000e+00 -1.81871551e+00 -9.11545446e-01
0.00000000e+00 -1.87987431e+00 -8.76878506e-01
0.00000000e+00 -1.87987431e+00 -8.76878506e-01
0.00000000e+00 -1.81871551e+00 -9.11545446e-01
0.00000000e+00 -1.81449032e+00 -9.04091437e-01
0.00000000e+00 -1.87564912e+00 -8.69424497e-01
0.00000000e+00 -1.87564912e+00 -8.69424497e-01
0.00000000e+00 -1.81449032e+00 -9.04091437e-01
0.00000000e+00 -1.81026513e+00 -8.96637429e-01
0.00000000e+00 -1.87142393e+00 -8.61970489e-01
0.00000000e+00 -1.87142393e+00 -8.61970489e-01
0.00000000e+00 -1.81026513e+00 -8.96637429e-01
0.00000000e+00 -1.80603994e+00 -8.89183420e-01
0.00000000e+00 -1.86719874e+00 -8.54516480e-01
0.00000000e+00 -1.86719874e+00 -8.54516480e-01
0.00000000e+00 -1.80603994e+00 -8.89183420e-01
0.00000000e+00 -1.80181475e+00 -8.81729412e-01
0.00000000e+00 -1.86297355e+00 -8.47062472e-01
0.00000000e+00 -1.83935112e+00 -9.49088740e-01
0.00000000e+00 -1.77747299e+00 -9.82982740e-01
0.00000000e+00 -1.77335677e+00 -9.75468009e-01
0.00000000e+00 -1.83523490e+00 -9.41574009e-01
0.00000000e+00 -1.83523490e+00 -9.41574009e-01
0.00000000e+00 -1.77335677e+00 -9.75468009e-01
0.00000000e+00 -1.76924054e+00 -9.67953278e-01
0.00000000e+00 -1.83111867e+00 -9.34059278e-01
0.00000000e+00 -1.83111867e+00 -9.34059278e-01
0.00000000e+00 -1.76924054e+00 -9.67953278e-01
0.00000000e+00 -1.76512432e+00 -9.60438547e-01
0.00000000e+00 -1.82700245e+00 -9.26544547e-01
0.00000000e+00 -1.82700245e+00 -9.26544547e-01
0.00000000e+00 -1.76512432e+00 -9.60438547e-01
0.00000000e+00 -1.76100809e+00 -9.52923816e-01
0.00000000e+00 -1.82288622e+00 -9.19029816e-01
0.00000000e+00 -1.82288622e+00 -9.19029816e-01
0.00000000e+00 -1.76100809e+00 -9.52923816e-01
0.00000000e+00 -1.75689187e+00 -9.45409084e-01
0.00000000e+00 -1.81877000e+00 -9.11515084e-01
0.00000000e+00 -1.81877000e+00 -9.11515084e-01
0.00000000e+00 -1.75689187e+00 -9.45409084e-01
0.00000000e+00 -1.75277564e+00 -9.37894353e-01
0.00000000e+00 -1.81465377e+00 -9.04000353e-01
0.00000000e+00 -1.81465377e+00 -9.04000353e-01
0.00000000e+00 -1.75277564e+00 -9.37894353e-01
0.00000000e+00 -1.74865942e+00 -9.30379622e-01
0.00000000e+00 -1.81053755e+00 -8.96485622e-01
0.00000000e+00 -1.81053755e+00 -8.96485622e-01
0.00000000e+00 -1.74865942e+00 -9.30379622e-01
0.00000000e+00 -1.74454319e+00 -9.22864891e-01
0.00000000e+00 -1.80642132e+00 -8.88970891e-01
0.00000000e+00 -1.80642132e+00 -8.88970891e-01
0.00000000e+00 -1.74454319e+00 -9.22864891e-01
0.00000000e+00 -1.74042697e+00 -9.15350160e-01
0.00000000e+00 -1.80230510e+00 -8.81456160e-01
0.00000000e+00 -1.77549663e+00 -9.83992471e-01
0.00000000e+00 -1.71195892e+00 -1.01418071e+00
0.00000000e+00 -1.70828189e+00 -1.00644160e+00
0.00000000e+00 -1.77181960e+00 -9.76253355e-01
0.00000000e+00 -1.77181960e+00 -9.76253355e-01
0.00000000e+00 -1.70828189e+00 -1.00644160e+00
0.00000000e+00 -1.70460485e+00 -9.98702480e-01
0.00000000e+00 -1.76814256e+00 -9.68514240e-01
0.00000000e+00 -1.76814256e+00 -9.68514240e-01
0.00000000e+00 -1.70460485e+00 -9.98702480e-01
0.00000000e+00 -1.70092782e+00 -9.90963364e-01
0.00000000e+00 -1.76446553e+00 -9.60775124e-01
0.00000000e+00 -1.76446553e+00 -9.60775124e-01
0.00000000e+00 -1.70092782e+00 -9.90963364e-01
0.00000000e+00 -1.69725079e+00 -9.83224248e-01
0.00000000e+00 -1.76078850e+00 -9.53036008e-01
0.00000000e+00 -1.76078850e+00 -9.53036008e-01
0.00000000e+00 -1.69725079e+00 -9.83224248e-01
0.00000000e+00 -1.69357375e+00 -9.75485132e-01
0.00000000e+00 -1.75711146e+00 -9.45296892e-01
0.00000000e+00 -1.75711146e+00 -9.45296892e-01
0.00000000e+00 -1.69357375e+00 -9.75485132e-01
0.00000000e+00 -1.68989672e+00 -9.67746016e-01
0.00000000e+00 -1.75343443e+00 -9.37557776e-01
0.00000000e+00 -1.75343443e+00 -9.37557776e-01
0.00000000e+00 -1.68989672e+00 -9.67746016e-01
0.00000000e+00 -1.68621969e+00 -9.60006900e-01
0.00000000e+00 -1.74975740e+00 -9.29818660e-01
0.00000000e+00 -1.74975740e+00 -9.29818660e-01
0.00000000e+00 -1.68621969e+00 -9.60006900e-01
0.00000000e+00 -1.68254265e+00 -9.52267785e-01
0.00000000e+00 -1.74608036e+00 -9.22079545e-01
0.00000000e+00 -1.74608036e+00 -9.22079545e-01
0.00000000e+00 -1.68254265e+00 -9.52267785e-01
0.00000000e+00 -1.67886562e+00 -9.44528669e-01
0.00000000e+00 -1.74240333e+00 -9.14340429e-01
0.00000000e+00 -1.71110274e+00 -1.01457475e+00
0.00000000e+00 -1.64628849e+00 -1.04344938e+00
0.00000000e+00 -1.64280172e+00 -1.03562270e+00
0.00000000e+00 -1.70761597e+00 -1.00674807e+00
0.00000000e+00 -1.70761597e+00 -1.00674807e+00
0.00000000e+00 -1.64280172e+00 -1.03562270e+00
0.00000000e+00 -1.63931495e+00 -1.02779602e+00
0.00000000e+00 -1.70412920e+00 -9.98921389e-01
0.00000000e+00 -1.70412920e+00 -9.98921389e-01
0.00000000e+00 -1.63931495e+00 -1.02779602e+00
0.00000000e+00 -1.63582818e+00 -1.01996934e+00
0.00000000e+00 -1.70064243e+00 -9.91094709e-01
0.00000000e+00 -1.70064243e+00 -9.91094709e-01
0.00000000e+00 -1.63582818e+00 -1.01996934e+00
0.00000000e+00 -1.63234141e+00 -1.01214266e+00
0.00000000e+00 -1.69715566e+00 -9.83268030e-01
0.00000000e+00 -1.69715566e+00 -9.83268030e-01
0.00000000e+00 -1.63234141e+00 -1.01214266e+00
0.00000000e+00 -1.62885463e+00 -1.00431598e+00
0.00000000e+00 -1.69366888e+00 -9.75441350e-01
0.00000000e+00 -1.69366888e+00 -9.75441350e-01
0.00000000e+00 -1.62885463e+00 -1.00431598e+00
0.00000000e+00 -1.62536786e+00 -9.96489301e-01
0.00000000e+00 -1.69018211e+00 -9.67614671e-01
0.00000000e+00 -1.69018211e+00 -9.67614671e-01
0.00000000e+00 -1.62536786e+00 -9.96489301e-01
0.00000000e+00 -1.62188109e+00 -9.88662621e-01
0.00000000e+00 -1.68669534e+00 -9.59787991e-01
0.00000000e+00 -1.68669534e+00 -9.59787991e-01
0.00000000e+00 -1.62188109e+00 -9.88662621e-01
0.00000000e+00 -1.61839432e+00 -9.80835941e-01
0.00000000e+00 -1.68320857e+00 -9.51961311e-01
0.00000000e+00 -1.68320857e+00 -9.51961311e-01
0.00000000e+00 -1.61839432e+00 -9.80835941e-01
0.00000000e+00 -1.61490755e+00 -9.73009262e-01
0.00000000e+00 -1.67972180e+00 -9.44134632e-01
0.00000000e+00 -1.64533791e+00 -1.04385767e+00
0.00000000e+00 -1.58024737e+00 -1.07078644e+00
0.00000000e+00 -1.57697184e+00 -1.06286903e+00
0.00000000e+00 -1.64206238e+00 -1.03594026e+00
0.00000000e+00 -1.64206238e+00 -1.03594026e+00
0.00000000e+00 -1.57697184e+00 -1.06286903e+00
0.00000000e+00 -1.57369631e+00 -1.05495162e+00
0.00000000e+00 -1.63878685e+00 -1.02802285e+00
0.00000000e+00 -1.63878685e+00 -1.02802285e+00
0.00000000e+00 -1.57369631e+00 -1.05495162e+00
0.00000000e+00 -1.57042078e+00 -1.04703421e+00
0.00000000e+00 -1.63551132e+00 -1.02010544e+00
0.00000000e+00 -1.63551132e+00 -1.02010544e+00
0.00000000e+00 -1.57042078e+00 -1.04703421e+00
0.00000000e+00 -1.56714525e+00 -1.03911680e+00
0.00000000e+00 -1.63223579e+00 -1.01218803e+00
0.00000000e+00 -1.63223579e+00 -1.01218803e+00
0.00000000e+00 -1.56714525e+00 -1.03911680e+00
0.00000000e+00 -1.56386971e+00 -1.03119938e+00
0.00000000e+00 -1.62896025e+00 -1.00427061e+00
0.00000000e+00 -1.62896025e+00 -1.00427061e+00
0.00000000e+00 -1.56386971e+00 -1.03119938e+00
0.00000000e+00 -1.56059418e+00 -1.02328197e+00
0.00000000e+00 -1.62568472e+00 -9.96353205e-01
0.00000000e+00 -1.62568472e+00 -9.96353205e-01
0.00000000e+00 -1.56059418e+00 -1.02328197e+00
0.00000000e+00 -1.55731865e+00 -1.01536456e+00
0.00000000e+00 -1.62240919e+00 -9.88435795e-01
0.00000000e+00 -1.62240919e+00 -9.88435795e-01
0.00000000e+00 -1.55731865e+00 -1.01536456e+00
0.00000000e+00 -1.55404312e+00 -1.00744715e+00
0.00000000e+00 -1.61913366e+00 -9.80518385e-01
0.00000000e+00 -1.61913366e+00 -9.80518385e-01
0.00000000e+00 -1.55404312e+00 -1.00744715e+00
0.00000000e+00 -1.55076759e+00 -9.99529745e-01
0.00000000e+00 -1.61585813e+00 -9.72600975e-01
0.00000000e+00 -1.57846965e+00 -1.07147098e+00
0.00000000e+00 -1.51169617e+00 -1.09530629e+00
0.00000000e+00 -1.50881568e+00 -1.08723676e+00
0.00000000e+00 -1.57558916e+00 -1.06340145e+00
0.00000000e+00 -1.57558916e+00 -1.06340145e+00
0.00000000e+00 -1.50881568e+00 -1.08723676e+00
0.00000000e+00 -1.50593520e+00 -1.07916723e+00
0.00000000e+00 -1.57270868e+00 -1.05533192e+00
0.00000000e+00 -1.57270868e+00 -1.05533192e+00
0.00000000e+00 -1.50593520e+00 -1.07916723e+00
0.00000000e+00 -1.50305472e+00 -1.07109770e+00
0.00000000e+00 -1.56982820e+00 -1.04726239e+00
0.00000000e+00 -1.56982820e+00 -1.04726239e+00
0.00000000e+00 -1.50305472e+00 -1.07109770e+00
0.00000000e+00 -1.50017424e+00 -1.06302817e+00
0.00000000e+00 -1.56694772e+00 -1.03919286e+00
0.00000000e+00 -1.56694772e+00 -1.03919286e+00
0.00000000e+00 -1.50017424e+00 -1.06302817e+00
0.00000000e+00 -1.49729376e+00 -1.05495863e+00
0.00000000e+00 -1.56406724e+00 -1.03112332e+00
0.00000000e+00 -1.56406724e+00 -1.03112332e+00
0.00000000e+00 -1.49729376e+00 -1.05495863e+00
0.00000000e+00 -1.49441328e+00 -1.04688910e+00
0.00000000e+00 -1.56118676e+00 -1.02305379e+00
0.00000000e+00 -1.56118676e+00 -1.02305379e+00
0.00000000e+00 -1.49441328e+00 -1.04688910e+00
0.00000000e+00 -1.49153280e+00 -1.03881957e+00
0.00000000e+00 -1.55830628e+00 -1.01498426e+00
0.00000000e+00 -1.55830628e+00 -1.01498426e+00
0.00000000e+00 -1.49153280e+00 -1.03881957e+00
0.00000000e+00 -1.48865232e+00 -1.03075004e+00
0.00000000e+00 -1.55542580e+00 -1.00691473e+00
0.00000000e+00 -1.55542580e+00 -1.00691473e+00
0.00000000e+00 -1.48865232e+00 -1.03075004e+00
0.00000000e+00 -1.48577183e+00 -1.02268051e+00
0.00000000e+00 -1.55254531e+00 -9.98845204e-01
0.00000000e+00 -1.51151532e+00 -1.09537033e+00
0.00000000e+00 -1.44462101e+00 -1.11887417e+00
0.00000000e+00 -1.44178072e+00 -1.11079041e+00
0.00000000e+00 -1.50867503e+00 -1.08728657e+00
0.00000000e+00 -1.50867503e+00 -1.08728657e+00
0.00000000e+00 -1.44178072e+00 -1.11079041e+00
0.00000000e+00 -1.43894042e+00 -1.10270665e+00
0.00000000e+00 -1.50583473e+00 -1.07920281e+00
0.00000000e+00 -1.50583473e+00 -1.07920281e+00
0.00000000e+00 -1.43894042e+00 -1.10270665e+00
0.00000000e+00 -1.43610013e+00 -1.09462288e+00
0.00000000e+00 -1.50299444e+00 -1.07111904e+00
0.00000000e+00 -1.50299444e+00 -1.07111904e+00
0.00000000e+00 -1.43610013e+00 -1.09462288e+00
0.00000000e+00 -1.43325984e+00 -1.08653912e+00
0.00000000e+00 -1.50015415e+00 -1.06303528e+00
0.00000000e+00 -1.50015415e+00 -1.06303528e+00
0.00000000e+00 -1.43325984e+00 -1.08653912e+00
0.00000000e+00 -1.43041954e+00 -1.07845536e+00
0.00000000e+00 -1.49731385e+00 -1.05495152e+00
0.00000000e+00 -1.49731385e+00 -1.05495152e+00
0.00000000e+00 -1.43041954e+00 -1.07845536e+00
0.00000000e+00 -1.42757925e+00 -1.07037160e+00
0.00000000e+00 -1.49447356e+00 -1.04686776e+00
0.00000000e+00 -1.49447356e+00 -1.04686776e+00
0.00000000e+00 -1.42757925e+00 -1.07037160e+00
0.00000000e+00 -1.42473896e+00 -1.06228783e+00
0.00000000e+00 -1.49163327e+00 -1.03878399e+00
0.00000000e+00 -1.49163327e+00 -1.03878399e+00
0.00000000e+00 -1.42473896e+00 -1.06228783e+00
0.00000000e+00 -1.42189866e+00 -1.05420407e+00
0.00000000e+00 -1.48879297e+00 -1.03070023e+00
0.00000000e+00 -1.48879297e+00 -1.03070023e+00
0.00000000e+00 -1.42189866e+00 -1.05420407e+00
0.00000000e+00 -1.41905837e+00 -1.04612031e+00
0.00000000e+00 -1.48595268e+00 -1.02261647e+00
0.00000000e+00 -1.44281954e+00 -1.11945784e+00
0.00000000e+00 -1.37514945e+00 -1.13956053e+00
0.00000000e+00 -1.37270948e+00 -1.13134707e+00
0.00000000e+00 -1.44037957e+00 -1.11124438e+00
0.00000000e+00 -1.44037957e+00 -1.11124438e+00
0.00000000e+00 -1.37270948e+00 -1.13134707e+00
0.00000000e+00 -1.37026952e+00 -1.12313360e+00
0.00000000e+00 -1.43793961e+00 -1.10303091e+00
0.00000000e+00 -1.43793961e+00 -1.10303091e+00
0.00000000e+00 -1.37026952e+00 -1.12313360e+00
0.00000000e+00 -1.36782955e+00 -1.11492013e+00
0.00000000e+00 -1.43549964e+00 -1.09481744e+00
0.00000000e+00 -1.43549964e+00 -1.09481744e+00
0.00000000e+00 -1.36782955e+00 -1.11492013e+00
0.00000000e+00 -1.36538958e+00 -1.10670666e+00
0.00000000e+00 -1.43305967e+00 -1.08660397e+00
0.00000000e+00 -1.43305967e+00 -1.08660397e+00
0.00000000e+00 -1.36538958e+00 -1.10670666e+00
0.00000000e+00 -1.36294962e+00 -1.09849320e+00
0.00000000e+00 -1.43061971e+00 -1.07839051e+00
0.00000000e+00 -1.43061971e+00 -1.07839051e+00
0.00000000e+00 -1.36294962e+00 -1.09849320e+00
0.00000000e+00 -1.36050965e+00 -1.09027973e+00
0.00000000e+00 -1.42817974e+00 -1.07017704e+00
0.00000000e+00 -1.42817974e+00 -1.07017704e+00
0.00000000e+00 -1.36050965e+00 -1.09027973e+00
0.00000000e+00 -1.35806968e+00 -1.08206626e+00
0.00000000e+00 -1.42573977e+00 -1.06196357e+00
0.00000000e+00 -1.42573977e+00 -1.06196357e+00
0.00000000e+00 -1.35806968e+00 -1.08206626e+00
0.00000000e+00 -1.35562972e+00 -1.07385279e+00
0.00000000e+00 -1.42329981e+00 -1.05375010e+00
0.00000000e+00 -1.42329981e+00 -1.05375010e+00
0.00000000e+00 -1.35562972e+00 -1.07385279e+00
0.00000000e+00 -1.35318975e+00 -1.06563933e+00
0.00000000e+00 -1.42085984e+00 -1.04553664e+00
0.00000000e+00 -1.37438776e+00 -1.13977832e+00
0.00000000e+00 -1.30563341e+00 -1.15867487e+00
0.00000000e+00 -1.30336271e+00 -1.15041300e+00
0.00000000e+00 -1.37211706e+00 -1.13151645e+00
0.00000000e+00 -1.37211706e+00 -1.13151645e+00
0.00000000e+00 -1.30336271e+00 -1.15041300e+00
0.00000000e+00 -1.30109201e+00 -1.14215114e+00
0.00000000e+00 -1.36984636e+00 -1.12325459e+00
0.00000000e+00 -1.36984636e+00 -1.12325459e+00
0.00000000e+00 -1.30109201e+00 -1.14215114e+00
0.00000000e+00 -1.29882130e+00 -1.13388928e+00
0.00000000e+00 -1.36757565e+00 -1.11499273e+00
0.00000000e+00 -1.36757565e+00 -1.11499273e+00
0.00000000e+00 -1.29882130e+00 -1.13388928e+00
0.00000000e+00 -1.29655060e+00 -1.12562741e+00
0.00000000e+00 -1.36530495e+00 -1.10673086e+00
0.00000000e+00 -1.36530495e+00 -1.10673086e+00
0.00000000e+00 -1.29655060e+00 -1.12562741e+00
0.00000000e+00 -1.29427990e+00 -1.11736555e+00
0.00000000e+00 -1.36303425e+00 -1.09846900e+00
0.00000000e+00 -1.36303425e+00 -1.09846900e+00
0.00000000e+00 -1.29427990e+00 -1.11736555e+00
0.00000000e+00 -1.29200920e+00 -1.10910368e+00
0.00000000e+00 -1.36076355e+00 -1.09020713e+00
0.00000000e+00 -1.36076355e+00 -1.09020713e+00
0.00000000e+00 -1.29200920e+00 -1.10910368e+00
0.00000000e+00 -1.28973849e+00 -1.10084182e+00
0.00000000e+00 -1.35849284e+00 -1.08194527e+00
0.00000000e+00 -1.35849284e+00 -1.08194527e+00
0.00000000e+00 -1.28973849e+00 -1.10084182e+00
0.00000000e+00 -1.28746779e+00 -1.09257996e+00
0.00000000e+00 -1.35622214e+00 -1.07368341e+00
0.00000000e+00 -1.35622214e+00 -1.07368341e+00
0.00000000e+00 -1.28746779e+00 -1.09257996e+00
0.00000000e+00 -1.28519709e+00 -1.08431809e+00
0.00000000e+00 -1.35395144e+00 -1.06542154e+00
0.00000000e+00 -1.30516163e+00 -1.15880133e+00
0.00000000e+00 -1.23666894e+00 -1.17669594e+00
0.00000000e+00 -1.23450308e+00 -1.16840597e+00
0.00000000e+00 -1.30299577e+00 -1.15051136e+00
0.00000000e+00 -1.30299577e+00 -1.15051136e+00
0.00000000e+00 -1.23450308e+00 -1.16840597e+00
0.00000000e+00 -1.23233721e+00 -1.16011600e+00
0.00000000e+00 -1.30082990e+00 -1.14222139e+00
0.00000000e+00 -1.30082990e+00 -1.14222139e+00
0.00000000e+00 -1.23233721e+00 -1.16011600e+00
0.00000000e+00 -1.23017135e+00 -1.15182604e+00
0.00000000e+00 -1.29866404e+00 -1.13393143e+00
0.00000000e+00 -1.29866404e+00 -1.13393143e+00
0.00000000e+00 -1.23017135e+00 -1.15182604e+00
0.00000000e+00 -1.22800549e+00 -1.14353607e+00
0.00000000e+00 -1.29649818e+00 -1.12564146e+00
0.00000000e+00 -1.29649818e+00 -1.12564146e+00
0.00000000e+00 -1.22800549e+00 -1.14353607e+00
0.00000000e+00 -1.22583963e+00 -1.13524611e+00
0.00000000e+00 -1.29433232e+00 -1.11735150e+00
0.00000000e+00 -1.29433232e+00 -1.11735150e+00
0.00000000e+00 -1.22583963e+00 -1.13524611e+00
0.00000000e+00 -1.22367377e+00 -1.12695614e+00
0.00000000e+00 -1.29216646e+00 -1.10906153e+00
0.00000000e+00 -1.29216646e+00 -1.10906153e+00
0.00000000e+00 -1.22367377e+00 -1.12695614e+00
0.00000000e+00 -1.22150791e+00 -1.11866618e+00
0.00000000e+00 -1.29000060e+00 -1.10077157e+00
0.00000000e+00 -1.29000060e+00 -1.10077157e+00
0.00000000e+00 -1.22150791e+00 -1.11866618e+00
0.00000000e+00 -1.21934204e+00 -1.11037621e+00
0.00000000e+00 -1.28783473e+00 -1.09248160e+00
0.00000000e+00 -1.28783473e+00 -1.09248160e+00
0.00000000e+00 -1.21934204e+00 -1.11037621e+00
0.00000000e+00 -1.21717618e+00 -1.10208624e+00
0.00000000e+00 -1.28566887e+00 -1.08419163e+00
0.00000000e+00 -1.23490587e+00 -1.17711257e+00
0.00000000e+00 -1.16555411e+00 -1.19179005e+00
0.00000000e+00 -1.16378004e+00 -1.18340750e+00
0.00000000e+00 -1.23313180e+00 -1.16873002e+00
0.00000000e+00 -1.23313180e+00 -1.16873002e+00
0.00000000e+00 -1.16378004e+00 -1.18340750e+00
0.00000000e+00 -1.16200597e+00 -1.17502495e+00
0.00000000e+00 -1.23135773e+00 -1.16034747e+00
0.00000000e+00 -1.23135773e+00 -1.16034747e+00
0.00000000e+00 -1.16200597e+00 -1.17502495e+00
0.00000000e+00 -1.16023190e+00 -1.16664240e+00
0.00000000e+00 -1.22958366e+00 -1.15196492e+00
0.00000000e+00 -1.22958366e+00 -1.15196492e+00
0.00000000e+00 -1.16023190e+00 -1.16664240e+00
0.00000000e+00 -1.15845783e+00 -1.15825985e+00
0.00000000e+00 -1.22780959e+00 -1.14358237e+00
0.00000000e+00 -1.22780959e+00 -1.14358237e+00
0.00000000e+00 -1.15845783e+00 -1.15825985e+00
0.00000000e+00 -1.15668377e+00 -1.14987729e+00
0.00000000e+00 -1.22603553e+00 -1.13519981e+00
0.00000000e+00 -1.22603553e+00 -1.13519981e+00
0.00000000e+00 -1.15668377e+00 -1.14987729e+00
0.00000000e+00 -1.15490970e+00 -1.14149474e+00
0.00000000e+00 -1.22426146e+00 -1.12681726e+00
0.00000000e+00 -1.22426146e+00 -1.12681726e+00
0.00000000e+00 -1.15490970e+00 -1.14149474e+00
0.00000000e+00 -1.15313563e+00 -1.13311219e+00
0.00000000e+00 -1.22248739e+00 -1.11843471e+00
0.00000000e+00 -1.22248739e+00 -1.11843471e+00
0.00000000e+00 -1.15313563e+00 -1.13311219e+00
0.00000000e+00 -1.15136156e+00 -1.12472964e+00
0.00000000e+00 -1.22071332e+00 -1.11005216e+00
0.00000000e+00 -1.22071332e+00 -1.11005216e+00
0.00000000e+00 -1.15136156e+00 -1.12472964e+00
0.00000000e+00 -1.14958749e+00 -1.11634709e+00
0.00000000e+00 -1.21893925e+00 -1.10166961e+00
0.00000000e+00 -1.16439952e+00 -1.19201606e+00
0.00000000e+00 -1.09399684e+00 -1.20468516e+00
0.00000000e+00 -1.09247935e+00 -1.19625238e+00
0.00000000e+00 -1.16288203e+00 -1.18358328e+00
0.00000000e+00 -1.16288203e+00 -1.18358328e+00
0.00000000e+00 -1.09247935e+00 -1.19625238e+00
0.00000000e+00 -1.09096186e+00 -1.18781961e+00
0.00000000e+00 -1.16136454e+00 -1.17515051e+00
0.00000000e+00 -1.16136454e+00 -1.17515051e+00
0.00000000e+00 -1.09096186e+00 -1.18781961e+00
0.00000000e+00 -1.08944436e+00 -1.17938683e+00
0.00000000e+00 -1.15984704e+00 -1.16671773e+00
0.00000000e+00 -1.15984704e+00 -1.16671773e+00
0.00000000e+00 -1.08944436e+00 -1.17938683e+00
0.00000000e+00 -1.08792687e+00 -1.17095406e+00
0.00000000e+00 -1.15832955e+00 -1.15828496e+00
0.00000000e+00 -1.15832955e+00 -1.15828496e+00
0.00000000e+00 -1.08792687e+00 -1.17095406e+00
0.00000000e+00 -1.08640937e+00 -1.16252128e+00
0.00000000e+00 -1.15681205e+00 -1.14985218e+00
0.00000000e+00 -1.15681205e+00 -1.14985218e+00
0.00000000e+00 -1.08640937e+00 -1.16252128e+00
0.00000000e+00 -1.08489188e+00 -1.15408851e+00
0.00000000e+00 -1.15529456e+00 -1.14141941e+00
0.00000000e+00 -1.15529456e+00 -1.14141941e+00
0.00000000e+00 -1.08489188e+00 -1.15408851e+00
0.00000000e+00 -1.08337438e+00 -1.14565573e+00
0.00000000e+00 -1.15377706e+00 -1.13298663e+00
0.00000000e+00 -1.15377706e+00 -1.13298663e+00
0.00000000e+00 -1.08337438e+00 -1.14565573e+00
0.00000000e+00 -1.08185689e+00 -1.13722296e+00
0.00000000e+00 -1.15225957e+00 -1.12455386e+00
0.00000000e+00 -1.15225957e+00 -1.12455386e+00
0.00000000e+00 -1.08185689e+00 -1.13722296e+00
0.00000000e+00 -1.08033940e+00 -1.12879018e+00
0.00000000e+00 -1.15074208e+00 -1.11612108e+00
0.00000000e+00 -1.09376057e+00 -1.20800461e+00
0.00000000e+00 -1.03774439e+00 -1.21695327e+00
0.00000000e+00 -1.03627940e+00 -1.20778284e+00
0.00000000e+00 -1.09229558e+00 -1.19883418e+00
0.00000000e+00 -1.09229558e+00 -1.19883418e+00
0.00000000e+00 -1.03627940e+00 -1.20778284e+00
0.00000000e+00 -1.03481441e+00 -1.19861241e+00
0.00000000e+00 -1.09083059e+00 -1.18966375e+00
0.00000000e+00 -1.09083059e+00 -1.18966375e+00
0.00000000e+00 -1.03481441e+00 -1.19861241e+00
0.00000000e+00 -1.03334942e+00 -1.18944198e+00
0.00000000e+00 -1.08936560e+00 -1.18049332e+00
0.00000000e+00 -1.08936560e+00 -1.18049332e+00
0.00000000e+00 -1.03334942e+00 -1.18944198e+00
0.00000000e+00 -1.03188443e+00 -1.18027155e+00
0.00000000e+00 -1.08790061e+00 -1.17132289e+00
0.00000000e+00 -1.08790061e+00 -1.17132289e+00
0.00000000e+00 -1.03188443e+00 -1.18027155e+00
0.00000000e+00 -1.03041945e+00 -1.17110111e+00
0.00000000e+00 -1.08643563e+00 -1.16215245e+00
0.00000000e+00 -1.08643563e+00 -1.16215245e+00
0.00000000e+00 -1.03041945e+00 -1.17110111e+00
0.00000000e+00 -1.02895446e+00 -1.16193068e+00
0.00000000e+00 -1.08497064e+00 -1.15298202e+00
0.00000000e+00 -1.08497064e+00 -1.15298202e+00
0.00000000e+00 -1.02895446e+00 -1.16193068e+00
0.00000000e+00 -1.02748947e+00 -1.15276025e+00
0.00000000e+00 -1.08350565e+00 -1.14381159e+00
0.00000000e+00 -1.08350565e+00 -1.14381159e+00
0.00000000e+00 -1.02748947e+00 -1.15276025e+00
0.00000000e+00 -1.02602448e+00 -1.14358982e+00
0.00000000e+00 -1.08204066e+00 -1.13464116e+00
0.00000000e+00 -1.08204066e+00 -1.13464116e+00
0.00000000e+00 -1.02602448e+00 -1.14358982e+00
0.00000000e+00 -1.02455949e+00 -1.13441939e+00
0.00000000e+00 -1.08057567e+00 -1.12547073e+00
0.00000000e+00 -1.03715840e+00 -1.21704263e+00
0.00000000e+00 -9.66469249e-01 -1.22730930e+00
0.00000000e+00 -9.65134480e-01 -1.21811901e+00
0.00000000e+00 -1.03582363e+00 -1.20785234e+00
0.00000000e+00 -1.03582363e+00 -1.20785234e+00
0.00000000e+00 -9.65134480e-01 -1.21811901e+00
0.00000000e+00 -9.63799711e-01 -1.20892872e+00
0.00000000e+00 -1.03448886e+00 -1.19866205e+00
0.00000000e+00 -1.03448886e+00 -1.19866205e+00
0.00000000e+00 -9.63799711e-01 -1.20892872e+00
0.00000000e+00 -9.62464943e-01 -1.19973843e+00
0.00000000e+00 -1.03315409e+00 -1.18947176e+00
0.00000000e+00 -1.03315409e+00 -1.18947176e+00
0.00000000e+00 -9.62464943e-01 -1.19973843e+00
0.00000000e+00 -9.61130174e-01 -1.19054814e+00
0.00000000e+00 -1.03181932e+00 -1.18028147e+00
0.00000000e+00 -1.03181932e+00 -1.18028147e+00
0.00000000e+00 -9.61130174e-01 -1.19054814e+00
0.00000000e+00 -9.59795406e-01 -1.18135786e+00
0.00000000e+00 -1.03048456e+00 -1.17109119e+00
0.00000000e+00 -1.03048456e+00 -1.17109119e+00
0.00000000e+00 -9.59795406e-01 -1.18135786e+00
0.00000000e+00 -9.58460637e-01 -1.17216757e+00
0.00000000e+00 -1.02914979e+00 -1.16190090e+00
0.00000000e+00 -1.02914979e+00 -1.16190090e+00
0.00000000e+00 -9.58460637e-01 -1.17216757e+00
0.00000000e+00 -9.57125869e-01 -1.16297728e+00
0.00000000e+00 -1.02781502e+00 -1.15271061e+00
0.00000000e+00 -1.02781502e+00 -1.15271061e+00
0.00000000e+00 -9.57125869e-01 -1.16297728e+00
0.00000000e+00 -9.55791100e-01 -1.15378699e+00
0.00000000e+00 -1.02648025e+00 -1.14352032e+00
0.00000000e+00 -1.02648025e+00 -1.14352032e+00
0.00000000e+00 -9.55791100e-01 -1.15378699e+00
0.00000000e+00 -9.54456331e-01 -1.14459670e+00
0.00000000e+00 -1.02514548e+00 -1.13433003e+00
0.00000000e+00 -9.66134494e-01 -1.22735653e+00
0.00000000e+00 -8.94661424e-01 -1.23714734e+00
0.00000000e+00 -8.93401046e-01 -1.22794656e+00
0.00000000e+00 -9.64874116e-01 -1.21815575e+00
0.00000000e+00 -9.64874116e-01 -1.21815575e+00
0.00000000e+00 -8.93401046e-01 -1.22794656e+00
0.00000000e+00 -8.92140667e-01 -1.21874577e+00
0.00000000e+00 -9.63613737e-01 -1.20895496e+00
0.00000000e+00 -9.63613737e-01 -1.20895496e+00
0.00000000e+00 -8.92140667e-01 -1.21874577e+00
0.00000000e+00 -8.90880288e-01 -1.20954499e+00
0.00000000e+00 -9.62353358e-01 -1.19975418e+00
0.00000000e+00 -9.62353358e-01 -1.19975418e+00
0.00000000e+00 -8.90880288e-01 -1.20954499e+00
0.00000000e+00 -8.89619909e-01 -1.20034420e+00
0.00000000e+00 -9.61092979e-01 -1.19055339e+00
0.00000000e+00 -9.61092979e-01 -1.19055339e+00
0.00000000e+00 -8.89619909e-01 -1.20034420e+00
0.00000000e+00 -8.88359531e-01 -1.19114342e+00
0.00000000e+00 -9.59832601e-01 -1.18135261e+00
0.00000000e+00 -9.59832601e-01 -1.18135261e+00
0.00000000e+00 -8.88359531e-01 -1.19114342e+00
0.00000000e+00 -8.87099152e-01 -1.18194263e+00
0.00000000e+00 -9.58572222e-01 -1.17215182e+00
0.00000000e+00 -9.58572222e-01 -1.17215182e+00
0.00000000e+00 -8.87099152e-01 -1.18194263e+00
0.00000000e+00 -8.85838773e-01 -1.17274185e+00
0.00000000e+00 -9.57311843e-01 -1.16295104e+00
0.00000000e+00 -9.57311843e-01 -1.16295104e+00
0.00000000e+00 -8.85838773e-01 -1.17274185e+00
0.00000000e+00 -8.84578394e-01 -1.16354106e+00
0.00000000e+00 -9.56051464e-01 -1.15375025e+00
0.00000000e+00 -9.56051464e-01 -1.15375025e+00
0.00000000e+00 -8.84578394e-01 -1.16354106e+00
0.00000000e+00 -8.83318016e-01 -1.15434028e+00
0.00000000e+00 -9.54791086e-01 -1.14454947e+00
0.00000000e+00 -8.94307719e-01 -1.23719426e+00
0.00000000e+00 -8.23684189e-01 -1.24625510e+00
0.00000000e+00 -8.22502412e-01 -1.23704389e+00
0.00000000e+00 -8.93125942e-01 -1.22798305e+00
0.00000000e+00 -8.93125942e-01 -1.22798305e+00
0.00000000e+00 -8.22502412e-01 -1.23704389e+00
0.00000000e+00 -8.21320634e-01 -1.22783268e+00
0.00000000e+00 -8.91944164e-01 -1.21877184e+00
0.00000000e+00 -8.91944164e-01 -1.21877184e+00
0.00000000e+00 -8.21320634e-01 -1.22783268e+00
0.00000000e+00 -8.20138856e-01 -1.21862147e+00
0.00000000e+00 -8.90762386e-01 -1.20956063e+00
0.00000000e+00 -8.90762386e-01 -1.20956063e+00
0.00000000e+00 -8.20138856e-01 -1.21862147e+00
0.00000000e+00 -8.18957079e-01 -1.20941026e+00
0.00000000e+00 -8.89580609e-01 -1.20034942e+00
0.00000000e+00 -8.89580609e-01 -1.20034942e+00
0.00000000e+00 -8.18957079e-01 -1.20941026e+00
0.00000000e+00 -8.17775301e-01 -1.20019904e+00
0.00000000e+00 -8.88398831e-01 -1.19113820e+00
0.00000000e+00 -8.88398831e-01 -1.19113820e+00
0.00000000e+00 -8.17775301e-01 -1.20019904e+00
0.00000000e+00 -8.16593524e-01 -1.19098783e+00
0.00000000e+00 -8.87217054e-01 -1.18192699e+00
0.00000000e+00 -8.87217054e-01 -1.18192699e+00
0.00000000e+00 -8.16593524e-01 -1.19098783e+00
0.00000000e+00 -8.15411746e-01 -1.18177662e+00
0.00000000e+00 -8.86035276e-01 -1.17271578e+00
0.00000000e+00 -8.86035276e-01 -1.17271578e+00
0.00000000e+00 -8.15411746e-01 -1.18177662e+00
0.00000000e+00 -8.14229968e-01 -1.17256541e+00
0.00000000e+00 -8.84853498e-01 -1.16350457e+00
0.00000000e+00 -8.84853498e-01 -1.16350457e+00
0.00000000e+00 -8.14229968e-01 -1.17256541e+00
0.00000000e+00 -8.13048191e-01 -1.16335420e+00
0.00000000e+00 -8.83671721e-01 -1.15429336e+00
0.00000000e+00 -8.21462273e-01 -1.24648000e+00
0.00000000e+00 -7.50301903e-01 -1.25176654e+00
0.00000000e+00 -7.49613885e-01 -1.24250535e+00
0.00000000e+00 -8.20774255e-01 -1.23721881e+00
0.00000000e+00 -8.20774255e-01 -1.23721881e+00
0.00000000e+00 -7.49613885e-01 -1.24250535e+00
0.00000000e+00 -7.48925866e-01 -1.23324416e+00
0.00000000e+00 -8.20086236e-01 -1.22795762e+00
0.00000000e+00 -8.20086236e-01 -1.22795762e+00
0.00000000e+00 -7.48925866e-01 -1.23324416e+00
0.00000000e+00 -7.48237848e-01 -1.22398297e+00
0.00000000e+00 -8.19398218e-01 -1.21869643e+00
0.00000000e+00 -8.19398218e-01 -1.21869643e+00
0.00000000e+00 -7.48237848e-01 -1.22398297e+00
0.00000000e+00 -7.47549829e-01 -1.21472178e+00
0.00000000e+00 -8.18710199e-01 -1.20943524e+00
0.00000000e+00 -8.18710199e-01 -1.20943524e+00
0.00000000e+00 -7.47549829e-01 -1.21472178e+00
0.00000000e+00 -7.46861811e-01 -1.20546060e+00
0.00000000e+00 -8.18022181e-01 -1.20017406e+00
0.00000000e+00 -8.18022181e-01 -1.20017406e+00
0.00000000e+00 -7.46861811e-01 -1.20546060e+00
0.00000000e+00 -7.46173792e-01 -1.19619941e+00
0.00000000e+00 -8.17334162e-01 -1.19091287e+00
0.00000000e+00 -8.17334162e-01 -1.19091287e+00
0.00000000e+00 -7.46173792e-01 -1.19619941e+00
0.00000000e+00 -7.45485774e-01 -1.18693822e+00
0.00000000e+00 -8.16646144e-01 -1.18165168e+00
0.00000000e+00 -8.16646144e-01 -1.18165168e+00
0.00000000e+00 -7.45485774e-01 -1.18693822e+00
0.00000000e+00 -7.44797755e-01 -1.17767703e+00
0.00000000e+00 -8.15958125e-01 -1.17239049e+00
0.00000000e+00 -8.15958125e-01 -1.17239049e+00
0.00000000e+00 -7.44797755e-01 -1.17767703e+00
0.00000000e+00 -7.44109737e-01 -1.16841584e+00
0.00000000e+00 -8.15270107e-01 -1.16312930e+00
0.00000000e+00 -7.50251194e-01 -1.25177028e+00
0.00000000e+00 -6.78198064e-01 -1.25703500e+00
0.00000000e+00 -6.77521314e-01 -1.24777298e+00
0.00000000e+00 -7.49574444e-01 -1.24250826e+00
0.00000000e+00 -7.49574444e-01 -1.24250826e+00
0.00000000e+00 -6.77521314e-01 -1.24777298e+00
0.00000000e+00 -6.76844565e-01 -1.23851096e+00
0.00000000e+00 -7.48897695e-01 -1.23324624e+00
0.00000000e+00 -7.48897695e-01 -1.23324624e+00
0.00000000e+00 -6.76844565e-01 -1.23851096e+00
0.00000000e+00 -6.76167815e-01 -1.22924894e+00
0.00000000e+00 -7.48220945e-01 -1.22398422e+00
0.00000000e+00 -7.48220945e-01 -1.22398422e+00
0.00000000e+00 -6.76167815e-01 -1.22924894e+00
0.00000000e+00 -6.75491065e-01 -1.21998692e+00
0.00000000e+00 -7.47544195e-01 -1.21472220e+00
0.00000000e+00 -7.47544195e-01 -1.21472220e+00
0.00000000e+00 -6.75491065e-01 -1.21998692e+00
0.00000000e+00 -6.74814315e-01 -1.21072490e+00
0.00000000e+00 -7.46867445e-01 -1.20546018e+00
0.00000000e+00 -7.46867445e-01 -1.20546018e+00
0.00000000e+00 -6.74814315e-01 -1.21072490e+00
0.00000000e+00 -6.74137565e-01 -1.20146288e+00
0.00000000e+00 -7.46190695e-01 -1.19619816e+00
0.00000000e+00 -7.46190695e-01 -1.19619816e+00
0.00000000e+00 -6.74137565e-01 -1.20146288e+00
0.00000000e+00 -6.73460815e-01 -1.19220086e+00
0.00000000e+00 -7.45513945e-01 -1.18693614e+00
0.00000000e+00 -7.45513945e-01 -1.18693614e+00
0.00000000e+00 -6.73460815e-01 -1.19220086e+00
0.00000000e+00 -6.72784066e-01 -1.18293884e+00
0.00000000e+00 -7.44837196e-01 -1.17767412e+00
0.00000000e+00 -7.44837196e-01 -1.17767412e+00
0.00000000e+00 -6.72784066e-01 -1.18293884e+00
0.00000000e+00 -6.72107316e-01 -1.17367682e+00
0.00000000e+00 -7.44160446e-01 -1.16841210e+00
0.00000000e+00 -6.77764931e-01 -1.25706439e+00
0.00000000e+00 -6.06566261e-01 -1.26152363e+00
0.00000000e+00 -6.05985763e-01 -1.25225508e+00
0.00000000e+00 -6.77184433e-01 -1.24779584e+00
0.00000000e+00 -6.77184433e-01 -1.24779584e+00
0.00000000e+00 -6.05985763e-01 -1.25225508e+00
0.00000000e+00 -6.05405265e-01 -1.24298653e+00
0.00000000e+00 -6.76603935e-01 -1.23852729e+00
0.00000000e+00 -6.76603935e-01 -1.23852729e+00
0.00000000e+00 -6.05405265e-01 -1.24298653e+00
0.00000000e+00 -6.04824767e-01 -1.23371798e+00
0.00000000e+00 -6.76023437e-01 -1.22925874e+00
0.00000000e+00 -6.76023437e-01 -1.22925874e+00
0.00000000e+00 -6.04824767e-01 -1.23371798e+00
0.00000000e+00 -6.04244269e-01 -1.22444943e+00
0.00000000e+00 -6.75442939e-01 -1.21999019e+00
0.00000000e+00 -6.75442939e-01 -1.21999019e+00
0.00000000e+00 -6.04244269e-01 -1.22444943e+00
0.00000000e+00 -6.03663771e-01 -1.21518087e+00
0.00000000e+00 -6.74862441e-01 -1.21072163e+00
0.00000000e+00 -6.74862441e-01 -1.21072163e+00
0.00000000e+00 -6.03663771e-01 -1.21518087e+00
0.00000000e+00 -6.03083273e-01 -1.20591232e+00
0.00000000e+00 -6.74281943e-01 -1.20145308e+00
0.00000000e+00 -6.74281943e-01 -1.20145308e+00
0.00000000e+00 -6.03083273e-01 -1.20591232e+00
0.00000000e+00 -6.02502775e-01 -1.19664377e+00
0.00000000e+00 -6.73701445e-01 -1.19218453e+00
0.00000000e+00 -6.73701445e-01 -1.19218453e+00
0.00000000e+00 -6.02502775e-01 -1.19664377e+00
0.00000000e+00 -6.01922277e-01 -1.18737522e+00
0.00000000e+00 -6.73120947e-01 -1.18291598e+00
0.00000000e+00 -6.73120947e-01 -1.18291598e+00
0.00000000e+00 -6.01922277e-01 -1.18737522e+00
0.00000000e+00 -6.01341779e-01 -1.17810667e+00
0.00000000e+00 -6.72540449e-01 -1.17364743e+00
0.00000000e+00 -6.04704762e-01 -1.26159861e+00
0.00000000e+00 -5.33282792e-01 -1.26288188e+00
0.00000000e+00 -5.33115960e-01 -1.25359666e+00
0.00000000e+00 -6.04537930e-01 -1.25231339e+00
0.00000000e+00 -6.04537930e-01 -1.25231339e+00
0.00000000e+00 -5.33115960e-01 -1.25359666e+00
0.00000000e+00 -5.32949129e-01 -1.24431145e+00
0.00000000e+00 -6.04371099e-01 -1.24302818e+00
0.00000000e+00 -6.04371099e-01 -1.24302818e+00
0.00000000e+00 -5.32949129e-01 -1.24431145e+00
0.00000000e+00 -5.32782297e-01 -1.23502624e+00
0.00000000e+00 -6.04204267e-01 -1.23374297e+00
0.00000000e+00 -6.04204267e-01 -1.23374297e+00
0.00000000e+00 -5.32782297e-01 -1.23502624e+00
0.00000000e+00 -5.32615466e-01 -1.22574103e+00
0.00000000e+00 -6.04037436e-01 -1.22445776e+00
0.00000000e+00 -6.04037436e-01 -1.22445776e+00
0.00000000e+00 -5.32615466e-01 -1.22574103e+00
0.00000000e+00 -5.32448634e-01 -1.21645581e+00
0.00000000e+00 -6.03870604e-01 -1.21517254e+00
0.00000000e+00 -6.03870604e-01 -1.21517254e+00
0.00000000e+00 -5.32448634e-01 -1.21645581e+00
0.00000000e+00 -5.32281803e-01 -1.20717060e+00
0.00000000e+00 -6.03703773e-01 -1.20588733e+00
0.00000000e+00 -6.03703773e-01 -1.20588733e+00
0.00000000e+00 -5.32281803e-01 -1.20717060e+00
0.00000000e+00 -5.32114971e-01 -1.19788539e+00
0.00000000e+00 -6.03536941e-01 -1.19660212e+00
0.00000000e+00 -6.03536941e-01 -1.19660212e+00
0.00000000e+00 -5.32114971e-01 -1.19788539e+00
0.00000000e+00 -5.31948140e-01 -1.18860018e+00
0.00000000e+00 -6.03370110e-01 -1.18731691e+00
0.00000000e+00 -6.03370110e-01 -1.18731691e+00
0.00000000e+00 -5.31948140e-01 -1.18860018e+00
0.00000000e+00 -5.31781308e-01 -1.17931496e+00
0.00000000e+00 -6.03203278e-01 -1.17803169e+00
0.00000000e+00 -5.33022013e-01 -1.26288575e+00
0.00000000e+00 -4.60700543e-01 -1.26373373e+00
0.00000000e+00 -4.60591662e-01 -1.25444765e+00
0.00000000e+00 -5.32913132e-01 -1.25359967e+00
0.00000000e+00 -5.32913132e-01 -1.25359967e+00
0.00000000e+00 -4.60591662e-01 -1.25444765e+00
0.00000000e+00 -4.60482781e-01 -1.24516158e+00
0.00000000e+00 -5.32804251e-01 -1.24431360e+00
0.00000000e+00 -5.32804251e-01 -1.24431360e+00
0.00000000e+00 -4.60482781e-01 -1.24516158e+00
0.00000000e+00 -4.60373901e-01 -1.23587551e+00
0.00000000e+00 -5.32695371e-01 -1.23502753e+00
0.00000000e+00 -5.32695371e-01 -1.23502753e+00
0.00000000e+00 -4.60373901e-01 -1.23587551e+00
0.00000000e+00 -4.60265020e-01 -1.22658944e+00
0.00000000e+00 -5.32586490e-01 -1.22574146e+00
0.00000000e+00 -5.32586490e-01 -1.22574146e+00
0.00000000e+00 -4.60265020e-01 -1.22658944e+00
0.00000000e+00 -4.60156140e-01 -1.21730336e+00
0.00000000e+00 -5.32477610e-01 -1.21645538e+00
0.00000000e+00 -5.32477610e-01 -1.21645538e+00
0.00000000e+00 -4.60156140e-01 -1.21730336e+00
0.00000000e+00 -4.60047259e-01 -1.20801729e+00
0.00000000e+00 -5.32368729e-01 -1.20716931e+00
0.00000000e+00 -5.32368729e-01 -1.20716931e+00
0.00000000e+00 -4.60047259e-01 -1.20801729e+00
0.00000000e+00 -4.59938379e-01 -1.19873122e+00
0.00000000e+00 -5.32259849e-01 -1.19788324e+00
0.00000000e+00 -5.32259849e-01 -1.19788324e+00
0.00000000e+00 -4.59938379e-01 -1.19873122e+00
0.00000000e+00 -4.59829498e-01 -1.18944515e+00
0.00000000e+00 -5.32150968e-01 -1.18859717e+00
0.00000000e+00 -5.32150968e-01 -1.18859717e+00
0.00000000e+00 -4.59829498e-01 -1.18944515e+00
0.00000000e+00 -4.59720617e-01 -1.18015907e+00
0.00000000e+00 -5.32042087e-01 -1.17931109e+00
0.00000000e+00 -4.60638166e-01 -1.26373441e+00
0.00000000e+00 -3.89232676e-01 -1.26446505e+00
0.00000000e+00 -3.89137657e-01 -1.25517883e+00
0.00000000e+00 -4.60543147e-01 -1.25444819e+00
0.00000000e+00 -4.60543147e-01 -1.25444819e+00
0.00000000e+00 -3.89137657e-01 -1.25517883e+00
0.00000000e+00 -3.89042638e-01 -1.24589260e+00
0.00000000e+00 -4.60448128e-01 -1.24516196e+00
0.00000000e+00 -4.60448128e-01 -1.24516196e+00
0.00000000e+00 -3.89042638e-01 -1.24589260e+00
0.00000000e+00 -3.88947619e-01 -1.23660638e+00
0.00000000e+00 -4.60353109e-01 -1.23587574e+00
0.00000000e+00 -4.60353109e-01 -1.23587574e+00
0.00000000e+00 -3.88947619e-01 -1.23660638e+00
0.00000000e+00 -3.88852600e-01 -1.22732015e+00
0.00000000e+00 -4.60258090e-01 -1.22658951e+00
0.00000000e+00 -4.60258090e-01 -1.22658951e+00
0.00000000e+00 -3.88852600e-01 -1.22732015e+00
0.00000000e+00 -3.88757580e-01 -1.21803393e+00
0.00000000e+00 -4.60163070e-01 -1.21730329e+00
0.00000000e+00 -4.60163070e-01 -1.21730329e+00
0.00000000e+00 -3.88757580e-01 -1.21803393e+00
0.00000000e+00 -3.88662561e-01 -1.20874770e+00
0.00000000e+00 -4.60068051e-01 -1.20801706e+00
0.00000000e+00 -4.60068051e-01 -1.20801706e+00
0.00000000e+00 -3.88662561e-01 -1.20874770e+00
0.00000000e+00 -3.88567542e-01 -1.19946148e+00
0.00000000e+00 -4.59973032e-01 -1.19873084e+00
0.00000000e+00 -4.59973032e-01 -1.19873084e+00
0.00000000e+00 -3.88567542e-01 -1.19946148e+00
0.00000000e+00 -3.88472523e-01 -1.19017525e+00
0.00000000e+00 -4.59878013e-01 -1.18944461e+00
0.00000000e+00 -4.59878013e-01 -1.18944461e+00
0.00000000e+00 -3.88472523e-01 -1.19017525e+00
0.00000000e+00 -3.88377504e-01 -1.18088903e+00
0.00000000e+00 -4.59782994e-01 -1.18015839e+00
0.00000000e+00 -3.87116612e-01 -1.26443312e+00
0.00000000e+00 -3.15888482e-01 -1.26155289e+00
0.00000000e+00 -3.16263700e-01 -1.25227376e+00
0.00000000e+00 -3.87491830e-01 -1.25515399e+00
0.00000000e+00 -3.87491830e-01 -1.25515399e+00
0.00000000e+00 -3.16263700e-01 -1.25227376e+00
0.00000000e+00 -3.16638917e-01 -1.24299463e+00
0.00000000e+00 -3.87867047e-01 -1.24587486e+00
0.00000000e+00 -3.87867047e-01 -1.24587486e+00
0.00000000e+00 -3.16638917e-01 -1.24299463e+00
0.00000000e+00 -3.17014134e-01 -1.23371550e+00
0.00000000e+00 -3.88242264e-01 -1.23659573e+00
0.00000000e+00 -3.88242264e-01 -1.23659573e+00
0.00000000e+00 -3.17014134e-01 -1.23371550e+00
0.00000000e+00 -3.17389351e-01 -1.22443637e+00
0.00000000e+00 -3.88617481e-01 -1.22731660e+00
0.00000000e+00 -3.88617481e-01 -1.22731660e+00
0.00000000e+00 -3.17389351e-01 -1.22443637e+00
0.00000000e+00 -3.17764569e-01 -1.21515725e+00
0.00000000e+00 -3.88992699e-01 -1.21803748e+00
0.00000000e+00 -3.88992699e-01 -1.21803748e+00
0.00000000e+00 -3.17764569e-01 -1.21515725e+00
0.00000000e+00 -3.18139786e-01 -1.20587812e+00
0.00000000e+00 -3.89367916e-01 -1.20875835e+00
0.00000000e+00 -3.89367916e-01 -1.20875835e+00
0.00000000e+00 -3.18139786e-01 -1.20587812e+00
0.00000000e+00 -3.18515003e-01 -1.19659899e+00
0.00000000e+00 -3.89743133e-01 -1.19947922e+00
0.00000000e+00 -3.89743133e-01 -1.19947922e+00
0.00000000e+00 -3.18515003e-01 -1.19659899e+00
0.00000000e+00 -3.18890220e-01 -1.18731986e+00
0.00000000e+00 -3.90118350e-01 -1.19020009e+00
0.00000000e+00 -3.90118350e-01 -1.19020009e+00
0.00000000e+00 -3.18890220e-01 -1.18731986e+00
0.00000000e+00 -3.19265438e-01 -1.17804073e+00
0.00000000e+00 -3.90493568e-01 -1.18092096e+00
0.00000000e+00 -3.15602078e-01 -1.26154032e+00
0.00000000e+00 -2.43361408e-01 -1.25812262e+00
0.00000000e+00 -2.43800271e-01 -1.24884628e+00
0.00000000e+00 -3.16040941e-01 -1.25226398e+00
0.00000000e+00 -3.16040941e-01 -1.25226398e+00
0.00000000e+00 -2.43800271e-01 -1.24884628e+00
0.00000000e+00 -2.44239133e-01 -1.23956995e+00
0.00000000e+00 -3.16479803e-01 -1.24298765e+00
0.00000000e+00 -3.16479803e-01 -1.24298765e+00
0.00000000e+00 -2.44239133e-01 -1.23956995e+00
0.00000000e+00 -2.44677996e-01 -1.23029361e+00
0.00000000e+00 -3.16918666e-01 -1.23371131e+00
0.00000000e+00 -3.16918666e-01 -1.23371131e+00
0.00000000e+00 -2.44677996e-01 -1.23029361e+00
0.00000000e+00 -2.45116859e-01 -1.22101728e+00
0.00000000e+00 -3.17357529e-01 -1.22443498e+00
0.00000000e+00 -3.17357529e-01 -1.22443498e+00
0.00000000e+00 -2.45116859e-01 -1.22101728e+00
0.00000000e+00 -2.45555721e-01 -1.21174094e+00
0.00000000e+00 -3.17796391e-01 -1.21515864e+00
0.00000000e+00 -3.17796391e-01 -1.21515864e+00
0.00000000e+00 -2.45555721e-01 -1.21174094e+00
0.00000000e+00 -2.45994584e-01 -1.20246461e+00
0.00000000e+00 -3.18235254e-01 -1.20588231e+00
0.00000000e+00 -3.18235254e-01 -1.20588231e+00
0.00000000e+00 -2.45994584e-01 -1.20246461e+00
0.00000000e+00 -2.46433447e-01 -1.19318827e+00
0.00000000e+00 -3.18674117e-01 -1.19660597e+00
0.00000000e+00 -3.18674117e-01 -1.19660597e+00
0.00000000e+00 -2.46433447e-01 -1.19318827e+00
0.00000000e+00 -2.46872309e-01 -1.18391194e+00
0.00000000e+00 -3.19112979e-01 -1.18732964e+00
0.00000000e+00 -3.19112979e-01 -1.18732964e+00
0.00000000e+00 -2.46872309e-01 -1.18391194e+00
0.00000000e+00 -2.47311172e-01 -1.17463560e+00
0.00000000e+00 -3.19551842e-01 -1.17805330e+00
0.00000000e+00 -2.43311260e-01 -1.25812022e+00
0.00000000e+00 -1.77693550e-01 -1.25493684e+00
0.00000000e+00 -1.78143557e-01 -1.24566104e+00
0.00000000e+00 -2.43761267e-01 -1.24884442e+00
0.00000000e+00 -2.43761267e-01 -1.24884442e+00
0.00000000e+00 -1.78143557e-01 -1.24566104e+00
0.00000000e+00 -1.78593564e-01 -1.23638523e+00
0.00000000e+00 -2.44211274e-01 -1.23956861e+00
0.00000000e+00 -2.44211274e-01 -1.23956861e+00
0.00000000e+00 -1.78593564e-01 -1.23638523e+00
0.00000000e+00 -1.79043570e-01 -1.22710943e+00
0.00000000e+00 -2.44661280e-01 -1.23029281e+00
0.00000000e+00 -2.44661280e-01 -1.23029281e+00
0.00000000e+00 -1.79043570e-01 -1.22710943e+00
0.00000000e+00 -1.79493577e-01 -1.21783363e+00
0.00000000e+00 -2.45111287e-01 -1.22101701e+00
0.00000000e+00 -2.45111287e-01 -1.22101701e+00
0.00000000e+00 -1.79493577e-01 -1.21783363e+00
0.00000000e+00 -1.79943583e-01 -1.20855783e+00
0.00000000e+00 -2.45561293e-01 -1.21174121e+00
0.00000000e+00 -2.45561293e-01 -1.21174121e+00
0.00000000e+00 -1.79943583e-01 -1.20855783e+00
0.00000000e+00 -1.80393590e-01 -1.19928203e+00
0.00000000e+00 -2.46011300e-01 -1.20246541e+00
0.00000000e+00 -2.46011300e-01 -1.20246541e+00
0.00000000e+00 -1.80393590e-01 -1.19928203e+00
0.00000000e+00 -1.80843596e-01 -1.19000623e+00
0.00000000e+00 -2.46461306e-01 -1.19318961e+00
0.00000000e+00 -2.46461306e-01 -1.19318961e+00
0.00000000e+00 -1.80843596e-01 -1.19000623e+00
0.00000000e+00 -1.81293603e-01 -1.18073042e+00
0.00000000e+00 -2.46911313e-01 -1.18391380e+00
0.00000000e+00 -2.46911313e-01 -1.18391380e+00
0.00000000e+00 -1.81293603e-01 -1.18073042e+00
0.00000000e+00 -1.81743610e-01 -1.17145462e+00
0.00000000e+00 -2.47361320e-01 -1.17463800e+00
0.00000000e+00 -1.77638008e-01 -1.25493411e+00
0.00000000e+00 -1.12574528e-01 -1.25169083e+00
0.00000000e+00 -1.13036878e-01 -1.24241563e+00
0.00000000e+00 -1.78100358e-01 -1.24565891e+00
0.00000000e+00 -1.78100358e-01 -1.24565891e+00
0.00000000e+00 -1.13036878e-01 -1.24241563e+00
0.00000000e+00 -1.13499227e-01 -1.23314044e+00
0.00000000e+00 -1.78562707e-01 -1.23638372e+00
0.00000000e+00 -1.78562707e-01 -1.23638372e+00
0.00000000e+00 -1.13499227e-01 -1.23314044e+00
0.00000000e+00 -1.13961576e-01 -1.22386524e+00
0.00000000e+00 -1.79025056e-01 -1.22710852e+00
0.00000000e+00 -1.79025056e-01 -1.22710852e+00
0.00000000e+00 -1.13961576e-01 -1.22386524e+00
0.00000000e+00 -1.14423925e-01 -1.21459005e+00
0.00000000e+00 -1.79487405e-01 -1.21783333e+00
0.00000000e+00 -1.79487405e-01 -1.21783333e+00
0.00000000e+00 -1.14423925e-01 -1.21459005e+00
0.00000000e+00 -1.14886275e-01 -1.20531485e+00
0.00000000e+00 -1.79949755e-01 -1.20855813e+00
0.00000000e+00 -1.79949755e-01 -1.20855813e+00
0.00000000e+00 -1.14886275e-01 -1.20531485e+00
0.00000000e+00 -1.15348624e-01 -1.19603966e+00
0.00000000e+00 -1.80412104e-01 -1.19928294e+00
0.00000000e+00 -1.80412104e-01 -1.19928294e+00
0.00000000e+00 -1.15348624e-01 -1.19603966e+00
0.00000000e+00 -1.15810973e-01 -1.18676446e+00
0.00000000e+00 -1.80874453e-01 -1.19000774e+00
0.00000000e+00 -1.80874453e-01 -1.19000774e+00
0.00000000e+00 -1.15810973e-01 -1.18676446e+00
0.00000000e+00 -1.16273322e-01 -1.17748927e+00
0.00000000e+00 -1.81336802e-01 -1.18073255e+00
0.00000000e+00 -1.81336802e-01 -1.18073255e+00
0.00000000e+00 -1.16273322e-01 -1.17748927e+00
0.00000000e+00 -1.16735672e-01 -1.16821407e+00
0.00000000e+00 -1.81799152e-01 -1.17145735e+00
0.00000000e+00 -1.11528050e-01 -1.24838245e+00
0.00000000e+00 -3.91053195e-02 -1.24248941e+00
0.00000000e+00 -3.98002196e-02 -1.23394941e+00
0.00000000e+00 -1.12222950e-01 -1.23984245e+00
0.00000000e+00 -1.12222950e-01 -1.23984245e+00
0.00000000e+00 -3.98002196e-02 -1.23394941e+00
0.00000000e+00 -4.04951197e-02 -1.22540941e+00
0.00000000e+00 -1.12917850e-01 -1.23130245e+00
0.00000000e+00 -1.12917850e-01 -1.23130245e+00
0.00000000e+00 -4.04951197e-02 -1.22540941e+00
0.00000000e+00 -4.11900198e-02 -1.21686941e+00
0.00000000e+00 -1.13612750e-01 -1.22276245e+00
0.00000000e+00 -1.13612750e-01 -1.22276245e+00
0.00000000e+00 -4.11900198e-02 -1.21686941e+00
0.00000000e+00 -4.18849199e-02 -1.20832941e+00
0.00000000e+00 -1.14307650e-01 -1.21422245e+00
0.00000000e+00 -1.14307650e-01 -1.21422245e+00
0.00000000e+00 -4.18849199e-02 -1.20832941e+00
0.00000000e+00 -4.25798201e-02 -1.19978941e+00
0.00000000e+00 -1.15002550e-01 -1.20568245e+00
0.00000000e+00 -1.15002550e-01 -1.20568245e+00
0.00000000e+00 -4.25798201e-02 -1.19978941e+00
0.00000000e+00 -4.32747202e-02 -1.19124941e+00
0.00000000e+00 -1.15697450e-01 -1.19714245e+00
0.00000000e+00 -1.15697450e-01 -1.19714245e+00
0.00000000e+00 -4.32747202e-02 -1.19124941e+00
0.00000000e+00 -4.39696203e-02 -1.18270941e+00
0.00000000e+00 -1.16392350e-01 -1.18860245e+00
0.00000000e+00 -1.16392350e-01 -1.18860245e+00
0.00000000e+00 -4.39696203e-02 -1.18270941e+00
0.00000000e+00 -4.46645204e-02 -1.17416941e+00
0.00000000e+00 -1.17087250e-01 -1.18006245e+00
0.00000000e+00 -1.17087250e-01 -1.18006245e+00
0.00000000e+00 -4.46645204e-02 -1.17416941e+00
0.00000000e+00 -4.53594205e-02 -1.16562941e+00
0.00000000e+00 -1.17782150e-01 -1.17152245e+00
0.00000000e+00 -3.82122912e-02 -1.24240628e+00
0.00000000e+00 3.45070188e-02 -1.23478278e+00
0.00000000e+00 3.36136680e-02 -1.22626125e+00
0.00000000e+00 -3.91056420e-02 -1.23388475e+00
0.00000000e+00 -3.91056420e-02 -1.23388475e+00
0.00000000e+00 3.36136680e-02 -1.22626125e+00
0.00000000e+00 3.27203171e-02 -1.21773973e+00
0.00000000e+00 -3.99989929e-02 -1.22536323e+00
0.00000000e+00 -3.99989929e-02 -1.22536323e+00
0.00000000e+00 3.27203171e-02 -1.21773973e+00
0.00000000e+00 3.18269663e-02 -1.20921820e+00
0.00000000e+00 -4.08923437e-02 -1.21684170e+00
0.00000000e+00 -4.08923437e-02 -1.21684170e+00
0.00000000e+00 3.18269663e-02 -1.20921820e+00
0.00000000e+00 3.09336154e-02 -1.20069667e+00
0.00000000e+00 -4.17856946e-02 -1.20832017e+00
0.00000000e+00 -4.17856946e-02 -1.20832017e+00
0.00000000e+00 3.09336154e-02 -1.20069667e+00
0.00000000e+00 3.00402646e-02 -1.19217515e+00
0.00000000e+00 -4.26790454e-02 -1.19979865e+00
0.00000000e+00 -4.26790454e-02 -1.19979865e+00
0.00000000e+00 3.00402646e-02 -1.19217515e+00
0.00000000e+00 2.91469137e-02 -1.18365362e+00
0.00000000e+00 -4.35723963e-02 -1.19127712e+00
0.00000000e+00 -4.35723963e-02 -1.19127712e+00
0.00000000e+00 2.91469137e-02 -1.18365362e+00
0.00000000e+00 2.82535629e-02 -1.17513209e+00
0.00000000e+00 -4.44657471e-02 -1.18275559e+00
0.00000000e+00 -4.44657471e-02 -1.18275559e+00
0.00000000e+00 2.82535629e-02 -1.17513209e+00
0.00000000e+00 2.73602120e-02 -1.16661057e+00
0.00000000e+00 -4.53590980e-02 -1.17423407e+00
0.00000000e+00 -4.53590980e-02 -1.17423407e+00
0.00000000e+00 2.73602120e-02 -1.16661057e+00
0.00000000e+00 2.64668612e-02 -1.15808904e+00
0.00000000e+00 -4.62524488e-02 -1.16571254e+00
0.00000000e+00 3.47080494e-02 -1.23476117e+00
0.00000000e+00 1.06500089e-01 -1.22685406e+00
0.00000000e+00 1.05562065e-01 -1.21833734e+00
0.00000000e+00 3.37700251e-02 -1.22624445e+00
0.00000000e+00 3.37700251e-02 -1.22624445e+00
0.00000000e+00 1.05562065e-01 -1.21833734e+00
0.00000000e+00 1.04624041e-01 -1.20982061e+00
0.00000000e+00 3.28320008e-02 -1.21772772e+00
0.00000000e+00 3.28320008e-02 -1.21772772e+00
0.00000000e+00 1.04624041e-01 -1.20982061e+00
0.00000000e+00 1.03686016e-01 -1.20130389e+00
0.00000000e+00 3.18939765e-02 -1.20921100e+00
0.00000000e+00 3.18939765e-02 -1.20921100e+00
0.00000000e+00 1.03686016e-01 -1.20130389e+00
0.00000000e+00 1.02747992e-01 -1.19278716e+00
0.00000000e+00 3.09559522e-02 -1.20069427e+00
0.00000000e+00 3.09559522e-02 -1.20069427e+00
0.00000000e+00 1.02747992e-01 -1.19278716e+00
0.00000000e+00 1.01809968e-01 -1.18427044e+00
0.00000000e+00 3.00179278e-02 -1.19217755e+00
0.00000000e+00 3.00179278e-02 -1.19217755e+00
0.00000000e+00 1.01809968e-01 -1.18427044e+00
0.00000000e+00 1.00871944e-01 -1.17575371e+00
0.00000000e+00 2.90799035e-02 -1.18366082e+00
0.00000000e+00 2.90799035e-02 -1.18366082e+00
0.00000000e+00 1.00871944e-01 -1.17575371e+00
0.00000000e+00 9.99339192e-02 -1.16723699e+00
0.00000000e+00 2.81418792e-02 -1.17514410e+00
0.00000000e+00 2.81418792e-02 -1.17514410e+00
0.00000000e+00 9.99339192e-02 -1.16723699e+00
0.00000000e+00 9.89958949e-02 -1.15872026e+00
0.00000000e+00 2.72038549e-02 -1.16662737e+00
0.00000000e+00 2.72038549e-02 -1.16662737e+00
0.00000000e+00 9.89958949e-02 -1.15872026e+00
0.00000000e+00 9.80578706e-02 -1.15020354e+00
0.00000000e+00 2.62658306e-02 -1.15811065e+00
0.00000000e+00 1.08304600e-01 -1.22661207e+00
0.00000000e+00 1.79719660e-01 -1.21531262e+00
0.00000000e+00 1.78380633e-01 -1.20684967e+00
0.00000000e+00 1.06965573e-01 -1.21814912e+00
0.00000000e+00 1.06965573e-01 -1.21814912e+00
0.00000000e+00 1.78380633e-01 -1.20684967e+00
0.00000000e+00 1.77041606e-01 -1.19838672e+00
0.00000000e+00 1.05626546e-01 -1.20968617e+00
0.00000000e+00 1.05626546e-01 -1.20968617e+00
0.00000000e+00 1.77041606e-01 -1.19838672e+00
0.00000000e+00 1.75702580e-01 -1.18992377e+00
0.00000000e+00 1.04287520e-01 -1.20122322e+00
0.00000000e+00 1.04287520e-01 -1.20122322e+00
0.00000000e+00 1.75702580e-01 -1.18992377e+00
0.00000000e+00 1.74363553e-01 -1.18146082e+00
0.00000000e+00 1.02948493e-01 -1.19276027e+00
0.00000000e+00 1.02948493e-01 -1.19276027e+00
0.00000000e+00 1.74363553e-01 -1.18146082e+00
0.00000000e+00 1.73024527e-01 -1.17299788e+00
0.00000000e+00 1.01609467e-01 -1.18429733e+00
0.00000000e+00 1.01609467e-01 -1.18429733e+00
0.00000000e+00 1.73024527e-01 -1.17299788e+00
0.00000000e+00 1.71685500e-01 -1.16453493e+00
0.00000000e+00 1.00270440e-01 -1.17583438e+00
0.00000000e+00 1.00270440e-01 -1.17583438e+00
0.00000000e+00 1.71685500e-01 -1.16453493e+00
0.00000000e+00 1.70346474e-01 -1.15607198e+00
0.00000000e+00 9.89314136e-02 -1.16737143e+00
0.00000000e+00 9.89314136e-02 -1.16737143e+00
0.00000000e+00 1.70346474e-01 -1.15607198e+00
0.00000000e+00 1.69007447e-01 -1.14760903e+00
0.00000000e+00 9.75923870e-02 -1.15890848e+00
0.00000000e+00 9.75923870e-02 -1.15890848e+00
0.00000000e+00 1.69007447e-01 -1.14760903e+00
0.00000000e+00 1.67668420e-01 -1.13914608e+00
0.00000000e+00 9.62533604e-02 -1.15044553e+00
0.00000000e+00 1.79781494e-01 -1.21530278e+00
0.00000000e+00 2.52053824e-01 -1.20374736e+00
0.00000000e+00 2.50701057e-01 -1.19528660e+00
0.00000000e+00 1.78428727e-01 -1.20684202e+00
0.00000000e+00 1.78428727e-01 -1.20684202e+00
0.00000000e+00 2.50701057e-01 -1.19528660e+00
0.00000000e+00 2.49348289e-01 -1.18682584e+00
0.00000000e+00 1.77075959e-01 -1.19838126e+00
0.00000000e+00 1.77075959e-01 -1.19838126e+00
0.00000000e+00 2.49348289e-01 -1.18682584e+00
0.00000000e+00 2.47995521e-01 -1.17836507e+00
0.00000000e+00 1.75723191e-01 -1.18992049e+00
0.00000000e+00 1.75723191e-01 -1.18992049e+00
0.00000000e+00 2.47995521e-01 -1.17836507e+00
0.00000000e+00 2.46642754e-01 -1.16990431e+00
0.00000000e+00 1.74370424e-01 -1.18145973e+00
0.00000000e+00 1.74370424e-01 -1.18145973e+00
0.00000000e+00 2.46642754e-01 -1.16990431e+00
0.00000000e+00 2.45289986e-01 -1.16144355e+00
0.00000000e+00 1.73017656e-01 -1.17299897e+00
0.00000000e+00 1.73017656e-01 -1.17299897e+00
0.00000000e+00 2.45289986e-01 -1.16144355e+00
0.00000000e+00 2.43937219e-01 -1.15298279e+00
0.00000000e+00 1.71664889e-01 -1.16453821e+00
0.00000000e+00 1.71664889e-01 -1.16453821e+00
0.00000000e+00 2.43937219e-01 -1.15298279e+00
0.00000000e+00 2.42584451e-01 -1.14452202e+00
0.00000000e+00 1.70312121e-01 -1.15607744e+00
0.00000000e+00 1.70312121e-01 -1.15607744e+00
0.00000000e+00 2.42584451e-01 -1.14452202e+00
0.00000000e+00 2.41231683e-01 -1.13606126e+00
0.00000000e+00 1.68959353e-01 -1.14761668e+00
0.00000000e+00 1.68959353e-01 -1.14761668e+00
0.00000000e+00 2.41231683e-01 -1.13606126e+00
0.00000000e+00 2.39878916e-01 -1.12760050e+00
0.00000000e+00 1.67606586e-01 -1.13915592e+00
0.00000000e+00 2.52086737e-01 -1.20374209e+00
0.00000000e+00 3.23788537e-01 -1.19221431e+00
0.00000000e+00 3.22428455e-01 -1.18375472e+00
0.00000000e+00 2.50726655e-01 -1.19528250e+00
0.00000000e+00 2.50726655e-01 -1.19528250e+00
0.00000000e+00 3.22428455e-01 -1.18375472e+00
0.00000000e+00 3.21068374e-01 -1.17529513e+00
0.00000000e+00 2.49366574e-01 -1.18682291e+00
0.00000000e+00 2.49366574e-01 -1.18682291e+00
0.00000000e+00 3.21068374e-01 -1.17529513e+00
0.00000000e+00 3.19708292e-01 -1.16683554e+00
0.00000000e+00 2.48006492e-01 -1.17836332e+00
0.00000000e+00 2.48006492e-01 -1.17836332e+00
0.00000000e+00 3.19708292e-01 -1.16683554e+00
0.00000000e+00 3.18348211e-01 -1.15837595e+00
0.00000000e+00 2.46646411e-01 -1.16990373e+00
0.00000000e+00 2.46646411e-01 -1.16990373e+00
0.00000000e+00 3.18348211e-01 -1.15837595e+00
0.00000000e+00 3.16988129e-01 -1.14991635e+00
0.00000000e+00 2.45286329e-01 -1.16144413e+00
0.00000000e+00 2.45286329e-01 -1.16144413e+00
0.00000000e+00 3.16988129e-01 -1.14991635e+00
0.00000000e+00 3.15628048e-01 -1.14145676e+00
0.00000000e+00 2.43926248e-01 -1.15298454e+00
0.00000000e+00 2.43926248e-01 -1.15298454e+00
0.00000000e+00 3.15628048e-01 -1.14145676e+00
0.00000000e+00 3.14267966e-01 -1.13299717e+00
0.00000000e+00 2.42566166e-01 -1.14452495e+00
0.00000000e+00 2.42566166e-01 -1.14452495e+00
0.00000000e+00 3.14267966e-01 -1.13299717e+00
0.00000000e+00 3.12907885e-01 -1.12453758e+00
0.00000000e+00 2.41206085e-01 -1.13606536e+00
0.00000000e+00 2.41206085e-01 -1.13606536e+00
0.00000000e+00 3.12907885e-01 -1.12453758e+00
0.00000000e+00 3.11547803e-01 -1.11607799e+00
0.00000000e+00 2.39846003e-01 -1.12760577e+00
0.00000000e+00 3.24977667e-01 -1.19200397e+00
0.00000000e+00 3.95902417e-01 -1.17830999e+00
0.00000000e+00 3.94278084e-01 -1.16989714e+00
0.00000000e+00 3.23353334e-01 -1.18359112e+00
0.00000000e+00 3.23353334e-01 -1.18359112e+00
0.00000000e+00 3.94278084e-01 -1.16989714e+00
0.00000000e+00 3.92653752e-01 -1.16148429e+00
0.00000000e+00 3.21729002e-01 -1.17517827e+00
0.00000000e+00 3.21729002e-01 -1.17517827e+00
0.00000000e+00 3.92653752e-01 -1.16148429e+00
0.00000000e+00 3.91029419e-01 -1.15307144e+00
0.00000000e+00 3.20104669e-01 -1.16676542e+00
0.00000000e+00 3.20104669e-01 -1.16676542e+00
0.00000000e+00 3.91029419e-01 -1.15307144e+00
0.00000000e+00 3.89405086e-01 -1.14465859e+00
0.00000000e+00 3.18480336e-01 -1.15835257e+00
0.00000000e+00 3.18480336e-01 -1.15835257e+00
0.00000000e+00 3.89405086e-01 -1.14465859e+00
0.00000000e+00 3.87780754e-01 -1.13624575e+00
0.00000000e+00 3.16856004e-01 -1.14993973e+00
0.00000000e+00 3.16856004e-01 -1.14993973e+00
0.00000000e+00 3.87780754e-01 -1.13624575e+00
0.00000000e+00 3.86156421e-01 -1.12783290e+00
0.00000000e+00 3.15231671e-01 -1.14152688e+00
0.00000000e+00 3.15231671e-01 -1.14152688e+00
0.00000000e+00 3.86156421e-01 -1.12783290e+00
0.00000000e+00 3.84532088e-01 -1.11942005e+00
0.00000000e+00 3.13607338e-01 -1.13311403e+00
0.00000000e+00 3.13607338e-01 -1.13311403e+00
0.00000000e+00 3.84532088e-01 -1.11942005e+00
0.00000000e+00 3.82907756e-01 -1.11100720e+00
0.00000000e+00 3.11983006e-01 -1.12470118e+00
0.00000000e+00 3.11983006e-01 -1.12470118e+00
0.00000000e+00 3.82907756e-01 -1.11100720e+00
0.00000000e+00 3.81283423e-01 -1.10259435e+00
0.00000000e+00 3.10358673e-01 -1.11628833e+00
0.00000000e+00 3.96676261e-01 -1.17815234e+00
0.00000000e+00 4.67888381e-01 -1.16288366e+00
0.00000000e+00 4.66092083e-01 -1.15450585e+00
0.00000000e+00 3.94879963e-01 -1.16977453e+00
0.00000000e+00 3.94879963e-01 -1.16977453e+00
0.00000000e+00 4.66092083e-01 -1.15450585e+00
0.00000000e+00 4.64295785e-01 -1.14612803e+00
0.00000000e+00 3.93083665e-01 -1.16139671e+00
0.00000000e+00 3.93083665e-01 -1.16139671e+00
0.00000000e+00 4.64295785e-01 -1.14612803e+00
0.00000000e+00 4.62499487e-01 -1.13775021e+00
0.00000000e+00 3.91287367e-01 -1.15301889e+00
0.00000000e+00 3.91287367e-01 -1.15301889e+00
0.00000000e+00 4.62499487e-01 -1.13775021e+00
0.00000000e+00 4.60703189e-01 -1.12937240e+00
0.00000000e+00 3.89491069e-01 -1.14464108e+00
0.00000000e+00 3.89491069e-01 -1.14464108e+00
0.00000000e+00 4.60703189e-01 -1.12937240e+00
0.00000000e+00 4.58906891e-01 -1.12099458e+00
0.00000000e+00 3.87694771e-01 -1.13626326e+00
0.00000000e+00 3.87694771e-01 -1.13626326e+00
0.00000000e+00 4.58906891e-01 -1.12099458e+00
0.00000000e+00 4.57110593e-01 -1.11261677e+00
0.00000000e+00 3.85898473e-01 -1.12788545e+00
0.00000000e+00 3.85898473e-01 -1.12788545e+00
0.00000000e+00 4.57110593e-01 -1.11261677e+00
0.00000000e+00 4.55314295e-01 -1.10423895e+00
0.00000000e+00 3.84102175e-01 -1.11950763e+00
0.00000000e+00 3.84102175e-01 -1.11950763e+00
0.00000000e+00 4.55314295e-01 -1.10423895e+00
0.00000000e+00 4.53517997e-01 -1.09586113e+00
0.00000000e+00 3.82305877e-01 -1.11112981e+00
0.00000000e+00 3.82305877e-01 -1.11112981e+00
0.00000000e+00 4.53517997e-01 -1.09586113e+00
0.00000000e+00 4.51721699e-01 -1.08748332e+00
0.00000000e+00 3.80509579e-01 -1.10275200e+00
0.00000000e+00 4.67919850e-01 -1.16287690e+00
0.00000000e+00 5.39410430e-01 -1.14748608e+00
0.00000000e+00 5.37607139e-01 -1.13910977e+00
0.00000000e+00 4.66116559e-01 -1.15450059e+00
0.00000000e+00 4.66116559e-01 -1.15450059e+00
0.00000000e+00 5.37607139e-01 -1.13910977e+00
0.00000000e+00 5.35803848e-01 -1.13073345e+00
0.00000000e+00 4.64313268e-01 -1.14612427e+00
0.00000000e+00 4.64313268e-01 -1.14612427e+00
0.00000000e+00 5.35803848e-01 -1.13073345e+00
0.00000000e+00 5.34000557e-01 -1.12235714e+00
0.00000000e+00 4.62509977e-01 -1.13774796e+00
0.00000000e+00 4.62509977e-01 -1.13774796e+00
0.00000000e+00 5.34000557e-01 -1.12235714e+00
0.00000000e+00 5.32197266e-01 -1.11398083e+00
0.00000000e+00 4.60706686e-01 -1.12937165e+00
0.00000000e+00 4.60706686e-01 -1.12937165e+00
0.00000000e+00 5.32197266e-01 -1.11398083e+00
0.00000000e+00 5.30393974e-01 -1.10560451e+00
0.00000000e+00 4.58903394e-01 -1.12099533e+00
0.00000000e+00 4.58903394e-01 -1.12099533e+00
0.00000000e+00 5.30393974e-01 -1.10560451e+00
0.00000000e+00 5.28590683e-01 -1.09722820e+00
0.00000000e+00 4.57100103e-01 -1.11261902e+00
0.00000000e+00 4.57100103e-01 -1.11261902e+00
0.00000000e+00 5.28590683e-01 -1.09722820e+00
0.00000000e+00 5.26787392e-01 -1.08885189e+00
0.00000000e+00 4.55296812e-01 -1.10424271e+00
0.00000000e+00 4.55296812e-01 -1.10424271e+00
0.00000000e+00 5.26787392e-01 -1.08885189e+00
0.00000000e+00 5.24984101e-01 -1.08047557e+00
0.00000000e+00 4.53493521e-01 -1.09586639e+00
0.00000000e+00 4.53493521e-01 -1.09586639e+00
0.00000000e+00 5.24984101e-01 -1.08047557e+00
0.00000000e+00 5.23180810e-01 -1.07209926e+00
0.00000000e+00 4.51690230e-01 -1.08749008e+00
0.00000000e+00 5.39595792e-01 -1.14744570e+00
0.00000000e+00 6.10218932e-01 -1.13187765e+00
0.00000000e+00 6.08374450e-01 -1.12351031e+00
0.00000000e+00 5.37751310e-01 -1.13907836e+00
0.00000000e+00 5.37751310e-01 -1.13907836e+00
0.00000000e+00 6.08374450e-01 -1.12351031e+00
0.00000000e+00 6.06529967e-01 -1.11514297e+00
0.00000000e+00 5.35906827e-01 -1.13071102e+00
0.00000000e+00 5.35906827e-01 -1.13071102e+00
0.00000000e+00 6.06529967e-01 -1.11514297e+00
0.00000000e+00 6.04685484e-01 -1.10677563e+00
0.00000000e+00 5.34062344e-01 -1.12234368e+00
0.00000000e+00 5.34062344e-01 -1.12234368e+00
0.00000000e+00 6.04685484e-01 -1.10677563e+00
0.00000000e+00 6.02841001e-01 -1.09840829e+00
0.00000000e+00 5.32217861e-01 -1.11397634e+00
0.00000000e+00 5.32217861e-01 -1.11397634e+00
0.00000000e+00 6.02841001e-01 -1.09840829e+00
0.00000000e+00 6.00996519e-01 -1.09004095e+00
0.00000000e+00 5.30373379e-01 -1.10560900e+00
0.00000000e+00 5.30373379e-01 -1.10560900e+00
0.00000000e+00 6.00996519e-01 -1.09004095e+00
0.00000000e+00 5.99152036e-01 -1.08167361e+00
0.00000000e+00 5.28528896e-01 -1.09724166e+00
0.00000000e+00 5.28528896e-01 -1.09724166e+00
0.00000000e+00 5.99152036e-01 -1.08167361e+00
0.00000000e+00 5.97307553e-01 -1.07330627e+00
0.00000000e+00 5.26684413e-01 -1.08887432e+00
0.00000000e+00 5.26684413e-01 -1.08887432e+00
0.00000000e+00 5.97307553e-01 -1.07330627e+00
0.00000000e+00 5.95463070e-01 -1.06493893e+00
0.00000000e+00 5.24839930e-01 -1.08050698e+00
0.00000000e+00 5.24839930e-01 -1.08050698e+00
0.00000000e+00 5.95463070e-01 -1.06493893e+00
0.00000000e+00 5.93618588e-01 -1.05657159e+00
0.00000000e+00 5.22995448e-01 -1.07213964e+00
0.00000000e+00 6.11832889e-01 -1.13148524e+00
0.00000000e+00 6.81758209e-01 -1.11287984e+00
0.00000000e+00 6.79555069e-01 -1.10459970e+00
0.00000000e+00 6.09629749e-01 -1.12320510e+00
0.00000000e+00 6.09629749e-01 -1.12320510e+00
0.00000000e+00 6.79555069e-01 -1.10459970e+00
0.00000000e+00 6.77351930e-01 -1.09631956e+00
0.00000000e+00 6.07426610e-01 -1.11492496e+00
0.00000000e+00 6.07426610e-01 -1.11492496e+00
0.00000000e+00 6.77351930e-01 -1.09631956e+00
0.00000000e+00 6.75148790e-01 -1.08803943e+00
0.00000000e+00 6.05223470e-01 -1.10664483e+00
0.00000000e+00 6.05223470e-01 -1.10664483e+00
0.00000000e+00 6.75148790e-01 -1.08803943e+00
0.00000000e+00 6.72945650e-01 -1.07975929e+00
0.00000000e+00 6.03020330e-01 -1.09836469e+00
0.00000000e+00 6.03020330e-01 -1.09836469e+00
0.00000000e+00 6.72945650e-01 -1.07975929e+00
0.00000000e+00 6.70742510e-01 -1.07147915e+00
0.00000000e+00 6.00817190e-01 -1.09008455e+00
0.00000000e+00 6.00817190e-01 -1.09008455e+00
0.00000000e+00 6.70742510e-01 -1.07147915e+00
0.00000000e+00 6.68539370e-01 -1.06319901e+00
0.00000000e+00 5.98614050e-01 -1.08180441e+00
0.00000000e+00 5.98614050e-01 -1.08180441e+00
0.00000000e+00 6.68539370e-01 -1.06319901e+00
0.00000000e+00 6.66336230e-01 -1.05491888e+00
0.00000000e+00 5.96410910e-01 -1.07352428e+00
0.00000000e+00 5.96410910e-01 -1.07352428e+00
0.00000000e+00 6.66336230e-01 -1.05491888e+00
0.00000000e+00 6.64133091e-01 -1.04663874e+00
0.00000000e+00 5.94207771e-01 -1.06524414e+00
0.00000000e+00 5.94207771e-01 -1.06524414e+00
0.00000000e+00 6.64133091e-01 -1.04663874e+00
0.00000000e+00 6.61929951e-01 -1.03835860e+00
0.00000000e+00 5.92004631e-01 -1.05696400e+00
0.00000000e+00 6.81860654e-01 -1.11285243e+00
0.00000000e+00 7.52520294e-01 -1.09384339e+00
0.00000000e+00 7.50294389e-01 -1.08556934e+00
0.00000000e+00 6.79634749e-01 -1.10457838e+00
0.00000000e+00 6.79634749e-01 -1.10457838e+00
0.00000000e+00 7.50294389e-01 -1.08556934e+00
0.00000000e+00 7.48068483e-01 -1.07729529e+00
0.00000000e+00 6.77408843e-01 -1.09630433e+00
0.00000000e+00 6.77408843e-01 -1.09630433e+00
0.00000000e+00 7.48068483e-01 -1.07729529e+00
0.00000000e+00 7.45842578e-01 -1.06902125e+00
0.00000000e+00 6.75182938e-01 -1.08803029e+00
0.00000000e+00 6.75182938e-01 -1.08803029e+00
0.00000000e+00 7.45842578e-01 -1.06902125e+00
0.00000000e+00 7.43616673e-01 -1.06074720e+00
0.00000000e+00 6.72957033e-01 -1.07975624e+00
0.00000000e+00 6.72957033e-01 -1.07975624e+00
0.00000000e+00 7.43616673e-01 -1.06074720e+00
0.00000000e+00 7.41390767e-01 -1.05247316e+00
0.00000000e+00 6.70731127e-01 -1.07148220e+00
0.00000000e+00 6.70731127e-01 -1.07148220e+00
0.00000000e+00 7.41390767e-01 -1.05247316e+00
0.00000000e+00 7.39164862e-01 -1.04419911e+00
0.00000000e+00 6.68505222e-01 -1.06320815e+00
0.00000000e+00 6.68505222e-01 -1.06320815e+00
0.00000000e+00 7.39164862e-01 -1.04419911e+00
0.00000000e+00 7.36938957e-01 -1.03592507e+00
0.00000000e+00 6.66279317e-01 -1.05493411e+00
0.00000000e+00 6.66279317e-01 -1.05493411e+00
0.00000000e+00 7.36938957e-01 -1.03592507e+00
0.00000000e+00 7.34713051e-01 -1.02765102e+00
0.00000000e+00 6.64053411e-01 -1.04666006e+00
0.00000000e+00 6.64053411e-01 -1.04666006e+00
0.00000000e+00 7.34713051e-01 -1.02765102e+00
0.00000000e+00 7.32487146e-01 -1.01937697e+00
0.00000000e+00 6.61827506e-01 -1.03838601e+00
0.00000000e+00 7.52548719e-01 -1.09383573e+00
0.00000000e+00 8.22946149e-01 -1.07483958e+00
0.00000000e+00 8.20713927e-01 -1.06656723e+00
0.00000000e+00 7.50316497e-01 -1.08556338e+00
0.00000000e+00 7.50316497e-01 -1.08556338e+00
0.00000000e+00 8.20713927e-01 -1.06656723e+00
0.00000000e+00 8.18481705e-01 -1.05829489e+00
0.00000000e+00 7.48084275e-01 -1.07729104e+00
0.00000000e+00 7.48084275e-01 -1.07729104e+00
0.00000000e+00 8.18481705e-01 -1.05829489e+00
0.00000000e+00 8.16249483e-01 -1.05002255e+00
0.00000000e+00 7.45852053e-01 -1.06901870e+00
0.00000000e+00 7.45852053e-01 -1.06901870e+00
0.00000000e+00 8.16249483e-01 -1.05002255e+00
0.00000000e+00 8.14017261e-01 -1.04175020e+00
0.00000000e+00 7.43619831e-01 -1.06074635e+00
0.00000000e+00 7.43619831e-01 -1.06074635e+00
0.00000000e+00 8.14017261e-01 -1.04175020e+00
0.00000000e+00 8.11785039e-01 -1.03347786e+00
0.00000000e+00 7.41387609e-01 -1.05247401e+00
0.00000000e+00 7.41387609e-01 -1.05247401e+00
0.00000000e+00 8.11785039e-01 -1.03347786e+00
0.00000000e+00 8.09552817e-01 -1.02520551e+00
0.00000000e+00 7.39155387e-01 -1.04420166e+00
0.00000000e+00 7.39155387e-01 -1.04420166e+00
0.00000000e+00 8.09552817e-01 -1.02520551e+00
0.00000000e+00 8.07320595e-01 -1.01693317e+00
0.00000000e+00 7.36923165e-01 -1.03592932e+00
0.00000000e+00 7.36923165e-01 -1.03592932e+00
0.00000000e+00 8.07320595e-01 -1.01693317e+00
0.00000000e+00 8.05088373e-01 -1.00866083e+00
0.00000000e+00 7.34690943e-01 -1.02765698e+00
0.00000000e+00 7.34690943e-01 -1.02765698e+00
0.00000000e+00 8.05088373e-01 -1.00866083e+00
0.00000000e+00 8.02856151e-01 -1.00038848e+00
0.00000000e+00 7.32458721e-01 -1.01938463e+00
0.00000000e+00 8.23546792e-01 -1.07467228e+00
0.00000000e+00 8.93172032e-01 -1.05467119e+00
0.00000000e+00 8.90806333e-01 -1.04643602e+00
0.00000000e+00 8.21181093e-01 -1.06643711e+00
0.00000000e+00 8.21181093e-01 -1.06643711e+00
0.00000000e+00 8.90806333e-01 -1.04643602e+00
0.00000000e+00 8.88440635e-01 -1.03820086e+00
0.00000000e+00 8.18815395e-01 -1.05820195e+00
0.00000000e+00 8.18815395e-01 -1.05820195e+00
0.00000000e+00 8.88440635e-01 -1.03820086e+00
0.00000000e+00 8.86074937e-01 -1.02996569e+00
0.00000000e+00 8.16449697e-01 -1.04996678e+00
0.00000000e+00 8.16449697e-01 -1.04996678e+00
0.00000000e+00 8.86074937e-01 -1.02996569e+00
0.00000000e+00 8.83709239e-01 -1.02173052e+00
0.00000000e+00 8.14083999e-01 -1.04173161e+00
0.00000000e+00 8.14083999e-01 -1.04173161e+00
0.00000000e+00 8.83709239e-01 -1.02173052e+00
0.00000000e+00 8.81343541e-01 -1.01349536e+00
0.00000000e+00 8.11718301e-01 -1.03349645e+00
0.00000000e+00 8.11718301e-01 -1.03349645e+00
0.00000000e+00 8.81343541e-01 -1.01349536e+00
0.00000000e+00 8.78977843e-01 -1.00526019e+00
0.00000000e+00 8.09352603e-01 -1.02526128e+00
0.00000000e+00 8.09352603e-01 -1.02526128e+00
0.00000000e+00 8.78977843e-01 -1.00526019e+00
0.00000000e+00 8.76612145e-01 -9.97025025e-01
0.00000000e+00 8.06986905e-01 -1.01702611e+00
0.00000000e+00 8.06986905e-01 -1.01702611e+00
0.00000000e+00 8.76612145e-01 -9.97025025e-01
0.00000000e+00 8.74246447e-01 -9.88789858e-01
0.00000000e+00 8.04621207e-01 -1.00879095e+00
0.00000000e+00 8.04621207e-01 -1.00879095e+00
0.00000000e+00 8.74246447e-01 -9.88789858e-01
0.00000000e+00 8.71880748e-01 -9.80554692e-01
0.00000000e+00 8.02255508e-01 -1.00055578e+00
0.00000000e+00 8.94099967e-01 -1.05439195e+00
0.00000000e+00 9.63491537e-01 -1.03255589e+00
0.00000000e+00 9.60919631e-01 -1.02438278e+00
0.00000000e+00 8.91528061e-01 -1.04621884e+00
0.00000000e+00 8.91528061e-01 -1.04621884e+00
0.00000000e+00 9.60919631e-01 -1.02438278e+00
0.00000000e+00 9.58347725e-01 -1.01620966e+00
0.00000000e+00 8.88956155e-01 -1.03804572e+00
0.00000000e+00 8.88956155e-01 -1.03804572e+00
0.00000000e+00 9.58347725e-01 -1.01620966e+00
0.00000000e+00 9.55775819e-01 -1.00803655e+00
0.00000000e+00 8.86384249e-01 -1.02987261e+00
0.00000000e+00 8.86384249e-01 -1.02987261e+00
0.00000000e+00 9.55775819e-01 -1.00803655e+00
0.00000000e+00 9.53203913e-01 -9.99863437e-01
0.00000000e+00 8.83812343e-01 -1.02169950e+00
0.00000000e+00 8.83812343e-01 -1.02169950e+00
0.00000000e+00 9.53203913e-01 -9.99863437e-01
0.00000000e+00 9.50632007e-01 -9.91690323e-01
0.00000000e+00 8.81240437e-01 -1.01352638e+00
0.00000000e+00 8.81240437e-01 -1.01352638e+00
0.00000000e+00 9.50632007e-01 -9.91690323e-01
0.00000000e+00 9.48060101e-01 -9.83517209e-01
0.00000000e+00 8.78668531e-01 -1.00535327e+00
0.00000000e+00 8.78668531e-01 -1.00535327e+00
0.00000000e+00 9.48060101e-01 -9.83517209e-01
0.00000000e+00 9.45488195e-01 -9.75344096e-01
0.00000000e+00 8.76096625e-01 -9.97180156e-01
0.00000000e+00 8.76096625e-01 -9.97180156e-01
0.00000000e+00 9.45488195e-01 -9.75344096e-01
0.00000000e+00 9.42916289e-01 -9.67170982e-01
0.00000000e+00 8.73524719e-01 -9.89007042e-01
0.00000000e+00 8.73524719e-01 -9.89007042e-01
0.00000000e+00 9.42916289e-01 -9.67170982e-01
0.00000000e+00 9.40344383e-01 -9.58997868e-01
0.00000000e+00 8.70952813e-01 -9.80833928e-01
0.00000000e+00 9.63514642e-01 -1.03254861e+00
0.00000000e+00 1.03334036e+00 -1.01052771e+00
0.00000000e+00 1.03076332e+00 -1.00235622e+00
0.00000000e+00 9.60937601e-01 -1.02437712e+00
0.00000000e+00 9.60937601e-01 -1.02437712e+00
0.00000000e+00 1.03076332e+00 -1.00235622e+00
0.00000000e+00 1.02818628e+00 -9.94184721e-01
0.00000000e+00 9.58360561e-01 -1.01620562e+00
0.00000000e+00 9.58360561e-01 -1.01620562e+00
0.00000000e+00 1.02818628e+00 -9.94184721e-01
0.00000000e+00 1.02560924e+00 -9.86013224e-01
0.00000000e+00 9.55783521e-01 -1.00803412e+00
0.00000000e+00 9.55783521e-01 -1.00803412e+00
0.00000000e+00 1.02560924e+00 -9.86013224e-01
0.00000000e+00 1.02303220e+00 -9.77841728e-01
0.00000000e+00 9.53206480e-01 -9.99862628e-01
0.00000000e+00 9.53206480e-01 -9.99862628e-01
0.00000000e+00 1.02303220e+00 -9.77841728e-01
0.00000000e+00 1.02045516e+00 -9.69670232e-01
0.00000000e+00 9.50629440e-01 -9.91691132e-01
0.00000000e+00 9.50629440e-01 -9.91691132e-01
0.00000000e+00 1.02045516e+00 -9.69670232e-01
0.00000000e+00 1.01787812e+00 -9.61498736e-01
0.00000000e+00 9.48052399e-01 -9.83519636e-01
0.00000000e+00 9.48052399e-01 -9.83519636e-01
0.00000000e+00 1.01787812e+00 -9.61498736e-01
0.00000000e+00 1.01530108e+00 -9.53327239e-01
0.00000000e+00 9.45475359e-01 -9.75348139e-01
0.00000000e+00 9.45475359e-01 -9.75348139e-01
0.00000000e+00 1.01530108e+00 -9.53327239e-01
0.00000000e+00 1.01272404e+00 -9.45155743e-01
0.00000000e+00 9.42898319e-01 -9.67176643e-01
0.00000000e+00 9.42898319e-01 -9.67176643e-01
0.00000000e+00 1.01272404e+00 -9.45155743e-01
0.00000000e+00 1.01014700e+00 -9.36984247e-01
0.00000000e+00 9.40321278e-01 -9.59005147e-01
0.00000000e+00 1.03336518e+00 -1.01051988e+00
0.00000000e+00 1.10278257e+00 -9.88576216e-01
0.00000000e+00 1.10020002e+00 -9.80406461e-01
0.00000000e+00 1.03078263e+00 -1.00235012e+00
0.00000000e+00 1.03078263e+00 -1.00235012e+00
0.00000000e+00 1.10020002e+00 -9.80406461e-01
0.00000000e+00 1.09761746e+00 -9.72236707e-01
0.00000000e+00 1.02820007e+00 -9.94180367e-01
0.00000000e+00 1.02820007e+00 -9.94180367e-01
0.00000000e+00 1.09761746e+00 -9.72236707e-01
0.00000000e+00 1.09503490e+00 -9.64066952e-01
0.00000000e+00 1.02561751e+00 -9.86010612e-01
0.00000000e+00 1.02561751e+00 -9.86010612e-01
0.00000000e+00 1.09503490e+00 -9.64066952e-01
0.00000000e+00 1.09245235e+00 -9.55897197e-01
0.00000000e+00 1.02303496e+00 -9.77840857e-01
0.00000000e+00 1.02303496e+00 -9.77840857e-01
0.00000000e+00 1.09245235e+00 -9.55897197e-01
0.00000000e+00 1.08986979e+00 -9.47727443e-01
0.00000000e+00 1.02045240e+00 -9.69671103e-01
0.00000000e+00 1.02045240e+00 -9.69671103e-01
0.00000000e+00 1.08986979e+00 -9.47727443e-01
0.00000000e+00 1.08728724e+00 -9.39557688e-01
0.00000000e+00 1.01786985e+00 -9.61501348e-01
0.00000000e+00 1.01786985e+00 -9.61501348e-01
0.00000000e+00 1.08728724e+00 -9.39557688e-01
0.00000000e+00 1.08470468e+00 -9.31387933e-01
0.00000000e+00 1.01528729e+00 -9.53331593e-01
0.00000000e+00 1.01528729e+00 -9.53331593e-01
0.00000000e+00 1.08470468e+00 -9.31387933e-01
0.00000000e+00 1.08212212e+00 -9.23218179e-01
0.00000000e+00 1.01270473e+00 -9.45161839e-01
0.00000000e+00 1.01270473e+00 -9.45161839e-01
0.00000000e+00 1.08212212e+00 -9.23218179e-01
0.00000000e+00 1.07953957e+00 -9.15048424e-01
0.00000000e+00 1.01012218e+00 -9.36992084e-01
0.00000000e+00 1.10359323e+00 -9.88310058e-01
0.00000000e+00 1.17230018e+00 -9.64906538e-01
0.00000000e+00 1.16953747e+00 -9.56795930e-01
0.00000000e+00 1.10083052e+00 -9.80199450e-01
0.00000000e+00 1.10083052e+00 -9.80199450e-01
0.00000000e+00 1.16953747e+00 -9.56795930e-01
0.00000000e+00 1.16677477e+00 -9.48685321e-01
0.00000000e+00 1.09806782e+00 -9.72088841e-01
0.00000000e+00 1.09806782e+00 -9.72088841e-01
0.00000000e+00 1.16677477e+00 -9.48685321e-01
0.00000000e+00 1.16401207e+00 -9.40574713e-01
0.00000000e+00 1.09530512e+00 -9.63978233e-01
0.00000000e+00 1.09530512e+00 -9.63978233e-01
0.00000000e+00 1.16401207e+00 -9.40574713e-01
0.00000000e+00 1.16124937e+00 -9.32464104e-01
0.00000000e+00 1.09254242e+00 -9.55867624e-01
0.00000000e+00 1.09254242e+00 -9.55867624e-01
0.00000000e+00 1.16124937e+00 -9.32464104e-01
0.00000000e+00 1.15848667e+00 -9.24353496e-01
0.00000000e+00 1.08977972e+00 -9.47757016e-01
0.00000000e+00 1.08977972e+00 -9.47757016e-01
0.00000000e+00 1.15848667e+00 -9.24353496e-01
0.00000000e+00 1.15572397e+00 -9.16242887e-01
0.00000000e+00 1.08701702e+00 -9.39646407e-01
0.00000000e+00 1.08701702e+00 -9.39646407e-01
0.00000000e+00 1.15572397e+00 -9.16242887e-01
0.00000000e+00 1.15296127e+00 -9.08132279e-01
0.00000000e+00 1.08425432e+00 -9.31535799e-01
0.00000000e+00 1.08425432e+00 -9.31535799e-01
0.00000000e+00 1.15296127e+00 -9.08132279e-01
0.00000000e+00 1.15019857e+00 -9.00021670e-01
0.00000000e+00 1.08149162e+00 -9.23425190e-01
0.00000000e+00 1.08149162e+00 -9.23425190e-01
0.00000000e+00 1.15019857e+00 -9.00021670e-01
0.00000000e+00 1.14743586e+00 -8.91911062e-01
0.00000000e+00 1.07872891e+00 -9.15314582e-01
0.00000000e+00 1.17273137e+00 -9.64756806e-01
0.00000000e+00 1.24155203e+00 -9.40401566e-01
0.00000000e+00 1.23869351e+00 -9.32324232e-01
0.00000000e+00 1.16987285e+00 -9.56679472e-01
0.00000000e+00 1.16987285e+00 -9.56679472e-01
0.00000000e+00 1.23869351e+00 -9.32324232e-01
0.00000000e+00 1.23583499e+00 -9.24246897e-01
0.00000000e+00 1.16701433e+00 -9.48602137e-01
0.00000000e+00 1.16701433e+00 -9.48602137e-01
0.00000000e+00 1.23583499e+00 -9.24246897e-01
0.00000000e+00 1.23297646e+00 -9.16169562e-01
0.00000000e+00 1.16415580e+00 -9.40524802e-01
0.00000000e+00 1.16415580e+00 -9.40524802e-01
0.00000000e+00 1.23297646e+00 -9.16169562e-01
0.00000000e+00 1.23011794e+00 -9.08092227e-01
0.00000000e+00 1.16129728e+00 -9.32447467e-01
0.00000000e+00 1.16129728e+00 -9.32447467e-01
0.00000000e+00 1.23011794e+00 -9.08092227e-01
0.00000000e+00 1.22725942e+00 -9.00014893e-01
0.00000000e+00 1.15843876e+00 -9.24370133e-01
0.00000000e+00 1.15843876e+00 -9.24370133e-01
0.00000000e+00 1.22725942e+00 -9.00014893e-01
0.00000000e+00 1.22440090e+00 -8.91937558e-01
0.00000000e+00 1.15558024e+00 -9.16292798e-01
0.00000000e+00 1.15558024e+00 -9.16292798e-01
0.00000000e+00 1.22440090e+00 -8.91937558e-01
0.00000000e+00 1.22154237e+00 -8.83860223e-01
0.00000000e+00 1.15272171e+00 -9.08215463e-01
0.00000000e+00 1.15272171e+00 -9.08215463e-01
0.00000000e+00 1.22154237e+00 -8.83860223e-01
0.00000000e+00 1.21868385e+00 -8.75782888e-01
0.00000000e+00 1.14986319e+00 -9.00138128e-01
0.00000000e+00 1.14986319e+00 -9.00138128e-01
0.00000000e+00 1.21868385e+00 -8.75782888e-01
0.00000000e+00 1.21582533e+00 -8.67705554e-01
0.00000000e+00 1.14700467e+00 -8.92060794e-01
0.00000000e+00 1.24157183e+00 -9.40394555e-01
0.00000000e+00 1.31058544e+00 -9.15928725e-01
0.00000000e+00 1.30772252e+00 -9.07852948e-01
0.00000000e+00 1.23870891e+00 -9.32318778e-01
0.00000000e+00 1.23870891e+00 -9.32318778e-01
0.00000000e+00 1.30772252e+00 -9.07852948e-01
0.00000000e+00 1.30485959e+00 -8.99777171e-01
0.00000000e+00 1.23584598e+00 -9.24243001e-01
0.00000000e+00 1.23584598e+00 -9.24243001e-01
0.00000000e+00 1.30485959e+00 -8.99777171e-01
0.00000000e+00 1.30199667e+00 -8.91701395e-01
0.00000000e+00 1.23298306e+00 -9.16167225e-01
0.00000000e+00 1.23298306e+00 -9.16167225e-01
0.00000000e+00 1.30199667e+00 -8.91701395e-01
0.00000000e+00 1.29913375e+00 -8.83625618e-01
0.00000000e+00 1.23012014e+00 -9.08091448e-01
0.00000000e+00 1.23012014e+00 -9.08091448e-01
0.00000000e+00 1.29913375e+00 -8.83625618e-01
0.00000000e+00 1.29627083e+00 -8.75549842e-01
0.00000000e+00 1.22725722e+00 -9.00015672e-01
0.00000000e+00 1.22725722e+00 -9.00015672e-01
0.00000000e+00 1.29627083e+00 -8.75549842e-01
0.00000000e+00 1.29340791e+00 -8.67474065e-01
0.00000000e+00 1.22439430e+00 -8.91939895e-01
0.00000000e+00 1.22439430e+00 -8.91939895e-01
0.00000000e+00 1.29340791e+00 -8.67474065e-01
0.00000000e+00 1.29054499e+00 -8.59398289e-01
0.00000000e+00 1.22153138e+00 -8.83864119e-01
0.00000000e+00 1.22153138e+00 -8.83864119e-01
0.00000000e+00 1.29054499e+00 -8.59398289e-01
0.00000000e+00 1.28768206e+00 -8.51322512e-01
0.00000000e+00 1.21866845e+00 -8.75788342e-01
0.00000000e+00 1.21866845e+00 -8.75788342e-01
0.00000000e+00 1.28768206e+00 -8.51322512e-01
0.00000000e+00 1.28481914e+00 -8.43246735e-01
0.00000000e+00 1.21580553e+00 -8.67712565e-01
0.00000000e+00 1.31060231e+00 -9.15922741e-01
0.00000000e+00 1.37917659e+00 -8.91576821e-01
0.00000000e+00 1.37630992e+00 -8.83502374e-01
0.00000000e+00 1.30773564e+00 -9.07848294e-01
0.00000000e+00 1.30773564e+00 -9.07848294e-01
0.00000000e+00 1.37630992e+00 -8.83502374e-01
0.00000000e+00 1.37344325e+00 -8.75427927e-01
0.00000000e+00 1.30486897e+00 -8.99773847e-01
0.00000000e+00 1.30486897e+00 -8.99773847e-01
0.00000000e+00 1.37344325e+00 -8.75427927e-01
0.00000000e+00 1.37057658e+00 -8.67353480e-01
0.00000000e+00 1.30200230e+00 -8.91699400e-01
0.00000000e+00 1.30200230e+00 -8.91699400e-01
0.00000000e+00 1.37057658e+00 -8.67353480e-01
0.00000000e+00 1.36770991e+00 -8.59279033e-01
0.00000000e+00 1.29913563e+00 -8.83624953e-01
0.00000000e+00 1.29913563e+00 -8.83624953e-01
0.00000000e+00 1.36770991e+00 -8.59279033e-01
0.00000000e+00 1.36484323e+00 -8.51204587e-01
0.00000000e+00 1.29626895e+00 -8.75550507e-01
0.00000000e+00 1.29626895e+00 -8.75550507e-01
0.00000000e+00 1.36484323e+00 -8.51204587e-01
0.00000000e+00 1.36197656e+00 -8.43130140e-01
0.00000000e+00 1.29340228e+00 -8.67476060e-01
0.00000000e+00 1.29340228e+00 -8.67476060e-01
0.00000000e+00 1.36197656e+00 -8.43130140e-01
0.00000000e+00 1.35910989e+00 -8.35055693e-01
0.00000000e+00 1.29053561e+00 -8.59401613e-01
0.00000000e+00 1.29053561e+00 -8.59401613e-01
0.00000000e+00 1.35910989e+00 -8.35055693e-01
0.00000000e+00 1.35624322e+00 -8.26981246e-01
0.00000000e+00 1.28766894e+00 -8.51327166e-01
0.00000000e+00 1.28766894e+00 -8.51327166e-01
0.00000000e+00 1.35624322e+00 -8.26981246e-01
0.00000000e+00 1.35337655e+00 -8.18906799e-01
0.00000000e+00 1.28480227e+00 -8.43252719e-01
0.00000000e+00 1.38005157e+00 -8.91254206e-01
0.00000000e+00 1.44795075e+00 -8.65282276e-01
0.00000000e+00 1.44488964e+00 -8.57279522e-01
0.00000000e+00 1.37699046e+00 -8.83251452e-01
0.00000000e+00 1.37699046e+00 -8.83251452e-01
0.00000000e+00 1.44488964e+00 -8.57279522e-01
0.00000000e+00 1.44182853e+00 -8.49276767e-01
0.00000000e+00 1.37392935e+00 -8.75248697e-01
0.00000000e+00 1.37392935e+00 -8.75248697e-01
0.00000000e+00 1.44182853e+00 -8.49276767e-01
0.00000000e+00 1.43876742e+00 -8.41274012e-01
0.00000000e+00 1.37086824e+00 -8.67245942e-01
0.00000000e+00 1.37086824e+00 -8.67245942e-01
0.00000000e+00 1.43876742e+00 -8.41274012e-01
0.00000000e+00 1.43570631e+00 -8.33271257e-01
0.00000000e+00 1.36780713e+00 -8.59243187e-01
0.00000000e+00 1.36780713e+00 -8.59243187e-01
0.00000000e+00 1.43570631e+00 -8.33271257e-01
0.00000000e+00 1.43264519e+00 -8.25268503e-01
0.00000000e+00 1.36474601e+00 -8.51240433e-01
0.00000000e+00 1.36474601e+00 -8.51240433e-01
0.00000000e+00 1.43264519e+00 -8.25268503e-01
0.00000000e+00 1.42958408e+00 -8.17265748e-01
0.00000000e+00 1.36168490e+00 -8.43237678e-01
0.00000000e+00 1.36168490e+00 -8.43237678e-01
0.00000000e+00 1.42958408e+00 -8.17265748e-01
0.00000000e+00 1.42652297e+00 -8.09262993e-01
0.00000000e+00 1.35862379e+00 -8.35234923e-01
0.00000000e+00 1.35862379e+00 -8.35234923e-01
0.00000000e+00 1.42652297e+00 -8.09262993e-01
0.00000000e+00 1.42346186e+00 -8.01260238e-01
0.00000000e+00 1.35556268e+00 -8.27232168e-01
0.00000000e+00 1.35556268e+00 -8.27232168e-01
0.00000000e+00 1.42346186e+00 -8.01260238e-01
0.00000000e+00 1.42040075e+00 -7.93257484e-01
0.00000000e+00 1.35250157e+00 -8.19229414e-01
0.00000000e+00 1.44809798e+00 -8.65225615e-01
0.00000000e+00 1.51631781e+00 -8.38810575e-01
0.00000000e+00 1.51322398e+00 -8.30820412e-01
0.00000000e+00 1.44500415e+00 -8.57235452e-01
0.00000000e+00 1.44500415e+00 -8.57235452e-01
0.00000000e+00 1.51322398e+00 -8.30820412e-01
0.00000000e+00 1.51013015e+00 -8.22830249e-01
0.00000000e+00 1.44191032e+00 -8.49245289e-01
0.00000000e+00 1.44191032e+00 -8.49245289e-01
0.00000000e+00 1.51013015e+00 -8.22830249e-01
0.00000000e+00 1.50703632e+00 -8.14840085e-01
0.00000000e+00 1.43881649e+00 -8.41255125e-01
0.00000000e+00 1.43881649e+00 -8.41255125e-01
0.00000000e+00 1.50703632e+00 -8.14840085e-01
0.00000000e+00 1.50394249e+00 -8.06849922e-01
0.00000000e+00 1.43572266e+00 -8.33264962e-01
0.00000000e+00 1.43572266e+00 -8.33264962e-01
0.00000000e+00 1.50394249e+00 -8.06849922e-01
0.00000000e+00 1.50084867e+00 -7.98859758e-01
0.00000000e+00 1.43262884e+00 -8.25274798e-01
0.00000000e+00 1.43262884e+00 -8.25274798e-01
0.00000000e+00 1.50084867e+00 -7.98859758e-01
0.00000000e+00 1.49775484e+00 -7.90869595e-01
0.00000000e+00 1.42953501e+00 -8.17284635e-01
0.00000000e+00 1.42953501e+00 -8.17284635e-01
0.00000000e+00 1.49775484e+00 -7.90869595e-01
0.00000000e+00 1.49466101e+00 -7.82879431e-01
0.00000000e+00 1.42644118e+00 -8.09294471e-01
0.00000000e+00 1.42644118e+00 -8.09294471e-01
0.00000000e+00 1.49466101e+00 -7.82879431e-01
0.00000000e+00 1.49156718e+00 -7.74889268e-01
0.00000000e+00 1.42334735e+00 -8.01304308e-01
0.00000000e+00 1.42334735e+00 -8.01304308e-01
0.00000000e+00 1.49156718e+00 -7.74889268e-01
0.00000000e+00 1.48847335e+00 -7.66899105e-01
0.00000000e+00 1.42025352e+00 -7.93314145e-01
0.00000000e+00 1.51633163e+00 -8.38805222e-01
0.00000000e+00 1.58457335e+00 -8.12351542e-01
0.00000000e+00 1.58147645e+00 -8.04362568e-01
0.00000000e+00 1.51323473e+00 -8.30816248e-01
0.00000000e+00 1.51323473e+00 -8.30816248e-01
0.00000000e+00 1.58147645e+00 -8.04362568e-01
0.00000000e+00 1.57837955e+00 -7.96373594e-01
0.00000000e+00 1.51013783e+00 -8.22827274e-01
0.00000000e+00 1.51013783e+00 -8.22827274e-01
0.00000000e+00 1.57837955e+00 -7.96373594e-01
0.00000000e+00 1.57528265e+00 -7.88384621e-01
0.00000000e+00 1.50704093e+00 -8.14838301e-01
0.00000000e+00 1.50704093e+00 -8.14838301e-01
0.00000000e+00 1.57528265e+00 -7.88384621e-01
0.00000000e+00 1.57218575e+00 -7.80395647e-01
0.00000000e+00 1.50394403e+00 -8.06849327e-01
0.00000000e+00 1.50394403e+00 -8.06849327e-01
0.00000000e+00 1.57218575e+00 -7.80395647e-01
0.00000000e+00 1.56908885e+00 -7.72406673e-01
0.00000000e+00 1.50084713e+00 -7.98860353e-01
0.00000000e+00 1.50084713e+00 -7.98860353e-01
0.00000000e+00 1.56908885e+00 -7.72406673e-01
0.00000000e+00 1.56599195e+00 -7.64417699e-01
0.00000000e+00 1.49775023e+00 -7.90871379e-01
0.00000000e+00 1.49775023e+00 -7.90871379e-01
0.00000000e+00 1.56599195e+00 -7.64417699e-01
0.00000000e+00 1.56289505e+00 -7.56428726e-01
0.00000000e+00 1.49465333e+00 -7.82882406e-01
0.00000000e+00 1.49465333e+00 -7.82882406e-01
0.00000000e+00 1.56289505e+00 -7.56428726e-01
0.00000000e+00 1.55979815e+00 -7.48439752e-01
0.00000000e+00 1.49155643e+00 -7.74893432e-01
0.00000000e+00 1.49155643e+00 -7.74893432e-01
0.00000000e+00 1.55979815e+00 -7.48439752e-01
0.00000000e+00 1.55670125e+00 -7.40450778e-01
0.00000000e+00 1.48845953e+00 -7.66904458e-01
0.00000000e+00 1.58465696e+00 -8.12319019e-01
0.00000000e+00 1.65253878e+00 -7.85823009e-01
0.00000000e+00 1.64942330e+00 -7.77841262e-01
0.00000000e+00 1.58154148e+00 -8.04337272e-01
0.00000000e+00 1.58154148e+00 -8.04337272e-01
0.00000000e+00 1.64942330e+00 -7.77841262e-01
0.00000000e+00 1.64630782e+00 -7.69859516e-01
0.00000000e+00 1.57842600e+00 -7.96355526e-01
0.00000000e+00 1.57842600e+00 -7.96355526e-01
0.00000000e+00 1.64630782e+00 -7.69859516e-01
0.00000000e+00 1.64319234e+00 -7.61877770e-01
0.00000000e+00 1.57531052e+00 -7.88373780e-01
0.00000000e+00 1.57531052e+00 -7.88373780e-01
0.00000000e+00 1.64319234e+00 -7.61877770e-01
0.00000000e+00 1.64007686e+00 -7.53896023e-01
0.00000000e+00 1.57219504e+00 -7.80392033e-01
0.00000000e+00 1.57219504e+00 -7.80392033e-01
0.00000000e+00 1.64007686e+00 -7.53896023e-01
0.00000000e+00 1.63696138e+00 -7.45914277e-01
0.00000000e+00 1.56907956e+00 -7.72410287e-01
0.00000000e+00 1.56907956e+00 -7.72410287e-01
0.00000000e+00 1.63696138e+00 -7.45914277e-01
0.00000000e+00 1.63384590e+00 -7.37932530e-01
0.00000000e+00 1.56596408e+00 -7.64428540e-01
0.00000000e+00 1.56596408e+00 -7.64428540e-01
0.00000000e+00 1.63384590e+00 -7.37932530e-01
0.00000000e+00 1.63073042e+00 -7.29950784e-01
0.00000000e+00 1.56284860e+00 -7.56446794e-01
0.00000000e+00 1.56284860e+00 -7.56446794e-01
0.00000000e+00 1.63073042e+00 -7.29950784e-01
0.00000000e+00 1.62761494e+00 -7.21969038e-01
0.00000000e+00 1.55973312e+00 -7.48465048e-01
0.00000000e+00 1.55973312e+00 -7.48465048e-01
0.00000000e+00 1.62761494e+00 -7.21969038e-01
0.00000000e+00 1.62449946e+00 -7.13987291e-01
0.00000000e+00 1.55661764e+00 -7.40483301e-01
0.00000000e+00 1.65314614e+00 -7.85579983e-01
0.00000000e+00 1.72058585e+00 -7.57929063e-01
0.00000000e+00 1.71733540e+00 -7.50001322e-01
0.00000000e+00 1.64989569e+00 -7.77652242e-01
0.00000000e+00 1.64989569e+00 -7.77652242e-01
0.00000000e+00 1.71733540e+00 -7.50001322e-01
0.00000000e+00 1.71408495e+00 -7.42073582e-01
0.00000000e+00 1.64664524e+00 -7.69724502e-01
0.00000000e+00 1.64664524e+00 -7.69724502e-01
0.00000000e+00 1.71408495e+00 -7.42073582e-01
0.00000000e+00 1.71083450e+00 -7.34145841e-01
0.00000000e+00 1.64339479e+00 -7.61796761e-01
0.00000000e+00 1.64339479e+00 -7.61796761e-01
0.00000000e+00 1.71083450e+00 -7.34145841e-01
0.00000000e+00 1.70758405e+00 -7.26218100e-01
0.00000000e+00 1.64014434e+00 -7.53869020e-01
0.00000000e+00 1.64014434e+00 -7.53869020e-01
0.00000000e+00 1.70758405e+00 -7.26218100e-01
0.00000000e+00 1.70433361e+00 -7.18290360e-01
0.00000000e+00 1.63689390e+00 -7.45941280e-01
0.00000000e+00 1.63689390e+00 -7.45941280e-01
0.00000000e+00 1.70433361e+00 -7.18290360e-01
0.00000000e+00 1.70108316e+00 -7.10362619e-01
0.00000000e+00 1.63364345e+00 -7.38013539e-01
0.00000000e+00 1.63364345e+00 -7.38013539e-01
0.00000000e+00 1.70108316e+00 -7.10362619e-01
0.00000000e+00 1.69783271e+00 -7.02434878e-01
0.00000000e+00 1.63039300e+00 -7.30085798e-01
0.00000000e+00 1.63039300e+00 -7.30085798e-01
0.00000000e+00 1.69783271e+00 -7.02434878e-01
0.00000000e+00 1.69458226e+00 -6.94507138e-01
0.00000000e+00 1.62714255e+00 -7.22158058e-01
0.00000000e+00 1.62714255e+00 -7.22158058e-01
0.00000000e+00 1.69458226e+00 -6.94507138e-01
0.00000000e+00 1.69133181e+00 -6.86579397e-01
0.00000000e+00 1.62389210e+00 -7.14230317e-01
0.00000000e+00 1.72063644e+00 -7.57908280e-01
0.00000000e+00 1.78833541e+00 -7.30038830e-01
0.00000000e+00 1.78507372e+00 -7.22115708e-01
0.00000000e+00 1.71737475e+00 -7.49985158e-01
0.00000000e+00 1.71737475e+00 -7.49985158e-01
0.00000000e+00 1.78507372e+00 -7.22115708e-01
0.00000000e+00 1.78181203e+00 -7.14192586e-01
0.00000000e+00 1.71411306e+00 -7.42062036e-01
0.00000000e+00 1.71411306e+00 -7.42062036e-01
0.00000000e+00 1.78181203e+00 -7.14192586e-01
0.00000000e+00 1.77855034e+00 -7.06269463e-01
0.00000000e+00 1.71085137e+00 -7.34138913e-01
0.00000000e+00 1.71085137e+00 -7.34138913e-01
0.00000000e+00 1.77855034e+00 -7.06269463e-01
0.00000000e+00 1.77528865e+00 -6.98346341e-01
0.00000000e+00 1.70758968e+00 -7.26215791e-01
0.00000000e+00 1.70758968e+00 -7.26215791e-01
0.00000000e+00 1.77528865e+00 -6.98346341e-01
0.00000000e+00 1.77202695e+00 -6.90423219e-01
0.00000000e+00 1.70432798e+00 -7.18292669e-01
0.00000000e+00 1.70432798e+00 -7.18292669e-01
0.00000000e+00 1.77202695e+00 -6.90423219e-01
0.00000000e+00 1.76876526e+00 -6.82500097e-01
0.00000000e+00 1.70106629e+00 -7.10369547e-01
0.00000000e+00 1.70106629e+00 -7.10369547e-01
0.00000000e+00 1.76876526e+00 -6.82500097e-01
0.00000000e+00 1.76550357e+00 -6.74576974e-01
0.00000000e+00 1.69780460e+00 -7.02446424e-01
0.00000000e+00 1.69780460e+00 -7.02446424e-01
0.00000000e+00 1.76550357e+00 -6.74576974e-01
0.00000000e+00 1.76224188e+00 -6.66653852e-01
0.00000000e+00 1.69454291e+00 -6.94523302e-01
0.00000000e+00 1.69454291e+00 -6.94523302e-01
0.00000000e+00 1.76224188e+00 -6.66653852e-01
0.00000000e+00 1.75898019e+00 -6.58730730e-01
0.00000000e+00 1.69128122e+00 -6.86600180e-01
0.00000000e+00 1.78834200e+00 -7.30036116e-01
0.00000000e+00 1.85601096e+00 -7.02164386e-01
0.00000000e+00 1.85274780e+00 -6.94241867e-01
0.00000000e+00 1.78507884e+00 -7.22113597e-01
0.00000000e+00 1.78507884e+00 -7.22113597e-01
0.00000000e+00 1.85274780e+00 -6.94241867e-01
0.00000000e+00 1.84948465e+00 -6.86319348e-01
0.00000000e+00 1.78181569e+00 -7.14191078e-01
0.00000000e+00 1.78181569e+00 -7.14191078e-01
0.00000000e+00 1.84948465e+00 -6.86319348e-01
0.00000000e+00 1.84622149e+00 -6.78396829e-01
0.00000000e+00 1.77855253e+00 -7.06268559e-01
0.00000000e+00 1.77855253e+00 -7.06268559e-01
0.00000000e+00 1.84622149e+00 -6.78396829e-01
0.00000000e+00 1.84295834e+00 -6.70474310e-01
0.00000000e+00 1.77528938e+00 -6.98346040e-01
0.00000000e+00 1.77528938e+00 -6.98346040e-01
0.00000000e+00 1.84295834e+00 -6.70474310e-01
0.00000000e+00 1.83969518e+00 -6.62551790e-01
0.00000000e+00 1.77202622e+00 -6.90423520e-01
0.00000000e+00 1.77202622e+00 -6.90423520e-01
0.00000000e+00 1.83969518e+00 -6.62551790e-01
0.00000000e+00 1.83643203e+00 -6.54629271e-01
0.00000000e+00 1.76876307e+00 -6.82501001e-01
0.00000000e+00 1.76876307e+00 -6.82501001e-01
0.00000000e+00 1.83643203e+00 -6.54629271e-01
0.00000000e+00 1.83316887e+00 -6.46706752e-01
0.00000000e+00 1.76549991e+00 -6.74578482e-01
0.00000000e+00 1.76549991e+00 -6.74578482e-01
0.00000000e+00 1.83316887e+00 -6.46706752e-01
0.00000000e+00 1.82990572e+00 -6.38784233e-01
0.00000000e+00 1.76223676e+00 -6.66655963e-01
0.00000000e+00 1.76223676e+00 -6.66655963e-01
0.00000000e+00 1.82990572e+00 -6.38784233e-01
0.00000000e+00 1.82664256e+00 -6.30861714e-01
0.00000000e+00 1.75897360e+00 -6.58733444e-01
0.00000000e+00 1.85611172e+00 -7.02122716e-01
0.00000000e+00 1.92270902e+00 -6.74471836e-01
0.00000000e+00 1.91942348e+00 -6.66558577e-01
0.00000000e+00 1.85282618e+00 -6.94209457e-01
0.00000000e+00 1.85282618e+00 -6.94209457e-01
0.00000000e+00 1.91942348e+00 -6.66558577e-01
0.00000000e+00 1.91613793e+00 -6.58645318e-01
0.00000000e+00 1.84954063e+00 -6.86296198e-01
0.00000000e+00 1.84954063e+00 -6.86296198e-01
0.00000000e+00 1.91613793e+00 -6.58645318e-01
0.00000000e+00 1.91285238e+00 -6.50732059e-01
0.00000000e+00 1.84625508e+00 -6.78382939e-01
0.00000000e+00 1.84625508e+00 -6.78382939e-01
0.00000000e+00 1.91285238e+00 -6.50732059e-01
0.00000000e+00 1.90956683e+00 -6.42818800e-01
0.00000000e+00 1.84296953e+00 -6.70469680e-01
0.00000000e+00 1.84296953e+00 -6.70469680e-01
0.00000000e+00 1.90956683e+00 -6.42818800e-01
0.00000000e+00 1.90628129e+00 -6.34905540e-01
0.00000000e+00 1.83968399e+00 -6.62556420e-01
0.00000000e+00 1.83968399e+00 -6.62556420e-01
0.00000000e+00 1.90628129e+00 -6.34905540e-01
0.00000000e+00 1.90299574e+00 -6.26992281e-01
0.00000000e+00 1.83639844e+00 -6.54643161e-01
0.00000000e+00 1.83639844e+00 -6.54643161e-01
0.00000000e+00 1.90299574e+00 -6.26992281e-01
0.00000000e+00 1.89971019e+00 -6.19079022e-01
0.00000000e+00 1.83311289e+00 -6.46729902e-01
0.00000000e+00 1.83311289e+00 -6.46729902e-01
0.00000000e+00 1.89971019e+00 -6.19079022e-01
0.00000000e+00 1.89642464e+00 -6.11165763e-01
0.00000000e+00 1.82982734e+00 -6.38816643e-01
0.00000000e+00 1.82982734e+00 -6.38816643e-01
0.00000000e+00 1.89642464e+00 -6.11165763e-01
0.00000000e+00 1.89313910e+00 -6.03252504e-01
0.00000000e+00 1.82654180e+00 -6.30903384e-01
0.00000000e+00 1.92301364e+00 -6.74343829e-01
0.00000000e+00 1.98941467e+00 -6.46104919e-01
0.00000000e+00 1.98606143e+00 -6.38220106e-01
0.00000000e+00 1.91966040e+00 -6.66459016e-01
0.00000000e+00 1.91966040e+00 -6.66459016e-01
0.00000000e+00 1.98606143e+00 -6.38220106e-01
0.00000000e+00 1.98270819e+00 -6.30335293e-01
0.00000000e+00 1.91630716e+00 -6.58574203e-01
0.00000000e+00 1.91630716e+00 -6.58574203e-01
0.00000000e+00 1.98270819e+00 -6.30335293e-01
0.00000000e+00 1.97935495e+00 -6.22450480e-01
0.00000000e+00 1.91295392e+00 -6.50689390e-01
0.00000000e+00 1.91295392e+00 -6.50689390e-01
0.00000000e+00 1.97935495e+00 -6.22450480e-01
0.00000000e+00 1.97600171e+00 -6.14565667e-01
0.00000000e+00 1.90960068e+00 -6.42804577e-01
0.00000000e+00 1.90960068e+00 -6.42804577e-01
0.00000000e+00 1.97600171e+00 -6.14565667e-01
0.00000000e+00 1.97264847e+00 -6.06680853e-01
0.00000000e+00 1.90624744e+00 -6.34919763e-01
0.00000000e+00 1.90624744e+00 -6.34919763e-01
0.00000000e+00 1.97264847e+00 -6.06680853e-01
0.00000000e+00 1.96929523e+00 -5.98796040e-01
0.00000000e+00 1.90289420e+00 -6.27034950e-01
0.00000000e+00 1.90289420e+00 -6.27034950e-01
0.00000000e+00 1.96929523e+00 -5.98796040e-01
0.00000000e+00 1.96594199e+00 -5.90911227e-01
0.00000000e+00 1.89954096e+00 -6.19150137e-01
0.00000000e+00 1.89954096e+00 -6.19150137e-01
0.00000000e+00 1.96594199e+00 -5.90911227e-01
0.00000000e+00 1.96258875e+00 -5.83026414e-01
0.00000000e+00 1.89618772e+00 -6.11265324e-01
0.00000000e+00 1.89618772e+00 -6.11265324e-01
0.00000000e+00 1.96258875e+00 -5.83026414e-01
0.00000000e+00 1.95923551e+00 -5.75141601e-01
0.00000000e+00 1.89283448e+00 -6.03380511e-01
0.00000000e+00 1.98943007e+00 -6.46098362e-01
0.00000000e+00 2.05597054e+00 -6.17766022e-01
0.00000000e+00 2.05261388e+00 -6.09882666e-01
0.00000000e+00 1.98607341e+00 -6.38215006e-01
0.00000000e+00 1.98607341e+00 -6.38215006e-01
0.00000000e+00 2.05261388e+00 -6.09882666e-01
0.00000000e+00 2.04925722e+00 -6.01999310e-01
0.00000000e+00 1.98271675e+00 -6.30331650e-01
0.00000000e+00 1.98271675e+00 -6.30331650e-01
0.00000000e+00 2.04925722e+00 -6.01999310e-01
0.00000000e+00 2.04590055e+00 -5.94115954e-01
0.00000000e+00 1.97936008e+00 -6.22448294e-01
0.00000000e+00 1.97936008e+00 -6.22448294e-01
0.00000000e+00 2.04590055e+00 -5.94115954e-01
0.00000000e+00 2.04254389e+00 -5.86232598e-01
0.00000000e+00 1.97600342e+00 -6.14564938e-01
0.00000000e+00 1.97600342e+00 -6.14564938e-01
0.00000000e+00 2.04254389e+00 -5.86232598e-01
0.00000000e+00 2.03918723e+00 -5.78349242e-01
0.00000000e+00 1.97264676e+00 -6.06681582e-01
0.00000000e+00 1.97264676e+00 -6.06681582e-01
0.00000000e+00 2.03918723e+00 -5.78349242e-01
0.00000000e+00 2.03583057e+00 -5.70465886e-01
0.00000000e+00 1.96929010e+00 -5.98798226e-01
0.00000000e+00 1.96929010e+00 -5.98798226e-01
0.00000000e+00 2.03583057e+00 -5.70465886e-01
0.00000000e+00 2.03247390e+00 -5.62582530e-01
0.00000000e+00 1.96593343e+00 -5.90914870e-01
0.00000000e+00 1.96593343e+00 -5.90914870e-01
0.00000000e+00 2.03247390e+00 -5.62582530e-01
0.00000000e+00 2.02911724e+00 -5.54699174e-01
0.00000000e+00 1.96257677e+00 -5.83031514e-01
0.00000000e+00 1.96257677e+00 -5.83031514e-01
0.00000000e+00 2.02911724e+00 -5.54699174e-01
0.00000000e+00 2.02576058e+00 -5.46815818e-01
0.00000000e+00 1.95922011e+00 -5.75148158e-01
0.00000000e+00 2.05597084e+00 -6.17765895e-01
0.00000000e+00 2.12251638e+00 -5.89430735e-01
0.00000000e+00 2.11915965e+00 -5.81547408e-01
0.00000000e+00 2.05261411e+00 -6.09882568e-01
0.00000000e+00 2.05261411e+00 -6.09882568e-01
0.00000000e+00 2.11915965e+00 -5.81547408e-01
0.00000000e+00 2.11580292e+00 -5.73664080e-01
0.00000000e+00 2.04925738e+00 -6.01999240e-01
0.00000000e+00 2.04925738e+00 -6.01999240e-01
0.00000000e+00 2.11580292e+00 -5.73664080e-01
0.00000000e+00 2.11244619e+00 -5.65780752e-01
0.00000000e+00 2.04590065e+00 -5.94115912e-01
0.00000000e+00 2.04590065e+00 -5.94115912e-01
0.00000000e+00 2.11244619e+00 -5.65780752e-01
0.00000000e+00 2.10908946e+00 -5.57897424e-01
0.00000000e+00 2.04254392e+00 -5.86232584e-01
0.00000000e+00 2.04254392e+00 -5.86232584e-01
0.00000000e+00 2.10908946e+00 -5.57897424e-01
0.00000000e+00 2.10573274e+00 -5.50014096e-01
0.00000000e+00 2.03918720e+00 -5.78349256e-01
0.00000000e+00 2.03918720e+00 -5.78349256e-01
0.00000000e+00 2.10573274e+00 -5.50014096e-01
0.00000000e+00 2.10237601e+00 -5.42130768e-01
0.00000000e+00 2.03583047e+00 -5.70465928e-01
0.00000000e+00 2.03583047e+00 -5.70465928e-01
0.00000000e+00 2.10237601e+00 -5.42130768e-01
0.00000000e+00 2.09901928e+00 -5.34247440e-01
0.00000000e+00 2.03247374e+00 -5.62582600e-01
0.00000000e+00 2.03247374e+00 -5.62582600e-01
0.00000000e+00 2.09901928e+00 -5.34247440e-01
0.00000000e+00 2.09566255e+00 -5.26364112e-01
0.00000000e+00 2.02911701e+00 -5.54699272e-01
0.00000000e+00 2.02911701e+00 -5.54699272e-01
0.00000000e+00 2.09566255e+00 -5.26364112e-01
0.00000000e+00 2.09230582e+00 -5.18480785e-01
0.00000000e+00 2.02576028e+00 -5.46815945e-01
0.00000000e+00 2.12252132e+00 -5.89428632e-01
0.00000000e+00 2.18905872e+00 -5.61085992e-01
0.00000000e+00 2.18570089e+00 -5.53203131e-01
0.00000000e+00 2.11916349e+00 -5.81545771e-01
0.00000000e+00 2.11916349e+00 -5.81545771e-01
0.00000000e+00 2.18570089e+00 -5.53203131e-01
0.00000000e+00 2.18234307e+00 -5.45320271e-01
0.00000000e+00 2.11580567e+00 -5.73662911e-01
0.00000000e+00 2.11580567e+00 -5.73662911e-01
0.00000000e+00 2.18234307e+00 -5.45320271e-01
0.00000000e+00 2.17898524e+00 -5.37437411e-01
0.00000000e+00 2.11244784e+00 -5.65780051e-01
0.00000000e+00 2.11244784e+00 -5.65780051e-01
0.00000000e+00 2.17898524e+00 -5.37437411e-01
0.00000000e+00 2.17562741e+00 -5.29554550e-01
0.00000000e+00 2.10909001e+00 -5.57897190e-01
0.00000000e+00 2.10909001e+00 -5.57897190e-01
0.00000000e+00 2.17562741e+00 -5.29554550e-01
0.00000000e+00 2.17226959e+00 -5.21671690e-01
0.00000000e+00 2.10573219e+00 -5.50014330e-01
0.00000000e+00 2.10573219e+00 -5.50014330e-01
0.00000000e+00 2.17226959e+00 -5.21671690e-01
0.00000000e+00 2.16891176e+00 -5.13788829e-01
0.00000000e+00 2.10237436e+00 -5.42131469e-01
0.00000000e+00 2.10237436e+00 -5.42131469e-01
0.00000000e+00 2.16891176e+00 -5.13788829e-01
0.00000000e+00 2.16555393e+00 -5.05905969e-01
0.00000000e+00 2.09901653e+00 -5.34248609e-01
0.00000000e+00 2.09901653e+00 -5.34248609e-01
0.00000000e+00 2.16555393e+00 -5.05905969e-01
0.00000000e+00 2.16219611e+00 -4.98023109e-01
0.00000000e+00 2.09565871e+00 -5.26365749e-01
0.00000000e+00 2.09565871e+00 -5.26365749e-01
0.00000000e+00 2.16219611e+00 -4.98023109e-01
0.00000000e+00 2.15883828e+00 -4.90140248e-01
0.00000000e+00 2.09230088e+00 -5.18482888e-01
0.00000000e+00 2.18906742e+00 -5.61082287e-01
0.00000000e+00 2.25560348e+00 -5.32720947e-01
0.00000000e+00 2.25224372e+00 -5.24838910e-01
0.00000000e+00 2.18570766e+00 -5.53200250e-01
0.00000000e+00 2.18570766e+00 -5.53200250e-01
0.00000000e+00 2.25224372e+00 -5.24838910e-01
0.00000000e+00 2.24888396e+00 -5.16956873e-01
0.00000000e+00 2.18234790e+00 -5.45318213e-01
0.00000000e+00 2.18234790e+00 -5.45318213e-01
0.00000000e+00 2.24888396e+00 -5.16956873e-01
0.00000000e+00 2.24552420e+00 -5.09074836e-01
0.00000000e+00 2.17898814e+00 -5.37436176e-01
0.00000000e+00 2.17898814e+00 -5.37436176e-01
0.00000000e+00 2.24552420e+00 -5.09074836e-01
0.00000000e+00 2.24216444e+00 -5.01192799e-01
0.00000000e+00 2.17562838e+00 -5.29554139e-01
0.00000000e+00 2.17562838e+00 -5.29554139e-01
0.00000000e+00 2.24216444e+00 -5.01192799e-01
0.00000000e+00 2.23880468e+00 -4.93310761e-01
0.00000000e+00 2.17226862e+00 -5.21672101e-01
0.00000000e+00 2.17226862e+00 -5.21672101e-01
0.00000000e+00 2.23880468e+00 -4.93310761e-01
0.00000000e+00 2.23544492e+00 -4.85428724e-01
0.00000000e+00 2.16890886e+00 -5.13790064e-01
0.00000000e+00 2.16890886e+00 -5.13790064e-01
0.00000000e+00 2.23544492e+00 -4.85428724e-01
0.00000000e+00 2.23208516e+00 -4.77546687e-01
0.00000000e+00 2.16554910e+00 -5.05908027e-01
0.00000000e+00 2.16554910e+00 -5.05908027e-01
0.00000000e+00 2.23208516e+00 -4.77546687e-01
0.00000000e+00 2.22872540e+00 -4.69664650e-01
0.00000000e+00 2.16218934e+00 -4.98025990e-01
0.00000000e+00 2.16218934e+00 -4.98025990e-01
0.00000000e+00 2.22872540e+00 -4.69664650e-01
0.00000000e+00 2.22536564e+00 -4.61782613e-01
0.00000000e+00 2.15882958e+00 -4.90143953e-01
0.00000000e+00 2.25559720e+00 -5.32723620e-01
0.00000000e+00 2.32214735e+00 -5.04370180e-01
0.00000000e+00 2.31878899e+00 -4.96487549e-01
0.00000000e+00 2.25223884e+00 -5.24840989e-01
0.00000000e+00 2.25223884e+00 -5.24840989e-01
0.00000000e+00 2.31878899e+00 -4.96487549e-01
0.00000000e+00 2.31543062e+00 -4.88604918e-01
0.00000000e+00 2.24888047e+00 -5.16958358e-01
0.00000000e+00 2.24888047e+00 -5.16958358e-01
0.00000000e+00 2.31543062e+00 -4.88604918e-01
0.00000000e+00 2.31207226e+00 -4.80722287e-01
0.00000000e+00 2.24552211e+00 -5.09075727e-01
0.00000000e+00 2.24552211e+00 -5.09075727e-01
0.00000000e+00 2.31207226e+00 -4.80722287e-01
0.00000000e+00 2.30871389e+00 -4.72839656e-01
0.00000000e+00 2.24216374e+00 -5.01193096e-01
0.00000000e+00 2.24216374e+00 -5.01193096e-01
0.00000000e+00 2.30871389e+00 -4.72839656e-01
0.00000000e+00 2.30535553e+00 -4.64957024e-01
0.00000000e+00 2.23880538e+00 -4.93310464e-01
0.00000000e+00 2.23880538e+00 -4.93310464e-01
0.00000000e+00 2.30535553e+00 -4.64957024e-01
0.00000000e+00 2.30199716e+00 -4.57074393e-01
0.00000000e+00 2.23544701e+00 -4.85427833e-01
0.00000000e+00 2.23544701e+00 -4.85427833e-01
0.00000000e+00 2.30199716e+00 -4.57074393e-01
0.00000000e+00 2.29863880e+00 -4.49191762e-01
0.00000000e+00 2.23208865e+00 -4.77545202e-01
0.00000000e+00 2.23208865e+00 -4.77545202e-01
0.00000000e+00 2.29863880e+00 -4.49191762e-01
0.00000000e+00 2.29528043e+00 -4.41309131e-01
0.00000000e+00 2.22873028e+00 -4.69662571e-01
0.00000000e+00 2.22873028e+00 -4.69662571e-01
0.00000000e+00 2.29528043e+00 -4.41309131e-01
0.00000000e+00 2.29192207e+00 -4.33426500e-01
0.00000000e+00 2.22537192e+00 -4.61779940e-01
0.00000000e+00 2.32213777e+00 -5.04374260e-01
0.00000000e+00 2.38881188e+00 -4.75989280e-01
0.00000000e+00 2.38545565e+00 -4.68105742e-01
0.00000000e+00 2.31878154e+00 -4.96490722e-01
0.00000000e+00 2.31878154e+00 -4.96490722e-01
0.00000000e+00 2.38545565e+00 -4.68105742e-01
0.00000000e+00 2.38209941e+00 -4.60222204e-01
0.00000000e+00 2.31542530e+00 -4.88607184e-01
0.00000000e+00 2.31542530e+00 -4.88607184e-01
0.00000000e+00 2.38209941e+00 -4.60222204e-01
0.00000000e+00 2.37874317e+00 -4.52338667e-01
0.00000000e+00 2.31206906e+00 -4.80723647e-01
0.00000000e+00 2.31206906e+00 -4.80723647e-01
0.00000000e+00 2.37874317e+00 -4.52338667e-01
0.00000000e+00 2.37538694e+00 -4.44455129e-01
0.00000000e+00 2.30871283e+00 -4.72840109e-01
0.00000000e+00 2.30871283e+00 -4.72840109e-01
0.00000000e+00 2.37538694e+00 -4.44455129e-01
0.00000000e+00 2.37203070e+00 -4.36571591e-01
0.00000000e+00 2.30535659e+00 -4.64956571e-01
0.00000000e+00 2.30535659e+00 -4.64956571e-01
0.00000000e+00 2.37203070e+00 -4.36571591e-01
0.00000000e+00 2.36867447e+00 -4.28688053e-01
0.00000000e+00 2.30200036e+00 -4.57073033e-01
0.00000000e+00 2.30200036e+00 -4.57073033e-01
0.00000000e+00 2.36867447e+00 -4.28688053e-01
0.00000000e+00 2.36531823e+00 -4.20804516e-01
0.00000000e+00 2.29864412e+00 -4.49189496e-01
0.00000000e+00 2.29864412e+00 -4.49189496e-01
0.00000000e+00 2.36531823e+00 -4.20804516e-01
0.00000000e+00 2.36196199e+00 -4.12920978e-01
0.00000000e+00 2.29528788e+00 -4.41305958e-01
0.00000000e+00 2.29528788e+00 -4.41305958e-01
0.00000000e+00 2.36196199e+00 -4.12920978e-01
0.00000000e+00 2.35860576e+00 -4.05037440e-01
0.00000000e+00 2.29193165e+00 -4.33422420e-01
0.00000000e+00 2.38857281e+00 -4.76090109e-01
0.00000000e+00 2.45553242e+00 -4.48114329e-01
0.00000000e+00 2.45222931e+00 -4.40208385e-01
0.00000000e+00 2.38526970e+00 -4.68184165e-01
0.00000000e+00 2.38526970e+00 -4.68184165e-01
0.00000000e+00 2.45222931e+00 -4.40208385e-01
0.00000000e+00 2.44892620e+00 -4.32302440e-01
0.00000000e+00 2.38196659e+00 -4.60278220e-01
0.00000000e+00 2.38196659e+00 -4.60278220e-01
0.00000000e+00 2.44892620e+00 -4.32302440e-01
0.00000000e+00 2.44562309e+00 -4.24396496e-01
0.00000000e+00 2.37866348e+00 -4.52372276e-01
0.00000000e+00 2.37866348e+00 -4.52372276e-01
0.00000000e+00 2.44562309e+00 -4.24396496e-01
0.00000000e+00 2.44231998e+00 -4.16490552e-01
0.00000000e+00 2.37536037e+00 -4.44466332e-01
0.00000000e+00 2.37536037e+00 -4.44466332e-01
0.00000000e+00 2.44231998e+00 -4.16490552e-01
0.00000000e+00 2.43901688e+00 -4.08584608e-01
0.00000000e+00 2.37205727e+00 -4.36560388e-01
0.00000000e+00 2.37205727e+00 -4.36560388e-01
0.00000000e+00 2.43901688e+00 -4.08584608e-01
0.00000000e+00 2.43571377e+00 -4.00678664e-01
0.00000000e+00 2.36875416e+00 -4.28654444e-01
0.00000000e+00 2.36875416e+00 -4.28654444e-01
0.00000000e+00 2.43571377e+00 -4.00678664e-01
0.00000000e+00 2.43241066e+00 -3.92772720e-01
0.00000000e+00 2.36545105e+00 -4.20748500e-01
0.00000000e+00 2.36545105e+00 -4.20748500e-01
0.00000000e+00 2.43241066e+00 -3.92772720e-01
0.00000000e+00 2.42910755e+00 -3.84866775e-01
0.00000000e+00 2.36214794e+00 -4.12842555e-01
0.00000000e+00 2.36214794e+00 -4.12842555e-01
0.00000000e+00 2.42910755e+00 -3.84866775e-01
0.00000000e+00 2.42580444e+00 -3.76960831e-01
0.00000000e+00 2.35884483e+00 -4.04936611e-01
0.00000000e+00 2.45532894e+00 -4.48198665e-01
0.00000000e+00 2.52233624e+00 -4.20651525e-01
0.00000000e+00 2.51907835e+00 -4.12726839e-01
0.00000000e+00 2.45207105e+00 -4.40273979e-01
0.00000000e+00 2.45207105e+00 -4.40273979e-01
0.00000000e+00 2.51907835e+00 -4.12726839e-01
0.00000000e+00 2.51582046e+00 -4.04802154e-01
0.00000000e+00 2.44881316e+00 -4.32349294e-01
0.00000000e+00 2.44881316e+00 -4.32349294e-01
0.00000000e+00 2.51582046e+00 -4.04802154e-01
0.00000000e+00 2.51256257e+00 -3.96877468e-01
0.00000000e+00 2.44555527e+00 -4.24424608e-01
0.00000000e+00 2.44555527e+00 -4.24424608e-01
0.00000000e+00 2.51256257e+00 -3.96877468e-01
0.00000000e+00 2.50930468e+00 -3.88952783e-01
0.00000000e+00 2.44229738e+00 -4.16499923e-01
0.00000000e+00 2.44229738e+00 -4.16499923e-01
0.00000000e+00 2.50930468e+00 -3.88952783e-01
0.00000000e+00 2.50604678e+00 -3.81028097e-01
0.00000000e+00 2.43903948e+00 -4.08575237e-01
0.00000000e+00 2.43903948e+00 -4.08575237e-01
0.00000000e+00 2.50604678e+00 -3.81028097e-01
0.00000000e+00 2.50278889e+00 -3.73103412e-01
0.00000000e+00 2.43578159e+00 -4.00650552e-01
0.00000000e+00 2.43578159e+00 -4.00650552e-01
0.00000000e+00 2.50278889e+00 -3.73103412e-01
0.00000000e+00 2.49953100e+00 -3.65178726e-01
0.00000000e+00 2.43252370e+00 -3.92725866e-01
0.00000000e+00 2.43252370e+00 -3.92725866e-01
0.00000000e+00 2.49953100e+00 -3.65178726e-01
0.00000000e+00 2.49627311e+00 -3.57254041e-01
0.00000000e+00 2.42926581e+00 -3.84801181e-01
0.00000000e+00 2.42926581e+00 -3.84801181e-01
0.00000000e+00 2.49627311e+00 -3.57254041e-01
0.00000000e+00 2.49301522e+00 -3.49329355e-01
0.00000000e+00 2.42600792e+00 -3.76876495e-01
0.00000000e+00 2.52231989e+00 -4.20658239e-01
0.00000000e+00 2.58927723e+00 -3.93167499e-01
0.00000000e+00 2.58602297e+00 -3.85241322e-01
0.00000000e+00 2.51906563e+00 -4.12732062e-01
0.00000000e+00 2.51906563e+00 -4.12732062e-01
0.00000000e+00 2.58602297e+00 -3.85241322e-01
0.00000000e+00 2.58276872e+00 -3.77315144e-01
0.00000000e+00 2.51581138e+00 -4.04805884e-01
0.00000000e+00 2.51581138e+00 -4.04805884e-01
0.00000000e+00 2.58276872e+00 -3.77315144e-01
0.00000000e+00 2.57951446e+00 -3.69388966e-01
0.00000000e+00 2.51255712e+00 -3.96879706e-01
0.00000000e+00 2.51255712e+00 -3.96879706e-01
0.00000000e+00 2.57951446e+00 -3.69388966e-01
0.00000000e+00 2.57626020e+00 -3.61462789e-01
0.00000000e+00 2.50930286e+00 -3.88953529e-01
0.00000000e+00 2.50930286e+00 -3.88953529e-01
0.00000000e+00 2.57626020e+00 -3.61462789e-01
0.00000000e+00 2.57300594e+00 -3.53536611e-01
0.00000000e+00 2.50604860e+00 -3.81027351e-01
0.00000000e+00 2.50604860e+00 -3.81027351e-01
0.00000000e+00 2.57300594e+00 -3.53536611e-01
0.00000000e+00 2.56975168e+00 -3.45610434e-01
0.00000000e+00 2.50279434e+00 -3.73101174e-01
0.00000000e+00 2.50279434e+00 -3.73101174e-01
0.00000000e+00 2.56975168e+00 -3.45610434e-01
0.00000000e+00 2.56649742e+00 -3.37684256e-01
0.00000000e+00 2.49954008e+00 -3.65174996e-01
0.00000000e+00 2.49954008e+00 -3.65174996e-01
0.00000000e+00 2.56649742e+00 -3.37684256e-01
0.00000000e+00 2.56324317e+00 -3.29758078e-01
0.00000000e+00 2.49628583e+00 -3.57248818e-01
0.00000000e+00 2.49628583e+00 -3.57248818e-01
0.00000000e+00 2.56324317e+00 -3.29758078e-01
0.00000000e+00 2.55998891e+00 -3.21831901e-01
0.00000000e+00 2.49303157e+00 -3.49322641e-01
0.00000000e+00 2.58919776e+00 -3.93200023e-01
0.00000000e+00 2.65653672e+00 -3.65727683e-01
0.00000000e+00 2.65330013e+00 -3.57794278e-01
0.00000000e+00 2.58596117e+00 -3.85266618e-01
0.00000000e+00 2.58596117e+00 -3.85266618e-01
0.00000000e+00 2.65330013e+00 -3.57794278e-01
0.00000000e+00 2.65006353e+00 -3.49860873e-01
0.00000000e+00 2.58272457e+00 -3.77333213e-01
0.00000000e+00 2.58272457e+00 -3.77333213e-01
0.00000000e+00 2.65006353e+00 -3.49860873e-01
0.00000000e+00 2.64682693e+00 -3.41927468e-01
0.00000000e+00 2.57948797e+00 -3.69399808e-01
0.00000000e+00 2.57948797e+00 -3.69399808e-01
0.00000000e+00 2.64682693e+00 -3.41927468e-01
0.00000000e+00 2.64359033e+00 -3.33994063e-01
0.00000000e+00 2.57625137e+00 -3.61466403e-01
0.00000000e+00 2.57625137e+00 -3.61466403e-01
0.00000000e+00 2.64359033e+00 -3.33994063e-01
0.00000000e+00 2.64035373e+00 -3.26060657e-01
0.00000000e+00 2.57301477e+00 -3.53532997e-01
0.00000000e+00 2.57301477e+00 -3.53532997e-01
0.00000000e+00 2.64035373e+00 -3.26060657e-01
0.00000000e+00 2.63711713e+00 -3.18127252e-01
0.00000000e+00 2.56977817e+00 -3.45599592e-01
0.00000000e+00 2.56977817e+00 -3.45599592e-01
0.00000000e+00 2.63711713e+00 -3.18127252e-01
0.00000000e+00 2.63388053e+00 -3.10193847e-01
0.00000000e+00 2.56654157e+00 -3.37666187e-01
0.00000000e+00 2.56654157e+00 -3.37666187e-01
0.00000000e+00 2.63388053e+00 -3.10193847e-01
0.00000000e+00 2.63064393e+00 -3.02260442e-01
0.00000000e+00 2.56330497e+00 -3.29732782e-01
0.00000000e+00 2.56330497e+00 -3.29732782e-01
0.00000000e+00 2.63064393e+00 -3.02260442e-01
0.00000000e+00 2.62740734e+00 -2.94327037e-01
0.00000000e+00 2.56006838e+00 -3.21799377e-01
0.00000000e+00 2.65587715e+00 -3.65989718e-01
0.00000000e+00 2.72377525e+00 -3.39736408e-01
0.00000000e+00 2.72068522e+00 -3.31744773e-01
0.00000000e+00 2.65278712e+00 -3.57998083e-01
0.00000000e+00 2.65278712e+00 -3.57998083e-01
0.00000000e+00 2.72068522e+00 -3.31744773e-01
0.00000000e+00 2.71759519e+00 -3.23753138e-01
0.00000000e+00 2.64969709e+00 -3.50006448e-01
0.00000000e+00 2.64969709e+00 -3.50006448e-01
0.00000000e+00 2.71759519e+00 -3.23753138e-01
0.00000000e+00 2.71450517e+00 -3.15761503e-01
0.00000000e+00 2.64660707e+00 -3.42014813e-01
0.00000000e+00 2.64660707e+00 -3.42014813e-01
0.00000000e+00 2.71450517e+00 -3.15761503e-01
0.00000000e+00 2.71141514e+00 -3.07769868e-01
0.00000000e+00 2.64351704e+00 -3.34023178e-01
0.00000000e+00 2.64351704e+00 -3.34023178e-01
0.00000000e+00 2.71141514e+00 -3.07769868e-01
0.00000000e+00 2.70832512e+00 -2.99778232e-01
0.00000000e+00 2.64042702e+00 -3.26031542e-01
0.00000000e+00 2.64042702e+00 -3.26031542e-01
0.00000000e+00 2.70832512e+00 -2.99778232e-01
0.00000000e+00 2.70523509e+00 -2.91786597e-01
0.00000000e+00 2.63733699e+00 -3.18039907e-01
0.00000000e+00 2.63733699e+00 -3.18039907e-01
0.00000000e+00 2.70523509e+00 -2.91786597e-01
0.00000000e+00 2.70214507e+00 -2.83794962e-01
0.00000000e+00 2.63424697e+00 -3.10048272e-01
0.00000000e+00 2.63424697e+00 -3.10048272e-01
0.00000000e+00 2.70214507e+00 -2.83794962e-01
0.00000000e+00 2.69905504e+00 -2.75803327e-01
0.00000000e+00 2.63115694e+00 -3.02056637e-01
0.00000000e+00 2.63115694e+00 -3.02056637e-01
0.00000000e+00 2.69905504e+00 -2.75803327e-01
0.00000000e+00 2.69596501e+00 -2.67811692e-01
0.00000000e+00 2.62806691e+00 -2.94065002e-01
0.00000000e+00 2.72356376e+00 -3.39817465e-01
0.00000000e+00 2.79129550e+00 -3.14084785e-01
0.00000000e+00 2.78825247e+00 -3.06075137e-01
0.00000000e+00 2.72052073e+00 -3.31807817e-01
0.00000000e+00 2.72052073e+00 -3.31807817e-01
0.00000000e+00 2.78825247e+00 -3.06075137e-01
0.00000000e+00 2.78520944e+00 -2.98065490e-01
0.00000000e+00 2.71747770e+00 -3.23798170e-01
0.00000000e+00 2.71747770e+00 -3.23798170e-01
0.00000000e+00 2.78520944e+00 -2.98065490e-01
0.00000000e+00 2.78216641e+00 -2.90055842e-01
0.00000000e+00 2.71443467e+00 -3.15788522e-01
0.00000000e+00 2.71443467e+00 -3.15788522e-01
0.00000000e+00 2.78216641e+00 -2.90055842e-01
0.00000000e+00 2.77912338e+00 -2.82046194e-01
0.00000000e+00 2.71139164e+00 -3.07778874e-01
0.00000000e+00 2.71139164e+00 -3.07778874e-01
0.00000000e+00 2.77912338e+00 -2.82046194e-01
0.00000000e+00 2.77608036e+00 -2.74036546e-01
0.00000000e+00 2.70834862e+00 -2.99769226e-01
0.00000000e+00 2.70834862e+00 -2.99769226e-01
0.00000000e+00 2.77608036e+00 -2.74036546e-01
0.00000000e+00 2.77303733e+00 -2.66026898e-01
0.00000000e+00 2.70530559e+00 -2.91759578e-01
0.00000000e+00 2.70530559e+00 -2.91759578e-01
0.00000000e+00 2.77303733e+00 -2.66026898e-01
0.00000000e+00 2.76999430e+00 -2.58017250e-01
0.00000000e+00 2.70226256e+00 -2.83749930e-01
0.00000000e+00 2.70226256e+00 -2.83749930e-01
0.00000000e+00 2.76999430e+00 -2.58017250e-01
0.00000000e+00 2.76695127e+00 -2.50007603e-01
0.00000000e+00 2.69921953e+00 -2.75740283e-01
0.00000000e+00 2.69921953e+00 -2.75740283e-01
0.00000000e+00 2.76695127e+00 -2.50007603e-01
0.00000000e+00 2.76390824e+00 -2.41997955e-01
0.00000000e+00 2.69617650e+00 -2.67730635e-01
0.00000000e+00 2.79127172e+00 -3.14093814e-01
0.00000000e+00 2.85912287e+00 -2.88366994e-01
0.00000000e+00 2.85608512e+00 -2.80355340e-01
0.00000000e+00 2.78823397e+00 -3.06082160e-01
0.00000000e+00 2.78823397e+00 -3.06082160e-01
0.00000000e+00 2.85608512e+00 -2.80355340e-01
0.00000000e+00 2.85304738e+00 -2.72343686e-01
0.00000000e+00 2.78519623e+00 -2.98070506e-01
0.00000000e+00 2.78519623e+00 -2.98070506e-01
0.00000000e+00 2.85304738e+00 -2.72343686e-01
0.00000000e+00 2.85000964e+00 -2.64332031e-01
0.00000000e+00 2.78215849e+00 -2.90058851e-01
0.00000000e+00 2.78215849e+00 -2.90058851e-01
0.00000000e+00 2.85000964e+00 -2.64332031e-01
0.00000000e+00 2.84697189e+00 -2.56320377e-01
0.00000000e+00 2.77912074e+00 -2.82047197e-01
0.00000000e+00 2.77912074e+00 -2.82047197e-01
0.00000000e+00 2.84697189e+00 -2.56320377e-01
0.00000000e+00 2.84393415e+00 -2.48308723e-01
0.00000000e+00 2.77608300e+00 -2.74035543e-01
0.00000000e+00 2.77608300e+00 -2.74035543e-01
0.00000000e+00 2.84393415e+00 -2.48308723e-01
0.00000000e+00 2.84089640e+00 -2.40297069e-01
0.00000000e+00 2.77304525e+00 -2.66023889e-01
0.00000000e+00 2.77304525e+00 -2.66023889e-01
0.00000000e+00 2.84089640e+00 -2.40297069e-01
0.00000000e+00 2.83785866e+00 -2.32285414e-01
0.00000000e+00 2.77000751e+00 -2.58012234e-01
0.00000000e+00 2.77000751e+00 -2.58012234e-01
0.00000000e+00 2.83785866e+00 -2.32285414e-01
0.00000000e+00 2.83482092e+00 -2.24273760e-01
0.00000000e+00 2.76696977e+00 -2.50000580e-01
0.00000000e+00 2.76696977e+00 -2.50000580e-01
0.00000000e+00 2.83482092e+00 -2.24273760e-01
0.00000000e+00 2.83178317e+00 -2.16262106e-01
0.00000000e+00 2.76393202e+00 -2.41988926e-01
0.00000000e+00 2.85870496e+00 -2.88522692e-01
0.00000000e+00 2.92730264e+00 -2.63416402e-01
0.00000000e+00 2.92435776e+00 -2.55370149e-01
0.00000000e+00 2.85576008e+00 -2.80476439e-01
0.00000000e+00 2.85576008e+00 -2.80476439e-01
0.00000000e+00 2.92435776e+00 -2.55370149e-01
0.00000000e+00 2.92141289e+00 -2.47323895e-01
0.00000000e+00 2.85281521e+00 -2.72430185e-01
0.00000000e+00 2.85281521e+00 -2.72430185e-01
0.00000000e+00 2.92141289e+00 -2.47323895e-01
0.00000000e+00 2.91846801e+00 -2.39277641e-01
0.00000000e+00 2.84987033e+00 -2.64383931e-01
0.00000000e+00 2.84987033e+00 -2.64383931e-01
0.00000000e+00 2.91846801e+00 -2.39277641e-01
0.00000000e+00 2.91552314e+00 -2.31231387e-01
0.00000000e+00 2.84692546e+00 -2.56337677e-01
0.00000000e+00 2.84692546e+00 -2.56337677e-01
0.00000000e+00 2.91552314e+00 -2.31231387e-01
0.00000000e+00 2.91257826e+00 -2.23185133e-01
0.00000000e+00 2.84398058e+00 -2.48291423e-01
0.00000000e+00 2.84398058e+00 -2.48291423e-01
0.00000000e+00 2.91257826e+00 -2.23185133e-01
0.00000000e+00 2.90963339e+00 -2.15138879e-01
0.00000000e+00 2.84103571e+00 -2.40245169e-01
0.00000000e+00 2.84103571e+00 -2.40245169e-01
0.00000000e+00 2.90963339e+00 -2.15138879e-01
0.00000000e+00 2.90668851e+00 -2.07092625e-01
0.00000000e+00 2.83809083e+00 -2.32198915e-01
0.00000000e+00 2.83809083e+00 -2.32198915e-01
0.00000000e+00 2.90668851e+00 -2.07092625e-01
0.00000000e+00 2.90374364e+00 -1.99046371e-01
0.00000000e+00 2.83514596e+00 -2.24152661e-01
0.00000000e+00 2.83514596e+00 -2.24152661e-01
0.00000000e+00 2.90374364e+00 -1.99046371e-01
0.00000000e+00 2.90079876e+00 -1.91000118e-01
0.00000000e+00 2.83220108e+00 -2.16106408e-01
0.00000000e+00 2.92635590e+00 -2.63748998e-01
0.00000000e+00 2.99539740e+00 -2.40499078e-01
0.00000000e+00 2.99266291e+00 -2.32378914e-01
0.00000000e+00 2.92362141e+00 -2.55628834e-01
0.00000000e+00 2.92362141e+00 -2.55628834e-01
0.00000000e+00 2.99266291e+00 -2.32378914e-01
0.00000000e+00 2.98992842e+00 -2.24258750e-01
0.00000000e+00 2.92088692e+00 -2.47508670e-01
0.00000000e+00 2.92088692e+00 -2.47508670e-01
0.00000000e+00 2.98992842e+00 -2.24258750e-01
0.00000000e+00 2.98719393e+00 -2.16138586e-01
0.00000000e+00 2.91815243e+00 -2.39388506e-01
0.00000000e+00 2.91815243e+00 -2.39388506e-01
0.00000000e+00 2.98719393e+00 -2.16138586e-01
0.00000000e+00 2.98445944e+00 -2.08018422e-01
0.00000000e+00 2.91541794e+00 -2.31268342e-01
0.00000000e+00 2.91541794e+00 -2.31268342e-01
0.00000000e+00 2.98445944e+00 -2.08018422e-01
0.00000000e+00 2.98172496e+00 -1.99898258e-01
0.00000000e+00 2.91268346e+00 -2.23148178e-01
0.00000000e+00 2.91268346e+00 -2.23148178e-01
0.00000000e+00 2.98172496e+00 -1.99898258e-01
0.00000000e+00 2.97899047e+00 -1.91778094e-01
0.00000000e+00 2.90994897e+00 -2.15028014e-01
0.00000000e+00 2.90994897e+00 -2.15028014e-01
0.00000000e+00 2.97899047e+00 -1.91778094e-01
0.00000000e+00 2.97625598e+00 -1.83657930e-01
0.00000000e+00 2.90721448e+00 -2.06907850e-01
0.00000000e+00 2.90721448e+00 -2.06907850e-01
0.00000000e+00 2.97625598e+00 -1.83657930e-01
0.00000000e+00 2.97352149e+00 -1.75537766e-01
0.00000000e+00 2.90447999e+00 -1.98787686e-01
0.00000000e+00 2.90447999e+00 -1.98787686e-01
0.00000000e+00 2.97352149e+00 -1.75537766e-01
0.00000000e+00 2.97078700e+00 -1.67417602e-01
0.00000000e+00 2.90174550e+00 -1.90667522e-01
0.00000000e+00 2.99536158e+00 -2.40511121e-01
0.00000000e+00 3.06396573e+00 -2.17483321e-01
0.00000000e+00 3.06123920e+00 -2.09360481e-01
0.00000000e+00 2.99263505e+00 -2.32388281e-01
0.00000000e+00 2.99263505e+00 -2.32388281e-01
0.00000000e+00 3.06123920e+00 -2.09360481e-01
0.00000000e+00 3.05851267e+00 -2.01237641e-01
0.00000000e+00 2.98990852e+00 -2.24265441e-01
0.00000000e+00 2.98990852e+00 -2.24265441e-01
0.00000000e+00 3.05851267e+00 -2.01237641e-01
0.00000000e+00 3.05578614e+00 -1.93114800e-01
0.00000000e+00 2.98718199e+00 -2.16142600e-01
0.00000000e+00 2.98718199e+00 -2.16142600e-01
0.00000000e+00 3.05578614e+00 -1.93114800e-01
0.00000000e+00 3.05305961e+00 -1.84991960e-01
0.00000000e+00 2.98445546e+00 -2.08019760e-01
0.00000000e+00 2.98445546e+00 -2.08019760e-01
0.00000000e+00 3.05305961e+00 -1.84991960e-01
0.00000000e+00 3.05033309e+00 -1.76869120e-01
0.00000000e+00 2.98172894e+00 -1.99896920e-01
0.00000000e+00 2.98172894e+00 -1.99896920e-01
0.00000000e+00 3.05033309e+00 -1.76869120e-01
0.00000000e+00 3.04760656e+00 -1.68746280e-01
0.00000000e+00 2.97900241e+00 -1.91774080e-01
0.00000000e+00 2.97900241e+00 -1.91774080e-01
0.00000000e+00 3.04760656e+00 -1.68746280e-01
0.00000000e+00 3.04488003e+00 -1.60623439e-01
0.00000000e+00 2.97627588e+00 -1.83651239e-01
0.00000000e+00 2.97627588e+00 -1.83651239e-01
0.00000000e+00 3.04488003e+00 -1.60623439e-01
0.00000000e+00 3.04215350e+00 -1.52500599e-01
0.00000000e+00 2.97354935e+00 -1.75528399e-01
0.00000000e+00 2.97354935e+00 -1.75528399e-01
0.00000000e+00 3.04215350e+00 -1.52500599e-01
0.00000000e+00 3.03942697e+00 -1.44377759e-01
0.00000000e+00 2.97082282e+00 -1.67405559e-01
0.00000000e+00 3.06392797e+00 -2.17495973e-01
0.00000000e+00 3.13325669e+00 -1.94304603e-01
0.00000000e+00 3.13053855e+00 -1.86178951e-01
0.00000000e+00 3.06120983e+00 -2.09370321e-01
0.00000000e+00 3.06120983e+00 -2.09370321e-01
0.00000000e+00 3.13053855e+00 -1.86178951e-01
0.00000000e+00 3.12782041e+00 -1.78053300e-01
0.00000000e+00 3.05849169e+00 -2.01244670e-01
0.00000000e+00 3.05849169e+00 -2.01244670e-01
0.00000000e+00 3.12782041e+00 -1.78053300e-01
0.00000000e+00 3.12510228e+00 -1.69927648e-01
0.00000000e+00 3.05577356e+00 -1.93119018e-01
0.00000000e+00 3.05577356e+00 -1.93119018e-01
0.00000000e+00 3.12510228e+00 -1.69927648e-01
0.00000000e+00 3.12238414e+00 -1.61801996e-01
0.00000000e+00 3.05305542e+00 -1.84993366e-01
0.00000000e+00 3.05305542e+00 -1.84993366e-01
0.00000000e+00 3.12238414e+00 -1.61801996e-01
0.00000000e+00 3.11966600e+00 -1.53676344e-01
0.00000000e+00 3.05033728e+00 -1.76867714e-01
0.00000000e+00 3.05033728e+00 -1.76867714e-01
0.00000000e+00 3.11966600e+00 -1.53676344e-01
0.00000000e+00 3.11694786e+00 -1.45550692e-01
0.00000000e+00 3.04761914e+00 -1.68742062e-01
0.00000000e+00 3.04761914e+00 -1.68742062e-01
0.00000000e+00 3.11694786e+00 -1.45550692e-01
0.00000000e+00 3.11422973e+00 -1.37425040e-01
0.00000000e+00 3.04490101e+00 -1.60616410e-01
0.00000000e+00 3.04490101e+00 -1.60616410e-01
0.00000000e+00 3.11422973e+00 -1.37425040e-01
0.00000000e+00 3.11151159e+00 -1.29299389e-01
0.00000000e+00 3.04218287e+00 -1.52490759e-01
0.00000000e+00 3.04218287e+00 -1.52490759e-01
0.00000000e+00 3.11151159e+00 -1.29299389e-01
0.00000000e+00 3.10879345e+00 -1.21173737e-01
0.00000000e+00 3.03946473e+00 -1.44365107e-01
0.00000000e+00 3.13181913e+00 -1.94754458e-01
0.00000000e+00 3.20207629e+00 -1.74266698e-01
0.00000000e+00 3.19967761e+00 -1.66041079e-01
0.00000000e+00 3.12942045e+00 -1.86528839e-01
0.00000000e+00 3.12942045e+00 -1.86528839e-01
0.00000000e+00 3.19967761e+00 -1.66041079e-01
0.00000000e+00 3.19727893e+00 -1.57815459e-01
0.00000000e+00 3.12702177e+00 -1.78303219e-01
0.00000000e+00 3.12702177e+00 -1.78303219e-01
0.00000000e+00 3.19727893e+00 -1.57815459e-01
0.00000000e+00 3.19488025e+00 -1.49589839e-01
0.00000000e+00 3.12462309e+00 -1.70077599e-01
0.00000000e+00 3.12462309e+00 -1.70077599e-01
0.00000000e+00 3.19488025e+00 -1.49589839e-01
0.00000000e+00 3.19248157e+00 -1.41364220e-01
0.00000000e+00 3.12222441e+00 -1.61851980e-01
0.00000000e+00 3.12222441e+00 -1.61851980e-01
0.00000000e+00 3.19248157e+00 -1.41364220e-01
0.00000000e+00 3.19008289e+00 -1.33138600e-01
0.00000000e+00 3.11982573e+00 -1.53626360e-01
0.00000000e+00 3.11982573e+00 -1.53626360e-01
0.00000000e+00 3.19008289e+00 -1.33138600e-01
0.00000000e+00 3.18768421e+00 -1.24912981e-01
0.00000000e+00 3.11742705e+00 -1.45400741e-01
0.00000000e+00 3.11742705e+00 -1.45400741e-01
0.00000000e+00 3.18768421e+00 -1.24912981e-01
0.00000000e+00 3.18528553e+00 -1.16687361e-01
0.00000000e+00 3.11502837e+00 -1.37175121e-01
0.00000000e+00 3.11502837e+00 -1.37175121e-01
0.00000000e+00 3.18528553e+00 -1.16687361e-01
0.00000000e+00 3.18288685e+00 -1.08461741e-01
0.00000000e+00 3.11262969e+00 -1.28949501e-01
0.00000000e+00 3.11262969e+00 -1.28949501e-01
0.00000000e+00 3.18288685e+00 -1.08461741e-01
0.00000000e+00 3.18048817e+00 -1.00236122e-01
0.00000000e+00 3.11023101e+00 -1.20723882e-01
0.00000000e+00 3.20187625e+00 -1.74324449e-01
0.00000000e+00 3.27156075e+00 -1.54411359e-01
0.00000000e+00 3.26920652e+00 -1.46172906e-01
0.00000000e+00 3.19952202e+00 -1.66085996e-01
0.00000000e+00 3.19952202e+00 -1.66085996e-01
0.00000000e+00 3.26920652e+00 -1.46172906e-01
0.00000000e+00 3.26685229e+00 -1.37934453e-01
0.00000000e+00 3.19716779e+00 -1.57847543e-01
0.00000000e+00 3.19716779e+00 -1.57847543e-01
0.00000000e+00 3.26685229e+00 -1.37934453e-01
0.00000000e+00 3.26449807e+00 -1.29696000e-01
0.00000000e+00 3.19481357e+00 -1.49609090e-01
0.00000000e+00 3.19481357e+00 -1.49609090e-01
0.00000000e+00 3.26449807e+00 -1.29696000e-01
0.00000000e+00 3.26214384e+00 -1.21457547e-01
0.00000000e+00 3.19245934e+00 -1.41370637e-01
0.00000000e+00 3.19245934e+00 -1.41370637e-01
0.00000000e+00 3.26214384e+00 -1.21457547e-01
0.00000000e+00 3.25978962e+00 -1.13219093e-01
0.00000000e+00 3.19010512e+00 -1.33132183e-01
0.00000000e+00 3.19010512e+00 -1.33132183e-01
0.00000000e+00 3.25978962e+00 -1.13219093e-01
0.00000000e+00 3.25743539e+00 -1.04980640e-01
0.00000000e+00 3.18775089e+00 -1.24893730e-01
0.00000000e+00 3.18775089e+00 -1.24893730e-01
0.00000000e+00 3.25743539e+00 -1.04980640e-01
0.00000000e+00 3.25508117e+00 -9.67421873e-02
0.00000000e+00 3.18539667e+00 -1.16655277e-01
0.00000000e+00 3.18539667e+00 -1.16655277e-01
0.00000000e+00 3.25508117e+00 -9.67421873e-02
0.00000000e+00 3.25272694e+00 -8.85037342e-02
0.00000000e+00 3.18304244e+00 -1.08416824e-01
0.00000000e+00 3.18304244e+00 -1.08416824e-01
0.00000000e+00 3.25272694e+00 -8.85037342e-02
0.00000000e+00 3.25037271e+00 -8.02652811e-02
0.00000000e+00 3.18068821e+00 -1.00178371e-01
0.00000000e+00 3.27147794e+00 -1.54434923e-01
0.00000000e+00 3.34167673e+00 -1.34544313e-01
0.00000000e+00 3.33934090e+00 -1.26300623e-01
0.00000000e+00 3.26914211e+00 -1.46191233e-01
0.00000000e+00 3.26914211e+00 -1.46191233e-01
0.00000000e+00 3.33934090e+00 -1.26300623e-01
0.00000000e+00 3.33700508e+00 -1.18056934e-01
0.00000000e+00 3.26680629e+00 -1.37947544e-01
0.00000000e+00 3.26680629e+00 -1.37947544e-01
0.00000000e+00 3.33700508e+00 -1.18056934e-01
0.00000000e+00 3.33466926e+00 -1.09813244e-01
0.00000000e+00 3.26447047e+00 -1.29703854e-01
0.00000000e+00 3.26447047e+00 -1.29703854e-01
0.00000000e+00 3.33466926e+00 -1.09813244e-01
0.00000000e+00 3.33233343e+00 -1.01569555e-01
0.00000000e+00 3.26213464e+00 -1.21460165e-01
0.00000000e+00 3.26213464e+00 -1.21460165e-01
0.00000000e+00 3.33233343e+00 -1.01569555e-01
0.00000000e+00 3.32999761e+00 -9.33258653e-02
0.00000000e+00 3.25979882e+00 -1.13216475e-01
0.00000000e+00 3.25979882e+00 -1.13216475e-01
0.00000000e+00 3.32999761e+00 -9.33258653e-02
0.00000000e+00 3.32766178e+00 -8.50821758e-02
0.00000000e+00 3.25746299e+00 -1.04972786e-01
0.00000000e+00 3.25746299e+00 -1.04972786e-01
0.00000000e+00 3.32766178e+00 -8.50821758e-02
0.00000000e+00 3.32532596e+00 -7.68384864e-02
0.00000000e+00 3.25512717e+00 -9.67290964e-02
0.00000000e+00 3.25512717e+00 -9.67290964e-02
0.00000000e+00 3.32532596e+00 -7.68384864e-02
0.00000000e+00 3.32299014e+00 -6.85947969e-02
0.00000000e+00 3.25279135e+00 -8.84854069e-02
0.00000000e+00 3.25279135e+00 -8.84854069e-02
0.00000000e+00 3.32299014e+00 -6.85947969e-02
0.00000000e+00 3.32065431e+00 -6.03511074e-02
0.00000000e+00 3.25045552e+00 -8.02417174e-02
0.00000000e+00 3.34053833e+00 -1.34848162e-01
0.00000000e+00 3.41159310e+00 -1.17041342e-01
0.00000000e+00 3.40951026e+00 -1.08730130e-01
0.00000000e+00 3.33845549e+00 -1.26536950e-01
0.00000000e+00 3.33845549e+00 -1.26536950e-01
0.00000000e+00 3.40951026e+00 -1.08730130e-01
0.00000000e+00 3.40742741e+00 -1.00418919e-01
0.00000000e+00 3.33637264e+00 -1.18225739e-01
0.00000000e+00 3.33637264e+00 -1.18225739e-01
0.00000000e+00 3.40742741e+00 -1.00418919e-01
0.00000000e+00 3.40534456e+00 -9.21077072e-02
0.00000000e+00 3.33428979e+00 -1.09914527e-01
0.00000000e+00 3.33428979e+00 -1.09914527e-01
0.00000000e+00 3.40534456e+00 -9.21077072e-02
0.00000000e+00 3.40326171e+00 -8.37964957e-02
0.00000000e+00 3.33220694e+00 -1.01603316e-01
0.00000000e+00 3.33220694e+00 -1.01603316e-01
0.00000000e+00 3.40326171e+00 -8.37964957e-02
0.00000000e+00 3.40117887e+00 -7.54852843e-02
0.00000000e+00 3.33012410e+00 -9.32921043e-02
0.00000000e+00 3.33012410e+00 -9.32921043e-02
0.00000000e+00 3.40117887e+00 -7.54852843e-02
0.00000000e+00 3.39909602e+00 -6.71740728e-02
0.00000000e+00 3.32804125e+00 -8.49808928e-02
0.00000000e+00 3.32804125e+00 -8.49808928e-02
0.00000000e+00 3.39909602e+00 -6.71740728e-02
0.00000000e+00 3.39701317e+00 -5.88628614e-02
0.00000000e+00 3.32595840e+00 -7.66696814e-02
0.00000000e+00 3.32595840e+00 -7.66696814e-02
0.00000000e+00 3.39701317e+00 -5.88628614e-02
0.00000000e+00 3.39493032e+00 -5.05516499e-02
0.00000000e+00 3.32387555e+00 -6.83584699e-02
0.00000000e+00 3.32387555e+00 -6.83584699e-02
0.00000000e+00 3.39493032e+00 -5.05516499e-02
0.00000000e+00 3.39284748e+00 -4.22404385e-02
0.00000000e+00 3.32179271e+00 -6.00472585e-02
0.00000000e+00 3.41092266e+00 -1.17203000e-01
0.00000000e+00 3.48174178e+00 -1.00795660e-01
0.00000000e+00 3.47980792e+00 -9.24485247e-02
0.00000000e+00 3.40898880e+00 -1.08855865e-01
0.00000000e+00 3.40898880e+00 -1.08855865e-01
0.00000000e+00 3.47980792e+00 -9.24485247e-02
0.00000000e+00 3.47787406e+00 -8.41013891e-02
0.00000000e+00 3.40705494e+00 -1.00508729e-01
0.00000000e+00 3.40705494e+00 -1.00508729e-01
0.00000000e+00 3.47787406e+00 -8.41013891e-02
0.00000000e+00 3.47594020e+00 -7.57542534e-02
0.00000000e+00 3.40512108e+00 -9.21615934e-02
0.00000000e+00 3.40512108e+00 -9.21615934e-02
0.00000000e+00 3.47594020e+00 -7.57542534e-02
0.00000000e+00 3.47400634e+00 -6.74071178e-02
0.00000000e+00 3.40318722e+00 -8.38144578e-02
0.00000000e+00 3.40318722e+00 -8.38144578e-02
0.00000000e+00 3.47400634e+00 -6.74071178e-02
0.00000000e+00 3.47207248e+00 -5.90599822e-02
0.00000000e+00 3.40125336e+00 -7.54673222e-02
0.00000000e+00 3.40125336e+00 -7.54673222e-02
0.00000000e+00 3.47207248e+00 -5.90599822e-02
0.00000000e+00 3.47013862e+00 -5.07128466e-02
0.00000000e+00 3.39931950e+00 -6.71201866e-02
0.00000000e+00 3.39931950e+00 -6.71201866e-02
0.00000000e+00 3.47013862e+00 -5.07128466e-02
0.00000000e+00 3.46820476e+00 -4.23657109e-02
0.00000000e+00 3.39738564e+00 -5.87730509e-02
0.00000000e+00 3.39738564e+00 -5.87730509e-02
0.00000000e+00 3.46820476e+00 -4.23657109e-02
0.00000000e+00 3.46627090e+00 -3.40185753e-02
0.00000000e+00 3.39545178e+00 -5.04259153e-02
0.00000000e+00 3.39545178e+00 -5.04259153e-02
0.00000000e+00 3.46627090e+00 -3.40185753e-02
0.00000000e+00 3.46433704e+00 -2.56714397e-02
0.00000000e+00 3.39351792e+00 -4.20787797e-02
0.00000000e+00 3.48169742e+00 -1.00805910e-01
0.00000000e+00 3.55289211e+00 -8.44001095e-02
0.00000000e+00 3.55096811e+00 -7.60506963e-02
0.00000000e+00 3.47977342e+00 -9.24564963e-02
0.00000000e+00 3.47977342e+00 -9.24564963e-02
0.00000000e+00 3.55096811e+00 -7.60506963e-02
0.00000000e+00 3.54904411e+00 -6.77012831e-02
0.00000000e+00 3.47784942e+00 -8.41070831e-02
0.00000000e+00 3.47784942e+00 -8.41070831e-02
0.00000000e+00 3.54904411e+00 -6.77012831e-02
0.00000000e+00 3.54712010e+00 -5.93518698e-02
0.00000000e+00 3.47592541e+00 -7.57576698e-02
0.00000000e+00 3.47592541e+00 -7.57576698e-02
0.00000000e+00 3.54712010e+00 -5.93518698e-02
0.00000000e+00 3.54519610e+00 -5.10024566e-02
0.00000000e+00 3.47400141e+00 -6.74082566e-02
0.00000000e+00 3.47400141e+00 -6.74082566e-02
0.00000000e+00 3.54519610e+00 -5.10024566e-02
0.00000000e+00 3.54327210e+00 -4.26530434e-02
0.00000000e+00 3.47207741e+00 -5.90588434e-02
0.00000000e+00 3.47207741e+00 -5.90588434e-02
0.00000000e+00 3.54327210e+00 -4.26530434e-02
0.00000000e+00 3.54134810e+00 -3.43036302e-02
0.00000000e+00 3.47015341e+00 -5.07094302e-02
0.00000000e+00 3.47015341e+00 -5.07094302e-02
0.00000000e+00 3.54134810e+00 -3.43036302e-02
0.00000000e+00 3.53942409e+00 -2.59542169e-02
0.00000000e+00 3.46822940e+00 -4.23600169e-02
0.00000000e+00 3.46822940e+00 -4.23600169e-02
0.00000000e+00 3.53942409e+00 -2.59542169e-02
0.00000000e+00 3.53750009e+00 -1.76048037e-02
0.00000000e+00 3.46630540e+00 -3.40106037e-02
0.00000000e+00 3.46630540e+00 -3.40106037e-02
0.00000000e+00 3.53750009e+00 -1.76048037e-02
0.00000000e+00 3.53557609e+00 -9.25539047e-03
0.00000000e+00 3.46438140e+00 -2.56611905e-02
0.00000000e+00 3.55150823e+00 -8.46923829e-02
0.00000000e+00 3.62363557e+00 -7.08360829e-02
0.00000000e+00 3.62201910e+00 -6.24217200e-02
0.00000000e+00 3.54989176e+00 -7.62780200e-02
0.00000000e+00 3.54989176e+00 -7.62780200e-02
0.00000000e+00 3.62201910e+00 -6.24217200e-02
0.00000000e+00 3.62040262e+00 -5.40073572e-02
0.00000000e+00 3.54827528e+00 -6.78636572e-02
0.00000000e+00 3.54827528e+00 -6.78636572e-02
0.00000000e+00 3.62040262e+00 -5.40073572e-02
0.00000000e+00 3.61878615e+00 -4.55929943e-02
0.00000000e+00 3.54665881e+00 -5.94492943e-02
0.00000000e+00 3.54665881e+00 -5.94492943e-02
0.00000000e+00 3.61878615e+00 -4.55929943e-02
0.00000000e+00 3.61716968e+00 -3.71786314e-02
0.00000000e+00 3.54504234e+00 -5.10349314e-02
0.00000000e+00 3.54504234e+00 -5.10349314e-02
0.00000000e+00 3.61716968e+00 -3.71786314e-02
0.00000000e+00 3.61555320e+00 -2.87642686e-02
0.00000000e+00 3.54342586e+00 -4.26205686e-02
0.00000000e+00 3.54342586e+00 -4.26205686e-02
0.00000000e+00 3.61555320e+00 -2.87642686e-02
0.00000000e+00 3.61393673e+00 -2.03499057e-02
0.00000000e+00 3.54180939e+00 -3.42062057e-02
0.00000000e+00 3.54180939e+00 -3.42062057e-02
0.00000000e+00 3.61393673e+00 -2.03499057e-02
0.00000000e+00 3.61232026e+00 -1.19355428e-02
0.00000000e+00 3.54019292e+00 -2.57918428e-02
0.00000000e+00 3.54019292e+00 -2.57918428e-02
0.00000000e+00 3.61232026e+00 -1.19355428e-02
0.00000000e+00 3.61070378e+00 -3.52117996e-03
0.00000000e+00 3.53857644e+00 -1.73774800e-02
0.00000000e+00 3.53857644e+00 -1.73774800e-02
0.00000000e+00 3.61070378e+00 -3.52117996e-03
0.00000000e+00 3.60908731e+00 4.89318291e-03
0.00000000e+00 3.53695997e+00 -8.96311709e-03
0.00000000e+00 3.62280662e+00 -7.09859615e-02
0.00000000e+00 3.69456471e+00 -5.88197215e-02
0.00000000e+00 3.69313245e+00 -5.03720523e-02
0.00000000e+00 3.62137436e+00 -6.25382923e-02
0.00000000e+00 3.62137436e+00 -6.25382923e-02
0.00000000e+00 3.69313245e+00 -5.03720523e-02
0.00000000e+00 3.69170018e+00 -4.19243831e-02
0.00000000e+00 3.61994209e+00 -5.40906231e-02
0.00000000e+00 3.61994209e+00 -5.40906231e-02
0.00000000e+00 3.69170018e+00 -4.19243831e-02
0.00000000e+00 3.69026792e+00 -3.34767138e-02
0.00000000e+00 3.61850983e+00 -4.56429538e-02
0.00000000e+00 3.61850983e+00 -4.56429538e-02
0.00000000e+00 3.69026792e+00 -3.34767138e-02
0.00000000e+00 3.68883566e+00 -2.50290446e-02
0.00000000e+00 3.61707757e+00 -3.71952846e-02
0.00000000e+00 3.61707757e+00 -3.71952846e-02
0.00000000e+00 3.68883566e+00 -2.50290446e-02
0.00000000e+00 3.68740340e+00 -1.65813754e-02
0.00000000e+00 3.61564531e+00 -2.87476154e-02
0.00000000e+00 3.61564531e+00 -2.87476154e-02
0.00000000e+00 3.68740340e+00 -1.65813754e-02
0.00000000e+00 3.68597114e+00 -8.13370617e-03
0.00000000e+00 3.61421305e+00 -2.02999462e-02
0.00000000e+00 3.61421305e+00 -2.02999462e-02
0.00000000e+00 3.68597114e+00 -8.13370617e-03
0.00000000e+00 3.68453888e+00 3.13963058e-04
0.00000000e+00 3.61278079e+00 -1.18522769e-02
0.00000000e+00 3.61278079e+00 -1.18522769e-02
0.00000000e+00 3.68453888e+00 3.13963058e-04
0.00000000e+00 3.68310661e+00 8.76163228e-03
0.00000000e+00 3.61134852e+00 -3.40460772e-03
0.00000000e+00 3.61134852e+00 -3.40460772e-03
0.00000000e+00 3.68310661e+00 8.76163228e-03
0.00000000e+00 3.68167435e+00 1.72093015e-02
0.00000000e+00 3.60991626e+00 5.04306150e-03
0.00000000e+00 3.69449496e+00 -5.88314815e-02
0.00000000e+00 3.76680462e+00 -4.67081515e-02
0.00000000e+00 3.76538786e+00 -3.82578689e-02
0.00000000e+00 3.69307820e+00 -5.03811989e-02
0.00000000e+00 3.69307820e+00 -5.03811989e-02
0.00000000e+00 3.76538786e+00 -3.82578689e-02
0.00000000e+00 3.76397109e+00 -2.98075864e-02
0.00000000e+00 3.69166143e+00 -4.19309164e-02
0.00000000e+00 3.69166143e+00 -4.19309164e-02
0.00000000e+00 3.76397109e+00 -2.98075864e-02
0.00000000e+00 3.76255433e+00 -2.13573038e-02
0.00000000e+00 3.69024467e+00 -3.34806338e-02
0.00000000e+00 3.69024467e+00 -3.34806338e-02
0.00000000e+00 3.76255433e+00 -2.13573038e-02
0.00000000e+00 3.76113757e+00 -1.29070213e-02
0.00000000e+00 3.68882791e+00 -2.50303513e-02
0.00000000e+00 3.68882791e+00 -2.50303513e-02
0.00000000e+00 3.76113757e+00 -1.29070213e-02
0.00000000e+00 3.75972081e+00 -4.45673872e-03
0.00000000e+00 3.68741115e+00 -1.65800687e-02
0.00000000e+00 3.68741115e+00 -1.65800687e-02
0.00000000e+00 3.75972081e+00 -4.45673872e-03
0.00000000e+00 3.75830405e+00 3.99354383e-03
0.00000000e+00 3.68599439e+00 -8.12978617e-03
0.00000000e+00 3.68599439e+00 -8.12978617e-03
0.00000000e+00 3.75830405e+00 3.99354383e-03
0.00000000e+00 3.75688729e+00 1.24438264e-02
0.00000000e+00 3.68457763e+00 3.20496375e-04
0.00000000e+00 3.68457763e+00 3.20496375e-04
0.00000000e+00 3.75688729e+00 1.24438264e-02
0.00000000e+00 3.75547052e+00 2.08941089e-02
0.00000000e+00 3.68316086e+00 8.77077893e-03
0.00000000e+00 3.68316086e+00 8.77077893e-03
0.00000000e+00 3.75547052e+00 2.08941089e-02
0.00000000e+00 3.75405376e+00 2.93443915e-02
0.00000000e+00 3.68174410e+00 1.72210615e-02
0.00000000e+00 3.76172246e+00 2.98534396e-02
0.00000000e+00 3.83600912e+00 2.73603296e-02
0.00000000e+00 3.83572173e+00 1.87969252e-02
0.00000000e+00 3.76143507e+00 2.12900352e-02
0.00000000e+00 3.76143507e+00 2.12900352e-02
0.00000000e+00 3.83572173e+00 1.87969252e-02
0.00000000e+00 3.83543433e+00 1.02335209e-02
0.00000000e+00 3.76114767e+00 1.27266309e-02
0.00000000e+00 3.76114767e+00 1.27266309e-02
0.00000000e+00 3.83543433e+00 1.02335209e-02
0.00000000e+00 3.83514694e+00 1.67011653e-03
0.00000000e+00 3.76086028e+00 4.16322653e-03
0.00000000e+00 3.76086028e+00 4.16322653e-03
0.00000000e+00 3.83514694e+00 1.67011653e-03
0.00000000e+00 3.83485955e+00 -6.89328782e-03
0.00000000e+00 3.76057289e+00 -4.40017782e-03
0.00000000e+00 3.76057289e+00 -4.40017782e-03
0.00000000e+00 3.83485955e+00 -6.89328782e-03
0.00000000e+00 3.83457215e+00 -1.54566922e-02
0.00000000e+00 3.76028549e+00 -1.29635822e-02
0.00000000e+00 3.76028549e+00 -1.29635822e-02
0.00000000e+00 3.83457215e+00 -1.54566922e-02
0.00000000e+00 3.83428476e+00 -2.40200965e-02
0.00000000e+00 3.75999810e+00 -2.15269865e-02
0.00000000e+00 3.75999810e+00 -2.15269865e-02
0.00000000e+00 3.83428476e+00 -2.40200965e-02
0.00000000e+00 3.83399737e+00 -3.25835009e-02
0.00000000e+00 3.75971071e+00 -3.00903909e-02
0.00000000e+00 3.75971071e+00 -3.00903909e-02
0.00000000e+00 3.83399737e+00 -3.25835009e-02
0.00000000e+00 3.83370997e+00 -4.11469052e-02
0.00000000e+00 3.75942331e+00 -3.86537952e-02
0.00000000e+00 3.75942331e+00 -3.86537952e-02
0.00000000e+00 3.83370997e+00 -4.11469052e-02
0.00000000e+00 3.83342258e+00 -4.97103096e-02
0.00000000e+00 3.75913592e+00 -4.72171996e-02
0.00000000e+00 3.83547531e+00 5.10758330e-03
0.00000000e+00 3.91093916e+00 1.58778330e-03
0.00000000e+00 3.91077039e+00 -2.03056633e-03
0.00000000e+00 3.83530654e+00 1.48923367e-03
0.00000000e+00 3.83530654e+00 1.48923367e-03
0.00000000e+00 3.91077039e+00 -2.03056633e-03
0.00000000e+00 3.91060162e+00 -5.64891595e-03
0.00000000e+00 3.83513777e+00 -2.12911595e-03
0.00000000e+00 3.83513777e+00 -2.12911595e-03
0.00000000e+00 3.91060162e+00 -5.64891595e-03
0.00000000e+00 3.91043285e+00 -9.26726557e-03
0.00000000e+00 3.83496900e+00 -5.74746557e-03
0.00000000e+00 3.83496900e+00 -5.74746557e-03
0.00000000e+00 3.91043285e+00 -9.26726557e-03
0.00000000e+00 3.91026408e+00 -1.28856152e-02
0.00000000e+00 3.83480023e+00 -9.36581519e-03
0.00000000e+00 3.83480023e+00 -9.36581519e-03
0.00000000e+00 3.91026408e+00 -1.28856152e-02
0.00000000e+00 3.91009532e+00 -1.65039648e-02
0.00000000e+00 3.83463147e+00 -1.29841648e-02
0.00000000e+00 3.83463147e+00 -1.29841648e-02
0.00000000e+00 3.91009532e+00 -1.65039648e-02
0.00000000e+00 3.90992655e+00 -2.01223144e-02
0.00000000e+00 3.83446270e+00 -1.66025144e-02
0.00000000e+00 3.83446270e+00 -1.66025144e-02
0.00000000e+00 3.90992655e+00 -2.01223144e-02
0.00000000e+00 3.90975778e+00 -2.37406641e-02
0.00000000e+00 3.83429393e+00 -2.02208641e-02
0.00000000e+00 3.83429393e+00 -2.02208641e-02
0.00000000e+00 3.90975778e+00 -2.37406641e-02
0.00000000e+00 3.90958901e+00 -2.73590137e-02
0.00000000e+00 3.83412516e+00 -2.38392137e-02
0.00000000e+00 3.83412516e+00 -2.38392137e-02
0.00000000e+00 3.90958901e+00 -2.73590137e-02
0.00000000e+00 3.90942024e+00 -3.09773633e-02
0.00000000e+00 3.83395639e+00 -2.74575633e-02
0.00000000e+00 3.91157013e+00 -3.09356546e-02
0.00000000e+00 3.98617420e+00 -2.45485946e-02
0.00000000e+00 3.98586521e+00 -2.09395136e-02
0.00000000e+00 3.91126114e+00 -2.73265736e-02
0.00000000e+00 3.91126114e+00 -2.73265736e-02
0.00000000e+00 3.98586521e+00 -2.09395136e-02
0.00000000e+00 3.98555623e+00 -1.73304326e-02
0.00000000e+00 3.91095216e+00 -2.37174926e-02
0.00000000e+00 3.91095216e+00 -2.37174926e-02
0.00000000e+00 3.98555623e+00 -1.73304326e-02
0.00000000e+00 3.98524725e+00 -1.37213515e-02
0.00000000e+00 3.91064318e+00 -2.01084115e-02
0.00000000e+00 3.91064318e+00 -2.01084115e-02
0.00000000e+00 3.98524725e+00 -1.37213515e-02
0.00000000e+00 3.98493826e+00 -1.01122705e-02
0.00000000e+00 3.91033419e+00 -1.64993305e-02
0.00000000e+00 3.91033419e+00 -1.64993305e-02
0.00000000e+00 3.98493826e+00 -1.01122705e-02
0.00000000e+00 3.98462928e+00 -6.50318949e-03
0.00000000e+00 3.91002521e+00 -1.28902495e-02
0.00000000e+00 3.91002521e+00 -1.28902495e-02
0.00000000e+00 3.98462928e+00 -6.50318949e-03
0.00000000e+00 3.98432029e+00 -2.89410847e-03
0.00000000e+00 3.90971622e+00 -9.28116847e-03
0.00000000e+00 3.90971622e+00 -9.28116847e-03
0.00000000e+00 3.98432029e+00 -2.89410847e-03
0.00000000e+00 3.98401131e+00 7.14972555e-04
0.00000000e+00 3.90940724e+00 -5.67208744e-03
0.00000000e+00 3.90940724e+00 -5.67208744e-03
0.00000000e+00 3.98401131e+00 7.14972555e-04
0.00000000e+00 3.98370233e+00 4.32405358e-03
0.00000000e+00 3.90909826e+00 -2.06300642e-03
0.00000000e+00 3.90909826e+00 -2.06300642e-03
0.00000000e+00 3.98370233e+00 4.32405358e-03
0.00000000e+00 3.98339334e+00 7.93313460e-03
0.00000000e+00 3.90878927e+00 1.54607460e-03
0.00000000e+00 3.98540448e+00 -2.45961825e-02
0.00000000e+00 4.06017831e+00 -2.17467525e-02
0.00000000e+00 4.06004037e+00 -1.81270964e-02
0.00000000e+00 3.98526654e+00 -2.09765264e-02
0.00000000e+00 3.98526654e+00 -2.09765264e-02
0.00000000e+00 4.06004037e+00 -1.81270964e-02
0.00000000e+00 4.05990244e+00 -1.45074403e-02
0.00000000e+00 3.98512861e+00 -1.73568703e-02
0.00000000e+00 3.98512861e+00 -1.73568703e-02
0.00000000e+00 4.05990244e+00 -1.45074403e-02
0.00000000e+00 4.05976450e+00 -1.08877842e-02
0.00000000e+00 3.98499067e+00 -1.37372142e-02
0.00000000e+00 3.98499067e+00 -1.37372142e-02
0.00000000e+00 4.05976450e+00 -1.08877842e-02
0.00000000e+00 4.05962657e+00 -7.26812806e-03
0.00000000e+00 3.98485274e+00 -1.01175581e-02
0.00000000e+00 3.98485274e+00 -1.01175581e-02
0.00000000e+00 4.05962657e+00 -7.26812806e-03
0.00000000e+00 4.05948863e+00 -3.64847194e-03
0.00000000e+00 3.98471480e+00 -6.49790194e-03
0.00000000e+00 3.98471480e+00 -6.49790194e-03
0.00000000e+00 4.05948863e+00 -3.64847194e-03
0.00000000e+00 4.05935070e+00 -2.88158302e-05
0.00000000e+00 3.98457687e+00 -2.87824583e-03
0.00000000e+00 3.98457687e+00 -2.87824583e-03
0.00000000e+00 4.05935070e+00 -2.88158302e-05
0.00000000e+00 4.05921276e+00 3.59084028e-03
0.00000000e+00 3.98443893e+00 7.41410283e-04
0.00000000e+00 3.98443893e+00 7.41410283e-04
0.00000000e+00 4.05921276e+00 3.59084028e-03
0.00000000e+00 4.05907483e+00 7.21049640e-03
0.00000000e+00 3.98430100e+00 4.36106640e-03
0.00000000e+00 3.98430100e+00 4.36106640e-03
0.00000000e+00 4.05907483e+00 7.21049640e-03
0.00000000e+00 4.05893689e+00 1.08301525e-02
0.00000000e+00 3.98416306e+00 7.98072251e-03
0.00000000e+00 4.06005658e+00 -2.17509357e-02
0.00000000e+00 4.13481950e+00 -1.94612157e-02
0.00000000e+00 4.13470862e+00 -1.58406300e-02
0.00000000e+00 4.05994570e+00 -1.81303500e-02
0.00000000e+00 4.05994570e+00 -1.81303500e-02
0.00000000e+00 4.13470862e+00 -1.58406300e-02
0.00000000e+00 4.13459773e+00 -1.22200443e-02
0.00000000e+00 4.05983481e+00 -1.45097643e-02
0.00000000e+00 4.05983481e+00 -1.45097643e-02
0.00000000e+00 4.13459773e+00 -1.22200443e-02
0.00000000e+00 4.13448685e+00 -8.59945858e-03
0.00000000e+00 4.05972393e+00 -1.08891786e-02
0.00000000e+00 4.05972393e+00 -1.08891786e-02
0.00000000e+00 4.13448685e+00 -8.59945858e-03
0.00000000e+00 4.13437596e+00 -4.97887286e-03
0.00000000e+00 4.05961304e+00 -7.26859286e-03
0.00000000e+00 4.05961304e+00 -7.26859286e-03
0.00000000e+00 4.13437596e+00 -4.97887286e-03
0.00000000e+00 4.13426508e+00 -1.35828714e-03
0.00000000e+00 4.05950216e+00 -3.64800714e-03
0.00000000e+00 4.05950216e+00 -3.64800714e-03
0.00000000e+00 4.13426508e+00 -1.35828714e-03
0.00000000e+00 4.13415419e+00 2.26229858e-03
0.00000000e+00 4.05939127e+00 -2.74214229e-05
0.00000000e+00 4.05939127e+00 -2.74214229e-05
0.00000000e+00 4.13415419e+00 2.26229858e-03
0.00000000e+00 4.13404331e+00 5.88288430e-03
0.00000000e+00 4.05928039e+00 3.59316430e-03
0.00000000e+00 4.05928039e+00 3.59316430e-03
0.00000000e+00 4.13404331e+00 5.88288430e-03
0.00000000e+00 4.13393242e+00 9.50347001e-03
0.00000000e+00 4.05916950e+00 7.21375001e-03
0.00000000e+00 4.05916950e+00 7.21375001e-03
0.00000000e+00 4.13393242e+00 9.50347001e-03
0.00000000e+00 4.13382154e+00 1.31240557e-02
0.00000000e+00 4.05905862e+00 1.08343357e-02
0.00000000e+00 4.13410623e+00 -1.94674464e-02
0.00000000e+00 4.20897218e+00 -2.04517464e-02
0.00000000e+00 4.20901980e+00 -1.68297761e-02
0.00000000e+00 4.13415385e+00 -1.58454761e-02
0.00000000e+00 4.13415385e+00 -1.58454761e-02
0.00000000e+00 4.20901980e+00 -1.68297761e-02
0.00000000e+00 4.20906742e+00 -1.32078058e-02
0.00000000e+00 4.13420147e+00 -1.22235058e-02
0.00000000e+00 4.13420147e+00 -1.22235058e-02
0.00000000e+00 4.20906742e+00 -1.32078058e-02
0.00000000e+00 4.20911504e+00 -9.58583546e-03
0.00000000e+00 4.13424909e+00 -8.60153546e-03
0.00000000e+00 4.13424909e+00 -8.60153546e-03
0.00000000e+00 4.20911504e+00 -9.58583546e-03
0.00000000e+00 4.20916266e+00 -5.96386515e-03
0.00000000e+00 4.13429671e+00 -4.97956515e-03
0.00000000e+00 4.13429671e+00 -4.97956515e-03
0.00000000e+00 4.20916266e+00 -5.96386515e-03
0.00000000e+00 4.20921028e+00 -2.34189485e-03
0.00000000e+00 4.13434433e+00 -1.35759485e-03
0.00000000e+00 4.13434433e+00 -1.35759485e-03
0.00000000e+00 4.20921028e+00 -2.34189485e-03
0.00000000e+00 4.20925790e+00 1.28007546e-03
0.00000000e+00 4.13439195e+00 2.26437546e-03
0.00000000e+00 4.13439195e+00 2.26437546e-03
0.00000000e+00 4.20925790e+00 1.28007546e-03
0.00000000e+00 4.20930552e+00 4.90204576e-03
0.00000000e+00 4.13443957e+00 5.88634576e-03
0.00000000e+00 4.13443957e+00 5.88634576e-03
0.00000000e+00 4.20930552e+00 4.90204576e-03
0.00000000e+00 4.20935314e+00 8.52401607e-03
0.00000000e+00 4.13448719e+00 9.50831607e-03
0.00000000e+00 4.13448719e+00 9.50831607e-03
0.00000000e+00 4.20935314e+00 8.52401607e-03
0.00000000e+00 4.20940076e+00 1.21459864e-02
0.00000000e+00 4.13453481e+00 1.31302864e-02
0.00000000e+00 4.20969497e+00 1.21394614e-02
0.00000000e+00 4.28450604e+00 9.80451138e-03
0.00000000e+00 4.28439304e+00 6.18399108e-03
0.00000000e+00 4.20958197e+00 8.51894108e-03
0.00000000e+00 4.20958197e+00 8.51894108e-03
0.00000000e+00 4.28439304e+00 6.18399108e-03
0.00000000e+00 4.28428004e+00 2.56347077e-03
0.00000000e+00 4.20946897e+00 4.89842077e-03
0.00000000e+00 4.20946897e+00 4.89842077e-03
0.00000000e+00 4.28428004e+00 2.56347077e-03
0.00000000e+00 4.28416704e+00 -1.05704954e-03
0.00000000e+00 4.20935597e+00 1.27790046e-03
0.00000000e+00 4.20935597e+00 1.27790046e-03
0.00000000e+00 4.28416704e+00 -1.05704954e-03
0.00000000e+00 4.28405404e+00 -4.67756985e-03
0.00000000e+00 4.20924297e+00 -2.34261985e-03
0.00000000e+00 4.20924297e+00 -2.34261985e-03
0.00000000e+00 4.28405404e+00 -4.67756985e-03
0.00000000e+00 4.28394104e+00 -8.29809015e-03
0.00000000e+00 4.20912997e+00 -5.96314015e-03
0.00000000e+00 4.20912997e+00 -5.96314015e-03
0.00000000e+00 4.28394104e+00 -8.29809015e-03
0.00000000e+00 4.28382804e+00 -1.19186105e-02
0.00000000e+00 4.20901697e+00 -9.58366046e-03
0.00000000e+00 4.20901697e+00 -9.58366046e-03
0.00000000e+00 4.28382804e+00 -1.19186105e-02
0.00000000e+00 4.28371504e+00 -1.55391308e-02
0.00000000e+00 4.20890397e+00 -1.32041808e-02
0.00000000e+00 4.20890397e+00 -1.32041808e-02
0.00000000e+00 4.28371504e+00 -1.55391308e-02
0.00000000e+00 4.28360204e+00 -1.91596511e-02
0.00000000e+00 4.20879097e+00 -1.68247011e-02
0.00000000e+00 4.20879097e+00 -1.68247011e-02
0.00000000e+00 4.28360204e+00 -1.91596511e-02
0.00000000e+00 4.28348904e+00 -2.27801714e-02
0.00000000e+00 4.20867797e+00 -2.04452214e-02
0.00000000e+00 4.28514102e+00 9.77228765e-03
0.00000000e+00 4.35989059e+00 4.51559765e-03
0.00000000e+00 4.35963648e+00 9.02238171e-04
0.00000000e+00 4.28488691e+00 6.15892817e-03
0.00000000e+00 4.28488691e+00 6.15892817e-03
0.00000000e+00 4.35963648e+00 9.02238171e-04
0.00000000e+00 4.35938237e+00 -2.71112131e-03
0.00000000e+00 4.28463280e+00 2.54556869e-03
0.00000000e+00 4.28463280e+00 2.54556869e-03
0.00000000e+00 4.35938237e+00 -2.71112131e-03
0.00000000e+00 4.35912827e+00 -6.32448078e-03
0.00000000e+00 4.28437870e+00 -1.06779078e-03
0.00000000e+00 4.28437870e+00 -1.06779078e-03
0.00000000e+00 4.35912827e+00 -6.32448078e-03
0.00000000e+00 4.35887416e+00 -9.93784026e-03
0.00000000e+00 4.28412459e+00 -4.68115026e-03
0.00000000e+00 4.28412459e+00 -4.68115026e-03
0.00000000e+00 4.35887416e+00 -9.93784026e-03
0.00000000e+00 4.35862006e+00 -1.35511997e-02
0.00000000e+00 4.28387049e+00 -8.29450974e-03
0.00000000e+00 4.28387049e+00 -8.29450974e-03
0.00000000e+00 4.35862006e+00 -1.35511997e-02
0.00000000e+00 4.35836595e+00 -1.71645592e-02
0.00000000e+00 4.28361638e+00 -1.19078692e-02
0.00000000e+00 4.28361638e+00 -1.19078692e-02
0.00000000e+00 4.35836595e+00 -1.71645592e-02
0.00000000e+00 4.35811185e+00 -2.07779187e-02
0.00000000e+00 4.28336228e+00 -1.55212287e-02
0.00000000e+00 4.28336228e+00 -1.55212287e-02
0.00000000e+00 4.35811185e+00 -2.07779187e-02
0.00000000e+00 4.35785774e+00 -2.43912782e-02
0.00000000e+00 4.28310817e+00 -1.91345882e-02
0.00000000e+00 4.28310817e+00 -1.91345882e-02
0.00000000e+00 4.35785774e+00 -2.43912782e-02
0.00000000e+00 4.35760363e+00 -2.80046376e-02
0.00000000e+00 4.28285406e+00 -2.27479476e-02
0.00000000e+00 4.36040372e+00 4.47135494e-03
0.00000000e+00 4.43505041e+00 -3.15454506e-03
0.00000000e+00 4.43468228e+00 -6.75807282e-03
0.00000000e+00 4.36003559e+00 8.67827175e-04
0.00000000e+00 4.36003559e+00 8.67827175e-04
0.00000000e+00 4.43468228e+00 -6.75807282e-03
0.00000000e+00 4.43431414e+00 -1.03616006e-02
0.00000000e+00 4.35966745e+00 -2.73570059e-03
0.00000000e+00 4.35966745e+00 -2.73570059e-03
0.00000000e+00 4.43431414e+00 -1.03616006e-02
0.00000000e+00 4.43394600e+00 -1.39651284e-02
0.00000000e+00 4.35929931e+00 -6.33922835e-03
0.00000000e+00 4.35929931e+00 -6.33922835e-03
0.00000000e+00 4.43394600e+00 -1.39651284e-02
0.00000000e+00 4.43357787e+00 -1.75686561e-02
0.00000000e+00 4.35893118e+00 -9.94275612e-03
0.00000000e+00 4.35893118e+00 -9.94275612e-03
0.00000000e+00 4.43357787e+00 -1.75686561e-02
0.00000000e+00 4.43320973e+00 -2.11721839e-02
0.00000000e+00 4.35856304e+00 -1.35462839e-02
0.00000000e+00 4.35856304e+00 -1.35462839e-02
0.00000000e+00 4.43320973e+00 -2.11721839e-02
0.00000000e+00 4.43284160e+00 -2.47757116e-02
0.00000000e+00 4.35819491e+00 -1.71498116e-02
0.00000000e+00 4.35819491e+00 -1.71498116e-02
0.00000000e+00 4.43284160e+00 -2.47757116e-02
0.00000000e+00 4.43247346e+00 -2.83792394e-02
0.00000000e+00 4.35782677e+00 -2.07533394e-02
0.00000000e+00 4.35782677e+00 -2.07533394e-02
0.00000000e+00 4.43247346e+00 -2.83792394e-02
0.00000000e+00 4.43210532e+00 -3.19827672e-02
0.00000000e+00 4.35745863e+00 -2.43568672e-02
0.00000000e+00 4.35745863e+00 -2.43568672e-02
0.00000000e+00 4.43210532e+00 -3.19827672e-02
0.00000000e+00 4.43173719e+00 -3.55862949e-02
0.00000000e+00 4.35709050e+00 -2.79603949e-02
0.00000000e+00 4.43583433e+00 -3.25388305e-03
0.00000000e+00 4.51010444e+00 -1.45006331e-02
0.00000000e+00 4.50956210e+00 -1.80820857e-02
0.00000000e+00 4.43529199e+00 -6.83533571e-03
0.00000000e+00 4.43529199e+00 -6.83533571e-03
0.00000000e+00 4.50956210e+00 -1.80820857e-02
0.00000000e+00 4.50901976e+00 -2.16635384e-02
0.00000000e+00 4.43474965e+00 -1.04167884e-02
0.00000000e+00 4.43474965e+00 -1.04167884e-02
0.00000000e+00 4.50901976e+00 -2.16635384e-02
0.00000000e+00 4.50847742e+00 -2.52449910e-02
0.00000000e+00 4.43420731e+00 -1.39982410e-02
0.00000000e+00 4.43420731e+00 -1.39982410e-02
0.00000000e+00 4.50847742e+00 -2.52449910e-02
0.00000000e+00 4.50793508e+00 -2.88264437e-02
0.00000000e+00 4.43366497e+00 -1.75796937e-02
0.00000000e+00 4.43366497e+00 -1.75796937e-02
0.00000000e+00 4.50793508e+00 -2.88264437e-02
0.00000000e+00 4.50739274e+00 -3.24078963e-02
0.00000000e+00 4.43312263e+00 -2.11611463e-02
0.00000000e+00 4.43312263e+00 -2.11611463e-02
0.00000000e+00 4.50739274e+00 -3.24078963e-02
0.00000000e+00 4.50685040e+00 -3.59893490e-02
0.00000000e+00 4.43258029e+00 -2.47425990e-02
0.00000000e+00 4.43258029e+00 -2.47425990e-02
0.00000000e+00 4.50685040e+00 -3.59893490e-02
0.00000000e+00 4.50630806e+00 -3.95708016e-02
0.00000000e+00 4.43203795e+00 -2.83240516e-02
0.00000000e+00 4.43203795e+00 -2.83240516e-02
0.00000000e+00 4.50630806e+00 -3.95708016e-02
0.00000000e+00 4.50576572e+00 -4.31522543e-02
0.00000000e+00 4.43149561e+00 -3.19055043e-02
0.00000000e+00 4.43149561e+00 -3.19055043e-02
0.00000000e+00 4.50576572e+00 -4.31522543e-02
0.00000000e+00 4.50522338e+00 -4.67337069e-02
0.00000000e+00 4.43095327e+00 -3.54869569e-02
0.00000000e+00 4.51084107e+00 -1.46295306e-02
0.00000000e+00 4.58455505e+00 -2.92784206e-02
0.00000000e+00 4.58384902e+00 -3.28312293e-02
0.00000000e+00 4.51013504e+00 -1.81823393e-02
0.00000000e+00 4.51013504e+00 -1.81823393e-02
0.00000000e+00 4.58384902e+00 -3.28312293e-02
0.00000000e+00 4.58314298e+00 -3.63840381e-02
0.00000000e+00 4.50942900e+00 -2.17351481e-02
0.00000000e+00 4.50942900e+00 -2.17351481e-02
0.00000000e+00 4.58314298e+00 -3.63840381e-02
0.00000000e+00 4.58243694e+00 -3.99368469e-02
0.00000000e+00 4.50872296e+00 -2.52879569e-02
0.00000000e+00 4.50872296e+00 -2.52879569e-02
0.00000000e+00 4.58243694e+00 -3.99368469e-02
0.00000000e+00 4.58173091e+00 -4.34896556e-02
0.00000000e+00 4.50801693e+00 -2.88407656e-02
0.00000000e+00 4.50801693e+00 -2.88407656e-02
0.00000000e+00 4.58173091e+00 -4.34896556e-02
0.00000000e+00 4.58102487e+00 -4.70424644e-02
0.00000000e+00 4.50731089e+00 -3.23935744e-02
0.00000000e+00 4.50731089e+00 -3.23935744e-02
0.00000000e+00 4.58102487e+00 -4.70424644e-02
0.00000000e+00 4.58031884e+00 -5.05952731e-02
0.00000000e+00 4.50660486e+00 -3.59463831e-02
0.00000000e+00 4.50660486e+00 -3.59463831e-02
0.00000000e+00 4.58031884e+00 -5.05952731e-02
0.00000000e+00 4.57961280e+00 -5.41480819e-02
0.00000000e+00 4.50589882e+00 -3.94991919e-02
0.00000000e+00 4.50589882e+00 -3.94991919e-02
0.00000000e+00 4.57961280e+00 -5.41480819e-02
0.00000000e+00 4.57890676e+00 -5.77008907e-02
0.00000000e+00 4.50519278e+00 -4.30520007e-02
0.00000000e+00 4.50519278e+00 -4.30520007e-02
0.00000000e+00 4.57890676e+00 -5.77008907e-02
0.00000000e+00 4.57820073e+00 -6.12536994e-02
0.00000000e+00 4.50448675e+00 -4.66048094e-02
0.00000000e+00 4.58533338e+00 -2.94529947e-02
0.00000000e+00 4.65805289e+00 -4.76431147e-02
0.00000000e+00 4.65717390e+00 -5.11571292e-02
0.00000000e+00 4.58445439e+00 -3.29670092e-02
0.00000000e+00 4.58445439e+00 -3.29670092e-02
0.00000000e+00 4.65717390e+00 -5.11571292e-02
0.00000000e+00 4.65629490e+00 -5.46711437e-02
0.00000000e+00 4.58357539e+00 -3.64810237e-02
0.00000000e+00 4.58357539e+00 -3.64810237e-02
0.00000000e+00 4.65629490e+00 -5.46711437e-02
0.00000000e+00 4.65541590e+00 -5.81851582e-02
0.00000000e+00 4.58269639e+00 -3.99950382e-02
0.00000000e+00 4.58269639e+00 -3.99950382e-02
0.00000000e+00 4.65541590e+00 -5.81851582e-02
0.00000000e+00 4.65453690e+00 -6.16991727e-02
0.00000000e+00 4.58181739e+00 -4.35090527e-02
0.00000000e+00 4.58181739e+00 -4.35090527e-02
0.00000000e+00 4.65453690e+00 -6.16991727e-02
0.00000000e+00 4.65365790e+00 -6.52131873e-02
0.00000000e+00 4.58093839e+00 -4.70230673e-02
0.00000000e+00 4.58093839e+00 -4.70230673e-02
0.00000000e+00 4.65365790e+00 -6.52131873e-02
0.00000000e+00 4.65277890e+00 -6.87272018e-02
0.00000000e+00 4.58005939e+00 -5.05370818e-02
0.00000000e+00 4.58005939e+00 -5.05370818e-02
0.00000000e+00 4.65277890e+00 -6.87272018e-02
0.00000000e+00 4.65189990e+00 -7.22412163e-02
0.00000000e+00 4.57918039e+00 -5.40510963e-02
0.00000000e+00 4.57918039e+00 -5.40510963e-02
0.00000000e+00 4.65189990e+00 -7.22412163e-02
0.00000000e+00 4.65102090e+00 -7.57552308e-02
0.00000000e+00 4.57830139e+00 -5.75651108e-02
0.00000000e+00 4.57830139e+00 -5.75651108e-02
0.00000000e+00 4.65102090e+00 -7.57552308e-02
0.00000000e+00 4.65014191e+00 -7.92692453e-02
0.00000000e+00 4.57742240e+00 -6.10791253e-02
0.00000000e+00 4.66008564e+00 -4.82957078e-02
0.00000000e+00 4.71770842e+00 -7.10561578e-02
0.00000000e+00 4.71637770e+00 -7.44251516e-02
0.00000000e+00 4.65875492e+00 -5.16647016e-02
0.00000000e+00 4.65875492e+00 -5.16647016e-02
0.00000000e+00 4.71637770e+00 -7.44251516e-02
0.00000000e+00 4.71504698e+00 -7.77941454e-02
0.00000000e+00 4.65742420e+00 -5.50336954e-02
0.00000000e+00 4.65742420e+00 -5.50336954e-02
0.00000000e+00 4.71504698e+00 -7.77941454e-02
0.00000000e+00 4.71371626e+00 -8.11631393e-02
0.00000000e+00 4.65609348e+00 -5.84026893e-02
0.00000000e+00 4.65609348e+00 -5.84026893e-02
0.00000000e+00 4.71371626e+00 -8.11631393e-02
0.00000000e+00 4.71238554e+00 -8.45321331e-02
0.00000000e+00 4.65476276e+00 -6.17716831e-02
0.00000000e+00 4.65476276e+00 -6.17716831e-02
0.00000000e+00 4.71238554e+00 -8.45321331e-02
0.00000000e+00 4.71105482e+00 -8.79011269e-02
0.00000000e+00 4.65343204e+00 -6.51406769e-02
0.00000000e+00 4.65343204e+00 -6.51406769e-02
0.00000000e+00 4.71105482e+00 -8.79011269e-02
0.00000000e+00 4.70972410e+00 -9.12701207e-02
0.00000000e+00 4.65210132e+00 -6.85096707e-02
0.00000000e+00 4.65210132e+00 -6.85096707e-02
0.00000000e+00 4.70972410e+00 -9.12701207e-02
0.00000000e+00 4.70839338e+00 -9.46391146e-02
0.00000000e+00 4.65077060e+00 -7.18786646e-02
0.00000000e+00 4.65077060e+00 -7.18786646e-02
0.00000000e+00 4.70839338e+00 -9.46391146e-02
0.00000000e+00 4.70706266e+00 -9.80081084e-02
0.00000000e+00 4.64943988e+00 -7.52476584e-02
0.00000000e+00 4.64943988e+00 -7.52476584e-02
0.00000000e+00 4.70706266e+00 -9.80081084e-02
0.00000000e+00 4.70573194e+00 -1.01377102e-01
0.00000000e+00 4.64810916e+00 -7.86166522e-02
0.00000000e+00 4.72801798e+00 -8.59325217e-02
0.00000000e+00 4.72482018e+00 9.75084183e-02
0.00000000e+00 4.72119845e+00 9.74452832e-02
0.00000000e+00 4.72439625e+00 -8.59956568e-02
0.00000000e+00 4.72439625e+00 -8.59956568e-02
0.00000000e+00 4.72119845e+00 9.74452832e-02
0.00000000e+00 4.71757671e+00 9.73821480e-02
0.00000000e+00 4.72077451e+00 -8.60587920e-02
0.00000000e+00 4.72077451e+00 -8.60587920e-02
0.00000000e+00 4.71757671e+00 9.73821480e-02
0.00000000e+00 4.71395498e+00 9.73190128e-02
0.00000000e+00 4.71715278e+00 -8.61219272e-02
0.00000000e+00 4.71715278e+00 -8.61219272e-02
0.00000000e+00 4.71395498e+00 9.73190128e-02
0.00000000e+00 4.71033325e+00 9.72558776e-02
0.00000000e+00 4.71353105e+00 -8.61850624e-02
0.00000000e+00 4.71353105e+00 -8.61850624e-02
0.00000000e+00 4.71033325e+00 9.72558776e-02
0.00000000e+00 4.70671151e+00 9.71927424e-02
0.00000000e+00 4.70990931e+00 -8.62481976e-02
0.00000000e+00 4.70990931e+00 -8.62481976e-02
0.00000000e+00 4.70671151e+00 9.71927424e-02
0.00000000e+00 4.70308978e+00 9.71296072e-02
0.00000000e+00 4.70628758e+00 -8.63113328e-02
0.00000000e+00 4.70628758e+00 -8.63113328e-02
0.00000000e+00 4.70308978e+00 9.71296072e-02
0.00000000e+00 4.69946805e+00 9.70664720e-02
0.00000000e+00 4.70266585e+00 -8.63744680e-02
0.00000000e+00 4.70266585e+00 -8.63744680e-02
0.00000000e+00 4.69946805e+00 9.70664720e-02
0.00000000e+00 4.69584631e+00 9.70033368e-02
0.00000000e+00 4.69904411e+00 -8.64376032e-02
0.00000000e+00 4.69904411e+00 -8.64376032e-02
0.00000000e+00 4.69584631e+00 9.70033368e-02
0.00000000e+00 4.69222458e+00 9.69402017e-02
0.00000000e+00 4.69542238e+00 -8.65007383e-02
0.00000000e+00 1.86401753e+00 -6.70271919e-01
0.00000000e+00 1.87567787e+00 -5.99883169e-01
0.00000000e+00 1.87063547e+00 -5.99047864e-01
0.00000000e+00 1.85897513e+00 -6.69436614e-01
0.00000000e+00 1.85897513e+00 -6.69436614e-01
0.00000000e+00 1.87063547e+00 -5.99047864e-01
0.00000000e+00 1.86559308e+00 -5.98212560e-01
0.00000000e+00 1.85393274e+00 -6.68601310e-01
0.00000000e+00 1.85393274e+00 -6.68601310e-01
0.00000000e+00 1.86559308e+00 -5.98212560e-01
0.00000000e+00 1.86055069e+00 -5.97377256e-01
0.00000000e+00 1.84889035e+00 -6.67766006e-01
0.00000000e+00 1.84889035e+00 -6.67766006e-01
0.00000000e+00 1.86055069e+00 -5.97377256e-01
0.00000000e+00 1.85550830e+00 -5.96541952e-01
0.00000000e+00 1.84384796e+00 -6.66930702e-01
0.00000000e+00 1.84384796e+00 -6.66930702e-01
0.00000000e+00 1.85550830e+00 -5.96541952e-01
0.00000000e+00 1.85046590e+00 -5.95706648e-01
0.00000000e+00 1.83880556e+00 -6.66095398e-01
0.00000000e+00 1.83880556e+00 -6.66095398e-01
0.00000000e+00 1.85046590e+00 -5.95706648e-01
0.00000000e+00 1.84542351e+00 -5.94871344e-01
0.00000000e+00 1.83376317e+00 -6.65260094e-01
0.00000000e+00 1.83376317e+00 -6.65260094e-01
0.00000000e+00 1.84542351e+00 -5.94871344e-01
0.00000000e+00 1.84038112e+00 -5.94036040e-01
0.00000000e+00 1.82872078e+00 -6.64424790e-01
0.00000000e+00 1.82872078e+00 -6.64424790e-01
0.00000000e+00 1.84038112e+00 -5.94036040e-01
0.00000000e+00 1.83533873e+00 -5.93200736e-01
0.00000000e+00 1.82367839e+00 -6.63589486e-01
0.00000000e+00 1.82367839e+00 -6.63589486e-01
0.00000000e+00 1.83533873e+00 -5.93200736e-01
0.00000000e+00 1.83029633e+00 -5.92365431e-01
0.00000000e+00 1.81863599e+00 -6.62754181e-01
0.00000000e+00 1.87567787e+00 -5.99883171e-01
0.00000000e+00 1.88733822e+00 -5.29494411e-01
0.00000000e+00 1.88229582e+00 -5.28659106e-01
0.00000000e+00 1.87063547e+00 -5.99047866e-01
0.00000000e+00 1.87063547e+00 -5.99047866e-01
0.00000000e+00 1.88229582e+00 -5.28659106e-01
0.00000000e+00 1.87725343e+00 -5.27823802e-01
0.00000000e+00 1.86559308e+00 -5.98212562e-01
0.00000000e+00 1.86559308e+00 -5.98212562e-01
0.00000000e+00 1.87725343e+00 -5.27823802e-01
0.00000000e+00 1.87221104e+00 -5.26988497e-01
0.00000000e+00 1.86055069e+00 -5.97377257e-01
0.00000000e+00 1.86055069e+00 -5.97377257e-01
0.00000000e+00 1.87221104e+00 -5.26988497e-01
0.00000000e+00 1.86716865e+00 -5.26153192e-01
0.00000000e+00 1.85550830e+00 -5.96541952e-01
0.00000000e+00 1.85550830e+00 -5.96541952e-01
0.00000000e+00 1.86716865e+00 -5.26153192e-01
0.00000000e+00 1.86212625e+00 -5.25317888e-01
0.00000000e+00 1.85046590e+00 -5.95706648e-01
0.00000000e+00 1.85046590e+00 -5.95706648e-01
0.00000000e+00 1.86212625e+00 -5.25317888e-01
0.00000000e+00 1.85708386e+00 -5.24482583e-01
0.00000000e+00 1.84542351e+00 -5.94871343e-01
0.00000000e+00 1.84542351e+00 -5.94871343e-01
0.00000000e+00 1.85708386e+00 -5.24482583e-01
0.00000000e+00 1.85204147e+00 -5.23647278e-01
0.00000000e+00 1.84038112e+00 -5.94036038e-01
0.00000000e+00 1.84038112e+00 -5.94036038e-01
0.00000000e+00 1.85204147e+00 -5.23647278e-01
0.00000000e+00 1.84699908e+00 -5.22811974e-01
0.00000000e+00 1.83533873e+00 -5.93200734e-01
0.00000000e+00 1.83533873e+00 -5.93200734e-01
0.00000000e+00 1.84699908e+00 -5.22811974e-01
0.00000000e+00 1.84195668e+00 -5.21976669e-01
0.00000000e+00 1.83029633e+00 -5.92365429e-01
0.00000000e+00 1.88733822e+00 -5.29494411e-01
0.00000000e+00 1.89899857e+00 -4.59105651e-01
0.00000000e+00 1.89395617e+00 -4.58270346e-01
0.00000000e+00 1.88229582e+00 -5.28659106e-01
0.00000000e+00 1.88229582e+00 -5.28659106e-01
0.00000000e+00 1.89395617e+00 -4.58270346e-01
0.00000000e+00 1.88891378e+00 -4.57435042e-01
0.00000000e+00 1.87725343e+00 -5.27823802e-01
0.00000000e+00 1.87725343e+00 -5.27823802e-01
0.00000000e+00 1.88891378e+00 -4.57435042e-01
0.00000000e+00 1.88387139e+00 -4.56599737e-01
0.00000000e+00 1.87221104e+00 -5.26988497e-01
0.00000000e+00 1.87221104e+00 -5.26988497e-01
0.00000000e+00 1.88387139e+00 -4.56599737e-01
0.00000000e+00 1.87882900e+00 -4.55764432e-01
0.00000000e+00 1.86716865e+00 -5.26153192e-01
0.00000000e+00 1.86716865e+00 -5.26153192e-01
0.00000000e+00 1.87882900e+00 -4.55764432e-01
0.00000000e+00 1.87378660e+00 -4.54929128e-01
0.00000000e+00 1.86212625e+00 -5.25317888e-01
0.00000000e+00 1.86212625e+00 -5.25317888e-01
0.00000000e+00 1.87378660e+00 -4.54929128e-01
0.00000000e+00 1.86874421e+00 -4.54093823e-01
0.00000000e+00 1.85708386e+00 -5.24482583e-01
0.00000000e+00 1.85708386e+00 -5.24482583e-01
0.00000000e+00 1.86874421e+00 -4.54093823e-01
0.00000000e+00 1.86370182e+00 -4.53258518e-01
0.00000000e+00 1.85204147e+00 -5.23647278e-01
0.00000000e+00 1.85204147e+00 -5.23647278e-01
0.00000000e+00 1.86370182e+00 -4.53258518e-01
0.00000000e+00 1.85865943e+00 -4.52423214e-01
0.00000000e+00 1.84699908e+00 -5.22811974e-01
0.00000000e+00 1.84699908e+00 -5.22811974e-01
0.00000000e+00 1.85865943e+00 -4.52423214e-01
0.00000000e+00 1.85361703e+00 -4.51587909e-01
0.00000000e+00 1.84195668e+00 -5.21976669e-01
0.00000000e+00 1.89899857e+00 -4.59105649e-01
0.00000000e+00 1.91065891e+00 -3.88716899e-01
0.00000000e+00 1.90561651e+00 -3.87881594e-01
0.00000000e+00 1.89395617e+00 -4.58270344e-01
0.00000000e+00 1.89395617e+00 -4.58270344e-01
0.00000000e+00 1.90561651e+00 -3.87881594e-01
0.00000000e+00 1.90057412e+00 -3.87046290e-01
0.00000000e+00 1.88891378e+00 -4.57435040e-01
0.00000000e+00 1.88891378e+00 -4.57435040e-01
0.00000000e+00 1.90057412e+00 -3.87046290e-01
0.00000000e+00 1.89553173e+00 -3.86210986e-01
0.00000000e+00 1.88387139e+00 -4.56599736e-01
0.00000000e+00 1.88387139e+00 -4.56599736e-01
0.00000000e+00 1.89553173e+00 -3.86210986e-01
0.00000000e+00 1.89048934e+00 -3.85375682e-01
0.00000000e+00 1.87882900e+00 -4.55764432e-01
0.00000000e+00 1.87882900e+00 -4.55764432e-01
0.00000000e+00 1.89048934e+00 -3.85375682e-01
0.00000000e+00 1.88544694e+00 -3.84540378e-01
0.00000000e+00 1.87378660e+00 -4.54929128e-01
0.00000000e+00 1.87378660e+00 -4.54929128e-01
0.00000000e+00 1.88544694e+00 -3.84540378e-01
0.00000000e+00 1.88040455e+00 -3.83705074e-01
0.00000000e+00 1.86874421e+00 -4.54093824e-01
0.00000000e+00 1.86874421e+00 -4.54093824e-01
0.00000000e+00 1.88040455e+00 -3.83705074e-01
0.00000000e+00 1.87536216e+00 -3.82869770e-01
0.00000000e+00 1.86370182e+00 -4.53258520e-01
0.00000000e+00 1.86370182e+00 -4.53258520e-01
0.00000000e+00 1.87536216e+00 -3.82869770e-01
0.00000000e+00 1.87031977e+00 -3.82034466e-01
0.00000000e+00 1.85865943e+00 -4.52423216e-01
0.00000000e+00 1.85865943e+00 -4.52423216e-01
0.00000000e+00 1.87031977e+00 -3.82034466e-01
0.00000000e+00 1.86527737e+00 -3.81199161e-01
0.00000000e+00 1.85361703e+00 -4.51587911e-01
0.00000000e+00 1.91065891e+00 -3.88716901e-01
0.00000000e+00 1.92231926e+00 -3.18328141e-01
0.00000000e+00 1.91727686e+00 -3.17492836e-01
0.00000000e+00 1.90561651e+00 -3.87881596e-01
0.00000000e+00 1.90561651e+00 -3.87881596e-01
0.00000000e+00 1.91727686e+00 -3.17492836e-01
0.00000000e+00 1.91223447e+00 -3.16657532e-01
0.00000000e+00 1.90057412e+00 -3.87046292e-01
0.00000000e+00 1.90057412e+00 -3.87046292e-01
0.00000000e+00 1.91223447e+00 -3.16657532e-01
0.00000000e+00 1.90719208e+00 -3.15822227e-01
0.00000000e+00 1.89553173e+00 -3.86210987e-01
0.00000000e+00 1.89553173e+00 -3.86210987e-01
0.00000000e+00 1.90719208e+00 -3.15822227e-01
0.00000000e+00 1.90214969e+00 -3.14986922e-01
0.00000000e+00 1.89048934e+00 -3.85375682e-01
0.00000000e+00 1.89048934e+00 -3.85375682e-01
0.00000000e+00 1.90214969e+00 -3.14986922e-01
0.00000000e+00 1.89710729e+00 -3.14151618e-01
0.00000000e+00 1.88544694e+00 -3.84540378e-01
0.00000000e+00 1.88544694e+00 -3.84540378e-01
0.00000000e+00 1.89710729e+00 -3.14151618e-01
0.00000000e+00 1.89206490e+00 -3.13316313e-01
0.00000000e+00 1.88040455e+00 -3.83705073e-01
0.00000000e+00 1.88040455e+00 -3.83705073e-01
0.00000000e+00 1.89206490e+00 -3.13316313e-01
0.00000000e+00 1.88702251e+00 -3.12481008e-01
0.00000000e+00 1.87536216e+00 -3.82869768e-01
0.00000000e+00 1.87536216e+00 -3.82869768e-01
0.00000000e+00 1.88702251e+00 -3.12481008e-01
0.00000000e+00 1.88198012e+00 -3.11645704e-01
0.00000000e+00 1.87031977e+00 -3.82034464e-01
0.00000000e+00 1.87031977e+00 -3.82034464e-01
0.00000000e+00 1.88198012e+00 -3.11645704e-01
0.00000000e+00 1.87693772e+00 -3.10810399e-01
0.00000000e+00 1.86527737e+00 -3.81199159e-01
0.00000000e+00 1.92231926e+00 -3.18328142e-01
0.00000000e+00 1.93397961e+00 -2.47939392e-01
0.00000000e+00 1.92893721e+00 -2.47104087e-01
0.00000000e+00 1.91727686e+00 -3.17492837e-01
0.00000000e+00 1.91727686e+00 -3.17492837e-01
0.00000000e+00 1.92893721e+00 -2.47104087e-01
0.00000000e+00 1.92389482e+00 -2.46268782e-01
0.00000000e+00 1.91223447e+00 -3.16657532e-01
0.00000000e+00 1.91223447e+00 -3.16657532e-01
0.00000000e+00 1.92389482e+00 -2.46268782e-01
0.00000000e+00 1.91885243e+00 -2.45433477e-01
0.00000000e+00 1.90719208e+00 -3.15822227e-01
0.00000000e+00 1.90719208e+00 -3.15822227e-01
0.00000000e+00 1.91885243e+00 -2.45433477e-01
0.00000000e+00 1.91381004e+00 -2.44598172e-01
0.00000000e+00 1.90214969e+00 -3.14986922e-01
0.00000000e+00 1.90214969e+00 -3.14986922e-01
0.00000000e+00 1.91381004e+00 -2.44598172e-01
0.00000000e+00 1.90876764e+00 -2.43762868e-01
0.00000000e+00 1.89710729e+00 -3.14151618e-01
0.00000000e+00 1.89710729e+00 -3.14151618e-01
0.00000000e+00 1.90876764e+00 -2.43762868e-01
0.00000000e+00 1.90372525e+00 -2.42927563e-01
0.00000000e+00 1.89206490e+00 -3.13316313e-01
0.00000000e+00 1.89206490e+00 -3.13316313e-01
0.00000000e+00 1.90372525e+00 -2.42927563e-01
0.00000000e+00 1.89868286e+00 -2.42092258e-01
0.00000000e+00 1.88702251e+00 -3.12481008e-01
0.00000000e+00 1.88702251e+00 -3.12481008e-01
0.00000000e+00 1.89868286e+00 -2.42092258e-01
0.00000000e+00 1.89364047e+00 -2.41256953e-01
0.00000000e+00 1.88198012e+00 -3.11645703e-01
0.00000000e+00 1.88198012e+00 -3.11645703e-01
0.00000000e+00 1.89364047e+00 -2.41256953e-01
0.00000000e+00 1.88859807e+00 -2.40421648e-01
0.00000000e+00 1.87693772e+00 -3.10810398e-01
0.00000000e+00 1.93397961e+00 -2.47939391e-01
0.00000000e+00 1.94563996e+00 -1.77550631e-01
0.00000000e+00 1.94059756e+00 -1.76715326e-01
0.00000000e+00 1.92893721e+00 -2.47104086e-01
0.00000000e+00 1.92893721e+00 -2.47104086e-01
0.00000000e+00 1.94059756e+00 -1.76715326e-01
0.00000000e+00 1.93555517e+00 -1.75880022e-01
0.00000000e+00 1.92389482e+00 -2.46268782e-01
0.00000000e+00 1.92389482e+00 -2.46268782e-01
0.00000000e+00 1.93555517e+00 -1.75880022e-01
0.00000000e+00 1.93051278e+00 -1.75044717e-01
0.00000000e+00 1.91885243e+00 -2.45433477e-01
0.00000000e+00 1.91885243e+00 -2.45433477e-01
0.00000000e+00 1.93051278e+00 -1.75044717e-01
0.00000000e+00 1.92547039e+00 -1.74209412e-01
0.00000000e+00 1.91381004e+00 -2.44598172e-01
0.00000000e+00 1.91381004e+00 -2.44598172e-01
0.00000000e+00 1.92547039e+00 -1.74209412e-01
0.00000000e+00 1.92042799e+00 -1.73374108e-01
0.00000000e+00 1.90876764e+00 -2.43762868e-01
0.00000000e+00 1.90876764e+00 -2.43762868e-01
0.00000000e+00 1.92042799e+00 -1.73374108e-01
0.00000000e+00 1.91538560e+00 -1.72538803e-01
0.00000000e+00 1.90372525e+00 -2.42927563e-01
0.00000000e+00 1.90372525e+00 -2.42927563e-01
0.00000000e+00 1.91538560e+00 -1.72538803e-01
0.00000000e+00 1.91034321e+00 -1.71703498e-01
0.00000000e+00 1.89868286e+00 -2.42092258e-01
0.00000000e+00 1.89868286e+00 -2.42092258e-01
0.00000000e+00 1.91034321e+00 -1.71703498e-01
0.00000000e+00 1.90530082e+00 -1.70868194e-01
0.00000000e+00 1.89364047e+00 -2.41256954e-01
0.00000000e+00 1.89364047e+00 -2.41256954e-01
0.00000000e+00 1.90530082e+00 -1.70868194e-01
0.00000000e+00 1.90025842e+00 -1.70032889e-01
0.00000000e+00 1.88859807e+00 -2.40421649e-01
0.00000000e+00 1.94563996e+00 -1.77550628e-01
0.00000000e+00 1.95730030e+00 -1.07161868e-01
0.00000000e+00 1.95225790e+00 -1.06326564e-01
0.00000000e+00 1.94059756e+00 -1.76715324e-01
0.00000000e+00 1.94059756e+00 -1.76715324e-01
0.00000000e+00 1.95225790e+00 -1.06326564e-01
0.00000000e+00 1.94721551e+00 -1.05491260e-01
0.00000000e+00 1.93555517e+00 -1.75880020e-01
0.00000000e+00 1.93555517e+00 -1.75880020e-01
0.00000000e+00 1.94721551e+00 -1.05491260e-01
0.00000000e+00 1.94217312e+00 -1.04655956e-01
0.00000000e+00 1.93051278e+00 -1.75044716e-01
0.00000000e+00 1.93051278e+00 -1.75044716e-01
0.00000000e+00 1.94217312e+00 -1.04655956e-01
0.00000000e+00 1.93713073e+00 -1.03820652e-01
0.00000000e+00 1.92547039e+00 -1.74209412e-01
0.00000000e+00 1.92547039e+00 -1.74209412e-01
0.00000000e+00 1.93713073e+00 -1.03820652e-01
0.00000000e+00 1.93208833e+00 -1.02985348e-01
0.00000000e+00 1.92042799e+00 -1.73374108e-01
0.00000000e+00 1.92042799e+00 -1.73374108e-01
0.00000000e+00 1.93208833e+00 -1.02985348e-01
0.00000000e+00 1.92704594e+00 -1.02150044e-01
0.00000000e+00 1.91538560e+00 -1.72538804e-01
0.00000000e+00 1.91538560e+00 -1.72538804e-01
0.00000000e+00 1.92704594e+00 -1.02150044e-01
0.00000000e+00 1.92200355e+00 -1.01314740e-01
0.00000000e+00 1.91034321e+00 -1.71703500e-01
0.00000000e+00 1.91034321e+00 -1.71703500e-01
0.00000000e+00 1.92200355e+00 -1.01314740e-01
0.00000000e+00 1.91696116e+00 -1.00479436e-01
0.00000000e+00 1.90530082e+00 -1.70868196e-01
0.00000000e+00 1.90530082e+00 -1.70868196e-01
0.00000000e+00 1.91696116e+00 -1.00479436e-01
0.00000000e+00 1.91191876e+00 -9.96441320e-02
0.00000000e+00 1.90025842e+00 -1.70032892e-01
0.00000000e+00 1.95730030e+00 -1.07161872e-01
0.00000000e+00 1.96896065e+00 -3.67731217e-02
0.00000000e+00 1.96391825e+00 -3.59378169e-02
0.00000000e+00 1.95225790e+00 -1.06326567e-01
0.00000000e+00 1.95225790e+00 -1.06326567e-01
0.00000000e+00 1.96391825e+00 -3.59378169e-02
0.00000000e+00 1.95887586e+00 -3.51025120e-02
0.00000000e+00 1.94721551e+00 -1.05491262e-01
0.00000000e+00 1.94721551e+00 -1.05491262e-01
0.00000000e+00 1.95887586e+00 -3.51025120e-02
0.00000000e+00 1.95383347e+00 -3.42672072e-02
0.00000000e+00 1.94217312e+00 -1.04655957e-01
0.00000000e+00 1.94217312e+00 -1.04655957e-01
0.00000000e+00 1.95383347e+00 -3.42672072e-02
0.00000000e+00 1.94879108e+00 -3.34319024e-02
0.00000000e+00 1.93713073e+00 -1.03820652e-01
0.00000000e+00 1.93713073e+00 -1.03820652e-01
0.00000000e+00 1.94879108e+00 -3.34319024e-02
0.00000000e+00 1.94374868e+00 -3.25965976e-02
0.00000000e+00 1.93208833e+00 -1.02985348e-01
0.00000000e+00 1.93208833e+00 -1.02985348e-01
0.00000000e+00 1.94374868e+00 -3.25965976e-02
0.00000000e+00 1.93870629e+00 -3.17612928e-02
0.00000000e+00 1.92704594e+00 -1.02150043e-01
0.00000000e+00 1.92704594e+00 -1.02150043e-01
0.00000000e+00 1.93870629e+00 -3.17612928e-02
0.00000000e+00 1.93366390e+00 -3.09259880e-02
0.00000000e+00 1.92200355e+00 -1.01314738e-01
0.00000000e+00 1.92200355e+00 -1.01314738e-01
0.00000000e+00 1.93366390e+00 -3.09259880e-02
0.00000000e+00 1.92862151e+00 -3.00906831e-02
0.00000000e+00 1.91696116e+00 -1.00479433e-01
0.00000000e+00 1.91696116e+00 -1.00479433e-01
0.00000000e+00 1.92862151e+00 -3.00906831e-02
0.00000000e+00 1.92357911e+00 -2.92553783e-02
0.00000000e+00 1.91191876e+00 -9.96441283e-02
0.00000000e+00 1.96896065e+00 -3.67731212e-02
0.00000000e+00 1.98062100e+00 3.36156388e-02
0.00000000e+00 1.97557860e+00 3.44509435e-02
0.00000000e+00 1.96391825e+00 -3.59378165e-02
0.00000000e+00 1.96391825e+00 -3.59378165e-02
0.00000000e+00 1.97557860e+00 3.44509435e-02
0.00000000e+00 1.97053621e+00 3.52862482e-02
0.00000000e+00 1.95887586e+00 -3.51025118e-02
0.00000000e+00 1.95887586e+00 -3.51025118e-02
0.00000000e+00 1.97053621e+00 3.52862482e-02
0.00000000e+00 1.96549382e+00 3.61215529e-02
0.00000000e+00 1.95383347e+00 -3.42672071e-02
0.00000000e+00 1.95383347e+00 -3.42672071e-02
0.00000000e+00 1.96549382e+00 3.61215529e-02
0.00000000e+00 1.96045143e+00 3.69568576e-02
0.00000000e+00 1.94879108e+00 -3.34319024e-02
0.00000000e+00 1.94879108e+00 -3.34319024e-02
0.00000000e+00 1.96045143e+00 3.69568576e-02
0.00000000e+00 1.95540903e+00 3.77921624e-02
0.00000000e+00 1.94374868e+00 -3.25965976e-02
0.00000000e+00 1.94374868e+00 -3.25965976e-02
0.00000000e+00 1.95540903e+00 3.77921624e-02
0.00000000e+00 1.95036664e+00 3.86274671e-02
0.00000000e+00 1.93870629e+00 -3.17612929e-02
0.00000000e+00 1.93870629e+00 -3.17612929e-02
0.00000000e+00 1.95036664e+00 3.86274671e-02
0.00000000e+00 1.94532425e+00 3.94627718e-02
0.00000000e+00 1.93366390e+00 -3.09259882e-02
0.00000000e+00 1.93366390e+00 -3.09259882e-02
0.00000000e+00 1.94532425e+00 3.94627718e-02
0.00000000e+00 1.94028186e+00 4.02980765e-02
0.00000000e+00 1.92862151e+00 -3.00906835e-02
0.00000000e+00 1.92862151e+00 -3.00906835e-02
0.00000000e+00 1.94028186e+00 4.02980765e-02
0.00000000e+00 1.93523946e+00 4.11333812e-02
0.00000000e+00 1.92357911e+00 -2.92553788e-02
0.00000000e+00 1.98062100e+00 3.36156415e-02
0.00000000e+00 1.99228134e+00 1.04004391e-01
0.00000000e+00 1.98723894e+00 1.04839696e-01
0.00000000e+00 1.97557860e+00 3.44509456e-02
0.00000000e+00 1.97557860e+00 3.44509456e-02
0.00000000e+00 1.98723894e+00 1.04839696e-01
0.00000000e+00 1.98219655e+00 1.05675000e-01
0.00000000e+00 1.97053621e+00 3.52862497e-02
0.00000000e+00 1.97053621e+00 3.52862497e-02
0.00000000e+00 1.98219655e+00 1.05675000e-01
0.00000000e+00 1.97715416e+00 1.06510304e-01
0.00000000e+00 1.96549382e+00 3.61215538e-02
0.00000000e+00 1.96549382e+00 3.61215538e-02
0.00000000e+00 1.97715416e+00 1.06510304e-01
0.00000000e+00 1.97211177e+00 1.07345608e-01
0.00000000e+00 1.96045143e+00 3.69568579e-02
0.00000000e+00 1.96045143e+00 3.69568579e-02
0.00000000e+00 1.97211177e+00 1.07345608e-01
0.00000000e+00 1.96706937e+00 1.08180912e-01
0.00000000e+00 1.95540903e+00 3.77921621e-02
0.00000000e+00 1.95540903e+00 3.77921621e-02
0.00000000e+00 1.96706937e+00 1.08180912e-01
0.00000000e+00 1.96202698e+00 1.09016216e-01
0.00000000e+00 1.95036664e+00 3.86274662e-02
0.00000000e+00 1.95036664e+00 3.86274662e-02
0.00000000e+00 1.96202698e+00 1.09016216e-01
0.00000000e+00 1.95698459e+00 1.09851520e-01
0.00000000e+00 1.94532425e+00 3.94627703e-02
0.00000000e+00 1.94532425e+00 3.94627703e-02
0.00000000e+00 1.95698459e+00 1.09851520e-01
0.00000000e+00 1.95194220e+00 1.10686824e-01
0.00000000e+00 1.94028186e+00 4.02980744e-02
0.00000000e+00 1.94028186e+00 4.02980744e-02
0.00000000e+00 1.95194220e+00 1.10686824e-01
0.00000000e+00 1.94689980e+00 1.11522129e-01
0.00000000e+00 1.93523946e+00 4.11333785e-02
0.00000000e+00 1.99228134e+00 1.04004389e-01
0.00000000e+00 2.00394169e+00 1.74393149e-01
0.00000000e+00 1.99889929e+00 1.75228454e-01
0.00000000e+00 1.98723894e+00 1.04839694e-01
0.00000000e+00 1.98723894e+00 1.04839694e-01
0.00000000e+00 1.99889929e+00 1.75228454e-01
0.00000000e+00 1.99385690e+00 1.76063758e-01
0.00000000e+00 1.98219655e+00 1.05674998e-01
0.00000000e+00 1.98219655e+00 1.05674998e-01
0.00000000e+00 1.99385690e+00 1.76063758e-01
0.00000000e+00 1.98881451e+00 1.76899063e-01
0.00000000e+00 1.97715416e+00 1.06510303e-01
0.00000000e+00 1.97715416e+00 1.06510303e-01
0.00000000e+00 1.98881451e+00 1.76899063e-01
0.00000000e+00 1.98377212e+00 1.77734368e-01
0.00000000e+00 1.97211177e+00 1.07345608e-01
0.00000000e+00 1.97211177e+00 1.07345608e-01
0.00000000e+00 1.98377212e+00 1.77734368e-01
0.00000000e+00 1.97872972e+00 1.78569672e-01
0.00000000e+00 1.96706937e+00 1.08180912e-01
0.00000000e+00 1.96706937e+00 1.08180912e-01
0.00000000e+00 1.97872972e+00 1.78569672e-01
0.00000000e+00 1.97368733e+00 1.79404977e-01
0.00000000e+00 1.96202698e+00 1.09016217e-01
0.00000000e+00 1.96202698e+00 1.09016217e-01
0.00000000e+00 1.97368733e+00 1.79404977e-01
0.00000000e+00 1.96864494e+00 1.80240282e-01
0.00000000e+00 1.95698459e+00 1.09851522e-01
0.00000000e+00 1.95698459e+00 1.09851522e-01
0.00000000e+00 1.96864494e+00 1.80240282e-01
0.00000000e+00 1.96360255e+00 1.81075586e-01
0.00000000e+00 1.95194220e+00 1.10686826e-01
0.00000000e+00 1.95194220e+00 1.10686826e-01
0.00000000e+00 1.96360255e+00 1.81075586e-01
0.00000000e+00 1.95856015e+00 1.81910891e-01
0.00000000e+00 1.94689980e+00 1.11522131e-01
0.00000000e+00 2.00394169e+00 1.74393149e-01
0.00000000e+00 2.01560204e+00 2.44781909e-01
0.00000000e+00 2.01055964e+00 2.45617214e-01
0.00000000e+00 1.99889929e+00 1.75228454e-01
0.00000000e+00 1.99889929e+00 1.75228454e-01
0.00000000e+00 2.01055964e+00 2.45617214e-01
0.00000000e+00 2.00551725e+00 2.46452518e-01
0.00000000e+00 1.99385690e+00 1.76063758e-01
0.00000000e+00 1.99385690e+00 1.76063758e-01
0.00000000e+00 2.00551725e+00 2.46452518e-01
0.00000000e+00 2.00047486e+00 2.47287823e-01
0.00000000e+00 1.98881451e+00 1.76899063e-01
0.00000000e+00 1.98881451e+00 1.76899063e-01
0.00000000e+00 2.00047486e+00 2.47287823e-01
0.00000000e+00 1.99543247e+00 2.48123128e-01
0.00000000e+00 1.98377212e+00 1.77734368e-01
0.00000000e+00 1.98377212e+00 1.77734368e-01
0.00000000e+00 1.99543247e+00 2.48123128e-01
0.00000000e+00 1.99039007e+00 2.48958432e-01
0.00000000e+00 1.97872972e+00 1.78569672e-01
0.00000000e+00 1.97872972e+00 1.78569672e-01
0.00000000e+00 1.99039007e+00 2.48958432e-01
0.00000000e+00 1.98534768e+00 2.49793737e-01
0.00000000e+00 1.97368733e+00 1.79404977e-01
0.00000000e+00 1.97368733e+00 1.79404977e-01
0.00000000e+00 1.98534768e+00 2.49793737e-01
0.00000000e+00 1.98030529e+00 2.50629042e-01
0.00000000e+00 1.96864494e+00 1.80240282e-01
0.00000000e+00 1.96864494e+00 1.80240282e-01
0.00000000e+00 1.98030529e+00 2.50629042e-01
0.00000000e+00 1.97526290e+00 2.51464346e-01
0.00000000e+00 1.96360255e+00 1.81075586e-01
0.00000000e+00 1.96360255e+00 1.81075586e-01
0.00000000e+00 1.97526290e+00 2.51464346e-01
0.00000000e+00 1.97022050e+00 2.52299651e-01
0.00000000e+00 1.95856015e+00 1.81910891e-01
0.00000000e+00 2.01560204e+00 2.44781911e-01
0.00000000e+00 2.02726238e+00 3.15170661e-01
0.00000000e+00 2.02221998e+00 3.16005966e-01
0.00000000e+00 2.01055964e+00 2.45617216e-01
0.00000000e+00 2.01055964e+00 2.45617216e-01
0.00000000e+00 2.02221998e+00 3.16005966e-01
0.00000000e+00 2.01717759e+00 3.16841270e-01
0.00000000e+00 2.00551725e+00 2.46452520e-01
0.00000000e+00 2.00551725e+00 2.46452520e-01
0.00000000e+00 2.01717759e+00 3.16841270e-01
0.00000000e+00 2.01213520e+00 3.17676574e-01
0.00000000e+00 2.00047486e+00 2.47287824e-01
0.00000000e+00 2.00047486e+00 2.47287824e-01
0.00000000e+00 2.01213520e+00 3.17676574e-01
0.00000000e+00 2.00709281e+00 3.18511878e-01
0.00000000e+00 1.99543247e+00 2.48123128e-01
0.00000000e+00 1.99543247e+00 2.48123128e-01
0.00000000e+00 2.00709281e+00 3.18511878e-01
0.00000000e+00 2.00205041e+00 3.19347182e-01
0.00000000e+00 1.99039007e+00 2.48958432e-01
0.00000000e+00 1.99039007e+00 2.48958432e-01
0.00000000e+00 2.00205041e+00 3.19347182e-01
0.00000000e+00 1.99700802e+00 3.20182486e-01
0.00000000e+00 1.98534768e+00 2.49793736e-01
0.00000000e+00 1.98534768e+00 2.49793736e-01
0.00000000e+00 1.99700802e+00 3.20182486e-01
0.00000000e+00 1.99196563e+00 3.21017790e-01
0.00000000e+00 1.98030529e+00 2.50629040e-01
0.00000000e+00 1.98030529e+00 2.50629040e-01
0.00000000e+00 1.99196563e+00 3.21017790e-01
0.00000000e+00 1.98692324e+00 3.21853094e-01
0.00000000e+00 1.97526290e+00 2.51464344e-01
0.00000000e+00 1.97526290e+00 2.51464344e-01
0.00000000e+00 1.98692324e+00 3.21853094e-01
0.00000000e+00 1.98188084e+00 3.22688399e-01
0.00000000e+00 1.97022050e+00 2.52299649e-01
0.00000000e+00 2.02726238e+00 3.15170659e-01
0.00000000e+00 2.03892273e+00 3.85559419e-01
0.00000000e+00 2.03388033e+00 3.86394724e-01
0.00000000e+00 2.02221998e+00 3.16005964e-01
0.00000000e+00 2.02221998e+00 3.16005964e-01
0.00000000e+00 2.03388033e+00 3.86394724e-01
0.00000000e+00 2.02883794e+00 3.87230028e-01
0.00000000e+00 2.01717759e+00 3.16841268e-01
0.00000000e+00 2.01717759e+00 3.16841268e-01
0.00000000e+00 2.02883794e+00 3.87230028e-01
0.00000000e+00 2.02379555e+00 3.88065333e-01
0.00000000e+00 2.01213520e+00 3.17676573e-01
0.00000000e+00 2.01213520e+00 3.17676573e-01
0.00000000e+00 2.02379555e+00 3.88065333e-01
0.00000000e+00 2.01875316e+00 3.88900638e-01
0.00000000e+00 2.00709281e+00 3.18511878e-01
0.00000000e+00 2.00709281e+00 3.18511878e-01
0.00000000e+00 2.01875316e+00 3.88900638e-01
0.00000000e+00 2.01371076e+00 3.89735942e-01
0.00000000e+00 2.00205041e+00 3.19347182e-01
0.00000000e+00 2.00205041e+00 3.19347182e-01
0.00000000e+00 2.01371076e+00 3.89735942e-01
0.00000000e+00 2.00866837e+00 3.90571247e-01
0.00000000e+00 1.99700802e+00 3.20182487e-01
0.00000000e+00 1.99700802e+00 3.20182487e-01
0.00000000e+00 2.00866837e+00 3.90571247e-01
0.00000000e+00 2.00362598e+00 3.91406552e-01
0.00000000e+00 1.99196563e+00 3.21017792e-01
0.00000000e+00 1.99196563e+00 3.21017792e-01
0.00000000e+00 2.00362598e+00 3.91406552e-01
0.00000000e+00 1.99858359e+00 3.92241856e-01
0.00000000e+00 1.98692324e+00 3.21853096e-01
0.00000000e+00 1.98692324e+00 3.21853096e-01
0.00000000e+00 1.99858359e+00 3.92241856e-01
0.00000000e+00 1.99354119e+00 3.93077161e-01
0.00000000e+00 1.98188084e+00 3.22688401e-01
0.00000000e+00 2.03892273e+00 3.85559418e-01
0.00000000e+00 2.05058308e+00 4.55948168e-01
0.00000000e+00 2.04554068e+00 4.56783473e-01
0.00000000e+00 2.03388033e+00 3.86394723e-01
0.00000000e+00 2.03388033e+00 3.86394723e-01
0.00000000e+00 2.04554068e+00 4.56783473e-01
0.00000000e+00 2.04049829e+00 4.57618778e-01
0.00000000e+00 2.02883794e+00 3.87230028e-01
0.00000000e+00 2.02883794e+00 3.87230028e-01
0.00000000e+00 2.04049829e+00 4.57618778e-01
0.00000000e+00 2.03545590e+00 4.58454083e-01
0.00000000e+00 2.02379555e+00 3.88065333e-01
0.00000000e+00 2.02379555e+00 3.88065333e-01
0.00000000e+00 2.03545590e+00 4.58454083e-01
0.00000000e+00 2.03041351e+00 4.59289388e-01
0.00000000e+00 2.01875316e+00 3.88900638e-01
0.00000000e+00 2.01875316e+00 3.88900638e-01
0.00000000e+00 2.03041351e+00 4.59289388e-01
0.00000000e+00 2.02537111e+00 4.60124692e-01
0.00000000e+00 2.01371076e+00 3.89735942e-01
0.00000000e+00 2.01371076e+00 3.89735942e-01
0.00000000e+00 2.02537111e+00 4.60124692e-01
0.00000000e+00 2.02032872e+00 4.60959997e-01
0.00000000e+00 2.00866837e+00 3.90571247e-01
0.00000000e+00 2.00866837e+00 3.90571247e-01
0.00000000e+00 2.02032872e+00 4.60959997e-01
0.00000000e+00 2.01528633e+00 4.61795302e-01
0.00000000e+00 2.00362598e+00 3.91406552e-01
0.00000000e+00 2.00362598e+00 3.91406552e-01
0.00000000e+00 2.01528633e+00 4.61795302e-01
0.00000000e+00 2.01024394e+00 4.62630607e-01
0.00000000e+00 1.99858359e+00 3.92241857e-01
0.00000000e+00 1.99858359e+00 3.92241857e-01
0.00000000e+00 2.01024394e+00 4.62630607e-01
0.00000000e+00 2.00520154e+00 4.63465912e-01
0.00000000e+00 1.99354119e+00 3.93077162e-01
0.00000000e+00 2.05058308e+00 4.55948169e-01
0.00000000e+00 2.06224343e+00 5.26336929e-01
0.00000000e+00 2.05720103e+00 5.27172234e-01
0.00000000e+00 2.04554068e+00 4.56783474e-01
0.00000000e+00 2.04554068e+00 4.56783474e-01
0.00000000e+00 2.05720103e+00 5.27172234e-01
0.00000000e+00 2.05215864e+00 5.28007538e-01
0.00000000e+00 2.04049829e+00 4.57618778e-01
0.00000000e+00 2.04049829e+00 4.57618778e-01
0.00000000e+00 2.05215864e+00 5.28007538e-01
0.00000000e+00 2.04711625e+00 5.28842843e-01
0.00000000e+00 2.03545590e+00 4.58454083e-01
0.00000000e+00 2.03545590e+00 4.58454083e-01
0.00000000e+00 2.04711625e+00 5.28842843e-01
0.00000000e+00 2.04207386e+00 5.29678148e-01
0.00000000e+00 2.03041351e+00 4.59289388e-01
0.00000000e+00 2.03041351e+00 4.59289388e-01
0.00000000e+00 2.04207386e+00 5.29678148e-01
0.00000000e+00 2.03703146e+00 5.30513452e-01
0.00000000e+00 2.02537111e+00 4.60124692e-01
0.00000000e+00 2.02537111e+00 4.60124692e-01
0.00000000e+00 2.03703146e+00 5.30513452e-01
0.00000000e+00 2.03198907e+00 5.31348757e-01
0.00000000e+00 2.02032872e+00 4.60959997e-01
0.00000000e+00 2.02032872e+00 4.60959997e-01
0.00000000e+00 2.03198907e+00 5.31348757e-01
0.00000000e+00 2.02694668e+00 5.32184062e-01
0.00000000e+00 2.01528633e+00 4.61795302e-01
0.00000000e+00 2.01528633e+00 4.61795302e-01
0.00000000e+00 2.02694668e+00 5.32184062e-01
0.00000000e+00 2.02190429e+00 5.33019366e-01
0.00000000e+00 2.01024394e+00 4.62630606e-01
0.00000000e+00 2.01024394e+00 4.62630606e-01
0.00000000e+00 2.02190429e+00 5.33019366e-01
0.00000000e+00 2.01686189e+00 5.33854671e-01
0.00000000e+00 2.00520154e+00 4.63465911e-01
0.00000000e+00 2.06224343e+00 5.26336932e-01
0.00000000e+00 2.07390377e+00 5.96725692e-01
0.00000000e+00 2.06886137e+00 5.97560996e-01
0.00000000e+00 2.05720103e+00 5.27172236e-01
0.00000000e+00 2.05720103e+00 5.27172236e-01
0.00000000e+00 2.06886137e+00 5.97560996e-01
0.00000000e+00 2.06381898e+00 5.98396300e-01
0.00000000e+00 2.05215864e+00 5.28007540e-01
0.00000000e+00 2.05215864e+00 5.28007540e-01
0.00000000e+00 2.06381898e+00 5.98396300e-01
0.00000000e+00 2.05877659e+00 5.99231604e-01
0.00000000e+00 2.04711625e+00 5.28842844e-01
0.00000000e+00 2.04711625e+00 5.28842844e-01
0.00000000e+00 2.05877659e+00 5.99231604e-01
0.00000000e+00 2.05373420e+00 6.00066908e-01
0.00000000e+00 2.04207386e+00 5.29678148e-01
0.00000000e+00 2.04207386e+00 5.29678148e-01
0.00000000e+00 2.05373420e+00 6.00066908e-01
0.00000000e+00 2.04869180e+00 6.00902212e-01
0.00000000e+00 2.03703146e+00 5.30513452e-01
0.00000000e+00 2.03703146e+00 5.30513452e-01
0.00000000e+00 2.04869180e+00 6.00902212e-01
0.00000000e+00 2.04364941e+00 6.01737516e-01
0.00000000e+00 2.03198907e+00 5.31348756e-01
0.00000000e+00 2.03198907e+00 5.31348756e-01
0.00000000e+00 2.04364941e+00 6.01737516e-01
0.00000000e+00 2.03860702e+00 6.02572820e-01
0.00000000e+00 2.02694668e+00 5.32184060e-01
0.00000000e+00 2.02694668e+00 5.32184060e-01
0.00000000e+00 2.03860702e+00 6.02572820e-01
0.00000000e+00 2.03356463e+00 6.03408124e-01
0.00000000e+00 2.02190429e+00 5.33019364e-01
0.00000000e+00 2.02190429e+00 5.33019364e-01
0.00000000e+00 2.03356463e+00 6.03408124e-01
0.00000000e+00 2.02852223e+00 6.04243428e-01
0.00000000e+00 2.01686189e+00 5.33854668e-01
0.00000000e+00 2.07390377e+00 5.96725688e-01
0.00000000e+00 2.08556412e+00 6.67114438e-01
0.00000000e+00 2.08052172e+00 6.67949743e-01
0.00000000e+00 2.06886137e+00 5.97560993e-01
0.00000000e+00 2.06886137e+00 5.97560993e-01
0.00000000e+00 2.08052172e+00 6.67949743e-01
0.00000000e+00 2.07547933e+00 6.68785048e-01
0.00000000e+00 2.06381898e+00 5.98396298e-01
0.00000000e+00 2.06381898e+00 5.98396298e-01
0.00000000e+00 2.07547933e+00 6.68785048e-01
0.00000000e+00 2.07043694e+00 6.69620353e-01
0.00000000e+00 2.05877659e+00 5.99231603e-01
0.00000000e+00 2.05877659e+00 5.99231603e-01
0.00000000e+00 2.07043694e+00 6.69620353e-01
0.00000000e+00 2.06539455e+00 6.70455658e-01
0.00000000e+00 2.05373420e+00 6.00066908e-01
0.00000000e+00 2.05373420e+00 6.00066908e-01
0.00000000e+00 2.06539455e+00 6.70455658e-01
0.00000000e+00 2.06035215e+00 6.71290962e-01
0.00000000e+00 2.04869180e+00 6.00902212e-01
0.00000000e+00 2.04869180e+00 6.00902212e-01
0.00000000e+00 2.06035215e+00 6.71290962e-01
0.00000000e+00 2.05530976e+00 6.72126267e-01
0.00000000e+00 2.04364941e+00 6.01737517e-01
0.00000000e+00 2.04364941e+00 6.01737517e-01
0.00000000e+00 2.05530976e+00 6.72126267e-01
0.00000000e+00 2.05026737e+00 6.72961572e-01
0.00000000e+00 2.03860702e+00 6.02572822e-01
0.00000000e+00 2.03860702e+00 6.02572822e-01
0.00000000e+00 2.05026737e+00 6.72961572e-01
0.00000000e+00 2.04522498e+00 6.73796877e-01
0.00000000e+00 2.03356463e+00 6.03408127e-01
0.00000000e+00 2.03356463e+00 6.03408127e-01
0.00000000e+00 2.04522498e+00 6.73796877e-01
0.00000000e+00 2.04018258e+00 6.74632182e-01
0.00000000e+00 2.02852223e+00 6.04243432e-01
0.00000000e+00 2.08556412e+00 6.67114439e-01
0.00000000e+00 2.09722447e+00 7.37503199e-01
0.00000000e+00 2.09218207e+00 7.38338504e-01
0.00000000e+00 2.08052172e+00 6.67949744e-01
0.00000000e+00 2.08052172e+00 6.67949744e-01
0.00000000e+00 2.09218207e+00 7.38338504e-01
0.00000000e+00 2.08713968e+00 7.39173808e-01
0.00000000e+00 2.07547933e+00 6.68785048e-01
0.00000000e+00 2.07547933e+00 6.68785048e-01
0.00000000e+00 2.08713968e+00 7.39173808e-01
0.00000000e+00 2.08209729e+00 7.40009113e-01
0.00000000e+00 2.07043694e+00 6.69620353e-01
0.00000000e+00 2.07043694e+00 6.69620353e-01
0.00000000e+00 2.08209729e+00 7.40009113e-01
0.00000000e+00 2.07705490e+00 7.40844418e-01
0.00000000e+00 2.06539455e+00 6.70455658e-01
0.00000000e+00 2.06539455e+00 6.70455658e-01
0.00000000e+00 2.07705490e+00 7.40844418e-01
0.00000000e+00 2.07201250e+00 7.41679722e-01
0.00000000e+00 2.06035215e+00 6.71290962e-01
0.00000000e+00 2.06035215e+00 6.71290962e-01
0.00000000e+00 2.07201250e+00 7.41679722e-01
0.00000000e+00 2.06697011e+00 7.42515027e-01
0.00000000e+00 2.05530976e+00 6.72126267e-01
0.00000000e+00 2.05530976e+00 6.72126267e-01
0.00000000e+00 2.06697011e+00 7.42515027e-01
0.00000000e+00 2.06192772e+00 7.43350332e-01
0.00000000e+00 2.05026737e+00 6.72961572e-01
0.00000000e+00 2.05026737e+00 6.72961572e-01
0.00000000e+00 2.06192772e+00 7.43350332e-01
0.00000000e+00 2.05688533e+00 7.44185636e-01
0.00000000e+00 2.04522498e+00 6.73796876e-01
0.00000000e+00 2.04522498e+00 6.73796876e-01
0.00000000e+00 2.05688533e+00 7.44185636e-01
0.00000000e+00 2.05184293e+00 7.45020941e-01
0.00000000e+00 2.04018258e+00 6.74632181e-01
0.00000000e+00 2.09722447e+00 7.37503201e-01
0.00000000e+00 2.10888481e+00 8.07891951e-01
0.00000000e+00 2.10384241e+00 8.08727256e-01
0.00000000e+00 2.09218207e+00 7.38338506e-01
0.00000000e+00 2.09218207e+00 7.38338506e-01
0.00000000e+00 2.10384241e+00 8.08727256e-01
0.00000000e+00 2.09880002e+00 8.09562560e-01
0.00000000e+00 2.08713968e+00 7.39173810e-01
0.00000000e+00 2.08713968e+00 7.39173810e-01
0.00000000e+00 2.09880002e+00 8.09562560e-01
0.00000000e+00 2.09375763e+00 8.10397864e-01
0.00000000e+00 2.08209729e+00 7.40009114e-01
0.00000000e+00 2.08209729e+00 7.40009114e-01
0.00000000e+00 2.09375763e+00 8.10397864e-01
0.00000000e+00 2.08871524e+00 8.11233168e-01
0.00000000e+00 2.07705490e+00 7.40844418e-01
0.00000000e+00 2.07705490e+00 7.40844418e-01
0.00000000e+00 2.08871524e+00 8.11233168e-01
0.00000000e+00 2.08367284e+00 8.12068472e-01
0.00000000e+00 2.07201250e+00 7.41679722e-01
0.00000000e+00 2.07201250e+00 7.41679722e-01
0.00000000e+00 2.08367284e+00 8.12068472e-01
0.00000000e+00 2.07863045e+00 8.12903776e-01
0.00000000e+00 2.06697011e+00 7.42515026e-01
0.00000000e+00 2.06697011e+00 7.42515026e-01
0.00000000e+00 2.07863045e+00 8.12903776e-01
0.00000000e+00 2.07358806e+00 8.13739080e-01
0.00000000e+00 2.06192772e+00 7.43350330e-01
0.00000000e+00 2.06192772e+00 7.43350330e-01
0.00000000e+00 2.07358806e+00 8.13739080e-01
0.00000000e+00 2.06854567e+00 8.14574384e-01
0.00000000e+00 2.05688533e+00 7.44185634e-01
0.00000000e+00 2.05688533e+00 7.44185634e-01
0.00000000e+00 2.06854567e+00 8.14574384e-01
0.00000000e+00 2.06350327e+00 8.15409689e-01
0.00000000e+00 2.05184293e+00 7.45020939e-01
0.00000000e+00 -1.05384771e+00 -1.17195779e+00
0.00000000e+00 -1.04201735e+00 -1.09994589e+00
0.00000000e+00 -1.03697385e+00 -1.10077446e+00
0.00000000e+00 -1.04880421e+00 -1.17278636e+00
0.00000000e+00 -1.04880421e+00 -1.17278636e+00
0.00000000e+00 -1.03697385e+00 -1.10077446e+00
0.00000000e+00 -1.03193034e+00 -1.10160302e+00
0.00000000e+00 -1.04376070e+00 -1.17361492e+00
0.00000000e+00 -1.04376070e+00 -1.17361492e+00
0.00000000e+00 -1.03193034e+00 -1.10160302e+00
0.00000000e+00 -1.02688684e+00 -1.10243158e+00
0.00000000e+00 -1.03871720e+00 -1.17444348e+00
0.00000000e+00 -1.03871720e+00 -1.17444348e+00
0.00000000e+00 -1.02688684e+00 -1.10243158e+00
0.00000000e+00 -1.02184333e+00 -1.10326015e+00
0.00000000e+00 -1.03367369e+00 -1.17527205e+00
0.00000000e+00 -1.03367369e+00 -1.17527205e+00
0.00000000e+00 -1.02184333e+00 -1.10326015e+00
0.00000000e+00 -1.01679983e+00 -1.10408871e+00
0.00000000e+00 -1.02863019e+00 -1.17610061e+00
0.00000000e+00 -1.02863019e+00 -1.17610061e+00
0.00000000e+00 -1.01679983e+00 -1.10408871e+00
0.00000000e+00 -1.01175632e+00 -1.10491728e+00
0.00000000e+00 -1.02358668e+00 -1.17692918e+00
0.00000000e+00 -1.02358668e+00 -1.17692918e+00
0.00000000e+00 -1.01175632e+00 -1.10491728e+00
0.00000000e+00 -1.00671282e+00 -1.10574584e+00
0.00000000e+00 -1.01854318e+00 -1.17775774e+00
0.00000000e+00 -1.01854318e+00 -1.17775774e+00
0.00000000e+00 -1.00671282e+00 -1.10574584e+00
0.00000000e+00 -1.00166931e+00 -1.10657440e+00
0.00000000e+00 -1.01349967e+00 -1.17858630e+00
0.00000000e+00 -1.01349967e+00 -1.17858630e+00
0.00000000e+00 -1.00166931e+00 -1.10657440e+00
0.00000000e+00 -9.96625809e-01 -1.10740297e+00
0.00000000e+00 -1.00845617e+00 -1.17941487e+00
0.00000000e+00 -1.04201735e+00 -1.09994589e+00
0.00000000e+00 -1.03018700e+00 -1.02793399e+00
0.00000000e+00 -1.02514350e+00 -1.02876256e+00
0.00000000e+00 -1.03697385e+00 -1.10077446e+00
0.00000000e+00 -1.03697385e+00 -1.10077446e+00
0.00000000e+00 -1.02514350e+00 -1.02876256e+00
0.00000000e+00 -1.02009999e+00 -1.02959112e+00
0.00000000e+00 -1.03193034e+00 -1.10160302e+00
0.00000000e+00 -1.03193034e+00 -1.10160302e+00
0.00000000e+00 -1.02009999e+00 -1.02959112e+00
0.00000000e+00 -1.01505649e+00 -1.03041968e+00
0.00000000e+00 -1.02688684e+00 -1.10243158e+00
0.00000000e+00 -1.02688684e+00 -1.10243158e+00
0.00000000e+00 -1.01505649e+00 -1.03041968e+00
0.00000000e+00 -1.01001298e+00 -1.03124825e+00
0.00000000e+00 -1.02184333e+00 -1.10326015e+00
0.00000000e+00 -1.02184333e+00 -1.10326015e+00
0.00000000e+00 -1.01001298e+00 -1.03124825e+00
0.00000000e+00 -1.00496948e+00 -1.03207681e+00
0.00000000e+00 -1.01679983e+00 -1.10408871e+00
0.00000000e+00 -1.01679983e+00 -1.10408871e+00
0.00000000e+00 -1.00496948e+00 -1.03207681e+00
0.00000000e+00 -9.99925973e-01 -1.03290538e+00
0.00000000e+00 -1.01175632e+00 -1.10491728e+00
0.00000000e+00 -1.01175632e+00 -1.10491728e+00
0.00000000e+00 -9.99925973e-01 -1.03290538e+00
0.00000000e+00 -9.94882468e-01 -1.03373394e+00
0.00000000e+00 -1.00671282e+00 -1.10574584e+00
0.00000000e+00 -1.00671282e+00 -1.10574584e+00
0.00000000e+00 -9.94882468e-01 -1.03373394e+00
0.00000000e+00 -9.89838964e-01 -1.03456250e+00
0.00000000e+00 -1.00166931e+00 -1.10657440e+00
0.00000000e+00 -1.00166931e+00 -1.10657440e+00
0.00000000e+00 -9.89838964e-01 -1.03456250e+00
0.00000000e+00 -9.84795459e-01 -1.03539107e+00
0.00000000e+00 -9.96625809e-01 -1.10740297e+00
0.00000000e+00 -1.03018700e+00 -1.02793399e+00
0.00000000e+00 -1.01835664e+00 -9.55922092e-01
0.00000000e+00 -1.01331314e+00 -9.56750656e-01
0.00000000e+00 -1.02514350e+00 -1.02876256e+00
0.00000000e+00 -1.02514350e+00 -1.02876256e+00
0.00000000e+00 -1.01331314e+00 -9.56750656e-01
0.00000000e+00 -1.00826963e+00 -9.57579220e-01
0.00000000e+00 -1.02009999e+00 -1.02959112e+00
0.00000000e+00 -1.02009999e+00 -1.02959112e+00
0.00000000e+00 -1.00826963e+00 -9.57579220e-01
0.00000000e+00 -1.00322613e+00 -9.58407784e-01
0.00000000e+00 -1.01505649e+00 -1.03041968e+00
0.00000000e+00 -1.01505649e+00 -1.03041968e+00
0.00000000e+00 -1.00322613e+00 -9.58407784e-01
0.00000000e+00 -9.98182622e-01 -9.59236348e-01
0.00000000e+00 -1.01001298e+00 -1.03124825e+00
0.00000000e+00 -1.01001298e+00 -1.03124825e+00
0.00000000e+00 -9.98182622e-01 -9.59236348e-01
0.00000000e+00 -9.93139118e-01 -9.60064912e-01
0.00000000e+00 -1.00496948e+00 -1.03207681e+00
0.00000000e+00 -1.00496948e+00 -1.03207681e+00
0.00000000e+00 -9.93139118e-01 -9.60064912e-01
0.00000000e+00 -9.88095613e-01 -9.60893476e-01
0.00000000e+00 -9.99925973e-01 -1.03290538e+00
0.00000000e+00 -9.99925973e-01 -1.03290538e+00
0.00000000e+00 -9.88095613e-01 -9.60893476e-01
0.00000000e+00 -9.83052109e-01 -9.61722040e-01
0.00000000e+00 -9.94882469e-01 -1.03373394e+00
0.00000000e+00 -9.94882469e-01 -1.03373394e+00
0.00000000e+00 -9.83052109e-01 -9.61722040e-01
0.00000000e+00 -9.78008604e-01 -9.62550604e-01
0.00000000e+00 -9.89838964e-01 -1.03456250e+00
0.00000000e+00 -9.89838964e-01 -1.03456250e+00
0.00000000e+00 -9.78008604e-01 -9.62550604e-01
0.00000000e+00 -9.72965099e-01 -9.63379168e-01
0.00000000e+00 -9.84795459e-01 -1.03539107e+00
0.00000000e+00 -1.01835664e+00 -9.55922091e-01
0.00000000e+00 -1.00652628e+00 -8.83910201e-01
0.00000000e+00 -1.00148278e+00 -8.84738765e-01
0.00000000e+00 -1.01331314e+00 -9.56750655e-01
0.00000000e+00 -1.01331314e+00 -9.56750655e-01
0.00000000e+00 -1.00148278e+00 -8.84738765e-01
0.00000000e+00 -9.96439271e-01 -8.85567329e-01
0.00000000e+00 -1.00826963e+00 -9.57579219e-01
0.00000000e+00 -1.00826963e+00 -9.57579219e-01
0.00000000e+00 -9.96439271e-01 -8.85567329e-01
0.00000000e+00 -9.91395767e-01 -8.86395894e-01
0.00000000e+00 -1.00322613e+00 -9.58407784e-01
0.00000000e+00 -1.00322613e+00 -9.58407784e-01
0.00000000e+00 -9.91395767e-01 -8.86395894e-01
0.00000000e+00 -9.86352262e-01 -8.87224458e-01
0.00000000e+00 -9.98182622e-01 -9.59236348e-01
0.00000000e+00 -9.98182622e-01 -9.59236348e-01
0.00000000e+00 -9.86352262e-01 -8.87224458e-01
0.00000000e+00 -9.81308758e-01 -8.88053022e-01
0.00000000e+00 -9.93139118e-01 -9.60064912e-01
0.00000000e+00 -9.93139118e-01 -9.60064912e-01
0.00000000e+00 -9.81308758e-01 -8.88053022e-01
0.00000000e+00 -9.76265253e-01 -8.88881586e-01
0.00000000e+00 -9.88095613e-01 -9.60893476e-01
0.00000000e+00 -9.88095613e-01 -9.60893476e-01
0.00000000e+00 -9.76265253e-01 -8.88881586e-01
0.00000000e+00 -9.71221749e-01 -8.89710151e-01
0.00000000e+00 -9.83052109e-01 -9.61722041e-01
0.00000000e+00 -9.83052109e-01 -9.61722041e-01
0.00000000e+00 -9.71221749e-01 -8.89710151e-01
0.00000000e+00 -9.66178244e-01 -8.90538715e-01
0.00000000e+00 -9.78008604e-01 -9.62550605e-01
0.00000000e+00 -9.78008604e-01 -9.62550605e-01
0.00000000e+00 -9.66178244e-01 -8.90538715e-01
0.00000000e+00 -9.61134740e-01 -8.91367279e-01
0.00000000e+00 -9.72965100e-01 -9.63379169e-01
0.00000000e+00 -1.00652628e+00 -8.83910205e-01
0.00000000e+00 -9.94695931e-01 -8.11898305e-01
0.00000000e+00 -9.89652426e-01 -8.12726868e-01
0.00000000e+00 -1.00148278e+00 -8.84738768e-01
0.00000000e+00 -1.00148278e+00 -8.84738768e-01
0.00000000e+00 -9.89652426e-01 -8.12726868e-01
0.00000000e+00 -9.84608922e-01 -8.13555431e-01
0.00000000e+00 -9.96439272e-01 -8.85567331e-01
0.00000000e+00 -9.96439272e-01 -8.85567331e-01
0.00000000e+00 -9.84608922e-01 -8.13555431e-01
0.00000000e+00 -9.79565417e-01 -8.14383995e-01
0.00000000e+00 -9.91395767e-01 -8.86395895e-01
0.00000000e+00 -9.91395767e-01 -8.86395895e-01
0.00000000e+00 -9.79565417e-01 -8.14383995e-01
0.00000000e+00 -9.74521912e-01 -8.15212558e-01
0.00000000e+00 -9.86352262e-01 -8.87224458e-01
0.00000000e+00 -9.86352262e-01 -8.87224458e-01
0.00000000e+00 -9.74521912e-01 -8.15212558e-01
0.00000000e+00 -9.69478408e-01 -8.16041122e-01
0.00000000e+00 -9.81308758e-01 -8.88053022e-01
0.00000000e+00 -9.81308758e-01 -8.88053022e-01
0.00000000e+00 -9.69478408e-01 -8.16041122e-01
0.00000000e+00 -9.64434903e-01 -8.16869685e-01
0.00000000e+00 -9.76265253e-01 -8.88881585e-01
0.00000000e+00 -9.76265253e-01 -8.88881585e-01
0.00000000e+00 -9.64434903e-01 -8.16869685e-01
0.00000000e+00 -9.59391398e-01 -8.17698249e-01
0.00000000e+00 -9.71221748e-01 -8.89710149e-01
0.00000000e+00 -9.71221748e-01 -8.89710149e-01
0.00000000e+00 -9.59391398e-01 -8.17698249e-01
0.00000000e+00 -9.54347894e-01 -8.18526812e-01
0.00000000e+00 -9.66178244e-01 -8.90538712e-01
0.00000000e+00 -9.66178244e-01 -8.90538712e-01
0.00000000e+00 -9.54347894e-01 -8.18526812e-01
0.00000000e+00 -9.49304389e-01 -8.19355375e-01
0.00000000e+00 -9.61134739e-01 -8.91367275e-01
0.00000000e+00 -9.94695931e-01 -8.11898302e-01
0.00000000e+00 -9.82865571e-01 -7.39886402e-01
0.00000000e+00 -9.77822066e-01 -7.40714966e-01
0.00000000e+00 -9.89652426e-01 -8.12726866e-01
0.00000000e+00 -9.89652426e-01 -8.12726866e-01
0.00000000e+00 -9.77822066e-01 -7.40714966e-01
0.00000000e+00 -9.72778561e-01 -7.41543530e-01
0.00000000e+00 -9.84608921e-01 -8.13555430e-01
0.00000000e+00 -9.84608921e-01 -8.13555430e-01
0.00000000e+00 -9.72778561e-01 -7.41543530e-01
0.00000000e+00 -9.67735057e-01 -7.42372094e-01
0.00000000e+00 -9.79565417e-01 -8.14383994e-01
0.00000000e+00 -9.79565417e-01 -8.14383994e-01
0.00000000e+00 -9.67735057e-01 -7.42372094e-01
0.00000000e+00 -9.62691552e-01 -7.43200658e-01
0.00000000e+00 -9.74521912e-01 -8.15212558e-01
0.00000000e+00 -9.74521912e-01 -8.15212558e-01
0.00000000e+00 -9.62691552e-01 -7.43200658e-01
0.00000000e+00 -9.57648048e-01 -7.44029222e-01
0.00000000e+00 -9.69478408e-01 -8.16041122e-01
0.00000000e+00 -9.69478408e-01 -8.16041122e-01
0.00000000e+00 -9.57648048e-01 -7.44029222e-01
0.00000000e+00 -9.52604543e-01 -7.44857786e-01
0.00000000e+00 -9.64434903e-01 -8.16869686e-01
0.00000000e+00 -9.64434903e-01 -8.16869686e-01
0.00000000e+00 -9.52604543e-01 -7.44857786e-01
0.00000000e+00 -9.47561039e-01 -7.45686350e-01
0.00000000e+00 -9.59391399e-01 -8.17698250e-01
0.00000000e+00 -9.59391399e-01 -8.17698250e-01
0.00000000e+00 -9.47561039e-01 -7.45686350e-01
0.00000000e+00 -9.42517534e-01 -7.46514914e-01
0.00000000e+00 -9.54347894e-01 -8.18526814e-01
0.00000000e+00 -9.54347894e-01 -8.18526814e-01
0.00000000e+00 -9.42517534e-01 -7.46514914e-01
0.00000000e+00 -9.37474029e-01 -7.47343478e-01
0.00000000e+00 -9.49304389e-01 -8.19355378e-01
0.00000000e+00 -9.82865571e-01 -7.39886402e-01
0.00000000e+00 -9.71035211e-01 -6.67874502e-01
0.00000000e+00 -9.65991706e-01 -6.68703066e-01
0.00000000e+00 -9.77822066e-01 -7.40714966e-01
0.00000000e+00 -9.77822066e-01 -7.40714966e-01
0.00000000e+00 -9.65991706e-01 -6.68703066e-01
0.00000000e+00 -9.60948201e-01 -6.69531630e-01
0.00000000e+00 -9.72778561e-01 -7.41543530e-01
0.00000000e+00 -9.72778561e-01 -7.41543530e-01
0.00000000e+00 -9.60948201e-01 -6.69531630e-01
0.00000000e+00 -9.55904697e-01 -6.70360194e-01
0.00000000e+00 -9.67735057e-01 -7.42372094e-01
0.00000000e+00 -9.67735057e-01 -7.42372094e-01
0.00000000e+00 -9.55904697e-01 -6.70360194e-01
0.00000000e+00 -9.50861192e-01 -6.71188758e-01
0.00000000e+00 -9.62691552e-01 -7.43200658e-01
0.00000000e+00 -9.62691552e-01 -7.43200658e-01
0.00000000e+00 -9.50861192e-01 -6.71188758e-01
0.00000000e+00 -9.45817688e-01 -6.72017322e-01
0.00000000e+00 -9.57648048e-01 -7.44029222e-01
0.00000000e+00 -9.57648048e-01 -7.44029222e-01
0.00000000e+00 -9.45817688e-01 -6.72017322e-01
0.00000000e+00 -9.40774183e-01 -6.72845886e-01
0.00000000e+00 -9.52604543e-01 -7.44857786e-01
0.00000000e+00 -9.52604543e-01 -7.44857786e-01
0.00000000e+00 -9.40774183e-01 -6.72845886e-01
0.00000000e+00 -9.35730679e-01 -6.73674450e-01
0.00000000e+00 -9.47561039e-01 -7.45686350e-01
0.00000000e+00 -9.47561039e-01 -7.45686350e-01
0.00000000e+00 -9.35730679e-01 -6.73674450e-01
0.00000000e+00 -9.30687174e-01 -6.74503014e-01
0.00000000e+00 -9.42517534e-01 -7.46514914e-01
0.00000000e+00 -9.42517534e-01 -7.46514914e-01
0.00000000e+00 -9.30687174e-01 -6.74503014e-01
0.00000000e+00 -9.25643669e-01 -6.75331578e-01
0.00000000e+00 -9.37474029e-01 -7.47343478e-01
0.00000000e+00 -9.71035211e-01 -6.67874505e-01
0.00000000e+00 -9.59204861e-01 -5.95862605e-01
0.00000000e+00 -9.54161356e-01 -5.96691168e-01
0.00000000e+00 -9.65991706e-01 -6.68703068e-01
0.00000000e+00 -9.65991706e-01 -6.68703068e-01
0.00000000e+00 -9.54161356e-01 -5.96691168e-01
0.00000000e+00 -9.49117852e-01 -5.97519731e-01
0.00000000e+00 -9.60948202e-01 -6.69531631e-01
0.00000000e+00 -9.60948202e-01 -6.69531631e-01
0.00000000e+00 -9.49117852e-01 -5.97519731e-01
0.00000000e+00 -9.44074347e-01 -5.98348295e-01
0.00000000e+00 -9.55904697e-01 -6.70360195e-01
0.00000000e+00 -9.55904697e-01 -6.70360195e-01
0.00000000e+00 -9.44074347e-01 -5.98348295e-01
0.00000000e+00 -9.39030842e-01 -5.99176858e-01
0.00000000e+00 -9.50861192e-01 -6.71188758e-01
0.00000000e+00 -9.50861192e-01 -6.71188758e-01
0.00000000e+00 -9.39030842e-01 -5.99176858e-01
0.00000000e+00 -9.33987338e-01 -6.00005422e-01
0.00000000e+00 -9.45817688e-01 -6.72017322e-01
0.00000000e+00 -9.45817688e-01 -6.72017322e-01
0.00000000e+00 -9.33987338e-01 -6.00005422e-01
0.00000000e+00 -9.28943833e-01 -6.00833985e-01
0.00000000e+00 -9.40774183e-01 -6.72845885e-01
0.00000000e+00 -9.40774183e-01 -6.72845885e-01
0.00000000e+00 -9.28943833e-01 -6.00833985e-01
0.00000000e+00 -9.23900328e-01 -6.01662549e-01
0.00000000e+00 -9.35730678e-01 -6.73674449e-01
0.00000000e+00 -9.35730678e-01 -6.73674449e-01
0.00000000e+00 -9.23900328e-01 -6.01662549e-01
0.00000000e+00 -9.18856824e-01 -6.02491112e-01
0.00000000e+00 -9.30687174e-01 -6.74503012e-01
0.00000000e+00 -9.30687174e-01 -6.74503012e-01
0.00000000e+00 -9.18856824e-01 -6.02491112e-01
0.00000000e+00 -9.13813319e-01 -6.03319675e-01
0.00000000e+00 -9.25643669e-01 -6.75331575e-01
0.00000000e+00 -9.59204861e-01 -5.95862602e-01
0.00000000e+00 -9.47374501e-01 -5.23850702e-01
0.00000000e+00 -9.42330996e-01 -5.24679266e-01
0.00000000e+00 -9.54161356e-01 -5.96691166e-01
0.00000000e+00 -9.54161356e-01 -5.96691166e-01
0.00000000e+00 -9.42330996e-01 -5.24679266e-01
0.00000000e+00 -9.37287491e-01 -5.25507830e-01
0.00000000e+00 -9.49117851e-01 -5.97519730e-01
0.00000000e+00 -9.49117851e-01 -5.97519730e-01
0.00000000e+00 -9.37287491e-01 -5.25507830e-01
0.00000000e+00 -9.32243987e-01 -5.26336394e-01
0.00000000e+00 -9.44074347e-01 -5.98348294e-01
0.00000000e+00 -9.44074347e-01 -5.98348294e-01
0.00000000e+00 -9.32243987e-01 -5.26336394e-01
0.00000000e+00 -9.27200482e-01 -5.27164958e-01
0.00000000e+00 -9.39030842e-01 -5.99176858e-01
0.00000000e+00 -9.39030842e-01 -5.99176858e-01
0.00000000e+00 -9.27200482e-01 -5.27164958e-01
0.00000000e+00 -9.22156978e-01 -5.27993522e-01
0.00000000e+00 -9.33987338e-01 -6.00005422e-01
0.00000000e+00 -9.33987338e-01 -6.00005422e-01
0.00000000e+00 -9.22156978e-01 -5.27993522e-01
0.00000000e+00 -9.17113473e-01 -5.28822086e-01
0.00000000e+00 -9.28943833e-01 -6.00833986e-01
0.00000000e+00 -9.28943833e-01 -6.00833986e-01
0.00000000e+00 -9.17113473e-01 -5.28822086e-01
0.00000000e+00 -9.12069969e-01 -5.29650650e-01
0.00000000e+00 -9.23900329e-01 -6.01662550e-01
0.00000000e+00 -9.23900329e-01 -6.01662550e-01
0.00000000e+00 -9.12069969e-01 -5.29650650e-01
0.00000000e+00 -9.07026464e-01 -5.30479214e-01
0.00000000e+00 -9.18856824e-01 -6.02491114e-01
0.00000000e+00 -9.18856824e-01 -6.02491114e-01
0.00000000e+00 -9.07026464e-01 -5.30479214e-01
0.00000000e+00 -9.01982959e-01 -5.31307778e-01
0.00000000e+00 -9.13813319e-01 -6.03319678e-01
0.00000000e+00 -9.47374501e-01 -5.23850702e-01
0.00000000e+00 -9.35544141e-01 -4.51838802e-01
0.00000000e+00 -9.30500636e-01 -4.52667366e-01
0.00000000e+00 -9.42330996e-01 -5.24679266e-01
0.00000000e+00 -9.42330996e-01 -5.24679266e-01
0.00000000e+00 -9.30500636e-01 -4.52667366e-01
0.00000000e+00 -9.25457131e-01 -4.53495930e-01
0.00000000e+00 -9.37287491e-01 -5.25507830e-01
0.00000000e+00 -9.37287491e-01 -5.25507830e-01
0.00000000e+00 -9.25457131e-01 -4.53495930e-01
0.00000000e+00 -9.20413627e-01 -4.54324494e-01
0.00000000e+00 -9.32243987e-01 -5.26336394e-01
0.00000000e+00 -9.32243987e-01 -5.26336394e-01
0.00000000e+00 -9.20413627e-01 -4.54324494e-01
0.00000000e+00 -9.15370122e-01 -4.55153058e-01
0.00000000e+00 -9.27200482e-01 -5.27164958e-01
0.00000000e+00 -9.27200482e-01 -5.27164958e-01
0.00000000e+00 -9.15370122e-01 -4.55153058e-01
0.00000000e+00 -9.10326618e-01 -4.55981622e-01
0.00000000e+00 -9.22156978e-01 -5.27993522e-01
0.00000000e+00 -9.22156978e-01 -5.27993522e-01
0.00000000e+00 -9.10326618e-01 -4.55981622e-01
0.00000000e+00 -9.05283113e-01 -4.56810186e-01
0.00000000e+00 -9.17113473e-01 -5.28822086e-01
0.00000000e+00 -9.17113473e-01 -5.28822086e-01
0.00000000e+00 -9.05283113e-01 -4.56810186e-01
0.00000000e+00 -9.00239609e-01 -4.57638750e-01
0.00000000e+00 -9.12069969e-01 -5.29650650e-01
0.00000000e+00 -9.12069969e-01 -5.29650650e-01
0.00000000e+00 -9.00239609e-01 -4.57638750e-01
0.00000000e+00 -8.95196104e-01 -4.58467314e-01
0.00000000e+00 -9.07026464e-01 -5.30479214e-01
0.00000000e+00 -9.07026464e-01 -5.30479214e-01
0.00000000e+00 -8.95196104e-01 -4.58467314e-01
0.00000000e+00 -8.90152599e-01 -4.59295878e-01
0.00000000e+00 -9.01982959e-01 -5.31307778e-01
0.00000000e+00 -9.35544141e-01 -4.51838804e-01
0.00000000e+00 -9.23713791e-01 -3.79826914e-01
0.00000000e+00 -9.18670286e-01 -3.80655478e-01
0.00000000e+00 -9.30500636e-01 -4.52667368e-01
0.00000000e+00 -9.30500636e-01 -4.52667368e-01
0.00000000e+00 -9.18670286e-01 -3.80655478e-01
0.00000000e+00 -9.13626782e-01 -3.81484041e-01
0.00000000e+00 -9.25457132e-01 -4.53495931e-01
0.00000000e+00 -9.25457132e-01 -4.53495931e-01
0.00000000e+00 -9.13626782e-01 -3.81484041e-01
0.00000000e+00 -9.08583277e-01 -3.82312605e-01
0.00000000e+00 -9.20413627e-01 -4.54324495e-01
0.00000000e+00 -9.20413627e-01 -4.54324495e-01
0.00000000e+00 -9.08583277e-01 -3.82312605e-01
0.00000000e+00 -9.03539772e-01 -3.83141168e-01
0.00000000e+00 -9.15370122e-01 -4.55153058e-01
0.00000000e+00 -9.15370122e-01 -4.55153058e-01
0.00000000e+00 -9.03539772e-01 -3.83141168e-01
0.00000000e+00 -8.98496268e-01 -3.83969732e-01
0.00000000e+00 -9.10326618e-01 -4.55981622e-01
0.00000000e+00 -9.10326618e-01 -4.55981622e-01
0.00000000e+00 -8.98496268e-01 -3.83969732e-01
0.00000000e+00 -8.93452763e-01 -3.84798295e-01
0.00000000e+00 -9.05283113e-01 -4.56810185e-01
0.00000000e+00 -9.05283113e-01 -4.56810185e-01
0.00000000e+00 -8.93452763e-01 -3.84798295e-01
0.00000000e+00 -8.88409258e-01 -3.85626859e-01
0.00000000e+00 -9.00239608e-01 -4.57638749e-01
0.00000000e+00 -9.00239608e-01 -4.57638749e-01
0.00000000e+00 -8.88409258e-01 -3.85626859e-01
0.00000000e+00 -8.83365754e-01 -3.86455422e-01
0.00000000e+00 -8.95196104e-01 -4.58467312e-01
0.00000000e+00 -8.95196104e-01 -4.58467312e-01
0.00000000e+00 -8.83365754e-01 -3.86455422e-01
0.00000000e+00 -8.78322249e-01 -3.87283986e-01
0.00000000e+00 -8.90152599e-01 -4.59295876e-01
0.00000000e+00 -9.23713791e-01 -3.79826912e-01
0.00000000e+00 -9.11883431e-01 -3.07815012e-01
0.00000000e+00 -9.06839926e-01 -3.08643576e-01
0.00000000e+00 -9.18670286e-01 -3.80655476e-01
0.00000000e+00 -9.18670286e-01 -3.80655476e-01
0.00000000e+00 -9.06839926e-01 -3.08643576e-01
0.00000000e+00 -9.01796421e-01 -3.09472140e-01
0.00000000e+00 -9.13626781e-01 -3.81484040e-01
0.00000000e+00 -9.13626781e-01 -3.81484040e-01
0.00000000e+00 -9.01796421e-01 -3.09472140e-01
0.00000000e+00 -8.96752917e-01 -3.10300704e-01
0.00000000e+00 -9.08583277e-01 -3.82312604e-01
0.00000000e+00 -9.08583277e-01 -3.82312604e-01
0.00000000e+00 -8.96752917e-01 -3.10300704e-01
0.00000000e+00 -8.91709412e-01 -3.11129268e-01
0.00000000e+00 -9.03539772e-01 -3.83141168e-01
0.00000000e+00 -9.03539772e-01 -3.83141168e-01
0.00000000e+00 -8.91709412e-01 -3.11129268e-01
0.00000000e+00 -8.86665908e-01 -3.11957832e-01
0.00000000e+00 -8.98496268e-01 -3.83969732e-01
0.00000000e+00 -8.98496268e-01 -3.83969732e-01
0.00000000e+00 -8.86665908e-01 -3.11957832e-01
0.00000000e+00 -8.81622403e-01 -3.12786396e-01
0.00000000e+00 -8.93452763e-01 -3.84798296e-01
0.00000000e+00 -8.93452763e-01 -3.84798296e-01
0.00000000e+00 -8.81622403e-01 -3.12786396e-01
0.00000000e+00 -8.76578899e-01 -3.13614960e-01
0.00000000e+00 -8.88409259e-01 -3.85626860e-01
0.00000000e+00 -8.88409259e-01 -3.85626860e-01
0.00000000e+00 -8.76578899e-01 -3.13614960e-01
0.00000000e+00 -8.71535394e-01 -3.14443524e-01
0.00000000e+00 -8.83365754e-01 -3.86455424e-01
0.00000000e+00 -8.83365754e-01 -3.86455424e-01
0.00000000e+00 -8.71535394e-01 -3.14443524e-01
0.00000000e+00 -8.66491889e-01 -3.15272088e-01
0.00000000e+00 -8.78322249e-01 -3.87283988e-01
0.00000000e+00 -9.11883431e-01 -3.07815012e-01
0.00000000e+00 -9.00053071e-01 -2.35803112e-01
0.00000000e+00 -8.95009566e-01 -2.36631676e-01
0.00000000e+00 -9.06839926e-01 -3.08643576e-01
0.00000000e+00 -9.06839926e-01 -3.08643576e-01
0.00000000e+00 -8.95009566e-01 -2.36631676e-01
0.00000000e+00 -8.89966061e-01 -2.37460240e-01
0.00000000e+00 -9.01796421e-01 -3.09472140e-01
0.00000000e+00 -9.01796421e-01 -3.09472140e-01
0.00000000e+00 -8.89966061e-01 -2.37460240e-01
0.00000000e+00 -8.84922557e-01 -2.38288804e-01
0.00000000e+00 -8.96752917e-01 -3.10300704e-01
0.00000000e+00 -8.96752917e-01 -3.10300704e-01
0.00000000e+00 -8.84922557e-01 -2.38288804e-01
0.00000000e+00 -8.79879052e-01 -2.39117368e-01
0.00000000e+00 -8.91709412e-01 -3.11129268e-01
0.00000000e+00 -8.91709412e-01 -3.11129268e-01
0.00000000e+00 -8.79879052e-01 -2.39117368e-01
0.00000000e+00 -8.74835548e-01 -2.39945932e-01
0.00000000e+00 -8.86665908e-01 -3.11957832e-01
0.00000000e+00 -8.86665908e-01 -3.11957832e-01
0.00000000e+00 -8.74835548e-01 -2.39945932e-01
0.00000000e+00 -8.69792043e-01 -2.40774496e-01
0.00000000e+00 -8.81622403e-01 -3.12786396e-01
0.00000000e+00 -8.81622403e-01 -3.12786396e-01
0.00000000e+00 -8.69792043e-01 -2.40774496e-01
0.00000000e+00 -8.64748539e-01 -2.41603060e-01
0.00000000e+00 -8.76578899e-01 -3.13614960e-01
0.00000000e+00 -8.76578899e-01 -3.13614960e-01
0.00000000e+00 -8.64748539e-01 -2.41603060e-01
0.00000000e+00 -8.59705034e-01 -2.42431624e-01
0.00000000e+00 -8.71535394e-01 -3.14443524e-01
0.00000000e+00 -8.71535394e-01 -3.14443524e-01
0.00000000e+00 -8.59705034e-01 -2.42431624e-01
0.00000000e+00 -8.54661529e-01 -2.43260188e-01
0.00000000e+00 -8.66491889e-01 -3.15272088e-01
0.00000000e+00 -9.00053071e-01 -2.35803112e-01
0.00000000e+00 -8.88222711e-01 -1.63791212e-01
0.00000000e+00 -8.83179206e-01 -1.64619776e-01
0.00000000e+00 -8.95009566e-01 -2.36631676e-01
0.00000000e+00 -8.95009566e-01 -2.36631676e-01
0.00000000e+00 -8.83179206e-01 -1.64619776e-01
0.00000000e+00 -8.78135701e-01 -1.65448340e-01
0.00000000e+00 -8.89966061e-01 -2.37460240e-01
0.00000000e+00 -8.89966061e-01 -2.37460240e-01
0.00000000e+00 -8.78135701e-01 -1.65448340e-01
0.00000000e+00 -8.73092197e-01 -1.66276904e-01
0.00000000e+00 -8.84922557e-01 -2.38288804e-01
0.00000000e+00 -8.84922557e-01 -2.38288804e-01
0.00000000e+00 -8.73092197e-01 -1.66276904e-01
0.00000000e+00 -8.68048692e-01 -1.67105468e-01
0.00000000e+00 -8.79879052e-01 -2.39117368e-01
0.00000000e+00 -8.79879052e-01 -2.39117368e-01
0.00000000e+00 -8.68048692e-01 -1.67105468e-01
0.00000000e+00 -8.63005188e-01 -1.67934032e-01
0.00000000e+00 -8.74835548e-01 -2.39945932e-01
0.00000000e+00 -8.74835548e-01 -2.39945932e-01
0.00000000e+00 -8.63005188e-01 -1.67934032e-01
0.00000000e+00 -8.57961683e-01 -1.68762596e-01
0.00000000e+00 -8.69792043e-01 -2.40774496e-01
0.00000000e+00 -8.69792043e-01 -2.40774496e-01
0.00000000e+00 -8.57961683e-01 -1.68762596e-01
0.00000000e+00 -8.52918179e-01 -1.69591160e-01
0.00000000e+00 -8.64748539e-01 -2.41603060e-01
0.00000000e+00 -8.64748539e-01 -2.41603060e-01
0.00000000e+00 -8.52918179e-01 -1.69591160e-01
0.00000000e+00 -8.47874674e-01 -1.70419724e-01
0.00000000e+00 -8.59705034e-01 -2.42431624e-01
0.00000000e+00 -8.59705034e-01 -2.42431624e-01
0.00000000e+00 -8.47874674e-01 -1.70419724e-01
0.00000000e+00 -8.42831169e-01 -1.71248288e-01
0.00000000e+00 -8.54661529e-01 -2.43260188e-01
0.00000000e+00 -8.88222711e-01 -1.63791215e-01
0.00000000e+00 -8.76392361e-01 -9.17793146e-02
0.00000000e+00 -8.71348856e-01 -9.26078781e-02
0.00000000e+00 -8.83179206e-01 -1.64619778e-01
0.00000000e+00 -8.83179206e-01 -1.64619778e-01
0.00000000e+00 -8.71348856e-01 -9.26078781e-02
0.00000000e+00 -8.66305352e-01 -9.34364415e-02
0.00000000e+00 -8.78135702e-01 -1.65448341e-01
0.00000000e+00 -8.78135702e-01 -1.65448341e-01
0.00000000e+00 -8.66305352e-01 -9.34364415e-02
0.00000000e+00 -8.61261847e-01 -9.42650049e-02
0.00000000e+00 -8.73092197e-01 -1.66276905e-01
0.00000000e+00 -8.73092197e-01 -1.66276905e-01
0.00000000e+00 -8.61261847e-01 -9.42650049e-02
0.00000000e+00 -8.56218342e-01 -9.50935683e-02
0.00000000e+00 -8.68048692e-01 -1.67105468e-01
0.00000000e+00 -8.68048692e-01 -1.67105468e-01
0.00000000e+00 -8.56218342e-01 -9.50935683e-02
0.00000000e+00 -8.51174838e-01 -9.59221317e-02
0.00000000e+00 -8.63005188e-01 -1.67934032e-01
0.00000000e+00 -8.63005188e-01 -1.67934032e-01
0.00000000e+00 -8.51174838e-01 -9.59221317e-02
0.00000000e+00 -8.46131333e-01 -9.67506951e-02
0.00000000e+00 -8.57961683e-01 -1.68762595e-01
0.00000000e+00 -8.57961683e-01 -1.68762595e-01
0.00000000e+00 -8.46131333e-01 -9.67506951e-02
0.00000000e+00 -8.41087828e-01 -9.75792585e-02
0.00000000e+00 -8.52918178e-01 -1.69591159e-01
0.00000000e+00 -8.52918178e-01 -1.69591159e-01
0.00000000e+00 -8.41087828e-01 -9.75792585e-02
0.00000000e+00 -8.36044324e-01 -9.84078219e-02
0.00000000e+00 -8.47874674e-01 -1.70419722e-01
0.00000000e+00 -8.47874674e-01 -1.70419722e-01
0.00000000e+00 -8.36044324e-01 -9.84078219e-02
0.00000000e+00 -8.31000819e-01 -9.92363854e-02
0.00000000e+00 -8.42831169e-01 -1.71248285e-01
0.00000000e+00 -8.76392361e-01 -9.17793116e-02
0.00000000e+00 -8.64562001e-01 -1.97674116e-02
0.00000000e+00 -8.59518496e-01 -2.05959757e-02
0.00000000e+00 -8.71348856e-01 -9.26078757e-02
0.00000000e+00 -8.71348856e-01 -9.26078757e-02
0.00000000e+00 -8.59518496e-01 -2.05959757e-02
0.00000000e+00 -8.54474991e-01 -2.14245398e-02
0.00000000e+00 -8.66305351e-01 -9.34364398e-02
0.00000000e+00 -8.66305351e-01 -9.34364398e-02
0.00000000e+00 -8.54474991e-01 -2.14245398e-02
0.00000000e+00 -8.49431487e-01 -2.22531039e-02
0.00000000e+00 -8.61261847e-01 -9.42650039e-02
0.00000000e+00 -8.61261847e-01 -9.42650039e-02
0.00000000e+00 -8.49431487e-01 -2.22531039e-02
0.00000000e+00 -8.44387982e-01 -2.30816680e-02
0.00000000e+00 -8.56218342e-01 -9.50935680e-02
0.00000000e+00 -8.56218342e-01 -9.50935680e-02
0.00000000e+00 -8.44387982e-01 -2.30816680e-02
0.00000000e+00 -8.39344478e-01 -2.39102320e-02
0.00000000e+00 -8.51174838e-01 -9.59221320e-02
0.00000000e+00 -8.51174838e-01 -9.59221320e-02
0.00000000e+00 -8.39344478e-01 -2.39102320e-02
0.00000000e+00 -8.34300973e-01 -2.47387961e-02
0.00000000e+00 -8.46131333e-01 -9.67506961e-02
0.00000000e+00 -8.46131333e-01 -9.67506961e-02
0.00000000e+00 -8.34300973e-01 -2.47387961e-02
0.00000000e+00 -8.29257469e-01 -2.55673602e-02
0.00000000e+00 -8.41087829e-01 -9.75792602e-02
0.00000000e+00 -8.41087829e-01 -9.75792602e-02
0.00000000e+00 -8.29257469e-01 -2.55673602e-02
0.00000000e+00 -8.24213964e-01 -2.63959243e-02
0.00000000e+00 -8.36044324e-01 -9.84078243e-02
0.00000000e+00 -8.36044324e-01 -9.84078243e-02
0.00000000e+00 -8.24213964e-01 -2.63959243e-02
0.00000000e+00 -8.19170459e-01 -2.72244884e-02
0.00000000e+00 -8.31000819e-01 -9.92363884e-02
0.00000000e+00 -8.64562000e-01 -1.97674111e-02
0.00000000e+00 -8.52731640e-01 5.22444789e-02
0.00000000e+00 -8.47688136e-01 5.14159147e-02
0.00000000e+00 -8.59518496e-01 -2.05959753e-02
0.00000000e+00 -8.59518496e-01 -2.05959753e-02
0.00000000e+00 -8.47688136e-01 5.14159147e-02
0.00000000e+00 -8.42644631e-01 5.05873505e-02
0.00000000e+00 -8.54474991e-01 -2.14245395e-02
0.00000000e+00 -8.54474991e-01 -2.14245395e-02
0.00000000e+00 -8.42644631e-01 5.05873505e-02
0.00000000e+00 -8.37601127e-01 4.97587863e-02
0.00000000e+00 -8.49431487e-01 -2.22531037e-02
0.00000000e+00 -8.49431487e-01 -2.22531037e-02
0.00000000e+00 -8.37601127e-01 4.97587863e-02
0.00000000e+00 -8.32557622e-01 4.89302221e-02
0.00000000e+00 -8.44387982e-01 -2.30816679e-02
0.00000000e+00 -8.44387982e-01 -2.30816679e-02
0.00000000e+00 -8.32557622e-01 4.89302221e-02
0.00000000e+00 -8.27514118e-01 4.81016579e-02
0.00000000e+00 -8.39344478e-01 -2.39102321e-02
0.00000000e+00 -8.39344478e-01 -2.39102321e-02
0.00000000e+00 -8.27514118e-01 4.81016579e-02
0.00000000e+00 -8.22470613e-01 4.72730937e-02
0.00000000e+00 -8.34300973e-01 -2.47387963e-02
0.00000000e+00 -8.34300973e-01 -2.47387963e-02
0.00000000e+00 -8.22470613e-01 4.72730937e-02
0.00000000e+00 -8.17427109e-01 4.64445295e-02
0.00000000e+00 -8.29257469e-01 -2.55673605e-02
0.00000000e+00 -8.29257469e-01 -2.55673605e-02
0.00000000e+00 -8.17427109e-01 4.64445295e-02
0.00000000e+00 -8.12383604e-01 4.56159653e-02
0.00000000e+00 -8.24213964e-01 -2.63959247e-02
0.00000000e+00 -8.24213964e-01 -2.63959247e-02
0.00000000e+00 -8.12383604e-01 4.56159653e-02
0.00000000e+00 -8.07340100e-01 4.47874011e-02
0.00000000e+00 -8.19170460e-01 -2.72244889e-02
0.00000000e+00 -8.52731641e-01 5.22444754e-02
0.00000000e+00 -8.40901291e-01 1.24256375e-01
0.00000000e+00 -8.35857786e-01 1.23427812e-01
0.00000000e+00 -8.47688136e-01 5.14159119e-02
0.00000000e+00 -8.47688136e-01 5.14159119e-02
0.00000000e+00 -8.35857786e-01 1.23427812e-01
0.00000000e+00 -8.30814282e-01 1.22599249e-01
0.00000000e+00 -8.42644632e-01 5.05873485e-02
0.00000000e+00 -8.42644632e-01 5.05873485e-02
0.00000000e+00 -8.30814282e-01 1.22599249e-01
0.00000000e+00 -8.25770777e-01 1.21770685e-01
0.00000000e+00 -8.37601127e-01 4.97587851e-02
0.00000000e+00 -8.37601127e-01 4.97587851e-02
0.00000000e+00 -8.25770777e-01 1.21770685e-01
0.00000000e+00 -8.20727272e-01 1.20942122e-01
0.00000000e+00 -8.32557622e-01 4.89302217e-02
0.00000000e+00 -8.32557622e-01 4.89302217e-02
0.00000000e+00 -8.20727272e-01 1.20942122e-01
0.00000000e+00 -8.15683768e-01 1.20113558e-01
0.00000000e+00 -8.27514118e-01 4.81016583e-02
0.00000000e+00 -8.27514118e-01 4.81016583e-02
0.00000000e+00 -8.15683768e-01 1.20113558e-01
0.00000000e+00 -8.10640263e-01 1.19284995e-01
0.00000000e+00 -8.22470613e-01 4.72730949e-02
0.00000000e+00 -8.22470613e-01 4.72730949e-02
0.00000000e+00 -8.10640263e-01 1.19284995e-01
0.00000000e+00 -8.05596758e-01 1.18456431e-01
0.00000000e+00 -8.17427108e-01 4.64445315e-02
0.00000000e+00 -8.17427108e-01 4.64445315e-02
0.00000000e+00 -8.05596758e-01 1.18456431e-01
0.00000000e+00 -8.00553254e-01 1.17627868e-01
0.00000000e+00 -8.12383604e-01 4.56159681e-02
0.00000000e+00 -8.12383604e-01 4.56159681e-02
0.00000000e+00 -8.00553254e-01 1.17627868e-01
0.00000000e+00 -7.95509749e-01 1.16799305e-01
0.00000000e+00 -8.07340099e-01 4.47874046e-02
0.00000000e+00 -8.40901291e-01 1.24256378e-01
0.00000000e+00 -8.29070931e-01 1.96268278e-01
0.00000000e+00 -8.24027426e-01 1.95439714e-01
0.00000000e+00 -8.35857786e-01 1.23427814e-01
0.00000000e+00 -8.35857786e-01 1.23427814e-01
0.00000000e+00 -8.24027426e-01 1.95439714e-01
0.00000000e+00 -8.18983921e-01 1.94611150e-01
0.00000000e+00 -8.30814281e-01 1.22599250e-01
0.00000000e+00 -8.30814281e-01 1.22599250e-01
0.00000000e+00 -8.18983921e-01 1.94611150e-01
0.00000000e+00 -8.13940417e-01 1.93782586e-01
0.00000000e+00 -8.25770777e-01 1.21770686e-01
0.00000000e+00 -8.25770777e-01 1.21770686e-01
0.00000000e+00 -8.13940417e-01 1.93782586e-01
0.00000000e+00 -8.08896912e-01 1.92954022e-01
0.00000000e+00 -8.20727272e-01 1.20942122e-01
0.00000000e+00 -8.20727272e-01 1.20942122e-01
0.00000000e+00 -8.08896912e-01 1.92954022e-01
0.00000000e+00 -8.03853408e-01 1.92125458e-01
0.00000000e+00 -8.15683768e-01 1.20113558e-01
0.00000000e+00 -8.15683768e-01 1.20113558e-01
0.00000000e+00 -8.03853408e-01 1.92125458e-01
0.00000000e+00 -7.98809903e-01 1.91296894e-01
0.00000000e+00 -8.10640263e-01 1.19284994e-01
0.00000000e+00 -8.10640263e-01 1.19284994e-01
0.00000000e+00 -7.98809903e-01 1.91296894e-01
0.00000000e+00 -7.93766399e-01 1.90468330e-01
0.00000000e+00 -8.05596759e-01 1.18456430e-01
0.00000000e+00 -8.05596759e-01 1.18456430e-01
0.00000000e+00 -7.93766399e-01 1.90468330e-01
0.00000000e+00 -7.88722894e-01 1.89639766e-01
0.00000000e+00 -8.00553254e-01 1.17627866e-01
0.00000000e+00 -8.00553254e-01 1.17627866e-01
0.00000000e+00 -7.88722894e-01 1.89639766e-01
0.00000000e+00 -7.83679389e-01 1.88811202e-01
0.00000000e+00 -7.95509749e-01 1.16799302e-01
0.00000000e+00 -8.29070931e-01 1.96268278e-01
0.00000000e+00 -8.17240571e-01 2.68280178e-01
0.00000000e+00 -8.12197066e-01 2.67451614e-01
0.00000000e+00 -8.24027426e-01 1.95439714e-01
0.00000000e+00 -8.24027426e-01 1.95439714e-01
0.00000000e+00 -8.12197066e-01 2.67451614e-01
0.00000000e+00 -8.07153561e-01 2.66623050e-01
0.00000000e+00 -8.18983921e-01 1.94611150e-01
0.00000000e+00 -8.18983921e-01 1.94611150e-01
0.00000000e+00 -8.07153561e-01 2.66623050e-01
0.00000000e+00 -8.02110057e-01 2.65794486e-01
0.00000000e+00 -8.13940417e-01 1.93782586e-01
0.00000000e+00 -8.13940417e-01 1.93782586e-01
0.00000000e+00 -8.02110057e-01 2.65794486e-01
0.00000000e+00 -7.97066552e-01 2.64965922e-01
0.00000000e+00 -8.08896912e-01 1.92954022e-01
0.00000000e+00 -8.08896912e-01 1.92954022e-01
0.00000000e+00 -7.97066552e-01 2.64965922e-01
0.00000000e+00 -7.92023048e-01 2.64137358e-01
0.00000000e+00 -8.03853408e-01 1.92125458e-01
0.00000000e+00 -8.03853408e-01 1.92125458e-01
0.00000000e+00 -7.92023048e-01 2.64137358e-01
0.00000000e+00 -7.86979543e-01 2.63308794e-01
0.00000000e+00 -7.98809903e-01 1.91296894e-01
0.00000000e+00 -7.98809903e-01 1.91296894e-01
0.00000000e+00 -7.86979543e-01 2.63308794e-01
0.00000000e+00 -7.81936039e-01 2.62480230e-01
0.00000000e+00 -7.93766399e-01 1.90468330e-01
0.00000000e+00 -7.93766399e-01 1.90468330e-01
0.00000000e+00 -7.81936039e-01 2.62480230e-01
0.00000000e+00 -7.76892534e-01 2.61651666e-01
0.00000000e+00 -7.88722894e-01 1.89639766e-01
0.00000000e+00 -7.88722894e-01 1.89639766e-01
0.00000000e+00 -7.76892534e-01 2.61651666e-01
0.00000000e+00 -7.71849029e-01 2.60823102e-01
0.00000000e+00 -7.83679389e-01 1.88811202e-01
0.00000000e+00 -8.17240571e-01 2.68280175e-01
0.00000000e+00 -8.05410221e-01 3.40292075e-01
0.00000000e+00 -8.00366716e-01 3.39463512e-01
0.00000000e+00 -8.12197066e-01 2.67451612e-01
0.00000000e+00 -8.12197066e-01 2.67451612e-01
0.00000000e+00 -8.00366716e-01 3.39463512e-01
0.00000000e+00 -7.95323212e-01 3.38634949e-01
0.00000000e+00 -8.07153562e-01 2.66623049e-01
0.00000000e+00 -8.07153562e-01 2.66623049e-01
0.00000000e+00 -7.95323212e-01 3.38634949e-01
0.00000000e+00 -7.90279707e-01 3.37806385e-01
0.00000000e+00 -8.02110057e-01 2.65794485e-01
0.00000000e+00 -8.02110057e-01 2.65794485e-01
0.00000000e+00 -7.90279707e-01 3.37806385e-01
0.00000000e+00 -7.85236202e-01 3.36977822e-01
0.00000000e+00 -7.97066552e-01 2.64965922e-01
0.00000000e+00 -7.97066552e-01 2.64965922e-01
0.00000000e+00 -7.85236202e-01 3.36977822e-01
0.00000000e+00 -7.80192698e-01 3.36149258e-01
0.00000000e+00 -7.92023048e-01 2.64137358e-01
0.00000000e+00 -7.92023048e-01 2.64137358e-01
0.00000000e+00 -7.80192698e-01 3.36149258e-01
0.00000000e+00 -7.75149193e-01 3.35320695e-01
0.00000000e+00 -7.86979543e-01 2.63308795e-01
0.00000000e+00 -7.86979543e-01 2.63308795e-01
0.00000000e+00 -7.75149193e-01 3.35320695e-01
0.00000000e+00 -7.70105688e-01 3.34492131e-01
0.00000000e+00 -7.81936038e-01 2.62480231e-01
0.00000000e+00 -7.81936038e-01 2.62480231e-01
0.00000000e+00 -7.70105688e-01 3.34492131e-01
0.00000000e+00 -7.65062184e-01 3.33663568e-01
0.00000000e+00 -7.76892534e-01 2.61651668e-01
0.00000000e+00 -7.76892534e-01 2.61651668e-01
0.00000000e+00 -7.65062184e-01 3.33663568e-01
0.00000000e+00 -7.60018679e-01 3.32835005e-01
0.00000000e+00 -7.71849029e-01 2.60823105e-01
0.00000000e+00 -8.05410221e-01 3.40292078e-01
0.00000000e+00 -7.93579861e-01 4.12303978e-01
0.00000000e+00 -7.88536356e-01 4.11475414e-01
0.00000000e+00 -8.00366716e-01 3.39463514e-01
0.00000000e+00 -8.00366716e-01 3.39463514e-01
0.00000000e+00 -7.88536356e-01 4.11475414e-01
0.00000000e+00 -7.83492851e-01 4.10646850e-01
0.00000000e+00 -7.95323211e-01 3.38634950e-01
0.00000000e+00 -7.95323211e-01 3.38634950e-01
0.00000000e+00 -7.83492851e-01 4.10646850e-01
0.00000000e+00 -7.78449347e-01 4.09818286e-01
0.00000000e+00 -7.90279707e-01 3.37806386e-01
0.00000000e+00 -7.90279707e-01 3.37806386e-01
0.00000000e+00 -7.78449347e-01 4.09818286e-01
0.00000000e+00 -7.73405842e-01 4.08989722e-01
0.00000000e+00 -7.85236202e-01 3.36977822e-01
0.00000000e+00 -7.85236202e-01 3.36977822e-01
0.00000000e+00 -7.73405842e-01 4.08989722e-01
0.00000000e+00 -7.68362338e-01 4.08161158e-01
0.00000000e+00 -7.80192698e-01 3.36149258e-01
0.00000000e+00 -7.80192698e-01 3.36149258e-01
0.00000000e+00 -7.68362338e-01 4.08161158e-01
0.00000000e+00 -7.63318833e-01 4.07332594e-01
0.00000000e+00 -7.75149193e-01 3.35320694e-01
0.00000000e+00 -7.75149193e-01 3.35320694e-01
0.00000000e+00 -7.63318833e-01 4.07332594e-01
0.00000000e+00 -7.58275329e-01 4.06504030e-01
0.00000000e+00 -7.70105689e-01 3.34492130e-01
0.00000000e+00 -7.70105689e-01 3.34492130e-01
0.00000000e+00 -7.58275329e-01 4.06504030e-01
0.00000000e+00 -7.53231824e-01 4.05675466e-01
0.00000000e+00 -7.65062184e-01 3.33663566e-01
0.00000000e+00 -7.65062184e-01 3.33663566e-01
0.00000000e+00 -7.53231824e-01 4.05675466e-01
0.00000000e+00 -7.48188319e-01 4.04846902e-01
0.00000000e+00 -7.60018679e-01 3.32835002e-01
0.00000000e+00 -7.93579861e-01 4.12303978e-01
0.00000000e+00 -7.81749501e-01 4.84315878e-01
0.00000000e+00 -7.76705996e-01 4.83487314e-01
0.00000000e+00 -7.88536356e-01 4.11475414e-01
0.00000000e+00 -7.88536356e-01 4.11475414e-01
0.00000000e+00 -7.76705996e-01 4.83487314e-01
0.00000000e+00 -7.71662491e-01 4.82658750e-01
0.00000000e+00 -7.83492851e-01 4.10646850e-01
0.00000000e+00 -7.83492851e-01 4.10646850e-01
0.00000000e+00 -7.71662491e-01 4.82658750e-01
0.00000000e+00 -7.66618987e-01 4.81830186e-01
0.00000000e+00 -7.78449347e-01 4.09818286e-01
0.00000000e+00 -7.78449347e-01 4.09818286e-01
0.00000000e+00 -7.66618987e-01 4.81830186e-01
0.00000000e+00 -7.61575482e-01 4.81001622e-01
0.00000000e+00 -7.73405842e-01 4.08989722e-01
0.00000000e+00 -7.73405842e-01 4.08989722e-01
0.00000000e+00 -7.61575482e-01 4.81001622e-01
0.00000000e+00 -7.56531978e-01 4.80173058e-01
0.00000000e+00 -7.68362338e-01 4.08161158e-01
0.00000000e+00 -7.68362338e-01 4.08161158e-01
0.00000000e+00 -7.56531978e-01 4.80173058e-01
0.00000000e+00 -7.51488473e-01 4.79344494e-01
0.00000000e+00 -7.63318833e-01 4.07332594e-01
0.00000000e+00 -7.63318833e-01 4.07332594e-01
0.00000000e+00 -7.51488473e-01 4.79344494e-01
0.00000000e+00 -7.46444969e-01 4.78515930e-01
0.00000000e+00 -7.58275329e-01 4.06504030e-01
0.00000000e+00 -7.58275329e-01 4.06504030e-01
0.00000000e+00 -7.46444969e-01 4.78515930e-01
0.00000000e+00 -7.41401464e-01 4.77687366e-01
0.00000000e+00 -7.53231824e-01 4.05675466e-01
0.00000000e+00 -7.53231824e-01 4.05675466e-01
0.00000000e+00 -7.41401464e-01 4.77687366e-01
0.00000000e+00 -7.36357959e-01 4.76858802e-01
0.00000000e+00 -7.48188319e-01 4.04846902e-01
0.00000000e+00 -7.81749500e-01 4.84315879e-01
0.00000000e+00 -7.69919140e-01 5.56327769e-01
0.00000000e+00 -7.64875636e-01 5.55499205e-01
0.00000000e+00 -7.76705996e-01 4.83487315e-01
0.00000000e+00 -7.76705996e-01 4.83487315e-01
0.00000000e+00 -7.64875636e-01 5.55499205e-01
0.00000000e+00 -7.59832131e-01 5.54670641e-01
0.00000000e+00 -7.71662491e-01 4.82658751e-01
0.00000000e+00 -7.71662491e-01 4.82658751e-01
0.00000000e+00 -7.59832131e-01 5.54670641e-01
0.00000000e+00 -7.54788627e-01 5.53842076e-01
0.00000000e+00 -7.66618987e-01 4.81830186e-01
0.00000000e+00 -7.66618987e-01 4.81830186e-01
0.00000000e+00 -7.54788627e-01 5.53842076e-01
0.00000000e+00 -7.49745122e-01 5.53013512e-01
0.00000000e+00 -7.61575482e-01 4.81001622e-01
0.00000000e+00 -7.61575482e-01 4.81001622e-01
0.00000000e+00 -7.49745122e-01 5.53013512e-01
0.00000000e+00 -7.44701618e-01 5.52184948e-01
0.00000000e+00 -7.56531978e-01 4.80173058e-01
0.00000000e+00 -7.56531978e-01 4.80173058e-01
0.00000000e+00 -7.44701618e-01 5.52184948e-01
0.00000000e+00 -7.39658113e-01 5.51356384e-01
0.00000000e+00 -7.51488473e-01 4.79344494e-01
0.00000000e+00 -7.51488473e-01 4.79344494e-01
0.00000000e+00 -7.39658113e-01 5.51356384e-01
0.00000000e+00 -7.34614609e-01 5.50527819e-01
0.00000000e+00 -7.46444969e-01 4.78515929e-01
0.00000000e+00 -7.46444969e-01 4.78515929e-01
0.00000000e+00 -7.34614609e-01 5.50527819e-01
0.00000000e+00 -7.29571104e-01 5.49699255e-01
0.00000000e+00 -7.41401464e-01 4.77687365e-01
0.00000000e+00 -7.41401464e-01 4.77687365e-01
0.00000000e+00 -7.29571104e-01 5.49699255e-01
0.00000000e+00 -7.24527600e-01 5.48870691e-01
0.00000000e+00 -7.36357960e-01 4.76858801e-01
0.00000000e+00 -7.69919141e-01 5.56327765e-01
0.00000000e+00 -7.58088791e-01 6.28339665e-01
0.00000000e+00 -7.53045286e-01 6.27511102e-01
0.00000000e+00 -7.64875636e-01 5.55499202e-01
0.00000000e+00 -7.64875636e-01 5.55499202e-01
0.00000000e+00 -7.53045286e-01 6.27511102e-01
0.00000000e+00 -7.48001782e-01 6.26682539e-01
0.00000000e+00 -7.59832132e-01 5.54670639e-01
0.00000000e+00 -7.59832132e-01 5.54670639e-01
0.00000000e+00 -7.48001782e-01 6.26682539e-01
0.00000000e+00 -7.42958277e-01 6.25853975e-01
0.00000000e+00 -7.54788627e-01 5.53842075e-01
0.00000000e+00 -7.54788627e-01 5.53842075e-01
0.00000000e+00 -7.42958277e-01 6.25853975e-01
0.00000000e+00 -7.37914772e-01 6.25025412e-01
0.00000000e+00 -7.49745122e-01 5.53013512e-01
0.00000000e+00 -7.49745122e-01 5.53013512e-01
0.00000000e+00 -7.37914772e-01 6.25025412e-01
0.00000000e+00 -7.32871268e-01 6.24196848e-01
0.00000000e+00 -7.44701618e-01 5.52184948e-01
0.00000000e+00 -7.44701618e-01 5.52184948e-01
0.00000000e+00 -7.32871268e-01 6.24196848e-01
0.00000000e+00 -7.27827763e-01 6.23368285e-01
0.00000000e+00 -7.39658113e-01 5.51356385e-01
0.00000000e+00 -7.39658113e-01 5.51356385e-01
0.00000000e+00 -7.27827763e-01 6.23368285e-01
0.00000000e+00 -7.22784258e-01 6.22539721e-01
0.00000000e+00 -7.34614608e-01 5.50527821e-01
0.00000000e+00 -7.34614608e-01 5.50527821e-01
0.00000000e+00 -7.22784258e-01 6.22539721e-01
0.00000000e+00 -7.17740754e-01 6.21711158e-01
0.00000000e+00 -7.29571104e-01 5.49699258e-01
0.00000000e+00 -7.29571104e-01 5.49699258e-01
0.00000000e+00 -7.17740754e-01 6.21711158e-01
0.00000000e+00 -7.12697249e-01 6.20882595e-01
0.00000000e+00 -7.24527599e-01 5.48870695e-01
0.00000000e+00 -7.58088791e-01 6.28339668e-01
0.00000000e+00 -7.46258431e-01 7.00351568e-01
0.00000000e+00 -7.41214926e-01 6.99523004e-01
0.00000000e+00 -7.53045286e-01 6.27511104e-01
0.00000000e+00 -7.53045286e-01 6.27511104e-01
0.00000000e+00 -7.41214926e-01 6.99523004e-01
0.00000000e+00 -7.36171421e-01 6.98694440e-01
0.00000000e+00 -7.48001781e-01 6.26682540e-01
0.00000000e+00 -7.48001781e-01 6.26682540e-01
0.00000000e+00 -7.36171421e-01 6.98694440e-01
0.00000000e+00 -7.31127917e-01 6.97865876e-01
0.00000000e+00 -7.42958277e-01 6.25853976e-01
0.00000000e+00 -7.42958277e-01 6.25853976e-01
0.00000000e+00 -7.31127917e-01 6.97865876e-01
0.00000000e+00 -7.26084412e-01 6.97037312e-01
0.00000000e+00 -7.37914772e-01 6.25025412e-01
0.00000000e+00 -7.37914772e-01 6.25025412e-01
0.00000000e+00 -7.26084412e-01 6.97037312e-01
0.00000000e+00 -7.21040908e-01 6.96208748e-01
0.00000000e+00 -7.32871268e-01 6.24196848e-01
0.00000000e+00 -7.32871268e-01 6.24196848e-01
0.00000000e+00 -7.21040908e-01 6.96208748e-01
0.00000000e+00 -7.15997403e-01 6.95380184e-01
0.00000000e+00 -7.27827763e-01 6.23368284e-01
0.00000000e+00 -7.27827763e-01 6.23368284e-01
0.00000000e+00 -7.15997403e-01 6.95380184e-01
0.00000000e+00 -7.10953899e-01 6.94551620e-01
0.00000000e+00 -7.22784259e-01 6.22539720e-01
0.00000000e+00 -7.22784259e-01 6.22539720e-01
0.00000000e+00 -7.10953899e-01 6.94551620e-01
0.00000000e+00 -7.05910394e-01 6.93723056e-01
0.00000000e+00 -7.17740754e-01 6.21711156e-01
0.00000000e+00 -7.17740754e-01 6.21711156e-01
0.00000000e+00 -7.05910394e-01 6.93723056e-01
0.00000000e+00 -7.00866889e-01 6.92894492e-01
0.00000000e+00 -7.12697249e-01 6.20882592e-01
0.00000000e+00 -7.46258431e-01 7.00351568e-01
0.00000000e+00 -7.34428071e-01 7.72363468e-01
0.00000000e+00 -7.29384566e-01 7.71534904e-01
0.00000000e+00 -7.41214926e-01 6.99523004e-01
0.00000000e+00 -7.41214926e-01 6.99523004e-01
0.00000000e+00 -7.29384566e-01 7.71534904e-01
0.00000000e+00 -7.24341061e-01 7.70706340e-01
0.00000000e+00 -7.36171421e-01 6.98694440e-01
0.00000000e+00 -7.36171421e-01 6.98694440e-01
0.00000000e+00 -7.24341061e-01 7.70706340e-01
0.00000000e+00 -7.19297557e-01 7.69877776e-01
0.00000000e+00 -7.31127917e-01 6.97865876e-01
0.00000000e+00 -7.31127917e-01 6.97865876e-01
0.00000000e+00 -7.19297557e-01 7.69877776e-01
0.00000000e+00 -7.14254052e-01 7.69049212e-01
0.00000000e+00 -7.26084412e-01 6.97037312e-01
0.00000000e+00 -7.26084412e-01 6.97037312e-01
0.00000000e+00 -7.14254052e-01 7.69049212e-01
0.00000000e+00 -7.09210548e-01 7.68220648e-01
0.00000000e+00 -7.21040908e-01 6.96208748e-01
0.00000000e+00 -7.21040908e-01 6.96208748e-01
0.00000000e+00 -7.09210548e-01 7.68220648e-01
0.00000000e+00 -7.04167043e-01 7.67392084e-01
0.00000000e+00 -7.15997403e-01 6.95380184e-01
0.00000000e+00 -7.15997403e-01 6.95380184e-01
0.00000000e+00 -7.04167043e-01 7.67392084e-01
0.00000000e+00 -6.99123539e-01 7.66563520e-01
0.00000000e+00 -7.10953899e-01 6.94551620e-01
0.00000000e+00 -7.10953899e-01 6.94551620e-01
0.00000000e+00 -6.99123539e-01 7.66563520e-01
0.00000000e+00 -6.94080034e-01 7.65734956e-01
0.00000000e+00 -7.05910394e-01 6.93723056e-01
0.00000000e+00 -7.05910394e-01 6.93723056e-01
0.00000000e+00 -6.94080034e-01 7.65734956e-01
0.00000000e+00 -6.89036529e-01 7.64906392e-01
0.00000000e+00 -7.00866889e-01 6.92894492e-01
0.00000000e+00 -7.34428071e-01 7.72363465e-01
0.00000000e+00 -7.22597721e-01 8.44375365e-01
0.00000000e+00 -7.17554216e-01 8.43546802e-01
0.00000000e+00 -7.29384566e-01 7.71534902e-01
0.00000000e+00 -7.29384566e-01 7.71534902e-01
0.00000000e+00 -7.17554216e-01 8.43546802e-01
0.00000000e+00 -7.12510712e-01 8.42718239e-01
0.00000000e+00 -7.24341062e-01 7.70706339e-01
0.00000000e+00 -7.24341062e-01 7.70706339e-01
0.00000000e+00 -7.12510712e-01 8.42718239e-01
0.00000000e+00 -7.07467207e-01 8.41889675e-01
0.00000000e+00 -7.19297557e-01 7.69877775e-01
0.00000000e+00 -7.19297557e-01 7.69877775e-01
0.00000000e+00 -7.07467207e-01 8.41889675e-01
0.00000000e+00 -7.02423702e-01 8.41061112e-01
0.00000000e+00 -7.14254052e-01 7.69049212e-01
0.00000000e+00 -7.14254052e-01 7.69049212e-01
0.00000000e+00 -7.02423702e-01 8.41061112e-01
0.00000000e+00 -6.97380198e-01 8.40232548e-01
0.00000000e+00 -7.09210548e-01 7.68220648e-01
0.00000000e+00 -7.09210548e-01 7.68220648e-01
0.00000000e+00 -6.97380198e-01 8.40232548e-01
0.00000000e+00 -6.92336693e-01 8.39403985e-01
0.00000000e+00 -7.04167043e-01 7.67392085e-01
0.00000000e+00 -7.04167043e-01 7.67392085e-01
0.00000000e+00 -6.92336693e-01 8.39403985e-01
0.00000000e+00 -6.87293188e-01 8.38575421e-01
0.00000000e+00 -6.99123538e-01 7.66563521e-01
0.00000000e+00 -6.99123538e-01 7.66563521e-01
0.00000000e+00 -6.87293188e-01 8.38575421e-01
0.00000000e+00 -6.82249684e-01 8.37746858e-01
0.00000000e+00 -6.94080034e-01 7.65734958e-01
0.00000000e+00 -6.94080034e-01 7.65734958e-01
0.00000000e+00 -6.82249684e-01 8.37746858e-01
0.00000000e+00 -6.77206179e-01 8.36918295e-01
0.00000000e+00 -6.89036529e-01 7.64906395e-01
0.00000000e+00 -7.22597721e-01 8.44375368e-01
0.00000000e+00 -7.10767361e-01 9.16387268e-01
0.00000000e+00 -7.05723856e-01 9.15558704e-01
0.00000000e+00 -7.17554216e-01 8.43546804e-01
0.00000000e+00 -7.17554216e-01 8.43546804e-01
0.00000000e+00 -7.05723856e-01 9.15558704e-01
0.00000000e+00 -7.00680351e-01 9.14730140e-01
0.00000000e+00 -7.12510711e-01 8.42718240e-01
0.00000000e+00 -7.12510711e-01 8.42718240e-01
0.00000000e+00 -7.00680351e-01 9.14730140e-01
0.00000000e+00 -6.95636847e-01 9.13901576e-01
0.00000000e+00 -7.07467207e-01 8.41889676e-01
0.00000000e+00 -7.07467207e-01 8.41889676e-01
0.00000000e+00 -6.95636847e-01 9.13901576e-01
0.00000000e+00 -6.90593342e-01 9.13073012e-01
0.00000000e+00 -7.02423702e-01 8.41061112e-01
0.00000000e+00 -7.02423702e-01 8.41061112e-01
0.00000000e+00 -6.90593342e-01 9.13073012e-01
0.00000000e+00 -6.85549838e-01 9.12244448e-01
0.00000000e+00 -6.97380198e-01 8.40232548e-01
0.00000000e+00 -6.97380198e-01 8.40232548e-01
0.00000000e+00 -6.85549838e-01 9.12244448e-01
0.00000000e+00 -6.80506333e-01 9.11415884e-01
0.00000000e+00 -6.92336693e-01 8.39403984e-01
0.00000000e+00 -6.92336693e-01 8.39403984e-01
0.00000000e+00 -6.80506333e-01 9.11415884e-01
0.00000000e+00 -6.75462829e-01 9.10587320e-01
0.00000000e+00 -6.87293189e-01 8.38575420e-01
0.00000000e+00 -6.87293189e-01 8.38575420e-01
0.00000000e+00 -6.75462829e-01 9.10587320e-01
0.00000000e+00 -6.70419324e-01 9.09758756e-01
0.00000000e+00 -6.82249684e-01 8.37746856e-01
0.00000000e+00 -6.82249684e-01 8.37746856e-01
0.00000000e+00 -6.70419324e-01 9.09758756e-01
0.00000000e+00 -6.65375819e-01 9.08930192e-01
0.00000000e+00 -6.77206179e-01 8.36918292e-01
0.00000000e+00 -7.10767360e-01 9.16387269e-01
0.00000000e+00 -6.98937000e-01 9.88399159e-01
0.00000000e+00 -6.93893496e-01 9.87570595e-01
0.00000000e+00 -7.05723856e-01 9.15558705e-01
0.00000000e+00 -7.05723856e-01 9.15558705e-01
0.00000000e+00 -6.93893496e-01 9.87570595e-01
0.00000000e+00 -6.88849991e-01 9.86742031e-01
0.00000000e+00 -7.00680351e-01 9.14730141e-01
0.00000000e+00 -7.00680351e-01 9.14730141e-01
0.00000000e+00 -6.88849991e-01 9.86742031e-01
0.00000000e+00 -6.83806487e-01 9.85913466e-01
0.00000000e+00 -6.95636847e-01 9.13901576e-01
0.00000000e+00 -6.95636847e-01 9.13901576e-01
0.00000000e+00 -6.83806487e-01 9.85913466e-01
0.00000000e+00 -6.78762982e-01 9.85084902e-01
0.00000000e+00 -6.90593342e-01 9.13073012e-01
0.00000000e+00 -6.90593342e-01 9.13073012e-01
0.00000000e+00 -6.78762982e-01 9.85084902e-01
0.00000000e+00 -6.73719478e-01 9.84256338e-01
0.00000000e+00 -6.85549838e-01 9.12244448e-01
0.00000000e+00 -6.85549838e-01 9.12244448e-01
0.00000000e+00 -6.73719478e-01 9.84256338e-01
0.00000000e+00 -6.68675973e-01 9.83427774e-01
0.00000000e+00 -6.80506333e-01 9.11415884e-01
0.00000000e+00 -6.80506333e-01 9.11415884e-01
0.00000000e+00 -6.68675973e-01 9.83427774e-01
0.00000000e+00 -6.63632469e-01 9.82599209e-01
0.00000000e+00 -6.75462829e-01 9.10587319e-01
0.00000000e+00 -6.75462829e-01 9.10587319e-01
0.00000000e+00 -6.63632469e-01 9.82599209e-01
0.00000000e+00 -6.58588964e-01 9.81770645e-01
0.00000000e+00 -6.70419324e-01 9.09758755e-01
0.00000000e+00 -6.70419324e-01 9.09758755e-01
0.00000000e+00 -6.58588964e-01 9.81770645e-01
0.00000000e+00 -6.53545460e-01 9.80942081e-01
0.00000000e+00 -6.65375820e-01 9.08930191e-01
0.00000000e+00 -6.98937001e-01 9.88399155e-01
0.00000000e+00 -6.87106651e-01 1.06041106e+00
0.00000000e+00 -6.82063146e-01 1.05958249e+00
0.00000000e+00 -6.93893496e-01 9.87570592e-01
0.00000000e+00 -6.93893496e-01 9.87570592e-01
0.00000000e+00 -6.82063146e-01 1.05958249e+00
0.00000000e+00 -6.77019642e-01 1.05875393e+00
0.00000000e+00 -6.88849992e-01 9.86742029e-01
0.00000000e+00 -6.88849992e-01 9.86742029e-01
0.00000000e+00 -6.77019642e-01 1.05875393e+00
0.00000000e+00 -6.71976137e-01 1.05792537e+00
0.00000000e+00 -6.83806487e-01 9.85913465e-01
0.00000000e+00 -6.83806487e-01 9.85913465e-01
0.00000000e+00 -6.71976137e-01 1.05792537e+00
0.00000000e+00 -6.66932632e-01 1.05709680e+00
0.00000000e+00 -6.78762982e-01 9.85084902e-01
0.00000000e+00 -6.78762982e-01 9.85084902e-01
0.00000000e+00 -6.66932632e-01 1.05709680e+00
0.00000000e+00 -6.61889128e-01 1.05626824e+00
0.00000000e+00 -6.73719478e-01 9.84256338e-01
0.00000000e+00 -6.73719478e-01 9.84256338e-01
0.00000000e+00 -6.61889128e-01 1.05626824e+00
0.00000000e+00 -6.56845623e-01 1.05543967e+00
0.00000000e+00 -6.68675973e-01 9.83427775e-01
0.00000000e+00 -6.68675973e-01 9.83427775e-01
0.00000000e+00 -6.56845623e-01 1.05543967e+00
0.00000000e+00 -6.51802118e-01 1.05461111e+00
0.00000000e+00 -6.63632468e-01 9.82599211e-01
0.00000000e+00 -6.63632468e-01 9.82599211e-01
0.00000000e+00 -6.51802118e-01 1.05461111e+00
0.00000000e+00 -6.46758614e-01 1.05378255e+00
0.00000000e+00 -6.58588964e-01 9.81770648e-01
0.00000000e+00 -6.58588964e-01 9.81770648e-01
0.00000000e+00 -6.46758614e-01 1.05378255e+00
0.00000000e+00 -6.41715109e-01 1.05295398e+00
0.00000000e+00 -6.53545459e-01 9.80942085e-01
0.00000000e+00 -6.87106651e-01 1.06041106e+00
0.00000000e+00 -6.75276291e-01 1.13242296e+00
0.00000000e+00 -6.70232786e-01 1.13159439e+00
0.00000000e+00 -6.82063146e-01 1.05958249e+00
0.00000000e+00 -6.82063146e-01 1.05958249e+00
0.00000000e+00 -6.70232786e-01 1.13159439e+00
0.00000000e+00 -6.65189281e-01 1.13076583e+00
0.00000000e+00 -6.77019641e-01 1.05875393e+00
0.00000000e+00 -6.77019641e-01 1.05875393e+00
0.00000000e+00 -6.65189281e-01 1.13076583e+00
0.00000000e+00 -6.60145777e-01 1.12993727e+00
0.00000000e+00 -6.71976137e-01 1.05792537e+00
0.00000000e+00 -6.71976137e-01 1.05792537e+00
0.00000000e+00 -6.60145777e-01 1.12993727e+00
0.00000000e+00 -6.55102272e-01 1.12910870e+00
0.00000000e+00 -6.66932632e-01 1.05709680e+00
0.00000000e+00 -6.66932632e-01 1.05709680e+00
0.00000000e+00 -6.55102272e-01 1.12910870e+00
0.00000000e+00 -6.50058768e-01 1.12828014e+00
0.00000000e+00 -6.61889128e-01 1.05626824e+00
0.00000000e+00 -6.61889128e-01 1.05626824e+00
0.00000000e+00 -6.50058768e-01 1.12828014e+00
0.00000000e+00 -6.45015263e-01 1.12745157e+00
0.00000000e+00 -6.56845623e-01 1.05543967e+00
0.00000000e+00 -6.56845623e-01 1.05543967e+00
0.00000000e+00 -6.45015263e-01 1.12745157e+00
0.00000000e+00 -6.39971759e-01 1.12662301e+00
0.00000000e+00 -6.51802119e-01 1.05461111e+00
0.00000000e+00 -6.51802119e-01 1.05461111e+00
0.00000000e+00 -6.39971759e-01 1.12662301e+00
0.00000000e+00 -6.34928254e-01 1.12579445e+00
0.00000000e+00 -6.46758614e-01 1.05378255e+00
0.00000000e+00 -6.46758614e-01 1.05378255e+00
0.00000000e+00 -6.34928254e-01 1.12579445e+00
0.00000000e+00 -6.29884749e-01 1.12496588e+00
0.00000000e+00 -6.41715109e-01 1.05295398e+00
0.00000000e+00 -6.75276291e-01 1.13242296e+00
0.00000000e+00 -6.63445931e-01 1.20443486e+00
0.00000000e+00 -6.58402426e-01 1.20360629e+00
0.00000000e+00 -6.70232786e-01 1.13159439e+00
0.00000000e+00 -6.70232786e-01 1.13159439e+00
0.00000000e+00 -6.58402426e-01 1.20360629e+00
0.00000000e+00 -6.53358921e-01 1.20277773e+00
0.00000000e+00 -6.65189281e-01 1.13076583e+00
0.00000000e+00 -6.65189281e-01 1.13076583e+00
0.00000000e+00 -6.53358921e-01 1.20277773e+00
0.00000000e+00 -6.48315417e-01 1.20194917e+00
0.00000000e+00 -6.60145777e-01 1.12993727e+00
0.00000000e+00 -6.60145777e-01 1.12993727e+00
0.00000000e+00 -6.48315417e-01 1.20194917e+00
0.00000000e+00 -6.43271912e-01 1.20112060e+00
0.00000000e+00 -6.55102272e-01 1.12910870e+00
0.00000000e+00 -6.55102272e-01 1.12910870e+00
0.00000000e+00 -6.43271912e-01 1.20112060e+00
0.00000000e+00 -6.38228408e-01 1.20029204e+00
0.00000000e+00 -6.50058768e-01 1.12828014e+00
0.00000000e+00 -6.50058768e-01 1.12828014e+00
0.00000000e+00 -6.38228408e-01 1.20029204e+00
0.00000000e+00 -6.33184903e-01 1.19946347e+00
0.00000000e+00 -6.45015263e-01 1.12745157e+00
0.00000000e+00 -6.45015263e-01 1.12745157e+00
0.00000000e+00 -6.33184903e-01 1.19946347e+00
0.00000000e+00 -6.28141399e-01 1.19863491e+00
0.00000000e+00 -6.39971759e-01 1.12662301e+00
0.00000000e+00 -6.39971759e-01 1.12662301e+00
0.00000000e+00 -6.28141399e-01 1.19863491e+00
0.00000000e+00 -6.23097894e-01 1.19780635e+00
0.00000000e+00 -6.34928254e-01 1.12579445e+00
0.00000000e+00 -6.34928254e-01 1.12579445e+00
0.00000000e+00 -6.23097894e-01 1.19780635e+00
0.00000000e+00 -6.18054389e-01 1.19697778e+00
0.00000000e+00 -6.29884749e-01 1.12496588e+00
0.00000000e+00 -6.63445931e-01 1.20443486e+00
0.00000000e+00 -6.51615571e-01 1.27644676e+00
0.00000000e+00 -6.46572066e-01 1.27561819e+00
0.00000000e+00 -6.58402426e-01 1.20360629e+00
0.00000000e+00 -6.58402426e-01 1.20360629e+00
0.00000000e+00 -6.46572066e-01 1.27561819e+00
0.00000000e+00 -6.41528561e-01 1.27478963e+00
0.00000000e+00 -6.53358921e-01 1.20277773e+00
0.00000000e+00 -6.53358921e-01 1.20277773e+00
0.00000000e+00 -6.41528561e-01 1.27478963e+00
0.00000000e+00 -6.36485057e-01 1.27396107e+00
0.00000000e+00 -6.48315417e-01 1.20194917e+00
0.00000000e+00 -6.48315417e-01 1.20194917e+00
0.00000000e+00 -6.36485057e-01 1.27396107e+00
0.00000000e+00 -6.31441552e-01 1.27313250e+00
0.00000000e+00 -6.43271912e-01 1.20112060e+00
0.00000000e+00 -6.43271912e-01 1.20112060e+00
0.00000000e+00 -6.31441552e-01 1.27313250e+00
0.00000000e+00 -6.26398048e-01 1.27230394e+00
0.00000000e+00 -6.38228408e-01 1.20029204e+00
0.00000000e+00 -6.38228408e-01 1.20029204e+00
0.00000000e+00 -6.26398048e-01 1.27230394e+00
0.00000000e+00 -6.21354543e-01 1.27147537e+00
0.00000000e+00 -6.33184903e-01 1.19946347e+00
0.00000000e+00 -6.33184903e-01 1.19946347e+00
0.00000000e+00 -6.21354543e-01 1.27147537e+00
0.00000000e+00 -6.16311039e-01 1.27064681e+00
0.00000000e+00 -6.28141399e-01 1.19863491e+00
0.00000000e+00 -6.28141399e-01 1.19863491e+00
0.00000000e+00 -6.16311039e-01 1.27064681e+00
0.00000000e+00 -6.11267534e-01 1.26981825e+00
0.00000000e+00 -6.23097894e-01 1.19780635e+00
0.00000000e+00 -6.23097894e-01 1.19780635e+00
0.00000000e+00 -6.11267534e-01 1.26981825e+00
0.00000000e+00 -6.06224029e-01 1.26898968e+00
0.00000000e+00 -6.18054389e-01 1.19697778e+00
0.00000000e+00 -2.68030398e-01 -1.21264046e+00
0.00000000e+00 -2.56209088e-01 -1.14088345e+00
0.00000000e+00 -2.51165953e-01 -1.14171426e+00
0.00000000e+00 -2.62987263e-01 -1.21347127e+00
0.00000000e+00 -2.62987263e-01 -1.21347127e+00
0.00000000e+00 -2.51165953e-01 -1.14171426e+00
0.00000000e+00 -2.46122818e-01 -1.14254507e+00
0.00000000e+00 -2.57944128e-01 -1.21430208e+00
0.00000000e+00 -2.57944128e-01 -1.21430208e+00
0.00000000e+00 -2.46122818e-01 -1.14254507e+00
0.00000000e+00 -2.41079683e-01 -1.14337588e+00
0.00000000e+00 -2.52900993e-01 -1.21513289e+00
0.00000000e+00 -2.52900993e-01 -1.21513289e+00
0.00000000e+00 -2.41079683e-01 -1.14337588e+00
0.00000000e+00 -2.36036548e-01 -1.14420669e+00
0.00000000e+00 -2.47857858e-01 -1.21596370e+00
0.00000000e+00 -2.47857858e-01 -1.21596370e+00
0.00000000e+00 -2.36036548e-01 -1.14420669e+00
0.00000000e+00 -2.30993412e-01 -1.14503751e+00
0.00000000e+00 -2.42814722e-01 -1.21679452e+00
0.00000000e+00 -2.42814722e-01 -1.21679452e+00
0.00000000e+00 -2.30993412e-01 -1.14503751e+00
0.00000000e+00 -2.25950277e-01 -1.14586832e+00
0.00000000e+00 -2.37771587e-01 -1.21762533e+00
0.00000000e+00 -2.37771587e-01 -1.21762533e+00
0.00000000e+00 -2.25950277e-01 -1.14586832e+00
0.00000000e+00 -2.20907142e-01 -1.14669913e+00
0.00000000e+00 -2.32728452e-01 -1.21845614e+00
0.00000000e+00 -2.32728452e-01 -1.21845614e+00
0.00000000e+00 -2.20907142e-01 -1.14669913e+00
0.00000000e+00 -2.15864007e-01 -1.14752994e+00
0.00000000e+00 -2.27685317e-01 -1.21928695e+00
0.00000000e+00 -2.27685317e-01 -1.21928695e+00
0.00000000e+00 -2.15864007e-01 -1.14752994e+00
0.00000000e+00 -2.10820872e-01 -1.14836075e+00
0.00000000e+00 -2.22642182e-01 -1.22011776e+00
0.00000000e+00 -2.56209088e-01 -1.14088345e+00
0.00000000e+00 -2.44387778e-01 -1.06912644e+00
0.00000000e+00 -2.39344643e-01 -1.06995725e+00
0.00000000e+00 -2.51165953e-01 -1.14171426e+00
0.00000000e+00 -2.51165953e-01 -1.14171426e+00
0.00000000e+00 -2.39344643e-01 -1.06995725e+00
0.00000000e+00 -2.34301508e-01 -1.07078806e+00
0.00000000e+00 -2.46122818e-01 -1.14254507e+00
0.00000000e+00 -2.46122818e-01 -1.14254507e+00
0.00000000e+00 -2.34301508e-01 -1.07078806e+00
0.00000000e+00 -2.29258373e-01 -1.07161887e+00
0.00000000e+00 -2.41079683e-01 -1.14337588e+00
0.00000000e+00 -2.41079683e-01 -1.14337588e+00
0.00000000e+00 -2.29258373e-01 -1.07161887e+00
0.00000000e+00 -2.24215238e-01 -1.07244968e+00
0.00000000e+00 -2.36036548e-01 -1.14420669e+00
0.00000000e+00 -2.36036548e-01 -1.14420669e+00
0.00000000e+00 -2.24215238e-01 -1.07244968e+00
0.00000000e+00 -2.19172102e-01 -1.07328050e+00
0.00000000e+00 -2.30993412e-01 -1.14503751e+00
0.00000000e+00 -2.30993412e-01 -1.14503751e+00
0.00000000e+00 -2.19172102e-01 -1.07328050e+00
0.00000000e+00 -2.14128967e-01 -1.07411131e+00
0.00000000e+00 -2.25950277e-01 -1.14586832e+00
0.00000000e+00 -2.25950277e-01 -1.14586832e+00
0.00000000e+00 -2.14128967e-01 -1.07411131e+00
0.00000000e+00 -2.09085832e-01 -1.07494212e+00
0.00000000e+00 -2.20907142e-01 -1.14669913e+00
0.00000000e+00 -2.20907142e-01 -1.14669913e+00
0.00000000e+00 -2.09085832e-01 -1.07494212e+00
0.00000000e+00 -2.04042697e-01 -1.07577293e+00
0.00000000e+00 -2.15864007e-01 -1.14752994e+00
0.00000000e+00 -2.15864007e-01 -1.14752994e+00
0.00000000e+00 -2.04042697e-01 -1.07577293e+00
0.00000000e+00 -1.98999562e-01 -1.07660374e+00
0.00000000e+00 -2.10820872e-01 -1.14836075e+00
0.00000000e+00 -2.44387778e-01 -1.06912645e+00
0.00000000e+00 -2.32566478e-01 -9.97369437e-01
0.00000000e+00 -2.27523343e-01 -9.98200246e-01
0.00000000e+00 -2.39344643e-01 -1.06995726e+00
0.00000000e+00 -2.39344643e-01 -1.06995726e+00
0.00000000e+00 -2.27523343e-01 -9.98200246e-01
0.00000000e+00 -2.22480208e-01 -9.99031056e-01
0.00000000e+00 -2.34301508e-01 -1.07078807e+00
0.00000000e+00 -2.34301508e-01 -1.07078807e+00
0.00000000e+00 -2.22480208e-01 -9.99031056e-01
0.00000000e+00 -2.17437073e-01 -9.99861866e-01
0.00000000e+00 -2.29258373e-01 -1.07161888e+00
0.00000000e+00 -2.29258373e-01 -1.07161888e+00
0.00000000e+00 -2.17437073e-01 -9.99861866e-01
0.00000000e+00 -2.12393938e-01 -1.00069268e+00
0.00000000e+00 -2.24215238e-01 -1.07244969e+00
0.00000000e+00 -2.24215238e-01 -1.07244969e+00
0.00000000e+00 -2.12393938e-01 -1.00069268e+00
0.00000000e+00 -2.07350802e-01 -1.00152348e+00
0.00000000e+00 -2.19172102e-01 -1.07328049e+00
0.00000000e+00 -2.19172102e-01 -1.07328049e+00
0.00000000e+00 -2.07350802e-01 -1.00152348e+00
0.00000000e+00 -2.02307667e-01 -1.00235429e+00
0.00000000e+00 -2.14128967e-01 -1.07411130e+00
0.00000000e+00 -2.14128967e-01 -1.07411130e+00
0.00000000e+00 -2.02307667e-01 -1.00235429e+00
0.00000000e+00 -1.97264532e-01 -1.00318510e+00
0.00000000e+00 -2.09085832e-01 -1.07494211e+00
0.00000000e+00 -2.09085832e-01 -1.07494211e+00
0.00000000e+00 -1.97264532e-01 -1.00318510e+00
0.00000000e+00 -1.92221397e-01 -1.00401591e+00
0.00000000e+00 -2.04042697e-01 -1.07577292e+00
0.00000000e+00 -2.04042697e-01 -1.07577292e+00
0.00000000e+00 -1.92221397e-01 -1.00401591e+00
0.00000000e+00 -1.87178262e-01 -1.00484672e+00
0.00000000e+00 -1.98999562e-01 -1.07660373e+00
0.00000000e+00 -2.32566478e-01 -9.97369434e-01
0.00000000e+00 -2.20745168e-01 -9.25612424e-01
0.00000000e+00 -2.15702033e-01 -9.26443234e-01
0.00000000e+00 -2.27523343e-01 -9.98200244e-01
0.00000000e+00 -2.27523343e-01 -9.98200244e-01
0.00000000e+00 -2.15702033e-01 -9.26443234e-01
0.00000000e+00 -2.10658898e-01 -9.27274044e-01
0.00000000e+00 -2.22480208e-01 -9.99031054e-01
0.00000000e+00 -2.22480208e-01 -9.99031054e-01
0.00000000e+00 -2.10658898e-01 -9.27274044e-01
0.00000000e+00 -2.05615763e-01 -9.28104855e-01
0.00000000e+00 -2.17437073e-01 -9.99861865e-01
0.00000000e+00 -2.17437073e-01 -9.99861865e-01
0.00000000e+00 -2.05615763e-01 -9.28104855e-01
0.00000000e+00 -2.00572628e-01 -9.28935665e-01
0.00000000e+00 -2.12393938e-01 -1.00069267e+00
0.00000000e+00 -2.12393938e-01 -1.00069267e+00
0.00000000e+00 -2.00572628e-01 -9.28935665e-01
0.00000000e+00 -1.95529492e-01 -9.29766475e-01
0.00000000e+00 -2.07350802e-01 -1.00152349e+00
0.00000000e+00 -2.07350802e-01 -1.00152349e+00
0.00000000e+00 -1.95529492e-01 -9.29766475e-01
0.00000000e+00 -1.90486357e-01 -9.30597285e-01
0.00000000e+00 -2.02307667e-01 -1.00235430e+00
0.00000000e+00 -2.02307667e-01 -1.00235430e+00
0.00000000e+00 -1.90486357e-01 -9.30597285e-01
0.00000000e+00 -1.85443222e-01 -9.31428096e-01
0.00000000e+00 -1.97264532e-01 -1.00318511e+00
0.00000000e+00 -1.97264532e-01 -1.00318511e+00
0.00000000e+00 -1.85443222e-01 -9.31428096e-01
0.00000000e+00 -1.80400087e-01 -9.32258906e-01
0.00000000e+00 -1.92221397e-01 -1.00401592e+00
0.00000000e+00 -1.92221397e-01 -1.00401592e+00
0.00000000e+00 -1.80400087e-01 -9.32258906e-01
0.00000000e+00 -1.75356952e-01 -9.33089716e-01
0.00000000e+00 -1.87178262e-01 -1.00484673e+00
0.00000000e+00 -2.20745168e-01 -9.25612424e-01
0.00000000e+00 -2.08923858e-01 -8.53855414e-01
0.00000000e+00 -2.03880723e-01 -8.54686224e-01
0.00000000e+00 -2.15702033e-01 -9.26443234e-01
0.00000000e+00 -2.15702033e-01 -9.26443234e-01
0.00000000e+00 -2.03880723e-01 -8.54686224e-01
0.00000000e+00 -1.98837588e-01 -8.55517034e-01
0.00000000e+00 -2.10658898e-01 -9.27274044e-01
0.00000000e+00 -2.10658898e-01 -9.27274044e-01
0.00000000e+00 -1.98837588e-01 -8.55517034e-01
0.00000000e+00 -1.93794453e-01 -8.56347845e-01
0.00000000e+00 -2.05615763e-01 -9.28104855e-01
0.00000000e+00 -2.05615763e-01 -9.28104855e-01
0.00000000e+00 -1.93794453e-01 -8.56347845e-01
0.00000000e+00 -1.88751318e-01 -8.57178655e-01
0.00000000e+00 -2.00572628e-01 -9.28935665e-01
0.00000000e+00 -2.00572628e-01 -9.28935665e-01
0.00000000e+00 -1.88751318e-01 -8.57178655e-01
0.00000000e+00 -1.83708182e-01 -8.58009465e-01
0.00000000e+00 -1.95529492e-01 -9.29766475e-01
0.00000000e+00 -1.95529492e-01 -9.29766475e-01
0.00000000e+00 -1.83708182e-01 -8.58009465e-01
0.00000000e+00 -1.78665047e-01 -8.58840275e-01
0.00000000e+00 -1.90486357e-01 -9.30597285e-01
0.00000000e+00 -1.90486357e-01 -9.30597285e-01
0.00000000e+00 -1.78665047e-01 -8.58840275e-01
0.00000000e+00 -1.73621912e-01 -8.59671086e-01
0.00000000e+00 -1.85443222e-01 -9.31428096e-01
0.00000000e+00 -1.85443222e-01 -9.31428096e-01
0.00000000e+00 -1.73621912e-01 -8.59671086e-01
0.00000000e+00 -1.68578777e-01 -8.60501896e-01
0.00000000e+00 -1.80400087e-01 -9.32258906e-01
0.00000000e+00 -1.80400087e-01 -9.32258906e-01
0.00000000e+00 -1.68578777e-01 -8.60501896e-01
0.00000000e+00 -1.63535642e-01 -8.61332706e-01
0.00000000e+00 -1.75356952e-01 -9.33089716e-01
0.00000000e+00 -2.08923858e-01 -8.53855414e-01
0.00000000e+00 -1.97102548e-01 -7.82098404e-01
0.00000000e+00 -1.92059413e-01 -7.82929214e-01
0.00000000e+00 -2.03880723e-01 -8.54686224e-01
0.00000000e+00 -2.03880723e-01 -8.54686224e-01
0.00000000e+00 -1.92059413e-01 -7.82929214e-01
0.00000000e+00 -1.87016278e-01 -7.83760024e-01
0.00000000e+00 -1.98837588e-01 -8.55517034e-01
0.00000000e+00 -1.98837588e-01 -8.55517034e-01
0.00000000e+00 -1.87016278e-01 -7.83760024e-01
0.00000000e+00 -1.81973143e-01 -7.84590835e-01
0.00000000e+00 -1.93794453e-01 -8.56347845e-01
0.00000000e+00 -1.93794453e-01 -8.56347845e-01
0.00000000e+00 -1.81973143e-01 -7.84590835e-01
0.00000000e+00 -1.76930008e-01 -7.85421645e-01
0.00000000e+00 -1.88751318e-01 -8.57178655e-01
0.00000000e+00 -1.88751318e-01 -8.57178655e-01
0.00000000e+00 -1.76930008e-01 -7.85421645e-01
0.00000000e+00 -1.71886872e-01 -7.86252455e-01
0.00000000e+00 -1.83708182e-01 -8.58009465e-01
0.00000000e+00 -1.83708182e-01 -8.58009465e-01
0.00000000e+00 -1.71886872e-01 -7.86252455e-01
0.00000000e+00 -1.66843737e-01 -7.87083265e-01
0.00000000e+00 -1.78665047e-01 -8.58840275e-01
0.00000000e+00 -1.78665047e-01 -8.58840275e-01
0.00000000e+00 -1.66843737e-01 -7.87083265e-01
0.00000000e+00 -1.61800602e-01 -7.87914076e-01
0.00000000e+00 -1.73621912e-01 -8.59671086e-01
0.00000000e+00 -1.73621912e-01 -8.59671086e-01
0.00000000e+00 -1.61800602e-01 -7.87914076e-01
0.00000000e+00 -1.56757467e-01 -7.88744886e-01
0.00000000e+00 -1.68578777e-01 -8.60501896e-01
0.00000000e+00 -1.68578777e-01 -8.60501896e-01
0.00000000e+00 -1.56757467e-01 -7.88744886e-01
0.00000000e+00 -1.51714332e-01 -7.89575696e-01
0.00000000e+00 -1.63535642e-01 -8.61332706e-01
0.00000000e+00 -1.97102548e-01 -7.82098403e-01
0.00000000e+00 -1.85281238e-01 -7.10341403e-01
0.00000000e+00 -1.80238103e-01 -7.11172214e-01
0.00000000e+00 -1.92059413e-01 -7.82929214e-01
0.00000000e+00 -1.92059413e-01 -7.82929214e-01
0.00000000e+00 -1.80238103e-01 -7.11172214e-01
0.00000000e+00 -1.75194968e-01 -7.12003024e-01
0.00000000e+00 -1.87016278e-01 -7.83760024e-01
0.00000000e+00 -1.87016278e-01 -7.83760024e-01
0.00000000e+00 -1.75194968e-01 -7.12003024e-01
0.00000000e+00 -1.70151833e-01 -7.12833834e-01
0.00000000e+00 -1.81973143e-01 -7.84590834e-01
0.00000000e+00 -1.81973143e-01 -7.84590834e-01
0.00000000e+00 -1.70151833e-01 -7.12833834e-01
0.00000000e+00 -1.65108698e-01 -7.13664645e-01
0.00000000e+00 -1.76930008e-01 -7.85421645e-01
0.00000000e+00 -1.76930008e-01 -7.85421645e-01
0.00000000e+00 -1.65108698e-01 -7.13664645e-01
0.00000000e+00 -1.60065562e-01 -7.14495455e-01
0.00000000e+00 -1.71886872e-01 -7.86252455e-01
0.00000000e+00 -1.71886872e-01 -7.86252455e-01
0.00000000e+00 -1.60065562e-01 -7.14495455e-01
0.00000000e+00 -1.55022427e-01 -7.15326266e-01
0.00000000e+00 -1.66843737e-01 -7.87083266e-01
0.00000000e+00 -1.66843737e-01 -7.87083266e-01
0.00000000e+00 -1.55022427e-01 -7.15326266e-01
0.00000000e+00 -1.49979292e-01 -7.16157076e-01
0.00000000e+00 -1.61800602e-01 -7.87914076e-01
0.00000000e+00 -1.61800602e-01 -7.87914076e-01
0.00000000e+00 -1.49979292e-01 -7.16157076e-01
0.00000000e+00 -1.44936157e-01 -7.16987886e-01
0.00000000e+00 -1.56757467e-01 -7.88744886e-01
0.00000000e+00 -1.56757467e-01 -7.88744886e-01
0.00000000e+00 -1.44936157e-01 -7.16987886e-01
0.00000000e+00 -1.39893022e-01 -7.17818697e-01
0.00000000e+00 -1.51714332e-01 -7.89575697e-01
0.00000000e+00 -1.85281238e-01 -7.10341404e-01
0.00000000e+00 -1.73459928e-01 -6.38584394e-01
0.00000000e+00 -1.68416793e-01 -6.39415204e-01
0.00000000e+00 -1.80238103e-01 -7.11172214e-01
0.00000000e+00 -1.80238103e-01 -7.11172214e-01
0.00000000e+00 -1.68416793e-01 -6.39415204e-01
0.00000000e+00 -1.63373658e-01 -6.40246014e-01
0.00000000e+00 -1.75194968e-01 -7.12003024e-01
0.00000000e+00 -1.75194968e-01 -7.12003024e-01
0.00000000e+00 -1.63373658e-01 -6.40246014e-01
0.00000000e+00 -1.58330523e-01 -6.41076825e-01
0.00000000e+00 -1.70151833e-01 -7.12833835e-01
0.00000000e+00 -1.70151833e-01 -7.12833835e-01
0.00000000e+00 -1.58330523e-01 -6.41076825e-01
0.00000000e+00 -1.53287388e-01 -6.41907635e-01
0.00000000e+00 -1.65108698e-01 -7.13664645e-01
0.00000000e+00 -1.65108698e-01 -7.13664645e-01
0.00000000e+00 -1.53287388e-01 -6.41907635e-01
0.00000000e+00 -1.48244252e-01 -6.42738445e-01
0.00000000e+00 -1.60065562e-01 -7.14495455e-01
0.00000000e+00 -1.60065562e-01 -7.14495455e-01
0.00000000e+00 -1.48244252e-01 -6.42738445e-01
0.00000000e+00 -1.43201117e-01 -6.43569255e-01
0.00000000e+00 -1.55022427e-01 -7.15326265e-01
0.00000000e+00 -1.55022427e-01 -7.15326265e-01
0.00000000e+00 -1.43201117e-01 -6.43569255e-01
0.00000000e+00 -1.38157982e-01 -6.44400066e-01
0.00000000e+00 -1.49979292e-01 -7.16157076e-01
0.00000000e+00 -1.49979292e-01 -7.16157076e-01
0.00000000e+00 -1.38157982e-01 -6.44400066e-01
0.00000000e+00 -1.33114847e-01 -6.45230876e-01
0.00000000e+00 -1.44936157e-01 -7.16987886e-01
0.00000000e+00 -1.44936157e-01 -7.16987886e-01
0.00000000e+00 -1.33114847e-01 -6.45230876e-01
0.00000000e+00 -1.28071712e-01 -6.46061686e-01
0.00000000e+00 -1.39893022e-01 -7.17818696e-01
0.00000000e+00 -1.73459928e-01 -6.38584397e-01
0.00000000e+00 -1.61638628e-01 -5.66827387e-01
0.00000000e+00 -1.56595493e-01 -5.67658196e-01
0.00000000e+00 -1.68416793e-01 -6.39415206e-01
0.00000000e+00 -1.68416793e-01 -6.39415206e-01
0.00000000e+00 -1.56595493e-01 -5.67658196e-01
0.00000000e+00 -1.51552358e-01 -5.68489006e-01
0.00000000e+00 -1.63373658e-01 -6.40246016e-01
0.00000000e+00 -1.63373658e-01 -6.40246016e-01
0.00000000e+00 -1.51552358e-01 -5.68489006e-01
0.00000000e+00 -1.46509223e-01 -5.69319816e-01
0.00000000e+00 -1.58330523e-01 -6.41076826e-01
0.00000000e+00 -1.58330523e-01 -6.41076826e-01
0.00000000e+00 -1.46509223e-01 -5.69319816e-01
0.00000000e+00 -1.41466088e-01 -5.70150625e-01
0.00000000e+00 -1.53287388e-01 -6.41907635e-01
0.00000000e+00 -1.53287388e-01 -6.41907635e-01
0.00000000e+00 -1.41466088e-01 -5.70150625e-01
0.00000000e+00 -1.36422952e-01 -5.70981435e-01
0.00000000e+00 -1.48244252e-01 -6.42738445e-01
0.00000000e+00 -1.48244252e-01 -6.42738445e-01
0.00000000e+00 -1.36422952e-01 -5.70981435e-01
0.00000000e+00 -1.31379817e-01 -5.71812244e-01
0.00000000e+00 -1.43201117e-01 -6.43569254e-01
0.00000000e+00 -1.43201117e-01 -6.43569254e-01
0.00000000e+00 -1.31379817e-01 -5.71812244e-01
0.00000000e+00 -1.26336682e-01 -5.72643054e-01
0.00000000e+00 -1.38157982e-01 -6.44400064e-01
0.00000000e+00 -1.38157982e-01 -6.44400064e-01
0.00000000e+00 -1.26336682e-01 -5.72643054e-01
0.00000000e+00 -1.21293547e-01 -5.73473864e-01
0.00000000e+00 -1.33114847e-01 -6.45230874e-01
0.00000000e+00 -1.33114847e-01 -6.45230874e-01
0.00000000e+00 -1.21293547e-01 -5.73473864e-01
0.00000000e+00 -1.16250412e-01 -5.74304673e-01
0.00000000e+00 -1.28071712e-01 -6.46061683e-01
0.00000000e+00 -1.61638628e-01 -5.66827384e-01
0.00000000e+00 -1.49817318e-01 -4.95070374e-01
0.00000000e+00 -1.44774183e-01 -4.95901184e-01
0.00000000e+00 -1.56595493e-01 -5.67658194e-01
0.00000000e+00 -1.56595493e-01 -5.67658194e-01
0.00000000e+00 -1.44774183e-01 -4.95901184e-01
0.00000000e+00 -1.39731048e-01 -4.96731994e-01
0.00000000e+00 -1.51552358e-01 -5.68489004e-01
0.00000000e+00 -1.51552358e-01 -5.68489004e-01
0.00000000e+00 -1.39731048e-01 -4.96731994e-01
0.00000000e+00 -1.34687913e-01 -4.97562805e-01
0.00000000e+00 -1.46509223e-01 -5.69319815e-01
0.00000000e+00 -1.46509223e-01 -5.69319815e-01
0.00000000e+00 -1.34687913e-01 -4.97562805e-01
0.00000000e+00 -1.29644778e-01 -4.98393615e-01
0.00000000e+00 -1.41466088e-01 -5.70150625e-01
0.00000000e+00 -1.41466088e-01 -5.70150625e-01
0.00000000e+00 -1.29644778e-01 -4.98393615e-01
0.00000000e+00 -1.24601642e-01 -4.99224425e-01
0.00000000e+00 -1.36422952e-01 -5.70981435e-01
0.00000000e+00 -1.36422952e-01 -5.70981435e-01
0.00000000e+00 -1.24601642e-01 -4.99224425e-01
0.00000000e+00 -1.19558507e-01 -5.00055235e-01
0.00000000e+00 -1.31379817e-01 -5.71812245e-01
0.00000000e+00 -1.31379817e-01 -5.71812245e-01
0.00000000e+00 -1.19558507e-01 -5.00055235e-01
0.00000000e+00 -1.14515372e-01 -5.00886046e-01
0.00000000e+00 -1.26336682e-01 -5.72643056e-01
0.00000000e+00 -1.26336682e-01 -5.72643056e-01
0.00000000e+00 -1.14515372e-01 -5.00886046e-01
0.00000000e+00 -1.09472237e-01 -5.01716856e-01
0.00000000e+00 -1.21293547e-01 -5.73473866e-01
0.00000000e+00 -1.21293547e-01 -5.73473866e-01
0.00000000e+00 -1.09472237e-01 -5.01716856e-01
0.00000000e+00 -1.04429102e-01 -5.02547666e-01
0.00000000e+00 -1.16250412e-01 -5.74304676e-01
0.00000000e+00 -1.49817318e-01 -4.95070374e-01
0.00000000e+00 -1.37996008e-01 -4.23313364e-01
0.00000000e+00 -1.32952873e-01 -4.24144174e-01
0.00000000e+00 -1.44774183e-01 -4.95901184e-01
0.00000000e+00 -1.44774183e-01 -4.95901184e-01
0.00000000e+00 -1.32952873e-01 -4.24144174e-01
0.00000000e+00 -1.27909738e-01 -4.24974984e-01
0.00000000e+00 -1.39731048e-01 -4.96731994e-01
0.00000000e+00 -1.39731048e-01 -4.96731994e-01
0.00000000e+00 -1.27909738e-01 -4.24974984e-01
0.00000000e+00 -1.22866603e-01 -4.25805795e-01
0.00000000e+00 -1.34687913e-01 -4.97562805e-01
0.00000000e+00 -1.34687913e-01 -4.97562805e-01
0.00000000e+00 -1.22866603e-01 -4.25805795e-01
0.00000000e+00 -1.17823468e-01 -4.26636605e-01
0.00000000e+00 -1.29644778e-01 -4.98393615e-01
0.00000000e+00 -1.29644778e-01 -4.98393615e-01
0.00000000e+00 -1.17823468e-01 -4.26636605e-01
0.00000000e+00 -1.12780332e-01 -4.27467415e-01
0.00000000e+00 -1.24601642e-01 -4.99224425e-01
0.00000000e+00 -1.24601642e-01 -4.99224425e-01
0.00000000e+00 -1.12780332e-01 -4.27467415e-01
0.00000000e+00 -1.07737197e-01 -4.28298225e-01
0.00000000e+00 -1.19558507e-01 -5.00055235e-01
0.00000000e+00 -1.19558507e-01 -5.00055235e-01
0.00000000e+00 -1.07737197e-01 -4.28298225e-01
0.00000000e+00 -1.02694062e-01 -4.29129036e-01
0.00000000e+00 -1.14515372e-01 -5.00886046e-01
0.00000000e+00 -1.14515372e-01 -5.00886046e-01
0.00000000e+00 -1.02694062e-01 -4.29129036e-01
0.00000000e+00 -9.76509274e-02 -4.29959846e-01
0.00000000e+00 -1.09472237e-01 -5.01716856e-01
0.00000000e+00 -1.09472237e-01 -5.01716856e-01
0.00000000e+00 -9.76509274e-02 -4.29959846e-01
0.00000000e+00 -9.26077923e-02 -4.30790656e-01
0.00000000e+00 -1.04429102e-01 -5.02547666e-01
0.00000000e+00 -1.37996008e-01 -4.23313364e-01
0.00000000e+00 -1.26174698e-01 -3.51556354e-01
0.00000000e+00 -1.21131563e-01 -3.52387164e-01
0.00000000e+00 -1.32952873e-01 -4.24144174e-01
0.00000000e+00 -1.32952873e-01 -4.24144174e-01
0.00000000e+00 -1.21131563e-01 -3.52387164e-01
0.00000000e+00 -1.16088428e-01 -3.53217974e-01
0.00000000e+00 -1.27909738e-01 -4.24974984e-01
0.00000000e+00 -1.27909738e-01 -4.24974984e-01
0.00000000e+00 -1.16088428e-01 -3.53217974e-01
0.00000000e+00 -1.11045293e-01 -3.54048785e-01
0.00000000e+00 -1.22866603e-01 -4.25805795e-01
0.00000000e+00 -1.22866603e-01 -4.25805795e-01
0.00000000e+00 -1.11045293e-01 -3.54048785e-01
0.00000000e+00 -1.06002158e-01 -3.54879595e-01
0.00000000e+00 -1.17823468e-01 -4.26636605e-01
0.00000000e+00 -1.17823468e-01 -4.26636605e-01
0.00000000e+00 -1.06002158e-01 -3.54879595e-01
0.00000000e+00 -1.00959022e-01 -3.55710405e-01
0.00000000e+00 -1.12780332e-01 -4.27467415e-01
0.00000000e+00 -1.12780332e-01 -4.27467415e-01
0.00000000e+00 -1.00959022e-01 -3.55710405e-01
0.00000000e+00 -9.59158874e-02 -3.56541215e-01
0.00000000e+00 -1.07737197e-01 -4.28298225e-01
0.00000000e+00 -1.07737197e-01 -4.28298225e-01
0.00000000e+00 -9.59158874e-02 -3.56541215e-01
0.00000000e+00 -9.08727524e-02 -3.57372026e-01
0.00000000e+00 -1.02694062e-01 -4.29129036e-01
0.00000000e+00 -1.02694062e-01 -4.29129036e-01
0.00000000e+00 -9.08727524e-02 -3.57372026e-01
0.00000000e+00 -8.58296174e-02 -3.58202836e-01
0.00000000e+00 -9.76509274e-02 -4.29959846e-01
0.00000000e+00 -9.76509274e-02 -4.29959846e-01
0.00000000e+00 -8.58296174e-02 -3.58202836e-01
0.00000000e+00 -8.07864823e-02 -3.59033646e-01
0.00000000e+00 -9.26077923e-02 -4.30790656e-01
0.00000000e+00 -1.26174698e-01 -3.51556354e-01
0.00000000e+00 -1.14353388e-01 -2.79799344e-01
0.00000000e+00 -1.09310253e-01 -2.80630154e-01
0.00000000e+00 -1.21131563e-01 -3.52387164e-01
0.00000000e+00 -1.21131563e-01 -3.52387164e-01
0.00000000e+00 -1.09310253e-01 -2.80630154e-01
0.00000000e+00 -1.04267118e-01 -2.81460964e-01
0.00000000e+00 -1.16088428e-01 -3.53217974e-01
0.00000000e+00 -1.16088428e-01 -3.53217974e-01
0.00000000e+00 -1.04267118e-01 -2.81460964e-01
0.00000000e+00 -9.92239826e-02 -2.82291775e-01
0.00000000e+00 -1.11045293e-01 -3.54048785e-01
0.00000000e+00 -1.11045293e-01 -3.54048785e-01
0.00000000e+00 -9.92239826e-02 -2.82291775e-01
0.00000000e+00 -9.41808475e-02 -2.83122585e-01
0.00000000e+00 -1.06002158e-01 -3.54879595e-01
0.00000000e+00 -1.06002158e-01 -3.54879595e-01
0.00000000e+00 -9.41808475e-02 -2.83122585e-01
0.00000000e+00 -8.91377125e-02 -2.83953395e-01
0.00000000e+00 -1.00959022e-01 -3.55710405e-01
0.00000000e+00 -1.00959022e-01 -3.55710405e-01
0.00000000e+00 -8.91377125e-02 -2.83953395e-01
0.00000000e+00 -8.40945774e-02 -2.84784205e-01
0.00000000e+00 -9.59158874e-02 -3.56541215e-01
0.00000000e+00 -9.59158874e-02 -3.56541215e-01
0.00000000e+00 -8.40945774e-02 -2.84784205e-01
0.00000000e+00 -7.90514424e-02 -2.85615016e-01
0.00000000e+00 -9.08727524e-02 -3.57372026e-01
0.00000000e+00 -9.08727524e-02 -3.57372026e-01
0.00000000e+00 -7.90514424e-02 -2.85615016e-01
0.00000000e+00 -7.40083074e-02 -2.86445826e-01
0.00000000e+00 -8.58296174e-02 -3.58202836e-01
0.00000000e+00 -8.58296174e-02 -3.58202836e-01
0.00000000e+00 -7.40083074e-02 -2.86445826e-01
0.00000000e+00 -6.89651723e-02 -2.87276636e-01
0.00000000e+00 -8.07864823e-02 -3.59033646e-01
0.00000000e+00 -1.14353388e-01 -2.79799347e-01
0.00000000e+00 -1.02532088e-01 -2.08042337e-01
0.00000000e+00 -9.74889530e-02 -2.08873146e-01
0.00000000e+00 -1.09310253e-01 -2.80630156e-01
0.00000000e+00 -1.09310253e-01 -2.80630156e-01
0.00000000e+00 -9.74889530e-02 -2.08873146e-01
0.00000000e+00 -9.24458179e-02 -2.09703956e-01
0.00000000e+00 -1.04267118e-01 -2.81460966e-01
0.00000000e+00 -1.04267118e-01 -2.81460966e-01
0.00000000e+00 -9.24458179e-02 -2.09703956e-01
0.00000000e+00 -8.74026827e-02 -2.10534766e-01
0.00000000e+00 -9.92239827e-02 -2.82291776e-01
0.00000000e+00 -9.92239827e-02 -2.82291776e-01
0.00000000e+00 -8.74026827e-02 -2.10534766e-01
0.00000000e+00 -8.23595476e-02 -2.11365575e-01
0.00000000e+00 -9.41808476e-02 -2.83122585e-01
0.00000000e+00 -9.41808476e-02 -2.83122585e-01
0.00000000e+00 -8.23595476e-02 -2.11365575e-01
0.00000000e+00 -7.73164124e-02 -2.12196385e-01
0.00000000e+00 -8.91377124e-02 -2.83953395e-01
0.00000000e+00 -8.91377124e-02 -2.83953395e-01
0.00000000e+00 -7.73164124e-02 -2.12196385e-01
0.00000000e+00 -7.22732773e-02 -2.13027194e-01
0.00000000e+00 -8.40945773e-02 -2.84784204e-01
0.00000000e+00 -8.40945773e-02 -2.84784204e-01
0.00000000e+00 -7.22732773e-02 -2.13027194e-01
0.00000000e+00 -6.72301421e-02 -2.13858004e-01
0.00000000e+00 -7.90514421e-02 -2.85615014e-01
0.00000000e+00 -7.90514421e-02 -2.85615014e-01
0.00000000e+00 -6.72301421e-02 -2.13858004e-01
0.00000000e+00 -6.21870070e-02 -2.14688814e-01
0.00000000e+00 -7.40083070e-02 -2.86445824e-01
0.00000000e+00 -7.40083070e-02 -2.86445824e-01
0.00000000e+00 -6.21870070e-02 -2.14688814e-01
0.00000000e+00 -5.71438718e-02 -2.15519623e-01
0.00000000e+00 -6.89651718e-02 -2.87276633e-01
0.00000000e+00 -1.02532088e-01 -2.08042334e-01
0.00000000e+00 -9.07107777e-02 -1.36285324e-01
0.00000000e+00 -8.56676426e-02 -1.37116134e-01
0.00000000e+00 -9.74889526e-02 -2.08873144e-01
0.00000000e+00 -9.74889526e-02 -2.08873144e-01
0.00000000e+00 -8.56676426e-02 -1.37116134e-01
0.00000000e+00 -8.06245076e-02 -1.37946944e-01
0.00000000e+00 -9.24458176e-02 -2.09703954e-01
0.00000000e+00 -9.24458176e-02 -2.09703954e-01
0.00000000e+00 -8.06245076e-02 -1.37946944e-01
0.00000000e+00 -7.55813726e-02 -1.38777755e-01
0.00000000e+00 -8.74026826e-02 -2.10534765e-01
0.00000000e+00 -8.74026826e-02 -2.10534765e-01
0.00000000e+00 -7.55813726e-02 -1.38777755e-01
0.00000000e+00 -7.05382375e-02 -1.39608565e-01
0.00000000e+00 -8.23595475e-02 -2.11365575e-01
0.00000000e+00 -8.23595475e-02 -2.11365575e-01
0.00000000e+00 -7.05382375e-02 -1.39608565e-01
0.00000000e+00 -6.54951025e-02 -1.40439375e-01
0.00000000e+00 -7.73164125e-02 -2.12196385e-01
0.00000000e+00 -7.73164125e-02 -2.12196385e-01
0.00000000e+00 -6.54951025e-02 -1.40439375e-01
0.00000000e+00 -6.04519674e-02 -1.41270185e-01
0.00000000e+00 -7.22732774e-02 -2.13027195e-01
0.00000000e+00 -7.22732774e-02 -2.13027195e-01
0.00000000e+00 -6.04519674e-02 -1.41270185e-01
0.00000000e+00 -5.54088324e-02 -1.42100996e-01
0.00000000e+00 -6.72301424e-02 -2.13858006e-01
0.00000000e+00 -6.72301424e-02 -2.13858006e-01
0.00000000e+00 -5.54088324e-02 -1.42100996e-01
0.00000000e+00 -5.03656974e-02 -1.42931806e-01
0.00000000e+00 -6.21870074e-02 -2.14688816e-01
0.00000000e+00 -6.21870074e-02 -2.14688816e-01
0.00000000e+00 -5.03656974e-02 -1.42931806e-01
0.00000000e+00 -4.53225623e-02 -1.43762616e-01
0.00000000e+00 -5.71438723e-02 -2.15519626e-01
0.00000000e+00 -9.07107777e-02 -1.36285324e-01
0.00000000e+00 -7.88894677e-02 -6.45283137e-02
0.00000000e+00 -7.38463326e-02 -6.53591240e-02
0.00000000e+00 -8.56676426e-02 -1.37116134e-01
0.00000000e+00 -8.56676426e-02 -1.37116134e-01
0.00000000e+00 -7.38463326e-02 -6.53591240e-02
0.00000000e+00 -6.88031976e-02 -6.61899343e-02
0.00000000e+00 -8.06245076e-02 -1.37946944e-01
0.00000000e+00 -8.06245076e-02 -1.37946944e-01
0.00000000e+00 -6.88031976e-02 -6.61899343e-02
0.00000000e+00 -6.37600626e-02 -6.70207446e-02
0.00000000e+00 -7.55813726e-02 -1.38777755e-01
0.00000000e+00 -7.55813726e-02 -1.38777755e-01
0.00000000e+00 -6.37600626e-02 -6.70207446e-02
0.00000000e+00 -5.87169275e-02 -6.78515549e-02
0.00000000e+00 -7.05382375e-02 -1.39608565e-01
0.00000000e+00 -7.05382375e-02 -1.39608565e-01
0.00000000e+00 -5.87169275e-02 -6.78515549e-02
0.00000000e+00 -5.36737925e-02 -6.86823651e-02
0.00000000e+00 -6.54951025e-02 -1.40439375e-01
0.00000000e+00 -6.54951025e-02 -1.40439375e-01
0.00000000e+00 -5.36737925e-02 -6.86823651e-02
0.00000000e+00 -4.86306574e-02 -6.95131754e-02
0.00000000e+00 -6.04519674e-02 -1.41270185e-01
0.00000000e+00 -6.04519674e-02 -1.41270185e-01
0.00000000e+00 -4.86306574e-02 -6.95131754e-02
0.00000000e+00 -4.35875224e-02 -7.03439857e-02
0.00000000e+00 -5.54088324e-02 -1.42100996e-01
0.00000000e+00 -5.54088324e-02 -1.42100996e-01
0.00000000e+00 -4.35875224e-02 -7.03439857e-02
0.00000000e+00 -3.85443874e-02 -7.11747960e-02
0.00000000e+00 -5.03656974e-02 -1.42931806e-01
0.00000000e+00 -5.03656974e-02 -1.42931806e-01
0.00000000e+00 -3.85443874e-02 -7.11747960e-02
0.00000000e+00 -3.35012523e-02 -7.20056063e-02
0.00000000e+00 -4.53225623e-02 -1.43762616e-01
0.00000000e+00 -7.88894677e-02 -6.45283137e-02
0.00000000e+00 -6.70681577e-02 7.22869633e-03
0.00000000e+00 -6.20250226e-02 6.39788603e-03
0.00000000e+00 -7.38463326e-02 -6.53591240e-02
0.00000000e+00 -7.38463326e-02 -6.53591240e-02
0.00000000e+00 -6.20250226e-02 6.39788603e-03
0.00000000e+00 -5.69818876e-02 5.56707574e-03
0.00000000e+00 -6.88031976e-02 -6.61899343e-02
0.00000000e+00 -6.88031976e-02 -6.61899343e-02
0.00000000e+00 -5.69818876e-02 5.56707574e-03
0.00000000e+00 -5.19387526e-02 4.73626544e-03
0.00000000e+00 -6.37600626e-02 -6.70207446e-02
0.00000000e+00 -6.37600626e-02 -6.70207446e-02
0.00000000e+00 -5.19387526e-02 4.73626544e-03
0.00000000e+00 -4.68956175e-02 3.90545515e-03
0.00000000e+00 -5.87169275e-02 -6.78515549e-02
0.00000000e+00 -5.87169275e-02 -6.78515549e-02
0.00000000e+00 -4.68956175e-02 3.90545515e-03
0.00000000e+00 -4.18524825e-02 3.07464485e-03
0.00000000e+00 -5.36737925e-02 -6.86823651e-02
0.00000000e+00 -5.36737925e-02 -6.86823651e-02
0.00000000e+00 -4.18524825e-02 3.07464485e-03
0.00000000e+00 -3.68093474e-02 2.24383456e-03
0.00000000e+00 -4.86306574e-02 -6.95131754e-02
0.00000000e+00 -4.86306574e-02 -6.95131754e-02
0.00000000e+00 -3.68093474e-02 2.24383456e-03
0.00000000e+00 -3.17662124e-02 1.41302426e-03
0.00000000e+00 -4.35875224e-02 -7.03439857e-02
0.00000000e+00 -4.35875224e-02 -7.03439857e-02
0.00000000e+00 -3.17662124e-02 1.41302426e-03
0.00000000e+00 -2.67230774e-02 5.82213965e-04
0.00000000e+00 -3.85443874e-02 -7.11747960e-02
0.00000000e+00 -3.85443874e-02 -7.11747960e-02
0.00000000e+00 -2.67230774e-02 5.82213965e-04
0.00000000e+00 -2.16799423e-02 -2.48596330e-04
0.00000000e+00 -3.35012523e-02 -7.20056063e-02
0.00000000e+00 -6.70681577e-02 7.22869633e-03
0.00000000e+00 -5.52468477e-02 7.89857063e-02
0.00000000e+00 -5.02037126e-02 7.81548960e-02
0.00000000e+00 -6.20250226e-02 6.39788603e-03
0.00000000e+00 -6.20250226e-02 6.39788603e-03
0.00000000e+00 -5.02037126e-02 7.81548960e-02
0.00000000e+00 -4.51605776e-02 7.73240857e-02
0.00000000e+00 -5.69818876e-02 5.56707574e-03
0.00000000e+00 -5.69818876e-02 5.56707574e-03
0.00000000e+00 -4.51605776e-02 7.73240857e-02
0.00000000e+00 -4.01174426e-02 7.64932754e-02
0.00000000e+00 -5.19387526e-02 4.73626544e-03
0.00000000e+00 -5.19387526e-02 4.73626544e-03
0.00000000e+00 -4.01174426e-02 7.64932754e-02
0.00000000e+00 -3.50743075e-02 7.56624651e-02
0.00000000e+00 -4.68956175e-02 3.90545515e-03
0.00000000e+00 -4.68956175e-02 3.90545515e-03
0.00000000e+00 -3.50743075e-02 7.56624651e-02
0.00000000e+00 -3.00311725e-02 7.48316549e-02
0.00000000e+00 -4.18524825e-02 3.07464485e-03
0.00000000e+00 -4.18524825e-02 3.07464485e-03
0.00000000e+00 -3.00311725e-02 7.48316549e-02
0.00000000e+00 -2.49880374e-02 7.40008446e-02
0.00000000e+00 -3.68093474e-02 2.24383456e-03
0.00000000e+00 -3.68093474e-02 2.24383456e-03
0.00000000e+00 -2.49880374e-02 7.40008446e-02
0.00000000e+00 -1.99449024e-02 7.31700343e-02
0.00000000e+00 -3.17662124e-02 1.41302426e-03
0.00000000e+00 -3.17662124e-02 1.41302426e-03
0.00000000e+00 -1.99449024e-02 7.31700343e-02
0.00000000e+00 -1.49017674e-02 7.23392240e-02
0.00000000e+00 -2.67230774e-02 5.82213965e-04
0.00000000e+00 -2.67230774e-02 5.82213965e-04
0.00000000e+00 -1.49017674e-02 7.23392240e-02
0.00000000e+00 -9.85863232e-03 7.15084137e-02
0.00000000e+00 -2.16799423e-02 -2.48596330e-04
0.00000000e+00 -5.52468477e-02 7.89857063e-02
0.00000000e+00 -4.34255377e-02 1.50742716e-01
0.00000000e+00 -3.83824026e-02 1.49911906e-01
0.00000000e+00 -5.02037126e-02 7.81548960e-02
0.00000000e+00 -5.02037126e-02 7.81548960e-02
0.00000000e+00 -3.83824026e-02 1.49911906e-01
0.00000000e+00 -3.33392676e-02 1.49081096e-01
0.00000000e+00 -4.51605776e-02 7.73240857e-02
0.00000000e+00 -4.51605776e-02 7.73240857e-02
0.00000000e+00 -3.33392676e-02 1.49081096e-01
0.00000000e+00 -2.82961326e-02 1.48250285e-01
0.00000000e+00 -4.01174426e-02 7.64932754e-02
0.00000000e+00 -4.01174426e-02 7.64932754e-02
0.00000000e+00 -2.82961326e-02 1.48250285e-01
0.00000000e+00 -2.32529975e-02 1.47419475e-01
0.00000000e+00 -3.50743075e-02 7.56624651e-02
0.00000000e+00 -3.50743075e-02 7.56624651e-02
0.00000000e+00 -2.32529975e-02 1.47419475e-01
0.00000000e+00 -1.82098625e-02 1.46588665e-01
0.00000000e+00 -3.00311725e-02 7.48316549e-02
0.00000000e+00 -3.00311725e-02 7.48316549e-02
0.00000000e+00 -1.82098625e-02 1.46588665e-01
0.00000000e+00 -1.31667274e-02 1.45757855e-01
0.00000000e+00 -2.49880374e-02 7.40008446e-02
0.00000000e+00 -2.49880374e-02 7.40008446e-02
0.00000000e+00 -1.31667274e-02 1.45757855e-01
0.00000000e+00 -8.12359240e-03 1.44927044e-01
0.00000000e+00 -1.99449024e-02 7.31700343e-02
0.00000000e+00 -1.99449024e-02 7.31700343e-02
0.00000000e+00 -8.12359240e-03 1.44927044e-01
0.00000000e+00 -3.08045736e-03 1.44096234e-01
0.00000000e+00 -1.49017674e-02 7.23392240e-02
0.00000000e+00 -1.49017674e-02 7.23392240e-02
0.00000000e+00 -3.08045736e-03 1.44096234e-01
0.00000000e+00 1.96267768e-03 1.43265424e-01
0.00000000e+00 -9.85863232e-03 7.15084137e-02
0.00000000e+00 -4.34255382e-02 1.50742713e-01
0.00000000e+00 -3.16042382e-02 2.22499723e-01
0.00000000e+00 -2.65611030e-02 2.21668914e-01
0.00000000e+00 -3.83824030e-02 1.49911904e-01
0.00000000e+00 -3.83824030e-02 1.49911904e-01
0.00000000e+00 -2.65611030e-02 2.21668914e-01
0.00000000e+00 -2.15179679e-02 2.20838104e-01
0.00000000e+00 -3.33392679e-02 1.49081094e-01
0.00000000e+00 -3.33392679e-02 1.49081094e-01
0.00000000e+00 -2.15179679e-02 2.20838104e-01
0.00000000e+00 -1.64748327e-02 2.20007294e-01
0.00000000e+00 -2.82961327e-02 1.48250284e-01
0.00000000e+00 -2.82961327e-02 1.48250284e-01
0.00000000e+00 -1.64748327e-02 2.20007294e-01
0.00000000e+00 -1.14316976e-02 2.19176485e-01
0.00000000e+00 -2.32529976e-02 1.47419475e-01
0.00000000e+00 -2.32529976e-02 1.47419475e-01
0.00000000e+00 -1.14316976e-02 2.19176485e-01
0.00000000e+00 -6.38856242e-03 2.18345675e-01
0.00000000e+00 -1.82098624e-02 1.46588665e-01
0.00000000e+00 -1.82098624e-02 1.46588665e-01
0.00000000e+00 -6.38856242e-03 2.18345675e-01
0.00000000e+00 -1.34542727e-03 2.17514866e-01
0.00000000e+00 -1.31667273e-02 1.45757856e-01
0.00000000e+00 -1.31667273e-02 1.45757856e-01
0.00000000e+00 -1.34542727e-03 2.17514866e-01
0.00000000e+00 3.69770788e-03 2.16684056e-01
0.00000000e+00 -8.12359212e-03 1.44927046e-01
0.00000000e+00 -8.12359212e-03 1.44927046e-01
0.00000000e+00 3.69770788e-03 2.16684056e-01
0.00000000e+00 8.74084304e-03 2.15853246e-01
0.00000000e+00 -3.08045696e-03 1.44096236e-01
0.00000000e+00 -3.08045696e-03 1.44096236e-01
0.00000000e+00 8.74084304e-03 2.15853246e-01
0.00000000e+00 1.37839782e-02 2.15022437e-01
0.00000000e+00 1.96267819e-03 1.43265427e-01
0.00000000e+00 -3.16042377e-02 2.22499726e-01
0.00000000e+00 -1.97829277e-02 2.94256736e-01
0.00000000e+00 -1.47397926e-02 2.93425926e-01
0.00000000e+00 -2.65611026e-02 2.21668916e-01
0.00000000e+00 -2.65611026e-02 2.21668916e-01
0.00000000e+00 -1.47397926e-02 2.93425926e-01
0.00000000e+00 -9.69665760e-03 2.92595116e-01
0.00000000e+00 -2.15179676e-02 2.20838106e-01
0.00000000e+00 -2.15179676e-02 2.20838106e-01
0.00000000e+00 -9.69665760e-03 2.92595116e-01
0.00000000e+00 -4.65352256e-03 2.91764305e-01
0.00000000e+00 -1.64748326e-02 2.20007295e-01
0.00000000e+00 -1.64748326e-02 2.20007295e-01
0.00000000e+00 -4.65352256e-03 2.91764305e-01
0.00000000e+00 3.89612479e-04 2.90933495e-01
0.00000000e+00 -1.14316975e-02 2.19176485e-01
0.00000000e+00 -1.14316975e-02 2.19176485e-01
0.00000000e+00 3.89612479e-04 2.90933495e-01
0.00000000e+00 5.43274752e-03 2.90102685e-01
0.00000000e+00 -6.38856248e-03 2.18345675e-01
0.00000000e+00 -6.38856248e-03 2.18345675e-01
0.00000000e+00 5.43274752e-03 2.90102685e-01
0.00000000e+00 1.04758826e-02 2.89271875e-01
0.00000000e+00 -1.34542744e-03 2.17514865e-01
0.00000000e+00 -1.34542744e-03 2.17514865e-01
0.00000000e+00 1.04758826e-02 2.89271875e-01
0.00000000e+00 1.55190176e-02 2.88441064e-01
0.00000000e+00 3.69770760e-03 2.16684054e-01
0.00000000e+00 3.69770760e-03 2.16684054e-01
0.00000000e+00 1.55190176e-02 2.88441064e-01
0.00000000e+00 2.05621526e-02 2.87610254e-01
0.00000000e+00 8.74084264e-03 2.15853244e-01
0.00000000e+00 8.74084264e-03 2.15853244e-01
0.00000000e+00 2.05621526e-02 2.87610254e-01
0.00000000e+00 2.56052877e-02 2.86779444e-01
0.00000000e+00 1.37839777e-02 2.15022434e-01
0.00000000e+00 -1.97829276e-02 2.94256737e-01
0.00000000e+00 -7.96161760e-03 3.66013737e-01
0.00000000e+00 -2.91848258e-03 3.65182926e-01
0.00000000e+00 -1.47397926e-02 2.93425926e-01
0.00000000e+00 -1.47397926e-02 2.93425926e-01
0.00000000e+00 -2.91848258e-03 3.65182926e-01
0.00000000e+00 2.12465244e-03 3.64352116e-01
0.00000000e+00 -9.69665756e-03 2.92595116e-01
0.00000000e+00 -9.69665756e-03 2.92595116e-01
0.00000000e+00 2.12465244e-03 3.64352116e-01
0.00000000e+00 7.16778747e-03 3.63521306e-01
0.00000000e+00 -4.65352253e-03 2.91764306e-01
0.00000000e+00 -4.65352253e-03 2.91764306e-01
0.00000000e+00 7.16778747e-03 3.63521306e-01
0.00000000e+00 1.22109225e-02 3.62690495e-01
0.00000000e+00 3.89612489e-04 2.90933495e-01
0.00000000e+00 3.89612489e-04 2.90933495e-01
0.00000000e+00 1.22109225e-02 3.62690495e-01
0.00000000e+00 1.72540575e-02 3.61859685e-01
0.00000000e+00 5.43274751e-03 2.90102685e-01
0.00000000e+00 5.43274751e-03 2.90102685e-01
0.00000000e+00 1.72540575e-02 3.61859685e-01
0.00000000e+00 2.22971925e-02 3.61028874e-01
0.00000000e+00 1.04758825e-02 2.89271874e-01
0.00000000e+00 1.04758825e-02 2.89271874e-01
0.00000000e+00 2.22971925e-02 3.61028874e-01
0.00000000e+00 2.73403276e-02 3.60198064e-01
0.00000000e+00 1.55190176e-02 2.88441064e-01
0.00000000e+00 1.55190176e-02 2.88441064e-01
0.00000000e+00 2.73403276e-02 3.60198064e-01
0.00000000e+00 3.23834626e-02 3.59367254e-01
0.00000000e+00 2.05621526e-02 2.87610254e-01
0.00000000e+00 2.05621526e-02 2.87610254e-01
0.00000000e+00 3.23834626e-02 3.59367254e-01
0.00000000e+00 3.74265976e-02 3.58536443e-01
0.00000000e+00 2.56052876e-02 2.86779443e-01
0.00000000e+00 -7.96161768e-03 3.66013736e-01
0.00000000e+00 3.85969232e-03 4.37770746e-01
0.00000000e+00 8.90282736e-03 4.36939936e-01
0.00000000e+00 -2.91848264e-03 3.65182926e-01
0.00000000e+00 -2.91848264e-03 3.65182926e-01
0.00000000e+00 8.90282736e-03 4.36939936e-01
0.00000000e+00 1.39459624e-02 4.36109126e-01
0.00000000e+00 2.12465240e-03 3.64352116e-01
0.00000000e+00 2.12465240e-03 3.64352116e-01
0.00000000e+00 1.39459624e-02 4.36109126e-01
0.00000000e+00 1.89890974e-02 4.35278315e-01
0.00000000e+00 7.16778744e-03 3.63521305e-01
0.00000000e+00 7.16778744e-03 3.63521305e-01
0.00000000e+00 1.89890974e-02 4.35278315e-01
0.00000000e+00 2.40322325e-02 4.34447505e-01
0.00000000e+00 1.22109225e-02 3.62690495e-01
0.00000000e+00 1.22109225e-02 3.62690495e-01
0.00000000e+00 2.40322325e-02 4.34447505e-01
0.00000000e+00 2.90753675e-02 4.33616695e-01
0.00000000e+00 1.72540575e-02 3.61859685e-01
0.00000000e+00 1.72540575e-02 3.61859685e-01
0.00000000e+00 2.90753675e-02 4.33616695e-01
0.00000000e+00 3.41185026e-02 4.32785885e-01
0.00000000e+00 2.22971926e-02 3.61028875e-01
0.00000000e+00 2.22971926e-02 3.61028875e-01
0.00000000e+00 3.41185026e-02 4.32785885e-01
0.00000000e+00 3.91616376e-02 4.31955074e-01
0.00000000e+00 2.73403276e-02 3.60198064e-01
0.00000000e+00 2.73403276e-02 3.60198064e-01
0.00000000e+00 3.91616376e-02 4.31955074e-01
0.00000000e+00 4.42047726e-02 4.31124264e-01
0.00000000e+00 3.23834626e-02 3.59367254e-01
0.00000000e+00 3.23834626e-02 3.59367254e-01
0.00000000e+00 4.42047726e-02 4.31124264e-01
0.00000000e+00 4.92479077e-02 4.30293454e-01
0.00000000e+00 3.74265977e-02 3.58536444e-01
0.00000000e+00 3.85969232e-03 4.37770746e-01
0.00000000e+00 1.56810023e-02 5.09527756e-01
0.00000000e+00 2.07241374e-02 5.08696946e-01
0.00000000e+00 8.90282736e-03 4.36939936e-01
0.00000000e+00 8.90282736e-03 4.36939936e-01
0.00000000e+00 2.07241374e-02 5.08696946e-01
0.00000000e+00 2.57672724e-02 5.07866136e-01
0.00000000e+00 1.39459624e-02 4.36109126e-01
0.00000000e+00 1.39459624e-02 4.36109126e-01
0.00000000e+00 2.57672724e-02 5.07866136e-01
0.00000000e+00 3.08104074e-02 5.07035325e-01
0.00000000e+00 1.89890974e-02 4.35278315e-01
0.00000000e+00 1.89890974e-02 4.35278315e-01
0.00000000e+00 3.08104074e-02 5.07035325e-01
0.00000000e+00 3.58535425e-02 5.06204515e-01
0.00000000e+00 2.40322325e-02 4.34447505e-01
0.00000000e+00 2.40322325e-02 4.34447505e-01
0.00000000e+00 3.58535425e-02 5.06204515e-01
0.00000000e+00 4.08966775e-02 5.05373705e-01
0.00000000e+00 2.90753675e-02 4.33616695e-01
0.00000000e+00 2.90753675e-02 4.33616695e-01
0.00000000e+00 4.08966775e-02 5.05373705e-01
0.00000000e+00 4.59398126e-02 5.04542895e-01
0.00000000e+00 3.41185026e-02 4.32785885e-01
0.00000000e+00 3.41185026e-02 4.32785885e-01
0.00000000e+00 4.59398126e-02 5.04542895e-01
0.00000000e+00 5.09829476e-02 5.03712084e-01
0.00000000e+00 3.91616376e-02 4.31955074e-01
0.00000000e+00 3.91616376e-02 4.31955074e-01
0.00000000e+00 5.09829476e-02 5.03712084e-01
0.00000000e+00 5.60260826e-02 5.02881274e-01
0.00000000e+00 4.42047726e-02 4.31124264e-01
0.00000000e+00 4.42047726e-02 4.31124264e-01
0.00000000e+00 5.60260826e-02 5.02881274e-01
0.00000000e+00 6.10692177e-02 5.02050464e-01
0.00000000e+00 4.92479077e-02 4.30293454e-01
0.00000000e+00 1.56810023e-02 5.09527756e-01
0.00000000e+00 2.75023123e-02 5.81284766e-01
0.00000000e+00 3.25454474e-02 5.80453956e-01
0.00000000e+00 2.07241374e-02 5.08696946e-01
0.00000000e+00 2.07241374e-02 5.08696946e-01
0.00000000e+00 3.25454474e-02 5.80453956e-01
0.00000000e+00 3.75885824e-02 5.79623146e-01
0.00000000e+00 2.57672724e-02 5.07866136e-01
0.00000000e+00 2.57672724e-02 5.07866136e-01
0.00000000e+00 3.75885824e-02 5.79623146e-01
0.00000000e+00 4.26317174e-02 5.78792335e-01
0.00000000e+00 3.08104074e-02 5.07035325e-01
0.00000000e+00 3.08104074e-02 5.07035325e-01
0.00000000e+00 4.26317174e-02 5.78792335e-01
0.00000000e+00 4.76748525e-02 5.77961525e-01
0.00000000e+00 3.58535425e-02 5.06204515e-01
0.00000000e+00 3.58535425e-02 5.06204515e-01
0.00000000e+00 4.76748525e-02 5.77961525e-01
0.00000000e+00 5.27179875e-02 5.77130715e-01
0.00000000e+00 4.08966775e-02 5.05373705e-01
0.00000000e+00 4.08966775e-02 5.05373705e-01
0.00000000e+00 5.27179875e-02 5.77130715e-01
0.00000000e+00 5.77611226e-02 5.76299905e-01
0.00000000e+00 4.59398126e-02 5.04542895e-01
0.00000000e+00 4.59398126e-02 5.04542895e-01
0.00000000e+00 5.77611226e-02 5.76299905e-01
0.00000000e+00 6.28042576e-02 5.75469094e-01
0.00000000e+00 5.09829476e-02 5.03712084e-01
0.00000000e+00 5.09829476e-02 5.03712084e-01
0.00000000e+00 6.28042576e-02 5.75469094e-01
0.00000000e+00 6.78473926e-02 5.74638284e-01
0.00000000e+00 5.60260826e-02 5.02881274e-01
0.00000000e+00 5.60260826e-02 5.02881274e-01
0.00000000e+00 6.78473926e-02 5.74638284e-01
0.00000000e+00 7.28905277e-02 5.73807474e-01
0.00000000e+00 6.10692177e-02 5.02050464e-01
0.00000000e+00 2.75023118e-02 5.81284763e-01
0.00000000e+00 3.93236118e-02 6.53041773e-01
0.00000000e+00 4.43667470e-02 6.52210964e-01
0.00000000e+00 3.25454470e-02 5.80453954e-01
0.00000000e+00 3.25454470e-02 5.80453954e-01
0.00000000e+00 4.43667470e-02 6.52210964e-01
0.00000000e+00 4.94098821e-02 6.51380154e-01
0.00000000e+00 3.75885821e-02 5.79623144e-01
0.00000000e+00 3.75885821e-02 5.79623144e-01
0.00000000e+00 4.94098821e-02 6.51380154e-01
0.00000000e+00 5.44530173e-02 6.50549344e-01
0.00000000e+00 4.26317173e-02 5.78792334e-01
0.00000000e+00 4.26317173e-02 5.78792334e-01
0.00000000e+00 5.44530173e-02 6.50549344e-01
0.00000000e+00 5.94961524e-02 6.49718535e-01
0.00000000e+00 4.76748524e-02 5.77961525e-01
0.00000000e+00 4.76748524e-02 5.77961525e-01
0.00000000e+00 5.94961524e-02 6.49718535e-01
0.00000000e+00 6.45392876e-02 6.48887725e-01
0.00000000e+00 5.27179876e-02 5.77130715e-01
0.00000000e+00 5.27179876e-02 5.77130715e-01
0.00000000e+00 6.45392876e-02 6.48887725e-01
0.00000000e+00 6.95824227e-02 6.48056916e-01
0.00000000e+00 5.77611227e-02 5.76299906e-01
0.00000000e+00 5.77611227e-02 5.76299906e-01
0.00000000e+00 6.95824227e-02 6.48056916e-01
0.00000000e+00 7.46255579e-02 6.47226106e-01
0.00000000e+00 6.28042579e-02 5.75469096e-01
0.00000000e+00 6.28042579e-02 5.75469096e-01
0.00000000e+00 7.46255579e-02 6.47226106e-01
0.00000000e+00 7.96686930e-02 6.46395296e-01
0.00000000e+00 6.78473930e-02 5.74638286e-01
0.00000000e+00 6.78473930e-02 5.74638286e-01
0.00000000e+00 7.96686930e-02 6.46395296e-01
0.00000000e+00 8.47118282e-02 6.45564487e-01
0.00000000e+00 7.28905282e-02 5.73807477e-01
0.00000000e+00 3.93236123e-02 6.53041776e-01
0.00000000e+00 5.11449223e-02 7.24798786e-01
0.00000000e+00 5.61880574e-02 7.23967976e-01
0.00000000e+00 4.43667474e-02 6.52210966e-01
0.00000000e+00 4.43667474e-02 6.52210966e-01
0.00000000e+00 5.61880574e-02 7.23967976e-01
0.00000000e+00 6.12311924e-02 7.23137166e-01
0.00000000e+00 4.94098824e-02 6.51380156e-01
0.00000000e+00 4.94098824e-02 6.51380156e-01
0.00000000e+00 6.12311924e-02 7.23137166e-01
0.00000000e+00 6.62743274e-02 7.22306355e-01
0.00000000e+00 5.44530174e-02 6.50549345e-01
0.00000000e+00 5.44530174e-02 6.50549345e-01
0.00000000e+00 6.62743274e-02 7.22306355e-01
0.00000000e+00 7.13174625e-02 7.21475545e-01
0.00000000e+00 5.94961525e-02 6.49718535e-01
0.00000000e+00 5.94961525e-02 6.49718535e-01
0.00000000e+00 7.13174625e-02 7.21475545e-01
0.00000000e+00 7.63605975e-02 7.20644735e-01
0.00000000e+00 6.45392875e-02 6.48887725e-01
0.00000000e+00 6.45392875e-02 6.48887725e-01
0.00000000e+00 7.63605975e-02 7.20644735e-01
0.00000000e+00 8.14037326e-02 7.19813925e-01
0.00000000e+00 6.95824226e-02 6.48056915e-01
0.00000000e+00 6.95824226e-02 6.48056915e-01
0.00000000e+00 8.14037326e-02 7.19813925e-01
0.00000000e+00 8.64468676e-02 7.18983114e-01
0.00000000e+00 7.46255576e-02 6.47226104e-01
0.00000000e+00 7.46255576e-02 6.47226104e-01
0.00000000e+00 8.64468676e-02 7.18983114e-01
0.00000000e+00 9.14900026e-02 7.18152304e-01
0.00000000e+00 7.96686926e-02 6.46395294e-01
0.00000000e+00 7.96686926e-02 6.46395294e-01
0.00000000e+00 9.14900026e-02 7.18152304e-01
0.00000000e+00 9.65331377e-02 7.17321494e-01
0.00000000e+00 8.47118277e-02 6.45564484e-01
0.00000000e+00 5.11449223e-02 7.24798786e-01
0.00000000e+00 6.29662323e-02 7.96555796e-01
0.00000000e+00 6.80093674e-02 7.95724986e-01
0.00000000e+00 5.61880574e-02 7.23967976e-01
0.00000000e+00 5.61880574e-02 7.23967976e-01
0.00000000e+00 6.80093674e-02 7.95724986e-01
0.00000000e+00 7.30525024e-02 7.94894176e-01
0.00000000e+00 6.12311924e-02 7.23137166e-01
0.00000000e+00 6.12311924e-02 7.23137166e-01
0.00000000e+00 7.30525024e-02 7.94894176e-01
0.00000000e+00 7.80956374e-02 7.94063365e-01
0.00000000e+00 6.62743274e-02 7.22306355e-01
0.00000000e+00 6.62743274e-02 7.22306355e-01
0.00000000e+00 7.80956374e-02 7.94063365e-01
0.00000000e+00 8.31387725e-02 7.93232555e-01
0.00000000e+00 7.13174625e-02 7.21475545e-01
0.00000000e+00 7.13174625e-02 7.21475545e-01
0.00000000e+00 8.31387725e-02 7.93232555e-01
0.00000000e+00 8.81819075e-02 7.92401745e-01
0.00000000e+00 7.63605975e-02 7.20644735e-01
0.00000000e+00 7.63605975e-02 7.20644735e-01
0.00000000e+00 8.81819075e-02 7.92401745e-01
0.00000000e+00 9.32250426e-02 7.91570935e-01
0.00000000e+00 8.14037326e-02 7.19813925e-01
0.00000000e+00 8.14037326e-02 7.19813925e-01
0.00000000e+00 9.32250426e-02 7.91570935e-01
0.00000000e+00 9.82681776e-02 7.90740124e-01
0.00000000e+00 8.64468676e-02 7.18983114e-01
0.00000000e+00 8.64468676e-02 7.18983114e-01
0.00000000e+00 9.82681776e-02 7.90740124e-01
0.00000000e+00 1.03311313e-01 7.89909314e-01
0.00000000e+00 9.14900026e-02 7.18152304e-01
0.00000000e+00 9.14900026e-02 7.18152304e-01
0.00000000e+00 1.03311313e-01 7.89909314e-01
0.00000000e+00 1.08354448e-01 7.89078504e-01
0.00000000e+00 9.65331377e-02 7.17321494e-01
0.00000000e+00 6.29662323e-02 7.96555796e-01
0.00000000e+00 7.47875423e-02 8.68312806e-01
0.00000000e+00 7.98306774e-02 8.67481996e-01
0.00000000e+00 6.80093674e-02 7.95724986e-01
0.00000000e+00 6.80093674e-02 7.95724986e-01
0.00000000e+00 7.98306774e-02 8.67481996e-01
0.00000000e+00 8.48738124e-02 8.66651186e-01
0.00000000e+00 7.30525024e-02 7.94894176e-01
0.00000000e+00 7.30525024e-02 7.94894176e-01
0.00000000e+00 8.48738124e-02 8.66651186e-01
0.00000000e+00 8.99169474e-02 8.65820375e-01
0.00000000e+00 7.80956374e-02 7.94063365e-01
0.00000000e+00 7.80956374e-02 7.94063365e-01
0.00000000e+00 8.99169474e-02 8.65820375e-01
0.00000000e+00 9.49600825e-02 8.64989565e-01
0.00000000e+00 8.31387725e-02 7.93232555e-01
0.00000000e+00 8.31387725e-02 7.93232555e-01
0.00000000e+00 9.49600825e-02 8.64989565e-01
0.00000000e+00 1.00003218e-01 8.64158755e-01
0.00000000e+00 8.81819075e-02 7.92401745e-01
0.00000000e+00 8.81819075e-02 7.92401745e-01
0.00000000e+00 1.00003218e-01 8.64158755e-01
0.00000000e+00 1.05046353e-01 8.63327945e-01
0.00000000e+00 9.32250426e-02 7.91570935e-01
0.00000000e+00 9.32250426e-02 7.91570935e-01
0.00000000e+00 1.05046353e-01 8.63327945e-01
0.00000000e+00 1.10089488e-01 8.62497134e-01
0.00000000e+00 9.82681776e-02 7.90740124e-01
0.00000000e+00 9.82681776e-02 7.90740124e-01
0.00000000e+00 1.10089488e-01 8.62497134e-01
0.00000000e+00 1.15132623e-01 8.61666324e-01
0.00000000e+00 1.03311313e-01 7.89909314e-01
0.00000000e+00 1.03311313e-01 7.89909314e-01
0.00000000e+00 1.15132623e-01 8.61666324e-01
0.00000000e+00 1.20175758e-01 8.60835514e-01
0.00000000e+00 1.08354448e-01 7.89078504e-01
0.00000000e+00 7.47875423e-02 8.68312806e-01
0.00000000e+00 8.66088523e-02 9.40069816e-01
0.00000000e+00 9.16519874e-02 9.39239006e-01
0.00000000e+00 7.98306774e-02 8.67481996e-01
0.00000000e+00 7.98306774e-02 8.67481996e-01
0.00000000e+00 9.16519874e-02 9.39239006e-01
0.00000000e+00 9.66951224e-02 9.38408196e-01
0.00000000e+00 8.48738124e-02 8.66651186e-01
0.00000000e+00 8.48738124e-02 8.66651186e-01
0.00000000e+00 9.66951224e-02 9.38408196e-01
0.00000000e+00 1.01738257e-01 9.37577385e-01
0.00000000e+00 8.99169474e-02 8.65820375e-01
0.00000000e+00 8.99169474e-02 8.65820375e-01
0.00000000e+00 1.01738257e-01 9.37577385e-01
0.00000000e+00 1.06781392e-01 9.36746575e-01
0.00000000e+00 9.49600825e-02 8.64989565e-01
0.00000000e+00 9.49600825e-02 8.64989565e-01
0.00000000e+00 1.06781392e-01 9.36746575e-01
0.00000000e+00 1.11824528e-01 9.35915765e-01
0.00000000e+00 1.00003218e-01 8.64158755e-01
0.00000000e+00 1.00003218e-01 8.64158755e-01
0.00000000e+00 1.11824528e-01 9.35915765e-01
0.00000000e+00 1.16867663e-01 9.35084955e-01
0.00000000e+00 1.05046353e-01 8.63327945e-01
0.00000000e+00 1.05046353e-01 8.63327945e-01
0.00000000e+00 1.16867663e-01 9.35084955e-01
0.00000000e+00 1.21910798e-01 9.34254144e-01
0.00000000e+00 1.10089488e-01 8.62497134e-01
0.00000000e+00 1.10089488e-01 8.62497134e-01
0.00000000e+00 1.21910798e-01 9.34254144e-01
0.00000000e+00 1.26953933e-01 9.33423334e-01
0.00000000e+00 1.15132623e-01 8.61666324e-01
0.00000000e+00 1.15132623e-01 8.61666324e-01
0.00000000e+00 1.26953933e-01 9.33423334e-01
0.00000000e+00 1.31997068e-01 9.32592524e-01
0.00000000e+00 1.20175758e-01 8.60835514e-01
0.00000000e+00 8.66088518e-02 9.40069813e-01
0.00000000e+00 9.84301518e-02 1.01182682e+00
0.00000000e+00 1.03473287e-01 1.01099601e+00
0.00000000e+00 9.16519870e-02 9.39239004e-01
0.00000000e+00 9.16519870e-02 9.39239004e-01
0.00000000e+00 1.03473287e-01 1.01099601e+00
0.00000000e+00 1.08516422e-01 1.01016520e+00
0.00000000e+00 9.66951221e-02 9.38408194e-01
0.00000000e+00 9.66951221e-02 9.38408194e-01
0.00000000e+00 1.08516422e-01 1.01016520e+00
0.00000000e+00 1.13559557e-01 1.00933439e+00
0.00000000e+00 1.01738257e-01 9.37577384e-01
0.00000000e+00 1.01738257e-01 9.37577384e-01
0.00000000e+00 1.13559557e-01 1.00933439e+00
0.00000000e+00 1.18602692e-01 1.00850358e+00
0.00000000e+00 1.06781392e-01 9.36746575e-01
0.00000000e+00 1.06781392e-01 9.36746575e-01
0.00000000e+00 1.18602692e-01 1.00850358e+00
0.00000000e+00 1.23645828e-01 1.00767278e+00
0.00000000e+00 1.11824528e-01 9.35915765e-01
0.00000000e+00 1.11824528e-01 9.35915765e-01
0.00000000e+00 1.23645828e-01 1.00767278e+00
0.00000000e+00 1.28688963e-01 1.00684197e+00
0.00000000e+00 1.16867663e-01 9.35084956e-01
0.00000000e+00 1.16867663e-01 9.35084956e-01
0.00000000e+00 1.28688963e-01 1.00684197e+00
0.00000000e+00 1.33732098e-01 1.00601116e+00
0.00000000e+00 1.21910798e-01 9.34254146e-01
0.00000000e+00 1.21910798e-01 9.34254146e-01
0.00000000e+00 1.33732098e-01 1.00601116e+00
0.00000000e+00 1.38775233e-01 1.00518035e+00
0.00000000e+00 1.26953933e-01 9.33423336e-01
0.00000000e+00 1.26953933e-01 9.33423336e-01
0.00000000e+00 1.38775233e-01 1.00518035e+00
0.00000000e+00 1.43818368e-01 1.00434954e+00
0.00000000e+00 1.31997068e-01 9.32592527e-01
0.00000000e+00 9.84301523e-02 1.01182683e+00
0.00000000e+00 1.10251462e-01 1.08358384e+00
0.00000000e+00 1.15294597e-01 1.08275303e+00
0.00000000e+00 1.03473287e-01 1.01099602e+00
0.00000000e+00 1.03473287e-01 1.01099602e+00
0.00000000e+00 1.15294597e-01 1.08275303e+00
0.00000000e+00 1.20337732e-01 1.08192222e+00
0.00000000e+00 1.08516422e-01 1.01016521e+00
0.00000000e+00 1.08516422e-01 1.01016521e+00
0.00000000e+00 1.20337732e-01 1.08192222e+00
0.00000000e+00 1.25380867e-01 1.08109141e+00
0.00000000e+00 1.13559557e-01 1.00933440e+00
0.00000000e+00 1.13559557e-01 1.00933440e+00
0.00000000e+00 1.25380867e-01 1.08109141e+00
0.00000000e+00 1.30424002e-01 1.08026060e+00
0.00000000e+00 1.18602692e-01 1.00850359e+00
0.00000000e+00 1.18602692e-01 1.00850359e+00
0.00000000e+00 1.30424002e-01 1.08026060e+00
0.00000000e+00 1.35467138e-01 1.07942978e+00
0.00000000e+00 1.23645828e-01 1.00767277e+00
0.00000000e+00 1.23645828e-01 1.00767277e+00
0.00000000e+00 1.35467138e-01 1.07942978e+00
0.00000000e+00 1.40510273e-01 1.07859897e+00
0.00000000e+00 1.28688963e-01 1.00684196e+00
0.00000000e+00 1.28688963e-01 1.00684196e+00
0.00000000e+00 1.40510273e-01 1.07859897e+00
0.00000000e+00 1.45553408e-01 1.07776816e+00
0.00000000e+00 1.33732098e-01 1.00601115e+00
0.00000000e+00 1.33732098e-01 1.00601115e+00
0.00000000e+00 1.45553408e-01 1.07776816e+00
0.00000000e+00 1.50596543e-01 1.07693735e+00
0.00000000e+00 1.38775233e-01 1.00518034e+00
0.00000000e+00 1.38775233e-01 1.00518034e+00
0.00000000e+00 1.50596543e-01 1.07693735e+00
0.00000000e+00 1.55639678e-01 1.07610654e+00
0.00000000e+00 1.43818368e-01 1.00434953e+00
0.00000000e+00 1.10251462e-01 1.08358384e+00
0.00000000e+00 1.22072772e-01 1.15534085e+00
0.00000000e+00 1.27115907e-01 1.15451004e+00
0.00000000e+00 1.15294597e-01 1.08275303e+00
0.00000000e+00 1.15294597e-01 1.08275303e+00
0.00000000e+00 1.27115907e-01 1.15451004e+00
0.00000000e+00 1.32159042e-01 1.15367923e+00
0.00000000e+00 1.20337732e-01 1.08192222e+00
0.00000000e+00 1.20337732e-01 1.08192222e+00
0.00000000e+00 1.32159042e-01 1.15367923e+00
0.00000000e+00 1.37202177e-01 1.15284842e+00
0.00000000e+00 1.25380867e-01 1.08109141e+00
0.00000000e+00 1.25380867e-01 1.08109141e+00
0.00000000e+00 1.37202177e-01 1.15284842e+00
0.00000000e+00 1.42245312e-01 1.15201761e+00
0.00000000e+00 1.30424002e-01 1.08026060e+00
0.00000000e+00 1.30424002e-01 1.08026060e+00
0.00000000e+00 1.42245312e-01 1.15201761e+00
0.00000000e+00 1.47288448e-01 1.15118679e+00
0.00000000e+00 1.35467138e-01 1.07942978e+00
0.00000000e+00 1.35467138e-01 1.07942978e+00
0.00000000e+00 1.47288448e-01 1.15118679e+00
0.00000000e+00 1.52331583e-01 1.15035598e+00
0.00000000e+00 1.40510273e-01 1.07859897e+00
0.00000000e+00 1.40510273e-01 1.07859897e+00
0.00000000e+00 1.52331583e-01 1.15035598e+00
0.00000000e+00 1.57374718e-01 1.14952517e+00
0.00000000e+00 1.45553408e-01 1.07776816e+00
0.00000000e+00 1.45553408e-01 1.07776816e+00
0.00000000e+00 1.57374718e-01 1.14952517e+00
0.00000000e+00 1.62417853e-01 1.14869436e+00
0.00000000e+00 1.50596543e-01 1.07693735e+00
0.00000000e+00 1.50596543e-01 1.07693735e+00
0.00000000e+00 1.62417853e-01 1.14869436e+00
0.00000000e+00 1.67460988e-01 1.14786355e+00
0.00000000e+00 1.55639678e-01 1.07610654e+00
0.00000000e+00 1.22072772e-01 1.15534085e+00
0.00000000e+00 1.33894082e-01 1.22709786e+00
0.00000000e+00 1.38937217e-01 1.22626705e+00
0.00000000e+00 1.27115907e-01 1.15451004e+00
0.00000000e+00 1.27115907e-01 1.15451004e+00
0.00000000e+00 1.38937217e-01 1.22626705e+00
0.00000000e+00 1.43980352e-01 1.22543624e+00
0.00000000e+00 1.32159042e-01 1.15367923e+00
0.00000000e+00 1.32159042e-01 1.15367923e+00
0.00000000e+00 1.43980352e-01 1.22543624e+00
0.00000000e+00 1.49023487e-01 1.22460543e+00
0.00000000e+00 1.37202177e-01 1.15284842e+00
0.00000000e+00 1.37202177e-01 1.15284842e+00
0.00000000e+00 1.49023487e-01 1.22460543e+00
0.00000000e+00 1.54066622e-01 1.22377462e+00
0.00000000e+00 1.42245312e-01 1.15201761e+00
0.00000000e+00 1.42245312e-01 1.15201761e+00
0.00000000e+00 1.54066622e-01 1.22377462e+00
0.00000000e+00 1.59109758e-01 1.22294380e+00
0.00000000e+00 1.47288448e-01 1.15118679e+00
0.00000000e+00 1.47288448e-01 1.15118679e+00
0.00000000e+00 1.59109758e-01 1.22294380e+00
0.00000000e+00 1.64152893e-01 1.22211299e+00
0.00000000e+00 1.52331583e-01 1.15035598e+00
0.00000000e+00 1.52331583e-01 1.15035598e+00
0.00000000e+00 1.64152893e-01 1.22211299e+00
0.00000000e+00 1.69196028e-01 1.22128218e+00
0.00000000e+00 1.57374718e-01 1.14952517e+00
0.00000000e+00 1.57374718e-01 1.14952517e+00
0.00000000e+00 1.69196028e-01 1.22128218e+00
0.00000000e+00 1.74239163e-01 1.22045137e+00
0.00000000e+00 1.62417853e-01 1.14869436e+00
0.00000000e+00 1.62417853e-01 1.14869436e+00
0.00000000e+00 1.74239163e-01 1.22045137e+00
0.00000000e+00 1.79282298e-01 1.21962056e+00
0.00000000e+00 1.67460988e-01 1.14786355e+00

CELLS 2790 13950
4 0 1 2 3
4 4 5 6 7
4 8 9 10 11
4 12 13 14 15
4 16 17 18 19
4 20 21 22 23
4 24 25 26 27
4 28 29 30 31
4 32 33 34 35
4 36 37 38 39
4 40 41 42 43
4 44 45 46 47
4 48 49 50 51
4 52 53 54 55
4 56 57 58 59
4 60 61 62 63
4 64 65 66 67
4 68 69 70 71
4 72 73 74 75
4 76 77 78 79
4 80 81 82 83
4 84 85 86 87
4 88 89 90 91
4 92 93 94 95
4 96 97 98 99
4 100 101 102 103
4 104 105 106 107
4 108 109 110 111
4 112 113 114 115
4 116 117 118 119
4 120 121 122 123
4 124 125 126 127
4 128 129 130 131
4 132 133 134 135
4 136 137 138 139
4 140 141 142 143
4 144 145 146 147
4 148 149 150 151
4 152 153 154 155
4 156 157 158 159
4 160 161 162 163
4 164 165 166 167
4 168 169 170 171
4 172 173 174 175
4 176 177 178 179
4 180 181 182 183
4 184 185 186 187
4 188 189 190 191
4 192 193 194 195
4 196 197 198 199
4 200 201 202 203
4 204 205 206 207
4 208 209 210 211
4 212 213 214 215
4 216 217 218 219
4 220 221 222 223
4 224 225 226 227
4 228 229 230 231
4 232 233 234 235
4 236 237 238 239
4 240 241 242 243
4 244 245 246 247
4 248 249 250 251
4 252 253 254 255
4 256 257 258 259
4 260 261 262 263
4 264 265 266 267
4 268 269 270 271
4 272 273 274 275
4 276 277 278 279
4 280 281 282 283
4 284 285 286 287
4 288 289 290 291
4 292 293 294 295
4 296 297 298 299
4 300 301 302 303
4 304 305 306 307
4 308 309 310 311
4 312 313 314 315
4 316 317 318 319
4 320 321 322 323
4 324 325 326 327
4 328 329 330 331
4 332 333 334 335
4 336 337 338 339
4 340 341 342 343
4 344 345 346 347
4 348 349 350 351
4 352 353 354 355
4 356 357 358 359
4 360 361 362 363
4 364 365 366 367
4 368 369 370 371
4 372 373 374 375
4 376 377 378 379
4 380 381 382 383
4 384 385 386 387
4 388 389 390 391
4 392 393 394 395
4 396 397 398 399
4 400 401 402 403
4 404 405 406 407
4 408 409 410 411
4 412 413 414 415
4 416 417 418 419
4 420 421 422 423
4 424 425 426 427
4 428 429 430 431
4 432 433 434 435
4 436 437 438 439
4 440 441 442 443
4 444 445 446 447
4 448 449 450 451
4 452 453 454 455
4 456 457 458 459
4 460 461 462 463
4 464 465 466 467
4 468 469 470 471
4 472 473 474 475
4 476 477 478 479
4 480 481 482 483
4 484 485 486 487
4 488 489 490 491
4 492 493 494 495
4 496 497 498 499
4 500 501 502 503
4 504 505 506 507
4 508 509 510 511
4 512 513 514 515
4 516 517 518 519
4 520 521 522 523
4 524 525 526 527
4 528 529 530 531
4 532 533 534 535
4 536 537 538 539
4 540 541 542 543
4 544 545 546 547
4 548 549 550 551
4 552 553 554 555
4 556 557 558 559
4 560 561 562 563
4 564 565 566 567
4 568 569 570 571
4 572 573 574 575
4 576 577 578 579
4 580 581 582 583
4 584 585 586 587
4 588 589 590 591
4 592 593 594 595
4 596 597 598 599
4 600 601 602 603
4 604 605 606 607
4 608 609 610 611
4 612 613 614 615
4 616 617 618 619
4 620 621 622 623
4 624 625 626 627
4 628 629 630 631
4 632 633 634 635
4 636 637 638 639
4 640 641 642 643
4 644 645 646 647
4 648 649 650 651
4 652 653 654 655
4 656 657 658 659
4 660 661 662 663
4 664 665 666 667
4 668 669 670 671
4 672 673 674 675
4 676 677 678 679
4 680 681 682 683
4 684 685 686 687
4 688 689 690 691
4 692 693 694 695
4 696 697 698 699
4 700 701 702 703
4 704 705 706 707
4 708 709 710 711
4 712 713 714 715
4 716 717 718 719
4 720 721 722 723
4 724 725 726 727
4 728 729 730 731
4 732 733 734 735
4 736 737 738 739
4 740 741 742 743
4 744 745 746 747
4 748 749 750 751
4 752 753 754 755
4 756 757 758 759
4 760 761 762 763
4 764 765 766 767
4 768 769 770 771
4 772 773 774 775
4 776 777 778 779
4 780 781 782 783
4 784 785 786 787
4 788 789 790 791
4 792 793 794 795
4 796 797 798 799
4 800 801 802 803
4 804 805 806 807
4 808 809 810 811
4 812 813 814 815
4 816 817 818 819
4 820 821 822 823
4 824 825 826 827
4 828 829 830 831
4 832 833 834 835
4 836 837 838 839
4 840 841 842 843
4 844 845 846 847
4 848 849 850 851
4 852 853 854 855
4 856 857 858 859
4 860 861 862 863
4 864 865 866 867
4 868 869 870 871
4 872 873 874 875
4 876 877 878 879
4 880 881 882 883
4 884 885 886 887
4 888 889 890 891
4 892 893 894 895
4 896 897 898 899
4 900 901 902 903
4 904 905 906 907
4 908 909 910 911
4 912 913 914 915
4 916 917 918 919
4 920 921 922 923
4 924 925 926 927
4 928 929 930 931
4 932 933 934 935
4 936 937 938 939
4 940 941 942 943
4 944 945 946 947
4 948 949 950 951
4 952 953 954 955
4 956 957 958 959
4 960 961 962 963
4 964 965 966 967
4 968 969 970 971
4 972 973 974 975
4 976 977 978 979
4 980 981 982 983
4 984 985 986 987
4 988 989 990 991
4 992 993 994 995
4 996 997 998 999
4 1000 1001 1002 1003
4 1004 1005 1006 1007
4 1008 1009 1010 1011
4 1012 1013 1014 1015
4 1016 1017 1018 1019
4 1020 1021 1022 1023
4 1024 1025 1026 1027
4 1028 1029 1030 1031
4 1032 1033 1034 1035
4 1036 1037 1038 1039
4 1040 1041 1042 1043
4 1044 1045 1046 1047
4 1048 1049 1050 1051
4 1052 1053 1054 1055
4 1056 1057 1058 1059
4 1060 1061 1062 1063
4 1064 1065 1066 1067
4 1068 1069 1070 1071
4 1072 1073 1074 1075
4 1076 1077 1078 1079
4 1080 1081 1082 1083
4 1084 1085 1086 1087
4 1088 1089 1090 1091
4 1092 1093 1094 1095
4 1096 1097 1098 1099
4 1100 1101 1102 1103
4 1104 1105 1106 1107
4 1108 1109 1110 1111
4 1112 1113 1114 1115
4 1116 1117 1118 1119
4 1120 1121 1122 1123
4 1124 1125 1126 1127
4 1128 1129 1130 1131
4 1132 1133 1134 1135
4 1136 1137 1138 1139
4 1140 1141 1142 1143
4 1144 1145 1146 1147
4 1148 1149 1150 1151
4 1152 1153 1154 1155
4 1156 1157 1158 1159
4 1160 1161 1162 1163
4 1164 1165 1166 1167
4 1168 1169 1170 1171
4 1172 1173 1174 1175
4 1176 1177 1178 1179
4 1180 1181 1182 1183
4 1184 1185 1186 1187
4 1188 1189 1190 1191
4 1192 1193 1194 1195
4 1196 1197 1198 1199
4 1200 1201 1202 1203
4 1204 1205 1206 1207
4 1208 1209 1210 1211
4 1212 1213 1214 1215
4 1216 1217 1218 1219
4 1220 1221 1222 1223
4 1224 1225 1226 1227
4 1228 1229 1230 1231
4 1232 1233 1234 1235
4 1236 1237 1238 1239
4 1240 1241 1242 1243
4 1244 1245 1246 1247
4 1248 1249 1250 1251
4 1252 1253 1254 1255
4 1256 1257 1258 1259
4 1260 1261 1262 1263
4 1264 1265 1266 1267
4 1268 1269 1270 1271
4 1272 1273 1274 1275
4 1276 1277 1278 1279
4 1280 1281 1282 1283
4 1284 1285 1286 1287
4 1288 1289 1290 1291
4 1292 1293 1294 1295
4 1296 1297 1298 1299
4 1300 1301 1302 1303
4 1304 1305 1306 1307
4 1308 1309 1310 1311
4 1312 1313 1314 1315
4 1316 1317 1318 1319
4 1320 1321 1322 1323
4 1324 1325 1326 1327
4 1328 1329 1330 1331
4 1332 1333 1334 1335
4 1336 1337 1338 1339
4 1340 1341 1342 1343
4 1344 1345 1346 1347
4 1348 1349 1350 1351
4 1352 1353 1354 1355
4 1356 1357 1358 1359
4 1360 1361 1362 1363
4 1364 1365 1366 1367
4 1368 1369 1370 1371
4 1372 1373 1374 1375
4 1376 1377 1378 1379
4 1380 1381 1382 1383
4 1384 1385 1386 1387
4 1388 1389 1390 1391
4 1392 1393 1394 1395
4 1396 1397 1398 1399
4 1400 1401 1402 1403
4 1404 1405 1406 1407
4 1408 1409 1410 1411
4 1412 1413 1414 1415
4 1416 1417 1418 1419
4 1420 1421 1422 1423
4 1424 1425 1426 1427
4 1428 1429 1430 1431
4 1432 1433 1434 1435
4 1436 1437 1438 1439
4 1440 1441 1442 1443
4 1444 1445 1446 1447
4 1448 1449 1450 1451
4 1452 1453 1454 1455
4 1456 1457 1458 1459
4 1460 1461 1462 1463
4 1464 1465 1466 1467
4 1468 1469 1470 1471
4 1472 1473 1474 1475
4 1476 1477 1478 1479
4 1480 1481 1482 1483
4 1484 1485 1486 1487
4 1488 1489 1490 1491
4 1492 1493 1494 1495
4 1496 1497 1498 1499
4 1500 1501 1502 1503
4 1504 1505 1506 1507
4 1508 1509 1510 1511
4 1512 1513 1514 1515
4 1516 1517 1518 1519
4 1520 1521 1522 1523
4 1524 1525 1526 1527
4 1528 1529 1530 1531
4 1532 1533 1534 1535
4 1536 1537 1538 1539
4 1540 1541 1542 1543
4 1544 1545 1546 1547
4 1548 1549 1550 1551
4 1552 1553 1554 1555
4 1556 1557 1558 1559
4 1560 1561 1562 1563
4 1564 1565 1566 1567
4 1568 1569 1570 1571
4 1572 1573 1574 1575
4 1576 1577 1578 1579
4 1580 1581 1582 1583
4 1584 1585 1586 1587
4 1588 1589 1590 1591
4 1592 1593 1594 1595
4 1596 1597 1598 1599
4 1600 1601 1602 1603
4 1604 1605 1606 1607
4 1608 1609 1610 1611
4 1612 1613 1614 1615
4 1616 1617 1618 1619
4 1620 1621 1622 1623
4 1624 1625 1626 1627
4 1628 1629 1630 1631
4 1632 1633 1634 1635
4 1636 1637 1638 1639
4 1640 1641 1642 1643
4 1644 1645 1646 1647
4 1648 1649 1650 1651
4 1652 1653 1654 1655
4 1656 1657 1658 1659
4 1660 1661 1662 1663
4 1664 1665 1666 1667
4 1668 1669 1670 1671
4 1672 1673 1674 1675
4 1676 1677 1678 1679
4 1680 1681 1682 1683
4 1684 1685 1686 1687
4 1688 1689 1690 1691
4 1692 1693 1694 1695
4 1696 1697 1698 1699
4 1700 1701 1702 1703
4 1704 1705 1706 1707
4 1708 1709 1710 1711
4 1712 1713 1714 1715
4 1716 1717 1718 1719
4 1720 1721 1722 1723
4 1724 1725 1726 1727
4 1728 1729 1730 1731
4 1732 1733 1734 1735
4 1736 1737 1738 1739
4 1740 1741 1742 1743
4 1744 1745 1746 1747
4 1748 1749 1750 1751
4 1752 1753 1754 1755
4 1756 1757 1758 1759
4 1760 1761 1762 1763
4 1764 1765 1766 1767
4 1768 1769 1770 1771
4 1772 1773 1774 1775
4 1776 1777 1778 1779
4 1780 1781 1782 1783
4 1784 1785 1786 1787
4 1788 1789 1790 1791
4 1792 1793 1794 1795
4 1796 1797 1798 1799
4 1800 1801 1802 1803
4 1804 1805 1806 1807
4 1808 1809 1810 1811
4 1812 1813 1814 1815
4 1816 1817 1818 1819
4 1820 1821 1822 1823
4 1824 1825 1826 1827
4 1828 1829 1830 1831
4 1832 1833 1834 1835
4 1836 1837 1838 1839
4 1840 1841 1842 1843
4 1844 1845 1846 1847
4 1848 1849 1850 1851
4 1852 1853 1854 1855
4 1856 1857 1858 1859
4 1860 1861 1862 1863
4 1864 1865 1866 1867
4 1868 1869 1870 1871
4 1872 1873 1874 1875
4 1876 1877 1878 1879
4 1880 1881 1882 1883
4 1884 1885 1886 1887
4 1888 1889 1890 1891
4 1892 1893 1894 1895
4 1896 1897 1898 1899
4 1900 1901 1902 1903
4 1904 1905 1906 1907
4 1908 1909 1910 1911
4 1912 1913 1914 1915
4 1916 1917 1918 1919
4 1920 1921 1922 1923
4 1924 1925 1926 1927
4 1928 1929 1930 1931
4 1932 1933 1934 1935
4 1936 1937 1938 1939
4 1940 1941 1942 1943
4 1944 1945 1946 1947
4 1948 1949 1950 1951
4 1952 1953 1954 1955
4 1956 1957 1958 1959
4 1960 1961 1962 1963
4 1964 1965 1966 1967
4 1968 1969 1970 1971
4 1972 1973 1974 1975
4 1976 1977 1978 1979
4 1980 1981 1982 1983
4 1984 1985 1986 1987
4 1988 1989 1990 1991
4 1992 1993 1994 1995
4 1996 1997 1998 1999
4 2000 2001 2002 2003
4 2004 2005 2006 2007
4 2008 2009 2010 2011
4 2012 2013 2014 2015
4 2016 2017 2018 2019
4 2020 2021 2022 2023
4 2024 2025 2026 2027
4 2028 2029 2030 2031
4 2032 2033 2034 2035
4 2036 2037 2038 2039
4 2040 2041 2042 2043
4 2044 2045 2046 2047
4 2048 2049 2050 2051
4 2052 2053 2054 2055
4 2056 2057 2058 2059
4 2060 2061 2062 2063
4 2064 2065 2066 2067
4 2068 2069 2070 2071
4 2072 2073 2074 2075
4 2076 2077 2078 2079
4 2080 2081 2082 2083
4 2084 2085 2086 2087
4 2088 2089 2090 2091
4 2092 2093 2094 2095
4 2096 2097 2098 2099
4 2100 2101 2102 2103
4 2104 2105 2106 2107
4 2108 2109 2110 2111
4 2112 2113 2114 2115
4 2116 2117 2118 2119
4 2120 2121 2122 2123
4 2124 2125 2126 2127
4 2128 2129 2130 2131
4 2132 2133 2134 2135
4 2136 2137 2138 2139
4 2140 2141 2142 2143
4 2144 2145 2146 2147
4 2148 2149 2150 2151
4 2152 2153 2154 2155
4 2156 2157 2158 2159
4 2160 2161 2162 2163
4 2164 2165 2166 2167
4 2168 2169 2170 2171
4 2172 2173 2174 2175
4 2176 2177 2178 2179
4 2180 2181 2182 2183
4 2184 2185 2186 2187
4 2188 2189 2190 2191
4 2192 2193 2194 2195
4 2196 2197 2198 2199
4 2200 2201 2202 2203
4 2204 2205 2206 2207
4 2208 2209 2210 2211
4 2212 2213 2214 2215
4 2216 2217 2218 2219
4 2220 2221 2222 2223
4 2224 2225 2226 2227
4 2228 2229 2230 2231
4 2232 2233 2234 2235
4 2236 2237 2238 2239
4 2240 2241 2242 2243
4 2244 2245 2246 2247
4 2248 2249 2250 2251
4 2252 2253 2254 2255
4 2256 2257 2258 2259
4 2260 2261 2262 2263
4 2264 2265 2266 2267
4 2268 2269 2270 2271
4 2272 2273 2274 2275
4 2276 2277 2278 2279
4 2280 2281 2282 2283
4 2284 2285 2286 2287
4 2288 2289 2290 2291
4 2292 2293 2294 2295
4 2296 2297 2298 2299
4 2300 2301 2302 2303
4 2304 2305 2306 2307
4 2308 2309 2310 2311
4 2312 2313 2314 2315
4 2316 2317 2318 2319
4 2320 2321 2322 2323
4 2324 2325 2326 2327
4 2328 2329 2330 2331
4 2332 2333 2334 2335
4 2336 2337 2338 2339
4 2340 2341 2342 2343
4 2344 2345 2346 2347
4 2348 2349 2350 2351
4 2352 2353 2354 2355
4 2356 2357 2358 2359
4 2360 2361 2362 2363
4 2364 2365 2366 2367
4 2368 2369 2370 2371
4 2372 2373 2374 2375
4 2376 2377 2378 2379
4 2380 2381 2382 2383
4 2384 2385 2386 2387
4 2388 2389 2390 2391
4 2392 2393 2394 2395
4 2396 2397 2398 2399
4 2400 2401 2402 2403
4 2404 2405 2406 2407
4 2408 2409 2410 2411
4 2412 2413 2414 2415
4 2416 2417 2418 2419
4 2420 2421 2422 2423
4 2424 2425 2426 2427
4 2428 2429 2430 2431
4 2432 2433 2434 2435
4 2436 2437 2438 2439
4 2440 2441 2442 2443
4 2444 2445 2446 2447
4 2448 2449 2450 2451
4 2452 2453 2454 2455
4 2456 2457 2458 2459
4 2460 2461 2462 2463
4 2464 2465 2466 2467
4 2468 2469 2470 2471
4 2472 2473 2474 2475
4 2476 2477 2478 2479
4 2480 2481 2482 2483
4 2484 2485 2486 2487
4 2488 2489 2490 2491
4 2492 2493 2494 2495
4 2496 2497 2498 2499
4 2500 2501 2502 2503
4 2504 2505 2506 2507
4 2508 2509 2510 2511
4 2512 2513 2514 2515
4 2516 2517 2518 2519
4 2520 2521 2522 2523
4 2524 2525 2526 2527
4 2528 2529 2530 2531
4 2532 2533 2534 2535
4 2536 2537 2538 2539
4 2540 2541 2542 2543
4 2544 2545 2546 2547
4 2548 2549 2550 2551
4 2552 2553 2554 2555
4 2556 2557 2558 2559
4 2560 2561 2562 2563
4 2564 2565 2566 2567
4 2568 2569 2570 2571
4 2572 2573 2574 2575
4 2576 2577 2578 2579
4 2580 2581 2582 2583
4 2584 2585 2586 2587
4 2588 2589 2590 2591
4 2592 2593 2594 2595
4 2596 2597 2598 2599
4 2600 2601 2602 2603
4 2604 2605 2606 2607
4 2608 2609 2610 2611
4 2612 2613 2614 2615
4 2616 2617 2618 2619
4 2620 2621 2622 2623
4 2624 2625 2626 2627
4 2628 2629 2630 2631
4 2632 2633 2634 2635
4 2636 2637 2638 2639
4 2640 2641 2642 2643
4 2644 2645 2646 2647
4 2648 2649 2650 2651
4 2652 2653 2654 2655
4 2656 2657 2658 2659
4 2660 2661 2662 2663
4 2664 2665 2666 2667
4 2668 2669 2670 2671
4 2672 2673 2674 2675
4 2676 2677 2678 2679
4 2680 2681 2682 2683
4 2684 2685 2686 2687
4 2688 2689 2690 2691
4 2692 2693 2694 2695
4 2696 2697 2698 2699
4 2700 2701 2702 2703
4 2704 2705 2706 2707
4 2708 2709 2710 2711
4 2712 2713 2714 2715
4 2716 2717 2718 2719
4 2720 2721 2722 2723
4 2724 2725 2726 2727
4 2728 2729 2730 2731
4 2732 2733 2734 2735
4 2736 2737 2738 2739
4 2740 2741 2742 2743
4 2744 2745 2746 2747
4 2748 2749 2750 2751
4 2752 2753 2754 2755
4 2756 2757 2758 2759
4 2760 2761 2762 2763
4 2764 2765 2766 2767
4 2768 2769 2770 2771
4 2772 2773 2774 2775
4 2776 2777 2778 2779
4 2780 2781 2782 2783
4 2784 2785 2786 2787
4 2788 2789 2790 2791
4 2792 2793 2794 2795
4 2796 2797 2798 2799
4 2800 2801 2802 2803
4 2804 2805 2806 2807
4 2808 2809 2810 2811
4 2812 2813 2814 2815
4 2816 2817 2818 2819
4 2820 2821 2822 2823
4 2824 2825 2826 2827
4 2828 2829 2830 2831
4 2832 2833 2834 2835
4 2836 2837 2838 2839
4 2840 2841 2842 2843
4 2844 2845 2846 2847
4 2848 2849 2850 2851
4 2852 2853 2854 2855
4 2856 2857 2858 2859
4 2860 2861 2862 2863
4 2864 2865 2866 2867
4 2868 2869 2870 2871
4 2872 2873 2874 2875
4 2876 2877 2878 2879
4 2880 2881 2882 2883
4 2884 2885 2886 2887
4 2888 2889 2890 2891
4 2892 2893 2894 2895
4 2896 2897 2898 2899
4 2900 2901 2902 2903
4 2904 2905 2906 2907
4 2908 2909 2910 2911
4 2912 2913 2914 2915
4 2916 2917 2918 2919
4 2920 2921 2922 2923
4 2924 2925 2926 2927
4 2928 2929 2930 2931
4 2932 2933 2934 2935
4 2936 2937 2938 2939
4 2940 2941 2942 2943
4 2944 2945 2946 2947
4 2948 2949 2950 2951
4 2952 2953 2954 2955
4 2956 2957 2958 2959
4 2960 2961 2962 2963
4 2964 2965 2966 2967
4 2968 2969 2970 2971
4 2972 2973 2974 2975
4 2976 2977 2978 2979
4 2980 2981 2982 2983
4 2984 2985 2986 2987
4 2988 2989 2990 2991
4 2992 2993 2994 2995
4 2996 2997 2998 2999
4 3000 3001 3002 3003
4 3004 3005 3006 3007
4 3008 3009 3010 3011
4 3012 3013 3014 3015
4 3016 3017 3018 3019
4 3020 3021 3022 3023
4 3024 3025 3026 3027
4 3028 3029 3030 3031
4 3032 3033 3034 3035
4 3036 3037 3038 3039
4 3040 3041 3042 3043
4 3044 3045 3046 3047
4 3048 3049 3050 3051
4 3052 3053 3054 3055
4 3056 3057 3058 3059
4 3060 3061 3062 3063
4 3064 3065 3066 3067
4 3068 3069 3070 3071
4 3072 3073 3074 3075
4 3076 3077 3078 3079
4 3080 3081 3082 3083
4 3084 3085 3086 3087
4 3088 3089 3090 3091
4 3092 3093 3094 3095
4 3096 3097 3098 3099
4 3100 3101 3102 3103
4 3104 3105 3106 3107
4 3108 3109 3110 3111
4 3112 3113 3114 3115
4 3116 3117 3118 3119
4 3120 3121 3122 3123
4 3124 3125 3126 3127
4 3128 3129 3130 3131
4 3132 3133 3134 3135
4 3136 3137 3138 3139
4 3140 3141 3142 3143
4 3144 3145 3146 3147
4 3148 3149 3150 3151
4 3152 3153 3154 3155
4 3156 3157 3158 3159
4 3160 3161 3162 3163
4 3164 3165 3166 3167
4 3168 3169 3170 3171
4 3172 3173 3174 3175
4 3176 3177 3178 3179
4 3180 3181 3182 3183
4 3184 3185 3186 3187
4 3188 3189 3190 3191
4 3192 3193 3194 3195
4 3196 3197 3198 3199
4 3200 3201 3202 3203
4 3204 3205 3206 3207
4 3208 3209 3210 3211
4 3212 3213 3214 3215
4 3216 3217 3218 3219
4 3220 3221 3222 3223
4 3224 3225 3226 3227
4 3228 3229 3230 3231
4 3232 3233 3234 3235
4 3236 3237 3238 3239
4 3240 3241 3242 3243
4 3244 3245 3246 3247
4 3248 3249 3250 3251
4 3252 3253 3254 3255
4 3256 3257 3258 3259
4 3260 3261 3262 3263
4 3264 3265 3266 3267
4 3268 3269 3270 3271
4 3272 3273 3274 3275
4 3276 3277 3278 3279
4 3280 3281 3282 3283
4 3284 3285 3286 3287
4 3288 3289 3290 3291
4 3292 3293 3294 3295
4 3296 3297 3298 3299
4 3300 3301 3302 3303
4 3304 3305 3306 3307
4 3308 3309 3310 3311
4 3312 3313 3314 3315
4 3316 3317 3318 3319
4 3320 3321 3322 3323
4 3324 3325 3326 3327
4 3328 3329 3330 3331
4 3332 3333 3334 3335
4 3336 3337 3338 3339
4 3340 3341 3342 3343
4 3344 3345 3346 3347
4 3348 3349 3350 3351
4 3352 3353 3354 3355
4 3356 3357 3358 3359
4 3360 3361 3362 3363
4 3364 3365 3366 3367
4 3368 3369 3370 3371
4 3372 3373 3374 3375
4 3376 3377 3378 3379
4 3380 3381 3382 3383
4 3384 3385 3386 3387
4 3388 3389 3390 3391
4 3392 3393 3394 3395
4 3396 3397 3398 3399
4 3400 3401 3402 3403
4 3404 3405 3406 3407
4 3408 3409 3410 3411
4 3412 3413 3414 3415
4 3416 3417 3418 3419
4 3420 3421 3422 3423
4 3424 3425 3426 3427
4 3428 3429 3430 3431
4 3432 3433 3434 3435
4 3436 3437 3438 3439
4 3440 3441 3442 3443
4 3444 3445 3446 3447
4 3448 3449 3450 3451
4 3452 3453 3454 3455
4 3456 3457 3458 3459
4 3460 3461 3462 3463
4 3464 3465 3466 3467
4 3468 3469 3470 3471
4 3472 3473 3474 3475
4 3476 3477 3478 3479
4 3480 3481 3482 3483
4 3484 3485 3486 3487
4 3488 3489 3490 3491
4 3492 3493 3494 3495
4 3496 3497 3498 3499
4 3500 3501 3502 3503
4 3504 3505 3506 3507
4 3508 3509 3510 3511
4 3512 3513 3514 3515
4 3516 3517 3518 3519
4 3520 3521 3522 3523
4 3524 3525 3526 3527
4 3528 3529 3530 3531
4 3532 3533 3534 3535
4 3536 3537 3538 3539
4 3540 3541 3542 3543
4 3544 3545 3546 3547
4 3548 3549 3550 3551
4 3552 3553 3554 3555
4 3556 3557 3558 3559
4 3560 3561 3562 3563
4 3564 3565 3566 3567
4 3568 3569 3570 3571
4 3572 3573 3574 3575
4 3576 3577 3578 3579
4 3580 3581 3582 3583
4 3584 3585 3586 3587
4 3588 3589 3590 3591
4 3592 3593 3594 3595
4 3596 3597 3598 3599
4 3600 3601 3602 3603
4 3604 3605 3606 3607
4 3608 3609 3610 3611
4 3612 3613 3614 3615
4 3616 3617 3618 3619
4 3620 3621 3622 3623
4 3624 3625 3626 3627
4 3628 3629 3630 3631
4 3632 3633 3634 3635
4 3636 3637 3638 3639
4 3640 3641 3642 3643
4 3644 3645 3646 3647
4 3648 3649 3650 3651
4 3652 3653 3654 3655
4 3656 3657 3658 3659
4 3660 3661 3662 3663
4 3664 3665 3666 3667
4 3668 3669 3670 3671
4 3672 3673 3674 3675
4 3676 3677 3678 3679
4 3680 3681 3682 3683
4 3684 3685 3686 3687
4 3688 3689 3690 3691
4 3692 3693 3694 3695
4 3696 3697 3698 3699
4 3700 3701 3702 3703
4 3704 3705 3706 3707
4 3708 3709 3710 3711
4 3712 3713 3714 3715
4 3716 3717 3718 3719
4 3720 3721 3722 3723
4 3724 3725 3726 3727
4 3728 3729 3730 3731
4 3732 3733 3734 3735
4 3736 3737 3738 3739
4 3740 3741 3742 3743
4 3744 3745 3746 3747
4 3748 3749 3750 3751
4 3752 3753 3754 3755
4 3756 3757 3758 3759
4 3760 3761 3762 3763
4 3764 3765 3766 3767
4 3768 3769 3770 3771
4 3772 3773 3774 3775
4 3776 3777 3778 3779
4 3780 3781 3782 3783
4 3784 3785 3786 3787
4 3788 3789 3790 3791
4 3792 3793 3794 3795
4 3796 3797 3798 3799
4 3800 3801 3802 3803
4 3804 3805 3806 3807
4 3808 3809 3810 3811
4 3812 3813 3814 3815
4 3816 3817 3818 3819
4 3820 3821 3822 3823
4 3824 3825 3826 3827
4 3828 3829 3830 3831
4 3832 3833 3834 3835
4 3836 3837 3838 3839
4 3840 3841 3842 3843
4 3844 3845 3846 3847
4 3848 3849 3850 3851
4 3852 3853 3854 3855
4 3856 3857 3858 3859
4 3860 3861 3862 3863
4 3864 3865 3866 3867
4 3868 3869 3870 3871
4 3872 3873 3874 3875
4 3876 3877 3878 3879
4 3880 3881 3882 3883
4 3884 3885 3886 3887
4 3888 3889 3890 3891
4 3892 3893 3894 3895
4 3896 3897 3898 3899
4 3900 3901 3902 3903
4 3904 3905 3906 3907
4 3908 3909 3910 3911
4 3912 3913 3914 3915
4 3916 3917 3918 3919
4 3920 3921 3922 3923
4 3924 3925 3926 3927
4 3928 3929 3930 3931
4 3932 3933 3934 3935
4 3936 3937 3938 3939
4 3940 3941 3942 3943
4 3944 3945 3946 3947
4 3948 3949 3950 3951
4 3952 3953 3954 3955
4 3956 3957 3958 3959
4 3960 3961 3962 3963
4 3964 3965 3966 3967
4 3968 3969 3970 3971
4 3972 3973 3974 3975
4 3976 3977 3978 3979
4 3980 3981 3982 3983
4 3984 3985 3986 3987
4 3988 3989 3990 3991
4 3992 3993 3994 3995
4 3996 3997 3998 3999
4 4000 4001 4002 4003
4 4004 4005 4006 4007
4 4008 4009 4010 4011
4 4012 4013 4014 4015
4 4016 4017 4018 4019
4 4020 4021 4022 4023
4 4024 4025 4026 4027
4 4028 4029 4030 4031
4 4032 4033 4034 4035
4 4036 4037 4038 4039
4 4040 4041 4042 4043
4 4044 4045 4046 4047
4 4048 4049 4050 4051
4 4052 4053 4054 4055
4 4056 4057 4058 4059
4 4060 4061 4062 4063
4 4064 4065 4066 4067
4 4068 4069 4070 4071
4 4072 4073 4074 4075
4 4076 4077 4078 4079
4 4080 4081 4082 4083
4 4084 4085 4086 4087
4 4088 4089 4090 4091
4 4092 4093 4094 4095
4 4096 4097 4098 4099
4 4100 4101 4102 4103
4 4104 4105 4106 4107
4 4108 4109 4110 4111
4 4112 4113 4114 4115
4 4116 4117 4118 4119
4 4120 4121 4122 4123
4 4124 4125 4126 4127
4 4128 4129 4130 4131
4 4132 4133 4134 4135
4 4136 4137 4138 4139
4 4140 4141 4142 4143
4 4144 4145 4146 4147
4 4148 4149 4150 4151
4 4152 4153 4154 4155
4 4156 4157 4158 4159
4 4160 4161 4162 4163
4 4164 4165 4166 4167
4 4168 4169 4170 4171
4 4172 4173 4174 4175
4 4176 4177 4178 4179
4 4180 4181 4182 4183
4 4184 4185 4186 4187
4 4188 4189 4190 4191
4 4192 4193 4194 4195
4 4196 4197 4198 4199
4 4200 4201 4202 4203
4 4204 4205 4206 4207
4 4208 4209 4210 4211
4 4212 4213 4214 4215
4 4216 4217 4218 4219
4 4220 4221 4222 4223
4 4224 4225 4226 4227
4 4228 4229 4230 4231
4 4232 4233 4234 4235
4 4236 4237 4238 4239
4 4240 4241 4242 4243
4 4244 4245 4246 4247
4 4248 4249 4250 4251
4 4252 4253 4254 4255
4 4256 4257 4258 4259
4 4260 4261 4262 4263
4 4264 4265 4266 4267
4 4268 4269 4270 4271
4 4272 4273 4274 4275
4 4276 4277 4278 4279
4 4280 4281 4282 4283
4 4284 4285 4286 4287
4 4288 4289 4290 4291
4 4292 4293 4294 4295
4 4296 4297 4298 4299
4 4300 4301 4302 4303
4 4304 4305 4306 4307
4 4308 4309 4310 4311
4 4312 4313 4314 4315
4 4316 4317 4318 4319
4 4320 4321 4322 4323
4 4324 4325 4326 4327
4 4328 4329 4330 4331
4 4332 4333 4334 4335
4 4336 4337 4338 4339
4 4340 4341 4342 4343
4 4344 4345 4346 4347
4 4348 4349 4350 4351
4 4352 4353 4354 4355
4 4356 4357 4358 4359
4 4360 4361 4362 4363
4 4364 4365 4366 4367
4 4368 4369 4370 4371
4 4372 4373 4374 4375
4 4376 4377 4378 4379
4 4380 4381 4382 4383
4 4384 4385 4386 4387
4 4388 4389 4390 4391
4 4392 4393 4394 4395
4 4396 4397 4398 4399
4 4400 4401 4402 4403
4 4404 4405 4406 4407
4 4408 4409 4410 4411
4 4412 4413 4414 4415
4 4416 4417 4418 4419
4 4420 4421 4422 4423
4 4424 4425 4426 4427
4 4428 4429 4430 4431
4 4432 4433 4434 4435
4 4436 4437 4438 4439
4 4440 4441 4442 4443
4 4444 4445 4446 4447
4 4448 4449 4450 4451
4 4452 4453 4454 4455
4 4456 4457 4458 4459
4 4460 4461 4462 4463
4 4464 4465 4466 4467
4 4468 4469 4470 4471
4 4472 4473 4474 4475
4 4476 4477 4478 4479
4 4480 4481 4482 4483
4 4484 4485 4486 4487
4 4488 4489 4490 4491
4 4492 4493 4494 4495
4 4496 4497 4498 4499
4 4500 4501 4502 4503
4 4504 4505 4506 4507
4 4508 4509 4510 4511
4 4512 4513 4514 4515
4 4516 4517 4518 4519
4 4520 4521 4522 4523
4 4524 4525 4526 4527
4 4528 4529 4530 4531
4 4532 4533 4534 4535
4 4536 4537 4538 4539
4 4540 4541 4542 4543
4 4544 4545 4546 4547
4 4548 4549 4550 4551
4 4552 4553 4554 4555
4 4556 4557 4558 4559
4 4560 4561 4562 4563
4 4564 4565 4566 4567
4 4568 4569 4570 4571
4 4572 4573 4574 4575
4 4576 4577 4578 4579
4 4580 4581 4582 4583
4 4584 4585 4586 4587
4 4588 4589 4590 4591
4 4592 4593 4594 4595
4 4596 4597 4598 4599
4 4600 4601 4602 4603
4 4604 4605 4606 4607
4 4608 4609 4610 4611
4 4612 4613 4614 4615
4 4616 4617 4618 4619
4 4620 4621 4622 4623
4 4624 4625 4626 4627
4 4628 4629 4630 4631
4 4632 4633 4634 4635
4 4636 4637 4638 4639
4 4640 4641 4642 4643
4 4644 4645 4646 4647
4 4648 4649 4650 4651
4 4652 4653 4654 4655
4 4656 4657 4658 4659
4 4660 4661 4662 4663
4 4664 4665 4666 4667
4 4668 4669 4670 4671
4 4672 4673 4674 4675
4 4676 4677 4678 4679
4 4680 4681 4682 4683
4 4684 4685 4686 4687
4 4688 4689 4690 4691
4 4692 4693 4694 4695
4 4696 4697 4698 4699
4 4700 4701 4702 4703
4 4704 4705 4706 4707
4 4708 4709 4710 4711
4 4712 4713 4714 4715
4 4716 4717 4718 4719
4 4720 4721 4722 4723
4 4724 4725 4726 4727
4 4728 4729 4730 4731
4 4732 4733 4734 4735
4 4736 4737 4738 4739
4 4740 4741 4742 4743
4 4744 4745 4746 4747
4 4748 4749 4750 4751
4 4752 4753 4754 4755
4 4756 4757 4758 4759
4 4760 4761 4762 4763
4 4764 4765 4766 4767
4 4768 4769 4770 4771
4 4772 4773 4774 4775
4 4776 4777 4778 4779
4 4780 4781 4782 4783
4 4784 4785 4786 4787
4 4788 4789 4790 4791
4 4792 4793 4794 4795
4 4796 4797 4798 4799
4 4800 4801 4802 4803
4 4804 4805 4806 4807
4 4808 4809 4810 4811
4 4812 4813 4814 4815
4 4816 4817 4818 4819
4 4820 4821 4822 4823
4 4824 4825 4826 4827
4 4828 4829 4830 4831
4 4832 4833 4834 4835
4 4836 4837 4838 4839
4 4840 4841 4842 4843
4 4844 4845 4846 4847
4 4848 4849 4850 4851
4 4852 4853 4854 4855
4 4856 4857 4858 4859
4 4860 4861 4862 4863
4 4864 4865 4866 4867
4 4868 4869 4870 4871
4 4872 4873 4874 4875
4 4876 4877 4878 4879
4 4880 4881 4882 4883
4 4884 4885 4886 4887
4 4888 4889 4890 4891
4 4892 4893 4894 4895
4 4896 4897 4898 4899
4 4900 4901 4902 4903
4 4904 4905 4906 4907
4 4908 4909 4910 4911
4 4912 4913 4914 4915
4 4916 4917 4918 4919
4 4920 4921 4922 4923
4 4924 4925 4926 4927
4 4928 4929 4930 4931
4 4932 4933 4934 4935
4 4936 4937 4938 4939
4 4940 4941 4942 4943
4 4944 4945 4946 4947
4 4948 4949 4950 4951
4 4952 4953 4954 4955
4 4956 4957 4958 4959
4 4960 4961 4962 4963
4 4964 4965 4966 4967
4 4968 4969 4970 4971
4 4972 4973 4974 4975
4 4976 4977 4978 4979
4 4980 4981 4982 4983
4 4984 4985 4986 4987
4 4988 4989 4990 4991
4 4992 4993 4994 4995
4 4996 4997 4998 4999
4 5000 5001 5002 5003
4 5004 5005 5006 5007
4 5008 5009 5010 5011
4 5012 5013 5014 5015
4 5016 5017 5018 5019
4 5020 5021 5022 5023
4 5024 5025 5026 5027
4 5028 5029 5030 5031
4 5032 5033 5034 5035
4 5036 5037 5038 5039
4 5040 5041 5042 5043
4 5044 5045 5046 5047
4 5048 5049 5050 5051
4 5052 5053 5054 5055
4 5056 5057 5058 5059
4 5060 5061 5062 5063
4 5064 5065 5066 5067
4 5068 5069 5070 5071
4 5072 5073 5074 5075
4 5076 5077 5078 5079
4 5080 5081 5082 5083
4 5084 5085 5086 5087
4 5088 5089 5090 5091
4 5092 5093 5094 5095
4 5096 5097 5098 5099
4 5100 5101 5102 5103
4 5104 5105 5106 5107
4 5108 5109 5110 5111
4 5112 5113 5114 5115
4 5116 5117 5118 5119
4 5120 5121 5122 5123
4 5124 5125 5126 5127
4 5128 5129 5130 5131
4 5132 5133 5134 5135
4 5136 5137 5138 5139
4 5140 5141 5142 5143
4 5144 5145 5146 5147
4 5148 5149 5150 5151
4 5152 5153 5154 5155
4 5156 5157 5158 5159
4 5160 5161 5162 5163
4 5164 5165 5166 5167
4 5168 5169 5170 5171
4 5172 5173 5174 5175
4 5176 5177 5178 5179
4 5180 5181 5182 5183
4 5184 5185 5186 5187
4 5188 5189 5190 5191
4 5192 5193 5194 5195
4 5196 5197 5198 5199
4 5200 5201 5202 5203
4 5204 5205 5206 5207
4 5208 5209 5210 5211
4 5212 5213 5214 5215
4 5216 5217 5218 5219
4 5220 5221 5222 5223
4 5224 5225 5226 5227
4 5228 5229 5230 5231
4 5232 5233 5234 5235
4 5236 5237 5238 5239
4 5240 5241 5242 5243
4 5244 5245 5246 5247
4 5248 5249 5250 5251
4 5252 5253 5254 5255
4 5256 5257 5258 5259
4 5260 5261 5262 5263
4 5264 5265 5266 5267
4 5268 5269 5270 5271
4 5272 5273 5274 5275
4 5276 5277 5278 5279
4 5280 5281 5282 5283
4 5284 5285 5286 5287
4 5288 5289 5290 5291
4 5292 5293 5294 5295
4 5296 5297 5298 5299
4 5300 5301 5302 5303
4 5304 5305 5306 5307
4 5308 5309 5310 5311
4 5312 5313 5314 5315
4 5316 5317 5318 5319
4 5320 5321 5322 5323
4 5324 5325 5326 5327
4 5328 5329 5330 5331
4 5332 5333 5334 5335
4 5336 5337 5338 5339
4 5340 5341 5342 5343
4 5344 5345 5346 5347
4 5348 5349 5350 5351
4 5352 5353 5354 5355
4 5356 5357 5358 5359
4 5360 5361 5362 5363
4 5364 5365 5366 5367
4 5368 5369 5370 5371
4 5372 5373 5374 5375
4 5376 5377 5378 5379
4 5380 5381 5382 5383
4 5384 5385 5386 5387
4 5388 5389 5390 5391
4 5392 5393 5394 5395
4 5396 5397 5398 5399
4 5400 5401 5402 5403
4 5404 5405 5406 5407
4 5408 5409 5410 5411
4 5412 5413 5414 5415
4 5416 5417 5418 5419
4 5420 5421 5422 5423
4 5424 5425 5426 5427
4 5428 5429 5430 5431
4 5432 5433 5434 5435
4 5436 5437 5438 5439
4 5440 5441 5442 5443
4 5444 5445 5446 5447
4 5448 5449 5450 5451
4 5452 5453 5454 5455
4 5456 5457 5458 5459
4 5460 5461 5462 5463
4 5464 5465 5466 5467
4 5468 5469 5470 5471
4 5472 5473 5474 5475
4 5476 5477 5478 5479
4 5480 5481 5482 5483
4 5484 5485 5486 5487
4 5488 5489 5490 5491
4 5492 5493 5494 5495
4 5496 5497 5498 5499
4 5500 5501 5502 5503
4 5504 5505 5506 5507
4 5508 5509 5510 5511
4 5512 5513 5514 5515
4 5516 5517 5518 5519
4 5520 5521 5522 5523
4 5524 5525 5526 5527
4 5528 5529 5530 5531
4 5532 5533 5534 5535
4 5536 5537 5538 5539
4 5540 5541 5542 5543
4 5544 5545 5546 5547
4 5548 5549 5550 5551
4 5552 5553 5554 5555
4 5556 5557 5558 5559
4 5560 5561 5562 5563
4 5564 5565 5566 5567
4 5568 5569 5570 5571
4 5572 5573 5574 5575
4 5576 5577 5578 5579
4 5580 5581 5582 5583
4 5584 5585 5586 5587
4 5588 5589 5590 5591
4 5592 5593 5594 5595
4 5596 5597 5598 5599
4 5600 5601 5602 5603
4 5604 5605 5606 5607
4 5608 5609 5610 5611
4 5612 5613 5614 5615
4 5616 5617 5618 5619
4 5620 5621 5622 5623
4 5624 5625 5626 5627
4 5628 5629 5630 5631
4 5632 5633 5634 5635
4 5636 5637 5638 5639
4 5640 5641 5642 5643
4 5644 5645 5646 5647
4 5648 5649 5650 5651
4 5652 5653 5654 5655
4 5656 5657 5658 5659
4 5660 5661 5662 5663
4 5664 5665 5666 5667
4 5668 5669 5670 5671
4 5672 5673 5674 5675
4 5676 5677 5678 5679
4 5680 5681 5682 5683
4 5684 5685 5686 5687
4 5688 5689 5690 5691
4 5692 5693 5694 5695
4 5696 5697 5698 5699
4 5700 5701 5702 5703
4 5704 5705 5706 5707
4 5708 5709 5710 5711
4 5712 5713 5714 5715
4 5716 5717 5718 5719
4 5720 5721 5722 5723
4 5724 5725 5726 5727
4 5728 5729 5730 5731
4 5732 5733 5734 5735
4 5736 5737 5738 5739
4 5740 5741 5742 5743
4 5744 5745 5746 5747
4 5748 5749 5750 5751
4 5752 5753 5754 5755
4 5756 5757 5758 5759
4 5760 5761 5762 5763
4 5764 5765 5766 5767
4 5768 5769 5770 5771
4 5772 5773 5774 5775
4 5776 5777 5778 5779
4 5780 5781 5782 5783
4 5784 5785 5786 5787
4 5788 5789 5790 5791
4 5792 5793 5794 5795
4 5796 5797 5798 5799
4 5800 5801 5802 5803
4 5804 5805 5806 5807
4 5808 5809 5810 5811
4 5812 5813 5814 5815
4 5816 5817 5818 5819
4 5820 5821 5822 5823
4 5824 5825 5826 5827
4 5828 5829 5830 5831
4 5832 5833 5834 5835
4 5836 5837 5838 5839
4 5840 5841 5842 5843
4 5844 5845 5846 5847
4 5848 5849 5850 5851
4 5852 5853 5854 5855
4 5856 5857 5858 5859
4 5860 5861 5862 5863
4 5864 5865 5866 5867
4 5868 5869 5870 5871
4 5872 5873 5874 5875
4 5876 5877 5878 5879
4 5880 5881 5882 5883
4 5884 5885 5886 5887
4 5888 5889 5890 5891
4 5892 5893 5894 5895
4 5896 5897 5898 5899
4 5900 5901 5902 5903
4 5904 5905 5906 5907
4 5908 5909 5910 5911
4 5912 5913 5914 5915
4 5916 5917 5918 5919
4 5920 5921 5922 5923
4 5924 5925 5926 5927
4 5928 5929 5930 5931
4 5932 5933 5934 5935
4 5936 5937 5938 5939
4 5940 5941 5942 5943
4 5944 5945 5946 5947
4 5948 5949 5950 5951
4 5952 5953 5954 5955
4 5956 5957 5958 5959
4 5960 5961 5962 5963
4 5964 5965 5966 5967
4 5968 5969 5970 5971
4 5972 5973 5974 5975
4 5976 5977 5978 5979
4 5980 5981 5982 5983
4 5984 5985 5986 5987
4 5988 5989 5990 5991
4 5992 5993 5994 5995
4 5996 5997 5998 5999
4 6000 6001 6002 6003
4 6004 6005 6006 6007
4 6008 6009 6010 6011
4 6012 6013 6014 6015
4 6016 6017 6018 6019
4 6020 6021 6022 6023
4 6024 6025 6026 6027
4 6028 6029 6030 6031
4 6032 6033 6034 6035
4 6036 6037 6038 6039
4 6040 6041 6042 6043
4 6044 6045 6046 6047
4 6048 6049 6050 6051
4 6052 6053 6054 6055
4 6056 6057 6058 6059
4 6060 6061 6062 6063
4 6064 6065 6066 6067
4 6068 6069 6070 6071
4 6072 6073 6074 6075
4 6076 6077 6078 6079
4 6080 6081 6082 6083
4 6084 6085 6086 6087
4 6088 6089 6090 6091
4 6092 6093 6094 6095
4 6096 6097 6098 6099
4 6100 6101 6102 6103
4 6104 6105 6106 6107
4 6108 6109 6110 6111
4 6112 6113 6114 6115
4 6116 6117 6118 6119
4 6120 6121 6122 6123
4 6124 6125 6126 6127
4 6128 6129 6130 6131
4 6132 6133 6134 6135
4 6136 6137 6138 6139
4 6140 6141 6142 6143
4 6144 6145 6146 6147
4 6148 6149 6150 6151
4 6152 6153 6154 6155
4 6156 6157 6158 6159
4 6160 6161 6162 6163
4 6164 6165 6166 6167
4 6168 6169 6170 6171
4 6172 6173 6174 6175
4 6176 6177 6178 6179
4 6180 6181 6182 6183
4 6184 6185 6186 6187
4 6188 6189 6190 6191
4 6192 6193 6194 6195
4 6196 6197 6198 6199
4 6200 6201 6202 6203
4 6204 6205 6206 6207
4 6208 6209 6210 6211
4 6212 6213 6214 6215
4 6216 6217 6218 6219
4 6220 6221 6222 6223
4 6224 6225 6226 6227
4 6228 6229 6230 6231
4 6232 6233 6234 6235
4 6236 6237 6238 6239
4 6240 6241 6242 6243
4 6244 6245 6246 6247
4 6248 6249 6250 6251
4 6252 6253 6254 6255
4 6256 6257 6258 6259
4 6260 6261 6262 6263
4 6264 6265 6266 6267
4 6268 6269 6270 6271
4 6272 6273 6274 6275
4 6276 6277 6278 6279
4 6280 6281 6282 6283
4 6284 6285 6286 6287
4 6288 6289 6290 6291
4 6292 6293 6294 6295
4 6296 6297 6298 6299
4 6300 6301 6302 6303
4 6304 6305 6306 6307
4 6308 6309 6310 6311
4 6312 6313 6314 6315
4 6316 6317 6318 6319
4 6320 6321 6322 6323
4 6324 6325 6326 6327
4 6328 6329 6330 6331
4 6332 6333 6334 6335
4 6336 6337 6338 6339
4 6340 6341 6342 6343
4 6344 6345 6346 6347
4 6348 6349 6350 6351
4 6352 6353 6354 6355
4 6356 6357 6358 6359
4 6360 6361 6362 6363
4 6364 6365 6366 6367
4 6368 6369 6370 6371
4 6372 6373 6374 6375
4 6376 6377 6378 6379
4 6380 6381 6382 6383
4 6384 6385 6386 6387
4 6388 6389 6390 6391
4 6392 6393 6394 6395
4 6396 6397 6398 6399
4 6400 6401 6402 6403
4 6404 6405 6406 6407
4 6408 6409 6410 6411
4 6412 6413 6414 6415
4 6416 6417 6418 6419
4 6420 6421 6422 6423
4 6424 6425 6426 6427
4 6428 6429 6430 6431
4 6432 6433 6434 6435
4 6436 6437 6438 6439
4 6440 6441 6442 6443
4 6444 6445 6446 6447
4 6448 6449 6450 6451
4 6452 6453 6454 6455
4 6456 6457 6458 6459
4 6460 6461 6462 6463
4 6464 6465 6466 6467
4 6468 6469 6470 6471
4 6472 6473 6474 6475
4 6476 6477 6478 6479
4 6480 6481 6482 6483
4 6484 6485 6486 6487
4 6488 6489 6490 6491
4 6492 6493 6494 6495
4 6496 6497 6498 6499
4 6500 6501 6502 6503
4 6504 6505 6506 6507
4 6508 6509 6510 6511
4 6512 6513 6514 6515
4 6516 6517 6518 6519
4 6520 6521 6522 6523
4 6524 6525 6526 6527
4 6528 6529 6530 6531
4 6532 6533 6534 6535
4 6536 6537 6538 6539
4 6540 6541 6542 6543
4 6544 6545 6546 6547
4 6548 6549 6550 6551
4 6552 6553 6554 6555
4 6556 6557 6558 6559
4 6560 6561 6562 6563
4 6564 6565 6566 6567
4 6568 6569 6570 6571
4 6572 6573 6574 6575
4 6576 6577 6578 6579
4 6580 6581 6582 6583
4 6584 6585 6586 6587
4 6588 6589 6590 6591
4 6592 6593 6594 6595
4 6596 6597 6598 6599
4 6600 6601 6602 6603
4 6604 6605 6606 6607
4 6608 6609 6610 6611
4 6612 6613 6614 6615
4 6616 6617 6618 6619
4 6620 6621 6622 6623
4 6624 6625 6626 6627
4 6628 6629 6630 6631
4 6632 6633 6634 6635
4 6636 6637 6638 6639
4 6640 6641 6642 6643
4 6644 6645 6646 6647
4 6648 6649 6650 6651
4 6652 6653 6654 6655
4 6656 6657 6658 6659
4 6660 6661 6662 6663
4 6664 6665 6666 6667
4 6668 6669 6670 6671
4 6672 6673 6674 6675
4 6676 6677 6678 6679
4 6680 6681 6682 6683
4 6684 6685 6686 6687
4 6688 6689 6690 6691
4 6692 6693 6694 6695
4 6696 6697 6698 6699
4 6700 6701 6702 6703
4 6704 6705 6706 6707
4 6708 6709 6710 6711
4 6712 6713 6714 6715
4 6716 6717 6718 6719
4 6720 6721 6722 6723
4 6724 6725 6726 6727
4 6728 6729 6730 6731
4 6732 6733 6734 6735
4 6736 6737 6738 6739
4 6740 6741 6742 6743
4 6744 6745 6746 6747
4 6748 6749 6750 6751
4 6752 6753 6754 6755
4 6756 6757 6758 6759
4 6760 6761 6762 6763
4 6764 6765 6766 6767
4 6768 6769 6770 6771
4 6772 6773 6774 6775
4 6776 6777 6778 6779
4 6780 6781 6782 6783
4 6784 6785 6786 6787
4 6788 6789 6790 6791
4 6792 6793 6794 6795
4 6796 6797 6798 6799
4 6800 6801 6802 6803
4 6804 6805 6806 6807
4 6808 6809 6810 6811
4 6812 6813 6814 6815
4 6816 6817 6818 6819
4 6820 6821 6822 6823
4 6824 6825 6826 6827
4 6828 6829 6830 6831
4 6832 6833 6834 6835
4 6836 6837 6838 6839
4 6840 6841 6842 6843
4 6844 6845 6846 6847
4 6848 6849 6850 6851
4 6852 6853 6854 6855
4 6856 6857 6858 6859
4 6860 6861 6862 6863
4 6864 6865 6866 6867
4 6868 6869 6870 6871
4 6872 6873 6874 6875
4 6876 6877 6878 6879
4 6880 6881 6882 6883
4 6884 6885 6886 6887
4 6888 6889 6890 6891
4 6892 6893 6894 6895
4 6896 6897 6898 6899
4 6900 6901 6902 6903
4 6904 6905 6906 6907
4 6908 6909 6910 6911
4 6912 6913 6914 6915
4 6916 6917 6918 6919
4 6920 6921 6922 6923
4 6924 6925 6926 6927
4 6928 6929 6930 6931
4 6932 6933 6934 6935
4 6936 6937 6938 6939
4 6940 6941 6942 6943
4 6944 6945 6946 6947
4 6948 6949 6950 6951
4 6952 6953 6954 6955
4 6956 6957 6958 6959
4 6960 6961 6962 6963
4 6964 6965 6966 6967
4 6968 6969 6970 6971
4 6972 6973 6974 6975
4 6976 6977 6978 6979
4 6980 6981 6982 6983
4 6984 6985 6986 6987
4 6988 6989 6990 6991
4 6992 6993 6994 6995
4 6996 6997 6998 6999
4 7000 7001 7002 7003
4 7004 7005 7006 7007
4 7008 7009 7010 7011
4 7012 7013 7014 7015
4 7016 7017 7018 7019
4 7020 7021 7022 7023
4 7024 7025 7026 7027
4 7028 7029 7030 7031
4 7032 7033 7034 7035
4 7036 7037 7038 7039
4 7040 7041 7042 7043
4 7044 7045 7046 7047
4 7048 7049 7050 7051
4 7052 7053 7054 7055
4 7056 7057 7058 7059
4 7060 7061 7062 7063
4 7064 7065 7066 7067
4 7068 7069 7070 7071
4 7072 7073 7074 7075
4 7076 7077 7078 7079
4 7080 7081 7082 7083
4 7084 7085 7086 7087
4 7088 7089 7090 7091
4 7092 7093 7094 7095
4 7096 7097 7098 7099
4 7100 7101 7102 7103
4 7104 7105 7106 7107
4 7108 7109 7110 7111
4 7112 7113 7114 7115
4 7116 7117 7118 7119
4 7120 7121 7122 7123
4 7124 7125 7126 7127
4 7128 7129 7130 7131
4 7132 7133 7134 7135
4 7136 7137 7138 7139
4 7140 7141 7142 7143
4 7144 7145 7146 7147
4 7148 7149 7150 7151
4 7152 7153 7154 7155
4 7156 7157 7158 7159
4 7160 7161 7162 7163
4 7164 7165 7166 7167
4 7168 7169 7170 7171
4 7172 7173 7174 7175
4 7176 7177 7178 7179
4 7180 7181 7182 7183
4 7184 7185 7186 7187
4 7188 7189 7190 7191
4 7192 7193 7194 7195
4 7196 7197 7198 7199
4 7200 7201 7202 7203
4 7204 7205 7206 7207
4 7208 7209 7210 7211
4 7212 7213 7214 7215
4 7216 7217 7218 7219
4 7220 7221 7222 7223
4 7224 7225 7226 7227
4 7228 7229 7230 7231
4 7232 7233 7234 7235
4 7236 7237 7238 7239
4 7240 7241 7242 7243
4 7244 7245 7246 7247
4 7248 7249 7250 7251
4 7252 7253 7254 7255
4 7256 7257 7258 7259
4 7260 7261 7262 7263
4 7264 7265 7266 7267
4 7268 7269 7270 7271
4 7272 7273 7274 7275
4 7276 7277 7278 7279
4 7280 7281 7282 7283
4 7284 7285 7286 7287
4 7288 7289 7290 7291
4 7292 7293 7294 7295
4 7296 7297 7298 7299
4 7300 7301 7302 7303
4 7304 7305 7306 7307
4 7308 7309 7310 7311
4 7312 7313 7314 7315
4 7316 7317 7318 7319
4 7320 7321 7322 7323
4 7324 7325 7326 7327
4 7328 7329 7330 7331
4 7332 7333 7334 7335
4 7336 7337 7338 7339
4 7340 7341 7342 7343
4 7344 7345 7346 7347
4 7348 7349 7350 7351
4 7352 7353 7354 7355
4 7356 7357 7358 7359
4 7360 7361 7362 7363
4 7364 7365 7366 7367
4 7368 7369 7370 7371
4 7372 7373 7374 7375
4 7376 7377 7378 7379
4 7380 7381 7382 7383
4 7384 7385 7386 7387
4 7388 7389 7390 7391
4 7392 7393 7394 7395
4 7396 7397 7398 7399
4 7400 7401 7402 7403
4 7404 7405 7406 7407
4 7408 7409 7410 7411
4 7412 7413 7414 7415
4 7416 7417 7418 7419
4 7420 7421 7422 7423
4 7424 7425 7426 7427
4 7428 7429 7430 7431
4 7432 7433 7434 7435
4 7436 7437 7438 7439
4 7440 7441 7442 7443
4 7444 7445 7446 7447
4 7448 7449 7450 7451
4 7452 7453 7454 7455
4 7456 7457 7458 7459
4 7460 7461 7462 7463
4 7464 7465 7466 7467
4 7468 7469 7470 7471
4 7472 7473 7474 7475
4 7476 7477 7478 7479
4 7480 7481 7482 7483
4 7484 7485 7486 7487
4 7488 7489 7490 7491
4 7492 7493 7494 7495
4 7496 7497 7498 7499
4 7500 7501 7502 7503
4 7504 7505 7506 7507
4 7508 7509 7510 7511
4 7512 7513 7514 7515
4 7516 7517 7518 7519
4 7520 7521 7522 7523
4 7524 7525 7526 7527
4 7528 7529 7530 7531
4 7532 7533 7534 7535
4 7536 7537 7538 7539
4 7540 7541 7542 7543
4 7544 7545 7546 7547
4 7548 7549 7550 7551
4 7552 7553 7554 7555
4 7556 7557 7558 7559
4 7560 7561 7562 7563
4 7564 7565 7566 7567
4 7568 7569 7570 7571
4 7572 7573 7574 7575
4 7576 7577 7578 7579
4 7580 7581 7582 7583
4 7584 7585 7586 7587
4 7588 7589 7590 7591
4 7592 7593 7594 7595
4 7596 7597 7598 7599
4 7600 7601 7602 7603
4 7604 7605 7606 7607
4 7608 7609 7610 7611
4 7612 7613 7614 7615
4 7616 7617 7618 7619
4 7620 7621 7622 7623
4 7624 7625 7626 7627
4 7628 7629 7630 7631
4 7632 7633 7634 7635
4 7636 7637 7638 7639
4 7640 7641 7642 7643
4 7644 7645 7646 7647
4 7648 7649 7650 7651
4 7652 7653 7654 7655
4 7656 7657 7658 7659
4 7660 7661 7662 7663
4 7664 7665 7666 7667
4 7668 7669 7670 7671
4 7672 7673 7674 7675
4 7676 7677 7678 7679
4 7680 7681 7682 7683
4 7684 7685 7686 7687
4 7688 7689 7690 7691
4 7692 7693 7694 7695
4 7696 7697 7698 7699
4 7700 7701 7702 7703
4 7704 7705 7706 7707
4 7708 7709 7710 7711
4 7712 7713 7714 7715
4 7716 7717 7718 7719
4 7720 7721 7722 7723
4 7724 7725 7726 7727
4 7728 7729 7730 7731
4 7732 7733 7734 7735
4 7736 7737 7738 7739
4 7740 7741 7742 7743
4 7744 7745 7746 7747
4 7748 7749 7750 7751
4 7752 7753 7754 7755
4 7756 7757 7758 7759
4 7760 7761 7762 7763
4 7764 7765 7766 7767
4 7768 7769 7770 7771
4 7772 7773 7774 7775
4 7776 7777 7778 7779
4 7780 7781 7782 7783
4 7784 7785 7786 7787
4 7788 7789 7790 7791
4 7792 7793 7794 7795
4 7796 7797 7798 7799
4 7800 7801 7802 7803
4 7804 7805 7806 7807
4 7808 7809 7810 7811
4 7812 7813 7814 7815
4 7816 7817 7818 7819
4 7820 7821 7822 7823
4 7824 7825 7826 7827
4 7828 7829 7830 7831
4 7832 7833 7834 7835
4 7836 7837 7838 7839
4 7840 7841 7842 7843
4 7844 7845 7846 7847
4 7848 7849 7850 7851
4 7852 7853 7854 7855
4 7856 7857 7858 7859
4 7860 7861 7862 7863
4 7864 7865 7866 7867
4 7868 7869 7870 7871
4 7872 7873 7874 7875
4 7876 7877 7878 7879
4 7880 7881 7882 7883
4 7884 7885 7886 7887
4 7888 7889 7890 7891
4 7892 7893 7894 7895
4 7896 7897 7898 7899
4 7900 7901 7902 7903
4 7904 7905 7906 7907
4 7908 7909 7910 7911
4 7912 7913 7914 7915
4 7916 7917 7918 7919
4 7920 7921 7922 7923
4 7924 7925 7926 7927
4 7928 7929 7930 7931
4 7932 7933 7934 7935
4 7936 7937 7938 7939
4 7940 7941 7942 7943
4 7944 7945 7946 7947
4 7948 7949 7950 7951
4 7952 7953 7954 7955
4 7956 7957 7958 7959
4 7960 7961 7962 7963
4 7964 7965 7966 7967
4 7968 7969 7970 7971
4 7972 7973 7974 7975
4 7976 7977 7978 7979
4 7980 7981 7982 7983
4 7984 7985 7986 7987
4 7988 7989 7990 7991
4 7992 7993 7994 7995
4 7996 7997 7998 7999
4 8000 8001 8002 8003
4 8004 8005 8006 8007
4 8008 8009 8010 8011
4 8012 8013 8014 8015
4 8016 8017 8018 8019
4 8020 8021 8022 8023
4 8024 8025 8026 8027
4 8028 8029 8030 8031
4 8032 8033 8034 8035
4 8036 8037 8038 8039
4 8040 8041 8042 8043
4 8044 8045 8046 8047
4 8048 8049 8050 8051
4 8052 8053 8054 8055
4 8056 8057 8058 8059
4 8060 8061 8062 8063
4 8064 8065 8066 8067
4 8068 8069 8070 8071
4 8072 8073 8074 8075
4 8076 8077 8078 8079
4 8080 8081 8082 8083
4 8084 8085 8086 8087
4 8088 8089 8090 8091
4 8092 8093 8094 8095
4 8096 8097 8098 8099
4 8100 8101 8102 8103
4 8104 8105 8106 8107
4 8108 8109 8110 8111
4 8112 8113 8114 8115
4 8116 8117 8118 8119
4 8120 8121 8122 8123
4 8124 8125 8126 8127
4 8128 8129 8130 8131
4 8132 8133 8134 8135
4 8136 8137 8138 8139
4 8140 8141 8142 8143
4 8144 8145 8146 8147
4 8148 8149 8150 8151
4 8152 8153 8154 8155
4 8156 8157 8158 8159
4 8160 8161 8162 8163
4 8164 8165 8166 8167
4 8168 8169 8170 8171
4 8172 8173 8174 8175
4 8176 8177 8178 8179
4 8180 8181 8182 8183
4 8184 8185 8186 8187
4 8188 8189 8190 8191
4 8192 8193 8194 8195
4 8196 8197 8198 8199
4 8200 8201 8202 8203
4 8204 8205 8206 8207
4 8208 8209 8210 8211
4 8212 8213 8214 8215
4 8216 8217 8218 8219
4 8220 8221 8222 8223
4 8224 8225 8226 8227
4 8228 8229 8230 8231
4 8232 8233 8234 8235
4 8236 8237 8238 8239
4 8240 8241 8242 8243
4 8244 8245 8246 8247
4 8248 8249 8250 8251
4 8252 8253 8254 8255
4 8256 8257 8258 8259
4 8260 8261 8262 8263
4 8264 8265 8266 8267
4 8268 8269 8270 8271
4 8272 8273 8274 8275
4 8276 8277 8278 8279
4 8280 8281 8282 8283
4 8284 8285 8286 8287
4 8288 8289 8290 8291
4 8292 8293 8294 8295
4 8296 8297 8298 8299
4 8300 8301 8302 8303
4 8304 8305 8306 8307
4 8308 8309 8310 8311
4 8312 8313 8314 8315
4 8316 8317 8318 8319
4 8320 8321 8322 8323
4 8324 8325 8326 8327
4 8328 8329 8330 8331
4 8332 8333 8334 8335
4 8336 8337 8338 8339
4 8340 8341 8342 8343
4 8344 8345 8346 8347
4 8348 8349 8350 8351
4 8352 8353 8354 8355
4 8356 8357 8358 8359
4 8360 8361 8362 8363
4 8364 8365 8366 8367
4 8368 8369 8370 8371
4 8372 8373 8374 8375
4 8376 8377 8378 8379
4 8380 8381 8382 8383
4 8384 8385 8386 8387
4 8388 8389 8390 8391
4 8392 8393 8394 8395
4 8396 8397 8398 8399
4 8400 8401 8402 8403
4 8404 8405 8406 8407
4 8408 8409 8410 8411
4 8412 8413 8414 8415
4 8416 8417 8418 8419
4 8420 8421 8422 8423
4 8424 8425 8426 8427
4 8428 8429 8430 8431
4 8432 8433 8434 8435
4 8436 8437 8438 8439
4 8440 8441 8442 8443
4 8444 8445 8446 8447
4 8448 8449 8450 8451
4 8452 8453 8454 8455
4 8456 8457 8458 8459
4 8460 8461 8462 8463
4 8464 8465 8466 8467
4 8468 8469 8470 8471
4 8472 8473 8474 8475
4 8476 8477 8478 8479
4 8480 8481 8482 8483
4 8484 8485 8486 8487
4 8488 8489 8490 8491
4 8492 8493 8494 8495
4 8496 8497 8498 8499
4 8500 8501 8502 8503
4 8504 8505 8506 8507
4 8508 8509 8510 8511
4 8512 8513 8514 8515
4 8516 8517 8518 8519
4 8520 8521 8522 8523
4 8524 8525 8526 8527
4 8528 8529 8530 8531
4 8532 8533 8534 8535
4 8536 8537 8538 8539
4 8540 8541 8542 8543
4 8544 8545 8546 8547
4 8548 8549 8550 8551
4 8552 8553 8554 8555
4 8556 8557 8558 8559
4 8560 8561 8562 8563
4 8564 8565 8566 8567
4 8568 8569 8570 8571
4 8572 8573 8574 8575
4 8576 8577 8578 8579
4 8580 8581 8582 8583
4 8584 8585 8586 8587
4 8588 8589 8590 8591
4 8592 8593 8594 8595
4 8596 8597 8598 8599
4 8600 8601 8602 8603
4 8604 8605 8606 8607
4 8608 8609 8610 8611
4 8612 8613 8614 8615
4 8616 8617 8618 8619
4 8620 8621 8622 8623
4 8624 8625 8626 8627
4 8628 8629 8630 8631
4 8632 8633 8634 8635
4 8636 8637 8638 8639
4 8640 8641 8642 8643
4 8644 8645 8646 8647
4 8648 8649 8650 8651
4 8652 8653 8654 8655
4 8656 8657 8658 8659
4 8660 8661 8662 8663
4 8664 8665 8666 8667
4 8668 8669 8670 8671
4 8672 8673 8674 8675
4 8676 8677 8678 8679
4 8680 8681 8682 8683
4 8684 8685 8686 8687
4 8688 8689 8690 8691
4 8692 8693 8694 8695
4 8696 8697 8698 8699
4 8700 8701 8702 8703
4 8704 8705 8706 8707
4 8708 8709 8710 8711
4 8712 8713 8714 8715
4 8716 8717 8718 8719
4 8720 8721 8722 8723
4 8724 8725 8726 8727
4 8728 8729 8730 8731
4 8732 8733 8734 8735
4 8736 8737 8738 8739
4 8740 8741 8742 8743
4 8744 8745 8746 8747
4 8748 8749 8750 8751
4 8752 8753 8754 8755
4 8756 8757 8758 8759
4 8760 8761 8762 8763
4 8764 8765 8766 8767
4 8768 8769 8770 8771
4 8772 8773 8774 8775
4 8776 8777 8778 8779
4 8780 8781 8782 8783
4 8784 8785 8786 8787
4 8788 8789 8790 8791
4 8792 8793 8794 8795
4 8796 8797 8798 8799
4 8800 8801 8802 8803
4 8804 8805 8806 8807
4 8808 8809 8810 8811
4 8812 8813 8814 8815
4 8816 8817 8818 8819
4 8820 8821 8822 8823
4 8824 8825 8826 8827
4 8828 8829 8830 8831
4 8832 8833 8834 8835
4 8836 8837 8838 8839
4 8840 8841 8842 8843
4 8844 8845 8846 8847
4 8848 8849 8850 8851
4 8852 8853 8854 8855
4 8856 8857 8858 8859
4 8860 8861 8862 8863
4 8864 8865 8866 8867
4 8868 8869 8870 8871
4 8872 8873 8874 8875
4 8876 8877 8878 8879
4 8880 8881 8882 8883
4 8884 8885 8886 8887
4 8888 8889 8890 8891
4 8892 8893 8894 8895
4 8896 8897 8898 8899
4 8900 8901 8902 8903
4 8904 8905 8906 8907
4 8908 8909 8910 8911
4 8912 8913 8914 8915
4 8916 8917 8918 8919
4 8920 8921 8922 8923
4 8924 8925 8926 8927
4 8928 8929 8930 8931
4 8932 8933 8934 8935
4 8936 8937 8938 8939
4 8940 8941 8942 8943
4 8944 8945 8946 8947
4 8948 8949 8950 8951
4 8952 8953 8954 8955
4 8956 8957 8958 8959
4 8960 8961 8962 8963
4 8964 8965 8966 8967
4 8968 8969 8970 8971
4 8972 8973 8974 8975
4 8976 8977 8978 8979
4 8980 8981 8982 8983
4 8984 8985 8986 8987
4 8988 8989 8990 8991
4 8992 8993 8994 8995
4 8996 8997 8998 8999
4 9000 9001 9002 9003
4 9004 9005 9006 9007
4 9008 9009 9010 9011
4 9012 9013 9014 9015
4 9016 9017 9018 9019
4 9020 9021 9022 9023
4 9024 9025 9026 9027
4 9028 9029 9030 9031
4 9032 9033 9034 9035
4 9036 9037 9038 9039
4 9040 9041 9042 9043
4 9044 9045 9046 9047
4 9048 9049 9050 9051
4 9052 9053 9054 9055
4 9056 9057 9058 9059
4 9060 9061 9062 9063
4 9064 9065 9066 9067
4 9068 9069 9070 9071
4 9072 9073 9074 9075
4 9076 9077 9078 9079
4 9080 9081 9082 9083
4 9084 9085 9086 9087
4 9088 9089 9090 9091
4 9092 9093 9094 9095
4 9096 9097 9098 9099
4 9100 9101 9102 9103
4 9104 9105 9106 9107
4 9108 9109 9110 9111
4 9112 9113 9114 9115
4 9116 9117 9118 9119
4 9120 9121 9122 9123
4 9124 9125 9126 9127
4 9128 9129 9130 9131
4 9132 9133 9134 9135
4 9136 9137 9138 9139
4 9140 9141 9142 9143
4 9144 9145 9146 9147
4 9148 9149 9150 9151
4 9152 9153 9154 9155
4 9156 9157 9158 9159
4 9160 9161 9162 9163
4 9164 9165 9166 9167
4 9168 9169 9170 9171
4 9172 9173 9174 9175
4 9176 9177 9178 9179
4 9180 9181 9182 9183
4 9184 9185 9186 9187
4 9188 9189 9190 9191
4 9192 9193 9194 9195
4 9196 9197 9198 9199
4 9200 9201 9202 9203
4 9204 9205 9206 9207
4 9208 9209 9210 9211
4 9212 9213 9214 9215
4 9216 9217 9218 9219
4 9220 9221 9222 9223
4 9224 9225 9226 9227
4 9228 9229 9230 9231
4 9232 9233 9234 9235
4 9236 9237 9238 9239
4 9240 9241 9242 9243
4 9244 9245 9246 9247
4 9248 9249 9250 9251
4 9252 9253 9254 9255
4 9256 9257 9258 9259
4 9260 9261 9262 9263
4 9264 9265 9266 9267
4 9268 9269 9270 9271
4 9272 9273 9274 9275
4 9276 9277 9278 9279
4 9280 9281 9282 9283
4 9284 9285 9286 9287
4 9288 9289 9290 9291
4 9292 9293 9294 9295
4 9296 9297 9298 9299
4 9300 9301 9302 9303
4 9304 9305 9306 9307
4 9308 9309 9310 9311
4 9312 9313 9314 9315
4 9316 9317 9318 9319
4 9320 9321 9322 9323
4 9324 9325 9326 9327
4 9328 9329 9330 9331
4 9332 9333 9334 9335
4 9336 9337 9338 9339
4 9340 9341 9342 9343
4 9344 9345 9346 9347
4 9348 9349 9350 9351
4 9352 9353 9354 9355
4 9356 9357 9358 9359
4 9360 9361 9362 9363
4 9364 9365 9366 9367
4 9368 9369 9370 9371
4 9372 9373 9374 9375
4 9376 9377 9378 9379
4 9380 9381 9382 9383
4 9384 9385 9386 9387
4 9388 9389 9390 9391
4 9392 9393 9394 9395
4 9396 9397 9398 9399
4 9400 9401 9402 9403
4 9404 9405 9406 9407
4 9408 9409 9410 9411
4 9412 9413 9414 9415
4 9416 9417 9418 9419
4 9420 9421 9422 9423
4 9424 9425 9426 9427
4 9428 9429 9430 9431
4 9432 9433 9434 9435
4 9436 9437 9438 9439
4 9440 9441 9442 9443
4 9444 9445 9446 9447
4 9448 9449 9450 9451
4 9452 9453 9454 9455
4 9456 9457 9458 9459
4 9460 9461 9462 9463
4 9464 9465 9466 9467
4 9468 9469 9470 9471
4 9472 9473 9474 9475
4 9476 9477 9478 9479
4 9480 9481 9482 9483
4 9484 9485 9486 9487
4 9488 9489 9490 9491
4 9492 9493 9494 9495
4 9496 9497 9498 9499
4 9500 9501 9502 9503
4 9504 9505 9506 9507
4 9508 9509 9510 9511
4 9512 9513 9514 9515
4 9516 9517 9518 9519
4 9520 9521 9522 9523
4 9524 9525 9526 9527
4 9528 9529 9530 9531
4 9532 9533 9534 9535
4 9536 9537 9538 9539
4 9540 9541 9542 9543
4 9544 9545 9546 9547
4 9548 9549 9550 9551
4 9552 9553 9554 9555
4 9556 9557 9558 9559
4 9560 9561 9562 9563
4 9564 9565 9566 9567
4 9568 9569 9570 9571
4 9572 9573 9574 9575
4 9576 9577 9578 9579
4 9580 9581 9582 9583
4 9584 9585 9586 9587
4 9588 9589 9590 9591
4 9592 9593 9594 9595
4 9596 9597 9598 9599
4 9600 9601 9602 9603
4 9604 9605 9606 9607
4 9608 9609 9610 9611
4 9612 9613 9614 9615
4 9616 9617 9618 9619
4 9620 9621 9622 9623
4 9624 9625 9626 9627
4 9628 9629 9630 9631
4 9632 9633 9634 9635
4 9636 9637 9638 9639
4 9640 9641 9642 9643
4 9644 9645 9646 9647
4 9648 9649 9650 9651
4 9652 9653 9654 9655
4 9656 9657 9658 9659
4 9660 9661 9662 9663
4 9664 9665 9666 9667
4 9668 9669 9670 9671
4 9672 9673 9674 9675
4 9676 9677 9678 9679
4 9680 9681 9682 9683
4 9684 9685 9686 9687
4 9688 9689 9690 9691
4 9692 9693 9694 9695
4 9696 9697 9698 9699
4 9700 9701 9702 9703
4 9704 9705 9706 9707
4 9708 9709 9710 9711
4 9712 9713 9714 9715
4 9716 9717 9718 9719
4 9720 9721 9722 9723
4 9724 9725 9726 9727
4 9728 9729 9730 9731
4 9732 9733 9734 9735
4 9736 9737 9738 9739
4 9740 9741 9742 9743
4 9744 9745 9746 9747
4 9748 9749 9750 9751
4 9752 9753 9754 9755
4 9756 9757 9758 9759
4 9760 9761 9762 9763
4 9764 9765 9766 9767
4 9768 9769 9770 9771
4 9772 9773 9774 9775
4 9776 9777 9778 9779
4 9780 9781 9782 9783
4 9784 9785 9786 9787
4 9788 9789 9790 9791
4 9792 9793 9794 9795
4 9796 9797 9798 9799
4 9800 9801 9802 9803
4 9804 9805 9806 9807
4 9808 9809 9810 9811
4 9812 9813 9814 9815
4 9816 9817 9818 9819
4 9820 9821 9822 9823
4 9824 9825 9826 9827
4 9828 9829 9830 9831
4 9832 9833 9834 9835
4 9836 9837 9838 9839
4 9840 9841 9842 9843
4 9844 9845 9846 9847
4 9848 9849 9850 9851
4 9852 9853 9854 9855
4 9856 9857 9858 9859
4 9860 9861 9862 9863
4 9864 9865 9866 9867
4 9868 9869 9870 9871
4 9872 9873 9874 9875
4 9876 9877 9878 9879
4 9880 9881 9882 9883
4 9884 9885 9886 9887
4 9888 9889 9890 9891
4 9892 9893 9894 9895
4 9896 9897 9898 9899
4 9900 9901 9902 9903
4 9904 9905 9906 9907
4 9908 9909 9910 9911
4 9912 9913 9914 9915
4 9916 9917 9918 9919
4 9920 9921 9922 9923
4 9924 9925 9926 9927
4 9928 9929 9930 9931
4 9932 9933 9934 9935
4 9936 9937 9938 9939
4 9940 9941 9942 9943
4 9944 9945 9946 9947
4 9948 9949 9950 9951
4 9952 9953 9954 9955
4 9956 9957 9958 9959
4 9960 9961 9962 9963
4 9964 9965 9966 9967
4 9968 9969 9970 9971
4 9972 9973 9974 9975
4 9976 9977 9978 9979
4 9980 9981 9982 9983
4 9984 9985 9986 9987
4 9988 9989 9990 9991
4 9992 9993 9994 9995
4 9996 9997 9998 9999
4 10000 10001 10002 10003
4 10004 10005 10006 10007
4 10008 10009 10010 10011
4 10012 10013 10014 10015
4 10016 10017 10018 10019
4 10020 10021 10022 10023
4 10024 10025 10026 10027
4 10028 10029 10030 10031
4 10032 10033 10034 10035
4 10036 10037 10038 10039
4 10040 10041 10042 10043
4 10044 10045 10046 10047
4 10048 10049 10050 10051
4 10052 10053 10054 10055
4 10056 10057 10058 10059
4 10060 10061 10062 10063
4 10064 10065 10066 10067
4 10068 10069 10070 10071
4 10072 10073 10074 10075
4 10076 10077 10078 10079
4 10080 10081 10082 10083
4 10084 10085 10086 10087
4 10088 10089 10090 10091
4 10092 10093 10094 10095
4 10096 10097 10098 10099
4 10100 10101 10102 10103
4 10104 10105 10106 10107
4 10108 10109 10110 10111
4 10112 10113 10114 10115
4 10116 10117 10118 10119
4 10120 10121 10122 10123
4 10124 10125 10126 10127
4 10128 10129 10130 10131
4 10132 10133 10134 10135
4 10136 10137 10138 10139
4 10140 10141 10142 10143
4 10144 10145 10146 10147
4 10148 10149 10150 10151
4 10152 10153 10154 10155
4 10156 10157 10158 10159
4 10160 10161 10162 10163
4 10164 10165 10166 10167
4 10168 10169 10170 10171
4 10172 10173 10174 10175
4 10176 10177 10178 10179
4 10180 10181 10182 10183
4 10184 10185 10186 10187
4 10188 10189 10190 10191
4 10192 10193 10194 10195
4 10196 10197 10198 10199
4 10200 10201 10202 10203
4 10204 10205 10206 10207
4 10208 10209 10210 10211
4 10212 10213 10214 10215
4 10216 10217 10218 10219
4 10220 10221 10222 10223
4 10224 10225 10226 10227
4 10228 10229 10230 10231
4 10232 10233 10234 10235
4 10236 10237 10238 10239
4 10240 10241 10242 10243
4 10244 10245 10246 10247
4 10248 10249 10250 10251
4 10252 10253 10254 10255
4 10256 10257 10258 10259
4 10260 10261 10262 10263
4 10264 10265 10266 10267
4 10268 10269 10270 10271
4 10272 10273 10274 10275
4 10276 10277 10278 10279
4 10280 10281 10282 10283
4 10284 10285 10286 10287
4 10288 10289 10290 10291
4 10292 10293 10294 10295
4 10296 10297 10298 10299
4 10300 10301 10302 10303
4 10304 10305 10306 10307
4 10308 10309 10310 10311
4 10312 10313 10314 10315
4 10316 10317 10318 10319
4 10320 10321 10322 10323
4 10324 10325 10326 10327
4 10328 10329 10330 10331
4 10332 10333 10334 10335
4 10336 10337 10338 10339
4 10340 10341 10342 10343
4 10344 10345 10346 10347
4 10348 10349 10350 10351
4 10352 10353 10354 10355
4 10356 10357 10358 10359
4 10360 10361 10362 10363
4 10364 10365 10366 10367
4 10368 10369 10370 10371
4 10372 10373 10374 10375
4 10376 10377 10378 10379
4 10380 10381 10382 10383
4 10384 10385 10386 10387
4 10388 10389 10390 10391
4 10392 10393 10394 10395
4 10396 10397 10398 10399
4 10400 10401 10402 10403
4 10404 10405 10406 10407
4 10408 10409 10410 10411
4 10412 10413 10414 10415
4 10416 10417 10418 10419
4 10420 10421 10422 10423
4 10424 10425 10426 10427
4 10428 10429 10430 10431
4 10432 10433 10434 10435
4 10436 10437 10438 10439
4 10440 10441 10442 10443
4 10444 10445 10446 10447
4 10448 10449 10450 10451
4 10452 10453 10454 10455
4 10456 10457 10458 10459
4 10460 10461 10462 10463
4 10464 10465 10466 10467
4 10468 10469 10470 10471
4 10472 10473 10474 10475
4 10476 10477 10478 10479
4 10480 10481 10482 10483
4 10484 10485 10486 10487
4 10488 10489 10490 10491
4 10492 10493 10494 10495
4 10496 10497 10498 10499
4 10500 10501 10502 10503
4 10504 10505 10506 10507
4 10508 10509 10510 10511
4 10512 10513 10514 10515
4 10516 10517 10518 10519
4 10520 10521 10522 10523
4 10524 10525 10526 10527
4 10528 10529 10530 10531
4 10532 10533 10534 10535
4 10536 10537 10538 10539
4 10540 10541 10542 10543
4 10544 10545 10546 10547
4 10548 10549 10550 10551
4 10552 10553 10554 10555
4 10556 10557 10558 10559
4 10560 10561 10562 10563
4 10564 10565 10566 10567
4 10568 10569 10570 10571
4 10572 10573 10574 10575
4 10576 10577 10578 10579
4 10580 10581 10582 10583
4 10584 10585 10586 10587
4 10588 10589 10590 10591
4 10592 10593 10594 10595
4 10596 10597 10598 10599
4 10600 10601 10602 10603
4 10604 10605 10606 10607
4 10608 10609 10610 10611
4 10612 10613 10614 10615
4 10616 10617 10618 10619
4 10620 10621 10622 10623
4 10624 10625 10626 10627
4 10628 10629 10630 10631
4 10632 10633 10634 10635
4 10636 10637 10638 10639
4 10640 10641 10642 10643
4 10644 10645 10646 10647
4 10648 10649 10650 10651
4 10652 10653 10654 10655
4 10656 10657 10658 10659
4 10660 10661 10662 10663
4 10664 10665 10666 10667
4 10668 10669 10670 10671
4 10672 10673 10674 10675
4 10676 10677 10678 10679
4 10680 10681 10682 10683
4 10684 10685 10686 10687
4 10688 10689 10690 10691
4 10692 10693 10694 10695
4 10696 10697 10698 10699
4 10700 10701 10702 10703
4 10704 10705 10706 10707
4 10708 10709 10710 10711
4 10712 10713 10714 10715
4 10716 10717 10718 10719
4 10720 10721 10722 10723
4 10724 10725 10726 10727
4 10728 10729 10730 10731
4 10732 10733 10734 10735
4 10736 10737 10738 10739
4 10740 10741 10742 10743
4 10744 10745 10746 10747
4 10748 10749 10750 10751
4 10752 10753 10754 10755
4 10756 10757 10758 10759
4 10760 10761 10762 10763
4 10764 10765 10766 10767
4 10768 10769 10770 10771
4 10772 10773 10774 10775
4 10776 10777 10778 10779
4 10780 10781 10782 10783
4 10784 10785 10786 10787
4 10788 10789 10790 10791
4 10792 10793 10794 10795
4 10796 10797 10798 10799
4 10800 10801 10802 10803
4 10804 10805 10806 10807
4 10808 10809 10810 10811
4 10812 10813 10814 10815
4 10816 10817 10818 10819
4 10820 10821 10822 10823
4 10824 10825 10826 10827
4 10828 10829 10830 10831
4 10832 10833 10834 10835
4 10836 10837 10838 10839
4 10840 10841 10842 10843
4 10844 10845 10846 10847
4 10848 10849 10850 10851
4 10852 10853 10854 10855
4 10856 10857 10858 10859
4 10860 10861 10862 10863
4 10864 10865 10866 10867
4 10868 10869 10870 10871
4 10872 10873 10874 10875
4 10876 10877 10878 10879
4 10880 10881 10882 10883
4 10884 10885 10886 10887
4 10888 10889 10890 10891
4 10892 10893 10894 10895
4 10896 10897 10898 10899
4 10900 10901 10902 10903
4 10904 10905 10906 10907
4 10908 10909 10910 10911
4 10912 10913 10914 10915
4 10916 10917 10918 10919
4 10920 10921 10922 10923
4 10924 10925 10926 10927
4 10928 10929 10930 10931
4 10932 10933 10934 10935
4 10936 10937 10938 10939
4 10940 10941 10942 10943
4 10944 10945 10946 10947
4 10948 10949 10950 10951
4 10952 10953 10954 10955
4 10956 10957 10958 10959
4 10960 10961 10962 10963
4 10964 10965 10966 10967
4 10968 10969 10970 10971
4 10972 10973 10974 10975
4 10976 10977 10978 10979
4 10980 10981 10982 10983
4 10984 10985 10986 10987
4 10988 10989 10990 10991
4 10992 10993 10994 10995
4 10996 10997 10998 10999
4 11000 11001 11002 11003
4 11004 11005 11006 11007
4 11008 11009 11010 11011
4 11012 11013 11014 11015
4 11016 11017 11018 11019
4 11020 11021 11022 11023
4 11024 11025 11026 11027
4 11028 11029 11030 11031
4 11032 11033 11034 11035
4 11036 11037 11038 11039
4 11040 11041 11042 11043
4 11044 11045 11046 11047
4 11048 11049 11050 11051
4 11052 11053 11054 11055
4 11056 11057 11058 11059
4 11060 11061 11062 11063
4 11064 11065 11066 11067
4 11068 11069 11070 11071
4 11072 11073 11074 11075
4 11076 11077 11078 11079
4 11080 11081 11082 11083
4 11084 11085 11086 11087
4 11088 11089 11090 11091
4 11092 11093 11094 11095
4 11096 11097 11098 11099
4 11100 11101 11102 11103
4 11104 11105 11106 11107
4 11108 11109 11110 11111
4 11112 11113 11114 11115
4 11116 11117 11118 11119
4 11120 11121 11122 11123
4 11124 11125 11126 11127
4 11128 11129 11130 11131
4 11132 11133 11134 11135
4 11136 11137 11138 11139
4 11140 11141 11142 11143
4 11144 11145 11146 11147
4 11148 11149 11150 11151
4 11152 11153 11154 11155
4 11156 11157 11158 11159

CELL_TYPES 2790
9
9
9
9
9
9
9
9
9
9
9
9
9
9
9
9
9
9
9
9
9
9
9
9
9
9
9
9
9
9
9
9
9
9
9
9
9
9
9
9
9
9
9
9
9
9
9
9
9
9
9
9
9
9
9
9
9
9
9
9
9
9
9
9
9
9
9
9
9
9
9
9
9
9
9
9
9
9
9
9
9
9
9
9
9
9
9
9
9
9
9
9
9
9
9
9
9
9
9
9
9
9
9
9
9
9
9
9
9
9
9
9
9
9
9
9
9
9
9
9
9
9
9
9
9
9
9
9
9
9
9
9
9
9
9
9
9
9
9
9
9
9
9
9
9
9
9
9
9
9
9
9
9
9
9
9
9
9
9
9
9
9
9
9
9
9
9
9
9
9
9
9
9
9
9
9
9
9
9
9
9
9
9
9
9
9
9
9
9
9
9
9
9
9
9
9
9
9
9
9
9
9
9
9
9
9
9
9
9
9
9
9
9
9
9
9
9
9
9
9
9
9
9
9
9
9
9
9
9
9
9
9
9
9
9
9
9
9
9
9
9
9
9
9
9
9
9
9
9
9
9
9
9
9
9
9
9
9
9
9
9
9
9
9
9
9
9
9
9
9
9
9
9
9
9
9
9
9
9
9
9
9
9
9
9
9
9
9
9
9
9
9
9
9
9
9
9
9
9
9
9
9
9
9
9
9
9
9
9
9
9
9
9
9
9
9
9
9
9
9
9
9
9
9
9
9
9
9
9
9
9
9
9
9
9
9
9
9
9
9
9
9
9
9
9
9
9
9
9
9
9
9
9
9
9
9
9
9
9
9
9
9
9
9
9
9
9
9
9
9
9
9
9
9
9
9
9
9
9
9
9
9
9
9
9
9
9
9
9
9
9
9
9
9
9
9
9
9
9
9
9
9
9
9
9
9
9
9
9
9
9
9
9
9
9
9
9
9
9
9
9
9
9
9
9
9
9
9
9
9
9
9
9
9
9
9
9
9
9
9
9
9
9
9
9
9
9
9
9
9
9
9
9
9
9
9
9
9
9
9
9
9
9
9
9
9
9
9
9
9
9
9
9
9
9
9
9
9
9
9
9
9
9
9
9
9
9
9
9
9
9
9
9
9
9
9
9
9
9
9
9
9
9
9
9
9
9
9
9
9
9
9
9
9
9
9
9
9
9
9
9
9
9
9
9
9
9
9
9
9
9
9
9
9
9
9
9
9
9
9
9
9
9
9
9
9
9
9
9
9
9
9
9
9
9
9
9
9
9
9
9
9
9
9
9
9
9
9
9
9
9
9
9
9
9
9
9
9
9
9
9
9
9
9
9
9
9
9
9
9
9
9
9
9
9
9
9
9
9
9
9
9
9
9
9
9
9
9
9
9
9
9
9
9
9
9
9
9
9
9
9
9
9
9
9
9
9
9
9
9
9
9
9
9
9
9
9
9
9
9
9
9
9
9
9
9
9
9
9
9
9
9
9
9
9
9
9
9
9
9
9
9
9
9
9
9
9
9
9
9
9
9
9
9
9
9
9
9
9
9
9
9
9
9
9
9
9
9
9
9
9
9
9
9
9
9
9
9
9
9
9
9
9
9
9
9
9
9
9
9
9
9
9
9
9
9
9
9
9
9
9
9
9
9
9
9
9
9
9
9
9
9
9
9
9
9
9
9
9
9
9
9
9
9
9
9
9
9
9
9
9
9
9
9
9
9
9
9
9
9
9
9
9
9
9
9
9
9
9
9
9
9
9
9
9
9
9
9
9
9
9
9
9
9
9
9
9
9
9
9
9
9
9
9
9
9
9
9
9
9
9
9
9
9
9
9
9
9
9
9
9
9
9
9
9
9
9
9
9
9
9
9
9
9
9
9
9
9
9
9
9
9
9
9
9
9
9
9
9
9
9
9
9
9
9
9
9
9
9
9
9
9
9
9
9
9
9
9
9
9
9
9
9
9
9
9
9
9
9
9
9
9
9
9
9
9
9
9
9
9
9
9
9
9
9
9
9
9
9
9
9
9
9
9
9
9
9
9
9
9
9
9
9
9
9
9
9
9
9
9
9
9
9
9
9
9
9
9
9
9
9
9
9
9
9
9
9
9
9
9
9
9
9
9
9
9
9
9
9
9
9
9
9
9
9
9
9
9
9
9
9
9
9
9
9
9
9
9
9
9
9
9
9
9
9
9
9
9
9
9
9
9
9
9
9
9
9
9
9
9
9
9
9
9
9
9
9
9
9
9
9
9
9
9
9
9
9
9
9
9
9
9
9
9
9
9
9
9
9
9
9
9
9
9
9
9
9
9
9
9
9
9
9
9
9
9
9
9
9
9
9
9
9
9
9
9
9
9
9
9
9
9
9
9
9
9
9
9
9
9
9
9
9
9
9
9
9
9
9
9
9
9
9
9
9
9
9
9
9
9
9
9
9
9
9
9
9
9
9
9
9
9
9
9
9
9
9
9
9
9
9
9
9
9
9
9
9
9
9
9
9
9
9
9
9
9
9
9
9
9
9
9
9
9
9
9
9
9
9
9
9
9
9
9
9
9
9
9
9
9
9
9
9
9
9
9
9
9
9
9
9
9
9
9
9
9
9
9
9
9
9
9
9
9
9
9
9
9
9
9
9
9
9
9
9
9
9
9
9
9
9
9
9
9
9
9
9
9
9
9
9
9
9
9
9
9
9
9
9
9
9
9
9
9
9
9
9
9
9
9
9
9
9
9
9
9
9
9
9
9
9
9
9
9
9
9
9
9
9
9
9
9
9
9
9
9
9
9
9
9
9
9
9
9
9
9
9
9
9
9
9
9
9
9
9
9
9
9
9
9
9
9
9
9
9
9
9
9
9
9
9
9
9
9
9
9
9
9
9
9
9
9
9
9
9
9
9
9
9
9
9
9
9
9
9
9
9
9
9
9
9
9
9
9
9
9
9
9
9
9
9
9
9
9
9
9
9
9
9
9
9
9
9
9
9
9
9
9
9
9
9
9
9
9
9
9
9
9
9
9
9
9
9
9
9
9
9
9
9
9
9
9
9
9
9
9
9
9
9
9
9
9
9
9
9
9
9
9
9
9
9
9
9
9
9
9
9
9
9
9
9
9
9
9
9
9
9
9
9
9
9
9
9
9
9
9
9
9
9
9
9
9
9
9
9
9
9
9
9
9
9
9
9
9
9
9
9
9
9
9
9
9
9
9
9
9
9
9
9
9
9
9
9
9
9
9
9
9
9
9
9
9
9
9
9
9
9
9
9
9
9
9
9
9
9
9
9
9
9
9
9
9
9
9
9
9
9
9
9
9
9
9
9
9
9
9
9
9
9
9
9
9
9
9
9
9
9
9
9
9
9
9
9
9
9
9
9
9
9
9
9
9
9
9
9
9
9
9
9
9
9
9
9
9
9
9
9
9
9
9
9
9
9
9
9
9
9
9
9
9
9
9
9
9
9
9
9
9
9
9
9
9
9
9
9
9
9
9
9
9
9
9
9
9
9
9
9
9
9
9
9
9
9
9
9
9
9
9
9
9
9
9
9
9
9
9
9
9
9
9
9
9
9
9
9
9
9
9
9
9
9
9
9
9
9
9
9
9
9
9
9
9
9
9
9
9
9
9
9
9
9
9
9
9
9
9
9
9
9
9
9
9
9
9
9
9
9
9
9
9
9
9
9
9
9
9
9
9
9
9
9
9
9
9
9
9
9
9
9
9
9
9
9
9
9
9
9
9
9
9
9
9
9
9
9
9
9
9
9
9
9
9
9
9
9
9
9
9
9
9
9
9
9
9
9
9
9
9
9
9
9
9
9
9
9
9
9
9
9
9
9
9
9
9
9
9
9
9
9
9
9
9
9
9
9
9
9
9
9
9
9
9
9
9
9
9
9
9
9
9
9
9
9
9
9
9
9
9
9
9
9
9
9
9
9
9
9
9
9
9
9
9
9
9
9
9
9
9
9
9
9
9
9
9
9
9
9
9
9
9
9
9
9
9
9
9
9
9
9
9
9
9
9
9
9
9
9
9
9
9
9
9
9
9
9
9
9
9
9
9
9
9
9
9
9
9
9
9
9
9
9
9
9
9
9
9
9
9
9
9
9
9
9
9
9
9
9
9
9
9
9
9
9
9
9
9
9
9
9
9
9
9
9
9
9
9
9
9
9
9
9
9
9
9
9
9
9
9
9
9
9
9
9
9
9
9
9
9
9
9
9
9
9
9
9
9
9
9
9
9
9
9
9
9
9
9
9
9
9
9
9
9
9
9
9
9
9
9
9
9
9
9
9
9
9
9
9
9
9
9
9
9
9
9
9
9
9
9
9
9
9
9
9
9
9
9
9
9
9
9
9
9
9
9
9
9
9
9
9
9
9
9
9
9
9
9
9
9
9
9
9
9
9
9
9
9
9
9
9
9
9
9
9
9
9
9
9
9
9
9
9
9
9
9
9
9
9
9
9
9
9
9
9
9
9
9
9
9
9
9
9
9
9
9
9
9
9
9
9
9
9
9
9
9
9
9
9
9
9
9
9
9
9
9
9
9
9
9
9
9
9
9
9
9
9
9
9
9
9
9
9
9
9
9
9
9
9
9
9
9
9
9
9
9
9
9
9
9
9
9
9
9
9
9
9
9
9
9
9
9
9
9
9
9
9
9
9
9
9
9
9
9
9
9
9
9
9
9
9
9
9
9
9
9
9
9
9
9
9
9
9
9
9
9
9
9
9
9
9
9
9
9
9
9
9
9
9
9
9
9
9
9
9
9
9
9
9
9
9
9
9
9
9
9
9
9
9
9
9
9
9
9
9
9
9
9
9
9
9
9
9
9
9
9
9
9
9
9
9
9
9
9
9
9
9
9
9
9
9
9
9
9
9
9
9
9
9
9
9
9
9
9
9
9
9
9
9
9
9
9
9
9
9
9
9
9
9
9
9
9
9
9
9
9
9
9
9
9
9
9
9
9
9
9
9
9
9
9
9
9
9
9
9
9
9
9
9
9
9
9
9
9
9
9
9
9
9
9
9
9
9
9
9
9
9
9
9
9
9
9
9
9
9
9
9
9
9
9
9
9
9
9
9
9
9
9
9
9
9
9
9
9
9
9
9
9
9
9
9
9
9
9
9
9
9
9
9
9
9
9
9
9
9
9
9
9
9
9
9
9
9
9
9
9
9
9
9
9
9
9
9
9
9
9
9
9
9
9
9
9
9
9
9
9
9
9
9
9
9
9
9
9
9
9
9
9
9
9
9
9
9
9
9
9
9
9
9
9
9
9
9
9
9
9
9
9
9
9
9
9
9
9
9
9
9
9
9
9
9
9
9
9
9
9
9
9
9
9
9
9
9
9
9
9
9
9
9
9
9
9
9
9
9
9
9
9
9
9
9
9
9
9
9
9
9
9
9
9
9
9
9
9
9
9
9
9
9
9
9
9
9
9
9
9
9
9
9
9
9
9
9
9
9
9
9
9
9
9
9
9
9
9
9
9
9
9
9
9
9
9
9
9
9
9
9
9
9
9
9
9
9
9
9
9
9
9
9
9
9
9
9
9
9
9
9
9
9
9
9
9
9
9
9
9
9
9
9
9
9
9
9
9
9
9
9
9
9
9
9
9
9
9
9
9
9
9
9
9
9
9
9
9
9
9
9
9
9
9
9
9
9
9
9
9
9
9
9
9
9
9
9
9
9
9
9
9
9
9
9
9
9
9
9
9
9
9
9
9
9
9
9
9
9
9
9
9
9
9
9
9
9
9
9
9
9
9
9
9
9
9
9
9
9
9
9
9
9
9
9
9
9
9
9
9
9
9
9
9
9
9
9
9
9
9
9
9
9
9
9
9
9
9
9
9
9
9
9
9
9
9
9
9
9
9
9
9
9
9
9
9
9
9
9
9
9
9
9
9
9
9
9
9
9
9
9
9
9
9
9
9
9
9
9
9
9
9
9
9
9
9
9
9
9
9
9
9
9
9
9
9
9
9
9
9
9
9
9
9
9
9
9
9
9
9
9
9
9
9
9
9
9
9
9
9
9
9
9
9
9
9
9
9
9
9
9
9
9
9
9
9
9
9
9
9
9
9
9
9
9
9
9
9
9
9
9
9
9
9
9
9
9
9
9
9
9
9
9
9
9
9
9
9
9
9
9
9
9
9
9
9
9
9
9
9
9
9
9
9
9
9
9
9
9
9
9
9
9
9
9
9
9
9
9
9
9
9
9
9
9
9
9
9
9
9
9
9
9
9
9
9
9
9
9
9
9
9
9
9
9
9
9
9
9
9
9
9
9
9
9
9
9
9
9
9
9
9
9
9
9
9

CELL_DATA 2790
SCALARS S11 float 1
LOOKUP_TABLE default
1.55671677e+07
2.28216890e+07
2.30805170e+07
2.33393449e+07
2.35981729e+07
2.38570009e+07
2.41158288e+07
2.43746568e+07
1.69668668e+07
1.43698759e+07
2.10808155e+07
2.13353162e+07
2.15898169e+07
2.18443176e+07
2.20988182e+07
2.23533189e+07
2.26078196e+07
1.57461752e+07
1.30016013e+07
1.90963196e+07
1.93512263e+07
1.96061329e+07
1.98610396e+07
2.01159462e+07
2.03708529e+07
2.06257595e+07
1.43801756e+07
1.16458875e+07
1.71299044e+07
1.73850590e+07
1.76402136e+07
1.78953682e+07
1.81505228e+07
1.84056774e+07
1.86608320e+07
1.30258884e+07
1.03000661e+07
1.51778955e+07
1.54333502e+07
1.56888048e+07
1.59442595e+07
1.61997141e+07
1.64551688e+07
1.67106235e+07
1.16817858e+07
8.96135888e+06
1.32359904e+07
1.34915104e+07
1.37470304e+07
1.40025504e+07
1.42580704e+07
1.45135904e+07
1.47691104e+07
1.03435275e+07
7.62569894e+06
1.12985661e+07
1.15542131e+07
1.18098601e+07
1.20655071e+07
1.23211541e+07
1.25768011e+07
1.28324481e+07
9.00865466e+06
6.29178722e+06
9.36353508e+06
9.61915631e+06
9.87477753e+06
1.01303987e+07
1.03860200e+07
1.06416412e+07
1.08972624e+07
7.67470103e+06
4.95378599e+06
7.42242619e+06
7.67787036e+06
7.93331453e+06
8.18875870e+06
8.44420287e+06
8.69964704e+06
8.95509121e+06
6.33583176e+06
3.61127253e+06
5.47491578e+06
5.73033889e+06
5.98576200e+06
6.24118511e+06
6.49660822e+06
6.75203133e+06
7.00745443e+06
4.99329459e+06
2.26648475e+06
3.52403757e+06
3.77936863e+06
4.03469968e+06
4.29003074e+06
4.54536179e+06
4.80069284e+06
5.05602390e+06
3.64809499e+06
1.16014162e+06
1.92982029e+06
2.19628997e+06
2.46275965e+06
2.72922933e+06
2.99569902e+06
3.26216870e+06
3.52863838e+06
2.60262785e+06
-2.96277247e+03
-1.00923342e+03
9.44305638e+02
2.89784469e+03
4.85138375e+03
6.80492280e+03
8.75846186e+03
1.07120009e+04
1.26655400e+04
-7.39525355e+03
-5.52365312e+03
-3.65205269e+03
-1.78045226e+03
9.11481712e+01
1.96274860e+03
3.83434903e+03
5.70594946e+03
7.57754989e+03
-1.33912308e+04
-1.15182018e+04
-9.64517288e+03
-7.77214395e+03
-5.89911501e+03
-4.02608608e+03
-2.15305714e+03
-2.80028208e+02
1.59300073e+03
-1.93894763e+04
-1.75148934e+04
-1.56403105e+04
-1.37657276e+04
-1.18911446e+04
-1.00165617e+04
-8.14197878e+03
-6.26739585e+03
-4.39281292e+03
-2.53906216e+04
-2.35147605e+04
-2.16388994e+04
-1.97630384e+04
-1.78871773e+04
-1.60113162e+04
-1.41354552e+04
-1.22595941e+04
-1.03837331e+04
-3.13963858e+04
-2.95189682e+04
-2.76415506e+04
-2.57641331e+04
-2.38867155e+04
-2.20092980e+04
-2.01318804e+04
-1.82544628e+04
-1.63770453e+04
-3.74020929e+04
-3.55231225e+04
-3.36441520e+04
-3.17651816e+04
-2.98862112e+04
-2.80072408e+04
-2.61282704e+04
-2.42493000e+04
-2.23703296e+04
-4.34054668e+04
-4.15246117e+04
-3.96437567e+04
-3.77629016e+04
-3.58820466e+04
-3.40011915e+04
-3.21203365e+04
-3.02394814e+04
-2.83586264e+04
-4.94037108e+04
-4.75211921e+04
-4.56386735e+04
-4.37561549e+04
-4.18736362e+04
-3.99911176e+04
-3.81085990e+04
-3.62260804e+04
-3.43435617e+04
-5.54003066e+04
-5.35162035e+04
-5.16321003e+04
-4.97479972e+04
-4.78638940e+04
-4.59797909e+04
-4.40956878e+04
-4.22115846e+04
-4.03274815e+04
-6.13907046e+04
-5.95043403e+04
-5.76179759e+04
-5.57316116e+04
-5.38452473e+04
-5.19588829e+04
-5.00725186e+04
-4.81861543e+04
-4.62997900e+04
-6.73689327e+04
-6.54807292e+04
-6.35925258e+04
-6.17043223e+04
-5.98161189e+04
-5.79279154e+04
-5.60397119e+04
-5.41515085e+04
-5.22633050e+04
-7.33431342e+04
-7.14533237e+04
-6.95635131e+04
-6.76737026e+04
-6.57838921e+04
-6.38940816e+04
-6.20042711e+04
-6.01144606e+04
-5.82246501e+04
-7.93102459e+04
-7.74181770e+04
-7.55261081e+04
-7.36340391e+04
-7.17419702e+04
-6.98499013e+04
-6.79578324e+04
-6.60657634e+04
-6.41736945e+04
-8.52597866e+04
-8.33652700e+04
-8.14707534e+04
-7.95762369e+04
-7.76817203e+04
-7.57872037e+04
-7.38926871e+04
-7.19981705e+04
-7.01036539e+04
-9.11969788e+04
-8.93008779e+04
-8.74047770e+04
-8.55086760e+04
-8.36125751e+04
-8.17164742e+04
-7.98203733e+04
-7.79242723e+04
-7.60281714e+04
-9.71302826e+04
-9.52323269e+04
-9.33343711e+04
-9.14364154e+04
-8.95384596e+04
-8.76405039e+04
-8.57425481e+04
-8.38445924e+04
-8.19466367e+04
-1.03041734e+05
-1.01140238e+05
-9.92387426e+04
-9.73372471e+04
-9.54357516e+04
-9.35342560e+04
-9.16327605e+04
-8.97312650e+04
-8.78297694e+04
-1.08922890e+05
-1.07019640e+05
-1.05116390e+05
-1.03213139e+05
-1.01309889e+05
-9.94066391e+04
-9.75033889e+04
-9.56001387e+04
-9.36968885e+04
-1.14801159e+05
-1.12896283e+05
-1.10991407e+05
-1.09086531e+05
-1.07181654e+05
-1.05276778e+05
-1.03371902e+05
-1.01467026e+05
-9.95621499e+04
-1.20662765e+05
-1.18754713e+05
-1.16846660e+05
-1.14938608e+05
-1.13030555e+05
-1.11122503e+05
-1.09214451e+05
-1.07306398e+05
-1.05398346e+05
-1.26488721e+05
-1.24577807e+05
-1.22666892e+05
-1.20755977e+05
-1.18845062e+05
-1.16934147e+05
-1.15023232e+05
-1.13112318e+05
-1.11201403e+05
-1.32296494e+05
-1.30383959e+05
-1.28471424e+05
-1.26558889e+05
-1.24646354e+05
-1.22733820e+05
-1.20821285e+05
-1.18908750e+05
-1.16996215e+05
-1.38099652e+05
-1.36185454e+05
-1.34271256e+05
-1.32357058e+05
-1.30442860e+05
-1.28528662e+05
-1.26614464e+05
-1.24700266e+05
-1.22786068e+05
-1.43866869e+05
-1.41947410e+05
-1.40027950e+05
-1.38108490e+05
-1.36189031e+05
-1.34269571e+05
-1.32350112e+05
-1.30430652e+05
-1.28511193e+05
-1.49471349e+05
-1.47566887e+05
-1.45662426e+05
-1.43757965e+05
-1.41853504e+05
-1.39949042e+05
-1.38044581e+05
-1.36140120e+05
-1.34235658e+05
-1.55096748e+05
-1.53191408e+05
-1.51286069e+05
-1.49380730e+05
-1.47475391e+05
-1.45570052e+05
-1.43664713e+05
-1.41759374e+05
-1.39854034e+05
-1.60701340e+05
-1.58793432e+05
-1.56885525e+05
-1.54977617e+05
-1.53069709e+05
-1.51161802e+05
-1.49253894e+05
-1.47345986e+05
-1.45438079e+05
-1.66247822e+05
-1.64335717e+05
-1.62423612e+05
-1.60511507e+05
-1.58599402e+05
-1.56687297e+05
-1.54775192e+05
-1.52863086e+05
-1.50950981e+05
-1.71744245e+05
-1.69831272e+05
-1.67918299e+05
-1.66005326e+05
-1.64092353e+05
-1.62179380e+05
-1.60266407e+05
-1.58353434e+05
-1.56440461e+05
-1.77237794e+05
-1.75323885e+05
-1.73409976e+05
-1.71496067e+05
-1.69582158e+05
-1.67668249e+05
-1.65754340e+05
-1.63840431e+05
-1.61926522e+05
-1.82688647e+05
-1.80769984e+05
-1.78851321e+05
-1.76932659e+05
-1.75013996e+05
-1.73095334e+05
-1.71176671e+05
-1.69258008e+05
-1.67339346e+05
-1.88055179e+05
-1.86133335e+05
-1.84211491e+05
-1.82289647e+05
-1.80367803e+05
-1.78445960e+05
-1.76524116e+05
-1.74602272e+05
-1.72680428e+05
-1.93387176e+05
-1.91464387e+05
-1.89541597e+05
-1.87618808e+05
-1.85696018e+05
-1.83773229e+05
-1.81850439e+05
-1.79927650e+05
-1.78004860e+05
-1.98709596e+05
-1.96785808e+05
-1.94862020e+05
-1.92938233e+05
-1.91014445e+05
-1.89090657e+05
-1.87166870e+05
-1.85243082e+05
-1.83319294e+05
-2.03958618e+05
-2.02027243e+05
-2.00095869e+05
-1.98164494e+05
-1.96233119e+05
-1.94301745e+05
-1.92370370e+05
-1.90438995e+05
-1.88507621e+05
-2.09089300e+05
-2.07156189e+05
-2.05223077e+05
-2.03289966e+05
-2.01356854e+05
-1.99423743e+05
-1.97490632e+05
-1.95557520e+05
-1.93624409e+05
-2.14208562e+05
-2.12274577e+05
-2.10340592e+05
-2.08406607e+05
-2.06472622e+05
-2.04538637e+05
-2.02604653e+05
-2.00670668e+05
-1.98736683e+05
-2.19296603e+05
-2.17359780e+05
-2.15422957e+05
-2.13486134e+05
-2.11549311e+05
-2.09612488e+05
-2.07675665e+05
-2.05738842e+05
-2.03802019e+05
-2.24267090e+05
-2.22321884e+05
-2.20376677e+05
-2.18431470e+05
-2.16486263e+05
-2.14541056e+05
-2.12595850e+05
-2.10650643e+05
-2.08705436e+05
-2.29110557e+05
-2.27164463e+05
-2.25218369e+05
-2.23272275e+05
-2.21326180e+05
-2.19380086e+05
-2.17433992e+05
-2.15487898e+05
-2.13541804e+05
-2.33951367e+05
-2.32004339e+05
-2.30057311e+05
-2.28110283e+05
-2.26163255e+05
-2.24216226e+05
-2.22269198e+05
-2.20322170e+05
-2.18375142e+05
-2.38715326e+05
-2.36761737e+05
-2.34808147e+05
-2.32854557e+05
-2.30900968e+05
-2.28947378e+05
-2.26993789e+05
-2.25040199e+05
-2.23086610e+05
-2.43312232e+05
-2.41352506e+05
-2.39392779e+05
-2.37433053e+05
-2.35473327e+05
-2.33513601e+05
-2.31553874e+05
-2.29594148e+05
-2.27634422e+05
-2.47814863e+05
-2.45854198e+05
-2.43893532e+05
-2.41932867e+05
-2.39972201e+05
-2.38011536e+05
-2.36050871e+05
-2.34090205e+05
-2.32129540e+05
-2.52297011e+05
-2.50334712e+05
-2.48372414e+05
-2.46410115e+05
-2.44447816e+05
-2.42485518e+05
-2.40523219e+05
-2.38560921e+05
-2.36598622e+05
-2.56635247e+05
-2.54662781e+05
-2.52690315e+05
-2.50717850e+05
-2.48745384e+05
-2.46772918e+05
-2.44800452e+05
-2.42827987e+05
-2.40855521e+05
-2.60762084e+05
-2.58786571e+05
-2.56811057e+05
-2.54835543e+05
-2.52860029e+05
-2.50884516e+05
-2.48909002e+05
-2.46933488e+05
-2.44957975e+05
-2.64844289e+05
-2.62867875e+05
-2.60891461e+05
-2.58915047e+05
-2.56938632e+05
-2.54962218e+05
-2.52985804e+05
-2.51009390e+05
-2.49032976e+05
-2.68847000e+05
-2.66865247e+05
-2.64883493e+05
-2.62901740e+05
-2.60919987e+05
-2.58938234e+05
-2.56956481e+05
-2.54974728e+05
-2.52992975e+05
-2.72379928e+05
-2.70375000e+05
-2.68370072e+05
-2.66365144e+05
-2.64360216e+05
-2.62355288e+05
-2.60350359e+05
-2.58345431e+05
-2.56340503e+05
-2.88273407e+08
-2.85942679e+08
-2.83611950e+08
-2.81281221e+08
-2.78950492e+08
-2.76619763e+08
-2.74289035e+08
-2.71958306e+08
-2.69627577e+08
-2.92226892e+08
-2.89905048e+08
-2.87583205e+08
-2.85261362e+08
-2.82939519e+08
-2.80617676e+08
-2.78295833e+08
-2.75973990e+08
-2.73652147e+08
-2.95618973e+08
-2.93285904e+08
-2.90952836e+08
-2.88619767e+08
-2.86286699e+08
-2.83953630e+08
-2.81620562e+08
-2.79287493e+08
-2.76954424e+08
-2.98749996e+08
-2.96416004e+08
-2.94082011e+08
-2.91748018e+08
-2.89414026e+08
-2.87080033e+08
-2.84746041e+08
-2.82412048e+08
-2.80078055e+08
-3.01841638e+08
-2.99506850e+08
-2.97172062e+08
-2.94837273e+08
-2.92502485e+08
-2.90167697e+08
-2.87832909e+08
-2.85498121e+08
-2.83163333e+08
-3.04709167e+08
-3.02364282e+08
-3.00019397e+08
-2.97674512e+08
-2.95329627e+08
-2.92984742e+08
-2.90639856e+08
-2.88294971e+08
-2.85950086e+08
-3.07225688e+08
-3.04876777e+08
-3.02527865e+08
-3.00178953e+08
-2.97830041e+08
-2.95481129e+08
-2.93132217e+08
-2.90783306e+08
-2.88434394e+08
-3.09622772e+08
-3.07273692e+08
-3.04924613e+08
-3.02575534e+08
-3.00226455e+08
-2.97877375e+08
-2.95528296e+08
-2.93179217e+08
-2.90830138e+08
-3.11853013e+08
-3.09498039e+08
-3.07143065e+08
-3.04788091e+08
-3.02433117e+08
-3.00078143e+08
-2.97723169e+08
-2.95368195e+08
-2.93013221e+08
-3.13691650e+08
-3.11330552e+08
-3.08969453e+08
-3.06608355e+08
-3.04247256e+08
-3.01886158e+08
-2.99525060e+08
-2.97163961e+08
-2.94802863e+08
-3.15288858e+08
-3.12927647e+08
-3.10566436e+08
-3.08205225e+08
-3.05844013e+08
-3.03482802e+08
-3.01121591e+08
-2.98760380e+08
-2.96399168e+08
-3.16746408e+08
-3.14382136e+08
-3.12017865e+08
-3.09653593e+08
-3.07289322e+08
-3.04925050e+08
-3.02560779e+08
-3.00196507e+08
-2.97832236e+08
-3.18177433e+08
-3.15812146e+08
-3.13446859e+08
-3.11081572e+08
-3.08716285e+08
-3.06350998e+08
-3.03985711e+08
-3.01620424e+08
-2.99255137e+08
-3.05856637e+05
-3.03877308e+05
-3.01897979e+05
-2.99918650e+05
-2.97939321e+05
-2.95959991e+05
-2.93980662e+05
-2.92001333e+05
-2.90022004e+05
-3.06554448e+05
-3.04567132e+05
-3.02579815e+05
-3.00592499e+05
-2.98605182e+05
-2.96617866e+05
-2.94630549e+05
-2.92643233e+05
-2.90655916e+05
-3.06419975e+05
-3.04430611e+05
-3.02441247e+05
-3.00451883e+05
-2.98462519e+05
-2.96473155e+05
-2.94483791e+05
-2.92494428e+05
-2.90505064e+05
-3.06042034e+05
-3.04050229e+05
-3.02058424e+05
-3.00066619e+05
-2.98074814e+05
-2.96083009e+05
-2.94091205e+05
-2.92099400e+05
-2.90107595e+05
-3.05286041e+05
-3.03295626e+05
-3.01305211e+05
-2.99314796e+05
-2.97324381e+05
-2.95333966e+05
-2.93343551e+05
-2.91353136e+05
-2.89362721e+05
-3.03940158e+05
-3.01951697e+05
-2.99963235e+05
-2.97974774e+05
-2.95986313e+05
-2.93997852e+05
-2.92009391e+05
-2.90020929e+05
-2.88032468e+05
-3.02372991e+05
-3.00382449e+05
-2.98391906e+05
-2.96401363e+05
-2.94410821e+05
-2.92420278e+05
-2.90429735e+05
-2.88439193e+05
-2.86448650e+05
-3.00215596e+05
-2.98238865e+05
-2.96262134e+05
-2.94285403e+05
-2.92308672e+05
-2.90331941e+05
-2.88355210e+05
-2.86378479e+05
-2.84401748e+05
-2.97446682e+05
-2.95472426e+05
-2.93498170e+05
-2.91523914e+05
-2.89549658e+05
-2.87575401e+05
-2.85601145e+05
-2.83626889e+05
-2.81652633e+05
-2.94436969e+05
-2.92466041e+05
-2.90495113e+05
-2.88524185e+05
-2.86553257e+05
-2.84582329e+05
-2.82611401e+05
-2.80640473e+05
-2.78669545e+05
-2.90653504e+05
-2.88711087e+05
-2.86768671e+05
-2.84826255e+05
-2.82883839e+05
-2.80941422e+05
-2.78999006e+05
-2.77056590e+05
-2.75114173e+05
-2.86398649e+05
-2.84455148e+05
-2.82511647e+05
-2.80568146e+05
-2.78624645e+05
-2.76681144e+05
-2.74737643e+05
-2.72794142e+05
-2.70850641e+05
-2.81574631e+05
-2.79660771e+05
-2.77746912e+05
-2.75833052e+05
-2.73919193e+05
-2.72005333e+05
-2.70091473e+05
-2.68177614e+05
-2.66263754e+05
-2.76077873e+05
-2.74183856e+05
-2.72289839e+05
-2.70395823e+05
-2.68501806e+05
-2.66607789e+05
-2.64713772e+05
-2.62819756e+05
-2.60925739e+05
-2.70184007e+05
-2.68303648e+05
-2.66423290e+05
-2.64542932e+05
-2.62662573e+05
-2.60782215e+05
-2.58901856e+05
-2.57021498e+05
-2.55141140e+05
-2.63365748e+05
-2.61544958e+05
-2.59724169e+05
-2.57903380e+05
-2.56082590e+05
-2.54261801e+05
-2.52441011e+05
-2.50620222e+05
-2.48799433e+05
-2.56178418e+05
-2.54358114e+05
-2.52537811e+05
-2.50717507e+05
-2.48897203e+05
-2.47076899e+05
-2.45256596e+05
-2.43436292e+05
-2.41615988e+05
-2.47979027e+05
-2.46245759e+05
-2.44512490e+05
-2.42779221e+05
-2.41045953e+05
-2.39312684e+05
-2.37579416e+05
-2.35846147e+05
-2.34112879e+05
-2.39307358e+05
-2.37585995e+05
-2.35864633e+05
-2.34143270e+05
-2.32421907e+05
-2.30700545e+05
-2.28979182e+05
-2.27257819e+05
-2.25536457e+05
-2.29754172e+05
-2.28116547e+05
-2.26478922e+05
-2.24841297e+05
-2.23203672e+05
-2.21566047e+05
-2.19928422e+05
-2.18290797e+05
-2.16653172e+05
-2.19598520e+05
-2.18005798e+05
-2.16413076e+05
-2.14820354e+05
-2.13227632e+05
-2.11634910e+05
-2.10042188e+05
-2.08449465e+05
-2.06856743e+05
-2.08677708e+05
-2.07163227e+05
-2.05648746e+05
-2.04134265e+05
-2.02619784e+05
-2.01105303e+05
-1.99590822e+05
-1.98076341e+05
-1.96561860e+05
-1.97065565e+05
-1.95626345e+05
-1.94187125e+05
-1.92747905e+05
-1.91308685e+05
-1.89869465e+05
-1.88430245e+05
-1.86991025e+05
-1.85551805e+05
-1.84797727e+05
-1.83438368e+05
-1.82079009e+05
-1.80719650e+05
-1.79360291e+05
-1.78000933e+05
-1.76641574e+05
-1.75282215e+05
-1.73922856e+05
-1.71802727e+05
-1.70544218e+05
-1.69285709e+05
-1.68027200e+05
-1.66768691e+05
-1.65510182e+05
-1.64251673e+05
-1.62993164e+05
-1.61734654e+05
-1.58231429e+05
-1.57063346e+05
-1.55895262e+05
-1.54727178e+05
-1.53559095e+05
-1.52391011e+05
-1.51222928e+05
-1.50054844e+05
-1.48886760e+05
-1.44014293e+05
-1.42958634e+05
-1.41902976e+05
-1.40847317e+05
-1.39791659e+05
-1.38736001e+05
-1.37680342e+05
-1.36624684e+05
-1.35569025e+05
-1.29248945e+05
-1.28305860e+05
-1.27362775e+05
-1.26419690e+05
-1.25476605e+05
-1.24533520e+05
-1.23590435e+05
-1.22647350e+05
-1.21704266e+05
-1.15803479e+05
-1.14671093e+05
-1.13538706e+05
-1.12406320e+05
-1.11273934e+05
-1.10141547e+05
-1.09009161e+05
-1.07876775e+05
-1.06744389e+05
-2.18086115e+07
-3.15937383e+07
-3.14868282e+07
-3.13799180e+07
-3.12730079e+07
-3.11660978e+07
-3.10591876e+07
-3.09522775e+07
-2.12359055e+07
-1.81169721e+07
-2.62740744e+07
-2.62188282e+07
-2.61635820e+07
-2.61083359e+07
-2.60530897e+07
-2.59978435e+07
-2.59425974e+07
-1.78188169e+07
-1.43812634e+07
-2.08451040e+07
-2.07929771e+07
-2.07408502e+07
-2.06887233e+07
-2.06365964e+07
-2.05844695e+07
-2.05323426e+07
-1.40949178e+07
-1.06015085e+07
-1.53640438e+07
-1.53275771e+07
-1.52911103e+07
-1.52546436e+07
-1.52181769e+07
-1.51817102e+07
-1.51452435e+07
-1.03951444e+07
-6.75136019e+06
-9.79429913e+06
-9.78764142e+06
-9.78098371e+06
-9.77432600e+06
-9.76766830e+06
-9.76101059e+06
-9.75435288e+06
-6.70211357e+06
-2.92353456e+06
-4.23664966e+06
-4.23784013e+06
-4.23903060e+06
-4.24022107e+06
-4.24141154e+06
-4.24260201e+06
-4.24379248e+06
-2.91272662e+06
9.36511815e+05
1.35749959e+06
1.33767752e+06
1.31785546e+06
1.29803339e+06
1.27821133e+06
1.25838926e+06
1.23856720e+06
8.50154978e+05
4.78237616e+06
6.90575060e+06
6.84091643e+06
6.77608225e+06
6.71124807e+06
6.64641390e+06
6.58157972e+06
6.51674554e+06
4.45511364e+06
3.97997807e+04
3.89498230e+04
3.80998653e+04
3.72499075e+04
3.63999498e+04
3.55499921e+04
3.47000344e+04
3.38500767e+04
3.30001189e+04
5.40151475e+04
5.33989518e+04
5.27827561e+04
5.21665605e+04
5.15503648e+04
5.09341691e+04
5.03179734e+04
4.97017777e+04
4.90855820e+04
6.98819026e+04
6.90950358e+04
6.83081691e+04
6.75213023e+04
6.67344355e+04
6.59475687e+04
6.51607020e+04
6.43738352e+04
6.35869684e+04
8.50026159e+04
8.41266152e+04
8.32506144e+04
8.23746136e+04
8.14986128e+04
8.06226121e+04
7.97466113e+04
7.88706105e+04
7.79946097e+04
9.99017236e+04
9.88625687e+04
9.78234137e+04
9.67842588e+04
9.57451039e+04
9.47059490e+04
9.36667941e+04
9.26276392e+04
9.15884842e+04
1.13947976e+05
1.12821876e+05
1.11695776e+05
1.10569676e+05
1.09443576e+05
1.08317476e+05
1.07191377e+05
1.06065277e+05
1.04939177e+05
1.27607098e+05
1.26352818e+05
1.25098538e+05
1.23844257e+05
1.22589977e+05
1.21335696e+05
1.20081416e+05
1.18827135e+05
1.17572855e+05
1.40462020e+05
1.39137945e+05
1.37813871e+05
1.36489796e+05
1.35165721e+05
1.33841647e+05
1.32517572e+05
1.31193497e+05
1.29869423e+05
1.52881480e+05
1.51452672e+05
1.50023865e+05
1.48595058e+05
1.47166251e+05
1.45737444e+05
1.44308637e+05
1.42879830e+05
1.41451023e+05
1.64513998e+05
1.63039596e+05
1.61565195e+05
1.60090793e+05
1.58616392e+05
1.57141990e+05
1.55667588e+05
1.54193187e+05
1.52718785e+05
1.75736873e+05
1.74157885e+05
1.72578898e+05
1.70999910e+05
1.69420923e+05
1.67841935e+05
1.66262948e+05
1.64683960e+05
1.63104972e+05
1.86081406e+05
1.84476610e+05
1.82871813e+05
1.81267016e+05
1.79662220e+05
1.78057423e+05
1.76452626e+05
1.74847830e+05
1.73243033e+05
1.96094076e+05
1.94403380e+05
1.92712684e+05
1.91021989e+05
1.89331293e+05
1.87640597e+05
1.85949902e+05
1.84259206e+05
1.82568510e+05
2.05292770e+05
2.03582770e+05
2.01872771e+05
2.00162771e+05
1.98452772e+05
1.96742773e+05
1.95032773e+05
1.93322774e+05
1.91612775e+05
2.14165900e+05
2.12392573e+05
2.10619246e+05
2.08845919e+05
2.07072591e+05
2.05299264e+05
2.03525937e+05
2.01752610e+05
1.99979282e+05
2.22333654e+05
2.20533338e+05
2.18733021e+05
2.16932704e+05
2.15132387e+05
2.13332071e+05
2.11531754e+05
2.09731437e+05
2.07931120e+05
2.30139017e+05
2.28310610e+05
2.26482202e+05
2.24653795e+05
2.22825388e+05
2.20996981e+05
2.19168574e+05
2.17340167e+05
2.15511759e+05
2.37443600e+05
2.35569534e+05
2.33695469e+05
2.31821403e+05
2.29947337e+05
2.28073272e+05
2.26199206e+05
2.24325140e+05
2.22451074e+05
2.44210293e+05
2.42329062e+05
2.40447832e+05
2.38566601e+05
2.36685370e+05
2.34804139e+05
2.32922908e+05
2.31041677e+05
2.29160446e+05
2.50682320e+05
2.48760596e+05
2.46838873e+05
2.44917149e+05
2.42995426e+05
2.41073703e+05
2.39151979e+05
2.37230256e+05
2.35308532e+05
2.56540394e+05
2.54601288e+05
2.52662182e+05
2.50723076e+05
2.48783970e+05
2.46844864e+05
2.44905758e+05
2.42966652e+05
2.41027547e+05
2.62124329e+05
2.60173738e+05
2.58223146e+05
2.56272555e+05
2.54321963e+05
2.52371372e+05
2.50420780e+05
2.48470189e+05
2.46519597e+05
2.67301221e+05
2.65319014e+05
2.63336807e+05
2.61354600e+05
2.59372393e+05
2.57390186e+05
2.55407979e+05
2.53425772e+05
2.51443565e+05
2.71835535e+05
2.69834039e+05
2.67832544e+05
2.65831048e+05
2.63829553e+05
2.61828057e+05
2.59826562e+05
2.57825066e+05
2.55823571e+05
2.87251435e+08
2.85049747e+08
2.82848059e+08
2.80646370e+08
2.78444682e+08
2.76242994e+08
2.74041305e+08
2.71839617e+08
2.69637928e+08
2.90808683e+08
2.88599762e+08
2.86390841e+08
2.84181920e+08
2.81972999e+08
2.79764078e+08
2.77555157e+08
2.75346236e+08
2.73137315e+08
2.94600221e+08
2.92387435e+08
2.90174649e+08
2.87961863e+08
2.85749077e+08
2.83536290e+08
2.81323504e+08
2.79110718e+08
2.76897932e+08
2.98244737e+08
2.96028024e+08
2.93811310e+08
2.91594597e+08
2.89377883e+08
2.87161169e+08
2.84944456e+08
2.82727742e+08
2.80511029e+08
3.01408166e+08
2.99170109e+08
2.96932052e+08
2.94693995e+08
2.92455938e+08
2.90217881e+08
2.87979824e+08
2.85741767e+08
2.83503710e+08
3.04039297e+08
3.01800908e+08
2.99562520e+08
2.97324131e+08
2.95085743e+08
2.92847354e+08
2.90608965e+08
2.88370577e+08
2.86132188e+08
3.06582102e+08
3.04340399e+08
3.02098696e+08
2.99856993e+08
2.97615290e+08
2.95373588e+08
2.93131885e+08
2.90890182e+08
2.88648479e+08
3.08668460e+08
3.06415014e+08
3.04161569e+08
3.01908123e+08
2.99654678e+08
2.97401233e+08
2.95147787e+08
2.92894342e+08
2.90640897e+08
3.10284068e+08
3.08029405e+08
3.05774741e+08
3.03520078e+08
3.01265414e+08
2.99010751e+08
2.96756087e+08
2.94501423e+08
2.92246760e+08
3.11828308e+08
3.09573427e+08
3.07318546e+08
3.05063665e+08
3.02808783e+08
3.00553902e+08
2.98299021e+08
2.96044139e+08
2.93789258e+08
3.12936104e+08
3.10674190e+08
3.08412275e+08
3.06150361e+08
3.03888447e+08
3.01626533e+08
2.99364619e+08
2.97102705e+08
2.94840790e+08
3.13520850e+08
3.11258496e+08
3.08996142e+08
3.06733788e+08
3.04471434e+08
3.02209080e+08
2.99946726e+08
2.97684372e+08
2.95422018e+08
3.14013259e+08
3.11751141e+08
3.09489023e+08
3.07226905e+08
3.04964787e+08
3.02702669e+08
3.00440551e+08
2.98178433e+08
2.95916315e+08
3.14460713e+08
3.12198506e+08
3.09936299e+08
3.07674092e+08
3.05411885e+08
3.03149678e+08
3.00887471e+08
2.98625264e+08
2.96363057e+08
3.01626767e+05
2.99614977e+05
2.97603187e+05
2.95591397e+05
2.93579606e+05
2.91567816e+05
2.89556026e+05
2.87544236e+05
2.85532446e+05
3.01356830e+05
2.99345460e+05
2.97334089e+05
2.95322719e+05
2.93311348e+05
2.91299978e+05
2.89288608e+05
2.87277237e+05
2.85265867e+05
3.00847471e+05
2.98836128e+05
2.96824785e+05
2.94813441e+05
2.92802098e+05
2.90790755e+05
2.88779412e+05
2.86768069e+05
2.84756726e+05
2.99876672e+05
2.97870386e+05
2.95864100e+05
2.93857813e+05
2.91851527e+05
2.89845241e+05
2.87838954e+05
2.85832668e+05
2.83826382e+05
2.98504051e+05
2.96497818e+05
2.94491585e+05
2.92485352e+05
2.90479118e+05
2.88472885e+05
2.86466652e+05
2.84460419e+05
2.82454186e+05
2.97107820e+05
2.95101521e+05
2.93095222e+05
2.91088923e+05
2.89082625e+05
2.87076326e+05
2.85070027e+05
2.83063728e+05
2.81057430e+05
2.95425456e+05
2.93425101e+05
2.91424747e+05
2.89424392e+05
2.87424037e+05
2.85423682e+05
2.83423328e+05
2.81422973e+05
2.79422618e+05
2.93305720e+05
2.91310285e+05
2.89314850e+05
2.87319415e+05
2.85323980e+05
2.83328544e+05
2.81333109e+05
2.79337674e+05
2.77342239e+05
2.91012179e+05
2.89016843e+05
2.87021507e+05
2.85026171e+05
2.83030835e+05
2.81035499e+05
2.79040163e+05
2.77044827e+05
2.75049491e+05
2.88673816e+05
2.86679708e+05
2.84685600e+05
2.82691491e+05
2.80697383e+05
2.78703275e+05
2.76709167e+05
2.74715059e+05
2.72720951e+05
2.85895485e+05
2.83915139e+05
2.81934793e+05
2.79954447e+05
2.77974101e+05
2.75993756e+05
2.74013410e+05
2.72033064e+05
2.70052718e+05
2.82766788e+05
2.80787404e+05
2.78808020e+05
2.76828636e+05
2.74849252e+05
2.72869867e+05
2.70890483e+05
2.68911099e+05
2.66931715e+05
2.79599602e+05
2.77620457e+05
2.75641311e+05
2.73662166e+05
2.71683020e+05
2.69703875e+05
2.67724729e+05
2.65745584e+05
2.63766438e+05
2.76283181e+05
2.74310257e+05
2.72337333e+05
2.70364409e+05
2.68391485e+05
2.66418561e+05
2.64445637e+05
2.62472713e+05
2.60499790e+05
2.72607783e+05
2.70645594e+05
2.68683405e+05
2.66721217e+05
2.64759028e+05
2.62796839e+05
2.60834651e+05
2.58872462e+05
2.56910273e+05
2.68740025e+05
2.66778143e+05
2.64816261e+05
2.62854379e+05
2.60892496e+05
2.58930614e+05
2.56968732e+05
2.55006850e+05
2.53044967e+05
2.64859837e+05
2.62898285e+05
2.60936732e+05
2.58975179e+05
2.57013626e+05
2.55052074e+05
2.53090521e+05
2.51128968e+05
2.49167415e+05
2.60766967e+05
2.58815981e+05
2.56864995e+05
2.54914009e+05
2.52963023e+05
2.51012037e+05
2.49061051e+05
2.47110065e+05
2.45159079e+05
2.56404907e+05
2.54460009e+05
2.52515112e+05
2.50570214e+05
2.48625317e+05
2.46680420e+05
2.44735522e+05
2.42790625e+05
2.40845728e+05
2.51944463e+05
2.49999927e+05
2.48055391e+05
2.46110855e+05
2.44166319e+05
2.42221783e+05
2.40277247e+05
2.38332711e+05
2.36388175e+05
2.47483047e+05
2.45538831e+05
2.43594616e+05
2.41650401e+05
2.39706185e+05
2.37761970e+05
2.35817755e+05
2.33873539e+05
2.31929324e+05
2.42783624e+05
2.40852695e+05
2.38921766e+05
2.36990837e+05
2.35059908e+05
2.33128979e+05
2.31198050e+05
2.29267120e+05
2.27336191e+05
2.37882651e+05
2.35954184e+05
2.34025717e+05
2.32097250e+05
2.30168783e+05
2.28240316e+05
2.26311849e+05
2.24383381e+05
2.22454914e+05
2.32936971e+05
2.31008850e+05
2.29080728e+05
2.27152607e+05
2.25224485e+05
2.23296364e+05
2.21368242e+05
2.19440121e+05
2.17511999e+05
2.27974256e+05
2.26047608e+05
2.24120961e+05
2.22194313e+05
2.20267665e+05
2.18341017e+05
2.16414370e+05
2.14487722e+05
2.12561074e+05
2.22829107e+05
2.20912742e+05
2.18996377e+05
2.17080012e+05
2.15163646e+05
2.13247281e+05
2.11330916e+05
2.09414551e+05
2.07498186e+05
2.17558941e+05
2.15643604e+05
2.13728267e+05
2.11812930e+05
2.09897593e+05
2.07982257e+05
2.06066920e+05
2.04151583e+05
2.02236246e+05
2.12268083e+05
2.10353017e+05
2.08437951e+05
2.06522886e+05
2.04607820e+05
2.02692754e+05
2.00777688e+05
1.98862622e+05
1.96947556e+05
2.06966900e+05
2.05058196e+05
2.03149492e+05
2.01240788e+05
1.99332083e+05
1.97423379e+05
1.95514675e+05
1.93605970e+05
1.91697266e+05
2.01617038e+05
1.99713649e+05
1.97810261e+05
1.95906873e+05
1.94003484e+05
1.92100096e+05
1.90196708e+05
1.88293319e+05
1.86389931e+05
1.96207553e+05
1.94304366e+05
1.92401178e+05
1.90497991e+05
1.88594803e+05
1.86691616e+05
1.84788428e+05
1.82885241e+05
1.80982053e+05
1.90789219e+05
1.88885960e+05
1.86982702e+05
1.85079443e+05
1.83176185e+05
1.81272927e+05
1.79369668e+05
1.77466410e+05
1.75563152e+05
1.85369316e+05
1.83466071e+05
1.81562826e+05
1.79659580e+05
1.77756335e+05
1.75853089e+05
1.73949844e+05
1.72046599e+05
1.70143353e+05
1.79945996e+05
1.78042832e+05
1.76139668e+05
1.74236504e+05
1.72333340e+05
1.70430176e+05
1.68527011e+05
1.66623847e+05
1.64720683e+05
1.74522612e+05
1.72619259e+05
1.70715906e+05
1.68812553e+05
1.66909200e+05
1.65005848e+05
1.63102495e+05
1.61199142e+05
1.59295789e+05
1.69097954e+05
1.67194352e+05
1.65290750e+05
1.63387149e+05
1.61483547e+05
1.59579945e+05
1.57676343e+05
1.55772741e+05
1.53869140e+05
1.63737537e+05
1.61829591e+05
1.59921645e+05
1.58013699e+05
1.56105753e+05
1.54197807e+05
1.52289862e+05
1.50381916e+05
1.48473970e+05
1.58475227e+05
1.56563633e+05
1.54652039e+05
1.52740445e+05
1.50828851e+05
1.48917256e+05
1.47005662e+05
1.45094068e+05
1.43182474e+05
1.53256495e+05
1.51344513e+05
1.49432530e+05
1.47520547e+05
1.45608565e+05
1.43696582e+05
1.41784600e+05
1.39872617e+05
1.37960634e+05
1.48053853e+05
1.46140396e+05
1.44226939e+05
1.42313482e+05
1.40400024e+05
1.38486567e+05
1.36573110e+05
1.34659652e+05
1.32746195e+05
1.43042682e+05
1.41118173e+05
1.39193664e+05
1.37269155e+05
1.35344646e+05
1.33420138e+05
1.31495629e+05
1.29571120e+05
1.27646611e+05
1.38208073e+05
1.36280053e+05
1.34352033e+05
1.32424013e+05
1.30495994e+05
1.28567974e+05
1.26639954e+05
1.24711934e+05
1.22783914e+05
1.33422651e+05
1.31494088e+05
1.29565525e+05
1.27636962e+05
1.25708399e+05
1.23779836e+05
1.21851273e+05
1.19922710e+05
1.17994147e+05
1.28742398e+05
1.26807265e+05
1.24872133e+05
1.22937001e+05
1.21001869e+05
1.19066737e+05
1.17131604e+05
1.15196472e+05
1.13261340e+05
1.24390676e+05
1.22441893e+05
1.20493111e+05
1.18544329e+05
1.16595547e+05
1.14646765e+05
1.12697983e+05
1.10749201e+05
1.08800419e+05
1.20230089e+05
1.18280564e+05
1.16331039e+05
1.14381515e+05
1.12431990e+05
1.10482465e+05
1.08532940e+05
1.06583415e+05
1.04633891e+05
1.16079044e+05
1.14128750e+05
1.12178456e+05
1.10228162e+05
1.08277867e+05
1.06327573e+05
1.04377279e+05
1.02426985e+05
1.00476691e+05
1.12308138e+05
1.10340008e+05
1.08371878e+05
1.06403748e+05
1.04435618e+05
1.02467488e+05
1.00499358e+05
9.85312280e+04
9.65630980e+04
1.08862168e+05
1.06891484e+05
1.04920800e+05
1.02950116e+05
1.00979432e+05
9.90087482e+04
9.70380643e+04
9.50673804e+04
9.30966965e+04
1.05480259e+05
1.03508312e+05
1.01536365e+05
9.95644186e+04
9.75924718e+04
9.56205250e+04
9.36485782e+04
9.16766314e+04
8.97046846e+04
1.02398200e+05
1.00414672e+05
9.84311445e+04
9.64476169e+04
9.44640894e+04
9.24805619e+04
9.04970343e+04
8.85135068e+04
8.65299792e+04
9.97069364e+04
9.77172555e+04
9.57275746e+04
9.37378937e+04
9.17482128e+04
8.97585319e+04
8.77688509e+04
8.57791700e+04
8.37894891e+04
9.71593327e+04
9.51688047e+04
9.31782766e+04
9.11877486e+04
8.91972206e+04
8.72066926e+04
8.52161646e+04
8.32256366e+04
8.12351086e+04
9.49588297e+04
9.29581761e+04
9.09575225e+04
8.89568689e+04
8.69562153e+04
8.49555617e+04
8.29549080e+04
8.09542544e+04
7.89536008e+04
9.32383600e+04
9.12326600e+04
8.92269600e+04
8.72212599e+04
8.52155599e+04
8.32098599e+04
8.12041599e+04
7.91984599e+04
7.71927599e+04
9.17056183e+04
8.96989531e+04
8.76922879e+04
8.56856227e+04
8.36789575e+04
8.16722923e+04
7.96656270e+04
7.76589618e+04
7.56522966e+04
9.18910065e+04
8.98878050e+04
8.78846035e+04
8.58814020e+04
8.38782004e+04
8.18749989e+04
7.98717974e+04
7.78685959e+04
7.58653944e+04
1.98906816e+07
2.86061391e+07
2.83361296e+07
2.80661200e+07
2.77961105e+07
2.75261010e+07
2.72560914e+07
2.69860819e+07
1.84307014e+07
2.01246521e+07
2.89427697e+07
2.86705943e+07
2.83984190e+07
2.81262436e+07
2.78540682e+07
2.75818928e+07
2.73097174e+07
1.86518741e+07
2.01852047e+07
2.90298565e+07
2.87577803e+07
2.84857041e+07
2.82136279e+07
2.79415517e+07
2.76694755e+07
2.73973994e+07
1.87118152e+07
2.03530713e+07
2.92725871e+07
2.90005056e+07
2.87284242e+07
2.84563428e+07
2.81842613e+07
2.79121799e+07
2.76400985e+07
1.88785857e+07
2.06189740e+07
2.96582852e+07
2.93869341e+07
2.91155831e+07
2.88442320e+07
2.85728810e+07
2.83015299e+07
2.80301789e+07
1.91474694e+07
2.10062871e+07
3.02198809e+07
2.99489407e+07
2.96780005e+07
2.94070604e+07
2.91361202e+07
2.88651800e+07
2.85942398e+07
1.95361212e+07
2.15022577e+07
3.09399935e+07
3.06703401e+07
3.04006868e+07
3.01310334e+07
2.98613800e+07
2.95917267e+07
2.93220733e+07
2.00382808e+07
2.21355518e+07
3.18594495e+07
3.15911359e+07
3.13228222e+07
3.10545086e+07
3.07861949e+07
3.05178813e+07
3.02495676e+07
2.06781610e+07
2.29204096e+07
3.30000739e+07
3.27343794e+07
3.24686849e+07
3.22029904e+07
3.19372959e+07
3.16716013e+07
3.14059068e+07
2.14766861e+07
2.38850846e+07
3.44020861e+07
3.41394559e+07
3.38768257e+07
3.36141955e+07
3.33515653e+07
3.30889351e+07
3.28263049e+07
2.24575987e+07
2.50252135e+07
3.60595194e+07
3.58007827e+07
3.55420459e+07
3.52833091e+07
3.50245724e+07
3.47658356e+07
3.45070988e+07
2.36186249e+07
2.63180043e+07
3.79476785e+07
3.77024521e+07
3.74572257e+07
3.72119993e+07
3.69667729e+07
3.67215465e+07
3.64763201e+07
2.49848624e+07
2.16214669e+07
3.13475326e+07
3.13309315e+07
3.13143304e+07
3.12977293e+07
3.12811282e+07
3.12645271e+07
3.12479260e+07
2.15275331e+07
1.81629428e+05
1.81353520e+05
1.81077612e+05
1.80801704e+05
1.80525796e+05
1.80249888e+05
1.79973980e+05
1.79698072e+05
1.79422165e+05
1.66512325e+05
1.66235120e+05
1.65957915e+05
1.65680710e+05
1.65403505e+05
1.65126300e+05
1.64849095e+05
1.64571890e+05
1.64294685e+05
1.51395221e+05
1.51116719e+05
1.50838217e+05
1.50559715e+05
1.50281213e+05
1.50002711e+05
1.49724209e+05
1.49445707e+05
1.49167205e+05
1.36278117e+05
1.35998318e+05
1.35718519e+05
1.35438720e+05
1.35158922e+05
1.34879123e+05
1.34599324e+05
1.34319525e+05
1.34039726e+05
1.21161015e+05
1.20879919e+05
1.20598822e+05
1.20317726e+05
1.20036630e+05
1.19755534e+05
1.19474438e+05
1.19193342e+05
1.18912246e+05
1.06043912e+05
1.05761519e+05
1.05479125e+05
1.05196732e+05
1.04914339e+05
1.04631946e+05
1.04349553e+05
1.04067160e+05
1.03784767e+05
9.09268085e+04
9.06431184e+04
9.03594284e+04
9.00757383e+04
8.97920483e+04
8.95083583e+04
8.92246682e+04
8.89409782e+04
8.86572881e+04
7.58097037e+04
7.55247168e+04
7.52397299e+04
7.49547430e+04
7.46697561e+04
7.43847692e+04
7.40997823e+04
7.38147954e+04
7.35298085e+04
6.06926012e+04
6.04063172e+04
6.01200331e+04
5.98337490e+04
5.95474649e+04
5.92611808e+04
5.89748967e+04
5.86886127e+04
5.84023286e+04
4.55754981e+04
4.52879170e+04
4.50003360e+04
4.47127549e+04
4.44251738e+04
4.41375928e+04
4.38500117e+04
4.35624306e+04
4.32748496e+04
3.04583945e+04
3.01695165e+04
2.98806386e+04
2.95917606e+04
2.93028827e+04
2.90140047e+04
2.87251268e+04
2.84362488e+04
2.81473709e+04
1.53412919e+04
1.50511168e+04
1.47609417e+04
1.44707666e+04
1.41805915e+04
1.38904164e+04
1.36002414e+04
1.33100663e+04
1.30198912e+04
2.24187740e+02
-6.72843542e+01
-3.58756449e+02
-6.50228543e+02
-9.41700638e+02
-1.23317273e+03
-1.52464483e+03
-1.81611692e+03
-2.10758902e+03
-1.48929159e+04
-1.51856849e+04
-1.54784538e+04
-1.57712228e+04
-1.60639918e+04
-1.63567608e+04
-1.66495298e+04
-1.69422987e+04
-1.72350677e+04
-3.00100185e+04
-3.03040846e+04
-3.05981507e+04
-3.08922168e+04
-3.11862829e+04
-3.14803491e+04
-3.17744152e+04
-3.20684813e+04
-3.23625474e+04
-4.51271214e+04
-4.54224846e+04
-4.57178477e+04
-4.60132109e+04
-4.63085740e+04
-4.66039372e+04
-4.68993003e+04
-4.71946635e+04
-4.74900266e+04
-6.02442246e+04
-6.05408847e+04
-6.08375448e+04
-6.11342050e+04
-6.14308651e+04
-6.17275252e+04
-6.20241854e+04
-6.23208455e+04
-6.26175056e+04
-7.53613294e+04
-7.56592864e+04
-7.59572434e+04
-7.62552003e+04
-7.65531573e+04
-7.68511143e+04
-7.71490713e+04
-7.74470283e+04
-7.77449853e+04
-9.04784318e+04
-9.07776860e+04
-9.10769401e+04
-9.13761943e+04
-9.16754485e+04
-9.19747027e+04
-9.22739568e+04
-9.25732110e+04
-9.28724652e+04
-1.05595535e+05
-1.05896086e+05
-1.06196637e+05
-1.06497188e+05
-1.06797740e+05
-1.07098291e+05
-1.07398842e+05
-1.07699393e+05
-1.07999944e+05
-1.20712639e+05
-1.21014487e+05
-1.21316335e+05
-1.21618183e+05
-1.21920031e+05
-1.22221879e+05
-1.22523727e+05
-1.22825575e+05
-1.23127423e+05
2.43872976e+05
2.43607463e+05
2.43341950e+05
2.43076437e+05
2.42810925e+05
2.42545412e+05
2.42279899e+05
2.42014387e+05
2.41748874e+05
2.28404180e+05
2.28137698e+05
2.27871217e+05
2.27604736e+05
2.27338254e+05
2.27071773e+05
2.26805292e+05
2.26538810e+05
2.26272329e+05
2.12935385e+05
2.12667935e+05
2.12400484e+05
2.12133034e+05
2.11865584e+05
2.11598134e+05
2.11330683e+05
2.11063233e+05
2.10795783e+05
1.97466591e+05
1.97198172e+05
1.96929753e+05
1.96661334e+05
1.96392915e+05
1.96124496e+05
1.95856077e+05
1.95587658e+05
1.95319239e+05
1.81997796e+05
1.81728408e+05
1.81459020e+05
1.81189633e+05
1.80920245e+05
1.80650858e+05
1.80381470e+05
1.80112082e+05
1.79842695e+05
1.66529001e+05
1.66258644e+05
1.65988288e+05
1.65717931e+05
1.65447575e+05
1.65177218e+05
1.64906862e+05
1.64636505e+05
1.64366149e+05
1.51060205e+05
1.50788880e+05
1.50517555e+05
1.50246230e+05
1.49974904e+05
1.49703579e+05
1.49432254e+05
1.49160928e+05
1.48889603e+05
1.35591410e+05
1.35319116e+05
1.35046822e+05
1.34774528e+05
1.34502234e+05
1.34229940e+05
1.33957646e+05
1.33685352e+05
1.33413058e+05
1.20122615e+05
1.19849352e+05
1.19576089e+05
1.19302826e+05
1.19029563e+05
1.18756301e+05
1.18483038e+05
1.18209775e+05
1.17936512e+05
1.04653819e+05
1.04379588e+05
1.04105356e+05
1.03831125e+05
1.03556893e+05
1.03282661e+05
1.03008430e+05
1.02734198e+05
1.02459967e+05
8.91850246e+04
8.89098243e+04
8.86346241e+04
8.83594239e+04
8.80842237e+04
8.78090234e+04
8.75338232e+04
8.72586230e+04
8.69834227e+04
7.37162307e+04
7.34400616e+04
7.31638925e+04
7.28877234e+04
7.26115543e+04
7.23353852e+04
7.20592160e+04
7.17830469e+04
7.15068778e+04
5.82474354e+04
5.79702975e+04
5.76931597e+04
5.74160218e+04
5.71388839e+04
5.68617460e+04
5.65846081e+04
5.63074702e+04
5.60303324e+04
4.27786401e+04
4.25005335e+04
4.22224268e+04
4.19443202e+04
4.16662135e+04
4.13881069e+04
4.11100002e+04
4.08318936e+04
4.05537869e+04
2.73098441e+04
2.70307689e+04
2.67516936e+04
2.64726183e+04
2.61935430e+04
2.59144678e+04
2.56353925e+04
2.53563172e+04
2.50772420e+04
1.18410493e+04
1.15610051e+04
1.12809609e+04
1.10009168e+04
1.07208726e+04
1.04408284e+04
1.01607842e+04
9.88074002e+03
9.60069584e+03
-3.62774481e+03
-3.90875779e+03
-4.18977076e+03
-4.47078374e+03
-4.75179672e+03
-5.03280969e+03
-5.31382267e+03
-5.59483565e+03
-5.87584862e+03
-1.90965398e+04
-1.93785214e+04
-1.96605029e+04
-1.99424845e+04
-2.02244661e+04
-2.05064477e+04
-2.07884292e+04
-2.10704108e+04
-2.13523924e+04
-3.45653346e+04
-3.48482851e+04
-3.51312356e+04
-3.54141861e+04
-3.56971366e+04
-3.59800870e+04
-3.62630375e+04
-3.65459880e+04
-3.68289385e+04
-5.00341299e+04
-5.03180492e+04
-5.06019684e+04
-5.08858877e+04
-5.11698069e+04
-5.14537262e+04
-5.17376454e+04
-5.20215647e+04
-5.23054840e+04
-6.55029259e+04
-6.57878138e+04
-6.60727017e+04
-6.63575895e+04
-6.66424774e+04
-6.69273653e+04
-6.72122532e+04
-6.74971410e+04
-6.77820289e+04
-8.09717207e+04
-8.12575775e+04
-8.15434343e+04
-8.18292911e+04
-8.21151479e+04
-8.24010047e+04
-8.26868614e+04
-8.29727182e+04
-8.32585750e+04
-9.64405161e+04
-9.67273416e+04
-9.70141672e+04
-9.73009927e+04
-9.75878183e+04
-9.78746438e+04
-9.81614694e+04
-9.84482949e+04
-9.87351205e+04
-1.11909310e+05
-1.12197105e+05
-1.12484899e+05
-1.12772693e+05
-1.13060488e+05
-1.13348282e+05
-1.13636076e+05
-1.13923871e+05
-1.14211665e+05
-1.27378105e+05
-1.27666868e+05
-1.27955631e+05
-1.28244394e+05
-1.28533157e+05
-1.28821920e+05
-1.29110683e+05
-1.29399446e+05
-1.29688209e+05
-1.42846900e+05
-1.43136632e+05
-1.43426364e+05
-1.43716096e+05
-1.44005827e+05
-1.44295559e+05
-1.44585291e+05
-1.44875023e+05
-1.45164755e+05
-1.58315695e+05
-1.58606396e+05
-1.58897097e+05
-1.59187797e+05
-1.59478498e+05
-1.59769198e+05
-1.60059899e+05
-1.60350600e+05
-1.60641300e+05
-1.73784491e+05
-1.74076161e+05
-1.74367830e+05
-1.74659499e+05
-1.74951168e+05
-1.75242837e+05
-1.75534507e+05
-1.75826176e+05
-1.76117845e+05
-1.89253286e+05
-1.89545924e+05
-1.89838562e+05
-1.90131201e+05
-1.90423839e+05
-1.90716477e+05
-1.91009115e+05
-1.91301753e+05
-1.91594391e+05
-2.04722080e+05
-2.05015687e+05
-2.05309294e+05
-2.05602901e+05
-2.05896508e+05
-2.06190115e+05
-2.06483722e+05
-2.06777329e+05
-2.07070936e+05
-2.20190875e+05
-2.20485451e+05
-2.20780026e+05
-2.21074602e+05
-2.21369177e+05
-2.21663753e+05
-2.21958328e+05
-2.22252904e+05
-2.22547480e+05
-2.35659670e+05
-2.35955215e+05
-2.36250759e+05
-2.36546303e+05
-2.36841848e+05
-2.37137392e+05
-2.37432937e+05
-2.37728481e+05
-2.38024026e+05
-2.51128465e+05
-2.51424979e+05
-2.51721492e+05
-2.52018005e+05
-2.52314518e+05
-2.52611031e+05
-2.52907545e+05
-2.53204058e+05
-2.53500571e+05
-2.66597261e+05
-2.66894743e+05
-2.67192225e+05
-2.67489707e+05
-2.67787189e+05
-2.68084671e+05
-2.68382153e+05
-2.68679635e+05
-2.68977117e+05
2.66140207e+05
2.65842112e+05
2.65544016e+05
2.65245921e+05
2.64947826e+05
2.64649731e+05
2.64351635e+05
2.64053540e+05
2.63755445e+05
2.50718661e+05
2.50421615e+05
2.50124568e+05
2.49827521e+05
2.49530474e+05
2.49233427e+05
2.48936380e+05
2.48639334e+05
2.48342287e+05
2.35297115e+05
2.35001117e+05
2.34705119e+05
2.34409120e+05
2.34113122e+05
2.33817124e+05
2.33521126e+05
2.33225128e+05
2.32929129e+05
2.19875570e+05
2.19580620e+05
2.19285670e+05
2.18990720e+05
2.18695770e+05
2.18400820e+05
2.18105870e+05
2.17810921e+05
2.17515971e+05
2.04454025e+05
2.04160123e+05
2.03866222e+05
2.03572320e+05
2.03278419e+05
2.02984517e+05
2.02690616e+05
2.02396714e+05
2.02102813e+05
1.89032479e+05
1.88739626e+05
1.88446773e+05
1.88153920e+05
1.87861067e+05
1.87568214e+05
1.87275361e+05
1.86982508e+05
1.86689655e+05
1.73610935e+05
1.73319130e+05
1.73027325e+05
1.72735521e+05
1.72443716e+05
1.72151911e+05
1.71860107e+05
1.71568302e+05
1.71276498e+05
1.58189390e+05
1.57898634e+05
1.57607878e+05
1.57317122e+05
1.57026365e+05
1.56735609e+05
1.56444853e+05
1.56154097e+05
1.55863341e+05
1.42767844e+05
1.42478136e+05
1.42188429e+05
1.41898721e+05
1.41609014e+05
1.41319306e+05
1.41029598e+05
1.40739891e+05
1.40450183e+05
1.27346299e+05
1.27057639e+05
1.26768980e+05
1.26480321e+05
1.26191662e+05
1.25903002e+05
1.25614343e+05
1.25325684e+05
1.25037025e+05
1.11924753e+05
1.11637142e+05
1.11349531e+05
1.11061921e+05
1.10774310e+05
1.10486699e+05
1.10199088e+05
1.09911477e+05
1.09623867e+05
9.65032075e+04
9.62166452e+04
9.59300828e+04
9.56435205e+04
9.53569581e+04
9.50703958e+04
9.47838334e+04
9.44972711e+04
9.42107087e+04
8.10816620e+04
8.07961480e+04
8.05106341e+04
8.02251202e+04
7.99396063e+04
7.96540924e+04
7.93685785e+04
7.90830646e+04
7.87975507e+04
6.56601157e+04
6.53756504e+04
6.50911851e+04
6.48067198e+04
6.45222545e+04
6.42377892e+04
6.39533238e+04
6.36688585e+04
6.33843932e+04
5.02385706e+04
4.99551536e+04
4.96717366e+04
4.93883196e+04
4.91049026e+04
4.88214856e+04
4.85380686e+04
4.82546516e+04
4.79712346e+04
3.48170251e+04
3.45346565e+04
3.42522879e+04
3.39699194e+04
3.36875508e+04
3.34051823e+04
3.31228137e+04
3.28404451e+04
3.25580766e+04
1.93954795e+04
1.91141594e+04
1.88328393e+04
1.85515191e+04
1.82701990e+04
1.79888789e+04
1.77075588e+04
1.74262387e+04
1.71449186e+04
3.97393392e+03
3.69366225e+03
3.41339058e+03
3.13311892e+03
2.85284725e+03
2.57257559e+03
2.29230392e+03
2.01203225e+03
1.73176059e+03
-1.14476117e+04
-1.17268349e+04
-1.20060581e+04
-1.22852813e+04
-1.25645045e+04
-1.28437277e+04
-1.31229510e+04
-1.34021742e+04
-1.36813974e+04
-2.68691579e+04
-2.71473325e+04
-2.74255071e+04
-2.77036818e+04
-2.79818564e+04
-2.82600310e+04
-2.85382056e+04
-2.88163803e+04
-2.90945549e+04
-4.22907030e+04
-4.25678293e+04
-4.28449556e+04
-4.31220819e+04
-4.33992083e+04
-4.36763346e+04
-4.39534609e+04
-4.42305872e+04
-4.45077136e+04
-5.77122474e+04
-5.79883253e+04
-5.82644032e+04
-5.85404811e+04
-5.88165590e+04
-5.90926369e+04
-5.93687148e+04
-5.96447927e+04
-5.99208706e+04
-7.31337919e+04
-7.34088214e+04
-7.36838508e+04
-7.39588802e+04
-7.42339097e+04
-7.45089391e+04
-7.47839685e+04
-7.50589979e+04
-7.53340274e+04
-8.85553375e+04
-8.88293185e+04
-8.91032995e+04
-8.93772805e+04
-8.96512614e+04
-8.99252424e+04
-9.01992234e+04
-9.04732044e+04
-9.07471854e+04
-1.03976883e+05
-1.04249816e+05
-1.04522748e+05
-1.04795681e+05
-1.05068613e+05
-1.05341546e+05
-1.05614478e+05
-1.05887411e+05
-1.06160343e+05
-1.19398429e+05
-1.19670313e+05
-1.19942197e+05
-1.20214081e+05
-1.20485965e+05
-1.20757849e+05
-1.21029733e+05
-1.21301617e+05
-1.21573501e+05
-1.34819974e+05
-1.35090810e+05
-1.35361646e+05
-1.35632481e+05
-1.35903317e+05
-1.36174153e+05
-1.36444988e+05
-1.36715824e+05
-1.36986659e+05
-1.50241520e+05
-1.50511307e+05
-1.50781094e+05
-1.51050882e+05
-1.51320669e+05
-1.51590456e+05
-1.51860243e+05
-1.52130030e+05
-1.52399817e+05
-1.65663066e+05
-1.65931804e+05
-1.66200543e+05
-1.66469282e+05
-1.66738021e+05
-1.67006759e+05
-1.67275498e+05
-1.67544237e+05
-1.67812975e+05
-1.81084611e+05
-1.81352301e+05
-1.81619992e+05
-1.81887682e+05
-1.82155372e+05
-1.82423063e+05
-1.82690753e+05
-1.82958443e+05
-1.83226133e+05
-1.96506157e+05
-1.96772799e+05
-1.97039441e+05
-1.97306082e+05
-1.97572724e+05
-1.97839366e+05
-1.98106008e+05
-1.98372649e+05
-1.98639291e+05
-2.11927702e+05
-2.12193296e+05
-2.12458889e+05
-2.12724483e+05
-2.12990076e+05
-2.13255669e+05
-2.13521263e+05
-2.13786856e+05
-2.14052450e+05
-2.27349248e+05
-2.27613793e+05
-2.27878338e+05
-2.28142883e+05
-2.28407428e+05
-2.28671973e+05
-2.28936518e+05
-2.29201063e+05
-2.29465608e+05
-2.42770794e+05
-2.43034290e+05
-2.43297787e+05
-2.43561283e+05
-2.43824780e+05
-2.44088276e+05
-2.44351773e+05
-2.44615269e+05
-2.44878766e+05
SCALARS S22 float 1
LOOKUP_TABLE default
1.88125968e+06
-4.00286137e+05
-4.14388789e+05
-4.28491442e+05
-4.42594094e+05
-4.56696746e+05
-4.70799398e+05
-4.84902050e+05
1.96946761e+06
1.73889857e+06
-3.68100707e+05
-3.81967073e+05
-3.95833440e+05
-4.09699807e+05
-4.23566173e+05
-4.37432540e+05
-4.51298906e+05
1.82563619e+06
1.57690837e+06
-3.30907935e+05
-3.44769829e+05
-3.58631722e+05
-3.72493615e+05
-3.86355508e+05
-4.00217401e+05
-4.14079294e+05
1.66401650e+06
1.41637197e+06
-2.94077964e+05
-3.07924687e+05
-3.21771410e+05
-3.35618133e+05
-3.49464855e+05
-3.63311578e+05
-3.77158301e+05
1.50381497e+06
1.25699937e+06
-2.57523294e+05
-2.71354175e+05
-2.85185057e+05
-2.99015938e+05
-3.12846819e+05
-3.26677701e+05
-3.40508582e+05
1.34482563e+06
1.09843417e+06
-2.21183053e+05
-2.34985540e+05
-2.48788028e+05
-2.62590515e+05
-2.76393003e+05
-2.90195490e+05
-3.03997978e+05
1.18656165e+06
9.40232212e+05
-1.84925008e+05
-1.98700870e+05
-2.12476731e+05
-2.26252592e+05
-2.40028453e+05
-2.53804314e+05
-2.67580175e+05
1.02869581e+06
7.82218069e+05
-1.48725599e+05
-1.62467469e+05
-1.76209340e+05
-1.89951210e+05
-2.03693080e+05
-2.17434950e+05
-2.31176820e+05
8.70957358e+05
6.23708356e+05
-1.12420490e+05
-1.26122805e+05
-1.39825120e+05
-1.53527435e+05
-1.67229750e+05
-1.80932066e+05
-1.94634381e+05
7.12648392e+05
4.64687169e+05
-7.59790526e+04
-8.96500556e+04
-1.03321059e+05
-1.16992062e+05
-1.30663065e+05
-1.44334068e+05
-1.58005071e+05
5.53883352e+05
3.05392003e+05
-3.94778943e+04
-5.31151199e+04
-6.67523456e+04
-8.03895713e+04
-9.40267970e+04
-1.07664023e+05
-1.21301248e+05
3.94807891e+05
1.75237742e+05
-9.00462376e+03
-2.30346620e+04
-3.70647003e+04
-5.10947385e+04
-6.51247768e+04
-7.91548151e+04
-9.31848533e+04
2.70318595e+05
6.80492489e+02
2.70369094e+02
-1.39754300e+02
-5.49877695e+02
-9.60001089e+02
-1.37012448e+03
-1.78024788e+03
-2.19037127e+03
-2.60049467e+03
1.49263018e+03
1.10378152e+03
7.14932856e+02
3.26084196e+02
-6.27644636e+01
-4.51613124e+02
-8.40461784e+02
-1.22931044e+03
-1.61815910e+03
2.60037841e+03
2.21651156e+03
1.83264471e+03
1.44877786e+03
1.06491100e+03
6.81044150e+02
2.97177298e+02
-8.66895549e+01
-4.70556407e+02
3.70855610e+03
3.32964634e+03
2.95073657e+03
2.57182680e+03
2.19291704e+03
1.81400727e+03
1.43509751e+03
1.05618774e+03
6.77277975e+02
4.81726336e+03
4.44336772e+03
4.06947209e+03
3.69557646e+03
3.32168083e+03
2.94778520e+03
2.57388956e+03
2.19999393e+03
1.82609830e+03
5.92684533e+03
5.55790905e+03
5.18897276e+03
4.82003648e+03
4.45110019e+03
4.08216391e+03
3.71322762e+03
3.34429134e+03
2.97535505e+03
7.03641785e+03
6.67244129e+03
6.30846472e+03
5.94448816e+03
5.58051160e+03
5.21653504e+03
4.85255848e+03
4.48858191e+03
4.12460535e+03
8.14556956e+03
7.78648439e+03
7.42739922e+03
7.06831406e+03
6.70922889e+03
6.35014373e+03
5.99105856e+03
5.63197339e+03
5.27288823e+03
9.25375373e+03
8.89960290e+03
8.54545207e+03
8.19130124e+03
7.83715041e+03
7.48299958e+03
7.12884875e+03
6.77469792e+03
6.42054709e+03
1.03616275e+04
1.00124262e+04
9.66322497e+03
9.31402370e+03
8.96482243e+03
8.61562115e+03
8.26641988e+03
7.91721860e+03
7.56801733e+03
1.14683743e+04
1.11239827e+04
1.07795911e+04
1.04351995e+04
1.00908079e+04
9.74641631e+03
9.40202472e+03
9.05763313e+03
8.71324154e+03
1.25728301e+04
1.22333293e+04
1.18938285e+04
1.15543277e+04
1.12148269e+04
1.08753261e+04
1.05358253e+04
1.01963245e+04
9.85682366e+03
1.36765238e+04
1.33419594e+04
1.30073950e+04
1.26728306e+04
1.23382662e+04
1.20037018e+04
1.16691374e+04
1.13345730e+04
1.10000086e+04
1.47789238e+04
1.44491605e+04
1.41193972e+04
1.37896339e+04
1.34598705e+04
1.31301072e+04
1.28003439e+04
1.24705806e+04
1.21408172e+04
1.58780513e+04
1.55530440e+04
1.52280367e+04
1.49030294e+04
1.45780221e+04
1.42530147e+04
1.39280074e+04
1.36030001e+04
1.32779928e+04
1.69748341e+04
1.66547537e+04
1.63346732e+04
1.60145928e+04
1.56945124e+04
1.53744320e+04
1.50543516e+04
1.47342712e+04
1.44141908e+04
1.80709053e+04
1.77556947e+04
1.74404841e+04
1.71252736e+04
1.68100630e+04
1.64948525e+04
1.61796419e+04
1.58644314e+04
1.55492208e+04
1.91629710e+04
1.88522798e+04
1.85415885e+04
1.82308972e+04
1.79202059e+04
1.76095146e+04
1.72988233e+04
1.69881320e+04
1.66774407e+04
2.02493008e+04
1.99434800e+04
1.96376592e+04
1.93318384e+04
1.90260175e+04
1.87201967e+04
1.84143759e+04
1.81085551e+04
1.78027343e+04
2.13350850e+04
2.10341599e+04
2.07332348e+04
2.04323097e+04
2.01313846e+04
1.98304595e+04
1.95295344e+04
1.92286093e+04
1.89276842e+04
2.24178291e+04
2.21214779e+04
2.18251267e+04
2.15287755e+04
2.12324243e+04
2.09360731e+04
2.06397218e+04
2.03433706e+04
2.00470194e+04
2.34939032e+04
2.32021760e+04
2.29104489e+04
2.26187217e+04
2.23269946e+04
2.20352674e+04
2.17435403e+04
2.14518132e+04
2.11600860e+04
2.45665233e+04
2.42796666e+04
2.39928098e+04
2.37059531e+04
2.34190963e+04
2.31322396e+04
2.28453829e+04
2.25585261e+04
2.22716694e+04
2.56382895e+04
2.53562912e+04
2.50742930e+04
2.47922947e+04
2.45102964e+04
2.42282981e+04
2.39462999e+04
2.36643016e+04
2.33823033e+04
2.67035056e+04
2.64256211e+04
2.61477366e+04
2.58698521e+04
2.55919677e+04
2.53140832e+04
2.50361987e+04
2.47583143e+04
2.44804298e+04
2.79540693e+04
2.76287521e+04
2.73034350e+04
2.69781178e+04
2.66528007e+04
2.63274835e+04
2.60021664e+04
2.56768492e+04
2.53515320e+04
2.90021198e+04
2.86793502e+04
2.83565806e+04
2.80338111e+04
2.77110415e+04
2.73882719e+04
2.70655024e+04
2.67427328e+04
2.64199633e+04
3.00463381e+04
2.97257674e+04
2.94051968e+04
2.90846261e+04
2.87640554e+04
2.84434848e+04
2.81229141e+04
2.78023435e+04
2.74817728e+04
3.10797387e+04
3.07610212e+04
3.04423038e+04
3.01235863e+04
2.98048688e+04
2.94861513e+04
2.91674338e+04
2.88487164e+04
2.85299989e+04
3.21036561e+04
3.17874521e+04
3.14712481e+04
3.11550442e+04
3.08388402e+04
3.05226362e+04
3.02064322e+04
2.98902283e+04
2.95740243e+04
3.31270388e+04
3.28133336e+04
3.24996284e+04
3.21859231e+04
3.18722179e+04
3.15585126e+04
3.12448074e+04
3.09311022e+04
3.06173969e+04
3.41425660e+04
3.38305745e+04
3.35185830e+04
3.32065915e+04
3.28946000e+04
3.25826085e+04
3.22706170e+04
3.19586255e+04
3.16466340e+04
3.51422611e+04
3.48322781e+04
3.45222952e+04
3.42123122e+04
3.39023293e+04
3.35923463e+04
3.32823634e+04
3.29723804e+04
3.26623974e+04
3.61354133e+04
3.58278826e+04
3.55203519e+04
3.52128213e+04
3.49052906e+04
3.45977599e+04
3.42902293e+04
3.39826986e+04
3.36751679e+04
3.71267796e+04
3.68216868e+04
3.65165939e+04
3.62115011e+04
3.59064083e+04
3.56013155e+04
3.52962227e+04
3.49911298e+04
3.46860370e+04
3.81046414e+04
3.78006323e+04
3.74966232e+04
3.71926140e+04
3.68886049e+04
3.65845958e+04
3.62805867e+04
3.59765776e+04
3.56725685e+04
3.90601568e+04
3.87583825e+04
3.84566082e+04
3.81548340e+04
3.78530597e+04
3.75512854e+04
3.72495112e+04
3.69477369e+04
3.66459626e+04
4.00135007e+04
3.97141340e+04
3.94147672e+04
3.91154005e+04
3.88160337e+04
3.85166669e+04
3.82173002e+04
3.79179334e+04
3.76185666e+04
4.09610783e+04
4.06637109e+04
4.03663436e+04
4.00689762e+04
3.97716088e+04
3.94742415e+04
3.91768741e+04
3.88795067e+04
3.85821394e+04
4.18868543e+04
4.15903310e+04
4.12938077e+04
4.09972843e+04
4.07007610e+04
4.04042376e+04
4.01077143e+04
3.98111910e+04
3.95146676e+04
4.27885992e+04
4.24944022e+04
4.22002052e+04
4.19060082e+04
4.16118112e+04
4.13176143e+04
4.10234173e+04
4.07292203e+04
4.04350233e+04
4.36898472e+04
4.33979667e+04
4.31060863e+04
4.28142058e+04
4.25223254e+04
4.22304449e+04
4.19385644e+04
4.16466840e+04
4.13548035e+04
4.45769196e+04
4.42861935e+04
4.39954674e+04
4.37047413e+04
4.34140153e+04
4.31232892e+04
4.28325631e+04
4.25418370e+04
4.22511110e+04
4.54327213e+04
4.51431886e+04
4.48536559e+04
4.45641232e+04
4.42745905e+04
4.39850578e+04
4.36955251e+04
4.34059924e+04
4.31164597e+04
4.62706947e+04
4.59833823e+04
4.56960699e+04
4.54087576e+04
4.51214452e+04
4.48341328e+04
4.45468205e+04
4.42595081e+04
4.39721957e+04
4.71048653e+04
4.68196257e+04
4.65343861e+04
4.62491465e+04
4.59639069e+04
4.56786672e+04
4.53934276e+04
4.51081880e+04
4.48229484e+04
4.79124178e+04
4.76274819e+04
4.73425460e+04
4.70576101e+04
4.67726742e+04
4.64877383e+04
4.62028024e+04
4.59178664e+04
4.56329305e+04
4.86801630e+04
4.83969125e+04
4.81136621e+04
4.78304116e+04
4.75471611e+04
4.72639107e+04
4.69806602e+04
4.66974098e+04
4.64141593e+04
4.94394749e+04
4.91583334e+04
4.88771919e+04
4.85960504e+04
4.83149089e+04
4.80337674e+04
4.77526259e+04
4.74714844e+04
4.71903429e+04
5.01840832e+04
4.99041272e+04
4.96241712e+04
4.93442152e+04
4.90642592e+04
4.87843032e+04
4.85043472e+04
4.82243912e+04
4.79444353e+04
5.08414462e+04
5.05589345e+04
5.02764229e+04
4.99939113e+04
4.97113997e+04
4.94288881e+04
4.91463765e+04
4.88638648e+04
4.85813532e+04
4.85633139e+05
4.75513933e+05
4.65394727e+05
4.55275521e+05
4.45156315e+05
4.35037108e+05
4.24917902e+05
4.14798696e+05
4.04679490e+05
4.92302885e+05
4.82112567e+05
4.71922249e+05
4.61731931e+05
4.51541613e+05
4.41351295e+05
4.31160977e+05
4.20970660e+05
4.10780342e+05
4.98793655e+05
4.88315752e+05
4.77837849e+05
4.67359946e+05
4.56882043e+05
4.46404140e+05
4.35926237e+05
4.25448333e+05
4.14970430e+05
5.04775268e+05
4.94050762e+05
4.83326255e+05
4.72601749e+05
4.61877243e+05
4.51152737e+05
4.40428231e+05
4.29703724e+05
4.18979218e+05
5.10691864e+05
4.99721515e+05
4.88751166e+05
4.77780817e+05
4.66810468e+05
4.55840119e+05
4.44869770e+05
4.33899421e+05
4.22929072e+05
5.16322167e+05
5.05071733e+05
4.93821299e+05
4.82570866e+05
4.71320432e+05
4.60069999e+05
4.48819565e+05
4.37569131e+05
4.26318698e+05
5.21333179e+05
5.09828000e+05
4.98322822e+05
4.86817644e+05
4.75312466e+05
4.63807287e+05
4.52302109e+05
4.40796931e+05
4.29291753e+05
5.26119911e+05
5.14375258e+05
5.02630605e+05
4.90885952e+05
4.79141299e+05
4.67396646e+05
4.55651993e+05
4.43907340e+05
4.32162687e+05
5.30680821e+05
5.18676243e+05
5.06671664e+05
4.94667086e+05
4.82662507e+05
4.70657929e+05
4.58653351e+05
4.46648772e+05
4.34644194e+05
5.34607206e+05
5.22344383e+05
5.10081560e+05
4.97818738e+05
4.85555915e+05
4.73293092e+05
4.61030270e+05
4.48767447e+05
4.36504625e+05
5.38095627e+05
5.25598771e+05
5.13101914e+05
5.00605057e+05
4.88108200e+05
4.75611343e+05
4.63114486e+05
4.50617629e+05
4.38120772e+05
5.41377915e+05
5.28637210e+05
5.15896505e+05
5.03155801e+05
4.90415096e+05
4.77674391e+05
4.64933686e+05
4.52192982e+05
4.39452277e+05
5.47089928e+05
5.33503928e+05
5.19917928e+05
5.06331928e+05
4.92745928e+05
4.79159928e+05
4.65573928e+05
4.51987928e+05
4.38401928e+05
5.78275246e+04
5.73775099e+04
5.69274952e+04
5.64774805e+04
5.60274658e+04
5.55774511e+04
5.51274364e+04
5.46774217e+04
5.42274070e+04
5.79257941e+04
5.74828906e+04
5.70399872e+04
5.65970838e+04
5.61541803e+04
5.57112769e+04
5.52683735e+04
5.48254700e+04
5.43825666e+04
5.78678283e+04
5.74329078e+04
5.69979872e+04
5.65630666e+04
5.61281461e+04
5.56932255e+04
5.52583049e+04
5.48233843e+04
5.43884638e+04
5.77639132e+04
5.73368119e+04
5.69097107e+04
5.64826094e+04
5.60555081e+04
5.56284068e+04
5.52013055e+04
5.47742042e+04
5.43471029e+04
5.75902654e+04
5.71715495e+04
5.67528335e+04
5.63341175e+04
5.59154015e+04
5.54966855e+04
5.50779696e+04
5.46592536e+04
5.42405376e+04
5.73062668e+04
5.68958057e+04
5.64853446e+04
5.60748835e+04
5.56644224e+04
5.52539613e+04
5.48435001e+04
5.44330390e+04
5.40225779e+04
5.69806837e+04
5.65775648e+04
5.61744460e+04
5.57713272e+04
5.53682083e+04
5.49650895e+04
5.45619706e+04
5.41588518e+04
5.37557329e+04
5.65458554e+04
5.61529682e+04
5.57600809e+04
5.53671937e+04
5.49743064e+04
5.45814192e+04
5.41885319e+04
5.37956446e+04
5.34027574e+04
5.59964829e+04
5.56112703e+04
5.52260576e+04
5.48408450e+04
5.44556323e+04
5.40704196e+04
5.36852070e+04
5.32999943e+04
5.29147817e+04
5.54022839e+04
5.50247908e+04
5.46472976e+04
5.42698045e+04
5.38923114e+04
5.35148182e+04
5.31373251e+04
5.27598319e+04
5.23823388e+04
5.46642397e+04
5.42991315e+04
5.39340233e+04
5.35689150e+04
5.32038068e+04
5.28386986e+04
5.24735903e+04
5.21084821e+04
5.17433739e+04
5.38382574e+04
5.34793025e+04
5.31203477e+04
5.27613928e+04
5.24024380e+04
5.20434831e+04
5.16845282e+04
5.13255734e+04
5.09666185e+04
5.29062715e+04
5.25593760e+04
5.22124805e+04
5.18655849e+04
5.15186894e+04
5.11717939e+04
5.08248983e+04
5.04780028e+04
5.01311073e+04
5.18491519e+04
5.15119412e+04
5.11747304e+04
5.08375197e+04
5.05003089e+04
5.01630981e+04
4.98258874e+04
4.94886766e+04
4.91514659e+04
5.07183074e+04
5.03892759e+04
5.00602444e+04
4.97312128e+04
4.94021813e+04
4.90731498e+04
4.87441182e+04
4.84150867e+04
4.80860552e+04
4.94150127e+04
4.91029004e+04
4.87907881e+04
4.84786757e+04
4.81665634e+04
4.78544511e+04
4.75423387e+04
4.72302264e+04
4.69181141e+04
4.80441939e+04
4.77367442e+04
4.74292945e+04
4.71218448e+04
4.68143951e+04
4.65069454e+04
4.61994957e+04
4.58920460e+04
4.55845963e+04
4.64838028e+04
4.61979274e+04
4.59120519e+04
4.56261765e+04
4.53403010e+04
4.50544256e+04
4.47685502e+04
4.44826747e+04
4.41967993e+04
4.48374537e+04
4.45575218e+04
4.42775898e+04
4.39976578e+04
4.37177258e+04
4.34377939e+04
4.31578619e+04
4.28779299e+04
4.25979980e+04
4.30259103e+04
4.27659055e+04
4.25059008e+04
4.22458961e+04
4.19858913e+04
4.17258866e+04
4.14658819e+04
4.12058771e+04
4.09458724e+04
4.11038368e+04
4.08553559e+04
4.06068750e+04
4.03583941e+04
4.01099132e+04
3.98614323e+04
3.96129514e+04
3.93644705e+04
3.91159896e+04
3.90391721e+04
3.88083967e+04
3.85776212e+04
3.83468458e+04
3.81160703e+04
3.78852949e+04
3.76545195e+04
3.74237440e+04
3.71929686e+04
3.68468082e+04
3.66325175e+04
3.64182268e+04
3.62039361e+04
3.59896454e+04
3.57753546e+04
3.55610639e+04
3.53467732e+04
3.51324825e+04
3.45331941e+04
3.43357244e+04
3.41382546e+04
3.39407848e+04
3.37433151e+04
3.35458453e+04
3.33483755e+04
3.31509058e+04
3.29534360e+04
3.20847771e+04
3.19076981e+04
3.17306191e+04
3.15535401e+04
3.13764611e+04
3.11993822e+04
3.10223032e+04
3.08452242e+04
3.06681452e+04
2.95306073e+04
2.93711704e+04
2.92117336e+04
2.90522967e+04
2.88928598e+04
2.87334229e+04
2.85739860e+04
2.84145491e+04
2.82551122e+04
2.68569074e+04
2.67188809e+04
2.65808544e+04
2.64428279e+04
2.63048013e+04
2.61667748e+04
2.60287483e+04
2.58907218e+04
2.57526952e+04
2.40826698e+04
2.39653914e+04
2.38481129e+04
2.37308345e+04
2.36135561e+04
2.34962776e+04
2.33789992e+04
2.32617207e+04
2.31444423e+04
2.15627982e+04
2.14058159e+04
2.12488336e+04
2.10918513e+04
2.09348689e+04
2.07778866e+04
2.06209043e+04
2.04639220e+04
2.03069397e+04
-2.45880663e+06
7.03879569e+05
6.96232812e+05
6.88586054e+05
6.80939297e+05
6.73292539e+05
6.65645781e+05
6.57999024e+05
-2.43827366e+06
-2.05267338e+06
5.78144440e+05
5.74931247e+05
5.71718054e+05
5.68504860e+05
5.65291667e+05
5.62078474e+05
5.58865280e+05
-2.03561789e+06
-1.63520586e+06
4.54541889e+05
4.53190643e+05
4.51839396e+05
4.50488150e+05
4.49136904e+05
4.47785657e+05
4.46434411e+05
-1.60444302e+06
-1.21394222e+06
3.28938835e+05
3.30014847e+05
3.31090859e+05
3.32166872e+05
3.33242884e+05
3.34318896e+05
3.35394909e+05
-1.17477604e+06
-7.85728014e+05
2.00650947e+05
2.04717296e+05
2.08783646e+05
2.12849995e+05
2.16916344e+05
2.20982693e+05
2.25049042e+05
-7.44794767e+05
-3.56925158e+05
7.48637187e+04
8.06964928e+04
8.65292669e+04
9.23620411e+04
9.81948152e+04
1.04027589e+05
1.09860363e+05
-3.06979321e+05
7.46459695e+04
-5.23587662e+04
-4.43095242e+04
-3.62602822e+04
-2.82110402e+04
-2.01617982e+04
-1.21125562e+04
-4.06331425e+03
1.28729038e+05
5.02499725e+05
-1.80086150e+05
-1.68744070e+05
-1.57401990e+05
-1.46059910e+05
-1.34717830e+05
-1.23375750e+05
-1.12033670e+05
5.48578102e+05
-7.56305385e+03
-7.37596029e+03
-7.18886674e+03
-7.00177319e+03
-6.81467964e+03
-6.62758609e+03
-6.44049253e+03
-6.25339898e+03
-6.06630543e+03
-1.01945698e+04
-1.00637610e+04
-9.93295235e+03
-9.80214364e+03
-9.67133494e+03
-9.54052624e+03
-9.40971754e+03
-9.27890883e+03
-9.14810013e+03
-1.31500997e+04
-1.29941262e+04
-1.28381527e+04
-1.26821792e+04
-1.25262057e+04
-1.23702322e+04
-1.22142587e+04
-1.20582852e+04
-1.19023117e+04
-1.59613779e+04
-1.57969747e+04
-1.56325716e+04
-1.54681684e+04
-1.53037652e+04
-1.51393620e+04
-1.49749589e+04
-1.48105557e+04
-1.46461525e+04
-1.87322789e+04
-1.85448541e+04
-1.83574292e+04
-1.81700043e+04
-1.79825795e+04
-1.77951546e+04
-1.76077298e+04
-1.74203049e+04
-1.72328801e+04
-2.13391474e+04
-2.11442992e+04
-2.09494510e+04
-2.07546028e+04
-2.05597546e+04
-2.03649064e+04
-2.01700582e+04
-1.99752100e+04
-1.97803618e+04
-2.38737865e+04
-2.36634383e+04
-2.34530900e+04
-2.32427418e+04
-2.30323935e+04
-2.28220453e+04
-2.26116971e+04
-2.24013488e+04
-2.21910006e+04
-2.62544611e+04
-2.60405171e+04
-2.58265731e+04
-2.56126291e+04
-2.53986851e+04
-2.51847412e+04
-2.49707972e+04
-2.47568532e+04
-2.45429092e+04
-2.85539921e+04
-2.83295535e+04
-2.81051149e+04
-2.78806764e+04
-2.76562378e+04
-2.74317992e+04
-2.72073606e+04
-2.69829221e+04
-2.67584835e+04
-3.07030290e+04
-3.04800579e+04
-3.02570867e+04
-3.00341156e+04
-2.98111444e+04
-2.95881733e+04
-2.93652021e+04
-2.91422310e+04
-2.89192598e+04
-3.27770948e+04
-3.25437673e+04
-3.23104397e+04
-3.20771122e+04
-3.18437846e+04
-3.16104571e+04
-3.13771295e+04
-3.11438020e+04
-3.09104745e+04
-3.46827396e+04
-3.44549300e+04
-3.42271204e+04
-3.39993108e+04
-3.37715012e+04
-3.35436917e+04
-3.33158821e+04
-3.30880725e+04
-3.28602629e+04
-3.65283726e+04
-3.62939925e+04
-3.60596124e+04
-3.58252322e+04
-3.55908521e+04
-3.53564720e+04
-3.51220919e+04
-3.48877118e+04
-3.46533317e+04
-3.82181968e+04
-3.79906263e+04
-3.77630559e+04
-3.75354854e+04
-3.73079150e+04
-3.70803445e+04
-3.68527741e+04
-3.66252036e+04
-3.63976332e+04
-3.98487948e+04
-3.96191380e+04
-3.93894811e+04
-3.91598243e+04
-3.89301674e+04
-3.87005105e+04
-3.84708537e+04
-3.82411968e+04
-3.80115400e+04
-4.13452811e+04
-4.11208058e+04
-4.08963304e+04
-4.06718550e+04
-4.04473796e+04
-4.02229042e+04
-3.99984288e+04
-3.97739534e+04
-3.95494780e+04
-4.27738116e+04
-4.25542508e+04
-4.23346901e+04
-4.21151293e+04
-4.18955686e+04
-4.16760079e+04
-4.14564471e+04
-4.12368864e+04
-4.10173256e+04
-4.41093235e+04
-4.38910484e+04
-4.36727733e+04
-4.34544982e+04
-4.32362231e+04
-4.30179480e+04
-4.27996729e+04
-4.25813978e+04
-4.23631227e+04
-4.53419785e+04
-4.51326886e+04
-4.49233988e+04
-4.47141090e+04
-4.45048191e+04
-4.42955293e+04
-4.40862395e+04
-4.38769496e+04
-4.36676598e+04
-4.65212302e+04
-4.63141201e+04
-4.61070100e+04
-4.58998999e+04
-4.56927898e+04
-4.54856797e+04
-4.52785696e+04
-4.50714595e+04
-4.48643494e+04
-4.75841677e+04
-4.73837967e+04
-4.71834258e+04
-4.69830548e+04
-4.67826839e+04
-4.65823130e+04
-4.63819420e+04
-4.61815711e+04
-4.59812001e+04
-4.85953957e+04
-4.84029038e+04
-4.82104120e+04
-4.80179202e+04
-4.78254283e+04
-4.76329365e+04
-4.74404447e+04
-4.72479528e+04
-4.70554610e+04
-4.95317209e+04
-4.93429154e+04
-4.91541100e+04
-4.89653045e+04
-4.87764991e+04
-4.85876936e+04
-4.83988881e+04
-4.82100827e+04
-4.80212772e+04
-5.03469255e+04
-5.01641745e+04
-4.99814236e+04
-4.97986727e+04
-4.96159218e+04
-4.94331709e+04
-4.92504200e+04
-4.90676691e+04
-4.88849182e+04
-4.96638632e+05
-4.88497852e+05
-4.80357071e+05
-4.72216291e+05
-4.64075510e+05
-4.55934730e+05
-4.47793950e+05
-4.39653169e+05
-4.31512389e+05
-5.03179602e+05
-4.94879269e+05
-4.86578936e+05
-4.78278604e+05
-4.69978271e+05
-4.61677938e+05
-4.53377606e+05
-4.45077273e+05
-4.36776940e+05
-5.10614193e+05
-5.02029649e+05
-4.93445106e+05
-4.84860562e+05
-4.76276019e+05
-4.67691475e+05
-4.59106932e+05
-4.50522388e+05
-4.41937845e+05
-5.17799414e+05
-5.08931586e+05
-5.00063759e+05
-4.91195932e+05
-4.82328104e+05
-4.73460277e+05
-4.64592450e+05
-4.55724623e+05
-4.46856795e+05
-5.24322470e+05
-5.15104382e+05
-5.05886293e+05
-4.96668204e+05
-4.87450116e+05
-4.78232027e+05
-4.69013939e+05
-4.59795850e+05
-4.50577761e+05
-5.29763483e+05
-5.20282248e+05
-5.10801012e+05
-5.01319776e+05
-4.91838541e+05
-4.82357305e+05
-4.72876070e+05
-4.63394834e+05
-4.53913598e+05
-5.35081291e+05
-5.25325327e+05
-5.15569362e+05
-5.05813398e+05
-4.96057434e+05
-4.86301469e+05
-4.76545505e+05
-4.66789541e+05
-4.57033576e+05
-5.39693013e+05
-5.29632353e+05
-5.19571692e+05
-5.09511031e+05
-4.99450371e+05
-4.89389710e+05
-4.79329049e+05
-4.69268388e+05
-4.59207728e+05
-5.43422184e+05
-5.33101249e+05
-5.22780314e+05
-5.12459379e+05
-5.02138445e+05
-4.91817510e+05
-4.81496575e+05
-4.71175641e+05
-4.60854706e+05
-5.47021728e+05
-5.36445144e+05
-5.25868560e+05
-5.15291975e+05
-5.04715391e+05
-4.94138807e+05
-4.83562223e+05
-4.72985639e+05
-4.62409054e+05
-5.49926938e+05
-5.39071961e+05
-5.28216985e+05
-5.17362008e+05
-5.06507032e+05
-4.95652055e+05
-4.84797078e+05
-4.73942102e+05
-4.63087125e+05
-5.51897880e+05
-5.40793765e+05
-5.29689649e+05
-5.18585534e+05
-5.07481419e+05
-4.96377304e+05
-4.85273189e+05
-4.74169073e+05
-4.63064958e+05
-5.56796844e+05
-5.44684924e+05
-5.32573005e+05
-5.20461085e+05
-5.08349165e+05
-4.96237245e+05
-4.84125325e+05
-4.72013405e+05
-4.59901486e+05
-5.57483772e+05
-5.45386413e+05
-5.33289055e+05
-5.21191697e+05
-5.09094339e+05
-4.96996981e+05
-4.84899623e+05
-4.72802264e+05
-4.60704906e+05
-5.66728253e+04
-5.63064950e+04
-5.59401646e+04
-5.55738342e+04
-5.52075038e+04
-5.48411734e+04
-5.44748430e+04
-5.41085126e+04
-5.37421823e+04
-5.66179847e+04
-5.62527692e+04
-5.58875538e+04
-5.55223383e+04
-5.51571228e+04
-5.47919073e+04
-5.44266918e+04
-5.40614764e+04
-5.36962609e+04
-5.65183501e+04
-5.61540947e+04
-5.57898394e+04
-5.54255840e+04
-5.50613287e+04
-5.46970734e+04
-5.43328180e+04
-5.39685627e+04
-5.36043073e+04
-5.63323814e+04
-5.59699576e+04
-5.56075338e+04
-5.52451100e+04
-5.48826862e+04
-5.45202624e+04
-5.41578386e+04
-5.37954148e+04
-5.34329910e+04
-5.60712868e+04
-5.57095678e+04
-5.53478489e+04
-5.49861299e+04
-5.46244110e+04
-5.42626920e+04
-5.39009731e+04
-5.35392541e+04
-5.31775352e+04
-5.58057689e+04
-5.54447260e+04
-5.50836832e+04
-5.47226403e+04
-5.43615975e+04
-5.40005546e+04
-5.36395118e+04
-5.32784689e+04
-5.29174261e+04
-5.54866544e+04
-5.51274084e+04
-5.47681625e+04
-5.44089165e+04
-5.40496705e+04
-5.36904246e+04
-5.33311786e+04
-5.29719327e+04
-5.26126867e+04
-5.50857497e+04
-5.47279609e+04
-5.43701721e+04
-5.40123833e+04
-5.36545945e+04
-5.32968057e+04
-5.29390169e+04
-5.25812281e+04
-5.22234393e+04
-5.46524205e+04
-5.42950671e+04
-5.39377138e+04
-5.35803605e+04
-5.32230071e+04
-5.28656538e+04
-5.25083004e+04
-5.21509471e+04
-5.17935938e+04
-5.42106996e+04
-5.38539922e+04
-5.34972849e+04
-5.31405776e+04
-5.27838702e+04
-5.24271629e+04
-5.20704555e+04
-5.17137482e+04
-5.13570409e+04
-5.36864304e+04
-5.33327624e+04
-5.29790943e+04
-5.26254263e+04
-5.22717583e+04
-5.19180903e+04
-5.15644223e+04
-5.12107542e+04
-5.08570862e+04
-5.30969244e+04
-5.27436042e+04
-5.23902839e+04
-5.20369637e+04
-5.16836435e+04
-5.13303232e+04
-5.09770030e+04
-5.06236827e+04
-5.02703625e+04
-5.25002223e+04
-5.21470959e+04
-5.17939695e+04
-5.14408431e+04
-5.10877167e+04
-5.07345903e+04
-5.03814638e+04
-5.00283374e+04
-4.96752110e+04
-5.18754878e+04
-5.15237133e+04
-5.11719388e+04
-5.08201642e+04
-5.04683897e+04
-5.01166152e+04
-4.97648406e+04
-4.94130661e+04
-4.90612916e+04
-5.11835177e+04
-5.08338944e+04
-5.04842711e+04
-5.01346479e+04
-4.97850246e+04
-4.94354013e+04
-4.90857780e+04
-4.87361547e+04
-4.83865315e+04
-5.04558247e+04
-5.01061886e+04
-4.97565524e+04
-4.94069163e+04
-4.90572802e+04
-4.87076441e+04
-4.83580080e+04
-4.80083719e+04
-4.76587358e+04
-4.97258051e+04
-4.93761573e+04
-4.90265096e+04
-4.86768619e+04
-4.83272141e+04
-4.79775664e+04
-4.76279187e+04
-4.72782709e+04
-4.69286232e+04
-4.89557706e+04
-4.86081102e+04
-4.82604499e+04
-4.79127896e+04
-4.75651293e+04
-4.72174690e+04
-4.68698087e+04
-4.65221483e+04
-4.61744880e+04
-4.81355155e+04
-4.77888532e+04
-4.74421908e+04
-4.70955285e+04
-4.67488662e+04
-4.64022039e+04
-4.60555416e+04
-4.57088792e+04
-4.53622169e+04
-4.72969985e+04
-4.69501493e+04
-4.66033002e+04
-4.62564511e+04
-4.59096020e+04
-4.55627528e+04
-4.52159037e+04
-4.48690546e+04
-4.45222054e+04
-4.64583080e+04
-4.61112616e+04
-4.57642153e+04
-4.54171689e+04
-4.50701226e+04
-4.47230762e+04
-4.43760298e+04
-4.40289835e+04
-4.36819371e+04
-4.55747869e+04
-4.52300867e+04
-4.48853864e+04
-4.45406862e+04
-4.41959859e+04
-4.38512857e+04
-4.35065855e+04
-4.31618852e+04
-4.28171850e+04
-4.46538626e+04
-4.43092576e+04
-4.39646525e+04
-4.36200474e+04
-4.32754423e+04
-4.29308373e+04
-4.25862322e+04
-4.22416271e+04
-4.18970220e+04
-4.37246222e+04
-4.33796738e+04
-4.30347253e+04
-4.26897768e+04
-4.23448284e+04
-4.19998799e+04
-4.16549314e+04
-4.13099830e+04
-4.09650345e+04
-4.27921752e+04
-4.24471039e+04
-4.21020326e+04
-4.17569613e+04
-4.14118900e+04
-4.10668187e+04
-4.07217474e+04
-4.03766761e+04
-4.00316047e+04
-4.18253900e+04
-4.14819174e+04
-4.11384447e+04
-4.07949721e+04
-4.04514994e+04
-4.01080268e+04
-3.97645542e+04
-3.94210815e+04
-3.90776089e+04
-4.08354748e+04
-4.04916911e+04
-4.01479075e+04
-3.98041238e+04
-3.94603401e+04
-3.91165565e+04
-3.87727728e+04
-3.84289891e+04
-3.80852055e+04
-3.98417026e+04
-3.94974504e+04
-3.91531983e+04
-3.88089461e+04
-3.84646940e+04
-3.81204419e+04
-3.77761897e+04
-3.74319376e+04
-3.70876855e+04
-3.89101513e+04
-3.85518208e+04
-3.81934903e+04
-3.78351598e+04
-3.74768292e+04
-3.71184987e+04
-3.67601682e+04
-3.64018377e+04
-3.60435072e+04
-3.79019575e+04
-3.75449865e+04
-3.71880155e+04
-3.68310445e+04
-3.64740735e+04
-3.61171025e+04
-3.57601315e+04
-3.54031605e+04
-3.50461895e+04
-3.68827821e+04
-3.65261070e+04
-3.61694319e+04
-3.58127568e+04
-3.54560818e+04
-3.50994067e+04
-3.47427316e+04
-3.43860565e+04
-3.40293814e+04
-3.58619520e+04
-3.55055167e+04
-3.51490815e+04
-3.47926463e+04
-3.44362110e+04
-3.40797758e+04
-3.37233405e+04
-3.33669053e+04
-3.30104700e+04
-3.48408275e+04
-3.44846484e+04
-3.41284693e+04
-3.37722901e+04
-3.34161110e+04
-3.30599319e+04
-3.27037527e+04
-3.23475736e+04
-3.19913945e+04
-3.38190644e+04
-3.34631536e+04
-3.31072428e+04
-3.27513319e+04
-3.23954211e+04
-3.20395103e+04
-3.16835995e+04
-3.13276887e+04
-3.09717779e+04
-3.27972955e+04
-3.24415985e+04
-3.20859015e+04
-3.17302044e+04
-3.13745074e+04
-3.10188104e+04
-3.06631134e+04
-3.03074164e+04
-2.99517193e+04
-3.17752801e+04
-3.14197868e+04
-3.10642935e+04
-3.07088002e+04
-3.03533069e+04
-2.99978135e+04
-2.96423202e+04
-2.92868269e+04
-2.89313336e+04
-3.07653254e+04
-3.04092407e+04
-3.00531560e+04
-2.96970714e+04
-2.93409867e+04
-2.89849020e+04
-2.86288173e+04
-2.82727326e+04
-2.79166479e+04
-2.97736265e+04
-2.94171398e+04
-2.90606530e+04
-2.87041663e+04
-2.83476795e+04
-2.79911927e+04
-2.76347060e+04
-2.72782192e+04
-2.69217324e+04
-2.87899709e+04
-2.84337615e+04
-2.80775520e+04
-2.77213426e+04
-2.73651332e+04
-2.70089237e+04
-2.66527143e+04
-2.62965048e+04
-2.59402954e+04
-2.78093197e+04
-2.74531807e+04
-2.70970416e+04
-2.67409025e+04
-2.63847634e+04
-2.60286243e+04
-2.56724852e+04
-2.53163462e+04
-2.49602071e+04
-2.68645605e+04
-2.65066497e+04
-2.61487388e+04
-2.57908279e+04
-2.54329171e+04
-2.50750062e+04
-2.47170953e+04
-2.43591845e+04
-2.40012736e+04
-2.59525097e+04
-2.55944387e+04
-2.52363678e+04
-2.48782968e+04
-2.45202258e+04
-2.41621548e+04
-2.38040838e+04
-2.34460128e+04
-2.30879418e+04
-2.50495620e+04
-2.46919526e+04
-2.43343433e+04
-2.39767339e+04
-2.36191246e+04
-2.32615152e+04
-2.29039059e+04
-2.25462965e+04
-2.21886872e+04
-2.41663174e+04
-2.38080093e+04
-2.34497013e+04
-2.30913932e+04
-2.27330851e+04
-2.23747770e+04
-2.20164690e+04
-2.16581609e+04
-2.12998528e+04
-2.33444330e+04
-2.29841534e+04
-2.26238737e+04
-2.22635940e+04
-2.19033143e+04
-2.15430346e+04
-2.11827549e+04
-2.08224753e+04
-2.04621956e+04
-2.25578861e+04
-2.21983334e+04
-2.18387807e+04
-2.14792280e+04
-2.11196753e+04
-2.07601225e+04
-2.04005698e+04
-2.00410171e+04
-1.96814644e+04
-2.17730978e+04
-2.14142762e+04
-2.10554547e+04
-2.06966331e+04
-2.03378116e+04
-1.99789900e+04
-1.96201685e+04
-1.92613469e+04
-1.89025254e+04
-2.10594805e+04
-2.06981233e+04
-2.03367662e+04
-1.99754090e+04
-1.96140518e+04
-1.92526946e+04
-1.88913374e+04
-1.85299803e+04
-1.81686231e+04
-2.04060976e+04
-2.00454486e+04
-1.96847997e+04
-1.93241507e+04
-1.89635017e+04
-1.86028528e+04
-1.82422038e+04
-1.78815548e+04
-1.75209059e+04
-1.97646411e+04
-1.94049882e+04
-1.90453354e+04
-1.86856826e+04
-1.83260298e+04
-1.79663769e+04
-1.76067241e+04
-1.72470713e+04
-1.68874185e+04
-1.91792161e+04
-1.88186214e+04
-1.84580266e+04
-1.80974318e+04
-1.77368371e+04
-1.73762423e+04
-1.70156475e+04
-1.66550527e+04
-1.62944580e+04
-1.86665206e+04
-1.83062627e+04
-1.79460048e+04
-1.75857469e+04
-1.72254890e+04
-1.68652311e+04
-1.65049732e+04
-1.61447153e+04
-1.57844574e+04
-1.81805188e+04
-1.78217377e+04
-1.74629565e+04
-1.71041754e+04
-1.67453942e+04
-1.63866130e+04
-1.60278319e+04
-1.56690507e+04
-1.53102695e+04
-1.77592898e+04
-1.74002768e+04
-1.70412638e+04
-1.66822508e+04
-1.63232378e+04
-1.59642248e+04
-1.56052119e+04
-1.52461989e+04
-1.48871859e+04
-1.74274649e+04
-1.70694652e+04
-1.67114656e+04
-1.63534660e+04
-1.59954663e+04
-1.56374667e+04
-1.52794671e+04
-1.49214674e+04
-1.45634678e+04
-1.71306130e+04
-1.67745379e+04
-1.64184627e+04
-1.60623875e+04
-1.57063124e+04
-1.53502372e+04
-1.49941620e+04
-1.46380869e+04
-1.42820117e+04
-1.71527902e+04
-1.68003151e+04
-1.64478400e+04
-1.60953649e+04
-1.57428898e+04
-1.53904147e+04
-1.50379396e+04
-1.46854644e+04
-1.43329893e+04
2.31329864e+06
-5.65934801e+05
-5.51160382e+05
-5.36385962e+05
-5.21611543e+05
-5.06837124e+05
-4.92062704e+05
-4.77288285e+05
2.22182585e+06
2.34218664e+06
-5.71392410e+05
-5.56862962e+05
-5.42333514e+05
-5.27804065e+05
-5.13274617e+05
-4.98745169e+05
-4.84215721e+05
2.24680705e+06
2.35100386e+06
-5.71837031e+05
-5.57696908e+05
-5.43556785e+05
-5.29416663e+05
-5.15276540e+05
-5.01136418e+05
-4.86996295e+05
2.25230660e+06
2.37238694e+06
-5.75299982e+05
-5.61516659e+05
-5.47733336e+05
-5.33950012e+05
-5.20166689e+05
-5.06383366e+05
-4.92600043e+05
2.27057069e+06
2.40534804e+06
-5.81461972e+05
-5.68042471e+05
-5.54622969e+05
-5.41203467e+05
-5.27783966e+05
-5.14364464e+05
-5.00944962e+05
2.30095208e+06
2.45250530e+06
-5.91049097e+05
-5.77947368e+05
-5.64845640e+05
-5.51743911e+05
-5.38642182e+05
-5.25540453e+05
-5.12438725e+05
2.34567076e+06
2.51249621e+06
-6.03628546e+05
-5.90854452e+05
-5.78080358e+05
-5.65306264e+05
-5.52532170e+05
-5.39758076e+05
-5.26983982e+05
2.40385217e+06
2.58858883e+06
-6.20056557e+05
-6.07575795e+05
-5.95095033e+05
-5.82614271e+05
-5.70133508e+05
-5.57652746e+05
-5.45171984e+05
2.47847791e+06
2.68258355e+06
-6.40659435e+05
-6.28487446e+05
-6.16315457e+05
-6.04143468e+05
-5.91971479e+05
-5.79799490e+05
-5.67627501e+05
2.57191554e+06
2.79769554e+06
-6.66284675e+05
-6.54391273e+05
-6.42497870e+05
-6.30604468e+05
-6.18711066e+05
-6.06817663e+05
-5.94924261e+05
2.68709743e+06
2.93344804e+06
-6.96791760e+05
-6.85163257e+05
-6.73534753e+05
-6.61906250e+05
-6.50277746e+05
-6.38649243e+05
-6.27020739e+05
2.82371624e+06
3.08795353e+06
-7.31135130e+05
-7.20114075e+05
-7.09093019e+05
-6.98071964e+05
-6.87050908e+05
-6.76029852e+05
-6.65008797e+05
2.98394941e+06
2.56222751e+06
-5.85762347e+05
-5.86248410e+05
-5.86734473e+05
-5.87220536e+05
-5.87706598e+05
-5.88192661e+05
-5.88678724e+05
2.54443052e+06
-7.84822666e+04
-7.83959347e+04
-7.83096027e+04
-7.82232708e+04
-7.81369388e+04
-7.80506069e+04
-7.79642749e+04
-7.78779430e+04
-7.77916111e+04
-7.19200806e+04
-7.18378093e+04
-7.17555381e+04
-7.16732669e+04
-7.15909956e+04
-7.15087244e+04
-7.14264532e+04
-7.13441819e+04
-7.12619107e+04
-6.53578939e+04
-6.52796834e+04
-6.52014729e+04
-6.51232625e+04
-6.50450520e+04
-6.49668415e+04
-6.48886311e+04
-6.48104206e+04
-6.47322101e+04
-5.87957074e+04
-5.87215577e+04
-5.86474081e+04
-5.85732584e+04
-5.84991088e+04
-5.84249591e+04
-5.83508095e+04
-5.82766599e+04
-5.82025102e+04
-5.22335213e+04
-5.21634324e+04
-5.20933434e+04
-5.20232545e+04
-5.19531656e+04
-5.18830766e+04
-5.18129877e+04
-5.17428988e+04
-5.16728098e+04
-4.56713351e+04
-4.56053070e+04
-4.55392788e+04
-4.54732506e+04
-4.54072224e+04
-4.53411942e+04
-4.52751661e+04
-4.52091379e+04
-4.51431097e+04
-3.91091489e+04
-3.90471814e+04
-3.89852140e+04
-3.89232466e+04
-3.88612792e+04
-3.87993118e+04
-3.87373444e+04
-3.86753770e+04
-3.86134096e+04
-3.25469618e+04
-3.24890553e+04
-3.24311487e+04
-3.23732421e+04
-3.23153356e+04
-3.22574290e+04
-3.21995224e+04
-3.21416159e+04
-3.20837093e+04
-2.59847759e+04
-2.59309300e+04
-2.58770841e+04
-2.58232382e+04
-2.57693924e+04
-2.57155465e+04
-2.56617006e+04
-2.56078547e+04
-2.55540088e+04
-1.94225896e+04
-1.93728045e+04
-1.93230194e+04
-1.92732343e+04
-1.92234492e+04
-1.91736641e+04
-1.91238790e+04
-1.90740939e+04
-1.90243088e+04
-1.28604031e+04
-1.28146788e+04
-1.27689545e+04
-1.27232303e+04
-1.26775060e+04
-1.26317817e+04
-1.25860574e+04
-1.25403332e+04
-1.24946089e+04
-6.29821706e+03
-6.25655349e+03
-6.21488992e+03
-6.17322636e+03
-6.13156279e+03
-6.08989922e+03
-6.04823565e+03
-6.00657209e+03
-5.96490852e+03
2.63969645e+02
3.01572447e+02
3.39175248e+02
3.76778049e+02
4.14380850e+02
4.51983651e+02
4.89586452e+02
5.27189253e+02
5.64792054e+02
6.82615614e+03
6.85969812e+03
6.89324010e+03
6.92678208e+03
6.96032405e+03
6.99386603e+03
7.02740801e+03
7.06094999e+03
7.09449196e+03
1.33883422e+04
1.34178235e+04
1.34473047e+04
1.34767860e+04
1.35062673e+04
1.35357485e+04
1.35652298e+04
1.35947111e+04
1.36241923e+04
1.99505284e+04
1.99759489e+04
2.00013694e+04
2.00267899e+04
2.00522104e+04
2.00776309e+04
2.01030515e+04
2.01284720e+04
2.01538925e+04
2.65127147e+04
2.65340744e+04
2.65554341e+04
2.65767939e+04
2.65981536e+04
2.66195133e+04
2.66408731e+04
2.66622328e+04
2.66835925e+04
3.30749017e+04
3.30922006e+04
3.31094995e+04
3.31267984e+04
3.31440973e+04
3.31613962e+04
3.31786951e+04
3.31959940e+04
3.32132929e+04
3.96370876e+04
3.96503258e+04
3.96635640e+04
3.96768023e+04
3.96900405e+04
3.97032787e+04
3.97165169e+04
3.97297551e+04
3.97429933e+04
4.61992739e+04
4.62084513e+04
4.62176288e+04
4.62268062e+04
4.62359836e+04
4.62451611e+04
4.62543385e+04
4.62635159e+04
4.62726934e+04
5.27614604e+04
5.27665770e+04
5.27716936e+04
5.27768102e+04
5.27819268e+04
5.27870435e+04
5.27921601e+04
5.27972767e+04
5.28023933e+04
-1.05629452e+05
-1.05515735e+05
-1.05402018e+05
-1.05288301e+05
-1.05174583e+05
-1.05060866e+05
-1.04947149e+05
-1.04833432e+05
-1.04719714e+05
-9.89197088e+04
-9.88090247e+04
-9.86983406e+04
-9.85876565e+04
-9.84769724e+04
-9.83662883e+04
-9.82556042e+04
-9.81449201e+04
-9.80342360e+04
-9.22099658e+04
-9.21023147e+04
-9.19946637e+04
-9.18870126e+04
-9.17793615e+04
-9.16717104e+04
-9.15640594e+04
-9.14564083e+04
-9.13487572e+04
-8.55002231e+04
-8.53956051e+04
-8.52909871e+04
-8.51863691e+04
-8.50817511e+04
-8.49771331e+04
-8.48725151e+04
-8.47678971e+04
-8.46632791e+04
-7.87904801e+04
-7.86888952e+04
-7.85873104e+04
-7.84857255e+04
-7.83841407e+04
-7.82825558e+04
-7.81809710e+04
-7.80793862e+04
-7.79778013e+04
-7.20807371e+04
-7.19821853e+04
-7.18836334e+04
-7.17850816e+04
-7.16865298e+04
-7.15879780e+04
-7.14894261e+04
-7.13908743e+04
-7.12923225e+04
-6.53709939e+04
-6.52754752e+04
-6.51799564e+04
-6.50844377e+04
-6.49889189e+04
-6.48934002e+04
-6.47978814e+04
-6.47023627e+04
-6.46068439e+04
-5.86612504e+04
-5.85687648e+04
-5.84762792e+04
-5.83837936e+04
-5.82913080e+04
-5.81988224e+04
-5.81063368e+04
-5.80138512e+04
-5.79213656e+04
-5.19515075e+04
-5.18620549e+04
-5.17726023e+04
-5.16831497e+04
-5.15936971e+04
-5.15042445e+04
-5.14147920e+04
-5.13253394e+04
-5.12358868e+04
-4.52417642e+04
-4.51553448e+04
-4.50689253e+04
-4.49825058e+04
-4.48960863e+04
-4.48096668e+04
-4.47232473e+04
-4.46368278e+04
-4.45504083e+04
-3.85320213e+04
-3.84486349e+04
-3.83652485e+04
-3.82818622e+04
-3.81984758e+04
-3.81150895e+04
-3.80317031e+04
-3.79483167e+04
-3.78649304e+04
-3.18222787e+04
-3.17419254e+04
-3.16615721e+04
-3.15812187e+04
-3.15008654e+04
-3.14205121e+04
-3.13401587e+04
-3.12598054e+04
-3.11794521e+04
-2.51125355e+04
-2.50352153e+04
-2.49578950e+04
-2.48805748e+04
-2.48032545e+04
-2.47259343e+04
-2.46486140e+04
-2.45712938e+04
-2.44939735e+04
-1.84027923e+04
-1.83285052e+04
-1.82542180e+04
-1.81799308e+04
-1.81056437e+04
-1.80313565e+04
-1.79570693e+04
-1.78827822e+04
-1.78084950e+04
-1.16930488e+04
-1.16217948e+04
-1.15505408e+04
-1.14792868e+04
-1.14080328e+04
-1.13367788e+04
-1.12655247e+04
-1.11942707e+04
-1.11230167e+04
-4.98330588e+03
-4.91508488e+03
-4.84686387e+03
-4.77864287e+03
-4.71042187e+03
-4.64220087e+03
-4.57397986e+03
-4.50575886e+03
-4.43753786e+03
1.72643681e+03
1.79162474e+03
1.85681267e+03
1.92200060e+03
1.98718852e+03
2.05237645e+03
2.11756438e+03
2.18275231e+03
2.24794024e+03
8.43617988e+03
8.49833465e+03
8.56048942e+03
8.62264419e+03
8.68479895e+03
8.74695372e+03
8.80910849e+03
8.87126326e+03
8.93341803e+03
1.51459228e+04
1.52050446e+04
1.52641663e+04
1.53232881e+04
1.53824099e+04
1.54415316e+04
1.55006534e+04
1.55597751e+04
1.56188969e+04
2.18556660e+04
2.19117547e+04
2.19678434e+04
2.20239321e+04
2.20800207e+04
2.21361094e+04
2.21921981e+04
2.22482867e+04
2.23043754e+04
2.85654095e+04
2.86184651e+04
2.86715206e+04
2.87245761e+04
2.87776316e+04
2.88306871e+04
2.88837427e+04
2.89367982e+04
2.89898537e+04
3.52751525e+04
3.53251750e+04
3.53751975e+04
3.54252200e+04
3.54752425e+04
3.55252650e+04
3.55752875e+04
3.56253100e+04
3.56753326e+04
4.19848957e+04
4.20318851e+04
4.20788745e+04
4.21258640e+04
4.21728534e+04
4.22198428e+04
4.22668322e+04
4.23138217e+04
4.23608111e+04
4.86946384e+04
4.87385947e+04
4.87825511e+04
4.88265074e+04
4.88704638e+04
4.89144201e+04
4.89583765e+04
4.90023328e+04
4.90462892e+04
5.54043815e+04
5.54453046e+04
5.54862278e+04
5.55271510e+04
5.55680742e+04
5.56089974e+04
5.56499206e+04
5.56908438e+04
5.57317670e+04
6.21141244e+04
6.21520146e+04
6.21899048e+04
6.22277949e+04
6.22656851e+04
6.23035753e+04
6.23414655e+04
6.23793556e+04
6.24172458e+04
6.88238676e+04
6.88587247e+04
6.88935818e+04
6.89284389e+04
6.89632960e+04
6.89981531e+04
6.90330102e+04
6.90678672e+04
6.91027243e+04
7.55336111e+04
7.55654351e+04
7.55972590e+04
7.56290829e+04
7.56609069e+04
7.56927308e+04
7.57245548e+04
7.57563787e+04
7.57882026e+04
8.22433541e+04
8.22721450e+04
8.23009359e+04
8.23297269e+04
8.23585178e+04
8.23873087e+04
8.24160996e+04
8.24448906e+04
8.24736815e+04
8.89530968e+04
8.89788546e+04
8.90046125e+04
8.90303703e+04
8.90561282e+04
8.90818860e+04
8.91076439e+04
8.91334017e+04
8.91591596e+04
9.56628398e+04
9.56855645e+04
9.57082892e+04
9.57310139e+04
9.57537386e+04
9.57764633e+04
9.57991880e+04
9.58219127e+04
9.58446374e+04
1.02372583e+05
1.02392274e+05
1.02411966e+05
1.02431658e+05
1.02451350e+05
1.02471041e+05
1.02490733e+05
1.02510425e+05
1.02530116e+05
1.09082326e+05
1.09098985e+05
1.09115643e+05
1.09132302e+05
1.09148960e+05
1.09165619e+05
1.09182278e+05
1.09198936e+05
1.09215595e+05
1.15792069e+05
1.15805695e+05
1.15819320e+05
1.15832946e+05
1.15846571e+05
1.15860197e+05
1.15873822e+05
1.15887448e+05
1.15901073e+05
-1.14694866e+05
-1.14681441e+05
-1.14668016e+05
-1.14654591e+05
-1.14641165e+05
-1.14627740e+05
-1.14614315e+05
-1.14600889e+05
-1.14587464e+05
-1.08034331e+05
-1.08017623e+05
-1.08000916e+05
-1.07984208e+05
-1.07967500e+05
-1.07950792e+05
-1.07934084e+05
-1.07917376e+05
-1.07900669e+05
-1.01373796e+05
-1.01353806e+05
-1.01333815e+05
-1.01313825e+05
-1.01293835e+05
-1.01273844e+05
-1.01253854e+05
-1.01233864e+05
-1.01213873e+05
-9.47132612e+04
-9.46899882e+04
-9.46667153e+04
-9.46434423e+04
-9.46201694e+04
-9.45968964e+04
-9.45736235e+04
-9.45503505e+04
-9.45270776e+04
-8.80527261e+04
-8.80261706e+04
-8.79996151e+04
-8.79730596e+04
-8.79465041e+04
-8.79199486e+04
-8.78933931e+04
-8.78668376e+04
-8.78402821e+04
-8.13921911e+04
-8.13623530e+04
-8.13325150e+04
-8.13026769e+04
-8.12728389e+04
-8.12430008e+04
-8.12131627e+04
-8.11833247e+04
-8.11534866e+04
-7.47316566e+04
-7.46985359e+04
-7.46654153e+04
-7.46322947e+04
-7.45991741e+04
-7.45660534e+04
-7.45329328e+04
-7.44998122e+04
-7.44666916e+04
-6.80711219e+04
-6.80347188e+04
-6.79983156e+04
-6.79619124e+04
-6.79255093e+04
-6.78891061e+04
-6.78527030e+04
-6.78162998e+04
-6.77798966e+04
-6.14105866e+04
-6.13709009e+04
-6.13312153e+04
-6.12915296e+04
-6.12518440e+04
-6.12121583e+04
-6.11724727e+04
-6.11327870e+04
-6.10931014e+04
-5.47500518e+04
-5.47070835e+04
-5.46641152e+04
-5.46211470e+04
-5.45781787e+04
-5.45352104e+04
-5.44922421e+04
-5.44492739e+04
-5.44063056e+04
-4.80895167e+04
-4.80432659e+04
-4.79970151e+04
-4.79507643e+04
-4.79045134e+04
-4.78582626e+04
-4.78120118e+04
-4.77657610e+04
-4.77195101e+04
-4.14289817e+04
-4.13794483e+04
-4.13299149e+04
-4.12803816e+04
-4.12308482e+04
-4.11813148e+04
-4.11317814e+04
-4.10822480e+04
-4.10327146e+04
-3.47684467e+04
-3.47156307e+04
-3.46628148e+04
-3.46099988e+04
-3.45571829e+04
-3.45043670e+04
-3.44515510e+04
-3.43987351e+04
-3.43459192e+04
-2.81079113e+04
-2.80518129e+04
-2.79957145e+04
-2.79396160e+04
-2.78835176e+04
-2.78274192e+04
-2.77713208e+04
-2.77152224e+04
-2.76591239e+04
-2.14473765e+04
-2.13879954e+04
-2.13286144e+04
-2.12692334e+04
-2.12098523e+04
-2.11504713e+04
-2.10910902e+04
-2.10317092e+04
-2.09723282e+04
-1.47868414e+04
-1.47241778e+04
-1.46615143e+04
-1.45988507e+04
-1.45361871e+04
-1.44735235e+04
-1.44108599e+04
-1.43481963e+04
-1.42855327e+04
-8.12630641e+03
-8.06036025e+03
-7.99441410e+03
-7.92846795e+03
-7.86252180e+03
-7.79657565e+03
-7.73062950e+03
-7.66468335e+03
-7.59873720e+03
-1.46577137e+03
-1.39654266e+03
-1.32731395e+03
-1.25808525e+03
-1.18885654e+03
-1.11962784e+03
-1.05039913e+03
-9.81170423e+02
-9.11941717e+02
5.19476367e+03
5.26727493e+03
5.33978620e+03
5.41229746e+03
5.48480872e+03
5.55731998e+03
5.62983124e+03
5.70234250e+03
5.77485376e+03
1.18552990e+04
1.19310928e+04
1.20068865e+04
1.20826803e+04
1.21584740e+04
1.22342678e+04
1.23100615e+04
1.23858553e+04
1.24616490e+04
1.85158338e+04
1.85949102e+04
1.86739866e+04
1.87530629e+04
1.88321393e+04
1.89112157e+04
1.89902920e+04
1.90693684e+04
1.91484448e+04
2.51763684e+04
2.52587273e+04
2.53410862e+04
2.54234452e+04
2.55058041e+04
2.55881630e+04
2.56705220e+04
2.57528809e+04
2.58352398e+04
3.18369030e+04
3.19225445e+04
3.20081859e+04
3.20938274e+04
3.21794689e+04
3.22651104e+04
3.23507518e+04
3.24363933e+04
3.25220348e+04
3.84974380e+04
3.85863620e+04
3.86752861e+04
3.87642101e+04
3.88531341e+04
3.89420582e+04
3.90309822e+04
3.91199062e+04
3.92088303e+04
4.51579731e+04
4.52501796e+04
4.53423862e+04
4.54345928e+04
4.55267994e+04
4.56190060e+04
4.57112126e+04
4.58034192e+04
4.58956258e+04
5.18185084e+04
5.19139975e+04
5.20094866e+04
5.21049756e+04
5.22004647e+04
5.22959538e+04
5.23914428e+04
5.24869319e+04
5.25824210e+04
5.84790432e+04
5.85778149e+04
5.86765866e+04
5.87753583e+04
5.88741300e+04
5.89729017e+04
5.90716734e+04
5.91704451e+04
5.92692168e+04
6.51395783e+04
6.52416325e+04
6.53436868e+04
6.54457410e+04
6.55477953e+04
6.56498495e+04
6.57519037e+04
6.58539580e+04
6.59560122e+04
7.18001133e+04
7.19054501e+04
7.20107869e+04
7.21161237e+04
7.22214605e+04
7.23267973e+04
7.24321341e+04
7.25374709e+04
7.26428077e+04
7.84606483e+04
7.85692677e+04
7.86778871e+04
7.87865064e+04
7.88951258e+04
7.90037451e+04
7.91123645e+04
7.92209838e+04
7.93296032e+04
8.51211837e+04
8.52330855e+04
8.53449874e+04
8.54568892e+04
8.55687911e+04
8.56806929e+04
8.57925948e+04
8.59044966e+04
8.60163984e+04
9.17817185e+04
9.18969030e+04
9.20120874e+04
9.21272719e+04
9.22424564e+04
9.23576408e+04
9.24728253e+04
9.25880098e+04
9.27031942e+04
9.84422536e+04
9.85607206e+04
9.86791876e+04
9.87976546e+04
9.89161216e+04
9.90345886e+04
9.91530557e+04
9.92715227e+04
9.93899897e+04
1.05102789e+05
1.05224538e+05
1.05346288e+05
1.05468037e+05
1.05589787e+05
1.05711536e+05
1.05833286e+05
1.05955036e+05
1.06076785e+05
SCALARS S33 float 1
LOOKUP_TABLE default
5.51808625e-08
7.21774995e-08
6.07687980e-08
5.47152013e-08
4.74974513e-08
4.16766852e-08
3.60887498e-08
2.70083547e-08
-1.35041773e-08
3.91155481e-08
6.63567334e-08
5.63450158e-08
5.00585884e-08
4.44706529e-08
3.93483788e-08
3.25962901e-08
2.46800482e-08
-1.23400241e-08
3.14321369e-08
6.12344593e-08
5.23868948e-08
4.61004674e-08
4.02797014e-08
3.52738425e-08
2.96859071e-08
2.32830644e-08
-2.32830644e-09
2.17696652e-08
5.48316166e-08
4.64497134e-08
4.10946086e-08
3.66708264e-08
3.22470441e-08
2.72411853e-08
2.02562660e-08
1.16415322e-10
3.89991328e-08
4.77302819e-08
4.13274392e-08
3.71364877e-08
3.20142135e-08
2.75904313e-08
2.39815563e-08
1.88592821e-08
3.49245965e-10
2.44472176e-08
4.23751771e-08
3.63215804e-08
3.23634595e-08
2.81725079e-08
2.39815563e-08
2.09547579e-08
1.74622983e-08
-4.54019755e-09
2.59606168e-08
3.71364877e-08
3.11993062e-08
2.72411853e-08
2.42143869e-08
2.11875886e-08
1.81607902e-08
1.38534233e-08
6.40284270e-09
2.22353265e-08
3.04426067e-08
2.59024091e-08
2.29338184e-08
2.00234354e-08
1.75787136e-08
1.50175765e-08
1.23400241e-08
-9.31322575e-10
1.62399374e-08
2.32248567e-08
2.07801349e-08
1.88592821e-08
1.64145604e-08
1.43772922e-08
1.21654011e-08
9.60426405e-09
1.62981451e-09
1.45228114e-08
1.85682438e-08
1.58324838e-08
1.40862539e-08
1.23982318e-08
1.08266249e-08
9.31322575e-09
7.15954229e-09
1.39698386e-09
7.47968443e-09
1.22818165e-08
1.04482751e-08
9.54605639e-09
8.38190317e-09
7.39237294e-09
6.34463504e-09
4.88944352e-09
4.65661287e-10
4.86033969e-09
7.55244400e-09
6.50470611e-09
5.77711035e-09
5.15137799e-09
4.54019755e-09
3.92901711e-09
3.23052518e-09
-1.30967237e-09
4.79985829e-09
4.35699121e-09
3.91617050e-09
3.47347395e-09
3.03089109e-09
2.58614818e-09
2.14186002e-09
1.69848136e-09
1.25419319e-09
-5.76437742e-09
-5.03564479e-09
-4.30554792e-09
-3.57624685e-09
-2.84651236e-09
-2.11696261e-09
-1.38811629e-09
-6.58019417e-10
7.32143235e-11
-1.93895175e-08
-1.71476131e-08
-1.48984327e-08
-1.26524355e-08
-1.04043920e-08
-8.15612111e-09
-5.90910076e-09
-3.66263975e-09
-1.41415057e-09
-3.30210241e-08
-2.92629920e-08
-2.54958650e-08
-2.17323759e-08
-1.79652488e-08
-1.41985765e-08
-1.04328137e-08
-6.66750566e-09
-2.90106072e-09
-4.66534402e-08
-4.13847374e-08
-3.60978447e-08
-3.08191375e-08
-2.55331543e-08
-2.02453521e-08
-1.49602783e-08
-9.67429514e-09
-4.38922143e-09
-6.03067747e-08
-5.35110303e-08
-4.67080099e-08
-3.99068085e-08
-3.30992407e-08
-2.62916728e-08
-1.94877430e-08
-1.26819941e-08
-5.87351678e-09
-7.39528332e-08
-6.56382326e-08
-5.73199941e-08
-4.90035745e-08
-4.06744221e-08
-3.23470886e-08
-2.40197551e-08
-1.56906026e-08
-7.35417416e-09
-8.76116246e-08
-7.77636160e-08
-6.79228833e-08
-5.80821506e-08
-4.82359610e-08
-3.83843144e-08
-2.85435817e-08
-1.87010301e-08
-8.84756446e-09
-1.01219484e-07
-8.98780854e-08
-7.85221346e-08
-6.71680027e-08
-5.57993189e-08
-4.44324542e-08
-3.30637704e-08
-2.16987246e-08
-1.03245839e-08
-1.14836439e-07
-1.01983460e-07
-8.91159289e-08
-7.62411219e-08
-6.33572199e-08
-5.04696800e-08
-3.75894160e-08
-2.47109710e-08
-1.18179742e-08
-1.28453394e-07
-1.14083377e-07
-9.96915333e-08
-8.53069650e-08
-7.09042070e-08
-5.65087248e-08
-4.20986908e-08
-2.77068466e-08
-1.32858986e-08
-1.42037607e-07
-1.26157829e-07
-1.10256224e-07
-9.43582563e-08
-7.84348231e-08
-6.25186658e-08
-4.66061465e-08
-3.07118171e-08
-1.47992978e-08
-1.55614543e-07
-1.38217729e-07
-1.20810000e-07
-1.03405910e-07
-8.59654392e-08
-6.85467967e-08
-5.11136022e-08
-3.37022357e-08
-1.62581273e-08
-1.69118721e-07
-1.50259439e-07
-1.31349225e-07
-1.12435373e-07
-9.34887794e-08
-7.45494617e-08
-5.56028681e-08
-3.66926542e-08
-1.77496986e-08
-1.82684744e-07
-1.62272045e-07
-1.41848432e-07
-1.21421181e-07
-1.00983016e-07
-8.05448508e-08
-6.00957719e-08
-3.96648829e-08
-1.92048901e-08
-1.96127075e-07
-1.74255547e-07
-1.52347639e-07
-1.30417902e-07
-1.08466338e-07
-8.65147740e-08
-6.45704858e-08
-4.26298357e-08
-2.07037374e-08
-2.09663995e-07
-1.86253601e-07
-1.62814104e-07
-1.39396434e-07
-1.15942385e-07
-9.24956112e-08
-6.90488378e-08
-4.56202542e-08
-2.21552909e-08
-2.23117240e-07
-1.98189809e-07
-1.73255103e-07
-1.48334948e-07
-1.23389327e-07
-9.84473445e-08
-7.35089998e-08
-4.85597411e-08
-2.36177584e-08
-2.36432243e-07
-2.10049620e-07
-1.83623342e-07
-1.57240720e-07
-1.30814442e-07
-1.04373612e-07
-7.79327820e-08
-5.15137799e-08
-2.50765879e-08
-2.49790901e-07
-2.21923983e-07
-1.94020686e-07
-1.66131940e-07
-1.38221367e-07
-1.10296241e-07
-8.23711162e-08
-5.44678187e-08
-2.65135895e-08
-2.63062248e-07
-2.33761966e-07
-2.04388925e-07
-1.75001333e-07
-1.45599188e-07
-1.16175215e-07
-8.67876224e-08
-5.74000296e-08
-2.80124368e-08
-2.76326318e-07
-2.45505362e-07
-2.14662577e-07
-1.83812517e-07
-1.52940629e-07
-1.22061465e-07
-9.11823008e-08
-6.03031367e-08
-2.93948688e-08
-2.89532181e-07
-2.57241481e-07
-2.24936230e-07
-1.92601874e-07
-1.60274794e-07
-1.27925887e-07
-9.55478754e-08
-6.32280717e-08
-3.08355084e-08
-3.02738044e-07
-2.68941221e-07
-2.35166226e-07
-2.01391231e-07
-1.67572580e-07
-1.33746653e-07
-9.99352778e-08
-6.61457307e-08
-3.22834239e-08
-3.15820216e-07
-2.80590029e-07
-2.45359843e-07
-2.10129656e-07
-1.74819434e-07
-1.39552867e-07
-1.04286300e-07
-6.90197339e-08
-3.37095116e-08
-3.28400347e-07
-2.91802280e-07
-2.55160558e-07
-2.18518835e-07
-1.81862561e-07
-1.45155354e-07
-1.08484528e-07
-7.18209776e-08
-3.51428753e-08
-3.41162377e-07
-3.03174602e-07
-2.65121344e-07
-2.27046257e-07
-1.88920239e-07
-1.50808773e-07
-1.12704583e-07
-7.46222213e-08
-3.65325832e-08
-3.53968062e-07
-3.14510544e-07
-2.74972990e-07
-2.35508196e-07
-1.95985194e-07
-1.56462193e-07
-1.16924639e-07
-7.74380169e-08
-3.78713594e-08
-3.66468157e-07
-3.25650035e-07
-2.84766429e-07
-2.43897375e-07
-2.02955562e-07
-1.62050128e-07
-1.21122866e-07
-8.02319846e-08
-3.92756192e-08
-3.78960976e-07
-3.36782250e-07
-2.94487108e-07
-2.52221071e-07
-2.09889549e-07
-1.67565304e-07
-1.25241058e-07
-8.29313649e-08
-4.06434992e-08
-3.91548383e-07
-3.47856258e-07
-3.04207788e-07
-2.60537490e-07
-2.16808985e-07
-1.73095032e-07
-1.29395630e-07
-8.57471605e-08
-4.20332071e-08
-4.03866579e-07
-3.58842954e-07
-3.13768396e-07
-2.68730219e-07
-2.23670213e-07
-1.78573828e-07
-1.33499270e-07
-8.84538167e-08
-4.33283276e-08
-4.16061084e-07
-3.69698682e-07
-3.23241693e-07
-2.76864739e-07
-2.30415026e-07
-1.83972588e-07
-1.37581083e-07
-9.11386451e-08
-4.46889317e-08
-4.28175554e-07
-3.80430720e-07
-3.32656782e-07
-2.84911948e-07
-2.37152562e-07
-1.89364073e-07
-1.41546479e-07
-9.38016456e-08
-4.59403964e-08
-4.40151780e-07
-3.91126378e-07
-3.42071871e-07
-2.92988261e-07
-2.43831892e-07
-1.94704626e-07
-1.45570084e-07
-9.64791980e-08
-4.73301043e-08
-4.52084350e-07
-4.01705620e-07
-3.51297786e-07
-3.00875399e-07
-2.50438461e-07
-1.99986971e-07
-1.49535481e-07
-9.90694389e-08
-4.85160854e-08
-4.63696779e-07
-4.12066584e-07
-3.60334525e-07
-3.08660674e-07
-2.56899511e-07
-2.05109245e-07
-1.53391738e-07
-1.01645128e-07
-4.98548616e-08
-4.75396519e-07
-4.22398443e-07
-3.69429472e-07
-3.16402293e-07
-2.63331458e-07
-2.10275175e-07
-1.57218892e-07
-1.04220817e-07
-5.11499820e-08
-4.86921635e-07
-4.32686647e-07
-3.78364348e-07
-3.24129360e-07
-2.69777956e-07
-2.15412001e-07
-1.61060598e-07
-1.06738298e-07
-5.23432391e-08
-4.98199370e-07
-4.42698365e-07
-3.87153705e-07
-3.31594492e-07
-2.75977072e-07
-2.20403308e-07
-1.64800440e-07
-1.09212124e-07
-5.35947038e-08
-5.09142410e-07
-4.52419044e-07
-3.95681127e-07
-3.38914106e-07
-2.82088877e-07
-2.25234544e-07
-1.68438419e-07
-1.11671397e-07
-5.48461685e-08
-5.20129106e-07
-4.62241587e-07
-4.04193997e-07
-3.46233719e-07
-2.88186129e-07
-2.30153091e-07
-1.72120053e-07
-1.14101567e-07
-5.59812179e-08
-5.30955731e-07
-4.71773092e-07
-4.12619556e-07
-3.53422365e-07
-2.94181518e-07
-2.34897016e-07
-1.75685273e-07
-1.16517185e-07
-5.72035788e-08
-5.41418558e-07
-4.81071766e-07
-4.20710421e-07
-3.60334525e-07
-2.99914973e-07
-2.39539077e-07
-1.79148628e-07
-1.18729076e-07
-5.82367647e-08
-5.51575795e-07
-4.90137609e-07
-4.28670319e-07
-3.67159373e-07
-3.05619324e-07
-2.44035618e-07
-1.82510121e-07
-1.21028279e-07
-5.95318852e-08
-5.61703928e-07
-4.99174348e-07
-4.36557457e-07
-3.73955118e-07
-3.11280019e-07
-2.48575816e-07
-1.85900717e-07
-1.23298378e-07
-6.05941750e-08
-5.71482815e-07
-5.07890945e-07
-4.44168109e-07
-3.80518031e-07
-3.16707883e-07
-2.52912287e-07
-1.89174898e-07
-1.25422957e-07
-6.15691533e-08
-5.80956112e-07
-5.16243745e-07
-4.51458618e-07
-3.86731699e-07
-3.21888365e-07
-2.57117790e-07
-1.92259904e-07
-1.27431122e-07
-6.24859240e-08
-5.90167474e-07
-5.24451025e-07
-4.58705472e-07
-3.92901711e-07
-3.27054295e-07
-2.61192326e-07
-1.95344910e-07
-1.29584805e-07
-6.37519406e-08
-5.99204213e-07
-5.32498234e-07
-4.65734047e-07
-3.98897100e-07
-3.32016498e-07
-2.65164999e-07
-1.98342605e-07
-1.31578417e-07
-6.47996785e-08
-6.07062248e-07
-5.39526809e-07
-4.71845851e-07
-4.04208549e-07
-3.36411176e-07
-2.68657459e-07
-2.00932845e-07
-1.33295543e-07
-6.56145858e-08
-8.23754817e-07
-7.55768269e-07
-6.65429980e-07
-5.74160367e-07
-4.79165465e-07
-3.82307917e-07
-2.81725079e-07
-1.87661499e-07
-9.03382897e-08
-8.40518624e-07
-7.66944140e-07
-6.74743205e-07
-5.82076609e-07
-4.88013029e-07
-3.88361514e-07
-2.86847353e-07
-1.88127160e-07
-8.94069672e-08
-8.62404704e-07
-7.77654350e-07
-6.82193786e-07
-5.87198883e-07
-4.91738319e-07
-3.95346433e-07
-2.90106982e-07
-1.88127160e-07
-8.10250640e-08
-8.62870365e-07
-7.84639269e-07
-6.89644367e-07
-5.94183803e-07
-4.97326255e-07
-3.96743417e-07
-2.91969627e-07
-1.93249434e-07
-9.22009349e-08
-8.68458301e-07
-7.88830221e-07
-6.95232302e-07
-6.02565706e-07
-5.04311174e-07
-4.02797014e-07
-2.98023224e-07
-1.96043402e-07
-8.94069672e-08
-8.69855285e-07
-7.96280801e-07
-7.02217221e-07
-6.07222319e-07
-5.08502126e-07
-4.04193997e-07
-2.98023224e-07
-1.97906047e-07
-9.08039510e-08
-8.82893801e-07
-8.01868737e-07
-7.09667802e-07
-6.13275915e-07
-5.13624400e-07
-4.07919288e-07
-2.98954546e-07
-2.02562660e-07
-1.01979822e-07
-8.85687768e-07
-8.07456672e-07
-7.15255737e-07
-6.18863851e-07
-5.15952706e-07
-4.11178917e-07
-3.02679837e-07
-2.00700015e-07
-9.45292413e-08
-8.95932317e-07
-8.20495188e-07
-7.18049705e-07
-6.21192157e-07
-5.21074980e-07
-4.16766852e-07
-3.06870788e-07
-2.01165676e-07
-8.47503543e-08
-9.08039510e-07
-8.22357833e-07
-7.25500286e-07
-6.25848770e-07
-5.22471964e-07
-4.18163836e-07
-3.07802111e-07
-2.04890966e-07
-9.45292413e-08
-9.01520252e-07
-8.26083124e-07
-7.28294253e-07
-6.31436706e-07
-5.28059900e-07
-4.19560820e-07
-3.11993062e-07
-2.03493983e-07
-9.49949026e-08
-9.15490091e-07
-8.30739737e-07
-7.30156898e-07
-6.31436706e-07
-5.27128577e-07
-4.21889126e-07
-3.11061740e-07
-2.03959644e-07
-8.84756446e-08
-9.11764801e-07
-8.32602382e-07
-7.36676157e-07
-6.35161996e-07
-5.30853868e-07
-4.22820449e-07
-3.11527401e-07
-2.05356628e-07
-9.87201929e-08
-6.82790414e-07
-6.06713002e-07
-5.30562829e-07
-4.54470864e-07
-3.78335244e-07
-3.02199624e-07
-2.26078555e-07
-1.49942935e-07
-7.37054506e-08
-6.84056431e-07
-6.08008122e-07
-5.31799742e-07
-4.55533154e-07
-3.79208359e-07
-3.02869012e-07
-2.26573320e-07
-1.50292180e-07
-7.39528332e-08
-6.83881808e-07
-6.07775291e-07
-5.31537808e-07
-4.55343979e-07
-3.79062840e-07
-3.02738044e-07
-2.26456905e-07
-1.50233973e-07
-7.39673851e-08
-6.83008693e-07
-6.07004040e-07
-5.30941179e-07
-4.54791007e-07
-3.78597178e-07
-3.02417902e-07
-2.26151315e-07
-1.50044798e-07
-7.39091774e-08
-6.81189704e-07
-6.05446985e-07
-5.29587851e-07
-4.53699613e-07
-3.77680408e-07
-3.01646651e-07
-2.25598342e-07
-1.49637344e-07
-7.35890353e-08
-6.78308425e-07
-6.02813088e-07
-5.27201337e-07
-4.51633241e-07
-3.76006938e-07
-3.00336978e-07
-2.24637915e-07
-1.48967956e-07
-7.31670298e-08
-6.74990588e-07
-5.99742634e-07
-5.24451025e-07
-4.49275831e-07
-3.74027877e-07
-2.98707164e-07
-2.23517418e-07
-1.48225809e-07
-7.27886800e-08
-6.69984729e-07
-5.95406163e-07
-5.20725735e-07
-4.46074409e-07
-3.71408532e-07
-2.96640792e-07
-2.21902155e-07
-1.47134415e-07
-7.24394340e-08
-6.63843821e-07
-5.89934643e-07
-5.15894499e-07
-4.41941665e-07
-3.67886969e-07
-2.93832272e-07
-2.19806680e-07
-1.45781087e-07
-7.17409421e-08
-6.56917109e-07
-5.83837391e-07
-5.10641257e-07
-4.37416020e-07
-3.64147127e-07
-2.90805474e-07
-2.17507477e-07
-1.44282239e-07
-7.09405867e-08
-6.48476998e-07
-5.76343155e-07
-5.04063792e-07
-4.31813532e-07
-3.59461410e-07
-2.87080184e-07
-2.14757165e-07
-1.42463250e-07
-7.00383680e-08
-6.39018253e-07
-5.67844836e-07
-4.96613211e-07
-4.25425242e-07
-3.54106305e-07
-2.82845576e-07
-2.11541192e-07
-1.40295015e-07
-6.89760782e-08
-6.28337148e-07
-5.58342435e-07
-4.88260412e-07
-4.18236596e-07
-3.48140020e-07
-2.78057996e-07
-2.08005076e-07
-1.37952156e-07
-6.77391654e-08
-6.15837052e-07
-5.47253876e-07
-4.78612492e-07
-4.09985660e-07
-3.41300620e-07
-2.72586476e-07
-2.03901436e-07
-1.35201844e-07
-6.64294930e-08
-6.02478394e-07
-5.35423169e-07
-4.68324288e-07
-4.01167199e-07
-3.33922799e-07
-2.66722054e-07
-1.99492206e-07
-1.32306013e-07
-6.50761649e-08
-5.87358954e-07
-5.22049959e-07
-4.56551788e-07
-3.91111826e-07
-3.25569999e-07
-2.60028173e-07
-1.94471795e-07
-1.29002728e-07
-6.35191100e-08
-5.71235432e-07
-5.07585355e-07
-4.43877070e-07
-3.80256097e-07
-3.16533260e-07
-2.52824975e-07
-1.89073035e-07
-1.25379302e-07
-6.16273610e-08
-5.53089194e-07
-4.91520041e-07
-4.29834472e-07
-3.68178007e-07
-3.06463335e-07
-2.44748662e-07
-1.83077645e-07
-1.21450284e-07
-5.98229235e-08
-5.33458660e-07
-4.74072294e-07
-4.14584065e-07
-3.55124939e-07
-2.95665814e-07
-2.36104825e-07
-1.76602043e-07
-1.17113814e-07
-5.75673766e-08
-5.12343831e-07
-4.55242116e-07
-3.98125849e-07
-3.41038685e-07
-2.83864210e-07
-2.26733391e-07
-1.69573468e-07
-1.12457201e-07
-5.52681740e-08
-4.89497324e-07
-4.34971298e-07
-3.80387064e-07
-3.25890142e-07
-2.71276804e-07
-2.16663466e-07
-1.62035576e-07
-1.07451342e-07
-5.27652446e-08
-4.65093763e-07
-4.13376256e-07
-3.61542334e-07
-3.09650204e-07
-2.57772626e-07
-2.05880497e-07
-1.53944711e-07
-1.02096237e-07
-5.02041075e-08
-4.39220457e-07
-3.90296918e-07
-3.41358827e-07
-2.92406185e-07
-2.43402610e-07
-1.94413587e-07
-1.45395461e-07
-9.63555067e-08
-4.72282409e-08
-4.11790097e-07
-3.65973392e-07
-3.20076651e-07
-2.74201739e-07
-2.28246790e-07
-1.82284566e-07
-1.36307790e-07
-9.03892214e-08
-4.43833414e-08
-3.82926373e-07
-3.40281986e-07
-2.97593942e-07
-2.54920451e-07
-2.12203304e-07
-1.69478881e-07
-1.26769010e-07
-8.40445864e-08
-4.12474037e-08
-3.52745701e-07
-3.13397322e-07
-2.74048944e-07
-2.34736945e-07
-1.95424946e-07
-1.56083843e-07
-1.16735464e-07
-7.74016371e-08
-3.79950507e-08
-3.21088010e-07
-2.85290298e-07
-2.49492587e-07
-2.13709427e-07
-1.77911716e-07
-1.42099452e-07
-1.06272637e-07
-7.04458216e-08
-3.45171429e-08
-2.88157025e-07
-2.56084604e-07
-2.23946699e-07
-1.91837898e-07
-1.59670890e-07
-1.27532985e-07
-9.53805284e-08
-6.32498995e-08
-3.10319592e-08
-2.56506610e-07
-2.27948476e-07
-1.99332135e-07
-1.70723069e-07
-1.42070348e-07
-1.13446731e-07
-8.48158379e-08
-5.61994966e-08
-2.75467755e-08
-9.24337655e-08
-6.37955964e-08
-5.05242497e-08
-3.98140401e-08
-2.98023224e-08
-1.97906047e-08
-1.11758709e-08
4.65661287e-10
-4.42378223e-08
-7.38073140e-08
-5.33182174e-08
-4.30736691e-08
-3.32947820e-08
-2.42143869e-08
-1.60653144e-08
-8.38190317e-09
-2.09547579e-09
-2.81725079e-08
-6.05359674e-08
-4.30736691e-08
-3.42261046e-08
-2.65426934e-08
-1.95577741e-08
-1.21071935e-08
-6.28642738e-09
6.98491931e-10
-2.70083547e-08
-3.99304554e-08
-3.06172296e-08
-2.50292942e-08
-1.95577741e-08
-1.43190846e-08
-9.31322575e-09
-4.88944352e-09
-1.39698386e-09
-2.32830644e-08
-2.58442014e-08
-2.08383426e-08
-1.61817297e-08
-1.21654011e-08
-9.08039510e-09
-6.05359674e-09
-3.31783667e-09
4.65661287e-10
-1.11758709e-08
-9.13860276e-09
-9.22591425e-09
-6.92671165e-09
-5.47152013e-09
-4.10364009e-09
-2.76486389e-09
-1.51339918e-09
1.45519152e-10
-4.74392436e-09
2.70665623e-09
2.56113708e-09
2.09547579e-09
1.62981451e-09
1.19325705e-09
7.63975549e-10
4.43833414e-10
5.09317033e-11
1.61526259e-09
1.28056854e-08
1.46101229e-08
1.09430403e-08
8.38190317e-09
6.34463504e-09
4.13274392e-09
2.32830644e-09
-1.16415322e-10
1.11176632e-08
8.53433448e-08
7.58245733e-08
6.62857929e-08
5.67506504e-08
4.72009560e-08
3.76476237e-08
2.81015673e-08
1.85555109e-08
9.01127351e-09
1.19038305e-07
1.05777872e-07
9.24919732e-08
7.92206265e-08
6.59347279e-08
5.26342774e-08
3.93483788e-08
2.60624802e-08
1.27656676e-08
1.54086592e-07
1.36926246e-07
1.19751348e-07
1.02558261e-07
8.53506208e-08
6.81357051e-08
5.09280653e-08
3.37422534e-08
1.65346137e-08
1.87956175e-07
1.67015969e-07
1.46039383e-07
1.25077349e-07
1.04104402e-07
8.31059879e-08
6.21366780e-08
4.11710062e-08
2.01944204e-08
2.20847141e-07
1.96254405e-07
1.71596184e-07
1.46974344e-07
1.22334313e-07
9.76760930e-08
7.30105967e-08
4.83778422e-08
2.37123459e-08
2.52293830e-07
2.24179530e-07
1.96028850e-07
1.67892722e-07
1.39734766e-07
1.11591362e-07
8.34115781e-08
5.52681740e-08
2.70956662e-08
2.82561814e-07
2.51086021e-07
2.19573849e-07
1.88061676e-07
1.56498572e-07
1.24957296e-07
9.34305717e-08
6.19329512e-08
3.03843990e-08
3.11454642e-07
2.76719220e-07
2.41976522e-07
2.07219273e-07
1.72491127e-07
1.37741154e-07
1.02991180e-07
6.82339305e-08
3.34548531e-08
3.38994141e-07
3.01246473e-07
2.63418769e-07
2.25641998e-07
1.87807018e-07
1.49964762e-07
1.12137059e-07
7.43093551e-08
3.64161679e-08
3.65223968e-07
3.24544089e-07
2.83762347e-07
2.43060640e-07
2.02300726e-07
1.61533535e-07
1.20810000e-07
8.00864655e-08
3.93629307e-08
3.90136847e-07
3.46663001e-07
3.03130946e-07
2.59642547e-07
2.16095941e-07
1.72556611e-07
1.29031832e-07
8.55216058e-08
4.19531716e-08
4.13405360e-07
3.67399480e-07
3.21313564e-07
2.75234925e-07
2.29083525e-07
1.82932126e-07
1.36773451e-07
9.06729838e-08
4.44852049e-08
4.35698894e-07
3.87197360e-07
3.38615791e-07
2.90056050e-07
2.41430826e-07
1.92776497e-07
1.44129444e-07
9.55187716e-08
4.68935468e-08
4.56566340e-07
4.05721948e-07
3.54775693e-07
3.03916750e-07
2.52955942e-07
2.01995135e-07
1.51063432e-07
1.00102625e-07
4.91054379e-08
4.76298737e-07
4.23286110e-07
3.70157068e-07
3.17100785e-07
2.63957190e-07
2.10755388e-07
1.57626346e-07
1.04497303e-07
5.13100531e-08
4.94765118e-07
4.39657015e-07
3.84534360e-07
3.29338945e-07
2.74158083e-07
2.18948117e-07
1.63694494e-07
1.08528184e-07
5.32891136e-08
5.12445695e-07
4.55329427e-07
3.98184056e-07
3.41067789e-07
2.83893314e-07
2.26733391e-07
1.69544364e-07
1.12428097e-07
5.52390702e-08
5.28758392e-07
4.69852239e-07
4.10902430e-07
3.51952622e-07
2.92944605e-07
2.33965693e-07
1.74957677e-07
1.16022420e-07
5.68979885e-08
5.44110662e-07
4.83501935e-07
4.22835001e-07
3.62197170e-07
3.01486580e-07
2.40775989e-07
1.80065399e-07
1.19383913e-07
5.86442184e-08
5.58546162e-07
4.96409484e-07
4.34127287e-07
3.71845090e-07
3.09504685e-07
2.47120624e-07
1.84823875e-07
1.22585334e-07
6.02594810e-08
5.71875717e-07
5.08152880e-07
4.44386387e-07
3.80678102e-07
3.16824298e-07
2.53043254e-07
1.89262209e-07
1.25495717e-07
6.17001206e-08
5.84434019e-07
5.19401510e-07
4.54252586e-07
3.89118213e-07
3.23896529e-07
2.58645741e-07
1.93409505e-07
1.28216925e-07
6.29515853e-08
5.96090103e-07
5.29704266e-07
4.63274773e-07
3.96830728e-07
3.30299372e-07
2.63768015e-07
1.97280315e-07
1.30836270e-07
6.43485691e-08
6.06509275e-07
5.38799213e-07
4.71191015e-07
4.03597369e-07
3.35930963e-07
2.68308213e-07
2.00670911e-07
1.33062713e-07
6.53963070e-08
8.16304237e-07
6.88247383e-07
5.56465238e-07
4.22820449e-07
2.87313014e-07
1.54599547e-07
2.93366611e-08
-9.59262252e-08
-2.07219273e-07
8.33533704e-07
7.00354576e-07
5.62984496e-07
4.25614417e-07
2.90106982e-07
1.58324838e-07
2.84053385e-08
-1.01514161e-07
-2.25380063e-07
8.34930688e-07
7.06408173e-07
5.67641109e-07
4.32599336e-07
2.97557563e-07
1.60187483e-07
2.88709998e-08
-1.03376806e-07
-2.33761966e-07
8.40052962e-07
7.11064786e-07
5.77885658e-07
4.40049917e-07
3.00817192e-07
1.65775418e-07
2.79396772e-08
-1.08499080e-07
-2.37021595e-07
8.47969204e-07
7.21774995e-07
5.83939254e-07
4.40049917e-07
3.02679837e-07
1.62981451e-07
2.46800482e-08
-1.03842467e-07
-2.24448740e-07
8.61473382e-07
7.30156898e-07
5.89061528e-07
4.45637852e-07
3.05473804e-07
1.65775418e-07
2.84053385e-08
-1.08033419e-07
-2.41212547e-07
8.71717930e-07
7.37607479e-07
5.92786819e-07
4.52157110e-07
3.08733433e-07
1.66241080e-07
2.84053385e-08
-1.06636435e-07
-2.34227628e-07
8.76374543e-07
7.41332769e-07
5.98840415e-07
4.54485416e-07
3.09199095e-07
1.68103725e-07
2.84053385e-08
-1.05705112e-07
-2.30967999e-07
8.74511898e-07
7.44126737e-07
5.99771738e-07
4.58210707e-07
3.13855708e-07
1.69966370e-07
3.16649675e-08
-1.09896064e-07
-2.46334821e-07
8.79168510e-07
7.51577318e-07
6.04428351e-07
4.58210707e-07
3.14321369e-07
1.70897692e-07
3.11993062e-08
-1.10827386e-07
-2.46800482e-07
8.89413059e-07
7.50645995e-07
6.03497028e-07
4.60073352e-07
3.15718353e-07
1.69035047e-07
3.07336450e-08
-1.08033419e-07
-2.40746886e-07
8.85687768e-07
7.50645995e-07
6.06290996e-07
4.62867320e-07
3.15718353e-07
1.69966370e-07
3.07336450e-08
-1.11758709e-07
-2.45403498e-07
8.86619091e-07
7.54371285e-07
6.12810254e-07
4.63798642e-07
3.13855708e-07
1.68103725e-07
2.74740160e-08
-1.10827386e-07
-2.39815563e-07
8.85687768e-07
7.54371285e-07
6.10016286e-07
4.62867320e-07
3.17580998e-07
1.70432031e-07
2.93366611e-08
-1.11758709e-07
-2.47266144e-07
6.73215254e-07
5.98214683e-07
5.23199560e-07
4.48184437e-07
3.73067451e-07
2.98008672e-07
2.22935341e-07
1.47862011e-07
7.27595761e-08
6.72560418e-07
5.97705366e-07
5.22690243e-07
4.47791535e-07
3.72747309e-07
2.97703082e-07
2.22702511e-07
1.47672836e-07
7.25995051e-08
6.71352609e-07
5.96744940e-07
5.21875336e-07
4.47063940e-07
3.72136128e-07
2.97179213e-07
2.22295057e-07
1.47396349e-07
7.24685378e-08
6.69111614e-07
5.94678568e-07
5.20158210e-07
4.45608748e-07
3.70899215e-07
2.96233338e-07
2.21582013e-07
1.46974344e-07
7.23084668e-08
6.66099368e-07
5.91957360e-07
5.17713488e-07
4.43469617e-07
3.69182089e-07
2.94865458e-07
2.20577931e-07
1.46319508e-07
7.20028765e-08
6.62999810e-07
5.89192496e-07
5.15283318e-07
4.41388693e-07
3.67435860e-07
2.93468474e-07
2.19501089e-07
1.45577360e-07
7.15954229e-08
6.59274519e-07
5.85787348e-07
5.12285624e-07
4.38813004e-07
3.65311280e-07
2.91824108e-07
2.18293280e-07
1.44806108e-07
7.11443136e-08
6.54661562e-07
5.81610948e-07
5.08574885e-07
4.35611582e-07
3.62677383e-07
2.89699528e-07
2.16678018e-07
1.43700163e-07
7.05767889e-08
6.49262802e-07
5.76954335e-07
5.04544005e-07
4.32235538e-07
3.59737896e-07
2.87327566e-07
2.14960892e-07
1.42594217e-07
7.01838871e-08
6.43893145e-07
5.72195859e-07
5.00469469e-07
4.28670319e-07
3.56842065e-07
2.85028364e-07
2.13156454e-07
1.41357305e-07
6.94562914e-08
6.37708581e-07
5.66680683e-07
4.95609129e-07
4.24508471e-07
3.53364157e-07
2.82248948e-07
2.11075530e-07
1.40003976e-07
6.87723514e-08
6.30461727e-07
5.60306944e-07
4.90050297e-07
4.19822754e-07
3.49435140e-07
2.79105734e-07
2.08732672e-07
1.38490577e-07
6.81611709e-08
6.23404048e-07
5.53947757e-07
4.84447810e-07
4.15020622e-07
3.45462468e-07
2.75904313e-07
2.06375262e-07
1.36817107e-07
6.71570888e-08
6.15793397e-07
5.47326636e-07
4.78670700e-07
4.10087523e-07
3.41329724e-07
2.72571924e-07
2.03886884e-07
1.35230948e-07
6.66332198e-08
6.07484253e-07
5.39963366e-07
4.72282409e-07
4.04543243e-07
3.36731318e-07
2.68919393e-07
2.01122020e-07
1.33382855e-07
6.56000338e-08
5.98884071e-07
5.32163540e-07
4.65399353e-07
3.98693373e-07
3.31870979e-07
2.65048584e-07
1.98182533e-07
1.31432898e-07
6.46105036e-08
5.90007403e-07
5.24320058e-07
4.58589057e-07
3.92814400e-07
3.26966983e-07
2.61134119e-07
1.95286702e-07
1.29497494e-07
6.36209734e-08
5.80737833e-07
5.16170985e-07
4.51385858e-07
3.86688043e-07
3.21830157e-07
2.57045031e-07
1.92245352e-07
1.27489329e-07
6.27333065e-08
5.70929842e-07
5.07367076e-07
4.43702447e-07
3.80052370e-07
3.16358637e-07
2.52664904e-07
1.88985723e-07
1.25321094e-07
6.16419129e-08
5.60801709e-07
4.98359441e-07
4.35829861e-07
3.73329385e-07
3.10741598e-07
2.48153810e-07
1.85595127e-07
1.23123755e-07
6.05505193e-08
5.50775439e-07
4.89366357e-07
4.27971827e-07
3.66562745e-07
3.05110007e-07
2.43657269e-07
1.82248186e-07
1.20824552e-07
5.93427103e-08
5.40065230e-07
4.79965820e-07
4.19720891e-07
3.59505066e-07
2.99260137e-07
2.39015208e-07
1.78741175e-07
1.18467142e-07
5.81785571e-08
5.28962119e-07
4.70055966e-07
4.11091605e-07
3.52112693e-07
2.93090125e-07
2.34067556e-07
1.75059540e-07
1.16066076e-07
5.69998519e-08
5.17771696e-07
4.60073352e-07
4.02345904e-07
3.44633008e-07
2.86876457e-07
2.29090801e-07
1.71319698e-07
1.13563146e-07
5.57629392e-08
5.06552169e-07
4.50076186e-07
3.93585651e-07
3.37124220e-07
2.80619133e-07
2.24114046e-07
1.67608960e-07
1.11132977e-07
5.45551302e-08
4.94837877e-07
4.39729774e-07
3.84578016e-07
3.29397153e-07
2.74172635e-07
2.18962668e-07
1.63723598e-07
1.08528184e-07
5.32309059e-08
4.82861651e-07
4.29121428e-07
3.75250238e-07
3.21422704e-07
2.67566065e-07
2.13622116e-07
1.59765477e-07
1.05908839e-07
5.19503374e-08
4.70754458e-07
4.18411219e-07
3.65922460e-07
3.13462806e-07
2.60872184e-07
2.08310666e-07
1.55792804e-07
1.03274942e-07
5.07425284e-08
4.58749128e-07
4.07642801e-07
3.56551027e-07
3.05401045e-07
2.54149199e-07
2.02970114e-07
1.51761924e-07
1.00568286e-07
4.93164407e-08
4.46714694e-07
3.96932592e-07
3.47092282e-07
2.97310180e-07
2.47440767e-07
1.97600457e-07
1.47767423e-07
9.79343895e-08
4.79922164e-08
4.34447429e-07
3.86004103e-07
3.37560778e-07
2.89117452e-07
2.40652298e-07
1.92158041e-07
1.43656507e-07
9.51695256e-08
4.66025085e-08
4.22129233e-07
3.75119271e-07
3.27978341e-07
2.80931999e-07
2.33827450e-07
1.86701072e-07
1.39596523e-07
9.24846972e-08
4.52637323e-08
4.09803761e-07
3.64154403e-07
3.18425009e-07
2.72746547e-07
2.26973498e-07
1.81244104e-07
1.35521987e-07
8.97634891e-08
4.40486474e-08
3.97441909e-07
3.53189535e-07
3.08871677e-07
2.64531991e-07
2.20170477e-07
1.75772584e-07
1.31389243e-07
8.70641088e-08
4.26807674e-08
3.85152816e-07
3.42246494e-07
2.99311068e-07
2.56331987e-07
2.13316525e-07
1.70308340e-07
1.27300154e-07
8.43283487e-08
4.13419912e-08
3.72841896e-07
3.31310730e-07
2.89721356e-07
2.48146534e-07
2.06491677e-07
1.64880475e-07
1.23240170e-07
8.15925887e-08
3.99231794e-08
3.60727427e-07
3.20505933e-07
2.80226232e-07
2.39975634e-07
1.99717761e-07
1.59459887e-07
1.19180186e-07
7.89441401e-08
3.86207830e-08
3.48751200e-07
3.09832103e-07
2.70913006e-07
2.32015736e-07
1.93074811e-07
1.54148438e-07
1.15200237e-07
7.62956915e-08
3.73402145e-08
3.36840458e-07
2.99318344e-07
2.61730747e-07
2.24135874e-07
1.86519173e-07
1.48880645e-07
1.11242116e-07
7.36763468e-08
3.60669219e-08
3.24958819e-07
2.88782758e-07
2.52519385e-07
2.16263288e-07
1.79941708e-07
1.43649231e-07
1.07342203e-07
7.10570021e-08
3.47936293e-08
3.13506462e-07
2.78603693e-07
2.43628165e-07
2.08652637e-07
1.73611625e-07
1.38570613e-07
1.03536877e-07
6.85322448e-08
3.34912329e-08
3.02599801e-07
2.68853910e-07
2.35078915e-07
2.01311195e-07
1.67507096e-07
1.33702997e-07
9.98916221e-08
6.61020749e-08
3.22906999e-08
2.91809556e-07
2.59205990e-07
2.26624252e-07
1.94049790e-07
1.61460775e-07
1.28871761e-07
9.62827471e-08
6.37446647e-08
3.11338226e-08
2.81106622e-07
2.49732693e-07
2.18329660e-07
1.86977559e-07
1.55574526e-07
1.24156941e-07
9.27684596e-08
6.13508746e-08
2.98896339e-08
2.71094905e-07
2.40863301e-07
2.10595317e-07
1.80327334e-07
1.50030246e-07
1.19740434e-07
8.94433470e-08
5.91608114e-08
2.88418960e-08
2.61694368e-07
2.32474122e-07
2.03246600e-07
1.74033630e-07
1.44798832e-07
1.15564035e-07
8.63001333e-08
5.70726115e-08
2.78014340e-08
2.52206519e-07
2.24084943e-07
1.95912435e-07
1.67754479e-07
1.39567419e-07
1.11373083e-07
8.31714715e-08
5.49844117e-08
2.68191798e-08
2.43569957e-07
2.16379703e-07
1.89182174e-07
1.61977368e-07
1.34743459e-07
1.07509550e-07
8.02974682e-08
5.30781108e-08
2.58296495e-08
2.35777406e-07
2.09431164e-07
1.83092197e-07
1.56767783e-07
1.30399712e-07
1.04046194e-07
7.76853994e-08
5.13355189e-08
2.49237928e-08
2.28021236e-07
2.02591764e-07
1.77125912e-07
1.51645509e-07
1.26157829e-07
1.00644684e-07
7.51424523e-08
4.96438588e-08
2.41016096e-08
2.21014488e-07
1.96319888e-07
1.71625288e-07
1.46937964e-07
1.22225174e-07
9.74978320e-08
7.27923180e-08
4.80904419e-08
2.33703759e-08
2.14844476e-07
1.90870196e-07
1.66852260e-07
1.42845238e-07
1.18820026e-07
9.47693479e-08
7.07404979e-08
4.67298378e-08
2.26718839e-08
2.09016434e-07
1.85729732e-07
1.62359356e-07
1.39007170e-07
1.15611329e-07
9.22191248e-08
6.88341970e-08
4.54565452e-08
2.20388756e-08
2.04050593e-07
1.81258656e-07
1.58430339e-07
1.35634764e-07
1.12802809e-07
8.99672159e-08
6.71680027e-08
4.43505996e-08
2.15222826e-08
2.00117938e-07
1.77758920e-07
1.55392627e-07
1.33011781e-07
1.10623660e-07
8.82246241e-08
6.58401405e-08
4.34920366e-08
2.11257429e-08
1.96603651e-07
1.74659363e-07
1.52667781e-07
1.30701665e-07
1.08691893e-07
8.66893970e-08
6.46869012e-08
4.27171472e-08
2.07182893e-08
1.97098416e-07
1.75063178e-07
1.53035216e-07
1.30999979e-07
1.08950189e-07
8.68967618e-08
6.48506102e-08
4.28080966e-08
2.06928235e-08
5.96046448e-08
8.96397978e-08
7.35744834e-08
6.58910722e-08
5.72763383e-08
5.00585884e-08
4.33064997e-08
3.09664756e-08
-6.51925802e-09
5.28525561e-08
8.91741365e-08
7.47386366e-08
6.51925802e-08
5.84404916e-08
5.19212335e-08
4.33064997e-08
3.11993062e-08
2.32830644e-09
4.70317900e-08
8.82428139e-08
7.45058060e-08
6.58910722e-08
5.70435077e-08
4.98257577e-08
4.28408384e-08
3.35276127e-08
7.21774995e-09
6.82193786e-08
8.91741365e-08
7.59027898e-08
6.75208867e-08
5.75091690e-08
5.05242497e-08
4.28408384e-08
3.37604433e-08
1.62981451e-09
6.12344593e-08
9.08039510e-08
7.72997737e-08
6.75208867e-08
5.93718141e-08
5.16884029e-08
4.37721610e-08
3.49245965e-08
8.61473382e-09
4.86616045e-08
9.26665962e-08
7.75326043e-08
6.84522092e-08
6.00703061e-08
5.26197255e-08
4.47034836e-08
3.25962901e-08
-1.37370080e-08
6.37955964e-08
9.40635800e-08
8.03265721e-08
7.05476850e-08
6.14672899e-08
5.30853868e-08
4.49363142e-08
3.46917659e-08
-1.09430403e-08
6.54254109e-08
9.75560397e-08
8.21892172e-08
7.28759915e-08
6.33299351e-08
5.40167093e-08
4.74974513e-08
3.60887498e-08
3.49245965e-09
5.54136932e-08
1.00117177e-07
8.52160156e-08
7.70669430e-08
6.56582415e-08
5.58793545e-08
4.86616045e-08
3.81842256e-08
1.81607902e-08
6.82193786e-08
1.06170774e-07
8.87084752e-08
7.79982656e-08
6.89178705e-08
6.07687980e-08
5.16884029e-08
3.60887498e-08
4.65661287e-10
9.08039510e-08
1.07567757e-07
9.33650881e-08
8.31205398e-08
7.31088221e-08
6.33299351e-08
5.28525561e-08
4.05125320e-08
1.62981451e-09
9.42964107e-08
1.17346644e-07
9.89530236e-08
8.68458301e-08
7.61356205e-08
6.63567334e-08
5.61121851e-08
4.33064997e-08
2.88709998e-08
6.17001206e-08
9.73232090e-08
8.21892172e-08
7.21774995e-08
6.40284270e-08
5.70435077e-08
4.63332981e-08
3.37604433e-08
-2.56113708e-09
-4.25206963e-07
-4.17305273e-07
-4.09519998e-07
-4.01880243e-07
-3.94182280e-07
-3.86600732e-07
-3.79019184e-07
-3.71350325e-07
-3.63768777e-07
-3.89656634e-07
-3.82438884e-07
-3.75308446e-07
-3.68236215e-07
-3.61207640e-07
-3.54208169e-07
-3.47208697e-07
-3.40209226e-07
-3.33238859e-07
-3.54106305e-07
-3.47514288e-07
-3.41053237e-07
-3.34621291e-07
-3.28203896e-07
-3.21815605e-07
-3.15427314e-07
-3.09024472e-07
-3.02592525e-07
-3.18585080e-07
-3.12677003e-07
-3.06798029e-07
-3.01020918e-07
-2.95214704e-07
-2.89393938e-07
-2.83660484e-07
-2.77825166e-07
-2.72062607e-07
-2.83092959e-07
-2.77817890e-07
-2.72571924e-07
-2.67384166e-07
-2.62181857e-07
-2.57015927e-07
-2.51849997e-07
-2.46654963e-07
-2.41510861e-07
-2.47680873e-07
-2.42958777e-07
-2.38309440e-07
-2.33725586e-07
-2.29149009e-07
-2.24608812e-07
-2.20068614e-07
-2.15506589e-07
-2.10951839e-07
-2.12130544e-07
-2.08070560e-07
-2.04068783e-07
-2.00110662e-07
-1.96152541e-07
-1.92216248e-07
-1.88294507e-07
-1.84350938e-07
-1.80414645e-07
-1.76638423e-07
-1.73211447e-07
-1.69820851e-07
-1.66481186e-07
-1.63141522e-07
-1.59823685e-07
-1.56505848e-07
-1.53166184e-07
-1.49826519e-07
-1.41168130e-07
-1.38334144e-07
-1.35572918e-07
-1.32840796e-07
-1.30123226e-07
-1.27427484e-07
-1.24720827e-07
-1.21992343e-07
-1.19238393e-07
-1.05650543e-07
-1.03475031e-07
-1.01328624e-07
-9.92185960e-08
-9.71158443e-08
-9.50312824e-08
-9.29394446e-08
-9.08257789e-08
-8.87048373e-08
-7.01256795e-08
-6.85977284e-08
-6.70934241e-08
-6.56018528e-08
-6.41102815e-08
-6.26259862e-08
-6.11435098e-08
-5.96573955e-08
-5.81676431e-08
-3.46153683e-08
-3.37304300e-08
-3.28473106e-08
-3.19732862e-08
-3.10965333e-08
-3.02270564e-08
-2.93557605e-08
-2.84862836e-08
-2.76186256e-08
8.85307827e-10
1.14141585e-09
1.39806389e-09
1.65522351e-09
1.91232630e-09
2.16982698e-09
2.42755505e-09
2.68494205e-09
2.94289748e-09
3.63797881e-08
3.60087142e-08
3.56430974e-08
3.52811185e-08
3.49245965e-08
3.45698936e-08
3.42115527e-08
3.38532118e-08
3.34966899e-08
7.19119271e-08
7.08841981e-08
6.98855729e-08
6.89087756e-08
6.79356162e-08
6.69679139e-08
6.60020305e-08
6.50215952e-08
6.40320650e-08
1.07367669e-07
1.05741492e-07
1.04133505e-07
1.02536433e-07
1.00942998e-07
9.93568392e-08
9.77779564e-08
9.62063496e-08
9.46565706e-08
1.42899808e-07
1.40622433e-07
1.38374162e-07
1.36154995e-07
1.33950380e-07
1.31760316e-07
1.29570253e-07
1.27369276e-07
1.25168299e-07
1.78370101e-07
1.75474270e-07
1.72629370e-07
1.69791747e-07
1.66968675e-07
1.64152880e-07
1.61351636e-07
1.58543116e-07
1.55727321e-07
2.13927706e-07
2.10362487e-07
2.06862751e-07
2.03413947e-07
1.99972419e-07
1.96545443e-07
1.93140295e-07
1.89706043e-07
1.86242687e-07
2.49347067e-07
2.45221599e-07
2.41117959e-07
2.37050699e-07
2.32990715e-07
2.28967110e-07
2.24921678e-07
2.20883521e-07
2.16874469e-07
2.84875568e-07
2.80080712e-07
2.75373168e-07
2.70687451e-07
2.65994458e-07
2.61337846e-07
2.56717613e-07
2.52024620e-07
2.47382559e-07
-5.71075361e-07
-5.60568878e-07
-5.50222467e-07
-5.40036126e-07
-5.29878889e-07
-5.19765308e-07
-5.09651727e-07
-4.99523594e-07
-4.89308150e-07
-5.34753781e-07
-5.24843927e-07
-5.15181455e-07
-5.05620847e-07
-4.96103894e-07
-4.86630597e-07
-4.77157300e-07
-4.67640348e-07
-4.58065188e-07
-4.98286681e-07
-4.89133527e-07
-4.80140443e-07
-4.71191015e-07
-4.62299795e-07
-4.53466782e-07
-4.44633770e-07
-4.35771653e-07
-4.26894985e-07
-4.61950549e-07
-4.53495886e-07
-4.45143087e-07
-4.36804839e-07
-4.28539352e-07
-4.20332071e-07
-4.12095687e-07
-4.03859303e-07
-3.95666575e-07
-4.25628969e-07
-4.17785486e-07
-4.10087523e-07
-4.02433216e-07
-3.94793460e-07
-3.87182808e-07
-3.79586709e-07
-3.71946953e-07
-3.64263542e-07
-3.89292836e-07
-3.82089638e-07
-3.75002855e-07
-3.67988832e-07
-3.60974809e-07
-3.54033546e-07
-3.47077730e-07
-3.40078259e-07
-3.33035132e-07
-3.53000360e-07
-3.46437446e-07
-3.39976395e-07
-3.33588105e-07
-3.27214366e-07
-3.20884283e-07
-3.14554200e-07
-3.08180461e-07
-3.01792170e-07
-3.16664227e-07
-3.10756150e-07
-3.04949936e-07
-2.99187377e-07
-2.93439371e-07
-2.87735020e-07
-2.82045221e-07
-2.76282663e-07
-2.70534656e-07
-2.80277163e-07
-2.75067578e-07
-2.69901648e-07
-2.64764822e-07
-2.59664375e-07
-2.54585757e-07
-2.49499863e-07
-2.44421244e-07
-2.39371730e-07
-2.44042894e-07
-2.39408109e-07
-2.34860636e-07
-2.30378646e-07
-2.25882104e-07
-2.21421942e-07
-2.16990884e-07
-2.12523446e-07
-2.08063284e-07
-2.07677658e-07
-2.03719537e-07
-1.99812348e-07
-1.95956090e-07
-1.92114385e-07
-1.88294507e-07
-1.84474629e-07
-1.80611096e-07
-1.76783942e-07
-1.71290594e-07
-1.68023689e-07
-1.64771336e-07
-1.61548087e-07
-1.58346666e-07
-1.55130692e-07
-1.51943823e-07
-1.48756953e-07
-1.45570084e-07
-1.34994480e-07
-1.32342393e-07
-1.29726686e-07
-1.27132807e-07
-1.24553480e-07
-1.21992343e-07
-1.19434844e-07
-1.16855517e-07
-1.14290742e-07
-9.86874511e-08
-9.66610969e-08
-9.46856744e-08
-9.27284418e-08
-9.07784852e-08
-8.88503564e-08
-8.69185897e-08
-8.49686330e-08
-8.30077624e-08
-6.23240339e-08
-6.09761628e-08
-5.96410246e-08
-5.83240762e-08
-5.70089469e-08
-5.57010935e-08
-5.43968781e-08
-5.30799298e-08
-5.17629815e-08
-2.59897206e-08
-2.52930477e-08
-2.46018317e-08
-2.39160727e-08
-2.32330422e-08
-2.25527401e-08
-2.18733476e-08
-2.11884981e-08
-2.05054675e-08
1.03434559e-08
1.03909770e-08
1.04396349e-08
1.04905666e-08
1.05424078e-08
1.05937943e-08
1.06465450e-08
1.06983862e-08
1.07511369e-08
4.66770871e-08
4.60695446e-08
4.54820110e-08
4.48999344e-08
4.43196768e-08
4.37430572e-08
4.31682565e-08
4.25825419e-08
4.19950084e-08
8.30295903e-08
8.17599357e-08
8.05230229e-08
7.93043000e-08
7.80892151e-08
7.68886821e-08
7.56845111e-08
7.44730642e-08
7.32652552e-08
1.19372999e-07
1.17452146e-07
1.15571311e-07
1.13719580e-07
1.11864210e-07
1.10027031e-07
1.08204404e-07
1.06367224e-07
1.04526407e-07
1.55683665e-07
1.53122528e-07
1.50605047e-07
1.48116669e-07
1.45642844e-07
1.43176294e-07
1.40717020e-07
1.38250471e-07
1.35783921e-07
1.92005245e-07
1.88803824e-07
1.85646059e-07
1.82531949e-07
1.79417839e-07
1.76332833e-07
1.73240551e-07
1.70133717e-07
1.67034159e-07
2.28319550e-07
2.24492396e-07
2.20708898e-07
2.16947228e-07
2.13200110e-07
2.09482096e-07
2.05771357e-07
2.02053343e-07
1.98320777e-07
2.64670234e-07
2.60166416e-07
2.55742634e-07
2.51347956e-07
2.46953277e-07
2.42624083e-07
2.38273060e-07
2.33922037e-07
2.29563739e-07
3.01086402e-07
2.95862264e-07
2.90769094e-07
2.85755959e-07
2.80735549e-07
2.75766070e-07
2.70796590e-07
2.65819835e-07
2.60806701e-07
3.37327947e-07
3.31550837e-07
3.25817382e-07
3.20185791e-07
3.14510544e-07
3.08908056e-07
3.03334673e-07
2.97659426e-07
2.92027835e-07
3.73649527e-07
3.67217581e-07
3.60872946e-07
3.54571966e-07
3.48300091e-07
3.42086423e-07
3.35814548e-07
3.29557224e-07
3.23270797e-07
4.10000212e-07
4.02913429e-07
3.95884854e-07
3.88987246e-07
3.82045982e-07
3.75177478e-07
3.68367182e-07
3.61484126e-07
3.54673830e-07
4.46292688e-07
4.38594725e-07
4.30940418e-07
4.23402525e-07
4.15864633e-07
4.08341293e-07
4.00890713e-07
3.93367372e-07
3.85873136e-07
4.82687028e-07
4.74276021e-07
4.65952326e-07
4.57788701e-07
4.49625077e-07
4.41505108e-07
4.33414243e-07
4.25294274e-07
4.17174306e-07
5.18994057e-07
5.09957317e-07
5.01051545e-07
4.92203981e-07
4.83385520e-07
4.74654371e-07
4.65937774e-07
4.57148417e-07
4.48329956e-07
5.55417500e-07
5.45653165e-07
5.36063453e-07
5.26575604e-07
5.17145963e-07
5.07818186e-07
4.98432200e-07
4.89017111e-07
4.79558366e-07
5.91666321e-07
5.81276254e-07
5.71089913e-07
5.60990884e-07
5.50964614e-07
5.40982001e-07
5.30955731e-07
5.20929461e-07
5.10801328e-07
6.27944246e-07
6.17001206e-07
6.06174581e-07
5.95435267e-07
5.84725058e-07
5.74102160e-07
5.63479261e-07
5.52798156e-07
5.42146154e-07
-6.24306267e-07
-6.12635631e-07
-6.01168722e-07
-5.89905540e-07
-5.78671461e-07
-5.67524694e-07
-5.56407031e-07
-5.45172952e-07
-5.33880666e-07
-5.87970135e-07
-5.77041646e-07
-5.66244125e-07
-5.55635779e-07
-5.45012881e-07
-5.34520950e-07
-5.23999915e-07
-5.13347914e-07
-5.02739567e-07
-5.51692210e-07
-5.41491318e-07
-5.31334081e-07
-5.21322363e-07
-5.11354301e-07
-5.01429895e-07
-4.91592800e-07
-4.81697498e-07
-4.71889507e-07
-5.15312422e-07
-5.05810021e-07
-4.96394932e-07
-4.87052603e-07
-4.77739377e-07
-4.68469807e-07
-4.59214789e-07
-4.49930667e-07
-4.40675649e-07
-4.79121809e-07
-4.70245141e-07
-4.61470336e-07
-4.52782842e-07
-4.44066245e-07
-4.35436959e-07
-4.26807674e-07
-4.18134732e-07
-4.09563654e-07
-4.42931196e-07
-4.34651156e-07
-4.26545739e-07
-4.18454874e-07
-4.10393113e-07
-4.02418664e-07
-3.94415110e-07
-3.86397005e-07
-3.78378900e-07
-4.06740583e-07
-3.99086275e-07
-3.91577487e-07
-3.84141458e-07
-3.76763637e-07
-3.69371264e-07
-3.62022547e-07
-3.54659278e-07
-3.47252353e-07
-3.70419002e-07
-3.63477739e-07
-3.56638338e-07
-3.49857146e-07
-3.43075953e-07
-3.36352969e-07
-3.29644536e-07
-3.22906999e-07
-3.16184014e-07
-3.34184733e-07
-3.27898306e-07
-3.21670086e-07
-3.15558282e-07
-3.09446477e-07
-3.03320121e-07
-2.97266524e-07
-2.91140168e-07
-2.84984708e-07
-2.97914085e-07
-2.92304321e-07
-2.86760041e-07
-2.81252142e-07
-2.75766070e-07
-2.70338205e-07
-2.64881237e-07
-2.59424269e-07
-2.53967301e-07
-2.61687092e-07
-2.56710337e-07
-2.51813617e-07
-2.46967829e-07
-2.42129317e-07
-2.37312634e-07
-2.32503226e-07
-2.27650162e-07
-2.22804374e-07
-2.25452823e-07
-2.21123628e-07
-2.16881745e-07
-2.12654413e-07
-2.08448910e-07
-2.04279786e-07
-2.00096110e-07
-1.95926987e-07
-1.91721483e-07
-1.89174898e-07
-1.85536919e-07
-1.81920768e-07
-1.78362825e-07
-1.74804882e-07
-1.71246938e-07
-1.67718099e-07
-1.64152880e-07
-1.60602212e-07
-1.52933353e-07
-1.49950210e-07
-1.47003448e-07
-1.44063961e-07
-1.41142664e-07
-1.38235919e-07
-1.35321898e-07
-1.32393325e-07
-1.29475666e-07
-1.16728188e-07
-1.14359864e-07
-1.12053385e-07
-1.09761459e-07
-1.07476808e-07
-1.05213985e-07
-1.02932972e-07
-1.00648322e-07
-9.83454811e-08
-8.04720912e-08
-7.87840690e-08
-7.71215127e-08
-7.54662324e-08
-7.38218660e-08
-7.21847755e-08
-7.05476850e-08
-6.89033186e-08
-6.72480382e-08
-4.42214514e-08
-4.31937224e-08
-4.21750883e-08
-4.11691872e-08
-4.01596481e-08
-3.91610229e-08
-3.81605787e-08
-3.71528586e-08
-3.61433194e-08
-7.97672328e-09
-7.60701369e-09
-7.23821358e-09
-6.87100510e-09
-6.50379661e-09
-6.13749762e-09
-5.77142600e-09
-5.40444489e-09
-5.03780484e-09
2.82652763e-08
2.79796950e-08
2.77022991e-08
2.74276317e-08
2.71556928e-08
2.68846634e-08
2.66163624e-08
2.63435140e-08
2.60743036e-08
6.45122782e-08
6.35664037e-08
6.26405381e-08
6.17255864e-08
6.08106347e-08
5.99084160e-08
5.90025593e-08
5.80912456e-08
5.71799319e-08
1.00757461e-07
9.91567504e-08
9.75778676e-08
9.60280886e-08
9.44673957e-08
9.29321686e-08
9.13933036e-08
8.98471626e-08
8.83010216e-08
1.37031748e-07
1.34754373e-07
1.32509740e-07
1.30316039e-07
1.28118700e-07
1.25950464e-07
1.23778591e-07
1.21610356e-07
1.19427568e-07
1.73240551e-07
1.70330168e-07
1.67463440e-07
1.64618541e-07
1.61788194e-07
1.58979674e-07
1.56163878e-07
1.53333531e-07
1.50488631e-07
2.09489372e-07
2.05916876e-07
2.02409865e-07
1.98931957e-07
1.95454049e-07
1.91997970e-07
1.88556442e-07
1.85071258e-07
1.81629730e-07
2.45694537e-07
2.41496309e-07
2.37334461e-07
2.33223545e-07
2.29105353e-07
2.25016265e-07
2.20919901e-07
2.16830813e-07
2.12770829e-07
2.81943358e-07
2.77083018e-07
2.72273610e-07
2.67515134e-07
2.62771209e-07
2.58041837e-07
2.53327016e-07
2.48590368e-07
2.43853719e-07
3.18192178e-07
3.12677003e-07
3.07220034e-07
3.01835826e-07
2.96422513e-07
2.91052856e-07
2.85726856e-07
2.80342647e-07
2.74972990e-07
3.54397343e-07
3.48241883e-07
3.42130079e-07
3.36120138e-07
3.30110197e-07
3.24085704e-07
3.18119419e-07
3.12065822e-07
3.06026777e-07
3.90733476e-07
3.83879524e-07
3.77098331e-07
3.70433554e-07
3.63725121e-07
3.57118552e-07
3.50497430e-07
3.43876309e-07
3.37211532e-07
4.26938641e-07
4.19415301e-07
4.12037480e-07
4.04746970e-07
3.97383701e-07
3.90136847e-07
3.82875442e-07
3.75599484e-07
3.68323526e-07
4.63245669e-07
4.55038389e-07
4.46991180e-07
4.39016731e-07
4.31071385e-07
4.23140591e-07
4.15253453e-07
4.07337211e-07
3.99377313e-07
4.99509042e-07
4.90646926e-07
4.81886673e-07
4.73301043e-07
4.64700861e-07
4.56173439e-07
4.47675120e-07
4.39089490e-07
4.30474756e-07
5.35714207e-07
5.26182703e-07
5.16854925e-07
5.07614459e-07
4.98373993e-07
4.89206286e-07
4.80038580e-07
4.70856321e-07
4.61630407e-07
5.71890268e-07
5.61805791e-07
5.51794074e-07
5.41927875e-07
5.32061676e-07
5.22239134e-07
5.12460247e-07
5.02550392e-07
4.92756953e-07
SCALARS S23 float 1
LOOKUP_TABLE default
8.29649271e+03
1.57149557e+04
9.80067086e+03
4.26102453e+03
-9.03983251e+02
-5.69435249e+03
-1.01100832e+04
-1.41511753e+04
-1.00135004e+04
2.67356107e+03
5.23740483e+03
3.54398846e+03
1.84470575e+03
1.39556689e+02
-1.57145872e+03
-3.28834046e+03
-5.01108856e+03
-3.72172991e+03
2.83317883e+03
5.54228622e+03
3.73834564e+03
1.93392640e+03
1.29028511e+02
-1.67634804e+03
-3.48220324e+03
-5.28853710e+03
-3.92061742e+03
2.80989821e+03
5.49722713e+03
3.70890328e+03
1.91982385e+03
1.29988859e+02
-1.66060171e+03
-3.45194785e+03
-5.24404957e+03
-3.88811690e+03
2.79201957e+03
5.46276484e+03
3.68658968e+03
1.90933700e+03
1.31006804e+02
-1.64840092e+03
-3.42888616e+03
-5.21044892e+03
-3.86370396e+03
2.78119959e+03
5.44199618e+03
3.67326996e+03
1.90320378e+03
1.31797637e+02
-1.64094846e+03
-3.41503451e+03
-5.19046053e+03
-3.84926563e+03
2.77607395e+03
5.43217436e+03
3.66699830e+03
1.90034613e+03
1.32217830e+02
-1.63738658e+03
-3.40846711e+03
-5.18102376e+03
-3.84246536e+03
2.77778787e+03
5.43592332e+03
3.67007025e+03
1.90242687e+03
1.32993185e+02
-1.63823081e+03
-3.41124512e+03
-5.18604975e+03
-3.84654653e+03
2.78662982e+03
5.45308951e+03
3.68136581e+03
1.90791700e+03
1.32743089e+02
-1.64415594e+03
-3.42278007e+03
-5.20312931e+03
-3.85907427e+03
2.79379120e+03
5.46687943e+03
3.69027568e+03
1.91208731e+03
1.32314312e+02
-1.64904331e+03
-3.43198555e+03
-5.21651242e+03
-3.86878430e+03
2.54064558e+03
4.95961625e+03
3.33369758e+03
1.71651912e+03
1.08080870e+02
-1.49161716e+03
-3.08257497e+03
-4.66479257e+03
-3.44931335e+03
1.13019856e+03
2.19975748e+03
1.47084910e+03
7.51399024e+02
4.14072419e+01
-6.59126242e+02
-1.35020143e+03
-2.03181832e+03
-1.49667520e+03
2.11456769e+02
1.63888342e+02
1.15092878e+02
6.50703777e+01
1.38208402e+01
-3.86557343e+01
-9.23593456e+01
-1.47289994e+02
-2.03447679e+02
4.80524590e+02
3.67654292e+02
2.53252422e+02
1.37318981e+02
1.98539684e+01
-9.91426161e+01
-2.19670772e+02
-3.41730500e+02
-4.65321800e+02
5.33494030e+02
4.03925439e+02
2.73777007e+02
1.43048732e+02
1.17406150e+01
-1.20147344e+02
-2.52615144e+02
-3.85662787e+02
-5.19290272e+02
5.33682225e+02
4.04064102e+02
2.73864285e+02
1.43082772e+02
1.17195653e+01
-1.20225336e+02
-2.52751933e+02
-3.85860224e+02
-5.19550211e+02
5.33978396e+02
4.04278191e+02
2.73996159e+02
1.43132300e+02
1.16866142e+01
-1.20340899e+02
-2.52950239e+02
-3.86141407e+02
-5.19914401e+02
5.34180560e+02
4.04418095e+02
2.74076918e+02
1.43157027e+02
1.16584244e+01
-1.20418891e+02
-2.53074920e+02
-3.86309661e+02
-5.20123114e+02
5.34112943e+02
4.04361520e+02
2.74035277e+02
1.43134214e+02
1.16583327e+01
-1.20392368e+02
-2.53017889e+02
-3.86218229e+02
-5.19993388e+02
5.33828008e+02
4.04152894e+02
2.73904418e+02
1.43082580e+02
1.16873792e+01
-1.20281183e+02
-2.52823108e+02
-3.85938395e+02
-5.19627044e+02
5.33530213e+02
4.03942564e+02
2.73778225e+02
1.43037195e+02
1.17194744e+01
-1.20174937e+02
-2.52646040e+02
-3.85693834e+02
-5.19318318e+02
5.33273430e+02
4.03744060e+02
2.73645143e+02
1.42976679e+02
1.17386685e+01
-1.20068889e+02
-2.52445993e+02
-3.85392643e+02
-5.18908841e+02
5.32571292e+02
4.03230558e+02
2.73323652e+02
1.42850574e+02
1.18113240e+01
-1.19794099e+02
-2.51965693e+02
-3.84703460e+02
-5.18007400e+02
5.31870973e+02
4.02736493e+02
2.73028587e+02
1.42747254e+02
1.18924940e+01
-1.19535692e+02
-2.51537305e+02
-3.84112345e+02
-5.17260811e+02
5.31468087e+02
4.02435638e+02
2.72834906e+02
1.42665892e+02
1.19285955e+01
-1.19376984e+02
-2.51250846e+02
-3.83692990e+02
-5.16703417e+02
5.30570411e+02
4.01768452e+02
2.72408559e+02
1.42490732e+02
1.20149708e+01
-1.19018724e+02
-2.50610354e+02
-3.82759917e+02
-5.15467415e+02
5.29328769e+02
4.00883712e+02
2.71873520e+02
1.42298192e+02
1.21577287e+01
-1.18547870e+02
-2.49818605e+02
-3.81654475e+02
-5.14055481e+02
5.28628866e+02
4.00387551e+02
2.71574584e+02
1.42189964e+02
1.22336917e+01
-1.18294233e+02
-2.49393810e+02
-3.81065039e+02
-5.13307921e+02
5.27789202e+02
3.99739327e+02
2.71141173e+02
1.41994743e+02
1.23000347e+01
-1.17942951e+02
-2.48734213e+02
-3.80073753e+02
-5.11961571e+02
5.25720609e+02
3.98244104e+02
2.70219305e+02
1.41646213e+02
1.25248270e+01
-1.17144853e+02
-2.47362826e+02
-3.78129094e+02
-5.09443655e+02
5.24236294e+02
3.97208186e+02
2.69610219e+02
1.41442393e+02
1.27047071e+01
-1.16602838e+02
-2.46480243e+02
-3.76927507e+02
-5.07944630e+02
5.23593206e+02
3.96713554e+02
2.69281044e+02
1.41295678e+02
1.27574547e+01
-1.16333625e+02
-2.45977562e+02
-3.76174356e+02
-5.06924007e+02
5.21637503e+02
3.95271819e+02
2.68368877e+02
1.40928678e+02
1.29512220e+01
-1.15563491e+02
-2.44615462e+02
-3.74204690e+02
-5.04331175e+02
5.19375067e+02
3.93667137e+02
2.67404963e+02
1.40588545e+02
1.32178826e+01
-1.14707024e+02
-2.43186176e+02
-3.72219572e+02
-5.01807212e+02
5.18358275e+02
3.92952889e+02
2.66979839e+02
1.40439125e+02
1.33307463e+01
-1.14345297e+02
-2.42589004e+02
-3.71400376e+02
-5.00779412e+02
5.17084888e+02
3.91955639e+02
2.66302123e+02
1.40124337e+02
1.34222831e+01
-1.13804040e+02
-2.41554631e+02
-3.69829491e+02
-4.98628619e+02
2.57639090e+02
1.95276291e+02
1.32673111e+02
6.98295497e+01
6.74560619e+00
-5.65787191e+01
-1.20143426e+02
-1.83948515e+02
-2.47993986e+02
2.31330178e+02
1.69215542e+02
1.06950103e+02
4.45338603e+01
-1.80331865e+01
-8.07510373e+01
-1.43619692e+02
-2.06639150e+02
-2.69809413e+02
4.61992441e+02
3.37913255e+02
2.13552918e+02
8.89114312e+01
-3.60112058e+01
-1.61214993e+02
-2.86699930e+02
-4.12466018e+02
-5.38513255e+02
4.59236200e+02
3.35864802e+02
2.12253060e+02
8.84009738e+01
-3.56914568e+01
-1.60024232e+02
-2.84597351e+02
-4.09410814e+02
-5.34464622e+02
4.54847659e+02
3.32761320e+02
2.10416155e+02
8.78121625e+01
-3.50506562e+01
-1.58172301e+02
-2.81552773e+02
-4.05192072e+02
-5.29090197e+02
4.52466981e+02
3.31128969e+02
2.09494259e+02
8.75628516e+01
-3.46652530e+01
-1.57190055e+02
-2.80011554e+02
-4.03129751e+02
-5.26544645e+02
4.51067181e+02
3.30039503e+02
2.08762065e+02
8.72348688e+01
-3.45420866e+01
-1.56568801e+02
-2.78845274e+02
-4.01371507e+02
-5.24147498e+02
4.46325485e+02
3.26593543e+02
2.06640693e+02
8.64669376e+01
-3.39277249e+01
-1.54543294e+02
-2.75379770e+02
-3.96437152e+02
-5.17715441e+02
4.41320232e+02
3.23095950e+02
2.04607351e+02
8.58544329e+01
-3.31628029e+01
-1.52444357e+02
-2.71990229e+02
-3.91800419e+02
-5.11874927e+02
4.39384305e+02
3.21756791e+02
2.03839785e+02
8.56332889e+01
-3.28626983e+01
-1.51648176e+02
-2.70723145e+02
-3.90087605e+02
-5.09741556e+02
4.36796644e+02
3.19754693e+02
2.02503671e+02
8.50435761e+01
-3.26255909e+01
-1.50503830e+02
-2.68591142e+02
-3.86887525e+02
-5.05392981e+02
4.29369162e+02
3.14419457e+02
1.99272664e+02
8.39287846e+01
-3.16121819e+01
-1.47350235e+02
-2.63285376e+02
-3.79417603e+02
-4.95746917e+02
4.23663456e+02
3.10484154e+02
1.97029944e+02
8.33008259e+01
-3.07032005e+01
-1.44982135e+02
-2.59535978e+02
-3.74364729e+02
-4.89468388e+02
4.22103034e+02
3.09340937e+02
1.96317744e+02
8.30334554e+01
-3.05119287e+01
-1.44318408e+02
-2.58385984e+02
-3.72714654e+02
-4.87304421e+02
4.17032881e+02
3.05540816e+02
1.93879706e+02
8.20495520e+01
-2.99496460e+01
-1.42117888e+02
-2.54455175e+02
-3.66961505e+02
-4.79636880e+02
4.07268396e+02
2.98592086e+02
1.89727454e+02
8.06745030e+01
-2.85667688e+01
-1.37996361e+02
-2.47614274e+02
-3.57420506e+02
-4.67415060e+02
4.01498388e+02
2.94624704e+02
1.87476167e+02
8.00527761e+01
-2.76454680e+01
-1.35618566e+02
-2.43866517e+02
-3.52389321e+02
-4.61186979e+02
3.98948889e+02
2.92672309e+02
1.86189701e+02
7.95010645e+01
-2.73936006e+01
-1.34494294e+02
-2.41801016e+02
-3.49313767e+02
-4.57032546e+02
3.89926896e+02
2.86092845e+02
1.82119071e+02
7.80055721e+01
-2.62476502e+01
-1.30640596e+02
-2.35173266e+02
-3.39845660e+02
-4.44657777e+02
3.79161071e+02
2.78508067e+02
1.77652444e+02
7.65942044e+01
-2.46666534e+01
-1.26130129e+02
-2.27796222e+02
-3.29664933e+02
-4.31736262e+02
3.74248352e+02
2.75086600e+02
1.75670595e+02
7.60003366e+01
-2.39241755e+01
-1.24102941e+02
-2.24535960e+02
-3.25223233e+02
-4.26164759e+02
3.68743394e+02
2.70938009e+02
1.72991197e+02
7.49029599e+01
-2.33267036e+01
-1.21697793e+02
-2.20210309e+02
-3.18864250e+02
-4.17659618e+02
3.54955333e+02
2.61028816e+02
1.66983819e+02
7.28203411e+01
-2.14616165e+01
-1.15862054e+02
-2.10380972e+02
-3.05018370e+02
-3.99774249e+02
3.44069638e+02
2.53434914e+02
1.62575281e+02
7.14907401e+01
-1.98187096e+01
-1.11353068e+02
-2.03112335e+02
-2.95096510e+02
-3.87305594e+02
3.39446085e+02
2.50071016e+02
1.60500411e+02
7.07342693e+01
-1.92274096e+01
-1.09384625e+02
-1.99737378e+02
-2.90285667e+02
-3.81029494e+02
3.17425157e+02
2.33765365e+02
1.50187300e+02
6.66909637e+01
-1.67236451e+01
-1.00056526e+02
-1.83307679e+02
-2.66477105e+02
-3.49564803e+02
1.48198924e+02
1.09119685e+02
7.01924421e+01
3.14171953e+01
-7.20605536e+00
-4.56773099e+01
-8.39965683e+01
-1.22163831e+02
-1.60179097e+02
-7.94391983e-13
-3.70345813e-13
5.78274138e-15
3.33993679e-13
6.14287000e-13
8.46662705e-13
1.03112079e-12
1.16766127e-12
1.25628412e-12
1.41597152e+03
9.83705374e+02
5.71004181e+02
1.77867944e+02
-1.95703338e+02
-5.49709665e+02
-8.84151036e+02
-1.19902745e+03
-1.49433891e+03
2.71819058e+03
1.88864418e+03
1.09538204e+03
3.38404181e+02
-3.82289411e+02
-1.06669873e+03
-1.71482378e+03
-2.32666456e+03
-2.90222107e+03
2.57407593e+03
1.78798940e+03
1.03512163e+03
3.15472610e+02
-3.70957659e+02
-1.02416917e+03
-1.64416194e+03
-2.23093595e+03
-2.78449121e+03
2.47532126e+03
1.70803440e+03
9.76484971e+02
2.80672961e+02
-3.79401627e+02
-1.00373879e+03
-1.59233854e+03
-2.14520086e+03
-2.66232576e+03
2.23179727e+03
1.52395316e+03
8.52565334e+02
2.17633790e+02
-3.80841473e+02
-9.42860456e+02
-1.46842316e+03
-1.95752958e+03
-2.41017972e+03
2.01491433e+03
1.36878827e+03
7.56085360e+02
1.76805612e+02
-3.69050978e+02
-8.81484408e+02
-1.36049468e+03
-1.80608179e+03
-2.21824574e+03
1.89526223e+03
1.27815392e+03
6.94899143e+02
1.45497909e+02
-3.70049784e+02
-8.51743937e+02
-1.29958455e+03
-1.71357162e+03
-2.09370515e+03
1.66422988e+03
1.10142282e+03
5.74007229e+02
8.19831190e+01
-3.74649515e+02
-7.95890673e+02
-1.18174035e+03
-1.53219856e+03
-1.84726529e+03
1.38233964e+03
8.95140359e+02
4.41365697e+02
2.10156569e+01
-3.65909762e+02
-7.19410560e+02
-1.03948674e+03
-1.32613829e+03
-1.57936523e+03
1.21514631e+03
7.72579344e+02
3.62370249e+02
-1.54809741e+01
-3.60974325e+02
-6.74109805e+02
-9.54887413e+02
-1.20330715e+03
-1.41936901e+03
5.83104260e+02
3.66548167e+02
1.66679357e+02
-1.65021690e+01
-1.82996412e+02
-3.32803371e+02
-4.65923046e+02
-5.82355438e+02
-6.82100547e+02
-4.36272078e-12
-4.32731262e-12
-4.03428890e-12
-3.48364962e-12
-2.67539478e-12
-1.60952437e-12
-2.86038400e-13
1.29506313e-12
3.13378022e-12
1.11541123e+02
1.06144027e+02
1.00323591e+02
9.40798127e+01
8.74126937e+01
8.03222335e+01
7.28084321e+01
6.48712897e+01
5.65108061e+01
1.92858497e+02
1.90947031e+02
1.88130067e+02
1.84407603e+02
1.79779641e+02
1.74246180e+02
1.67807221e+02
1.60462762e+02
1.52212805e+02
1.50820186e+02
1.60279184e+02
1.68798122e+02
1.76377000e+02
1.83015818e+02
1.88714575e+02
1.93473273e+02
1.97291911e+02
2.00170488e+02
1.25445427e+02
1.42000768e+02
1.57588379e+02
1.72208259e+02
1.85860410e+02
1.98544830e+02
2.10261521e+02
2.21010481e+02
2.30791712e+02
8.54766642e+01
1.13262469e+02
1.40047110e+02
1.65830588e+02
1.90612902e+02
2.14394053e+02
2.37174041e+02
2.58952865e+02
2.79730527e+02
5.27454977e+01
8.88479070e+01
1.24022598e+02
1.58269570e+02
1.91588825e+02
2.23980360e+02
2.55444178e+02
2.85980277e+02
3.15588658e+02
1.87479410e+01
6.46259407e+01
1.09448472e+02
1.53215536e+02
1.95927131e+02
2.37583257e+02
2.78183916e+02
3.17729106e+02
3.56218829e+02
-3.16830388e+01
2.79968239e+01
8.65972398e+01
1.44118209e+02
2.00559732e+02
2.55921807e+02
3.10204437e+02
3.63407619e+02
4.15531355e+02
-6.53858045e+01
2.53500401e+00
6.95399012e+01
1.35628887e+02
2.00801962e+02
2.65059125e+02
3.28400377e+02
3.90825718e+02
4.52335147e+02
-1.09412891e+02
-2.85455658e+01
5.11076174e+01
1.29546659e+02
2.06771559e+02
2.82782317e+02
3.57578934e+02
4.31161409e+02
5.03529742e+02
-1.61640042e+02
-6.72562328e+01
2.60123779e+01
1.18165790e+02
2.09204003e+02
2.99127017e+02
3.87934832e+02
4.75627448e+02
5.62204865e+02
-2.04299967e+02
-9.87572942e+01
5.69367330e+00
1.09052935e+02
2.11320491e+02
3.12496341e+02
4.12580485e+02
5.11572924e+02
6.09473657e+02
-2.58665463e+02
-1.37915049e+02
-1.84795403e+01
9.96410640e+01
2.16446764e+02
3.31937559e+02
4.46113449e+02
5.58974435e+02
6.70520516e+02
-3.02246766e+02
-1.71003499e+02
-4.08304427e+01
8.82724022e+01
2.16305036e+02
3.43267459e+02
4.69159670e+02
5.93981671e+02
7.17733460e+02
-3.61347605e+02
-2.13212780e+02
-6.65998141e+01
7.84912919e+01
2.22060538e+02
3.64107925e+02
5.04633452e+02
6.43637120e+02
7.81118928e+02
-4.16294918e+02
-2.54664820e+02
-9.43360379e+01
6.46914270e+01
2.22417575e+02
3.78842407e+02
5.33965922e+02
6.87788120e+02
8.40309001e+02
-4.76647427e+02
-2.98663692e+02
-1.22268664e+02
5.25376587e+01
2.25755275e+02
3.97384184e+02
5.67424387e+02
7.35875883e+02
9.02738673e+02
-5.43478348e+02
-3.48062371e+02
-1.54318178e+02
3.77542322e+01
2.28154859e+02
4.16883704e+02
6.03940765e+02
7.89326043e+02
9.73039538e+02
-6.00571600e+02
-3.91112235e+02
-1.83216728e+02
2.31149206e+01
2.27882711e+02
4.31086643e+02
6.32726716e+02
8.32802931e+02
1.03131529e+03
-6.70126199e+02
-4.41972628e+02
-2.15735718e+02
8.58453008e+00
2.30988118e+02
4.51475044e+02
6.70045309e+02
8.86698914e+02
1.10143586e+03
-7.28809351e+02
-4.86615543e+02
-2.46193788e+02
-7.54408488e+00
2.29333565e+02
4.64439163e+02
6.97772708e+02
9.29334200e+02
1.15912364e+03
-7.97524880e+02
-5.37336349e+02
-2.79232770e+02
-2.32141417e+01
2.30719536e+02
4.82568262e+02
7.32332038e+02
9.80010863e+02
1.22560474e+03
-8.57587098e+02
-5.83048539e+02
-3.10535306e+02
-4.00474011e+01
2.28415177e+02
4.94852428e+02
7.59264352e+02
1.02165095e+03
1.28201222e+03
-9.23620559e+02
-6.32402301e+02
-3.43455366e+02
-5.67797542e+01
2.27624534e+02
5.09757500e+02
7.89619142e+02
1.06720946e+03
1.34252846e+03
-9.84447865e+02
-6.78743355e+02
-3.75358983e+02
-7.42947500e+01
2.24449345e+02
5.20873301e+02
8.14977118e+02
1.10676080e+03
1.39622434e+03
-1.04411743e+03
-7.24271189e+02
-4.06810558e+02
-9.17355405e+01
2.20953864e+02
5.31257656e+02
8.39175835e+02
1.14470840e+03
1.44785535e+03
-1.10233439e+03
-7.68704415e+02
-4.37652531e+02
-1.09178735e+02
2.16716973e+02
5.40034594e+02
8.60774127e+02
1.17893557e+03
1.49451893e+03
-1.09723626e+03
-7.73459949e+02
-4.48524183e+02
-1.22428960e+02
2.04825721e+02
5.33239859e+02
8.62813455e+02
1.19354651e+03
1.52543902e+03
-5.24877419e+02
-3.73115695e+02
-2.18958617e+02
-6.24061838e+01
9.65416041e+01
2.57884747e+02
4.21623244e+02
5.87757096e+02
7.56286302e+02
-2.90755470e+03
-7.28199734e+03
-4.64034695e+03
-2.09341392e+03
3.58801728e+02
2.71630000e+03
4.97908091e+03
7.14714443e+03
4.29852912e+03
-5.86561381e+03
-1.47444282e+04
-9.51337826e+03
-4.41601891e+03
5.47649841e+02
5.37762801e+03
1.00739156e+04
1.46365126e+04
8.85545169e+03
-5.97827476e+03
-1.50705314e+04
-9.82237829e+03
-4.66532199e+03
4.00637509e+02
5.37550019e+03
1.02592661e+04
1.50519351e+04
9.14842513e+03
-6.12403551e+03
-1.54175713e+04
-1.00193687e+04
-4.73755263e+03
4.27876860e+02
5.47691980e+03
1.04095762e+04
1.52258461e+04
9.23633282e+03
-6.15804282e+03
-1.55185009e+04
-1.01293408e+04
-4.84199912e+03
3.43524279e+02
5.42722936e+03
1.04091161e+04
1.52891846e+04
9.29038463e+03
-6.15762965e+03
-1.55340616e+04
-1.01830465e+04
-4.91691973e+03
2.64318763e+02
5.36066895e+03
1.03721308e+04
1.52987044e+04
9.31268231e+03
-6.14283533e+03
-1.54677058e+04
-1.00970065e+04
-4.84358749e+03
2.92551382e+02
5.31141007e+03
1.02129886e+04
1.49972869e+04
9.10408937e+03
-3.07324483e+03
-7.72795327e+03
-5.02915695e+03
-2.40080878e+03
1.57091249e+02
2.64454313e+03
5.06154688e+03
7.40810247e+03
4.48783605e+03
-6.47234319e+02
-4.85507614e+02
-3.20345149e+02
-1.51746924e+02
2.02870609e+01
1.95756806e+02
3.74662312e+02
5.57003577e+02
7.42780603e+02
-1.33983678e+03
-9.93352852e+02
-6.44943437e+02
-2.94608539e+02
5.76518427e+01
4.11837707e+02
7.67949055e+02
1.12598588e+03
1.48594820e+03
-1.34851065e+03
-9.92344385e+02
-6.38255097e+02
-2.86242782e+02
6.36925606e+01
4.11550931e+02
7.57332328e+02
1.10103675e+03
1.44266420e+03
-1.32052074e+03
-9.75399643e+02
-6.32225653e+02
-2.90998766e+02
4.82810175e+01
3.85613698e+02
7.20999276e+02
1.05443775e+03
1.38592912e+03
-1.28508219e+03
-9.52844433e+02
-6.22490490e+02
-2.94020363e+02
3.25659460e+01
3.57268439e+02
6.80087114e+02
1.00102197e+03
1.32007301e+03
-1.24258627e+03
-9.25770577e+02
-6.10369518e+02
-2.96383098e+02
1.61886837e+01
3.27345826e+02
6.37088330e+02
9.45416195e+02
1.25232942e+03
-1.19943155e+03
-8.97419189e+02
-5.96581866e+02
-2.96919583e+02
1.56765891e+00
2.98879860e+02
5.95017021e+02
8.89979141e+02
1.18376622e+03
-1.15605838e+03
-8.68855309e+02
-5.82518161e+02
-2.97046931e+02
-1.24416215e+01
2.71297769e+02
5.54171241e+02
8.36178794e+02
1.11732043e+03
-1.10920564e+03
-8.37365630e+02
-5.66077885e+02
-2.95342405e+02
-2.51591897e+01
2.44471761e+02
5.13550448e+02
7.82076869e+02
1.05005103e+03
-1.06775621e+03
-8.09193757e+02
-5.51176432e+02
-2.93704234e+02
-3.67771635e+01
2.19604780e+02
4.75441598e+02
7.30733288e+02
9.85479852e+02
-1.01817190e+03
-7.75331442e+02
-5.32786604e+02
-2.90537387e+02
-4.85837924e+01
1.93074180e+02
4.34436531e+02
6.75503261e+02
9.16274368e+02
-9.73175906e+02
-7.44605110e+02
-5.16098526e+02
-2.87656154e+02
-5.92779954e+01
1.69035951e+02
3.97285685e+02
6.25471206e+02
8.53592515e+02
-9.29810422e+02
-7.14607002e+02
-4.99389009e+02
-2.84156442e+02
-6.89093019e+01
1.46352412e+02
3.61628700e+02
5.76919561e+02
7.92224995e+02
-8.85557874e+02
-6.84069049e+02
-4.82293419e+02
-2.80230984e+02
-7.78817427e+01
1.24754304e+02
3.27677156e+02
5.30886814e+02
7.34383278e+02
-8.47992576e+02
-6.57791169e+02
-4.67401267e+02
-2.76822871e+02
-8.60559811e+01
1.04899404e+02
2.96043282e+02
4.87375656e+02
6.78896523e+02
-8.03924704e+02
-6.27251869e+02
-4.49969453e+02
-2.72077456e+02
-9.35758777e+01
8.55352812e+01
2.65256021e+02
4.45586341e+02
6.26526243e+02
-7.73939897e+02
-6.06039820e+02
-4.37762650e+02
-2.69108389e+02
-1.00077036e+02
6.93314093e+01
2.39116946e+02
4.09279575e+02
5.79819295e+02
-7.31378383e+02
-5.76177305e+02
-4.20355610e+02
-2.63913300e+02
-1.06850372e+02
5.08331717e+01
2.09137332e+02
3.68062109e+02
5.27607502e+02
-6.99422139e+02
-5.53674977e+02
-4.07253205e+02
-2.60156822e+02
-1.12385828e+02
3.60597763e+01
1.85179992e+02
3.34974818e+02
4.85444256e+02
-6.65462012e+02
-5.29546182e+02
-3.93089085e+02
-2.56090722e+02
-1.18551094e+02
1.95298007e+01
1.58151961e+02
2.97315388e+02
4.37020080e+02
-6.28184535e+02
-5.03338997e+02
-3.77615157e+02
-2.51013015e+02
-1.23532571e+02
4.82617458e+00
1.34063222e+02
2.64178571e+02
3.95172222e+02
-6.03521673e+02
-4.85724146e+02
-3.67226709e+02
-2.48029362e+02
-1.28132106e+02
-7.53493880e+00
1.13762138e+02
2.35759125e+02
3.58456021e+02
-5.60018377e+02
-4.54425857e+02
-3.48244644e+02
-2.41474738e+02
-1.34116139e+02
-2.61688477e+01
8.23671364e+01
1.91491813e+02
3.01205183e+02
-2.65879246e+02
-2.17100895e+02
-1.67959938e+02
-1.18456378e+02
-6.85902125e+01
-1.83614429e+01
3.22299312e+01
8.31839098e+01
1.34500493e+02
-7.21889997e-12
-7.39167796e-12
-7.08729283e-12
-6.30574459e-12
-5.04703323e-12
-3.31115877e-12
-1.09812119e-12
1.59207950e-12
4.75944330e-12
-1.58572134e+03
-1.11151870e+03
-6.55791169e+02
-2.18538743e+02
2.00238577e+02
6.00540790e+02
9.82367897e+02
1.34571990e+03
1.69059679e+03
-3.07721460e+03
-2.15415329e+03
-1.26761900e+03
-4.17611726e+02
3.95868537e+02
1.17282179e+03
1.91324802e+03
2.61714724e+03
3.28451945e+03
-2.83802252e+03
-1.96354746e+03
-1.13038807e+03
-3.38544346e+02
4.11983702e+02
1.12119608e+03
1.78909278e+03
2.41567382e+03
3.00093918e+03
-2.39372459e+03
-1.63412332e+03
-9.14438163e+02
-2.34669118e+02
4.05183815e+02
1.00512063e+03
1.56514134e+03
2.08524594e+03
2.56543442e+03
-2.10525508e+03
-1.43083677e+03
-7.90988891e+02
-1.85711445e+02
3.84995568e+02
9.21132149e+02
1.42269830e+03
1.88969401e+03
2.32211930e+03
-1.89153703e+03
-1.26309066e+03
-6.72358685e+02
-1.19341119e+02
3.95962043e+02
8.73550801e+02
1.31342515e+03
1.71558510e+03
2.08003065e+03
-1.48826033e+03
-9.63528354e+02
-4.75520866e+02
-2.42378622e+01
3.90320656e+02
7.68154690e+02
1.10926424e+03
1.41364930e+03
1.68130988e+03
-1.24219650e+03
-7.88118945e+02
-3.67163663e+02
2.06693430e+01
3.75380073e+02
6.96968528e+02
9.85434707e+02
1.24077861e+03
1.46300024e+03
-1.03643395e+03
-6.29922315e+02
-2.58136535e+02
7.89233917e+01
3.81257464e+02
6.48865681e+02
8.81748044e+02
1.07990455e+03
1.24333521e+03
-6.21994694e+02
-3.20561801e+02
-5.34905239e+01
1.79219137e+02
3.77567181e+02
5.41553609e+02
6.71178420e+02
7.66441616e+02
8.27343195e+02
-1.95810756e+02
-7.71505347e+01
2.55138961e+01
1.12182536e+02
1.82855385e+02
2.37532443e+02
2.76213710e+02
2.98899187e+02
3.05588872e+02
-2.15052152e+02
-1.65986526e+02
-1.15891674e+02
-6.47675949e+01
-1.26142901e+01
4.05682409e+01
9.47799979e+01
1.50020981e+02
2.06291190e+02
-2.16869837e+02
-1.67389493e+02
-1.16871224e+02
-6.53150298e+01
-1.27209098e+01
4.09111357e+01
9.55811066e+01
1.51289003e+02
2.08034825e+02
-6.29350013e-01
-3.86426516e+00
-7.03344632e+00
-1.01368935e+01
-1.31746067e+01
-1.61465859e+01
-1.90528311e+01
-2.18933423e+01
-2.46681196e+01
8.03429956e+00
-9.98661808e-01
-9.91004240e+00
-1.86998422e+01
-2.73680613e+01
-3.59146995e+01
-4.43397570e+01
-5.26432337e+01
-6.08251297e+01
3.55604715e+01
1.86019158e+01
1.80894957e+00
-1.48184272e+01
-3.12802146e+01
-4.75764125e+01
-6.37070209e+01
-7.96720398e+01
-9.54714694e+01
6.94413550e+01
4.29315948e+01
1.65721207e+01
-9.63706747e+00
-3.56959696e+01
-6.16045858e+01
-8.73629159e+01
-1.12970960e+02
-1.38428718e+02
8.52170451e+01
5.44272965e+01
2.37183798e+01
-6.90970489e+00
-3.74569577e+01
-6.79233785e+01
-9.83089675e+01
-1.28613724e+02
-1.58837650e+02
9.77406265e+01
6.32478686e+01
2.89009961e+01
-5.29999111e+00
-3.93550929e+01
-7.32643094e+01
-1.07027641e+02
-1.40645086e+02
-1.74116647e+02
1.26522429e+02
8.37844107e+01
4.12393853e+01
-1.11264731e+00
-4.32716870e+01
-8.52377338e+01
-1.27010788e+02
-1.68590849e+02
-2.09977917e+02
1.49607177e+02
1.00533275e+02
5.15707023e+01
2.71945941e+00
-4.60204541e+01
-9.46490381e+01
-1.43166293e+02
-1.91572218e+02
-2.39866813e+02
1.57698486e+02
1.06450552e+02
5.52659732e+01
4.14474951e+00
-4.69131189e+01
-9.79076321e+01
-1.48838790e+02
-1.99706593e+02
-2.50511040e+02
1.77765748e+02
1.20501463e+02
6.34554936e+01
6.62784034e+00
-4.99814972e+01
-1.06372519e+02
-1.62545225e+02
-2.18499615e+02
-2.74235689e+02
2.08787167e+02
1.42800205e+02
7.70137825e+01
1.14278994e+01
-5.39574441e+01
-1.19142248e+02
-1.84126513e+02
-2.48910237e+02
-3.13493423e+02
2.22367275e+02
1.52920554e+02
8.35055437e+01
1.41222439e+01
-5.52293454e+01
-1.24549224e+02
-1.93837393e+02
-2.63093850e+02
-3.32318598e+02
2.30145869e+02
1.58367678e+02
8.66803057e+01
1.50837507e+01
-5.64219867e+01
-1.27836906e+02
-1.99161008e+02
-2.70394293e+02
-3.41536759e+02
2.50997356e+02
1.73082359e+02
9.53745348e+01
1.78738828e+01
-5.94195966e+01
-1.36505903e+02
-2.13385038e+02
-2.90057000e+02
-3.66521789e+02
2.71903865e+02
1.88265764e+02
1.04753597e+02
2.13673647e+01
-6.18929329e+01
-1.45027296e+02
-2.28035725e+02
-3.10918219e+02
-3.93674778e+02
2.78780764e+02
1.93479190e+02
1.08176184e+02
2.28717477e+01
-6.24341198e+01
-1.47741418e+02
-2.33050148e+02
-3.18360308e+02
-4.03671899e+02
2.88508703e+02
2.00205636e+02
1.12018835e+02
2.39483005e+01
-6.40059686e+01
-1.51843972e+02
-2.39565709e+02
-3.27171181e+02
-4.14660387e+02
3.07946368e+02
2.14033330e+02
1.20296501e+02
2.67358814e+01
-6.66485297e+01
-1.59856732e+02
-2.52888725e+02
-3.45744510e+02
-4.38424086e+02
3.21186482e+02
2.23815794e+02
1.26492709e+02
2.92172284e+01
-6.80106486e+01
-1.65190922e+02
-2.62323592e+02
-3.59408658e+02
-4.56446120e+02
3.24471812e+02
2.26325324e+02
1.28156367e+02
2.99649406e+01
-6.82489556e+01
-1.66485321e+02
-2.64744157e+02
-3.63025461e+02
-4.61329236e+02
3.35008893e+02
2.33572015e+02
1.32261650e+02
3.10777982e+01
-6.99795408e+01
-1.70910367e+02
-2.71714680e+02
-3.72392481e+02
-4.72943769e+02
3.52451646e+02
2.46061838e+02
1.39815898e+02
3.37138258e+01
-7.22443789e+01
-1.78058716e+02
-2.83729185e+02
-3.89255787e+02
-4.94638521e+02
3.60700937e+02
2.52324510e+02
1.43933546e+02
3.55280463e+01
-7.28919898e+01
-1.81326562e+02
-2.89775671e+02
-3.98239315e+02
-5.06717497e+02
3.62994023e+02
2.53995438e+02
1.44969562e+02
3.59163953e+01
-7.31640623e+01
-1.82271811e+02
-2.91406850e+02
-4.00569180e+02
-5.09758801e+02
3.71735728e+02
2.60031339e+02
1.48413715e+02
3.68828565e+01
-7.45612359e+01
-1.85918563e+02
-2.97189123e+02
-4.08372918e+02
-5.19469947e+02
3.83715363e+02
2.68659968e+02
1.53680256e+02
3.87762269e+01
-7.60521189e+01
-1.90804782e+02
-3.05481761e+02
-4.20083058e+02
-5.34608672e+02
3.88374978e+02
2.72264589e+02
1.56108586e+02
3.99069695e+01
-7.63402613e+01
-1.92633106e+02
-3.08971565e+02
-4.25355638e+02
-5.41785326e+02
1.94677985e+02
1.36489170e+02
7.82729319e+01
2.00292696e+01
-3.82418163e+01
-9.65403259e+01
-1.54866259e+02
-2.13219616e+02
-2.71600397e+02
1.91140986e+02
1.31233049e+02
7.14058819e+01
1.16594850e+01
-4.80061416e+01
-1.07590998e+02
-1.67095084e+02
-2.26518400e+02
-2.85860946e+02
3.84836521e+02
2.64462554e+02
1.44186875e+02
2.40094821e+01
-9.60696235e+01
-2.16050442e+02
-3.35932974e+02
-4.55717219e+02
-5.75403176e+02
3.87105840e+02
2.66274679e+02
1.45475255e+02
2.47075675e+01
-9.60283836e+01
-2.16732598e+02
-3.37405077e+02
-4.58045818e+02
-5.78654824e+02
3.87483347e+02
2.66546932e+02
1.45639894e+02
2.47622324e+01
-9.60860529e+01
-2.16904962e+02
-3.37694494e+02
-4.58454650e+02
-5.79185429e+02
3.87701508e+02
2.66701652e+02
1.45732862e+02
2.47951364e+01
-9.61115234e+01
-2.16987118e+02
-3.37831647e+02
-4.58645111e+02
-5.79427509e+02
3.87823947e+02
2.66796729e+02
1.45798066e+02
2.48279596e+01
-9.61135908e+01
-2.17026585e+02
-3.37911023e+02
-4.58766906e+02
-5.79594232e+02
3.87819545e+02
2.66795009e+02
1.45795198e+02
2.48201130e+01
-9.61302457e+01
-2.17055878e+02
-3.37956785e+02
-4.58832966e+02
-5.79684421e+02
3.84784369e+02
2.64683896e+02
1.44560504e+02
2.44141931e+01
-9.57550366e+01
-2.15947185e+02
-3.36162253e+02
-4.56400240e+02
-5.76661145e+02
3.77766152e+02
2.59641236e+02
1.41457672e+02
2.32154593e+01
-9.50854018e+01
-2.13444911e+02
-3.31863070e+02
-4.50339876e+02
-5.68875332e+02
3.72306316e+02
2.55529783e+02
1.38745872e+02
2.19545852e+01
-9.48440788e+01
-2.11650120e+02
-3.28463537e+02
-4.45284332e+02
-5.62112504e+02
3.70015814e+02
2.53777705e+02
1.37560174e+02
2.13632211e+01
-9.48131530e+01
-2.10968949e+02
-3.27104166e+02
-4.43218805e+02
-5.59312865e+02
3.60380450e+02
2.47028387e+02
1.33576099e+02
2.00235857e+01
-9.36291521e+01
-2.07382115e+02
-3.21235303e+02
-4.35188715e+02
-5.49242353e+02
3.45083220e+02
2.35889831e+02
1.26582748e+02
1.71619725e+01
-9.23724961e+01
-2.02020658e+02
-3.11782512e+02
-4.21658060e+02
-5.31647300e+02
3.36762674e+02
2.29491465e+02
1.22238083e+02
1.50025293e+01
-9.22151965e+01
-1.99415094e+02
-3.06597165e+02
-4.13761407e+02
-5.20907821e+02
3.30061364e+02
2.24667961e+02
1.19260561e+02
1.38391638e+01
-9.15962309e+01
-1.97045623e+02
-3.02509012e+02
-4.07986398e+02
-5.13477781e+02
3.10934871e+02
2.11056782e+02
1.11022082e+02
1.08307720e+01
-8.95171481e+01
-1.90021678e+02
-2.90682819e+02
-3.91500569e+02
-4.92474930e+02
2.90213965e+02
1.95736195e+02
1.01185232e+02
6.56107669e+00
-8.81362720e+01
-1.82906813e+02
-2.77750548e+02
-3.72667475e+02
-4.67657595e+02
2.83100124e+02
1.90129656e+02
9.72455108e+01
4.44768816e+00
-8.82638119e+01
-1.80888989e+02
-2.73427844e+02
-3.65880376e+02
-4.58246586e+02
2.65301231e+02
1.77642542e+02
8.98781083e+01
2.00792824e+00
-8.59679977e+01
-1.74049670e+02
-2.62237087e+02
-3.50530251e+02
-4.38929161e+02
2.36467837e+02
1.56616210e+02
7.66576068e+01
-3.40797189e+00
-8.35805263e+01
-1.63860057e+02
-2.44246563e+02
-3.24740044e+02
-4.05340502e+02
2.21921137e+02
1.45468101e+02
6.91158142e+01
-7.13572378e+00
-8.32865129e+01
-1.59336553e+02
-2.35285845e+02
-3.11134387e+02
-3.86882181e+02
2.06056649e+02
1.34176531e+02
6.22995956e+01
-9.57415798e+00
-8.14447294e+01
-1.53312119e+02
-2.25176326e+02
-2.97037351e+02
-3.68895194e+02
1.77445025e+02
1.13431145e+02
4.93818765e+01
-1.47027790e+01
-7.88228220e+01
-1.42978252e+02
-2.07169070e+02
-2.71395276e+02
-3.35656868e+02
1.56471136e+02
9.77561560e+01
3.91480568e+01
-1.93531612e+01
-7.77474982e+01
-1.36034954e+02
-1.94215529e+02
-2.52289223e+02
-3.10256035e+02
1.35831136e+02
8.28343463e+01
2.99105555e+01
-2.29402367e+01
-7.57180301e+01
-1.28422825e+02
-1.81054621e+02
-2.33613418e+02
-2.86099217e+02
1.01844359e+02
5.81895727e+01
1.45803728e+01
-2.89832406e+01
-7.25012672e+01
-1.15973707e+02
-1.59400561e+02
-2.02781827e+02
-2.46117508e+02
7.53028260e+01
3.84815683e+01
1.83323726e+00
-3.46421670e+01
-7.09446445e+01
-1.07074195e+02
-1.43030819e+02
-1.78814517e+02
-2.14425287e+02
-4.87736904e+00
-2.01294360e+01
-3.50586981e+01
-4.96651554e+01
-6.39488078e+01
-7.79096553e+01
-9.15476979e+01
-1.04862936e+02
-1.17855368e+02
-3.78941494e+01
-3.58919330e+01
-3.36822180e+01
-3.12650044e+01
-2.86402922e+01
-2.58080814e+01
-2.27683721e+01
-1.95211641e+01
-1.60664576e+01
-2.51565259e+02
-5.05206501e+02
-3.71781041e+02
-2.32482630e+02
-8.73112669e+01
6.37330469e+01
2.20650312e+02
3.83440528e+02
2.98163062e+02
-3.32632789e+02
-6.82517075e+02
-5.32292195e+02
-3.66724800e+02
-1.85814887e+02
1.04375424e+01
2.22032488e+02
4.48969951e+02
3.66012781e+02
-2.67290030e+02
-5.58560894e+02
-4.54786779e+02
-3.32953430e+02
-1.93060847e+02
-3.51090305e+01
1.40902020e+02
3.34972304e+02
2.85070795e+02
-4.77872546e+02
-9.68712419e+02
-7.26796661e+02
-4.67431947e+02
-1.90618277e+02
1.03644349e+02
4.15355930e+02
7.44516468e+02
5.86721866e+02
-7.01832591e+02
-1.40449526e+03
-1.01512901e+03
-6.09275192e+02
-1.86933804e+02
2.51895152e+02
7.07211676e+02
1.17901577e+03
9.06349497e+02
-9.37536666e+02
-1.86331613e+03
-1.31900231e+03
-7.59071065e+02
-1.83522406e+02
4.07643671e+02
1.01442716e+03
1.63682808e+03
1.24330771e+03
-1.18820778e+03
-2.35165835e+03
-1.64291277e+03
-9.19158562e+02
-1.80395742e+02
5.73375693e+02
1.34215574e+03
2.12594441e+03
1.60365288e+03
-1.48207426e+03
-2.92444297e+03
-2.02322818e+03
-1.10748023e+03
-1.77199146e+02
7.67615086e+02
1.72696246e+03
2.70084299e+03
2.02746567e+03
-1.81913283e+03
-3.58161690e+03
-2.45981460e+03
-1.32385047e+03
-1.73724510e+02
9.90563283e+02
2.16901291e+03
3.36162437e+03
2.51477094e+03
-2.18044568e+03
-4.28517702e+03
-2.92584233e+03
-1.55341040e+03
-1.67881218e+02
1.23074520e+03
2.64246887e+03
4.06728977e+03
3.03433816e+03
-2.52861819e+03
-4.97418371e+03
-3.39676436e+03
-1.79826787e+03
-1.78694229e+02
1.46195655e+03
3.12368448e+03
4.80648955e+03
3.58867276e+03
3.89498013e+03
7.13265614e+03
4.04996938e+03
1.32142988e+03
-1.05296236e+03
-3.07320734e+03
-4.73930505e+03
-6.05125550e+03
-4.03320241e+03
4.28353301e+03
8.03812006e+03
4.88882734e+03
1.98754731e+03
-6.65720025e+02
-3.07097466e+03
-5.22821661e+03
-7.13744586e+03
-4.97402670e+03
9.05472519e+02
6.70499737e+02
4.35672401e+02
2.00990513e+02
-3.35459280e+01
-2.67936922e+02
-5.02182469e+02
-7.36282568e+02
-9.70237220e+02
1.81094482e+03
1.34099931e+03
8.71344691e+02
4.01980971e+02
-6.70918520e+01
-5.35873779e+02
-1.00436481e+03
-1.47256494e+03
-1.94047418e+03
1.81094484e+03
1.34099931e+03
8.71344688e+02
4.01980961e+02
-6.70918646e+01
-5.35873790e+02
-1.00436481e+03
-1.47256494e+03
-1.94047416e+03
1.81094506e+03
1.34099948e+03
8.71344799e+02
4.01981016e+02
-6.70918688e+01
-5.35873855e+02
-1.00436494e+03
-1.47256513e+03
-1.94047442e+03
1.81094475e+03
1.34099926e+03
8.71344660e+02
4.01980958e+02
-6.70918481e+01
-5.35873758e+02
-1.00436477e+03
-1.47256489e+03
-1.94047411e+03
1.81094501e+03
1.34099945e+03
8.71344778e+02
4.01981009e+02
-6.70918626e+01
-5.35873835e+02
-1.00436491e+03
-1.47256509e+03
-1.94047436e+03
1.81094485e+03
1.34099932e+03
8.71344687e+02
4.01980959e+02
-6.70918671e+01
-5.35873792e+02
-1.00436482e+03
-1.47256494e+03
-1.94047416e+03
1.81094487e+03
1.34099934e+03
8.71344710e+02
4.01980975e+02
-6.70918610e+01
-5.35873799e+02
-1.00436484e+03
-1.47256498e+03
-1.94047423e+03
1.81094500e+03
1.34099944e+03
8.71344781e+02
4.01981014e+02
-6.70918573e+01
-5.35873832e+02
-1.00436491e+03
-1.47256509e+03
-1.94047438e+03
1.81094478e+03
1.34099927e+03
8.71344656e+02
4.01980946e+02
-6.70918631e+01
-5.35873771e+02
-1.00436478e+03
-1.47256489e+03
-1.94047409e+03
1.81094506e+03
1.34099948e+03
8.71344799e+02
4.01981016e+02
-6.70918687e+01
-5.35873855e+02
-1.00436494e+03
-1.47256513e+03
-1.94047442e+03
1.81094482e+03
1.34099931e+03
8.71344691e+02
4.01980971e+02
-6.70918521e+01
-5.35873779e+02
-1.00436481e+03
-1.47256494e+03
-1.94047418e+03
1.81094484e+03
1.34099931e+03
8.71344688e+02
4.01980961e+02
-6.70918646e+01
-5.35873790e+02
-1.00436481e+03
-1.47256494e+03
-1.94047416e+03
1.81094506e+03
1.34099948e+03
8.71344799e+02
4.01981016e+02
-6.70918687e+01
-5.35873855e+02
-1.00436494e+03
-1.47256513e+03
-1.94047442e+03
1.81094475e+03
1.34099926e+03
8.71344660e+02
4.01980958e+02
-6.70918480e+01
-5.35873758e+02
-1.00436477e+03
-1.47256489e+03
-1.94047411e+03
1.81094501e+03
1.34099945e+03
8.71344778e+02
4.01981009e+02
-6.70918626e+01
-5.35873835e+02
-1.00436491e+03
-1.47256509e+03
-1.94047436e+03
1.81094485e+03
1.34099932e+03
8.71344687e+02
4.01980959e+02
-6.70918671e+01
-5.35873792e+02
-1.00436482e+03
-1.47256494e+03
-1.94047416e+03
1.81094487e+03
1.34099934e+03
8.71344710e+02
4.01980975e+02
-6.70918609e+01
-5.35873799e+02
-1.00436484e+03
-1.47256498e+03
-1.94047423e+03
1.81094500e+03
1.34099944e+03
8.71344781e+02
4.01981014e+02
-6.70918573e+01
-5.35873832e+02
-1.00436491e+03
-1.47256509e+03
-1.94047438e+03
1.81094478e+03
1.34099927e+03
8.71344656e+02
4.01980946e+02
-6.70918630e+01
-5.35873771e+02
-1.00436478e+03
-1.47256489e+03
-1.94047409e+03
9.05472541e+02
6.70499744e+02
4.35672398e+02
2.00990503e+02
-3.35459406e+01
-2.67936933e+02
-5.02182474e+02
-7.36282564e+02
-9.70237202e+02
9.14515328e+02
6.79602951e+02
4.44796791e+02
2.10096848e+02
-2.44968796e+01
-2.58984390e+02
-4.93365685e+02
-7.27640763e+02
-9.61809624e+02
1.82903067e+03
1.35920593e+03
8.89593606e+02
4.20193716e+02
-4.89937461e+01
-5.17968780e+02
-9.86731386e+02
-1.45528156e+03
-1.92361931e+03
1.82903052e+03
1.35920581e+03
8.89593523e+02
4.20193665e+02
-4.89937670e+01
-5.17968774e+02
-9.86731355e+02
-1.45528151e+03
-1.92361924e+03
1.82903072e+03
1.35920595e+03
8.89593603e+02
4.20193690e+02
-4.89937920e+01
-5.17968844e+02
-9.86731465e+02
-1.45528165e+03
-1.92361941e+03
1.82903061e+03
1.35920587e+03
8.89593570e+02
4.20193696e+02
-4.89937503e+01
-5.17968768e+02
-9.86731356e+02
-1.45528152e+03
-1.92361925e+03
1.82903059e+03
1.35920586e+03
8.89593559e+02
4.20193684e+02
-4.89937654e+01
-5.17968789e+02
-9.86731386e+02
-1.45528156e+03
-1.92361930e+03
1.82903061e+03
1.35920587e+03
8.89593555e+02
4.20193672e+02
-4.89937798e+01
-5.17968801e+02
-9.86731392e+02
-1.45528155e+03
-1.92361928e+03
1.82903067e+03
1.35920592e+03
8.89593606e+02
4.20193716e+02
-4.89937463e+01
-5.17968780e+02
-9.86731386e+02
-1.45528156e+03
-1.92361931e+03
1.82903059e+03
1.35920586e+03
8.89593559e+02
4.20193684e+02
-4.89937654e+01
-5.17968789e+02
-9.86731386e+02
-1.45528156e+03
-1.92361930e+03
1.82903054e+03
1.35920582e+03
8.89593519e+02
4.20193654e+02
-4.89937814e+01
-5.17968786e+02
-9.86731361e+02
-1.45528151e+03
-1.92361922e+03
1.82903078e+03
1.35920600e+03
8.89593655e+02
4.20193734e+02
-4.89937585e+01
-5.17968823e+02
-9.86731459e+02
-1.45528167e+03
-1.92361945e+03
1.82903052e+03
1.35920581e+03
8.89593523e+02
4.20193663e+02
-4.89937694e+01
-5.17968776e+02
-9.86731356e+02
-1.45528151e+03
-1.92361924e+03
1.82903057e+03
1.35920583e+03
8.89593527e+02
4.20193649e+02
-4.89938000e+01
-5.17968821e+02
-9.86731413e+02
-1.45528158e+03
-1.92361931e+03
1.82903061e+03
1.35920587e+03
8.89593555e+02
4.20193672e+02
-4.89937798e+01
-5.17968801e+02
-9.86731392e+02
-1.45528155e+03
-1.92361928e+03
1.82903067e+03
1.35920592e+03
8.89593606e+02
4.20193716e+02
-4.89937463e+01
-5.17968780e+02
-9.86731386e+02
-1.45528156e+03
-1.92361931e+03
1.82903052e+03
1.35920581e+03
8.89593523e+02
4.20193665e+02
-4.89937670e+01
-5.17968774e+02
-9.86731355e+02
-1.45528151e+03
-1.92361924e+03
1.82903072e+03
1.35920595e+03
8.89593603e+02
4.20193690e+02
-4.89937920e+01
-5.17968844e+02
-9.86731465e+02
-1.45528165e+03
-1.92361941e+03
1.82903061e+03
1.35920587e+03
8.89593570e+02
4.20193696e+02
-4.89937502e+01
-5.17968768e+02
-9.86731356e+02
-1.45528152e+03
-1.92361925e+03
1.82903059e+03
1.35920586e+03
8.89593559e+02
4.20193684e+02
-4.89937654e+01
-5.17968789e+02
-9.86731386e+02
-1.45528156e+03
-1.92361930e+03
1.82903061e+03
1.35920587e+03
8.89593555e+02
4.20193672e+02
-4.89937798e+01
-5.17968801e+02
-9.86731392e+02
-1.45528155e+03
-1.92361928e+03
1.82903067e+03
1.35920592e+03
8.89593606e+02
4.20193716e+02
-4.89937463e+01
-5.17968780e+02
-9.86731386e+02
-1.45528156e+03
-1.92361931e+03
1.82903059e+03
1.35920586e+03
8.89593559e+02
4.20193684e+02
-4.89937654e+01
-5.17968789e+02
-9.86731386e+02
-1.45528156e+03
-1.92361930e+03
1.82903050e+03
1.35920578e+03
8.89593492e+02
4.20193631e+02
-4.89938016e+01
-5.17968806e+02
-9.86731383e+02
-1.45528153e+03
-1.92361925e+03
1.82903072e+03
1.35920595e+03
8.89593603e+02
4.20193690e+02
-4.89937920e+01
-5.17968844e+02
-9.86731465e+02
-1.45528165e+03
-1.92361941e+03
1.82903061e+03
1.35920587e+03
8.89593570e+02
4.20193696e+02
-4.89937502e+01
-5.17968768e+02
-9.86731356e+02
-1.45528152e+03
-1.92361925e+03
1.82903059e+03
1.35920586e+03
8.89593559e+02
4.20193684e+02
-4.89937654e+01
-5.17968789e+02
-9.86731386e+02
-1.45528156e+03
-1.92361930e+03
1.82903061e+03
1.35920587e+03
8.89593555e+02
4.20193672e+02
-4.89937798e+01
-5.17968801e+02
-9.86731392e+02
-1.45528155e+03
-1.92361928e+03
1.82903067e+03
1.35920592e+03
8.89593606e+02
4.20193716e+02
-4.89937462e+01
-5.17968780e+02
-9.86731386e+02
-1.45528156e+03
-1.92361931e+03
1.82903052e+03
1.35920581e+03
8.89593524e+02
4.20193665e+02
-4.89937670e+01
-5.17968774e+02
-9.86731355e+02
-1.45528151e+03
-1.92361924e+03
1.82903072e+03
1.35920595e+03
8.89593603e+02
4.20193690e+02
-4.89937920e+01
-5.17968844e+02
-9.86731465e+02
-1.45528165e+03
-1.92361941e+03
1.82903061e+03
1.35920587e+03
8.89593570e+02
4.20193696e+02
-4.89937502e+01
-5.17968767e+02
-9.86731356e+02
-1.45528152e+03
-1.92361925e+03
1.82903059e+03
1.35920586e+03
8.89593559e+02
4.20193684e+02
-4.89937653e+01
-5.17968789e+02
-9.86731386e+02
-1.45528156e+03
-1.92361930e+03
1.82903057e+03
1.35920583e+03
8.89593527e+02
4.20193649e+02
-4.89938000e+01
-5.17968821e+02
-9.86731413e+02
-1.45528158e+03
-1.92361931e+03
9.14515284e+02
6.79602917e+02
4.44796764e+02
2.10096825e+02
-2.44969000e+01
-2.58984410e+02
-4.93365707e+02
-7.27640789e+02
-9.61809656e+02
9.63741316e+02
7.29630009e+02
4.95403352e+02
2.61061344e+02
2.66039863e+01
-2.07968722e+02
-4.42656780e+02
-6.77460188e+02
-9.12378947e+02
1.92748263e+03
1.45926001e+03
9.90806685e+02
5.22122665e+02
5.32079473e+01
-4.15937469e+02
-8.85313582e+02
-1.35492039e+03
-1.82475790e+03
1.92748265e+03
1.45926002e+03
9.90806695e+02
5.22122666e+02
5.32079376e+01
-4.15937491e+02
-8.85313620e+02
-1.35492045e+03
-1.82475798e+03
1.92748261e+03
1.45926000e+03
9.90806691e+02
5.22122678e+02
5.32079619e+01
-4.15937457e+02
-8.85313578e+02
-1.35492040e+03
-1.82475793e+03
1.92748263e+03
1.45926002e+03
9.90806704e+02
5.22122689e+02
5.32079730e+01
-4.15937443e+02
-8.85313559e+02
-1.35492038e+03
-1.82475789e+03
1.92748257e+03
1.45925997e+03
9.90806672e+02
5.22122674e+02
5.32079754e+01
-4.15937424e+02
-8.85313525e+02
-1.35492033e+03
-1.82475783e+03
1.92748276e+03
1.45926012e+03
9.90806774e+02
5.22122729e+02
5.32079826e+01
-4.15937464e+02
-8.85313611e+02
-1.35492046e+03
-1.82475801e+03
1.92748257e+03
1.45925996e+03
9.90806653e+02
5.22122649e+02
5.32079474e+01
-4.15937452e+02
-8.85313548e+02
-1.35492034e+03
-1.82475783e+03
1.92748265e+03
1.45926002e+03
9.90806695e+02
5.22122666e+02
5.32079376e+01
-4.15937491e+02
-8.85313620e+02
-1.35492045e+03
-1.82475798e+03
1.92748261e+03
1.45926000e+03
9.90806691e+02
5.22122678e+02
5.32079620e+01
-4.15937457e+02
-8.85313578e+02
-1.35492040e+03
-1.82475793e+03
1.92748263e+03
1.45926002e+03
9.90806704e+02
5.22122689e+02
5.32079730e+01
-4.15937443e+02
-8.85313559e+02
-1.35492038e+03
-1.82475789e+03
1.92748263e+03
1.45926002e+03
9.90806704e+02
5.22122689e+02
5.32079730e+01
-4.15937443e+02
-8.85313559e+02
-1.35492038e+03
-1.82475789e+03
1.92748263e+03
1.45926001e+03
9.90806685e+02
5.22122665e+02
5.32079475e+01
-4.15937468e+02
-8.85313582e+02
-1.35492039e+03
-1.82475790e+03
1.92748265e+03
1.45926002e+03
9.90806695e+02
5.22122666e+02
5.32079376e+01
-4.15937491e+02
-8.85313620e+02
-1.35492045e+03
-1.82475798e+03
1.92748261e+03
1.45926000e+03
9.90806691e+02
5.22122678e+02
5.32079620e+01
-4.15937457e+02
-8.85313578e+02
-1.35492040e+03
-1.82475793e+03
1.92748263e+03
1.45926002e+03
9.90806704e+02
5.22122689e+02
5.32079731e+01
-4.15937443e+02
-8.85313559e+02
-1.35492038e+03
-1.82475789e+03
1.92748263e+03
1.45926002e+03
9.90806704e+02
5.22122689e+02
5.32079731e+01
-4.15937443e+02
-8.85313559e+02
-1.35492038e+03
-1.82475789e+03
1.92748263e+03
1.45926002e+03
9.90806704e+02
5.22122689e+02
5.32079731e+01
-4.15937443e+02
-8.85313559e+02
-1.35492038e+03
-1.82475789e+03
1.92748263e+03
1.45926001e+03
9.90806685e+02
5.22122665e+02
5.32079475e+01
-4.15937468e+02
-8.85313582e+02
-1.35492039e+03
-1.82475790e+03
1.92748265e+03
1.45926002e+03
9.90806695e+02
5.22122666e+02
5.32079377e+01
-4.15937491e+02
-8.85313620e+02
-1.35492045e+03
-1.82475798e+03
1.92748254e+03
1.45925995e+03
9.90806660e+02
5.22122664e+02
5.32079644e+01
-4.15937438e+02
-8.85313543e+02
-1.35492035e+03
-1.82475786e+03
1.92748276e+03
1.45926012e+03
9.90806774e+02
5.22122729e+02
5.32079826e+01
-4.15937464e+02
-8.85313611e+02
-1.35492046e+03
-1.82475801e+03
1.92748257e+03
1.45925997e+03
9.90806672e+02
5.22122672e+02
5.32079730e+01
-4.15937426e+02
-8.85313525e+02
-1.35492032e+03
-1.82475782e+03
1.92748263e+03
1.45926002e+03
9.90806704e+02
5.22122689e+02
5.32079731e+01
-4.15937443e+02
-8.85313559e+02
-1.35492038e+03
-1.82475789e+03
1.92748263e+03
1.45926001e+03
9.90806685e+02
5.22122665e+02
5.32079475e+01
-4.15937468e+02
-8.85313582e+02
-1.35492039e+03
-1.82475790e+03
1.92748265e+03
1.45926002e+03
9.90806695e+02
5.22122666e+02
5.32079377e+01
-4.15937491e+02
-8.85313620e+02
-1.35492045e+03
-1.82475798e+03
1.92748261e+03
1.45926000e+03
9.90806691e+02
5.22122678e+02
5.32079620e+01
-4.15937457e+02
-8.85313578e+02
-1.35492040e+03
-1.82475793e+03
1.92748263e+03
1.45926002e+03
9.90806704e+02
5.22122689e+02
5.32079731e+01
-4.15937443e+02
-8.85313559e+02
-1.35492038e+03
-1.82475789e+03
1.92748263e+03
1.45926002e+03
9.90806704e+02
5.22122689e+02
5.32079731e+01
-4.15937443e+02
-8.85313559e+02
-1.35492038e+03
-1.82475789e+03
1.92748263e+03
1.45926001e+03
9.90806685e+02
5.22122665e+02
5.32079476e+01
-4.15937468e+02
-8.85313582e+02
-1.35492039e+03
-1.82475790e+03
1.92748265e+03
1.45926002e+03
9.90806695e+02
5.22122666e+02
5.32079377e+01
-4.15937491e+02
-8.85313620e+02
-1.35492045e+03
-1.82475798e+03
1.92748261e+03
1.45926000e+03
9.90806691e+02
5.22122678e+02
5.32079620e+01
-4.15937457e+02
-8.85313578e+02
-1.35492040e+03
-1.82475793e+03
1.92748263e+03
1.45926002e+03
9.90806704e+02
5.22122689e+02
5.32079733e+01
-4.15937443e+02
-8.85313559e+02
-1.35492038e+03
-1.82475789e+03
9.63741317e+02
7.29630010e+02
4.95403352e+02
2.61061345e+02
2.66039867e+01
-2.07968721e+02
-4.42656779e+02
-6.77460188e+02
-9.12378946e+02
SCALARS S13 float 1
LOOKUP_TABLE default
-3.99882367e+03
-9.25610240e+03
-8.76618504e+03
-7.83125524e+03
-6.45131301e+03
-4.62635834e+03
-2.35639122e+03
3.58588327e+02
1.37645229e+03
-6.29260530e+03
-1.53398088e+04
-1.81478530e+04
-1.96327630e+04
-1.97945388e+04
-1.86331804e+04
-1.61486878e+04
-1.23410611e+04
-5.72644584e+03
2.07016965e+02
9.90788041e+02
2.02950442e+03
2.84492862e+03
3.43706064e+03
3.80590048e+03
3.95144814e+03
3.87370363e+03
2.27918508e+03
-9.15456162e+02
-1.88978071e+03
-1.64064119e+03
-1.32321114e+03
-9.37490558e+02
-4.83479450e+02
3.88221867e+01
6.29414352e+02
6.30945988e+02
-6.21982948e+02
-1.19904237e+03
-8.63073123e+02
-5.11263677e+02
-1.43614030e+02
2.39875815e+02
6.39205860e+02
1.05437611e+03
8.09428572e+02
-5.75019555e+02
-1.12959659e+03
-8.57862390e+02
-5.63125575e+02
-2.45386141e+02
9.53559122e+01
4.59100585e+02
8.45847876e+02
6.73092266e+02
-5.07231838e+02
-1.00765461e+03
-7.87993958e+02
-5.43108634e+02
-2.72998635e+02
2.23360397e+01
3.42895390e+02
6.88679416e+02
5.62014369e+02
-4.00634255e+02
-7.87654342e+02
-5.95135665e+02
-3.84762034e+02
-1.56533448e+02
8.95500937e+01
3.53488590e+02
6.35282042e+02
5.02952403e+02
-4.38433864e+02
-9.32008196e+02
-8.56536769e+02
-7.35404168e+02
-5.68610391e+02
-3.56155440e+02
-9.80393133e+01
2.05737988e+02
2.56402170e+02
3.00192357e+02
8.81567879e+02
1.31981087e+03
1.64302494e+03
1.85121009e+03
1.94436633e+03
1.92249366e+03
1.78559207e+03
1.00997192e+03
-6.39946859e+02
-1.54425090e+03
-1.82072262e+03
-1.95852981e+03
-1.95767247e+03
-1.81815061e+03
-1.53996422e+03
-1.12311330e+03
-4.87181325e+02
-1.97292825e+03
-4.80432115e+03
-4.98050633e+03
-4.84847471e+03
-4.40822629e+03
-3.65976108e+03
-2.60307907e+03
-1.23818027e+03
-1.50676827e+02
-1.00774730e+04
-7.96353213e+03
-5.84368222e+03
-3.71792328e+03
-1.58625532e+03
5.51321658e+02
2.69480766e+03
4.84420268e+03
6.99950672e+03
-7.39345514e+02
-4.91434934e+02
-2.44738720e+02
7.43128742e-01
2.45010612e+02
4.88063729e+02
7.29902480e+02
9.70526865e+02
1.20993689e+03
2.58118726e+03
2.62095813e+03
2.64952470e+03
2.66688698e+03
2.67304498e+03
2.66799868e+03
2.65174810e+03
2.62429323e+03
2.58563407e+03
1.41887939e+03
1.44091809e+03
1.45673421e+03
1.46632775e+03
1.46969871e+03
1.46684709e+03
1.45777289e+03
1.44247610e+03
1.42095673e+03
7.59933333e+02
7.73818771e+02
7.84275392e+02
7.91303196e+02
7.94902182e+02
7.95072352e+02
7.91813704e+02
7.85126239e+02
7.75009957e+02
3.92946868e+02
4.00926121e+02
4.07055412e+02
4.11334740e+02
4.13764106e+02
4.14343509e+02
4.13072950e+02
4.09952428e+02
4.04981944e+02
1.82357101e+02
1.88708555e+02
1.94087772e+02
1.98494752e+02
2.01929496e+02
2.04392004e+02
2.05882274e+02
2.06400309e+02
2.05946106e+02
6.12100188e+01
6.50637099e+01
6.84761929e+01
7.14474678e+01
7.39775347e+01
7.60663935e+01
7.77140442e+01
7.89204868e+01
7.96857214e+01
-8.61412424e+00
-5.00480427e+00
-1.54963624e+00
1.75137983e+00
4.89824396e+00
7.89095614e+00
1.07295164e+01
1.34139247e+01
1.59441810e+01
-5.42796860e+01
-4.99251896e+01
-4.55514677e+01
-4.11585201e+01
-3.67463470e+01
-3.23149483e+01
-2.78643240e+01
-2.33944742e+01
-1.89053987e+01
-7.22483726e+01
-6.96019454e+01
-6.68345646e+01
-6.39462302e+01
-6.09369422e+01
-5.78067005e+01
-5.45555052e+01
-5.11833563e+01
-4.76902537e+01
-8.18155116e+01
-7.82199018e+01
-7.44789869e+01
-7.05927668e+01
-6.65612414e+01
-6.23844109e+01
-5.80622752e+01
-5.35948342e+01
-4.89820881e+01
-9.19326604e+01
-8.59748457e+01
-7.98682721e+01
-7.36129394e+01
-6.72088477e+01
-6.06559971e+01
-5.39543874e+01
-4.71040187e+01
-4.01048910e+01
-1.18956237e+02
-1.14407022e+02
-1.09575691e+02
-1.04462243e+02
-9.90666783e+01
-9.33889966e+01
-8.74291981e+01
-8.11872827e+01
-7.46632505e+01
-1.41999002e+02
-1.39704113e+02
-1.36995985e+02
-1.33874618e+02
-1.30340011e+02
-1.26392165e+02
-1.22031080e+02
-1.17256756e+02
-1.12069193e+02
-1.56096354e+02
-1.51402678e+02
-1.46276854e+02
-1.40718882e+02
-1.34728763e+02
-1.28306495e+02
-1.21452080e+02
-1.14165517e+02
-1.06446806e+02
-1.97396623e+02
-1.89033665e+02
-1.80130703e+02
-1.70687739e+02
-1.60704771e+02
-1.50181801e+02
-1.39118827e+02
-1.27515851e+02
-1.15372872e+02
-2.81762367e+02
-2.80705861e+02
-2.78648160e+02
-2.75589266e+02
-2.71529177e+02
-2.66467895e+02
-2.60405419e+02
-2.53341748e+02
-2.45276884e+02
-4.52375240e+02
-4.51088749e+02
-4.48115110e+02
-4.43454323e+02
-4.37106389e+02
-4.29071307e+02
-4.19349077e+02
-4.07939700e+02
-3.94843175e+02
-7.22112163e+02
-7.22042557e+02
-7.19176172e+02
-7.13513009e+02
-7.05053066e+02
-6.93796345e+02
-6.79742845e+02
-6.62892567e+02
-6.43245510e+02
-1.18014372e+03
-1.18916560e+03
-1.19339247e+03
-1.19282433e+03
-1.18746118e+03
-1.17730303e+03
-1.16234987e+03
-1.14260170e+03
-1.11805852e+03
-1.99137812e+03
-2.01276144e+03
-2.02587274e+03
-2.03071203e+03
-2.02727931e+03
-2.01557457e+03
-1.99559782e+03
-1.96734905e+03
-1.93082827e+03
-3.44157863e+03
-3.48128105e+03
-3.50655849e+03
-3.51741096e+03
-3.51383846e+03
-3.49584099e+03
-3.46341855e+03
-3.41657113e+03
-3.35529875e+03
-6.12584498e+03
-6.19722463e+03
-6.24282803e+03
-6.26265516e+03
-6.25670603e+03
-6.22498064e+03
-6.16747898e+03
-6.08420106e+03
-5.97514688e+03
2.80939619e+03
1.06855782e+03
-6.55226427e+02
-2.36195654e+03
-4.05163253e+03
-5.72425439e+03
-7.37982212e+03
-9.01833572e+03
-1.06397952e+04
-3.74507405e+03
-3.84119207e+03
-3.92073269e+03
-3.98369591e+03
-4.03008172e+03
-4.05989013e+03
-4.07312114e+03
-4.06977474e+03
-4.04985094e+03
-5.99094504e+03
-6.06483200e+03
-6.11344183e+03
-6.13677454e+03
-6.13483012e+03
-6.10760857e+03
-6.05510990e+03
-5.97733411e+03
-5.87428120e+03
-3.44532988e+03
-3.48093155e+03
-3.50215372e+03
-3.50899637e+03
-3.50145953e+03
-3.47954317e+03
-3.44324731e+03
-3.39257195e+03
-3.32751708e+03
-2.14445938e+03
-2.17045732e+03
-2.18748121e+03
-2.19553105e+03
-2.19460683e+03
-2.18470856e+03
-2.16583625e+03
-2.13798988e+03
-2.10116946e+03
-1.32215289e+03
-1.32810673e+03
-1.32873159e+03
-1.32402745e+03
-1.31399433e+03
-1.29863223e+03
-1.27794113e+03
-1.25192105e+03
-1.22057199e+03
-7.18223064e+02
-7.06199134e+02
-6.91576277e+02
-6.74354490e+02
-6.54533776e+02
-6.32114133e+02
-6.07095562e+02
-5.79478062e+02
-5.49261634e+02
-4.34957616e+02
-4.31198134e+02
-4.25846518e+02
-4.18902769e+02
-4.10366886e+02
-4.00238870e+02
-3.88518720e+02
-3.75206437e+02
-3.60302020e+02
-4.12567854e+02
-4.09804170e+02
-4.05521375e+02
-3.99719472e+02
-3.92398458e+02
-3.83558334e+02
-3.73199101e+02
-3.61320758e+02
-3.47923305e+02
-3.00359635e+02
-2.89538763e+02
-2.77782288e+02
-2.65090212e+02
-2.51462534e+02
-2.36899254e+02
-2.21400372e+02
-2.04965889e+02
-1.87595804e+02
-1.93186042e+02
-1.64597264e+02
-1.35795064e+02
-1.06779442e+02
-7.75503991e+01
-4.81079342e+01
-1.84520477e+01
1.14172605e+01
4.14999904e+01
-6.34384487e+01
-6.31046881e+01
-6.26178123e+01
-6.19778212e+01
-6.11847148e+01
-6.02384932e+01
-5.91391563e+01
-5.78867042e+01
-5.64811368e+01
-7.70582108e+01
-6.41206257e+01
-5.11802410e+01
-3.82370567e+01
-2.52910727e+01
-1.23422892e+01
6.09293922e-01
1.35636767e+01
2.65208590e+01
-3.68382729e+01
-1.61910875e+01
4.17151967e+00
2.42495486e+01
4.40429992e+01
6.35518715e+01
8.27761656e+01
1.01715881e+02
1.20371019e+02
-1.15758577e+02
-8.67729993e+01
-5.78890777e+01
-2.91068125e+01
-4.26203842e-01
2.81527484e+01
5.66300441e+01
8.50056833e+01
1.13279666e+02
2.77722496e+01
2.66867894e+01
2.54133558e+01
2.39519486e+01
2.23025679e+01
2.04652137e+01
1.84398860e+01
1.62265848e+01
1.38253101e+01
2.15816163e+02
2.37766557e+02
2.58394125e+02
2.77698867e+02
2.95680783e+02
3.12339872e+02
3.27676136e+02
3.41689574e+02
3.54380185e+02
1.95667765e+02
2.29713989e+02
2.62321725e+02
2.93490973e+02
3.23221733e+02
3.51514004e+02
3.78367788e+02
4.03783083e+02
4.27759891e+02
-8.24033159e+01
-6.67569945e+01
-5.11252385e+01
-3.55080479e+01
-1.99054228e+01
-4.31736317e+00
1.12561310e+01
2.68150598e+01
4.23594231e+01
3.25591306e+01
3.90636659e+01
4.52400303e+01
5.10882236e+01
5.66082459e+01
6.18000971e+01
6.66637773e+01
7.11992865e+01
7.54066247e+01
5.60142909e+02
5.91239285e+02
6.19476984e+02
6.44856008e+02
6.67376356e+02
6.87038028e+02
7.03841024e+02
7.17785345e+02
7.28870990e+02
5.57068901e+02
6.04374700e+02
6.48569781e+02
6.89654143e+02
7.27627788e+02
7.62490714e+02
7.94242922e+02
8.22884412e+02
8.48415183e+02
2.14581411e+02
2.18064413e+02
2.20536398e+02
2.21997363e+02
2.22447311e+02
2.21886240e+02
2.20314150e+02
2.17731042e+02
2.14136916e+02
5.81760683e+02
6.06617655e+02
6.28632796e+02
6.47806107e+02
6.64137588e+02
6.77627238e+02
6.88275058e+02
6.96081047e+02
7.01045206e+02
1.94704790e+03
2.00895423e+03
2.06190392e+03
2.10589696e+03
2.14093337e+03
2.16701313e+03
2.18413625e+03
2.19230273e+03
2.19151257e+03
1.42363228e+03
1.50292137e+03
1.57508183e+03
1.64011366e+03
1.69801687e+03
1.74879145e+03
1.79243740e+03
1.82895473e+03
1.85834344e+03
-6.33927499e+02
-4.45418084e+02
-2.57523764e+02
-7.02445390e+01
1.16419591e+02
3.02468626e+02
4.87902566e+02
6.72721410e+02
8.56925160e+02
1.69660110e+04
1.10720354e+04
5.73090187e+03
9.42610303e+02
-3.29283927e+03
-6.97544684e+03
-1.01052124e+04
-1.26821360e+04
-1.47062176e+04
2.48714273e+04
1.74679647e+04
1.04807944e+04
3.90991654e+03
-2.24466894e+03
-7.98296204e+03
-1.33049628e+04
-1.82106711e+04
-2.27000871e+04
3.12257453e+04
2.06454171e+04
1.08182221e+04
1.74416061e+03
-6.57676756e+03
-1.41445624e+04
-2.09592238e+04
-2.70207518e+04
-3.23291465e+04
3.07961428e+04
1.94055851e+04
8.98019788e+03
-4.80018781e+02
-8.97506492e+03
-1.65049405e+04
-2.30696456e+04
-2.86691802e+04
-3.33035442e+04
3.26462132e+04
2.27145691e+04
1.33060270e+04
4.42058679e+03
-3.94175149e+03
-1.17809878e+04
-1.90971223e+04
-2.58901547e+04
-3.21600853e+04
3.35895420e+04
2.41528798e+04
1.50715171e+04
6.34545388e+03
-2.02530989e+03
-1.00407742e+04
-1.77009390e+04
-2.50058044e+04
-3.19553703e+04
3.35753724e+04
2.38635418e+04
1.45719874e+04
5.70070940e+03
-2.75029230e+03
-1.07810177e+04
-1.83914667e+04
-2.55816394e+04
-3.23515358e+04
3.29647378e+04
2.22582785e+04
1.22365669e+04
2.89960302e+03
-5.75261325e+03
-1.37200819e+04
-2.10028028e+04
-2.76007761e+04
-3.35140017e+04
3.25782087e+04
2.10324415e+04
1.03870644e+04
6.42077141e+02
-8.20252012e+03
-1.61467274e+04
-2.31905448e+04
-2.93339722e+04
-3.45770096e+04
3.34672150e+04
2.26292729e+04
1.24781531e+04
3.01385570e+03
-5.76361937e+03
-1.38542721e+04
-2.12581025e+04
-2.79751105e+04
-3.40052962e+04
3.41760693e+04
2.39673848e+04
1.42604268e+04
5.05519523e+03
-3.64830986e+03
-1.18500885e+04
-1.95501406e+04
-2.67484663e+04
-3.34450656e+04
2.64802859e+04
1.81756034e+04
1.04098796e+04
3.18311449e+03
-3.50469191e+03
-9.65353961e+03
-1.52634286e+04
-2.03343589e+04
-2.48663305e+04
1.88163035e+04
1.24735879e+04
6.69189335e+03
1.47121979e+03
-3.18843275e+03
-7.28706428e+03
-1.08246748e+04
-1.38012643e+04
-1.62168328e+04
1.17624587e+03
8.90160558e+02
6.03933692e+02
3.17565274e+02
3.10553050e+01
-2.55596215e+02
-5.42389285e+02
-8.29323907e+02
-1.11640008e+03
5.66408935e+02
5.46673718e+02
5.24896767e+02
5.01078083e+02
4.75217664e+02
4.47315512e+02
4.17371627e+02
3.85386008e+02
3.51358655e+02
4.33127210e+02
4.38038107e+02
4.41041478e+02
4.42137325e+02
4.41325648e+02
4.38606446e+02
4.33979720e+02
4.27445469e+02
4.19003693e+02
-3.84249311e+01
3.53322271e+01
1.07957322e+02
1.79450352e+02
2.49811320e+02
3.19040223e+02
3.87137063e+02
4.54101839e+02
5.19934552e+02
1.25874617e+02
1.30769718e+02
1.34997183e+02
1.38557012e+02
1.41449206e+02
1.43673764e+02
1.45230686e+02
1.46119973e+02
1.46341623e+02
-8.09448121e+01
-8.12116971e+01
-8.12272456e+01
-8.09914575e+01
-8.05043329e+01
-7.97658718e+01
-7.87760741e+01
-7.75349399e+01
-7.60424691e+01
-6.55665124e+02
-5.82004138e+02
-5.06983502e+02
-4.30603216e+02
-3.52863280e+02
-2.73763693e+02
-1.93304457e+02
-1.11485570e+02
-2.83070327e+01
-2.01245364e+02
-2.42590587e+02
-2.82526345e+02
-3.21052638e+02
-3.58169466e+02
-3.93876830e+02
-4.28174728e+02
-4.61063161e+02
-4.92542130e+02
-4.71590903e+02
-4.47764370e+02
-4.22504842e+02
-3.95812320e+02
-3.67686803e+02
-3.38128293e+02
-3.07136788e+02
-2.74712290e+02
-2.40854797e+02
-5.40981908e+02
-4.65411393e+02
-3.88975394e+02
-3.11673910e+02
-2.33506940e+02
-1.54474486e+02
-7.45765475e+01
6.18687631e+00
8.78157850e+01
1.88420893e+02
1.41104192e+02
9.37229418e+01
4.62771422e+01
-1.23320682e+00
-4.88081051e+01
-9.64475528e+01
-1.44151550e+02
-1.91920096e+02
-2.45487515e+02
-1.61974017e+02
-7.89170980e+01
3.68324140e+00
8.58270015e+01
1.67514182e+02
2.48744784e+02
3.29518806e+02
4.09836249e+02
1.55129957e+02
1.49386855e+02
1.43033086e+02
1.36068651e+02
1.28493548e+02
1.20307780e+02
1.11511344e+02
1.02104242e+02
9.20864733e+01
2.33646262e+01
3.92098781e+01
5.46230011e+01
6.96039951e+01
8.41528601e+01
9.82695961e+01
1.11954203e+02
1.25206681e+02
1.38027030e+02
-3.29789165e+02
-2.62052918e+02
-1.94173593e+02
-1.26151189e+02
-5.79857056e+01
1.03228561e+01
7.87744966e+01
1.47369216e+02
2.16107014e+02
7.44779054e+01
1.78175940e+01
-3.82913701e+01
-9.38489868e+01
-1.48855256e+02
-2.03310178e+02
-2.57213753e+02
-3.10565981e+02
-3.63366861e+02
-7.17919877e+02
-6.13588434e+02
-5.08145485e+02
-4.01591031e+02
-2.93925070e+02
-1.85147604e+02
-7.52586322e+01
3.57418455e+01
1.47853829e+02
-8.44453792e+01
-1.55838064e+02
-2.25793801e+02
-2.94312589e+02
-3.61394430e+02
-4.27039323e+02
-4.91247267e+02
-5.54018264e+02
-6.15352312e+02
-7.30349092e+02
-6.50253406e+02
-5.68595643e+02
-4.85375806e+02
-4.00593893e+02
-3.14249905e+02
-2.26343842e+02
-1.36875704e+02
-4.58454903e+01
-3.01086413e+02
-3.30741112e+02
-3.58764942e+02
-3.85157903e+02
-4.09919995e+02
-4.33051217e+02
-4.54551571e+02
-4.74421055e+02
-4.92659670e+02
-5.02120635e+02
-4.63668272e+02
-4.23887802e+02
-3.82779225e+02
-3.40342542e+02
-2.96577751e+02
-2.51484853e+02
-2.05063849e+02
-1.57314738e+02
-2.72071620e+02
-2.66035478e+02
-2.59065411e+02
-2.51161420e+02
-2.42323504e+02
-2.32551663e+02
-2.21845898e+02
-2.10206208e+02
-1.97632593e+02
-1.23901189e+02
-1.10583300e+02
-9.70455910e+01
-8.32880606e+01
-6.93107091e+01
-5.51135365e+01
-4.06965429e+01
-2.60597282e+01
-1.12030925e+01
1.05593148e+02
1.34821603e+02
1.63086542e+02
1.90387965e+02
2.16725871e+02
2.42100261e+02
2.66511135e+02
2.89958492e+02
3.12442333e+02
6.45939455e+02
6.54034452e+02
6.59336139e+02
6.61844517e+02
6.61559586e+02
6.58481346e+02
6.52609796e+02
6.43944937e+02
6.32486769e+02
1.24521347e+03
1.28519321e+03
1.31944315e+03
1.34796328e+03
1.37075360e+03
1.38781412e+03
1.39914483e+03
1.40474573e+03
1.40461682e+03
2.44602112e+03
2.47972130e+03
2.50295421e+03
2.51571985e+03
2.51801822e+03
2.50984932e+03
2.49121316e+03
2.46210972e+03
2.42253901e+03
2.77526610e+03
2.69027307e+03
2.59543248e+03
2.49074433e+03
2.37620863e+03
2.25182536e+03
2.11759453e+03
1.97351615e+03
1.81959020e+03
-1.63005386e+03
-1.00869455e+03
-3.90988224e+02
2.23065128e+02
8.33465503e+02
1.44021290e+03
2.04330732e+03
2.64274876e+03
3.23853723e+03
1.21984344e+03
2.84941286e+03
2.86333638e+03
2.73387629e+03
2.46103257e+03
2.04480523e+03
1.48519427e+03
7.82199695e+02
2.22785228e+02
1.62383344e+03
4.24972304e+03
4.13484921e+03
3.81676386e+03
3.29546700e+03
2.57095863e+03
1.64323875e+03
5.12307350e+02
-3.33027733e+01
7.24623562e+02
1.76872302e+03
1.35975260e+03
9.26781792e+02
4.69810597e+02
-1.11609836e+01
-5.16132950e+02
-1.04510530e+03
-6.88237460e+02
3.82028856e+02
8.77572142e+02
4.70454740e+02
8.52949736e+01
-2.77907159e+02
-6.19151657e+02
-9.38438520e+02
-1.23576775e+03
-7.26375246e+02
4.65770074e+02
1.18913040e+03
1.06339777e+03
8.95966998e+02
6.86838084e+02
4.36011027e+02
1.43485828e+02
-1.90737513e+02
-1.89221692e+02
-1.29464539e+02
-4.19612464e+02
-6.82621978e+02
-8.80335691e+02
-1.01275360e+03
-1.07987571e+03
-1.08170202e+03
-1.01823253e+03
-5.16455793e+02
-7.04388493e+02
-1.97663117e+03
-2.34182710e+03
-2.54333819e+03
-2.58116446e+03
-2.45530589e+03
-2.16576250e+03
-1.71253428e+03
-7.76205457e+02
-5.16100714e+02
-1.39254806e+03
-1.33817651e+03
-1.22058354e+03
-1.03976914e+03
-7.95733318e+02
-4.88476070e+02
-1.17997396e+02
3.62736644e+01
-2.78552657e+03
-2.38477707e+03
-1.97929357e+03
-1.56907608e+03
-1.15412459e+03
-7.34439103e+02
-3.10019624e+02
1.19133849e+02
5.53021318e+02
-3.43656624e+03
-3.34016576e+03
-3.23144245e+03
-3.11039630e+03
-2.97702732e+03
-2.83133550e+03
-2.67332085e+03
-2.50298336e+03
-2.32032303e+03
-2.40590572e+03
-2.47557017e+03
-2.53434279e+03
-2.58222359e+03
-2.61921257e+03
-2.64530971e+03
-2.66051503e+03
-2.66482853e+03
-2.65825020e+03
-1.56997518e+03
-1.54968531e+03
-1.52334630e+03
-1.49095815e+03
-1.45252086e+03
-1.40803443e+03
-1.35749885e+03
-1.30091413e+03
-1.23828027e+03
-5.36919244e+02
-5.94630516e+02
-6.49175427e+02
-7.00553977e+02
-7.48766167e+02
-7.93811996e+02
-8.35691465e+02
-8.74404573e+02
-9.09951320e+02
-3.10297706e+02
-2.92259523e+02
-2.73206374e+02
-2.53138259e+02
-2.32055178e+02
-2.09957131e+02
-1.86844118e+02
-1.62716139e+02
-1.37573194e+02
2.22559980e+02
1.77364473e+02
1.32075410e+02
8.66927890e+01
4.12166115e+01
-4.35312290e+00
-5.00164141e+01
-9.57732622e+01
-1.41623667e+02
1.84385166e+02
2.04585454e+02
2.23777772e+02
2.41962122e+02
2.59138502e+02
2.75306912e+02
2.90467354e+02
3.04619826e+02
3.17764328e+02
5.30276239e+02
4.81657724e+02
4.31767114e+02
3.80604408e+02
3.28169606e+02
2.74462709e+02
2.19483715e+02
1.63232626e+02
1.05709441e+02
2.11394285e+02
2.52430103e+02
2.92013414e+02
3.30144219e+02
3.66822518e+02
4.02048310e+02
4.35821596e+02
4.68142375e+02
4.99010648e+02
6.03316828e+02
5.34106060e+02
4.63671423e+02
3.92012916e+02
3.19130539e+02
2.45024293e+02
1.69694178e+02
9.31401936e+01
1.53623396e+01
7.67274943e+01
1.18553789e+02
1.59462670e+02
1.99454139e+02
2.38528194e+02
2.76684837e+02
3.13924067e+02
3.50245883e+02
3.85650287e+02
3.91594850e+02
3.23547353e+02
2.55114780e+02
1.86297130e+02
1.17094404e+02
4.75066017e+01
-2.24662772e+01
-9.28242326e+01
-1.63567264e+02
-1.34044582e+02
-1.07294128e+02
-8.03604899e+01
-5.32436677e+01
-2.59436613e+01
1.53952938e+00
2.92059042e+01
5.70554633e+01
8.50882067e+01
4.71672679e+01
-7.66389661e-01
-4.80227561e+01
-9.46018313e+01
-1.40503615e+02
-1.85728108e+02
-2.30275310e+02
-2.74145221e+02
-3.17337840e+02
-1.71539140e+02
-1.91720653e+02
-2.10796664e+02
-2.28767173e+02
-2.45632180e+02
-2.61391685e+02
-2.76045688e+02
-2.89594189e+02
-3.02037189e+02
-2.50390970e+02
-2.42365383e+02
-2.33377700e+02
-2.23427921e+02
-2.12516045e+02
-2.00642073e+02
-1.87806005e+02
-1.74007841e+02
-1.59247580e+02
2.49844909e+02
1.82638268e+02
1.15608529e+02
4.87556902e+01
-1.79202473e+01
-8.44192837e+01
-1.50741419e+02
-2.16886653e+02
-2.82854987e+02
3.55064935e+01
6.65501185e+01
9.70258877e+01
1.26933801e+02
1.56273859e+02
1.85046060e+02
2.13250406e+02
2.40886896e+02
2.67955531e+02
5.09635160e+02
4.67211465e+02
4.23510975e+02
3.78533691e+02
3.32279611e+02
2.84748737e+02
2.35941069e+02
1.85856606e+02
1.34495348e+02
3.27197122e+02
2.99925738e+02
2.71865515e+02
2.43016454e+02
2.13378555e+02
1.82951817e+02
1.51736240e+02
1.19731825e+02
8.69385722e+01
-3.20021095e+02
-3.04195815e+02
-2.87253837e+02
-2.69195159e+02
-2.50019782e+02
-2.29727705e+02
-2.08318930e+02
-1.85793455e+02
-1.62151281e+02
-5.16879403e+02
-5.59740887e+02
-5.99729426e+02
-6.36845021e+02
-6.71087672e+02
-7.02457378e+02
-7.30954139e+02
-7.56577956e+02
-7.79328829e+02
2.00833443e+03
1.41835082e+03
8.30008188e+02
2.43306526e+02
-3.41754163e+02
-9.25173878e+02
-1.50695262e+03
-2.08709039e+03
-2.66558718e+03
-1.69885292e+04
-1.12975113e+04
-6.10496648e+03
-1.41089469e+03
2.78470407e+03
6.48182981e+03
9.68048251e+03
1.23806622e+04
1.45823688e+04
-2.44995361e+04
-1.73253089e+04
-1.05317494e+04
-4.11885764e+03
1.91336639e+03
7.56492269e+03
1.28358113e+04
1.77260321e+04
2.22355852e+04
-3.25977966e+04
-2.39630230e+04
-1.55503794e+04
-7.35986585e+03
6.08517587e+02
8.35477094e+03
1.58788942e+04
2.31808874e+04
3.02607505e+04
-3.28476842e+04
-2.37076323e+04
-1.48911791e+04
-6.39832449e+03
1.77093141e+03
9.61658863e+03
1.71386472e+04
2.43371071e+04
3.12119683e+04
-3.19022805e+04
-2.14678533e+04
-1.17098721e+04
-2.62833688e+03
5.77675227e+03
1.35053954e+04
2.05575925e+04
2.69333435e+04
3.26326485e+04
-3.14647587e+04
-2.02721349e+04
-9.95565616e+03
-5.15322506e+02
8.04886606e+03
1.57369096e+04
2.25488080e+04
2.84845613e+04
3.35441696e+04
-3.24464502e+04
-2.17084637e+04
-1.16857861e+04
-2.37841763e+03
6.21364184e+03
1.40903923e+04
2.12518337e+04
2.76979660e+04
3.34287893e+04
-3.39110168e+04
-2.44800763e+04
-1.53814126e+04
-6.61502589e+03
1.81908391e+03
9.92091678e+03
1.76904727e+04
2.51277517e+04
3.22327538e+04
-3.37128737e+04
-2.39877430e+04
-1.46744862e+04
-5.77310334e+03
2.71640553e+03
1.07940404e+04
1.84598014e+04
2.57136884e+04
3.25557014e+04
-3.32752595e+04
-2.26423597e+04
-1.26542373e+04
-3.31089216e+03
5.38767560e+03
1.34414660e+04
2.08504791e+04
2.76147149e+04
3.37341733e+04
-3.42462169e+04
-2.45315251e+04
-1.51957907e+04
-6.23901380e+03
2.33880573e+03
1.05376678e+04
1.83575725e+04
2.57985198e+04
3.28605096e+04
-2.68363216e+04
-1.92634335e+04
-1.20348433e+04
-5.15055091e+03
1.38944362e+03
7.58514029e+03
1.34365391e+04
1.89436401e+04
2.41064432e+04
-2.39569017e+04
-1.30504319e+04
-3.41766147e+03
4.94140955e+03
1.20267812e+04
1.78384534e+04
2.23764263e+04
2.56406997e+04
2.76312738e+04
-2.40295574e+04
-1.30762436e+04
-3.40308621e+03
4.98991476e+03
1.21027593e+04
1.79354474e+04
2.24879792e+04
2.57603545e+04
2.77525733e+04
-8.05031679e+02
-4.75585932e+02
-1.48203811e+02
1.77114683e+02
5.00369551e+02
8.21560792e+02
1.14068841e+03
1.45775240e+03
1.77275276e+03
9.77790842e+02
9.42512813e+02
9.03948380e+02
8.62097543e+02
8.16960303e+02
7.68536660e+02
7.16826613e+02
6.61830162e+02
6.03547308e+02
2.58709448e+02
2.89026267e+02
3.17884489e+02
3.45284116e+02
3.71225146e+02
3.95707580e+02
4.18731419e+02
4.40296661e+02
4.60403308e+02
-6.54473421e+02
-7.22766237e+02
-7.87218571e+02
-8.47830426e+02
-9.04601799e+02
-9.57532692e+02
-1.00662310e+03
-1.05187304e+03
-1.09328249e+03
-9.34950477e+02
-9.79844687e+02
-1.02014942e+03
-1.05586467e+03
-1.08699045e+03
-1.11352675e+03
-1.13547357e+03
-1.15283091e+03
-1.16559877e+03
-2.16935456e+02
-2.12443677e+02
-2.07067934e+02
-2.00808227e+02
-1.93664555e+02
-1.85636918e+02
-1.76725318e+02
-1.66929753e+02
-1.56250224e+02
9.59379143e+01
6.33197139e+01
3.09304751e+01
-1.22980202e+00
-3.31611176e+01
-6.48634716e+01
-9.63368639e+01
-1.27581295e+02
-1.58596764e+02
-1.63011177e+02
-2.06204883e+02
-2.47951476e+02
-2.88250956e+02
-3.27103323e+02
-3.64508577e+02
-4.00466718e+02
-4.34977746e+02
-4.68041661e+02
-1.51270666e+02
-1.71137765e+02
-1.89986506e+02
-2.07816888e+02
-2.24628913e+02
-2.40422580e+02
-2.55197889e+02
-2.68954840e+02
-2.81693433e+02
-2.32220545e+02
-2.11872506e+02
-1.90837414e+02
-1.69115269e+02
-1.46706069e+02
-1.23609816e+02
-9.98265099e+01
-7.53561498e+01
-5.01987362e+01
7.11444618e+01
-3.31637082e+00
-7.67624869e+01
-1.49193886e+02
-2.20610569e+02
-2.91012536e+02
-3.60399785e+02
-4.28772318e+02
-4.96130135e+02
2.97401267e+02
2.77351051e+02
2.56512421e+02
2.34885377e+02
2.12469919e+02
1.89266047e+02
1.65273762e+02
1.40493062e+02
1.14923949e+02
4.15211135e+02
4.22724320e+02
4.28523159e+02
4.32607653e+02
4.34977801e+02
4.35633603e+02
4.34575060e+02
4.31802172e+02
4.27314938e+02
-3.03505486e+01
-3.86893722e+01
-4.66848133e+01
-5.43368720e+01
-6.16455483e+01
-6.86108421e+01
-7.52327535e+01
-8.15112824e+01
-8.74464290e+01
-3.80310282e+01
-9.47838690e+01
-1.50369676e+02
-2.04788449e+02
-2.58040188e+02
-3.10124893e+02
-3.61042563e+02
-4.10793200e+02
-4.59376803e+02
4.22401625e+02
4.05691719e+02
3.87636228e+02
3.68235150e+02
3.47488486e+02
3.25396236e+02
3.01958400e+02
2.77174978e+02
2.51045969e+02
4.67407311e+02
4.84778287e+02
5.00064978e+02
5.13267384e+02
5.24385505e+02
5.33419340e+02
5.40368890e+02
5.45234155e+02
5.48015135e+02
-1.47186953e+01
-4.40057649e+01
-7.26676468e+01
-1.00704341e+02
-1.28115848e+02
-1.54902167e+02
-1.81063298e+02
-2.06599241e+02
-2.31509997e+02
-1.22608295e+02
-1.62974058e+02
-2.02097356e+02
-2.39978191e+02
-2.76616562e+02
-3.12012469e+02
-3.46165912e+02
-3.79076891e+02
-4.10745407e+02
5.02341544e+02
4.87037694e+02
4.70045235e+02
4.51364167e+02
4.30994491e+02
4.08936206e+02
3.85189312e+02
3.59753809e+02
3.32629697e+02
5.62019361e+02
5.84718841e+02
6.04867728e+02
6.22466020e+02
6.37513720e+02
6.50010826e+02
6.59957339e+02
6.67353258e+02
6.72198584e+02
2.23731257e+02
1.87848221e+02
1.51738818e+02
1.15403048e+02
7.88409109e+01
4.20524063e+01
5.03753460e+00
-3.22037044e+01
-6.96713105e+01
2.82111557e+02
2.59097316e+02
2.35411397e+02
2.11053799e+02
1.86024522e+02
1.60323567e+02
1.33950932e+02
1.06906619e+02
7.91906269e+01
1.27590545e+03
1.27662197e+03
1.27226931e+03
1.26284746e+03
1.24835642e+03
1.22879620e+03
1.20416680e+03
1.17446821e+03
1.13970043e+03
2.16962277e+03
2.20256606e+03
2.22630730e+03
2.24084650e+03
2.24618365e+03
2.24231876e+03
2.22925183e+03
2.20698285e+03
2.17551183e+03
3.36471001e+03
3.38376232e+03
3.38901807e+03
3.38047725e+03
3.35813987e+03
3.32200591e+03
3.27207539e+03
3.20834830e+03
3.13082464e+03
5.91895068e+03
5.98626986e+03
6.02869666e+03
6.04623106e+03
6.03887308e+03
6.00662271e+03
5.94947995e+03
5.86744481e+03
5.76051727e+03
1.81217595e+03
2.40387884e+03
2.97867693e+03
3.53657022e+03
4.07755871e+03
4.60164241e+03
5.10882130e+03
5.59909539e+03
6.07246468e+03
3.83214150e+03
3.96334059e+03
4.07702415e+03
4.17319218e+03
4.25184469e+03
4.31298166e+03
4.35660310e+03
4.38270902e+03
4.39129940e+03
6.46597767e+03
6.53116307e+03
6.56928659e+03
6.58034824e+03
6.56434803e+03
6.52128594e+03
6.45116198e+03
6.35397615e+03
6.22972845e+03
3.68176844e+03
3.71987052e+03
3.74259006e+03
3.74992707e+03
3.74188154e+03
3.71845347e+03
3.67964287e+03
3.62544973e+03
3.55587405e+03
2.13098983e+03
2.14826084e+03
2.15674923e+03
2.15645500e+03
2.14737816e+03
2.12951869e+03
2.10287660e+03
2.06745189e+03
2.02324456e+03
1.24163634e+03
1.24609468e+03
1.24557009e+03
1.24006256e+03
1.22957210e+03
1.21409870e+03
1.19364237e+03
1.16820310e+03
1.13778089e+03
7.21984526e+02
7.18496763e+02
7.12254270e+02
7.03257046e+02
6.91505092e+02
6.76998406e+02
6.59736989e+02
6.39720842e+02
6.16949963e+02
3.94048331e+02
3.86273376e+02
3.77138410e+02
3.66643434e+02
3.54788447e+02
3.41573449e+02
3.26998441e+02
3.11063422e+02
2.93768392e+02
2.80075261e+02
2.63859747e+02
2.46883571e+02
2.29146734e+02
2.10649235e+02
1.91391075e+02
1.71372254e+02
1.50592771e+02
1.29052626e+02
2.05560579e+02
1.97134427e+02
1.88122323e+02
1.78524267e+02
1.68340260e+02
1.57570300e+02
1.46214389e+02
1.34272526e+02
1.21744711e+02
8.72029984e+01
8.25877851e+01
7.78033006e+01
7.28495450e+01
6.77265182e+01
6.24342203e+01
5.69726512e+01
5.13418110e+01
4.55416996e+01
-4.57789823e+01
-6.05554882e+01
-7.47970786e+01
-8.85037535e+01
-1.01675513e+02
-1.14312357e+02
-1.26414286e+02
-1.37981299e+02
-1.49013396e+02
7.15356005e+01
4.12695112e+01
1.13198506e+01
-1.83133811e+01
-4.76301842e+01
-7.66305584e+01
-1.05314504e+02
-1.33682021e+02
-1.61733109e+02
1.30803343e+02
1.38505785e+02
1.45665870e+02
1.52283599e+02
1.58358971e+02
1.63891986e+02
1.68882645e+02
1.73330947e+02
1.77236892e+02
1.19038544e+02
1.16962101e+02
1.14552243e+02
1.11808968e+02
1.08732278e+02
1.05322173e+02
1.01578651e+02
9.75017141e+01
9.30913612e+01
-5.40701609e+01
-8.05488859e+01
-1.06261863e+02
-1.31209092e+02
-1.55390573e+02
-1.78806307e+02
-2.01456292e+02
-2.23340530e+02
-2.44459019e+02
5.15326424e+01
2.32049472e+01
-4.75128774e+00
-3.23360625e+01
-5.95493770e+01
-8.63912312e+01
-1.12861625e+02
-1.38960559e+02
-1.64688033e+02
2.07730541e+02
2.36641687e+02
2.64358933e+02
2.90882278e+02
3.16211722e+02
3.40347265e+02
3.63288908e+02
3.85036650e+02
4.05590492e+02
3.40845796e+02
3.39333800e+02
3.36589847e+02
3.32613937e+02
3.27406071e+02
3.20966248e+02
3.13294468e+02
3.04390731e+02
2.94255038e+02
2.39056968e+02
1.81409548e+02
1.23860943e+02
6.64111528e+01
9.06017804e+00
-4.81919816e+01
-1.05345326e+02
-1.62399855e+02
-2.19355569e+02
-3.05367740e+02
-2.78124403e+02
-2.49973025e+02
-2.20913605e+02
-1.90946143e+02
-1.60070640e+02
-1.28287094e+02
-9.55955073e+01
-6.19958784e+01
-3.11823611e+02
-3.18405762e+02
-3.23499066e+02
-3.27103523e+02
-3.29219132e+02
-3.29845894e+02
-3.28983808e+02
-3.26632876e+02
-3.22793095e+02
-5.24877117e+01
-9.78272622e+01
-1.42089038e+02
-1.85273039e+02
-2.27379266e+02
-2.68407718e+02
-3.08358395e+02
-3.47231298e+02
-3.85026426e+02
-1.50475574e+00
8.48858673e+00
1.84496517e+01
2.83784391e+01
3.82749491e+01
4.81391815e+01
5.79711365e+01
6.77708139e+01
7.75382138e+01
-2.55674651e+02
-2.43950035e+02
-2.31259358e+02
-2.17602622e+02
-2.02979826e+02
-1.87390970e+02
-1.70836054e+02
-1.53315078e+02
-1.34828042e+02
-7.11204931e+02
-7.81685927e+02
-8.48016247e+02
-9.10195890e+02
-9.68224858e+02
-1.02210315e+03
-1.07183076e+03
-1.11740770e+03
-1.15883396e+03
-1.68600585e+03
-1.70140265e+03
-1.70961588e+03
-1.71064553e+03
-1.70449161e+03
-1.69115412e+03
-1.67063305e+03
-1.64292841e+03
-1.60804019e+03
-2.69868932e+03
-2.71362527e+03
-2.71729811e+03
-2.70970783e+03
-2.69085443e+03
-2.66073792e+03
-2.61935829e+03
-2.56671555e+03
-2.50280969e+03
4.24866263e+02
6.26232056e+01
-2.95274330e+02
-6.48826343e+02
-9.98032835e+02
-1.34289381e+03
-1.68340925e+03
-2.01957918e+03
-2.35140358e+03
4.30076924e+03
3.42361270e+03
2.54359153e+03
1.66070573e+03
7.74955300e+02
-1.13659758e+02
-1.00513944e+03
-1.89948376e+03
-2.79669270e+03
8.77674867e+02
2.81953034e+03
3.86758576e+03
4.56775094e+03
4.92002587e+03
4.92441057e+03
4.58090501e+03
3.88950921e+03
2.01709088e+03
-7.79851965e+02
-1.22282014e+03
-2.73672761e+02
5.72545845e+02
1.31583568e+03
1.95619674e+03
2.49362902e+03
2.92813253e+03
1.92479024e+03
-1.87314038e+03
-3.98221238e+03
-3.73554777e+03
-3.32193208e+03
-2.74136531e+03
-1.99384747e+03
-1.07937855e+03
2.04144321e+00
4.56966226e+02
-1.01057281e+03
-1.80144909e+03
-1.01445515e+03
-2.71508259e+02
4.27391592e+02
1.08224440e+03
1.69305016e+03
2.25980888e+03
1.58290692e+03
-1.18172195e+03
-2.22333721e+03
-1.52320148e+03
-8.29283929e+02
-1.41584550e+02
5.39896655e+02
1.21515968e+03
1.88420454e+03
1.40270523e+03
-1.20959055e+03
-2.27926141e+03
-1.56775736e+03
-8.61331433e+02
-1.59983647e+02
5.36286004e+02
1.22747752e+03
1.91359090e+03
1.42749106e+03
-1.20267420e+03
-2.24424055e+03
-1.49752081e+03
-7.63779841e+02
-4.30176595e+01
6.64765740e+02
1.35957036e+03
2.04139619e+03
1.50182664e+03
-1.31600899e+03
-2.50599223e+03
-1.77854761e+03
-1.04642871e+03
-3.09635529e+02
4.31831942e+02
1.17797370e+03
1.92878974e+03
1.46414938e+03
-1.11738835e+03
-1.97804839e+03
-1.08445480e+03
-2.43298614e+02
5.45420158e+02
1.28170152e+03
1.96554548e+03
2.59695202e+03
1.81140332e+03
-2.40422476e+03
-5.18512414e+03
-4.99883453e+03
-4.56934470e+03
-3.89665464e+03
-2.98076436e+03
-1.82167385e+03
-4.19383116e+02
3.42714543e+02
3.16866922e+03
8.87964730e+03
1.23708501e+04
1.47735563e+04
1.60877658e+04
1.63134787e+04
1.54506949e+04
1.34994146e+04
7.20683570e+03
1.23732149e+03
3.99556214e+03
5.95747832e+03
7.35451357e+03
8.18666787e+03
8.45394123e+03
8.15633366e+03
7.29384514e+03
3.97314749e+03
-5.17087667e+02
-5.72223132e+02
2.12007083e+02
8.89907641e+02
1.46147854e+03
1.92671979e+03
2.28563137e+03
2.53821331e+03
1.61899575e+03
-2.64059559e+04
-2.19800080e+04
-1.75337070e+04
-1.30670529e+04
-8.58004560e+03
-4.07268521e+03
4.55028304e+02
5.00309495e+03
9.57151472e+03
-1.25954386e+04
-1.26892647e+04
-1.27527444e+04
-1.27858775e+04
-1.27886641e+04
-1.27611041e+04
-1.27031976e+04
-1.26149445e+04
-1.24963449e+04
-6.19255678e+03
-6.23331268e+03
-6.25920912e+03
-6.27024608e+03
-6.26642358e+03
-6.24774160e+03
-6.21420015e+03
-6.16579924e+03
-6.10253885e+03
-3.05273251e+03
-3.06806229e+03
-3.07612149e+03
-3.07691011e+03
-3.07042813e+03
-3.05667557e+03
-3.03565242e+03
-3.00735869e+03
-2.97179436e+03
-1.51171882e+03
-1.51516665e+03
-1.51506288e+03
-1.51140751e+03
-1.50420055e+03
-1.49344199e+03
-1.47913184e+03
-1.46127009e+03
-1.43985674e+03
-7.53988156e+02
-7.52189721e+02
-7.48662756e+02
-7.43407262e+02
-7.36423238e+02
-7.27710684e+02
-7.17269600e+02
-7.05099987e+02
-6.91201844e+02
-3.79816601e+02
-3.76021617e+02
-3.71392768e+02
-3.65930053e+02
-3.59633472e+02
-3.52503026e+02
-3.44538715e+02
-3.35740538e+02
-3.26108495e+02
-1.93108482e+02
-1.88905054e+02
-1.84308672e+02
-1.79319337e+02
-1.73937048e+02
-1.68161806e+02
-1.61993610e+02
-1.55432460e+02
-1.48478357e+02
-9.72857284e+01
-9.34431004e+01
-8.94284507e+01
-8.52417792e+01
-8.08830861e+01
-7.63523712e+01
-7.16496347e+01
-6.67748765e+01
-6.17280965e+01
-4.40030203e+01
-4.08821078e+01
-3.77071331e+01
-3.44780960e+01
-3.11949967e+01
-2.78578350e+01
-2.44666111e+01
-2.10213249e+01
-1.75219763e+01
-7.49144983e+00
-5.23436498e+00
-3.00058264e+00
-7.90102809e-01
1.39707451e+00
3.56094933e+00
5.70152163e+00
7.81879142e+00
9.91275871e+00
2.91144446e+01
3.05091054e+01
3.18028649e+01
3.29957231e+01
3.40876800e+01
3.50787355e+01
3.59688898e+01
3.67581428e+01
3.74464945e+01
8.27171615e+01
8.33928652e+01
8.38489332e+01
8.40853654e+01
8.41021620e+01
8.38993227e+01
8.34768478e+01
8.28347371e+01
8.19729907e+01
1.79238117e+02
1.79557922e+02
1.79435479e+02
1.78870788e+02
1.77863849e+02
1.76414661e+02
1.74523226e+02
1.72189542e+02
1.69413610e+02
3.67383574e+02
3.68124313e+02
3.67978409e+02
3.66945864e+02
3.65026676e+02
3.62220846e+02
3.58528374e+02
3.53949260e+02
3.48483504e+02
7.44512124e+02
7.47274745e+02
7.48248899e+02
7.47434587e+02
7.44831809e+02
7.40440565e+02
7.34260854e+02
7.26292678e+02
7.16536035e+02
1.50830598e+03
1.51636591e+03
1.52079965e+03
1.52160718e+03
1.51878850e+03
1.51234362e+03
1.50227253e+03
1.48857524e+03
1.47125174e+03
3.06169498e+03
3.08174151e+03
3.09441291e+03
3.09970915e+03
3.09763024e+03
3.08817618e+03
3.07134698e+03
3.04714263e+03
3.01556313e+03
6.22675803e+03
6.27244535e+03
6.30310755e+03
6.31874461e+03
6.31935654e+03
6.30494335e+03
6.27550502e+03
6.23104156e+03
6.17155297e+03
1.26811372e+04
1.27803309e+04
1.28488878e+04
1.28868079e+04
1.28940911e+04
1.28707374e+04
1.28167469e+04
1.27321196e+04
1.26168554e+04
2.65858890e+04
2.21345551e+04
1.76626452e+04
1.31701592e+04
8.65709722e+03
4.12345914e+03
-4.30755005e+02
-5.00554520e+03
-9.60091146e+03
1.61458126e+03
1.42652870e+03
1.23643719e+03
1.04430672e+03
8.50137298e+02
6.53928919e+02
4.55681583e+02
2.55395290e+02
5.30700420e+01
1.16295660e+03
1.19050608e+03
1.21505493e+03
1.23660313e+03
1.25515068e+03
1.27069759e+03
1.28324386e+03
1.29278948e+03
1.29933446e+03
5.28389799e+02
5.49363357e+02
5.68883488e+02
5.86950191e+02
6.03563466e+02
6.18723314e+02
6.32429735e+02
6.44682728e+02
6.55482294e+02
2.25206870e+02
2.42411785e+02
2.58908380e+02
2.74696655e+02
2.89776611e+02
3.04148246e+02
3.17811562e+02
3.30766558e+02
3.43013233e+02
8.16560153e+01
9.64443953e+01
1.10883178e+02
1.24972364e+02
1.38711952e+02
1.52101944e+02
1.65142338e+02
1.77833135e+02
1.90174335e+02
1.50028543e+01
2.80265126e+01
4.08731634e+01
5.35428067e+01
6.60354425e+01
7.83510708e+01
9.04896917e+01
1.02451305e+02
1.14235911e+02
-1.46168320e+01
-3.04432184e+00
8.43413308e+00
1.98185327e+01
3.11088771e+01
4.23051663e+01
5.34074001e+01
6.44155787e+01
7.53297020e+01
-2.64010415e+01
-1.61287342e+01
-5.91069904e+00
4.25306401e+00
1.43625549e+01
2.44177737e+01
3.44187204e+01
4.43653950e+01
5.42577974e+01
-2.95861185e+01
-2.05408595e+01
-1.15309064e+01
-2.55625930e+00
6.38308192e+00
1.52871172e+01
2.41558466e+01
3.29892700e+01
4.17873875e+01
-2.86269576e+01
-2.07737977e+01
-1.29470070e+01
-5.14658562e+00
2.62746646e+00
1.03751492e+01
1.80964627e+01
2.57914069e+01
3.34599818e+01
-2.56707616e+01
-1.89929014e+01
-1.23373066e+01
-5.70397701e+00
9.07087182e-01
7.49588604e+00
1.40624196e+01
2.06066877e+01
2.71286906e+01
-2.17514958e+01
-1.62405398e+01
-1.07500785e+01
-5.28011185e+00
1.69360058e-01
5.59833725e+00
1.10068197e+01
1.63948075e+01
2.17623006e+01
-1.73724750e+01
-1.30246730e+01
-8.69670657e+00
-4.38857569e+00
-1.00280357e-01
4.16817943e+00
8.41680366e+00
1.26455923e+01
1.68545455e+01
-1.27732862e+01
-9.58668765e+00
-6.41979920e+00
-3.27262084e+00
-1.45152589e-01
2.96260556e+00
6.05065362e+00
9.11899157e+00
1.21676194e+01
-8.05792308e+00
-6.03175220e+00
-4.02544521e+00
-2.03900210e+00
-7.24228788e-02
1.87429246e+00
3.80114390e+00
5.70813147e+00
7.59525514e+00
-3.28018907e+00
-2.41361014e+00
-1.56720275e+00
-7.40966907e-01
6.50974005e-02
8.50990167e-01
1.61671139e+00
2.36226108e+00
3.08763922e+00
1.52663147e+00
1.23373313e+00
9.20286432e-01
5.86291380e-01
2.31747974e-01
-1.43343789e-01
-5.38983906e-01
-9.55172379e-01
-1.39190921e+00
6.36282535e+00
4.91049316e+00
3.43716664e+00
1.94284579e+00
4.27530608e-01
-1.10877890e+00
-2.66608274e+00
-4.24438091e+00
-5.84367340e+00
1.12619343e+01
8.65105804e+00
6.01858584e+00
3.36451768e+00
6.88853570e-01
-2.00840649e+00
-4.72726251e+00
-7.46771449e+00
-1.02297624e+01
1.62775211e+01
1.25089168e+01
8.71783452e+00
4.90427435e+00
1.06823629e+00
-2.79027968e+00
-6.67127355e+00
-1.05747453e+01
-1.45006950e+01
2.15245525e+01
1.66000225e+01
1.16515738e+01
6.67920667e+00
1.68292093e+00
-3.33728338e+00
-8.38140624e+00
-1.34494477e+01
-1.85414077e+01
2.72459352e+01
2.11698123e+01
1.50671791e+01
8.93803553e+00
2.78238160e+00
-3.39978267e+00
-9.60845730e+00
-1.58436423e+01
-2.21053376e+01
3.39430066e+01
2.67233388e+01
1.94722092e+01
1.21896179e+01
4.87556490e+00
-2.46994984e+00
-9.84692630e+00
-1.72553645e+01
-2.46952644e+01
4.26683552e+01
3.43224597e+01
2.59352403e+01
1.75066972e+01
9.03683031e+00
5.25639651e-01
-8.02687478e+00
-1.66207130e+01
-2.52558750e+01
5.56182826e+01
4.61817094e+01
3.66837272e+01
2.71243359e+01
1.75035354e+01
7.82132589e+00
-1.92229275e+00
-1.17273205e+01
-2.15937573e+01
7.73307579e+01
6.68780634e+01
5.63226618e+01
4.56645532e+01
3.49037374e+01
2.40402145e+01
1.30739846e+01
2.00504756e+00
-9.16659655e+00
1.17218221e+02
1.05903222e+02
9.44002270e+01
8.27092362e+01
7.08302494e+01
5.87632669e+01
4.65082884e+01
3.40653140e+01
2.14343438e+01
1.94843236e+02
1.82985478e+02
1.70763092e+02
1.58176081e+02
1.45224443e+02
1.31908179e+02
1.18227288e+02
1.04181771e+02
8.97716274e+01
3.50829406e+02
3.39093047e+02
3.26625757e+02
3.13427535e+02
2.99498381e+02
2.84838295e+02
2.69447278e+02
2.53325328e+02
2.36472447e+02
6.69483602e+02
6.59246570e+02
6.47518567e+02
6.34299593e+02
6.19589648e+02
6.03388731e+02
5.85696842e+02
5.66513982e+02
5.45840151e+02
1.32581958e+03
1.31994247e+03
1.31099700e+03
1.29898316e+03
1.28390097e+03
1.26575041e+03
1.24453148e+03
1.22024420e+03
1.19288854e+03
2.68315919e+03
2.68758097e+03
2.68566022e+03
2.67739694e+03
2.66279113e+03
2.64184280e+03
2.61455194e+03
2.58091855e+03
2.54094264e+03
5.49573079e+03
5.52277956e+03
5.53668927e+03
5.53745993e+03
5.52509153e+03
5.49958408e+03
5.46093757e+03
5.40915200e+03
5.34422738e+03
3.48802530e+03
3.56236026e+03
3.62781370e+03
3.68438563e+03
3.73207604e+03
3.77088495e+03
3.80081234e+03
3.82185822e+03
3.83402259e+03
-2.31723898e+03
-2.59610314e+03
-2.86695028e+03
-3.12978039e+03
-3.38459348e+03
-3.63138955e+03
-3.87016858e+03
-4.10093060e+03
-4.32367559e+03
-5.00364765e+03
-5.02662702e+03
-5.03769637e+03
-5.03685567e+03
-5.02410495e+03
-4.99944419e+03
-4.96287340e+03
-4.91439258e+03
-4.85400172e+03
-2.44958191e+03
-2.45211991e+03
-2.44891877e+03
-2.43997850e+03
-2.42529910e+03
-2.40488056e+03
-2.37872288e+03
-2.34682608e+03
-2.30919014e+03
-1.21369252e+03
-1.20695611e+03
-1.19746084e+03
-1.18520671e+03
-1.17019372e+03
-1.15242188e+03
-1.13189117e+03
-1.10860160e+03
-1.08255318e+03
-6.14474129e+02
-6.03857149e+02
-5.91920531e+02
-5.78664275e+02
-5.64088381e+02
-5.48192849e+02
-5.30977678e+02
-5.12442870e+02
-4.92588423e+02
-3.22762601e+02
-3.10870123e+02
-2.98352912e+02
-2.85210969e+02
-2.71444293e+02
-2.57052885e+02
-2.42036743e+02
-2.26395870e+02
-2.10130263e+02
-1.79571008e+02
-1.67661205e+02
-1.55462086e+02
-1.42973649e+02
-1.30195896e+02
-1.17128826e+02
-1.03772438e+02
-9.01267335e+01
-7.61917119e+01
-1.08114112e+02
-9.67947367e+01
-8.53478266e+01
-7.37733820e+01
-6.20714028e+01
-5.02418891e+01
-3.82848408e+01
-2.62002579e+01
-1.39881404e+01
-7.12967953e+01
-6.08614358e+01
-5.03764782e+01
-3.98419228e+01
-2.92577693e+01
-1.86240180e+01
-7.94066869e+00
2.79227856e+00
1.35748238e+01
-5.12073245e+01
-4.17974062e+01
-3.23753398e+01
-2.29411253e+01
-1.34947627e+01
-4.03625194e+00
5.43440689e+00
1.49172138e+01
2.44121689e+01
-3.92044207e+01
-3.08886557e+01
-2.25786172e+01
-1.42743050e+01
-5.97571914e+00
2.31714029e+00
1.06042733e+01
1.88856800e+01
2.71613603e+01
-3.11085037e+01
-2.39199403e+01
-1.67455214e+01
-9.58524707e+00
-2.43911730e+00
4.69286793e+00
1.18107086e+01
1.89144047e+01
2.60039563e+01
-2.49015173e+01
-1.88561067e+01
-1.28286872e+01
-6.81925868e+00
-8.27821255e-01
5.14562511e+00
1.11010804e+01
1.70385447e+01
2.29580178e+01
-1.96091547e+01
-1.47148532e+01
-9.84017350e+00
-4.98511555e+00
-1.49679380e-01
4.66613501e+00
9.46232761e+00
1.42388984e+01
1.89958475e+01
-1.47507162e+01
-1.10108834e+01
-7.29125590e+00
-3.59183354e+00
8.73836315e-02
3.74639563e+00
7.38520244e+00
1.10038041e+01
1.46022005e+01
-1.00976313e+01
-7.51422100e+00
-4.95110021e+00
-2.40826894e+00
1.14272814e-01
2.61652506e+00
5.09848780e+00
7.56016102e+00
1.00015447e+01
-5.54619062e+00
-4.12000962e+00
-2.71395693e+00
-1.32803257e+00
3.77634705e-02
1.38343119e+00
2.70897059e+00
4.01438167e+00
5.29966443e+00
-1.03921874e+00
-7.70643753e-01
-5.21928258e-01
-2.93072258e-01
-8.40757513e-02
1.05061262e-01
2.74338781e-01
4.23756807e-01
5.53315339e-01
3.44705748e+00
2.55790306e+00
1.64920757e+00
7.20971019e-01
-2.26806589e-01
-1.19412526e+00
-2.18098498e+00
-3.18738577e+00
-4.21332762e+00
7.93464471e+00
5.88756118e+00
3.82125383e+00
1.73572267e+00
-3.69032306e-01
-2.49301109e+00
-4.63621370e+00
-6.79864011e+00
-8.98029034e+00
1.24602689e+01
9.25588364e+00
6.03249690e+00
2.79010866e+00
-4.71281109e-01
-3.75167239e+00
-7.05106519e+00
-1.03694595e+01
-1.37068553e+01
1.70680810e+01
1.27069180e+01
8.32677845e+00
3.92766238e+00
-4.90430225e-01
-4.92749936e+00
-9.38354502e+00
-1.38585672e+01
-1.83525659e+01
2.18343978e+01
1.63178151e+01
1.07818970e+01
5.22664364e+00
-3.47945095e-01
-5.94186917e+00
-1.15551286e+01
-1.71877234e+01
-2.28396535e+01
2.69351542e+01
2.02659935e+01
1.35763290e+01
6.86616080e+00
1.35488852e-01
-6.61568684e+00
-1.33873663e+01
-2.01795494e+01
-2.69922363e+01
3.27240892e+01
2.49082355e+01
1.70690435e+01
9.20651301e+00
1.32064418e+00
-6.58856302e+00
-1.45211086e+01
-2.24769926e+01
-3.04562149e+01
3.99441086e+01
3.09934720e+01
2.20132005e+01
1.30032940e+01
3.96375264e+00
-5.10542366e+00
-1.42042349e+01
-2.33326810e+01
-3.24907621e+01
5.01427467e+01
4.00828861e+01
2.99798814e+01
1.98337324e+01
9.64443918e+00
-5.87998280e-01
-1.08635800e+01
-2.11823059e+01
-3.15441761e+01
6.65041701e+01
5.53870752e+01
4.41984119e+01
3.29381802e+01
2.16063801e+01
1.02030116e+01
-1.27192533e+00
-1.28184307e+01
-2.44365044e+01
9.56117984e+01
8.35455069e+01
7.13483702e+01
5.90203884e+01
4.65615615e+01
3.39718895e+01
2.12513724e+01
8.40001022e+00
-4.58219711e+00
1.51112878e+02
1.38321043e+02
1.25275200e+02
1.11975350e+02
9.84214926e+01
8.46136280e+01
7.05517561e+01
5.62358770e+01
4.16659906e+01
2.61270405e+02
2.48215840e+02
2.34651813e+02
2.20578323e+02
2.05995371e+02
1.90902957e+02
1.75301079e+02
1.59189740e+02
1.42568937e+02
4.84584275e+02
4.72225930e+02
4.58828770e+02
4.44392796e+02
4.28918009e+02
4.12404407e+02
3.94851991e+02
3.76260761e+02
3.56630717e+02
9.42168139e+02
9.32490466e+02
9.20677583e+02
9.06729489e+02
8.90646184e+02
8.72427669e+02
8.52073943e+02
8.29585007e+02
8.04960859e+02
6.44851152e+02
6.36721001e+02
6.27137190e+02
6.16099721e+02
6.03608593e+02
5.89663806e+02
5.74265360e+02
5.57413256e+02
5.39107493e+02
SCALARS S12 float 1
LOOKUP_TABLE default
4.65914042e+06
1.85131372e+06
1.85833940e+06
1.86536507e+06
1.87239075e+06
1.87941643e+06
1.88644211e+06
1.89346779e+06
4.80112963e+06
4.99703832e+06
1.96795390e+06
1.95786525e+06
1.94777660e+06
1.93768795e+06
1.92759930e+06
1.91751065e+06
1.90742201e+06
4.79314638e+06
5.18121386e+06
2.03003541e+06
2.00912368e+06
1.98821195e+06
1.96730022e+06
1.94638849e+06
1.92547675e+06
1.90456502e+06
4.75858706e+06
5.22288653e+06
2.04858364e+06
2.02972430e+06
2.01086497e+06
1.99200563e+06
1.97314629e+06
1.95428696e+06
1.93542762e+06
4.84173869e+06
5.28307213e+06
2.07200714e+06
2.05274725e+06
2.03348737e+06
2.01422748e+06
1.99496760e+06
1.97570771e+06
1.95644783e+06
4.89382920e+06
5.33201066e+06
2.09144360e+06
2.07224819e+06
2.05305279e+06
2.03385738e+06
2.01466198e+06
1.99546657e+06
1.97627117e+06
4.94407088e+06
5.37545949e+06
2.10861084e+06
2.08938376e+06
2.07015669e+06
2.05092961e+06
2.03170254e+06
2.01247546e+06
1.99324839e+06
4.98687965e+06
5.41189806e+06
2.12305608e+06
2.10385029e+06
2.08464449e+06
2.06543870e+06
2.04623291e+06
2.02702712e+06
2.00782133e+06
5.02374839e+06
5.44403268e+06
2.13558755e+06
2.11619297e+06
2.09679838e+06
2.07740380e+06
2.05800922e+06
2.03861464e+06
2.01922005e+06
5.05206752e+06
5.45570865e+06
2.14138499e+06
2.12316601e+06
2.10494702e+06
2.08672803e+06
2.06850905e+06
2.05029006e+06
2.03207107e+06
5.08750231e+06
5.46851876e+06
2.14667617e+06
2.12867757e+06
2.11067897e+06
2.09268037e+06
2.07468178e+06
2.05668318e+06
2.03868458e+06
5.10476646e+06
5.57293593e+06
2.18386069e+06
2.16171380e+06
2.13956692e+06
2.11742003e+06
2.09527315e+06
2.07312626e+06
2.05097937e+06
5.12534662e+06
8.99009941e+04
8.89431035e+04
8.79852130e+04
8.70273224e+04
8.60694318e+04
8.51115413e+04
8.41536507e+04
8.31957601e+04
8.22378696e+04
9.08335920e+04
8.98587375e+04
8.88838831e+04
8.79090286e+04
8.69341742e+04
8.59593197e+04
8.49844653e+04
8.40096108e+04
8.30347564e+04
9.06880505e+04
8.97697654e+04
8.88514803e+04
8.79331952e+04
8.70149101e+04
8.60966251e+04
8.51783400e+04
8.42600549e+04
8.33417698e+04
9.03553199e+04
8.95150684e+04
8.86748169e+04
8.78345654e+04
8.69943139e+04
8.61540624e+04
8.53138109e+04
8.44735594e+04
8.36333079e+04
9.01405938e+04
8.93450601e+04
8.85495264e+04
8.77539926e+04
8.69584589e+04
8.61629252e+04
8.53673914e+04
8.45718577e+04
8.37763240e+04
8.99859307e+04
8.92163777e+04
8.84468248e+04
8.76772719e+04
8.69077190e+04
8.61381660e+04
8.53686131e+04
8.45990602e+04
8.38295073e+04
8.98586537e+04
8.91045555e+04
8.83504574e+04
8.75963592e+04
8.68422611e+04
8.60881629e+04
8.53340648e+04
8.45799667e+04
8.38258685e+04
8.97408334e+04
8.89961560e+04
8.82514787e+04
8.75068013e+04
8.67621239e+04
8.60174465e+04
8.52727692e+04
8.45280918e+04
8.37834144e+04
8.96221677e+04
8.88834094e+04
8.81446510e+04
8.74058927e+04
8.66671344e+04
8.59283761e+04
8.51896178e+04
8.44508595e+04
8.37121012e+04
8.94973026e+04
8.87624935e+04
8.80276843e+04
8.72928752e+04
8.65580660e+04
8.58232569e+04
8.50884477e+04
8.43536386e+04
8.36188295e+04
8.93623536e+04
8.86303179e+04
8.78982822e+04
8.71662465e+04
8.64342108e+04
8.57021751e+04
8.49701394e+04
8.42381037e+04
8.35060680e+04
8.92146621e+04
8.84848636e+04
8.77550651e+04
8.70252665e+04
8.62954680e+04
8.55656695e+04
8.48358710e+04
8.41060724e+04
8.33762739e+04
8.90539143e+04
8.83262370e+04
8.75985597e+04
8.68708824e+04
8.61432051e+04
8.54155279e+04
8.46878506e+04
8.39601733e+04
8.32324960e+04
8.88813190e+04
8.81551800e+04
8.74290410e+04
8.67029020e+04
8.59767630e+04
8.52506240e+04
8.45244850e+04
8.37983460e+04
8.30722070e+04
8.86975532e+04
8.79718238e+04
8.72460943e+04
8.65203648e+04
8.57946353e+04
8.50689058e+04
8.43431764e+04
8.36174469e+04
8.28917174e+04
8.85018741e+04
8.77759151e+04
8.70499562e+04
8.63239973e+04
8.55980384e+04
8.48720795e+04
8.41461206e+04
8.34201616e+04
8.26942027e+04
8.82960958e+04
8.75693679e+04
8.68426399e+04
8.61159120e+04
8.53891840e+04
8.46624561e+04
8.39357281e+04
8.32090001e+04
8.24822722e+04
8.80848785e+04
8.73549501e+04
8.66250218e+04
8.58950934e+04
8.51651651e+04
8.44352367e+04
8.37053084e+04
8.29753800e+04
8.22454517e+04
8.78774607e+04
8.71394213e+04
8.64013819e+04
8.56633425e+04
8.49253030e+04
8.41872636e+04
8.34492242e+04
8.27111848e+04
8.19731454e+04
8.76879588e+04
8.69341220e+04
8.61802851e+04
8.54264483e+04
8.46726114e+04
8.39187746e+04
8.31649377e+04
8.24111008e+04
8.16572640e+04
8.75371319e+04
8.67542058e+04
8.59712797e+04
8.51883536e+04
8.44054275e+04
8.36225014e+04
8.28395754e+04
8.20566493e+04
8.12737232e+04
8.74642013e+04
8.66287418e+04
8.57932824e+04
8.49578229e+04
8.41223634e+04
8.32869040e+04
8.24514445e+04
8.16159851e+04
8.07805256e+04
8.75418185e+04
8.66125491e+04
8.56832796e+04
8.47540102e+04
8.38247407e+04
8.28954713e+04
8.19662018e+04
8.10369324e+04
8.01076629e+04
8.79066305e+04
8.68086952e+04
8.57107599e+04
8.46128246e+04
8.35148893e+04
8.24169539e+04
8.13190186e+04
8.02210833e+04
7.91231480e+04
8.76970380e+04
8.64192814e+04
8.51415247e+04
8.38637680e+04
8.25860114e+04
8.13082547e+04
8.00304981e+04
7.87527414e+04
7.74749848e+04
1.99631288e+05
1.99510569e+05
1.99389851e+05
1.99269133e+05
1.99148415e+05
1.99027697e+05
1.98906979e+05
1.98786261e+05
1.98665543e+05
1.99958513e+05
1.99664458e+05
1.99370403e+05
1.99076348e+05
1.98782292e+05
1.98488237e+05
1.98194182e+05
1.97900126e+05
1.97606071e+05
2.00253744e+05
1.99795756e+05
1.99337768e+05
1.98879779e+05
1.98421791e+05
1.97963803e+05
1.97505814e+05
1.97047826e+05
1.96589838e+05
2.00258925e+05
1.99705843e+05
1.99152761e+05
1.98599679e+05
1.98046597e+05
1.97493515e+05
1.96940433e+05
1.96387351e+05
1.95834268e+05
2.00098250e+05
1.99488183e+05
1.98878117e+05
1.98268050e+05
1.97657984e+05
1.97047918e+05
1.96437851e+05
1.95827785e+05
1.95217718e+05
1.99823008e+05
1.99182851e+05
1.98542693e+05
1.97902535e+05
1.97262377e+05
1.96622219e+05
1.95982062e+05
1.95341904e+05
1.94701746e+05
1.99471078e+05
1.98816629e+05
1.98162180e+05
1.97507731e+05
1.96853282e+05
1.96198833e+05
1.95544384e+05
1.94889934e+05
1.94235485e+05
1.99083221e+05
1.98419037e+05
1.97754854e+05
1.97090671e+05
1.96426487e+05
1.95762304e+05
1.95098121e+05
1.94433938e+05
1.93769754e+05
1.98672549e+05
1.98001396e+05
1.97330242e+05
1.96659088e+05
1.95987934e+05
1.95316780e+05
1.94645627e+05
1.93974473e+05
1.93303319e+05
1.98234985e+05
1.97562370e+05
1.96889754e+05
1.96217139e+05
1.95544524e+05
1.94871909e+05
1.94199293e+05
1.93526678e+05
1.92854063e+05
1.97767563e+05
1.97096795e+05
1.96426027e+05
1.95755259e+05
1.95084491e+05
1.94413723e+05
1.93742955e+05
1.93072187e+05
1.92401419e+05
1.97277646e+05
1.96609625e+05
1.95941603e+05
1.95273582e+05
1.94605561e+05
1.93937539e+05
1.93269518e+05
1.92601497e+05
1.91933475e+05
1.96773977e+05
1.96110554e+05
1.95447131e+05
1.94783708e+05
1.94120285e+05
1.93456862e+05
1.92793439e+05
1.92130016e+05
1.91466593e+05
1.96262687e+05
1.95604298e+05
1.94945910e+05
1.94287521e+05
1.93629132e+05
1.92970744e+05
1.92312355e+05
1.91653966e+05
1.90995578e+05
1.95733972e+05
1.95080213e+05
1.94426455e+05
1.93772696e+05
1.93118938e+05
1.92465179e+05
1.91811420e+05
1.91157662e+05
1.90503903e+05
1.95167774e+05
1.94523820e+05
1.93879866e+05
1.93235911e+05
1.92591957e+05
1.91948003e+05
1.91304049e+05
1.90660095e+05
1.90016140e+05
1.94579545e+05
1.93950666e+05
1.93321786e+05
1.92692906e+05
1.92064026e+05
1.91435147e+05
1.90806267e+05
1.90177387e+05
1.89548507e+05
1.94002480e+05
1.93383147e+05
1.92763814e+05
1.92144481e+05
1.91525148e+05
1.90905815e+05
1.90286482e+05
1.89667149e+05
1.89047816e+05
1.93424305e+05
1.92809854e+05
1.92195403e+05
1.91580952e+05
1.90966501e+05
1.90352050e+05
1.89737598e+05
1.89123147e+05
1.88508696e+05
1.92787952e+05
1.92190404e+05
1.91592855e+05
1.90995306e+05
1.90397758e+05
1.89800209e+05
1.89202661e+05
1.88605112e+05
1.88007563e+05
1.92105989e+05
1.91537026e+05
1.90968063e+05
1.90399100e+05
1.89830137e+05
1.89261175e+05
1.88692212e+05
1.88123249e+05
1.87554286e+05
1.91438701e+05
1.90890500e+05
1.90342300e+05
1.89794100e+05
1.89245900e+05
1.88697700e+05
1.88149499e+05
1.87601299e+05
1.87053099e+05
1.90756705e+05
1.90228204e+05
1.89699703e+05
1.89171202e+05
1.88642702e+05
1.88114201e+05
1.87585700e+05
1.87057199e+05
1.86528698e+05
1.89941453e+05
1.89466144e+05
1.88990834e+05
1.88515525e+05
1.88040216e+05
1.87564906e+05
1.87089597e+05
1.86614287e+05
1.86138978e+05
1.89061150e+05
1.88656918e+05
1.88252685e+05
1.87848452e+05
1.87444219e+05
1.87039987e+05
1.86635754e+05
1.86231521e+05
1.85827288e+05
1.88366680e+05
1.87998405e+05
1.87630130e+05
1.87261855e+05
1.86893580e+05
1.86525305e+05
1.86157030e+05
1.85788754e+05
1.85420479e+05
1.90495875e+06
1.85619311e+06
1.80742747e+06
1.75866183e+06
1.70989619e+06
1.66113055e+06
1.61236491e+06
1.56359927e+06
1.51483363e+06
3.60381794e+06
3.54878325e+06
3.49374855e+06
3.43871385e+06
3.38367915e+06
3.32864446e+06
3.27360976e+06
3.21857506e+06
3.16354036e+06
3.27320596e+06
3.21793016e+06
3.16265437e+06
3.10737857e+06
3.05210278e+06
2.99682698e+06
2.94155119e+06
2.88627539e+06
2.83099960e+06
2.83683488e+06
2.77929868e+06
2.72176248e+06
2.66422627e+06
2.60669007e+06
2.54915387e+06
2.49161767e+06
2.43408146e+06
2.37654526e+06
2.39298885e+06
2.33404034e+06
2.27509184e+06
2.21614333e+06
2.15719482e+06
2.09824631e+06
2.03929780e+06
1.98034929e+06
1.92140078e+06
1.93623070e+06
1.87813195e+06
1.82003320e+06
1.76193445e+06
1.70383570e+06
1.64573695e+06
1.58763820e+06
1.52953944e+06
1.47144069e+06
1.47299049e+06
1.41613451e+06
1.35927853e+06
1.30242255e+06
1.24556657e+06
1.18871060e+06
1.13185462e+06
1.07499864e+06
1.01814266e+06
1.01095073e+06
9.54130283e+05
8.97309838e+05
8.40489392e+05
7.83668946e+05
7.26848500e+05
6.70028055e+05
6.13207609e+05
5.56387163e+05
5.53699680e+05
4.95157689e+05
4.36615698e+05
3.78073707e+05
3.19531716e+05
2.60989725e+05
2.02447734e+05
1.43905743e+05
8.53637518e+04
9.29544123e+04
3.26944665e+04
-2.75654793e+04
-8.78254251e+04
-1.48085371e+05
-2.08345317e+05
-2.68605262e+05
-3.28865208e+05
-3.89125154e+05
-3.76701257e+05
-4.37212680e+05
-4.97724103e+05
-5.58235526e+05
-6.18746949e+05
-6.79258371e+05
-7.39769794e+05
-8.00281217e+05
-8.60792640e+05
-7.30226088e+05
-7.90442419e+05
-8.50658751e+05
-9.10875083e+05
-9.71091415e+05
-1.03130775e+06
-1.09152408e+06
-1.15174041e+06
-1.21195674e+06
2.37581771e+05
1.90296562e+05
1.43011353e+05
9.57261443e+04
4.84409353e+04
1.15572627e+03
-4.61294828e+04
-9.34146918e+04
-1.40699901e+05
-2.15782998e+04
-2.23462802e+04
-2.31142606e+04
-2.38822410e+04
-2.46502214e+04
-2.54182018e+04
-2.61861822e+04
-2.69541625e+04
-2.77221429e+04
-2.24578877e+04
-2.32132989e+04
-2.39687102e+04
-2.47241215e+04
-2.54795328e+04
-2.62349441e+04
-2.69903554e+04
-2.77457666e+04
-2.85011779e+04
-2.32679534e+04
-2.40033638e+04
-2.47387742e+04
-2.54741846e+04
-2.62095950e+04
-2.69450054e+04
-2.76804158e+04
-2.84158262e+04
-2.91512367e+04
-2.40303037e+04
-2.47494710e+04
-2.54686383e+04
-2.61878055e+04
-2.69069728e+04
-2.76261401e+04
-2.83453074e+04
-2.90644747e+04
-2.97836420e+04
-2.47648124e+04
-2.54729974e+04
-2.61811824e+04
-2.68893674e+04
-2.75975523e+04
-2.83057373e+04
-2.90139223e+04
-2.97221073e+04
-3.04302922e+04
-2.54994186e+04
-2.62024127e+04
-2.69054068e+04
-2.76084009e+04
-2.83113950e+04
-2.90143890e+04
-2.97173831e+04
-3.04203772e+04
-3.11233713e+04
-2.61712833e+04
-2.68775171e+04
-2.75837510e+04
-2.82899848e+04
-2.89962186e+04
-2.97024525e+04
-3.04086863e+04
-3.11149201e+04
-3.18211540e+04
-2.68276357e+04
-2.75419315e+04
-2.82562273e+04
-2.89705231e+04
-2.96848189e+04
-3.03991147e+04
-3.11134105e+04
-3.18277063e+04
-3.25420021e+04
-2.74971416e+04
-2.82198590e+04
-2.89425763e+04
-2.96652937e+04
-3.03880110e+04
-3.11107284e+04
-3.18334457e+04
-3.25561631e+04
-3.32788804e+04
-2.81283010e+04
-2.88571857e+04
-2.95860703e+04
-3.03149549e+04
-3.10438395e+04
-3.17727242e+04
-3.25016088e+04
-3.32304934e+04
-3.39593780e+04
-2.87990456e+04
-2.95278547e+04
-3.02566637e+04
-3.09854728e+04
-3.17142819e+04
-3.24430909e+04
-3.31719000e+04
-3.39007091e+04
-3.46295181e+04
-2.94832052e+04
-3.02064628e+04
-3.09297204e+04
-3.16529780e+04
-3.23762356e+04
-3.30994932e+04
-3.38227507e+04
-3.45460083e+04
-3.52692659e+04
-3.01499497e+04
-3.08654329e+04
-3.15809162e+04
-3.22963994e+04
-3.30118826e+04
-3.37273659e+04
-3.44428491e+04
-3.51583323e+04
-3.58738156e+04
-3.08276675e+04
-3.15355196e+04
-3.22433716e+04
-3.29512237e+04
-3.36590758e+04
-3.43669279e+04
-3.50747800e+04
-3.57826321e+04
-3.64904842e+04
-3.14523876e+04
-3.21557564e+04
-3.28591252e+04
-3.35624940e+04
-3.42658628e+04
-3.49692315e+04
-3.56726003e+04
-3.63759691e+04
-3.70793379e+04
-3.20675918e+04
-3.27706406e+04
-3.34736894e+04
-3.41767382e+04
-3.48797870e+04
-3.55828358e+04
-3.62858846e+04
-3.69889334e+04
-3.76919822e+04
-3.26369295e+04
-3.33437070e+04
-3.40504846e+04
-3.47572621e+04
-3.54640396e+04
-3.61708171e+04
-3.68775947e+04
-3.75843722e+04
-3.82911497e+04
-3.31752268e+04
-3.38894472e+04
-3.46036677e+04
-3.53178881e+04
-3.60321086e+04
-3.67463290e+04
-3.74605495e+04
-3.81747699e+04
-3.88889904e+04
-3.36943831e+04
-3.44180006e+04
-3.51416181e+04
-3.58652355e+04
-3.65888530e+04
-3.73124705e+04
-3.80360880e+04
-3.87597054e+04
-3.94833229e+04
-3.41735108e+04
-3.49073891e+04
-3.56412675e+04
-3.63751458e+04
-3.71090242e+04
-3.78429025e+04
-3.85767809e+04
-3.93106592e+04
-4.00445376e+04
-3.46471676e+04
-3.53904383e+04
-3.61337091e+04
-3.68769798e+04
-3.76202506e+04
-3.83635214e+04
-3.91067921e+04
-3.98500629e+04
-4.05933336e+04
-3.50958681e+04
-3.58457761e+04
-3.65956840e+04
-3.73455920e+04
-3.80955000e+04
-3.88454079e+04
-3.95953159e+04
-4.03452238e+04
-4.10951318e+04
-3.55454481e+04
-3.62975564e+04
-3.70496646e+04
-3.78017728e+04
-3.85538811e+04
-3.93059893e+04
-4.00580976e+04
-4.08102058e+04
-4.15623141e+04
-3.59920252e+04
-3.67386926e+04
-3.74853599e+04
-3.82320272e+04
-3.89786946e+04
-3.97253619e+04
-4.04720292e+04
-4.12186966e+04
-4.19653639e+04
-3.64627271e+04
-3.71917611e+04
-3.79207951e+04
-3.86498291e+04
-3.93788631e+04
-4.01078971e+04
-4.08369311e+04
-4.15659651e+04
-4.22949991e+04
-3.69816565e+04
-3.76737189e+04
-3.83657812e+04
-3.90578435e+04
-3.97499059e+04
-4.04419682e+04
-4.11340305e+04
-4.18260929e+04
-4.25181552e+04
-3.75925335e+04
-3.82164555e+04
-3.88403776e+04
-3.94642997e+04
-4.00882218e+04
-4.07121438e+04
-4.13360659e+04
-4.19599880e+04
-4.25839101e+04
-3.82836420e+04
-3.88228174e+04
-3.93619928e+04
-3.99011682e+04
-4.04403436e+04
-4.09795190e+04
-4.15186943e+04
-4.20578697e+04
-4.25970451e+04
-3.86217314e+04
-3.91037358e+04
-3.95857402e+04
-4.00677446e+04
-4.05497490e+04
-4.10317535e+04
-4.15137579e+04
-4.19957623e+04
-4.24777667e+04
-2.63172622e+06
-1.06463837e+06
-1.08752639e+06
-1.11041441e+06
-1.13330243e+06
-1.15619045e+06
-1.17907847e+06
-1.20196649e+06
-3.09429385e+06
-2.73356178e+06
-1.10073448e+06
-1.11940773e+06
-1.13808097e+06
-1.15675421e+06
-1.17542745e+06
-1.19410069e+06
-1.21277393e+06
-3.11094859e+06
-2.83809028e+06
-1.13934047e+06
-1.15524282e+06
-1.17114516e+06
-1.18704751e+06
-1.20294986e+06
-1.21885221e+06
-1.23475455e+06
-3.15947727e+06
-2.89483165e+06
-1.16169528e+06
-1.17749177e+06
-1.19328826e+06
-1.20908475e+06
-1.22488124e+06
-1.24067773e+06
-1.25647422e+06
-3.21407925e+06
-2.93721074e+06
-1.17820115e+06
-1.19372805e+06
-1.20925494e+06
-1.22478183e+06
-1.24030873e+06
-1.25583562e+06
-1.27136252e+06
-3.25100980e+06
-2.95682648e+06
-1.18624005e+06
-1.20204108e+06
-1.21784211e+06
-1.23364315e+06
-1.24944418e+06
-1.26524522e+06
-1.28104625e+06
-3.27616591e+06
-2.93136731e+06
-1.17886929e+06
-1.19737740e+06
-1.21588552e+06
-1.23439363e+06
-1.25290175e+06
-1.27140986e+06
-1.28991798e+06
-3.30541692e+06
-2.88288101e+06
-1.16241284e+06
-1.18365747e+06
-1.20490210e+06
-1.22614672e+06
-1.24739135e+06
-1.26863598e+06
-1.28988061e+06
-3.31223564e+06
-4.37857869e+04
-4.42273948e+04
-4.46690027e+04
-4.51106106e+04
-4.55522184e+04
-4.59938263e+04
-4.64354342e+04
-4.68770421e+04
-4.73186499e+04
-4.32132718e+04
-4.37253068e+04
-4.42373418e+04
-4.47493768e+04
-4.52614118e+04
-4.57734468e+04
-4.62854818e+04
-4.67975168e+04
-4.73095518e+04
-4.26616996e+04
-4.32687542e+04
-4.38758088e+04
-4.44828634e+04
-4.50899180e+04
-4.56969726e+04
-4.63040272e+04
-4.69110817e+04
-4.75181363e+04
-4.22082835e+04
-4.28852133e+04
-4.35621430e+04
-4.42390727e+04
-4.49160024e+04
-4.55929322e+04
-4.62698619e+04
-4.69467916e+04
-4.76237214e+04
-4.18495078e+04
-4.25652751e+04
-4.32810424e+04
-4.39968097e+04
-4.47125770e+04
-4.54283443e+04
-4.61441116e+04
-4.68598789e+04
-4.75756462e+04
-4.15443235e+04
-4.22788263e+04
-4.30133290e+04
-4.37478317e+04
-4.44823345e+04
-4.52168372e+04
-4.59513400e+04
-4.66858427e+04
-4.74203455e+04
-4.12583754e+04
-4.19986278e+04
-4.27388802e+04
-4.34791325e+04
-4.42193849e+04
-4.49596372e+04
-4.56998896e+04
-4.64401419e+04
-4.71803943e+04
-4.09753106e+04
-4.17132726e+04
-4.24512345e+04
-4.31891965e+04
-4.39271584e+04
-4.46651204e+04
-4.54030823e+04
-4.61410443e+04
-4.68790062e+04
-4.06836547e+04
-4.14146632e+04
-4.21456716e+04
-4.28766801e+04
-4.36076885e+04
-4.43386970e+04
-4.50697054e+04
-4.58007139e+04
-4.65317224e+04
-4.03642527e+04
-4.10866172e+04
-4.18089817e+04
-4.25313462e+04
-4.32537108e+04
-4.39760753e+04
-4.46984398e+04
-4.54208043e+04
-4.61431688e+04
-4.00241145e+04
-4.07381556e+04
-4.14521966e+04
-4.21662377e+04
-4.28802788e+04
-4.35943198e+04
-4.43083609e+04
-4.50224020e+04
-4.57364430e+04
-3.96481108e+04
-4.03561082e+04
-4.10641057e+04
-4.17721031e+04
-4.24801006e+04
-4.31880981e+04
-4.38960955e+04
-4.46040930e+04
-4.53120905e+04
-3.92326999e+04
-3.99381811e+04
-4.06436622e+04
-4.13491433e+04
-4.20546244e+04
-4.27601055e+04
-4.34655866e+04
-4.41710677e+04
-4.48765488e+04
-3.87794925e+04
-3.94870679e+04
-4.01946432e+04
-4.09022186e+04
-4.16097940e+04
-4.23173693e+04
-4.30249447e+04
-4.37325200e+04
-4.44400954e+04
-3.82794006e+04
-3.89935020e+04
-3.97076033e+04
-4.04217047e+04
-4.11358060e+04
-4.18499074e+04
-4.25640087e+04
-4.32781101e+04
-4.39922114e+04
-3.77576010e+04
-3.84821380e+04
-3.92066751e+04
-3.99312122e+04
-4.06557492e+04
-4.13802863e+04
-4.21048233e+04
-4.28293604e+04
-4.35538975e+04
-3.71924115e+04
-3.79286082e+04
-3.86648048e+04
-3.94010015e+04
-4.01371982e+04
-4.08733948e+04
-4.16095915e+04
-4.23457881e+04
-4.30819848e+04
-3.66421593e+04
-3.73862325e+04
-3.81303058e+04
-3.88743790e+04
-3.96184522e+04
-4.03625255e+04
-4.11065987e+04
-4.18506719e+04
-4.25947451e+04
-3.60923410e+04
-3.68380424e+04
-3.75837438e+04
-3.83294452e+04
-3.90751466e+04
-3.98208480e+04
-4.05665494e+04
-4.13122508e+04
-4.20579523e+04
-3.55450115e+04
-3.62863835e+04
-3.70277554e+04
-3.77691274e+04
-3.85104993e+04
-3.92518713e+04
-3.99932432e+04
-4.07346152e+04
-4.14759871e+04
-3.50055369e+04
-3.57417061e+04
-3.64778753e+04
-3.72140444e+04
-3.79502136e+04
-3.86863828e+04
-3.94225520e+04
-4.01587212e+04
-4.08948904e+04
-3.43894938e+04
-3.51303626e+04
-3.58712315e+04
-3.66121003e+04
-3.73529692e+04
-3.80938380e+04
-3.88347069e+04
-3.95755757e+04
-4.03164445e+04
-3.37031228e+04
-3.44638854e+04
-3.52246480e+04
-3.59854107e+04
-3.67461733e+04
-3.75069359e+04
-3.82676986e+04
-3.90284612e+04
-3.97892238e+04
-3.32035605e+04
-3.39865157e+04
-3.47694710e+04
-3.55524263e+04
-3.63353815e+04
-3.71183368e+04
-3.79012921e+04
-3.86842473e+04
-3.94672026e+04
-7.02669973e+04
-1.10468623e+05
-1.50670250e+05
-1.90871876e+05
-2.31073502e+05
-2.71275128e+05
-3.11476754e+05
-3.51678380e+05
-3.91880006e+05
-1.29318077e+06
-1.34703646e+06
-1.40089216e+06
-1.45474785e+06
-1.50860354e+06
-1.56245924e+06
-1.61631493e+06
-1.67017063e+06
-1.72402632e+06
-9.62534465e+05
-1.01793260e+06
-1.07333073e+06
-1.12872886e+06
-1.18412699e+06
-1.23952512e+06
-1.29492325e+06
-1.35032138e+06
-1.40571951e+06
-5.14299999e+05
-5.71464629e+05
-6.28629259e+05
-6.85793889e+05
-7.42958518e+05
-8.00123148e+05
-8.57287778e+05
-9.14452408e+05
-9.71617038e+05
-6.93777838e+04
-1.26573671e+05
-1.83769558e+05
-2.40965446e+05
-2.98161333e+05
-3.55357220e+05
-4.12553108e+05
-4.69748995e+05
-5.26944882e+05
3.71866558e+05
3.16759591e+05
2.61652624e+05
2.06545656e+05
1.51438689e+05
9.63317218e+04
4.12247545e+04
-1.38822128e+04
-6.89891801e+04
8.17812058e+05
7.64939947e+05
7.12067837e+05
6.59195726e+05
6.06323615e+05
5.53451505e+05
5.00579394e+05
4.47707283e+05
3.94835173e+05
1.27472298e+06
1.22196478e+06
1.16920659e+06
1.11644839e+06
1.06369019e+06
1.01093199e+06
9.58173792e+05
9.05415594e+05
8.52657396e+05
1.73974127e+06
1.68591504e+06
1.63208881e+06
1.57826258e+06
1.52443635e+06
1.47061012e+06
1.41678389e+06
1.36295766e+06
1.30913143e+06
2.20315055e+06
2.14945674e+06
2.09576294e+06
2.04206913e+06
1.98837533e+06
1.93468152e+06
1.88098772e+06
1.82729391e+06
1.77360011e+06
2.66762895e+06
2.61394048e+06
2.56025201e+06
2.50656354e+06
2.45287507e+06
2.39918660e+06
2.34549814e+06
2.29180967e+06
2.23812120e+06
3.02299196e+06
2.96813885e+06
2.91328575e+06
2.85843264e+06
2.80357953e+06
2.74872643e+06
2.69387332e+06
2.63902022e+06
2.58416711e+06
1.27972172e+06
1.22860902e+06
1.17749633e+06
1.12638364e+06
1.07527095e+06
1.02415826e+06
9.73045571e+05
9.21932880e+05
8.70820190e+05
1.47938501e+06
1.43365975e+06
1.38793449e+06
1.34220923e+06
1.29648397e+06
1.25075871e+06
1.20503345e+06
1.15930818e+06
1.11358292e+06
1.45966756e+05
1.45467629e+05
1.44968503e+05
1.44469376e+05
1.43970250e+05
1.43471123e+05
1.42971997e+05
1.42472871e+05
1.41973744e+05
1.46707113e+05
1.46227184e+05
1.45747256e+05
1.45267328e+05
1.44787400e+05
1.44307471e+05
1.43827543e+05
1.43347615e+05
1.42867687e+05
1.47349396e+05
1.46886074e+05
1.46422753e+05
1.45959431e+05
1.45496110e+05
1.45032788e+05
1.44569467e+05
1.44106145e+05
1.43642824e+05
1.48103178e+05
1.47626261e+05
1.47149344e+05
1.46672427e+05
1.46195511e+05
1.45718594e+05
1.45241677e+05
1.44764760e+05
1.44287843e+05
1.48942020e+05
1.48425740e+05
1.47909459e+05
1.47393179e+05
1.46876898e+05
1.46360618e+05
1.45844337e+05
1.45328057e+05
1.44811776e+05
1.49751603e+05
1.49208409e+05
1.48665215e+05
1.48122021e+05
1.47578827e+05
1.47035632e+05
1.46492438e+05
1.45949244e+05
1.45406050e+05
1.50477744e+05
1.49926301e+05
1.49374858e+05
1.48823416e+05
1.48271973e+05
1.47720530e+05
1.47169088e+05
1.46617645e+05
1.46066202e+05
1.51193587e+05
1.50631497e+05
1.50069406e+05
1.49507315e+05
1.48945225e+05
1.48383134e+05
1.47821043e+05
1.47258953e+05
1.46696862e+05
1.51927223e+05
1.51351086e+05
1.50774949e+05
1.50198813e+05
1.49622676e+05
1.49046539e+05
1.48470403e+05
1.47894266e+05
1.47318130e+05
1.52661356e+05
1.52074438e+05
1.51487520e+05
1.50900602e+05
1.50313684e+05
1.49726765e+05
1.49139847e+05
1.48552929e+05
1.47966011e+05
1.53366089e+05
1.52768483e+05
1.52170876e+05
1.51573269e+05
1.50975663e+05
1.50378056e+05
1.49780450e+05
1.49182843e+05
1.48585237e+05
1.54026623e+05
1.53424587e+05
1.52822550e+05
1.52220514e+05
1.51618477e+05
1.51016441e+05
1.50414404e+05
1.49812367e+05
1.49210331e+05
1.54661642e+05
1.54066742e+05
1.53471842e+05
1.52876942e+05
1.52282042e+05
1.51687143e+05
1.51092243e+05
1.50497343e+05
1.49902443e+05
1.55310065e+05
1.54717507e+05
1.54124949e+05
1.53532391e+05
1.52939833e+05
1.52347275e+05
1.51754718e+05
1.51162160e+05
1.50569602e+05
1.55978590e+05
1.55376145e+05
1.54773700e+05
1.54171254e+05
1.53568809e+05
1.52966364e+05
1.52363918e+05
1.51761473e+05
1.51159027e+05
1.56607674e+05
1.56002533e+05
1.55397392e+05
1.54792251e+05
1.54187110e+05
1.53581969e+05
1.52976828e+05
1.52371687e+05
1.51766546e+05
1.57194924e+05
1.56600896e+05
1.56006867e+05
1.55412839e+05
1.54818810e+05
1.54224782e+05
1.53630753e+05
1.53036725e+05
1.52442696e+05
1.57801020e+05
1.57209732e+05
1.56618444e+05
1.56027156e+05
1.55435867e+05
1.54844579e+05
1.54253291e+05
1.53662003e+05
1.53070715e+05
1.58437429e+05
1.57834743e+05
1.57232057e+05
1.56629372e+05
1.56026686e+05
1.55424000e+05
1.54821314e+05
1.54218629e+05
1.53615943e+05
1.59028584e+05
1.58424355e+05
1.57820125e+05
1.57215896e+05
1.56611666e+05
1.56007437e+05
1.55403207e+05
1.54798978e+05
1.54194748e+05
1.59561465e+05
1.58971822e+05
1.58382178e+05
1.57792535e+05
1.57202892e+05
1.56613248e+05
1.56023605e+05
1.55433962e+05
1.54844319e+05
1.60100367e+05
1.59519079e+05
1.58937792e+05
1.58356504e+05
1.57775217e+05
1.57193929e+05
1.56612642e+05
1.56031354e+05
1.55450067e+05
1.60646761e+05
1.60065871e+05
1.59484981e+05
1.58904091e+05
1.58323201e+05
1.57742310e+05
1.57161420e+05
1.56580530e+05
1.55999640e+05
1.61107763e+05
1.60547951e+05
1.59988139e+05
1.59428327e+05
1.58868515e+05
1.58308704e+05
1.57748892e+05
1.57189080e+05
1.56629268e+05
1.61420755e+05
1.60918292e+05
1.60415830e+05
1.59913367e+05
1.59410905e+05
1.58908442e+05
1.58405980e+05
1.57903518e+05
1.57401055e+05
1.61568791e+05
1.61160727e+05
1.60752663e+05
1.60344600e+05
1.59936536e+05
1.59528472e+05
1.59120408e+05
1.58712344e+05
1.58304281e+05
1.61430995e+05
1.61184548e+05
1.60938102e+05
1.60691655e+05
1.60445208e+05
1.60198762e+05
1.59952315e+05
1.59705868e+05
1.59459422e+05
1.61427992e+05
1.61356669e+05
1.61285346e+05
1.61214023e+05
1.61142701e+05
1.61071378e+05
1.61000055e+05
1.60928732e+05
1.60857409e+05
5.07739032e+04
4.94698830e+04
4.81658627e+04
4.68618424e+04
4.55578221e+04
4.42538018e+04
4.29497815e+04
4.16457612e+04
4.03417409e+04
5.05325834e+04
4.94128654e+04
4.82931474e+04
4.71734294e+04
4.60537114e+04
4.49339934e+04
4.38142754e+04
4.26945574e+04
4.15748394e+04
5.02836778e+04
4.93394766e+04
4.83952753e+04
4.74510741e+04
4.65068729e+04
4.55626717e+04
4.46184705e+04
4.36742693e+04
4.27300681e+04
5.03331624e+04
4.94875933e+04
4.86420243e+04
4.77964552e+04
4.69508861e+04
4.61053170e+04
4.52597479e+04
4.44141789e+04
4.35686098e+04
5.05447503e+04
4.97539241e+04
4.89630978e+04
4.81722716e+04
4.73814454e+04
4.65906191e+04
4.57997929e+04
4.50089666e+04
4.42181404e+04
5.08443107e+04
5.00827859e+04
4.93212612e+04
4.85597365e+04
4.77982118e+04
4.70366871e+04
4.62751624e+04
4.55136376e+04
4.47521129e+04
5.11915938e+04
5.04440813e+04
4.96965688e+04
4.89490563e+04
4.82015438e+04
4.74540313e+04
4.67065188e+04
4.59590062e+04
4.52114937e+04
5.15574159e+04
5.08155016e+04
5.00735874e+04
4.93316731e+04
4.85897589e+04
4.78478446e+04
4.71059304e+04
4.63640161e+04
4.56221019e+04
5.19243843e+04
5.11847993e+04
5.04452142e+04
4.97056292e+04
4.89660441e+04
4.82264591e+04
4.74868740e+04
4.67472890e+04
4.60077039e+04
5.22931043e+04
5.15533408e+04
5.08135773e+04
5.00738138e+04
4.93340503e+04
4.85942868e+04
4.78545233e+04
4.71147597e+04
4.63749962e+04
5.26665214e+04
5.19218395e+04
5.11771576e+04
5.04324757e+04
4.96877937e+04
4.89431118e+04
4.81984299e+04
4.74537480e+04
4.67090661e+04
5.30275855e+04
5.22759185e+04
5.15242515e+04
5.07725845e+04
5.00209175e+04
4.92692505e+04
4.85175835e+04
4.77659165e+04
4.70142495e+04
5.33656575e+04
5.26115480e+04
5.18574384e+04
5.11033289e+04
5.03492193e+04
4.95951098e+04
4.88410002e+04
4.80868907e+04
4.73327811e+04
5.36892923e+04
5.29354863e+04
5.21816804e+04
5.14278744e+04
5.06740684e+04
4.99202625e+04
4.91664565e+04
4.84126506e+04
4.76588446e+04
5.40121721e+04
5.32531250e+04
5.24940780e+04
5.17350309e+04
5.09759839e+04
5.02169368e+04
4.94578898e+04
4.86988427e+04
4.79397957e+04
5.43281630e+04
5.35608614e+04
5.27935599e+04
5.20262583e+04
5.12589567e+04
5.04916552e+04
4.97243536e+04
4.89570521e+04
4.81897505e+04
5.46178414e+04
5.38505788e+04
5.30833162e+04
5.23160535e+04
5.15487909e+04
5.07815283e+04
5.00142657e+04
4.92470031e+04
4.84797405e+04
5.48762974e+04
5.41158630e+04
5.33554286e+04
5.25949942e+04
5.18345598e+04
5.10741254e+04
5.03136910e+04
4.95532566e+04
4.87928222e+04
5.51176697e+04
5.43585590e+04
5.35994483e+04
5.28403377e+04
5.20812270e+04
5.13221163e+04
5.05630056e+04
4.98038950e+04
4.90447843e+04
5.53998460e+04
5.46329427e+04
5.38660393e+04
5.30991360e+04
5.23322326e+04
5.15653293e+04
5.07984260e+04
5.00315226e+04
4.92646193e+04
5.57152529e+04
5.49346788e+04
5.41541046e+04
5.33735305e+04
5.25929563e+04
5.18123822e+04
5.10318081e+04
5.02512339e+04
4.94706598e+04
5.59990421e+04
5.52040881e+04
5.44091341e+04
5.36141801e+04
5.28192261e+04
5.20242722e+04
5.12293182e+04
5.04343642e+04
4.96394102e+04
5.62546841e+04
5.54517547e+04
5.46488254e+04
5.38458960e+04
5.30429667e+04
5.22400373e+04
5.14371079e+04
5.06341786e+04
4.98312492e+04
5.65209573e+04
5.57105340e+04
5.49001107e+04
5.40896874e+04
5.32792641e+04
5.24688408e+04
5.16584175e+04
5.08479942e+04
5.00375709e+04
5.68278293e+04
5.59920762e+04
5.51563232e+04
5.43205701e+04
5.34848171e+04
5.26490641e+04
5.18133110e+04
5.09775580e+04
5.01418049e+04
5.72341839e+04
5.63463826e+04
5.54585814e+04
5.45707802e+04
5.36829789e+04
5.27951777e+04
5.19073765e+04
5.10195752e+04
5.01317740e+04
5.77835950e+04
5.68135982e+04
5.58436014e+04
5.48736047e+04
5.39036079e+04
5.29336111e+04
5.19636143e+04
5.09936175e+04
5.00236208e+04
5.81528104e+04
5.71128119e+04
5.60728133e+04
5.50328148e+04
5.39928163e+04
5.29528178e+04
5.19128193e+04
5.08728208e+04
4.98328223e+04
5.79531878e+04
5.69034139e+04
5.58536401e+04
5.48038663e+04
5.37540924e+04
5.27043186e+04
5.16545448e+04
5.06047709e+04
4.95549971e+04
3.62161883e+06
1.41274780e+06
1.39190320e+06
1.37105860e+06
1.35021400e+06
1.32936940e+06
1.30852480e+06
1.28768020e+06
3.20034878e+06
3.62650081e+06
1.41887486e+06
1.40222482e+06
1.38557478e+06
1.36892474e+06
1.35227470e+06
1.33562467e+06
1.31897463e+06
3.29000298e+06
3.73476688e+06
1.46057407e+06
1.44276689e+06
1.42495970e+06
1.40715252e+06
1.38934533e+06
1.37153814e+06
1.35373096e+06
3.37488306e+06
3.84783934e+06
1.50356715e+06
1.48399411e+06
1.46442106e+06
1.44484802e+06
1.42527497e+06
1.40570193e+06
1.38612888e+06
3.45226743e+06
3.94345843e+06
1.54144063e+06
1.52189092e+06
1.50234120e+06
1.48279149e+06
1.46324177e+06
1.44369206e+06
1.42414234e+06
3.54835805e+06
4.04492037e+06
1.58122553e+06
1.56129771e+06
1.54136989e+06
1.52144208e+06
1.50151426e+06
1.48158644e+06
1.46165862e+06
3.64217853e+06
4.14773652e+06
1.62161780e+06
1.60138320e+06
1.58114861e+06
1.56091402e+06
1.54067942e+06
1.52044483e+06
1.50021023e+06
3.73879469e+06
4.25461529e+06
1.66351913e+06
1.64287866e+06
1.62223819e+06
1.60159772e+06
1.58095725e+06
1.56031678e+06
1.53967631e+06
3.83747068e+06
4.36060957e+06
1.70548283e+06
1.68484897e+06
1.66421510e+06
1.64358124e+06
1.62294737e+06
1.60231351e+06
1.58167964e+06
3.94359847e+06
4.49678094e+06
1.75692217e+06
1.73382516e+06
1.71072815e+06
1.68763115e+06
1.66453414e+06
1.64143714e+06
1.61834013e+06
4.02998966e+06
4.51735285e+06
1.77332818e+06
1.75849393e+06
1.74365969e+06
1.72882544e+06
1.71399120e+06
1.69915695e+06
1.68432271e+06
4.21755226e+06
4.42787552e+06
1.75358115e+06
1.75441885e+06
1.75525655e+06
1.75609425e+06
1.75693195e+06
1.75776965e+06
1.75860735e+06
4.44480547e+06
4.45079620e+06
1.76995561e+06
1.77809477e+06
1.78623394e+06
1.79437310e+06
1.80251227e+06
1.81065143e+06
1.81879060e+06
4.61528902e+06
1.09724259e+05
1.10275341e+05
1.10826424e+05
1.11377507e+05
1.11928589e+05
1.12479672e+05
1.13030754e+05
1.13581837e+05
1.14132920e+05
1.12735959e+05
1.12932692e+05
1.13129426e+05
1.13326160e+05
1.13522894e+05
1.13719627e+05
1.13916361e+05
1.14113095e+05
1.14309829e+05
1.14109030e+05
1.13989757e+05
1.13870484e+05
1.13751210e+05
1.13631937e+05
1.13512664e+05
1.13393391e+05
1.13274117e+05
1.13154844e+05
1.14827391e+05
1.14553172e+05
1.14278953e+05
1.14004733e+05
1.13730514e+05
1.13456294e+05
1.13182075e+05
1.12907856e+05
1.12633636e+05
1.15219592e+05
1.14869350e+05
1.14519108e+05
1.14168866e+05
1.13818623e+05
1.13468381e+05
1.13118139e+05
1.12767897e+05
1.12417655e+05
1.15446608e+05
1.15059022e+05
1.14671437e+05
1.14283852e+05
1.13896266e+05
1.13508681e+05
1.13121096e+05
1.12733510e+05
1.12345925e+05
1.15587290e+05
1.15181328e+05
1.14775366e+05
1.14369404e+05
1.13963442e+05
1.13557481e+05
1.13151519e+05
1.12745557e+05
1.12339595e+05
1.15680226e+05
1.15265207e+05
1.14850189e+05
1.14435170e+05
1.14020152e+05
1.13605133e+05
1.13190114e+05
1.12775096e+05
1.12360077e+05
1.15744227e+05
1.15324769e+05
1.14905310e+05
1.14485852e+05
1.14066394e+05
1.13646936e+05
1.13227478e+05
1.12808020e+05
1.12388561e+05
1.15788308e+05
1.15366774e+05
1.14945239e+05
1.14523705e+05
1.14102170e+05
1.13680635e+05
1.13259101e+05
1.12837566e+05
1.12416031e+05
1.15816479e+05
1.15394229e+05
1.14971979e+05
1.14549729e+05
1.14127479e+05
1.13705229e+05
1.13282979e+05
1.12860729e+05
1.12438479e+05
1.15829866e+05
1.15407980e+05
1.14986093e+05
1.14564207e+05
1.14142321e+05
1.13720435e+05
1.13298549e+05
1.12876663e+05
1.12454777e+05
1.15827313e+05
1.15407159e+05
1.14987005e+05
1.14566851e+05
1.14146697e+05
1.13726543e+05
1.13306389e+05
1.12886235e+05
1.12466081e+05
1.15804773e+05
1.15388731e+05
1.14972689e+05
1.14556647e+05
1.14140606e+05
1.13724564e+05
1.13308522e+05
1.12892480e+05
1.12476439e+05
1.15753152e+05
1.15345876e+05
1.14938600e+05
1.14531324e+05
1.14124048e+05
1.13716771e+05
1.13309495e+05
1.12902219e+05
1.12494943e+05
1.15653490e+05
1.15264373e+05
1.14875256e+05
1.14486139e+05
1.14097023e+05
1.13707906e+05
1.13318789e+05
1.12929672e+05
1.12540556e+05
1.15466884e+05
1.15115045e+05
1.14763207e+05
1.14411369e+05
1.14059531e+05
1.13707693e+05
1.13355854e+05
1.13004016e+05
1.12652178e+05
1.15113846e+05
1.14838278e+05
1.14562709e+05
1.14287141e+05
1.14011572e+05
1.13736004e+05
1.13460435e+05
1.13184867e+05
1.12909298e+05
1.14432107e+05
1.14312367e+05
1.14192627e+05
1.14072887e+05
1.13953147e+05
1.13833407e+05
1.13713667e+05
1.13593927e+05
1.13474187e+05
1.13090471e+05
1.13288917e+05
1.13487363e+05
1.13685809e+05
1.13884255e+05
1.14082701e+05
1.14281146e+05
1.14479592e+05
1.14678038e+05
1.10098571e+05
1.10653944e+05
1.11209317e+05
1.11764690e+05
1.12320064e+05
1.12875437e+05
1.13430810e+05
1.13986183e+05
1.14541557e+05
1.56965963e+05
1.56477215e+05
1.55988467e+05
1.55499718e+05
1.55010970e+05
1.54522222e+05
1.54033474e+05
1.53544726e+05
1.53055978e+05
1.56918444e+05
1.56465201e+05
1.56011959e+05
1.55558716e+05
1.55105473e+05
1.54652230e+05
1.54198988e+05
1.53745745e+05
1.53292502e+05
1.56948494e+05
1.56526575e+05
1.56104655e+05
1.55682736e+05
1.55260817e+05
1.54838898e+05
1.54416978e+05
1.53995059e+05
1.53573140e+05
1.57033057e+05
1.56626094e+05
1.56219132e+05
1.55812169e+05
1.55405207e+05
1.54998244e+05
1.54591282e+05
1.54184319e+05
1.53777357e+05
1.57138194e+05
1.56738306e+05
1.56338418e+05
1.55938531e+05
1.55538643e+05
1.55138755e+05
1.54738867e+05
1.54338979e+05
1.53939091e+05
1.57247557e+05
1.56850949e+05
1.56454341e+05
1.56057733e+05
1.55661125e+05
1.55264517e+05
1.54867909e+05
1.54471301e+05
1.54074693e+05
1.57353270e+05
1.56958116e+05
1.56562962e+05
1.56167807e+05
1.55772653e+05
1.55377499e+05
1.54982345e+05
1.54587191e+05
1.54192036e+05
1.57451541e+05
1.57056963e+05
1.56662385e+05
1.56267806e+05
1.55873228e+05
1.55478649e+05
1.55084071e+05
1.54689493e+05
1.54294914e+05
1.57540543e+05
1.57146119e+05
1.56751696e+05
1.56357272e+05
1.55962848e+05
1.55568425e+05
1.55174001e+05
1.54779578e+05
1.54385154e+05
1.57619395e+05
1.57224925e+05
1.56830455e+05
1.56435985e+05
1.56041515e+05
1.55647046e+05
1.55252576e+05
1.54858106e+05
1.54463636e+05
1.57687672e+05
1.57293061e+05
1.56898450e+05
1.56503839e+05
1.56109228e+05
1.55714618e+05
1.55320007e+05
1.54925396e+05
1.54530785e+05
1.57745170e+05
1.57350374e+05
1.56955579e+05
1.56560783e+05
1.56165988e+05
1.55771192e+05
1.55376396e+05
1.54981601e+05
1.54586805e+05
1.57791790e+05
1.57396791e+05
1.57001792e+05
1.56606792e+05
1.56211793e+05
1.55816794e+05
1.55421794e+05
1.55026795e+05
1.54631796e+05
1.57827486e+05
1.57432276e+05
1.57037065e+05
1.56641855e+05
1.56246645e+05
1.55851434e+05
1.55456224e+05
1.55061013e+05
1.54665803e+05
1.57852234e+05
1.57456811e+05
1.57061388e+05
1.56665965e+05
1.56270542e+05
1.55875119e+05
1.55479696e+05
1.55084273e+05
1.54688850e+05
1.57866022e+05
1.57470388e+05
1.57074754e+05
1.56679120e+05
1.56283486e+05
1.55887852e+05
1.55492218e+05
1.55096584e+05
1.54700950e+05
1.57868844e+05
1.57473002e+05
1.57077160e+05
1.56681318e+05
1.56285476e+05
1.55889634e+05
1.55493792e+05
1.55097951e+05
1.54702109e+05
1.57860695e+05
1.57464649e+05
1.57068604e+05
1.56672558e+05
1.56276512e+05
1.55880467e+05
1.55484421e+05
1.55088376e+05
1.54692330e+05
1.57841569e+05
1.57445325e+05
1.57049082e+05
1.56652838e+05
1.56256595e+05
1.55860351e+05
1.55464108e+05
1.55067864e+05
1.54671621e+05
1.57811454e+05
1.57415021e+05
1.57018589e+05
1.56622156e+05
1.56225723e+05
1.55829291e+05
1.55432858e+05
1.55036426e+05
1.54639993e+05
1.57770325e+05
1.57373719e+05
1.56977112e+05
1.56580505e+05
1.56183898e+05
1.55787291e+05
1.55390684e+05
1.54994078e+05
1.54597471e+05
1.57718135e+05
1.57321381e+05
1.56924627e+05
1.56527873e+05
1.56131119e+05
1.55734365e+05
1.55337611e+05
1.54940857e+05
1.54544103e+05
1.57654782e+05
1.57257933e+05
1.56861084e+05
1.56464235e+05
1.56067386e+05
1.55670537e+05
1.55273688e+05
1.54876839e+05
1.54479990e+05
1.57580059e+05
1.57183219e+05
1.56786379e+05
1.56389539e+05
1.55992699e+05
1.55595859e+05
1.55199019e+05
1.54802179e+05
1.54405339e+05
1.57493535e+05
1.57096916e+05
1.56700297e+05
1.56303678e+05
1.55907059e+05
1.55510440e+05
1.55113821e+05
1.54717202e+05
1.54320583e+05
1.57394310e+05
1.56998348e+05
1.56602387e+05
1.56206426e+05
1.55810464e+05
1.55414503e+05
1.55018542e+05
1.54622580e+05
1.54226619e+05
1.57280523e+05
1.56886122e+05
1.56491720e+05
1.56097318e+05
1.55702916e+05
1.55308514e+05
1.54914112e+05
1.54519711e+05
1.54125309e+05
1.57148310e+05
1.56757336e+05
1.56366362e+05
1.55975388e+05
1.55584414e+05
1.55193440e+05
1.54802466e+05
1.54411492e+05
1.54020517e+05
1.56989646e+05
1.56605974e+05
1.56222302e+05
1.55838630e+05
1.55454958e+05
1.55071286e+05
1.54687614e+05
1.54303942e+05
1.53920270e+05
1.56787871e+05
1.56419541e+05
1.56051210e+05
1.55682879e+05
1.55314548e+05
1.54946218e+05
1.54577887e+05
1.54209556e+05
1.53841225e+05
1.56508401e+05
1.56172097e+05
1.55835793e+05
1.55499489e+05
1.55163185e+05
1.54826881e+05
1.54490577e+05
1.54154273e+05
1.53817969e+05
1.56079441e+05
1.55809797e+05
1.55540154e+05
1.55270511e+05
1.55000867e+05
1.54731224e+05
1.54461581e+05
1.54191937e+05
1.53922294e+05
1.55351952e+05
1.55220863e+05
1.55089774e+05
1.54958685e+05
1.54827596e+05
1.54696507e+05
1.54565418e+05
1.54434329e+05
1.54303240e+05
1.54562325e+05
1.54587915e+05
1.54613505e+05
1.54639094e+05
1.54664684e+05
1.54690273e+05
1.54715863e+05
1.54741453e+05
1.54767042e+05
2.09395662e+05
2.09382453e+05
2.09369244e+05
2.09356035e+05
2.09342826e+05
2.09329617e+05
2.09316409e+05
2.09303200e+05
2.09289991e+05
2.10055462e+05
2.09899959e+05
2.09744455e+05
2.09588952e+05
2.09433448e+05
2.09277945e+05
2.09122441e+05
2.08966938e+05
2.08811434e+05
2.10730302e+05
2.10448711e+05
2.10167121e+05
2.09885530e+05
2.09603940e+05
2.09322349e+05
2.09040758e+05
2.08759168e+05
2.08477577e+05
2.11133840e+05
2.10791269e+05
2.10448697e+05
2.10106126e+05
2.09763554e+05
2.09420983e+05
2.09078412e+05
2.08735840e+05
2.08393269e+05
2.11400727e+05
2.11028618e+05
2.10656510e+05
2.10284401e+05
2.09912292e+05
2.09540184e+05
2.09168075e+05
2.08795966e+05
2.08423858e+05
2.11595998e+05
2.11209537e+05
2.10823076e+05
2.10436615e+05
2.10050153e+05
2.09663692e+05
2.09277231e+05
2.08890770e+05
2.08504309e+05
2.11751065e+05
2.11357583e+05
2.10964101e+05
2.10570620e+05
2.10177138e+05
2.09783656e+05
2.09390174e+05
2.08996692e+05
2.08603211e+05
2.11881098e+05
2.11484135e+05
2.11087172e+05
2.10690209e+05
2.10293245e+05
2.09896282e+05
2.09499319e+05
2.09102355e+05
2.08705392e+05
2.11993426e+05
2.11594688e+05
2.11195951e+05
2.10797213e+05
2.10398476e+05
2.09999738e+05
2.09601001e+05
2.09202263e+05
2.08803526e+05
2.12091585e+05
2.11691897e+05
2.11292208e+05
2.10892519e+05
2.10492830e+05
2.10093141e+05
2.09693452e+05
2.09293763e+05
2.08894074e+05
2.12177286e+05
2.11777041e+05
2.11376797e+05
2.10976552e+05
2.10576307e+05
2.10176062e+05
2.09775817e+05
2.09375572e+05
2.08975327e+05
2.12251355e+05
2.11850743e+05
2.11450131e+05
2.11049519e+05
2.10648907e+05
2.10248295e+05
2.09847683e+05
2.09447070e+05
2.09046458e+05
2.12314190e+05
2.11913300e+05
2.11512410e+05
2.11111520e+05
2.10710630e+05
2.10309740e+05
2.09908850e+05
2.09507960e+05
2.09107070e+05
2.12365985e+05
2.11964858e+05
2.11563731e+05
2.11162604e+05
2.10761476e+05
2.10360349e+05
2.09959222e+05
2.09558095e+05
2.09156968e+05
2.12406833e+05
2.12005486e+05
2.11604139e+05
2.11202793e+05
2.10801446e+05
2.10400099e+05
2.09998753e+05
2.09597406e+05
2.09196059e+05
2.12436777e+05
2.12035218e+05
2.11633658e+05
2.11232098e+05
2.10830539e+05
2.10428979e+05
2.10027420e+05
2.09625860e+05
2.09224300e+05
2.12455840e+05
2.12054069e+05
2.11652297e+05
2.11250526e+05
2.10848755e+05
2.10446984e+05
2.10045212e+05
2.09643441e+05
2.09241670e+05
2.12464030e+05
2.12062046e+05
2.11660062e+05
2.11258078e+05
2.10856094e+05
2.10454110e+05
2.10052126e+05
2.09650142e+05
2.09248158e+05
2.12461353e+05
2.12059154e+05
2.11656955e+05
2.11254755e+05
2.10852556e+05
2.10450357e+05
2.10048158e+05
2.09645959e+05
2.09243759e+05
2.12447810e+05
2.12045393e+05
2.11642976e+05
2.11240559e+05
2.10838142e+05
2.10435725e+05
2.10033308e+05
2.09630891e+05
2.09228474e+05
2.12423397e+05
2.12020760e+05
2.11618124e+05
2.11215487e+05
2.10812850e+05
2.10410214e+05
2.10007577e+05
2.09604940e+05
2.09202303e+05
2.12388108e+05
2.11985251e+05
2.11582395e+05
2.11179538e+05
2.10776682e+05
2.10373826e+05
2.09970969e+05
2.09568113e+05
2.09165256e+05
2.12341924e+05
2.11938853e+05
2.11535781e+05
2.11132709e+05
2.10729637e+05
2.10326565e+05
2.09923493e+05
2.09520422e+05
2.09117350e+05
2.12284813e+05
2.11881539e+05
2.11478264e+05
2.11074990e+05
2.10671715e+05
2.10268441e+05
2.09865166e+05
2.09461892e+05
2.09058617e+05
2.12216704e+05
2.11813257e+05
2.11409810e+05
2.11006363e+05
2.10602916e+05
2.10199470e+05
2.09796023e+05
2.09392576e+05
2.08989129e+05
2.12137451e+05
2.11733898e+05
2.11330346e+05
2.10926793e+05
2.10523241e+05
2.10119688e+05
2.09716136e+05
2.09312584e+05
2.08909031e+05
2.12046749e+05
2.11643234e+05
2.11239719e+05
2.10836204e+05
2.10432689e+05
2.10029173e+05
2.09625658e+05
2.09222143e+05
2.08818628e+05
2.11943971e+05
2.11540793e+05
2.11137615e+05
2.10734437e+05
2.10331259e+05
2.09928082e+05
2.09524904e+05
2.09121726e+05
2.08718548e+05
2.11827812e+05
2.11425597e+05
2.11023382e+05
2.10621168e+05
2.10218953e+05
2.09816739e+05
2.09414524e+05
2.09012310e+05
2.08610095e+05
2.11695577e+05
2.11295625e+05
2.10895674e+05
2.10495722e+05
2.10095770e+05
2.09695819e+05
2.09295867e+05
2.08895916e+05
2.08495964e+05
2.11541683e+05
2.11146690e+05
2.10751697e+05
2.10356704e+05
2.09961711e+05
2.09566718e+05
2.09171724e+05
2.08776731e+05
2.08381738e+05
2.11354572e+05
2.10970122e+05
2.10585673e+05
2.10201224e+05
2.09816774e+05
2.09432325e+05
2.09047875e+05
2.08663426e+05
2.08278976e+05
2.11110312e+05
2.10747974e+05
2.10385636e+05
2.10023299e+05
2.09660961e+05
2.09298623e+05
2.08936285e+05
2.08573947e+05
2.08211610e+05
2.10845069e+05
2.10507796e+05
2.10170523e+05
2.09833250e+05
2.09495977e+05
2.09158704e+05
2.08821431e+05
2.08484158e+05
2.08146885e+05
SCALARS jflag int 1
LOOKUP_TABLE default
0
0
0
1
1
1
0
0
0
0
0
0
0
0
0
0
0
0
0
0
0
0
0
0
0
0
0
0
0
0
0
0
0
0
0
0
0
0
0
0
0
0
0
0
0
0
0
0
0
0
0
0
0
0
0
0
0
0
0
0
0
0
0
0
0
0
0
0
0
0
0
0
0
0
0
0
0
0
0
0
0
0
0
0
0
0
0
0
0
0
0
0
0
0
0
0
0
0
0
0
0
0
0
0
0
0
0
0
1
1
1
1
1
1
1
1
1
1
1
1
1
1
1
1
1
1
0
0
0
0
0
0
0
0
0
0
0
0
0
0
0
0
0
0
0
0
0
0
0
0
0
0
0
0
0
0
0
0
0
0
0
0
0
0
0
0
0
0
0
0
0
0
0
0
0
0
0
0
0
0
0
0
0
0
0
0
0
0
0
0
0
0
0
0
0
0
0
0
0
0
0
0
0
0
0
0
0
0
0
0
0
0
0
0
0
0
0
0
0
0
0
0
0
0
0
0
0
0
0
0
0
0
0
0
0
0
0
0
0
0
0
0
0
0
0
0
0
0
0
0
0
0
0
0
0
0
0
0
0
0
0
0
0
0
0
0
0
0
0
0
0
0
0
0
0
0
0
0
0
0
0
0
0
0
0
0
0
0
0
0
0
0
0
0
0
0
0
0
0
0
0
0
0
0
0
0
0
0
0
0
0
0
0
0
0
0
0
0
0
0
0
0
0
0
1
1
1
1
1
1
1
1
1
1
1
1
1
1
1
1
1
1
0
0
0
0
0
0
0
0
0
0
0
0
0
0
0
0
0
0
0
0
0
0
0
0
0
0
0
0
0
0
0
0
0
0
0
0
0
0
0
0
0
0
0
0
0
0
0
0
0
0
0
0
0
0
0
0
0
0
0
0
0
0
0
0
0
0
0
0
0
0
0
0
0
0
0
0
0
0
0
0
0
0
0
0
0
0
0
0
0
0
0
0
0
0
0
0
0
0
0
0
0
0
0
0
0
0
0
0
0
0
0
0
0
0
0
0
0
0
0
0
0
0
0
0
0
0
0
0
0
0
0
0
0
0
0
0
0
0
0
0
0
0
0
0
0
0
0
0
0
0
0
0
0
0
0
0
0
0
0
0
0
0
0
0
0
0
0
0
0
0
0
1
1
1
1
1
1
1
1
1
1
1
1
1
1
1
1
1
1
0
0
0
0
0
0
0
0
0
0
0
0
0
0
0
0
0
0
1
1
1
1
1
1
1
1
1
1
1
1
1
1
1
1
1
1
1
1
1
1
1
1
1
1
1
1
1
1
1
1
1
1
1
1
1
1
1
1
1
1
1
1
1
0
0
0
0
0
0
0
0
0
1
1
1
1
1
1
1
1
1
1
1
1
1
1
1
1
1
1
0
0
0
0
0
0
0
0
0
1
1
1
1
1
1
1
1
1
1
1
1
1
1
1
1
1
1
1
1
1
1
1
1
1
1
1
0
0
0
0
0
0
0
0
0
1
1
1
1
1
1
1
1
1
1
1
1
1
1
1
1
1
1
1
1
1
1
1
1
1
1
1
1
1
1
1
1
1
1
1
1
1
1
1
1
1
1
1
1
1
1
1
1
1
1
1
1
1
1
1
1
1
1
1
1
1
1
1
1
1
1
1
1
1
1
1
1
1
1
1
1
1
1
1
1
1
1
1
1
1
1
1
1
1
1
0
0
0
0
0
0
0
0
0
1
1
1
1
1
1
1
1
1
1
1
1
1
1
1
1
1
1
1
1
1
1
1
1
1
1
1
1
1
1
1
1
1
1
1
1
1
1
1
1
1
1
1
1
1
1
1
1
1
1
1
1
1
1
1
1
1
1
1
1
1
1
1
1
1
1
1
1
1
1
1
1
1
1
1
1
1
1
1
1
1
1
1
1
1
1
1
1
1
1
1
1
1
1
1
1
1
1
1
1
1
1
1
1
1
1
1
1
1
1
1
1
1
1
1
1
1
1
1
1
1
1
1
1
1
1
1
1
1
1
1
1
1
1
1
1
1
1
1
1
1
1
1
1
1
1
1
1
1
1
1
1
1
1
1
1
1
1
1
1
1
1
1
1
1
1
1
1
1
1
1
1
1
1
1
1
1
1
1
1
1
1
1
1
1
1
1
1
1
0
0
0
0
0
0
0
0
0
0
0
0
0
0
0
0
0
0
0
0
0
0
0
0
0
0
0
0
0
0
0
0
0
0
0
0
0
0
0
0
0
0
0
0
0
0
0
0
0
0
0
0
0
0
1
1
1
1
1
1
1
1
1
1
1
1
1
1
1
1
1
1
1
1
1
1
1
1
1
1
1
1
1
1
1
1
1
1
1
1
1
1
1
1
1
1
1
1
1
1
1
1
1
1
1
1
1
1
1
1
1
1
1
1
1
1
1
1
1
1
1
1
1
1
1
1
1
1
1
1
1
1
1
1
1
1
1
1
1
1
1
1
1
1
1
1
1
1
1
1
1
1
1
1
1
1
1
1
1
1
1
1
1
1
1
1
1
1
1
1
1
1
1
1
1
1
1
1
1
1
1
1
1
1
1
1
1
1
1
1
1
1
1
1
1
1
1
1
1
1
1
1
1
1
1
1
1
1
1
1
1
1
1
1
1
1
1
1
1
1
1
1
1
1
1
1
1
1
1
1
1
1
1
1
1
1
1
1
1
1
1
1
1
1
1
1
1
1
1
1
1
1
1
1
1
1
1
1
1
1
1
1
1
1
1
1
1
1
1
1
1
1
1
1
1
1
1
1
1
1
1
1
1
1
1
1
1
1
1
1
1
1
1
1
1
1
1
0
0
0
0
0
0
0
0
0
1
1
1
1
1
1
1
1
1
1
1
1
1
1
1
1
1
1
0
0
0
0
0
0
0
0
0
1
1
1
1
1
1
1
1
1
1
1
1
1
1
1
1
1
1
0
0
0
0
0
0
0
0
0
1
1
1
1
1
1
1
1
1
1
1
1
1
1
1
1
1
1
1
1
1
1
1
1
1
1
1
1
1
1
1
1
1
1
1
1
1
1
1
1
1
1
1
1
1
1
1
1
1
1
1
1
1
1
1
1
1
1
1
1
1
1
1
1
1
1
1
1
1
1
1
1
1
1
1
1
1
1
1
1
1
0
0
0
0
0
0
0
0
0
1
1
1
1
1
1
1
1
1
1
1
1
1
1
1
1
1
1
1
1
1
1
1
1
1
1
1
0
0
0
0
0
0
0
0
0
1
1
1
1
1
1
1
1
1
1
1
1
1
1
1
1
1
1
0
0
0
0
0
0
0
0
0
0
0
0
0
0
0
0
0
0
1
1
1
1
1
1
1
1
1
1
1
1
1
1
1
1
1
1
0
0
0
0
0
0
0
0
0
1
1
1
1
1
1
1
1
1
1
1
1
1
1
1
1
1
1
0
0
0
0
0
0
0
0
0
0
0
0
0
0
0
0
0
0
1
1
1
1
1
1
1
1
1
1
1
1
1
1
1
1
1
1
0
0
0
0
0
0
0
0
0
0
0
0
0
0
0
0
0
0
0
0
0
0
0
0
0
0
0
0
0
0
0
0
0
0
0
0
0
0
0
0
0
0
0
0
0
1
1
1
1
1
1
1
1
1
1
1
1
1
1
1
2
2
2
0
0
0
0
0
0
0
0
0
0
0
0
0
0
0
0
0
0
0
0
0
0
0
0
0
0
0
0
0
0
0
0
0
0
0
0
0
0
0
0
0
0
0
0
0
0
0
0
0
0
0
0
0
0
0
0
0
0
0
0
0
0
0
0
0
0
0
0
0
0
0
0
0
0
0
0
0
0
0
0
0
0
0
0
0
0
0
0
0
0
1
1
1
1
1
1
1
1
1
1
1
1
1
1
1
1
1
1
0
0
0
0
0
0
0
0
0
0
0
0
0
0
0
0
0
0
1
1
1
1
1
1
1
1
1
1
1
1
1
1
1
1
1
1
0
0
0
0
0
0
0
0
0
1
1
1
1
1
1
1
1
1
1
1
1
1
1
1
1
1
1
0
0
0
0
0
0
0
0
0
1
1
1
1
1
1
1
1
1
1
1
1
1
1
1
1
1
1
1
1
1
1
1
1
1
1
1
1
1
1
1
1
1
1
1
1
1
1
1
1
1
1
1
1
1
1
1
1
1
1
1
1
1
1
1
1
1
1
1
1
1
1
1
1
1
1
1
1
1
1
1
1
0
0
0
0
0
0
0
0
0
0
0
0
0
0
0
0
0
0
0
0
0
0
0
0
0
0
0
0
0
0
0
0
0
0
0
0
0
0
0
0
0
0
0
0
0
0
0
0
0
0
0
0
0
0
0
0
0
0
0
0
0
0
0
0
0
0
0
0
0
0
0
0
0
0
0
0
0
0
0
0
0
0
0
0
0
0
0
0
0
0
0
0
0
0
0
0
0
0
0
0
0
1
1
1
1
1
0
0
0
0
0
0
0
0
0
0
0
3
3
3
3
3
3
3
3
1
0
0
0
0
0
0
0
0
0
0
0
0
0
0
0
0
0
0
0
0
0
0
0
0
0
0
0
0
0
0
0
0
0
0
0
0
0
0
0
0
0
0
0
0
0
0
0
0
0
0
0
0
0
0
0
0
0
0
0
0
0
0
0
0
0
0
0
0
0
0
0
0
0
0
0
0
0
0
0
0
0
0
0
0
0
0
0
0
0
0
0
0
0
0
0
0
0
0
0
0
0
0
0
0
0
0
0
0
0
0
0
0
0
0
0
0
0
0
0
0
0
0
0
0
0
0
0
0
0
0
0
0
0
0
0
0
0
0
0
0
0
0
0
0
0
0
0
0
0
0
0
0
0
0
0
0
0
0
0
0
0
0
0
0
0
0
0
0
0
0
0
3
3
3
3
3
3
3
3
3
3
3
3
3
3
3
3
3
3
0
0
0
0
0
0
0
0
0
0
0
0
0
0
0
0
0
0
0
0
0
0
0
0
0
0
0
0
0
0
0
0
0
0
0
0
0
0
0
0
0
0
0
0
0
0
0
0
0
0
0
0
0
0
0
0
0
0
0
0
0
0
0
0
0
0
0
0
0
0
0
0
0
0
0
0
0
0
0
0
0
0
0
0
0
0
0
0
0
0
0
0
0
0
0
0
0
0
0
0
0
0
0
0
0
0
0
0
0
0
0
0
0
0
0
0
0
0
0
0
0
0
0
0
0
0
0
0
0
0
0
0
0
0
0
0
0
0
0
0
0
0
0
0
0
0
0
0
0
0
0
0
0
0
0
0
0
0
0
0
0
0
0
0
0
0
0
0
0
0
0
0
0
0
0
0
0
0
0
0
0
0
0
0
0
0
0
0
0
0
0
0
0
0
0
0
0
0
0
0
0
0
0
0
0
0
0
0
0
0
0
0
0
0
0
0
0
0
0
0
0
0
0
0
0
0
0
0
0
0
0
0
0
0
0
0
0
0
0
0
0
0
0
0
0
0
0
0
0
0
0
0
0
0
0
0
0
0
0
0
0
0
0
0
0
0
0
0
0
0
0
0
0
0
0
0
0
0
0
0
0
0
0
0
0
0
0
0
3
3
3
3
3
3
3
3
3
3
3
3
3
3
3
3
3
3
0
0
0
0
0
0
0
0
0
0
0
0
0
0
0
0
0
0
0
0
0
0
0
0
0
0
0
0
0
0
0
0
0
0
0
0
0
0
0
0
0
0
0
0
0
0
0
0
0
0
0
0
0
0
0
0
0
0
0
0
0
0
0
0
0
0
0
0
0
0
0
0
0
0
0
0
0
0
0
0
0
0
0
0
0
0
0
0
0
0
0
0
0
0
0
0
0
0
0
0
0
0
0
0
0
0
0
0
0
0
0
0
0
0
0
0
0
0
0
0
0
0
0
0
0
0
0
0
0
0
0
0
0
0
0
0
0
0
0
0
0
0
0
0
0
0
0
0
0
0
0
0
0
0
0
0
0
0
0
0
0
0
0
0
0
0
0
0
0
0
0
0
0
0
0
0
0
0
0
0
0
0
0
0
0
0
0
0
0
0
0
0
0
0
0
0
0
0
0
0
0
0
0
0
0
0
0
0
0
0
0
0
0
0
0
0
0
0
0
0
0
0
0
0
0
0
0
0
0
0
0
0
0
0
0
0
0
0
0
0
0
0
0
0
0
0
0
0
0
0
0
0
0
0
0
0
0
0
0
0
0
0
0
0
0
0
0
0
0
0
0
0
0
0
0
0
0
0
0
0
0
0
0
0
0
0
0
0
3
3
3
3
3
2
2
2
3
SCALARS jdist float 1
LOOKUP_TABLE default
1.08709390e+00
1.04659133e+00
1.01667350e+00
9.98292528e-01
9.92089861e-01
9.98292528e-01
1.01667350e+00
1.04659133e+00
1.08709390e+00
1.22359184e+00
1.18775302e+00
1.16147701e+00
1.14542211e+00
1.14002023e+00
1.14542211e+00
1.16147701e+00
1.18775302e+00
1.22359184e+00
3.44999798e+00
3.43714338e+00
3.42784400e+00
3.42212883e+00
3.42001583e+00
3.42151169e+00
3.42661167e+00
3.43529973e+00
3.44754873e+00
5.71903608e+00
5.71106590e+00
5.70524891e+00
5.70159171e+00
5.70009843e+00
5.60892250e+00
5.49835326e+00
5.38780632e+00
5.27728308e+00
6.56146455e+00
6.45074154e+00
6.34003212e+00
6.22933699e+00
6.11865695e+00
6.00799282e+00
5.89734549e+00
5.78671594e+00
5.67610521e+00
7.02857723e+00
6.91783744e+00
6.80710976e+00
6.69639477e+00
6.58569313e+00
6.47500552e+00
6.36433267e+00
6.25367535e+00
6.14303442e+00
6.27656788e+00
6.27330896e+00
6.27040024e+00
6.26784221e+00
6.26563530e+00
6.26377988e+00
6.26227626e+00
6.26112470e+00
6.26032539e+00
5.31504395e+00
5.31117636e+00
5.30772168e+00
5.30468072e+00
5.30205418e+00
5.29984268e+00
5.29804674e+00
5.29666679e+00
5.29570315e+00
4.35512883e+00
4.35030543e+00
4.34598441e+00
4.34216727e+00
4.33885534e+00
4.33604977e+00
4.33375156e+00
4.33196150e+00
4.33068022e+00
3.39767728e+00
3.39147609e+00
3.38591528e+00
3.38099798e+00
3.37672702e+00
3.37310486e+00
3.37013357e+00
3.36781489e+00
3.36615017e+00
1.22457017e+00
1.18876084e+00
1.16250761e+00
1.14646714e+00
1.14107021e+00
1.14646714e+00
1.16250761e+00
1.18876084e+00
1.22457017e+00
1.23629024e+00
1.20083047e+00
1.17484697e+00
1.15897730e+00
1.15363889e+00
1.15897730e+00
1.17484697e+00
1.20083047e+00
1.23629024e+00
6.55353471e-01
5.85720428e-01
5.30414955e-01
4.94270156e-01
4.81619464e-01
4.94270156e-01
5.30414955e-01
5.85720428e-01
6.55353471e-01
6.51387738e-01
5.81279822e-01
5.25507218e-01
4.88999795e-01
4.76209114e-01
4.88999795e-01
5.25507218e-01
5.81279822e-01
6.51387738e-01
1.49602680e+00
1.46687522e+00
1.44569741e+00
1.43284697e+00
1.42854864e+00
1.43287940e+00
1.44576170e+00
1.46697026e+00
1.49615105e+00
2.42191264e+00
2.40401836e+00
2.39115852e+00
2.38341462e+00
2.38083657e+00
2.38344114e+00
2.39121139e+00
2.40409723e+00
2.42201702e+00
3.36244965e+00
3.34962504e+00
3.34044901e+00
3.33495166e+00
3.33315120e+00
3.33505361e+00
3.34065258e+00
3.34992957e+00
3.36285413e+00
4.30822909e+00
4.29823098e+00
4.29108758e+00
4.28681315e+00
4.28541629e+00
4.28689979e+00
4.29126069e+00
4.29849021e+00
4.30857393e+00
5.25623820e+00
5.24805071e+00
5.24220602e+00
5.23871195e+00
5.23757322e+00
5.23879136e+00
5.24236474e+00
5.24828853e+00
5.25655479e+00
6.20563093e+00
6.19865306e+00
6.19366093e+00
6.19065934e+00
6.18965117e+00
6.19063742e+00
6.19361712e+00
6.19858740e+00
6.20554347e+00
7.15566558e+00
7.14960275e+00
7.14526280e+00
7.14264886e+00
7.14176284e+00
7.14260537e+00
7.14517585e+00
7.14947241e+00
7.15549193e+00
8.10609261e+00
8.10074063e+00
8.09691000e+00
8.09460286e+00
8.06336483e+00
7.96718395e+00
7.87139628e+00
7.77601633e+00
7.68105930e+00
8.94291240e+00
8.85065581e+00
8.75883701e+00
8.66746990e+00
8.57656893e+00
8.48614908e+00
8.39622588e+00
8.30681547e+00
8.21793459e+00
9.50374844e+00
9.41696383e+00
9.33069518e+00
9.24495693e+00
9.15976398e+00
9.07513168e+00
8.98525692e+00
8.88302845e+00
8.78101578e+00
9.98918909e+00
9.88984664e+00
9.79075717e+00
9.69192842e+00
9.59336847e+00
9.49508567e+00
9.39708873e+00
9.29938669e+00
9.20198893e+00
1.04479959e+01
1.03530049e+01
1.02583378e+01
1.01640036e+01
1.00700117e+01
9.97637172e+00
9.88309373e+00
9.79018805e+00
9.69766537e+00
1.00031002e+01
9.99819936e+00
9.99453146e+00
9.99209784e+00
9.99089939e+00
9.99093657e+00
9.99220935e+00
9.99471726e+00
9.99845939e+00
9.05240738e+00
9.04699328e+00
9.04294128e+00
9.04025319e+00
9.03893025e+00
9.03897304e+00
9.04038155e+00
9.04315514e+00
9.04729255e+00
8.10208216e+00
8.09608054e+00
8.09160036e+00
8.08864414e+00
8.08721355e+00
8.08730940e+00
8.08893164e+00
8.09207934e+00
8.09675074e+00
7.15132133e+00
7.14486094e+00
7.14012398e+00
7.13711387e+00
7.13583280e+00
7.13628169e+00
7.13846022e+00
7.14236681e+00
7.14799863e+00
6.20181713e+00
6.19439925e+00
6.18896759e+00
6.18552738e+00
6.18408194e+00
6.18463268e+00
6.18717904e+00
6.19171859e+00
6.19824693e+00
5.25315477e+00
5.24440560e+00
5.23799929e+00
5.23394443e+00
5.23224650e+00
5.23290779e+00
5.23592741e+00
5.24130128e+00
5.24902216e+00
4.30526866e+00
4.29488031e+00
4.28734731e+00
4.28268471e+00
4.28090190e+00
4.28200247e+00
4.28598421e+00
4.29283909e+00
4.30255339e+00
3.35980096e+00
3.34672208e+00
3.33729326e+00
3.33154548e+00
3.32949780e+00
3.33115704e+00
3.33651769e+00
3.34556193e+00
3.35826003e+00
2.41979250e+00
2.40161173e+00
2.38846674e+00
2.38044097e+00
2.37758626e+00
2.37992121e+00
2.38743060e+00
2.40006587e+00
2.41774664e+00
1.49535449e+00
1.46577409e+00
1.44415847e+00
1.43086864e+00
1.42613737e+00
1.43004960e+00
1.44253503e+00
1.46337422e+00
1.49221723e+00
6.50780553e-01
5.80599324e-01
5.24754399e-01
4.88190683e-01
4.75378232e-01
4.88190683e-01
5.24754399e-01
5.80599324e-01
6.50780553e-01
6.46325922e-01
5.75601810e-01
5.19219654e-01
4.82236469e-01
4.69261476e-01
4.82236469e-01
5.19219654e-01
5.75601810e-01
6.46325922e-01
1.47601011e+00
1.44643255e+00
1.42492799e+00
1.41186536e+00
1.40747972e+00
1.41185193e+00
1.42490139e+00
1.44639324e+00
1.47595874e+00
2.38744749e+00
2.36904199e+00
2.35573890e+00
2.34762495e+00
2.34475402e+00
2.34714535e+00
2.35478291e+00
2.36761591e+00
2.38556053e+00
3.31429826e+00
3.30057347e+00
3.29054538e+00
3.28424784e+00
3.28170233e+00
3.28291759e+00
3.28788944e+00
3.29660088e+00
3.30902239e+00
4.24502915e+00
4.23431295e+00
4.22649160e+00
4.22158118e+00
4.21959186e+00
4.22052776e+00
4.22438695e+00
4.23116142e+00
4.24083720e+00
5.17826437e+00
5.16946294e+00
5.16303821e+00
5.15899907e+00
5.15735113e+00
5.15809667e+00
5.16123466e+00
5.16676074e+00
5.17466726e+00
6.11411631e+00
6.10603359e+00
6.09996438e+00
6.09591471e+00
6.09388859e+00
6.09388805e+00
6.09591308e+00
6.09996168e+00
6.10602980e+00
7.04979270e+00
7.04239333e+00
7.03674085e+00
7.03283949e+00
7.03069214e+00
7.03030042e+00
7.03166463e+00
7.03478374e+00
7.03965542e+00
7.98562098e+00
7.97906415e+00
7.97405030e+00
7.97058236e+00
7.96866233e+00
7.96829134e+00
7.96946961e+00
7.97219645e+00
7.97647027e+00
8.92104174e+00
8.91513835e+00
8.91061667e+00
8.90747878e+00
8.90572616e+00
8.90535963e+00
8.90637935e+00
8.90878484e+00
8.91257499e+00
9.84673698e+00
9.84009574e+00
9.83470541e+00
9.83056806e+00
9.82768525e+00
9.82605810e+00
9.82568723e+00
9.82657279e+00
9.82871443e+00
8.91139379e+00
8.90424033e+00
8.89846863e+00
8.89408136e+00
8.89108059e+00
8.88946770e+00
8.88924347e+00
8.89040799e+00
8.89296072e+00
7.97600206e+00
7.96802799e+00
7.96159674e+00
7.95671204e+00
7.95337676e+00
7.95159283e+00
7.95136130e+00
7.95268231e+00
7.95555508e+00
7.04153891e+00
7.03291240e+00
7.02603265e+00
7.02090479e+00
7.01753266e+00
7.01591881e+00
7.01606443e+00
7.01796942e+00
7.02163235e+00
6.10427182e+00
6.09587615e+00
6.08949662e+00
6.08513955e+00
6.08280930e+00
6.08250821e+00
6.08423656e+00
6.08799263e+00
6.09377267e+00
5.17125369e+00
5.16136919e+00
5.15386171e+00
5.14874163e+00
5.14601609e+00
5.14568890e+00
5.14776050e+00
5.15222802e+00
5.15908521e+00
4.23959275e+00
4.22756974e+00
4.21844006e+00
4.21222251e+00
4.20893001e+00
4.20856941e+00
4.21114147e+00
4.21664083e+00
4.22505605e+00
3.30842601e+00
3.29431392e+00
3.28390272e+00
3.27722769e+00
3.27431167e+00
3.27516470e+00
3.27978386e+00
3.28815325e+00
3.30024436e+00
2.38187429e+00
2.36355211e+00
2.35034539e+00
2.34234063e+00
2.33959124e+00
2.34211573e+00
2.34989709e+00
2.36288340e+00
2.38098949e+00
1.47178104e+00
1.44199932e+00
1.42030842e+00
1.40708256e+00
1.40256123e+00
1.40682836e+00
1.41980472e+00
1.44125508e+00
1.47080872e+00
6.44516269e-01
5.73569061e-01
5.16965253e-01
4.79808332e-01
4.66765848e-01
4.79808332e-01
5.16965253e-01
5.73569061e-01
6.44516269e-01
6.44223388e-01
5.73239932e-01
5.16600063e-01
4.79414839e-01
4.66361350e-01
4.79414839e-01
5.16600063e-01
5.73239932e-01
6.44223388e-01
1.47150972e+00
1.44149841e+00
1.41957241e+00
1.40611000e+00
1.40135514e+00
1.40539619e+00
1.41815797e+00
1.43940856e+00
1.46877953e+00
1.47101472e+00
1.44063198e+00
1.41832580e+00
1.40448104e+00
1.39934888e+00
1.40302492e+00
1.41544054e+00
1.43636913e+00
1.46544601e+00
6.43728941e-01
5.72684203e-01
5.15983334e-01
4.78750210e-01
4.65678091e-01
4.78750210e-01
5.15983334e-01
5.72684203e-01
6.43728941e-01
6.44720860e-01
5.73798950e-01
5.17220301e-01
4.80083121e-01
4.67048310e-01
4.80083121e-01
5.17220301e-01
5.73798950e-01
6.44720860e-01
7.14126702e-01
6.50812717e-01
6.01522068e-01
5.69905046e-01
5.58968767e-01
5.69905046e-01
6.01522068e-01
6.50812717e-01
7.14126702e-01
6.03526422e-01
5.27090494e-01
4.64861263e-01
4.23153586e-01
4.08305374e-01
4.23153586e-01
4.64861263e-01
5.27090494e-01
6.03526422e-01
6.03964801e-01
5.27592387e-01
4.65430266e-01
4.23778592e-01
4.08953073e-01
4.23778592e-01
4.65430266e-01
5.27592387e-01
6.03964801e-01
1.30781792e+00
1.27420134e+00
1.24959264e+00
1.23453060e+00
1.22936619e+00
1.23422364e+00
1.24898604e+00
1.27330893e+00
1.30665851e+00
6.03854278e-01
5.27465862e-01
4.65286837e-01
4.23621062e-01
4.08789830e-01
4.23621062e-01
4.65286837e-01
5.27465862e-01
6.03854278e-01
6.02989876e-01
5.26476056e-01
4.64164456e-01
4.22387980e-01
4.07511873e-01
4.22387980e-01
4.64164456e-01
5.26476056e-01
6.02989876e-01
1.30718824e+00
1.27284418e+00
1.24748343e+00
1.23166101e+00
1.22574636e+00
1.22988244e+00
1.24396898e+00
1.26767433e+00
1.30047258e+00
6.04519471e-01
5.28227260e-01
4.66149807e-01
4.24568729e-01
4.09771799e-01
4.24568729e-01
4.66149807e-01
5.28227260e-01
6.04519471e-01
6.02439399e-01
5.25845488e-01
4.63449115e-01
4.21601761e-01
4.06696897e-01
4.21601761e-01
4.63449115e-01
5.25845488e-01
6.02439399e-01
6.04072263e-01
5.27715402e-01
4.65569705e-01
4.23931732e-01
4.09111763e-01
4.23931732e-01
4.65569705e-01
5.27715402e-01
6.04072263e-01
1.30475465e+00
1.27007450e+00
1.24438141e+00
1.22823953e+00
1.22202739e+00
1.22589595e+00
1.23975086e+00
1.26326358e+00
1.29590852e+00
6.01909032e-01
5.25237784e-01
4.62759478e-01
4.20843555e-01
4.05910851e-01
4.20843555e-01
4.62759478e-01
5.25237784e-01
6.01909032e-01
6.99627383e-01
6.34869059e-01
5.84234822e-01
5.51627855e-01
5.40321766e-01
5.51627855e-01
5.84234822e-01
6.34869059e-01
6.99627383e-01
6.44403000e-01
5.73441779e-01
5.16824031e-01
4.79656170e-01
4.66609433e-01
4.79656170e-01
5.16824031e-01
5.73441779e-01
6.44403000e-01
6.41822388e-01
5.70540292e-01
5.13602793e-01
4.76183570e-01
4.63038998e-01
4.76183570e-01
5.13602793e-01
5.70540292e-01
6.41822388e-01
6.44639872e-01
5.73707949e-01
5.17119344e-01
4.79974352e-01
4.66936505e-01
4.79974352e-01
5.17119344e-01
5.73707949e-01
6.44639872e-01
6.43337932e-01
5.72244652e-01
5.15495438e-01
4.78224329e-01
4.65137432e-01
4.78224329e-01
5.15495438e-01
5.72244652e-01
6.43337932e-01
6.40849927e-01
5.69446113e-01
5.12387041e-01
4.74872028e-01
4.61690117e-01
4.74872028e-01
5.12387041e-01
5.69446113e-01
6.40849927e-01
6.44693155e-01
5.73767820e-01
5.17185765e-01
4.80045913e-01
4.67010064e-01
4.80045913e-01
5.17185765e-01
5.73767820e-01
6.44693155e-01
6.41439632e-01
5.70109681e-01
5.13124403e-01
4.75667548e-01
4.62508311e-01
4.75667548e-01
5.13124403e-01
5.70109681e-01
6.41439632e-01
6.40198929e-01
5.68713386e-01
5.11572595e-01
4.73993126e-01
4.60786072e-01
4.73993126e-01
5.11572595e-01
5.68713386e-01
6.40198929e-01
1.46050046e+00
1.42952183e+00
1.40666097e+00
1.39231781e+00
1.38675666e+00
1.39008293e+00
1.40223337e+00
1.42298195e+00
1.45196013e+00
6.39604424e-01
5.68044071e-01
5.10828417e-01
4.73189850e-01
4.59959732e-01
4.73189850e-01
5.10828417e-01
5.68044071e-01
6.39604424e-01
6.40898923e-01
5.69501252e-01
5.12448320e-01
4.74938148e-01
4.61758124e-01
4.74938148e-01
5.12448320e-01
5.69501252e-01
6.40898923e-01
6.42090776e-01
5.70842195e-01
5.13938145e-01
4.76545255e-01
4.63410942e-01
4.76545255e-01
5.13938145e-01
5.70842195e-01
6.42090776e-01
6.39166901e-01
5.67551385e-01
5.10280491e-01
4.72598288e-01
4.59351133e-01
4.72598288e-01
5.10280491e-01
5.67551385e-01
6.39166901e-01
6.42276016e-01
5.71050547e-01
5.14169556e-01
4.76794814e-01
4.63667571e-01
4.76794814e-01
5.14169556e-01
5.71050547e-01
6.42276016e-01
6.38275207e-01
5.66546985e-01
5.09163129e-01
4.71391615e-01
4.58109567e-01
4.71391615e-01
5.09163129e-01
5.66546985e-01
6.38275207e-01
6.40125222e-01
5.68630413e-01
5.11480353e-01
4.73893568e-01
4.60683660e-01
4.73893568e-01
5.11480353e-01
5.68630413e-01
6.40125222e-01
6.38727592e-01
5.67056596e-01
5.09730113e-01
4.72003974e-01
4.58739656e-01
4.72003974e-01
5.09730113e-01
5.67056596e-01
6.38727592e-01
6.37640794e-01
5.65832156e-01
5.08367616e-01
4.70532248e-01
4.57225237e-01
4.70532248e-01
5.08367616e-01
5.65832156e-01
6.37640794e-01
6.39291274e-01
5.67691447e-01
5.10436269e-01
4.72766483e-01
4.59524176e-01
4.72766483e-01
5.10436269e-01
5.67691447e-01
6.39291274e-01
6.36629494e-01
5.64692269e-01
5.07098574e-01
4.69160875e-01
4.55813830e-01
4.69160875e-01
5.07098574e-01
5.64692269e-01
6.36629494e-01
6.38328011e-01
5.66606474e-01
5.09229321e-01
4.71463110e-01
4.58183135e-01
4.71463110e-01
5.09229321e-01
5.66606474e-01
6.38328011e-01
6.36416046e-01
5.64451619e-01
5.06830578e-01
4.68871196e-01
4.55515663e-01
4.68871196e-01
5.06830578e-01
5.64451619e-01
6.36416046e-01
6.37331880e-01
5.65484016e-01
5.07980095e-01
4.70113540e-01
4.56794331e-01
4.70113540e-01
5.07980095e-01
5.65484016e-01
6.37331880e-01
6.36112266e-01
5.64109087e-01
5.06449077e-01
4.68458782e-01
4.55091146e-01
4.68458782e-01
5.06449077e-01
5.64109087e-01
6.36112266e-01
6.36295529e-01
5.64315734e-01
5.06679240e-01
4.68707601e-01
4.55347270e-01
4.68707601e-01
5.06679240e-01
5.64315734e-01
6.36295529e-01
6.35848124e-01
5.63811212e-01
5.06117267e-01
4.68100044e-01
4.54721862e-01
4.68100044e-01
5.06117267e-01
5.63811212e-01
6.35848124e-01
6.35502927e-01
5.63421882e-01
5.05683520e-01
4.67631035e-01
4.54239041e-01
4.67631035e-01
5.05683520e-01
5.63421882e-01
6.35502927e-01
6.35428254e-01
5.63337655e-01
5.05589674e-01
4.67529551e-01
4.54134564e-01
4.67529551e-01
5.05589674e-01
5.63337655e-01
6.35428254e-01
6.39940398e-01
5.68422343e-01
5.11249025e-01
4.73643883e-01
4.60426812e-01
4.73643883e-01
5.11249025e-01
5.68422343e-01
6.39940398e-01
5.00512561e-01
4.88924198e-01
4.80475708e-01
4.75334541e-01
4.73608418e-01
4.75334541e-01
4.80475708e-01
4.88924198e-01
5.00512561e-01
1.38150346e+00
1.34986372e+00
1.32680205e+00
1.31277060e+00
1.30806000e+00
1.31277060e+00
1.32680205e+00
1.34986372e+00
1.38150346e+00
1.38134243e+00
1.34969891e+00
1.32663437e+00
1.31260113e+00
1.30788992e+00
1.31260113e+00
1.32663437e+00
1.34969891e+00
1.38134243e+00
1.36726043e+00
1.33528324e+00
1.31196529e+00
1.29777344e+00
1.29300820e+00
1.29777344e+00
1.31196529e+00
1.33528324e+00
1.36726043e+00
1.37172277e+00
1.33985208e+00
1.31661505e+00
1.30247386e+00
1.29772589e+00
1.30247386e+00
1.31661505e+00
1.33985208e+00
1.37172277e+00
1.37700838e+00
1.34526292e+00
1.32212099e+00
1.30803933e+00
1.30331163e+00
1.30803933e+00
1.32212099e+00
1.34526292e+00
1.37700838e+00
1.37849062e+00
1.34678010e+00
1.32366470e+00
1.30959964e+00
1.30487759e+00
1.30959964e+00
1.32366470e+00
1.34678010e+00
1.37849062e+00
4.99870672e-01
4.88267075e-01
4.79807014e-01
4.74658605e-01
4.72930014e-01
4.74658605e-01
4.79807014e-01
4.88267075e-01
4.99870672e-01
6.36088115e-01
5.64081854e-01
5.06418742e-01
4.68425987e-01
4.55057388e-01
4.68425987e-01
5.06418742e-01
5.64081854e-01
6.36088115e-01
6.31733421e-01
5.59166668e-01
5.00938087e-01
4.62495330e-01
4.48950166e-01
4.62495330e-01
5.00938087e-01
5.59166668e-01
6.31733421e-01
6.31980706e-01
5.59446029e-01
5.01249902e-01
4.62833045e-01
4.49298062e-01
4.62833045e-01
5.01249902e-01
5.59446029e-01
6.31980706e-01
6.31549693e-01
5.58959088e-01
5.00706368e-01
4.62244340e-01
4.48691599e-01
4.62244340e-01
5.00706368e-01
5.58959088e-01
6.31549693e-01
6.31716424e-01
5.59147465e-01
5.00916652e-01
4.62472113e-01
4.48926248e-01
4.62472113e-01
5.00916652e-01
5.59147465e-01
6.31716424e-01
6.32567190e-01
5.60108469e-01
5.01989145e-01
4.63633546e-01
4.50122634e-01
4.63633546e-01
5.01989145e-01
5.60108469e-01
6.32567190e-01
6.33492180e-01
5.61152910e-01
5.03154244e-01
4.64894780e-01
4.51421618e-01
4.64894780e-01
5.03154244e-01
5.61152910e-01
6.33492180e-01
6.33906613e-01
5.61620727e-01
5.03675933e-01
4.65459353e-01
4.52003020e-01
4.65459353e-01
5.03675933e-01
5.61620727e-01
6.33906613e-01
6.35366401e-01
5.63267886e-01
5.05511934e-01
4.67445482e-01
4.54048015e-01
4.67445482e-01
5.05511934e-01
5.63267886e-01
6.35366401e-01
6.34582872e-01
5.62383915e-01
5.04526781e-01
4.66379927e-01
4.52950943e-01
4.66379927e-01
5.04526781e-01
5.62383915e-01
6.34582872e-01
6.35788657e-01
5.63744148e-01
5.06042556e-01
4.68019264e-01
4.54638706e-01
4.68019264e-01
5.06042556e-01
5.63744148e-01
6.35788657e-01
6.36285851e-01
5.64304821e-01
5.06667086e-01
4.68694463e-01
4.55333746e-01
4.68694463e-01
5.06667086e-01
5.64304821e-01
6.36285851e-01
6.36636308e-01
5.64699952e-01
5.07107129e-01
4.69170122e-01
4.55823348e-01
4.69170122e-01
5.07107129e-01
5.64699952e-01
6.36636308e-01
6.37807724e-01
5.66020265e-01
5.08576980e-01
4.70758439e-01
4.57458008e-01
4.70758439e-01
5.08576980e-01
5.66020265e-01
6.37807724e-01
6.36840158e-01
5.64929760e-01
5.07363025e-01
4.69446698e-01
4.56108017e-01
4.69446698e-01
5.07363025e-01
5.64929760e-01
6.36840158e-01
6.39681077e-01
5.68130379e-01
5.10924390e-01
4.73293456e-01
4.60066317e-01
4.73293456e-01
5.10924390e-01
5.68130379e-01
6.39681077e-01
6.37287801e-01
5.65434336e-01
5.07924791e-01
4.70053781e-01
4.56732830e-01
4.70053781e-01
5.07924791e-01
5.65434336e-01
6.37287801e-01
6.39424328e-01
5.67841279e-01
5.10602902e-01
4.72946388e-01
4.59709264e-01
4.72946388e-01
5.10602902e-01
5.67841279e-01
6.39424328e-01
6.39439436e-01
5.67858292e-01
5.10621821e-01
4.72966814e-01
4.59730278e-01
4.72966814e-01
5.10621821e-01
5.67858292e-01
6.39439436e-01
6.37994006e-01
5.66230164e-01
5.08810577e-01
4.71010792e-01
4.57717694e-01
4.71010792e-01
5.08810577e-01
5.66230164e-01
6.37994006e-01
6.41309202e-01
5.69962928e-01
5.12961348e-01
4.75491648e-01
4.62327404e-01
4.75491648e-01
5.12961348e-01
5.69962928e-01
6.41309202e-01
6.38919380e-01
5.67272616e-01
5.09970417e-01
4.72263474e-01
4.59006656e-01
4.72263474e-01
5.09970417e-01
5.67272616e-01
6.38919380e-01
6.39367631e-01
5.67777434e-01
5.10531899e-01
4.72869731e-01
4.59630399e-01
4.72869731e-01
5.10531899e-01
5.67777434e-01
6.39367631e-01
5.92684184e-01
5.26981588e-01
4.74513649e-01
4.40040189e-01
4.27932343e-01
4.40040189e-01
4.74513649e-01
5.26981588e-01
5.92684184e-01
5.59187868e-01
4.75679849e-01
4.05638908e-01
3.57079664e-01
3.39352630e-01
3.57079664e-01
4.05638908e-01
4.75679849e-01
5.59187868e-01
6.16548041e-01
5.41951781e-01
4.81646487e-01
4.41527237e-01
4.27317940e-01
4.41527237e-01
4.81646487e-01
5.41951781e-01
6.16548041e-01
1.36060893e+00
1.32786317e+00
1.30379288e+00
1.28888421e+00
1.28345647e+00
1.28762956e+00
1.30131110e+00
1.32420643e+00
1.35584885e+00
6.15601803e-01
5.40875056e-01
4.80434627e-01
4.40204946e-01
4.25951541e-01
4.40204946e-01
4.80434627e-01
5.40875056e-01
6.15601803e-01
6.16239900e-01
5.41601201e-01
4.81251977e-01
4.41096847e-01
4.26873224e-01
4.41096847e-01
4.81251977e-01
5.41601201e-01
6.16239900e-01
1.36091367e+00
1.32869689e+00
1.30517286e+00
1.29081692e+00
1.28570202e+00
1.28973060e+00
1.30325427e+00
1.32598256e+00
1.35745319e+00
6.16164099e-01
5.41514952e-01
4.81154911e-01
4.40990943e-01
4.26763790e-01
4.40990943e-01
4.81154911e-01
5.41514952e-01
6.16164099e-01
6.16559189e-01
5.41964464e-01
4.81660758e-01
4.41542805e-01
4.27334026e-01
4.41542805e-01
4.81660758e-01
5.41964464e-01
6.16559189e-01
1.36204642e+00
1.32983732e+00
1.30631370e+00
1.29195009e+00
1.28705321e+00
1.29166571e+00
1.30547004e+00
1.32845592e+00
1.36015792e+00
6.16458569e-01
5.41849993e-01
4.81531951e-01
4.41402291e-01
4.27188838e-01
4.41402291e-01
4.81531951e-01
5.41849993e-01
6.16458569e-01
6.15949359e-01
5.41270597e-01
4.80879886e-01
4.40690852e-01
4.26453688e-01
4.40690852e-01
4.80879886e-01
5.41270597e-01
6.15949359e-01
6.20252790e-01
5.46162769e-01
4.86379867e-01
4.46685950e-01
4.32646113e-01
4.46685950e-01
4.86379867e-01
5.46162769e-01
6.20252790e-01
5.93281642e-01
5.15328394e-01
4.51480850e-01
4.08409012e-01
3.93004125e-01
4.08409012e-01
4.51480850e-01
5.15328394e-01
5.93281642e-01
5.91104803e-01
5.12820763e-01
4.48616473e-01
4.05240302e-01
3.89710179e-01
4.05240302e-01
4.48616473e-01
5.12820763e-01
5.91104803e-01
5.97577161e-01
5.32478653e-01
4.80611199e-01
4.46608654e-01
4.34683807e-01
4.46608654e-01
4.80611199e-01
5.32478653e-01
5.97577161e-01
6.49839373e-01
5.79544181e-01
5.23586729e-01
4.86935340e-01
4.74088965e-01
4.86935340e-01
5.23586729e-01
5.79544181e-01
6.49839373e-01
6.45633678e-01
5.74824402e-01
5.18357693e-01
4.81308281e-01
4.68307572e-01
4.81308281e-01
5.18357693e-01
5.74824402e-01
6.45633678e-01
6.45997215e-01
5.75232690e-01
5.18810421e-01
4.81795824e-01
4.68808636e-01
4.81795824e-01
5.18810421e-01
5.75232690e-01
6.45997215e-01
1.48092010e+00
1.45133257e+00
1.42979002e+00
1.41665949e+00
1.41217565e+00
1.41642063e+00
1.42931665e+00
1.45063301e+00
1.48000592e+00
6.47500406e-01
5.76920292e-01
5.20680927e-01
4.83809457e-01
4.70877810e-01
4.83809457e-01
5.20680927e-01
5.76920292e-01
6.47500406e-01
6.45673588e-01
5.74869228e-01
5.18407402e-01
4.81361816e-01
4.68362593e-01
4.81361816e-01
5.18407402e-01
5.74869228e-01
6.45673588e-01
6.48482051e-01
5.78021814e-01
5.21901161e-01
4.85122443e-01
4.72226753e-01
4.85122443e-01
5.21901161e-01
5.78021814e-01
6.48482051e-01
1.48165110e+00
1.45184188e+00
1.43006680e+00
1.41669638e+00
1.41196939e+00
1.41597240e+00
1.42863204e+00
1.44972153e+00
1.47888027e+00
6.46068919e-01
5.75313215e-01
5.18899701e-01
4.81891962e-01
4.68907436e-01
4.81891962e-01
5.18899701e-01
5.75313215e-01
6.46068919e-01
6.46254972e-01
5.75522142e-01
5.19131333e-01
4.82141373e-01
4.69163750e-01
4.82141373e-01
5.19131333e-01
5.75522142e-01
6.46254972e-01
1.48180046e+00
1.45214990e+00
1.43053746e+00
1.41733090e+00
1.41276598e+00
1.41692621e+00
1.42973543e+00
1.45096460e+00
1.48025151e+00
1.48498055e+00
1.45443178e+00
1.43187559e+00
1.41769354e+00
1.41213795e+00
1.41531042e+00
1.42715273e+00
1.44745212e+00
1.47585964e+00
6.46645381e-01
5.75960498e-01
5.19617263e-01
4.82664545e-01
4.69701378e-01
4.82664545e-01
5.19617263e-01
5.75960498e-01
6.46645381e-01
6.48083383e-01
5.77574513e-01
5.21405718e-01
4.84589399e-01
4.71679135e-01
4.84589399e-01
5.21405718e-01
5.77574513e-01
6.48083383e-01
1.48627564e+00
1.45686781e+00
1.43548031e+00
1.42247495e+00
1.41808236e+00
1.42238235e+00
1.43529680e+00
1.45659657e+00
1.48592114e+00
6.48352366e-01
5.77876317e-01
5.21740014e-01
4.84949075e-01
4.72048648e-01
4.84949075e-01
5.21740014e-01
5.77876317e-01
6.48352366e-01
6.47316370e-01
5.76713733e-01
5.20452049e-01
4.83563127e-01
4.70624711e-01
4.83563127e-01
5.20452049e-01
5.76713733e-01
6.47316370e-01
1.48608607e+00
1.45586947e+00
1.43364966e+00
1.41980216e+00
1.41457285e+00
1.41805707e+00
1.43019116e+00
1.45075807e+00
1.47940616e+00
1.48653564e+00
1.45714485e+00
1.43577345e+00
1.42278285e+00
1.41840333e+00
1.42271443e+00
1.43563786e+00
1.45694445e+00
1.48627371e+00
6.48185616e-01
5.77689224e-01
5.21532784e-01
4.84726116e-01
4.71819593e-01
4.84726116e-01
5.21532784e-01
5.77689224e-01
6.48185616e-01
6.47850987e-01
5.77313735e-01
5.21116833e-01
4.84278552e-01
4.71359775e-01
4.84278552e-01
5.21116833e-01
5.77313735e-01
6.47850987e-01
1.48626616e+00
1.45660915e+00
1.43496505e+00
1.42169988e+00
1.41704895e+00
1.42109686e+00
1.43376992e+00
1.45484276e+00
1.48395758e+00
2.40816252e+00
2.38993897e+00
2.37677538e+00
2.36875611e+00
2.36593347e+00
2.36832603e+00
2.37591805e+00
2.38865994e+00
2.40646990e+00
3.34413086e+00
3.33081133e+00
3.32115768e+00
3.31520195e+00
3.31296407e+00
3.31445158e+00
3.31965946e+00
3.32763393e+00
3.33889338e+00
2.41284855e+00
2.39474028e+00
2.38168328e+00
2.37376090e+00
2.37102462e+00
2.37349238e+00
2.38114799e+00
2.39394168e+00
2.41179168e+00
1.49154234e+00
1.46227214e+00
1.44099702e+00
1.42807436e+00
1.42373161e+00
1.42804705e+00
1.44094290e+00
1.46219213e+00
1.49143776e+00
6.50153249e-01
5.79896107e-01
5.23976240e-01
4.87354145e-01
4.74519108e-01
4.87354145e-01
5.23976240e-01
5.79896107e-01
6.50153249e-01
6.45084913e-01
5.74207969e-01
5.17674026e-01
4.80571909e-01
4.67550726e-01
4.80571909e-01
5.17674026e-01
5.74207969e-01
6.45084913e-01
1.47407849e+00
1.44385141e+00
1.42168835e+00
1.40797017e+00
1.40294461e+00
1.40670484e+00
1.41918103e+00
1.44014668e+00
1.46923840e+00
2.38319809e+00
2.36458286e+00
2.35107687e+00
2.34276847e+00
2.33971305e+00
2.34193116e+00
2.34940787e+00
2.36209323e+00
2.37990397e+00
3.30877830e+00
3.29539490e+00
3.28571646e+00
3.27977577e+00
3.27759315e+00
3.27917612e+00
3.28451922e+00
3.29360417e+00
3.30640010e+00
4.23982999e+00
4.22938011e+00
4.22182961e+00
4.21719406e+00
4.21548308e+00
4.21670023e+00
4.22084297e+00
4.22790271e+00
4.23786487e+00
5.17341712e+00
5.16483178e+00
5.15862591e+00
5.15480811e+00
5.15338368e+00
5.15435460e+00
5.15771953e+00
5.16347379e+00
5.17160939e+00
5.18610568e+00
5.17874699e+00
5.17376459e+00
5.17116535e+00
5.17095286e+00
5.17312742e+00
5.17768601e+00
5.18462234e+00
5.19392690e+00
4.25074022e+00
4.24172589e+00
4.23560811e+00
4.23239943e+00
4.23210647e+00
4.23472983e+00
4.24026410e+00
4.24869791e+00
4.26001404e+00
3.31907288e+00
3.30666977e+00
3.29796552e+00
3.29298946e+00
3.29175848e+00
3.29427679e+00
3.30053580e+00
3.31051431e+00
3.32417881e+00
2.39257030e+00
2.37458023e+00
2.36168609e+00
2.35397165e+00
2.35148787e+00
2.35425131e+00
2.36224355e+00
2.37541183e+00
2.39367071e+00
1.48007097e+00
1.45074362e+00
1.42947382e+00
1.41662454e+00
1.41242563e+00
1.41695397e+00
1.43012668e+00
1.45170846e+00
1.48133181e+00
6.47994554e-01
5.77474838e-01
5.21295303e-01
4.84470594e-01
4.71557077e-01
4.84470594e-01
5.21295303e-01
5.77474838e-01
6.47994554e-01
6.48322863e-01
5.77843215e-01
5.21703350e-01
4.84909630e-01
4.72008125e-01
4.84909630e-01
5.21703350e-01
5.77843215e-01
6.48322863e-01
1.48035214e+00
1.45129423e+00
1.43030025e+00
1.41772847e+00
1.41380358e+00
1.41859737e+00
1.43202227e+00
1.45383920e+00
1.48367801e+00
1.48250097e+00
1.45389963e+00
1.43336336e+00
1.42124179e+00
1.41775079e+00
1.42295388e+00
1.43675661e+00
1.45891491e+00
1.48905581e+00
6.49507784e-01
5.79172348e-01
5.23175127e-01
4.86492731e-01
4.73634350e-01
4.86492731e-01
5.23175127e-01
5.79172348e-01
6.49507784e-01
6.48578928e-01
5.78130498e-01
5.22021530e-01
4.85251935e-01
4.72359780e-01
4.85251935e-01
5.22021530e-01
5.78130498e-01
6.48578928e-01
1.48186115e+00
1.45248011e+00
1.43114494e+00
1.41821880e+00
1.41393234e+00
1.41836388e+00
1.43143247e+00
1.45290504e+00
1.48241647e+00
6.49777757e-01
5.79475091e-01
5.23510254e-01
4.86853108e-01
4.74004504e-01
4.86853108e-01
5.23510254e-01
5.79475091e-01
6.49777757e-01
6.50149866e-01
5.79892314e-01
5.23972042e-01
4.87349632e-01
4.74514472e-01
4.87349632e-01
5.23972042e-01
5.79892314e-01
6.50149866e-01
1.48355003e+00
1.45429379e+00
1.43307765e+00
1.42026195e+00
1.41607479e+00
1.42059248e+00
1.43373273e+00
1.45526198e+00
1.48481537e+00
6.49104374e-01
5.78719911e-01
5.22674220e-01
4.85954013e-01
4.73080991e-01
4.85954013e-01
5.22674220e-01
5.78719911e-01
6.49104374e-01
6.50474601e-01
5.80256369e-01
5.24374922e-01
4.87782761e-01
4.74959306e-01
4.87782761e-01
5.24374922e-01
5.80256369e-01
6.50474601e-01
6.47841538e-01
5.77303131e-01
5.21105085e-01
4.84265911e-01
4.71346787e-01
4.84265911e-01
5.21105085e-01
5.77303131e-01
6.47841538e-01
6.49568194e-01
5.79240093e-01
5.23250122e-01
4.86573379e-01
4.73717188e-01
4.86573379e-01
5.23250122e-01
5.79240093e-01
6.49568194e-01
6.51394528e-01
5.81287432e-01
5.25515635e-01
4.89008840e-01
4.76218403e-01
4.89008840e-01
5.25515635e-01
5.81287432e-01
6.51394528e-01
6.48253234e-01
5.77765093e-01
5.21616820e-01
4.84816533e-01
4.71912483e-01
4.84816533e-01
5.21616820e-01
5.77765093e-01
6.48253234e-01
6.50791181e-01
5.80611237e-01
5.24767581e-01
4.88204851e-01
4.75392782e-01
4.88204851e-01
5.24767581e-01
5.80611237e-01
6.50791181e-01
6.55588174e-01
5.85983021e-01
5.30704914e-01
4.94581307e-01
4.81938782e-01
4.94581307e-01
5.30704914e-01
5.85983021e-01
6.55588174e-01
1.24097676e+00
1.20565482e+00
1.17977759e+00
1.16397514e+00
1.15865976e+00
1.16397514e+00
1.17977759e+00
1.20565482e+00
1.24097676e+00
1.23140352e+00
1.19579885e+00
1.16970359e+00
1.15376317e+00
1.14840053e+00
1.15376317e+00
1.16970359e+00
1.19579885e+00
1.23140352e+00
1.23070447e+00
1.19507897e+00
1.16896764e+00
1.15301705e+00
1.14765092e+00
1.15301705e+00
1.16896764e+00
1.19507897e+00
1.23070447e+00
1.23027359e+00
1.19463524e+00
1.16851400e+00
1.15255713e+00
1.14718885e+00
1.15255713e+00
1.16851400e+00
1.19463524e+00
1.23027359e+00
1.23133834e+00
1.19573172e+00
1.16963497e+00
1.15369360e+00
1.14833063e+00
1.15369360e+00
1.16963497e+00
1.19573172e+00
1.23133834e+00
1.23098190e+00
1.19536466e+00
1.16925972e+00
1.15331316e+00
1.14794842e+00
1.15331316e+00
1.16925972e+00
1.19536466e+00
1.23098190e+00
1.23222172e+00
1.19664139e+00
1.17056491e+00
1.15463638e+00
1.14927782e+00
1.15463638e+00
1.17056491e+00
1.19664139e+00
1.23222172e+00
1.23366708e+00
1.19812967e+00
1.17208631e+00
1.15617874e+00
1.15082736e+00
1.15617874e+00
1.17208631e+00
1.19812967e+00
1.23366708e+00
1.23483498e+00
1.19933218e+00
1.17331550e+00
1.15742483e+00
1.15207923e+00
1.15742483e+00
1.17331550e+00
1.19933218e+00
1.23483498e+00
1.23538750e+00
1.19990104e+00
1.17389698e+00
1.15801428e+00
1.15267142e+00
1.15801428e+00
1.17389698e+00
1.19990104e+00
1.23538750e+00
1.23259168e+00
1.19702235e+00
1.17095435e+00
1.15503120e+00
1.14967447e+00
1.15503120e+00
1.17095435e+00
1.19702235e+00
1.23259168e+00
1.04901752e+00
1.00698461e+00
9.75853276e-01
9.56688339e-01
9.50214133e-01
9.56688339e-01
9.75853276e-01
1.00698461e+00
1.04901752e+00
2.84877435e+00
2.83356587e+00
2.82265251e+00
2.79823112e+00
2.72538600e+00
2.65519334e+00
2.58786898e+00
2.52364248e+00
2.46275623e+00
5.33197796e-01
5.03536198e-01
4.81231305e-01
4.67337660e-01
4.62613729e-01
4.67337660e-01
4.81231305e-01
5.03536198e-01
5.33197796e-01
1.41293727e+00
1.40201304e+00
1.39415761e+00
1.38942304e+00
1.38784126e+00
1.38942305e+00
1.39415763e+00
1.40201307e+00
1.41293731e+00
2.32821304e+00
2.32159962e+00
2.31686419e+00
2.31401828e+00
2.31306887e+00
2.31401828e+00
2.31686420e+00
2.32159963e+00
2.32821306e+00
3.24913098e+00
3.24439530e+00
3.24100844e+00
3.23897462e+00
3.23829640e+00
3.23897462e+00
3.24100843e+00
3.24439528e+00
3.24913094e+00
4.17195635e+00
4.16826927e+00
4.16563363e+00
4.16405145e+00
4.16352393e+00
4.16405146e+00
4.16563365e+00
4.16826929e+00
4.17195638e+00
5.09565303e+00
5.09263475e+00
5.09047773e+00
5.08918309e+00
5.08875147e+00
5.08918310e+00
5.09047775e+00
5.09263477e+00
5.09565306e+00
6.01981992e+00
6.01726522e+00
6.01543977e+00
6.01434424e+00
6.01397901e+00
6.01434424e+00
6.01543978e+00
6.01726523e+00
6.01981994e+00
6.94426938e+00
6.94205488e+00
6.94047265e+00
6.93952315e+00
6.93920661e+00
6.93952313e+00
6.94047263e+00
6.94205483e+00
6.94426932e+00
7.86890161e+00
7.86694740e+00
7.86555124e+00
7.86471343e+00
7.86443414e+00
7.86471344e+00
7.86555126e+00
7.86694743e+00
7.86890164e+00
8.79365912e+00
8.79191047e+00
8.79066121e+00
8.78991158e+00
8.78966168e+00
8.78991158e+00
8.79066122e+00
8.79191048e+00
8.79365914e+00
9.71850608e+00
9.71692386e+00
9.71579355e+00
9.71511530e+00
9.71488922e+00
9.71511530e+00
9.71579355e+00
9.71692386e+00
9.71850608e+00
8.79365914e+00
8.79191048e+00
8.79066122e+00
8.78991158e+00
8.78966168e+00
8.78991158e+00
8.79066121e+00
8.79191047e+00
8.79365912e+00
7.86890157e+00
7.86694736e+00
7.86555119e+00
7.86471337e+00
7.86443408e+00
7.86471337e+00
7.86555118e+00
7.86694734e+00
7.86890155e+00
6.94426926e+00
6.94205478e+00
6.94047257e+00
6.93952307e+00
6.93920655e+00
6.93952308e+00
6.94047259e+00
6.94205481e+00
6.94426931e+00
6.01981994e+00
6.01726523e+00
6.01543978e+00
6.01434424e+00
6.01397901e+00
6.01434424e+00
6.01543977e+00
6.01726522e+00
6.01981992e+00
5.09565306e+00
5.09263477e+00
5.09047775e+00
5.08918310e+00
5.08875147e+00
5.08918309e+00
5.09047773e+00
5.09263475e+00
5.09565303e+00
4.17195638e+00
4.16826929e+00
4.16563365e+00
4.16405146e+00
4.16352393e+00
4.16405145e+00
4.16563363e+00
4.16826927e+00
4.17195635e+00
3.24913087e+00
3.24439521e+00
3.24100836e+00
3.23897455e+00
3.23829633e+00
3.23897456e+00
3.24100838e+00
3.24439525e+00
3.24913092e+00
2.32821300e+00
2.32159957e+00
2.31686414e+00
2.31401822e+00
2.31306880e+00
2.31401821e+00
2.31686412e+00
2.32159955e+00
2.32821297e+00
1.41293731e+00
1.40201307e+00
1.39415763e+00
1.38942305e+00
1.38784126e+00
1.38942304e+00
1.39415761e+00
1.40201304e+00
1.41293727e+00
5.33197796e-01
5.03536198e-01
4.81231305e-01
4.67337660e-01
4.62613729e-01
4.67337660e-01
4.81231305e-01
5.03536198e-01
5.33197796e-01
5.00425301e-01
4.73548822e-01
4.53376922e-01
4.40830944e-01
4.36568838e-01
4.40830944e-01
4.53376922e-01
4.73548822e-01
5.00425301e-01
1.33235288e+00
1.32249280e+00
1.31540464e+00
1.31113336e+00
1.30970650e+00
1.31113337e+00
1.31540467e+00
1.32249284e+00
1.33235292e+00
2.19650674e+00
2.19053985e+00
2.18626782e+00
2.18370059e+00
2.18284417e+00
2.18370058e+00
2.18626781e+00
2.19053983e+00
2.19650671e+00
3.06575568e+00
3.06148344e+00
3.05842819e+00
3.05659357e+00
3.05598179e+00
3.05659356e+00
3.05842818e+00
3.06148342e+00
3.06575565e+00
3.93672607e+00
3.93339995e+00
3.93102244e+00
3.92959524e+00
3.92911939e+00
3.92959525e+00
3.93102246e+00
3.93339999e+00
3.93672612e+00
4.80848272e+00
4.80575999e+00
4.80381423e+00
4.80264640e+00
4.80225706e+00
4.80264639e+00
4.80381422e+00
4.80575997e+00
4.80848270e+00
5.68066357e+00
5.67835906e+00
5.67671240e+00
5.67572418e+00
5.67539473e+00
5.67572418e+00
5.67671239e+00
5.67835904e+00
5.68066355e+00
6.55309922e+00
6.55110162e+00
6.54967440e+00
6.54881791e+00
6.54853240e+00
6.54881793e+00
6.54967442e+00
6.55110166e+00
6.55309927e+00
7.42569996e+00
7.42393715e+00
7.42267774e+00
7.42192200e+00
7.42167006e+00
7.42192199e+00
7.42267773e+00
7.42393713e+00
7.42569993e+00
8.29841363e+00
8.29683625e+00
8.29570936e+00
8.29503316e+00
8.29480774e+00
8.29503315e+00
8.29570935e+00
8.29683623e+00
8.29841361e+00
9.17120792e+00
9.16978068e+00
9.16876109e+00
9.16814929e+00
9.16794535e+00
9.16814930e+00
9.16876111e+00
9.16978071e+00
9.17120795e+00
1.00440619e+01
1.00427587e+01
1.00418278e+01
1.00412692e+01
1.00410830e+01
1.00412692e+01
1.00418278e+01
1.00427587e+01
1.00440619e+01
1.09169614e+01
1.09157624e+01
1.09149059e+01
1.09143919e+01
1.09142206e+01
1.09143919e+01
1.09149059e+01
1.09157624e+01
1.09169613e+01
1.17898961e+01
1.17887859e+01
1.17879928e+01
1.17875169e+01
1.17873583e+01
1.17875169e+01
1.17879928e+01
1.17887858e+01
1.17898960e+01
1.26628587e+01
1.26618251e+01
1.26610867e+01
1.26606436e+01
1.26604960e+01
1.26606437e+01
1.26610867e+01
1.26618251e+01
1.26628588e+01
1.35358440e+01
1.35348770e+01
1.35341863e+01
1.35337718e+01
1.35336336e+01
1.35337718e+01
1.35341863e+01
1.35348770e+01
1.35358440e+01
1.44088477e+01
1.44079393e+01
1.44072904e+01
1.44069010e+01
1.44067713e+01
1.44069010e+01
1.44072904e+01
1.44079393e+01
1.44088476e+01
1.37530565e+01
1.37521895e+01
1.37515701e+01
1.37511985e+01
1.37510746e+01
1.37511985e+01
1.37515701e+01
1.37521894e+01
1.37530565e+01
1.29197859e+01
1.29188629e+01
1.29182036e+01
1.29178080e+01
1.29176761e+01
1.29178080e+01
1.29182036e+01
1.29188629e+01
1.29197859e+01
1.20865329e+01
1.20855463e+01
1.20848415e+01
1.20844186e+01
1.20842776e+01
1.20844186e+01
1.20848415e+01
1.20855463e+01
1.20865329e+01
1.12533014e+01
1.12522418e+01
1.12514848e+01
1.12510306e+01
1.12508792e+01
1.12510306e+01
1.12514848e+01
1.12522417e+01
1.12533014e+01
1.04200967e+01
1.04189523e+01
1.04181348e+01
1.04176442e+01
1.04174807e+01
1.04176442e+01
1.04181348e+01
1.04189523e+01
1.04200967e+01
9.58692561e+00
9.58568173e+00
9.58479315e+00
9.58425996e+00
9.58408222e+00
9.58425996e+00
9.58479315e+00
9.58568174e+00
9.58692562e+00
8.75379789e+00
8.75243561e+00
8.75146242e+00
8.75087846e+00
8.75068380e+00
8.75087847e+00
8.75146244e+00
8.75243563e+00
8.75379791e+00
7.92072717e+00
7.91922158e+00
7.91814598e+00
7.91750055e+00
7.91728539e+00
7.91750054e+00
7.91814596e+00
7.91922155e+00
7.92072713e+00
7.08773338e+00
7.08605081e+00
7.08484873e+00
7.08412738e+00
7.08388692e+00
7.08412739e+00
7.08484873e+00
7.08605082e+00
7.08773339e+00
6.25484743e+00
6.25294074e+00
6.25157847e+00
6.25076096e+00
6.25048844e+00
6.25076097e+00
6.25157848e+00
6.25294075e+00
6.25484744e+00
5.42211902e+00
5.41991939e+00
5.41834768e+00
5.41740443e+00
5.41708997e+00
5.41740441e+00
5.41834765e+00
5.41991935e+00
5.42211897e+00
4.58963380e+00
4.58703499e+00
4.58517780e+00
4.58406312e+00
4.58369150e+00
4.58406312e+00
4.58517780e+00
4.58703500e+00
4.58963381e+00
3.75755356e+00
3.75437883e+00
3.75210951e+00
3.75074727e+00
3.75029308e+00
3.75074727e+00
3.75210953e+00
3.75437884e+00
3.75755359e+00
2.92622373e+00
2.92214594e+00
2.91922973e+00
2.91747861e+00
2.91689467e+00
2.91747860e+00
2.91922971e+00
2.92214590e+00
2.92622368e+00
2.09653693e+00
2.09084162e+00
2.08676402e+00
2.08431363e+00
2.08349620e+00
2.08431363e+00
2.08676402e+00
2.09084162e+00
2.09653693e+00
1.27171341e+00
1.26230209e+00
1.25553653e+00
1.25145964e+00
1.25009772e+00
1.25145964e+00
1.25553653e+00
1.26230209e+00
1.27171341e+00
4.77649398e-01
4.51996150e-01
4.32742335e-01
4.20767364e-01
4.16699239e-01
4.20767364e-01
4.32742335e-01
4.51996150e-01
4.77649398e-01
4.99105580e-01
4.72153985e-01
4.51919828e-01
4.39332242e-01
4.35055454e-01
4.39332242e-01
4.51919828e-01
4.72153985e-01
4.99105580e-01
1.32789019e+00
1.31799673e+00
1.31088425e+00
1.30659818e+00
1.30516636e+00
1.30659818e+00
1.31088425e+00
1.31799673e+00
1.32789019e+00
2.18898702e+00
2.18299959e+00
2.17871278e+00
2.17613665e+00
2.17527726e+00
2.17613666e+00
2.17871281e+00
2.18299963e+00
2.18898708e+00
3.05519594e+00
3.05090892e+00
3.04784307e+00
3.04600207e+00
3.04538816e+00
3.04600207e+00
3.04784306e+00
3.03101527e+00
3.00434275e+00
3.92313219e+00
3.91979453e+00
3.91740875e+00
3.91597658e+00
3.89837083e+00
3.87477476e+00
3.85200505e+00
3.83007644e+00
3.80900345e+00
4.79185727e+00
4.77378622e+00
4.75217653e+00
4.73125859e+00
4.71104161e+00
4.69153465e+00
4.67274661e+00
4.65468618e+00
4.63736188e+00
5.61365927e+00
5.59462583e+00
5.57619808e+00
5.55838206e+00
5.54118365e+00
5.52460864e+00
5.50866264e+00
5.49335113e+00
5.47867944e+00
6.44501043e+00
6.42843894e+00
6.41240782e+00
6.39692115e+00
6.38198287e+00
6.36759685e+00
6.35376685e+00
6.34049649e+00
6.32778931e+00
7.28541932e+00
7.27076355e+00
7.25659353e+00
7.24291211e+00
7.22972206e+00
7.21702609e+00
7.20482679e+00
7.19312671e+00
7.18192827e+00
8.13207826e+00
8.11895096e+00
8.10626372e+00
8.09401863e+00
8.08221769e+00
8.07086285e+00
8.05995599e+00
8.04949894e+00
8.03949345e+00
8.98322016e+00
8.97133838e+00
8.95985821e+00
8.94878121e+00
8.93810888e+00
8.92784267e+00
8.91798397e+00
8.90853415e+00
8.89949451e+00
9.83768154e+00
9.82683295e+00
9.81635333e+00
9.80624387e+00
9.79650570e+00
9.78713995e+00
9.77814767e+00
9.76952990e+00
9.76128763e+00
1.06946668e+01
1.06846884e+01
1.06750509e+01
1.06657554e+01
1.06568027e+01
1.06481936e+01
1.06399291e+01
1.06320099e+01
1.06244367e+01
1.15536143e+01
1.15443783e+01
1.15354591e+01
1.15268575e+01
1.15185741e+01
1.15106096e+01
1.15029647e+01
1.14956400e+01
1.14886362e+01
1.24141168e+01
1.24055215e+01
1.23972218e+01
1.23892185e+01
1.23815120e+01
1.23741030e+01
1.23669919e+01
1.23601792e+01
1.23536656e+01
1.32758718e+01
1.32678348e+01
1.32600749e+01
1.32525927e+01
1.32453886e+01
1.32384630e+01
1.32318164e+01
1.32254493e+01
1.32193619e+01
1.41386504e+01
1.41311041e+01
1.41238186e+01
1.41167941e+01
1.41100312e+01
1.41035303e+01
1.40972916e+01
1.40913155e+01
1.40856024e+01
1.36871745e+01
1.36897834e+01
1.36926405e+01
1.36957459e+01
1.36990992e+01
1.37027003e+01
1.37039033e+01
1.37045248e+01
1.37053949e+01
1.28574665e+01
1.28602436e+01
1.28632850e+01
1.28665905e+01
1.28701599e+01
1.28730289e+01
1.28734259e+01
1.28740875e+01
1.28750137e+01
1.20278690e+01
1.20308377e+01
1.20340887e+01
1.20376219e+01
1.20414370e+01
1.20425286e+01
1.20429529e+01
1.20436602e+01
1.20446502e+01
1.11984068e+01
1.12015952e+01
1.12050869e+01
1.12088814e+01
1.12118777e+01
1.12120296e+01
1.12124854e+01
1.12132450e+01
1.12143084e+01
1.03691122e+01
1.03725556e+01
1.03763262e+01
1.03804237e+01
1.03813683e+01
1.03815324e+01
1.03820246e+01
1.03828450e+01
1.03839934e+01
9.54002902e+00
9.54377158e+00
9.54786950e+00
9.55103722e+00
9.55085886e+00
9.55103722e+00
9.55157226e+00
9.55246394e+00
9.55371215e+00
8.71121750e+00
8.71531598e+00
8.71980324e+00
8.72054473e+00
8.72034939e+00
8.72054473e+00
8.72113073e+00
8.72210731e+00
8.72347433e+00
7.88276341e+00
7.88729238e+00
7.89070349e+00
7.89005582e+00
7.88983992e+00
7.89005583e+00
7.89070350e+00
7.89178284e+00
7.89329366e+00
7.05479270e+00
7.05985284e+00
7.06029563e+00
7.05957177e+00
7.05933046e+00
7.05957176e+00
7.06029561e+00
7.06150186e+00
7.06319028e+00
6.22749806e+00
6.23128183e+00
6.22991483e+00
6.22909448e+00
6.22882100e+00
6.22909448e+00
6.22991483e+00
6.23128184e+00
6.23319515e+00
5.40119029e+00
5.40115077e+00
5.39957360e+00
5.39862708e+00
5.39831153e+00
5.39862708e+00
5.39957360e+00
5.40115078e+00
5.40335804e+00
4.57376501e+00
4.57115717e+00
4.56929353e+00
4.56817497e+00
4.56780206e+00
4.56817498e+00
4.56929353e+00
4.57115718e+00
4.57376502e+00
3.74457829e+00
3.74139254e+00
3.73911535e+00
3.73774836e+00
3.73729259e+00
3.73774837e+00
3.73911535e+00
3.74139255e+00
3.74457830e+00
2.91614455e+00
2.91205264e+00
2.90912632e+00
2.90736911e+00
2.90678313e+00
2.90736910e+00
2.90912629e+00
2.91205260e+00
2.91614450e+00
2.08935949e+00
2.08364456e+00
2.07955285e+00
2.07709395e+00
2.07627367e+00
2.07709395e+00
2.07955285e+00
2.08364456e+00
2.08935949e+00
1.26745380e+00
1.25801062e+00
1.25122185e+00
1.24713086e+00
1.24576420e+00
1.24713086e+00
1.25122185e+00
1.25801062e+00
1.26745380e+00
4.76389741e-01
4.50664796e-01
4.31351559e-01
4.19336873e-01
4.15254735e-01
4.19336873e-01
4.31351559e-01
4.50664796e-01
4.76389741e-01
