# vtk DataFile Version 3.0
OpenSG iea_s10 RM shell dehom, exploded through-thickness quads, stress in MPa
ASCII
DATASET UNSTRUCTURED_GRID
POINTS 11160 float
4.712342e+00 1.130707e-01 0.000000e+00
4.649458e+00 1.282292e-01 0.000000e+00
4.648609e+00 1.247078e-01 0.000000e+00
4.711493e+00 1.095493e-01 0.000000e+00
4.711493e+00 1.095493e-01 0.000000e+00
4.648609e+00 1.247078e-01 0.000000e+00
4.647760e+00 1.211864e-01 0.000000e+00
4.710645e+00 1.060279e-01 0.000000e+00
4.710645e+00 1.060279e-01 0.000000e+00
4.647760e+00 1.211864e-01 0.000000e+00
4.646912e+00 1.176650e-01 0.000000e+00
4.709796e+00 1.025064e-01 0.000000e+00
4.709796e+00 1.025064e-01 0.000000e+00
4.646912e+00 1.176650e-01 0.000000e+00
4.646063e+00 1.141435e-01 0.000000e+00
4.708947e+00 9.898502e-02 0.000000e+00
4.708947e+00 9.898502e-02 0.000000e+00
4.646063e+00 1.141435e-01 0.000000e+00
4.645214e+00 1.106221e-01 0.000000e+00
4.708098e+00 9.546360e-02 0.000000e+00
4.708098e+00 9.546360e-02 0.000000e+00
4.645214e+00 1.106221e-01 0.000000e+00
4.644365e+00 1.071007e-01 0.000000e+00
4.707249e+00 9.194218e-02 0.000000e+00
4.707249e+00 9.194218e-02 0.000000e+00
4.644365e+00 1.071007e-01 0.000000e+00
4.643516e+00 1.035793e-01 0.000000e+00
4.706400e+00 8.842077e-02 0.000000e+00
4.706400e+00 8.842077e-02 0.000000e+00
4.643516e+00 1.035793e-01 0.000000e+00
4.642667e+00 1.000579e-01 0.000000e+00
4.705551e+00 8.489935e-02 0.000000e+00
4.705551e+00 8.489935e-02 0.000000e+00
4.642667e+00 1.000579e-01 0.000000e+00
4.641818e+00 9.653645e-02 0.000000e+00
4.704703e+00 8.137793e-02 0.000000e+00
4.650214e+00 1.280277e-01 0.000000e+00
4.578872e+00 1.488939e-01 0.000000e+00
4.577856e+00 1.454173e-01 0.000000e+00
4.649197e+00 1.245510e-01 0.000000e+00
4.649197e+00 1.245510e-01 0.000000e+00
4.577856e+00 1.454173e-01 0.000000e+00
4.576839e+00 1.419407e-01 0.000000e+00
4.648180e+00 1.210744e-01 0.000000e+00
4.648180e+00 1.210744e-01 0.000000e+00
4.576839e+00 1.419407e-01 0.000000e+00
4.575822e+00 1.384641e-01 0.000000e+00
4.647164e+00 1.175978e-01 0.000000e+00
4.647164e+00 1.175978e-01 0.000000e+00
4.575822e+00 1.384641e-01 0.000000e+00
4.574805e+00 1.349874e-01 0.000000e+00
4.646147e+00 1.141211e-01 0.000000e+00
4.646147e+00 1.141211e-01 0.000000e+00
4.574805e+00 1.349874e-01 0.000000e+00
4.573788e+00 1.315108e-01 0.000000e+00
4.645130e+00 1.106445e-01 0.000000e+00
4.645130e+00 1.106445e-01 0.000000e+00
4.573788e+00 1.315108e-01 0.000000e+00
4.572771e+00 1.280342e-01 0.000000e+00
4.644113e+00 1.071679e-01 0.000000e+00
4.644113e+00 1.071679e-01 0.000000e+00
4.572771e+00 1.280342e-01 0.000000e+00
4.571754e+00 1.245575e-01 0.000000e+00
4.643096e+00 1.036913e-01 0.000000e+00
4.643096e+00 1.036913e-01 0.000000e+00
4.571754e+00 1.245575e-01 0.000000e+00
4.570738e+00 1.210809e-01 0.000000e+00
4.642079e+00 1.002146e-01 0.000000e+00
4.642079e+00 1.002146e-01 0.000000e+00
4.570738e+00 1.210809e-01 0.000000e+00
4.569721e+00 1.176043e-01 0.000000e+00
4.641062e+00 9.673801e-02 0.000000e+00
4.578807e+00 1.489129e-01 0.000000e+00
4.507382e+00 1.694809e-01 0.000000e+00
4.506379e+00 1.660001e-01 0.000000e+00
4.577805e+00 1.454320e-01 0.000000e+00
4.577805e+00 1.454320e-01 0.000000e+00
4.506379e+00 1.660001e-01 0.000000e+00
4.505377e+00 1.625193e-01 0.000000e+00
4.576802e+00 1.419512e-01 0.000000e+00
4.576802e+00 1.419512e-01 0.000000e+00
4.505377e+00 1.625193e-01 0.000000e+00
4.504375e+00 1.590384e-01 0.000000e+00
4.575800e+00 1.384704e-01 0.000000e+00
4.575800e+00 1.384704e-01 0.000000e+00
4.504375e+00 1.590384e-01 0.000000e+00
4.503372e+00 1.555576e-01 0.000000e+00
4.574798e+00 1.349895e-01 0.000000e+00
4.574798e+00 1.349895e-01 0.000000e+00
4.503372e+00 1.555576e-01 0.000000e+00
4.502370e+00 1.520768e-01 0.000000e+00
4.573795e+00 1.315087e-01 0.000000e+00
4.573795e+00 1.315087e-01 0.000000e+00
4.502370e+00 1.520768e-01 0.000000e+00
4.501367e+00 1.485959e-01 0.000000e+00
4.572793e+00 1.280279e-01 0.000000e+00
4.572793e+00 1.280279e-01 0.000000e+00
4.501367e+00 1.485959e-01 0.000000e+00
4.500365e+00 1.451151e-01 0.000000e+00
4.571791e+00 1.245470e-01 0.000000e+00
4.571791e+00 1.245470e-01 0.000000e+00
4.500365e+00 1.451151e-01 0.000000e+00
4.499363e+00 1.416343e-01 0.000000e+00
4.570788e+00 1.210662e-01 0.000000e+00
4.570788e+00 1.210662e-01 0.000000e+00
4.499363e+00 1.416343e-01 0.000000e+00
4.498360e+00 1.381534e-01 0.000000e+00
4.569786e+00 1.175854e-01 0.000000e+00
4.507342e+00 1.694923e-01 0.000000e+00
4.435856e+00 1.898816e-01 0.000000e+00
4.434863e+00 1.863983e-01 0.000000e+00
4.506348e+00 1.660090e-01 0.000000e+00
4.506348e+00 1.660090e-01 0.000000e+00
4.434863e+00 1.863983e-01 0.000000e+00
4.433869e+00 1.829149e-01 0.000000e+00
4.505355e+00 1.625256e-01 0.000000e+00
4.505355e+00 1.625256e-01 0.000000e+00
4.433869e+00 1.829149e-01 0.000000e+00
4.432876e+00 1.794315e-01 0.000000e+00
4.504361e+00 1.590422e-01 0.000000e+00
4.504361e+00 1.590422e-01 0.000000e+00
4.432876e+00 1.794315e-01 0.000000e+00
4.431882e+00 1.759482e-01 0.000000e+00
4.503368e+00 1.555589e-01 0.000000e+00
4.503368e+00 1.555589e-01 0.000000e+00
4.431882e+00 1.759482e-01 0.000000e+00
4.430888e+00 1.724648e-01 0.000000e+00
4.502374e+00 1.520755e-01 0.000000e+00
4.502374e+00 1.520755e-01 0.000000e+00
4.430888e+00 1.724648e-01 0.000000e+00
4.429895e+00 1.689815e-01 0.000000e+00
4.501381e+00 1.485921e-01 0.000000e+00
4.501381e+00 1.485921e-01 0.000000e+00
4.429895e+00 1.689815e-01 0.000000e+00
4.428901e+00 1.654981e-01 0.000000e+00
4.500387e+00 1.451088e-01 0.000000e+00
4.500387e+00 1.451088e-01 0.000000e+00
4.428901e+00 1.654981e-01 0.000000e+00
4.427908e+00 1.620147e-01 0.000000e+00
4.499394e+00 1.416254e-01 0.000000e+00
4.499394e+00 1.416254e-01 0.000000e+00
4.427908e+00 1.620147e-01 0.000000e+00
4.426914e+00 1.585314e-01 0.000000e+00
4.498400e+00 1.381420e-01 0.000000e+00
4.435808e+00 1.898954e-01 0.000000e+00
4.364244e+00 2.100675e-01 0.000000e+00
4.363261e+00 2.065811e-01 0.000000e+00
4.434825e+00 1.864090e-01 0.000000e+00
4.434825e+00 1.864090e-01 0.000000e+00
4.363261e+00 2.065811e-01 0.000000e+00
4.362278e+00 2.030947e-01 0.000000e+00
4.433842e+00 1.829226e-01 0.000000e+00
4.433842e+00 1.829226e-01 0.000000e+00
4.362278e+00 2.030947e-01 0.000000e+00
4.361296e+00 1.996082e-01 0.000000e+00
4.432859e+00 1.794361e-01 0.000000e+00
4.432859e+00 1.794361e-01 0.000000e+00
4.361296e+00 1.996082e-01 0.000000e+00
4.360313e+00 1.961218e-01 0.000000e+00
4.431877e+00 1.759497e-01 0.000000e+00
4.431877e+00 1.759497e-01 0.000000e+00
4.360313e+00 1.961218e-01 0.000000e+00
4.359330e+00 1.926354e-01 0.000000e+00
4.430894e+00 1.724633e-01 0.000000e+00
4.430894e+00 1.724633e-01 0.000000e+00
4.359330e+00 1.926354e-01 0.000000e+00
4.358347e+00 1.891490e-01 0.000000e+00
4.429911e+00 1.689769e-01 0.000000e+00
4.429911e+00 1.689769e-01 0.000000e+00
4.358347e+00 1.891490e-01 0.000000e+00
4.357365e+00 1.856625e-01 0.000000e+00
4.428928e+00 1.654904e-01 0.000000e+00
4.428928e+00 1.654904e-01 0.000000e+00
4.357365e+00 1.856625e-01 0.000000e+00
4.356382e+00 1.821761e-01 0.000000e+00
4.427946e+00 1.620040e-01 0.000000e+00
4.427946e+00 1.620040e-01 0.000000e+00
4.356382e+00 1.821761e-01 0.000000e+00
4.355399e+00 1.786897e-01 0.000000e+00
4.426963e+00 1.585176e-01 0.000000e+00
4.364234e+00 2.100702e-01 0.000000e+00
4.292644e+00 2.302027e-01 0.000000e+00
4.291663e+00 2.267157e-01 0.000000e+00
4.363254e+00 2.065832e-01 0.000000e+00
4.363254e+00 2.065832e-01 0.000000e+00
4.291663e+00 2.267157e-01 0.000000e+00
4.290682e+00 2.232287e-01 0.000000e+00
4.362273e+00 2.030962e-01 0.000000e+00
4.362273e+00 2.030962e-01 0.000000e+00
4.290682e+00 2.232287e-01 0.000000e+00
4.289702e+00 2.197417e-01 0.000000e+00
4.361292e+00 1.996091e-01 0.000000e+00
4.361292e+00 1.996091e-01 0.000000e+00
4.289702e+00 2.197417e-01 0.000000e+00
4.288721e+00 2.162547e-01 0.000000e+00
4.360312e+00 1.961221e-01 0.000000e+00
4.360312e+00 1.961221e-01 0.000000e+00
4.288721e+00 2.162547e-01 0.000000e+00
4.287741e+00 2.127676e-01 0.000000e+00
4.359331e+00 1.926351e-01 0.000000e+00
4.359331e+00 1.926351e-01 0.000000e+00
4.287741e+00 2.127676e-01 0.000000e+00
4.286760e+00 2.092806e-01 0.000000e+00
4.358350e+00 1.891481e-01 0.000000e+00
4.358350e+00 1.891481e-01 0.000000e+00
4.286760e+00 2.092806e-01 0.000000e+00
4.285779e+00 2.057936e-01 0.000000e+00
4.357370e+00 1.856610e-01 0.000000e+00
4.357370e+00 1.856610e-01 0.000000e+00
4.285779e+00 2.057936e-01 0.000000e+00
4.284799e+00 2.023066e-01 0.000000e+00
4.356389e+00 1.821740e-01 0.000000e+00
4.356389e+00 1.821740e-01 0.000000e+00
4.284799e+00 2.023066e-01 0.000000e+00
4.283818e+00 1.988195e-01 0.000000e+00
4.355409e+00 1.786870e-01 0.000000e+00
4.292624e+00 2.302083e-01 0.000000e+00
4.221000e+00 2.502524e-01 0.000000e+00
4.220024e+00 2.467641e-01 0.000000e+00
4.291648e+00 2.267201e-01 0.000000e+00
4.291648e+00 2.267201e-01 0.000000e+00
4.220024e+00 2.467641e-01 0.000000e+00
4.219048e+00 2.432758e-01 0.000000e+00
4.290671e+00 2.232318e-01 0.000000e+00
4.290671e+00 2.232318e-01 0.000000e+00
4.219048e+00 2.432758e-01 0.000000e+00
4.218072e+00 2.397876e-01 0.000000e+00
4.289695e+00 2.197435e-01 0.000000e+00
4.289695e+00 2.197435e-01 0.000000e+00
4.218072e+00 2.397876e-01 0.000000e+00
4.217096e+00 2.362993e-01 0.000000e+00
4.288719e+00 2.162553e-01 0.000000e+00
4.288719e+00 2.162553e-01 0.000000e+00
4.217096e+00 2.362993e-01 0.000000e+00
4.216119e+00 2.328110e-01 0.000000e+00
4.287743e+00 2.127670e-01 0.000000e+00
4.287743e+00 2.127670e-01 0.000000e+00
4.216119e+00 2.328110e-01 0.000000e+00
4.215143e+00 2.293228e-01 0.000000e+00
4.286767e+00 2.092787e-01 0.000000e+00
4.286767e+00 2.092787e-01 0.000000e+00
4.215143e+00 2.293228e-01 0.000000e+00
4.214167e+00 2.258345e-01 0.000000e+00
4.285790e+00 2.057905e-01 0.000000e+00
4.285790e+00 2.057905e-01 0.000000e+00
4.214167e+00 2.258345e-01 0.000000e+00
4.213191e+00 2.223463e-01 0.000000e+00
4.284814e+00 2.023022e-01 0.000000e+00
4.284814e+00 2.023022e-01 0.000000e+00
4.213191e+00 2.223463e-01 0.000000e+00
4.212215e+00 2.188580e-01 0.000000e+00
4.283838e+00 1.988140e-01 0.000000e+00
4.221006e+00 2.502507e-01 0.000000e+00
4.149364e+00 2.703281e-01 0.000000e+00
4.148387e+00 2.668402e-01 0.000000e+00
4.220029e+00 2.467628e-01 0.000000e+00
4.220029e+00 2.467628e-01 0.000000e+00
4.148387e+00 2.668402e-01 0.000000e+00
4.147410e+00 2.633523e-01 0.000000e+00
4.219051e+00 2.432749e-01 0.000000e+00
4.219051e+00 2.432749e-01 0.000000e+00
4.147410e+00 2.633523e-01 0.000000e+00
4.146432e+00 2.598644e-01 0.000000e+00
4.218074e+00 2.397870e-01 0.000000e+00
4.218074e+00 2.397870e-01 0.000000e+00
4.146432e+00 2.598644e-01 0.000000e+00
4.145455e+00 2.563765e-01 0.000000e+00
4.217096e+00 2.362991e-01 0.000000e+00
4.217096e+00 2.362991e-01 0.000000e+00
4.145455e+00 2.563765e-01 0.000000e+00
4.144477e+00 2.528886e-01 0.000000e+00
4.216119e+00 2.328112e-01 0.000000e+00
4.216119e+00 2.328112e-01 0.000000e+00
4.144477e+00 2.528886e-01 0.000000e+00
4.143500e+00 2.494007e-01 0.000000e+00
4.215141e+00 2.293233e-01 0.000000e+00
4.215141e+00 2.293233e-01 0.000000e+00
4.143500e+00 2.494007e-01 0.000000e+00
4.142522e+00 2.459128e-01 0.000000e+00
4.214164e+00 2.258354e-01 0.000000e+00
4.214164e+00 2.258354e-01 0.000000e+00
4.142522e+00 2.459128e-01 0.000000e+00
4.141545e+00 2.424249e-01 0.000000e+00
4.213186e+00 2.223475e-01 0.000000e+00
4.213186e+00 2.223475e-01 0.000000e+00
4.141545e+00 2.424249e-01 0.000000e+00
4.140567e+00 2.389370e-01 0.000000e+00
4.212209e+00 2.188596e-01 0.000000e+00
4.149395e+00 2.703194e-01 0.000000e+00
4.077794e+00 2.905380e-01 0.000000e+00
4.076810e+00 2.870520e-01 0.000000e+00
4.148411e+00 2.668335e-01 0.000000e+00
4.148411e+00 2.668335e-01 0.000000e+00
4.076810e+00 2.870520e-01 0.000000e+00
4.075825e+00 2.835661e-01 0.000000e+00
4.147427e+00 2.633475e-01 0.000000e+00
4.147427e+00 2.633475e-01 0.000000e+00
4.075825e+00 2.835661e-01 0.000000e+00
4.074841e+00 2.800801e-01 0.000000e+00
4.146442e+00 2.598615e-01 0.000000e+00
4.146442e+00 2.598615e-01 0.000000e+00
4.074841e+00 2.800801e-01 0.000000e+00
4.073857e+00 2.765941e-01 0.000000e+00
4.145458e+00 2.563756e-01 0.000000e+00
4.145458e+00 2.563756e-01 0.000000e+00
4.073857e+00 2.765941e-01 0.000000e+00
4.072872e+00 2.731081e-01 0.000000e+00
4.144474e+00 2.528896e-01 0.000000e+00
4.144474e+00 2.528896e-01 0.000000e+00
4.072872e+00 2.731081e-01 0.000000e+00
4.071888e+00 2.696222e-01 0.000000e+00
4.143489e+00 2.494036e-01 0.000000e+00
4.143489e+00 2.494036e-01 0.000000e+00
4.071888e+00 2.696222e-01 0.000000e+00
4.070904e+00 2.661362e-01 0.000000e+00
4.142505e+00 2.459176e-01 0.000000e+00
4.142505e+00 2.459176e-01 0.000000e+00
4.070904e+00 2.661362e-01 0.000000e+00
4.069919e+00 2.626502e-01 0.000000e+00
4.141521e+00 2.424317e-01 0.000000e+00
4.141521e+00 2.424317e-01 0.000000e+00
4.069919e+00 2.626502e-01 0.000000e+00
4.068935e+00 2.591643e-01 0.000000e+00
4.140536e+00 2.389457e-01 0.000000e+00
4.077799e+00 2.905366e-01 0.000000e+00
4.006211e+00 3.107751e-01 0.000000e+00
4.005225e+00 3.072895e-01 0.000000e+00
4.076813e+00 2.870510e-01 0.000000e+00
4.076813e+00 2.870510e-01 0.000000e+00
4.005225e+00 3.072895e-01 0.000000e+00
4.004240e+00 3.038038e-01 0.000000e+00
4.075828e+00 2.835653e-01 0.000000e+00
4.075828e+00 2.835653e-01 0.000000e+00
4.004240e+00 3.038038e-01 0.000000e+00
4.003255e+00 3.003181e-01 0.000000e+00
4.074843e+00 2.800796e-01 0.000000e+00
4.074843e+00 2.800796e-01 0.000000e+00
4.003255e+00 3.003181e-01 0.000000e+00
4.002269e+00 2.968325e-01 0.000000e+00
4.073857e+00 2.765940e-01 0.000000e+00
4.073857e+00 2.765940e-01 0.000000e+00
4.002269e+00 2.968325e-01 0.000000e+00
4.001284e+00 2.933468e-01 0.000000e+00
4.072872e+00 2.731083e-01 0.000000e+00
4.072872e+00 2.731083e-01 0.000000e+00
4.001284e+00 2.933468e-01 0.000000e+00
4.000298e+00 2.898612e-01 0.000000e+00
4.071886e+00 2.696226e-01 0.000000e+00
4.071886e+00 2.696226e-01 0.000000e+00
4.000298e+00 2.898612e-01 0.000000e+00
3.999313e+00 2.863755e-01 0.000000e+00
4.070901e+00 2.661370e-01 0.000000e+00
4.070901e+00 2.661370e-01 0.000000e+00
3.999313e+00 2.863755e-01 0.000000e+00
3.998327e+00 2.828898e-01 0.000000e+00
4.069915e+00 2.626513e-01 0.000000e+00
4.069915e+00 2.626513e-01 0.000000e+00
3.998327e+00 2.828898e-01 0.000000e+00
3.997342e+00 2.794042e-01 0.000000e+00
4.068930e+00 2.591656e-01 0.000000e+00
4.006227e+00 3.107705e-01 0.000000e+00
3.934656e+00 3.310861e-01 0.000000e+00
3.933667e+00 3.276014e-01 0.000000e+00
4.005238e+00 3.072858e-01 0.000000e+00
4.005238e+00 3.072858e-01 0.000000e+00
3.933667e+00 3.276014e-01 0.000000e+00
3.932678e+00 3.241168e-01 0.000000e+00
4.004249e+00 3.038012e-01 0.000000e+00
4.004249e+00 3.038012e-01 0.000000e+00
3.932678e+00 3.241168e-01 0.000000e+00
3.931688e+00 3.206322e-01 0.000000e+00
4.003260e+00 3.003166e-01 0.000000e+00
4.003260e+00 3.003166e-01 0.000000e+00
3.931688e+00 3.206322e-01 0.000000e+00
3.930699e+00 3.171476e-01 0.000000e+00
4.002271e+00 2.968320e-01 0.000000e+00
4.002271e+00 2.968320e-01 0.000000e+00
3.930699e+00 3.171476e-01 0.000000e+00
3.929710e+00 3.136629e-01 0.000000e+00
4.001282e+00 2.933473e-01 0.000000e+00
4.001282e+00 2.933473e-01 0.000000e+00
3.929710e+00 3.136629e-01 0.000000e+00
3.928721e+00 3.101783e-01 0.000000e+00
4.000293e+00 2.898627e-01 0.000000e+00
4.000293e+00 2.898627e-01 0.000000e+00
3.928721e+00 3.101783e-01 0.000000e+00
3.927732e+00 3.066937e-01 0.000000e+00
3.999304e+00 2.863781e-01 0.000000e+00
3.999304e+00 2.863781e-01 0.000000e+00
3.927732e+00 3.066937e-01 0.000000e+00
3.926743e+00 3.032091e-01 0.000000e+00
3.998315e+00 2.828935e-01 0.000000e+00
3.998315e+00 2.828935e-01 0.000000e+00
3.926743e+00 3.032091e-01 0.000000e+00
3.925754e+00 2.997244e-01 0.000000e+00
3.997325e+00 2.794088e-01 0.000000e+00
3.932302e+00 3.315700e-01 0.000000e+00
3.857709e+00 3.412488e-01 0.000000e+00
3.857243e+00 3.376566e-01 0.000000e+00
3.931836e+00 3.279778e-01 0.000000e+00
3.931836e+00 3.279778e-01 0.000000e+00
3.857243e+00 3.376566e-01 0.000000e+00
3.856777e+00 3.340644e-01 0.000000e+00
3.931370e+00 3.243857e-01 0.000000e+00
3.931370e+00 3.243857e-01 0.000000e+00
3.856777e+00 3.340644e-01 0.000000e+00
3.856311e+00 3.304722e-01 0.000000e+00
3.930904e+00 3.207935e-01 0.000000e+00
3.930904e+00 3.207935e-01 0.000000e+00
3.856311e+00 3.304722e-01 0.000000e+00
3.855845e+00 3.268801e-01 0.000000e+00
3.930438e+00 3.172013e-01 0.000000e+00
3.930438e+00 3.172013e-01 0.000000e+00
3.855845e+00 3.268801e-01 0.000000e+00
3.855379e+00 3.232879e-01 0.000000e+00
3.929972e+00 3.136092e-01 0.000000e+00
3.929972e+00 3.136092e-01 0.000000e+00
3.855379e+00 3.232879e-01 0.000000e+00
3.854912e+00 3.196957e-01 0.000000e+00
3.929506e+00 3.100170e-01 0.000000e+00
3.929506e+00 3.100170e-01 0.000000e+00
3.854912e+00 3.196957e-01 0.000000e+00
3.854446e+00 3.161036e-01 0.000000e+00
3.929040e+00 3.064248e-01 0.000000e+00
3.929040e+00 3.064248e-01 0.000000e+00
3.854446e+00 3.161036e-01 0.000000e+00
3.853980e+00 3.125114e-01 0.000000e+00
3.928573e+00 3.028327e-01 0.000000e+00
3.928573e+00 3.028327e-01 0.000000e+00
3.853980e+00 3.125114e-01 0.000000e+00
3.853514e+00 3.089192e-01 0.000000e+00
3.928107e+00 2.992405e-01 0.000000e+00
3.860501e+00 3.633297e-01 0.000000e+00
3.786822e+00 3.727499e-01 0.000000e+00
3.785735e+00 3.642509e-01 0.000000e+00
3.859415e+00 3.548306e-01 0.000000e+00
3.859415e+00 3.548306e-01 0.000000e+00
3.785735e+00 3.642509e-01 0.000000e+00
3.784649e+00 3.557518e-01 0.000000e+00
3.858328e+00 3.463316e-01 0.000000e+00
3.858328e+00 3.463316e-01 0.000000e+00
3.784649e+00 3.557518e-01 0.000000e+00
3.783562e+00 3.472528e-01 0.000000e+00
3.857242e+00 3.378326e-01 0.000000e+00
3.857242e+00 3.378326e-01 0.000000e+00
3.783562e+00 3.472528e-01 0.000000e+00
3.782475e+00 3.387537e-01 0.000000e+00
3.856155e+00 3.293335e-01 0.000000e+00
3.856155e+00 3.293335e-01 0.000000e+00
3.782475e+00 3.387537e-01 0.000000e+00
3.781389e+00 3.302547e-01 0.000000e+00
3.855068e+00 3.208345e-01 0.000000e+00
3.855068e+00 3.208345e-01 0.000000e+00
3.781389e+00 3.302547e-01 0.000000e+00
3.780302e+00 3.217556e-01 0.000000e+00
3.853982e+00 3.123354e-01 0.000000e+00
3.853982e+00 3.123354e-01 0.000000e+00
3.780302e+00 3.217556e-01 0.000000e+00
3.779216e+00 3.132566e-01 0.000000e+00
3.852895e+00 3.038364e-01 0.000000e+00
3.852895e+00 3.038364e-01 0.000000e+00
3.779216e+00 3.132566e-01 0.000000e+00
3.778129e+00 3.047576e-01 0.000000e+00
3.851808e+00 2.953373e-01 0.000000e+00
3.851808e+00 2.953373e-01 0.000000e+00
3.778129e+00 3.047576e-01 0.000000e+00
3.777042e+00 2.962585e-01 0.000000e+00
3.850722e+00 2.868383e-01 0.000000e+00
3.792522e+00 3.715786e-01 0.000000e+00
3.721901e+00 3.917496e-01 0.000000e+00
3.719548e+00 3.835108e-01 0.000000e+00
3.790168e+00 3.633398e-01 0.000000e+00
3.790168e+00 3.633398e-01 0.000000e+00
3.719548e+00 3.835108e-01 0.000000e+00
3.717195e+00 3.752721e-01 0.000000e+00
3.787815e+00 3.551011e-01 0.000000e+00
3.787815e+00 3.551011e-01 0.000000e+00
3.717195e+00 3.752721e-01 0.000000e+00
3.714841e+00 3.670333e-01 0.000000e+00
3.785462e+00 3.468623e-01 0.000000e+00
3.785462e+00 3.468623e-01 0.000000e+00
3.714841e+00 3.670333e-01 0.000000e+00
3.712488e+00 3.587946e-01 0.000000e+00
3.783109e+00 3.386236e-01 0.000000e+00
3.783109e+00 3.386236e-01 0.000000e+00
3.712488e+00 3.587946e-01 0.000000e+00
3.710135e+00 3.505558e-01 0.000000e+00
3.780756e+00 3.303848e-01 0.000000e+00
3.780756e+00 3.303848e-01 0.000000e+00
3.710135e+00 3.505558e-01 0.000000e+00
3.707782e+00 3.423171e-01 0.000000e+00
3.778402e+00 3.221461e-01 0.000000e+00
3.778402e+00 3.221461e-01 0.000000e+00
3.707782e+00 3.423171e-01 0.000000e+00
3.705429e+00 3.340783e-01 0.000000e+00
3.776049e+00 3.139073e-01 0.000000e+00
3.776049e+00 3.139073e-01 0.000000e+00
3.705429e+00 3.340783e-01 0.000000e+00
3.703075e+00 3.258396e-01 0.000000e+00
3.773696e+00 3.056686e-01 0.000000e+00
3.773696e+00 3.056686e-01 0.000000e+00
3.703075e+00 3.258396e-01 0.000000e+00
3.700722e+00 3.176008e-01 0.000000e+00
3.771343e+00 2.974298e-01 0.000000e+00
3.721909e+00 3.917473e-01 0.000000e+00
3.651305e+00 4.119304e-01 0.000000e+00
3.648950e+00 4.036922e-01 0.000000e+00
3.719554e+00 3.835090e-01 0.000000e+00
3.719554e+00 3.835090e-01 0.000000e+00
3.648950e+00 4.036922e-01 0.000000e+00
3.646595e+00 3.954540e-01 0.000000e+00
3.717199e+00 3.752708e-01 0.000000e+00
3.717199e+00 3.752708e-01 0.000000e+00
3.646595e+00 3.954540e-01 0.000000e+00
3.644240e+00 3.872157e-01 0.000000e+00
3.714844e+00 3.670326e-01 0.000000e+00
3.714844e+00 3.670326e-01 0.000000e+00
3.644240e+00 3.872157e-01 0.000000e+00
3.641885e+00 3.789775e-01 0.000000e+00
3.712489e+00 3.587943e-01 0.000000e+00
3.712489e+00 3.587943e-01 0.000000e+00
3.641885e+00 3.789775e-01 0.000000e+00
3.639530e+00 3.707393e-01 0.000000e+00
3.710134e+00 3.505561e-01 0.000000e+00
3.710134e+00 3.505561e-01 0.000000e+00
3.639530e+00 3.707393e-01 0.000000e+00
3.637175e+00 3.625010e-01 0.000000e+00
3.707779e+00 3.423179e-01 0.000000e+00
3.707779e+00 3.423179e-01 0.000000e+00
3.637175e+00 3.625010e-01 0.000000e+00
3.634820e+00 3.542628e-01 0.000000e+00
3.705424e+00 3.340796e-01 0.000000e+00
3.705424e+00 3.340796e-01 0.000000e+00
3.634820e+00 3.542628e-01 0.000000e+00
3.632465e+00 3.460246e-01 0.000000e+00
3.703069e+00 3.258414e-01 0.000000e+00
3.703069e+00 3.258414e-01 0.000000e+00
3.632465e+00 3.460246e-01 0.000000e+00
3.630110e+00 3.377863e-01 0.000000e+00
3.700714e+00 3.176032e-01 0.000000e+00
3.651306e+00 4.119300e-01 0.000000e+00
3.580698e+00 4.321171e-01 0.000000e+00
3.578343e+00 4.238790e-01 0.000000e+00
3.648951e+00 4.036919e-01 0.000000e+00
3.648951e+00 4.036919e-01 0.000000e+00
3.578343e+00 4.238790e-01 0.000000e+00
3.575988e+00 4.156408e-01 0.000000e+00
3.646595e+00 3.954537e-01 0.000000e+00
3.646595e+00 3.954537e-01 0.000000e+00
3.575988e+00 4.156408e-01 0.000000e+00
3.573632e+00 4.074027e-01 0.000000e+00
3.644240e+00 3.872156e-01 0.000000e+00
3.644240e+00 3.872156e-01 0.000000e+00
3.573632e+00 4.074027e-01 0.000000e+00
3.571277e+00 3.991646e-01 0.000000e+00
3.641885e+00 3.789774e-01 0.000000e+00
3.641885e+00 3.789774e-01 0.000000e+00
3.571277e+00 3.991646e-01 0.000000e+00
3.568922e+00 3.909264e-01 0.000000e+00
3.639529e+00 3.707393e-01 0.000000e+00
3.639529e+00 3.707393e-01 0.000000e+00
3.568922e+00 3.909264e-01 0.000000e+00
3.566566e+00 3.826883e-01 0.000000e+00
3.637174e+00 3.625012e-01 0.000000e+00
3.637174e+00 3.625012e-01 0.000000e+00
3.566566e+00 3.826883e-01 0.000000e+00
3.564211e+00 3.744501e-01 0.000000e+00
3.634819e+00 3.542630e-01 0.000000e+00
3.634819e+00 3.542630e-01 0.000000e+00
3.564211e+00 3.744501e-01 0.000000e+00
3.561856e+00 3.662120e-01 0.000000e+00
3.632463e+00 3.460249e-01 0.000000e+00
3.632463e+00 3.460249e-01 0.000000e+00
3.561856e+00 3.662120e-01 0.000000e+00
3.559500e+00 3.579739e-01 0.000000e+00
3.630108e+00 3.377868e-01 0.000000e+00
3.580714e+00 4.321125e-01 0.000000e+00
3.510116e+00 4.523304e-01 0.000000e+00
3.507757e+00 4.440933e-01 0.000000e+00
3.578356e+00 4.238754e-01 0.000000e+00
3.578356e+00 4.238754e-01 0.000000e+00
3.507757e+00 4.440933e-01 0.000000e+00
3.505398e+00 4.358561e-01 0.000000e+00
3.575997e+00 4.156383e-01 0.000000e+00
3.575997e+00 4.156383e-01 0.000000e+00
3.505398e+00 4.358561e-01 0.000000e+00
3.503039e+00 4.276190e-01 0.000000e+00
3.573638e+00 4.074012e-01 0.000000e+00
3.573638e+00 4.074012e-01 0.000000e+00
3.503039e+00 4.276190e-01 0.000000e+00
3.500680e+00 4.193819e-01 0.000000e+00
3.571279e+00 3.991640e-01 0.000000e+00
3.571279e+00 3.991640e-01 0.000000e+00
3.500680e+00 4.193819e-01 0.000000e+00
3.498321e+00 4.111448e-01 0.000000e+00
3.568920e+00 3.909269e-01 0.000000e+00
3.568920e+00 3.909269e-01 0.000000e+00
3.498321e+00 4.111448e-01 0.000000e+00
3.495962e+00 4.029077e-01 0.000000e+00
3.566561e+00 3.826898e-01 0.000000e+00
3.566561e+00 3.826898e-01 0.000000e+00
3.495962e+00 4.029077e-01 0.000000e+00
3.493603e+00 3.946706e-01 0.000000e+00
3.564202e+00 3.744527e-01 0.000000e+00
3.564202e+00 3.744527e-01 0.000000e+00
3.493603e+00 3.946706e-01 0.000000e+00
3.491244e+00 3.864335e-01 0.000000e+00
3.561843e+00 3.662156e-01 0.000000e+00
3.561843e+00 3.662156e-01 0.000000e+00
3.491244e+00 3.864335e-01 0.000000e+00
3.488885e+00 3.781964e-01 0.000000e+00
3.559484e+00 3.579785e-01 0.000000e+00
3.510117e+00 4.523300e-01 0.000000e+00
3.439526e+00 4.725484e-01 0.000000e+00
3.437167e+00 4.643114e-01 0.000000e+00
3.507758e+00 4.440930e-01 0.000000e+00
3.507758e+00 4.440930e-01 0.000000e+00
3.437167e+00 4.643114e-01 0.000000e+00
3.434808e+00 4.560743e-01 0.000000e+00
3.505398e+00 4.358559e-01 0.000000e+00
3.505398e+00 4.358559e-01 0.000000e+00
3.434808e+00 4.560743e-01 0.000000e+00
3.432448e+00 4.478373e-01 0.000000e+00
3.503039e+00 4.276189e-01 0.000000e+00
3.503039e+00 4.276189e-01 0.000000e+00
3.432448e+00 4.478373e-01 0.000000e+00
3.430089e+00 4.396003e-01 0.000000e+00
3.500680e+00 4.193819e-01 0.000000e+00
3.500680e+00 4.193819e-01 0.000000e+00
3.430089e+00 4.396003e-01 0.000000e+00
3.427730e+00 4.313633e-01 0.000000e+00
3.498321e+00 4.111449e-01 0.000000e+00
3.498321e+00 4.111449e-01 0.000000e+00
3.427730e+00 4.313633e-01 0.000000e+00
3.425371e+00 4.231262e-01 0.000000e+00
3.495962e+00 4.029078e-01 0.000000e+00
3.495962e+00 4.029078e-01 0.000000e+00
3.425371e+00 4.231262e-01 0.000000e+00
3.423012e+00 4.148892e-01 0.000000e+00
3.493602e+00 3.946708e-01 0.000000e+00
3.493602e+00 3.946708e-01 0.000000e+00
3.423012e+00 4.148892e-01 0.000000e+00
3.420652e+00 4.066522e-01 0.000000e+00
3.491243e+00 3.864338e-01 0.000000e+00
3.491243e+00 3.864338e-01 0.000000e+00
3.420652e+00 4.066522e-01 0.000000e+00
3.418293e+00 3.984152e-01 0.000000e+00
3.488884e+00 3.781968e-01 0.000000e+00
3.439528e+00 4.725479e-01 0.000000e+00
3.368946e+00 4.927668e-01 0.000000e+00
3.366587e+00 4.845299e-01 0.000000e+00
3.437168e+00 4.643110e-01 0.000000e+00
3.437168e+00 4.643110e-01 0.000000e+00
3.366587e+00 4.845299e-01 0.000000e+00
3.364227e+00 4.762930e-01 0.000000e+00
3.434809e+00 4.560741e-01 0.000000e+00
3.434809e+00 4.560741e-01 0.000000e+00
3.364227e+00 4.762930e-01 0.000000e+00
3.361868e+00 4.680560e-01 0.000000e+00
3.432449e+00 4.478372e-01 0.000000e+00
3.432449e+00 4.478372e-01 0.000000e+00
3.361868e+00 4.680560e-01 0.000000e+00
3.359508e+00 4.598191e-01 0.000000e+00
3.430089e+00 4.396002e-01 0.000000e+00
3.430089e+00 4.396002e-01 0.000000e+00
3.359508e+00 4.598191e-01 0.000000e+00
3.357149e+00 4.515822e-01 0.000000e+00
3.427730e+00 4.313633e-01 0.000000e+00
3.427730e+00 4.313633e-01 0.000000e+00
3.357149e+00 4.515822e-01 0.000000e+00
3.354789e+00 4.433453e-01 0.000000e+00
3.425370e+00 4.231264e-01 0.000000e+00
3.425370e+00 4.231264e-01 0.000000e+00
3.354789e+00 4.433453e-01 0.000000e+00
3.352429e+00 4.351084e-01 0.000000e+00
3.423011e+00 4.148895e-01 0.000000e+00
3.423011e+00 4.148895e-01 0.000000e+00
3.352429e+00 4.351084e-01 0.000000e+00
3.350070e+00 4.268714e-01 0.000000e+00
3.420651e+00 4.066525e-01 0.000000e+00
3.420651e+00 4.066525e-01 0.000000e+00
3.350070e+00 4.268714e-01 0.000000e+00
3.347710e+00 4.186345e-01 0.000000e+00
3.418292e+00 3.984156e-01 0.000000e+00
3.368930e+00 4.927714e-01 0.000000e+00
3.298343e+00 5.129588e-01 0.000000e+00
3.295987e+00 5.047208e-01 0.000000e+00
3.366574e+00 4.845335e-01 0.000000e+00
3.366574e+00 4.845335e-01 0.000000e+00
3.295987e+00 5.047208e-01 0.000000e+00
3.293631e+00 4.964829e-01 0.000000e+00
3.364218e+00 4.762955e-01 0.000000e+00
3.364218e+00 4.762955e-01 0.000000e+00
3.293631e+00 4.964829e-01 0.000000e+00
3.291275e+00 4.882449e-01 0.000000e+00
3.361862e+00 4.680576e-01 0.000000e+00
3.361862e+00 4.680576e-01 0.000000e+00
3.291275e+00 4.882449e-01 0.000000e+00
3.288919e+00 4.800070e-01 0.000000e+00
3.359506e+00 4.598196e-01 0.000000e+00
3.359506e+00 4.598196e-01 0.000000e+00
3.288919e+00 4.800070e-01 0.000000e+00
3.286563e+00 4.717690e-01 0.000000e+00
3.357150e+00 4.515817e-01 0.000000e+00
3.357150e+00 4.515817e-01 0.000000e+00
3.286563e+00 4.717690e-01 0.000000e+00
3.284207e+00 4.635311e-01 0.000000e+00
3.354794e+00 4.433437e-01 0.000000e+00
3.354794e+00 4.433437e-01 0.000000e+00
3.284207e+00 4.635311e-01 0.000000e+00
3.281851e+00 4.552931e-01 0.000000e+00
3.352438e+00 4.351058e-01 0.000000e+00
3.352438e+00 4.351058e-01 0.000000e+00
3.281851e+00 4.552931e-01 0.000000e+00
3.279495e+00 4.470552e-01 0.000000e+00
3.350082e+00 4.268678e-01 0.000000e+00
3.350082e+00 4.268678e-01 0.000000e+00
3.279495e+00 4.470552e-01 0.000000e+00
3.277139e+00 4.388173e-01 0.000000e+00
3.347726e+00 4.186299e-01 0.000000e+00
3.298339e+00 5.129600e-01 0.000000e+00
3.227742e+00 5.331413e-01 0.000000e+00
3.225386e+00 5.249031e-01 0.000000e+00
3.295984e+00 5.047218e-01 0.000000e+00
3.295984e+00 5.047218e-01 0.000000e+00
3.225386e+00 5.249031e-01 0.000000e+00
3.223031e+00 5.166649e-01 0.000000e+00
3.293629e+00 4.964836e-01 0.000000e+00
3.293629e+00 4.964836e-01 0.000000e+00
3.223031e+00 5.166649e-01 0.000000e+00
3.220676e+00 5.084267e-01 0.000000e+00
3.291274e+00 4.882454e-01 0.000000e+00
3.291274e+00 4.882454e-01 0.000000e+00
3.220676e+00 5.084267e-01 0.000000e+00
3.218321e+00 5.001884e-01 0.000000e+00
3.288919e+00 4.800071e-01 0.000000e+00
3.288919e+00 4.800071e-01 0.000000e+00
3.218321e+00 5.001884e-01 0.000000e+00
3.215966e+00 4.919502e-01 0.000000e+00
3.286564e+00 4.717689e-01 0.000000e+00
3.286564e+00 4.717689e-01 0.000000e+00
3.215966e+00 4.919502e-01 0.000000e+00
3.213611e+00 4.837120e-01 0.000000e+00
3.284209e+00 4.635307e-01 0.000000e+00
3.284209e+00 4.635307e-01 0.000000e+00
3.213611e+00 4.837120e-01 0.000000e+00
3.211256e+00 4.754738e-01 0.000000e+00
3.281854e+00 4.552925e-01 0.000000e+00
3.281854e+00 4.552925e-01 0.000000e+00
3.211256e+00 4.754738e-01 0.000000e+00
3.208901e+00 4.672355e-01 0.000000e+00
3.279499e+00 4.470542e-01 0.000000e+00
3.279499e+00 4.470542e-01 0.000000e+00
3.208901e+00 4.672355e-01 0.000000e+00
3.206546e+00 4.589973e-01 0.000000e+00
3.277144e+00 4.388160e-01 0.000000e+00
3.227741e+00 5.331414e-01 0.000000e+00
3.157160e+00 5.533178e-01 0.000000e+00
3.154805e+00 5.450795e-01 0.000000e+00
3.225386e+00 5.249032e-01 0.000000e+00
3.225386e+00 5.249032e-01 0.000000e+00
3.154805e+00 5.450795e-01 0.000000e+00
3.152450e+00 5.368413e-01 0.000000e+00
3.223031e+00 5.166649e-01 0.000000e+00
3.223031e+00 5.166649e-01 0.000000e+00
3.152450e+00 5.368413e-01 0.000000e+00
3.150095e+00 5.286031e-01 0.000000e+00
3.220676e+00 5.084267e-01 0.000000e+00
3.220676e+00 5.084267e-01 0.000000e+00
3.150095e+00 5.286031e-01 0.000000e+00
3.147740e+00 5.203648e-01 0.000000e+00
3.218321e+00 5.001884e-01 0.000000e+00
3.218321e+00 5.001884e-01 0.000000e+00
3.147740e+00 5.203648e-01 0.000000e+00
3.145385e+00 5.121266e-01 0.000000e+00
3.215966e+00 4.919502e-01 0.000000e+00
3.215966e+00 4.919502e-01 0.000000e+00
3.145385e+00 5.121266e-01 0.000000e+00
3.143030e+00 5.038884e-01 0.000000e+00
3.213611e+00 4.837120e-01 0.000000e+00
3.213611e+00 4.837120e-01 0.000000e+00
3.143030e+00 5.038884e-01 0.000000e+00
3.140675e+00 4.956501e-01 0.000000e+00
3.211256e+00 4.754737e-01 0.000000e+00
3.211256e+00 4.754737e-01 0.000000e+00
3.140675e+00 4.956501e-01 0.000000e+00
3.138320e+00 4.874119e-01 0.000000e+00
3.208902e+00 4.672355e-01 0.000000e+00
3.208902e+00 4.672355e-01 0.000000e+00
3.138320e+00 4.874119e-01 0.000000e+00
3.135965e+00 4.791736e-01 0.000000e+00
3.206547e+00 4.589972e-01 0.000000e+00
3.157123e+00 5.533281e-01 0.000000e+00
3.086529e+00 5.734334e-01 0.000000e+00
3.084182e+00 5.651929e-01 0.000000e+00
3.154777e+00 5.450876e-01 0.000000e+00
3.154777e+00 5.450876e-01 0.000000e+00
3.084182e+00 5.651929e-01 0.000000e+00
3.081835e+00 5.569524e-01 0.000000e+00
3.152430e+00 5.368471e-01 0.000000e+00
3.152430e+00 5.368471e-01 0.000000e+00
3.081835e+00 5.569524e-01 0.000000e+00
3.079488e+00 5.487118e-01 0.000000e+00
3.150083e+00 5.286065e-01 0.000000e+00
3.150083e+00 5.286065e-01 0.000000e+00
3.079488e+00 5.487118e-01 0.000000e+00
3.077141e+00 5.404713e-01 0.000000e+00
3.147736e+00 5.203660e-01 0.000000e+00
3.147736e+00 5.203660e-01 0.000000e+00
3.077141e+00 5.404713e-01 0.000000e+00
3.074795e+00 5.322307e-01 0.000000e+00
3.145389e+00 5.121254e-01 0.000000e+00
3.145389e+00 5.121254e-01 0.000000e+00
3.074795e+00 5.322307e-01 0.000000e+00
3.072448e+00 5.239902e-01 0.000000e+00
3.143042e+00 5.038849e-01 0.000000e+00
3.143042e+00 5.038849e-01 0.000000e+00
3.072448e+00 5.239902e-01 0.000000e+00
3.070101e+00 5.157496e-01 0.000000e+00
3.140695e+00 4.956444e-01 0.000000e+00
3.140695e+00 4.956444e-01 0.000000e+00
3.070101e+00 5.157496e-01 0.000000e+00
3.067754e+00 5.075091e-01 0.000000e+00
3.138348e+00 4.874038e-01 0.000000e+00
3.138348e+00 4.874038e-01 0.000000e+00
3.067754e+00 5.075091e-01 0.000000e+00
3.065407e+00 4.992686e-01 0.000000e+00
3.136001e+00 4.791633e-01 0.000000e+00
3.086515e+00 5.734374e-01 0.000000e+00
3.015896e+00 5.935212e-01 0.000000e+00
3.013552e+00 5.852797e-01 0.000000e+00
3.084171e+00 5.651960e-01 0.000000e+00
3.084171e+00 5.651960e-01 0.000000e+00
3.013552e+00 5.852797e-01 0.000000e+00
3.011208e+00 5.770383e-01 0.000000e+00
3.081828e+00 5.569546e-01 0.000000e+00
3.081828e+00 5.569546e-01 0.000000e+00
3.011208e+00 5.770383e-01 0.000000e+00
3.008864e+00 5.687969e-01 0.000000e+00
3.079484e+00 5.487131e-01 0.000000e+00
3.079484e+00 5.487131e-01 0.000000e+00
3.008864e+00 5.687969e-01 0.000000e+00
3.006521e+00 5.605555e-01 0.000000e+00
3.077140e+00 5.404717e-01 0.000000e+00
3.077140e+00 5.404717e-01 0.000000e+00
3.006521e+00 5.605555e-01 0.000000e+00
3.004177e+00 5.523141e-01 0.000000e+00
3.074796e+00 5.322303e-01 0.000000e+00
3.074796e+00 5.322303e-01 0.000000e+00
3.004177e+00 5.523141e-01 0.000000e+00
3.001833e+00 5.440726e-01 0.000000e+00
3.072452e+00 5.239889e-01 0.000000e+00
3.072452e+00 5.239889e-01 0.000000e+00
3.001833e+00 5.440726e-01 0.000000e+00
2.999489e+00 5.358312e-01 0.000000e+00
3.070108e+00 5.157474e-01 0.000000e+00
3.070108e+00 5.157474e-01 0.000000e+00
2.999489e+00 5.358312e-01 0.000000e+00
2.997145e+00 5.275898e-01 0.000000e+00
3.067765e+00 5.075060e-01 0.000000e+00
3.067765e+00 5.075060e-01 0.000000e+00
2.997145e+00 5.275898e-01 0.000000e+00
2.994802e+00 5.193484e-01 0.000000e+00
3.065421e+00 4.992646e-01 0.000000e+00
3.015894e+00 5.935216e-01 0.000000e+00
2.945285e+00 6.135993e-01 0.000000e+00
2.942942e+00 6.053577e-01 0.000000e+00
3.013551e+00 5.852801e-01 0.000000e+00
3.013551e+00 5.852801e-01 0.000000e+00
2.942942e+00 6.053577e-01 0.000000e+00
2.940599e+00 5.971162e-01 0.000000e+00
3.011207e+00 5.770386e-01 0.000000e+00
3.011207e+00 5.770386e-01 0.000000e+00
2.940599e+00 5.971162e-01 0.000000e+00
2.938255e+00 5.888747e-01 0.000000e+00
3.008864e+00 5.687970e-01 0.000000e+00
3.008864e+00 5.687970e-01 0.000000e+00
2.938255e+00 5.888747e-01 0.000000e+00
2.935912e+00 5.806332e-01 0.000000e+00
3.006520e+00 5.605555e-01 0.000000e+00
3.006520e+00 5.605555e-01 0.000000e+00
2.935912e+00 5.806332e-01 0.000000e+00
2.933568e+00 5.723917e-01 0.000000e+00
3.004177e+00 5.523140e-01 0.000000e+00
3.004177e+00 5.523140e-01 0.000000e+00
2.933568e+00 5.723917e-01 0.000000e+00
2.931225e+00 5.641502e-01 0.000000e+00
3.001833e+00 5.440725e-01 0.000000e+00
3.001833e+00 5.440725e-01 0.000000e+00
2.931225e+00 5.641502e-01 0.000000e+00
2.928881e+00 5.559086e-01 0.000000e+00
2.999490e+00 5.358310e-01 0.000000e+00
2.999490e+00 5.358310e-01 0.000000e+00
2.928881e+00 5.559086e-01 0.000000e+00
2.926538e+00 5.476671e-01 0.000000e+00
2.997147e+00 5.275895e-01 0.000000e+00
2.997147e+00 5.275895e-01 0.000000e+00
2.926538e+00 5.476671e-01 0.000000e+00
2.924194e+00 5.394256e-01 0.000000e+00
2.994803e+00 5.193479e-01 0.000000e+00
2.945249e+00 6.136096e-01 0.000000e+00
2.874643e+00 6.336114e-01 0.000000e+00
2.872308e+00 6.253676e-01 0.000000e+00
2.942914e+00 6.053658e-01 0.000000e+00
2.942914e+00 6.053658e-01 0.000000e+00
2.872308e+00 6.253676e-01 0.000000e+00
2.869972e+00 6.171238e-01 0.000000e+00
2.940578e+00 5.971220e-01 0.000000e+00
2.940578e+00 5.971220e-01 0.000000e+00
2.869972e+00 6.171238e-01 0.000000e+00
2.867637e+00 6.088800e-01 0.000000e+00
2.938243e+00 5.888782e-01 0.000000e+00
2.938243e+00 5.888782e-01 0.000000e+00
2.867637e+00 6.088800e-01 0.000000e+00
2.865302e+00 6.006361e-01 0.000000e+00
2.935908e+00 5.806343e-01 0.000000e+00
2.935908e+00 5.806343e-01 0.000000e+00
2.865302e+00 6.006361e-01 0.000000e+00
2.862966e+00 5.923923e-01 0.000000e+00
2.933572e+00 5.723905e-01 0.000000e+00
2.933572e+00 5.723905e-01 0.000000e+00
2.862966e+00 5.923923e-01 0.000000e+00
2.860631e+00 5.841485e-01 0.000000e+00
2.931237e+00 5.641467e-01 0.000000e+00
2.931237e+00 5.641467e-01 0.000000e+00
2.860631e+00 5.841485e-01 0.000000e+00
2.858296e+00 5.759047e-01 0.000000e+00
2.928901e+00 5.559029e-01 0.000000e+00
2.928901e+00 5.559029e-01 0.000000e+00
2.858296e+00 5.759047e-01 0.000000e+00
2.855960e+00 5.676609e-01 0.000000e+00
2.926566e+00 5.476591e-01 0.000000e+00
2.926566e+00 5.476591e-01 0.000000e+00
2.855960e+00 5.676609e-01 0.000000e+00
2.853625e+00 5.594171e-01 0.000000e+00
2.924231e+00 5.394153e-01 0.000000e+00
2.874596e+00 6.336247e-01 0.000000e+00
2.803947e+00 6.535423e-01 0.000000e+00
2.801622e+00 6.452956e-01 0.000000e+00
2.872271e+00 6.253779e-01 0.000000e+00
2.872271e+00 6.253779e-01 0.000000e+00
2.801622e+00 6.452956e-01 0.000000e+00
2.799297e+00 6.370488e-01 0.000000e+00
2.869946e+00 6.171311e-01 0.000000e+00
2.869946e+00 6.171311e-01 0.000000e+00
2.799297e+00 6.370488e-01 0.000000e+00
2.796972e+00 6.288020e-01 0.000000e+00
2.867621e+00 6.088844e-01 0.000000e+00
2.867621e+00 6.088844e-01 0.000000e+00
2.796972e+00 6.288020e-01 0.000000e+00
2.794647e+00 6.205553e-01 0.000000e+00
2.865296e+00 6.006376e-01 0.000000e+00
2.865296e+00 6.006376e-01 0.000000e+00
2.794647e+00 6.205553e-01 0.000000e+00
2.792322e+00 6.123085e-01 0.000000e+00
2.862971e+00 5.923908e-01 0.000000e+00
2.862971e+00 5.923908e-01 0.000000e+00
2.792322e+00 6.123085e-01 0.000000e+00
2.789997e+00 6.040618e-01 0.000000e+00
2.860647e+00 5.841441e-01 0.000000e+00
2.860647e+00 5.841441e-01 0.000000e+00
2.789997e+00 6.040618e-01 0.000000e+00
2.787672e+00 5.958150e-01 0.000000e+00
2.858322e+00 5.758973e-01 0.000000e+00
2.858322e+00 5.758973e-01 0.000000e+00
2.787672e+00 5.958150e-01 0.000000e+00
2.785348e+00 5.875682e-01 0.000000e+00
2.855997e+00 5.676506e-01 0.000000e+00
2.855997e+00 5.676506e-01 0.000000e+00
2.785348e+00 5.875682e-01 0.000000e+00
2.783023e+00 5.793215e-01 0.000000e+00
2.853672e+00 5.594038e-01 0.000000e+00
2.803947e+00 6.535425e-01 0.000000e+00
2.733281e+00 6.734636e-01 0.000000e+00
2.730957e+00 6.652168e-01 0.000000e+00
2.801622e+00 6.452957e-01 0.000000e+00
2.801622e+00 6.452957e-01 0.000000e+00
2.730957e+00 6.652168e-01 0.000000e+00
2.728632e+00 6.569700e-01 0.000000e+00
2.799297e+00 6.370489e-01 0.000000e+00
2.799297e+00 6.370489e-01 0.000000e+00
2.728632e+00 6.569700e-01 0.000000e+00
2.726307e+00 6.487232e-01 0.000000e+00
2.796972e+00 6.288021e-01 0.000000e+00
2.796972e+00 6.288021e-01 0.000000e+00
2.726307e+00 6.487232e-01 0.000000e+00
2.723982e+00 6.404764e-01 0.000000e+00
2.794647e+00 6.205553e-01 0.000000e+00
2.794647e+00 6.205553e-01 0.000000e+00
2.723982e+00 6.404764e-01 0.000000e+00
2.721657e+00 6.322296e-01 0.000000e+00
2.792322e+00 6.123085e-01 0.000000e+00
2.792322e+00 6.123085e-01 0.000000e+00
2.721657e+00 6.322296e-01 0.000000e+00
2.719332e+00 6.239828e-01 0.000000e+00
2.789998e+00 6.040617e-01 0.000000e+00
2.789998e+00 6.040617e-01 0.000000e+00
2.719332e+00 6.239828e-01 0.000000e+00
2.717008e+00 6.157360e-01 0.000000e+00
2.787673e+00 5.958149e-01 0.000000e+00
2.787673e+00 5.958149e-01 0.000000e+00
2.717008e+00 6.157360e-01 0.000000e+00
2.714683e+00 6.074892e-01 0.000000e+00
2.785348e+00 5.875681e-01 0.000000e+00
2.785348e+00 5.875681e-01 0.000000e+00
2.714683e+00 6.074892e-01 0.000000e+00
2.712358e+00 5.992424e-01 0.000000e+00
2.783023e+00 5.793213e-01 0.000000e+00
2.733266e+00 6.734679e-01 0.000000e+00
2.662646e+00 6.933452e-01 0.000000e+00
2.660324e+00 6.850974e-01 0.000000e+00
2.730945e+00 6.652201e-01 0.000000e+00
2.730945e+00 6.652201e-01 0.000000e+00
2.660324e+00 6.850974e-01 0.000000e+00
2.658003e+00 6.768497e-01 0.000000e+00
2.728623e+00 6.569724e-01 0.000000e+00
2.728623e+00 6.569724e-01 0.000000e+00
2.658003e+00 6.768497e-01 0.000000e+00
2.655682e+00 6.686020e-01 0.000000e+00
2.726302e+00 6.487246e-01 0.000000e+00
2.726302e+00 6.487246e-01 0.000000e+00
2.655682e+00 6.686020e-01 0.000000e+00
2.653360e+00 6.603542e-01 0.000000e+00
2.723980e+00 6.404769e-01 0.000000e+00
2.723980e+00 6.404769e-01 0.000000e+00
2.653360e+00 6.603542e-01 0.000000e+00
2.651039e+00 6.521065e-01 0.000000e+00
2.721659e+00 6.322291e-01 0.000000e+00
2.721659e+00 6.322291e-01 0.000000e+00
2.651039e+00 6.521065e-01 0.000000e+00
2.648717e+00 6.438587e-01 0.000000e+00
2.719337e+00 6.239814e-01 0.000000e+00
2.719337e+00 6.239814e-01 0.000000e+00
2.648717e+00 6.438587e-01 0.000000e+00
2.646396e+00 6.356110e-01 0.000000e+00
2.717016e+00 6.157337e-01 0.000000e+00
2.717016e+00 6.157337e-01 0.000000e+00
2.646396e+00 6.356110e-01 0.000000e+00
2.644074e+00 6.273633e-01 0.000000e+00
2.714694e+00 6.074859e-01 0.000000e+00
2.714694e+00 6.074859e-01 0.000000e+00
2.644074e+00 6.273633e-01 0.000000e+00
2.641753e+00 6.191155e-01 0.000000e+00
2.712373e+00 5.992382e-01 0.000000e+00
2.662539e+00 6.933750e-01 0.000000e+00
2.591860e+00 7.130502e-01 0.000000e+00
2.589562e+00 7.047959e-01 0.000000e+00
2.660242e+00 6.851207e-01 0.000000e+00
2.660242e+00 6.851207e-01 0.000000e+00
2.589562e+00 7.047959e-01 0.000000e+00
2.587264e+00 6.965415e-01 0.000000e+00
2.657944e+00 6.768663e-01 0.000000e+00
2.657944e+00 6.768663e-01 0.000000e+00
2.587264e+00 6.965415e-01 0.000000e+00
2.584966e+00 6.882871e-01 0.000000e+00
2.655646e+00 6.686119e-01 0.000000e+00
2.655646e+00 6.686119e-01 0.000000e+00
2.584966e+00 6.882871e-01 0.000000e+00
2.582669e+00 6.800327e-01 0.000000e+00
2.653348e+00 6.603575e-01 0.000000e+00
2.653348e+00 6.603575e-01 0.000000e+00
2.582669e+00 6.800327e-01 0.000000e+00
2.580371e+00 6.717784e-01 0.000000e+00
2.651050e+00 6.521032e-01 0.000000e+00
2.651050e+00 6.521032e-01 0.000000e+00
2.580371e+00 6.717784e-01 0.000000e+00
2.578073e+00 6.635240e-01 0.000000e+00
2.648753e+00 6.438488e-01 0.000000e+00
2.648753e+00 6.438488e-01 0.000000e+00
2.578073e+00 6.635240e-01 0.000000e+00
2.575775e+00 6.552696e-01 0.000000e+00
2.646455e+00 6.355944e-01 0.000000e+00
2.646455e+00 6.355944e-01 0.000000e+00
2.575775e+00 6.552696e-01 0.000000e+00
2.573477e+00 6.470152e-01 0.000000e+00
2.644157e+00 6.273400e-01 0.000000e+00
2.644157e+00 6.273400e-01 0.000000e+00
2.573477e+00 6.470152e-01 0.000000e+00
2.571180e+00 6.387609e-01 0.000000e+00
2.641859e+00 6.190857e-01 0.000000e+00
2.591850e+00 7.130531e-01 0.000000e+00
2.521113e+00 7.327233e-01 0.000000e+00
2.518817e+00 7.244683e-01 0.000000e+00
2.589554e+00 7.047981e-01 0.000000e+00
2.589554e+00 7.047981e-01 0.000000e+00
2.518817e+00 7.244683e-01 0.000000e+00
2.516522e+00 7.162133e-01 0.000000e+00
2.587258e+00 6.965431e-01 0.000000e+00
2.587258e+00 6.965431e-01 0.000000e+00
2.516522e+00 7.162133e-01 0.000000e+00
2.514226e+00 7.079583e-01 0.000000e+00
2.584963e+00 6.882881e-01 0.000000e+00
2.584963e+00 6.882881e-01 0.000000e+00
2.514226e+00 7.079583e-01 0.000000e+00
2.511931e+00 6.997033e-01 0.000000e+00
2.582667e+00 6.800331e-01 0.000000e+00
2.582667e+00 6.800331e-01 0.000000e+00
2.511931e+00 6.997033e-01 0.000000e+00
2.509635e+00 6.914483e-01 0.000000e+00
2.580372e+00 6.717780e-01 0.000000e+00
2.580372e+00 6.717780e-01 0.000000e+00
2.509635e+00 6.914483e-01 0.000000e+00
2.507340e+00 6.831933e-01 0.000000e+00
2.578076e+00 6.635230e-01 0.000000e+00
2.578076e+00 6.635230e-01 0.000000e+00
2.507340e+00 6.831933e-01 0.000000e+00
2.505044e+00 6.749383e-01 0.000000e+00
2.575781e+00 6.552680e-01 0.000000e+00
2.575781e+00 6.552680e-01 0.000000e+00
2.505044e+00 6.749383e-01 0.000000e+00
2.502749e+00 6.666833e-01 0.000000e+00
2.573485e+00 6.470130e-01 0.000000e+00
2.573485e+00 6.470130e-01 0.000000e+00
2.502749e+00 6.666833e-01 0.000000e+00
2.500453e+00 6.584283e-01 0.000000e+00
2.571190e+00 6.387580e-01 0.000000e+00
2.521110e+00 7.327242e-01 0.000000e+00
2.450410e+00 7.523775e-01 0.000000e+00
2.448115e+00 7.441223e-01 0.000000e+00
2.518815e+00 7.244690e-01 0.000000e+00
2.518815e+00 7.244690e-01 0.000000e+00
2.448115e+00 7.441223e-01 0.000000e+00
2.445820e+00 7.358671e-01 0.000000e+00
2.516520e+00 7.162138e-01 0.000000e+00
2.516520e+00 7.162138e-01 0.000000e+00
2.445820e+00 7.358671e-01 0.000000e+00
2.443526e+00 7.276119e-01 0.000000e+00
2.514225e+00 7.079586e-01 0.000000e+00
2.514225e+00 7.079586e-01 0.000000e+00
2.443526e+00 7.276119e-01 0.000000e+00
2.441231e+00 7.193567e-01 0.000000e+00
2.511930e+00 6.997034e-01 0.000000e+00
2.511930e+00 6.997034e-01 0.000000e+00
2.441231e+00 7.193567e-01 0.000000e+00
2.438936e+00 7.111015e-01 0.000000e+00
2.509636e+00 6.914482e-01 0.000000e+00
2.509636e+00 6.914482e-01 0.000000e+00
2.438936e+00 7.111015e-01 0.000000e+00
2.436641e+00 7.028463e-01 0.000000e+00
2.507341e+00 6.831930e-01 0.000000e+00
2.507341e+00 6.831930e-01 0.000000e+00
2.436641e+00 7.028463e-01 0.000000e+00
2.434346e+00 6.945911e-01 0.000000e+00
2.505046e+00 6.749378e-01 0.000000e+00
2.505046e+00 6.749378e-01 0.000000e+00
2.434346e+00 6.945911e-01 0.000000e+00
2.432052e+00 6.863359e-01 0.000000e+00
2.502751e+00 6.666826e-01 0.000000e+00
2.502751e+00 6.666826e-01 0.000000e+00
2.432052e+00 6.863359e-01 0.000000e+00
2.429757e+00 6.780807e-01 0.000000e+00
2.500456e+00 6.584274e-01 0.000000e+00
2.450322e+00 7.524019e-01 0.000000e+00
2.379610e+00 7.718783e-01 0.000000e+00
2.377335e+00 7.636177e-01 0.000000e+00
2.448047e+00 7.441413e-01 0.000000e+00
2.448047e+00 7.441413e-01 0.000000e+00
2.377335e+00 7.636177e-01 0.000000e+00
2.375060e+00 7.553571e-01 0.000000e+00
2.445772e+00 7.358807e-01 0.000000e+00
2.445772e+00 7.358807e-01 0.000000e+00
2.375060e+00 7.553571e-01 0.000000e+00
2.372785e+00 7.470965e-01 0.000000e+00
2.443496e+00 7.276201e-01 0.000000e+00
2.443496e+00 7.276201e-01 0.000000e+00
2.372785e+00 7.470965e-01 0.000000e+00
2.370509e+00 7.388359e-01 0.000000e+00
2.441221e+00 7.193594e-01 0.000000e+00
2.441221e+00 7.193594e-01 0.000000e+00
2.370509e+00 7.388359e-01 0.000000e+00
2.368234e+00 7.305752e-01 0.000000e+00
2.438946e+00 7.110988e-01 0.000000e+00
2.438946e+00 7.110988e-01 0.000000e+00
2.368234e+00 7.305752e-01 0.000000e+00
2.365959e+00 7.223146e-01 0.000000e+00
2.436670e+00 7.028382e-01 0.000000e+00
2.436670e+00 7.028382e-01 0.000000e+00
2.365959e+00 7.223146e-01 0.000000e+00
2.363684e+00 7.140540e-01 0.000000e+00
2.434395e+00 6.945776e-01 0.000000e+00
2.434395e+00 6.945776e-01 0.000000e+00
2.363684e+00 7.140540e-01 0.000000e+00
2.361408e+00 7.057934e-01 0.000000e+00
2.432120e+00 6.863170e-01 0.000000e+00
2.432120e+00 6.863170e-01 0.000000e+00
2.361408e+00 7.057934e-01 0.000000e+00
2.359133e+00 6.975328e-01 0.000000e+00
2.429845e+00 6.780564e-01 0.000000e+00
2.379539e+00 7.718979e-01 0.000000e+00
2.308747e+00 7.912498e-01 0.000000e+00
2.306488e+00 7.829848e-01 0.000000e+00
2.377279e+00 7.636330e-01 0.000000e+00
2.377279e+00 7.636330e-01 0.000000e+00
2.306488e+00 7.829848e-01 0.000000e+00
2.304229e+00 7.747199e-01 0.000000e+00
2.375020e+00 7.553680e-01 0.000000e+00
2.375020e+00 7.553680e-01 0.000000e+00
2.304229e+00 7.747199e-01 0.000000e+00
2.301969e+00 7.664549e-01 0.000000e+00
2.372761e+00 7.471030e-01 0.000000e+00
2.372761e+00 7.471030e-01 0.000000e+00
2.301969e+00 7.664549e-01 0.000000e+00
2.299710e+00 7.581899e-01 0.000000e+00
2.370501e+00 7.388380e-01 0.000000e+00
2.370501e+00 7.388380e-01 0.000000e+00
2.299710e+00 7.581899e-01 0.000000e+00
2.297451e+00 7.499249e-01 0.000000e+00
2.368242e+00 7.305731e-01 0.000000e+00
2.368242e+00 7.305731e-01 0.000000e+00
2.297451e+00 7.499249e-01 0.000000e+00
2.295191e+00 7.416600e-01 0.000000e+00
2.365983e+00 7.223081e-01 0.000000e+00
2.365983e+00 7.223081e-01 0.000000e+00
2.295191e+00 7.416600e-01 0.000000e+00
2.292932e+00 7.333950e-01 0.000000e+00
2.363723e+00 7.140431e-01 0.000000e+00
2.363723e+00 7.140431e-01 0.000000e+00
2.292932e+00 7.333950e-01 0.000000e+00
2.290673e+00 7.251300e-01 0.000000e+00
2.361464e+00 7.057781e-01 0.000000e+00
2.361464e+00 7.057781e-01 0.000000e+00
2.290673e+00 7.251300e-01 0.000000e+00
2.288413e+00 7.168650e-01 0.000000e+00
2.359205e+00 6.975132e-01 0.000000e+00
2.308744e+00 7.912507e-01 0.000000e+00
2.237918e+00 8.106052e-01 0.000000e+00
2.235659e+00 8.023401e-01 0.000000e+00
2.306485e+00 7.829856e-01 0.000000e+00
2.306485e+00 7.829856e-01 0.000000e+00
2.235659e+00 8.023401e-01 0.000000e+00
2.233401e+00 7.940749e-01 0.000000e+00
2.304227e+00 7.747204e-01 0.000000e+00
2.304227e+00 7.747204e-01 0.000000e+00
2.233401e+00 7.940749e-01 0.000000e+00
2.231142e+00 7.858097e-01 0.000000e+00
2.301968e+00 7.664552e-01 0.000000e+00
2.301968e+00 7.664552e-01 0.000000e+00
2.231142e+00 7.858097e-01 0.000000e+00
2.228884e+00 7.775445e-01 0.000000e+00
2.299710e+00 7.581900e-01 0.000000e+00
2.299710e+00 7.581900e-01 0.000000e+00
2.228884e+00 7.775445e-01 0.000000e+00
2.226625e+00 7.692794e-01 0.000000e+00
2.297451e+00 7.499248e-01 0.000000e+00
2.297451e+00 7.499248e-01 0.000000e+00
2.226625e+00 7.692794e-01 0.000000e+00
2.224366e+00 7.610142e-01 0.000000e+00
2.295192e+00 7.416597e-01 0.000000e+00
2.295192e+00 7.416597e-01 0.000000e+00
2.224366e+00 7.610142e-01 0.000000e+00
2.222108e+00 7.527490e-01 0.000000e+00
2.292934e+00 7.333945e-01 0.000000e+00
2.292934e+00 7.333945e-01 0.000000e+00
2.222108e+00 7.527490e-01 0.000000e+00
2.219849e+00 7.444838e-01 0.000000e+00
2.290675e+00 7.251293e-01 0.000000e+00
2.290675e+00 7.251293e-01 0.000000e+00
2.219849e+00 7.444838e-01 0.000000e+00
2.217591e+00 7.362186e-01 0.000000e+00
2.288417e+00 7.168641e-01 0.000000e+00
2.237912e+00 8.106068e-01 0.000000e+00
2.167185e+00 8.299227e-01 0.000000e+00
2.164927e+00 8.216571e-01 0.000000e+00
2.235655e+00 8.023413e-01 0.000000e+00
2.235655e+00 8.023413e-01 0.000000e+00
2.164927e+00 8.216571e-01 0.000000e+00
2.162670e+00 8.133916e-01 0.000000e+00
2.233398e+00 7.940758e-01 0.000000e+00
2.233398e+00 7.940758e-01 0.000000e+00
2.162670e+00 8.133916e-01 0.000000e+00
2.160413e+00 8.051261e-01 0.000000e+00
2.231140e+00 7.858102e-01 0.000000e+00
2.231140e+00 7.858102e-01 0.000000e+00
2.160413e+00 8.051261e-01 0.000000e+00
2.158155e+00 7.968605e-01 0.000000e+00
2.228883e+00 7.775447e-01 0.000000e+00
2.228883e+00 7.775447e-01 0.000000e+00
2.158155e+00 7.968605e-01 0.000000e+00
2.155898e+00 7.885950e-01 0.000000e+00
2.226626e+00 7.692792e-01 0.000000e+00
2.226626e+00 7.692792e-01 0.000000e+00
2.155898e+00 7.885950e-01 0.000000e+00
2.153641e+00 7.803295e-01 0.000000e+00
2.224368e+00 7.610136e-01 0.000000e+00
2.224368e+00 7.610136e-01 0.000000e+00
2.153641e+00 7.803295e-01 0.000000e+00
2.151383e+00 7.720640e-01 0.000000e+00
2.222111e+00 7.527481e-01 0.000000e+00
2.222111e+00 7.527481e-01 0.000000e+00
2.151383e+00 7.720640e-01 0.000000e+00
2.149126e+00 7.637984e-01 0.000000e+00
2.219854e+00 7.444826e-01 0.000000e+00
2.219854e+00 7.444826e-01 0.000000e+00
2.149126e+00 7.637984e-01 0.000000e+00
2.146869e+00 7.555329e-01 0.000000e+00
2.217596e+00 7.362171e-01 0.000000e+00
2.166978e+00 8.299784e-01 0.000000e+00
2.096146e+00 8.489015e-01 0.000000e+00
2.093934e+00 8.406235e-01 0.000000e+00
2.164767e+00 8.217005e-01 0.000000e+00
2.164767e+00 8.217005e-01 0.000000e+00
2.093934e+00 8.406235e-01 0.000000e+00
2.091723e+00 8.323456e-01 0.000000e+00
2.162555e+00 8.134226e-01 0.000000e+00
2.162555e+00 8.134226e-01 0.000000e+00
2.091723e+00 8.323456e-01 0.000000e+00
2.089511e+00 8.240677e-01 0.000000e+00
2.160344e+00 8.051447e-01 0.000000e+00
2.160344e+00 8.051447e-01 0.000000e+00
2.089511e+00 8.240677e-01 0.000000e+00
2.087300e+00 8.157898e-01 0.000000e+00
2.158132e+00 7.968667e-01 0.000000e+00
2.158132e+00 7.968667e-01 0.000000e+00
2.087300e+00 8.157898e-01 0.000000e+00
2.085088e+00 8.075119e-01 0.000000e+00
2.155921e+00 7.885888e-01 0.000000e+00
2.155921e+00 7.885888e-01 0.000000e+00
2.085088e+00 8.075119e-01 0.000000e+00
2.082877e+00 7.992339e-01 0.000000e+00
2.153709e+00 7.803109e-01 0.000000e+00
2.153709e+00 7.803109e-01 0.000000e+00
2.082877e+00 7.992339e-01 0.000000e+00
2.080665e+00 7.909560e-01 0.000000e+00
2.151498e+00 7.720330e-01 0.000000e+00
2.151498e+00 7.720330e-01 0.000000e+00
2.080665e+00 7.909560e-01 0.000000e+00
2.078454e+00 7.826781e-01 0.000000e+00
2.149286e+00 7.637551e-01 0.000000e+00
2.149286e+00 7.637551e-01 0.000000e+00
2.078454e+00 7.826781e-01 0.000000e+00
2.076242e+00 7.744002e-01 0.000000e+00
2.147075e+00 7.554771e-01 0.000000e+00
2.096138e+00 8.489036e-01 0.000000e+00
2.026212e+00 8.675681e-01 0.000000e+00
2.024003e+00 8.592897e-01 0.000000e+00
2.093928e+00 8.406252e-01 0.000000e+00
2.093928e+00 8.406252e-01 0.000000e+00
2.024003e+00 8.592897e-01 0.000000e+00
2.021793e+00 8.510113e-01 0.000000e+00
2.091718e+00 8.323468e-01 0.000000e+00
2.091718e+00 8.323468e-01 0.000000e+00
2.021793e+00 8.510113e-01 0.000000e+00
2.019583e+00 8.427329e-01 0.000000e+00
2.089509e+00 8.240684e-01 0.000000e+00
2.089509e+00 8.240684e-01 0.000000e+00
2.019583e+00 8.427329e-01 0.000000e+00
2.017374e+00 8.344545e-01 0.000000e+00
2.087299e+00 8.157900e-01 0.000000e+00
2.087299e+00 8.157900e-01 0.000000e+00
2.017374e+00 8.344545e-01 0.000000e+00
2.015164e+00 8.261762e-01 0.000000e+00
2.085089e+00 8.075116e-01 0.000000e+00
2.085089e+00 8.075116e-01 0.000000e+00
2.015164e+00 8.261762e-01 0.000000e+00
2.012954e+00 8.178978e-01 0.000000e+00
2.082880e+00 7.992332e-01 0.000000e+00
2.082880e+00 7.992332e-01 0.000000e+00
2.012954e+00 8.178978e-01 0.000000e+00
2.010745e+00 8.096194e-01 0.000000e+00
2.080670e+00 7.909548e-01 0.000000e+00
2.080670e+00 7.909548e-01 0.000000e+00
2.010745e+00 8.096194e-01 0.000000e+00
2.008535e+00 8.013410e-01 0.000000e+00
2.078460e+00 7.826764e-01 0.000000e+00
2.078460e+00 7.826764e-01 0.000000e+00
2.008535e+00 8.013410e-01 0.000000e+00
2.006325e+00 7.930626e-01 0.000000e+00
2.076250e+00 7.743980e-01 0.000000e+00
2.026209e+00 8.675690e-01 0.000000e+00
1.956328e+00 8.862151e-01 0.000000e+00
1.954119e+00 8.779365e-01 0.000000e+00
2.024000e+00 8.592904e-01 0.000000e+00
2.024000e+00 8.592904e-01 0.000000e+00
1.954119e+00 8.779365e-01 0.000000e+00
1.951910e+00 8.696579e-01 0.000000e+00
2.021791e+00 8.510118e-01 0.000000e+00
2.021791e+00 8.510118e-01 0.000000e+00
1.951910e+00 8.696579e-01 0.000000e+00
1.949701e+00 8.613793e-01 0.000000e+00
2.019582e+00 8.427332e-01 0.000000e+00
2.019582e+00 8.427332e-01 0.000000e+00
1.949701e+00 8.613793e-01 0.000000e+00
1.947492e+00 8.531007e-01 0.000000e+00
2.017373e+00 8.344546e-01 0.000000e+00
2.017373e+00 8.344546e-01 0.000000e+00
1.947492e+00 8.531007e-01 0.000000e+00
1.945283e+00 8.448221e-01 0.000000e+00
2.015164e+00 8.261761e-01 0.000000e+00
2.015164e+00 8.261761e-01 0.000000e+00
1.945283e+00 8.448221e-01 0.000000e+00
1.943074e+00 8.365435e-01 0.000000e+00
2.012955e+00 8.178975e-01 0.000000e+00
2.012955e+00 8.178975e-01 0.000000e+00
1.943074e+00 8.365435e-01 0.000000e+00
1.940865e+00 8.282649e-01 0.000000e+00
2.010747e+00 8.096189e-01 0.000000e+00
2.010747e+00 8.096189e-01 0.000000e+00
1.940865e+00 8.282649e-01 0.000000e+00
1.938656e+00 8.199863e-01 0.000000e+00
2.008538e+00 8.013403e-01 0.000000e+00
2.008538e+00 8.013403e-01 0.000000e+00
1.938656e+00 8.199863e-01 0.000000e+00
1.936447e+00 8.117077e-01 0.000000e+00
2.006329e+00 7.930617e-01 0.000000e+00
1.956229e+00 8.862413e-01 0.000000e+00
1.886393e+00 9.046767e-01 0.000000e+00
1.884206e+00 8.963923e-01 0.000000e+00
1.954042e+00 8.779569e-01 0.000000e+00
1.954042e+00 8.779569e-01 0.000000e+00
1.884206e+00 8.963923e-01 0.000000e+00
1.882019e+00 8.881079e-01 0.000000e+00
1.951855e+00 8.696725e-01 0.000000e+00
1.951855e+00 8.696725e-01 0.000000e+00
1.882019e+00 8.881079e-01 0.000000e+00
1.879832e+00 8.798234e-01 0.000000e+00
1.949668e+00 8.613881e-01 0.000000e+00
1.949668e+00 8.613881e-01 0.000000e+00
1.879832e+00 8.798234e-01 0.000000e+00
1.877645e+00 8.715390e-01 0.000000e+00
1.947481e+00 8.531036e-01 0.000000e+00
1.947481e+00 8.531036e-01 0.000000e+00
1.877645e+00 8.715390e-01 0.000000e+00
1.875458e+00 8.632546e-01 0.000000e+00
1.945294e+00 8.448192e-01 0.000000e+00
1.945294e+00 8.448192e-01 0.000000e+00
1.875458e+00 8.632546e-01 0.000000e+00
1.873271e+00 8.549702e-01 0.000000e+00
1.943107e+00 8.365348e-01 0.000000e+00
1.943107e+00 8.365348e-01 0.000000e+00
1.873271e+00 8.549702e-01 0.000000e+00
1.871084e+00 8.466857e-01 0.000000e+00
1.940920e+00 8.282503e-01 0.000000e+00
1.940920e+00 8.282503e-01 0.000000e+00
1.871084e+00 8.466857e-01 0.000000e+00
1.868898e+00 8.384013e-01 0.000000e+00
1.938733e+00 8.199659e-01 0.000000e+00
1.938733e+00 8.199659e-01 0.000000e+00
1.868898e+00 8.384013e-01 0.000000e+00
1.866711e+00 8.301169e-01 0.000000e+00
1.936546e+00 8.116815e-01 0.000000e+00
1.886200e+00 9.047273e-01 0.000000e+00
1.816221e+00 9.228126e-01 0.000000e+00
1.814077e+00 9.145169e-01 0.000000e+00
1.884056e+00 8.964316e-01 0.000000e+00
1.884056e+00 8.964316e-01 0.000000e+00
1.814077e+00 9.145169e-01 0.000000e+00
1.811934e+00 9.062213e-01 0.000000e+00
1.881912e+00 8.881359e-01 0.000000e+00
1.881912e+00 8.881359e-01 0.000000e+00
1.811934e+00 9.062213e-01 0.000000e+00
1.809790e+00 8.979256e-01 0.000000e+00
1.879768e+00 8.798403e-01 0.000000e+00
1.879768e+00 8.798403e-01 0.000000e+00
1.809790e+00 8.979256e-01 0.000000e+00
1.807646e+00 8.896300e-01 0.000000e+00
1.877624e+00 8.715446e-01 0.000000e+00
1.877624e+00 8.715446e-01 0.000000e+00
1.807646e+00 8.896300e-01 0.000000e+00
1.805502e+00 8.813343e-01 0.000000e+00
1.875480e+00 8.632490e-01 0.000000e+00
1.875480e+00 8.632490e-01 0.000000e+00
1.805502e+00 8.813343e-01 0.000000e+00
1.803358e+00 8.730387e-01 0.000000e+00
1.873336e+00 8.549533e-01 0.000000e+00
1.873336e+00 8.549533e-01 0.000000e+00
1.803358e+00 8.730387e-01 0.000000e+00
1.801214e+00 8.647430e-01 0.000000e+00
1.871192e+00 8.466577e-01 0.000000e+00
1.871192e+00 8.466577e-01 0.000000e+00
1.801214e+00 8.647430e-01 0.000000e+00
1.799070e+00 8.564473e-01 0.000000e+00
1.869048e+00 8.383620e-01 0.000000e+00
1.869048e+00 8.383620e-01 0.000000e+00
1.799070e+00 8.564473e-01 0.000000e+00
1.796926e+00 8.481517e-01 0.000000e+00
1.866904e+00 8.300663e-01 0.000000e+00
1.816218e+00 9.228135e-01 0.000000e+00
1.746145e+00 9.409163e-01 0.000000e+00
1.744002e+00 9.326204e-01 0.000000e+00
1.814075e+00 9.145177e-01 0.000000e+00
1.814075e+00 9.145177e-01 0.000000e+00
1.744002e+00 9.326204e-01 0.000000e+00
1.741859e+00 9.243246e-01 0.000000e+00
1.811932e+00 9.062218e-01 0.000000e+00
1.811932e+00 9.062218e-01 0.000000e+00
1.741859e+00 9.243246e-01 0.000000e+00
1.739715e+00 9.160287e-01 0.000000e+00
1.809788e+00 8.979259e-01 0.000000e+00
1.809788e+00 8.979259e-01 0.000000e+00
1.739715e+00 9.160287e-01 0.000000e+00
1.737572e+00 9.077328e-01 0.000000e+00
1.807645e+00 8.896301e-01 0.000000e+00
1.807645e+00 8.896301e-01 0.000000e+00
1.737572e+00 9.077328e-01 0.000000e+00
1.735429e+00 8.994370e-01 0.000000e+00
1.805502e+00 8.813342e-01 0.000000e+00
1.805502e+00 8.813342e-01 0.000000e+00
1.735429e+00 8.994370e-01 0.000000e+00
1.733286e+00 8.911411e-01 0.000000e+00
1.803359e+00 8.730383e-01 0.000000e+00
1.803359e+00 8.730383e-01 0.000000e+00
1.733286e+00 8.911411e-01 0.000000e+00
1.731143e+00 8.828452e-01 0.000000e+00
1.801216e+00 8.647425e-01 0.000000e+00
1.801216e+00 8.647425e-01 0.000000e+00
1.731143e+00 8.828452e-01 0.000000e+00
1.729000e+00 8.745494e-01 0.000000e+00
1.799073e+00 8.564466e-01 0.000000e+00
1.799073e+00 8.564466e-01 0.000000e+00
1.729000e+00 8.745494e-01 0.000000e+00
1.726856e+00 8.662535e-01 0.000000e+00
1.796929e+00 8.481508e-01 0.000000e+00
1.746138e+00 9.409182e-01 0.000000e+00
1.676174e+00 9.589778e-01 0.000000e+00
1.674033e+00 9.506815e-01 0.000000e+00
1.743996e+00 9.326219e-01 0.000000e+00
1.743996e+00 9.326219e-01 0.000000e+00
1.674033e+00 9.506815e-01 0.000000e+00
1.671891e+00 9.423852e-01 0.000000e+00
1.741855e+00 9.243256e-01 0.000000e+00
1.741855e+00 9.243256e-01 0.000000e+00
1.671891e+00 9.423852e-01 0.000000e+00
1.669750e+00 9.340889e-01 0.000000e+00
1.739713e+00 9.160293e-01 0.000000e+00
1.739713e+00 9.160293e-01 0.000000e+00
1.669750e+00 9.340889e-01 0.000000e+00
1.667608e+00 9.257926e-01 0.000000e+00
1.737571e+00 9.077330e-01 0.000000e+00
1.737571e+00 9.077330e-01 0.000000e+00
1.667608e+00 9.257926e-01 0.000000e+00
1.665467e+00 9.174963e-01 0.000000e+00
1.735430e+00 8.994368e-01 0.000000e+00
1.735430e+00 8.994368e-01 0.000000e+00
1.665467e+00 9.174963e-01 0.000000e+00
1.663325e+00 9.092000e-01 0.000000e+00
1.733288e+00 8.911405e-01 0.000000e+00
1.733288e+00 8.911405e-01 0.000000e+00
1.663325e+00 9.092000e-01 0.000000e+00
1.661184e+00 9.009037e-01 0.000000e+00
1.731147e+00 8.828442e-01 0.000000e+00
1.731147e+00 8.828442e-01 0.000000e+00
1.661184e+00 9.009037e-01 0.000000e+00
1.659042e+00 8.926074e-01 0.000000e+00
1.729005e+00 8.745479e-01 0.000000e+00
1.729005e+00 8.745479e-01 0.000000e+00
1.659042e+00 8.926074e-01 0.000000e+00
1.656901e+00 8.843111e-01 0.000000e+00
1.726864e+00 8.662516e-01 0.000000e+00
1.675944e+00 9.590364e-01 0.000000e+00
1.605938e+00 9.766479e-01 0.000000e+00
1.603847e+00 9.683386e-01 0.000000e+00
1.673854e+00 9.507271e-01 0.000000e+00
1.673854e+00 9.507271e-01 0.000000e+00
1.603847e+00 9.683386e-01 0.000000e+00
1.601757e+00 9.600293e-01 0.000000e+00
1.671763e+00 9.424177e-01 0.000000e+00
1.671763e+00 9.424177e-01 0.000000e+00
1.601757e+00 9.600293e-01 0.000000e+00
1.599667e+00 9.517200e-01 0.000000e+00
1.669673e+00 9.341084e-01 0.000000e+00
1.669673e+00 9.341084e-01 0.000000e+00
1.599667e+00 9.517200e-01 0.000000e+00
1.597576e+00 9.434107e-01 0.000000e+00
1.667582e+00 9.257991e-01 0.000000e+00
1.667582e+00 9.257991e-01 0.000000e+00
1.597576e+00 9.434107e-01 0.000000e+00
1.595486e+00 9.351013e-01 0.000000e+00
1.665492e+00 9.174898e-01 0.000000e+00
1.665492e+00 9.174898e-01 0.000000e+00
1.595486e+00 9.351013e-01 0.000000e+00
1.593396e+00 9.267920e-01 0.000000e+00
1.663402e+00 9.091805e-01 0.000000e+00
1.663402e+00 9.091805e-01 0.000000e+00
1.593396e+00 9.267920e-01 0.000000e+00
1.591305e+00 9.184827e-01 0.000000e+00
1.661311e+00 9.008712e-01 0.000000e+00
1.661311e+00 9.008712e-01 0.000000e+00
1.591305e+00 9.184827e-01 0.000000e+00
1.589215e+00 9.101734e-01 0.000000e+00
1.659221e+00 8.925618e-01 0.000000e+00
1.659221e+00 8.925618e-01 0.000000e+00
1.589215e+00 9.101734e-01 0.000000e+00
1.587124e+00 9.018641e-01 0.000000e+00
1.657131e+00 8.842525e-01 0.000000e+00
1.605797e+00 9.766832e-01 0.000000e+00
1.535614e+00 9.940579e-01 0.000000e+00
1.533555e+00 9.857408e-01 0.000000e+00
1.603738e+00 9.683660e-01 0.000000e+00
1.603738e+00 9.683660e-01 0.000000e+00
1.533555e+00 9.857408e-01 0.000000e+00
1.531496e+00 9.774236e-01 0.000000e+00
1.601679e+00 9.600489e-01 0.000000e+00
1.601679e+00 9.600489e-01 0.000000e+00
1.531496e+00 9.774236e-01 0.000000e+00
1.529437e+00 9.691065e-01 0.000000e+00
1.599620e+00 9.517317e-01 0.000000e+00
1.599620e+00 9.517317e-01 0.000000e+00
1.529437e+00 9.691065e-01 0.000000e+00
1.527378e+00 9.607894e-01 0.000000e+00
1.597561e+00 9.434146e-01 0.000000e+00
1.597561e+00 9.434146e-01 0.000000e+00
1.527378e+00 9.607894e-01 0.000000e+00
1.525319e+00 9.524722e-01 0.000000e+00
1.595502e+00 9.350974e-01 0.000000e+00
1.595502e+00 9.350974e-01 0.000000e+00
1.525319e+00 9.524722e-01 0.000000e+00
1.523260e+00 9.441551e-01 0.000000e+00
1.593443e+00 9.267803e-01 0.000000e+00
1.593443e+00 9.267803e-01 0.000000e+00
1.523260e+00 9.441551e-01 0.000000e+00
1.521200e+00 9.358379e-01 0.000000e+00
1.591384e+00 9.184631e-01 0.000000e+00
1.591384e+00 9.184631e-01 0.000000e+00
1.521200e+00 9.358379e-01 0.000000e+00
1.519141e+00 9.275208e-01 0.000000e+00
1.589325e+00 9.101460e-01 0.000000e+00
1.589325e+00 9.101460e-01 0.000000e+00
1.519141e+00 9.275208e-01 0.000000e+00
1.517082e+00 9.192036e-01 0.000000e+00
1.587266e+00 9.018288e-01 0.000000e+00
1.535605e+00 9.940602e-01 0.000000e+00
1.465353e+00 1.011434e+00 0.000000e+00
1.463296e+00 1.003116e+00 0.000000e+00
1.533548e+00 9.857425e-01 0.000000e+00
1.533548e+00 9.857425e-01 0.000000e+00
1.463296e+00 1.003116e+00 0.000000e+00
1.461239e+00 9.947985e-01 0.000000e+00
1.531491e+00 9.774249e-01 0.000000e+00
1.531491e+00 9.774249e-01 0.000000e+00
1.461239e+00 9.947985e-01 0.000000e+00
1.459182e+00 9.864809e-01 0.000000e+00
1.529434e+00 9.691072e-01 0.000000e+00
1.529434e+00 9.691072e-01 0.000000e+00
1.459182e+00 9.864809e-01 0.000000e+00
1.457125e+00 9.781633e-01 0.000000e+00
1.527377e+00 9.607896e-01 0.000000e+00
1.527377e+00 9.607896e-01 0.000000e+00
1.457125e+00 9.781633e-01 0.000000e+00
1.455068e+00 9.698456e-01 0.000000e+00
1.525320e+00 9.524720e-01 0.000000e+00
1.525320e+00 9.524720e-01 0.000000e+00
1.455068e+00 9.698456e-01 0.000000e+00
1.453011e+00 9.615280e-01 0.000000e+00
1.523263e+00 9.441543e-01 0.000000e+00
1.523263e+00 9.441543e-01 0.000000e+00
1.453011e+00 9.615280e-01 0.000000e+00
1.450954e+00 9.532103e-01 0.000000e+00
1.521206e+00 9.358367e-01 0.000000e+00
1.521206e+00 9.358367e-01 0.000000e+00
1.450954e+00 9.532103e-01 0.000000e+00
1.448897e+00 9.448927e-01 0.000000e+00
1.519149e+00 9.275190e-01 0.000000e+00
1.519149e+00 9.275190e-01 0.000000e+00
1.448897e+00 9.448927e-01 0.000000e+00
1.446840e+00 9.365750e-01 0.000000e+00
1.517092e+00 9.192014e-01 0.000000e+00
1.465341e+00 1.011437e+00 0.000000e+00
1.395285e+00 1.028738e+00 0.000000e+00
1.393230e+00 1.020419e+00 0.000000e+00
1.463286e+00 1.003119e+00 0.000000e+00
1.463286e+00 1.003119e+00 0.000000e+00
1.393230e+00 1.020419e+00 0.000000e+00
1.391176e+00 1.012101e+00 0.000000e+00
1.461232e+00 9.948002e-01 0.000000e+00
1.461232e+00 9.948002e-01 0.000000e+00
1.391176e+00 1.012101e+00 0.000000e+00
1.389122e+00 1.003783e+00 0.000000e+00
1.459178e+00 9.864819e-01 0.000000e+00
1.459178e+00 9.864819e-01 0.000000e+00
1.389122e+00 1.003783e+00 0.000000e+00
1.387068e+00 9.954644e-01 0.000000e+00
1.457124e+00 9.781636e-01 0.000000e+00
1.457124e+00 9.781636e-01 0.000000e+00
1.387068e+00 9.954644e-01 0.000000e+00
1.385013e+00 9.871461e-01 0.000000e+00
1.455069e+00 9.698453e-01 0.000000e+00
1.455069e+00 9.698453e-01 0.000000e+00
1.385013e+00 9.871461e-01 0.000000e+00
1.382959e+00 9.788278e-01 0.000000e+00
1.453015e+00 9.615269e-01 0.000000e+00
1.453015e+00 9.615269e-01 0.000000e+00
1.382959e+00 9.788278e-01 0.000000e+00
1.380905e+00 9.705095e-01 0.000000e+00
1.450961e+00 9.532086e-01 0.000000e+00
1.450961e+00 9.532086e-01 0.000000e+00
1.380905e+00 9.705095e-01 0.000000e+00
1.378851e+00 9.621911e-01 0.000000e+00
1.448906e+00 9.448903e-01 0.000000e+00
1.448906e+00 9.448903e-01 0.000000e+00
1.378851e+00 9.621911e-01 0.000000e+00
1.376796e+00 9.538728e-01 0.000000e+00
1.446852e+00 9.365720e-01 0.000000e+00
1.394872e+00 1.028837e+00 0.000000e+00
1.324653e+00 1.045359e+00 0.000000e+00
1.322691e+00 1.037019e+00 0.000000e+00
1.392909e+00 1.020497e+00 0.000000e+00
1.392909e+00 1.020497e+00 0.000000e+00
1.322691e+00 1.037019e+00 0.000000e+00
1.320728e+00 1.028678e+00 0.000000e+00
1.390947e+00 1.012156e+00 0.000000e+00
1.390947e+00 1.012156e+00 0.000000e+00
1.320728e+00 1.028678e+00 0.000000e+00
1.318766e+00 1.020338e+00 0.000000e+00
1.388984e+00 1.003816e+00 0.000000e+00
1.388984e+00 1.003816e+00 0.000000e+00
1.318766e+00 1.020338e+00 0.000000e+00
1.316804e+00 1.011998e+00 0.000000e+00
1.387022e+00 9.954755e-01 0.000000e+00
1.387022e+00 9.954755e-01 0.000000e+00
1.316804e+00 1.011998e+00 0.000000e+00
1.314841e+00 1.003657e+00 0.000000e+00
1.385059e+00 9.871350e-01 0.000000e+00
1.385059e+00 9.871350e-01 0.000000e+00
1.314841e+00 1.003657e+00 0.000000e+00
1.312879e+00 9.953166e-01 0.000000e+00
1.383097e+00 9.787946e-01 0.000000e+00
1.383097e+00 9.787946e-01 0.000000e+00
1.312879e+00 9.953166e-01 0.000000e+00
1.310916e+00 9.869762e-01 0.000000e+00
1.381134e+00 9.704541e-01 0.000000e+00
1.381134e+00 9.704541e-01 0.000000e+00
1.310916e+00 9.869762e-01 0.000000e+00
1.308954e+00 9.786357e-01 0.000000e+00
1.379172e+00 9.621137e-01 0.000000e+00
1.379172e+00 9.621137e-01 0.000000e+00
1.308954e+00 9.786357e-01 0.000000e+00
1.306991e+00 9.702953e-01 0.000000e+00
1.377209e+00 9.537732e-01 0.000000e+00
1.324594e+00 1.045373e+00 0.000000e+00
1.254145e+00 1.061832e+00 0.000000e+00
1.252196e+00 1.053488e+00 0.000000e+00
1.322645e+00 1.037030e+00 0.000000e+00
1.322645e+00 1.037030e+00 0.000000e+00
1.252196e+00 1.053488e+00 0.000000e+00
1.250247e+00 1.045144e+00 0.000000e+00
1.320695e+00 1.028686e+00 0.000000e+00
1.320695e+00 1.028686e+00 0.000000e+00
1.250247e+00 1.045144e+00 0.000000e+00
1.248298e+00 1.036801e+00 0.000000e+00
1.318746e+00 1.020343e+00 0.000000e+00
1.318746e+00 1.020343e+00 0.000000e+00
1.248298e+00 1.036801e+00 0.000000e+00
1.246349e+00 1.028457e+00 0.000000e+00
1.316797e+00 1.011999e+00 0.000000e+00
1.316797e+00 1.011999e+00 0.000000e+00
1.246349e+00 1.028457e+00 0.000000e+00
1.244399e+00 1.020114e+00 0.000000e+00
1.314848e+00 1.003656e+00 0.000000e+00
1.314848e+00 1.003656e+00 0.000000e+00
1.244399e+00 1.020114e+00 0.000000e+00
1.242450e+00 1.011770e+00 0.000000e+00
1.312898e+00 9.953120e-01 0.000000e+00
1.312898e+00 9.953120e-01 0.000000e+00
1.242450e+00 1.011770e+00 0.000000e+00
1.240501e+00 1.003427e+00 0.000000e+00
1.310949e+00 9.869684e-01 0.000000e+00
1.310949e+00 9.869684e-01 0.000000e+00
1.240501e+00 1.003427e+00 0.000000e+00
1.238552e+00 9.950831e-01 0.000000e+00
1.309000e+00 9.786249e-01 0.000000e+00
1.309000e+00 9.786249e-01 0.000000e+00
1.238552e+00 9.950831e-01 0.000000e+00
1.236602e+00 9.867395e-01 0.000000e+00
1.307051e+00 9.702813e-01 0.000000e+00
1.254139e+00 1.061833e+00 0.000000e+00
1.183723e+00 1.078272e+00 0.000000e+00
1.181775e+00 1.069928e+00 0.000000e+00
1.252191e+00 1.053489e+00 0.000000e+00
1.252191e+00 1.053489e+00 0.000000e+00
1.181775e+00 1.069928e+00 0.000000e+00
1.179827e+00 1.061584e+00 0.000000e+00
1.250244e+00 1.045145e+00 0.000000e+00
1.250244e+00 1.045145e+00 0.000000e+00
1.179827e+00 1.061584e+00 0.000000e+00
1.177880e+00 1.053240e+00 0.000000e+00
1.248296e+00 1.036801e+00 0.000000e+00
1.248296e+00 1.036801e+00 0.000000e+00
1.177880e+00 1.053240e+00 0.000000e+00
1.175932e+00 1.044896e+00 0.000000e+00
1.246348e+00 1.028457e+00 0.000000e+00
1.246348e+00 1.028457e+00 0.000000e+00
1.175932e+00 1.044896e+00 0.000000e+00
1.173984e+00 1.036552e+00 0.000000e+00
1.244400e+00 1.020114e+00 0.000000e+00
1.244400e+00 1.020114e+00 0.000000e+00
1.173984e+00 1.036552e+00 0.000000e+00
1.172036e+00 1.028208e+00 0.000000e+00
1.242452e+00 1.011770e+00 0.000000e+00
1.242452e+00 1.011770e+00 0.000000e+00
1.172036e+00 1.028208e+00 0.000000e+00
1.170088e+00 1.019864e+00 0.000000e+00
1.240504e+00 1.003426e+00 0.000000e+00
1.240504e+00 1.003426e+00 0.000000e+00
1.170088e+00 1.019864e+00 0.000000e+00
1.168140e+00 1.011521e+00 0.000000e+00
1.238556e+00 9.950820e-01 0.000000e+00
1.238556e+00 9.950820e-01 0.000000e+00
1.168140e+00 1.011521e+00 0.000000e+00
1.166192e+00 1.003177e+00 0.000000e+00
1.236609e+00 9.867381e-01 0.000000e+00
1.183594e+00 1.078302e+00 0.000000e+00
1.113363e+00 1.094442e+00 0.000000e+00
1.111444e+00 1.086091e+00 0.000000e+00
1.181675e+00 1.069951e+00 0.000000e+00
1.181675e+00 1.069951e+00 0.000000e+00
1.111444e+00 1.086091e+00 0.000000e+00
1.109525e+00 1.077741e+00 0.000000e+00
1.179756e+00 1.061600e+00 0.000000e+00
1.179756e+00 1.061600e+00 0.000000e+00
1.109525e+00 1.077741e+00 0.000000e+00
1.107606e+00 1.069390e+00 0.000000e+00
1.177836e+00 1.053250e+00 0.000000e+00
1.177836e+00 1.053250e+00 0.000000e+00
1.107606e+00 1.069390e+00 0.000000e+00
1.105687e+00 1.061040e+00 0.000000e+00
1.175917e+00 1.044899e+00 0.000000e+00
1.175917e+00 1.044899e+00 0.000000e+00
1.105687e+00 1.061040e+00 0.000000e+00
1.103768e+00 1.052689e+00 0.000000e+00
1.173998e+00 1.036549e+00 0.000000e+00
1.173998e+00 1.036549e+00 0.000000e+00
1.103768e+00 1.052689e+00 0.000000e+00
1.101849e+00 1.044339e+00 0.000000e+00
1.172079e+00 1.028198e+00 0.000000e+00
1.172079e+00 1.028198e+00 0.000000e+00
1.101849e+00 1.044339e+00 0.000000e+00
1.099929e+00 1.035988e+00 0.000000e+00
1.170160e+00 1.019848e+00 0.000000e+00
1.170160e+00 1.019848e+00 0.000000e+00
1.099929e+00 1.035988e+00 0.000000e+00
1.098010e+00 1.027638e+00 0.000000e+00
1.168241e+00 1.011497e+00 0.000000e+00
1.168241e+00 1.011497e+00 0.000000e+00
1.098010e+00 1.027638e+00 0.000000e+00
1.096091e+00 1.019287e+00 0.000000e+00
1.166322e+00 1.003147e+00 0.000000e+00
1.112872e+00 1.094551e+00 0.000000e+00
1.042377e+00 1.109788e+00 0.000000e+00
1.040567e+00 1.101413e+00 0.000000e+00
1.111062e+00 1.086177e+00 0.000000e+00
1.111062e+00 1.086177e+00 0.000000e+00
1.040567e+00 1.101413e+00 0.000000e+00
1.038757e+00 1.093038e+00 0.000000e+00
1.109252e+00 1.077802e+00 0.000000e+00
1.109252e+00 1.077802e+00 0.000000e+00
1.038757e+00 1.093038e+00 0.000000e+00
1.036947e+00 1.084663e+00 0.000000e+00
1.107442e+00 1.069427e+00 0.000000e+00
1.107442e+00 1.069427e+00 0.000000e+00
1.036947e+00 1.084663e+00 0.000000e+00
1.035137e+00 1.076288e+00 0.000000e+00
1.105632e+00 1.061052e+00 0.000000e+00
1.105632e+00 1.061052e+00 0.000000e+00
1.035137e+00 1.076288e+00 0.000000e+00
1.033327e+00 1.067913e+00 0.000000e+00
1.103822e+00 1.052677e+00 0.000000e+00
1.103822e+00 1.052677e+00 0.000000e+00
1.033327e+00 1.067913e+00 0.000000e+00
1.031517e+00 1.059538e+00 0.000000e+00
1.102012e+00 1.044302e+00 0.000000e+00
1.102012e+00 1.044302e+00 0.000000e+00
1.031517e+00 1.059538e+00 0.000000e+00
1.029706e+00 1.051164e+00 0.000000e+00
1.100202e+00 1.035927e+00 0.000000e+00
1.100202e+00 1.035927e+00 0.000000e+00
1.029706e+00 1.051164e+00 0.000000e+00
1.027896e+00 1.042789e+00 0.000000e+00
1.098392e+00 1.027553e+00 0.000000e+00
1.098392e+00 1.027553e+00 0.000000e+00
1.027896e+00 1.042789e+00 0.000000e+00
1.026086e+00 1.034414e+00 0.000000e+00
1.096582e+00 1.019178e+00 0.000000e+00
1.042368e+00 1.109790e+00 0.000000e+00
9.716293e-01 1.125061e+00 0.000000e+00
9.698212e-01 1.116685e+00 0.000000e+00
1.040560e+00 1.101414e+00 0.000000e+00
1.040560e+00 1.101414e+00 0.000000e+00
9.698212e-01 1.116685e+00 0.000000e+00
9.680132e-01 1.108310e+00 0.000000e+00
1.038752e+00 1.093039e+00 0.000000e+00
1.038752e+00 1.093039e+00 0.000000e+00
9.680132e-01 1.108310e+00 0.000000e+00
9.662051e-01 1.099935e+00 0.000000e+00
1.036944e+00 1.084664e+00 0.000000e+00
1.036944e+00 1.084664e+00 0.000000e+00
9.662051e-01 1.099935e+00 0.000000e+00
9.643971e-01 1.091559e+00 0.000000e+00
1.035136e+00 1.076288e+00 0.000000e+00
1.035136e+00 1.076288e+00 0.000000e+00
9.643971e-01 1.091559e+00 0.000000e+00
9.625890e-01 1.083184e+00 0.000000e+00
1.033328e+00 1.067913e+00 0.000000e+00
1.033328e+00 1.067913e+00 0.000000e+00
9.625890e-01 1.083184e+00 0.000000e+00
9.607809e-01 1.074809e+00 0.000000e+00
1.031519e+00 1.059538e+00 0.000000e+00
1.031519e+00 1.059538e+00 0.000000e+00
9.607809e-01 1.074809e+00 0.000000e+00
9.589729e-01 1.066434e+00 0.000000e+00
1.029711e+00 1.051163e+00 0.000000e+00
1.029711e+00 1.051163e+00 0.000000e+00
9.589729e-01 1.066434e+00 0.000000e+00
9.571648e-01 1.058058e+00 0.000000e+00
1.027903e+00 1.042787e+00 0.000000e+00
1.027903e+00 1.042787e+00 0.000000e+00
9.571648e-01 1.058058e+00 0.000000e+00
9.553568e-01 1.049683e+00 0.000000e+00
1.026095e+00 1.034412e+00 0.000000e+00
9.716173e-01 1.125063e+00 0.000000e+00
9.010645e-01 1.140271e+00 0.000000e+00
8.992591e-01 1.131895e+00 0.000000e+00
9.698119e-01 1.116687e+00 0.000000e+00
9.698119e-01 1.116687e+00 0.000000e+00
8.992591e-01 1.131895e+00 0.000000e+00
8.974537e-01 1.123519e+00 0.000000e+00
9.680065e-01 1.108311e+00 0.000000e+00
9.680065e-01 1.108311e+00 0.000000e+00
8.974537e-01 1.123519e+00 0.000000e+00
8.956483e-01 1.115143e+00 0.000000e+00
9.662011e-01 1.099936e+00 0.000000e+00
9.662011e-01 1.099936e+00 0.000000e+00
8.956483e-01 1.115143e+00 0.000000e+00
8.938429e-01 1.106767e+00 0.000000e+00
9.643957e-01 1.091560e+00 0.000000e+00
9.643957e-01 1.091560e+00 0.000000e+00
8.938429e-01 1.106767e+00 0.000000e+00
8.920376e-01 1.098391e+00 0.000000e+00
9.625903e-01 1.083184e+00 0.000000e+00
9.625903e-01 1.083184e+00 0.000000e+00
8.920376e-01 1.098391e+00 0.000000e+00
8.902322e-01 1.090015e+00 0.000000e+00
9.607850e-01 1.074808e+00 0.000000e+00
9.607850e-01 1.074808e+00 0.000000e+00
8.902322e-01 1.090015e+00 0.000000e+00
8.884268e-01 1.081640e+00 0.000000e+00
9.589796e-01 1.066432e+00 0.000000e+00
9.589796e-01 1.066432e+00 0.000000e+00
8.884268e-01 1.081640e+00 0.000000e+00
8.866214e-01 1.073264e+00 0.000000e+00
9.571742e-01 1.058056e+00 0.000000e+00
9.571742e-01 1.058056e+00 0.000000e+00
8.866214e-01 1.073264e+00 0.000000e+00
8.848160e-01 1.064888e+00 0.000000e+00
9.553688e-01 1.049680e+00 0.000000e+00
9.006731e-01 1.140353e+00 0.000000e+00
8.301507e-01 1.154790e+00 0.000000e+00
8.284323e-01 1.146396e+00 0.000000e+00
8.989547e-01 1.131959e+00 0.000000e+00
8.989547e-01 1.131959e+00 0.000000e+00
8.284323e-01 1.146396e+00 0.000000e+00
8.267139e-01 1.138002e+00 0.000000e+00
8.972363e-01 1.123565e+00 0.000000e+00
8.972363e-01 1.123565e+00 0.000000e+00
8.267139e-01 1.138002e+00 0.000000e+00
8.249955e-01 1.129607e+00 0.000000e+00
8.955179e-01 1.115170e+00 0.000000e+00
8.955179e-01 1.115170e+00 0.000000e+00
8.249955e-01 1.129607e+00 0.000000e+00
8.232771e-01 1.121213e+00 0.000000e+00
8.937995e-01 1.106776e+00 0.000000e+00
8.937995e-01 1.106776e+00 0.000000e+00
8.232771e-01 1.121213e+00 0.000000e+00
8.215587e-01 1.112819e+00 0.000000e+00
8.920810e-01 1.098382e+00 0.000000e+00
8.920810e-01 1.098382e+00 0.000000e+00
8.215587e-01 1.112819e+00 0.000000e+00
8.198403e-01 1.104425e+00 0.000000e+00
8.903626e-01 1.089988e+00 0.000000e+00
8.903626e-01 1.089988e+00 0.000000e+00
8.198403e-01 1.104425e+00 0.000000e+00
8.181218e-01 1.096031e+00 0.000000e+00
8.886442e-01 1.081594e+00 0.000000e+00
8.886442e-01 1.081594e+00 0.000000e+00
8.181218e-01 1.096031e+00 0.000000e+00
8.164034e-01 1.087637e+00 0.000000e+00
8.869258e-01 1.073200e+00 0.000000e+00
8.869258e-01 1.073200e+00 0.000000e+00
8.164034e-01 1.087637e+00 0.000000e+00
8.146850e-01 1.079243e+00 0.000000e+00
8.852074e-01 1.064806e+00 0.000000e+00
8.297730e-01 1.154865e+00 0.000000e+00
7.589197e-01 1.168634e+00 0.000000e+00
7.572852e-01 1.160223e+00 0.000000e+00
8.281385e-01 1.146454e+00 0.000000e+00
8.281385e-01 1.146454e+00 0.000000e+00
7.572852e-01 1.160223e+00 0.000000e+00
7.556507e-01 1.151812e+00 0.000000e+00
8.265041e-01 1.138043e+00 0.000000e+00
8.265041e-01 1.138043e+00 0.000000e+00
7.556507e-01 1.151812e+00 0.000000e+00
7.540162e-01 1.143401e+00 0.000000e+00
8.248696e-01 1.129633e+00 0.000000e+00
8.248696e-01 1.129633e+00 0.000000e+00
7.540162e-01 1.143401e+00 0.000000e+00
7.523817e-01 1.134991e+00 0.000000e+00
8.232351e-01 1.121222e+00 0.000000e+00
8.232351e-01 1.121222e+00 0.000000e+00
7.523817e-01 1.134991e+00 0.000000e+00
7.507473e-01 1.126580e+00 0.000000e+00
8.216006e-01 1.112811e+00 0.000000e+00
8.216006e-01 1.112811e+00 0.000000e+00
7.507473e-01 1.126580e+00 0.000000e+00
7.491128e-01 1.118169e+00 0.000000e+00
8.199662e-01 1.104400e+00 0.000000e+00
8.199662e-01 1.104400e+00 0.000000e+00
7.491128e-01 1.118169e+00 0.000000e+00
7.474783e-01 1.109758e+00 0.000000e+00
8.183317e-01 1.095989e+00 0.000000e+00
8.183317e-01 1.095989e+00 0.000000e+00
7.474783e-01 1.109758e+00 0.000000e+00
7.458438e-01 1.101347e+00 0.000000e+00
8.166972e-01 1.087578e+00 0.000000e+00
8.166972e-01 1.087578e+00 0.000000e+00
7.458438e-01 1.101347e+00 0.000000e+00
7.442093e-01 1.092936e+00 0.000000e+00
8.150627e-01 1.079167e+00 0.000000e+00
7.589043e-01 1.168637e+00 0.000000e+00
6.878894e-01 1.182407e+00 0.000000e+00
6.862584e-01 1.173996e+00 0.000000e+00
7.572732e-01 1.160225e+00 0.000000e+00
7.572732e-01 1.160225e+00 0.000000e+00
6.862584e-01 1.173996e+00 0.000000e+00
6.846273e-01 1.165584e+00 0.000000e+00
7.556421e-01 1.151814e+00 0.000000e+00
7.556421e-01 1.151814e+00 0.000000e+00
6.846273e-01 1.165584e+00 0.000000e+00
6.829963e-01 1.157173e+00 0.000000e+00
7.540111e-01 1.143402e+00 0.000000e+00
7.540111e-01 1.143402e+00 0.000000e+00
6.829963e-01 1.157173e+00 0.000000e+00
6.813652e-01 1.148761e+00 0.000000e+00
7.523800e-01 1.134991e+00 0.000000e+00
7.523800e-01 1.134991e+00 0.000000e+00
6.813652e-01 1.148761e+00 0.000000e+00
6.797341e-01 1.140350e+00 0.000000e+00
7.507490e-01 1.126579e+00 0.000000e+00
7.507490e-01 1.126579e+00 0.000000e+00
6.797341e-01 1.140350e+00 0.000000e+00
6.781031e-01 1.131938e+00 0.000000e+00
7.491179e-01 1.118168e+00 0.000000e+00
7.491179e-01 1.118168e+00 0.000000e+00
6.781031e-01 1.131938e+00 0.000000e+00
6.764720e-01 1.123526e+00 0.000000e+00
7.474869e-01 1.109756e+00 0.000000e+00
7.474869e-01 1.109756e+00 0.000000e+00
6.764720e-01 1.123526e+00 0.000000e+00
6.748410e-01 1.115115e+00 0.000000e+00
7.458558e-01 1.101345e+00 0.000000e+00
7.458558e-01 1.101345e+00 0.000000e+00
6.748410e-01 1.115115e+00 0.000000e+00
6.732099e-01 1.106703e+00 0.000000e+00
7.442247e-01 1.092933e+00 0.000000e+00
6.878242e-01 1.182420e+00 0.000000e+00
6.171286e-01 1.196002e+00 0.000000e+00
6.155121e-01 1.187587e+00 0.000000e+00
6.862076e-01 1.174006e+00 0.000000e+00
6.862076e-01 1.174006e+00 0.000000e+00
6.155121e-01 1.187587e+00 0.000000e+00
6.138955e-01 1.179173e+00 0.000000e+00
6.845911e-01 1.165591e+00 0.000000e+00
6.845911e-01 1.165591e+00 0.000000e+00
6.138955e-01 1.179173e+00 0.000000e+00
6.122790e-01 1.170759e+00 0.000000e+00
6.829745e-01 1.157177e+00 0.000000e+00
6.829745e-01 1.157177e+00 0.000000e+00
6.122790e-01 1.170759e+00 0.000000e+00
6.106624e-01 1.162344e+00 0.000000e+00
6.813579e-01 1.148763e+00 0.000000e+00
6.813579e-01 1.148763e+00 0.000000e+00
6.106624e-01 1.162344e+00 0.000000e+00
6.090459e-01 1.153930e+00 0.000000e+00
6.797414e-01 1.140348e+00 0.000000e+00
6.797414e-01 1.140348e+00 0.000000e+00
6.090459e-01 1.153930e+00 0.000000e+00
6.074293e-01 1.145516e+00 0.000000e+00
6.781248e-01 1.131934e+00 0.000000e+00
6.781248e-01 1.131934e+00 0.000000e+00
6.074293e-01 1.145516e+00 0.000000e+00
6.058127e-01 1.137101e+00 0.000000e+00
6.765083e-01 1.123519e+00 0.000000e+00
6.765083e-01 1.123519e+00 0.000000e+00
6.058127e-01 1.137101e+00 0.000000e+00
6.041962e-01 1.128687e+00 0.000000e+00
6.748917e-01 1.115105e+00 0.000000e+00
6.748917e-01 1.115105e+00 0.000000e+00
6.041962e-01 1.128687e+00 0.000000e+00
6.025796e-01 1.120273e+00 0.000000e+00
6.732752e-01 1.106691e+00 0.000000e+00
6.164245e-01 1.196130e+00 0.000000e+00
5.455506e-01 1.208387e+00 0.000000e+00
5.440905e-01 1.199944e+00 0.000000e+00
6.149645e-01 1.187687e+00 0.000000e+00
6.149645e-01 1.187687e+00 0.000000e+00
5.440905e-01 1.199944e+00 0.000000e+00
5.426304e-01 1.191501e+00 0.000000e+00
6.135044e-01 1.179245e+00 0.000000e+00
6.135044e-01 1.179245e+00 0.000000e+00
5.426304e-01 1.191501e+00 0.000000e+00
5.411703e-01 1.183058e+00 0.000000e+00
6.120443e-01 1.170802e+00 0.000000e+00
6.120443e-01 1.170802e+00 0.000000e+00
5.411703e-01 1.183058e+00 0.000000e+00
5.397102e-01 1.174615e+00 0.000000e+00
6.105842e-01 1.162359e+00 0.000000e+00
6.105842e-01 1.162359e+00 0.000000e+00
5.397102e-01 1.174615e+00 0.000000e+00
5.382501e-01 1.166173e+00 0.000000e+00
6.091241e-01 1.153916e+00 0.000000e+00
6.091241e-01 1.153916e+00 0.000000e+00
5.382501e-01 1.166173e+00 0.000000e+00
5.367900e-01 1.157730e+00 0.000000e+00
6.076640e-01 1.145473e+00 0.000000e+00
6.076640e-01 1.145473e+00 0.000000e+00
5.367900e-01 1.157730e+00 0.000000e+00
5.353299e-01 1.149287e+00 0.000000e+00
6.062039e-01 1.137030e+00 0.000000e+00
6.062039e-01 1.137030e+00 0.000000e+00
5.353299e-01 1.149287e+00 0.000000e+00
5.338698e-01 1.140844e+00 0.000000e+00
6.047438e-01 1.128587e+00 0.000000e+00
6.047438e-01 1.128587e+00 0.000000e+00
5.338698e-01 1.140844e+00 0.000000e+00
5.324097e-01 1.132401e+00 0.000000e+00
6.032837e-01 1.120144e+00 0.000000e+00
5.453665e-01 1.208418e+00 0.000000e+00
4.740881e-01 1.220390e+00 0.000000e+00
4.726689e-01 1.211940e+00 0.000000e+00
5.439473e-01 1.199969e+00 0.000000e+00
5.439473e-01 1.199969e+00 0.000000e+00
4.726689e-01 1.211940e+00 0.000000e+00
4.712497e-01 1.203490e+00 0.000000e+00
5.425281e-01 1.191519e+00 0.000000e+00
5.425281e-01 1.191519e+00 0.000000e+00
4.712497e-01 1.203490e+00 0.000000e+00
4.698305e-01 1.195040e+00 0.000000e+00
5.411089e-01 1.183069e+00 0.000000e+00
5.411089e-01 1.183069e+00 0.000000e+00
4.698305e-01 1.195040e+00 0.000000e+00
4.684113e-01 1.186591e+00 0.000000e+00
5.396897e-01 1.174619e+00 0.000000e+00
5.396897e-01 1.174619e+00 0.000000e+00
4.684113e-01 1.186591e+00 0.000000e+00
4.669921e-01 1.178141e+00 0.000000e+00
5.382705e-01 1.166169e+00 0.000000e+00
5.382705e-01 1.166169e+00 0.000000e+00
4.669921e-01 1.178141e+00 0.000000e+00
4.655729e-01 1.169691e+00 0.000000e+00
5.368513e-01 1.157719e+00 0.000000e+00
5.368513e-01 1.157719e+00 0.000000e+00
4.655729e-01 1.169691e+00 0.000000e+00
4.641537e-01 1.161241e+00 0.000000e+00
5.354321e-01 1.149269e+00 0.000000e+00
5.354321e-01 1.149269e+00 0.000000e+00
4.641537e-01 1.161241e+00 0.000000e+00
4.627345e-01 1.152791e+00 0.000000e+00
5.340129e-01 1.140819e+00 0.000000e+00
5.340129e-01 1.140819e+00 0.000000e+00
4.627345e-01 1.152791e+00 0.000000e+00
4.613153e-01 1.144341e+00 0.000000e+00
5.325937e-01 1.132370e+00 0.000000e+00
4.740713e-01 1.220393e+00 0.000000e+00
4.028830e-01 1.232317e+00 0.000000e+00
4.014676e-01 1.223866e+00 0.000000e+00
4.726558e-01 1.211942e+00 0.000000e+00
4.726558e-01 1.211942e+00 0.000000e+00
4.014676e-01 1.223866e+00 0.000000e+00
4.000521e-01 1.215416e+00 0.000000e+00
4.712403e-01 1.203492e+00 0.000000e+00
4.712403e-01 1.203492e+00 0.000000e+00
4.000521e-01 1.215416e+00 0.000000e+00
3.986366e-01 1.206965e+00 0.000000e+00
4.698249e-01 1.195041e+00 0.000000e+00
4.698249e-01 1.195041e+00 0.000000e+00
3.986366e-01 1.206965e+00 0.000000e+00
3.972212e-01 1.198515e+00 0.000000e+00
4.684094e-01 1.186591e+00 0.000000e+00
4.684094e-01 1.186591e+00 0.000000e+00
3.972212e-01 1.198515e+00 0.000000e+00
3.958057e-01 1.190064e+00 0.000000e+00
4.669939e-01 1.178140e+00 0.000000e+00
4.669939e-01 1.178140e+00 0.000000e+00
3.958057e-01 1.190064e+00 0.000000e+00
3.943903e-01 1.181614e+00 0.000000e+00
4.655785e-01 1.169690e+00 0.000000e+00
4.655785e-01 1.169690e+00 0.000000e+00
3.943903e-01 1.181614e+00 0.000000e+00
3.929748e-01 1.173163e+00 0.000000e+00
4.641630e-01 1.161239e+00 0.000000e+00
4.641630e-01 1.161239e+00 0.000000e+00
3.929748e-01 1.173163e+00 0.000000e+00
3.915593e-01 1.164713e+00 0.000000e+00
4.627475e-01 1.152789e+00 0.000000e+00
4.627475e-01 1.152789e+00 0.000000e+00
3.915593e-01 1.164713e+00 0.000000e+00
3.901439e-01 1.156262e+00 0.000000e+00
4.613321e-01 1.144338e+00 0.000000e+00
4.025072e-01 1.232378e+00 0.000000e+00
3.315596e-01 1.243543e+00 0.000000e+00
3.302277e-01 1.235079e+00 0.000000e+00
4.011752e-01 1.223914e+00 0.000000e+00
4.011752e-01 1.223914e+00 0.000000e+00
3.302277e-01 1.235079e+00 0.000000e+00
3.288957e-01 1.226614e+00 0.000000e+00
3.998433e-01 1.215450e+00 0.000000e+00
3.998433e-01 1.215450e+00 0.000000e+00
3.288957e-01 1.226614e+00 0.000000e+00
3.275638e-01 1.218150e+00 0.000000e+00
3.985114e-01 1.206986e+00 0.000000e+00
3.985114e-01 1.206986e+00 0.000000e+00
3.275638e-01 1.218150e+00 0.000000e+00
3.262319e-01 1.209686e+00 0.000000e+00
3.971794e-01 1.198522e+00 0.000000e+00
3.971794e-01 1.198522e+00 0.000000e+00
3.262319e-01 1.209686e+00 0.000000e+00
3.248999e-01 1.201222e+00 0.000000e+00
3.958475e-01 1.190058e+00 0.000000e+00
3.958475e-01 1.190058e+00 0.000000e+00
3.248999e-01 1.201222e+00 0.000000e+00
3.235680e-01 1.192758e+00 0.000000e+00
3.945155e-01 1.181594e+00 0.000000e+00
3.945155e-01 1.181594e+00 0.000000e+00
3.235680e-01 1.192758e+00 0.000000e+00
3.222361e-01 1.184294e+00 0.000000e+00
3.931836e-01 1.173130e+00 0.000000e+00
3.931836e-01 1.173130e+00 0.000000e+00
3.222361e-01 1.184294e+00 0.000000e+00
3.209041e-01 1.175830e+00 0.000000e+00
3.918517e-01 1.164665e+00 0.000000e+00
3.918517e-01 1.164665e+00 0.000000e+00
3.209041e-01 1.175830e+00 0.000000e+00
3.195722e-01 1.167366e+00 0.000000e+00
3.905197e-01 1.156201e+00 0.000000e+00
3.294491e-01 1.243815e+00 0.000000e+00
2.577834e-01 1.251070e+00 0.000000e+00
2.569205e-01 1.242545e+00 0.000000e+00
3.285862e-01 1.235291e+00 0.000000e+00
3.285862e-01 1.235291e+00 0.000000e+00
2.569205e-01 1.242545e+00 0.000000e+00
2.560576e-01 1.234021e+00 0.000000e+00
3.277233e-01 1.226766e+00 0.000000e+00
3.277233e-01 1.226766e+00 0.000000e+00
2.560576e-01 1.234021e+00 0.000000e+00
2.551946e-01 1.225496e+00 0.000000e+00
3.268603e-01 1.218241e+00 0.000000e+00
3.268603e-01 1.218241e+00 0.000000e+00
2.551946e-01 1.225496e+00 0.000000e+00
2.543317e-01 1.216971e+00 0.000000e+00
3.259974e-01 1.209717e+00 0.000000e+00
3.259974e-01 1.209717e+00 0.000000e+00
2.543317e-01 1.216971e+00 0.000000e+00
2.534687e-01 1.208447e+00 0.000000e+00
3.251344e-01 1.201192e+00 0.000000e+00
3.251344e-01 1.201192e+00 0.000000e+00
2.534687e-01 1.208447e+00 0.000000e+00
2.526058e-01 1.199922e+00 0.000000e+00
3.242715e-01 1.192667e+00 0.000000e+00
3.242715e-01 1.192667e+00 0.000000e+00
2.526058e-01 1.199922e+00 0.000000e+00
2.517428e-01 1.191397e+00 0.000000e+00
3.234085e-01 1.184143e+00 0.000000e+00
3.234085e-01 1.184143e+00 0.000000e+00
2.517428e-01 1.191397e+00 0.000000e+00
2.508799e-01 1.182873e+00 0.000000e+00
3.225456e-01 1.175618e+00 0.000000e+00
3.225456e-01 1.175618e+00 0.000000e+00
2.508799e-01 1.182873e+00 0.000000e+00
2.500170e-01 1.174348e+00 0.000000e+00
3.216827e-01 1.167093e+00 0.000000e+00
2.586636e-01 1.256232e+00 0.000000e+00
1.613516e-01 1.266882e+00 0.000000e+00
1.602930e-01 1.257210e+00 0.000000e+00
2.576050e-01 1.246560e+00 0.000000e+00
2.576050e-01 1.246560e+00 0.000000e+00
1.602930e-01 1.257210e+00 0.000000e+00
1.592345e-01 1.247539e+00 0.000000e+00
2.565465e-01 1.236888e+00 0.000000e+00
2.565465e-01 1.236888e+00 0.000000e+00
1.592345e-01 1.247539e+00 0.000000e+00
1.581760e-01 1.237867e+00 0.000000e+00
2.554880e-01 1.227217e+00 0.000000e+00
2.554880e-01 1.227217e+00 0.000000e+00
1.581760e-01 1.237867e+00 0.000000e+00
1.571175e-01 1.228195e+00 0.000000e+00
2.544295e-01 1.217545e+00 0.000000e+00
2.544295e-01 1.217545e+00 0.000000e+00
1.571175e-01 1.228195e+00 0.000000e+00
1.560589e-01 1.218523e+00 0.000000e+00
2.533709e-01 1.207873e+00 0.000000e+00
2.533709e-01 1.207873e+00 0.000000e+00
1.560589e-01 1.218523e+00 0.000000e+00
1.550004e-01 1.208852e+00 0.000000e+00
2.523124e-01 1.198201e+00 0.000000e+00
2.523124e-01 1.198201e+00 0.000000e+00
1.550004e-01 1.208852e+00 0.000000e+00
1.539419e-01 1.199180e+00 0.000000e+00
2.512539e-01 1.188529e+00 0.000000e+00
2.512539e-01 1.188529e+00 0.000000e+00
1.539419e-01 1.199180e+00 0.000000e+00
1.528834e-01 1.189508e+00 0.000000e+00
2.501954e-01 1.178858e+00 0.000000e+00
2.501954e-01 1.178858e+00 0.000000e+00
1.528834e-01 1.189508e+00 0.000000e+00
1.518248e-01 1.179836e+00 0.000000e+00
2.491368e-01 1.169186e+00 0.000000e+00
1.621857e-01 1.266783e+00 0.000000e+00
9.126533e-02 1.275925e+00 0.000000e+00
9.002144e-02 1.266275e+00 0.000000e+00
1.609418e-01 1.257133e+00 0.000000e+00
1.609418e-01 1.257133e+00 0.000000e+00
9.002144e-02 1.266275e+00 0.000000e+00
8.877755e-02 1.256625e+00 0.000000e+00
1.596979e-01 1.247483e+00 0.000000e+00
1.596979e-01 1.247483e+00 0.000000e+00
8.877755e-02 1.256625e+00 0.000000e+00
8.753366e-02 1.246976e+00 0.000000e+00
1.584540e-01 1.237834e+00 0.000000e+00
1.584540e-01 1.237834e+00 0.000000e+00
8.753366e-02 1.246976e+00 0.000000e+00
8.628977e-02 1.237326e+00 0.000000e+00
1.572101e-01 1.228184e+00 0.000000e+00
1.572101e-01 1.228184e+00 0.000000e+00
8.628977e-02 1.237326e+00 0.000000e+00
8.504587e-02 1.227676e+00 0.000000e+00
1.559662e-01 1.218534e+00 0.000000e+00
1.559662e-01 1.218534e+00 0.000000e+00
8.504587e-02 1.227676e+00 0.000000e+00
8.380198e-02 1.218027e+00 0.000000e+00
1.547224e-01 1.208885e+00 0.000000e+00
1.547224e-01 1.208885e+00 0.000000e+00
8.380198e-02 1.218027e+00 0.000000e+00
8.255809e-02 1.208377e+00 0.000000e+00
1.534785e-01 1.199235e+00 0.000000e+00
1.534785e-01 1.199235e+00 0.000000e+00
8.255809e-02 1.208377e+00 0.000000e+00
8.131420e-02 1.198727e+00 0.000000e+00
1.522346e-01 1.189585e+00 0.000000e+00
1.522346e-01 1.189585e+00 0.000000e+00
8.131420e-02 1.198727e+00 0.000000e+00
8.007031e-02 1.189078e+00 0.000000e+00
1.509907e-01 1.179936e+00 0.000000e+00
9.018462e-02 1.276050e+00 0.000000e+00
1.894616e-02 1.283439e+00 0.000000e+00
1.794242e-02 1.273761e+00 0.000000e+00
8.918088e-02 1.266373e+00 0.000000e+00
8.918088e-02 1.266373e+00 0.000000e+00
1.794242e-02 1.273761e+00 0.000000e+00
1.693869e-02 1.264084e+00 0.000000e+00
8.817715e-02 1.256695e+00 0.000000e+00
8.817715e-02 1.256695e+00 0.000000e+00
1.693869e-02 1.264084e+00 0.000000e+00
1.593496e-02 1.254406e+00 0.000000e+00
8.717342e-02 1.247018e+00 0.000000e+00
8.717342e-02 1.247018e+00 0.000000e+00
1.593496e-02 1.254406e+00 0.000000e+00
1.493123e-02 1.244729e+00 0.000000e+00
8.616969e-02 1.237340e+00 0.000000e+00
8.616969e-02 1.237340e+00 0.000000e+00
1.493123e-02 1.244729e+00 0.000000e+00
1.392749e-02 1.235051e+00 0.000000e+00
8.516595e-02 1.227662e+00 0.000000e+00
8.516595e-02 1.227662e+00 0.000000e+00
1.392749e-02 1.235051e+00 0.000000e+00
1.292376e-02 1.225373e+00 0.000000e+00
8.416222e-02 1.217985e+00 0.000000e+00
8.416222e-02 1.217985e+00 0.000000e+00
1.292376e-02 1.225373e+00 0.000000e+00
1.192003e-02 1.215696e+00 0.000000e+00
8.315849e-02 1.208307e+00 0.000000e+00
8.315849e-02 1.208307e+00 0.000000e+00
1.192003e-02 1.215696e+00 0.000000e+00
1.091630e-02 1.206018e+00 0.000000e+00
8.215476e-02 1.198630e+00 0.000000e+00
8.215476e-02 1.198630e+00 0.000000e+00
1.091630e-02 1.206018e+00 0.000000e+00
9.912564e-03 1.196341e+00 0.000000e+00
8.115102e-02 1.188952e+00 0.000000e+00
1.884320e-02 1.283450e+00 0.000000e+00
-5.290633e-02 1.290720e+00 0.000000e+00
-5.388718e-02 1.281040e+00 0.000000e+00
1.786235e-02 1.273770e+00 0.000000e+00
1.786235e-02 1.273770e+00 0.000000e+00
-5.388718e-02 1.281040e+00 0.000000e+00
-5.486804e-02 1.271360e+00 0.000000e+00
1.688149e-02 1.264090e+00 0.000000e+00
1.688149e-02 1.264090e+00 0.000000e+00
-5.486804e-02 1.271360e+00 0.000000e+00
-5.584889e-02 1.261680e+00 0.000000e+00
1.590064e-02 1.254410e+00 0.000000e+00
1.590064e-02 1.254410e+00 0.000000e+00
-5.584889e-02 1.261680e+00 0.000000e+00
-5.682974e-02 1.252000e+00 0.000000e+00
1.491979e-02 1.244730e+00 0.000000e+00
1.491979e-02 1.244730e+00 0.000000e+00
-5.682974e-02 1.252000e+00 0.000000e+00
-5.781060e-02 1.242320e+00 0.000000e+00
1.393893e-02 1.235050e+00 0.000000e+00
1.393893e-02 1.235050e+00 0.000000e+00
-5.781060e-02 1.242320e+00 0.000000e+00
-5.879145e-02 1.232640e+00 0.000000e+00
1.295808e-02 1.225370e+00 0.000000e+00
1.295808e-02 1.225370e+00 0.000000e+00
-5.879145e-02 1.232640e+00 0.000000e+00
-5.977230e-02 1.222960e+00 0.000000e+00
1.197723e-02 1.215690e+00 0.000000e+00
1.197723e-02 1.215690e+00 0.000000e+00
-5.977230e-02 1.222960e+00 0.000000e+00
-6.075316e-02 1.213280e+00 0.000000e+00
1.099637e-02 1.206010e+00 0.000000e+00
1.099637e-02 1.206010e+00 0.000000e+00
-6.075316e-02 1.213280e+00 0.000000e+00
-6.173401e-02 1.203600e+00 0.000000e+00
1.001552e-02 1.196330e+00 0.000000e+00
-5.299718e-02 1.290729e+00 0.000000e+00
-1.242394e-01 1.297798e+00 0.000000e+00
-1.252000e-01 1.288116e+00 0.000000e+00
-5.395785e-02 1.281047e+00 0.000000e+00
-5.395785e-02 1.281047e+00 0.000000e+00
-1.252000e-01 1.288116e+00 0.000000e+00
-1.261607e-01 1.278434e+00 0.000000e+00
-5.491851e-02 1.271365e+00 0.000000e+00
-5.491851e-02 1.271365e+00 0.000000e+00
-1.261607e-01 1.278434e+00 0.000000e+00
-1.271214e-01 1.268752e+00 0.000000e+00
-5.587917e-02 1.261683e+00 0.000000e+00
-5.587917e-02 1.261683e+00 0.000000e+00
-1.271214e-01 1.268752e+00 0.000000e+00
-1.280820e-01 1.259070e+00 0.000000e+00
-5.683984e-02 1.252001e+00 0.000000e+00
-5.683984e-02 1.252001e+00 0.000000e+00
-1.280820e-01 1.259070e+00 0.000000e+00
-1.290427e-01 1.249388e+00 0.000000e+00
-5.780050e-02 1.242319e+00 0.000000e+00
-5.780050e-02 1.242319e+00 0.000000e+00
-1.290427e-01 1.249388e+00 0.000000e+00
-1.300033e-01 1.239706e+00 0.000000e+00
-5.876117e-02 1.232637e+00 0.000000e+00
-5.876117e-02 1.232637e+00 0.000000e+00
-1.300033e-01 1.239706e+00 0.000000e+00
-1.309640e-01 1.230024e+00 0.000000e+00
-5.972183e-02 1.222955e+00 0.000000e+00
-5.972183e-02 1.222955e+00 0.000000e+00
-1.309640e-01 1.230024e+00 0.000000e+00
-1.319247e-01 1.220342e+00 0.000000e+00
-6.068249e-02 1.213273e+00 0.000000e+00
-6.068249e-02 1.213273e+00 0.000000e+00
-1.319247e-01 1.220342e+00 0.000000e+00
-1.328853e-01 1.210660e+00 0.000000e+00
-6.164316e-02 1.203591e+00 0.000000e+00
-1.253934e-01 1.297897e+00 0.000000e+00
-1.965744e-01 1.303063e+00 0.000000e+00
-1.972786e-01 1.293358e+00 0.000000e+00
-1.260976e-01 1.288193e+00 0.000000e+00
-1.260976e-01 1.288193e+00 0.000000e+00
-1.972786e-01 1.293358e+00 0.000000e+00
-1.979828e-01 1.283654e+00 0.000000e+00
-1.268018e-01 1.278489e+00 0.000000e+00
-1.268018e-01 1.278489e+00 0.000000e+00
-1.979828e-01 1.283654e+00 0.000000e+00
-1.986870e-01 1.273950e+00 0.000000e+00
-1.275060e-01 1.268785e+00 0.000000e+00
-1.275060e-01 1.268785e+00 0.000000e+00
-1.986870e-01 1.273950e+00 0.000000e+00
-1.993912e-01 1.264246e+00 0.000000e+00
-1.282102e-01 1.259081e+00 0.000000e+00
-1.282102e-01 1.259081e+00 0.000000e+00
-1.993912e-01 1.264246e+00 0.000000e+00
-2.000955e-01 1.254542e+00 0.000000e+00
-1.289145e-01 1.249377e+00 0.000000e+00
-1.289145e-01 1.249377e+00 0.000000e+00
-2.000955e-01 1.254542e+00 0.000000e+00
-2.007997e-01 1.244838e+00 0.000000e+00
-1.296187e-01 1.239673e+00 0.000000e+00
-1.296187e-01 1.239673e+00 0.000000e+00
-2.007997e-01 1.244838e+00 0.000000e+00
-2.015039e-01 1.235134e+00 0.000000e+00
-1.303229e-01 1.229969e+00 0.000000e+00
-1.303229e-01 1.229969e+00 0.000000e+00
-2.015039e-01 1.235134e+00 0.000000e+00
-2.022081e-01 1.225430e+00 0.000000e+00
-1.310271e-01 1.220265e+00 0.000000e+00
-1.310271e-01 1.220265e+00 0.000000e+00
-2.022081e-01 1.225430e+00 0.000000e+00
-2.029124e-01 1.215726e+00 0.000000e+00
-1.317313e-01 1.210561e+00 0.000000e+00
-1.971024e-01 1.303098e+00 0.000000e+00
-2.689054e-01 1.307437e+00 0.000000e+00
-2.694923e-01 1.297725e+00 0.000000e+00
-1.976893e-01 1.293386e+00 0.000000e+00
-1.976893e-01 1.293386e+00 0.000000e+00
-2.694923e-01 1.297725e+00 0.000000e+00
-2.700792e-01 1.288013e+00 0.000000e+00
-1.982761e-01 1.283674e+00 0.000000e+00
-1.982761e-01 1.283674e+00 0.000000e+00
-2.700792e-01 1.288013e+00 0.000000e+00
-2.706660e-01 1.278301e+00 0.000000e+00
-1.988630e-01 1.273962e+00 0.000000e+00
-1.988630e-01 1.273962e+00 0.000000e+00
-2.706660e-01 1.278301e+00 0.000000e+00
-2.712529e-01 1.268589e+00 0.000000e+00
-1.994499e-01 1.264250e+00 0.000000e+00
-1.994499e-01 1.264250e+00 0.000000e+00
-2.712529e-01 1.268589e+00 0.000000e+00
-2.718398e-01 1.258878e+00 0.000000e+00
-2.000368e-01 1.254539e+00 0.000000e+00
-2.000368e-01 1.254539e+00 0.000000e+00
-2.718398e-01 1.258878e+00 0.000000e+00
-2.724267e-01 1.249166e+00 0.000000e+00
-2.006237e-01 1.244827e+00 0.000000e+00
-2.006237e-01 1.244827e+00 0.000000e+00
-2.724267e-01 1.249166e+00 0.000000e+00
-2.730136e-01 1.239454e+00 0.000000e+00
-2.012106e-01 1.235115e+00 0.000000e+00
-2.012106e-01 1.235115e+00 0.000000e+00
-2.730136e-01 1.239454e+00 0.000000e+00
-2.736005e-01 1.229742e+00 0.000000e+00
-2.017975e-01 1.225403e+00 0.000000e+00
-2.017975e-01 1.225403e+00 0.000000e+00
-2.736005e-01 1.229742e+00 0.000000e+00
-2.741873e-01 1.220030e+00 0.000000e+00
-2.023843e-01 1.215691e+00 0.000000e+00
-2.689380e-01 1.307439e+00 0.000000e+00
-3.405745e-01 1.311714e+00 0.000000e+00
-3.411542e-01 1.302002e+00 0.000000e+00
-2.695177e-01 1.297726e+00 0.000000e+00
-2.695177e-01 1.297726e+00 0.000000e+00
-3.411542e-01 1.302002e+00 0.000000e+00
-3.417338e-01 1.292289e+00 0.000000e+00
-2.700973e-01 1.288014e+00 0.000000e+00
-2.700973e-01 1.288014e+00 0.000000e+00
-3.417338e-01 1.292289e+00 0.000000e+00
-3.423134e-01 1.282577e+00 0.000000e+00
-2.706769e-01 1.278302e+00 0.000000e+00
-2.706769e-01 1.278302e+00 0.000000e+00
-3.423134e-01 1.282577e+00 0.000000e+00
-3.428931e-01 1.272865e+00 0.000000e+00
-2.712566e-01 1.268590e+00 0.000000e+00
-2.712566e-01 1.268590e+00 0.000000e+00
-3.428931e-01 1.272865e+00 0.000000e+00
-3.434727e-01 1.263153e+00 0.000000e+00
-2.718362e-01 1.258877e+00 0.000000e+00
-2.718362e-01 1.258877e+00 0.000000e+00
-3.434727e-01 1.263153e+00 0.000000e+00
-3.440523e-01 1.253440e+00 0.000000e+00
-2.724158e-01 1.249165e+00 0.000000e+00
-2.724158e-01 1.249165e+00 0.000000e+00
-3.440523e-01 1.253440e+00 0.000000e+00
-3.446320e-01 1.243728e+00 0.000000e+00
-2.729954e-01 1.239453e+00 0.000000e+00
-2.729954e-01 1.239453e+00 0.000000e+00
-3.446320e-01 1.243728e+00 0.000000e+00
-3.452116e-01 1.234016e+00 0.000000e+00
-2.735751e-01 1.229741e+00 0.000000e+00
-2.735751e-01 1.229741e+00 0.000000e+00
-3.452116e-01 1.234016e+00 0.000000e+00
-3.457912e-01 1.224304e+00 0.000000e+00
-2.741547e-01 1.220028e+00 0.000000e+00
-3.414446e-01 1.311757e+00 0.000000e+00
-4.126139e-01 1.314585e+00 0.000000e+00
-4.130002e-01 1.304863e+00 0.000000e+00
-3.418309e-01 1.302035e+00 0.000000e+00
-3.418309e-01 1.302035e+00 0.000000e+00
-4.130002e-01 1.304863e+00 0.000000e+00
-4.133865e-01 1.295141e+00 0.000000e+00
-3.422172e-01 1.292313e+00 0.000000e+00
-3.422172e-01 1.292313e+00 0.000000e+00
-4.133865e-01 1.295141e+00 0.000000e+00
-4.137728e-01 1.285419e+00 0.000000e+00
-3.426034e-01 1.282592e+00 0.000000e+00
-3.426034e-01 1.282592e+00 0.000000e+00
-4.137728e-01 1.285419e+00 0.000000e+00
-4.141591e-01 1.275698e+00 0.000000e+00
-3.429897e-01 1.272870e+00 0.000000e+00
-3.429897e-01 1.272870e+00 0.000000e+00
-4.141591e-01 1.275698e+00 0.000000e+00
-4.145453e-01 1.265976e+00 0.000000e+00
-3.433760e-01 1.263148e+00 0.000000e+00
-3.433760e-01 1.263148e+00 0.000000e+00
-4.145453e-01 1.265976e+00 0.000000e+00
-4.149316e-01 1.256254e+00 0.000000e+00
-3.437623e-01 1.253426e+00 0.000000e+00
-3.437623e-01 1.253426e+00 0.000000e+00
-4.149316e-01 1.256254e+00 0.000000e+00
-4.153179e-01 1.246532e+00 0.000000e+00
-3.441486e-01 1.243704e+00 0.000000e+00
-3.441486e-01 1.243704e+00 0.000000e+00
-4.153179e-01 1.246532e+00 0.000000e+00
-4.157042e-01 1.236810e+00 0.000000e+00
-3.445349e-01 1.233982e+00 0.000000e+00
-3.445349e-01 1.233982e+00 0.000000e+00
-4.157042e-01 1.236810e+00 0.000000e+00
-4.160905e-01 1.227088e+00 0.000000e+00
-3.449212e-01 1.224260e+00 0.000000e+00
-4.137120e-01 1.314615e+00 0.000000e+00
-4.853528e-01 1.315663e+00 0.000000e+00
-4.854950e-01 1.305934e+00 0.000000e+00
-4.138543e-01 1.304886e+00 0.000000e+00
-4.138543e-01 1.304886e+00 0.000000e+00
-4.854950e-01 1.305934e+00 0.000000e+00
-4.856373e-01 1.296206e+00 0.000000e+00
-4.139965e-01 1.295158e+00 0.000000e+00
-4.139965e-01 1.295158e+00 0.000000e+00
-4.856373e-01 1.296206e+00 0.000000e+00
-4.857795e-01 1.286477e+00 0.000000e+00
-4.141388e-01 1.285429e+00 0.000000e+00
-4.141388e-01 1.285429e+00 0.000000e+00
-4.857795e-01 1.286477e+00 0.000000e+00
-4.859218e-01 1.276749e+00 0.000000e+00
-4.142811e-01 1.275701e+00 0.000000e+00
-4.142811e-01 1.275701e+00 0.000000e+00
-4.859218e-01 1.276749e+00 0.000000e+00
-4.860641e-01 1.267020e+00 0.000000e+00
-4.144233e-01 1.265972e+00 0.000000e+00
-4.144233e-01 1.265972e+00 0.000000e+00
-4.860641e-01 1.267020e+00 0.000000e+00
-4.862063e-01 1.257292e+00 0.000000e+00
-4.145656e-01 1.256244e+00 0.000000e+00
-4.145656e-01 1.256244e+00 0.000000e+00
-4.862063e-01 1.257292e+00 0.000000e+00
-4.863486e-01 1.247563e+00 0.000000e+00
-4.147079e-01 1.246515e+00 0.000000e+00
-4.147079e-01 1.246515e+00 0.000000e+00
-4.863486e-01 1.247563e+00 0.000000e+00
-4.864908e-01 1.237835e+00 0.000000e+00
-4.148501e-01 1.236787e+00 0.000000e+00
-4.148501e-01 1.236787e+00 0.000000e+00
-4.864908e-01 1.237835e+00 0.000000e+00
-4.866331e-01 1.228106e+00 0.000000e+00
-4.149924e-01 1.227058e+00 0.000000e+00
-4.853904e-01 1.315663e+00 0.000000e+00
-5.572296e-01 1.316652e+00 0.000000e+00
-5.573635e-01 1.306923e+00 0.000000e+00
-4.855243e-01 1.305934e+00 0.000000e+00
-4.855243e-01 1.305934e+00 0.000000e+00
-5.573635e-01 1.306923e+00 0.000000e+00
-5.574974e-01 1.297195e+00 0.000000e+00
-4.856582e-01 1.296206e+00 0.000000e+00
-4.856582e-01 1.296206e+00 0.000000e+00
-5.574974e-01 1.297195e+00 0.000000e+00
-5.576313e-01 1.287466e+00 0.000000e+00
-4.857921e-01 1.286477e+00 0.000000e+00
-4.857921e-01 1.286477e+00 0.000000e+00
-5.576313e-01 1.287466e+00 0.000000e+00
-5.577652e-01 1.277737e+00 0.000000e+00
-4.859260e-01 1.276749e+00 0.000000e+00
-4.859260e-01 1.276749e+00 0.000000e+00
-5.577652e-01 1.277737e+00 0.000000e+00
-5.578991e-01 1.268009e+00 0.000000e+00
-4.860599e-01 1.267020e+00 0.000000e+00
-4.860599e-01 1.267020e+00 0.000000e+00
-5.578991e-01 1.268009e+00 0.000000e+00
-5.580330e-01 1.258280e+00 0.000000e+00
-4.861938e-01 1.257291e+00 0.000000e+00
-4.861938e-01 1.257291e+00 0.000000e+00
-5.580330e-01 1.258280e+00 0.000000e+00
-5.581669e-01 1.248552e+00 0.000000e+00
-4.863277e-01 1.247563e+00 0.000000e+00
-4.863277e-01 1.247563e+00 0.000000e+00
-5.581669e-01 1.248552e+00 0.000000e+00
-5.583008e-01 1.238823e+00 0.000000e+00
-4.864616e-01 1.237834e+00 0.000000e+00
-4.864616e-01 1.237834e+00 0.000000e+00
-5.583008e-01 1.238823e+00 0.000000e+00
-5.584347e-01 1.229094e+00 0.000000e+00
-4.865955e-01 1.228106e+00 0.000000e+00
-5.579275e-01 1.316656e+00 0.000000e+00
-6.290152e-01 1.316501e+00 0.000000e+00
-6.289940e-01 1.306772e+00 0.000000e+00
-5.579063e-01 1.306926e+00 0.000000e+00
-5.579063e-01 1.306926e+00 0.000000e+00
-6.289940e-01 1.306772e+00 0.000000e+00
-6.289728e-01 1.297042e+00 0.000000e+00
-5.578851e-01 1.297197e+00 0.000000e+00
-5.578851e-01 1.297197e+00 0.000000e+00
-6.289728e-01 1.297042e+00 0.000000e+00
-6.289516e-01 1.287312e+00 0.000000e+00
-5.578640e-01 1.287467e+00 0.000000e+00
-5.578640e-01 1.287467e+00 0.000000e+00
-6.289516e-01 1.287312e+00 0.000000e+00
-6.289304e-01 1.277583e+00 0.000000e+00
-5.578428e-01 1.277738e+00 0.000000e+00
-5.578428e-01 1.277738e+00 0.000000e+00
-6.289304e-01 1.277583e+00 0.000000e+00
-6.289092e-01 1.267853e+00 0.000000e+00
-5.578216e-01 1.268008e+00 0.000000e+00
-5.578216e-01 1.268008e+00 0.000000e+00
-6.289092e-01 1.267853e+00 0.000000e+00
-6.288880e-01 1.258124e+00 0.000000e+00
-5.578004e-01 1.258279e+00 0.000000e+00
-5.578004e-01 1.258279e+00 0.000000e+00
-6.288880e-01 1.258124e+00 0.000000e+00
-6.288668e-01 1.248394e+00 0.000000e+00
-5.577792e-01 1.248549e+00 0.000000e+00
-5.577792e-01 1.248549e+00 0.000000e+00
-6.288668e-01 1.248394e+00 0.000000e+00
-6.288456e-01 1.238665e+00 0.000000e+00
-5.577580e-01 1.238820e+00 0.000000e+00
-5.577580e-01 1.238820e+00 0.000000e+00
-6.288456e-01 1.238665e+00 0.000000e+00
-6.288244e-01 1.228935e+00 0.000000e+00
-5.577368e-01 1.229090e+00 0.000000e+00
-6.293470e-01 1.316499e+00 0.000000e+00
-7.239699e-01 1.315576e+00 0.000000e+00
-7.238750e-01 1.305847e+00 0.000000e+00
-6.292521e-01 1.306770e+00 0.000000e+00
-6.292521e-01 1.306770e+00 0.000000e+00
-7.238750e-01 1.305847e+00 0.000000e+00
-7.237800e-01 1.296118e+00 0.000000e+00
-6.291571e-01 1.297041e+00 0.000000e+00
-6.291571e-01 1.297041e+00 0.000000e+00
-7.237800e-01 1.296118e+00 0.000000e+00
-7.236851e-01 1.286389e+00 0.000000e+00
-6.290622e-01 1.287312e+00 0.000000e+00
-6.290622e-01 1.287312e+00 0.000000e+00
-7.236851e-01 1.286389e+00 0.000000e+00
-7.235902e-01 1.276659e+00 0.000000e+00
-6.289673e-01 1.277583e+00 0.000000e+00
-6.289673e-01 1.277583e+00 0.000000e+00
-7.235902e-01 1.276659e+00 0.000000e+00
-7.234952e-01 1.266930e+00 0.000000e+00
-6.288723e-01 1.267854e+00 0.000000e+00
-6.288723e-01 1.267854e+00 0.000000e+00
-7.234952e-01 1.266930e+00 0.000000e+00
-7.234003e-01 1.257201e+00 0.000000e+00
-6.287774e-01 1.258125e+00 0.000000e+00
-6.287774e-01 1.258125e+00 0.000000e+00
-7.234003e-01 1.257201e+00 0.000000e+00
-7.233054e-01 1.247472e+00 0.000000e+00
-6.286825e-01 1.248396e+00 0.000000e+00
-6.286825e-01 1.248396e+00 0.000000e+00
-7.233054e-01 1.247472e+00 0.000000e+00
-7.232104e-01 1.237743e+00 0.000000e+00
-6.285875e-01 1.238666e+00 0.000000e+00
-6.285875e-01 1.238666e+00 0.000000e+00
-7.232104e-01 1.237743e+00 0.000000e+00
-7.231155e-01 1.228014e+00 0.000000e+00
-6.284926e-01 1.228937e+00 0.000000e+00
-7.236832e-01 1.310352e+00 0.000000e+00
-7.956470e-01 1.310089e+00 0.000000e+00
-7.956157e-01 1.301521e+00 0.000000e+00
-7.236520e-01 1.301784e+00 0.000000e+00
-7.236520e-01 1.301784e+00 0.000000e+00
-7.956157e-01 1.301521e+00 0.000000e+00
-7.955845e-01 1.292953e+00 0.000000e+00
-7.236207e-01 1.293215e+00 0.000000e+00
-7.236207e-01 1.293215e+00 0.000000e+00
-7.955845e-01 1.292953e+00 0.000000e+00
-7.955533e-01 1.284385e+00 0.000000e+00
-7.235895e-01 1.284647e+00 0.000000e+00
-7.235895e-01 1.284647e+00 0.000000e+00
-7.955533e-01 1.284385e+00 0.000000e+00
-7.955221e-01 1.275817e+00 0.000000e+00
-7.235583e-01 1.276079e+00 0.000000e+00
-7.235583e-01 1.276079e+00 0.000000e+00
-7.955221e-01 1.275817e+00 0.000000e+00
-7.954909e-01 1.267249e+00 0.000000e+00
-7.235271e-01 1.267511e+00 0.000000e+00
-7.235271e-01 1.267511e+00 0.000000e+00
-7.954909e-01 1.267249e+00 0.000000e+00
-7.954597e-01 1.258680e+00 0.000000e+00
-7.234959e-01 1.258943e+00 0.000000e+00
-7.234959e-01 1.258943e+00 0.000000e+00
-7.954597e-01 1.258680e+00 0.000000e+00
-7.954285e-01 1.250112e+00 0.000000e+00
-7.234647e-01 1.250374e+00 0.000000e+00
-7.234647e-01 1.250374e+00 0.000000e+00
-7.954285e-01 1.250112e+00 0.000000e+00
-7.953972e-01 1.241544e+00 0.000000e+00
-7.234334e-01 1.241806e+00 0.000000e+00
-7.234334e-01 1.241806e+00 0.000000e+00
-7.953972e-01 1.241544e+00 0.000000e+00
-7.953660e-01 1.232976e+00 0.000000e+00
-7.234022e-01 1.233238e+00 0.000000e+00
-7.982629e-01 1.309991e+00 0.000000e+00
-8.694938e-01 1.304886e+00 0.000000e+00
-8.688812e-01 1.296340e+00 0.000000e+00
-7.976503e-01 1.301445e+00 0.000000e+00
-7.976503e-01 1.301445e+00 0.000000e+00
-8.688812e-01 1.296340e+00 0.000000e+00
-8.682687e-01 1.287793e+00 0.000000e+00
-7.970378e-01 1.292898e+00 0.000000e+00
-7.970378e-01 1.292898e+00 0.000000e+00
-8.682687e-01 1.287793e+00 0.000000e+00
-8.676562e-01 1.279247e+00 0.000000e+00
-7.964253e-01 1.284352e+00 0.000000e+00
-7.964253e-01 1.284352e+00 0.000000e+00
-8.676562e-01 1.279247e+00 0.000000e+00
-8.670436e-01 1.270701e+00 0.000000e+00
-7.958128e-01 1.275806e+00 0.000000e+00
-7.958128e-01 1.275806e+00 0.000000e+00
-8.670436e-01 1.270701e+00 0.000000e+00
-8.664311e-01 1.262154e+00 0.000000e+00
-7.952002e-01 1.267260e+00 0.000000e+00
-7.952002e-01 1.267260e+00 0.000000e+00
-8.664311e-01 1.262154e+00 0.000000e+00
-8.658186e-01 1.253608e+00 0.000000e+00
-7.945877e-01 1.258713e+00 0.000000e+00
-7.945877e-01 1.258713e+00 0.000000e+00
-8.658186e-01 1.253608e+00 0.000000e+00
-8.652061e-01 1.245062e+00 0.000000e+00
-7.939752e-01 1.250167e+00 0.000000e+00
-7.939752e-01 1.250167e+00 0.000000e+00
-8.652061e-01 1.245062e+00 0.000000e+00
-8.645935e-01 1.236515e+00 0.000000e+00
-7.933626e-01 1.241621e+00 0.000000e+00
-7.933626e-01 1.241621e+00 0.000000e+00
-8.645935e-01 1.236515e+00 0.000000e+00
-8.639810e-01 1.227969e+00 0.000000e+00
-7.927501e-01 1.233074e+00 0.000000e+00
-8.705710e-01 1.304793e+00 0.000000e+00
-9.422289e-01 1.297633e+00 0.000000e+00
-9.413770e-01 1.289107e+00 0.000000e+00
-8.697191e-01 1.296268e+00 0.000000e+00
-8.697191e-01 1.296268e+00 0.000000e+00
-9.413770e-01 1.289107e+00 0.000000e+00
-9.405250e-01 1.280582e+00 0.000000e+00
-8.688672e-01 1.287742e+00 0.000000e+00
-8.688672e-01 1.287742e+00 0.000000e+00
-9.405250e-01 1.280582e+00 0.000000e+00
-9.396731e-01 1.272056e+00 0.000000e+00
-8.680153e-01 1.279216e+00 0.000000e+00
-8.680153e-01 1.279216e+00 0.000000e+00
-9.396731e-01 1.272056e+00 0.000000e+00
-9.388212e-01 1.263530e+00 0.000000e+00
-8.671633e-01 1.270690e+00 0.000000e+00
-8.671633e-01 1.270690e+00 0.000000e+00
-9.388212e-01 1.263530e+00 0.000000e+00
-9.379693e-01 1.255004e+00 0.000000e+00
-8.663114e-01 1.262165e+00 0.000000e+00
-8.663114e-01 1.262165e+00 0.000000e+00
-9.379693e-01 1.255004e+00 0.000000e+00
-9.371174e-01 1.246479e+00 0.000000e+00
-8.654595e-01 1.253639e+00 0.000000e+00
-8.654595e-01 1.253639e+00 0.000000e+00
-9.371174e-01 1.246479e+00 0.000000e+00
-9.362654e-01 1.237953e+00 0.000000e+00
-8.646076e-01 1.245113e+00 0.000000e+00
-8.646076e-01 1.245113e+00 0.000000e+00
-9.362654e-01 1.237953e+00 0.000000e+00
-9.354135e-01 1.229427e+00 0.000000e+00
-8.637556e-01 1.236587e+00 0.000000e+00
-8.637556e-01 1.236587e+00 0.000000e+00
-9.354135e-01 1.229427e+00 0.000000e+00
-9.345616e-01 1.220901e+00 0.000000e+00
-8.629037e-01 1.228062e+00 0.000000e+00
-9.422731e-01 1.297629e+00 0.000000e+00
-1.013647e+00 1.290414e+00 0.000000e+00
-1.012785e+00 1.281889e+00 0.000000e+00
-9.414113e-01 1.289104e+00 0.000000e+00
-9.414113e-01 1.289104e+00 0.000000e+00
-1.012785e+00 1.281889e+00 0.000000e+00
-1.011923e+00 1.273364e+00 0.000000e+00
-9.405496e-01 1.280579e+00 0.000000e+00
-9.405496e-01 1.280579e+00 0.000000e+00
-1.011923e+00 1.273364e+00 0.000000e+00
-1.011061e+00 1.264840e+00 0.000000e+00
-9.396878e-01 1.272054e+00 0.000000e+00
-9.396878e-01 1.272054e+00 0.000000e+00
-1.011061e+00 1.264840e+00 0.000000e+00
-1.010200e+00 1.256315e+00 0.000000e+00
-9.388261e-01 1.263530e+00 0.000000e+00
-9.388261e-01 1.263530e+00 0.000000e+00
-1.010200e+00 1.256315e+00 0.000000e+00
-1.009338e+00 1.247790e+00 0.000000e+00
-9.379644e-01 1.255005e+00 0.000000e+00
-9.379644e-01 1.255005e+00 0.000000e+00
-1.009338e+00 1.247790e+00 0.000000e+00
-1.008476e+00 1.239265e+00 0.000000e+00
-9.371026e-01 1.246480e+00 0.000000e+00
-9.371026e-01 1.246480e+00 0.000000e+00
-1.008476e+00 1.239265e+00 0.000000e+00
-1.007614e+00 1.230740e+00 0.000000e+00
-9.362409e-01 1.237955e+00 0.000000e+00
-9.362409e-01 1.237955e+00 0.000000e+00
-1.007614e+00 1.230740e+00 0.000000e+00
-1.006753e+00 1.222216e+00 0.000000e+00
-9.353792e-01 1.229430e+00 0.000000e+00
-9.353792e-01 1.229430e+00 0.000000e+00
-1.006753e+00 1.222216e+00 0.000000e+00
-1.005891e+00 1.213691e+00 0.000000e+00
-9.345174e-01 1.220906e+00 0.000000e+00
-1.015276e+00 1.290214e+00 0.000000e+00
-1.085752e+00 1.280042e+00 0.000000e+00
-1.084528e+00 1.271562e+00 0.000000e+00
-1.014053e+00 1.281734e+00 0.000000e+00
-1.014053e+00 1.281734e+00 0.000000e+00
-1.084528e+00 1.271562e+00 0.000000e+00
-1.083304e+00 1.263082e+00 0.000000e+00
-1.012829e+00 1.273253e+00 0.000000e+00
-1.012829e+00 1.273253e+00 0.000000e+00
-1.083304e+00 1.263082e+00 0.000000e+00
-1.082080e+00 1.254601e+00 0.000000e+00
-1.011605e+00 1.264773e+00 0.000000e+00
-1.011605e+00 1.264773e+00 0.000000e+00
-1.082080e+00 1.254601e+00 0.000000e+00
-1.080856e+00 1.246121e+00 0.000000e+00
-1.010381e+00 1.256293e+00 0.000000e+00
-1.010381e+00 1.256293e+00 0.000000e+00
-1.080856e+00 1.246121e+00 0.000000e+00
-1.079632e+00 1.237641e+00 0.000000e+00
-1.009157e+00 1.247812e+00 0.000000e+00
-1.009157e+00 1.247812e+00 0.000000e+00
-1.079632e+00 1.237641e+00 0.000000e+00
-1.078408e+00 1.229160e+00 0.000000e+00
-1.007933e+00 1.239332e+00 0.000000e+00
-1.007933e+00 1.239332e+00 0.000000e+00
-1.078408e+00 1.229160e+00 0.000000e+00
-1.077184e+00 1.220680e+00 0.000000e+00
-1.006709e+00 1.230851e+00 0.000000e+00
-1.006709e+00 1.230851e+00 0.000000e+00
-1.077184e+00 1.220680e+00 0.000000e+00
-1.075960e+00 1.212200e+00 0.000000e+00
-1.005485e+00 1.222371e+00 0.000000e+00
-1.005485e+00 1.222371e+00 0.000000e+00
-1.075960e+00 1.212200e+00 0.000000e+00
-1.074736e+00 1.203719e+00 0.000000e+00
-1.004261e+00 1.213891e+00 0.000000e+00
-1.086783e+00 1.279879e+00 0.000000e+00
-1.157766e+00 1.267664e+00 0.000000e+00
-1.156313e+00 1.259220e+00 0.000000e+00
-1.085330e+00 1.271435e+00 0.000000e+00
-1.085330e+00 1.271435e+00 0.000000e+00
-1.156313e+00 1.259220e+00 0.000000e+00
-1.154860e+00 1.250776e+00 0.000000e+00
-1.083877e+00 1.262991e+00 0.000000e+00
-1.083877e+00 1.262991e+00 0.000000e+00
-1.154860e+00 1.250776e+00 0.000000e+00
-1.153406e+00 1.242332e+00 0.000000e+00
-1.082424e+00 1.254547e+00 0.000000e+00
-1.082424e+00 1.254547e+00 0.000000e+00
-1.153406e+00 1.242332e+00 0.000000e+00
-1.151953e+00 1.233888e+00 0.000000e+00
-1.080971e+00 1.246103e+00 0.000000e+00
-1.080971e+00 1.246103e+00 0.000000e+00
-1.151953e+00 1.233888e+00 0.000000e+00
-1.150500e+00 1.225444e+00 0.000000e+00
-1.079518e+00 1.237659e+00 0.000000e+00
-1.079518e+00 1.237659e+00 0.000000e+00
-1.150500e+00 1.225444e+00 0.000000e+00
-1.149047e+00 1.217000e+00 0.000000e+00
-1.078064e+00 1.229215e+00 0.000000e+00
-1.078064e+00 1.229215e+00 0.000000e+00
-1.149047e+00 1.217000e+00 0.000000e+00
-1.147594e+00 1.208556e+00 0.000000e+00
-1.076611e+00 1.220771e+00 0.000000e+00
-1.076611e+00 1.220771e+00 0.000000e+00
-1.147594e+00 1.208556e+00 0.000000e+00
-1.146141e+00 1.200112e+00 0.000000e+00
-1.075158e+00 1.212327e+00 0.000000e+00
-1.075158e+00 1.212327e+00 0.000000e+00
-1.146141e+00 1.200112e+00 0.000000e+00
-1.144688e+00 1.191667e+00 0.000000e+00
-1.073705e+00 1.203882e+00 0.000000e+00
-1.157816e+00 1.267656e+00 0.000000e+00
-1.228098e+00 1.255466e+00 0.000000e+00
-1.226634e+00 1.247023e+00 0.000000e+00
-1.156352e+00 1.259214e+00 0.000000e+00
-1.156352e+00 1.259214e+00 0.000000e+00
-1.226634e+00 1.247023e+00 0.000000e+00
-1.225170e+00 1.238581e+00 0.000000e+00
-1.154887e+00 1.250771e+00 0.000000e+00
-1.154887e+00 1.250771e+00 0.000000e+00
-1.225170e+00 1.238581e+00 0.000000e+00
-1.223706e+00 1.230139e+00 0.000000e+00
-1.153423e+00 1.242329e+00 0.000000e+00
-1.153423e+00 1.242329e+00 0.000000e+00
-1.223706e+00 1.230139e+00 0.000000e+00
-1.222241e+00 1.221697e+00 0.000000e+00
-1.151959e+00 1.233887e+00 0.000000e+00
-1.151959e+00 1.233887e+00 0.000000e+00
-1.222241e+00 1.221697e+00 0.000000e+00
-1.220777e+00 1.213255e+00 0.000000e+00
-1.150495e+00 1.225445e+00 0.000000e+00
-1.150495e+00 1.225445e+00 0.000000e+00
-1.220777e+00 1.213255e+00 0.000000e+00
-1.219313e+00 1.204813e+00 0.000000e+00
-1.149030e+00 1.217003e+00 0.000000e+00
-1.149030e+00 1.217003e+00 0.000000e+00
-1.219313e+00 1.204813e+00 0.000000e+00
-1.217849e+00 1.196370e+00 0.000000e+00
-1.147566e+00 1.208560e+00 0.000000e+00
-1.147566e+00 1.208560e+00 0.000000e+00
-1.217849e+00 1.196370e+00 0.000000e+00
-1.216384e+00 1.187928e+00 0.000000e+00
-1.146102e+00 1.200118e+00 0.000000e+00
-1.146102e+00 1.200118e+00 0.000000e+00
-1.216384e+00 1.187928e+00 0.000000e+00
-1.214920e+00 1.179486e+00 0.000000e+00
-1.144638e+00 1.191676e+00 0.000000e+00
-1.230501e+00 1.254970e+00 0.000000e+00
-1.299608e+00 1.238396e+00 0.000000e+00
-1.297610e+00 1.230064e+00 0.000000e+00
-1.228503e+00 1.246638e+00 0.000000e+00
-1.228503e+00 1.246638e+00 0.000000e+00
-1.297610e+00 1.230064e+00 0.000000e+00
-1.295611e+00 1.221732e+00 0.000000e+00
-1.226505e+00 1.238306e+00 0.000000e+00
-1.226505e+00 1.238306e+00 0.000000e+00
-1.295611e+00 1.221732e+00 0.000000e+00
-1.293613e+00 1.213400e+00 0.000000e+00
-1.224507e+00 1.229974e+00 0.000000e+00
-1.224507e+00 1.229974e+00 0.000000e+00
-1.293613e+00 1.213400e+00 0.000000e+00
-1.291615e+00 1.205068e+00 0.000000e+00
-1.222508e+00 1.221642e+00 0.000000e+00
-1.222508e+00 1.221642e+00 0.000000e+00
-1.291615e+00 1.205068e+00 0.000000e+00
-1.289617e+00 1.196736e+00 0.000000e+00
-1.220510e+00 1.213310e+00 0.000000e+00
-1.220510e+00 1.213310e+00 0.000000e+00
-1.289617e+00 1.196736e+00 0.000000e+00
-1.287618e+00 1.188404e+00 0.000000e+00
-1.218512e+00 1.204978e+00 0.000000e+00
-1.218512e+00 1.204978e+00 0.000000e+00
-1.287618e+00 1.188404e+00 0.000000e+00
-1.285620e+00 1.180072e+00 0.000000e+00
-1.216514e+00 1.196646e+00 0.000000e+00
-1.216514e+00 1.196646e+00 0.000000e+00
-1.285620e+00 1.180072e+00 0.000000e+00
-1.283622e+00 1.171740e+00 0.000000e+00
-1.214515e+00 1.188314e+00 0.000000e+00
-1.214515e+00 1.188314e+00 0.000000e+00
-1.283622e+00 1.171740e+00 0.000000e+00
-1.281623e+00 1.163408e+00 0.000000e+00
-1.212517e+00 1.179982e+00 0.000000e+00
-1.300134e+00 1.238265e+00 0.000000e+00
-1.369911e+00 1.220489e+00 0.000000e+00
-1.367795e+00 1.212186e+00 0.000000e+00
-1.298019e+00 1.229962e+00 0.000000e+00
-1.298019e+00 1.229962e+00 0.000000e+00
-1.367795e+00 1.212186e+00 0.000000e+00
-1.365680e+00 1.203883e+00 0.000000e+00
-1.295904e+00 1.221659e+00 0.000000e+00
-1.295904e+00 1.221659e+00 0.000000e+00
-1.365680e+00 1.203883e+00 0.000000e+00
-1.363565e+00 1.195580e+00 0.000000e+00
-1.293789e+00 1.213356e+00 0.000000e+00
-1.293789e+00 1.213356e+00 0.000000e+00
-1.363565e+00 1.195580e+00 0.000000e+00
-1.361450e+00 1.187277e+00 0.000000e+00
-1.291673e+00 1.205053e+00 0.000000e+00
-1.291673e+00 1.205053e+00 0.000000e+00
-1.361450e+00 1.187277e+00 0.000000e+00
-1.359334e+00 1.178974e+00 0.000000e+00
-1.289558e+00 1.196750e+00 0.000000e+00
-1.289558e+00 1.196750e+00 0.000000e+00
-1.359334e+00 1.178974e+00 0.000000e+00
-1.357219e+00 1.170671e+00 0.000000e+00
-1.287443e+00 1.188447e+00 0.000000e+00
-1.287443e+00 1.188447e+00 0.000000e+00
-1.357219e+00 1.170671e+00 0.000000e+00
-1.355104e+00 1.162368e+00 0.000000e+00
-1.285328e+00 1.180144e+00 0.000000e+00
-1.285328e+00 1.180144e+00 0.000000e+00
-1.355104e+00 1.162368e+00 0.000000e+00
-1.352988e+00 1.154065e+00 0.000000e+00
-1.283212e+00 1.171841e+00 0.000000e+00
-1.283212e+00 1.171841e+00 0.000000e+00
-1.352988e+00 1.154065e+00 0.000000e+00
-1.350873e+00 1.145762e+00 0.000000e+00
-1.281097e+00 1.163538e+00 0.000000e+00
-1.370478e+00 1.220340e+00 0.000000e+00
-1.438946e+00 1.201784e+00 0.000000e+00
-1.436705e+00 1.193514e+00 0.000000e+00
-1.368236e+00 1.212070e+00 0.000000e+00
-1.368236e+00 1.212070e+00 0.000000e+00
-1.436705e+00 1.193514e+00 0.000000e+00
-1.434464e+00 1.185244e+00 0.000000e+00
-1.365995e+00 1.203800e+00 0.000000e+00
-1.365995e+00 1.203800e+00 0.000000e+00
-1.434464e+00 1.185244e+00 0.000000e+00
-1.432223e+00 1.176974e+00 0.000000e+00
-1.363754e+00 1.195531e+00 0.000000e+00
-1.363754e+00 1.195531e+00 0.000000e+00
-1.432223e+00 1.176974e+00 0.000000e+00
-1.429981e+00 1.168704e+00 0.000000e+00
-1.361513e+00 1.187261e+00 0.000000e+00
-1.361513e+00 1.187261e+00 0.000000e+00
-1.429981e+00 1.168704e+00 0.000000e+00
-1.427740e+00 1.160434e+00 0.000000e+00
-1.359271e+00 1.178991e+00 0.000000e+00
-1.359271e+00 1.178991e+00 0.000000e+00
-1.427740e+00 1.160434e+00 0.000000e+00
-1.425499e+00 1.152164e+00 0.000000e+00
-1.357030e+00 1.170721e+00 0.000000e+00
-1.357030e+00 1.170721e+00 0.000000e+00
-1.425499e+00 1.152164e+00 0.000000e+00
-1.423257e+00 1.143895e+00 0.000000e+00
-1.354789e+00 1.162451e+00 0.000000e+00
-1.354789e+00 1.162451e+00 0.000000e+00
-1.423257e+00 1.143895e+00 0.000000e+00
-1.421016e+00 1.135625e+00 0.000000e+00
-1.352547e+00 1.154181e+00 0.000000e+00
-1.352547e+00 1.154181e+00 0.000000e+00
-1.421016e+00 1.135625e+00 0.000000e+00
-1.418775e+00 1.127355e+00 0.000000e+00
-1.350306e+00 1.145911e+00 0.000000e+00
-1.441497e+00 1.200997e+00 0.000000e+00
-1.508780e+00 1.177657e+00 0.000000e+00
-1.505972e+00 1.169562e+00 0.000000e+00
-1.438689e+00 1.192902e+00 0.000000e+00
-1.438689e+00 1.192902e+00 0.000000e+00
-1.505972e+00 1.169562e+00 0.000000e+00
-1.503164e+00 1.161467e+00 0.000000e+00
-1.435881e+00 1.184807e+00 0.000000e+00
-1.435881e+00 1.184807e+00 0.000000e+00
-1.503164e+00 1.161467e+00 0.000000e+00
-1.500356e+00 1.153372e+00 0.000000e+00
-1.433073e+00 1.176712e+00 0.000000e+00
-1.433073e+00 1.176712e+00 0.000000e+00
-1.500356e+00 1.153372e+00 0.000000e+00
-1.497547e+00 1.145277e+00 0.000000e+00
-1.430265e+00 1.168617e+00 0.000000e+00
-1.430265e+00 1.168617e+00 0.000000e+00
-1.497547e+00 1.145277e+00 0.000000e+00
-1.494739e+00 1.137182e+00 0.000000e+00
-1.427457e+00 1.160522e+00 0.000000e+00
-1.427457e+00 1.160522e+00 0.000000e+00
-1.494739e+00 1.137182e+00 0.000000e+00
-1.491931e+00 1.129087e+00 0.000000e+00
-1.424648e+00 1.152427e+00 0.000000e+00
-1.424648e+00 1.152427e+00 0.000000e+00
-1.491931e+00 1.129087e+00 0.000000e+00
-1.489123e+00 1.120992e+00 0.000000e+00
-1.421840e+00 1.144332e+00 0.000000e+00
-1.421840e+00 1.144332e+00 0.000000e+00
-1.489123e+00 1.120992e+00 0.000000e+00
-1.486315e+00 1.112897e+00 0.000000e+00
-1.419032e+00 1.136237e+00 0.000000e+00
-1.419032e+00 1.136237e+00 0.000000e+00
-1.486315e+00 1.112897e+00 0.000000e+00
-1.483507e+00 1.104802e+00 0.000000e+00
-1.416224e+00 1.128142e+00 0.000000e+00
-1.508839e+00 1.177636e+00 0.000000e+00
-1.576324e+00 1.154103e+00 0.000000e+00
-1.573503e+00 1.146013e+00 0.000000e+00
-1.506018e+00 1.169546e+00 0.000000e+00
-1.506018e+00 1.169546e+00 0.000000e+00
-1.573503e+00 1.146013e+00 0.000000e+00
-1.570682e+00 1.137922e+00 0.000000e+00
-1.503196e+00 1.161455e+00 0.000000e+00
-1.503196e+00 1.161455e+00 0.000000e+00
-1.570682e+00 1.137922e+00 0.000000e+00
-1.567861e+00 1.129832e+00 0.000000e+00
-1.500375e+00 1.153365e+00 0.000000e+00
-1.500375e+00 1.153365e+00 0.000000e+00
-1.567861e+00 1.129832e+00 0.000000e+00
-1.565039e+00 1.121741e+00 0.000000e+00
-1.497554e+00 1.145275e+00 0.000000e+00
-1.497554e+00 1.145275e+00 0.000000e+00
-1.565039e+00 1.121741e+00 0.000000e+00
-1.562218e+00 1.113651e+00 0.000000e+00
-1.494733e+00 1.137184e+00 0.000000e+00
-1.494733e+00 1.137184e+00 0.000000e+00
-1.562218e+00 1.113651e+00 0.000000e+00
-1.559397e+00 1.105561e+00 0.000000e+00
-1.491911e+00 1.129094e+00 0.000000e+00
-1.491911e+00 1.129094e+00 0.000000e+00
-1.559397e+00 1.105561e+00 0.000000e+00
-1.556576e+00 1.097470e+00 0.000000e+00
-1.489090e+00 1.121003e+00 0.000000e+00
-1.489090e+00 1.121003e+00 0.000000e+00
-1.556576e+00 1.097470e+00 0.000000e+00
-1.553754e+00 1.089380e+00 0.000000e+00
-1.486269e+00 1.112913e+00 0.000000e+00
-1.486269e+00 1.112913e+00 0.000000e+00
-1.553754e+00 1.089380e+00 0.000000e+00
-1.550933e+00 1.081289e+00 0.000000e+00
-1.483448e+00 1.104822e+00 0.000000e+00
-1.578333e+00 1.153339e+00 0.000000e+00
-1.643824e+00 1.126322e+00 0.000000e+00
-1.640556e+00 1.118402e+00 0.000000e+00
-1.575065e+00 1.145419e+00 0.000000e+00
-1.575065e+00 1.145419e+00 0.000000e+00
-1.640556e+00 1.118402e+00 0.000000e+00
-1.637289e+00 1.110481e+00 0.000000e+00
-1.571798e+00 1.137498e+00 0.000000e+00
-1.571798e+00 1.137498e+00 0.000000e+00
-1.637289e+00 1.110481e+00 0.000000e+00
-1.634021e+00 1.102560e+00 0.000000e+00
-1.568530e+00 1.129577e+00 0.000000e+00
-1.568530e+00 1.129577e+00 0.000000e+00
-1.634021e+00 1.102560e+00 0.000000e+00
-1.630754e+00 1.094640e+00 0.000000e+00
-1.565263e+00 1.121657e+00 0.000000e+00
-1.565263e+00 1.121657e+00 0.000000e+00
-1.630754e+00 1.094640e+00 0.000000e+00
-1.627486e+00 1.086719e+00 0.000000e+00
-1.561995e+00 1.113736e+00 0.000000e+00
-1.561995e+00 1.113736e+00 0.000000e+00
-1.627486e+00 1.086719e+00 0.000000e+00
-1.624219e+00 1.078798e+00 0.000000e+00
-1.558728e+00 1.105815e+00 0.000000e+00
-1.558728e+00 1.105815e+00 0.000000e+00
-1.624219e+00 1.078798e+00 0.000000e+00
-1.620951e+00 1.070877e+00 0.000000e+00
-1.555460e+00 1.097894e+00 0.000000e+00
-1.555460e+00 1.097894e+00 0.000000e+00
-1.620951e+00 1.070877e+00 0.000000e+00
-1.617684e+00 1.062957e+00 0.000000e+00
-1.552193e+00 1.089974e+00 0.000000e+00
-1.552193e+00 1.089974e+00 0.000000e+00
-1.617684e+00 1.062957e+00 0.000000e+00
-1.614416e+00 1.055036e+00 0.000000e+00
-1.548925e+00 1.082053e+00 0.000000e+00
-1.644998e+00 1.125815e+00 0.000000e+00
-1.710163e+00 1.096366e+00 0.000000e+00
-1.706635e+00 1.088558e+00 0.000000e+00
-1.641470e+00 1.118007e+00 0.000000e+00
-1.641470e+00 1.118007e+00 0.000000e+00
-1.706635e+00 1.088558e+00 0.000000e+00
-1.703106e+00 1.080750e+00 0.000000e+00
-1.637941e+00 1.110199e+00 0.000000e+00
-1.637941e+00 1.110199e+00 0.000000e+00
-1.703106e+00 1.080750e+00 0.000000e+00
-1.699578e+00 1.072942e+00 0.000000e+00
-1.634413e+00 1.102391e+00 0.000000e+00
-1.634413e+00 1.102391e+00 0.000000e+00
-1.699578e+00 1.072942e+00 0.000000e+00
-1.696049e+00 1.065134e+00 0.000000e+00
-1.630884e+00 1.094583e+00 0.000000e+00
-1.630884e+00 1.094583e+00 0.000000e+00
-1.696049e+00 1.065134e+00 0.000000e+00
-1.692521e+00 1.057326e+00 0.000000e+00
-1.627356e+00 1.086775e+00 0.000000e+00
-1.627356e+00 1.086775e+00 0.000000e+00
-1.692521e+00 1.057326e+00 0.000000e+00
-1.688992e+00 1.049518e+00 0.000000e+00
-1.623827e+00 1.078967e+00 0.000000e+00
-1.623827e+00 1.078967e+00 0.000000e+00
-1.688992e+00 1.049518e+00 0.000000e+00
-1.685464e+00 1.041710e+00 0.000000e+00
-1.620299e+00 1.071159e+00 0.000000e+00
-1.620299e+00 1.071159e+00 0.000000e+00
-1.685464e+00 1.041710e+00 0.000000e+00
-1.681935e+00 1.033902e+00 0.000000e+00
-1.616770e+00 1.063351e+00 0.000000e+00
-1.616770e+00 1.063351e+00 0.000000e+00
-1.681935e+00 1.033902e+00 0.000000e+00
-1.678407e+00 1.026094e+00 0.000000e+00
-1.613242e+00 1.055543e+00 0.000000e+00
-1.710926e+00 1.096012e+00 0.000000e+00
-1.774660e+00 1.065519e+00 0.000000e+00
-1.770962e+00 1.057790e+00 0.000000e+00
-1.707228e+00 1.088282e+00 0.000000e+00
-1.707228e+00 1.088282e+00 0.000000e+00
-1.770962e+00 1.057790e+00 0.000000e+00
-1.767264e+00 1.050061e+00 0.000000e+00
-1.703530e+00 1.080553e+00 0.000000e+00
-1.703530e+00 1.080553e+00 0.000000e+00
-1.767264e+00 1.050061e+00 0.000000e+00
-1.763567e+00 1.042331e+00 0.000000e+00
-1.699832e+00 1.072824e+00 0.000000e+00
-1.699832e+00 1.072824e+00 0.000000e+00
-1.763567e+00 1.042331e+00 0.000000e+00
-1.759869e+00 1.034602e+00 0.000000e+00
-1.696134e+00 1.065095e+00 0.000000e+00
-1.696134e+00 1.065095e+00 0.000000e+00
-1.759869e+00 1.034602e+00 0.000000e+00
-1.756171e+00 1.026873e+00 0.000000e+00
-1.692436e+00 1.057366e+00 0.000000e+00
-1.692436e+00 1.057366e+00 0.000000e+00
-1.756171e+00 1.026873e+00 0.000000e+00
-1.752473e+00 1.019144e+00 0.000000e+00
-1.688738e+00 1.049637e+00 0.000000e+00
-1.688738e+00 1.049637e+00 0.000000e+00
-1.752473e+00 1.019144e+00 0.000000e+00
-1.748775e+00 1.011415e+00 0.000000e+00
-1.685040e+00 1.041907e+00 0.000000e+00
-1.685040e+00 1.041907e+00 0.000000e+00
-1.748775e+00 1.011415e+00 0.000000e+00
-1.745077e+00 1.003686e+00 0.000000e+00
-1.681343e+00 1.034178e+00 0.000000e+00
-1.681343e+00 1.034178e+00 0.000000e+00
-1.745077e+00 1.003686e+00 0.000000e+00
-1.741379e+00 9.959563e-01 0.000000e+00
-1.677645e+00 1.026449e+00 0.000000e+00
-1.777287e+00 1.064136e+00 0.000000e+00
-1.838830e+00 1.028631e+00 0.000000e+00
-1.834549e+00 1.021210e+00 0.000000e+00
-1.773005e+00 1.056714e+00 0.000000e+00
-1.773005e+00 1.056714e+00 0.000000e+00
-1.834549e+00 1.021210e+00 0.000000e+00
-1.830267e+00 1.013788e+00 0.000000e+00
-1.768724e+00 1.049292e+00 0.000000e+00
-1.768724e+00 1.049292e+00 0.000000e+00
-1.830267e+00 1.013788e+00 0.000000e+00
-1.825986e+00 1.006366e+00 0.000000e+00
-1.764442e+00 1.041870e+00 0.000000e+00
-1.764442e+00 1.041870e+00 0.000000e+00
-1.825986e+00 1.006366e+00 0.000000e+00
-1.821704e+00 9.989443e-01 0.000000e+00
-1.760161e+00 1.034449e+00 0.000000e+00
-1.760161e+00 1.034449e+00 0.000000e+00
-1.821704e+00 9.989443e-01 0.000000e+00
-1.817422e+00 9.915225e-01 0.000000e+00
-1.755879e+00 1.027027e+00 0.000000e+00
-1.755879e+00 1.027027e+00 0.000000e+00
-1.817422e+00 9.915225e-01 0.000000e+00
-1.813141e+00 9.841008e-01 0.000000e+00
-1.751597e+00 1.019605e+00 0.000000e+00
-1.751597e+00 1.019605e+00 0.000000e+00
-1.813141e+00 9.841008e-01 0.000000e+00
-1.808859e+00 9.766790e-01 0.000000e+00
-1.747316e+00 1.012183e+00 0.000000e+00
-1.747316e+00 1.012183e+00 0.000000e+00
-1.808859e+00 9.766790e-01 0.000000e+00
-1.804578e+00 9.692573e-01 0.000000e+00
-1.743034e+00 1.004761e+00 0.000000e+00
-1.743034e+00 1.004761e+00 0.000000e+00
-1.804578e+00 9.692573e-01 0.000000e+00
-1.800296e+00 9.618355e-01 0.000000e+00
-1.738753e+00 9.973397e-01 0.000000e+00
-1.838902e+00 1.028590e+00 0.000000e+00
-1.900110e+00 9.931042e-01 0.000000e+00
-1.895812e+00 9.856916e-01 0.000000e+00
-1.834604e+00 1.021177e+00 0.000000e+00
-1.834604e+00 1.021177e+00 0.000000e+00
-1.895812e+00 9.856916e-01 0.000000e+00
-1.891515e+00 9.782791e-01 0.000000e+00
-1.830307e+00 1.013765e+00 0.000000e+00
-1.830307e+00 1.013765e+00 0.000000e+00
-1.891515e+00 9.782791e-01 0.000000e+00
-1.887217e+00 9.708665e-01 0.000000e+00
-1.826009e+00 1.006352e+00 0.000000e+00
-1.826009e+00 1.006352e+00 0.000000e+00
-1.887217e+00 9.708665e-01 0.000000e+00
-1.882920e+00 9.634539e-01 0.000000e+00
-1.821712e+00 9.989397e-01 0.000000e+00
-1.821712e+00 9.989397e-01 0.000000e+00
-1.882920e+00 9.634539e-01 0.000000e+00
-1.878622e+00 9.560414e-01 0.000000e+00
-1.817415e+00 9.915272e-01 0.000000e+00
-1.817415e+00 9.915272e-01 0.000000e+00
-1.878622e+00 9.560414e-01 0.000000e+00
-1.874325e+00 9.486288e-01 0.000000e+00
-1.813117e+00 9.841146e-01 0.000000e+00
-1.813117e+00 9.841146e-01 0.000000e+00
-1.874325e+00 9.486288e-01 0.000000e+00
-1.870027e+00 9.412163e-01 0.000000e+00
-1.808820e+00 9.767020e-01 0.000000e+00
-1.808820e+00 9.767020e-01 0.000000e+00
-1.870027e+00 9.412163e-01 0.000000e+00
-1.865730e+00 9.338037e-01 0.000000e+00
-1.804522e+00 9.692895e-01 0.000000e+00
-1.804522e+00 9.692895e-01 0.000000e+00
-1.865730e+00 9.338037e-01 0.000000e+00
-1.861432e+00 9.263911e-01 0.000000e+00
-1.800225e+00 9.618769e-01 0.000000e+00
-1.903123e+00 9.911650e-01 0.000000e+00
-1.960582e+00 9.502861e-01 0.000000e+00
-1.955615e+00 9.433045e-01 0.000000e+00
-1.898156e+00 9.841834e-01 0.000000e+00
-1.898156e+00 9.841834e-01 0.000000e+00
-1.955615e+00 9.433045e-01 0.000000e+00
-1.950648e+00 9.363228e-01 0.000000e+00
-1.893189e+00 9.772017e-01 0.000000e+00
-1.893189e+00 9.772017e-01 0.000000e+00
-1.950648e+00 9.363228e-01 0.000000e+00
-1.945681e+00 9.293412e-01 0.000000e+00
-1.888222e+00 9.702201e-01 0.000000e+00
-1.888222e+00 9.702201e-01 0.000000e+00
-1.945681e+00 9.293412e-01 0.000000e+00
-1.940714e+00 9.223596e-01 0.000000e+00
-1.883255e+00 9.632385e-01 0.000000e+00
-1.883255e+00 9.632385e-01 0.000000e+00
-1.940714e+00 9.223596e-01 0.000000e+00
-1.935747e+00 9.153779e-01 0.000000e+00
-1.878288e+00 9.562568e-01 0.000000e+00
-1.878288e+00 9.562568e-01 0.000000e+00
-1.935747e+00 9.153779e-01 0.000000e+00
-1.930780e+00 9.083963e-01 0.000000e+00
-1.873321e+00 9.492752e-01 0.000000e+00
-1.873321e+00 9.492752e-01 0.000000e+00
-1.930780e+00 9.083963e-01 0.000000e+00
-1.925813e+00 9.014147e-01 0.000000e+00
-1.868354e+00 9.422936e-01 0.000000e+00
-1.868354e+00 9.422936e-01 0.000000e+00
-1.925813e+00 9.014147e-01 0.000000e+00
-1.920846e+00 8.944331e-01 0.000000e+00
-1.863386e+00 9.353120e-01 0.000000e+00
-1.863386e+00 9.353120e-01 0.000000e+00
-1.920846e+00 8.944331e-01 0.000000e+00
-1.915879e+00 8.874514e-01 0.000000e+00
-1.858419e+00 9.283303e-01 0.000000e+00
-1.960972e+00 9.500052e-01 0.000000e+00
-2.018203e+00 9.082045e-01 0.000000e+00
-2.013150e+00 9.012853e-01 0.000000e+00
-1.955918e+00 9.430860e-01 0.000000e+00
-1.955918e+00 9.430860e-01 0.000000e+00
-2.013150e+00 9.012853e-01 0.000000e+00
-2.008096e+00 8.943661e-01 0.000000e+00
-1.950864e+00 9.361668e-01 0.000000e+00
-1.950864e+00 9.361668e-01 0.000000e+00
-2.008096e+00 8.943661e-01 0.000000e+00
-2.003042e+00 8.874469e-01 0.000000e+00
-1.945811e+00 9.292476e-01 0.000000e+00
-1.945811e+00 9.292476e-01 0.000000e+00
-2.003042e+00 8.874469e-01 0.000000e+00
-1.997989e+00 8.805277e-01 0.000000e+00
-1.940757e+00 9.223284e-01 0.000000e+00
-1.940757e+00 9.223284e-01 0.000000e+00
-1.997989e+00 8.805277e-01 0.000000e+00
-1.992935e+00 8.736085e-01 0.000000e+00
-1.935703e+00 9.154092e-01 0.000000e+00
-1.935703e+00 9.154092e-01 0.000000e+00
-1.992935e+00 8.736085e-01 0.000000e+00
-1.987882e+00 8.666893e-01 0.000000e+00
-1.930650e+00 9.084899e-01 0.000000e+00
-1.930650e+00 9.084899e-01 0.000000e+00
-1.987882e+00 8.666893e-01 0.000000e+00
-1.982828e+00 8.597701e-01 0.000000e+00
-1.925596e+00 9.015707e-01 0.000000e+00
-1.925596e+00 9.015707e-01 0.000000e+00
-1.982828e+00 8.597701e-01 0.000000e+00
-1.977774e+00 8.528509e-01 0.000000e+00
-1.920543e+00 8.946515e-01 0.000000e+00
-1.920543e+00 8.946515e-01 0.000000e+00
-1.977774e+00 8.528509e-01 0.000000e+00
-1.972721e+00 8.459317e-01 0.000000e+00
-1.915489e+00 8.877323e-01 0.000000e+00
-2.020499e+00 9.063902e-01 0.000000e+00
-2.073961e+00 8.607413e-01 0.000000e+00
-2.068397e+00 8.542252e-01 0.000000e+00
-2.014935e+00 8.998742e-01 0.000000e+00
-2.014935e+00 8.998742e-01 0.000000e+00
-2.068397e+00 8.542252e-01 0.000000e+00
-2.062833e+00 8.477092e-01 0.000000e+00
-2.009372e+00 8.933582e-01 0.000000e+00
-2.009372e+00 8.933582e-01 0.000000e+00
-2.062833e+00 8.477092e-01 0.000000e+00
-2.057269e+00 8.411932e-01 0.000000e+00
-2.003808e+00 8.868421e-01 0.000000e+00
-2.003808e+00 8.868421e-01 0.000000e+00
-2.057269e+00 8.411932e-01 0.000000e+00
-2.051706e+00 8.346771e-01 0.000000e+00
-1.998244e+00 8.803261e-01 0.000000e+00
-1.998244e+00 8.803261e-01 0.000000e+00
-2.051706e+00 8.346771e-01 0.000000e+00
-2.046142e+00 8.281611e-01 0.000000e+00
-1.992680e+00 8.738101e-01 0.000000e+00
-1.992680e+00 8.738101e-01 0.000000e+00
-2.046142e+00 8.281611e-01 0.000000e+00
-2.040578e+00 8.216451e-01 0.000000e+00
-1.987116e+00 8.672940e-01 0.000000e+00
-1.987116e+00 8.672940e-01 0.000000e+00
-2.040578e+00 8.216451e-01 0.000000e+00
-2.035014e+00 8.151290e-01 0.000000e+00
-1.981553e+00 8.607780e-01 0.000000e+00
-1.981553e+00 8.607780e-01 0.000000e+00
-2.035014e+00 8.151290e-01 0.000000e+00
-2.029451e+00 8.086130e-01 0.000000e+00
-1.975989e+00 8.542620e-01 0.000000e+00
-1.975989e+00 8.542620e-01 0.000000e+00
-2.029451e+00 8.086130e-01 0.000000e+00
-2.023887e+00 8.020970e-01 0.000000e+00
-1.970425e+00 8.477459e-01 0.000000e+00
-2.075051e+00 8.597744e-01 0.000000e+00
-2.127018e+00 8.118906e-01 0.000000e+00
-2.121212e+00 8.055895e-01 0.000000e+00
-2.069245e+00 8.534732e-01 0.000000e+00
-2.069245e+00 8.534732e-01 0.000000e+00
-2.121212e+00 8.055895e-01 0.000000e+00
-2.115406e+00 7.992883e-01 0.000000e+00
-2.063439e+00 8.471721e-01 0.000000e+00
-2.063439e+00 8.471721e-01 0.000000e+00
-2.115406e+00 7.992883e-01 0.000000e+00
-2.109600e+00 7.929871e-01 0.000000e+00
-2.057633e+00 8.408709e-01 0.000000e+00
-2.057633e+00 8.408709e-01 0.000000e+00
-2.109600e+00 7.929871e-01 0.000000e+00
-2.103794e+00 7.866859e-01 0.000000e+00
-2.051827e+00 8.345697e-01 0.000000e+00
-2.051827e+00 8.345697e-01 0.000000e+00
-2.103794e+00 7.866859e-01 0.000000e+00
-2.097989e+00 7.803847e-01 0.000000e+00
-2.046021e+00 8.282685e-01 0.000000e+00
-2.046021e+00 8.282685e-01 0.000000e+00
-2.097989e+00 7.803847e-01 0.000000e+00
-2.092183e+00 7.740836e-01 0.000000e+00
-2.040215e+00 8.219673e-01 0.000000e+00
-2.040215e+00 8.219673e-01 0.000000e+00
-2.092183e+00 7.740836e-01 0.000000e+00
-2.086377e+00 7.677824e-01 0.000000e+00
-2.034409e+00 8.156662e-01 0.000000e+00
-2.034409e+00 8.156662e-01 0.000000e+00
-2.086377e+00 7.677824e-01 0.000000e+00
-2.080571e+00 7.614812e-01 0.000000e+00
-2.028603e+00 8.093650e-01 0.000000e+00
-2.028603e+00 8.093650e-01 0.000000e+00
-2.080571e+00 7.614812e-01 0.000000e+00
-2.074765e+00 7.551800e-01 0.000000e+00
-2.022797e+00 8.030638e-01 0.000000e+00
-2.128707e+00 8.102360e-01 0.000000e+00
-2.177358e+00 7.595540e-01 0.000000e+00
-2.171176e+00 7.536205e-01 0.000000e+00
-2.122526e+00 8.043025e-01 0.000000e+00
-2.122526e+00 8.043025e-01 0.000000e+00
-2.171176e+00 7.536205e-01 0.000000e+00
-2.164995e+00 7.476870e-01 0.000000e+00
-2.116345e+00 7.983691e-01 0.000000e+00
-2.116345e+00 7.983691e-01 0.000000e+00
-2.164995e+00 7.476870e-01 0.000000e+00
-2.158814e+00 7.417535e-01 0.000000e+00
-2.110163e+00 7.924356e-01 0.000000e+00
-2.110163e+00 7.924356e-01 0.000000e+00
-2.158814e+00 7.417535e-01 0.000000e+00
-2.152632e+00 7.358200e-01 0.000000e+00
-2.103982e+00 7.865021e-01 0.000000e+00
-2.103982e+00 7.865021e-01 0.000000e+00
-2.152632e+00 7.358200e-01 0.000000e+00
-2.146451e+00 7.298865e-01 0.000000e+00
-2.097801e+00 7.805686e-01 0.000000e+00
-2.097801e+00 7.805686e-01 0.000000e+00
-2.146451e+00 7.298865e-01 0.000000e+00
-2.140270e+00 7.239531e-01 0.000000e+00
-2.091620e+00 7.746351e-01 0.000000e+00
-2.091620e+00 7.746351e-01 0.000000e+00
-2.140270e+00 7.239531e-01 0.000000e+00
-2.134089e+00 7.180196e-01 0.000000e+00
-2.085438e+00 7.687016e-01 0.000000e+00
-2.085438e+00 7.687016e-01 0.000000e+00
-2.134089e+00 7.180196e-01 0.000000e+00
-2.127907e+00 7.120861e-01 0.000000e+00
-2.079257e+00 7.627681e-01 0.000000e+00
-2.079257e+00 7.627681e-01 0.000000e+00
-2.127907e+00 7.120861e-01 0.000000e+00
-2.121726e+00 7.061526e-01 0.000000e+00
-2.073076e+00 7.568346e-01 0.000000e+00
-2.178787e+00 7.579807e-01 0.000000e+00
-2.224699e+00 7.045452e-01 0.000000e+00
-2.218200e+00 6.989614e-01 0.000000e+00
-2.172288e+00 7.523968e-01 0.000000e+00
-2.172288e+00 7.523968e-01 0.000000e+00
-2.218200e+00 6.989614e-01 0.000000e+00
-2.211701e+00 6.933775e-01 0.000000e+00
-2.165789e+00 7.468129e-01 0.000000e+00
-2.165789e+00 7.468129e-01 0.000000e+00
-2.211701e+00 6.933775e-01 0.000000e+00
-2.205202e+00 6.877937e-01 0.000000e+00
-2.159290e+00 7.412291e-01 0.000000e+00
-2.159290e+00 7.412291e-01 0.000000e+00
-2.205202e+00 6.877937e-01 0.000000e+00
-2.198703e+00 6.822098e-01 0.000000e+00
-2.152791e+00 7.356452e-01 0.000000e+00
-2.152791e+00 7.356452e-01 0.000000e+00
-2.198703e+00 6.822098e-01 0.000000e+00
-2.192205e+00 6.766259e-01 0.000000e+00
-2.146292e+00 7.300614e-01 0.000000e+00
-2.146292e+00 7.300614e-01 0.000000e+00
-2.192205e+00 6.766259e-01 0.000000e+00
-2.185706e+00 6.710421e-01 0.000000e+00
-2.139794e+00 7.244775e-01 0.000000e+00
-2.139794e+00 7.244775e-01 0.000000e+00
-2.185706e+00 6.710421e-01 0.000000e+00
-2.179207e+00 6.654582e-01 0.000000e+00
-2.133295e+00 7.188936e-01 0.000000e+00
-2.133295e+00 7.188936e-01 0.000000e+00
-2.179207e+00 6.654582e-01 0.000000e+00
-2.172708e+00 6.598743e-01 0.000000e+00
-2.126796e+00 7.133098e-01 0.000000e+00
-2.126796e+00 7.133098e-01 0.000000e+00
-2.172708e+00 6.598743e-01 0.000000e+00
-2.166209e+00 6.542905e-01 0.000000e+00
-2.120297e+00 7.077259e-01 0.000000e+00
-2.226041e+00 7.028931e-01 0.000000e+00
-2.268774e+00 6.472139e-01 0.000000e+00
-2.261977e+00 6.419972e-01 0.000000e+00
-2.219244e+00 6.976764e-01 0.000000e+00
-2.219244e+00 6.976764e-01 0.000000e+00
-2.261977e+00 6.419972e-01 0.000000e+00
-2.255180e+00 6.367805e-01 0.000000e+00
-2.212447e+00 6.924597e-01 0.000000e+00
-2.212447e+00 6.924597e-01 0.000000e+00
-2.255180e+00 6.367805e-01 0.000000e+00
-2.248383e+00 6.315637e-01 0.000000e+00
-2.205650e+00 6.872429e-01 0.000000e+00
-2.205650e+00 6.872429e-01 0.000000e+00
-2.248383e+00 6.315637e-01 0.000000e+00
-2.241586e+00 6.263470e-01 0.000000e+00
-2.198853e+00 6.820262e-01 0.000000e+00
-2.198853e+00 6.820262e-01 0.000000e+00
-2.241586e+00 6.263470e-01 0.000000e+00
-2.234789e+00 6.211303e-01 0.000000e+00
-2.192055e+00 6.768095e-01 0.000000e+00
-2.192055e+00 6.768095e-01 0.000000e+00
-2.234789e+00 6.211303e-01 0.000000e+00
-2.227992e+00 6.159136e-01 0.000000e+00
-2.185258e+00 6.715928e-01 0.000000e+00
-2.185258e+00 6.715928e-01 0.000000e+00
-2.227992e+00 6.159136e-01 0.000000e+00
-2.221195e+00 6.106968e-01 0.000000e+00
-2.178461e+00 6.663760e-01 0.000000e+00
-2.178461e+00 6.663760e-01 0.000000e+00
-2.221195e+00 6.106968e-01 0.000000e+00
-2.214398e+00 6.054801e-01 0.000000e+00
-2.171664e+00 6.611593e-01 0.000000e+00
-2.171664e+00 6.611593e-01 0.000000e+00
-2.214398e+00 6.054801e-01 0.000000e+00
-2.207601e+00 6.002634e-01 0.000000e+00
-2.164867e+00 6.559426e-01 0.000000e+00
-2.270254e+00 6.451492e-01 0.000000e+00
-2.309251e+00 5.867445e-01 0.000000e+00
-2.302125e+00 5.819866e-01 0.000000e+00
-2.263128e+00 6.403913e-01 0.000000e+00
-2.263128e+00 6.403913e-01 0.000000e+00
-2.302125e+00 5.819866e-01 0.000000e+00
-2.294999e+00 5.772287e-01 0.000000e+00
-2.256002e+00 6.356334e-01 0.000000e+00
-2.256002e+00 6.356334e-01 0.000000e+00
-2.294999e+00 5.772287e-01 0.000000e+00
-2.287873e+00 5.724708e-01 0.000000e+00
-2.248876e+00 6.308755e-01 0.000000e+00
-2.248876e+00 6.308755e-01 0.000000e+00
-2.287873e+00 5.724708e-01 0.000000e+00
-2.280747e+00 5.677129e-01 0.000000e+00
-2.241750e+00 6.261176e-01 0.000000e+00
-2.241750e+00 6.261176e-01 0.000000e+00
-2.280747e+00 5.677129e-01 0.000000e+00
-2.273622e+00 5.629550e-01 0.000000e+00
-2.234625e+00 6.213597e-01 0.000000e+00
-2.234625e+00 6.213597e-01 0.000000e+00
-2.273622e+00 5.629550e-01 0.000000e+00
-2.266496e+00 5.581971e-01 0.000000e+00
-2.227499e+00 6.166018e-01 0.000000e+00
-2.227499e+00 6.166018e-01 0.000000e+00
-2.266496e+00 5.581971e-01 0.000000e+00
-2.259370e+00 5.534392e-01 0.000000e+00
-2.220373e+00 6.118439e-01 0.000000e+00
-2.220373e+00 6.118439e-01 0.000000e+00
-2.259370e+00 5.534392e-01 0.000000e+00
-2.252244e+00 5.486812e-01 0.000000e+00
-2.213247e+00 6.070860e-01 0.000000e+00
-2.213247e+00 6.070860e-01 0.000000e+00
-2.252244e+00 5.486812e-01 0.000000e+00
-2.245119e+00 5.439233e-01 0.000000e+00
-2.206122e+00 6.023281e-01 0.000000e+00
-2.310402e+00 5.849104e-01 0.000000e+00
-2.346010e+00 5.244915e-01 0.000000e+00
-2.338628e+00 5.201412e-01 0.000000e+00
-2.303020e+00 5.805601e-01 0.000000e+00
-2.303020e+00 5.805601e-01 0.000000e+00
-2.338628e+00 5.201412e-01 0.000000e+00
-2.331246e+00 5.157908e-01 0.000000e+00
-2.295639e+00 5.762097e-01 0.000000e+00
-2.295639e+00 5.762097e-01 0.000000e+00
-2.331246e+00 5.157908e-01 0.000000e+00
-2.323865e+00 5.114405e-01 0.000000e+00
-2.288257e+00 5.718594e-01 0.000000e+00
-2.288257e+00 5.718594e-01 0.000000e+00
-2.323865e+00 5.114405e-01 0.000000e+00
-2.316483e+00 5.070901e-01 0.000000e+00
-2.280875e+00 5.675091e-01 0.000000e+00
-2.280875e+00 5.675091e-01 0.000000e+00
-2.316483e+00 5.070901e-01 0.000000e+00
-2.309101e+00 5.027398e-01 0.000000e+00
-2.273494e+00 5.631587e-01 0.000000e+00
-2.273494e+00 5.631587e-01 0.000000e+00
-2.309101e+00 5.027398e-01 0.000000e+00
-2.301720e+00 4.983895e-01 0.000000e+00
-2.266112e+00 5.588084e-01 0.000000e+00
-2.266112e+00 5.588084e-01 0.000000e+00
-2.301720e+00 4.983895e-01 0.000000e+00
-2.294338e+00 4.940391e-01 0.000000e+00
-2.258730e+00 5.544581e-01 0.000000e+00
-2.258730e+00 5.544581e-01 0.000000e+00
-2.294338e+00 4.940391e-01 0.000000e+00
-2.286956e+00 4.896888e-01 0.000000e+00
-2.251349e+00 5.501077e-01 0.000000e+00
-2.251349e+00 5.501077e-01 0.000000e+00
-2.286956e+00 4.896888e-01 0.000000e+00
-2.279575e+00 4.853385e-01 0.000000e+00
-2.243967e+00 5.457574e-01 0.000000e+00
-2.347243e+00 5.222296e-01 0.000000e+00
-2.378703e+00 4.596343e-01 0.000000e+00
-2.371047e+00 4.557866e-01 0.000000e+00
-2.339587e+00 5.183819e-01 0.000000e+00
-2.339587e+00 5.183819e-01 0.000000e+00
-2.371047e+00 4.557866e-01 0.000000e+00
-2.363391e+00 4.519389e-01 0.000000e+00
-2.331931e+00 5.145342e-01 0.000000e+00
-2.331931e+00 5.145342e-01 0.000000e+00
-2.363391e+00 4.519389e-01 0.000000e+00
-2.355735e+00 4.480912e-01 0.000000e+00
-2.324276e+00 5.106865e-01 0.000000e+00
-2.324276e+00 5.106865e-01 0.000000e+00
-2.355735e+00 4.480912e-01 0.000000e+00
-2.348080e+00 4.442435e-01 0.000000e+00
-2.316620e+00 5.068388e-01 0.000000e+00
-2.316620e+00 5.068388e-01 0.000000e+00
-2.348080e+00 4.442435e-01 0.000000e+00
-2.340424e+00 4.403958e-01 0.000000e+00
-2.308964e+00 5.029911e-01 0.000000e+00
-2.308964e+00 5.029911e-01 0.000000e+00
-2.340424e+00 4.403958e-01 0.000000e+00
-2.332768e+00 4.365481e-01 0.000000e+00
-2.301308e+00 4.991434e-01 0.000000e+00
-2.301308e+00 4.991434e-01 0.000000e+00
-2.332768e+00 4.365481e-01 0.000000e+00
-2.325113e+00 4.327004e-01 0.000000e+00
-2.293653e+00 4.952957e-01 0.000000e+00
-2.293653e+00 4.952957e-01 0.000000e+00
-2.325113e+00 4.327004e-01 0.000000e+00
-2.317457e+00 4.288527e-01 0.000000e+00
-2.285997e+00 4.914480e-01 0.000000e+00
-2.285997e+00 4.914480e-01 0.000000e+00
-2.317457e+00 4.288527e-01 0.000000e+00
-2.309801e+00 4.250050e-01 0.000000e+00
-2.278341e+00 4.876003e-01 0.000000e+00
-2.379742e+00 4.573885e-01 0.000000e+00
-2.407116e+00 3.929187e-01 0.000000e+00
-2.399229e+00 3.895701e-01 0.000000e+00
-2.371856e+00 4.540399e-01 0.000000e+00
-2.371856e+00 4.540399e-01 0.000000e+00
-2.399229e+00 3.895701e-01 0.000000e+00
-2.391342e+00 3.862215e-01 0.000000e+00
-2.363969e+00 4.506913e-01 0.000000e+00
-2.363969e+00 4.506913e-01 0.000000e+00
-2.391342e+00 3.862215e-01 0.000000e+00
-2.383455e+00 3.828728e-01 0.000000e+00
-2.356082e+00 4.473426e-01 0.000000e+00
-2.356082e+00 4.473426e-01 0.000000e+00
-2.383455e+00 3.828728e-01 0.000000e+00
-2.375568e+00 3.795242e-01 0.000000e+00
-2.348195e+00 4.439940e-01 0.000000e+00
-2.348195e+00 4.439940e-01 0.000000e+00
-2.375568e+00 3.795242e-01 0.000000e+00
-2.367682e+00 3.761756e-01 0.000000e+00
-2.340309e+00 4.406454e-01 0.000000e+00
-2.340309e+00 4.406454e-01 0.000000e+00
-2.367682e+00 3.761756e-01 0.000000e+00
-2.359795e+00 3.728269e-01 0.000000e+00
-2.332422e+00 4.372967e-01 0.000000e+00
-2.332422e+00 4.372967e-01 0.000000e+00
-2.359795e+00 3.728269e-01 0.000000e+00
-2.351908e+00 3.694783e-01 0.000000e+00
-2.324535e+00 4.339481e-01 0.000000e+00
-2.324535e+00 4.339481e-01 0.000000e+00
-2.351908e+00 3.694783e-01 0.000000e+00
-2.344021e+00 3.661297e-01 0.000000e+00
-2.316648e+00 4.305995e-01 0.000000e+00
-2.316648e+00 4.305995e-01 0.000000e+00
-2.344021e+00 3.661297e-01 0.000000e+00
-2.336135e+00 3.627810e-01 0.000000e+00
-2.308761e+00 4.272508e-01 0.000000e+00
-2.405242e+00 3.967328e-01 0.000000e+00
-2.440019e+00 3.348208e-01 0.000000e+00
-2.432548e+00 3.306246e-01 0.000000e+00
-2.397771e+00 3.925366e-01 0.000000e+00
-2.397771e+00 3.925366e-01 0.000000e+00
-2.432548e+00 3.306246e-01 0.000000e+00
-2.425078e+00 3.264284e-01 0.000000e+00
-2.390301e+00 3.883404e-01 0.000000e+00
-2.390301e+00 3.883404e-01 0.000000e+00
-2.425078e+00 3.264284e-01 0.000000e+00
-2.417607e+00 3.222322e-01 0.000000e+00
-2.382831e+00 3.841442e-01 0.000000e+00
-2.382831e+00 3.841442e-01 0.000000e+00
-2.417607e+00 3.222322e-01 0.000000e+00
-2.410137e+00 3.180360e-01 0.000000e+00
-2.375360e+00 3.799480e-01 0.000000e+00
-2.375360e+00 3.799480e-01 0.000000e+00
-2.410137e+00 3.180360e-01 0.000000e+00
-2.402667e+00 3.138398e-01 0.000000e+00
-2.367890e+00 3.757518e-01 0.000000e+00
-2.367890e+00 3.757518e-01 0.000000e+00
-2.402667e+00 3.138398e-01 0.000000e+00
-2.395196e+00 3.096436e-01 0.000000e+00
-2.360420e+00 3.715556e-01 0.000000e+00
-2.360420e+00 3.715556e-01 0.000000e+00
-2.395196e+00 3.096436e-01 0.000000e+00
-2.387726e+00 3.054474e-01 0.000000e+00
-2.352949e+00 3.673594e-01 0.000000e+00
-2.352949e+00 3.673594e-01 0.000000e+00
-2.387726e+00 3.054474e-01 0.000000e+00
-2.380256e+00 3.012512e-01 0.000000e+00
-2.345479e+00 3.631632e-01 0.000000e+00
-2.345479e+00 3.631632e-01 0.000000e+00
-2.380256e+00 3.012512e-01 0.000000e+00
-2.372785e+00 2.970549e-01 0.000000e+00
-2.338008e+00 3.589669e-01 0.000000e+00
-2.419345e+00 3.213890e-01 0.000000e+00
-2.447696e+00 2.540716e-01 0.000000e+00
-2.444820e+00 2.528603e-01 0.000000e+00
-2.416469e+00 3.201776e-01 0.000000e+00
-2.416469e+00 3.201776e-01 0.000000e+00
-2.444820e+00 2.528603e-01 0.000000e+00
-2.441943e+00 2.516489e-01 0.000000e+00
-2.413593e+00 3.189663e-01 0.000000e+00
-2.413593e+00 3.189663e-01 0.000000e+00
-2.441943e+00 2.516489e-01 0.000000e+00
-2.439067e+00 2.504376e-01 0.000000e+00
-2.410716e+00 3.177549e-01 0.000000e+00
-2.410716e+00 3.177549e-01 0.000000e+00
-2.439067e+00 2.504376e-01 0.000000e+00
-2.436191e+00 2.492262e-01 0.000000e+00
-2.407840e+00 3.165436e-01 0.000000e+00
-2.407840e+00 3.165436e-01 0.000000e+00
-2.436191e+00 2.492262e-01 0.000000e+00
-2.433314e+00 2.480149e-01 0.000000e+00
-2.404964e+00 3.153322e-01 0.000000e+00
-2.404964e+00 3.153322e-01 0.000000e+00
-2.433314e+00 2.480149e-01 0.000000e+00
-2.430438e+00 2.468035e-01 0.000000e+00
-2.402087e+00 3.141209e-01 0.000000e+00
-2.402087e+00 3.141209e-01 0.000000e+00
-2.430438e+00 2.468035e-01 0.000000e+00
-2.427562e+00 2.455922e-01 0.000000e+00
-2.399211e+00 3.129095e-01 0.000000e+00
-2.399211e+00 3.129095e-01 0.000000e+00
-2.427562e+00 2.455922e-01 0.000000e+00
-2.424686e+00 2.443808e-01 0.000000e+00
-2.396335e+00 3.116981e-01 0.000000e+00
-2.396335e+00 3.116981e-01 0.000000e+00
-2.424686e+00 2.443808e-01 0.000000e+00
-2.421809e+00 2.431695e-01 0.000000e+00
-2.393459e+00 3.104868e-01 0.000000e+00
-2.448615e+00 2.508713e-01 0.000000e+00
-2.460392e+00 1.783377e-01 0.000000e+00
-2.457311e+00 1.778375e-01 0.000000e+00
-2.445535e+00 2.503712e-01 0.000000e+00
-2.445535e+00 2.503712e-01 0.000000e+00
-2.457311e+00 1.778375e-01 0.000000e+00
-2.454231e+00 1.773373e-01 0.000000e+00
-2.442454e+00 2.498710e-01 0.000000e+00
-2.442454e+00 2.498710e-01 0.000000e+00
-2.454231e+00 1.773373e-01 0.000000e+00
-2.451150e+00 1.768372e-01 0.000000e+00
-2.439374e+00 2.493708e-01 0.000000e+00
-2.439374e+00 2.493708e-01 0.000000e+00
-2.451150e+00 1.768372e-01 0.000000e+00
-2.448069e+00 1.763370e-01 0.000000e+00
-2.436293e+00 2.488706e-01 0.000000e+00
-2.436293e+00 2.488706e-01 0.000000e+00
-2.448069e+00 1.763370e-01 0.000000e+00
-2.444989e+00 1.758368e-01 0.000000e+00
-2.433212e+00 2.483705e-01 0.000000e+00
-2.433212e+00 2.483705e-01 0.000000e+00
-2.444989e+00 1.758368e-01 0.000000e+00
-2.441908e+00 1.753366e-01 0.000000e+00
-2.430132e+00 2.478703e-01 0.000000e+00
-2.430132e+00 2.478703e-01 0.000000e+00
-2.441908e+00 1.753366e-01 0.000000e+00
-2.438828e+00 1.748365e-01 0.000000e+00
-2.427051e+00 2.473701e-01 0.000000e+00
-2.427051e+00 2.473701e-01 0.000000e+00
-2.438828e+00 1.748365e-01 0.000000e+00
-2.435747e+00 1.743363e-01 0.000000e+00
-2.423970e+00 2.468700e-01 0.000000e+00
-2.423970e+00 2.468700e-01 0.000000e+00
-2.435747e+00 1.743363e-01 0.000000e+00
-2.432666e+00 1.738361e-01 0.000000e+00
-2.420890e+00 2.463698e-01 0.000000e+00
-2.460425e+00 1.781214e-01 0.000000e+00
-2.471069e+00 1.054225e-01 0.000000e+00
-2.467981e+00 1.049704e-01 0.000000e+00
-2.457337e+00 1.776693e-01 0.000000e+00
-2.457337e+00 1.776693e-01 0.000000e+00
-2.467981e+00 1.049704e-01 0.000000e+00
-2.464893e+00 1.045183e-01 0.000000e+00
-2.454249e+00 1.772172e-01 0.000000e+00
-2.454249e+00 1.772172e-01 0.000000e+00
-2.464893e+00 1.045183e-01 0.000000e+00
-2.461805e+00 1.040662e-01 0.000000e+00
-2.451161e+00 1.767651e-01 0.000000e+00
-2.451161e+00 1.767651e-01 0.000000e+00
-2.461805e+00 1.040662e-01 0.000000e+00
-2.458717e+00 1.036141e-01 0.000000e+00
-2.448073e+00 1.763130e-01 0.000000e+00
-2.448073e+00 1.763130e-01 0.000000e+00
-2.458717e+00 1.036141e-01 0.000000e+00
-2.455629e+00 1.031620e-01 0.000000e+00
-2.444985e+00 1.758608e-01 0.000000e+00
-2.444985e+00 1.758608e-01 0.000000e+00
-2.455629e+00 1.031620e-01 0.000000e+00
-2.452541e+00 1.027098e-01 0.000000e+00
-2.441897e+00 1.754087e-01 0.000000e+00
-2.441897e+00 1.754087e-01 0.000000e+00
-2.452541e+00 1.027098e-01 0.000000e+00
-2.449453e+00 1.022577e-01 0.000000e+00
-2.438809e+00 1.749566e-01 0.000000e+00
-2.438809e+00 1.749566e-01 0.000000e+00
-2.449453e+00 1.022577e-01 0.000000e+00
-2.446365e+00 1.018056e-01 0.000000e+00
-2.435721e+00 1.745045e-01 0.000000e+00
-2.435721e+00 1.745045e-01 0.000000e+00
-2.446365e+00 1.018056e-01 0.000000e+00
-2.443277e+00 1.013535e-01 0.000000e+00
-2.432633e+00 1.740524e-01 0.000000e+00
-2.471177e+00 1.044488e-01 0.000000e+00
-2.476664e+00 3.201847e-02 0.000000e+00
-2.473552e+00 3.178273e-02 0.000000e+00
-2.468065e+00 1.042131e-01 0.000000e+00
-2.468065e+00 1.042131e-01 0.000000e+00
-2.473552e+00 3.178273e-02 0.000000e+00
-2.470440e+00 3.154699e-02 0.000000e+00
-2.464953e+00 1.039774e-01 0.000000e+00
-2.464953e+00 1.039774e-01 0.000000e+00
-2.470440e+00 3.154699e-02 0.000000e+00
-2.467328e+00 3.131125e-02 0.000000e+00
-2.461841e+00 1.037416e-01 0.000000e+00
-2.461841e+00 1.037416e-01 0.000000e+00
-2.467328e+00 3.131125e-02 0.000000e+00
-2.464216e+00 3.107551e-02 0.000000e+00
-2.458729e+00 1.035059e-01 0.000000e+00
-2.458729e+00 1.035059e-01 0.000000e+00
-2.464216e+00 3.107551e-02 0.000000e+00
-2.461103e+00 3.083977e-02 0.000000e+00
-2.455617e+00 1.032702e-01 0.000000e+00
-2.455617e+00 1.032702e-01 0.000000e+00
-2.461103e+00 3.083977e-02 0.000000e+00
-2.457991e+00 3.060403e-02 0.000000e+00
-2.452505e+00 1.030344e-01 0.000000e+00
-2.452505e+00 1.030344e-01 0.000000e+00
-2.457991e+00 3.060403e-02 0.000000e+00
-2.454879e+00 3.036829e-02 0.000000e+00
-2.449393e+00 1.027987e-01 0.000000e+00
-2.449393e+00 1.027987e-01 0.000000e+00
-2.454879e+00 3.036829e-02 0.000000e+00
-2.451767e+00 3.013255e-02 0.000000e+00
-2.446281e+00 1.025629e-01 0.000000e+00
-2.446281e+00 1.025629e-01 0.000000e+00
-2.451767e+00 3.013255e-02 0.000000e+00
-2.448655e+00 2.989681e-02 0.000000e+00
-2.443169e+00 1.023272e-01 0.000000e+00
-2.476684e+00 3.020472e-02 0.000000e+00
-2.472775e+00 -4.259336e-02 0.000000e+00
-2.469659e+00 -4.242604e-02 0.000000e+00
-2.473567e+00 3.037204e-02 0.000000e+00
-2.473567e+00 3.037204e-02 0.000000e+00
-2.469659e+00 -4.242604e-02 0.000000e+00
-2.466542e+00 -4.225873e-02 0.000000e+00
-2.470451e+00 3.053935e-02 0.000000e+00
-2.470451e+00 3.053935e-02 0.000000e+00
-2.466542e+00 -4.225873e-02 0.000000e+00
-2.463426e+00 -4.209141e-02 0.000000e+00
-2.467334e+00 3.070667e-02 0.000000e+00
-2.467334e+00 3.070667e-02 0.000000e+00
-2.463426e+00 -4.209141e-02 0.000000e+00
-2.460309e+00 -4.192410e-02 0.000000e+00
-2.464218e+00 3.087398e-02 0.000000e+00
-2.464218e+00 3.087398e-02 0.000000e+00
-2.460309e+00 -4.192410e-02 0.000000e+00
-2.457193e+00 -4.175678e-02 0.000000e+00
-2.461101e+00 3.104130e-02 0.000000e+00
-2.461101e+00 3.104130e-02 0.000000e+00
-2.457193e+00 -4.175678e-02 0.000000e+00
-2.454076e+00 -4.158947e-02 0.000000e+00
-2.457985e+00 3.120861e-02 0.000000e+00
-2.457985e+00 3.120861e-02 0.000000e+00
-2.454076e+00 -4.158947e-02 0.000000e+00
-2.450960e+00 -4.142215e-02 0.000000e+00
-2.454868e+00 3.137593e-02 0.000000e+00
-2.454868e+00 3.137593e-02 0.000000e+00
-2.450960e+00 -4.142215e-02 0.000000e+00
-2.447843e+00 -4.125484e-02 0.000000e+00
-2.451752e+00 3.154324e-02 0.000000e+00
-2.451752e+00 3.154324e-02 0.000000e+00
-2.447843e+00 -4.125484e-02 0.000000e+00
-2.444727e+00 -4.108752e-02 0.000000e+00
-2.448635e+00 3.171056e-02 0.000000e+00
-2.472740e+00 -4.308298e-02 0.000000e+00
-2.466263e+00 -1.160126e-01 0.000000e+00
-2.463154e+00 -1.157365e-01 0.000000e+00
-2.469632e+00 -4.280686e-02 0.000000e+00
-2.469632e+00 -4.280686e-02 0.000000e+00
-2.463154e+00 -1.157365e-01 0.000000e+00
-2.460045e+00 -1.154603e-01 0.000000e+00
-2.466523e+00 -4.253074e-02 0.000000e+00
-2.466523e+00 -4.253074e-02 0.000000e+00
-2.460045e+00 -1.154603e-01 0.000000e+00
-2.456937e+00 -1.151842e-01 0.000000e+00
-2.463414e+00 -4.225462e-02 0.000000e+00
-2.463414e+00 -4.225462e-02 0.000000e+00
-2.456937e+00 -1.151842e-01 0.000000e+00
-2.453828e+00 -1.149081e-01 0.000000e+00
-2.460306e+00 -4.197850e-02 0.000000e+00
-2.460306e+00 -4.197850e-02 0.000000e+00
-2.453828e+00 -1.149081e-01 0.000000e+00
-2.450719e+00 -1.146320e-01 0.000000e+00
-2.457197e+00 -4.170238e-02 0.000000e+00
-2.457197e+00 -4.170238e-02 0.000000e+00
-2.450719e+00 -1.146320e-01 0.000000e+00
-2.447610e+00 -1.143559e-01 0.000000e+00
-2.454088e+00 -4.142626e-02 0.000000e+00
-2.454088e+00 -4.142626e-02 0.000000e+00
-2.447610e+00 -1.143559e-01 0.000000e+00
-2.444502e+00 -1.140797e-01 0.000000e+00
-2.450979e+00 -4.115014e-02 0.000000e+00
-2.450979e+00 -4.115014e-02 0.000000e+00
-2.444502e+00 -1.140797e-01 0.000000e+00
-2.441393e+00 -1.138036e-01 0.000000e+00
-2.447871e+00 -4.087402e-02 0.000000e+00
-2.447871e+00 -4.087402e-02 0.000000e+00
-2.441393e+00 -1.138036e-01 0.000000e+00
-2.438284e+00 -1.135275e-01 0.000000e+00
-2.444762e+00 -4.059790e-02 0.000000e+00
-2.466117e+00 -1.171394e-01 0.000000e+00
-2.453750e+00 -1.893934e-01 0.000000e+00
-2.450674e+00 -1.888669e-01 0.000000e+00
-2.463040e+00 -1.166128e-01 0.000000e+00
-2.463040e+00 -1.166128e-01 0.000000e+00
-2.450674e+00 -1.888669e-01 0.000000e+00
-2.447597e+00 -1.883403e-01 0.000000e+00
-2.459964e+00 -1.160863e-01 0.000000e+00
-2.459964e+00 -1.160863e-01 0.000000e+00
-2.447597e+00 -1.883403e-01 0.000000e+00
-2.444521e+00 -1.878138e-01 0.000000e+00
-2.456888e+00 -1.155598e-01 0.000000e+00
-2.456888e+00 -1.155598e-01 0.000000e+00
-2.444521e+00 -1.878138e-01 0.000000e+00
-2.441445e+00 -1.872873e-01 0.000000e+00
-2.453812e+00 -1.150333e-01 0.000000e+00
-2.453812e+00 -1.150333e-01 0.000000e+00
-2.441445e+00 -1.872873e-01 0.000000e+00
-2.438369e+00 -1.867608e-01 0.000000e+00
-2.450735e+00 -1.145068e-01 0.000000e+00
-2.450735e+00 -1.145068e-01 0.000000e+00
-2.438369e+00 -1.867608e-01 0.000000e+00
-2.435292e+00 -1.862343e-01 0.000000e+00
-2.447659e+00 -1.139803e-01 0.000000e+00
-2.447659e+00 -1.139803e-01 0.000000e+00
-2.435292e+00 -1.862343e-01 0.000000e+00
-2.432216e+00 -1.857078e-01 0.000000e+00
-2.444583e+00 -1.134538e-01 0.000000e+00
-2.444583e+00 -1.134538e-01 0.000000e+00
-2.432216e+00 -1.857078e-01 0.000000e+00
-2.429140e+00 -1.851812e-01 0.000000e+00
-2.441507e+00 -1.129272e-01 0.000000e+00
-2.441507e+00 -1.129272e-01 0.000000e+00
-2.429140e+00 -1.851812e-01 0.000000e+00
-2.426064e+00 -1.846547e-01 0.000000e+00
-2.438430e+00 -1.124007e-01 0.000000e+00
-2.453019e+00 -1.920544e-01 0.000000e+00
-2.426894e+00 -2.601543e-01 0.000000e+00
-2.423981e+00 -2.590364e-01 0.000000e+00
-2.450106e+00 -1.909365e-01 0.000000e+00
-2.450106e+00 -1.909365e-01 0.000000e+00
-2.423981e+00 -2.590364e-01 0.000000e+00
-2.421067e+00 -2.579186e-01 0.000000e+00
-2.447192e+00 -1.898187e-01 0.000000e+00
-2.447192e+00 -1.898187e-01 0.000000e+00
-2.421067e+00 -2.579186e-01 0.000000e+00
-2.418153e+00 -2.568007e-01 0.000000e+00
-2.444278e+00 -1.887008e-01 0.000000e+00
-2.444278e+00 -1.887008e-01 0.000000e+00
-2.418153e+00 -2.568007e-01 0.000000e+00
-2.415239e+00 -2.556829e-01 0.000000e+00
-2.441364e+00 -1.875830e-01 0.000000e+00
-2.441364e+00 -1.875830e-01 0.000000e+00
-2.415239e+00 -2.556829e-01 0.000000e+00
-2.412325e+00 -2.545650e-01 0.000000e+00
-2.438450e+00 -1.864651e-01 0.000000e+00
-2.438450e+00 -1.864651e-01 0.000000e+00
-2.412325e+00 -2.545650e-01 0.000000e+00
-2.409411e+00 -2.534472e-01 0.000000e+00
-2.435536e+00 -1.853473e-01 0.000000e+00
-2.435536e+00 -1.853473e-01 0.000000e+00
-2.409411e+00 -2.534472e-01 0.000000e+00
-2.406497e+00 -2.523293e-01 0.000000e+00
-2.432622e+00 -1.842294e-01 0.000000e+00
-2.432622e+00 -1.842294e-01 0.000000e+00
-2.406497e+00 -2.523293e-01 0.000000e+00
-2.403583e+00 -2.512115e-01 0.000000e+00
-2.429708e+00 -1.831116e-01 0.000000e+00
-2.429708e+00 -1.831116e-01 0.000000e+00
-2.403583e+00 -2.512115e-01 0.000000e+00
-2.400669e+00 -2.500936e-01 0.000000e+00
-2.426794e+00 -1.819937e-01 0.000000e+00
-2.447267e+00 -2.742386e-01 0.000000e+00
-2.412474e+00 -3.351898e-01 0.000000e+00
-2.405033e+00 -3.309421e-01 0.000000e+00
-2.439826e+00 -2.699909e-01 0.000000e+00
-2.439826e+00 -2.699909e-01 0.000000e+00
-2.405033e+00 -3.309421e-01 0.000000e+00
-2.397592e+00 -3.266944e-01 0.000000e+00
-2.432385e+00 -2.657432e-01 0.000000e+00
-2.432385e+00 -2.657432e-01 0.000000e+00
-2.397592e+00 -3.266944e-01 0.000000e+00
-2.390151e+00 -3.224467e-01 0.000000e+00
-2.424944e+00 -2.614955e-01 0.000000e+00
-2.424944e+00 -2.614955e-01 0.000000e+00
-2.390151e+00 -3.224467e-01 0.000000e+00
-2.382710e+00 -3.181990e-01 0.000000e+00
-2.417503e+00 -2.572478e-01 0.000000e+00
-2.417503e+00 -2.572478e-01 0.000000e+00
-2.382710e+00 -3.181990e-01 0.000000e+00
-2.375268e+00 -3.139513e-01 0.000000e+00
-2.410061e+00 -2.530001e-01 0.000000e+00
-2.410061e+00 -2.530001e-01 0.000000e+00
-2.375268e+00 -3.139513e-01 0.000000e+00
-2.367827e+00 -3.097036e-01 0.000000e+00
-2.402620e+00 -2.487524e-01 0.000000e+00
-2.402620e+00 -2.487524e-01 0.000000e+00
-2.367827e+00 -3.097036e-01 0.000000e+00
-2.360386e+00 -3.054559e-01 0.000000e+00
-2.395179e+00 -2.445047e-01 0.000000e+00
-2.395179e+00 -2.445047e-01 0.000000e+00
-2.360386e+00 -3.054559e-01 0.000000e+00
-2.352945e+00 -3.012082e-01 0.000000e+00
-2.387738e+00 -2.402570e-01 0.000000e+00
-2.387738e+00 -2.402570e-01 0.000000e+00
-2.352945e+00 -3.012082e-01 0.000000e+00
-2.345503e+00 -2.969605e-01 0.000000e+00
-2.380296e+00 -2.360093e-01 0.000000e+00
-2.414630e+00 -3.307833e-01 0.000000e+00
-2.388217e+00 -3.947883e-01 0.000000e+00
-2.380297e+00 -3.915198e-01 0.000000e+00
-2.406710e+00 -3.275149e-01 0.000000e+00
-2.406710e+00 -3.275149e-01 0.000000e+00
-2.380297e+00 -3.915198e-01 0.000000e+00
-2.372377e+00 -3.882513e-01 0.000000e+00
-2.398790e+00 -3.242464e-01 0.000000e+00
-2.398790e+00 -3.242464e-01 0.000000e+00
-2.372377e+00 -3.882513e-01 0.000000e+00
-2.364456e+00 -3.849828e-01 0.000000e+00
-2.390869e+00 -3.209779e-01 0.000000e+00
-2.390869e+00 -3.209779e-01 0.000000e+00
-2.364456e+00 -3.849828e-01 0.000000e+00
-2.356536e+00 -3.817143e-01 0.000000e+00
-2.382949e+00 -3.177094e-01 0.000000e+00
-2.382949e+00 -3.177094e-01 0.000000e+00
-2.356536e+00 -3.817143e-01 0.000000e+00
-2.348616e+00 -3.784458e-01 0.000000e+00
-2.375029e+00 -3.144409e-01 0.000000e+00
-2.375029e+00 -3.144409e-01 0.000000e+00
-2.348616e+00 -3.784458e-01 0.000000e+00
-2.340695e+00 -3.751773e-01 0.000000e+00
-2.367108e+00 -3.111724e-01 0.000000e+00
-2.367108e+00 -3.111724e-01 0.000000e+00
-2.340695e+00 -3.751773e-01 0.000000e+00
-2.332775e+00 -3.719088e-01 0.000000e+00
-2.359188e+00 -3.079039e-01 0.000000e+00
-2.359188e+00 -3.079039e-01 0.000000e+00
-2.332775e+00 -3.719088e-01 0.000000e+00
-2.324855e+00 -3.686403e-01 0.000000e+00
-2.351268e+00 -3.046354e-01 0.000000e+00
-2.351268e+00 -3.046354e-01 0.000000e+00
-2.324855e+00 -3.686403e-01 0.000000e+00
-2.316934e+00 -3.653719e-01 0.000000e+00
-2.343347e+00 -3.013669e-01 0.000000e+00
-2.386757e+00 -3.979218e-01 0.000000e+00
-2.354692e+00 -4.593510e-01 0.000000e+00
-2.347096e+00 -4.553861e-01 0.000000e+00
-2.379161e+00 -3.939569e-01 0.000000e+00
-2.379161e+00 -3.939569e-01 0.000000e+00
-2.347096e+00 -4.553861e-01 0.000000e+00
-2.339500e+00 -4.514213e-01 0.000000e+00
-2.371565e+00 -3.899921e-01 0.000000e+00
-2.371565e+00 -3.899921e-01 0.000000e+00
-2.339500e+00 -4.514213e-01 0.000000e+00
-2.331904e+00 -4.474565e-01 0.000000e+00
-2.363969e+00 -3.860273e-01 0.000000e+00
-2.363969e+00 -3.860273e-01 0.000000e+00
-2.331904e+00 -4.474565e-01 0.000000e+00
-2.324309e+00 -4.434917e-01 0.000000e+00
-2.356374e+00 -3.820625e-01 0.000000e+00
-2.356374e+00 -3.820625e-01 0.000000e+00
-2.324309e+00 -4.434917e-01 0.000000e+00
-2.316713e+00 -4.395269e-01 0.000000e+00
-2.348778e+00 -3.780976e-01 0.000000e+00
-2.348778e+00 -3.780976e-01 0.000000e+00
-2.316713e+00 -4.395269e-01 0.000000e+00
-2.309117e+00 -4.355620e-01 0.000000e+00
-2.341182e+00 -3.741328e-01 0.000000e+00
-2.341182e+00 -3.741328e-01 0.000000e+00
-2.309117e+00 -4.355620e-01 0.000000e+00
-2.301522e+00 -4.315972e-01 0.000000e+00
-2.333587e+00 -3.701680e-01 0.000000e+00
-2.333587e+00 -3.701680e-01 0.000000e+00
-2.301522e+00 -4.315972e-01 0.000000e+00
-2.293926e+00 -4.276324e-01 0.000000e+00
-2.325991e+00 -3.662032e-01 0.000000e+00
-2.325991e+00 -3.662032e-01 0.000000e+00
-2.293926e+00 -4.276324e-01 0.000000e+00
-2.286330e+00 -4.236676e-01 0.000000e+00
-2.318395e+00 -3.622384e-01 0.000000e+00
-2.353808e+00 -4.609508e-01 0.000000e+00
-2.318915e+00 -5.207106e-01 0.000000e+00
-2.311515e+00 -5.163903e-01 0.000000e+00
-2.346408e+00 -4.566304e-01 0.000000e+00
-2.346408e+00 -4.566304e-01 0.000000e+00
-2.311515e+00 -5.163903e-01 0.000000e+00
-2.304116e+00 -5.120699e-01 0.000000e+00
-2.339009e+00 -4.523101e-01 0.000000e+00
-2.339009e+00 -4.523101e-01 0.000000e+00
-2.304116e+00 -5.120699e-01 0.000000e+00
-2.296717e+00 -5.077496e-01 0.000000e+00
-2.331610e+00 -4.479898e-01 0.000000e+00
-2.331610e+00 -4.479898e-01 0.000000e+00
-2.296717e+00 -5.077496e-01 0.000000e+00
-2.289318e+00 -5.034293e-01 0.000000e+00
-2.324211e+00 -4.436694e-01 0.000000e+00
-2.324211e+00 -4.436694e-01 0.000000e+00
-2.289318e+00 -5.034293e-01 0.000000e+00
-2.281918e+00 -4.991090e-01 0.000000e+00
-2.316811e+00 -4.393491e-01 0.000000e+00
-2.316811e+00 -4.393491e-01 0.000000e+00
-2.281918e+00 -4.991090e-01 0.000000e+00
-2.274519e+00 -4.947886e-01 0.000000e+00
-2.309412e+00 -4.350288e-01 0.000000e+00
-2.309412e+00 -4.350288e-01 0.000000e+00
-2.274519e+00 -4.947886e-01 0.000000e+00
-2.267120e+00 -4.904683e-01 0.000000e+00
-2.302013e+00 -4.307084e-01 0.000000e+00
-2.302013e+00 -4.307084e-01 0.000000e+00
-2.267120e+00 -4.904683e-01 0.000000e+00
-2.259721e+00 -4.861480e-01 0.000000e+00
-2.294613e+00 -4.263881e-01 0.000000e+00
-2.294613e+00 -4.263881e-01 0.000000e+00
-2.259721e+00 -4.861480e-01 0.000000e+00
-2.252321e+00 -4.818276e-01 0.000000e+00
-2.287214e+00 -4.220678e-01 0.000000e+00
-2.317007e+00 -5.236606e-01 0.000000e+00
-2.276799e+00 -5.800259e-01 0.000000e+00
-2.269823e+00 -5.750500e-01 0.000000e+00
-2.310032e+00 -5.186847e-01 0.000000e+00
-2.310032e+00 -5.186847e-01 0.000000e+00
-2.269823e+00 -5.750500e-01 0.000000e+00
-2.262848e+00 -5.700741e-01 0.000000e+00
-2.303056e+00 -5.137088e-01 0.000000e+00
-2.303056e+00 -5.137088e-01 0.000000e+00
-2.262848e+00 -5.700741e-01 0.000000e+00
-2.255873e+00 -5.650983e-01 0.000000e+00
-2.296081e+00 -5.087329e-01 0.000000e+00
-2.296081e+00 -5.087329e-01 0.000000e+00
-2.255873e+00 -5.650983e-01 0.000000e+00
-2.248897e+00 -5.601224e-01 0.000000e+00
-2.289106e+00 -5.037571e-01 0.000000e+00
-2.289106e+00 -5.037571e-01 0.000000e+00
-2.248897e+00 -5.601224e-01 0.000000e+00
-2.241922e+00 -5.551465e-01 0.000000e+00
-2.282130e+00 -4.987812e-01 0.000000e+00
-2.282130e+00 -4.987812e-01 0.000000e+00
-2.241922e+00 -5.551465e-01 0.000000e+00
-2.234947e+00 -5.501706e-01 0.000000e+00
-2.275155e+00 -4.938053e-01 0.000000e+00
-2.275155e+00 -4.938053e-01 0.000000e+00
-2.234947e+00 -5.501706e-01 0.000000e+00
-2.227971e+00 -5.451948e-01 0.000000e+00
-2.268180e+00 -4.888294e-01 0.000000e+00
-2.268180e+00 -4.888294e-01 0.000000e+00
-2.227971e+00 -5.451948e-01 0.000000e+00
-2.220996e+00 -5.402189e-01 0.000000e+00
-2.261204e+00 -4.838536e-01 0.000000e+00
-2.261204e+00 -4.838536e-01 0.000000e+00
-2.220996e+00 -5.402189e-01 0.000000e+00
-2.214021e+00 -5.352430e-01 0.000000e+00
-2.254229e+00 -4.788777e-01 0.000000e+00
-2.275646e+00 -5.815593e-01 0.000000e+00
-2.232570e+00 -6.359998e-01 0.000000e+00
-2.225850e+00 -6.306832e-01 0.000000e+00
-2.268927e+00 -5.762427e-01 0.000000e+00
-2.268927e+00 -5.762427e-01 0.000000e+00
-2.225850e+00 -6.306832e-01 0.000000e+00
-2.219131e+00 -6.253665e-01 0.000000e+00
-2.262208e+00 -5.709260e-01 0.000000e+00
-2.262208e+00 -5.709260e-01 0.000000e+00
-2.219131e+00 -6.253665e-01 0.000000e+00
-2.212412e+00 -6.200499e-01 0.000000e+00
-2.255488e+00 -5.656094e-01 0.000000e+00
-2.255488e+00 -5.656094e-01 0.000000e+00
-2.212412e+00 -6.200499e-01 0.000000e+00
-2.205693e+00 -6.147333e-01 0.000000e+00
-2.248769e+00 -5.602928e-01 0.000000e+00
-2.248769e+00 -5.602928e-01 0.000000e+00
-2.205693e+00 -6.147333e-01 0.000000e+00
-2.198974e+00 -6.094166e-01 0.000000e+00
-2.242050e+00 -5.549761e-01 0.000000e+00
-2.242050e+00 -5.549761e-01 0.000000e+00
-2.198974e+00 -6.094166e-01 0.000000e+00
-2.192254e+00 -6.041000e-01 0.000000e+00
-2.235331e+00 -5.496595e-01 0.000000e+00
-2.235331e+00 -5.496595e-01 0.000000e+00
-2.192254e+00 -6.041000e-01 0.000000e+00
-2.185535e+00 -5.987834e-01 0.000000e+00
-2.228612e+00 -5.443429e-01 0.000000e+00
-2.228612e+00 -5.443429e-01 0.000000e+00
-2.185535e+00 -5.987834e-01 0.000000e+00
-2.178816e+00 -5.934667e-01 0.000000e+00
-2.221892e+00 -5.390262e-01 0.000000e+00
-2.221892e+00 -5.390262e-01 0.000000e+00
-2.178816e+00 -5.934667e-01 0.000000e+00
-2.172097e+00 -5.881501e-01 0.000000e+00
-2.215173e+00 -5.337096e-01 0.000000e+00
-2.230627e+00 -6.382681e-01 0.000000e+00
-2.183331e+00 -6.893586e-01 0.000000e+00
-2.177043e+00 -6.835379e-01 0.000000e+00
-2.224340e+00 -6.324474e-01 0.000000e+00
-2.224340e+00 -6.324474e-01 0.000000e+00
-2.177043e+00 -6.835379e-01 0.000000e+00
-2.170755e+00 -6.777171e-01 0.000000e+00
-2.218052e+00 -6.266267e-01 0.000000e+00
-2.218052e+00 -6.266267e-01 0.000000e+00
-2.170755e+00 -6.777171e-01 0.000000e+00
-2.164468e+00 -6.718964e-01 0.000000e+00
-2.211765e+00 -6.208060e-01 0.000000e+00
-2.211765e+00 -6.208060e-01 0.000000e+00
-2.164468e+00 -6.718964e-01 0.000000e+00
-2.158180e+00 -6.660757e-01 0.000000e+00
-2.205477e+00 -6.149853e-01 0.000000e+00
-2.205477e+00 -6.149853e-01 0.000000e+00
-2.158180e+00 -6.660757e-01 0.000000e+00
-2.151893e+00 -6.602550e-01 0.000000e+00
-2.199189e+00 -6.091646e-01 0.000000e+00
-2.199189e+00 -6.091646e-01 0.000000e+00
-2.151893e+00 -6.602550e-01 0.000000e+00
-2.145605e+00 -6.544343e-01 0.000000e+00
-2.192902e+00 -6.033439e-01 0.000000e+00
-2.192902e+00 -6.033439e-01 0.000000e+00
-2.145605e+00 -6.544343e-01 0.000000e+00
-2.139318e+00 -6.486136e-01 0.000000e+00
-2.186614e+00 -5.975232e-01 0.000000e+00
-2.186614e+00 -5.975232e-01 0.000000e+00
-2.139318e+00 -6.486136e-01 0.000000e+00
-2.133030e+00 -6.427929e-01 0.000000e+00
-2.180327e+00 -5.917025e-01 0.000000e+00
-2.180327e+00 -5.917025e-01 0.000000e+00
-2.133030e+00 -6.427929e-01 0.000000e+00
-2.126742e+00 -6.369722e-01 0.000000e+00
-2.174039e+00 -5.858818e-01 0.000000e+00
-2.182171e+00 -6.905577e-01 0.000000e+00
-2.132646e+00 -7.396180e-01 0.000000e+00
-2.126616e+00 -7.335308e-01 0.000000e+00
-2.176141e+00 -6.844705e-01 0.000000e+00
-2.176141e+00 -6.844705e-01 0.000000e+00
-2.126616e+00 -7.335308e-01 0.000000e+00
-2.120586e+00 -7.274437e-01 0.000000e+00
-2.170111e+00 -6.783833e-01 0.000000e+00
-2.170111e+00 -6.783833e-01 0.000000e+00
-2.120586e+00 -7.274437e-01 0.000000e+00
-2.114556e+00 -7.213565e-01 0.000000e+00
-2.164081e+00 -6.722962e-01 0.000000e+00
-2.164081e+00 -6.722962e-01 0.000000e+00
-2.114556e+00 -7.213565e-01 0.000000e+00
-2.108526e+00 -7.152693e-01 0.000000e+00
-2.158051e+00 -6.662090e-01 0.000000e+00
-2.158051e+00 -6.662090e-01 0.000000e+00
-2.108526e+00 -7.152693e-01 0.000000e+00
-2.102496e+00 -7.091821e-01 0.000000e+00
-2.152022e+00 -6.601218e-01 0.000000e+00
-2.152022e+00 -6.601218e-01 0.000000e+00
-2.102496e+00 -7.091821e-01 0.000000e+00
-2.096466e+00 -7.030950e-01 0.000000e+00
-2.145992e+00 -6.540346e-01 0.000000e+00
-2.145992e+00 -6.540346e-01 0.000000e+00
-2.096466e+00 -7.030950e-01 0.000000e+00
-2.090436e+00 -6.970078e-01 0.000000e+00
-2.139962e+00 -6.479475e-01 0.000000e+00
-2.139962e+00 -6.479475e-01 0.000000e+00
-2.090436e+00 -6.970078e-01 0.000000e+00
-2.084406e+00 -6.909206e-01 0.000000e+00
-2.133932e+00 -6.418603e-01 0.000000e+00
-2.133932e+00 -6.418603e-01 0.000000e+00
-2.084406e+00 -6.909206e-01 0.000000e+00
-2.078376e+00 -6.848334e-01 0.000000e+00
-2.127902e+00 -6.357731e-01 0.000000e+00
-2.130685e+00 -7.414299e-01 0.000000e+00
-2.077645e+00 -7.871517e-01 0.000000e+00
-2.072051e+00 -7.806619e-01 0.000000e+00
-2.125091e+00 -7.349401e-01 0.000000e+00
-2.125091e+00 -7.349401e-01 0.000000e+00
-2.072051e+00 -7.806619e-01 0.000000e+00
-2.066456e+00 -7.741721e-01 0.000000e+00
-2.119497e+00 -7.284503e-01 0.000000e+00
-2.119497e+00 -7.284503e-01 0.000000e+00
-2.066456e+00 -7.741721e-01 0.000000e+00
-2.060862e+00 -7.676823e-01 0.000000e+00
-2.113902e+00 -7.219605e-01 0.000000e+00
-2.113902e+00 -7.219605e-01 0.000000e+00
-2.060862e+00 -7.676823e-01 0.000000e+00
-2.055268e+00 -7.611925e-01 0.000000e+00
-2.108308e+00 -7.154706e-01 0.000000e+00
-2.108308e+00 -7.154706e-01 0.000000e+00
-2.055268e+00 -7.611925e-01 0.000000e+00
-2.049673e+00 -7.547026e-01 0.000000e+00
-2.102714e+00 -7.089808e-01 0.000000e+00
-2.102714e+00 -7.089808e-01 0.000000e+00
-2.049673e+00 -7.547026e-01 0.000000e+00
-2.044079e+00 -7.482128e-01 0.000000e+00
-2.097119e+00 -7.024910e-01 0.000000e+00
-2.097119e+00 -7.024910e-01 0.000000e+00
-2.044079e+00 -7.482128e-01 0.000000e+00
-2.038485e+00 -7.417230e-01 0.000000e+00
-2.091525e+00 -6.960012e-01 0.000000e+00
-2.091525e+00 -6.960012e-01 0.000000e+00
-2.038485e+00 -7.417230e-01 0.000000e+00
-2.032890e+00 -7.352332e-01 0.000000e+00
-2.085931e+00 -6.895113e-01 0.000000e+00
-2.085931e+00 -6.895113e-01 0.000000e+00
-2.032890e+00 -7.352332e-01 0.000000e+00
-2.027296e+00 -7.287434e-01 0.000000e+00
-2.080336e+00 -6.830215e-01 0.000000e+00
-2.076747e+00 -7.879021e-01 0.000000e+00
-2.022476e+00 -8.318871e-01 0.000000e+00
-2.017081e+00 -8.252305e-01 0.000000e+00
-2.071353e+00 -7.812455e-01 0.000000e+00
-2.071353e+00 -7.812455e-01 0.000000e+00
-2.017081e+00 -8.252305e-01 0.000000e+00
-2.011686e+00 -8.185740e-01 0.000000e+00
-2.065958e+00 -7.745890e-01 0.000000e+00
-2.065958e+00 -7.745890e-01 0.000000e+00
-2.011686e+00 -8.185740e-01 0.000000e+00
-2.006291e+00 -8.119174e-01 0.000000e+00
-2.060563e+00 -7.679324e-01 0.000000e+00
-2.060563e+00 -7.679324e-01 0.000000e+00
-2.006291e+00 -8.119174e-01 0.000000e+00
-2.000896e+00 -8.052608e-01 0.000000e+00
-2.055168e+00 -7.612758e-01 0.000000e+00
-2.055168e+00 -7.612758e-01 0.000000e+00
-2.000896e+00 -8.052608e-01 0.000000e+00
-1.995501e+00 -7.986042e-01 0.000000e+00
-2.049773e+00 -7.546193e-01 0.000000e+00
-2.049773e+00 -7.546193e-01 0.000000e+00
-1.995501e+00 -7.986042e-01 0.000000e+00
-1.990106e+00 -7.919477e-01 0.000000e+00
-2.044378e+00 -7.479627e-01 0.000000e+00
-2.044378e+00 -7.479627e-01 0.000000e+00
-1.990106e+00 -7.919477e-01 0.000000e+00
-1.984712e+00 -7.852911e-01 0.000000e+00
-2.038983e+00 -7.413061e-01 0.000000e+00
-2.038983e+00 -7.413061e-01 0.000000e+00
-1.984712e+00 -7.852911e-01 0.000000e+00
-1.979317e+00 -7.786345e-01 0.000000e+00
-2.033588e+00 -7.346496e-01 0.000000e+00
-2.033588e+00 -7.346496e-01 0.000000e+00
-1.979317e+00 -7.786345e-01 0.000000e+00
-1.973922e+00 -7.719780e-01 0.000000e+00
-2.028194e+00 -7.279930e-01 0.000000e+00
-2.020103e+00 -8.336636e-01 0.000000e+00
-1.962398e+00 -8.734971e-01 0.000000e+00
-1.957530e+00 -8.664457e-01 0.000000e+00
-2.015235e+00 -8.266123e-01 0.000000e+00
-2.015235e+00 -8.266123e-01 0.000000e+00
-1.957530e+00 -8.664457e-01 0.000000e+00
-1.952663e+00 -8.593944e-01 0.000000e+00
-2.010368e+00 -8.195609e-01 0.000000e+00
-2.010368e+00 -8.195609e-01 0.000000e+00
-1.952663e+00 -8.593944e-01 0.000000e+00
-1.947795e+00 -8.523430e-01 0.000000e+00
-2.005500e+00 -8.125096e-01 0.000000e+00
-2.005500e+00 -8.125096e-01 0.000000e+00
-1.947795e+00 -8.523430e-01 0.000000e+00
-1.942928e+00 -8.452916e-01 0.000000e+00
-2.000632e+00 -8.054582e-01 0.000000e+00
-2.000632e+00 -8.054582e-01 0.000000e+00
-1.942928e+00 -8.452916e-01 0.000000e+00
-1.938060e+00 -8.382403e-01 0.000000e+00
-1.995765e+00 -7.984069e-01 0.000000e+00
-1.995765e+00 -7.984069e-01 0.000000e+00
-1.938060e+00 -8.382403e-01 0.000000e+00
-1.933193e+00 -8.311889e-01 0.000000e+00
-1.990897e+00 -7.913555e-01 0.000000e+00
-1.990897e+00 -7.913555e-01 0.000000e+00
-1.933193e+00 -8.311889e-01 0.000000e+00
-1.928325e+00 -8.241376e-01 0.000000e+00
-1.986030e+00 -7.843041e-01 0.000000e+00
-1.986030e+00 -7.843041e-01 0.000000e+00
-1.928325e+00 -8.241376e-01 0.000000e+00
-1.923458e+00 -8.170862e-01 0.000000e+00
-1.981162e+00 -7.772528e-01 0.000000e+00
-1.981162e+00 -7.772528e-01 0.000000e+00
-1.923458e+00 -8.170862e-01 0.000000e+00
-1.918590e+00 -8.100349e-01 0.000000e+00
-1.976295e+00 -7.702014e-01 0.000000e+00
-1.961819e+00 -8.738891e-01 0.000000e+00
-1.903312e+00 -9.127287e-01 0.000000e+00
-1.898573e+00 -9.055902e-01 0.000000e+00
-1.957080e+00 -8.667506e-01 0.000000e+00
-1.957080e+00 -8.667506e-01 0.000000e+00
-1.898573e+00 -9.055902e-01 0.000000e+00
-1.893834e+00 -8.984517e-01 0.000000e+00
-1.952341e+00 -8.596122e-01 0.000000e+00
-1.952341e+00 -8.596122e-01 0.000000e+00
-1.893834e+00 -8.984517e-01 0.000000e+00
-1.889095e+00 -8.913132e-01 0.000000e+00
-1.947602e+00 -8.524737e-01 0.000000e+00
-1.947602e+00 -8.524737e-01 0.000000e+00
-1.889095e+00 -8.913132e-01 0.000000e+00
-1.884356e+00 -8.841748e-01 0.000000e+00
-1.942863e+00 -8.453352e-01 0.000000e+00
-1.942863e+00 -8.453352e-01 0.000000e+00
-1.884356e+00 -8.841748e-01 0.000000e+00
-1.879617e+00 -8.770363e-01 0.000000e+00
-1.938125e+00 -8.381967e-01 0.000000e+00
-1.938125e+00 -8.381967e-01 0.000000e+00
-1.879617e+00 -8.770363e-01 0.000000e+00
-1.874879e+00 -8.698978e-01 0.000000e+00
-1.933386e+00 -8.310582e-01 0.000000e+00
-1.933386e+00 -8.310582e-01 0.000000e+00
-1.874879e+00 -8.698978e-01 0.000000e+00
-1.870140e+00 -8.627593e-01 0.000000e+00
-1.928647e+00 -8.239198e-01 0.000000e+00
-1.928647e+00 -8.239198e-01 0.000000e+00
-1.870140e+00 -8.627593e-01 0.000000e+00
-1.865401e+00 -8.556208e-01 0.000000e+00
-1.923908e+00 -8.167813e-01 0.000000e+00
-1.923908e+00 -8.167813e-01 0.000000e+00
-1.865401e+00 -8.556208e-01 0.000000e+00
-1.860662e+00 -8.484823e-01 0.000000e+00
-1.919169e+00 -8.096428e-01 0.000000e+00
-1.901000e+00 -9.141485e-01 0.000000e+00
-1.839841e+00 -9.488155e-01 0.000000e+00
-1.835616e+00 -9.413615e-01 0.000000e+00
-1.896775e+00 -9.066945e-01 0.000000e+00
-1.896775e+00 -9.066945e-01 0.000000e+00
-1.835616e+00 -9.413615e-01 0.000000e+00
-1.831391e+00 -9.339075e-01 0.000000e+00
-1.892550e+00 -8.992405e-01 0.000000e+00
-1.892550e+00 -8.992405e-01 0.000000e+00
-1.831391e+00 -9.339075e-01 0.000000e+00
-1.827166e+00 -9.264535e-01 0.000000e+00
-1.888325e+00 -8.917865e-01 0.000000e+00
-1.888325e+00 -8.917865e-01 0.000000e+00
-1.827166e+00 -9.264535e-01 0.000000e+00
-1.822941e+00 -9.189995e-01 0.000000e+00
-1.884100e+00 -8.843325e-01 0.000000e+00
-1.884100e+00 -8.843325e-01 0.000000e+00
-1.822941e+00 -9.189995e-01 0.000000e+00
-1.818716e+00 -9.115454e-01 0.000000e+00
-1.879874e+00 -8.768785e-01 0.000000e+00
-1.879874e+00 -8.768785e-01 0.000000e+00
-1.818716e+00 -9.115454e-01 0.000000e+00
-1.814490e+00 -9.040914e-01 0.000000e+00
-1.875649e+00 -8.694245e-01 0.000000e+00
-1.875649e+00 -8.694245e-01 0.000000e+00
-1.814490e+00 -9.040914e-01 0.000000e+00
-1.810265e+00 -8.966374e-01 0.000000e+00
-1.871424e+00 -8.619705e-01 0.000000e+00
-1.871424e+00 -8.619705e-01 0.000000e+00
-1.810265e+00 -8.966374e-01 0.000000e+00
-1.806040e+00 -8.891834e-01 0.000000e+00
-1.867199e+00 -8.545165e-01 0.000000e+00
-1.867199e+00 -8.545165e-01 0.000000e+00
-1.806040e+00 -8.891834e-01 0.000000e+00
-1.801815e+00 -8.817294e-01 0.000000e+00
-1.862974e+00 -8.470625e-01 0.000000e+00
-1.839351e+00 -9.490887e-01 0.000000e+00
-1.777473e+00 -9.829827e-01 0.000000e+00
-1.773357e+00 -9.754680e-01 0.000000e+00
-1.835235e+00 -9.415740e-01 0.000000e+00
-1.835235e+00 -9.415740e-01 0.000000e+00
-1.773357e+00 -9.754680e-01 0.000000e+00
-1.769241e+00 -9.679533e-01 0.000000e+00
-1.831119e+00 -9.340593e-01 0.000000e+00
-1.831119e+00 -9.340593e-01 0.000000e+00
-1.769241e+00 -9.679533e-01 0.000000e+00
-1.765124e+00 -9.604385e-01 0.000000e+00
-1.827002e+00 -9.265445e-01 0.000000e+00
-1.827002e+00 -9.265445e-01 0.000000e+00
-1.765124e+00 -9.604385e-01 0.000000e+00
-1.761008e+00 -9.529238e-01 0.000000e+00
-1.822886e+00 -9.190298e-01 0.000000e+00
-1.822886e+00 -9.190298e-01 0.000000e+00
-1.761008e+00 -9.529238e-01 0.000000e+00
-1.756892e+00 -9.454091e-01 0.000000e+00
-1.818770e+00 -9.115151e-01 0.000000e+00
-1.818770e+00 -9.115151e-01 0.000000e+00
-1.756892e+00 -9.454091e-01 0.000000e+00
-1.752776e+00 -9.378944e-01 0.000000e+00
-1.814654e+00 -9.040004e-01 0.000000e+00
-1.814654e+00 -9.040004e-01 0.000000e+00
-1.752776e+00 -9.378944e-01 0.000000e+00
-1.748659e+00 -9.303796e-01 0.000000e+00
-1.810538e+00 -8.964856e-01 0.000000e+00
-1.810538e+00 -8.964856e-01 0.000000e+00
-1.748659e+00 -9.303796e-01 0.000000e+00
-1.744543e+00 -9.228649e-01 0.000000e+00
-1.806421e+00 -8.889709e-01 0.000000e+00
-1.806421e+00 -8.889709e-01 0.000000e+00
-1.744543e+00 -9.228649e-01 0.000000e+00
-1.740427e+00 -9.153502e-01 0.000000e+00
-1.802305e+00 -8.814562e-01 0.000000e+00
-1.775497e+00 -9.839925e-01 0.000000e+00
-1.711959e+00 -1.014181e+00 0.000000e+00
-1.708282e+00 -1.006442e+00 0.000000e+00
-1.771820e+00 -9.762534e-01 0.000000e+00
-1.771820e+00 -9.762534e-01 0.000000e+00
-1.708282e+00 -1.006442e+00 0.000000e+00
-1.704605e+00 -9.987025e-01 0.000000e+00
-1.768143e+00 -9.685142e-01 0.000000e+00
-1.768143e+00 -9.685142e-01 0.000000e+00
-1.704605e+00 -9.987025e-01 0.000000e+00
-1.700928e+00 -9.909634e-01 0.000000e+00
-1.764466e+00 -9.607751e-01 0.000000e+00
-1.764466e+00 -9.607751e-01 0.000000e+00
-1.700928e+00 -9.909634e-01 0.000000e+00
-1.697251e+00 -9.832242e-01 0.000000e+00
-1.760788e+00 -9.530360e-01 0.000000e+00
-1.760788e+00 -9.530360e-01 0.000000e+00
-1.697251e+00 -9.832242e-01 0.000000e+00
-1.693574e+00 -9.754851e-01 0.000000e+00
-1.757111e+00 -9.452969e-01 0.000000e+00
-1.757111e+00 -9.452969e-01 0.000000e+00
-1.693574e+00 -9.754851e-01 0.000000e+00
-1.689897e+00 -9.677460e-01 0.000000e+00
-1.753434e+00 -9.375578e-01 0.000000e+00
-1.753434e+00 -9.375578e-01 0.000000e+00
-1.689897e+00 -9.677460e-01 0.000000e+00
-1.686220e+00 -9.600069e-01 0.000000e+00
-1.749757e+00 -9.298187e-01 0.000000e+00
-1.749757e+00 -9.298187e-01 0.000000e+00
-1.686220e+00 -9.600069e-01 0.000000e+00
-1.682543e+00 -9.522678e-01 0.000000e+00
-1.746080e+00 -9.220795e-01 0.000000e+00
-1.746080e+00 -9.220795e-01 0.000000e+00
-1.682543e+00 -9.522678e-01 0.000000e+00
-1.678866e+00 -9.445287e-01 0.000000e+00
-1.742403e+00 -9.143404e-01 0.000000e+00
-1.711103e+00 -1.014575e+00 0.000000e+00
-1.646288e+00 -1.043449e+00 0.000000e+00
-1.642802e+00 -1.035623e+00 0.000000e+00
-1.707616e+00 -1.006748e+00 0.000000e+00
-1.707616e+00 -1.006748e+00 0.000000e+00
-1.642802e+00 -1.035623e+00 0.000000e+00
-1.639315e+00 -1.027796e+00 0.000000e+00
-1.704129e+00 -9.989214e-01 0.000000e+00
-1.704129e+00 -9.989214e-01 0.000000e+00
-1.639315e+00 -1.027796e+00 0.000000e+00
-1.635828e+00 -1.019969e+00 0.000000e+00
-1.700642e+00 -9.910947e-01 0.000000e+00
-1.700642e+00 -9.910947e-01 0.000000e+00
-1.635828e+00 -1.019969e+00 0.000000e+00
-1.632341e+00 -1.012143e+00 0.000000e+00
-1.697156e+00 -9.832680e-01 0.000000e+00
-1.697156e+00 -9.832680e-01 0.000000e+00
-1.632341e+00 -1.012143e+00 0.000000e+00
-1.628855e+00 -1.004316e+00 0.000000e+00
-1.693669e+00 -9.754414e-01 0.000000e+00
-1.693669e+00 -9.754414e-01 0.000000e+00
-1.628855e+00 -1.004316e+00 0.000000e+00
-1.625368e+00 -9.964893e-01 0.000000e+00
-1.690182e+00 -9.676147e-01 0.000000e+00
-1.690182e+00 -9.676147e-01 0.000000e+00
-1.625368e+00 -9.964893e-01 0.000000e+00
-1.621881e+00 -9.886626e-01 0.000000e+00
-1.686695e+00 -9.597880e-01 0.000000e+00
-1.686695e+00 -9.597880e-01 0.000000e+00
-1.621881e+00 -9.886626e-01 0.000000e+00
-1.618394e+00 -9.808359e-01 0.000000e+00
-1.683209e+00 -9.519613e-01 0.000000e+00
-1.683209e+00 -9.519613e-01 0.000000e+00
-1.618394e+00 -9.808359e-01 0.000000e+00
-1.614908e+00 -9.730093e-01 0.000000e+00
-1.679722e+00 -9.441346e-01 0.000000e+00
-1.645338e+00 -1.043858e+00 0.000000e+00
-1.580247e+00 -1.070786e+00 0.000000e+00
-1.576972e+00 -1.062869e+00 0.000000e+00
-1.642062e+00 -1.035940e+00 0.000000e+00
-1.642062e+00 -1.035940e+00 0.000000e+00
-1.576972e+00 -1.062869e+00 0.000000e+00
-1.573696e+00 -1.054952e+00 0.000000e+00
-1.638787e+00 -1.028023e+00 0.000000e+00
-1.638787e+00 -1.028023e+00 0.000000e+00
-1.573696e+00 -1.054952e+00 0.000000e+00
-1.570421e+00 -1.047034e+00 0.000000e+00
-1.635511e+00 -1.020105e+00 0.000000e+00
-1.635511e+00 -1.020105e+00 0.000000e+00
-1.570421e+00 -1.047034e+00 0.000000e+00
-1.567145e+00 -1.039117e+00 0.000000e+00
-1.632236e+00 -1.012188e+00 0.000000e+00
-1.632236e+00 -1.012188e+00 0.000000e+00
-1.567145e+00 -1.039117e+00 0.000000e+00
-1.563870e+00 -1.031199e+00 0.000000e+00
-1.628960e+00 -1.004271e+00 0.000000e+00
-1.628960e+00 -1.004271e+00 0.000000e+00
-1.563870e+00 -1.031199e+00 0.000000e+00
-1.560594e+00 -1.023282e+00 0.000000e+00
-1.625685e+00 -9.963532e-01 0.000000e+00
-1.625685e+00 -9.963532e-01 0.000000e+00
-1.560594e+00 -1.023282e+00 0.000000e+00
-1.557319e+00 -1.015365e+00 0.000000e+00
-1.622409e+00 -9.884358e-01 0.000000e+00
-1.622409e+00 -9.884358e-01 0.000000e+00
-1.557319e+00 -1.015365e+00 0.000000e+00
-1.554043e+00 -1.007447e+00 0.000000e+00
-1.619134e+00 -9.805184e-01 0.000000e+00
-1.619134e+00 -9.805184e-01 0.000000e+00
-1.554043e+00 -1.007447e+00 0.000000e+00
-1.550768e+00 -9.995297e-01 0.000000e+00
-1.615858e+00 -9.726010e-01 0.000000e+00
-1.578470e+00 -1.071471e+00 0.000000e+00
-1.511696e+00 -1.095306e+00 0.000000e+00
-1.508816e+00 -1.087237e+00 0.000000e+00
-1.575589e+00 -1.063401e+00 0.000000e+00
-1.575589e+00 -1.063401e+00 0.000000e+00
-1.508816e+00 -1.087237e+00 0.000000e+00
-1.505935e+00 -1.079167e+00 0.000000e+00
-1.572709e+00 -1.055332e+00 0.000000e+00
-1.572709e+00 -1.055332e+00 0.000000e+00
-1.505935e+00 -1.079167e+00 0.000000e+00
-1.503055e+00 -1.071098e+00 0.000000e+00
-1.569828e+00 -1.047262e+00 0.000000e+00
-1.569828e+00 -1.047262e+00 0.000000e+00
-1.503055e+00 -1.071098e+00 0.000000e+00
-1.500174e+00 -1.063028e+00 0.000000e+00
-1.566948e+00 -1.039193e+00 0.000000e+00
-1.566948e+00 -1.039193e+00 0.000000e+00
-1.500174e+00 -1.063028e+00 0.000000e+00
-1.497294e+00 -1.054959e+00 0.000000e+00
-1.564067e+00 -1.031123e+00 0.000000e+00
-1.564067e+00 -1.031123e+00 0.000000e+00
-1.497294e+00 -1.054959e+00 0.000000e+00
-1.494413e+00 -1.046889e+00 0.000000e+00
-1.561187e+00 -1.023054e+00 0.000000e+00
-1.561187e+00 -1.023054e+00 0.000000e+00
-1.494413e+00 -1.046889e+00 0.000000e+00
-1.491533e+00 -1.038820e+00 0.000000e+00
-1.558306e+00 -1.014984e+00 0.000000e+00
-1.558306e+00 -1.014984e+00 0.000000e+00
-1.491533e+00 -1.038820e+00 0.000000e+00
-1.488652e+00 -1.030750e+00 0.000000e+00
-1.555426e+00 -1.006915e+00 0.000000e+00
-1.555426e+00 -1.006915e+00 0.000000e+00
-1.488652e+00 -1.030750e+00 0.000000e+00
-1.485772e+00 -1.022681e+00 0.000000e+00
-1.552545e+00 -9.988452e-01 0.000000e+00
-1.511515e+00 -1.095370e+00 0.000000e+00
-1.444621e+00 -1.118874e+00 0.000000e+00
-1.441781e+00 -1.110790e+00 0.000000e+00
-1.508675e+00 -1.087287e+00 0.000000e+00
-1.508675e+00 -1.087287e+00 0.000000e+00
-1.441781e+00 -1.110790e+00 0.000000e+00
-1.438940e+00 -1.102707e+00 0.000000e+00
-1.505835e+00 -1.079203e+00 0.000000e+00
-1.505835e+00 -1.079203e+00 0.000000e+00
-1.438940e+00 -1.102707e+00 0.000000e+00
-1.436100e+00 -1.094623e+00 0.000000e+00
-1.502994e+00 -1.071119e+00 0.000000e+00
-1.502994e+00 -1.071119e+00 0.000000e+00
-1.436100e+00 -1.094623e+00 0.000000e+00
-1.433260e+00 -1.086539e+00 0.000000e+00
-1.500154e+00 -1.063035e+00 0.000000e+00
-1.500154e+00 -1.063035e+00 0.000000e+00
-1.433260e+00 -1.086539e+00 0.000000e+00
-1.430420e+00 -1.078455e+00 0.000000e+00
-1.497314e+00 -1.054952e+00 0.000000e+00
-1.497314e+00 -1.054952e+00 0.000000e+00
-1.430420e+00 -1.078455e+00 0.000000e+00
-1.427579e+00 -1.070372e+00 0.000000e+00
-1.494474e+00 -1.046868e+00 0.000000e+00
-1.494474e+00 -1.046868e+00 0.000000e+00
-1.427579e+00 -1.070372e+00 0.000000e+00
-1.424739e+00 -1.062288e+00 0.000000e+00
-1.491633e+00 -1.038784e+00 0.000000e+00
-1.491633e+00 -1.038784e+00 0.000000e+00
-1.424739e+00 -1.062288e+00 0.000000e+00
-1.421899e+00 -1.054204e+00 0.000000e+00
-1.488793e+00 -1.030700e+00 0.000000e+00
-1.488793e+00 -1.030700e+00 0.000000e+00
-1.421899e+00 -1.054204e+00 0.000000e+00
-1.419058e+00 -1.046120e+00 0.000000e+00
-1.485953e+00 -1.022616e+00 0.000000e+00
-1.442820e+00 -1.119458e+00 0.000000e+00
-1.375149e+00 -1.139561e+00 0.000000e+00
-1.372709e+00 -1.131347e+00 0.000000e+00
-1.440380e+00 -1.111244e+00 0.000000e+00
-1.440380e+00 -1.111244e+00 0.000000e+00
-1.372709e+00 -1.131347e+00 0.000000e+00
-1.370270e+00 -1.123134e+00 0.000000e+00
-1.437940e+00 -1.103031e+00 0.000000e+00
-1.437940e+00 -1.103031e+00 0.000000e+00
-1.370270e+00 -1.123134e+00 0.000000e+00
-1.367830e+00 -1.114920e+00 0.000000e+00
-1.435500e+00 -1.094817e+00 0.000000e+00
-1.435500e+00 -1.094817e+00 0.000000e+00
-1.367830e+00 -1.114920e+00 0.000000e+00
-1.365390e+00 -1.106707e+00 0.000000e+00
-1.433060e+00 -1.086604e+00 0.000000e+00
-1.433060e+00 -1.086604e+00 0.000000e+00
-1.365390e+00 -1.106707e+00 0.000000e+00
-1.362950e+00 -1.098493e+00 0.000000e+00
-1.430620e+00 -1.078391e+00 0.000000e+00
-1.430620e+00 -1.078391e+00 0.000000e+00
-1.362950e+00 -1.098493e+00 0.000000e+00
-1.360510e+00 -1.090280e+00 0.000000e+00
-1.428180e+00 -1.070177e+00 0.000000e+00
-1.428180e+00 -1.070177e+00 0.000000e+00
-1.360510e+00 -1.090280e+00 0.000000e+00
-1.358070e+00 -1.082066e+00 0.000000e+00
-1.425740e+00 -1.061964e+00 0.000000e+00
-1.425740e+00 -1.061964e+00 0.000000e+00
-1.358070e+00 -1.082066e+00 0.000000e+00
-1.355630e+00 -1.073853e+00 0.000000e+00
-1.423300e+00 -1.053750e+00 0.000000e+00
-1.423300e+00 -1.053750e+00 0.000000e+00
-1.355630e+00 -1.073853e+00 0.000000e+00
-1.353190e+00 -1.065639e+00 0.000000e+00
-1.420860e+00 -1.045537e+00 0.000000e+00
-1.374388e+00 -1.139778e+00 0.000000e+00
-1.305633e+00 -1.158675e+00 0.000000e+00
-1.303363e+00 -1.150413e+00 0.000000e+00
-1.372117e+00 -1.131516e+00 0.000000e+00
-1.372117e+00 -1.131516e+00 0.000000e+00
-1.303363e+00 -1.150413e+00 0.000000e+00
-1.301092e+00 -1.142151e+00 0.000000e+00
-1.369846e+00 -1.123255e+00 0.000000e+00
-1.369846e+00 -1.123255e+00 0.000000e+00
-1.301092e+00 -1.142151e+00 0.000000e+00
-1.298821e+00 -1.133889e+00 0.000000e+00
-1.367576e+00 -1.114993e+00 0.000000e+00
-1.367576e+00 -1.114993e+00 0.000000e+00
-1.298821e+00 -1.133889e+00 0.000000e+00
-1.296551e+00 -1.125627e+00 0.000000e+00
-1.365305e+00 -1.106731e+00 0.000000e+00
-1.365305e+00 -1.106731e+00 0.000000e+00
-1.296551e+00 -1.125627e+00 0.000000e+00
-1.294280e+00 -1.117366e+00 0.000000e+00
-1.363034e+00 -1.098469e+00 0.000000e+00
-1.363034e+00 -1.098469e+00 0.000000e+00
-1.294280e+00 -1.117366e+00 0.000000e+00
-1.292009e+00 -1.109104e+00 0.000000e+00
-1.360764e+00 -1.090207e+00 0.000000e+00
-1.360764e+00 -1.090207e+00 0.000000e+00
-1.292009e+00 -1.109104e+00 0.000000e+00
-1.289738e+00 -1.100842e+00 0.000000e+00
-1.358493e+00 -1.081945e+00 0.000000e+00
-1.358493e+00 -1.081945e+00 0.000000e+00
-1.289738e+00 -1.100842e+00 0.000000e+00
-1.287468e+00 -1.092580e+00 0.000000e+00
-1.356222e+00 -1.073683e+00 0.000000e+00
-1.356222e+00 -1.073683e+00 0.000000e+00
-1.287468e+00 -1.092580e+00 0.000000e+00
-1.285197e+00 -1.084318e+00 0.000000e+00
-1.353951e+00 -1.065422e+00 0.000000e+00
-1.305162e+00 -1.158801e+00 0.000000e+00
-1.236669e+00 -1.176696e+00 0.000000e+00
-1.234503e+00 -1.168406e+00 0.000000e+00
-1.302996e+00 -1.150511e+00 0.000000e+00
-1.302996e+00 -1.150511e+00 0.000000e+00
-1.234503e+00 -1.168406e+00 0.000000e+00
-1.232337e+00 -1.160116e+00 0.000000e+00
-1.300830e+00 -1.142221e+00 0.000000e+00
-1.300830e+00 -1.142221e+00 0.000000e+00
-1.232337e+00 -1.160116e+00 0.000000e+00
-1.230171e+00 -1.151826e+00 0.000000e+00
-1.298664e+00 -1.133931e+00 0.000000e+00
-1.298664e+00 -1.133931e+00 0.000000e+00
-1.230171e+00 -1.151826e+00 0.000000e+00
-1.228005e+00 -1.143536e+00 0.000000e+00
-1.296498e+00 -1.125641e+00 0.000000e+00
-1.296498e+00 -1.125641e+00 0.000000e+00
-1.228005e+00 -1.143536e+00 0.000000e+00
-1.225840e+00 -1.135246e+00 0.000000e+00
-1.294332e+00 -1.117351e+00 0.000000e+00
-1.294332e+00 -1.117351e+00 0.000000e+00
-1.225840e+00 -1.135246e+00 0.000000e+00
-1.223674e+00 -1.126956e+00 0.000000e+00
-1.292166e+00 -1.109062e+00 0.000000e+00
-1.292166e+00 -1.109062e+00 0.000000e+00
-1.223674e+00 -1.126956e+00 0.000000e+00
-1.221508e+00 -1.118666e+00 0.000000e+00
-1.290001e+00 -1.100772e+00 0.000000e+00
-1.290001e+00 -1.100772e+00 0.000000e+00
-1.221508e+00 -1.118666e+00 0.000000e+00
-1.219342e+00 -1.110376e+00 0.000000e+00
-1.287835e+00 -1.092482e+00 0.000000e+00
-1.287835e+00 -1.092482e+00 0.000000e+00
-1.219342e+00 -1.110376e+00 0.000000e+00
-1.217176e+00 -1.102086e+00 0.000000e+00
-1.285669e+00 -1.084192e+00 0.000000e+00
-1.234906e+00 -1.177113e+00 0.000000e+00
-1.165554e+00 -1.191790e+00 0.000000e+00
-1.163780e+00 -1.183408e+00 0.000000e+00
-1.233132e+00 -1.168730e+00 0.000000e+00
-1.233132e+00 -1.168730e+00 0.000000e+00
-1.163780e+00 -1.183408e+00 0.000000e+00
-1.162006e+00 -1.175025e+00 0.000000e+00
-1.231358e+00 -1.160347e+00 0.000000e+00
-1.231358e+00 -1.160347e+00 0.000000e+00
-1.162006e+00 -1.175025e+00 0.000000e+00
-1.160232e+00 -1.166642e+00 0.000000e+00
-1.229584e+00 -1.151965e+00 0.000000e+00
-1.229584e+00 -1.151965e+00 0.000000e+00
-1.160232e+00 -1.166642e+00 0.000000e+00
-1.158458e+00 -1.158260e+00 0.000000e+00
-1.227810e+00 -1.143582e+00 0.000000e+00
-1.227810e+00 -1.143582e+00 0.000000e+00
-1.158458e+00 -1.158260e+00 0.000000e+00
-1.156684e+00 -1.149877e+00 0.000000e+00
-1.226036e+00 -1.135200e+00 0.000000e+00
-1.226036e+00 -1.135200e+00 0.000000e+00
-1.156684e+00 -1.149877e+00 0.000000e+00
-1.154910e+00 -1.141495e+00 0.000000e+00
-1.224261e+00 -1.126817e+00 0.000000e+00
-1.224261e+00 -1.126817e+00 0.000000e+00
-1.154910e+00 -1.141495e+00 0.000000e+00
-1.153136e+00 -1.133112e+00 0.000000e+00
-1.222487e+00 -1.118435e+00 0.000000e+00
-1.222487e+00 -1.118435e+00 0.000000e+00
-1.153136e+00 -1.133112e+00 0.000000e+00
-1.151362e+00 -1.124730e+00 0.000000e+00
-1.220713e+00 -1.110052e+00 0.000000e+00
-1.220713e+00 -1.110052e+00 0.000000e+00
-1.151362e+00 -1.124730e+00 0.000000e+00
-1.149587e+00 -1.116347e+00 0.000000e+00
-1.218939e+00 -1.101670e+00 0.000000e+00
-1.164400e+00 -1.192016e+00 0.000000e+00
-1.093997e+00 -1.204685e+00 0.000000e+00
-1.092479e+00 -1.196252e+00 0.000000e+00
-1.162882e+00 -1.183583e+00 0.000000e+00
-1.162882e+00 -1.183583e+00 0.000000e+00
-1.092479e+00 -1.196252e+00 0.000000e+00
-1.090962e+00 -1.187820e+00 0.000000e+00
-1.161365e+00 -1.175151e+00 0.000000e+00
-1.161365e+00 -1.175151e+00 0.000000e+00
-1.090962e+00 -1.187820e+00 0.000000e+00
-1.089444e+00 -1.179387e+00 0.000000e+00
-1.159847e+00 -1.166718e+00 0.000000e+00
-1.159847e+00 -1.166718e+00 0.000000e+00
-1.089444e+00 -1.179387e+00 0.000000e+00
-1.087927e+00 -1.170954e+00 0.000000e+00
-1.158330e+00 -1.158285e+00 0.000000e+00
-1.158330e+00 -1.158285e+00 0.000000e+00
-1.087927e+00 -1.170954e+00 0.000000e+00
-1.086409e+00 -1.162521e+00 0.000000e+00
-1.156812e+00 -1.149852e+00 0.000000e+00
-1.156812e+00 -1.149852e+00 0.000000e+00
-1.086409e+00 -1.162521e+00 0.000000e+00
-1.084892e+00 -1.154089e+00 0.000000e+00
-1.155295e+00 -1.141419e+00 0.000000e+00
-1.155295e+00 -1.141419e+00 0.000000e+00
-1.084892e+00 -1.154089e+00 0.000000e+00
-1.083374e+00 -1.145656e+00 0.000000e+00
-1.153777e+00 -1.132987e+00 0.000000e+00
-1.153777e+00 -1.132987e+00 0.000000e+00
-1.083374e+00 -1.145656e+00 0.000000e+00
-1.081857e+00 -1.137223e+00 0.000000e+00
-1.152260e+00 -1.124554e+00 0.000000e+00
-1.152260e+00 -1.124554e+00 0.000000e+00
-1.081857e+00 -1.137223e+00 0.000000e+00
-1.080339e+00 -1.128790e+00 0.000000e+00
-1.150742e+00 -1.116121e+00 0.000000e+00
-1.093761e+00 -1.208005e+00 0.000000e+00
-1.037744e+00 -1.216953e+00 0.000000e+00
-1.036279e+00 -1.207783e+00 0.000000e+00
-1.092296e+00 -1.198834e+00 0.000000e+00
-1.092296e+00 -1.198834e+00 0.000000e+00
-1.036279e+00 -1.207783e+00 0.000000e+00
-1.034814e+00 -1.198612e+00 0.000000e+00
-1.090831e+00 -1.189664e+00 0.000000e+00
-1.090831e+00 -1.189664e+00 0.000000e+00
-1.034814e+00 -1.198612e+00 0.000000e+00
-1.033349e+00 -1.189442e+00 0.000000e+00
-1.089366e+00 -1.180493e+00 0.000000e+00
-1.089366e+00 -1.180493e+00 0.000000e+00
-1.033349e+00 -1.189442e+00 0.000000e+00
-1.031884e+00 -1.180272e+00 0.000000e+00
-1.087901e+00 -1.171323e+00 0.000000e+00
-1.087901e+00 -1.171323e+00 0.000000e+00
-1.031884e+00 -1.180272e+00 0.000000e+00
-1.030419e+00 -1.171101e+00 0.000000e+00
-1.086436e+00 -1.162152e+00 0.000000e+00
-1.086436e+00 -1.162152e+00 0.000000e+00
-1.030419e+00 -1.171101e+00 0.000000e+00
-1.028954e+00 -1.161931e+00 0.000000e+00
-1.084971e+00 -1.152982e+00 0.000000e+00
-1.084971e+00 -1.152982e+00 0.000000e+00
-1.028954e+00 -1.161931e+00 0.000000e+00
-1.027489e+00 -1.152760e+00 0.000000e+00
-1.083506e+00 -1.143812e+00 0.000000e+00
-1.083506e+00 -1.143812e+00 0.000000e+00
-1.027489e+00 -1.152760e+00 0.000000e+00
-1.026024e+00 -1.143590e+00 0.000000e+00
-1.082041e+00 -1.134641e+00 0.000000e+00
-1.082041e+00 -1.134641e+00 0.000000e+00
-1.026024e+00 -1.143590e+00 0.000000e+00
-1.024559e+00 -1.134419e+00 0.000000e+00
-1.080576e+00 -1.125471e+00 0.000000e+00
-1.037158e+00 -1.217043e+00 0.000000e+00
-9.664692e-01 -1.227309e+00 0.000000e+00
-9.651345e-01 -1.218119e+00 0.000000e+00
-1.035824e+00 -1.207852e+00 0.000000e+00
-1.035824e+00 -1.207852e+00 0.000000e+00
-9.651345e-01 -1.218119e+00 0.000000e+00
-9.637997e-01 -1.208929e+00 0.000000e+00
-1.034489e+00 -1.198662e+00 0.000000e+00
-1.034489e+00 -1.198662e+00 0.000000e+00
-9.637997e-01 -1.208929e+00 0.000000e+00
-9.624649e-01 -1.199738e+00 0.000000e+00
-1.033154e+00 -1.189472e+00 0.000000e+00
-1.033154e+00 -1.189472e+00 0.000000e+00
-9.624649e-01 -1.199738e+00 0.000000e+00
-9.611302e-01 -1.190548e+00 0.000000e+00
-1.031819e+00 -1.180281e+00 0.000000e+00
-1.031819e+00 -1.180281e+00 0.000000e+00
-9.611302e-01 -1.190548e+00 0.000000e+00
-9.597954e-01 -1.181358e+00 0.000000e+00
-1.030485e+00 -1.171091e+00 0.000000e+00
-1.030485e+00 -1.171091e+00 0.000000e+00
-9.597954e-01 -1.181358e+00 0.000000e+00
-9.584606e-01 -1.172168e+00 0.000000e+00
-1.029150e+00 -1.161901e+00 0.000000e+00
-1.029150e+00 -1.161901e+00 0.000000e+00
-9.584606e-01 -1.172168e+00 0.000000e+00
-9.571259e-01 -1.162977e+00 0.000000e+00
-1.027815e+00 -1.152711e+00 0.000000e+00
-1.027815e+00 -1.152711e+00 0.000000e+00
-9.571259e-01 -1.162977e+00 0.000000e+00
-9.557911e-01 -1.153787e+00 0.000000e+00
-1.026480e+00 -1.143520e+00 0.000000e+00
-1.026480e+00 -1.143520e+00 0.000000e+00
-9.557911e-01 -1.153787e+00 0.000000e+00
-9.544563e-01 -1.144597e+00 0.000000e+00
-1.025145e+00 -1.134330e+00 0.000000e+00
-9.661345e-01 -1.227357e+00 0.000000e+00
-8.946614e-01 -1.237147e+00 0.000000e+00
-8.934010e-01 -1.227947e+00 0.000000e+00
-9.648741e-01 -1.218156e+00 0.000000e+00
-9.648741e-01 -1.218156e+00 0.000000e+00
-8.934010e-01 -1.227947e+00 0.000000e+00
-8.921407e-01 -1.218746e+00 0.000000e+00
-9.636137e-01 -1.208955e+00 0.000000e+00
-9.636137e-01 -1.208955e+00 0.000000e+00
-8.921407e-01 -1.218746e+00 0.000000e+00
-8.908803e-01 -1.209545e+00 0.000000e+00
-9.623534e-01 -1.199754e+00 0.000000e+00
-9.623534e-01 -1.199754e+00 0.000000e+00
-8.908803e-01 -1.209545e+00 0.000000e+00
-8.896199e-01 -1.200344e+00 0.000000e+00
-9.610930e-01 -1.190553e+00 0.000000e+00
-9.610930e-01 -1.190553e+00 0.000000e+00
-8.896199e-01 -1.200344e+00 0.000000e+00
-8.883595e-01 -1.191143e+00 0.000000e+00
-9.598326e-01 -1.181353e+00 0.000000e+00
-9.598326e-01 -1.181353e+00 0.000000e+00
-8.883595e-01 -1.191143e+00 0.000000e+00
-8.870992e-01 -1.181943e+00 0.000000e+00
-9.585722e-01 -1.172152e+00 0.000000e+00
-9.585722e-01 -1.172152e+00 0.000000e+00
-8.870992e-01 -1.181943e+00 0.000000e+00
-8.858388e-01 -1.172742e+00 0.000000e+00
-9.573118e-01 -1.162951e+00 0.000000e+00
-9.573118e-01 -1.162951e+00 0.000000e+00
-8.858388e-01 -1.172742e+00 0.000000e+00
-8.845784e-01 -1.163541e+00 0.000000e+00
-9.560515e-01 -1.153750e+00 0.000000e+00
-9.560515e-01 -1.153750e+00 0.000000e+00
-8.845784e-01 -1.163541e+00 0.000000e+00
-8.833180e-01 -1.154340e+00 0.000000e+00
-9.547911e-01 -1.144549e+00 0.000000e+00
-8.943077e-01 -1.237194e+00 0.000000e+00
-8.236842e-01 -1.246255e+00 0.000000e+00
-8.225024e-01 -1.237044e+00 0.000000e+00
-8.931259e-01 -1.227983e+00 0.000000e+00
-8.931259e-01 -1.227983e+00 0.000000e+00
-8.225024e-01 -1.237044e+00 0.000000e+00
-8.213206e-01 -1.227833e+00 0.000000e+00
-8.919442e-01 -1.218772e+00 0.000000e+00
-8.919442e-01 -1.218772e+00 0.000000e+00
-8.213206e-01 -1.227833e+00 0.000000e+00
-8.201389e-01 -1.218621e+00 0.000000e+00
-8.907624e-01 -1.209561e+00 0.000000e+00
-8.907624e-01 -1.209561e+00 0.000000e+00
-8.201389e-01 -1.218621e+00 0.000000e+00
-8.189571e-01 -1.209410e+00 0.000000e+00
-8.895806e-01 -1.200349e+00 0.000000e+00
-8.895806e-01 -1.200349e+00 0.000000e+00
-8.189571e-01 -1.209410e+00 0.000000e+00
-8.177753e-01 -1.200199e+00 0.000000e+00
-8.883988e-01 -1.191138e+00 0.000000e+00
-8.883988e-01 -1.191138e+00 0.000000e+00
-8.177753e-01 -1.200199e+00 0.000000e+00
-8.165935e-01 -1.190988e+00 0.000000e+00
-8.872171e-01 -1.181927e+00 0.000000e+00
-8.872171e-01 -1.181927e+00 0.000000e+00
-8.165935e-01 -1.190988e+00 0.000000e+00
-8.154117e-01 -1.181777e+00 0.000000e+00
-8.860353e-01 -1.172716e+00 0.000000e+00
-8.860353e-01 -1.172716e+00 0.000000e+00
-8.154117e-01 -1.181777e+00 0.000000e+00
-8.142300e-01 -1.172565e+00 0.000000e+00
-8.848535e-01 -1.163505e+00 0.000000e+00
-8.848535e-01 -1.163505e+00 0.000000e+00
-8.142300e-01 -1.172565e+00 0.000000e+00
-8.130482e-01 -1.163354e+00 0.000000e+00
-8.836717e-01 -1.154293e+00 0.000000e+00
-8.214623e-01 -1.246480e+00 0.000000e+00
-7.503019e-01 -1.251767e+00 0.000000e+00
-7.496139e-01 -1.242505e+00 0.000000e+00
-8.207743e-01 -1.237219e+00 0.000000e+00
-8.207743e-01 -1.237219e+00 0.000000e+00
-7.496139e-01 -1.242505e+00 0.000000e+00
-7.489259e-01 -1.233244e+00 0.000000e+00
-8.200862e-01 -1.227958e+00 0.000000e+00
-8.200862e-01 -1.227958e+00 0.000000e+00
-7.489259e-01 -1.233244e+00 0.000000e+00
-7.482378e-01 -1.223983e+00 0.000000e+00
-8.193982e-01 -1.218696e+00 0.000000e+00
-8.193982e-01 -1.218696e+00 0.000000e+00
-7.482378e-01 -1.223983e+00 0.000000e+00
-7.475498e-01 -1.214722e+00 0.000000e+00
-8.187102e-01 -1.209435e+00 0.000000e+00
-8.187102e-01 -1.209435e+00 0.000000e+00
-7.475498e-01 -1.214722e+00 0.000000e+00
-7.468618e-01 -1.205461e+00 0.000000e+00
-8.180222e-01 -1.200174e+00 0.000000e+00
-8.180222e-01 -1.200174e+00 0.000000e+00
-7.468618e-01 -1.205461e+00 0.000000e+00
-7.461738e-01 -1.196199e+00 0.000000e+00
-8.173342e-01 -1.190913e+00 0.000000e+00
-8.173342e-01 -1.190913e+00 0.000000e+00
-7.461738e-01 -1.196199e+00 0.000000e+00
-7.454858e-01 -1.186938e+00 0.000000e+00
-8.166461e-01 -1.181652e+00 0.000000e+00
-8.166461e-01 -1.181652e+00 0.000000e+00
-7.454858e-01 -1.186938e+00 0.000000e+00
-7.447978e-01 -1.177677e+00 0.000000e+00
-8.159581e-01 -1.172390e+00 0.000000e+00
-8.159581e-01 -1.172390e+00 0.000000e+00
-7.447978e-01 -1.177677e+00 0.000000e+00
-7.441097e-01 -1.168416e+00 0.000000e+00
-8.152701e-01 -1.163129e+00 0.000000e+00
-7.502512e-01 -1.251770e+00 0.000000e+00
-6.781981e-01 -1.257035e+00 0.000000e+00
-6.775213e-01 -1.247773e+00 0.000000e+00
-7.495744e-01 -1.242508e+00 0.000000e+00
-7.495744e-01 -1.242508e+00 0.000000e+00
-6.775213e-01 -1.247773e+00 0.000000e+00
-6.768446e-01 -1.238511e+00 0.000000e+00
-7.488977e-01 -1.233246e+00 0.000000e+00
-7.488977e-01 -1.233246e+00 0.000000e+00
-6.768446e-01 -1.238511e+00 0.000000e+00
-6.761678e-01 -1.229249e+00 0.000000e+00
-7.482209e-01 -1.223984e+00 0.000000e+00
-7.482209e-01 -1.223984e+00 0.000000e+00
-6.761678e-01 -1.229249e+00 0.000000e+00
-6.754911e-01 -1.219987e+00 0.000000e+00
-7.475442e-01 -1.214722e+00 0.000000e+00
-7.475442e-01 -1.214722e+00 0.000000e+00
-6.754911e-01 -1.219987e+00 0.000000e+00
-6.748143e-01 -1.210725e+00 0.000000e+00
-7.468674e-01 -1.205460e+00 0.000000e+00
-7.468674e-01 -1.205460e+00 0.000000e+00
-6.748143e-01 -1.210725e+00 0.000000e+00
-6.741376e-01 -1.201463e+00 0.000000e+00
-7.461907e-01 -1.196198e+00 0.000000e+00
-7.461907e-01 -1.196198e+00 0.000000e+00
-6.741376e-01 -1.201463e+00 0.000000e+00
-6.734608e-01 -1.192201e+00 0.000000e+00
-7.455139e-01 -1.186936e+00 0.000000e+00
-7.455139e-01 -1.186936e+00 0.000000e+00
-6.734608e-01 -1.192201e+00 0.000000e+00
-6.727841e-01 -1.182939e+00 0.000000e+00
-7.448372e-01 -1.177674e+00 0.000000e+00
-7.448372e-01 -1.177674e+00 0.000000e+00
-6.727841e-01 -1.182939e+00 0.000000e+00
-6.721073e-01 -1.173677e+00 0.000000e+00
-7.441604e-01 -1.168412e+00 0.000000e+00
-6.777649e-01 -1.257064e+00 0.000000e+00
-6.065663e-01 -1.261524e+00 0.000000e+00
-6.059858e-01 -1.252255e+00 0.000000e+00
-6.771844e-01 -1.247796e+00 0.000000e+00
-6.771844e-01 -1.247796e+00 0.000000e+00
-6.059858e-01 -1.252255e+00 0.000000e+00
-6.054053e-01 -1.242987e+00 0.000000e+00
-6.766039e-01 -1.238527e+00 0.000000e+00
-6.766039e-01 -1.238527e+00 0.000000e+00
-6.054053e-01 -1.242987e+00 0.000000e+00
-6.048248e-01 -1.233718e+00 0.000000e+00
-6.760234e-01 -1.229259e+00 0.000000e+00
-6.760234e-01 -1.229259e+00 0.000000e+00
-6.048248e-01 -1.233718e+00 0.000000e+00
-6.042443e-01 -1.224449e+00 0.000000e+00
-6.754429e-01 -1.219990e+00 0.000000e+00
-6.754429e-01 -1.219990e+00 0.000000e+00
-6.042443e-01 -1.224449e+00 0.000000e+00
-6.036638e-01 -1.215181e+00 0.000000e+00
-6.748624e-01 -1.210722e+00 0.000000e+00
-6.748624e-01 -1.210722e+00 0.000000e+00
-6.036638e-01 -1.215181e+00 0.000000e+00
-6.030833e-01 -1.205912e+00 0.000000e+00
-6.742819e-01 -1.201453e+00 0.000000e+00
-6.742819e-01 -1.201453e+00 0.000000e+00
-6.030833e-01 -1.205912e+00 0.000000e+00
-6.025028e-01 -1.196644e+00 0.000000e+00
-6.737014e-01 -1.192185e+00 0.000000e+00
-6.737014e-01 -1.192185e+00 0.000000e+00
-6.025028e-01 -1.196644e+00 0.000000e+00
-6.019223e-01 -1.187375e+00 0.000000e+00
-6.731209e-01 -1.182916e+00 0.000000e+00
-6.731209e-01 -1.182916e+00 0.000000e+00
-6.019223e-01 -1.187375e+00 0.000000e+00
-6.013418e-01 -1.178107e+00 0.000000e+00
-6.725404e-01 -1.173647e+00 0.000000e+00
-6.047048e-01 -1.261599e+00 0.000000e+00
-5.332828e-01 -1.262882e+00 0.000000e+00
-5.331160e-01 -1.253597e+00 0.000000e+00
-6.045379e-01 -1.252313e+00 0.000000e+00
-6.045379e-01 -1.252313e+00 0.000000e+00
-5.331160e-01 -1.253597e+00 0.000000e+00
-5.329491e-01 -1.244311e+00 0.000000e+00
-6.043711e-01 -1.243028e+00 0.000000e+00
-6.043711e-01 -1.243028e+00 0.000000e+00
-5.329491e-01 -1.244311e+00 0.000000e+00
-5.327823e-01 -1.235026e+00 0.000000e+00
-6.042043e-01 -1.233743e+00 0.000000e+00
-6.042043e-01 -1.233743e+00 0.000000e+00
-5.327823e-01 -1.235026e+00 0.000000e+00
-5.326155e-01 -1.225741e+00 0.000000e+00
-6.040374e-01 -1.224458e+00 0.000000e+00
-6.040374e-01 -1.224458e+00 0.000000e+00
-5.326155e-01 -1.225741e+00 0.000000e+00
-5.324486e-01 -1.216456e+00 0.000000e+00
-6.038706e-01 -1.215173e+00 0.000000e+00
-6.038706e-01 -1.215173e+00 0.000000e+00
-5.324486e-01 -1.216456e+00 0.000000e+00
-5.322818e-01 -1.207171e+00 0.000000e+00
-6.037038e-01 -1.205887e+00 0.000000e+00
-6.037038e-01 -1.205887e+00 0.000000e+00
-5.322818e-01 -1.207171e+00 0.000000e+00
-5.321150e-01 -1.197885e+00 0.000000e+00
-6.035369e-01 -1.196602e+00 0.000000e+00
-6.035369e-01 -1.196602e+00 0.000000e+00
-5.321150e-01 -1.197885e+00 0.000000e+00
-5.319481e-01 -1.188600e+00 0.000000e+00
-6.033701e-01 -1.187317e+00 0.000000e+00
-6.033701e-01 -1.187317e+00 0.000000e+00
-5.319481e-01 -1.188600e+00 0.000000e+00
-5.317813e-01 -1.179315e+00 0.000000e+00
-6.032033e-01 -1.178032e+00 0.000000e+00
-5.330220e-01 -1.262886e+00 0.000000e+00
-4.607005e-01 -1.263734e+00 0.000000e+00
-4.605917e-01 -1.254448e+00 0.000000e+00
-5.329131e-01 -1.253600e+00 0.000000e+00
-5.329131e-01 -1.253600e+00 0.000000e+00
-4.605917e-01 -1.254448e+00 0.000000e+00
-4.604828e-01 -1.245162e+00 0.000000e+00
-5.328043e-01 -1.244314e+00 0.000000e+00
-5.328043e-01 -1.244314e+00 0.000000e+00
-4.604828e-01 -1.245162e+00 0.000000e+00
-4.603739e-01 -1.235876e+00 0.000000e+00
-5.326954e-01 -1.235028e+00 0.000000e+00
-5.326954e-01 -1.235028e+00 0.000000e+00
-4.603739e-01 -1.235876e+00 0.000000e+00
-4.602650e-01 -1.226589e+00 0.000000e+00
-5.325865e-01 -1.225741e+00 0.000000e+00
-5.325865e-01 -1.225741e+00 0.000000e+00
-4.602650e-01 -1.226589e+00 0.000000e+00
-4.601561e-01 -1.217303e+00 0.000000e+00
-5.324776e-01 -1.216455e+00 0.000000e+00
-5.324776e-01 -1.216455e+00 0.000000e+00
-4.601561e-01 -1.217303e+00 0.000000e+00
-4.600473e-01 -1.208017e+00 0.000000e+00
-5.323687e-01 -1.207169e+00 0.000000e+00
-5.323687e-01 -1.207169e+00 0.000000e+00
-4.600473e-01 -1.208017e+00 0.000000e+00
-4.599384e-01 -1.198731e+00 0.000000e+00
-5.322598e-01 -1.197883e+00 0.000000e+00
-5.322598e-01 -1.197883e+00 0.000000e+00
-4.599384e-01 -1.198731e+00 0.000000e+00
-4.598295e-01 -1.189445e+00 0.000000e+00
-5.321510e-01 -1.188597e+00 0.000000e+00
-5.321510e-01 -1.188597e+00 0.000000e+00
-4.598295e-01 -1.189445e+00 0.000000e+00
-4.597206e-01 -1.180159e+00 0.000000e+00
-5.320421e-01 -1.179311e+00 0.000000e+00
-4.606382e-01 -1.263734e+00 0.000000e+00
-3.892327e-01 -1.264465e+00 0.000000e+00
-3.891377e-01 -1.255179e+00 0.000000e+00
-4.605431e-01 -1.254448e+00 0.000000e+00
-4.605431e-01 -1.254448e+00 0.000000e+00
-3.891377e-01 -1.255179e+00 0.000000e+00
-3.890426e-01 -1.245893e+00 0.000000e+00
-4.604481e-01 -1.245162e+00 0.000000e+00
-4.604481e-01 -1.245162e+00 0.000000e+00
-3.890426e-01 -1.245893e+00 0.000000e+00
-3.889476e-01 -1.236606e+00 0.000000e+00
-4.603531e-01 -1.235876e+00 0.000000e+00
-4.603531e-01 -1.235876e+00 0.000000e+00
-3.889476e-01 -1.236606e+00 0.000000e+00
-3.888526e-01 -1.227320e+00 0.000000e+00
-4.602581e-01 -1.226590e+00 0.000000e+00
-4.602581e-01 -1.226590e+00 0.000000e+00
-3.888526e-01 -1.227320e+00 0.000000e+00
-3.887576e-01 -1.218034e+00 0.000000e+00
-4.601631e-01 -1.217303e+00 0.000000e+00
-4.601631e-01 -1.217303e+00 0.000000e+00
-3.887576e-01 -1.218034e+00 0.000000e+00
-3.886626e-01 -1.208748e+00 0.000000e+00
-4.600681e-01 -1.208017e+00 0.000000e+00
-4.600681e-01 -1.208017e+00 0.000000e+00
-3.886626e-01 -1.208748e+00 0.000000e+00
-3.885675e-01 -1.199461e+00 0.000000e+00
-4.599730e-01 -1.198731e+00 0.000000e+00
-4.599730e-01 -1.198731e+00 0.000000e+00
-3.885675e-01 -1.199461e+00 0.000000e+00
-3.884725e-01 -1.190175e+00 0.000000e+00
-4.598780e-01 -1.189445e+00 0.000000e+00
-4.598780e-01 -1.189445e+00 0.000000e+00
-3.884725e-01 -1.190175e+00 0.000000e+00
-3.883775e-01 -1.180889e+00 0.000000e+00
-4.597830e-01 -1.180158e+00 0.000000e+00
-3.871166e-01 -1.264433e+00 0.000000e+00
-3.158885e-01 -1.261553e+00 0.000000e+00
-3.162637e-01 -1.252274e+00 0.000000e+00
-3.874918e-01 -1.255154e+00 0.000000e+00
-3.874918e-01 -1.255154e+00 0.000000e+00
-3.162637e-01 -1.252274e+00 0.000000e+00
-3.166389e-01 -1.242995e+00 0.000000e+00
-3.878670e-01 -1.245875e+00 0.000000e+00
-3.878670e-01 -1.245875e+00 0.000000e+00
-3.166389e-01 -1.242995e+00 0.000000e+00
-3.170141e-01 -1.233716e+00 0.000000e+00
-3.882423e-01 -1.236596e+00 0.000000e+00
-3.882423e-01 -1.236596e+00 0.000000e+00
-3.170141e-01 -1.233716e+00 0.000000e+00
-3.173894e-01 -1.224436e+00 0.000000e+00
-3.886175e-01 -1.227317e+00 0.000000e+00
-3.886175e-01 -1.227317e+00 0.000000e+00
-3.173894e-01 -1.224436e+00 0.000000e+00
-3.177646e-01 -1.215157e+00 0.000000e+00
-3.889927e-01 -1.218037e+00 0.000000e+00
-3.889927e-01 -1.218037e+00 0.000000e+00
-3.177646e-01 -1.215157e+00 0.000000e+00
-3.181398e-01 -1.205878e+00 0.000000e+00
-3.893679e-01 -1.208758e+00 0.000000e+00
-3.893679e-01 -1.208758e+00 0.000000e+00
-3.181398e-01 -1.205878e+00 0.000000e+00
-3.185150e-01 -1.196599e+00 0.000000e+00
-3.897431e-01 -1.199479e+00 0.000000e+00
-3.897431e-01 -1.199479e+00 0.000000e+00
-3.185150e-01 -1.196599e+00 0.000000e+00
-3.188902e-01 -1.187320e+00 0.000000e+00
-3.901184e-01 -1.190200e+00 0.000000e+00
-3.901184e-01 -1.190200e+00 0.000000e+00
-3.188902e-01 -1.187320e+00 0.000000e+00
-3.192654e-01 -1.178041e+00 0.000000e+00
-3.904936e-01 -1.180921e+00 0.000000e+00
-3.156021e-01 -1.261540e+00 0.000000e+00
-2.433614e-01 -1.258123e+00 0.000000e+00
-2.438003e-01 -1.248846e+00 0.000000e+00
-3.160409e-01 -1.252264e+00 0.000000e+00
-3.160409e-01 -1.252264e+00 0.000000e+00
-2.438003e-01 -1.248846e+00 0.000000e+00
-2.442391e-01 -1.239570e+00 0.000000e+00
-3.164798e-01 -1.242988e+00 0.000000e+00
-3.164798e-01 -1.242988e+00 0.000000e+00
-2.442391e-01 -1.239570e+00 0.000000e+00
-2.446780e-01 -1.230294e+00 0.000000e+00
-3.169187e-01 -1.233711e+00 0.000000e+00
-3.169187e-01 -1.233711e+00 0.000000e+00
-2.446780e-01 -1.230294e+00 0.000000e+00
-2.451169e-01 -1.221017e+00 0.000000e+00
-3.173575e-01 -1.224435e+00 0.000000e+00
-3.173575e-01 -1.224435e+00 0.000000e+00
-2.451169e-01 -1.221017e+00 0.000000e+00
-2.455557e-01 -1.211741e+00 0.000000e+00
-3.177964e-01 -1.215159e+00 0.000000e+00
-3.177964e-01 -1.215159e+00 0.000000e+00
-2.455557e-01 -1.211741e+00 0.000000e+00
-2.459946e-01 -1.202465e+00 0.000000e+00
-3.182353e-01 -1.205882e+00 0.000000e+00
-3.182353e-01 -1.205882e+00 0.000000e+00
-2.459946e-01 -1.202465e+00 0.000000e+00
-2.464334e-01 -1.193188e+00 0.000000e+00
-3.186741e-01 -1.196606e+00 0.000000e+00
-3.186741e-01 -1.196606e+00 0.000000e+00
-2.464334e-01 -1.193188e+00 0.000000e+00
-2.468723e-01 -1.183912e+00 0.000000e+00
-3.191130e-01 -1.187330e+00 0.000000e+00
-3.191130e-01 -1.187330e+00 0.000000e+00
-2.468723e-01 -1.183912e+00 0.000000e+00
-2.473112e-01 -1.174636e+00 0.000000e+00
-3.195518e-01 -1.178053e+00 0.000000e+00
-2.433113e-01 -1.258120e+00 0.000000e+00
-1.776936e-01 -1.254937e+00 0.000000e+00
-1.781436e-01 -1.245661e+00 0.000000e+00
-2.437613e-01 -1.248844e+00 0.000000e+00
-2.437613e-01 -1.248844e+00 0.000000e+00
-1.781436e-01 -1.245661e+00 0.000000e+00
-1.785936e-01 -1.236385e+00 0.000000e+00
-2.442113e-01 -1.239569e+00 0.000000e+00
-2.442113e-01 -1.239569e+00 0.000000e+00
-1.785936e-01 -1.236385e+00 0.000000e+00
-1.790436e-01 -1.227109e+00 0.000000e+00
-2.446613e-01 -1.230293e+00 0.000000e+00
-2.446613e-01 -1.230293e+00 0.000000e+00
-1.790436e-01 -1.227109e+00 0.000000e+00
-1.794936e-01 -1.217834e+00 0.000000e+00
-2.451113e-01 -1.221017e+00 0.000000e+00
-2.451113e-01 -1.221017e+00 0.000000e+00
-1.794936e-01 -1.217834e+00 0.000000e+00
-1.799436e-01 -1.208558e+00 0.000000e+00
-2.455613e-01 -1.211741e+00 0.000000e+00
-2.455613e-01 -1.211741e+00 0.000000e+00
-1.799436e-01 -1.208558e+00 0.000000e+00
-1.803936e-01 -1.199282e+00 0.000000e+00
-2.460113e-01 -1.202465e+00 0.000000e+00
-2.460113e-01 -1.202465e+00 0.000000e+00
-1.803936e-01 -1.199282e+00 0.000000e+00
-1.808436e-01 -1.190006e+00 0.000000e+00
-2.464613e-01 -1.193190e+00 0.000000e+00
-2.464613e-01 -1.193190e+00 0.000000e+00
-1.808436e-01 -1.190006e+00 0.000000e+00
-1.812936e-01 -1.180730e+00 0.000000e+00
-2.469113e-01 -1.183914e+00 0.000000e+00
-2.469113e-01 -1.183914e+00 0.000000e+00
-1.812936e-01 -1.180730e+00 0.000000e+00
-1.817436e-01 -1.171455e+00 0.000000e+00
-2.473613e-01 -1.174638e+00 0.000000e+00
-1.776380e-01 -1.254934e+00 0.000000e+00
-1.125745e-01 -1.251691e+00 0.000000e+00
-1.130369e-01 -1.242416e+00 0.000000e+00
-1.781004e-01 -1.245659e+00 0.000000e+00
-1.781004e-01 -1.245659e+00 0.000000e+00
-1.130369e-01 -1.242416e+00 0.000000e+00
-1.134992e-01 -1.233140e+00 0.000000e+00
-1.785627e-01 -1.236384e+00 0.000000e+00
-1.785627e-01 -1.236384e+00 0.000000e+00
-1.134992e-01 -1.233140e+00 0.000000e+00
-1.139616e-01 -1.223865e+00 0.000000e+00
-1.790251e-01 -1.227109e+00 0.000000e+00
-1.790251e-01 -1.227109e+00 0.000000e+00
-1.139616e-01 -1.223865e+00 0.000000e+00
-1.144239e-01 -1.214590e+00 0.000000e+00
-1.794874e-01 -1.217833e+00 0.000000e+00
-1.794874e-01 -1.217833e+00 0.000000e+00
-1.144239e-01 -1.214590e+00 0.000000e+00
-1.148863e-01 -1.205315e+00 0.000000e+00
-1.799498e-01 -1.208558e+00 0.000000e+00
-1.799498e-01 -1.208558e+00 0.000000e+00
-1.148863e-01 -1.205315e+00 0.000000e+00
-1.153486e-01 -1.196040e+00 0.000000e+00
-1.804121e-01 -1.199283e+00 0.000000e+00
-1.804121e-01 -1.199283e+00 0.000000e+00
-1.153486e-01 -1.196040e+00 0.000000e+00
-1.158110e-01 -1.186764e+00 0.000000e+00
-1.808745e-01 -1.190008e+00 0.000000e+00
-1.808745e-01 -1.190008e+00 0.000000e+00
-1.158110e-01 -1.186764e+00 0.000000e+00
-1.162733e-01 -1.177489e+00 0.000000e+00
-1.813368e-01 -1.180733e+00 0.000000e+00
-1.813368e-01 -1.180733e+00 0.000000e+00
-1.162733e-01 -1.177489e+00 0.000000e+00
-1.167357e-01 -1.168214e+00 0.000000e+00
-1.817992e-01 -1.171457e+00 0.000000e+00
-1.115280e-01 -1.248382e+00 0.000000e+00
-3.910532e-02 -1.242489e+00 0.000000e+00
-3.980022e-02 -1.233949e+00 0.000000e+00
-1.122229e-01 -1.239842e+00 0.000000e+00
-1.122229e-01 -1.239842e+00 0.000000e+00
-3.980022e-02 -1.233949e+00 0.000000e+00
-4.049512e-02 -1.225409e+00 0.000000e+00
-1.129178e-01 -1.231302e+00 0.000000e+00
-1.129178e-01 -1.231302e+00 0.000000e+00
-4.049512e-02 -1.225409e+00 0.000000e+00
-4.119002e-02 -1.216869e+00 0.000000e+00
-1.136127e-01 -1.222762e+00 0.000000e+00
-1.136127e-01 -1.222762e+00 0.000000e+00
-4.119002e-02 -1.216869e+00 0.000000e+00
-4.188492e-02 -1.208329e+00 0.000000e+00
-1.143076e-01 -1.214222e+00 0.000000e+00
-1.143076e-01 -1.214222e+00 0.000000e+00
-4.188492e-02 -1.208329e+00 0.000000e+00
-4.257982e-02 -1.199789e+00 0.000000e+00
-1.150026e-01 -1.205682e+00 0.000000e+00
-1.150026e-01 -1.205682e+00 0.000000e+00
-4.257982e-02 -1.199789e+00 0.000000e+00
-4.327472e-02 -1.191249e+00 0.000000e+00
-1.156975e-01 -1.197142e+00 0.000000e+00
-1.156975e-01 -1.197142e+00 0.000000e+00
-4.327472e-02 -1.191249e+00 0.000000e+00
-4.396962e-02 -1.182709e+00 0.000000e+00
-1.163924e-01 -1.188602e+00 0.000000e+00
-1.163924e-01 -1.188602e+00 0.000000e+00
-4.396962e-02 -1.182709e+00 0.000000e+00
-4.466452e-02 -1.174169e+00 0.000000e+00
-1.170873e-01 -1.180062e+00 0.000000e+00
-1.170873e-01 -1.180062e+00 0.000000e+00
-4.466452e-02 -1.174169e+00 0.000000e+00
-4.535942e-02 -1.165629e+00 0.000000e+00
-1.177822e-01 -1.171522e+00 0.000000e+00
-3.821229e-02 -1.242406e+00 0.000000e+00
3.450702e-02 -1.234783e+00 0.000000e+00
3.361367e-02 -1.226261e+00 0.000000e+00
-3.910564e-02 -1.233885e+00 0.000000e+00
-3.910564e-02 -1.233885e+00 0.000000e+00
3.361367e-02 -1.226261e+00 0.000000e+00
3.272032e-02 -1.217740e+00 0.000000e+00
-3.999899e-02 -1.225363e+00 0.000000e+00
-3.999899e-02 -1.225363e+00 0.000000e+00
3.272032e-02 -1.217740e+00 0.000000e+00
3.182697e-02 -1.209218e+00 0.000000e+00
-4.089234e-02 -1.216842e+00 0.000000e+00
-4.089234e-02 -1.216842e+00 0.000000e+00
3.182697e-02 -1.209218e+00 0.000000e+00
3.093362e-02 -1.200697e+00 0.000000e+00
-4.178569e-02 -1.208320e+00 0.000000e+00
-4.178569e-02 -1.208320e+00 0.000000e+00
3.093362e-02 -1.200697e+00 0.000000e+00
3.004026e-02 -1.192175e+00 0.000000e+00
-4.267905e-02 -1.199799e+00 0.000000e+00
-4.267905e-02 -1.199799e+00 0.000000e+00
3.004026e-02 -1.192175e+00 0.000000e+00
2.914691e-02 -1.183654e+00 0.000000e+00
-4.357240e-02 -1.191277e+00 0.000000e+00
-4.357240e-02 -1.191277e+00 0.000000e+00
2.914691e-02 -1.183654e+00 0.000000e+00
2.825356e-02 -1.175132e+00 0.000000e+00
-4.446575e-02 -1.182756e+00 0.000000e+00
-4.446575e-02 -1.182756e+00 0.000000e+00
2.825356e-02 -1.175132e+00 0.000000e+00
2.736021e-02 -1.166611e+00 0.000000e+00
-4.535910e-02 -1.174234e+00 0.000000e+00
-4.535910e-02 -1.174234e+00 0.000000e+00
2.736021e-02 -1.166611e+00 0.000000e+00
2.646686e-02 -1.158089e+00 0.000000e+00
-4.625245e-02 -1.165713e+00 0.000000e+00
3.470805e-02 -1.234761e+00 0.000000e+00
1.065001e-01 -1.226854e+00 0.000000e+00
1.055621e-01 -1.218337e+00 0.000000e+00
3.377003e-02 -1.226244e+00 0.000000e+00
3.377003e-02 -1.226244e+00 0.000000e+00
1.055621e-01 -1.218337e+00 0.000000e+00
1.046240e-01 -1.209821e+00 0.000000e+00
3.283200e-02 -1.217728e+00 0.000000e+00
3.283200e-02 -1.217728e+00 0.000000e+00
1.046240e-01 -1.209821e+00 0.000000e+00
1.036860e-01 -1.201304e+00 0.000000e+00
3.189398e-02 -1.209211e+00 0.000000e+00
3.189398e-02 -1.209211e+00 0.000000e+00
1.036860e-01 -1.201304e+00 0.000000e+00
1.027480e-01 -1.192787e+00 0.000000e+00
3.095595e-02 -1.200694e+00 0.000000e+00
3.095595e-02 -1.200694e+00 0.000000e+00
1.027480e-01 -1.192787e+00 0.000000e+00
1.018100e-01 -1.184270e+00 0.000000e+00
3.001793e-02 -1.192178e+00 0.000000e+00
3.001793e-02 -1.192178e+00 0.000000e+00
1.018100e-01 -1.184270e+00 0.000000e+00
1.008719e-01 -1.175754e+00 0.000000e+00
2.907990e-02 -1.183661e+00 0.000000e+00
2.907990e-02 -1.183661e+00 0.000000e+00
1.008719e-01 -1.175754e+00 0.000000e+00
9.993392e-02 -1.167237e+00 0.000000e+00
2.814188e-02 -1.175144e+00 0.000000e+00
2.814188e-02 -1.175144e+00 0.000000e+00
9.993392e-02 -1.167237e+00 0.000000e+00
9.899589e-02 -1.158720e+00 0.000000e+00
2.720385e-02 -1.166627e+00 0.000000e+00
2.720385e-02 -1.166627e+00 0.000000e+00
9.899589e-02 -1.158720e+00 0.000000e+00
9.805787e-02 -1.150204e+00 0.000000e+00
2.626583e-02 -1.158111e+00 0.000000e+00
1.083046e-01 -1.226612e+00 0.000000e+00
1.797197e-01 -1.215313e+00 0.000000e+00
1.783806e-01 -1.206850e+00 0.000000e+00
1.069656e-01 -1.218149e+00 0.000000e+00
1.069656e-01 -1.218149e+00 0.000000e+00
1.783806e-01 -1.206850e+00 0.000000e+00
1.770416e-01 -1.198387e+00 0.000000e+00
1.056265e-01 -1.209686e+00 0.000000e+00
1.056265e-01 -1.209686e+00 0.000000e+00
1.770416e-01 -1.198387e+00 0.000000e+00
1.757026e-01 -1.189924e+00 0.000000e+00
1.042875e-01 -1.201223e+00 0.000000e+00
1.042875e-01 -1.201223e+00 0.000000e+00
1.757026e-01 -1.189924e+00 0.000000e+00
1.743636e-01 -1.181461e+00 0.000000e+00
1.029485e-01 -1.192760e+00 0.000000e+00
1.029485e-01 -1.192760e+00 0.000000e+00
1.743636e-01 -1.181461e+00 0.000000e+00
1.730245e-01 -1.172998e+00 0.000000e+00
1.016095e-01 -1.184297e+00 0.000000e+00
1.016095e-01 -1.184297e+00 0.000000e+00
1.730245e-01 -1.172998e+00 0.000000e+00
1.716855e-01 -1.164535e+00 0.000000e+00
1.002704e-01 -1.175834e+00 0.000000e+00
1.002704e-01 -1.175834e+00 0.000000e+00
1.716855e-01 -1.164535e+00 0.000000e+00
1.703465e-01 -1.156072e+00 0.000000e+00
9.893141e-02 -1.167371e+00 0.000000e+00
9.893141e-02 -1.167371e+00 0.000000e+00
1.703465e-01 -1.156072e+00 0.000000e+00
1.690074e-01 -1.147609e+00 0.000000e+00
9.759239e-02 -1.158908e+00 0.000000e+00
9.759239e-02 -1.158908e+00 0.000000e+00
1.690074e-01 -1.147609e+00 0.000000e+00
1.676684e-01 -1.139146e+00 0.000000e+00
9.625336e-02 -1.150446e+00 0.000000e+00
1.797815e-01 -1.215303e+00 0.000000e+00
2.520538e-01 -1.203747e+00 0.000000e+00
2.507011e-01 -1.195287e+00 0.000000e+00
1.784287e-01 -1.206842e+00 0.000000e+00
1.784287e-01 -1.206842e+00 0.000000e+00
2.507011e-01 -1.195287e+00 0.000000e+00
2.493483e-01 -1.186826e+00 0.000000e+00
1.770760e-01 -1.198381e+00 0.000000e+00
1.770760e-01 -1.198381e+00 0.000000e+00
2.493483e-01 -1.186826e+00 0.000000e+00
2.479955e-01 -1.178365e+00 0.000000e+00
1.757232e-01 -1.189920e+00 0.000000e+00
1.757232e-01 -1.189920e+00 0.000000e+00
2.479955e-01 -1.178365e+00 0.000000e+00
2.466428e-01 -1.169904e+00 0.000000e+00
1.743704e-01 -1.181460e+00 0.000000e+00
1.743704e-01 -1.181460e+00 0.000000e+00
2.466428e-01 -1.169904e+00 0.000000e+00
2.452900e-01 -1.161444e+00 0.000000e+00
1.730177e-01 -1.172999e+00 0.000000e+00
1.730177e-01 -1.172999e+00 0.000000e+00
2.452900e-01 -1.161444e+00 0.000000e+00
2.439372e-01 -1.152983e+00 0.000000e+00
1.716649e-01 -1.164538e+00 0.000000e+00
1.716649e-01 -1.164538e+00 0.000000e+00
2.439372e-01 -1.152983e+00 0.000000e+00
2.425845e-01 -1.144522e+00 0.000000e+00
1.703121e-01 -1.156077e+00 0.000000e+00
1.703121e-01 -1.156077e+00 0.000000e+00
2.425845e-01 -1.144522e+00 0.000000e+00
2.412317e-01 -1.136061e+00 0.000000e+00
1.689594e-01 -1.147617e+00 0.000000e+00
1.689594e-01 -1.147617e+00 0.000000e+00
2.412317e-01 -1.136061e+00 0.000000e+00
2.398789e-01 -1.127600e+00 0.000000e+00
1.676066e-01 -1.139156e+00 0.000000e+00
2.520867e-01 -1.203742e+00 0.000000e+00
3.237885e-01 -1.192214e+00 0.000000e+00
3.224285e-01 -1.183755e+00 0.000000e+00
2.507267e-01 -1.195282e+00 0.000000e+00
2.507267e-01 -1.195282e+00 0.000000e+00
3.224285e-01 -1.183755e+00 0.000000e+00
3.210684e-01 -1.175295e+00 0.000000e+00
2.493666e-01 -1.186823e+00 0.000000e+00
2.493666e-01 -1.186823e+00 0.000000e+00
3.210684e-01 -1.175295e+00 0.000000e+00
3.197083e-01 -1.166836e+00 0.000000e+00
2.480065e-01 -1.178363e+00 0.000000e+00
2.480065e-01 -1.178363e+00 0.000000e+00
3.197083e-01 -1.166836e+00 0.000000e+00
3.183482e-01 -1.158376e+00 0.000000e+00
2.466464e-01 -1.169904e+00 0.000000e+00
2.466464e-01 -1.169904e+00 0.000000e+00
3.183482e-01 -1.158376e+00 0.000000e+00
3.169881e-01 -1.149916e+00 0.000000e+00
2.452863e-01 -1.161444e+00 0.000000e+00
2.452863e-01 -1.161444e+00 0.000000e+00
3.169881e-01 -1.149916e+00 0.000000e+00
3.156280e-01 -1.141457e+00 0.000000e+00
2.439262e-01 -1.152985e+00 0.000000e+00
2.439262e-01 -1.152985e+00 0.000000e+00
3.156280e-01 -1.141457e+00 0.000000e+00
3.142680e-01 -1.132997e+00 0.000000e+00
2.425662e-01 -1.144525e+00 0.000000e+00
2.425662e-01 -1.144525e+00 0.000000e+00
3.142680e-01 -1.132997e+00 0.000000e+00
3.129079e-01 -1.124538e+00 0.000000e+00
2.412061e-01 -1.136065e+00 0.000000e+00
2.412061e-01 -1.136065e+00 0.000000e+00
3.129079e-01 -1.124538e+00 0.000000e+00
3.115478e-01 -1.116078e+00 0.000000e+00
2.398460e-01 -1.127606e+00 0.000000e+00
3.249777e-01 -1.192004e+00 0.000000e+00
3.959024e-01 -1.178310e+00 0.000000e+00
3.942781e-01 -1.169897e+00 0.000000e+00
3.233533e-01 -1.183591e+00 0.000000e+00
3.233533e-01 -1.183591e+00 0.000000e+00
3.942781e-01 -1.169897e+00 0.000000e+00
3.926538e-01 -1.161484e+00 0.000000e+00
3.217290e-01 -1.175178e+00 0.000000e+00
3.217290e-01 -1.175178e+00 0.000000e+00
3.926538e-01 -1.161484e+00 0.000000e+00
3.910294e-01 -1.153071e+00 0.000000e+00
3.201047e-01 -1.166765e+00 0.000000e+00
3.201047e-01 -1.166765e+00 0.000000e+00
3.910294e-01 -1.153071e+00 0.000000e+00
3.894051e-01 -1.144659e+00 0.000000e+00
3.184803e-01 -1.158353e+00 0.000000e+00
3.184803e-01 -1.158353e+00 0.000000e+00
3.894051e-01 -1.144659e+00 0.000000e+00
3.877808e-01 -1.136246e+00 0.000000e+00
3.168560e-01 -1.149940e+00 0.000000e+00
3.168560e-01 -1.149940e+00 0.000000e+00
3.877808e-01 -1.136246e+00 0.000000e+00
3.861564e-01 -1.127833e+00 0.000000e+00
3.152317e-01 -1.141527e+00 0.000000e+00
3.152317e-01 -1.141527e+00 0.000000e+00
3.861564e-01 -1.127833e+00 0.000000e+00
3.845321e-01 -1.119420e+00 0.000000e+00
3.136073e-01 -1.133114e+00 0.000000e+00
3.136073e-01 -1.133114e+00 0.000000e+00
3.845321e-01 -1.119420e+00 0.000000e+00
3.829078e-01 -1.111007e+00 0.000000e+00
3.119830e-01 -1.124701e+00 0.000000e+00
3.119830e-01 -1.124701e+00 0.000000e+00
3.829078e-01 -1.111007e+00 0.000000e+00
3.812834e-01 -1.102594e+00 0.000000e+00
3.103587e-01 -1.116288e+00 0.000000e+00
3.966763e-01 -1.178152e+00 0.000000e+00
4.678884e-01 -1.162884e+00 0.000000e+00
4.660921e-01 -1.154506e+00 0.000000e+00
3.948800e-01 -1.169775e+00 0.000000e+00
3.948800e-01 -1.169775e+00 0.000000e+00
4.660921e-01 -1.154506e+00 0.000000e+00
4.642958e-01 -1.146128e+00 0.000000e+00
3.930837e-01 -1.161397e+00 0.000000e+00
3.930837e-01 -1.161397e+00 0.000000e+00
4.642958e-01 -1.146128e+00 0.000000e+00
4.624995e-01 -1.137750e+00 0.000000e+00
3.912874e-01 -1.153019e+00 0.000000e+00
3.912874e-01 -1.153019e+00 0.000000e+00
4.624995e-01 -1.137750e+00 0.000000e+00
4.607032e-01 -1.129372e+00 0.000000e+00
3.894911e-01 -1.144641e+00 0.000000e+00
3.894911e-01 -1.144641e+00 0.000000e+00
4.607032e-01 -1.129372e+00 0.000000e+00
4.589069e-01 -1.120995e+00 0.000000e+00
3.876948e-01 -1.136263e+00 0.000000e+00
3.876948e-01 -1.136263e+00 0.000000e+00
4.589069e-01 -1.120995e+00 0.000000e+00
4.571106e-01 -1.112617e+00 0.000000e+00
3.858985e-01 -1.127885e+00 0.000000e+00
3.858985e-01 -1.127885e+00 0.000000e+00
4.571106e-01 -1.112617e+00 0.000000e+00
4.553143e-01 -1.104239e+00 0.000000e+00
3.841022e-01 -1.119508e+00 0.000000e+00
3.841022e-01 -1.119508e+00 0.000000e+00
4.553143e-01 -1.104239e+00 0.000000e+00
4.535180e-01 -1.095861e+00 0.000000e+00
3.823059e-01 -1.111130e+00 0.000000e+00
3.823059e-01 -1.111130e+00 0.000000e+00
4.535180e-01 -1.095861e+00 0.000000e+00
4.517217e-01 -1.087483e+00 0.000000e+00
3.805096e-01 -1.102752e+00 0.000000e+00
4.679199e-01 -1.162877e+00 0.000000e+00
5.394104e-01 -1.147486e+00 0.000000e+00
5.376071e-01 -1.139110e+00 0.000000e+00
4.661166e-01 -1.154501e+00 0.000000e+00
4.661166e-01 -1.154501e+00 0.000000e+00
5.376071e-01 -1.139110e+00 0.000000e+00
5.358038e-01 -1.130733e+00 0.000000e+00
4.643133e-01 -1.146124e+00 0.000000e+00
4.643133e-01 -1.146124e+00 0.000000e+00
5.358038e-01 -1.130733e+00 0.000000e+00
5.340006e-01 -1.122357e+00 0.000000e+00
4.625100e-01 -1.137748e+00 0.000000e+00
4.625100e-01 -1.137748e+00 0.000000e+00
5.340006e-01 -1.122357e+00 0.000000e+00
5.321973e-01 -1.113981e+00 0.000000e+00
4.607067e-01 -1.129372e+00 0.000000e+00
4.607067e-01 -1.129372e+00 0.000000e+00
5.321973e-01 -1.113981e+00 0.000000e+00
5.303940e-01 -1.105605e+00 0.000000e+00
4.589034e-01 -1.120995e+00 0.000000e+00
4.589034e-01 -1.120995e+00 0.000000e+00
5.303940e-01 -1.105605e+00 0.000000e+00
5.285907e-01 -1.097228e+00 0.000000e+00
4.571001e-01 -1.112619e+00 0.000000e+00
4.571001e-01 -1.112619e+00 0.000000e+00
5.285907e-01 -1.097228e+00 0.000000e+00
5.267874e-01 -1.088852e+00 0.000000e+00
4.552968e-01 -1.104243e+00 0.000000e+00
4.552968e-01 -1.104243e+00 0.000000e+00
5.267874e-01 -1.088852e+00 0.000000e+00
5.249841e-01 -1.080476e+00 0.000000e+00
4.534935e-01 -1.095866e+00 0.000000e+00
4.534935e-01 -1.095866e+00 0.000000e+00
5.249841e-01 -1.080476e+00 0.000000e+00
5.231808e-01 -1.072099e+00 0.000000e+00
4.516902e-01 -1.087490e+00 0.000000e+00
5.395958e-01 -1.147446e+00 0.000000e+00
6.102189e-01 -1.131878e+00 0.000000e+00
6.083744e-01 -1.123510e+00 0.000000e+00
5.377513e-01 -1.139078e+00 0.000000e+00
5.377513e-01 -1.139078e+00 0.000000e+00
6.083744e-01 -1.123510e+00 0.000000e+00
6.065300e-01 -1.115143e+00 0.000000e+00
5.359068e-01 -1.130711e+00 0.000000e+00
5.359068e-01 -1.130711e+00 0.000000e+00
6.065300e-01 -1.115143e+00 0.000000e+00
6.046855e-01 -1.106776e+00 0.000000e+00
5.340623e-01 -1.122344e+00 0.000000e+00
5.340623e-01 -1.122344e+00 0.000000e+00
6.046855e-01 -1.106776e+00 0.000000e+00
6.028410e-01 -1.098408e+00 0.000000e+00
5.322179e-01 -1.113976e+00 0.000000e+00
5.322179e-01 -1.113976e+00 0.000000e+00
6.028410e-01 -1.098408e+00 0.000000e+00
6.009965e-01 -1.090041e+00 0.000000e+00
5.303734e-01 -1.105609e+00 0.000000e+00
5.303734e-01 -1.105609e+00 0.000000e+00
6.009965e-01 -1.090041e+00 0.000000e+00
5.991520e-01 -1.081674e+00 0.000000e+00
5.285289e-01 -1.097242e+00 0.000000e+00
5.285289e-01 -1.097242e+00 0.000000e+00
5.991520e-01 -1.081674e+00 0.000000e+00
5.973076e-01 -1.073306e+00 0.000000e+00
5.266844e-01 -1.088874e+00 0.000000e+00
5.266844e-01 -1.088874e+00 0.000000e+00
5.973076e-01 -1.073306e+00 0.000000e+00
5.954631e-01 -1.064939e+00 0.000000e+00
5.248399e-01 -1.080507e+00 0.000000e+00
5.248399e-01 -1.080507e+00 0.000000e+00
5.954631e-01 -1.064939e+00 0.000000e+00
5.936186e-01 -1.056572e+00 0.000000e+00
5.229954e-01 -1.072140e+00 0.000000e+00
6.118329e-01 -1.131485e+00 0.000000e+00
6.817582e-01 -1.112880e+00 0.000000e+00
6.795551e-01 -1.104600e+00 0.000000e+00
6.096297e-01 -1.123205e+00 0.000000e+00
6.096297e-01 -1.123205e+00 0.000000e+00
6.795551e-01 -1.104600e+00 0.000000e+00
6.773519e-01 -1.096320e+00 0.000000e+00
6.074266e-01 -1.114925e+00 0.000000e+00
6.074266e-01 -1.114925e+00 0.000000e+00
6.773519e-01 -1.096320e+00 0.000000e+00
6.751488e-01 -1.088039e+00 0.000000e+00
6.052235e-01 -1.106645e+00 0.000000e+00
6.052235e-01 -1.106645e+00 0.000000e+00
6.751488e-01 -1.088039e+00 0.000000e+00
6.729456e-01 -1.079759e+00 0.000000e+00
6.030203e-01 -1.098365e+00 0.000000e+00
6.030203e-01 -1.098365e+00 0.000000e+00
6.729456e-01 -1.079759e+00 0.000000e+00
6.707425e-01 -1.071479e+00 0.000000e+00
6.008172e-01 -1.090085e+00 0.000000e+00
6.008172e-01 -1.090085e+00 0.000000e+00
6.707425e-01 -1.071479e+00 0.000000e+00
6.685394e-01 -1.063199e+00 0.000000e+00
5.986141e-01 -1.081804e+00 0.000000e+00
5.986141e-01 -1.081804e+00 0.000000e+00
6.685394e-01 -1.063199e+00 0.000000e+00
6.663362e-01 -1.054919e+00 0.000000e+00
5.964109e-01 -1.073524e+00 0.000000e+00
5.964109e-01 -1.073524e+00 0.000000e+00
6.663362e-01 -1.054919e+00 0.000000e+00
6.641331e-01 -1.046639e+00 0.000000e+00
5.942078e-01 -1.065244e+00 0.000000e+00
5.942078e-01 -1.065244e+00 0.000000e+00
6.641331e-01 -1.046639e+00 0.000000e+00
6.619300e-01 -1.038359e+00 0.000000e+00
5.920046e-01 -1.056964e+00 0.000000e+00
6.818607e-01 -1.112852e+00 0.000000e+00
7.525203e-01 -1.093843e+00 0.000000e+00
7.502944e-01 -1.085569e+00 0.000000e+00
6.796347e-01 -1.104578e+00 0.000000e+00
6.796347e-01 -1.104578e+00 0.000000e+00
7.502944e-01 -1.085569e+00 0.000000e+00
7.480685e-01 -1.077295e+00 0.000000e+00
6.774088e-01 -1.096304e+00 0.000000e+00
6.774088e-01 -1.096304e+00 0.000000e+00
7.480685e-01 -1.077295e+00 0.000000e+00
7.458426e-01 -1.069021e+00 0.000000e+00
6.751829e-01 -1.088030e+00 0.000000e+00
6.751829e-01 -1.088030e+00 0.000000e+00
7.458426e-01 -1.069021e+00 0.000000e+00
7.436167e-01 -1.060747e+00 0.000000e+00
6.729570e-01 -1.079756e+00 0.000000e+00
6.729570e-01 -1.079756e+00 0.000000e+00
7.436167e-01 -1.060747e+00 0.000000e+00
7.413908e-01 -1.052473e+00 0.000000e+00
6.707311e-01 -1.071482e+00 0.000000e+00
6.707311e-01 -1.071482e+00 0.000000e+00
7.413908e-01 -1.052473e+00 0.000000e+00
7.391649e-01 -1.044199e+00 0.000000e+00
6.685052e-01 -1.063208e+00 0.000000e+00
6.685052e-01 -1.063208e+00 0.000000e+00
7.391649e-01 -1.044199e+00 0.000000e+00
7.369390e-01 -1.035925e+00 0.000000e+00
6.662793e-01 -1.054934e+00 0.000000e+00
6.662793e-01 -1.054934e+00 0.000000e+00
7.369390e-01 -1.035925e+00 0.000000e+00
7.347131e-01 -1.027651e+00 0.000000e+00
6.640534e-01 -1.046660e+00 0.000000e+00
6.640534e-01 -1.046660e+00 0.000000e+00
7.347131e-01 -1.027651e+00 0.000000e+00
7.324871e-01 -1.019377e+00 0.000000e+00
6.618275e-01 -1.038386e+00 0.000000e+00
7.525487e-01 -1.093836e+00 0.000000e+00
8.229461e-01 -1.074840e+00 0.000000e+00
8.207139e-01 -1.066567e+00 0.000000e+00
7.503165e-01 -1.085563e+00 0.000000e+00
7.503165e-01 -1.085563e+00 0.000000e+00
8.207139e-01 -1.066567e+00 0.000000e+00
8.184817e-01 -1.058295e+00 0.000000e+00
7.480843e-01 -1.077291e+00 0.000000e+00
7.480843e-01 -1.077291e+00 0.000000e+00
8.184817e-01 -1.058295e+00 0.000000e+00
8.162495e-01 -1.050023e+00 0.000000e+00
7.458521e-01 -1.069019e+00 0.000000e+00
7.458521e-01 -1.069019e+00 0.000000e+00
8.162495e-01 -1.050023e+00 0.000000e+00
8.140173e-01 -1.041750e+00 0.000000e+00
7.436198e-01 -1.060746e+00 0.000000e+00
7.436198e-01 -1.060746e+00 0.000000e+00
8.140173e-01 -1.041750e+00 0.000000e+00
8.117850e-01 -1.033478e+00 0.000000e+00
7.413876e-01 -1.052474e+00 0.000000e+00
7.413876e-01 -1.052474e+00 0.000000e+00
8.117850e-01 -1.033478e+00 0.000000e+00
8.095528e-01 -1.025206e+00 0.000000e+00
7.391554e-01 -1.044202e+00 0.000000e+00
7.391554e-01 -1.044202e+00 0.000000e+00
8.095528e-01 -1.025206e+00 0.000000e+00
8.073206e-01 -1.016933e+00 0.000000e+00
7.369232e-01 -1.035929e+00 0.000000e+00
7.369232e-01 -1.035929e+00 0.000000e+00
8.073206e-01 -1.016933e+00 0.000000e+00
8.050884e-01 -1.008661e+00 0.000000e+00
7.346909e-01 -1.027657e+00 0.000000e+00
7.346909e-01 -1.027657e+00 0.000000e+00
8.050884e-01 -1.008661e+00 0.000000e+00
8.028562e-01 -1.000388e+00 0.000000e+00
7.324587e-01 -1.019385e+00 0.000000e+00
8.235468e-01 -1.074672e+00 0.000000e+00
8.931720e-01 -1.054671e+00 0.000000e+00
8.908063e-01 -1.046436e+00 0.000000e+00
8.211811e-01 -1.066437e+00 0.000000e+00
8.211811e-01 -1.066437e+00 0.000000e+00
8.908063e-01 -1.046436e+00 0.000000e+00
8.884406e-01 -1.038201e+00 0.000000e+00
8.188154e-01 -1.058202e+00 0.000000e+00
8.188154e-01 -1.058202e+00 0.000000e+00
8.884406e-01 -1.038201e+00 0.000000e+00
8.860749e-01 -1.029966e+00 0.000000e+00
8.164497e-01 -1.049967e+00 0.000000e+00
8.164497e-01 -1.049967e+00 0.000000e+00
8.860749e-01 -1.029966e+00 0.000000e+00
8.837092e-01 -1.021731e+00 0.000000e+00
8.140840e-01 -1.041732e+00 0.000000e+00
8.140840e-01 -1.041732e+00 0.000000e+00
8.837092e-01 -1.021731e+00 0.000000e+00
8.813435e-01 -1.013495e+00 0.000000e+00
8.117183e-01 -1.033496e+00 0.000000e+00
8.117183e-01 -1.033496e+00 0.000000e+00
8.813435e-01 -1.013495e+00 0.000000e+00
8.789778e-01 -1.005260e+00 0.000000e+00
8.093526e-01 -1.025261e+00 0.000000e+00
8.093526e-01 -1.025261e+00 0.000000e+00
8.789778e-01 -1.005260e+00 0.000000e+00
8.766121e-01 -9.970250e-01 0.000000e+00
8.069869e-01 -1.017026e+00 0.000000e+00
8.069869e-01 -1.017026e+00 0.000000e+00
8.766121e-01 -9.970250e-01 0.000000e+00
8.742464e-01 -9.887899e-01 0.000000e+00
8.046212e-01 -1.008791e+00 0.000000e+00
8.046212e-01 -1.008791e+00 0.000000e+00
8.742464e-01 -9.887899e-01 0.000000e+00
8.718807e-01 -9.805547e-01 0.000000e+00
8.022555e-01 -1.000556e+00 0.000000e+00
8.941000e-01 -1.054392e+00 0.000000e+00
9.634915e-01 -1.032556e+00 0.000000e+00
9.609196e-01 -1.024383e+00 0.000000e+00
8.915281e-01 -1.046219e+00 0.000000e+00
8.915281e-01 -1.046219e+00 0.000000e+00
9.609196e-01 -1.024383e+00 0.000000e+00
9.583477e-01 -1.016210e+00 0.000000e+00
8.889562e-01 -1.038046e+00 0.000000e+00
8.889562e-01 -1.038046e+00 0.000000e+00
9.583477e-01 -1.016210e+00 0.000000e+00
9.557758e-01 -1.008037e+00 0.000000e+00
8.863842e-01 -1.029873e+00 0.000000e+00
8.863842e-01 -1.029873e+00 0.000000e+00
9.557758e-01 -1.008037e+00 0.000000e+00
9.532039e-01 -9.998634e-01 0.000000e+00
8.838123e-01 -1.021699e+00 0.000000e+00
8.838123e-01 -1.021699e+00 0.000000e+00
9.532039e-01 -9.998634e-01 0.000000e+00
9.506320e-01 -9.916903e-01 0.000000e+00
8.812404e-01 -1.013526e+00 0.000000e+00
8.812404e-01 -1.013526e+00 0.000000e+00
9.506320e-01 -9.916903e-01 0.000000e+00
9.480601e-01 -9.835172e-01 0.000000e+00
8.786685e-01 -1.005353e+00 0.000000e+00
8.786685e-01 -1.005353e+00 0.000000e+00
9.480601e-01 -9.835172e-01 0.000000e+00
9.454882e-01 -9.753441e-01 0.000000e+00
8.760966e-01 -9.971802e-01 0.000000e+00
8.760966e-01 -9.971802e-01 0.000000e+00
9.454882e-01 -9.753441e-01 0.000000e+00
9.429163e-01 -9.671710e-01 0.000000e+00
8.735247e-01 -9.890070e-01 0.000000e+00
8.735247e-01 -9.890070e-01 0.000000e+00
9.429163e-01 -9.671710e-01 0.000000e+00
9.403444e-01 -9.589979e-01 0.000000e+00
8.709528e-01 -9.808339e-01 0.000000e+00
9.635146e-01 -1.032549e+00 0.000000e+00
1.033340e+00 -1.010528e+00 0.000000e+00
1.030763e+00 -1.002356e+00 0.000000e+00
9.609376e-01 -1.024377e+00 0.000000e+00
9.609376e-01 -1.024377e+00 0.000000e+00
1.030763e+00 -1.002356e+00 0.000000e+00
1.028186e+00 -9.941847e-01 0.000000e+00
9.583606e-01 -1.016206e+00 0.000000e+00
9.583606e-01 -1.016206e+00 0.000000e+00
1.028186e+00 -9.941847e-01 0.000000e+00
1.025609e+00 -9.860132e-01 0.000000e+00
9.557835e-01 -1.008034e+00 0.000000e+00
9.557835e-01 -1.008034e+00 0.000000e+00
1.025609e+00 -9.860132e-01 0.000000e+00
1.023032e+00 -9.778417e-01 0.000000e+00
9.532065e-01 -9.998626e-01 0.000000e+00
9.532065e-01 -9.998626e-01 0.000000e+00
1.023032e+00 -9.778417e-01 0.000000e+00
1.020455e+00 -9.696702e-01 0.000000e+00
9.506294e-01 -9.916911e-01 0.000000e+00
9.506294e-01 -9.916911e-01 0.000000e+00
1.020455e+00 -9.696702e-01 0.000000e+00
1.017878e+00 -9.614987e-01 0.000000e+00
9.480524e-01 -9.835196e-01 0.000000e+00
9.480524e-01 -9.835196e-01 0.000000e+00
1.017878e+00 -9.614987e-01 0.000000e+00
1.015301e+00 -9.533272e-01 0.000000e+00
9.454754e-01 -9.753481e-01 0.000000e+00
9.454754e-01 -9.753481e-01 0.000000e+00
1.015301e+00 -9.533272e-01 0.000000e+00
1.012724e+00 -9.451557e-01 0.000000e+00
9.428983e-01 -9.671766e-01 0.000000e+00
9.428983e-01 -9.671766e-01 0.000000e+00
1.012724e+00 -9.451557e-01 0.000000e+00
1.010147e+00 -9.369842e-01 0.000000e+00
9.403213e-01 -9.590051e-01 0.000000e+00
1.033365e+00 -1.010520e+00 0.000000e+00
1.102783e+00 -9.885762e-01 0.000000e+00
1.100200e+00 -9.804065e-01 0.000000e+00
1.030783e+00 -1.002350e+00 0.000000e+00
1.030783e+00 -1.002350e+00 0.000000e+00
1.100200e+00 -9.804065e-01 0.000000e+00
1.097617e+00 -9.722367e-01 0.000000e+00
1.028200e+00 -9.941804e-01 0.000000e+00
1.028200e+00 -9.941804e-01 0.000000e+00
1.097617e+00 -9.722367e-01 0.000000e+00
1.095035e+00 -9.640670e-01 0.000000e+00
1.025618e+00 -9.860106e-01 0.000000e+00
1.025618e+00 -9.860106e-01 0.000000e+00
1.095035e+00 -9.640670e-01 0.000000e+00
1.092452e+00 -9.558972e-01 0.000000e+00
1.023035e+00 -9.778409e-01 0.000000e+00
1.023035e+00 -9.778409e-01 0.000000e+00
1.092452e+00 -9.558972e-01 0.000000e+00
1.089870e+00 -9.477274e-01 0.000000e+00
1.020452e+00 -9.696711e-01 0.000000e+00
1.020452e+00 -9.696711e-01 0.000000e+00
1.089870e+00 -9.477274e-01 0.000000e+00
1.087287e+00 -9.395577e-01 0.000000e+00
1.017870e+00 -9.615013e-01 0.000000e+00
1.017870e+00 -9.615013e-01 0.000000e+00
1.087287e+00 -9.395577e-01 0.000000e+00
1.084705e+00 -9.313879e-01 0.000000e+00
1.015287e+00 -9.533316e-01 0.000000e+00
1.015287e+00 -9.533316e-01 0.000000e+00
1.084705e+00 -9.313879e-01 0.000000e+00
1.082122e+00 -9.232182e-01 0.000000e+00
1.012705e+00 -9.451618e-01 0.000000e+00
1.012705e+00 -9.451618e-01 0.000000e+00
1.082122e+00 -9.232182e-01 0.000000e+00
1.079540e+00 -9.150484e-01 0.000000e+00
1.010122e+00 -9.369921e-01 0.000000e+00
1.103593e+00 -9.883101e-01 0.000000e+00
1.172300e+00 -9.649065e-01 0.000000e+00
1.169537e+00 -9.567959e-01 0.000000e+00
1.100831e+00 -9.801994e-01 0.000000e+00
1.100831e+00 -9.801994e-01 0.000000e+00
1.169537e+00 -9.567959e-01 0.000000e+00
1.166775e+00 -9.486853e-01 0.000000e+00
1.098068e+00 -9.720888e-01 0.000000e+00
1.098068e+00 -9.720888e-01 0.000000e+00
1.166775e+00 -9.486853e-01 0.000000e+00
1.164012e+00 -9.405747e-01 0.000000e+00
1.095305e+00 -9.639782e-01 0.000000e+00
1.095305e+00 -9.639782e-01 0.000000e+00
1.164012e+00 -9.405747e-01 0.000000e+00
1.161249e+00 -9.324641e-01 0.000000e+00
1.092542e+00 -9.558676e-01 0.000000e+00
1.092542e+00 -9.558676e-01 0.000000e+00
1.161249e+00 -9.324641e-01 0.000000e+00
1.158487e+00 -9.243535e-01 0.000000e+00
1.089780e+00 -9.477570e-01 0.000000e+00
1.089780e+00 -9.477570e-01 0.000000e+00
1.158487e+00 -9.243535e-01 0.000000e+00
1.155724e+00 -9.162429e-01 0.000000e+00
1.087017e+00 -9.396464e-01 0.000000e+00
1.087017e+00 -9.396464e-01 0.000000e+00
1.155724e+00 -9.162429e-01 0.000000e+00
1.152961e+00 -9.081323e-01 0.000000e+00
1.084254e+00 -9.315358e-01 0.000000e+00
1.084254e+00 -9.315358e-01 0.000000e+00
1.152961e+00 -9.081323e-01 0.000000e+00
1.150199e+00 -9.000217e-01 0.000000e+00
1.081492e+00 -9.234252e-01 0.000000e+00
1.081492e+00 -9.234252e-01 0.000000e+00
1.150199e+00 -9.000217e-01 0.000000e+00
1.147436e+00 -8.919111e-01 0.000000e+00
1.078729e+00 -9.153146e-01 0.000000e+00
1.172731e+00 -9.647568e-01 0.000000e+00
1.241552e+00 -9.404016e-01 0.000000e+00
1.238694e+00 -9.323242e-01 0.000000e+00
1.169873e+00 -9.566795e-01 0.000000e+00
1.169873e+00 -9.566795e-01 0.000000e+00
1.238694e+00 -9.323242e-01 0.000000e+00
1.235835e+00 -9.242469e-01 0.000000e+00
1.167014e+00 -9.486021e-01 0.000000e+00
1.167014e+00 -9.486021e-01 0.000000e+00
1.235835e+00 -9.242469e-01 0.000000e+00
1.232976e+00 -9.161696e-01 0.000000e+00
1.164156e+00 -9.405248e-01 0.000000e+00
1.164156e+00 -9.405248e-01 0.000000e+00
1.232976e+00 -9.161696e-01 0.000000e+00
1.230118e+00 -9.080922e-01 0.000000e+00
1.161297e+00 -9.324475e-01 0.000000e+00
1.161297e+00 -9.324475e-01 0.000000e+00
1.230118e+00 -9.080922e-01 0.000000e+00
1.227259e+00 -9.000149e-01 0.000000e+00
1.158439e+00 -9.243701e-01 0.000000e+00
1.158439e+00 -9.243701e-01 0.000000e+00
1.227259e+00 -9.000149e-01 0.000000e+00
1.224401e+00 -8.919376e-01 0.000000e+00
1.155580e+00 -9.162928e-01 0.000000e+00
1.155580e+00 -9.162928e-01 0.000000e+00
1.224401e+00 -8.919376e-01 0.000000e+00
1.221542e+00 -8.838602e-01 0.000000e+00
1.152722e+00 -9.082155e-01 0.000000e+00
1.152722e+00 -9.082155e-01 0.000000e+00
1.221542e+00 -8.838602e-01 0.000000e+00
1.218684e+00 -8.757829e-01 0.000000e+00
1.149863e+00 -9.001381e-01 0.000000e+00
1.149863e+00 -9.001381e-01 0.000000e+00
1.218684e+00 -8.757829e-01 0.000000e+00
1.215825e+00 -8.677056e-01 0.000000e+00
1.147005e+00 -8.920608e-01 0.000000e+00
1.241572e+00 -9.403946e-01 0.000000e+00
1.310585e+00 -9.159287e-01 0.000000e+00
1.307723e+00 -9.078529e-01 0.000000e+00
1.238709e+00 -9.323188e-01 0.000000e+00
1.238709e+00 -9.323188e-01 0.000000e+00
1.307723e+00 -9.078529e-01 0.000000e+00
1.304860e+00 -8.997772e-01 0.000000e+00
1.235846e+00 -9.242430e-01 0.000000e+00
1.235846e+00 -9.242430e-01 0.000000e+00
1.304860e+00 -8.997772e-01 0.000000e+00
1.301997e+00 -8.917014e-01 0.000000e+00
1.232983e+00 -9.161672e-01 0.000000e+00
1.232983e+00 -9.161672e-01 0.000000e+00
1.301997e+00 -8.917014e-01 0.000000e+00
1.299134e+00 -8.836256e-01 0.000000e+00
1.230120e+00 -9.080914e-01 0.000000e+00
1.230120e+00 -9.080914e-01 0.000000e+00
1.299134e+00 -8.836256e-01 0.000000e+00
1.296271e+00 -8.755498e-01 0.000000e+00
1.227257e+00 -9.000157e-01 0.000000e+00
1.227257e+00 -9.000157e-01 0.000000e+00
1.296271e+00 -8.755498e-01 0.000000e+00
1.293408e+00 -8.674741e-01 0.000000e+00
1.224394e+00 -8.919399e-01 0.000000e+00
1.224394e+00 -8.919399e-01 0.000000e+00
1.293408e+00 -8.674741e-01 0.000000e+00
1.290545e+00 -8.593983e-01 0.000000e+00
1.221531e+00 -8.838641e-01 0.000000e+00
1.221531e+00 -8.838641e-01 0.000000e+00
1.290545e+00 -8.593983e-01 0.000000e+00
1.287682e+00 -8.513225e-01 0.000000e+00
1.218668e+00 -8.757883e-01 0.000000e+00
1.218668e+00 -8.757883e-01 0.000000e+00
1.287682e+00 -8.513225e-01 0.000000e+00
1.284819e+00 -8.432467e-01 0.000000e+00
1.215806e+00 -8.677126e-01 0.000000e+00
1.310602e+00 -9.159227e-01 0.000000e+00
1.379177e+00 -8.915768e-01 0.000000e+00
1.376310e+00 -8.835024e-01 0.000000e+00
1.307736e+00 -9.078483e-01 0.000000e+00
1.307736e+00 -9.078483e-01 0.000000e+00
1.376310e+00 -8.835024e-01 0.000000e+00
1.373443e+00 -8.754279e-01 0.000000e+00
1.304869e+00 -8.997738e-01 0.000000e+00
1.304869e+00 -8.997738e-01 0.000000e+00
1.373443e+00 -8.754279e-01 0.000000e+00
1.370577e+00 -8.673535e-01 0.000000e+00
1.302002e+00 -8.916994e-01 0.000000e+00
1.302002e+00 -8.916994e-01 0.000000e+00
1.370577e+00 -8.673535e-01 0.000000e+00
1.367710e+00 -8.592790e-01 0.000000e+00
1.299136e+00 -8.836250e-01 0.000000e+00
1.299136e+00 -8.836250e-01 0.000000e+00
1.367710e+00 -8.592790e-01 0.000000e+00
1.364843e+00 -8.512046e-01 0.000000e+00
1.296269e+00 -8.755505e-01 0.000000e+00
1.296269e+00 -8.755505e-01 0.000000e+00
1.364843e+00 -8.512046e-01 0.000000e+00
1.361977e+00 -8.431301e-01 0.000000e+00
1.293402e+00 -8.674761e-01 0.000000e+00
1.293402e+00 -8.674761e-01 0.000000e+00
1.361977e+00 -8.431301e-01 0.000000e+00
1.359110e+00 -8.350557e-01 0.000000e+00
1.290536e+00 -8.594016e-01 0.000000e+00
1.290536e+00 -8.594016e-01 0.000000e+00
1.359110e+00 -8.350557e-01 0.000000e+00
1.356243e+00 -8.269812e-01 0.000000e+00
1.287669e+00 -8.513272e-01 0.000000e+00
1.287669e+00 -8.513272e-01 0.000000e+00
1.356243e+00 -8.269812e-01 0.000000e+00
1.353377e+00 -8.189068e-01 0.000000e+00
1.284802e+00 -8.432527e-01 0.000000e+00
1.380052e+00 -8.912542e-01 0.000000e+00
1.447951e+00 -8.652823e-01 0.000000e+00
1.444890e+00 -8.572795e-01 0.000000e+00
1.376990e+00 -8.832515e-01 0.000000e+00
1.376990e+00 -8.832515e-01 0.000000e+00
1.444890e+00 -8.572795e-01 0.000000e+00
1.441829e+00 -8.492768e-01 0.000000e+00
1.373929e+00 -8.752487e-01 0.000000e+00
1.373929e+00 -8.752487e-01 0.000000e+00
1.441829e+00 -8.492768e-01 0.000000e+00
1.438767e+00 -8.412740e-01 0.000000e+00
1.370868e+00 -8.672459e-01 0.000000e+00
1.370868e+00 -8.672459e-01 0.000000e+00
1.438767e+00 -8.412740e-01 0.000000e+00
1.435706e+00 -8.332713e-01 0.000000e+00
1.367807e+00 -8.592432e-01 0.000000e+00
1.367807e+00 -8.592432e-01 0.000000e+00
1.435706e+00 -8.332713e-01 0.000000e+00
1.432645e+00 -8.252685e-01 0.000000e+00
1.364746e+00 -8.512404e-01 0.000000e+00
1.364746e+00 -8.512404e-01 0.000000e+00
1.432645e+00 -8.252685e-01 0.000000e+00
1.429584e+00 -8.172657e-01 0.000000e+00
1.361685e+00 -8.432377e-01 0.000000e+00
1.361685e+00 -8.432377e-01 0.000000e+00
1.429584e+00 -8.172657e-01 0.000000e+00
1.426523e+00 -8.092630e-01 0.000000e+00
1.358624e+00 -8.352349e-01 0.000000e+00
1.358624e+00 -8.352349e-01 0.000000e+00
1.426523e+00 -8.092630e-01 0.000000e+00
1.423462e+00 -8.012602e-01 0.000000e+00
1.355563e+00 -8.272322e-01 0.000000e+00
1.355563e+00 -8.272322e-01 0.000000e+00
1.423462e+00 -8.012602e-01 0.000000e+00
1.420401e+00 -7.932575e-01 0.000000e+00
1.352502e+00 -8.192294e-01 0.000000e+00
1.448098e+00 -8.652256e-01 0.000000e+00
1.516318e+00 -8.388106e-01 0.000000e+00
1.513224e+00 -8.308204e-01 0.000000e+00
1.445004e+00 -8.572355e-01 0.000000e+00
1.445004e+00 -8.572355e-01 0.000000e+00
1.513224e+00 -8.308204e-01 0.000000e+00
1.510130e+00 -8.228302e-01 0.000000e+00
1.441910e+00 -8.492453e-01 0.000000e+00
1.441910e+00 -8.492453e-01 0.000000e+00
1.510130e+00 -8.228302e-01 0.000000e+00
1.507036e+00 -8.148401e-01 0.000000e+00
1.438816e+00 -8.412551e-01 0.000000e+00
1.438816e+00 -8.412551e-01 0.000000e+00
1.507036e+00 -8.148401e-01 0.000000e+00
1.503942e+00 -8.068499e-01 0.000000e+00
1.435723e+00 -8.332650e-01 0.000000e+00
1.435723e+00 -8.332650e-01 0.000000e+00
1.503942e+00 -8.068499e-01 0.000000e+00
1.500849e+00 -7.988598e-01 0.000000e+00
1.432629e+00 -8.252748e-01 0.000000e+00
1.432629e+00 -8.252748e-01 0.000000e+00
1.500849e+00 -7.988598e-01 0.000000e+00
1.497755e+00 -7.908696e-01 0.000000e+00
1.429535e+00 -8.172846e-01 0.000000e+00
1.429535e+00 -8.172846e-01 0.000000e+00
1.497755e+00 -7.908696e-01 0.000000e+00
1.494661e+00 -7.828794e-01 0.000000e+00
1.426441e+00 -8.092945e-01 0.000000e+00
1.426441e+00 -8.092945e-01 0.000000e+00
1.494661e+00 -7.828794e-01 0.000000e+00
1.491567e+00 -7.748893e-01 0.000000e+00
1.423347e+00 -8.013043e-01 0.000000e+00
1.423347e+00 -8.013043e-01 0.000000e+00
1.491567e+00 -7.748893e-01 0.000000e+00
1.488473e+00 -7.668991e-01 0.000000e+00
1.420254e+00 -7.933141e-01 0.000000e+00
1.516332e+00 -8.388052e-01 0.000000e+00
1.584573e+00 -8.123515e-01 0.000000e+00
1.581476e+00 -8.043626e-01 0.000000e+00
1.513235e+00 -8.308162e-01 0.000000e+00
1.513235e+00 -8.308162e-01 0.000000e+00
1.581476e+00 -8.043626e-01 0.000000e+00
1.578380e+00 -7.963736e-01 0.000000e+00
1.510138e+00 -8.228273e-01 0.000000e+00
1.510138e+00 -8.228273e-01 0.000000e+00
1.578380e+00 -7.963736e-01 0.000000e+00
1.575283e+00 -7.883846e-01 0.000000e+00
1.507041e+00 -8.148383e-01 0.000000e+00
1.507041e+00 -8.148383e-01 0.000000e+00
1.575283e+00 -7.883846e-01 0.000000e+00
1.572186e+00 -7.803956e-01 0.000000e+00
1.503944e+00 -8.068493e-01 0.000000e+00
1.503944e+00 -8.068493e-01 0.000000e+00
1.572186e+00 -7.803956e-01 0.000000e+00
1.569089e+00 -7.724067e-01 0.000000e+00
1.500847e+00 -7.988604e-01 0.000000e+00
1.500847e+00 -7.988604e-01 0.000000e+00
1.569089e+00 -7.724067e-01 0.000000e+00
1.565992e+00 -7.644177e-01 0.000000e+00
1.497750e+00 -7.908714e-01 0.000000e+00
1.497750e+00 -7.908714e-01 0.000000e+00
1.565992e+00 -7.644177e-01 0.000000e+00
1.562895e+00 -7.564287e-01 0.000000e+00
1.494653e+00 -7.828824e-01 0.000000e+00
1.494653e+00 -7.828824e-01 0.000000e+00
1.562895e+00 -7.564287e-01 0.000000e+00
1.559798e+00 -7.484398e-01 0.000000e+00
1.491556e+00 -7.748934e-01 0.000000e+00
1.491556e+00 -7.748934e-01 0.000000e+00
1.559798e+00 -7.484398e-01 0.000000e+00
1.556701e+00 -7.404508e-01 0.000000e+00
1.488460e+00 -7.669045e-01 0.000000e+00
1.584657e+00 -8.123190e-01 0.000000e+00
1.652539e+00 -7.858230e-01 0.000000e+00
1.649423e+00 -7.778413e-01 0.000000e+00
1.581541e+00 -8.043373e-01 0.000000e+00
1.581541e+00 -8.043373e-01 0.000000e+00
1.649423e+00 -7.778413e-01 0.000000e+00
1.646308e+00 -7.698595e-01 0.000000e+00
1.578426e+00 -7.963555e-01 0.000000e+00
1.578426e+00 -7.963555e-01 0.000000e+00
1.646308e+00 -7.698595e-01 0.000000e+00
1.643192e+00 -7.618778e-01 0.000000e+00
1.575311e+00 -7.883738e-01 0.000000e+00
1.575311e+00 -7.883738e-01 0.000000e+00
1.643192e+00 -7.618778e-01 0.000000e+00
1.640077e+00 -7.538960e-01 0.000000e+00
1.572195e+00 -7.803920e-01 0.000000e+00
1.572195e+00 -7.803920e-01 0.000000e+00
1.640077e+00 -7.538960e-01 0.000000e+00
1.636961e+00 -7.459143e-01 0.000000e+00
1.569080e+00 -7.724103e-01 0.000000e+00
1.569080e+00 -7.724103e-01 0.000000e+00
1.636961e+00 -7.459143e-01 0.000000e+00
1.633846e+00 -7.379325e-01 0.000000e+00
1.565964e+00 -7.644285e-01 0.000000e+00
1.565964e+00 -7.644285e-01 0.000000e+00
1.633846e+00 -7.379325e-01 0.000000e+00
1.630730e+00 -7.299508e-01 0.000000e+00
1.562849e+00 -7.564468e-01 0.000000e+00
1.562849e+00 -7.564468e-01 0.000000e+00
1.630730e+00 -7.299508e-01 0.000000e+00
1.627615e+00 -7.219690e-01 0.000000e+00
1.559733e+00 -7.484650e-01 0.000000e+00
1.559733e+00 -7.484650e-01 0.000000e+00
1.627615e+00 -7.219690e-01 0.000000e+00
1.624499e+00 -7.139873e-01 0.000000e+00
1.556618e+00 -7.404833e-01 0.000000e+00
1.653146e+00 -7.855800e-01 0.000000e+00
1.720586e+00 -7.579291e-01 0.000000e+00
1.717335e+00 -7.500013e-01 0.000000e+00
1.649896e+00 -7.776522e-01 0.000000e+00
1.649896e+00 -7.776522e-01 0.000000e+00
1.717335e+00 -7.500013e-01 0.000000e+00
1.714085e+00 -7.420736e-01 0.000000e+00
1.646645e+00 -7.697245e-01 0.000000e+00
1.646645e+00 -7.697245e-01 0.000000e+00
1.714085e+00 -7.420736e-01 0.000000e+00
1.710835e+00 -7.341458e-01 0.000000e+00
1.643395e+00 -7.617968e-01 0.000000e+00
1.643395e+00 -7.617968e-01 0.000000e+00
1.710835e+00 -7.341458e-01 0.000000e+00
1.707584e+00 -7.262181e-01 0.000000e+00
1.640144e+00 -7.538690e-01 0.000000e+00
1.640144e+00 -7.538690e-01 0.000000e+00
1.707584e+00 -7.262181e-01 0.000000e+00
1.704334e+00 -7.182904e-01 0.000000e+00
1.636894e+00 -7.459413e-01 0.000000e+00
1.636894e+00 -7.459413e-01 0.000000e+00
1.704334e+00 -7.182904e-01 0.000000e+00
1.701083e+00 -7.103626e-01 0.000000e+00
1.633643e+00 -7.380135e-01 0.000000e+00
1.633643e+00 -7.380135e-01 0.000000e+00
1.701083e+00 -7.103626e-01 0.000000e+00
1.697833e+00 -7.024349e-01 0.000000e+00
1.630393e+00 -7.300858e-01 0.000000e+00
1.630393e+00 -7.300858e-01 0.000000e+00
1.697833e+00 -7.024349e-01 0.000000e+00
1.694582e+00 -6.945071e-01 0.000000e+00
1.627143e+00 -7.221581e-01 0.000000e+00
1.627143e+00 -7.221581e-01 0.000000e+00
1.694582e+00 -6.945071e-01 0.000000e+00
1.691332e+00 -6.865794e-01 0.000000e+00
1.623892e+00 -7.142303e-01 0.000000e+00
1.720636e+00 -7.579083e-01 0.000000e+00
1.788335e+00 -7.300388e-01 0.000000e+00
1.785074e+00 -7.221157e-01 0.000000e+00
1.717375e+00 -7.499852e-01 0.000000e+00
1.717375e+00 -7.499852e-01 0.000000e+00
1.785074e+00 -7.221157e-01 0.000000e+00
1.781812e+00 -7.141926e-01 0.000000e+00
1.714113e+00 -7.420620e-01 0.000000e+00
1.714113e+00 -7.420620e-01 0.000000e+00
1.781812e+00 -7.141926e-01 0.000000e+00
1.778550e+00 -7.062695e-01 0.000000e+00
1.710851e+00 -7.341389e-01 0.000000e+00
1.710851e+00 -7.341389e-01 0.000000e+00
1.778550e+00 -7.062695e-01 0.000000e+00
1.775289e+00 -6.983463e-01 0.000000e+00
1.707590e+00 -7.262158e-01 0.000000e+00
1.707590e+00 -7.262158e-01 0.000000e+00
1.775289e+00 -6.983463e-01 0.000000e+00
1.772027e+00 -6.904232e-01 0.000000e+00
1.704328e+00 -7.182927e-01 0.000000e+00
1.704328e+00 -7.182927e-01 0.000000e+00
1.772027e+00 -6.904232e-01 0.000000e+00
1.768765e+00 -6.825001e-01 0.000000e+00
1.701066e+00 -7.103695e-01 0.000000e+00
1.701066e+00 -7.103695e-01 0.000000e+00
1.768765e+00 -6.825001e-01 0.000000e+00
1.765504e+00 -6.745770e-01 0.000000e+00
1.697805e+00 -7.024464e-01 0.000000e+00
1.697805e+00 -7.024464e-01 0.000000e+00
1.765504e+00 -6.745770e-01 0.000000e+00
1.762242e+00 -6.666539e-01 0.000000e+00
1.694543e+00 -6.945233e-01 0.000000e+00
1.694543e+00 -6.945233e-01 0.000000e+00
1.762242e+00 -6.666539e-01 0.000000e+00
1.758980e+00 -6.587307e-01 0.000000e+00
1.691281e+00 -6.866002e-01 0.000000e+00
1.788342e+00 -7.300361e-01 0.000000e+00
1.856011e+00 -7.021644e-01 0.000000e+00
1.852748e+00 -6.942419e-01 0.000000e+00
1.785079e+00 -7.221136e-01 0.000000e+00
1.785079e+00 -7.221136e-01 0.000000e+00
1.852748e+00 -6.942419e-01 0.000000e+00
1.849485e+00 -6.863193e-01 0.000000e+00
1.781816e+00 -7.141911e-01 0.000000e+00
1.781816e+00 -7.141911e-01 0.000000e+00
1.849485e+00 -6.863193e-01 0.000000e+00
1.846221e+00 -6.783968e-01 0.000000e+00
1.778553e+00 -7.062686e-01 0.000000e+00
1.778553e+00 -7.062686e-01 0.000000e+00
1.846221e+00 -6.783968e-01 0.000000e+00
1.842958e+00 -6.704743e-01 0.000000e+00
1.775289e+00 -6.983460e-01 0.000000e+00
1.775289e+00 -6.983460e-01 0.000000e+00
1.842958e+00 -6.704743e-01 0.000000e+00
1.839695e+00 -6.625518e-01 0.000000e+00
1.772026e+00 -6.904235e-01 0.000000e+00
1.772026e+00 -6.904235e-01 0.000000e+00
1.839695e+00 -6.625518e-01 0.000000e+00
1.836432e+00 -6.546293e-01 0.000000e+00
1.768763e+00 -6.825010e-01 0.000000e+00
1.768763e+00 -6.825010e-01 0.000000e+00
1.836432e+00 -6.546293e-01 0.000000e+00
1.833169e+00 -6.467068e-01 0.000000e+00
1.765500e+00 -6.745785e-01 0.000000e+00
1.765500e+00 -6.745785e-01 0.000000e+00
1.833169e+00 -6.467068e-01 0.000000e+00
1.829906e+00 -6.387842e-01 0.000000e+00
1.762237e+00 -6.666560e-01 0.000000e+00
1.762237e+00 -6.666560e-01 0.000000e+00
1.829906e+00 -6.387842e-01 0.000000e+00
1.826643e+00 -6.308617e-01 0.000000e+00
1.758974e+00 -6.587334e-01 0.000000e+00
1.856112e+00 -7.021227e-01 0.000000e+00
1.922709e+00 -6.744718e-01 0.000000e+00
1.919423e+00 -6.665586e-01 0.000000e+00
1.852826e+00 -6.942095e-01 0.000000e+00
1.852826e+00 -6.942095e-01 0.000000e+00
1.919423e+00 -6.665586e-01 0.000000e+00
1.916138e+00 -6.586453e-01 0.000000e+00
1.849541e+00 -6.862962e-01 0.000000e+00
1.849541e+00 -6.862962e-01 0.000000e+00
1.916138e+00 -6.586453e-01 0.000000e+00
1.912852e+00 -6.507321e-01 0.000000e+00
1.846255e+00 -6.783829e-01 0.000000e+00
1.846255e+00 -6.783829e-01 0.000000e+00
1.912852e+00 -6.507321e-01 0.000000e+00
1.909567e+00 -6.428188e-01 0.000000e+00
1.842970e+00 -6.704697e-01 0.000000e+00
1.842970e+00 -6.704697e-01 0.000000e+00
1.909567e+00 -6.428188e-01 0.000000e+00
1.906281e+00 -6.349055e-01 0.000000e+00
1.839684e+00 -6.625564e-01 0.000000e+00
1.839684e+00 -6.625564e-01 0.000000e+00
1.906281e+00 -6.349055e-01 0.000000e+00
1.902996e+00 -6.269923e-01 0.000000e+00
1.836398e+00 -6.546432e-01 0.000000e+00
1.836398e+00 -6.546432e-01 0.000000e+00
1.902996e+00 -6.269923e-01 0.000000e+00
1.899710e+00 -6.190790e-01 0.000000e+00
1.833113e+00 -6.467299e-01 0.000000e+00
1.833113e+00 -6.467299e-01 0.000000e+00
1.899710e+00 -6.190790e-01 0.000000e+00
1.896425e+00 -6.111658e-01 0.000000e+00
1.829827e+00 -6.388166e-01 0.000000e+00
1.829827e+00 -6.388166e-01 0.000000e+00
1.896425e+00 -6.111658e-01 0.000000e+00
1.893139e+00 -6.032525e-01 0.000000e+00
1.826542e+00 -6.309034e-01 0.000000e+00
1.923014e+00 -6.743438e-01 0.000000e+00
1.989415e+00 -6.461049e-01 0.000000e+00
1.986061e+00 -6.382201e-01 0.000000e+00
1.919660e+00 -6.664590e-01 0.000000e+00
1.919660e+00 -6.664590e-01 0.000000e+00
1.986061e+00 -6.382201e-01 0.000000e+00
1.982708e+00 -6.303353e-01 0.000000e+00
1.916307e+00 -6.585742e-01 0.000000e+00
1.916307e+00 -6.585742e-01 0.000000e+00
1.982708e+00 -6.303353e-01 0.000000e+00
1.979355e+00 -6.224505e-01 0.000000e+00
1.912954e+00 -6.506894e-01 0.000000e+00
1.912954e+00 -6.506894e-01 0.000000e+00
1.979355e+00 -6.224505e-01 0.000000e+00
1.976002e+00 -6.145657e-01 0.000000e+00
1.909601e+00 -6.428046e-01 0.000000e+00
1.909601e+00 -6.428046e-01 0.000000e+00
1.976002e+00 -6.145657e-01 0.000000e+00
1.972648e+00 -6.066809e-01 0.000000e+00
1.906247e+00 -6.349198e-01 0.000000e+00
1.906247e+00 -6.349198e-01 0.000000e+00
1.972648e+00 -6.066809e-01 0.000000e+00
1.969295e+00 -5.987960e-01 0.000000e+00
1.902894e+00 -6.270350e-01 0.000000e+00
1.902894e+00 -6.270350e-01 0.000000e+00
1.969295e+00 -5.987960e-01 0.000000e+00
1.965942e+00 -5.909112e-01 0.000000e+00
1.899541e+00 -6.191501e-01 0.000000e+00
1.899541e+00 -6.191501e-01 0.000000e+00
1.965942e+00 -5.909112e-01 0.000000e+00
1.962589e+00 -5.830264e-01 0.000000e+00
1.896188e+00 -6.112653e-01 0.000000e+00
1.896188e+00 -6.112653e-01 0.000000e+00
1.962589e+00 -5.830264e-01 0.000000e+00
1.959236e+00 -5.751416e-01 0.000000e+00
1.892834e+00 -6.033805e-01 0.000000e+00
1.989430e+00 -6.460984e-01 0.000000e+00
2.055971e+00 -6.177660e-01 0.000000e+00
2.052614e+00 -6.098827e-01 0.000000e+00
1.986073e+00 -6.382150e-01 0.000000e+00
1.986073e+00 -6.382150e-01 0.000000e+00
2.052614e+00 -6.098827e-01 0.000000e+00
2.049257e+00 -6.019993e-01 0.000000e+00
1.982717e+00 -6.303317e-01 0.000000e+00
1.982717e+00 -6.303317e-01 0.000000e+00
2.049257e+00 -6.019993e-01 0.000000e+00
2.045901e+00 -5.941160e-01 0.000000e+00
1.979360e+00 -6.224483e-01 0.000000e+00
1.979360e+00 -6.224483e-01 0.000000e+00
2.045901e+00 -5.941160e-01 0.000000e+00
2.042544e+00 -5.862326e-01 0.000000e+00
1.976003e+00 -6.145649e-01 0.000000e+00
1.976003e+00 -6.145649e-01 0.000000e+00
2.042544e+00 -5.862326e-01 0.000000e+00
2.039187e+00 -5.783492e-01 0.000000e+00
1.972647e+00 -6.066816e-01 0.000000e+00
1.972647e+00 -6.066816e-01 0.000000e+00
2.039187e+00 -5.783492e-01 0.000000e+00
2.035831e+00 -5.704659e-01 0.000000e+00
1.969290e+00 -5.987982e-01 0.000000e+00
1.969290e+00 -5.987982e-01 0.000000e+00
2.035831e+00 -5.704659e-01 0.000000e+00
2.032474e+00 -5.625825e-01 0.000000e+00
1.965933e+00 -5.909149e-01 0.000000e+00
1.965933e+00 -5.909149e-01 0.000000e+00
2.032474e+00 -5.625825e-01 0.000000e+00
2.029117e+00 -5.546992e-01 0.000000e+00
1.962577e+00 -5.830315e-01 0.000000e+00
1.962577e+00 -5.830315e-01 0.000000e+00
2.029117e+00 -5.546992e-01 0.000000e+00
2.025761e+00 -5.468158e-01 0.000000e+00
1.959220e+00 -5.751482e-01 0.000000e+00
2.055971e+00 -6.177659e-01 0.000000e+00
2.122516e+00 -5.894307e-01 0.000000e+00
2.119160e+00 -5.815474e-01 0.000000e+00
2.052614e+00 -6.098826e-01 0.000000e+00
2.052614e+00 -6.098826e-01 0.000000e+00
2.119160e+00 -5.815474e-01 0.000000e+00
2.115803e+00 -5.736641e-01 0.000000e+00
2.049257e+00 -6.019992e-01 0.000000e+00
2.049257e+00 -6.019992e-01 0.000000e+00
2.115803e+00 -5.736641e-01 0.000000e+00
2.112446e+00 -5.657808e-01 0.000000e+00
2.045901e+00 -5.941159e-01 0.000000e+00
2.045901e+00 -5.941159e-01 0.000000e+00
2.112446e+00 -5.657808e-01 0.000000e+00
2.109089e+00 -5.578974e-01 0.000000e+00
2.042544e+00 -5.862326e-01 0.000000e+00
2.042544e+00 -5.862326e-01 0.000000e+00
2.109089e+00 -5.578974e-01 0.000000e+00
2.105733e+00 -5.500141e-01 0.000000e+00
2.039187e+00 -5.783493e-01 0.000000e+00
2.039187e+00 -5.783493e-01 0.000000e+00
2.105733e+00 -5.500141e-01 0.000000e+00
2.102376e+00 -5.421308e-01 0.000000e+00
2.035830e+00 -5.704659e-01 0.000000e+00
2.035830e+00 -5.704659e-01 0.000000e+00
2.102376e+00 -5.421308e-01 0.000000e+00
2.099019e+00 -5.342474e-01 0.000000e+00
2.032474e+00 -5.625826e-01 0.000000e+00
2.032474e+00 -5.625826e-01 0.000000e+00
2.099019e+00 -5.342474e-01 0.000000e+00
2.095663e+00 -5.263641e-01 0.000000e+00
2.029117e+00 -5.546993e-01 0.000000e+00
2.029117e+00 -5.546993e-01 0.000000e+00
2.095663e+00 -5.263641e-01 0.000000e+00
2.092306e+00 -5.184808e-01 0.000000e+00
2.025760e+00 -5.468159e-01 0.000000e+00
2.122521e+00 -5.894286e-01 0.000000e+00
2.189059e+00 -5.610860e-01 0.000000e+00
2.185701e+00 -5.532031e-01 0.000000e+00
2.119163e+00 -5.815458e-01 0.000000e+00
2.119163e+00 -5.815458e-01 0.000000e+00
2.185701e+00 -5.532031e-01 0.000000e+00
2.182343e+00 -5.453203e-01 0.000000e+00
2.115806e+00 -5.736629e-01 0.000000e+00
2.115806e+00 -5.736629e-01 0.000000e+00
2.182343e+00 -5.453203e-01 0.000000e+00
2.178985e+00 -5.374374e-01 0.000000e+00
2.112448e+00 -5.657801e-01 0.000000e+00
2.112448e+00 -5.657801e-01 0.000000e+00
2.178985e+00 -5.374374e-01 0.000000e+00
2.175627e+00 -5.295546e-01 0.000000e+00
2.109090e+00 -5.578972e-01 0.000000e+00
2.109090e+00 -5.578972e-01 0.000000e+00
2.175627e+00 -5.295546e-01 0.000000e+00
2.172270e+00 -5.216717e-01 0.000000e+00
2.105732e+00 -5.500143e-01 0.000000e+00
2.105732e+00 -5.500143e-01 0.000000e+00
2.172270e+00 -5.216717e-01 0.000000e+00
2.168912e+00 -5.137888e-01 0.000000e+00
2.102374e+00 -5.421315e-01 0.000000e+00
2.102374e+00 -5.421315e-01 0.000000e+00
2.168912e+00 -5.137888e-01 0.000000e+00
2.165554e+00 -5.059060e-01 0.000000e+00
2.099017e+00 -5.342486e-01 0.000000e+00
2.099017e+00 -5.342486e-01 0.000000e+00
2.165554e+00 -5.059060e-01 0.000000e+00
2.162196e+00 -4.980231e-01 0.000000e+00
2.095659e+00 -5.263657e-01 0.000000e+00
2.095659e+00 -5.263657e-01 0.000000e+00
2.162196e+00 -4.980231e-01 0.000000e+00
2.158838e+00 -4.901402e-01 0.000000e+00
2.092301e+00 -5.184829e-01 0.000000e+00
2.189067e+00 -5.610823e-01 0.000000e+00
2.255603e+00 -5.327209e-01 0.000000e+00
2.252244e+00 -5.248389e-01 0.000000e+00
2.185708e+00 -5.532002e-01 0.000000e+00
2.185708e+00 -5.532002e-01 0.000000e+00
2.252244e+00 -5.248389e-01 0.000000e+00
2.248884e+00 -5.169569e-01 0.000000e+00
2.182348e+00 -5.453182e-01 0.000000e+00
2.182348e+00 -5.453182e-01 0.000000e+00
2.248884e+00 -5.169569e-01 0.000000e+00
2.245524e+00 -5.090748e-01 0.000000e+00
2.178988e+00 -5.374362e-01 0.000000e+00
2.178988e+00 -5.374362e-01 0.000000e+00
2.245524e+00 -5.090748e-01 0.000000e+00
2.242164e+00 -5.011928e-01 0.000000e+00
2.175628e+00 -5.295541e-01 0.000000e+00
2.175628e+00 -5.295541e-01 0.000000e+00
2.242164e+00 -5.011928e-01 0.000000e+00
2.238805e+00 -4.933108e-01 0.000000e+00
2.172269e+00 -5.216721e-01 0.000000e+00
2.172269e+00 -5.216721e-01 0.000000e+00
2.238805e+00 -4.933108e-01 0.000000e+00
2.235445e+00 -4.854287e-01 0.000000e+00
2.168909e+00 -5.137901e-01 0.000000e+00
2.168909e+00 -5.137901e-01 0.000000e+00
2.235445e+00 -4.854287e-01 0.000000e+00
2.232085e+00 -4.775467e-01 0.000000e+00
2.165549e+00 -5.059080e-01 0.000000e+00
2.165549e+00 -5.059080e-01 0.000000e+00
2.232085e+00 -4.775467e-01 0.000000e+00
2.228725e+00 -4.696647e-01 0.000000e+00
2.162189e+00 -4.980260e-01 0.000000e+00
2.162189e+00 -4.980260e-01 0.000000e+00
2.228725e+00 -4.696647e-01 0.000000e+00
2.225366e+00 -4.617826e-01 0.000000e+00
2.158830e+00 -4.901440e-01 0.000000e+00
2.255597e+00 -5.327236e-01 0.000000e+00
2.322147e+00 -5.043702e-01 0.000000e+00
2.318789e+00 -4.964875e-01 0.000000e+00
2.252239e+00 -5.248410e-01 0.000000e+00
2.252239e+00 -5.248410e-01 0.000000e+00
2.318789e+00 -4.964875e-01 0.000000e+00
2.315431e+00 -4.886049e-01 0.000000e+00
2.248880e+00 -5.169584e-01 0.000000e+00
2.248880e+00 -5.169584e-01 0.000000e+00
2.315431e+00 -4.886049e-01 0.000000e+00
2.312072e+00 -4.807223e-01 0.000000e+00
2.245522e+00 -5.090757e-01 0.000000e+00
2.245522e+00 -5.090757e-01 0.000000e+00
2.312072e+00 -4.807223e-01 0.000000e+00
2.308714e+00 -4.728397e-01 0.000000e+00
2.242164e+00 -5.011931e-01 0.000000e+00
2.242164e+00 -5.011931e-01 0.000000e+00
2.308714e+00 -4.728397e-01 0.000000e+00
2.305356e+00 -4.649570e-01 0.000000e+00
2.238805e+00 -4.933105e-01 0.000000e+00
2.238805e+00 -4.933105e-01 0.000000e+00
2.305356e+00 -4.649570e-01 0.000000e+00
2.301997e+00 -4.570744e-01 0.000000e+00
2.235447e+00 -4.854278e-01 0.000000e+00
2.235447e+00 -4.854278e-01 0.000000e+00
2.301997e+00 -4.570744e-01 0.000000e+00
2.298639e+00 -4.491918e-01 0.000000e+00
2.232089e+00 -4.775452e-01 0.000000e+00
2.232089e+00 -4.775452e-01 0.000000e+00
2.298639e+00 -4.491918e-01 0.000000e+00
2.295280e+00 -4.413091e-01 0.000000e+00
2.228730e+00 -4.696626e-01 0.000000e+00
2.228730e+00 -4.696626e-01 0.000000e+00
2.295280e+00 -4.413091e-01 0.000000e+00
2.291922e+00 -4.334265e-01 0.000000e+00
2.225372e+00 -4.617799e-01 0.000000e+00
2.322138e+00 -5.043743e-01 0.000000e+00
2.388812e+00 -4.759893e-01 0.000000e+00
2.385456e+00 -4.681057e-01 0.000000e+00
2.318782e+00 -4.964907e-01 0.000000e+00
2.318782e+00 -4.964907e-01 0.000000e+00
2.385456e+00 -4.681057e-01 0.000000e+00
2.382099e+00 -4.602222e-01 0.000000e+00
2.315425e+00 -4.886072e-01 0.000000e+00
2.315425e+00 -4.886072e-01 0.000000e+00
2.382099e+00 -4.602222e-01 0.000000e+00
2.378743e+00 -4.523387e-01 0.000000e+00
2.312069e+00 -4.807236e-01 0.000000e+00
2.312069e+00 -4.807236e-01 0.000000e+00
2.378743e+00 -4.523387e-01 0.000000e+00
2.375387e+00 -4.444551e-01 0.000000e+00
2.308713e+00 -4.728401e-01 0.000000e+00
2.308713e+00 -4.728401e-01 0.000000e+00
2.375387e+00 -4.444551e-01 0.000000e+00
2.372031e+00 -4.365716e-01 0.000000e+00
2.305357e+00 -4.649566e-01 0.000000e+00
2.305357e+00 -4.649566e-01 0.000000e+00
2.372031e+00 -4.365716e-01 0.000000e+00
2.368674e+00 -4.286881e-01 0.000000e+00
2.302000e+00 -4.570730e-01 0.000000e+00
2.302000e+00 -4.570730e-01 0.000000e+00
2.368674e+00 -4.286881e-01 0.000000e+00
2.365318e+00 -4.208045e-01 0.000000e+00
2.298644e+00 -4.491895e-01 0.000000e+00
2.298644e+00 -4.491895e-01 0.000000e+00
2.365318e+00 -4.208045e-01 0.000000e+00
2.361962e+00 -4.129210e-01 0.000000e+00
2.295288e+00 -4.413060e-01 0.000000e+00
2.295288e+00 -4.413060e-01 0.000000e+00
2.361962e+00 -4.129210e-01 0.000000e+00
2.358606e+00 -4.050374e-01 0.000000e+00
2.291932e+00 -4.334224e-01 0.000000e+00
2.388573e+00 -4.760901e-01 0.000000e+00
2.455532e+00 -4.481143e-01 0.000000e+00
2.452229e+00 -4.402084e-01 0.000000e+00
2.385270e+00 -4.681842e-01 0.000000e+00
2.385270e+00 -4.681842e-01 0.000000e+00
2.452229e+00 -4.402084e-01 0.000000e+00
2.448926e+00 -4.323024e-01 0.000000e+00
2.381967e+00 -4.602782e-01 0.000000e+00
2.381967e+00 -4.602782e-01 0.000000e+00
2.448926e+00 -4.323024e-01 0.000000e+00
2.445623e+00 -4.243965e-01 0.000000e+00
2.378663e+00 -4.523723e-01 0.000000e+00
2.378663e+00 -4.523723e-01 0.000000e+00
2.445623e+00 -4.243965e-01 0.000000e+00
2.442320e+00 -4.164906e-01 0.000000e+00
2.375360e+00 -4.444663e-01 0.000000e+00
2.375360e+00 -4.444663e-01 0.000000e+00
2.442320e+00 -4.164906e-01 0.000000e+00
2.439017e+00 -4.085846e-01 0.000000e+00
2.372057e+00 -4.365604e-01 0.000000e+00
2.372057e+00 -4.365604e-01 0.000000e+00
2.439017e+00 -4.085846e-01 0.000000e+00
2.435714e+00 -4.006787e-01 0.000000e+00
2.368754e+00 -4.286544e-01 0.000000e+00
2.368754e+00 -4.286544e-01 0.000000e+00
2.435714e+00 -4.006787e-01 0.000000e+00
2.432411e+00 -3.927727e-01 0.000000e+00
2.365451e+00 -4.207485e-01 0.000000e+00
2.365451e+00 -4.207485e-01 0.000000e+00
2.432411e+00 -3.927727e-01 0.000000e+00
2.429108e+00 -3.848668e-01 0.000000e+00
2.362148e+00 -4.128426e-01 0.000000e+00
2.362148e+00 -4.128426e-01 0.000000e+00
2.429108e+00 -3.848668e-01 0.000000e+00
2.425804e+00 -3.769608e-01 0.000000e+00
2.358845e+00 -4.049366e-01 0.000000e+00
2.455329e+00 -4.481987e-01 0.000000e+00
2.522336e+00 -4.206515e-01 0.000000e+00
2.519078e+00 -4.127268e-01 0.000000e+00
2.452071e+00 -4.402740e-01 0.000000e+00
2.452071e+00 -4.402740e-01 0.000000e+00
2.519078e+00 -4.127268e-01 0.000000e+00
2.515820e+00 -4.048022e-01 0.000000e+00
2.448813e+00 -4.323493e-01 0.000000e+00
2.448813e+00 -4.323493e-01 0.000000e+00
2.515820e+00 -4.048022e-01 0.000000e+00
2.512563e+00 -3.968775e-01 0.000000e+00
2.445555e+00 -4.244246e-01 0.000000e+00
2.445555e+00 -4.244246e-01 0.000000e+00
2.512563e+00 -3.968775e-01 0.000000e+00
2.509305e+00 -3.889528e-01 0.000000e+00
2.442297e+00 -4.164999e-01 0.000000e+00
2.442297e+00 -4.164999e-01 0.000000e+00
2.509305e+00 -3.889528e-01 0.000000e+00
2.506047e+00 -3.810281e-01 0.000000e+00
2.439039e+00 -4.085752e-01 0.000000e+00
2.439039e+00 -4.085752e-01 0.000000e+00
2.506047e+00 -3.810281e-01 0.000000e+00
2.502789e+00 -3.731034e-01 0.000000e+00
2.435782e+00 -4.006506e-01 0.000000e+00
2.435782e+00 -4.006506e-01 0.000000e+00
2.502789e+00 -3.731034e-01 0.000000e+00
2.499531e+00 -3.651787e-01 0.000000e+00
2.432524e+00 -3.927259e-01 0.000000e+00
2.432524e+00 -3.927259e-01 0.000000e+00
2.499531e+00 -3.651787e-01 0.000000e+00
2.496273e+00 -3.572540e-01 0.000000e+00
2.429266e+00 -3.848012e-01 0.000000e+00
2.429266e+00 -3.848012e-01 0.000000e+00
2.496273e+00 -3.572540e-01 0.000000e+00
2.493015e+00 -3.493294e-01 0.000000e+00
2.426008e+00 -3.768765e-01 0.000000e+00
2.522320e+00 -4.206582e-01 0.000000e+00
2.589277e+00 -3.931675e-01 0.000000e+00
2.586023e+00 -3.852413e-01 0.000000e+00
2.519066e+00 -4.127321e-01 0.000000e+00
2.519066e+00 -4.127321e-01 0.000000e+00
2.586023e+00 -3.852413e-01 0.000000e+00
2.582769e+00 -3.773151e-01 0.000000e+00
2.515811e+00 -4.048059e-01 0.000000e+00
2.515811e+00 -4.048059e-01 0.000000e+00
2.582769e+00 -3.773151e-01 0.000000e+00
2.579514e+00 -3.693890e-01 0.000000e+00
2.512557e+00 -3.968797e-01 0.000000e+00
2.512557e+00 -3.968797e-01 0.000000e+00
2.579514e+00 -3.693890e-01 0.000000e+00
2.576260e+00 -3.614628e-01 0.000000e+00
2.509303e+00 -3.889535e-01 0.000000e+00
2.509303e+00 -3.889535e-01 0.000000e+00
2.576260e+00 -3.614628e-01 0.000000e+00
2.573006e+00 -3.535366e-01 0.000000e+00
2.506049e+00 -3.810274e-01 0.000000e+00
2.506049e+00 -3.810274e-01 0.000000e+00
2.573006e+00 -3.535366e-01 0.000000e+00
2.569752e+00 -3.456104e-01 0.000000e+00
2.502794e+00 -3.731012e-01 0.000000e+00
2.502794e+00 -3.731012e-01 0.000000e+00
2.569752e+00 -3.456104e-01 0.000000e+00
2.566497e+00 -3.376843e-01 0.000000e+00
2.499540e+00 -3.651750e-01 0.000000e+00
2.499540e+00 -3.651750e-01 0.000000e+00
2.566497e+00 -3.376843e-01 0.000000e+00
2.563243e+00 -3.297581e-01 0.000000e+00
2.496286e+00 -3.572488e-01 0.000000e+00
2.496286e+00 -3.572488e-01 0.000000e+00
2.563243e+00 -3.297581e-01 0.000000e+00
2.559989e+00 -3.218319e-01 0.000000e+00
2.493032e+00 -3.493226e-01 0.000000e+00
2.589198e+00 -3.932000e-01 0.000000e+00
2.656537e+00 -3.657277e-01 0.000000e+00
2.653300e+00 -3.577943e-01 0.000000e+00
2.585961e+00 -3.852666e-01 0.000000e+00
2.585961e+00 -3.852666e-01 0.000000e+00
2.653300e+00 -3.577943e-01 0.000000e+00
2.650064e+00 -3.498609e-01 0.000000e+00
2.582725e+00 -3.773332e-01 0.000000e+00
2.582725e+00 -3.773332e-01 0.000000e+00
2.650064e+00 -3.498609e-01 0.000000e+00
2.646827e+00 -3.419275e-01 0.000000e+00
2.579488e+00 -3.693998e-01 0.000000e+00
2.579488e+00 -3.693998e-01 0.000000e+00
2.646827e+00 -3.419275e-01 0.000000e+00
2.643590e+00 -3.339941e-01 0.000000e+00
2.576251e+00 -3.614664e-01 0.000000e+00
2.576251e+00 -3.614664e-01 0.000000e+00
2.643590e+00 -3.339941e-01 0.000000e+00
2.640354e+00 -3.260607e-01 0.000000e+00
2.573015e+00 -3.535330e-01 0.000000e+00
2.573015e+00 -3.535330e-01 0.000000e+00
2.640354e+00 -3.260607e-01 0.000000e+00
2.637117e+00 -3.181273e-01 0.000000e+00
2.569778e+00 -3.455996e-01 0.000000e+00
2.569778e+00 -3.455996e-01 0.000000e+00
2.637117e+00 -3.181273e-01 0.000000e+00
2.633881e+00 -3.101938e-01 0.000000e+00
2.566542e+00 -3.376662e-01 0.000000e+00
2.566542e+00 -3.376662e-01 0.000000e+00
2.633881e+00 -3.101938e-01 0.000000e+00
2.630644e+00 -3.022604e-01 0.000000e+00
2.563305e+00 -3.297328e-01 0.000000e+00
2.563305e+00 -3.297328e-01 0.000000e+00
2.630644e+00 -3.022604e-01 0.000000e+00
2.627407e+00 -2.943270e-01 0.000000e+00
2.560068e+00 -3.217994e-01 0.000000e+00
2.655877e+00 -3.659897e-01 0.000000e+00
2.723775e+00 -3.397364e-01 0.000000e+00
2.720685e+00 -3.317448e-01 0.000000e+00
2.652787e+00 -3.579981e-01 0.000000e+00
2.652787e+00 -3.579981e-01 0.000000e+00
2.720685e+00 -3.317448e-01 0.000000e+00
2.717595e+00 -3.237531e-01 0.000000e+00
2.649697e+00 -3.500064e-01 0.000000e+00
2.649697e+00 -3.500064e-01 0.000000e+00
2.717595e+00 -3.237531e-01 0.000000e+00
2.714505e+00 -3.157615e-01 0.000000e+00
2.646607e+00 -3.420148e-01 0.000000e+00
2.646607e+00 -3.420148e-01 0.000000e+00
2.714505e+00 -3.157615e-01 0.000000e+00
2.711415e+00 -3.077699e-01 0.000000e+00
2.643517e+00 -3.340232e-01 0.000000e+00
2.643517e+00 -3.340232e-01 0.000000e+00
2.711415e+00 -3.077699e-01 0.000000e+00
2.708325e+00 -2.997782e-01 0.000000e+00
2.640427e+00 -3.260315e-01 0.000000e+00
2.640427e+00 -3.260315e-01 0.000000e+00
2.708325e+00 -2.997782e-01 0.000000e+00
2.705235e+00 -2.917866e-01 0.000000e+00
2.637337e+00 -3.180399e-01 0.000000e+00
2.637337e+00 -3.180399e-01 0.000000e+00
2.705235e+00 -2.917866e-01 0.000000e+00
2.702145e+00 -2.837950e-01 0.000000e+00
2.634247e+00 -3.100483e-01 0.000000e+00
2.634247e+00 -3.100483e-01 0.000000e+00
2.702145e+00 -2.837950e-01 0.000000e+00
2.699055e+00 -2.758033e-01 0.000000e+00
2.631157e+00 -3.020566e-01 0.000000e+00
2.631157e+00 -3.020566e-01 0.000000e+00
2.699055e+00 -2.758033e-01 0.000000e+00
2.695965e+00 -2.678117e-01 0.000000e+00
2.628067e+00 -2.940650e-01 0.000000e+00
2.723564e+00 -3.398175e-01 0.000000e+00
2.791296e+00 -3.140848e-01 0.000000e+00
2.788252e+00 -3.060751e-01 0.000000e+00
2.720521e+00 -3.318078e-01 0.000000e+00
2.720521e+00 -3.318078e-01 0.000000e+00
2.788252e+00 -3.060751e-01 0.000000e+00
2.785209e+00 -2.980655e-01 0.000000e+00
2.717478e+00 -3.237982e-01 0.000000e+00
2.717478e+00 -3.237982e-01 0.000000e+00
2.785209e+00 -2.980655e-01 0.000000e+00
2.782166e+00 -2.900558e-01 0.000000e+00
2.714435e+00 -3.157885e-01 0.000000e+00
2.714435e+00 -3.157885e-01 0.000000e+00
2.782166e+00 -2.900558e-01 0.000000e+00
2.779123e+00 -2.820462e-01 0.000000e+00
2.711392e+00 -3.077789e-01 0.000000e+00
2.711392e+00 -3.077789e-01 0.000000e+00
2.779123e+00 -2.820462e-01 0.000000e+00
2.776080e+00 -2.740365e-01 0.000000e+00
2.708349e+00 -2.997692e-01 0.000000e+00
2.708349e+00 -2.997692e-01 0.000000e+00
2.776080e+00 -2.740365e-01 0.000000e+00
2.773037e+00 -2.660269e-01 0.000000e+00
2.705306e+00 -2.917596e-01 0.000000e+00
2.705306e+00 -2.917596e-01 0.000000e+00
2.773037e+00 -2.660269e-01 0.000000e+00
2.769994e+00 -2.580173e-01 0.000000e+00
2.702263e+00 -2.837499e-01 0.000000e+00
2.702263e+00 -2.837499e-01 0.000000e+00
2.769994e+00 -2.580173e-01 0.000000e+00
2.766951e+00 -2.500076e-01 0.000000e+00
2.699220e+00 -2.757403e-01 0.000000e+00
2.699220e+00 -2.757403e-01 0.000000e+00
2.766951e+00 -2.500076e-01 0.000000e+00
2.763908e+00 -2.419980e-01 0.000000e+00
2.696176e+00 -2.677306e-01 0.000000e+00
2.791272e+00 -3.140938e-01 0.000000e+00
2.859123e+00 -2.883670e-01 0.000000e+00
2.856085e+00 -2.803553e-01 0.000000e+00
2.788234e+00 -3.060822e-01 0.000000e+00
2.788234e+00 -3.060822e-01 0.000000e+00
2.856085e+00 -2.803553e-01 0.000000e+00
2.853047e+00 -2.723437e-01 0.000000e+00
2.785196e+00 -2.980705e-01 0.000000e+00
2.785196e+00 -2.980705e-01 0.000000e+00
2.853047e+00 -2.723437e-01 0.000000e+00
2.850010e+00 -2.643320e-01 0.000000e+00
2.782158e+00 -2.900589e-01 0.000000e+00
2.782158e+00 -2.900589e-01 0.000000e+00
2.850010e+00 -2.643320e-01 0.000000e+00
2.846972e+00 -2.563204e-01 0.000000e+00
2.779121e+00 -2.820472e-01 0.000000e+00
2.779121e+00 -2.820472e-01 0.000000e+00
2.846972e+00 -2.563204e-01 0.000000e+00
2.843934e+00 -2.483087e-01 0.000000e+00
2.776083e+00 -2.740355e-01 0.000000e+00
2.776083e+00 -2.740355e-01 0.000000e+00
2.843934e+00 -2.483087e-01 0.000000e+00
2.840896e+00 -2.402971e-01 0.000000e+00
2.773045e+00 -2.660239e-01 0.000000e+00
2.773045e+00 -2.660239e-01 0.000000e+00
2.840896e+00 -2.402971e-01 0.000000e+00
2.837859e+00 -2.322854e-01 0.000000e+00
2.770008e+00 -2.580122e-01 0.000000e+00
2.770008e+00 -2.580122e-01 0.000000e+00
2.837859e+00 -2.322854e-01 0.000000e+00
2.834821e+00 -2.242738e-01 0.000000e+00
2.766970e+00 -2.500006e-01 0.000000e+00
2.766970e+00 -2.500006e-01 0.000000e+00
2.834821e+00 -2.242738e-01 0.000000e+00
2.831783e+00 -2.162621e-01 0.000000e+00
2.763932e+00 -2.419889e-01 0.000000e+00
2.858705e+00 -2.885227e-01 0.000000e+00
2.927303e+00 -2.634164e-01 0.000000e+00
2.924358e+00 -2.553701e-01 0.000000e+00
2.855760e+00 -2.804764e-01 0.000000e+00
2.855760e+00 -2.804764e-01 0.000000e+00
2.924358e+00 -2.553701e-01 0.000000e+00
2.921413e+00 -2.473239e-01 0.000000e+00
2.852815e+00 -2.724302e-01 0.000000e+00
2.852815e+00 -2.724302e-01 0.000000e+00
2.921413e+00 -2.473239e-01 0.000000e+00
2.918468e+00 -2.392776e-01 0.000000e+00
2.849870e+00 -2.643839e-01 0.000000e+00
2.849870e+00 -2.643839e-01 0.000000e+00
2.918468e+00 -2.392776e-01 0.000000e+00
2.915523e+00 -2.312314e-01 0.000000e+00
2.846925e+00 -2.563377e-01 0.000000e+00
2.846925e+00 -2.563377e-01 0.000000e+00
2.915523e+00 -2.312314e-01 0.000000e+00
2.912578e+00 -2.231851e-01 0.000000e+00
2.843981e+00 -2.482914e-01 0.000000e+00
2.843981e+00 -2.482914e-01 0.000000e+00
2.912578e+00 -2.231851e-01 0.000000e+00
2.909633e+00 -2.151389e-01 0.000000e+00
2.841036e+00 -2.402452e-01 0.000000e+00
2.841036e+00 -2.402452e-01 0.000000e+00
2.909633e+00 -2.151389e-01 0.000000e+00
2.906689e+00 -2.070926e-01 0.000000e+00
2.838091e+00 -2.321989e-01 0.000000e+00
2.838091e+00 -2.321989e-01 0.000000e+00
2.906689e+00 -2.070926e-01 0.000000e+00
2.903744e+00 -1.990464e-01 0.000000e+00
2.835146e+00 -2.241527e-01 0.000000e+00
2.835146e+00 -2.241527e-01 0.000000e+00
2.903744e+00 -1.990464e-01 0.000000e+00
2.900799e+00 -1.910001e-01 0.000000e+00
2.832201e+00 -2.161064e-01 0.000000e+00
2.926356e+00 -2.637490e-01 0.000000e+00
2.995397e+00 -2.404991e-01 0.000000e+00
2.992663e+00 -2.323789e-01 0.000000e+00
2.923621e+00 -2.556288e-01 0.000000e+00
2.923621e+00 -2.556288e-01 0.000000e+00
2.992663e+00 -2.323789e-01 0.000000e+00
2.989928e+00 -2.242588e-01 0.000000e+00
2.920887e+00 -2.475087e-01 0.000000e+00
2.920887e+00 -2.475087e-01 0.000000e+00
2.989928e+00 -2.242588e-01 0.000000e+00
2.987194e+00 -2.161386e-01 0.000000e+00
2.918152e+00 -2.393885e-01 0.000000e+00
2.918152e+00 -2.393885e-01 0.000000e+00
2.987194e+00 -2.161386e-01 0.000000e+00
2.984459e+00 -2.080184e-01 0.000000e+00
2.915418e+00 -2.312683e-01 0.000000e+00
2.915418e+00 -2.312683e-01 0.000000e+00
2.984459e+00 -2.080184e-01 0.000000e+00
2.981725e+00 -1.998983e-01 0.000000e+00
2.912683e+00 -2.231482e-01 0.000000e+00
2.912683e+00 -2.231482e-01 0.000000e+00
2.981725e+00 -1.998983e-01 0.000000e+00
2.978990e+00 -1.917781e-01 0.000000e+00
2.909949e+00 -2.150280e-01 0.000000e+00
2.909949e+00 -2.150280e-01 0.000000e+00
2.978990e+00 -1.917781e-01 0.000000e+00
2.976256e+00 -1.836579e-01 0.000000e+00
2.907214e+00 -2.069078e-01 0.000000e+00
2.907214e+00 -2.069078e-01 0.000000e+00
2.976256e+00 -1.836579e-01 0.000000e+00
2.973521e+00 -1.755378e-01 0.000000e+00
2.904480e+00 -1.987877e-01 0.000000e+00
2.904480e+00 -1.987877e-01 0.000000e+00
2.973521e+00 -1.755378e-01 0.000000e+00
2.970787e+00 -1.674176e-01 0.000000e+00
2.901746e+00 -1.906675e-01 0.000000e+00
2.995362e+00 -2.405111e-01 0.000000e+00
3.063966e+00 -2.174833e-01 0.000000e+00
3.061239e+00 -2.093605e-01 0.000000e+00
2.992635e+00 -2.323883e-01 0.000000e+00
2.992635e+00 -2.323883e-01 0.000000e+00
3.061239e+00 -2.093605e-01 0.000000e+00
3.058513e+00 -2.012376e-01 0.000000e+00
2.989909e+00 -2.242654e-01 0.000000e+00
2.989909e+00 -2.242654e-01 0.000000e+00
3.058513e+00 -2.012376e-01 0.000000e+00
3.055786e+00 -1.931148e-01 0.000000e+00
2.987182e+00 -2.161426e-01 0.000000e+00
2.987182e+00 -2.161426e-01 0.000000e+00
3.055786e+00 -1.931148e-01 0.000000e+00
3.053060e+00 -1.849920e-01 0.000000e+00
2.984455e+00 -2.080198e-01 0.000000e+00
2.984455e+00 -2.080198e-01 0.000000e+00
3.053060e+00 -1.849920e-01 0.000000e+00
3.050333e+00 -1.768691e-01 0.000000e+00
2.981729e+00 -1.998969e-01 0.000000e+00
2.981729e+00 -1.998969e-01 0.000000e+00
3.050333e+00 -1.768691e-01 0.000000e+00
3.047607e+00 -1.687463e-01 0.000000e+00
2.979002e+00 -1.917741e-01 0.000000e+00
2.979002e+00 -1.917741e-01 0.000000e+00
3.047607e+00 -1.687463e-01 0.000000e+00
3.044880e+00 -1.606234e-01 0.000000e+00
2.976276e+00 -1.836512e-01 0.000000e+00
2.976276e+00 -1.836512e-01 0.000000e+00
3.044880e+00 -1.606234e-01 0.000000e+00
3.042154e+00 -1.525006e-01 0.000000e+00
2.973549e+00 -1.755284e-01 0.000000e+00
2.973549e+00 -1.755284e-01 0.000000e+00
3.042154e+00 -1.525006e-01 0.000000e+00
3.039427e+00 -1.443778e-01 0.000000e+00
2.970823e+00 -1.674056e-01 0.000000e+00
3.063928e+00 -2.174960e-01 0.000000e+00
3.133257e+00 -1.943046e-01 0.000000e+00
3.130539e+00 -1.861790e-01 0.000000e+00
3.061210e+00 -2.093703e-01 0.000000e+00
3.061210e+00 -2.093703e-01 0.000000e+00
3.130539e+00 -1.861790e-01 0.000000e+00
3.127820e+00 -1.780533e-01 0.000000e+00
3.058492e+00 -2.012447e-01 0.000000e+00
3.058492e+00 -2.012447e-01 0.000000e+00
3.127820e+00 -1.780533e-01 0.000000e+00
3.125102e+00 -1.699276e-01 0.000000e+00
3.055774e+00 -1.931190e-01 0.000000e+00
3.055774e+00 -1.931190e-01 0.000000e+00
3.125102e+00 -1.699276e-01 0.000000e+00
3.122384e+00 -1.618020e-01 0.000000e+00
3.053055e+00 -1.849934e-01 0.000000e+00
3.053055e+00 -1.849934e-01 0.000000e+00
3.122384e+00 -1.618020e-01 0.000000e+00
3.119666e+00 -1.536763e-01 0.000000e+00
3.050337e+00 -1.768677e-01 0.000000e+00
3.050337e+00 -1.768677e-01 0.000000e+00
3.119666e+00 -1.536763e-01 0.000000e+00
3.116948e+00 -1.455507e-01 0.000000e+00
3.047619e+00 -1.687421e-01 0.000000e+00
3.047619e+00 -1.687421e-01 0.000000e+00
3.116948e+00 -1.455507e-01 0.000000e+00
3.114230e+00 -1.374250e-01 0.000000e+00
3.044901e+00 -1.606164e-01 0.000000e+00
3.044901e+00 -1.606164e-01 0.000000e+00
3.114230e+00 -1.374250e-01 0.000000e+00
3.111512e+00 -1.292994e-01 0.000000e+00
3.042183e+00 -1.524908e-01 0.000000e+00
3.042183e+00 -1.524908e-01 0.000000e+00
3.111512e+00 -1.292994e-01 0.000000e+00
3.108793e+00 -1.211737e-01 0.000000e+00
3.039465e+00 -1.443651e-01 0.000000e+00
3.131819e+00 -1.947545e-01 0.000000e+00
3.202076e+00 -1.742667e-01 0.000000e+00
3.199678e+00 -1.660411e-01 0.000000e+00
3.129420e+00 -1.865288e-01 0.000000e+00
3.129420e+00 -1.865288e-01 0.000000e+00
3.199678e+00 -1.660411e-01 0.000000e+00
3.197279e+00 -1.578155e-01 0.000000e+00
3.127022e+00 -1.783032e-01 0.000000e+00
3.127022e+00 -1.783032e-01 0.000000e+00
3.197279e+00 -1.578155e-01 0.000000e+00
3.194880e+00 -1.495898e-01 0.000000e+00
3.124623e+00 -1.700776e-01 0.000000e+00
3.124623e+00 -1.700776e-01 0.000000e+00
3.194880e+00 -1.495898e-01 0.000000e+00
3.192482e+00 -1.413642e-01 0.000000e+00
3.122224e+00 -1.618520e-01 0.000000e+00
3.122224e+00 -1.618520e-01 0.000000e+00
3.192482e+00 -1.413642e-01 0.000000e+00
3.190083e+00 -1.331386e-01 0.000000e+00
3.119826e+00 -1.536264e-01 0.000000e+00
3.119826e+00 -1.536264e-01 0.000000e+00
3.190083e+00 -1.331386e-01 0.000000e+00
3.187684e+00 -1.249130e-01 0.000000e+00
3.117427e+00 -1.454007e-01 0.000000e+00
3.117427e+00 -1.454007e-01 0.000000e+00
3.187684e+00 -1.249130e-01 0.000000e+00
3.185286e+00 -1.166874e-01 0.000000e+00
3.115028e+00 -1.371751e-01 0.000000e+00
3.115028e+00 -1.371751e-01 0.000000e+00
3.185286e+00 -1.166874e-01 0.000000e+00
3.182887e+00 -1.084617e-01 0.000000e+00
3.112630e+00 -1.289495e-01 0.000000e+00
3.112630e+00 -1.289495e-01 0.000000e+00
3.182887e+00 -1.084617e-01 0.000000e+00
3.180488e+00 -1.002361e-01 0.000000e+00
3.110231e+00 -1.207239e-01 0.000000e+00
3.201876e+00 -1.743244e-01 0.000000e+00
3.271561e+00 -1.544114e-01 0.000000e+00
3.269207e+00 -1.461729e-01 0.000000e+00
3.199522e+00 -1.660860e-01 0.000000e+00
3.199522e+00 -1.660860e-01 0.000000e+00
3.269207e+00 -1.461729e-01 0.000000e+00
3.266852e+00 -1.379345e-01 0.000000e+00
3.197168e+00 -1.578475e-01 0.000000e+00
3.197168e+00 -1.578475e-01 0.000000e+00
3.266852e+00 -1.379345e-01 0.000000e+00
3.264498e+00 -1.296960e-01 0.000000e+00
3.194814e+00 -1.496091e-01 0.000000e+00
3.194814e+00 -1.496091e-01 0.000000e+00
3.264498e+00 -1.296960e-01 0.000000e+00
3.262144e+00 -1.214575e-01 0.000000e+00
3.192459e+00 -1.413706e-01 0.000000e+00
3.192459e+00 -1.413706e-01 0.000000e+00
3.262144e+00 -1.214575e-01 0.000000e+00
3.259790e+00 -1.132191e-01 0.000000e+00
3.190105e+00 -1.331322e-01 0.000000e+00
3.190105e+00 -1.331322e-01 0.000000e+00
3.259790e+00 -1.132191e-01 0.000000e+00
3.257435e+00 -1.049806e-01 0.000000e+00
3.187751e+00 -1.248937e-01 0.000000e+00
3.187751e+00 -1.248937e-01 0.000000e+00
3.257435e+00 -1.049806e-01 0.000000e+00
3.255081e+00 -9.674219e-02 0.000000e+00
3.185397e+00 -1.166553e-01 0.000000e+00
3.185397e+00 -1.166553e-01 0.000000e+00
3.255081e+00 -9.674219e-02 0.000000e+00
3.252727e+00 -8.850373e-02 0.000000e+00
3.183042e+00 -1.084168e-01 0.000000e+00
3.183042e+00 -1.084168e-01 0.000000e+00
3.252727e+00 -8.850373e-02 0.000000e+00
3.250373e+00 -8.026528e-02 0.000000e+00
3.180688e+00 -1.001784e-01 0.000000e+00
3.271478e+00 -1.544349e-01 0.000000e+00
3.341677e+00 -1.345443e-01 0.000000e+00
3.339341e+00 -1.263006e-01 0.000000e+00
3.269142e+00 -1.461912e-01 0.000000e+00
3.269142e+00 -1.461912e-01 0.000000e+00
3.339341e+00 -1.263006e-01 0.000000e+00
3.337005e+00 -1.180569e-01 0.000000e+00
3.266806e+00 -1.379475e-01 0.000000e+00
3.266806e+00 -1.379475e-01 0.000000e+00
3.337005e+00 -1.180569e-01 0.000000e+00
3.334669e+00 -1.098132e-01 0.000000e+00
3.264470e+00 -1.297039e-01 0.000000e+00
3.264470e+00 -1.297039e-01 0.000000e+00
3.334669e+00 -1.098132e-01 0.000000e+00
3.332333e+00 -1.015696e-01 0.000000e+00
3.262135e+00 -1.214602e-01 0.000000e+00
3.262135e+00 -1.214602e-01 0.000000e+00
3.332333e+00 -1.015696e-01 0.000000e+00
3.329998e+00 -9.332587e-02 0.000000e+00
3.259799e+00 -1.132165e-01 0.000000e+00
3.259799e+00 -1.132165e-01 0.000000e+00
3.329998e+00 -9.332587e-02 0.000000e+00
3.327662e+00 -8.508218e-02 0.000000e+00
3.257463e+00 -1.049728e-01 0.000000e+00
3.257463e+00 -1.049728e-01 0.000000e+00
3.327662e+00 -8.508218e-02 0.000000e+00
3.325326e+00 -7.683849e-02 0.000000e+00
3.255127e+00 -9.672910e-02 0.000000e+00
3.255127e+00 -9.672910e-02 0.000000e+00
3.325326e+00 -7.683849e-02 0.000000e+00
3.322990e+00 -6.859480e-02 0.000000e+00
3.252791e+00 -8.848541e-02 0.000000e+00
3.252791e+00 -8.848541e-02 0.000000e+00
3.322990e+00 -6.859480e-02 0.000000e+00
3.320654e+00 -6.035111e-02 0.000000e+00
3.250456e+00 -8.024172e-02 0.000000e+00
3.340538e+00 -1.348482e-01 0.000000e+00
3.411593e+00 -1.170413e-01 0.000000e+00
3.409510e+00 -1.087301e-01 0.000000e+00
3.338455e+00 -1.265370e-01 0.000000e+00
3.338455e+00 -1.265370e-01 0.000000e+00
3.409510e+00 -1.087301e-01 0.000000e+00
3.407427e+00 -1.004189e-01 0.000000e+00
3.336373e+00 -1.182257e-01 0.000000e+00
3.336373e+00 -1.182257e-01 0.000000e+00
3.407427e+00 -1.004189e-01 0.000000e+00
3.405345e+00 -9.210771e-02 0.000000e+00
3.334290e+00 -1.099145e-01 0.000000e+00
3.334290e+00 -1.099145e-01 0.000000e+00
3.405345e+00 -9.210771e-02 0.000000e+00
3.403262e+00 -8.379650e-02 0.000000e+00
3.332207e+00 -1.016033e-01 0.000000e+00
3.332207e+00 -1.016033e-01 0.000000e+00
3.403262e+00 -8.379650e-02 0.000000e+00
3.401179e+00 -7.548528e-02 0.000000e+00
3.330124e+00 -9.329210e-02 0.000000e+00
3.330124e+00 -9.329210e-02 0.000000e+00
3.401179e+00 -7.548528e-02 0.000000e+00
3.399096e+00 -6.717407e-02 0.000000e+00
3.328041e+00 -8.498089e-02 0.000000e+00
3.328041e+00 -8.498089e-02 0.000000e+00
3.399096e+00 -6.717407e-02 0.000000e+00
3.397013e+00 -5.886286e-02 0.000000e+00
3.325958e+00 -7.666968e-02 0.000000e+00
3.325958e+00 -7.666968e-02 0.000000e+00
3.397013e+00 -5.886286e-02 0.000000e+00
3.394930e+00 -5.055165e-02 0.000000e+00
3.323876e+00 -6.835847e-02 0.000000e+00
3.323876e+00 -6.835847e-02 0.000000e+00
3.394930e+00 -5.055165e-02 0.000000e+00
3.392847e+00 -4.224044e-02 0.000000e+00
3.321793e+00 -6.004726e-02 0.000000e+00
3.410923e+00 -1.172030e-01 0.000000e+00
3.481742e+00 -1.007957e-01 0.000000e+00
3.479808e+00 -9.244852e-02 0.000000e+00
3.408989e+00 -1.088559e-01 0.000000e+00
3.408989e+00 -1.088559e-01 0.000000e+00
3.479808e+00 -9.244852e-02 0.000000e+00
3.477874e+00 -8.410139e-02 0.000000e+00
3.407055e+00 -1.005087e-01 0.000000e+00
3.407055e+00 -1.005087e-01 0.000000e+00
3.477874e+00 -8.410139e-02 0.000000e+00
3.475940e+00 -7.575425e-02 0.000000e+00
3.405121e+00 -9.216159e-02 0.000000e+00
3.405121e+00 -9.216159e-02 0.000000e+00
3.475940e+00 -7.575425e-02 0.000000e+00
3.474006e+00 -6.740712e-02 0.000000e+00
3.403187e+00 -8.381446e-02 0.000000e+00
3.403187e+00 -8.381446e-02 0.000000e+00
3.474006e+00 -6.740712e-02 0.000000e+00
3.472072e+00 -5.905998e-02 0.000000e+00
3.401253e+00 -7.546732e-02 0.000000e+00
3.401253e+00 -7.546732e-02 0.000000e+00
3.472072e+00 -5.905998e-02 0.000000e+00
3.470139e+00 -5.071285e-02 0.000000e+00
3.399319e+00 -6.712019e-02 0.000000e+00
3.399319e+00 -6.712019e-02 0.000000e+00
3.470139e+00 -5.071285e-02 0.000000e+00
3.468205e+00 -4.236571e-02 0.000000e+00
3.397386e+00 -5.877305e-02 0.000000e+00
3.397386e+00 -5.877305e-02 0.000000e+00
3.468205e+00 -4.236571e-02 0.000000e+00
3.466271e+00 -3.401858e-02 0.000000e+00
3.395452e+00 -5.042592e-02 0.000000e+00
3.395452e+00 -5.042592e-02 0.000000e+00
3.466271e+00 -3.401858e-02 0.000000e+00
3.464337e+00 -2.567144e-02 0.000000e+00
3.393518e+00 -4.207878e-02 0.000000e+00
3.481697e+00 -1.008059e-01 0.000000e+00
3.552892e+00 -8.440011e-02 0.000000e+00
3.550968e+00 -7.605070e-02 0.000000e+00
3.479773e+00 -9.245650e-02 0.000000e+00
3.479773e+00 -9.245650e-02 0.000000e+00
3.550968e+00 -7.605070e-02 0.000000e+00
3.549044e+00 -6.770128e-02 0.000000e+00
3.477849e+00 -8.410708e-02 0.000000e+00
3.477849e+00 -8.410708e-02 0.000000e+00
3.549044e+00 -6.770128e-02 0.000000e+00
3.547120e+00 -5.935187e-02 0.000000e+00
3.475925e+00 -7.575767e-02 0.000000e+00
3.475925e+00 -7.575767e-02 0.000000e+00
3.547120e+00 -5.935187e-02 0.000000e+00
3.545196e+00 -5.100246e-02 0.000000e+00
3.474001e+00 -6.740826e-02 0.000000e+00
3.474001e+00 -6.740826e-02 0.000000e+00
3.545196e+00 -5.100246e-02 0.000000e+00
3.543272e+00 -4.265304e-02 0.000000e+00
3.472077e+00 -5.905884e-02 0.000000e+00
3.472077e+00 -5.905884e-02 0.000000e+00
3.543272e+00 -4.265304e-02 0.000000e+00
3.541348e+00 -3.430363e-02 0.000000e+00
3.470153e+00 -5.070943e-02 0.000000e+00
3.470153e+00 -5.070943e-02 0.000000e+00
3.541348e+00 -3.430363e-02 0.000000e+00
3.539424e+00 -2.595422e-02 0.000000e+00
3.468229e+00 -4.236002e-02 0.000000e+00
3.468229e+00 -4.236002e-02 0.000000e+00
3.539424e+00 -2.595422e-02 0.000000e+00
3.537500e+00 -1.760480e-02 0.000000e+00
3.466305e+00 -3.401060e-02 0.000000e+00
3.466305e+00 -3.401060e-02 0.000000e+00
3.537500e+00 -1.760480e-02 0.000000e+00
3.535576e+00 -9.255390e-03 0.000000e+00
3.464381e+00 -2.566119e-02 0.000000e+00
3.551508e+00 -8.469238e-02 0.000000e+00
3.623636e+00 -7.083608e-02 0.000000e+00
3.622019e+00 -6.242172e-02 0.000000e+00
3.549892e+00 -7.627802e-02 0.000000e+00
3.549892e+00 -7.627802e-02 0.000000e+00
3.622019e+00 -6.242172e-02 0.000000e+00
3.620403e+00 -5.400736e-02 0.000000e+00
3.548275e+00 -6.786366e-02 0.000000e+00
3.548275e+00 -6.786366e-02 0.000000e+00
3.620403e+00 -5.400736e-02 0.000000e+00
3.618786e+00 -4.559299e-02 0.000000e+00
3.546659e+00 -5.944929e-02 0.000000e+00
3.546659e+00 -5.944929e-02 0.000000e+00
3.618786e+00 -4.559299e-02 0.000000e+00
3.617170e+00 -3.717863e-02 0.000000e+00
3.545042e+00 -5.103493e-02 0.000000e+00
3.545042e+00 -5.103493e-02 0.000000e+00
3.617170e+00 -3.717863e-02 0.000000e+00
3.615553e+00 -2.876427e-02 0.000000e+00
3.543426e+00 -4.262057e-02 0.000000e+00
3.543426e+00 -4.262057e-02 0.000000e+00
3.615553e+00 -2.876427e-02 0.000000e+00
3.613937e+00 -2.034991e-02 0.000000e+00
3.541809e+00 -3.420621e-02 0.000000e+00
3.541809e+00 -3.420621e-02 0.000000e+00
3.613937e+00 -2.034991e-02 0.000000e+00
3.612320e+00 -1.193554e-02 0.000000e+00
3.540193e+00 -2.579184e-02 0.000000e+00
3.540193e+00 -2.579184e-02 0.000000e+00
3.612320e+00 -1.193554e-02 0.000000e+00
3.610704e+00 -3.521180e-03 0.000000e+00
3.538576e+00 -1.737748e-02 0.000000e+00
3.538576e+00 -1.737748e-02 0.000000e+00
3.610704e+00 -3.521180e-03 0.000000e+00
3.609087e+00 4.893183e-03 0.000000e+00
3.536960e+00 -8.963117e-03 0.000000e+00
3.622807e+00 -7.098596e-02 0.000000e+00
3.694565e+00 -5.881972e-02 0.000000e+00
3.693132e+00 -5.037205e-02 0.000000e+00
3.621374e+00 -6.253829e-02 0.000000e+00
3.621374e+00 -6.253829e-02 0.000000e+00
3.693132e+00 -5.037205e-02 0.000000e+00
3.691700e+00 -4.192438e-02 0.000000e+00
3.619942e+00 -5.409062e-02 0.000000e+00
3.619942e+00 -5.409062e-02 0.000000e+00
3.691700e+00 -4.192438e-02 0.000000e+00
3.690268e+00 -3.347671e-02 0.000000e+00
3.618510e+00 -4.564295e-02 0.000000e+00
3.618510e+00 -4.564295e-02 0.000000e+00
3.690268e+00 -3.347671e-02 0.000000e+00
3.688836e+00 -2.502904e-02 0.000000e+00
3.617078e+00 -3.719528e-02 0.000000e+00
3.617078e+00 -3.719528e-02 0.000000e+00
3.688836e+00 -2.502904e-02 0.000000e+00
3.687403e+00 -1.658138e-02 0.000000e+00
3.615645e+00 -2.874762e-02 0.000000e+00
3.615645e+00 -2.874762e-02 0.000000e+00
3.687403e+00 -1.658138e-02 0.000000e+00
3.685971e+00 -8.133706e-03 0.000000e+00
3.614213e+00 -2.029995e-02 0.000000e+00
3.614213e+00 -2.029995e-02 0.000000e+00
3.685971e+00 -8.133706e-03 0.000000e+00
3.684539e+00 3.139631e-04 0.000000e+00
3.612781e+00 -1.185228e-02 0.000000e+00
3.612781e+00 -1.185228e-02 0.000000e+00
3.684539e+00 3.139631e-04 0.000000e+00
3.683107e+00 8.761632e-03 0.000000e+00
3.611349e+00 -3.404608e-03 0.000000e+00
3.611349e+00 -3.404608e-03 0.000000e+00
3.683107e+00 8.761632e-03 0.000000e+00
3.681674e+00 1.720930e-02 0.000000e+00
3.609916e+00 5.043062e-03 0.000000e+00
3.694495e+00 -5.883148e-02 0.000000e+00
3.766805e+00 -4.670815e-02 0.000000e+00
3.765388e+00 -3.825787e-02 0.000000e+00
3.693078e+00 -5.038120e-02 0.000000e+00
3.693078e+00 -5.038120e-02 0.000000e+00
3.765388e+00 -3.825787e-02 0.000000e+00
3.763971e+00 -2.980759e-02 0.000000e+00
3.691661e+00 -4.193092e-02 0.000000e+00
3.691661e+00 -4.193092e-02 0.000000e+00
3.763971e+00 -2.980759e-02 0.000000e+00
3.762554e+00 -2.135730e-02 0.000000e+00
3.690245e+00 -3.348063e-02 0.000000e+00
3.690245e+00 -3.348063e-02 0.000000e+00
3.762554e+00 -2.135730e-02 0.000000e+00
3.761138e+00 -1.290702e-02 0.000000e+00
3.688828e+00 -2.503035e-02 0.000000e+00
3.688828e+00 -2.503035e-02 0.000000e+00
3.761138e+00 -1.290702e-02 0.000000e+00
3.759721e+00 -4.456739e-03 0.000000e+00
3.687411e+00 -1.658007e-02 0.000000e+00
3.687411e+00 -1.658007e-02 0.000000e+00
3.759721e+00 -4.456739e-03 0.000000e+00
3.758304e+00 3.993544e-03 0.000000e+00
3.685994e+00 -8.129786e-03 0.000000e+00
3.685994e+00 -8.129786e-03 0.000000e+00
3.758304e+00 3.993544e-03 0.000000e+00
3.756887e+00 1.244383e-02 0.000000e+00
3.684578e+00 3.204964e-04 0.000000e+00
3.684578e+00 3.204964e-04 0.000000e+00
3.756887e+00 1.244383e-02 0.000000e+00
3.755471e+00 2.089411e-02 0.000000e+00
3.683161e+00 8.770779e-03 0.000000e+00
3.683161e+00 8.770779e-03 0.000000e+00
3.755471e+00 2.089411e-02 0.000000e+00
3.754054e+00 2.934439e-02 0.000000e+00
3.681744e+00 1.722106e-02 0.000000e+00
3.761722e+00 2.985344e-02 0.000000e+00
3.836009e+00 2.736033e-02 0.000000e+00
3.835722e+00 1.879693e-02 0.000000e+00
3.761435e+00 2.129004e-02 0.000000e+00
3.761435e+00 2.129004e-02 0.000000e+00
3.835722e+00 1.879693e-02 0.000000e+00
3.835434e+00 1.023352e-02 0.000000e+00
3.761148e+00 1.272663e-02 0.000000e+00
3.761148e+00 1.272663e-02 0.000000e+00
3.835434e+00 1.023352e-02 0.000000e+00
3.835147e+00 1.670117e-03 0.000000e+00
3.760860e+00 4.163227e-03 0.000000e+00
3.760860e+00 4.163227e-03 0.000000e+00
3.835147e+00 1.670117e-03 0.000000e+00
3.834860e+00 -6.893288e-03 0.000000e+00
3.760573e+00 -4.400178e-03 0.000000e+00
3.760573e+00 -4.400178e-03 0.000000e+00
3.834860e+00 -6.893288e-03 0.000000e+00
3.834572e+00 -1.545669e-02 0.000000e+00
3.760285e+00 -1.296358e-02 0.000000e+00
3.760285e+00 -1.296358e-02 0.000000e+00
3.834572e+00 -1.545669e-02 0.000000e+00
3.834285e+00 -2.402010e-02 0.000000e+00
3.759998e+00 -2.152699e-02 0.000000e+00
3.759998e+00 -2.152699e-02 0.000000e+00
3.834285e+00 -2.402010e-02 0.000000e+00
3.833997e+00 -3.258350e-02 0.000000e+00
3.759711e+00 -3.009039e-02 0.000000e+00
3.759711e+00 -3.009039e-02 0.000000e+00
3.833997e+00 -3.258350e-02 0.000000e+00
3.833710e+00 -4.114691e-02 0.000000e+00
3.759423e+00 -3.865380e-02 0.000000e+00
3.759423e+00 -3.865380e-02 0.000000e+00
3.833710e+00 -4.114691e-02 0.000000e+00
3.833423e+00 -4.971031e-02 0.000000e+00
3.759136e+00 -4.721720e-02 0.000000e+00
3.835475e+00 5.107583e-03 0.000000e+00
3.910939e+00 1.587783e-03 0.000000e+00
3.910770e+00 -2.030566e-03 0.000000e+00
3.835307e+00 1.489234e-03 0.000000e+00
3.835307e+00 1.489234e-03 0.000000e+00
3.910770e+00 -2.030566e-03 0.000000e+00
3.910602e+00 -5.648916e-03 0.000000e+00
3.835138e+00 -2.129116e-03 0.000000e+00
3.835138e+00 -2.129116e-03 0.000000e+00
3.910602e+00 -5.648916e-03 0.000000e+00
3.910433e+00 -9.267266e-03 0.000000e+00
3.834969e+00 -5.747466e-03 0.000000e+00
3.834969e+00 -5.747466e-03 0.000000e+00
3.910433e+00 -9.267266e-03 0.000000e+00
3.910264e+00 -1.288562e-02 0.000000e+00
3.834800e+00 -9.365815e-03 0.000000e+00
3.834800e+00 -9.365815e-03 0.000000e+00
3.910264e+00 -1.288562e-02 0.000000e+00
3.910095e+00 -1.650396e-02 0.000000e+00
3.834631e+00 -1.298416e-02 0.000000e+00
3.834631e+00 -1.298416e-02 0.000000e+00
3.910095e+00 -1.650396e-02 0.000000e+00
3.909927e+00 -2.012231e-02 0.000000e+00
3.834463e+00 -1.660251e-02 0.000000e+00
3.834463e+00 -1.660251e-02 0.000000e+00
3.909927e+00 -2.012231e-02 0.000000e+00
3.909758e+00 -2.374066e-02 0.000000e+00
3.834294e+00 -2.022086e-02 0.000000e+00
3.834294e+00 -2.022086e-02 0.000000e+00
3.909758e+00 -2.374066e-02 0.000000e+00
3.909589e+00 -2.735901e-02 0.000000e+00
3.834125e+00 -2.383921e-02 0.000000e+00
3.834125e+00 -2.383921e-02 0.000000e+00
3.909589e+00 -2.735901e-02 0.000000e+00
3.909420e+00 -3.097736e-02 0.000000e+00
3.833956e+00 -2.745756e-02 0.000000e+00
3.911570e+00 -3.093565e-02 0.000000e+00
3.986174e+00 -2.454859e-02 0.000000e+00
3.985865e+00 -2.093951e-02 0.000000e+00
3.911261e+00 -2.732657e-02 0.000000e+00
3.911261e+00 -2.732657e-02 0.000000e+00
3.985865e+00 -2.093951e-02 0.000000e+00
3.985556e+00 -1.733043e-02 0.000000e+00
3.910952e+00 -2.371749e-02 0.000000e+00
3.910952e+00 -2.371749e-02 0.000000e+00
3.985556e+00 -1.733043e-02 0.000000e+00
3.985247e+00 -1.372135e-02 0.000000e+00
3.910643e+00 -2.010841e-02 0.000000e+00
3.910643e+00 -2.010841e-02 0.000000e+00
3.985247e+00 -1.372135e-02 0.000000e+00
3.984938e+00 -1.011227e-02 0.000000e+00
3.910334e+00 -1.649933e-02 0.000000e+00
3.910334e+00 -1.649933e-02 0.000000e+00
3.984938e+00 -1.011227e-02 0.000000e+00
3.984629e+00 -6.503189e-03 0.000000e+00
3.910025e+00 -1.289025e-02 0.000000e+00
3.910025e+00 -1.289025e-02 0.000000e+00
3.984629e+00 -6.503189e-03 0.000000e+00
3.984320e+00 -2.894108e-03 0.000000e+00
3.909716e+00 -9.281168e-03 0.000000e+00
3.909716e+00 -9.281168e-03 0.000000e+00
3.984320e+00 -2.894108e-03 0.000000e+00
3.984011e+00 7.149726e-04 0.000000e+00
3.909407e+00 -5.672087e-03 0.000000e+00
3.909407e+00 -5.672087e-03 0.000000e+00
3.984011e+00 7.149726e-04 0.000000e+00
3.983702e+00 4.324054e-03 0.000000e+00
3.909098e+00 -2.063006e-03 0.000000e+00
3.909098e+00 -2.063006e-03 0.000000e+00
3.983702e+00 4.324054e-03 0.000000e+00
3.983393e+00 7.933135e-03 0.000000e+00
3.908789e+00 1.546075e-03 0.000000e+00
3.985404e+00 -2.459618e-02 0.000000e+00
4.060178e+00 -2.174675e-02 0.000000e+00
4.060040e+00 -1.812710e-02 0.000000e+00
3.985267e+00 -2.097653e-02 0.000000e+00
3.985267e+00 -2.097653e-02 0.000000e+00
4.060040e+00 -1.812710e-02 0.000000e+00
4.059902e+00 -1.450744e-02 0.000000e+00
3.985129e+00 -1.735687e-02 0.000000e+00
3.985129e+00 -1.735687e-02 0.000000e+00
4.059902e+00 -1.450744e-02 0.000000e+00
4.059765e+00 -1.088778e-02 0.000000e+00
3.984991e+00 -1.373721e-02 0.000000e+00
3.984991e+00 -1.373721e-02 0.000000e+00
4.059765e+00 -1.088778e-02 0.000000e+00
4.059627e+00 -7.268128e-03 0.000000e+00
3.984853e+00 -1.011756e-02 0.000000e+00
3.984853e+00 -1.011756e-02 0.000000e+00
4.059627e+00 -7.268128e-03 0.000000e+00
4.059489e+00 -3.648472e-03 0.000000e+00
3.984715e+00 -6.497902e-03 0.000000e+00
3.984715e+00 -6.497902e-03 0.000000e+00
4.059489e+00 -3.648472e-03 0.000000e+00
4.059351e+00 -2.881583e-05 0.000000e+00
3.984577e+00 -2.878246e-03 0.000000e+00
3.984577e+00 -2.878246e-03 0.000000e+00
4.059351e+00 -2.881583e-05 0.000000e+00
4.059213e+00 3.590840e-03 0.000000e+00
3.984439e+00 7.414103e-04 0.000000e+00
3.984439e+00 7.414103e-04 0.000000e+00
4.059213e+00 3.590840e-03 0.000000e+00
4.059075e+00 7.210496e-03 0.000000e+00
3.984301e+00 4.361066e-03 0.000000e+00
3.984301e+00 4.361066e-03 0.000000e+00
4.059075e+00 7.210496e-03 0.000000e+00
4.058937e+00 1.083015e-02 0.000000e+00
3.984163e+00 7.980723e-03 0.000000e+00
4.060057e+00 -2.175094e-02 0.000000e+00
4.134820e+00 -1.946122e-02 0.000000e+00
4.134709e+00 -1.584063e-02 0.000000e+00
4.059946e+00 -1.813035e-02 0.000000e+00
4.059946e+00 -1.813035e-02 0.000000e+00
4.134709e+00 -1.584063e-02 0.000000e+00
4.134598e+00 -1.222004e-02 0.000000e+00
4.059835e+00 -1.450976e-02 0.000000e+00
4.059835e+00 -1.450976e-02 0.000000e+00
4.134598e+00 -1.222004e-02 0.000000e+00
4.134487e+00 -8.599459e-03 0.000000e+00
4.059724e+00 -1.088918e-02 0.000000e+00
4.059724e+00 -1.088918e-02 0.000000e+00
4.134487e+00 -8.599459e-03 0.000000e+00
4.134376e+00 -4.978873e-03 0.000000e+00
4.059613e+00 -7.268593e-03 0.000000e+00
4.059613e+00 -7.268593e-03 0.000000e+00
4.134376e+00 -4.978873e-03 0.000000e+00
4.134265e+00 -1.358287e-03 0.000000e+00
4.059502e+00 -3.648007e-03 0.000000e+00
4.059502e+00 -3.648007e-03 0.000000e+00
4.134265e+00 -1.358287e-03 0.000000e+00
4.134154e+00 2.262299e-03 0.000000e+00
4.059391e+00 -2.742142e-05 0.000000e+00
4.059391e+00 -2.742142e-05 0.000000e+00
4.134154e+00 2.262299e-03 0.000000e+00
4.134043e+00 5.882884e-03 0.000000e+00
4.059280e+00 3.593164e-03 0.000000e+00
4.059280e+00 3.593164e-03 0.000000e+00
4.134043e+00 5.882884e-03 0.000000e+00
4.133932e+00 9.503470e-03 0.000000e+00
4.059170e+00 7.213750e-03 0.000000e+00
4.059170e+00 7.213750e-03 0.000000e+00
4.133932e+00 9.503470e-03 0.000000e+00
4.133822e+00 1.312406e-02 0.000000e+00
4.059059e+00 1.083434e-02 0.000000e+00
4.134106e+00 -1.946745e-02 0.000000e+00
4.208972e+00 -2.045175e-02 0.000000e+00
4.209020e+00 -1.682978e-02 0.000000e+00
4.134154e+00 -1.584548e-02 0.000000e+00
4.134154e+00 -1.584548e-02 0.000000e+00
4.209020e+00 -1.682978e-02 0.000000e+00
4.209067e+00 -1.320781e-02 0.000000e+00
4.134201e+00 -1.222351e-02 0.000000e+00
4.134201e+00 -1.222351e-02 0.000000e+00
4.209067e+00 -1.320781e-02 0.000000e+00
4.209115e+00 -9.585835e-03 0.000000e+00
4.134249e+00 -8.601535e-03 0.000000e+00
4.134249e+00 -8.601535e-03 0.000000e+00
4.209115e+00 -9.585835e-03 0.000000e+00
4.209163e+00 -5.963865e-03 0.000000e+00
4.134297e+00 -4.979565e-03 0.000000e+00
4.134297e+00 -4.979565e-03 0.000000e+00
4.209163e+00 -5.963865e-03 0.000000e+00
4.209210e+00 -2.341895e-03 0.000000e+00
4.134344e+00 -1.357595e-03 0.000000e+00
4.134344e+00 -1.357595e-03 0.000000e+00
4.209210e+00 -2.341895e-03 0.000000e+00
4.209258e+00 1.280075e-03 0.000000e+00
4.134392e+00 2.264375e-03 0.000000e+00
4.134392e+00 2.264375e-03 0.000000e+00
4.209258e+00 1.280075e-03 0.000000e+00
4.209306e+00 4.902046e-03 0.000000e+00
4.134440e+00 5.886346e-03 0.000000e+00
4.134440e+00 5.886346e-03 0.000000e+00
4.209306e+00 4.902046e-03 0.000000e+00
4.209353e+00 8.524016e-03 0.000000e+00
4.134487e+00 9.508316e-03 0.000000e+00
4.134487e+00 9.508316e-03 0.000000e+00
4.209353e+00 8.524016e-03 0.000000e+00
4.209401e+00 1.214599e-02 0.000000e+00
4.134535e+00 1.313029e-02 0.000000e+00
4.209695e+00 1.213946e-02 0.000000e+00
4.284506e+00 9.804511e-03 0.000000e+00
4.284393e+00 6.183991e-03 0.000000e+00
4.209582e+00 8.518941e-03 0.000000e+00
4.209582e+00 8.518941e-03 0.000000e+00
4.284393e+00 6.183991e-03 0.000000e+00
4.284280e+00 2.563471e-03 0.000000e+00
4.209469e+00 4.898421e-03 0.000000e+00
4.209469e+00 4.898421e-03 0.000000e+00
4.284280e+00 2.563471e-03 0.000000e+00
4.284167e+00 -1.057050e-03 0.000000e+00
4.209356e+00 1.277900e-03 0.000000e+00
4.209356e+00 1.277900e-03 0.000000e+00
4.284167e+00 -1.057050e-03 0.000000e+00
4.284054e+00 -4.677570e-03 0.000000e+00
4.209243e+00 -2.342620e-03 0.000000e+00
4.209243e+00 -2.342620e-03 0.000000e+00
4.284054e+00 -4.677570e-03 0.000000e+00
4.283941e+00 -8.298090e-03 0.000000e+00
4.209130e+00 -5.963140e-03 0.000000e+00
4.209130e+00 -5.963140e-03 0.000000e+00
4.283941e+00 -8.298090e-03 0.000000e+00
4.283828e+00 -1.191861e-02 0.000000e+00
4.209017e+00 -9.583660e-03 0.000000e+00
4.209017e+00 -9.583660e-03 0.000000e+00
4.283828e+00 -1.191861e-02 0.000000e+00
4.283715e+00 -1.553913e-02 0.000000e+00
4.208904e+00 -1.320418e-02 0.000000e+00
4.208904e+00 -1.320418e-02 0.000000e+00
4.283715e+00 -1.553913e-02 0.000000e+00
4.283602e+00 -1.915965e-02 0.000000e+00
4.208791e+00 -1.682470e-02 0.000000e+00
4.208791e+00 -1.682470e-02 0.000000e+00
4.283602e+00 -1.915965e-02 0.000000e+00
4.283489e+00 -2.278017e-02 0.000000e+00
4.208678e+00 -2.044522e-02 0.000000e+00
4.285141e+00 9.772288e-03 0.000000e+00
4.359891e+00 4.515598e-03 0.000000e+00
4.359636e+00 9.022382e-04 0.000000e+00
4.284887e+00 6.158928e-03 0.000000e+00
4.284887e+00 6.158928e-03 0.000000e+00
4.359636e+00 9.022382e-04 0.000000e+00
4.359382e+00 -2.711121e-03 0.000000e+00
4.284633e+00 2.545569e-03 0.000000e+00
4.284633e+00 2.545569e-03 0.000000e+00
4.359382e+00 -2.711121e-03 0.000000e+00
4.359128e+00 -6.324481e-03 0.000000e+00
4.284379e+00 -1.067791e-03 0.000000e+00
4.284379e+00 -1.067791e-03 0.000000e+00
4.359128e+00 -6.324481e-03 0.000000e+00
4.358874e+00 -9.937840e-03 0.000000e+00
4.284125e+00 -4.681150e-03 0.000000e+00
4.284125e+00 -4.681150e-03 0.000000e+00
4.358874e+00 -9.937840e-03 0.000000e+00
4.358620e+00 -1.355120e-02 0.000000e+00
4.283870e+00 -8.294510e-03 0.000000e+00
4.283870e+00 -8.294510e-03 0.000000e+00
4.358620e+00 -1.355120e-02 0.000000e+00
4.358366e+00 -1.716456e-02 0.000000e+00
4.283616e+00 -1.190787e-02 0.000000e+00
4.283616e+00 -1.190787e-02 0.000000e+00
4.358366e+00 -1.716456e-02 0.000000e+00
4.358112e+00 -2.077792e-02 0.000000e+00
4.283362e+00 -1.552123e-02 0.000000e+00
4.283362e+00 -1.552123e-02 0.000000e+00
4.358112e+00 -2.077792e-02 0.000000e+00
4.357858e+00 -2.439128e-02 0.000000e+00
4.283108e+00 -1.913459e-02 0.000000e+00
4.283108e+00 -1.913459e-02 0.000000e+00
4.357858e+00 -2.439128e-02 0.000000e+00
4.357604e+00 -2.800464e-02 0.000000e+00
4.282854e+00 -2.274795e-02 0.000000e+00
4.360404e+00 4.471355e-03 0.000000e+00
4.435050e+00 -3.154545e-03 0.000000e+00
4.434682e+00 -6.758073e-03 0.000000e+00
4.360036e+00 8.678272e-04 0.000000e+00
4.360036e+00 8.678272e-04 0.000000e+00
4.434682e+00 -6.758073e-03 0.000000e+00
4.434314e+00 -1.036160e-02 0.000000e+00
4.359667e+00 -2.735701e-03 0.000000e+00
4.359667e+00 -2.735701e-03 0.000000e+00
4.434314e+00 -1.036160e-02 0.000000e+00
4.433946e+00 -1.396513e-02 0.000000e+00
4.359299e+00 -6.339228e-03 0.000000e+00
4.359299e+00 -6.339228e-03 0.000000e+00
4.433946e+00 -1.396513e-02 0.000000e+00
4.433578e+00 -1.756866e-02 0.000000e+00
4.358931e+00 -9.942756e-03 0.000000e+00
4.358931e+00 -9.942756e-03 0.000000e+00
4.433578e+00 -1.756866e-02 0.000000e+00
4.433210e+00 -2.117218e-02 0.000000e+00
4.358563e+00 -1.354628e-02 0.000000e+00
4.358563e+00 -1.354628e-02 0.000000e+00
4.433210e+00 -2.117218e-02 0.000000e+00
4.432842e+00 -2.477571e-02 0.000000e+00
4.358195e+00 -1.714981e-02 0.000000e+00
4.358195e+00 -1.714981e-02 0.000000e+00
4.432842e+00 -2.477571e-02 0.000000e+00
4.432473e+00 -2.837924e-02 0.000000e+00
4.357827e+00 -2.075334e-02 0.000000e+00
4.357827e+00 -2.075334e-02 0.000000e+00
4.432473e+00 -2.837924e-02 0.000000e+00
4.432105e+00 -3.198277e-02 0.000000e+00
4.357459e+00 -2.435687e-02 0.000000e+00
4.357459e+00 -2.435687e-02 0.000000e+00
4.432105e+00 -3.198277e-02 0.000000e+00
4.431737e+00 -3.558629e-02 0.000000e+00
4.357090e+00 -2.796039e-02 0.000000e+00
4.435834e+00 -3.253883e-03 0.000000e+00
4.510104e+00 -1.450063e-02 0.000000e+00
4.509562e+00 -1.808209e-02 0.000000e+00
4.435292e+00 -6.835336e-03 0.000000e+00
4.435292e+00 -6.835336e-03 0.000000e+00
4.509562e+00 -1.808209e-02 0.000000e+00
4.509020e+00 -2.166354e-02 0.000000e+00
4.434750e+00 -1.041679e-02 0.000000e+00
4.434750e+00 -1.041679e-02 0.000000e+00
4.509020e+00 -2.166354e-02 0.000000e+00
4.508477e+00 -2.524499e-02 0.000000e+00
4.434207e+00 -1.399824e-02 0.000000e+00
4.434207e+00 -1.399824e-02 0.000000e+00
4.508477e+00 -2.524499e-02 0.000000e+00
4.507935e+00 -2.882644e-02 0.000000e+00
4.433665e+00 -1.757969e-02 0.000000e+00
4.433665e+00 -1.757969e-02 0.000000e+00
4.507935e+00 -2.882644e-02 0.000000e+00
4.507393e+00 -3.240790e-02 0.000000e+00
4.433123e+00 -2.116115e-02 0.000000e+00
4.433123e+00 -2.116115e-02 0.000000e+00
4.507393e+00 -3.240790e-02 0.000000e+00
4.506850e+00 -3.598935e-02 0.000000e+00
4.432580e+00 -2.474260e-02 0.000000e+00
4.432580e+00 -2.474260e-02 0.000000e+00
4.506850e+00 -3.598935e-02 0.000000e+00
4.506308e+00 -3.957080e-02 0.000000e+00
4.432038e+00 -2.832405e-02 0.000000e+00
4.432038e+00 -2.832405e-02 0.000000e+00
4.506308e+00 -3.957080e-02 0.000000e+00
4.505766e+00 -4.315225e-02 0.000000e+00
4.431496e+00 -3.190550e-02 0.000000e+00
4.431496e+00 -3.190550e-02 0.000000e+00
4.505766e+00 -4.315225e-02 0.000000e+00
4.505223e+00 -4.673371e-02 0.000000e+00
4.430953e+00 -3.548696e-02 0.000000e+00
4.510841e+00 -1.462953e-02 0.000000e+00
4.584555e+00 -2.927842e-02 0.000000e+00
4.583849e+00 -3.283123e-02 0.000000e+00
4.510135e+00 -1.818234e-02 0.000000e+00
4.510135e+00 -1.818234e-02 0.000000e+00
4.583849e+00 -3.283123e-02 0.000000e+00
4.583143e+00 -3.638404e-02 0.000000e+00
4.509429e+00 -2.173515e-02 0.000000e+00
4.509429e+00 -2.173515e-02 0.000000e+00
4.583143e+00 -3.638404e-02 0.000000e+00
4.582437e+00 -3.993685e-02 0.000000e+00
4.508723e+00 -2.528796e-02 0.000000e+00
4.508723e+00 -2.528796e-02 0.000000e+00
4.582437e+00 -3.993685e-02 0.000000e+00
4.581731e+00 -4.348966e-02 0.000000e+00
4.508017e+00 -2.884077e-02 0.000000e+00
4.508017e+00 -2.884077e-02 0.000000e+00
4.581731e+00 -4.348966e-02 0.000000e+00
4.581025e+00 -4.704246e-02 0.000000e+00
4.507311e+00 -3.239357e-02 0.000000e+00
4.507311e+00 -3.239357e-02 0.000000e+00
4.581025e+00 -4.704246e-02 0.000000e+00
4.580319e+00 -5.059527e-02 0.000000e+00
4.506605e+00 -3.594638e-02 0.000000e+00
4.506605e+00 -3.594638e-02 0.000000e+00
4.580319e+00 -5.059527e-02 0.000000e+00
4.579613e+00 -5.414808e-02 0.000000e+00
4.505899e+00 -3.949919e-02 0.000000e+00
4.505899e+00 -3.949919e-02 0.000000e+00
4.579613e+00 -5.414808e-02 0.000000e+00
4.578907e+00 -5.770089e-02 0.000000e+00
4.505193e+00 -4.305200e-02 0.000000e+00
4.505193e+00 -4.305200e-02 0.000000e+00
4.578907e+00 -5.770089e-02 0.000000e+00
4.578201e+00 -6.125370e-02 0.000000e+00
4.504487e+00 -4.660481e-02 0.000000e+00
4.585333e+00 -2.945299e-02 0.000000e+00
4.658053e+00 -4.764311e-02 0.000000e+00
4.657174e+00 -5.115713e-02 0.000000e+00
4.584454e+00 -3.296701e-02 0.000000e+00
4.584454e+00 -3.296701e-02 0.000000e+00
4.657174e+00 -5.115713e-02 0.000000e+00
4.656295e+00 -5.467114e-02 0.000000e+00
4.583575e+00 -3.648102e-02 0.000000e+00
4.583575e+00 -3.648102e-02 0.000000e+00
4.656295e+00 -5.467114e-02 0.000000e+00
4.655416e+00 -5.818516e-02 0.000000e+00
4.582696e+00 -3.999504e-02 0.000000e+00
4.582696e+00 -3.999504e-02 0.000000e+00
4.655416e+00 -5.818516e-02 0.000000e+00
4.654537e+00 -6.169917e-02 0.000000e+00
4.581817e+00 -4.350905e-02 0.000000e+00
4.581817e+00 -4.350905e-02 0.000000e+00
4.654537e+00 -6.169917e-02 0.000000e+00
4.653658e+00 -6.521319e-02 0.000000e+00
4.580938e+00 -4.702307e-02 0.000000e+00
4.580938e+00 -4.702307e-02 0.000000e+00
4.653658e+00 -6.521319e-02 0.000000e+00
4.652779e+00 -6.872720e-02 0.000000e+00
4.580059e+00 -5.053708e-02 0.000000e+00
4.580059e+00 -5.053708e-02 0.000000e+00
4.652779e+00 -6.872720e-02 0.000000e+00
4.651900e+00 -7.224122e-02 0.000000e+00
4.579180e+00 -5.405110e-02 0.000000e+00
4.579180e+00 -5.405110e-02 0.000000e+00
4.651900e+00 -7.224122e-02 0.000000e+00
4.651021e+00 -7.575523e-02 0.000000e+00
4.578301e+00 -5.756511e-02 0.000000e+00
4.578301e+00 -5.756511e-02 0.000000e+00
4.651021e+00 -7.575523e-02 0.000000e+00
4.650142e+00 -7.926925e-02 0.000000e+00
4.577422e+00 -6.107913e-02 0.000000e+00
4.660086e+00 -4.829571e-02 0.000000e+00
4.717708e+00 -7.105616e-02 0.000000e+00
4.716378e+00 -7.442515e-02 0.000000e+00
4.658755e+00 -5.166470e-02 0.000000e+00
4.658755e+00 -5.166470e-02 0.000000e+00
4.716378e+00 -7.442515e-02 0.000000e+00
4.715047e+00 -7.779415e-02 0.000000e+00
4.657424e+00 -5.503370e-02 0.000000e+00
4.657424e+00 -5.503370e-02 0.000000e+00
4.715047e+00 -7.779415e-02 0.000000e+00
4.713716e+00 -8.116314e-02 0.000000e+00
4.656093e+00 -5.840269e-02 0.000000e+00
4.656093e+00 -5.840269e-02 0.000000e+00
4.713716e+00 -8.116314e-02 0.000000e+00
4.712386e+00 -8.453213e-02 0.000000e+00
4.654763e+00 -6.177168e-02 0.000000e+00
4.654763e+00 -6.177168e-02 0.000000e+00
4.712386e+00 -8.453213e-02 0.000000e+00
4.711055e+00 -8.790113e-02 0.000000e+00
4.653432e+00 -6.514068e-02 0.000000e+00
4.653432e+00 -6.514068e-02 0.000000e+00
4.711055e+00 -8.790113e-02 0.000000e+00
4.709724e+00 -9.127012e-02 0.000000e+00
4.652101e+00 -6.850967e-02 0.000000e+00
4.652101e+00 -6.850967e-02 0.000000e+00
4.709724e+00 -9.127012e-02 0.000000e+00
4.708393e+00 -9.463911e-02 0.000000e+00
4.650771e+00 -7.187866e-02 0.000000e+00
4.650771e+00 -7.187866e-02 0.000000e+00
4.708393e+00 -9.463911e-02 0.000000e+00
4.707063e+00 -9.800811e-02 0.000000e+00
4.649440e+00 -7.524766e-02 0.000000e+00
4.649440e+00 -7.524766e-02 0.000000e+00
4.707063e+00 -9.800811e-02 0.000000e+00
4.705732e+00 -1.013771e-01 0.000000e+00
4.648109e+00 -7.861665e-02 0.000000e+00
4.728018e+00 -8.593252e-02 0.000000e+00
4.724820e+00 9.750842e-02 0.000000e+00
4.721198e+00 9.744528e-02 0.000000e+00
4.724396e+00 -8.599566e-02 0.000000e+00
4.724396e+00 -8.599566e-02 0.000000e+00
4.721198e+00 9.744528e-02 0.000000e+00
4.717577e+00 9.738215e-02 0.000000e+00
4.720775e+00 -8.605879e-02 0.000000e+00
4.720775e+00 -8.605879e-02 0.000000e+00
4.717577e+00 9.738215e-02 0.000000e+00
4.713955e+00 9.731901e-02 0.000000e+00
4.717153e+00 -8.612193e-02 0.000000e+00
4.717153e+00 -8.612193e-02 0.000000e+00
4.713955e+00 9.731901e-02 0.000000e+00
4.710333e+00 9.725588e-02 0.000000e+00
4.713531e+00 -8.618506e-02 0.000000e+00
4.713531e+00 -8.618506e-02 0.000000e+00
4.710333e+00 9.725588e-02 0.000000e+00
4.706712e+00 9.719274e-02 0.000000e+00
4.709909e+00 -8.624820e-02 0.000000e+00
4.709909e+00 -8.624820e-02 0.000000e+00
4.706712e+00 9.719274e-02 0.000000e+00
4.703090e+00 9.712961e-02 0.000000e+00
4.706288e+00 -8.631133e-02 0.000000e+00
4.706288e+00 -8.631133e-02 0.000000e+00
4.703090e+00 9.712961e-02 0.000000e+00
4.699468e+00 9.706647e-02 0.000000e+00
4.702666e+00 -8.637447e-02 0.000000e+00
4.702666e+00 -8.637447e-02 0.000000e+00
4.699468e+00 9.706647e-02 0.000000e+00
4.695846e+00 9.700334e-02 0.000000e+00
4.699044e+00 -8.643760e-02 0.000000e+00
4.699044e+00 -8.643760e-02 0.000000e+00
4.695846e+00 9.700334e-02 0.000000e+00
4.692225e+00 9.694020e-02 0.000000e+00
4.695422e+00 -8.650074e-02 0.000000e+00
1.864018e+00 -6.702719e-01 0.000000e+00
1.875678e+00 -5.998832e-01 0.000000e+00
1.870635e+00 -5.990479e-01 0.000000e+00
1.858975e+00 -6.694366e-01 0.000000e+00
1.858975e+00 -6.694366e-01 0.000000e+00
1.870635e+00 -5.990479e-01 0.000000e+00
1.865593e+00 -5.982126e-01 0.000000e+00
1.853933e+00 -6.686013e-01 0.000000e+00
1.853933e+00 -6.686013e-01 0.000000e+00
1.865593e+00 -5.982126e-01 0.000000e+00
1.860551e+00 -5.973773e-01 0.000000e+00
1.848890e+00 -6.677660e-01 0.000000e+00
1.848890e+00 -6.677660e-01 0.000000e+00
1.860551e+00 -5.973773e-01 0.000000e+00
1.855508e+00 -5.965420e-01 0.000000e+00
1.843848e+00 -6.669307e-01 0.000000e+00
1.843848e+00 -6.669307e-01 0.000000e+00
1.855508e+00 -5.965420e-01 0.000000e+00
1.850466e+00 -5.957066e-01 0.000000e+00
1.838806e+00 -6.660954e-01 0.000000e+00
1.838806e+00 -6.660954e-01 0.000000e+00
1.850466e+00 -5.957066e-01 0.000000e+00
1.845424e+00 -5.948713e-01 0.000000e+00
1.833763e+00 -6.652601e-01 0.000000e+00
1.833763e+00 -6.652601e-01 0.000000e+00
1.845424e+00 -5.948713e-01 0.000000e+00
1.840381e+00 -5.940360e-01 0.000000e+00
1.828721e+00 -6.644248e-01 0.000000e+00
1.828721e+00 -6.644248e-01 0.000000e+00
1.840381e+00 -5.940360e-01 0.000000e+00
1.835339e+00 -5.932007e-01 0.000000e+00
1.823678e+00 -6.635895e-01 0.000000e+00
1.823678e+00 -6.635895e-01 0.000000e+00
1.835339e+00 -5.932007e-01 0.000000e+00
1.830296e+00 -5.923654e-01 0.000000e+00
1.818636e+00 -6.627542e-01 0.000000e+00
1.875678e+00 -5.998832e-01 0.000000e+00
1.887338e+00 -5.294944e-01 0.000000e+00
1.882296e+00 -5.286591e-01 0.000000e+00
1.870635e+00 -5.990479e-01 0.000000e+00
1.870635e+00 -5.990479e-01 0.000000e+00
1.882296e+00 -5.286591e-01 0.000000e+00
1.877253e+00 -5.278238e-01 0.000000e+00
1.865593e+00 -5.982126e-01 0.000000e+00
1.865593e+00 -5.982126e-01 0.000000e+00
1.877253e+00 -5.278238e-01 0.000000e+00
1.872211e+00 -5.269885e-01 0.000000e+00
1.860551e+00 -5.973773e-01 0.000000e+00
1.860551e+00 -5.973773e-01 0.000000e+00
1.872211e+00 -5.269885e-01 0.000000e+00
1.867169e+00 -5.261532e-01 0.000000e+00
1.855508e+00 -5.965420e-01 0.000000e+00
1.855508e+00 -5.965420e-01 0.000000e+00
1.867169e+00 -5.261532e-01 0.000000e+00
1.862126e+00 -5.253179e-01 0.000000e+00
1.850466e+00 -5.957066e-01 0.000000e+00
1.850466e+00 -5.957066e-01 0.000000e+00
1.862126e+00 -5.253179e-01 0.000000e+00
1.857084e+00 -5.244826e-01 0.000000e+00
1.845424e+00 -5.948713e-01 0.000000e+00
1.845424e+00 -5.948713e-01 0.000000e+00
1.857084e+00 -5.244826e-01 0.000000e+00
1.852041e+00 -5.236473e-01 0.000000e+00
1.840381e+00 -5.940360e-01 0.000000e+00
1.840381e+00 -5.940360e-01 0.000000e+00
1.852041e+00 -5.236473e-01 0.000000e+00
1.846999e+00 -5.228120e-01 0.000000e+00
1.835339e+00 -5.932007e-01 0.000000e+00
1.835339e+00 -5.932007e-01 0.000000e+00
1.846999e+00 -5.228120e-01 0.000000e+00
1.841957e+00 -5.219767e-01 0.000000e+00
1.830296e+00 -5.923654e-01 0.000000e+00
1.887338e+00 -5.294944e-01 0.000000e+00
1.898999e+00 -4.591057e-01 0.000000e+00
1.893956e+00 -4.582703e-01 0.000000e+00
1.882296e+00 -5.286591e-01 0.000000e+00
1.882296e+00 -5.286591e-01 0.000000e+00
1.893956e+00 -4.582703e-01 0.000000e+00
1.888914e+00 -4.574350e-01 0.000000e+00
1.877253e+00 -5.278238e-01 0.000000e+00
1.877253e+00 -5.278238e-01 0.000000e+00
1.888914e+00 -4.574350e-01 0.000000e+00
1.883871e+00 -4.565997e-01 0.000000e+00
1.872211e+00 -5.269885e-01 0.000000e+00
1.872211e+00 -5.269885e-01 0.000000e+00
1.883871e+00 -4.565997e-01 0.000000e+00
1.878829e+00 -4.557644e-01 0.000000e+00
1.867169e+00 -5.261532e-01 0.000000e+00
1.867169e+00 -5.261532e-01 0.000000e+00
1.878829e+00 -4.557644e-01 0.000000e+00
1.873787e+00 -4.549291e-01 0.000000e+00
1.862126e+00 -5.253179e-01 0.000000e+00
1.862126e+00 -5.253179e-01 0.000000e+00
1.873787e+00 -4.549291e-01 0.000000e+00
1.868744e+00 -4.540938e-01 0.000000e+00
1.857084e+00 -5.244826e-01 0.000000e+00
1.857084e+00 -5.244826e-01 0.000000e+00
1.868744e+00 -4.540938e-01 0.000000e+00
1.863702e+00 -4.532585e-01 0.000000e+00
1.852041e+00 -5.236473e-01 0.000000e+00
1.852041e+00 -5.236473e-01 0.000000e+00
1.863702e+00 -4.532585e-01 0.000000e+00
1.858659e+00 -4.524232e-01 0.000000e+00
1.846999e+00 -5.228120e-01 0.000000e+00
1.846999e+00 -5.228120e-01 0.000000e+00
1.858659e+00 -4.524232e-01 0.000000e+00
1.853617e+00 -4.515879e-01 0.000000e+00
1.841957e+00 -5.219767e-01 0.000000e+00
1.898999e+00 -4.591056e-01 0.000000e+00
1.910659e+00 -3.887169e-01 0.000000e+00
1.905617e+00 -3.878816e-01 0.000000e+00
1.893956e+00 -4.582703e-01 0.000000e+00
1.893956e+00 -4.582703e-01 0.000000e+00
1.905617e+00 -3.878816e-01 0.000000e+00
1.900574e+00 -3.870463e-01 0.000000e+00
1.888914e+00 -4.574350e-01 0.000000e+00
1.888914e+00 -4.574350e-01 0.000000e+00
1.900574e+00 -3.870463e-01 0.000000e+00
1.895532e+00 -3.862110e-01 0.000000e+00
1.883871e+00 -4.565997e-01 0.000000e+00
1.883871e+00 -4.565997e-01 0.000000e+00
1.895532e+00 -3.862110e-01 0.000000e+00
1.890489e+00 -3.853757e-01 0.000000e+00
1.878829e+00 -4.557644e-01 0.000000e+00
1.878829e+00 -4.557644e-01 0.000000e+00
1.890489e+00 -3.853757e-01 0.000000e+00
1.885447e+00 -3.845404e-01 0.000000e+00
1.873787e+00 -4.549291e-01 0.000000e+00
1.873787e+00 -4.549291e-01 0.000000e+00
1.885447e+00 -3.845404e-01 0.000000e+00
1.880405e+00 -3.837051e-01 0.000000e+00
1.868744e+00 -4.540938e-01 0.000000e+00
1.868744e+00 -4.540938e-01 0.000000e+00
1.880405e+00 -3.837051e-01 0.000000e+00
1.875362e+00 -3.828698e-01 0.000000e+00
1.863702e+00 -4.532585e-01 0.000000e+00
1.863702e+00 -4.532585e-01 0.000000e+00
1.875362e+00 -3.828698e-01 0.000000e+00
1.870320e+00 -3.820345e-01 0.000000e+00
1.858659e+00 -4.524232e-01 0.000000e+00
1.858659e+00 -4.524232e-01 0.000000e+00
1.870320e+00 -3.820345e-01 0.000000e+00
1.865277e+00 -3.811992e-01 0.000000e+00
1.853617e+00 -4.515879e-01 0.000000e+00
1.910659e+00 -3.887169e-01 0.000000e+00
1.922319e+00 -3.183281e-01 0.000000e+00
1.917277e+00 -3.174928e-01 0.000000e+00
1.905617e+00 -3.878816e-01 0.000000e+00
1.905617e+00 -3.878816e-01 0.000000e+00
1.917277e+00 -3.174928e-01 0.000000e+00
1.912234e+00 -3.166575e-01 0.000000e+00
1.900574e+00 -3.870463e-01 0.000000e+00
1.900574e+00 -3.870463e-01 0.000000e+00
1.912234e+00 -3.166575e-01 0.000000e+00
1.907192e+00 -3.158222e-01 0.000000e+00
1.895532e+00 -3.862110e-01 0.000000e+00
1.895532e+00 -3.862110e-01 0.000000e+00
1.907192e+00 -3.158222e-01 0.000000e+00
1.902150e+00 -3.149869e-01 0.000000e+00
1.890489e+00 -3.853757e-01 0.000000e+00
1.890489e+00 -3.853757e-01 0.000000e+00
1.902150e+00 -3.149869e-01 0.000000e+00
1.897107e+00 -3.141516e-01 0.000000e+00
1.885447e+00 -3.845404e-01 0.000000e+00
1.885447e+00 -3.845404e-01 0.000000e+00
1.897107e+00 -3.141516e-01 0.000000e+00
1.892065e+00 -3.133163e-01 0.000000e+00
1.880405e+00 -3.837051e-01 0.000000e+00
1.880405e+00 -3.837051e-01 0.000000e+00
1.892065e+00 -3.133163e-01 0.000000e+00
1.887023e+00 -3.124810e-01 0.000000e+00
1.875362e+00 -3.828698e-01 0.000000e+00
1.875362e+00 -3.828698e-01 0.000000e+00
1.887023e+00 -3.124810e-01 0.000000e+00
1.881980e+00 -3.116457e-01 0.000000e+00
1.870320e+00 -3.820345e-01 0.000000e+00
1.870320e+00 -3.820345e-01 0.000000e+00
1.881980e+00 -3.116457e-01 0.000000e+00
1.876938e+00 -3.108104e-01 0.000000e+00
1.865277e+00 -3.811992e-01 0.000000e+00
1.922319e+00 -3.183281e-01 0.000000e+00
1.933980e+00 -2.479394e-01 0.000000e+00
1.928937e+00 -2.471041e-01 0.000000e+00
1.917277e+00 -3.174928e-01 0.000000e+00
1.917277e+00 -3.174928e-01 0.000000e+00
1.928937e+00 -2.471041e-01 0.000000e+00
1.923895e+00 -2.462688e-01 0.000000e+00
1.912234e+00 -3.166575e-01 0.000000e+00
1.912234e+00 -3.166575e-01 0.000000e+00
1.923895e+00 -2.462688e-01 0.000000e+00
1.918852e+00 -2.454335e-01 0.000000e+00
1.907192e+00 -3.158222e-01 0.000000e+00
1.907192e+00 -3.158222e-01 0.000000e+00
1.918852e+00 -2.454335e-01 0.000000e+00
1.913810e+00 -2.445982e-01 0.000000e+00
1.902150e+00 -3.149869e-01 0.000000e+00
1.902150e+00 -3.149869e-01 0.000000e+00
1.913810e+00 -2.445982e-01 0.000000e+00
1.908768e+00 -2.437629e-01 0.000000e+00
1.897107e+00 -3.141516e-01 0.000000e+00
1.897107e+00 -3.141516e-01 0.000000e+00
1.908768e+00 -2.437629e-01 0.000000e+00
1.903725e+00 -2.429276e-01 0.000000e+00
1.892065e+00 -3.133163e-01 0.000000e+00
1.892065e+00 -3.133163e-01 0.000000e+00
1.903725e+00 -2.429276e-01 0.000000e+00
1.898683e+00 -2.420923e-01 0.000000e+00
1.887023e+00 -3.124810e-01 0.000000e+00
1.887023e+00 -3.124810e-01 0.000000e+00
1.898683e+00 -2.420923e-01 0.000000e+00
1.893640e+00 -2.412570e-01 0.000000e+00
1.881980e+00 -3.116457e-01 0.000000e+00
1.881980e+00 -3.116457e-01 0.000000e+00
1.893640e+00 -2.412570e-01 0.000000e+00
1.888598e+00 -2.404216e-01 0.000000e+00
1.876938e+00 -3.108104e-01 0.000000e+00
1.933980e+00 -2.479394e-01 0.000000e+00
1.945640e+00 -1.775506e-01 0.000000e+00
1.940598e+00 -1.767153e-01 0.000000e+00
1.928937e+00 -2.471041e-01 0.000000e+00
1.928937e+00 -2.471041e-01 0.000000e+00
1.940598e+00 -1.767153e-01 0.000000e+00
1.935555e+00 -1.758800e-01 0.000000e+00
1.923895e+00 -2.462688e-01 0.000000e+00
1.923895e+00 -2.462688e-01 0.000000e+00
1.935555e+00 -1.758800e-01 0.000000e+00
1.930513e+00 -1.750447e-01 0.000000e+00
1.918852e+00 -2.454335e-01 0.000000e+00
1.918852e+00 -2.454335e-01 0.000000e+00
1.930513e+00 -1.750447e-01 0.000000e+00
1.925470e+00 -1.742094e-01 0.000000e+00
1.913810e+00 -2.445982e-01 0.000000e+00
1.913810e+00 -2.445982e-01 0.000000e+00
1.925470e+00 -1.742094e-01 0.000000e+00
1.920428e+00 -1.733741e-01 0.000000e+00
1.908768e+00 -2.437629e-01 0.000000e+00
1.908768e+00 -2.437629e-01 0.000000e+00
1.920428e+00 -1.733741e-01 0.000000e+00
1.915386e+00 -1.725388e-01 0.000000e+00
1.903725e+00 -2.429276e-01 0.000000e+00
1.903725e+00 -2.429276e-01 0.000000e+00
1.915386e+00 -1.725388e-01 0.000000e+00
1.910343e+00 -1.717035e-01 0.000000e+00
1.898683e+00 -2.420923e-01 0.000000e+00
1.898683e+00 -2.420923e-01 0.000000e+00
1.910343e+00 -1.717035e-01 0.000000e+00
1.905301e+00 -1.708682e-01 0.000000e+00
1.893640e+00 -2.412570e-01 0.000000e+00
1.893640e+00 -2.412570e-01 0.000000e+00
1.905301e+00 -1.708682e-01 0.000000e+00
1.900258e+00 -1.700329e-01 0.000000e+00
1.888598e+00 -2.404216e-01 0.000000e+00
1.945640e+00 -1.775506e-01 0.000000e+00
1.957300e+00 -1.071619e-01 0.000000e+00
1.952258e+00 -1.063266e-01 0.000000e+00
1.940598e+00 -1.767153e-01 0.000000e+00
1.940598e+00 -1.767153e-01 0.000000e+00
1.952258e+00 -1.063266e-01 0.000000e+00
1.947216e+00 -1.054913e-01 0.000000e+00
1.935555e+00 -1.758800e-01 0.000000e+00
1.935555e+00 -1.758800e-01 0.000000e+00
1.947216e+00 -1.054913e-01 0.000000e+00
1.942173e+00 -1.046560e-01 0.000000e+00
1.930513e+00 -1.750447e-01 0.000000e+00
1.930513e+00 -1.750447e-01 0.000000e+00
1.942173e+00 -1.046560e-01 0.000000e+00
1.937131e+00 -1.038207e-01 0.000000e+00
1.925470e+00 -1.742094e-01 0.000000e+00
1.925470e+00 -1.742094e-01 0.000000e+00
1.937131e+00 -1.038207e-01 0.000000e+00
1.932088e+00 -1.029853e-01 0.000000e+00
1.920428e+00 -1.733741e-01 0.000000e+00
1.920428e+00 -1.733741e-01 0.000000e+00
1.932088e+00 -1.029853e-01 0.000000e+00
1.927046e+00 -1.021500e-01 0.000000e+00
1.915386e+00 -1.725388e-01 0.000000e+00
1.915386e+00 -1.725388e-01 0.000000e+00
1.927046e+00 -1.021500e-01 0.000000e+00
1.922004e+00 -1.013147e-01 0.000000e+00
1.910343e+00 -1.717035e-01 0.000000e+00
1.910343e+00 -1.717035e-01 0.000000e+00
1.922004e+00 -1.013147e-01 0.000000e+00
1.916961e+00 -1.004794e-01 0.000000e+00
1.905301e+00 -1.708682e-01 0.000000e+00
1.905301e+00 -1.708682e-01 0.000000e+00
1.916961e+00 -1.004794e-01 0.000000e+00
1.911919e+00 -9.964413e-02 0.000000e+00
1.900258e+00 -1.700329e-01 0.000000e+00
1.957300e+00 -1.071619e-01 0.000000e+00
1.968961e+00 -3.677312e-02 0.000000e+00
1.963918e+00 -3.593782e-02 0.000000e+00
1.952258e+00 -1.063266e-01 0.000000e+00
1.952258e+00 -1.063266e-01 0.000000e+00
1.963918e+00 -3.593782e-02 0.000000e+00
1.958876e+00 -3.510251e-02 0.000000e+00
1.947216e+00 -1.054913e-01 0.000000e+00
1.947216e+00 -1.054913e-01 0.000000e+00
1.958876e+00 -3.510251e-02 0.000000e+00
1.953833e+00 -3.426721e-02 0.000000e+00
1.942173e+00 -1.046560e-01 0.000000e+00
1.942173e+00 -1.046560e-01 0.000000e+00
1.953833e+00 -3.426721e-02 0.000000e+00
1.948791e+00 -3.343190e-02 0.000000e+00
1.937131e+00 -1.038207e-01 0.000000e+00
1.937131e+00 -1.038207e-01 0.000000e+00
1.948791e+00 -3.343190e-02 0.000000e+00
1.943749e+00 -3.259660e-02 0.000000e+00
1.932088e+00 -1.029853e-01 0.000000e+00
1.932088e+00 -1.029853e-01 0.000000e+00
1.943749e+00 -3.259660e-02 0.000000e+00
1.938706e+00 -3.176129e-02 0.000000e+00
1.927046e+00 -1.021500e-01 0.000000e+00
1.927046e+00 -1.021500e-01 0.000000e+00
1.938706e+00 -3.176129e-02 0.000000e+00
1.933664e+00 -3.092599e-02 0.000000e+00
1.922004e+00 -1.013147e-01 0.000000e+00
1.922004e+00 -1.013147e-01 0.000000e+00
1.933664e+00 -3.092599e-02 0.000000e+00
1.928622e+00 -3.009068e-02 0.000000e+00
1.916961e+00 -1.004794e-01 0.000000e+00
1.916961e+00 -1.004794e-01 0.000000e+00
1.928622e+00 -3.009068e-02 0.000000e+00
1.923579e+00 -2.925538e-02 0.000000e+00
1.911919e+00 -9.964413e-02 0.000000e+00
1.968961e+00 -3.677312e-02 0.000000e+00
1.980621e+00 3.361564e-02 0.000000e+00
1.975579e+00 3.445094e-02 0.000000e+00
1.963918e+00 -3.593782e-02 0.000000e+00
1.963918e+00 -3.593782e-02 0.000000e+00
1.975579e+00 3.445094e-02 0.000000e+00
1.970536e+00 3.528625e-02 0.000000e+00
1.958876e+00 -3.510251e-02 0.000000e+00
1.958876e+00 -3.510251e-02 0.000000e+00
1.970536e+00 3.528625e-02 0.000000e+00
1.965494e+00 3.612155e-02 0.000000e+00
1.953833e+00 -3.426721e-02 0.000000e+00
1.953833e+00 -3.426721e-02 0.000000e+00
1.965494e+00 3.612155e-02 0.000000e+00
1.960451e+00 3.695686e-02 0.000000e+00
1.948791e+00 -3.343190e-02 0.000000e+00
1.948791e+00 -3.343190e-02 0.000000e+00
1.960451e+00 3.695686e-02 0.000000e+00
1.955409e+00 3.779216e-02 0.000000e+00
1.943749e+00 -3.259660e-02 0.000000e+00
1.943749e+00 -3.259660e-02 0.000000e+00
1.955409e+00 3.779216e-02 0.000000e+00
1.950367e+00 3.862747e-02 0.000000e+00
1.938706e+00 -3.176129e-02 0.000000e+00
1.938706e+00 -3.176129e-02 0.000000e+00
1.950367e+00 3.862747e-02 0.000000e+00
1.945324e+00 3.946277e-02 0.000000e+00
1.933664e+00 -3.092599e-02 0.000000e+00
1.933664e+00 -3.092599e-02 0.000000e+00
1.945324e+00 3.946277e-02 0.000000e+00
1.940282e+00 4.029808e-02 0.000000e+00
1.928622e+00 -3.009068e-02 0.000000e+00
1.928622e+00 -3.009068e-02 0.000000e+00
1.940282e+00 4.029808e-02 0.000000e+00
1.935239e+00 4.113338e-02 0.000000e+00
1.923579e+00 -2.925538e-02 0.000000e+00
1.980621e+00 3.361564e-02 0.000000e+00
1.992281e+00 1.040044e-01 0.000000e+00
1.987239e+00 1.048397e-01 0.000000e+00
1.975579e+00 3.445095e-02 0.000000e+00
1.975579e+00 3.445095e-02 0.000000e+00
1.987239e+00 1.048397e-01 0.000000e+00
1.982197e+00 1.056750e-01 0.000000e+00
1.970536e+00 3.528625e-02 0.000000e+00
1.970536e+00 3.528625e-02 0.000000e+00
1.982197e+00 1.056750e-01 0.000000e+00
1.977154e+00 1.065103e-01 0.000000e+00
1.965494e+00 3.612155e-02 0.000000e+00
1.965494e+00 3.612155e-02 0.000000e+00
1.977154e+00 1.065103e-01 0.000000e+00
1.972112e+00 1.073456e-01 0.000000e+00
1.960451e+00 3.695686e-02 0.000000e+00
1.960451e+00 3.695686e-02 0.000000e+00
1.972112e+00 1.073456e-01 0.000000e+00
1.967069e+00 1.081809e-01 0.000000e+00
1.955409e+00 3.779216e-02 0.000000e+00
1.955409e+00 3.779216e-02 0.000000e+00
1.967069e+00 1.081809e-01 0.000000e+00
1.962027e+00 1.090162e-01 0.000000e+00
1.950367e+00 3.862747e-02 0.000000e+00
1.950367e+00 3.862747e-02 0.000000e+00
1.962027e+00 1.090162e-01 0.000000e+00
1.956985e+00 1.098515e-01 0.000000e+00
1.945324e+00 3.946277e-02 0.000000e+00
1.945324e+00 3.946277e-02 0.000000e+00
1.956985e+00 1.098515e-01 0.000000e+00
1.951942e+00 1.106868e-01 0.000000e+00
1.940282e+00 4.029807e-02 0.000000e+00
1.940282e+00 4.029807e-02 0.000000e+00
1.951942e+00 1.106868e-01 0.000000e+00
1.946900e+00 1.115221e-01 0.000000e+00
1.935239e+00 4.113338e-02 0.000000e+00
1.992281e+00 1.040044e-01 0.000000e+00
2.003942e+00 1.743931e-01 0.000000e+00
1.998899e+00 1.752285e-01 0.000000e+00
1.987239e+00 1.048397e-01 0.000000e+00
1.987239e+00 1.048397e-01 0.000000e+00
1.998899e+00 1.752285e-01 0.000000e+00
1.993857e+00 1.760638e-01 0.000000e+00
1.982197e+00 1.056750e-01 0.000000e+00
1.982197e+00 1.056750e-01 0.000000e+00
1.993857e+00 1.760638e-01 0.000000e+00
1.988815e+00 1.768991e-01 0.000000e+00
1.977154e+00 1.065103e-01 0.000000e+00
1.977154e+00 1.065103e-01 0.000000e+00
1.988815e+00 1.768991e-01 0.000000e+00
1.983772e+00 1.777344e-01 0.000000e+00
1.972112e+00 1.073456e-01 0.000000e+00
1.972112e+00 1.073456e-01 0.000000e+00
1.983772e+00 1.777344e-01 0.000000e+00
1.978730e+00 1.785697e-01 0.000000e+00
1.967069e+00 1.081809e-01 0.000000e+00
1.967069e+00 1.081809e-01 0.000000e+00
1.978730e+00 1.785697e-01 0.000000e+00
1.973687e+00 1.794050e-01 0.000000e+00
1.962027e+00 1.090162e-01 0.000000e+00
1.962027e+00 1.090162e-01 0.000000e+00
1.973687e+00 1.794050e-01 0.000000e+00
1.968645e+00 1.802403e-01 0.000000e+00
1.956985e+00 1.098515e-01 0.000000e+00
1.956985e+00 1.098515e-01 0.000000e+00
1.968645e+00 1.802403e-01 0.000000e+00
1.963603e+00 1.810756e-01 0.000000e+00
1.951942e+00 1.106868e-01 0.000000e+00
1.951942e+00 1.106868e-01 0.000000e+00
1.963603e+00 1.810756e-01 0.000000e+00
1.958560e+00 1.819109e-01 0.000000e+00
1.946900e+00 1.115221e-01 0.000000e+00
2.003942e+00 1.743931e-01 0.000000e+00
2.015602e+00 2.447819e-01 0.000000e+00
2.010560e+00 2.456172e-01 0.000000e+00
1.998899e+00 1.752285e-01 0.000000e+00
1.998899e+00 1.752285e-01 0.000000e+00
2.010560e+00 2.456172e-01 0.000000e+00
2.005517e+00 2.464525e-01 0.000000e+00
1.993857e+00 1.760638e-01 0.000000e+00
1.993857e+00 1.760638e-01 0.000000e+00
2.005517e+00 2.464525e-01 0.000000e+00
2.000475e+00 2.472878e-01 0.000000e+00
1.988815e+00 1.768991e-01 0.000000e+00
1.988815e+00 1.768991e-01 0.000000e+00
2.000475e+00 2.472878e-01 0.000000e+00
1.995432e+00 2.481231e-01 0.000000e+00
1.983772e+00 1.777344e-01 0.000000e+00
1.983772e+00 1.777344e-01 0.000000e+00
1.995432e+00 2.481231e-01 0.000000e+00
1.990390e+00 2.489584e-01 0.000000e+00
1.978730e+00 1.785697e-01 0.000000e+00
1.978730e+00 1.785697e-01 0.000000e+00
1.990390e+00 2.489584e-01 0.000000e+00
1.985348e+00 2.497937e-01 0.000000e+00
1.973687e+00 1.794050e-01 0.000000e+00
1.973687e+00 1.794050e-01 0.000000e+00
1.985348e+00 2.497937e-01 0.000000e+00
1.980305e+00 2.506290e-01 0.000000e+00
1.968645e+00 1.802403e-01 0.000000e+00
1.968645e+00 1.802403e-01 0.000000e+00
1.980305e+00 2.506290e-01 0.000000e+00
1.975263e+00 2.514643e-01 0.000000e+00
1.963603e+00 1.810756e-01 0.000000e+00
1.963603e+00 1.810756e-01 0.000000e+00
1.975263e+00 2.514643e-01 0.000000e+00
1.970221e+00 2.522997e-01 0.000000e+00
1.958560e+00 1.819109e-01 0.000000e+00
2.015602e+00 2.447819e-01 0.000000e+00
2.027262e+00 3.151707e-01 0.000000e+00
2.022220e+00 3.160060e-01 0.000000e+00
2.010560e+00 2.456172e-01 0.000000e+00
2.010560e+00 2.456172e-01 0.000000e+00
2.022220e+00 3.160060e-01 0.000000e+00
2.017178e+00 3.168413e-01 0.000000e+00
2.005517e+00 2.464525e-01 0.000000e+00
2.005517e+00 2.464525e-01 0.000000e+00
2.017178e+00 3.168413e-01 0.000000e+00
2.012135e+00 3.176766e-01 0.000000e+00
2.000475e+00 2.472878e-01 0.000000e+00
2.000475e+00 2.472878e-01 0.000000e+00
2.012135e+00 3.176766e-01 0.000000e+00
2.007093e+00 3.185119e-01 0.000000e+00
1.995432e+00 2.481231e-01 0.000000e+00
1.995432e+00 2.481231e-01 0.000000e+00
2.007093e+00 3.185119e-01 0.000000e+00
2.002050e+00 3.193472e-01 0.000000e+00
1.990390e+00 2.489584e-01 0.000000e+00
1.990390e+00 2.489584e-01 0.000000e+00
2.002050e+00 3.193472e-01 0.000000e+00
1.997008e+00 3.201825e-01 0.000000e+00
1.985348e+00 2.497937e-01 0.000000e+00
1.985348e+00 2.497937e-01 0.000000e+00
1.997008e+00 3.201825e-01 0.000000e+00
1.991966e+00 3.210178e-01 0.000000e+00
1.980305e+00 2.506290e-01 0.000000e+00
1.980305e+00 2.506290e-01 0.000000e+00
1.991966e+00 3.210178e-01 0.000000e+00
1.986923e+00 3.218531e-01 0.000000e+00
1.975263e+00 2.514643e-01 0.000000e+00
1.975263e+00 2.514643e-01 0.000000e+00
1.986923e+00 3.218531e-01 0.000000e+00
1.981881e+00 3.226884e-01 0.000000e+00
1.970221e+00 2.522996e-01 0.000000e+00
2.027262e+00 3.151707e-01 0.000000e+00
2.038923e+00 3.855594e-01 0.000000e+00
2.033880e+00 3.863947e-01 0.000000e+00
2.022220e+00 3.160060e-01 0.000000e+00
2.022220e+00 3.160060e-01 0.000000e+00
2.033880e+00 3.863947e-01 0.000000e+00
2.028838e+00 3.872300e-01 0.000000e+00
2.017178e+00 3.168413e-01 0.000000e+00
2.017178e+00 3.168413e-01 0.000000e+00
2.028838e+00 3.872300e-01 0.000000e+00
2.023796e+00 3.880653e-01 0.000000e+00
2.012135e+00 3.176766e-01 0.000000e+00
2.012135e+00 3.176766e-01 0.000000e+00
2.023796e+00 3.880653e-01 0.000000e+00
2.018753e+00 3.889006e-01 0.000000e+00
2.007093e+00 3.185119e-01 0.000000e+00
2.007093e+00 3.185119e-01 0.000000e+00
2.018753e+00 3.889006e-01 0.000000e+00
2.013711e+00 3.897359e-01 0.000000e+00
2.002050e+00 3.193472e-01 0.000000e+00
2.002050e+00 3.193472e-01 0.000000e+00
2.013711e+00 3.897359e-01 0.000000e+00
2.008668e+00 3.905712e-01 0.000000e+00
1.997008e+00 3.201825e-01 0.000000e+00
1.997008e+00 3.201825e-01 0.000000e+00
2.008668e+00 3.905712e-01 0.000000e+00
2.003626e+00 3.914066e-01 0.000000e+00
1.991966e+00 3.210178e-01 0.000000e+00
1.991966e+00 3.210178e-01 0.000000e+00
2.003626e+00 3.914066e-01 0.000000e+00
1.998584e+00 3.922419e-01 0.000000e+00
1.986923e+00 3.218531e-01 0.000000e+00
1.986923e+00 3.218531e-01 0.000000e+00
1.998584e+00 3.922419e-01 0.000000e+00
1.993541e+00 3.930772e-01 0.000000e+00
1.981881e+00 3.226884e-01 0.000000e+00
2.038923e+00 3.855594e-01 0.000000e+00
2.050583e+00 4.559482e-01 0.000000e+00
2.045541e+00 4.567835e-01 0.000000e+00
2.033880e+00 3.863947e-01 0.000000e+00
2.033880e+00 3.863947e-01 0.000000e+00
2.045541e+00 4.567835e-01 0.000000e+00
2.040498e+00 4.576188e-01 0.000000e+00
2.028838e+00 3.872300e-01 0.000000e+00
2.028838e+00 3.872300e-01 0.000000e+00
2.040498e+00 4.576188e-01 0.000000e+00
2.035456e+00 4.584541e-01 0.000000e+00
2.023796e+00 3.880653e-01 0.000000e+00
2.023796e+00 3.880653e-01 0.000000e+00
2.035456e+00 4.584541e-01 0.000000e+00
2.030414e+00 4.592894e-01 0.000000e+00
2.018753e+00 3.889006e-01 0.000000e+00
2.018753e+00 3.889006e-01 0.000000e+00
2.030414e+00 4.592894e-01 0.000000e+00
2.025371e+00 4.601247e-01 0.000000e+00
2.013711e+00 3.897359e-01 0.000000e+00
2.013711e+00 3.897359e-01 0.000000e+00
2.025371e+00 4.601247e-01 0.000000e+00
2.020329e+00 4.609600e-01 0.000000e+00
2.008668e+00 3.905712e-01 0.000000e+00
2.008668e+00 3.905712e-01 0.000000e+00
2.020329e+00 4.609600e-01 0.000000e+00
2.015286e+00 4.617953e-01 0.000000e+00
2.003626e+00 3.914066e-01 0.000000e+00
2.003626e+00 3.914066e-01 0.000000e+00
2.015286e+00 4.617953e-01 0.000000e+00
2.010244e+00 4.626306e-01 0.000000e+00
1.998584e+00 3.922419e-01 0.000000e+00
1.998584e+00 3.922419e-01 0.000000e+00
2.010244e+00 4.626306e-01 0.000000e+00
2.005202e+00 4.634659e-01 0.000000e+00
1.993541e+00 3.930772e-01 0.000000e+00
2.050583e+00 4.559482e-01 0.000000e+00
2.062243e+00 5.263369e-01 0.000000e+00
2.057201e+00 5.271722e-01 0.000000e+00
2.045541e+00 4.567835e-01 0.000000e+00
2.045541e+00 4.567835e-01 0.000000e+00
2.057201e+00 5.271722e-01 0.000000e+00
2.052159e+00 5.280075e-01 0.000000e+00
2.040498e+00 4.576188e-01 0.000000e+00
2.040498e+00 4.576188e-01 0.000000e+00
2.052159e+00 5.280075e-01 0.000000e+00
2.047116e+00 5.288428e-01 0.000000e+00
2.035456e+00 4.584541e-01 0.000000e+00
2.035456e+00 4.584541e-01 0.000000e+00
2.047116e+00 5.288428e-01 0.000000e+00
2.042074e+00 5.296781e-01 0.000000e+00
2.030414e+00 4.592894e-01 0.000000e+00
2.030414e+00 4.592894e-01 0.000000e+00
2.042074e+00 5.296781e-01 0.000000e+00
2.037031e+00 5.305135e-01 0.000000e+00
2.025371e+00 4.601247e-01 0.000000e+00
2.025371e+00 4.601247e-01 0.000000e+00
2.037031e+00 5.305135e-01 0.000000e+00
2.031989e+00 5.313488e-01 0.000000e+00
2.020329e+00 4.609600e-01 0.000000e+00
2.020329e+00 4.609600e-01 0.000000e+00
2.031989e+00 5.313488e-01 0.000000e+00
2.026947e+00 5.321841e-01 0.000000e+00
2.015286e+00 4.617953e-01 0.000000e+00
2.015286e+00 4.617953e-01 0.000000e+00
2.026947e+00 5.321841e-01 0.000000e+00
2.021904e+00 5.330194e-01 0.000000e+00
2.010244e+00 4.626306e-01 0.000000e+00
2.010244e+00 4.626306e-01 0.000000e+00
2.021904e+00 5.330194e-01 0.000000e+00
2.016862e+00 5.338547e-01 0.000000e+00
2.005202e+00 4.634659e-01 0.000000e+00
2.062243e+00 5.263369e-01 0.000000e+00
2.073904e+00 5.967257e-01 0.000000e+00
2.068861e+00 5.975610e-01 0.000000e+00
2.057201e+00 5.271722e-01 0.000000e+00
2.057201e+00 5.271722e-01 0.000000e+00
2.068861e+00 5.975610e-01 0.000000e+00
2.063819e+00 5.983963e-01 0.000000e+00
2.052159e+00 5.280075e-01 0.000000e+00
2.052159e+00 5.280075e-01 0.000000e+00
2.063819e+00 5.983963e-01 0.000000e+00
2.058777e+00 5.992316e-01 0.000000e+00
2.047116e+00 5.288428e-01 0.000000e+00
2.047116e+00 5.288428e-01 0.000000e+00
2.058777e+00 5.992316e-01 0.000000e+00
2.053734e+00 6.000669e-01 0.000000e+00
2.042074e+00 5.296781e-01 0.000000e+00
2.042074e+00 5.296781e-01 0.000000e+00
2.053734e+00 6.000669e-01 0.000000e+00
2.048692e+00 6.009022e-01 0.000000e+00
2.037031e+00 5.305135e-01 0.000000e+00
2.037031e+00 5.305135e-01 0.000000e+00
2.048692e+00 6.009022e-01 0.000000e+00
2.043649e+00 6.017375e-01 0.000000e+00
2.031989e+00 5.313488e-01 0.000000e+00
2.031989e+00 5.313488e-01 0.000000e+00
2.043649e+00 6.017375e-01 0.000000e+00
2.038607e+00 6.025728e-01 0.000000e+00
2.026947e+00 5.321841e-01 0.000000e+00
2.026947e+00 5.321841e-01 0.000000e+00
2.038607e+00 6.025728e-01 0.000000e+00
2.033565e+00 6.034081e-01 0.000000e+00
2.021904e+00 5.330194e-01 0.000000e+00
2.021904e+00 5.330194e-01 0.000000e+00
2.033565e+00 6.034081e-01 0.000000e+00
2.028522e+00 6.042434e-01 0.000000e+00
2.016862e+00 5.338547e-01 0.000000e+00
2.073904e+00 5.967257e-01 0.000000e+00
2.085564e+00 6.671144e-01 0.000000e+00
2.080522e+00 6.679497e-01 0.000000e+00
2.068861e+00 5.975610e-01 0.000000e+00
2.068861e+00 5.975610e-01 0.000000e+00
2.080522e+00 6.679497e-01 0.000000e+00
2.075479e+00 6.687850e-01 0.000000e+00
2.063819e+00 5.983963e-01 0.000000e+00
2.063819e+00 5.983963e-01 0.000000e+00
2.075479e+00 6.687850e-01 0.000000e+00
2.070437e+00 6.696204e-01 0.000000e+00
2.058777e+00 5.992316e-01 0.000000e+00
2.058777e+00 5.992316e-01 0.000000e+00
2.070437e+00 6.696204e-01 0.000000e+00
2.065395e+00 6.704557e-01 0.000000e+00
2.053734e+00 6.000669e-01 0.000000e+00
2.053734e+00 6.000669e-01 0.000000e+00
2.065395e+00 6.704557e-01 0.000000e+00
2.060352e+00 6.712910e-01 0.000000e+00
2.048692e+00 6.009022e-01 0.000000e+00
2.048692e+00 6.009022e-01 0.000000e+00
2.060352e+00 6.712910e-01 0.000000e+00
2.055310e+00 6.721263e-01 0.000000e+00
2.043649e+00 6.017375e-01 0.000000e+00
2.043649e+00 6.017375e-01 0.000000e+00
2.055310e+00 6.721263e-01 0.000000e+00
2.050267e+00 6.729616e-01 0.000000e+00
2.038607e+00 6.025728e-01 0.000000e+00
2.038607e+00 6.025728e-01 0.000000e+00
2.050267e+00 6.729616e-01 0.000000e+00
2.045225e+00 6.737969e-01 0.000000e+00
2.033565e+00 6.034081e-01 0.000000e+00
2.033565e+00 6.034081e-01 0.000000e+00
2.045225e+00 6.737969e-01 0.000000e+00
2.040183e+00 6.746322e-01 0.000000e+00
2.028522e+00 6.042434e-01 0.000000e+00
2.085564e+00 6.671144e-01 0.000000e+00
2.097224e+00 7.375032e-01 0.000000e+00
2.092182e+00 7.383385e-01 0.000000e+00
2.080522e+00 6.679497e-01 0.000000e+00
2.080522e+00 6.679497e-01 0.000000e+00
2.092182e+00 7.383385e-01 0.000000e+00
2.087140e+00 7.391738e-01 0.000000e+00
2.075479e+00 6.687850e-01 0.000000e+00
2.075479e+00 6.687850e-01 0.000000e+00
2.087140e+00 7.391738e-01 0.000000e+00
2.082097e+00 7.400091e-01 0.000000e+00
2.070437e+00 6.696204e-01 0.000000e+00
2.070437e+00 6.696204e-01 0.000000e+00
2.082097e+00 7.400091e-01 0.000000e+00
2.077055e+00 7.408444e-01 0.000000e+00
2.065395e+00 6.704557e-01 0.000000e+00
2.065395e+00 6.704557e-01 0.000000e+00
2.077055e+00 7.408444e-01 0.000000e+00
2.072013e+00 7.416797e-01 0.000000e+00
2.060352e+00 6.712910e-01 0.000000e+00
2.060352e+00 6.712910e-01 0.000000e+00
2.072013e+00 7.416797e-01 0.000000e+00
2.066970e+00 7.425150e-01 0.000000e+00
2.055310e+00 6.721263e-01 0.000000e+00
2.055310e+00 6.721263e-01 0.000000e+00
2.066970e+00 7.425150e-01 0.000000e+00
2.061928e+00 7.433503e-01 0.000000e+00
2.050267e+00 6.729616e-01 0.000000e+00
2.050267e+00 6.729616e-01 0.000000e+00
2.061928e+00 7.433503e-01 0.000000e+00
2.056885e+00 7.441856e-01 0.000000e+00
2.045225e+00 6.737969e-01 0.000000e+00
2.045225e+00 6.737969e-01 0.000000e+00
2.056885e+00 7.441856e-01 0.000000e+00
2.051843e+00 7.450209e-01 0.000000e+00
2.040183e+00 6.746322e-01 0.000000e+00
2.097224e+00 7.375032e-01 0.000000e+00
2.108885e+00 8.078920e-01 0.000000e+00
2.103842e+00 8.087273e-01 0.000000e+00
2.092182e+00 7.383385e-01 0.000000e+00
2.092182e+00 7.383385e-01 0.000000e+00
2.103842e+00 8.087273e-01 0.000000e+00
2.098800e+00 8.095626e-01 0.000000e+00
2.087140e+00 7.391738e-01 0.000000e+00
2.087140e+00 7.391738e-01 0.000000e+00
2.098800e+00 8.095626e-01 0.000000e+00
2.093758e+00 8.103979e-01 0.000000e+00
2.082097e+00 7.400091e-01 0.000000e+00
2.082097e+00 7.400091e-01 0.000000e+00
2.093758e+00 8.103979e-01 0.000000e+00
2.088715e+00 8.112332e-01 0.000000e+00
2.077055e+00 7.408444e-01 0.000000e+00
2.077055e+00 7.408444e-01 0.000000e+00
2.088715e+00 8.112332e-01 0.000000e+00
2.083673e+00 8.120685e-01 0.000000e+00
2.072013e+00 7.416797e-01 0.000000e+00
2.072013e+00 7.416797e-01 0.000000e+00
2.083673e+00 8.120685e-01 0.000000e+00
2.078630e+00 8.129038e-01 0.000000e+00
2.066970e+00 7.425150e-01 0.000000e+00
2.066970e+00 7.425150e-01 0.000000e+00
2.078630e+00 8.129038e-01 0.000000e+00
2.073588e+00 8.137391e-01 0.000000e+00
2.061928e+00 7.433503e-01 0.000000e+00
2.061928e+00 7.433503e-01 0.000000e+00
2.073588e+00 8.137391e-01 0.000000e+00
2.068546e+00 8.145744e-01 0.000000e+00
2.056885e+00 7.441856e-01 0.000000e+00
2.056885e+00 7.441856e-01 0.000000e+00
2.068546e+00 8.145744e-01 0.000000e+00
2.063503e+00 8.154097e-01 0.000000e+00
2.051843e+00 7.450209e-01 0.000000e+00
-1.053848e+00 -1.171958e+00 0.000000e+00
-1.042017e+00 -1.099946e+00 0.000000e+00
-1.036974e+00 -1.100774e+00 0.000000e+00
-1.048804e+00 -1.172786e+00 0.000000e+00
-1.048804e+00 -1.172786e+00 0.000000e+00
-1.036974e+00 -1.100774e+00 0.000000e+00
-1.031930e+00 -1.101603e+00 0.000000e+00
-1.043761e+00 -1.173615e+00 0.000000e+00
-1.043761e+00 -1.173615e+00 0.000000e+00
-1.031930e+00 -1.101603e+00 0.000000e+00
-1.026887e+00 -1.102432e+00 0.000000e+00
-1.038717e+00 -1.174443e+00 0.000000e+00
-1.038717e+00 -1.174443e+00 0.000000e+00
-1.026887e+00 -1.102432e+00 0.000000e+00
-1.021843e+00 -1.103260e+00 0.000000e+00
-1.033674e+00 -1.175272e+00 0.000000e+00
-1.033674e+00 -1.175272e+00 0.000000e+00
-1.021843e+00 -1.103260e+00 0.000000e+00
-1.016800e+00 -1.104089e+00 0.000000e+00
-1.028630e+00 -1.176101e+00 0.000000e+00
-1.028630e+00 -1.176101e+00 0.000000e+00
-1.016800e+00 -1.104089e+00 0.000000e+00
-1.011756e+00 -1.104917e+00 0.000000e+00
-1.023587e+00 -1.176929e+00 0.000000e+00
-1.023587e+00 -1.176929e+00 0.000000e+00
-1.011756e+00 -1.104917e+00 0.000000e+00
-1.006713e+00 -1.105746e+00 0.000000e+00
-1.018543e+00 -1.177758e+00 0.000000e+00
-1.018543e+00 -1.177758e+00 0.000000e+00
-1.006713e+00 -1.105746e+00 0.000000e+00
-1.001669e+00 -1.106574e+00 0.000000e+00
-1.013500e+00 -1.178586e+00 0.000000e+00
-1.013500e+00 -1.178586e+00 0.000000e+00
-1.001669e+00 -1.106574e+00 0.000000e+00
-9.966258e-01 -1.107403e+00 0.000000e+00
-1.008456e+00 -1.179415e+00 0.000000e+00
-1.042017e+00 -1.099946e+00 0.000000e+00
-1.030187e+00 -1.027934e+00 0.000000e+00
-1.025143e+00 -1.028763e+00 0.000000e+00
-1.036974e+00 -1.100774e+00 0.000000e+00
-1.036974e+00 -1.100774e+00 0.000000e+00
-1.025143e+00 -1.028763e+00 0.000000e+00
-1.020100e+00 -1.029591e+00 0.000000e+00
-1.031930e+00 -1.101603e+00 0.000000e+00
-1.031930e+00 -1.101603e+00 0.000000e+00
-1.020100e+00 -1.029591e+00 0.000000e+00
-1.015056e+00 -1.030420e+00 0.000000e+00
-1.026887e+00 -1.102432e+00 0.000000e+00
-1.026887e+00 -1.102432e+00 0.000000e+00
-1.015056e+00 -1.030420e+00 0.000000e+00
-1.010013e+00 -1.031248e+00 0.000000e+00
-1.021843e+00 -1.103260e+00 0.000000e+00
-1.021843e+00 -1.103260e+00 0.000000e+00
-1.010013e+00 -1.031248e+00 0.000000e+00
-1.004969e+00 -1.032077e+00 0.000000e+00
-1.016800e+00 -1.104089e+00 0.000000e+00
-1.016800e+00 -1.104089e+00 0.000000e+00
-1.004969e+00 -1.032077e+00 0.000000e+00
-9.999260e-01 -1.032905e+00 0.000000e+00
-1.011756e+00 -1.104917e+00 0.000000e+00
-1.011756e+00 -1.104917e+00 0.000000e+00
-9.999260e-01 -1.032905e+00 0.000000e+00
-9.948825e-01 -1.033734e+00 0.000000e+00
-1.006713e+00 -1.105746e+00 0.000000e+00
-1.006713e+00 -1.105746e+00 0.000000e+00
-9.948825e-01 -1.033734e+00 0.000000e+00
-9.898390e-01 -1.034563e+00 0.000000e+00
-1.001669e+00 -1.106574e+00 0.000000e+00
-1.001669e+00 -1.106574e+00 0.000000e+00
-9.898390e-01 -1.034563e+00 0.000000e+00
-9.847955e-01 -1.035391e+00 0.000000e+00
-9.966258e-01 -1.107403e+00 0.000000e+00
-1.030187e+00 -1.027934e+00 0.000000e+00
-1.018357e+00 -9.559221e-01 0.000000e+00
-1.013313e+00 -9.567507e-01 0.000000e+00
-1.025143e+00 -1.028763e+00 0.000000e+00
-1.025143e+00 -1.028763e+00 0.000000e+00
-1.013313e+00 -9.567507e-01 0.000000e+00
-1.008270e+00 -9.575792e-01 0.000000e+00
-1.020100e+00 -1.029591e+00 0.000000e+00
-1.020100e+00 -1.029591e+00 0.000000e+00
-1.008270e+00 -9.575792e-01 0.000000e+00
-1.003226e+00 -9.584078e-01 0.000000e+00
-1.015056e+00 -1.030420e+00 0.000000e+00
-1.015056e+00 -1.030420e+00 0.000000e+00
-1.003226e+00 -9.584078e-01 0.000000e+00
-9.981826e-01 -9.592363e-01 0.000000e+00
-1.010013e+00 -1.031248e+00 0.000000e+00
-1.010013e+00 -1.031248e+00 0.000000e+00
-9.981826e-01 -9.592363e-01 0.000000e+00
-9.931391e-01 -9.600649e-01 0.000000e+00
-1.004969e+00 -1.032077e+00 0.000000e+00
-1.004969e+00 -1.032077e+00 0.000000e+00
-9.931391e-01 -9.600649e-01 0.000000e+00
-9.880956e-01 -9.608935e-01 0.000000e+00
-9.999260e-01 -1.032905e+00 0.000000e+00
-9.999260e-01 -1.032905e+00 0.000000e+00
-9.880956e-01 -9.608935e-01 0.000000e+00
-9.830521e-01 -9.617220e-01 0.000000e+00
-9.948825e-01 -1.033734e+00 0.000000e+00
-9.948825e-01 -1.033734e+00 0.000000e+00
-9.830521e-01 -9.617220e-01 0.000000e+00
-9.780086e-01 -9.625506e-01 0.000000e+00
-9.898390e-01 -1.034563e+00 0.000000e+00
-9.898390e-01 -1.034563e+00 0.000000e+00
-9.780086e-01 -9.625506e-01 0.000000e+00
-9.729651e-01 -9.633792e-01 0.000000e+00
-9.847955e-01 -1.035391e+00 0.000000e+00
-1.018357e+00 -9.559221e-01 0.000000e+00
-1.006526e+00 -8.839102e-01 0.000000e+00
-1.001483e+00 -8.847388e-01 0.000000e+00
-1.013313e+00 -9.567507e-01 0.000000e+00
-1.013313e+00 -9.567507e-01 0.000000e+00
-1.001483e+00 -8.847388e-01 0.000000e+00
-9.964393e-01 -8.855673e-01 0.000000e+00
-1.008270e+00 -9.575792e-01 0.000000e+00
-1.008270e+00 -9.575792e-01 0.000000e+00
-9.964393e-01 -8.855673e-01 0.000000e+00
-9.913958e-01 -8.863959e-01 0.000000e+00
-1.003226e+00 -9.584078e-01 0.000000e+00
-1.003226e+00 -9.584078e-01 0.000000e+00
-9.913958e-01 -8.863959e-01 0.000000e+00
-9.863523e-01 -8.872245e-01 0.000000e+00
-9.981826e-01 -9.592363e-01 0.000000e+00
-9.981826e-01 -9.592363e-01 0.000000e+00
-9.863523e-01 -8.872245e-01 0.000000e+00
-9.813088e-01 -8.880530e-01 0.000000e+00
-9.931391e-01 -9.600649e-01 0.000000e+00
-9.931391e-01 -9.600649e-01 0.000000e+00
-9.813088e-01 -8.880530e-01 0.000000e+00
-9.762653e-01 -8.888816e-01 0.000000e+00
-9.880956e-01 -9.608935e-01 0.000000e+00
-9.880956e-01 -9.608935e-01 0.000000e+00
-9.762653e-01 -8.888816e-01 0.000000e+00
-9.712217e-01 -8.897102e-01 0.000000e+00
-9.830521e-01 -9.617220e-01 0.000000e+00
-9.830521e-01 -9.617220e-01 0.000000e+00
-9.712217e-01 -8.897102e-01 0.000000e+00
-9.661782e-01 -8.905387e-01 0.000000e+00
-9.780086e-01 -9.625506e-01 0.000000e+00
-9.780086e-01 -9.625506e-01 0.000000e+00
-9.661782e-01 -8.905387e-01 0.000000e+00
-9.611347e-01 -8.913673e-01 0.000000e+00
-9.729651e-01 -9.633792e-01 0.000000e+00
-1.006526e+00 -8.839102e-01 0.000000e+00
-9.946959e-01 -8.118983e-01 0.000000e+00
-9.896524e-01 -8.127269e-01 0.000000e+00
-1.001483e+00 -8.847388e-01 0.000000e+00
-1.001483e+00 -8.847388e-01 0.000000e+00
-9.896524e-01 -8.127269e-01 0.000000e+00
-9.846089e-01 -8.135554e-01 0.000000e+00
-9.964393e-01 -8.855673e-01 0.000000e+00
-9.964393e-01 -8.855673e-01 0.000000e+00
-9.846089e-01 -8.135554e-01 0.000000e+00
-9.795654e-01 -8.143840e-01 0.000000e+00
-9.913958e-01 -8.863959e-01 0.000000e+00
-9.913958e-01 -8.863959e-01 0.000000e+00
-9.795654e-01 -8.143840e-01 0.000000e+00
-9.745219e-01 -8.152126e-01 0.000000e+00
-9.863523e-01 -8.872245e-01 0.000000e+00
-9.863523e-01 -8.872245e-01 0.000000e+00
-9.745219e-01 -8.152126e-01 0.000000e+00
-9.694784e-01 -8.160411e-01 0.000000e+00
-9.813088e-01 -8.880530e-01 0.000000e+00
-9.813088e-01 -8.880530e-01 0.000000e+00
-9.694784e-01 -8.160411e-01 0.000000e+00
-9.644349e-01 -8.168697e-01 0.000000e+00
-9.762653e-01 -8.888816e-01 0.000000e+00
-9.762653e-01 -8.888816e-01 0.000000e+00
-9.644349e-01 -8.168697e-01 0.000000e+00
-9.593914e-01 -8.176982e-01 0.000000e+00
-9.712217e-01 -8.897101e-01 0.000000e+00
-9.712217e-01 -8.897101e-01 0.000000e+00
-9.593914e-01 -8.176982e-01 0.000000e+00
-9.543479e-01 -8.185268e-01 0.000000e+00
-9.661782e-01 -8.905387e-01 0.000000e+00
-9.661782e-01 -8.905387e-01 0.000000e+00
-9.543479e-01 -8.185268e-01 0.000000e+00
-9.493044e-01 -8.193554e-01 0.000000e+00
-9.611347e-01 -8.913673e-01 0.000000e+00
-9.946959e-01 -8.118983e-01 0.000000e+00
-9.828656e-01 -7.398864e-01 0.000000e+00
-9.778221e-01 -7.407150e-01 0.000000e+00
-9.896524e-01 -8.127269e-01 0.000000e+00
-9.896524e-01 -8.127269e-01 0.000000e+00
-9.778221e-01 -7.407150e-01 0.000000e+00
-9.727786e-01 -7.415435e-01 0.000000e+00
-9.846089e-01 -8.135554e-01 0.000000e+00
-9.846089e-01 -8.135554e-01 0.000000e+00
-9.727786e-01 -7.415435e-01 0.000000e+00
-9.677351e-01 -7.423721e-01 0.000000e+00
-9.795654e-01 -8.143840e-01 0.000000e+00
-9.795654e-01 -8.143840e-01 0.000000e+00
-9.677351e-01 -7.423721e-01 0.000000e+00
-9.626916e-01 -7.432007e-01 0.000000e+00
-9.745219e-01 -8.152126e-01 0.000000e+00
-9.745219e-01 -8.152126e-01 0.000000e+00
-9.626916e-01 -7.432007e-01 0.000000e+00
-9.576480e-01 -7.440292e-01 0.000000e+00
-9.694784e-01 -8.160411e-01 0.000000e+00
-9.694784e-01 -8.160411e-01 0.000000e+00
-9.576480e-01 -7.440292e-01 0.000000e+00
-9.526045e-01 -7.448578e-01 0.000000e+00
-9.644349e-01 -8.168697e-01 0.000000e+00
-9.644349e-01 -8.168697e-01 0.000000e+00
-9.526045e-01 -7.448578e-01 0.000000e+00
-9.475610e-01 -7.456864e-01 0.000000e+00
-9.593914e-01 -8.176983e-01 0.000000e+00
-9.593914e-01 -8.176983e-01 0.000000e+00
-9.475610e-01 -7.456864e-01 0.000000e+00
-9.425175e-01 -7.465149e-01 0.000000e+00
-9.543479e-01 -8.185268e-01 0.000000e+00
-9.543479e-01 -8.185268e-01 0.000000e+00
-9.425175e-01 -7.465149e-01 0.000000e+00
-9.374740e-01 -7.473435e-01 0.000000e+00
-9.493044e-01 -8.193554e-01 0.000000e+00
-9.828656e-01 -7.398864e-01 0.000000e+00
-9.710352e-01 -6.678745e-01 0.000000e+00
-9.659917e-01 -6.687031e-01 0.000000e+00
-9.778221e-01 -7.407150e-01 0.000000e+00
-9.778221e-01 -7.407150e-01 0.000000e+00
-9.659917e-01 -6.687031e-01 0.000000e+00
-9.609482e-01 -6.695316e-01 0.000000e+00
-9.727786e-01 -7.415435e-01 0.000000e+00
-9.727786e-01 -7.415435e-01 0.000000e+00
-9.609482e-01 -6.695316e-01 0.000000e+00
-9.559047e-01 -6.703602e-01 0.000000e+00
-9.677351e-01 -7.423721e-01 0.000000e+00
-9.677351e-01 -7.423721e-01 0.000000e+00
-9.559047e-01 -6.703602e-01 0.000000e+00
-9.508612e-01 -6.711888e-01 0.000000e+00
-9.626916e-01 -7.432007e-01 0.000000e+00
-9.626916e-01 -7.432007e-01 0.000000e+00
-9.508612e-01 -6.711888e-01 0.000000e+00
-9.458177e-01 -6.720173e-01 0.000000e+00
-9.576480e-01 -7.440292e-01 0.000000e+00
-9.576480e-01 -7.440292e-01 0.000000e+00
-9.458177e-01 -6.720173e-01 0.000000e+00
-9.407742e-01 -6.728459e-01 0.000000e+00
-9.526045e-01 -7.448578e-01 0.000000e+00
-9.526045e-01 -7.448578e-01 0.000000e+00
-9.407742e-01 -6.728459e-01 0.000000e+00
-9.357307e-01 -6.736745e-01 0.000000e+00
-9.475610e-01 -7.456864e-01 0.000000e+00
-9.475610e-01 -7.456864e-01 0.000000e+00
-9.357307e-01 -6.736745e-01 0.000000e+00
-9.306872e-01 -6.745030e-01 0.000000e+00
-9.425175e-01 -7.465149e-01 0.000000e+00
-9.425175e-01 -7.465149e-01 0.000000e+00
-9.306872e-01 -6.745030e-01 0.000000e+00
-9.256437e-01 -6.753316e-01 0.000000e+00
-9.374740e-01 -7.473435e-01 0.000000e+00
-9.710352e-01 -6.678745e-01 0.000000e+00
-9.592049e-01 -5.958626e-01 0.000000e+00
-9.541614e-01 -5.966912e-01 0.000000e+00
-9.659917e-01 -6.687031e-01 0.000000e+00
-9.659917e-01 -6.687031e-01 0.000000e+00
-9.541614e-01 -5.966912e-01 0.000000e+00
-9.491179e-01 -5.975197e-01 0.000000e+00
-9.609482e-01 -6.695316e-01 0.000000e+00
-9.609482e-01 -6.695316e-01 0.000000e+00
-9.491179e-01 -5.975197e-01 0.000000e+00
-9.440743e-01 -5.983483e-01 0.000000e+00
-9.559047e-01 -6.703602e-01 0.000000e+00
-9.559047e-01 -6.703602e-01 0.000000e+00
-9.440743e-01 -5.983483e-01 0.000000e+00
-9.390308e-01 -5.991769e-01 0.000000e+00
-9.508612e-01 -6.711888e-01 0.000000e+00
-9.508612e-01 -6.711888e-01 0.000000e+00
-9.390308e-01 -5.991769e-01 0.000000e+00
-9.339873e-01 -6.000054e-01 0.000000e+00
-9.458177e-01 -6.720173e-01 0.000000e+00
-9.458177e-01 -6.720173e-01 0.000000e+00
-9.339873e-01 -6.000054e-01 0.000000e+00
-9.289438e-01 -6.008340e-01 0.000000e+00
-9.407742e-01 -6.728459e-01 0.000000e+00
-9.407742e-01 -6.728459e-01 0.000000e+00
-9.289438e-01 -6.008340e-01 0.000000e+00
-9.239003e-01 -6.016625e-01 0.000000e+00
-9.357307e-01 -6.736744e-01 0.000000e+00
-9.357307e-01 -6.736744e-01 0.000000e+00
-9.239003e-01 -6.016625e-01 0.000000e+00
-9.188568e-01 -6.024911e-01 0.000000e+00
-9.306872e-01 -6.745030e-01 0.000000e+00
-9.306872e-01 -6.745030e-01 0.000000e+00
-9.188568e-01 -6.024911e-01 0.000000e+00
-9.138133e-01 -6.033197e-01 0.000000e+00
-9.256437e-01 -6.753316e-01 0.000000e+00
-9.592049e-01 -5.958626e-01 0.000000e+00
-9.473745e-01 -5.238507e-01 0.000000e+00
-9.423310e-01 -5.246793e-01 0.000000e+00
-9.541614e-01 -5.966912e-01 0.000000e+00
-9.541614e-01 -5.966912e-01 0.000000e+00
-9.423310e-01 -5.246793e-01 0.000000e+00
-9.372875e-01 -5.255078e-01 0.000000e+00
-9.491179e-01 -5.975197e-01 0.000000e+00
-9.491179e-01 -5.975197e-01 0.000000e+00
-9.372875e-01 -5.255078e-01 0.000000e+00
-9.322440e-01 -5.263364e-01 0.000000e+00
-9.440743e-01 -5.983483e-01 0.000000e+00
-9.440743e-01 -5.983483e-01 0.000000e+00
-9.322440e-01 -5.263364e-01 0.000000e+00
-9.272005e-01 -5.271650e-01 0.000000e+00
-9.390308e-01 -5.991769e-01 0.000000e+00
-9.390308e-01 -5.991769e-01 0.000000e+00
-9.272005e-01 -5.271650e-01 0.000000e+00
-9.221570e-01 -5.279935e-01 0.000000e+00
-9.339873e-01 -6.000054e-01 0.000000e+00
-9.339873e-01 -6.000054e-01 0.000000e+00
-9.221570e-01 -5.279935e-01 0.000000e+00
-9.171135e-01 -5.288221e-01 0.000000e+00
-9.289438e-01 -6.008340e-01 0.000000e+00
-9.289438e-01 -6.008340e-01 0.000000e+00
-9.171135e-01 -5.288221e-01 0.000000e+00
-9.120700e-01 -5.296507e-01 0.000000e+00
-9.239003e-01 -6.016626e-01 0.000000e+00
-9.239003e-01 -6.016626e-01 0.000000e+00
-9.120700e-01 -5.296507e-01 0.000000e+00
-9.070265e-01 -5.304792e-01 0.000000e+00
-9.188568e-01 -6.024911e-01 0.000000e+00
-9.188568e-01 -6.024911e-01 0.000000e+00
-9.070265e-01 -5.304792e-01 0.000000e+00
-9.019830e-01 -5.313078e-01 0.000000e+00
-9.138133e-01 -6.033197e-01 0.000000e+00
-9.473745e-01 -5.238507e-01 0.000000e+00
-9.355441e-01 -4.518388e-01 0.000000e+00
-9.305006e-01 -4.526674e-01 0.000000e+00
-9.423310e-01 -5.246793e-01 0.000000e+00
-9.423310e-01 -5.246793e-01 0.000000e+00
-9.305006e-01 -4.526674e-01 0.000000e+00
-9.254571e-01 -4.534959e-01 0.000000e+00
-9.372875e-01 -5.255078e-01 0.000000e+00
-9.372875e-01 -5.255078e-01 0.000000e+00
-9.254571e-01 -4.534959e-01 0.000000e+00
-9.204136e-01 -4.543245e-01 0.000000e+00
-9.322440e-01 -5.263364e-01 0.000000e+00
-9.322440e-01 -5.263364e-01 0.000000e+00
-9.204136e-01 -4.543245e-01 0.000000e+00
-9.153701e-01 -4.551531e-01 0.000000e+00
-9.272005e-01 -5.271650e-01 0.000000e+00
-9.272005e-01 -5.271650e-01 0.000000e+00
-9.153701e-01 -4.551531e-01 0.000000e+00
-9.103266e-01 -4.559816e-01 0.000000e+00
-9.221570e-01 -5.279935e-01 0.000000e+00
-9.221570e-01 -5.279935e-01 0.000000e+00
-9.103266e-01 -4.559816e-01 0.000000e+00
-9.052831e-01 -4.568102e-01 0.000000e+00
-9.171135e-01 -5.288221e-01 0.000000e+00
-9.171135e-01 -5.288221e-01 0.000000e+00
-9.052831e-01 -4.568102e-01 0.000000e+00
-9.002396e-01 -4.576388e-01 0.000000e+00
-9.120700e-01 -5.296507e-01 0.000000e+00
-9.120700e-01 -5.296507e-01 0.000000e+00
-9.002396e-01 -4.576388e-01 0.000000e+00
-8.951961e-01 -4.584673e-01 0.000000e+00
-9.070265e-01 -5.304792e-01 0.000000e+00
-9.070265e-01 -5.304792e-01 0.000000e+00
-8.951961e-01 -4.584673e-01 0.000000e+00
-8.901526e-01 -4.592959e-01 0.000000e+00
-9.019830e-01 -5.313078e-01 0.000000e+00
-9.355441e-01 -4.518388e-01 0.000000e+00
-9.237138e-01 -3.798269e-01 0.000000e+00
-9.186703e-01 -3.806555e-01 0.000000e+00
-9.305006e-01 -4.526674e-01 0.000000e+00
-9.305006e-01 -4.526674e-01 0.000000e+00
-9.186703e-01 -3.806555e-01 0.000000e+00
-9.136268e-01 -3.814840e-01 0.000000e+00
-9.254571e-01 -4.534959e-01 0.000000e+00
-9.254571e-01 -4.534959e-01 0.000000e+00
-9.136268e-01 -3.814840e-01 0.000000e+00
-9.085833e-01 -3.823126e-01 0.000000e+00
-9.204136e-01 -4.543245e-01 0.000000e+00
-9.204136e-01 -4.543245e-01 0.000000e+00
-9.085833e-01 -3.823126e-01 0.000000e+00
-9.035398e-01 -3.831412e-01 0.000000e+00
-9.153701e-01 -4.551531e-01 0.000000e+00
-9.153701e-01 -4.551531e-01 0.000000e+00
-9.035398e-01 -3.831412e-01 0.000000e+00
-8.984963e-01 -3.839697e-01 0.000000e+00
-9.103266e-01 -4.559816e-01 0.000000e+00
-9.103266e-01 -4.559816e-01 0.000000e+00
-8.984963e-01 -3.839697e-01 0.000000e+00
-8.934528e-01 -3.847983e-01 0.000000e+00
-9.052831e-01 -4.568102e-01 0.000000e+00
-9.052831e-01 -4.568102e-01 0.000000e+00
-8.934528e-01 -3.847983e-01 0.000000e+00
-8.884093e-01 -3.856269e-01 0.000000e+00
-9.002396e-01 -4.576387e-01 0.000000e+00
-9.002396e-01 -4.576387e-01 0.000000e+00
-8.884093e-01 -3.856269e-01 0.000000e+00
-8.833658e-01 -3.864554e-01 0.000000e+00
-8.951961e-01 -4.584673e-01 0.000000e+00
-8.951961e-01 -4.584673e-01 0.000000e+00
-8.833658e-01 -3.864554e-01 0.000000e+00
-8.783222e-01 -3.872840e-01 0.000000e+00
-8.901526e-01 -4.592959e-01 0.000000e+00
-9.237138e-01 -3.798269e-01 0.000000e+00
-9.118834e-01 -3.078150e-01 0.000000e+00
-9.068399e-01 -3.086436e-01 0.000000e+00
-9.186703e-01 -3.806555e-01 0.000000e+00
-9.186703e-01 -3.806555e-01 0.000000e+00
-9.068399e-01 -3.086436e-01 0.000000e+00
-9.017964e-01 -3.094721e-01 0.000000e+00
-9.136268e-01 -3.814840e-01 0.000000e+00
-9.136268e-01 -3.814840e-01 0.000000e+00
-9.017964e-01 -3.094721e-01 0.000000e+00
-8.967529e-01 -3.103007e-01 0.000000e+00
-9.085833e-01 -3.823126e-01 0.000000e+00
-9.085833e-01 -3.823126e-01 0.000000e+00
-8.967529e-01 -3.103007e-01 0.000000e+00
-8.917094e-01 -3.111293e-01 0.000000e+00
-9.035398e-01 -3.831412e-01 0.000000e+00
-9.035398e-01 -3.831412e-01 0.000000e+00
-8.917094e-01 -3.111293e-01 0.000000e+00
-8.866659e-01 -3.119578e-01 0.000000e+00
-8.984963e-01 -3.839697e-01 0.000000e+00
-8.984963e-01 -3.839697e-01 0.000000e+00
-8.866659e-01 -3.119578e-01 0.000000e+00
-8.816224e-01 -3.127864e-01 0.000000e+00
-8.934528e-01 -3.847983e-01 0.000000e+00
-8.934528e-01 -3.847983e-01 0.000000e+00
-8.816224e-01 -3.127864e-01 0.000000e+00
-8.765789e-01 -3.136150e-01 0.000000e+00
-8.884093e-01 -3.856269e-01 0.000000e+00
-8.884093e-01 -3.856269e-01 0.000000e+00
-8.765789e-01 -3.136150e-01 0.000000e+00
-8.715354e-01 -3.144435e-01 0.000000e+00
-8.833658e-01 -3.864554e-01 0.000000e+00
-8.833658e-01 -3.864554e-01 0.000000e+00
-8.715354e-01 -3.144435e-01 0.000000e+00
-8.664919e-01 -3.152721e-01 0.000000e+00
-8.783222e-01 -3.872840e-01 0.000000e+00
-9.118834e-01 -3.078150e-01 0.000000e+00
-9.000531e-01 -2.358031e-01 0.000000e+00
-8.950096e-01 -2.366317e-01 0.000000e+00
-9.068399e-01 -3.086436e-01 0.000000e+00
-9.068399e-01 -3.086436e-01 0.000000e+00
-8.950096e-01 -2.366317e-01 0.000000e+00
-8.899661e-01 -2.374602e-01 0.000000e+00
-9.017964e-01 -3.094721e-01 0.000000e+00
-9.017964e-01 -3.094721e-01 0.000000e+00
-8.899661e-01 -2.374602e-01 0.000000e+00
-8.849226e-01 -2.382888e-01 0.000000e+00
-8.967529e-01 -3.103007e-01 0.000000e+00
-8.967529e-01 -3.103007e-01 0.000000e+00
-8.849226e-01 -2.382888e-01 0.000000e+00
-8.798791e-01 -2.391174e-01 0.000000e+00
-8.917094e-01 -3.111293e-01 0.000000e+00
-8.917094e-01 -3.111293e-01 0.000000e+00
-8.798791e-01 -2.391174e-01 0.000000e+00
-8.748355e-01 -2.399459e-01 0.000000e+00
-8.866659e-01 -3.119578e-01 0.000000e+00
-8.866659e-01 -3.119578e-01 0.000000e+00
-8.748355e-01 -2.399459e-01 0.000000e+00
-8.697920e-01 -2.407745e-01 0.000000e+00
-8.816224e-01 -3.127864e-01 0.000000e+00
-8.816224e-01 -3.127864e-01 0.000000e+00
-8.697920e-01 -2.407745e-01 0.000000e+00
-8.647485e-01 -2.416031e-01 0.000000e+00
-8.765789e-01 -3.136150e-01 0.000000e+00
-8.765789e-01 -3.136150e-01 0.000000e+00
-8.647485e-01 -2.416031e-01 0.000000e+00
-8.597050e-01 -2.424316e-01 0.000000e+00
-8.715354e-01 -3.144435e-01 0.000000e+00
-8.715354e-01 -3.144435e-01 0.000000e+00
-8.597050e-01 -2.424316e-01 0.000000e+00
-8.546615e-01 -2.432602e-01 0.000000e+00
-8.664919e-01 -3.152721e-01 0.000000e+00
-9.000531e-01 -2.358031e-01 0.000000e+00
-8.882227e-01 -1.637912e-01 0.000000e+00
-8.831792e-01 -1.646198e-01 0.000000e+00
-8.950096e-01 -2.366317e-01 0.000000e+00
-8.950096e-01 -2.366317e-01 0.000000e+00
-8.831792e-01 -1.646198e-01 0.000000e+00
-8.781357e-01 -1.654483e-01 0.000000e+00
-8.899661e-01 -2.374602e-01 0.000000e+00
-8.899661e-01 -2.374602e-01 0.000000e+00
-8.781357e-01 -1.654483e-01 0.000000e+00
-8.730922e-01 -1.662769e-01 0.000000e+00
-8.849226e-01 -2.382888e-01 0.000000e+00
-8.849226e-01 -2.382888e-01 0.000000e+00
-8.730922e-01 -1.662769e-01 0.000000e+00
-8.680487e-01 -1.671055e-01 0.000000e+00
-8.798791e-01 -2.391174e-01 0.000000e+00
-8.798791e-01 -2.391174e-01 0.000000e+00
-8.680487e-01 -1.671055e-01 0.000000e+00
-8.630052e-01 -1.679340e-01 0.000000e+00
-8.748355e-01 -2.399459e-01 0.000000e+00
-8.748355e-01 -2.399459e-01 0.000000e+00
-8.630052e-01 -1.679340e-01 0.000000e+00
-8.579617e-01 -1.687626e-01 0.000000e+00
-8.697920e-01 -2.407745e-01 0.000000e+00
-8.697920e-01 -2.407745e-01 0.000000e+00
-8.579617e-01 -1.687626e-01 0.000000e+00
-8.529182e-01 -1.695912e-01 0.000000e+00
-8.647485e-01 -2.416031e-01 0.000000e+00
-8.647485e-01 -2.416031e-01 0.000000e+00
-8.529182e-01 -1.695912e-01 0.000000e+00
-8.478747e-01 -1.704197e-01 0.000000e+00
-8.597050e-01 -2.424316e-01 0.000000e+00
-8.597050e-01 -2.424316e-01 0.000000e+00
-8.478747e-01 -1.704197e-01 0.000000e+00
-8.428312e-01 -1.712483e-01 0.000000e+00
-8.546615e-01 -2.432602e-01 0.000000e+00
-8.882227e-01 -1.637912e-01 0.000000e+00
-8.763924e-01 -9.177931e-02 0.000000e+00
-8.713489e-01 -9.260788e-02 0.000000e+00
-8.831792e-01 -1.646198e-01 0.000000e+00
-8.831792e-01 -1.646198e-01 0.000000e+00
-8.713489e-01 -9.260788e-02 0.000000e+00
-8.663054e-01 -9.343644e-02 0.000000e+00
-8.781357e-01 -1.654483e-01 0.000000e+00
-8.781357e-01 -1.654483e-01 0.000000e+00
-8.663054e-01 -9.343644e-02 0.000000e+00
-8.612618e-01 -9.426500e-02 0.000000e+00
-8.730922e-01 -1.662769e-01 0.000000e+00
-8.730922e-01 -1.662769e-01 0.000000e+00
-8.612618e-01 -9.426500e-02 0.000000e+00
-8.562183e-01 -9.509357e-02 0.000000e+00
-8.680487e-01 -1.671055e-01 0.000000e+00
-8.680487e-01 -1.671055e-01 0.000000e+00
-8.562183e-01 -9.509357e-02 0.000000e+00
-8.511748e-01 -9.592213e-02 0.000000e+00
-8.630052e-01 -1.679340e-01 0.000000e+00
-8.630052e-01 -1.679340e-01 0.000000e+00
-8.511748e-01 -9.592213e-02 0.000000e+00
-8.461313e-01 -9.675070e-02 0.000000e+00
-8.579617e-01 -1.687626e-01 0.000000e+00
-8.579617e-01 -1.687626e-01 0.000000e+00
-8.461313e-01 -9.675070e-02 0.000000e+00
-8.410878e-01 -9.757926e-02 0.000000e+00
-8.529182e-01 -1.695912e-01 0.000000e+00
-8.529182e-01 -1.695912e-01 0.000000e+00
-8.410878e-01 -9.757926e-02 0.000000e+00
-8.360443e-01 -9.840782e-02 0.000000e+00
-8.478747e-01 -1.704197e-01 0.000000e+00
-8.478747e-01 -1.704197e-01 0.000000e+00
-8.360443e-01 -9.840782e-02 0.000000e+00
-8.310008e-01 -9.923639e-02 0.000000e+00
-8.428312e-01 -1.712483e-01 0.000000e+00
-8.763924e-01 -9.177931e-02 0.000000e+00
-8.645620e-01 -1.976741e-02 0.000000e+00
-8.595185e-01 -2.059598e-02 0.000000e+00
-8.713489e-01 -9.260788e-02 0.000000e+00
-8.713489e-01 -9.260788e-02 0.000000e+00
-8.595185e-01 -2.059598e-02 0.000000e+00
-8.544750e-01 -2.142454e-02 0.000000e+00
-8.663054e-01 -9.343644e-02 0.000000e+00
-8.663054e-01 -9.343644e-02 0.000000e+00
-8.544750e-01 -2.142454e-02 0.000000e+00
-8.494315e-01 -2.225310e-02 0.000000e+00
-8.612618e-01 -9.426500e-02 0.000000e+00
-8.612618e-01 -9.426500e-02 0.000000e+00
-8.494315e-01 -2.225310e-02 0.000000e+00
-8.443880e-01 -2.308167e-02 0.000000e+00
-8.562183e-01 -9.509357e-02 0.000000e+00
-8.562183e-01 -9.509357e-02 0.000000e+00
-8.443880e-01 -2.308167e-02 0.000000e+00
-8.393445e-01 -2.391023e-02 0.000000e+00
-8.511748e-01 -9.592213e-02 0.000000e+00
-8.511748e-01 -9.592213e-02 0.000000e+00
-8.393445e-01 -2.391023e-02 0.000000e+00
-8.343010e-01 -2.473880e-02 0.000000e+00
-8.461313e-01 -9.675070e-02 0.000000e+00
-8.461313e-01 -9.675070e-02 0.000000e+00
-8.343010e-01 -2.473880e-02 0.000000e+00
-8.292575e-01 -2.556736e-02 0.000000e+00
-8.410878e-01 -9.757926e-02 0.000000e+00
-8.410878e-01 -9.757926e-02 0.000000e+00
-8.292575e-01 -2.556736e-02 0.000000e+00
-8.242140e-01 -2.639592e-02 0.000000e+00
-8.360443e-01 -9.840782e-02 0.000000e+00
-8.360443e-01 -9.840782e-02 0.000000e+00
-8.242140e-01 -2.639592e-02 0.000000e+00
-8.191705e-01 -2.722449e-02 0.000000e+00
-8.310008e-01 -9.923639e-02 0.000000e+00
-8.645620e-01 -1.976741e-02 0.000000e+00
-8.527316e-01 5.224448e-02 0.000000e+00
-8.476881e-01 5.141591e-02 0.000000e+00
-8.595185e-01 -2.059598e-02 0.000000e+00
-8.595185e-01 -2.059598e-02 0.000000e+00
-8.476881e-01 5.141591e-02 0.000000e+00
-8.426446e-01 5.058735e-02 0.000000e+00
-8.544750e-01 -2.142454e-02 0.000000e+00
-8.544750e-01 -2.142454e-02 0.000000e+00
-8.426446e-01 5.058735e-02 0.000000e+00
-8.376011e-01 4.975879e-02 0.000000e+00
-8.494315e-01 -2.225310e-02 0.000000e+00
-8.494315e-01 -2.225310e-02 0.000000e+00
-8.376011e-01 4.975879e-02 0.000000e+00
-8.325576e-01 4.893022e-02 0.000000e+00
-8.443880e-01 -2.308167e-02 0.000000e+00
-8.443880e-01 -2.308167e-02 0.000000e+00
-8.325576e-01 4.893022e-02 0.000000e+00
-8.275141e-01 4.810166e-02 0.000000e+00
-8.393445e-01 -2.391023e-02 0.000000e+00
-8.393445e-01 -2.391023e-02 0.000000e+00
-8.275141e-01 4.810166e-02 0.000000e+00
-8.224706e-01 4.727309e-02 0.000000e+00
-8.343010e-01 -2.473880e-02 0.000000e+00
-8.343010e-01 -2.473880e-02 0.000000e+00
-8.224706e-01 4.727309e-02 0.000000e+00
-8.174271e-01 4.644453e-02 0.000000e+00
-8.292575e-01 -2.556736e-02 0.000000e+00
-8.292575e-01 -2.556736e-02 0.000000e+00
-8.174271e-01 4.644453e-02 0.000000e+00
-8.123836e-01 4.561597e-02 0.000000e+00
-8.242140e-01 -2.639592e-02 0.000000e+00
-8.242140e-01 -2.639592e-02 0.000000e+00
-8.123836e-01 4.561597e-02 0.000000e+00
-8.073401e-01 4.478740e-02 0.000000e+00
-8.191705e-01 -2.722449e-02 0.000000e+00
-8.527316e-01 5.224448e-02 0.000000e+00
-8.409013e-01 1.242564e-01 0.000000e+00
-8.358578e-01 1.234278e-01 0.000000e+00
-8.476881e-01 5.141591e-02 0.000000e+00
-8.476881e-01 5.141591e-02 0.000000e+00
-8.358578e-01 1.234278e-01 0.000000e+00
-8.308143e-01 1.225992e-01 0.000000e+00
-8.426446e-01 5.058735e-02 0.000000e+00
-8.426446e-01 5.058735e-02 0.000000e+00
-8.308143e-01 1.225992e-01 0.000000e+00
-8.257708e-01 1.217707e-01 0.000000e+00
-8.376011e-01 4.975879e-02 0.000000e+00
-8.376011e-01 4.975879e-02 0.000000e+00
-8.257708e-01 1.217707e-01 0.000000e+00
-8.207273e-01 1.209421e-01 0.000000e+00
-8.325576e-01 4.893022e-02 0.000000e+00
-8.325576e-01 4.893022e-02 0.000000e+00
-8.207273e-01 1.209421e-01 0.000000e+00
-8.156838e-01 1.201136e-01 0.000000e+00
-8.275141e-01 4.810166e-02 0.000000e+00
-8.275141e-01 4.810166e-02 0.000000e+00
-8.156838e-01 1.201136e-01 0.000000e+00
-8.106403e-01 1.192850e-01 0.000000e+00
-8.224706e-01 4.727309e-02 0.000000e+00
-8.224706e-01 4.727309e-02 0.000000e+00
-8.106403e-01 1.192850e-01 0.000000e+00
-8.055968e-01 1.184564e-01 0.000000e+00
-8.174271e-01 4.644453e-02 0.000000e+00
-8.174271e-01 4.644453e-02 0.000000e+00
-8.055968e-01 1.184564e-01 0.000000e+00
-8.005533e-01 1.176279e-01 0.000000e+00
-8.123836e-01 4.561597e-02 0.000000e+00
-8.123836e-01 4.561597e-02 0.000000e+00
-8.005533e-01 1.176279e-01 0.000000e+00
-7.955097e-01 1.167993e-01 0.000000e+00
-8.073401e-01 4.478740e-02 0.000000e+00
-8.409013e-01 1.242564e-01 0.000000e+00
-8.290709e-01 1.962683e-01 0.000000e+00
-8.240274e-01 1.954397e-01 0.000000e+00
-8.358578e-01 1.234278e-01 0.000000e+00
-8.358578e-01 1.234278e-01 0.000000e+00
-8.240274e-01 1.954397e-01 0.000000e+00
-8.189839e-01 1.946112e-01 0.000000e+00
-8.308143e-01 1.225993e-01 0.000000e+00
-8.308143e-01 1.225993e-01 0.000000e+00
-8.189839e-01 1.946112e-01 0.000000e+00
-8.139404e-01 1.937826e-01 0.000000e+00
-8.257708e-01 1.217707e-01 0.000000e+00
-8.257708e-01 1.217707e-01 0.000000e+00
-8.139404e-01 1.937826e-01 0.000000e+00
-8.088969e-01 1.929540e-01 0.000000e+00
-8.207273e-01 1.209421e-01 0.000000e+00
-8.207273e-01 1.209421e-01 0.000000e+00
-8.088969e-01 1.929540e-01 0.000000e+00
-8.038534e-01 1.921255e-01 0.000000e+00
-8.156838e-01 1.201136e-01 0.000000e+00
-8.156838e-01 1.201136e-01 0.000000e+00
-8.038534e-01 1.921255e-01 0.000000e+00
-7.988099e-01 1.912969e-01 0.000000e+00
-8.106403e-01 1.192850e-01 0.000000e+00
-8.106403e-01 1.192850e-01 0.000000e+00
-7.988099e-01 1.912969e-01 0.000000e+00
-7.937664e-01 1.904683e-01 0.000000e+00
-8.055968e-01 1.184564e-01 0.000000e+00
-8.055968e-01 1.184564e-01 0.000000e+00
-7.937664e-01 1.904683e-01 0.000000e+00
-7.887229e-01 1.896398e-01 0.000000e+00
-8.005533e-01 1.176279e-01 0.000000e+00
-8.005533e-01 1.176279e-01 0.000000e+00
-7.887229e-01 1.896398e-01 0.000000e+00
-7.836794e-01 1.888112e-01 0.000000e+00
-7.955097e-01 1.167993e-01 0.000000e+00
-8.290709e-01 1.962683e-01 0.000000e+00
-8.172406e-01 2.682802e-01 0.000000e+00
-8.121971e-01 2.674516e-01 0.000000e+00
-8.240274e-01 1.954397e-01 0.000000e+00
-8.240274e-01 1.954397e-01 0.000000e+00
-8.121971e-01 2.674516e-01 0.000000e+00
-8.071536e-01 2.666231e-01 0.000000e+00
-8.189839e-01 1.946112e-01 0.000000e+00
-8.189839e-01 1.946112e-01 0.000000e+00
-8.071536e-01 2.666231e-01 0.000000e+00
-8.021101e-01 2.657945e-01 0.000000e+00
-8.139404e-01 1.937826e-01 0.000000e+00
-8.139404e-01 1.937826e-01 0.000000e+00
-8.021101e-01 2.657945e-01 0.000000e+00
-7.970666e-01 2.649659e-01 0.000000e+00
-8.088969e-01 1.929540e-01 0.000000e+00
-8.088969e-01 1.929540e-01 0.000000e+00
-7.970666e-01 2.649659e-01 0.000000e+00
-7.920230e-01 2.641374e-01 0.000000e+00
-8.038534e-01 1.921255e-01 0.000000e+00
-8.038534e-01 1.921255e-01 0.000000e+00
-7.920230e-01 2.641374e-01 0.000000e+00
-7.869795e-01 2.633088e-01 0.000000e+00
-7.988099e-01 1.912969e-01 0.000000e+00
-7.988099e-01 1.912969e-01 0.000000e+00
-7.869795e-01 2.633088e-01 0.000000e+00
-7.819360e-01 2.624802e-01 0.000000e+00
-7.937664e-01 1.904683e-01 0.000000e+00
-7.937664e-01 1.904683e-01 0.000000e+00
-7.819360e-01 2.624802e-01 0.000000e+00
-7.768925e-01 2.616517e-01 0.000000e+00
-7.887229e-01 1.896398e-01 0.000000e+00
-7.887229e-01 1.896398e-01 0.000000e+00
-7.768925e-01 2.616517e-01 0.000000e+00
-7.718490e-01 2.608231e-01 0.000000e+00
-7.836794e-01 1.888112e-01 0.000000e+00
-8.172406e-01 2.682802e-01 0.000000e+00
-8.054102e-01 3.402921e-01 0.000000e+00
-8.003667e-01 3.394635e-01 0.000000e+00
-8.121971e-01 2.674516e-01 0.000000e+00
-8.121971e-01 2.674516e-01 0.000000e+00
-8.003667e-01 3.394635e-01 0.000000e+00
-7.953232e-01 3.386349e-01 0.000000e+00
-8.071536e-01 2.666230e-01 0.000000e+00
-8.071536e-01 2.666230e-01 0.000000e+00
-7.953232e-01 3.386349e-01 0.000000e+00
-7.902797e-01 3.378064e-01 0.000000e+00
-8.021101e-01 2.657945e-01 0.000000e+00
-8.021101e-01 2.657945e-01 0.000000e+00
-7.902797e-01 3.378064e-01 0.000000e+00
-7.852362e-01 3.369778e-01 0.000000e+00
-7.970666e-01 2.649659e-01 0.000000e+00
-7.970666e-01 2.649659e-01 0.000000e+00
-7.852362e-01 3.369778e-01 0.000000e+00
-7.801927e-01 3.361493e-01 0.000000e+00
-7.920230e-01 2.641374e-01 0.000000e+00
-7.920230e-01 2.641374e-01 0.000000e+00
-7.801927e-01 3.361493e-01 0.000000e+00
-7.751492e-01 3.353207e-01 0.000000e+00
-7.869795e-01 2.633088e-01 0.000000e+00
-7.869795e-01 2.633088e-01 0.000000e+00
-7.751492e-01 3.353207e-01 0.000000e+00
-7.701057e-01 3.344921e-01 0.000000e+00
-7.819360e-01 2.624802e-01 0.000000e+00
-7.819360e-01 2.624802e-01 0.000000e+00
-7.701057e-01 3.344921e-01 0.000000e+00
-7.650622e-01 3.336636e-01 0.000000e+00
-7.768925e-01 2.616517e-01 0.000000e+00
-7.768925e-01 2.616517e-01 0.000000e+00
-7.650622e-01 3.336636e-01 0.000000e+00
-7.600187e-01 3.328350e-01 0.000000e+00
-7.718490e-01 2.608231e-01 0.000000e+00
-8.054102e-01 3.402921e-01 0.000000e+00
-7.935799e-01 4.123040e-01 0.000000e+00
-7.885364e-01 4.114754e-01 0.000000e+00
-8.003667e-01 3.394635e-01 0.000000e+00
-8.003667e-01 3.394635e-01 0.000000e+00
-7.885364e-01 4.114754e-01 0.000000e+00
-7.834929e-01 4.106469e-01 0.000000e+00
-7.953232e-01 3.386350e-01 0.000000e+00
-7.953232e-01 3.386350e-01 0.000000e+00
-7.834929e-01 4.106469e-01 0.000000e+00
-7.784493e-01 4.098183e-01 0.000000e+00
-7.902797e-01 3.378064e-01 0.000000e+00
-7.902797e-01 3.378064e-01 0.000000e+00
-7.784493e-01 4.098183e-01 0.000000e+00
-7.734058e-01 4.089897e-01 0.000000e+00
-7.852362e-01 3.369778e-01 0.000000e+00
-7.852362e-01 3.369778e-01 0.000000e+00
-7.734058e-01 4.089897e-01 0.000000e+00
-7.683623e-01 4.081612e-01 0.000000e+00
-7.801927e-01 3.361493e-01 0.000000e+00
-7.801927e-01 3.361493e-01 0.000000e+00
-7.683623e-01 4.081612e-01 0.000000e+00
-7.633188e-01 4.073326e-01 0.000000e+00
-7.751492e-01 3.353207e-01 0.000000e+00
-7.751492e-01 3.353207e-01 0.000000e+00
-7.633188e-01 4.073326e-01 0.000000e+00
-7.582753e-01 4.065040e-01 0.000000e+00
-7.701057e-01 3.344921e-01 0.000000e+00
-7.701057e-01 3.344921e-01 0.000000e+00
-7.582753e-01 4.065040e-01 0.000000e+00
-7.532318e-01 4.056755e-01 0.000000e+00
-7.650622e-01 3.336636e-01 0.000000e+00
-7.650622e-01 3.336636e-01 0.000000e+00
-7.532318e-01 4.056755e-01 0.000000e+00
-7.481883e-01 4.048469e-01 0.000000e+00
-7.600187e-01 3.328350e-01 0.000000e+00
-7.935799e-01 4.123040e-01 0.000000e+00
-7.817495e-01 4.843159e-01 0.000000e+00
-7.767060e-01 4.834873e-01 0.000000e+00
-7.885364e-01 4.114754e-01 0.000000e+00
-7.885364e-01 4.114754e-01 0.000000e+00
-7.767060e-01 4.834873e-01 0.000000e+00
-7.716625e-01 4.826588e-01 0.000000e+00
-7.834929e-01 4.106469e-01 0.000000e+00
-7.834929e-01 4.106469e-01 0.000000e+00
-7.716625e-01 4.826588e-01 0.000000e+00
-7.666190e-01 4.818302e-01 0.000000e+00
-7.784493e-01 4.098183e-01 0.000000e+00
-7.784493e-01 4.098183e-01 0.000000e+00
-7.666190e-01 4.818302e-01 0.000000e+00
-7.615755e-01 4.810016e-01 0.000000e+00
-7.734058e-01 4.089897e-01 0.000000e+00
-7.734058e-01 4.089897e-01 0.000000e+00
-7.615755e-01 4.810016e-01 0.000000e+00
-7.565320e-01 4.801731e-01 0.000000e+00
-7.683623e-01 4.081612e-01 0.000000e+00
-7.683623e-01 4.081612e-01 0.000000e+00
-7.565320e-01 4.801731e-01 0.000000e+00
-7.514885e-01 4.793445e-01 0.000000e+00
-7.633188e-01 4.073326e-01 0.000000e+00
-7.633188e-01 4.073326e-01 0.000000e+00
-7.514885e-01 4.793445e-01 0.000000e+00
-7.464450e-01 4.785159e-01 0.000000e+00
-7.582753e-01 4.065040e-01 0.000000e+00
-7.582753e-01 4.065040e-01 0.000000e+00
-7.464450e-01 4.785159e-01 0.000000e+00
-7.414015e-01 4.776874e-01 0.000000e+00
-7.532318e-01 4.056755e-01 0.000000e+00
-7.532318e-01 4.056755e-01 0.000000e+00
-7.414015e-01 4.776874e-01 0.000000e+00
-7.363580e-01 4.768588e-01 0.000000e+00
-7.481883e-01 4.048469e-01 0.000000e+00
-7.817495e-01 4.843159e-01 0.000000e+00
-7.699191e-01 5.563278e-01 0.000000e+00
-7.648756e-01 5.554992e-01 0.000000e+00
-7.767060e-01 4.834873e-01 0.000000e+00
-7.767060e-01 4.834873e-01 0.000000e+00
-7.648756e-01 5.554992e-01 0.000000e+00
-7.598321e-01 5.546706e-01 0.000000e+00
-7.716625e-01 4.826588e-01 0.000000e+00
-7.716625e-01 4.826588e-01 0.000000e+00
-7.598321e-01 5.546706e-01 0.000000e+00
-7.547886e-01 5.538421e-01 0.000000e+00
-7.666190e-01 4.818302e-01 0.000000e+00
-7.666190e-01 4.818302e-01 0.000000e+00
-7.547886e-01 5.538421e-01 0.000000e+00
-7.497451e-01 5.530135e-01 0.000000e+00
-7.615755e-01 4.810016e-01 0.000000e+00
-7.615755e-01 4.810016e-01 0.000000e+00
-7.497451e-01 5.530135e-01 0.000000e+00
-7.447016e-01 5.521849e-01 0.000000e+00
-7.565320e-01 4.801731e-01 0.000000e+00
-7.565320e-01 4.801731e-01 0.000000e+00
-7.447016e-01 5.521849e-01 0.000000e+00
-7.396581e-01 5.513564e-01 0.000000e+00
-7.514885e-01 4.793445e-01 0.000000e+00
-7.514885e-01 4.793445e-01 0.000000e+00
-7.396581e-01 5.513564e-01 0.000000e+00
-7.346146e-01 5.505278e-01 0.000000e+00
-7.464450e-01 4.785159e-01 0.000000e+00
-7.464450e-01 4.785159e-01 0.000000e+00
-7.346146e-01 5.505278e-01 0.000000e+00
-7.295711e-01 5.496993e-01 0.000000e+00
-7.414015e-01 4.776874e-01 0.000000e+00
-7.414015e-01 4.776874e-01 0.000000e+00
-7.295711e-01 5.496993e-01 0.000000e+00
-7.245276e-01 5.488707e-01 0.000000e+00
-7.363580e-01 4.768588e-01 0.000000e+00
-7.699191e-01 5.563278e-01 0.000000e+00
-7.580888e-01 6.283397e-01 0.000000e+00
-7.530453e-01 6.275111e-01 0.000000e+00
-7.648756e-01 5.554992e-01 0.000000e+00
-7.648756e-01 5.554992e-01 0.000000e+00
-7.530453e-01 6.275111e-01 0.000000e+00
-7.480018e-01 6.266825e-01 0.000000e+00
-7.598321e-01 5.546706e-01 0.000000e+00
-7.598321e-01 5.546706e-01 0.000000e+00
-7.480018e-01 6.266825e-01 0.000000e+00
-7.429583e-01 6.258540e-01 0.000000e+00
-7.547886e-01 5.538421e-01 0.000000e+00
-7.547886e-01 5.538421e-01 0.000000e+00
-7.429583e-01 6.258540e-01 0.000000e+00
-7.379148e-01 6.250254e-01 0.000000e+00
-7.497451e-01 5.530135e-01 0.000000e+00
-7.497451e-01 5.530135e-01 0.000000e+00
-7.379148e-01 6.250254e-01 0.000000e+00
-7.328713e-01 6.241968e-01 0.000000e+00
-7.447016e-01 5.521849e-01 0.000000e+00
-7.447016e-01 5.521849e-01 0.000000e+00
-7.328713e-01 6.241968e-01 0.000000e+00
-7.278278e-01 6.233683e-01 0.000000e+00
-7.396581e-01 5.513564e-01 0.000000e+00
-7.396581e-01 5.513564e-01 0.000000e+00
-7.278278e-01 6.233683e-01 0.000000e+00
-7.227843e-01 6.225397e-01 0.000000e+00
-7.346146e-01 5.505278e-01 0.000000e+00
-7.346146e-01 5.505278e-01 0.000000e+00
-7.227843e-01 6.225397e-01 0.000000e+00
-7.177408e-01 6.217112e-01 0.000000e+00
-7.295711e-01 5.496993e-01 0.000000e+00
-7.295711e-01 5.496993e-01 0.000000e+00
-7.177408e-01 6.217112e-01 0.000000e+00
-7.126972e-01 6.208826e-01 0.000000e+00
-7.245276e-01 5.488707e-01 0.000000e+00
-7.580888e-01 6.283397e-01 0.000000e+00
-7.462584e-01 7.003516e-01 0.000000e+00
-7.412149e-01 6.995230e-01 0.000000e+00
-7.530453e-01 6.275111e-01 0.000000e+00
-7.530453e-01 6.275111e-01 0.000000e+00
-7.412149e-01 6.995230e-01 0.000000e+00
-7.361714e-01 6.986944e-01 0.000000e+00
-7.480018e-01 6.266825e-01 0.000000e+00
-7.480018e-01 6.266825e-01 0.000000e+00
-7.361714e-01 6.986944e-01 0.000000e+00
-7.311279e-01 6.978659e-01 0.000000e+00
-7.429583e-01 6.258540e-01 0.000000e+00
-7.429583e-01 6.258540e-01 0.000000e+00
-7.311279e-01 6.978659e-01 0.000000e+00
-7.260844e-01 6.970373e-01 0.000000e+00
-7.379148e-01 6.250254e-01 0.000000e+00
-7.379148e-01 6.250254e-01 0.000000e+00
-7.260844e-01 6.970373e-01 0.000000e+00
-7.210409e-01 6.962087e-01 0.000000e+00
-7.328713e-01 6.241968e-01 0.000000e+00
-7.328713e-01 6.241968e-01 0.000000e+00
-7.210409e-01 6.962087e-01 0.000000e+00
-7.159974e-01 6.953802e-01 0.000000e+00
-7.278278e-01 6.233683e-01 0.000000e+00
-7.278278e-01 6.233683e-01 0.000000e+00
-7.159974e-01 6.953802e-01 0.000000e+00
-7.109539e-01 6.945516e-01 0.000000e+00
-7.227843e-01 6.225397e-01 0.000000e+00
-7.227843e-01 6.225397e-01 0.000000e+00
-7.109539e-01 6.945516e-01 0.000000e+00
-7.059104e-01 6.937231e-01 0.000000e+00
-7.177408e-01 6.217112e-01 0.000000e+00
-7.177408e-01 6.217112e-01 0.000000e+00
-7.059104e-01 6.937231e-01 0.000000e+00
-7.008669e-01 6.928945e-01 0.000000e+00
-7.126972e-01 6.208826e-01 0.000000e+00
-7.462584e-01 7.003516e-01 0.000000e+00
-7.344281e-01 7.723635e-01 0.000000e+00
-7.293846e-01 7.715349e-01 0.000000e+00
-7.412149e-01 6.995230e-01 0.000000e+00
-7.412149e-01 6.995230e-01 0.000000e+00
-7.293846e-01 7.715349e-01 0.000000e+00
-7.243411e-01 7.707063e-01 0.000000e+00
-7.361714e-01 6.986944e-01 0.000000e+00
-7.361714e-01 6.986944e-01 0.000000e+00
-7.243411e-01 7.707063e-01 0.000000e+00
-7.192976e-01 7.698778e-01 0.000000e+00
-7.311279e-01 6.978659e-01 0.000000e+00
-7.311279e-01 6.978659e-01 0.000000e+00
-7.192976e-01 7.698778e-01 0.000000e+00
-7.142541e-01 7.690492e-01 0.000000e+00
-7.260844e-01 6.970373e-01 0.000000e+00
-7.260844e-01 6.970373e-01 0.000000e+00
-7.142541e-01 7.690492e-01 0.000000e+00
-7.092105e-01 7.682206e-01 0.000000e+00
-7.210409e-01 6.962087e-01 0.000000e+00
-7.210409e-01 6.962087e-01 0.000000e+00
-7.092105e-01 7.682206e-01 0.000000e+00
-7.041670e-01 7.673921e-01 0.000000e+00
-7.159974e-01 6.953802e-01 0.000000e+00
-7.159974e-01 6.953802e-01 0.000000e+00
-7.041670e-01 7.673921e-01 0.000000e+00
-6.991235e-01 7.665635e-01 0.000000e+00
-7.109539e-01 6.945516e-01 0.000000e+00
-7.109539e-01 6.945516e-01 0.000000e+00
-6.991235e-01 7.665635e-01 0.000000e+00
-6.940800e-01 7.657350e-01 0.000000e+00
-7.059104e-01 6.937231e-01 0.000000e+00
-7.059104e-01 6.937231e-01 0.000000e+00
-6.940800e-01 7.657350e-01 0.000000e+00
-6.890365e-01 7.649064e-01 0.000000e+00
-7.008669e-01 6.928945e-01 0.000000e+00
-7.344281e-01 7.723635e-01 0.000000e+00
-7.225977e-01 8.443754e-01 0.000000e+00
-7.175542e-01 8.435468e-01 0.000000e+00
-7.293846e-01 7.715349e-01 0.000000e+00
-7.293846e-01 7.715349e-01 0.000000e+00
-7.175542e-01 8.435468e-01 0.000000e+00
-7.125107e-01 8.427182e-01 0.000000e+00
-7.243411e-01 7.707063e-01 0.000000e+00
-7.243411e-01 7.707063e-01 0.000000e+00
-7.125107e-01 8.427182e-01 0.000000e+00
-7.074672e-01 8.418897e-01 0.000000e+00
-7.192976e-01 7.698778e-01 0.000000e+00
-7.192976e-01 7.698778e-01 0.000000e+00
-7.074672e-01 8.418897e-01 0.000000e+00
-7.024237e-01 8.410611e-01 0.000000e+00
-7.142541e-01 7.690492e-01 0.000000e+00
-7.142541e-01 7.690492e-01 0.000000e+00
-7.024237e-01 8.410611e-01 0.000000e+00
-6.973802e-01 8.402325e-01 0.000000e+00
-7.092105e-01 7.682206e-01 0.000000e+00
-7.092105e-01 7.682206e-01 0.000000e+00
-6.973802e-01 8.402325e-01 0.000000e+00
-6.923367e-01 8.394040e-01 0.000000e+00
-7.041670e-01 7.673921e-01 0.000000e+00
-7.041670e-01 7.673921e-01 0.000000e+00
-6.923367e-01 8.394040e-01 0.000000e+00
-6.872932e-01 8.385754e-01 0.000000e+00
-6.991235e-01 7.665635e-01 0.000000e+00
-6.991235e-01 7.665635e-01 0.000000e+00
-6.872932e-01 8.385754e-01 0.000000e+00
-6.822497e-01 8.377469e-01 0.000000e+00
-6.940800e-01 7.657350e-01 0.000000e+00
-6.940800e-01 7.657350e-01 0.000000e+00
-6.822497e-01 8.377469e-01 0.000000e+00
-6.772062e-01 8.369183e-01 0.000000e+00
-6.890365e-01 7.649064e-01 0.000000e+00
-7.225977e-01 8.443754e-01 0.000000e+00
-7.107674e-01 9.163873e-01 0.000000e+00
-7.057239e-01 9.155587e-01 0.000000e+00
-7.175542e-01 8.435468e-01 0.000000e+00
-7.175542e-01 8.435468e-01 0.000000e+00
-7.057239e-01 9.155587e-01 0.000000e+00
-7.006804e-01 9.147301e-01 0.000000e+00
-7.125107e-01 8.427182e-01 0.000000e+00
-7.125107e-01 8.427182e-01 0.000000e+00
-7.006804e-01 9.147301e-01 0.000000e+00
-6.956368e-01 9.139016e-01 0.000000e+00
-7.074672e-01 8.418897e-01 0.000000e+00
-7.074672e-01 8.418897e-01 0.000000e+00
-6.956368e-01 9.139016e-01 0.000000e+00
-6.905933e-01 9.130730e-01 0.000000e+00
-7.024237e-01 8.410611e-01 0.000000e+00
-7.024237e-01 8.410611e-01 0.000000e+00
-6.905933e-01 9.130730e-01 0.000000e+00
-6.855498e-01 9.122444e-01 0.000000e+00
-6.973802e-01 8.402325e-01 0.000000e+00
-6.973802e-01 8.402325e-01 0.000000e+00
-6.855498e-01 9.122444e-01 0.000000e+00
-6.805063e-01 9.114159e-01 0.000000e+00
-6.923367e-01 8.394040e-01 0.000000e+00
-6.923367e-01 8.394040e-01 0.000000e+00
-6.805063e-01 9.114159e-01 0.000000e+00
-6.754628e-01 9.105873e-01 0.000000e+00
-6.872932e-01 8.385754e-01 0.000000e+00
-6.872932e-01 8.385754e-01 0.000000e+00
-6.754628e-01 9.105873e-01 0.000000e+00
-6.704193e-01 9.097588e-01 0.000000e+00
-6.822497e-01 8.377469e-01 0.000000e+00
-6.822497e-01 8.377469e-01 0.000000e+00
-6.704193e-01 9.097588e-01 0.000000e+00
-6.653758e-01 9.089302e-01 0.000000e+00
-6.772062e-01 8.369183e-01 0.000000e+00
-7.107674e-01 9.163873e-01 0.000000e+00
-6.989370e-01 9.883992e-01 0.000000e+00
-6.938935e-01 9.875706e-01 0.000000e+00
-7.057239e-01 9.155587e-01 0.000000e+00
-7.057239e-01 9.155587e-01 0.000000e+00
-6.938935e-01 9.875706e-01 0.000000e+00
-6.888500e-01 9.867420e-01 0.000000e+00
-7.006804e-01 9.147301e-01 0.000000e+00
-7.006804e-01 9.147301e-01 0.000000e+00
-6.888500e-01 9.867420e-01 0.000000e+00
-6.838065e-01 9.859135e-01 0.000000e+00
-6.956368e-01 9.139016e-01 0.000000e+00
-6.956368e-01 9.139016e-01 0.000000e+00
-6.838065e-01 9.859135e-01 0.000000e+00
-6.787630e-01 9.850849e-01 0.000000e+00
-6.905933e-01 9.130730e-01 0.000000e+00
-6.905933e-01 9.130730e-01 0.000000e+00
-6.787630e-01 9.850849e-01 0.000000e+00
-6.737195e-01 9.842563e-01 0.000000e+00
-6.855498e-01 9.122444e-01 0.000000e+00
-6.855498e-01 9.122444e-01 0.000000e+00
-6.737195e-01 9.842563e-01 0.000000e+00
-6.686760e-01 9.834278e-01 0.000000e+00
-6.805063e-01 9.114159e-01 0.000000e+00
-6.805063e-01 9.114159e-01 0.000000e+00
-6.686760e-01 9.834278e-01 0.000000e+00
-6.636325e-01 9.825992e-01 0.000000e+00
-6.754628e-01 9.105873e-01 0.000000e+00
-6.754628e-01 9.105873e-01 0.000000e+00
-6.636325e-01 9.825992e-01 0.000000e+00
-6.585890e-01 9.817706e-01 0.000000e+00
-6.704193e-01 9.097588e-01 0.000000e+00
-6.704193e-01 9.097588e-01 0.000000e+00
-6.585890e-01 9.817706e-01 0.000000e+00
-6.535455e-01 9.809421e-01 0.000000e+00
-6.653758e-01 9.089302e-01 0.000000e+00
-6.989370e-01 9.883992e-01 0.000000e+00
-6.871067e-01 1.060411e+00 0.000000e+00
-6.820631e-01 1.059582e+00 0.000000e+00
-6.938935e-01 9.875706e-01 0.000000e+00
-6.938935e-01 9.875706e-01 0.000000e+00
-6.820631e-01 1.059582e+00 0.000000e+00
-6.770196e-01 1.058754e+00 0.000000e+00
-6.888500e-01 9.867420e-01 0.000000e+00
-6.888500e-01 9.867420e-01 0.000000e+00
-6.770196e-01 1.058754e+00 0.000000e+00
-6.719761e-01 1.057925e+00 0.000000e+00
-6.838065e-01 9.859135e-01 0.000000e+00
-6.838065e-01 9.859135e-01 0.000000e+00
-6.719761e-01 1.057925e+00 0.000000e+00
-6.669326e-01 1.057097e+00 0.000000e+00
-6.787630e-01 9.850849e-01 0.000000e+00
-6.787630e-01 9.850849e-01 0.000000e+00
-6.669326e-01 1.057097e+00 0.000000e+00
-6.618891e-01 1.056268e+00 0.000000e+00
-6.737195e-01 9.842563e-01 0.000000e+00
-6.737195e-01 9.842563e-01 0.000000e+00
-6.618891e-01 1.056268e+00 0.000000e+00
-6.568456e-01 1.055440e+00 0.000000e+00
-6.686760e-01 9.834278e-01 0.000000e+00
-6.686760e-01 9.834278e-01 0.000000e+00
-6.568456e-01 1.055440e+00 0.000000e+00
-6.518021e-01 1.054611e+00 0.000000e+00
-6.636325e-01 9.825992e-01 0.000000e+00
-6.636325e-01 9.825992e-01 0.000000e+00
-6.518021e-01 1.054611e+00 0.000000e+00
-6.467586e-01 1.053783e+00 0.000000e+00
-6.585890e-01 9.817706e-01 0.000000e+00
-6.585890e-01 9.817706e-01 0.000000e+00
-6.467586e-01 1.053783e+00 0.000000e+00
-6.417151e-01 1.052954e+00 0.000000e+00
-6.535455e-01 9.809421e-01 0.000000e+00
-6.871067e-01 1.060411e+00 0.000000e+00
-6.752763e-01 1.132423e+00 0.000000e+00
-6.702328e-01 1.131594e+00 0.000000e+00
-6.820631e-01 1.059582e+00 0.000000e+00
-6.820631e-01 1.059582e+00 0.000000e+00
-6.702328e-01 1.131594e+00 0.000000e+00
-6.651893e-01 1.130766e+00 0.000000e+00
-6.770196e-01 1.058754e+00 0.000000e+00
-6.770196e-01 1.058754e+00 0.000000e+00
-6.651893e-01 1.130766e+00 0.000000e+00
-6.601458e-01 1.129937e+00 0.000000e+00
-6.719761e-01 1.057925e+00 0.000000e+00
-6.719761e-01 1.057925e+00 0.000000e+00
-6.601458e-01 1.129937e+00 0.000000e+00
-6.551023e-01 1.129109e+00 0.000000e+00
-6.669326e-01 1.057097e+00 0.000000e+00
-6.669326e-01 1.057097e+00 0.000000e+00
-6.551023e-01 1.129109e+00 0.000000e+00
-6.500588e-01 1.128280e+00 0.000000e+00
-6.618891e-01 1.056268e+00 0.000000e+00
-6.618891e-01 1.056268e+00 0.000000e+00
-6.500588e-01 1.128280e+00 0.000000e+00
-6.450153e-01 1.127452e+00 0.000000e+00
-6.568456e-01 1.055440e+00 0.000000e+00
-6.568456e-01 1.055440e+00 0.000000e+00
-6.450153e-01 1.127452e+00 0.000000e+00
-6.399718e-01 1.126623e+00 0.000000e+00
-6.518021e-01 1.054611e+00 0.000000e+00
-6.518021e-01 1.054611e+00 0.000000e+00
-6.399718e-01 1.126623e+00 0.000000e+00
-6.349283e-01 1.125794e+00 0.000000e+00
-6.467586e-01 1.053783e+00 0.000000e+00
-6.467586e-01 1.053783e+00 0.000000e+00
-6.349283e-01 1.125794e+00 0.000000e+00
-6.298847e-01 1.124966e+00 0.000000e+00
-6.417151e-01 1.052954e+00 0.000000e+00
-6.752763e-01 1.132423e+00 0.000000e+00
-6.634459e-01 1.204435e+00 0.000000e+00
-6.584024e-01 1.203606e+00 0.000000e+00
-6.702328e-01 1.131594e+00 0.000000e+00
-6.702328e-01 1.131594e+00 0.000000e+00
-6.584024e-01 1.203606e+00 0.000000e+00
-6.533589e-01 1.202778e+00 0.000000e+00
-6.651893e-01 1.130766e+00 0.000000e+00
-6.651893e-01 1.130766e+00 0.000000e+00
-6.533589e-01 1.202778e+00 0.000000e+00
-6.483154e-01 1.201949e+00 0.000000e+00
-6.601458e-01 1.129937e+00 0.000000e+00
-6.601458e-01 1.129937e+00 0.000000e+00
-6.483154e-01 1.201949e+00 0.000000e+00
-6.432719e-01 1.201121e+00 0.000000e+00
-6.551023e-01 1.129109e+00 0.000000e+00
-6.551023e-01 1.129109e+00 0.000000e+00
-6.432719e-01 1.201121e+00 0.000000e+00
-6.382284e-01 1.200292e+00 0.000000e+00
-6.500588e-01 1.128280e+00 0.000000e+00
-6.500588e-01 1.128280e+00 0.000000e+00
-6.382284e-01 1.200292e+00 0.000000e+00
-6.331849e-01 1.199463e+00 0.000000e+00
-6.450153e-01 1.127452e+00 0.000000e+00
-6.450153e-01 1.127452e+00 0.000000e+00
-6.331849e-01 1.199463e+00 0.000000e+00
-6.281414e-01 1.198635e+00 0.000000e+00
-6.399718e-01 1.126623e+00 0.000000e+00
-6.399718e-01 1.126623e+00 0.000000e+00
-6.281414e-01 1.198635e+00 0.000000e+00
-6.230979e-01 1.197806e+00 0.000000e+00
-6.349283e-01 1.125794e+00 0.000000e+00
-6.349283e-01 1.125794e+00 0.000000e+00
-6.230979e-01 1.197806e+00 0.000000e+00
-6.180544e-01 1.196978e+00 0.000000e+00
-6.298847e-01 1.124966e+00 0.000000e+00
-6.634459e-01 1.204435e+00 0.000000e+00
-6.516156e-01 1.276447e+00 0.000000e+00
-6.465721e-01 1.275618e+00 0.000000e+00
-6.584024e-01 1.203606e+00 0.000000e+00
-6.584024e-01 1.203606e+00 0.000000e+00
-6.465721e-01 1.275618e+00 0.000000e+00
-6.415286e-01 1.274790e+00 0.000000e+00
-6.533589e-01 1.202778e+00 0.000000e+00
-6.533589e-01 1.202778e+00 0.000000e+00
-6.415286e-01 1.274790e+00 0.000000e+00
-6.364851e-01 1.273961e+00 0.000000e+00
-6.483154e-01 1.201949e+00 0.000000e+00
-6.483154e-01 1.201949e+00 0.000000e+00
-6.364851e-01 1.273961e+00 0.000000e+00
-6.314416e-01 1.273133e+00 0.000000e+00
-6.432719e-01 1.201121e+00 0.000000e+00
-6.432719e-01 1.201121e+00 0.000000e+00
-6.314416e-01 1.273133e+00 0.000000e+00
-6.263980e-01 1.272304e+00 0.000000e+00
-6.382284e-01 1.200292e+00 0.000000e+00
-6.382284e-01 1.200292e+00 0.000000e+00
-6.263980e-01 1.272304e+00 0.000000e+00
-6.213545e-01 1.271475e+00 0.000000e+00
-6.331849e-01 1.199463e+00 0.000000e+00
-6.331849e-01 1.199463e+00 0.000000e+00
-6.213545e-01 1.271475e+00 0.000000e+00
-6.163110e-01 1.270647e+00 0.000000e+00
-6.281414e-01 1.198635e+00 0.000000e+00
-6.281414e-01 1.198635e+00 0.000000e+00
-6.163110e-01 1.270647e+00 0.000000e+00
-6.112675e-01 1.269818e+00 0.000000e+00
-6.230979e-01 1.197806e+00 0.000000e+00
-6.230979e-01 1.197806e+00 0.000000e+00
-6.112675e-01 1.269818e+00 0.000000e+00
-6.062240e-01 1.268990e+00 0.000000e+00
-6.180544e-01 1.196978e+00 0.000000e+00
-2.680304e-01 -1.212640e+00 0.000000e+00
-2.562091e-01 -1.140883e+00 0.000000e+00
-2.511660e-01 -1.141714e+00 0.000000e+00
-2.629873e-01 -1.213471e+00 0.000000e+00
-2.629873e-01 -1.213471e+00 0.000000e+00
-2.511660e-01 -1.141714e+00 0.000000e+00
-2.461228e-01 -1.142545e+00 0.000000e+00
-2.579441e-01 -1.214302e+00 0.000000e+00
-2.579441e-01 -1.214302e+00 0.000000e+00
-2.461228e-01 -1.142545e+00 0.000000e+00
-2.410797e-01 -1.143376e+00 0.000000e+00
-2.529010e-01 -1.215133e+00 0.000000e+00
-2.529010e-01 -1.215133e+00 0.000000e+00
-2.410797e-01 -1.143376e+00 0.000000e+00
-2.360365e-01 -1.144207e+00 0.000000e+00
-2.478579e-01 -1.215964e+00 0.000000e+00
-2.478579e-01 -1.215964e+00 0.000000e+00
-2.360365e-01 -1.144207e+00 0.000000e+00
-2.309934e-01 -1.145038e+00 0.000000e+00
-2.428147e-01 -1.216795e+00 0.000000e+00
-2.428147e-01 -1.216795e+00 0.000000e+00
-2.309934e-01 -1.145038e+00 0.000000e+00
-2.259503e-01 -1.145868e+00 0.000000e+00
-2.377716e-01 -1.217625e+00 0.000000e+00
-2.377716e-01 -1.217625e+00 0.000000e+00
-2.259503e-01 -1.145868e+00 0.000000e+00
-2.209071e-01 -1.146699e+00 0.000000e+00
-2.327285e-01 -1.218456e+00 0.000000e+00
-2.327285e-01 -1.218456e+00 0.000000e+00
-2.209071e-01 -1.146699e+00 0.000000e+00
-2.158640e-01 -1.147530e+00 0.000000e+00
-2.276853e-01 -1.219287e+00 0.000000e+00
-2.276853e-01 -1.219287e+00 0.000000e+00
-2.158640e-01 -1.147530e+00 0.000000e+00
-2.108209e-01 -1.148361e+00 0.000000e+00
-2.226422e-01 -1.220118e+00 0.000000e+00
-2.562091e-01 -1.140883e+00 0.000000e+00
-2.443878e-01 -1.069126e+00 0.000000e+00
-2.393446e-01 -1.069957e+00 0.000000e+00
-2.511660e-01 -1.141714e+00 0.000000e+00
-2.511660e-01 -1.141714e+00 0.000000e+00
-2.393446e-01 -1.069957e+00 0.000000e+00
-2.343015e-01 -1.070788e+00 0.000000e+00
-2.461228e-01 -1.142545e+00 0.000000e+00
-2.461228e-01 -1.142545e+00 0.000000e+00
-2.343015e-01 -1.070788e+00 0.000000e+00
-2.292584e-01 -1.071619e+00 0.000000e+00
-2.410797e-01 -1.143376e+00 0.000000e+00
-2.410797e-01 -1.143376e+00 0.000000e+00
-2.292584e-01 -1.071619e+00 0.000000e+00
-2.242152e-01 -1.072450e+00 0.000000e+00
-2.360365e-01 -1.144207e+00 0.000000e+00
-2.360365e-01 -1.144207e+00 0.000000e+00
-2.242152e-01 -1.072450e+00 0.000000e+00
-2.191721e-01 -1.073280e+00 0.000000e+00
-2.309934e-01 -1.145038e+00 0.000000e+00
-2.309934e-01 -1.145038e+00 0.000000e+00
-2.191721e-01 -1.073280e+00 0.000000e+00
-2.141290e-01 -1.074111e+00 0.000000e+00
-2.259503e-01 -1.145868e+00 0.000000e+00
-2.259503e-01 -1.145868e+00 0.000000e+00
-2.141290e-01 -1.074111e+00 0.000000e+00
-2.090858e-01 -1.074942e+00 0.000000e+00
-2.209071e-01 -1.146699e+00 0.000000e+00
-2.209071e-01 -1.146699e+00 0.000000e+00
-2.090858e-01 -1.074942e+00 0.000000e+00
-2.040427e-01 -1.075773e+00 0.000000e+00
-2.158640e-01 -1.147530e+00 0.000000e+00
-2.158640e-01 -1.147530e+00 0.000000e+00
-2.040427e-01 -1.075773e+00 0.000000e+00
-1.989996e-01 -1.076604e+00 0.000000e+00
-2.108209e-01 -1.148361e+00 0.000000e+00
-2.443878e-01 -1.069126e+00 0.000000e+00
-2.325665e-01 -9.973694e-01 0.000000e+00
-2.275233e-01 -9.982002e-01 0.000000e+00
-2.393446e-01 -1.069957e+00 0.000000e+00
-2.393446e-01 -1.069957e+00 0.000000e+00
-2.275233e-01 -9.982002e-01 0.000000e+00
-2.224802e-01 -9.990311e-01 0.000000e+00
-2.343015e-01 -1.070788e+00 0.000000e+00
-2.343015e-01 -1.070788e+00 0.000000e+00
-2.224802e-01 -9.990311e-01 0.000000e+00
-2.174371e-01 -9.998619e-01 0.000000e+00
-2.292584e-01 -1.071619e+00 0.000000e+00
-2.292584e-01 -1.071619e+00 0.000000e+00
-2.174371e-01 -9.998619e-01 0.000000e+00
-2.123939e-01 -1.000693e+00 0.000000e+00
-2.242152e-01 -1.072450e+00 0.000000e+00
-2.242152e-01 -1.072450e+00 0.000000e+00
-2.123939e-01 -1.000693e+00 0.000000e+00
-2.073508e-01 -1.001523e+00 0.000000e+00
-2.191721e-01 -1.073280e+00 0.000000e+00
-2.191721e-01 -1.073280e+00 0.000000e+00
-2.073508e-01 -1.001523e+00 0.000000e+00
-2.023077e-01 -1.002354e+00 0.000000e+00
-2.141290e-01 -1.074111e+00 0.000000e+00
-2.141290e-01 -1.074111e+00 0.000000e+00
-2.023077e-01 -1.002354e+00 0.000000e+00
-1.972645e-01 -1.003185e+00 0.000000e+00
-2.090858e-01 -1.074942e+00 0.000000e+00
-2.090858e-01 -1.074942e+00 0.000000e+00
-1.972645e-01 -1.003185e+00 0.000000e+00
-1.922214e-01 -1.004016e+00 0.000000e+00
-2.040427e-01 -1.075773e+00 0.000000e+00
-2.040427e-01 -1.075773e+00 0.000000e+00
-1.922214e-01 -1.004016e+00 0.000000e+00
-1.871783e-01 -1.004847e+00 0.000000e+00
-1.989996e-01 -1.076604e+00 0.000000e+00
-2.325665e-01 -9.973694e-01 0.000000e+00
-2.207452e-01 -9.256124e-01 0.000000e+00
-2.157020e-01 -9.264432e-01 0.000000e+00
-2.275233e-01 -9.982002e-01 0.000000e+00
-2.275233e-01 -9.982002e-01 0.000000e+00
-2.157020e-01 -9.264432e-01 0.000000e+00
-2.106589e-01 -9.272740e-01 0.000000e+00
-2.224802e-01 -9.990311e-01 0.000000e+00
-2.224802e-01 -9.990311e-01 0.000000e+00
-2.106589e-01 -9.272740e-01 0.000000e+00
-2.056158e-01 -9.281049e-01 0.000000e+00
-2.174371e-01 -9.998619e-01 0.000000e+00
-2.174371e-01 -9.998619e-01 0.000000e+00
-2.056158e-01 -9.281049e-01 0.000000e+00
-2.005726e-01 -9.289357e-01 0.000000e+00
-2.123939e-01 -1.000693e+00 0.000000e+00
-2.123939e-01 -1.000693e+00 0.000000e+00
-2.005726e-01 -9.289357e-01 0.000000e+00
-1.955295e-01 -9.297665e-01 0.000000e+00
-2.073508e-01 -1.001523e+00 0.000000e+00
-2.073508e-01 -1.001523e+00 0.000000e+00
-1.955295e-01 -9.297665e-01 0.000000e+00
-1.904864e-01 -9.305973e-01 0.000000e+00
-2.023077e-01 -1.002354e+00 0.000000e+00
-2.023077e-01 -1.002354e+00 0.000000e+00
-1.904864e-01 -9.305973e-01 0.000000e+00
-1.854432e-01 -9.314281e-01 0.000000e+00
-1.972645e-01 -1.003185e+00 0.000000e+00
-1.972645e-01 -1.003185e+00 0.000000e+00
-1.854432e-01 -9.314281e-01 0.000000e+00
-1.804001e-01 -9.322589e-01 0.000000e+00
-1.922214e-01 -1.004016e+00 0.000000e+00
-1.922214e-01 -1.004016e+00 0.000000e+00
-1.804001e-01 -9.322589e-01 0.000000e+00
-1.753570e-01 -9.330897e-01 0.000000e+00
-1.871783e-01 -1.004847e+00 0.000000e+00
-2.207452e-01 -9.256124e-01 0.000000e+00
-2.089239e-01 -8.538554e-01 0.000000e+00
-2.038807e-01 -8.546862e-01 0.000000e+00
-2.157020e-01 -9.264432e-01 0.000000e+00
-2.157020e-01 -9.264432e-01 0.000000e+00
-2.038807e-01 -8.546862e-01 0.000000e+00
-1.988376e-01 -8.555170e-01 0.000000e+00
-2.106589e-01 -9.272740e-01 0.000000e+00
-2.106589e-01 -9.272740e-01 0.000000e+00
-1.988376e-01 -8.555170e-01 0.000000e+00
-1.937945e-01 -8.563478e-01 0.000000e+00
-2.056158e-01 -9.281049e-01 0.000000e+00
-2.056158e-01 -9.281049e-01 0.000000e+00
-1.937945e-01 -8.563478e-01 0.000000e+00
-1.887513e-01 -8.571787e-01 0.000000e+00
-2.005726e-01 -9.289357e-01 0.000000e+00
-2.005726e-01 -9.289357e-01 0.000000e+00
-1.887513e-01 -8.571787e-01 0.000000e+00
-1.837082e-01 -8.580095e-01 0.000000e+00
-1.955295e-01 -9.297665e-01 0.000000e+00
-1.955295e-01 -9.297665e-01 0.000000e+00
-1.837082e-01 -8.580095e-01 0.000000e+00
-1.786650e-01 -8.588403e-01 0.000000e+00
-1.904864e-01 -9.305973e-01 0.000000e+00
-1.904864e-01 -9.305973e-01 0.000000e+00
-1.786650e-01 -8.588403e-01 0.000000e+00
-1.736219e-01 -8.596711e-01 0.000000e+00
-1.854432e-01 -9.314281e-01 0.000000e+00
-1.854432e-01 -9.314281e-01 0.000000e+00
-1.736219e-01 -8.596711e-01 0.000000e+00
-1.685788e-01 -8.605019e-01 0.000000e+00
-1.804001e-01 -9.322589e-01 0.000000e+00
-1.804001e-01 -9.322589e-01 0.000000e+00
-1.685788e-01 -8.605019e-01 0.000000e+00
-1.635356e-01 -8.613327e-01 0.000000e+00
-1.753570e-01 -9.330897e-01 0.000000e+00
-2.089239e-01 -8.538554e-01 0.000000e+00
-1.971025e-01 -7.820984e-01 0.000000e+00
-1.920594e-01 -7.829292e-01 0.000000e+00
-2.038807e-01 -8.546862e-01 0.000000e+00
-2.038807e-01 -8.546862e-01 0.000000e+00
-1.920594e-01 -7.829292e-01 0.000000e+00
-1.870163e-01 -7.837600e-01 0.000000e+00
-1.988376e-01 -8.555170e-01 0.000000e+00
-1.988376e-01 -8.555170e-01 0.000000e+00
-1.870163e-01 -7.837600e-01 0.000000e+00
-1.819731e-01 -7.845908e-01 0.000000e+00
-1.937945e-01 -8.563478e-01 0.000000e+00
-1.937945e-01 -8.563478e-01 0.000000e+00
-1.819731e-01 -7.845908e-01 0.000000e+00
-1.769300e-01 -7.854216e-01 0.000000e+00
-1.887513e-01 -8.571787e-01 0.000000e+00
-1.887513e-01 -8.571787e-01 0.000000e+00
-1.769300e-01 -7.854216e-01 0.000000e+00
-1.718869e-01 -7.862525e-01 0.000000e+00
-1.837082e-01 -8.580095e-01 0.000000e+00
-1.837082e-01 -8.580095e-01 0.000000e+00
-1.718869e-01 -7.862525e-01 0.000000e+00
-1.668437e-01 -7.870833e-01 0.000000e+00
-1.786650e-01 -8.588403e-01 0.000000e+00
-1.786650e-01 -8.588403e-01 0.000000e+00
-1.668437e-01 -7.870833e-01 0.000000e+00
-1.618006e-01 -7.879141e-01 0.000000e+00
-1.736219e-01 -8.596711e-01 0.000000e+00
-1.736219e-01 -8.596711e-01 0.000000e+00
-1.618006e-01 -7.879141e-01 0.000000e+00
-1.567575e-01 -7.887449e-01 0.000000e+00
-1.685788e-01 -8.605019e-01 0.000000e+00
-1.685788e-01 -8.605019e-01 0.000000e+00
-1.567575e-01 -7.887449e-01 0.000000e+00
-1.517143e-01 -7.895757e-01 0.000000e+00
-1.635356e-01 -8.613327e-01 0.000000e+00
-1.971025e-01 -7.820984e-01 0.000000e+00
-1.852812e-01 -7.103414e-01 0.000000e+00
-1.802381e-01 -7.111722e-01 0.000000e+00
-1.920594e-01 -7.829292e-01 0.000000e+00
-1.920594e-01 -7.829292e-01 0.000000e+00
-1.802381e-01 -7.111722e-01 0.000000e+00
-1.751950e-01 -7.120030e-01 0.000000e+00
-1.870163e-01 -7.837600e-01 0.000000e+00
-1.870163e-01 -7.837600e-01 0.000000e+00
-1.751950e-01 -7.120030e-01 0.000000e+00
-1.701518e-01 -7.128338e-01 0.000000e+00
-1.819731e-01 -7.845908e-01 0.000000e+00
-1.819731e-01 -7.845908e-01 0.000000e+00
-1.701518e-01 -7.128338e-01 0.000000e+00
-1.651087e-01 -7.136646e-01 0.000000e+00
-1.769300e-01 -7.854216e-01 0.000000e+00
-1.769300e-01 -7.854216e-01 0.000000e+00
-1.651087e-01 -7.136646e-01 0.000000e+00
-1.600656e-01 -7.144955e-01 0.000000e+00
-1.718869e-01 -7.862525e-01 0.000000e+00
-1.718869e-01 -7.862525e-01 0.000000e+00
-1.600656e-01 -7.144955e-01 0.000000e+00
-1.550224e-01 -7.153263e-01 0.000000e+00
-1.668437e-01 -7.870833e-01 0.000000e+00
-1.668437e-01 -7.870833e-01 0.000000e+00
-1.550224e-01 -7.153263e-01 0.000000e+00
-1.499793e-01 -7.161571e-01 0.000000e+00
-1.618006e-01 -7.879141e-01 0.000000e+00
-1.618006e-01 -7.879141e-01 0.000000e+00
-1.499793e-01 -7.161571e-01 0.000000e+00
-1.449362e-01 -7.169879e-01 0.000000e+00
-1.567575e-01 -7.887449e-01 0.000000e+00
-1.567575e-01 -7.887449e-01 0.000000e+00
-1.449362e-01 -7.169879e-01 0.000000e+00
-1.398930e-01 -7.178187e-01 0.000000e+00
-1.517143e-01 -7.895757e-01 0.000000e+00
-1.852812e-01 -7.103414e-01 0.000000e+00
-1.734599e-01 -6.385844e-01 0.000000e+00
-1.684168e-01 -6.394152e-01 0.000000e+00
-1.802381e-01 -7.111722e-01 0.000000e+00
-1.802381e-01 -7.111722e-01 0.000000e+00
-1.684168e-01 -6.394152e-01 0.000000e+00
-1.633737e-01 -6.402460e-01 0.000000e+00
-1.751950e-01 -7.120030e-01 0.000000e+00
-1.751950e-01 -7.120030e-01 0.000000e+00
-1.633737e-01 -6.402460e-01 0.000000e+00
-1.583305e-01 -6.410768e-01 0.000000e+00
-1.701518e-01 -7.128338e-01 0.000000e+00
-1.701518e-01 -7.128338e-01 0.000000e+00
-1.583305e-01 -6.410768e-01 0.000000e+00
-1.532874e-01 -6.419076e-01 0.000000e+00
-1.651087e-01 -7.136646e-01 0.000000e+00
-1.651087e-01 -7.136646e-01 0.000000e+00
-1.532874e-01 -6.419076e-01 0.000000e+00
-1.482443e-01 -6.427384e-01 0.000000e+00
-1.600656e-01 -7.144955e-01 0.000000e+00
-1.600656e-01 -7.144955e-01 0.000000e+00
-1.482443e-01 -6.427384e-01 0.000000e+00
-1.432011e-01 -6.435693e-01 0.000000e+00
-1.550224e-01 -7.153263e-01 0.000000e+00
-1.550224e-01 -7.153263e-01 0.000000e+00
-1.432011e-01 -6.435693e-01 0.000000e+00
-1.381580e-01 -6.444001e-01 0.000000e+00
-1.499793e-01 -7.161571e-01 0.000000e+00
-1.499793e-01 -7.161571e-01 0.000000e+00
-1.381580e-01 -6.444001e-01 0.000000e+00
-1.331148e-01 -6.452309e-01 0.000000e+00
-1.449362e-01 -7.169879e-01 0.000000e+00
-1.449362e-01 -7.169879e-01 0.000000e+00
-1.331148e-01 -6.452309e-01 0.000000e+00
-1.280717e-01 -6.460617e-01 0.000000e+00
-1.398930e-01 -7.178187e-01 0.000000e+00
-1.734599e-01 -6.385844e-01 0.000000e+00
-1.616386e-01 -5.668274e-01 0.000000e+00
-1.565955e-01 -5.676582e-01 0.000000e+00
-1.684168e-01 -6.394152e-01 0.000000e+00
-1.684168e-01 -6.394152e-01 0.000000e+00
-1.565955e-01 -5.676582e-01 0.000000e+00
-1.515524e-01 -5.684890e-01 0.000000e+00
-1.633737e-01 -6.402460e-01 0.000000e+00
-1.633737e-01 -6.402460e-01 0.000000e+00
-1.515524e-01 -5.684890e-01 0.000000e+00
-1.465092e-01 -5.693198e-01 0.000000e+00
-1.583305e-01 -6.410768e-01 0.000000e+00
-1.583305e-01 -6.410768e-01 0.000000e+00
-1.465092e-01 -5.693198e-01 0.000000e+00
-1.414661e-01 -5.701506e-01 0.000000e+00
-1.532874e-01 -6.419076e-01 0.000000e+00
-1.532874e-01 -6.419076e-01 0.000000e+00
-1.414661e-01 -5.701506e-01 0.000000e+00
-1.364230e-01 -5.709814e-01 0.000000e+00
-1.482443e-01 -6.427384e-01 0.000000e+00
-1.482443e-01 -6.427384e-01 0.000000e+00
-1.364230e-01 -5.709814e-01 0.000000e+00
-1.313798e-01 -5.718122e-01 0.000000e+00
-1.432011e-01 -6.435693e-01 0.000000e+00
-1.432011e-01 -6.435693e-01 0.000000e+00
-1.313798e-01 -5.718122e-01 0.000000e+00
-1.263367e-01 -5.726431e-01 0.000000e+00
-1.381580e-01 -6.444001e-01 0.000000e+00
-1.381580e-01 -6.444001e-01 0.000000e+00
-1.263367e-01 -5.726431e-01 0.000000e+00
-1.212935e-01 -5.734739e-01 0.000000e+00
-1.331148e-01 -6.452309e-01 0.000000e+00
-1.331148e-01 -6.452309e-01 0.000000e+00
-1.212935e-01 -5.734739e-01 0.000000e+00
-1.162504e-01 -5.743047e-01 0.000000e+00
-1.280717e-01 -6.460617e-01 0.000000e+00
-1.616386e-01 -5.668274e-01 0.000000e+00
-1.498173e-01 -4.950704e-01 0.000000e+00
-1.447742e-01 -4.959012e-01 0.000000e+00
-1.565955e-01 -5.676582e-01 0.000000e+00
-1.565955e-01 -5.676582e-01 0.000000e+00
-1.447742e-01 -4.959012e-01 0.000000e+00
-1.397310e-01 -4.967320e-01 0.000000e+00
-1.515524e-01 -5.684890e-01 0.000000e+00
-1.515524e-01 -5.684890e-01 0.000000e+00
-1.397310e-01 -4.967320e-01 0.000000e+00
-1.346879e-01 -4.975628e-01 0.000000e+00
-1.465092e-01 -5.693198e-01 0.000000e+00
-1.465092e-01 -5.693198e-01 0.000000e+00
-1.346879e-01 -4.975628e-01 0.000000e+00
-1.296448e-01 -4.983936e-01 0.000000e+00
-1.414661e-01 -5.701506e-01 0.000000e+00
-1.414661e-01 -5.701506e-01 0.000000e+00
-1.296448e-01 -4.983936e-01 0.000000e+00
-1.246016e-01 -4.992244e-01 0.000000e+00
-1.364230e-01 -5.709814e-01 0.000000e+00
-1.364230e-01 -5.709814e-01 0.000000e+00
-1.246016e-01 -4.992244e-01 0.000000e+00
-1.195585e-01 -5.000552e-01 0.000000e+00
-1.313798e-01 -5.718122e-01 0.000000e+00
-1.313798e-01 -5.718122e-01 0.000000e+00
-1.195585e-01 -5.000552e-01 0.000000e+00
-1.145154e-01 -5.008860e-01 0.000000e+00
-1.263367e-01 -5.726431e-01 0.000000e+00
-1.263367e-01 -5.726431e-01 0.000000e+00
-1.145154e-01 -5.008860e-01 0.000000e+00
-1.094722e-01 -5.017169e-01 0.000000e+00
-1.212935e-01 -5.734739e-01 0.000000e+00
-1.212935e-01 -5.734739e-01 0.000000e+00
-1.094722e-01 -5.017169e-01 0.000000e+00
-1.044291e-01 -5.025477e-01 0.000000e+00
-1.162504e-01 -5.743047e-01 0.000000e+00
-1.498173e-01 -4.950704e-01 0.000000e+00
-1.379960e-01 -4.233134e-01 0.000000e+00
-1.329529e-01 -4.241442e-01 0.000000e+00
-1.447742e-01 -4.959012e-01 0.000000e+00
-1.447742e-01 -4.959012e-01 0.000000e+00
-1.329529e-01 -4.241442e-01 0.000000e+00
-1.279097e-01 -4.249750e-01 0.000000e+00
-1.397310e-01 -4.967320e-01 0.000000e+00
-1.397310e-01 -4.967320e-01 0.000000e+00
-1.279097e-01 -4.249750e-01 0.000000e+00
-1.228666e-01 -4.258058e-01 0.000000e+00
-1.346879e-01 -4.975628e-01 0.000000e+00
-1.346879e-01 -4.975628e-01 0.000000e+00
-1.228666e-01 -4.258058e-01 0.000000e+00
-1.178235e-01 -4.266366e-01 0.000000e+00
-1.296448e-01 -4.983936e-01 0.000000e+00
-1.296448e-01 -4.983936e-01 0.000000e+00
-1.178235e-01 -4.266366e-01 0.000000e+00
-1.127803e-01 -4.274674e-01 0.000000e+00
-1.246016e-01 -4.992244e-01 0.000000e+00
-1.246016e-01 -4.992244e-01 0.000000e+00
-1.127803e-01 -4.274674e-01 0.000000e+00
-1.077372e-01 -4.282982e-01 0.000000e+00
-1.195585e-01 -5.000552e-01 0.000000e+00
-1.195585e-01 -5.000552e-01 0.000000e+00
-1.077372e-01 -4.282982e-01 0.000000e+00
-1.026941e-01 -4.291290e-01 0.000000e+00
-1.145154e-01 -5.008860e-01 0.000000e+00
-1.145154e-01 -5.008860e-01 0.000000e+00
-1.026941e-01 -4.291290e-01 0.000000e+00
-9.765093e-02 -4.299598e-01 0.000000e+00
-1.094722e-01 -5.017169e-01 0.000000e+00
-1.094722e-01 -5.017169e-01 0.000000e+00
-9.765093e-02 -4.299598e-01 0.000000e+00
-9.260779e-02 -4.307907e-01 0.000000e+00
-1.044291e-01 -5.025477e-01 0.000000e+00
-1.379960e-01 -4.233134e-01 0.000000e+00
-1.261747e-01 -3.515564e-01 0.000000e+00
-1.211316e-01 -3.523872e-01 0.000000e+00
-1.329529e-01 -4.241442e-01 0.000000e+00
-1.329529e-01 -4.241442e-01 0.000000e+00
-1.211316e-01 -3.523872e-01 0.000000e+00
-1.160884e-01 -3.532180e-01 0.000000e+00
-1.279097e-01 -4.249750e-01 0.000000e+00
-1.279097e-01 -4.249750e-01 0.000000e+00
-1.160884e-01 -3.532180e-01 0.000000e+00
-1.110453e-01 -3.540488e-01 0.000000e+00
-1.228666e-01 -4.258058e-01 0.000000e+00
-1.228666e-01 -4.258058e-01 0.000000e+00
-1.110453e-01 -3.540488e-01 0.000000e+00
-1.060022e-01 -3.548796e-01 0.000000e+00
-1.178235e-01 -4.266366e-01 0.000000e+00
-1.178235e-01 -4.266366e-01 0.000000e+00
-1.060022e-01 -3.548796e-01 0.000000e+00
-1.009590e-01 -3.557104e-01 0.000000e+00
-1.127803e-01 -4.274674e-01 0.000000e+00
-1.127803e-01 -4.274674e-01 0.000000e+00
-1.009590e-01 -3.557104e-01 0.000000e+00
-9.591589e-02 -3.565412e-01 0.000000e+00
-1.077372e-01 -4.282982e-01 0.000000e+00
-1.077372e-01 -4.282982e-01 0.000000e+00
-9.591589e-02 -3.565412e-01 0.000000e+00
-9.087275e-02 -3.573720e-01 0.000000e+00
-1.026941e-01 -4.291290e-01 0.000000e+00
-1.026941e-01 -4.291290e-01 0.000000e+00
-9.087275e-02 -3.573720e-01 0.000000e+00
-8.582962e-02 -3.582028e-01 0.000000e+00
-9.765093e-02 -4.299598e-01 0.000000e+00
-9.765093e-02 -4.299598e-01 0.000000e+00
-8.582962e-02 -3.582028e-01 0.000000e+00
-8.078648e-02 -3.590336e-01 0.000000e+00
-9.260779e-02 -4.307907e-01 0.000000e+00
-1.261747e-01 -3.515564e-01 0.000000e+00
-1.143534e-01 -2.797993e-01 0.000000e+00
-1.093103e-01 -2.806302e-01 0.000000e+00
-1.211316e-01 -3.523872e-01 0.000000e+00
-1.211316e-01 -3.523872e-01 0.000000e+00
-1.093103e-01 -2.806302e-01 0.000000e+00
-1.042671e-01 -2.814610e-01 0.000000e+00
-1.160884e-01 -3.532180e-01 0.000000e+00
-1.160884e-01 -3.532180e-01 0.000000e+00
-1.042671e-01 -2.814610e-01 0.000000e+00
-9.922398e-02 -2.822918e-01 0.000000e+00
-1.110453e-01 -3.540488e-01 0.000000e+00
-1.110453e-01 -3.540488e-01 0.000000e+00
-9.922398e-02 -2.822918e-01 0.000000e+00
-9.418085e-02 -2.831226e-01 0.000000e+00
-1.060022e-01 -3.548796e-01 0.000000e+00
-1.060022e-01 -3.548796e-01 0.000000e+00
-9.418085e-02 -2.831226e-01 0.000000e+00
-8.913771e-02 -2.839534e-01 0.000000e+00
-1.009590e-01 -3.557104e-01 0.000000e+00
-1.009590e-01 -3.557104e-01 0.000000e+00
-8.913771e-02 -2.839534e-01 0.000000e+00
-8.409458e-02 -2.847842e-01 0.000000e+00
-9.591589e-02 -3.565412e-01 0.000000e+00
-9.591589e-02 -3.565412e-01 0.000000e+00
-8.409458e-02 -2.847842e-01 0.000000e+00
-7.905144e-02 -2.856150e-01 0.000000e+00
-9.087275e-02 -3.573720e-01 0.000000e+00
-9.087275e-02 -3.573720e-01 0.000000e+00
-7.905144e-02 -2.856150e-01 0.000000e+00
-7.400831e-02 -2.864458e-01 0.000000e+00
-8.582962e-02 -3.582028e-01 0.000000e+00
-8.582962e-02 -3.582028e-01 0.000000e+00
-7.400831e-02 -2.864458e-01 0.000000e+00
-6.896517e-02 -2.872766e-01 0.000000e+00
-8.078648e-02 -3.590336e-01 0.000000e+00
-1.143534e-01 -2.797993e-01 0.000000e+00
-1.025321e-01 -2.080423e-01 0.000000e+00
-9.748895e-02 -2.088731e-01 0.000000e+00
-1.093103e-01 -2.806302e-01 0.000000e+00
-1.093103e-01 -2.806302e-01 0.000000e+00
-9.748895e-02 -2.088731e-01 0.000000e+00
-9.244582e-02 -2.097040e-01 0.000000e+00
-1.042671e-01 -2.814610e-01 0.000000e+00
-1.042671e-01 -2.814610e-01 0.000000e+00
-9.244582e-02 -2.097040e-01 0.000000e+00
-8.740268e-02 -2.105348e-01 0.000000e+00
-9.922398e-02 -2.822918e-01 0.000000e+00
-9.922398e-02 -2.822918e-01 0.000000e+00
-8.740268e-02 -2.105348e-01 0.000000e+00
-8.235955e-02 -2.113656e-01 0.000000e+00
-9.418085e-02 -2.831226e-01 0.000000e+00
-9.418085e-02 -2.831226e-01 0.000000e+00
-8.235955e-02 -2.113656e-01 0.000000e+00
-7.731641e-02 -2.121964e-01 0.000000e+00
-8.913771e-02 -2.839534e-01 0.000000e+00
-8.913771e-02 -2.839534e-01 0.000000e+00
-7.731641e-02 -2.121964e-01 0.000000e+00
-7.227328e-02 -2.130272e-01 0.000000e+00
-8.409458e-02 -2.847842e-01 0.000000e+00
-8.409458e-02 -2.847842e-01 0.000000e+00
-7.227328e-02 -2.130272e-01 0.000000e+00
-6.723014e-02 -2.138580e-01 0.000000e+00
-7.905144e-02 -2.856150e-01 0.000000e+00
-7.905144e-02 -2.856150e-01 0.000000e+00
-6.723014e-02 -2.138580e-01 0.000000e+00
-6.218701e-02 -2.146888e-01 0.000000e+00
-7.400831e-02 -2.864458e-01 0.000000e+00
-7.400831e-02 -2.864458e-01 0.000000e+00
-6.218701e-02 -2.146888e-01 0.000000e+00
-5.714387e-02 -2.155196e-01 0.000000e+00
-6.896517e-02 -2.872766e-01 0.000000e+00
-1.025321e-01 -2.080423e-01 0.000000e+00
-9.071078e-02 -1.362853e-01 0.000000e+00
-8.566764e-02 -1.371161e-01 0.000000e+00
-9.748895e-02 -2.088731e-01 0.000000e+00
-9.748895e-02 -2.088731e-01 0.000000e+00
-8.566764e-02 -1.371161e-01 0.000000e+00
-8.062451e-02 -1.379469e-01 0.000000e+00
-9.244582e-02 -2.097040e-01 0.000000e+00
-9.244582e-02 -2.097040e-01 0.000000e+00
-8.062451e-02 -1.379469e-01 0.000000e+00
-7.558137e-02 -1.387778e-01 0.000000e+00
-8.740268e-02 -2.105348e-01 0.000000e+00
-8.740268e-02 -2.105348e-01 0.000000e+00
-7.558137e-02 -1.387778e-01 0.000000e+00
-7.053824e-02 -1.396086e-01 0.000000e+00
-8.235955e-02 -2.113656e-01 0.000000e+00
-8.235955e-02 -2.113656e-01 0.000000e+00
-7.053824e-02 -1.396086e-01 0.000000e+00
-6.549510e-02 -1.404394e-01 0.000000e+00
-7.731641e-02 -2.121964e-01 0.000000e+00
-7.731641e-02 -2.121964e-01 0.000000e+00
-6.549510e-02 -1.404394e-01 0.000000e+00
-6.045197e-02 -1.412702e-01 0.000000e+00
-7.227328e-02 -2.130272e-01 0.000000e+00
-7.227328e-02 -2.130272e-01 0.000000e+00
-6.045197e-02 -1.412702e-01 0.000000e+00
-5.540883e-02 -1.421010e-01 0.000000e+00
-6.723014e-02 -2.138580e-01 0.000000e+00
-6.723014e-02 -2.138580e-01 0.000000e+00
-5.540883e-02 -1.421010e-01 0.000000e+00
-5.036570e-02 -1.429318e-01 0.000000e+00
-6.218701e-02 -2.146888e-01 0.000000e+00
-6.218701e-02 -2.146888e-01 0.000000e+00
-5.036570e-02 -1.429318e-01 0.000000e+00
-4.532256e-02 -1.437626e-01 0.000000e+00
-5.714387e-02 -2.155196e-01 0.000000e+00
-9.071078e-02 -1.362853e-01 0.000000e+00
-7.888947e-02 -6.452831e-02 0.000000e+00
-7.384633e-02 -6.535912e-02 0.000000e+00
-8.566764e-02 -1.371161e-01 0.000000e+00
-8.566764e-02 -1.371161e-01 0.000000e+00
-7.384633e-02 -6.535912e-02 0.000000e+00
-6.880320e-02 -6.618993e-02 0.000000e+00
-8.062451e-02 -1.379469e-01 0.000000e+00
-8.062451e-02 -1.379469e-01 0.000000e+00
-6.880320e-02 -6.618993e-02 0.000000e+00
-6.376006e-02 -6.702074e-02 0.000000e+00
-7.558137e-02 -1.387778e-01 0.000000e+00
-7.558137e-02 -1.387778e-01 0.000000e+00
-6.376006e-02 -6.702074e-02 0.000000e+00
-5.871693e-02 -6.785155e-02 0.000000e+00
-7.053824e-02 -1.396086e-01 0.000000e+00
-7.053824e-02 -1.396086e-01 0.000000e+00
-5.871693e-02 -6.785155e-02 0.000000e+00
-5.367379e-02 -6.868237e-02 0.000000e+00
-6.549510e-02 -1.404394e-01 0.000000e+00
-6.549510e-02 -1.404394e-01 0.000000e+00
-5.367379e-02 -6.868237e-02 0.000000e+00
-4.863066e-02 -6.951318e-02 0.000000e+00
-6.045197e-02 -1.412702e-01 0.000000e+00
-6.045197e-02 -1.412702e-01 0.000000e+00
-4.863066e-02 -6.951318e-02 0.000000e+00
-4.358752e-02 -7.034399e-02 0.000000e+00
-5.540883e-02 -1.421010e-01 0.000000e+00
-5.540883e-02 -1.421010e-01 0.000000e+00
-4.358752e-02 -7.034399e-02 0.000000e+00
-3.854439e-02 -7.117480e-02 0.000000e+00
-5.036570e-02 -1.429318e-01 0.000000e+00
-5.036570e-02 -1.429318e-01 0.000000e+00
-3.854439e-02 -7.117480e-02 0.000000e+00
-3.350125e-02 -7.200561e-02 0.000000e+00
-4.532256e-02 -1.437626e-01 0.000000e+00
-7.888947e-02 -6.452831e-02 0.000000e+00
-6.706816e-02 7.228696e-03 0.000000e+00
-6.202502e-02 6.397886e-03 0.000000e+00
-7.384633e-02 -6.535912e-02 0.000000e+00
-7.384633e-02 -6.535912e-02 0.000000e+00
-6.202502e-02 6.397886e-03 0.000000e+00
-5.698189e-02 5.567076e-03 0.000000e+00
-6.880320e-02 -6.618993e-02 0.000000e+00
-6.880320e-02 -6.618993e-02 0.000000e+00
-5.698189e-02 5.567076e-03 0.000000e+00
-5.193875e-02 4.736265e-03 0.000000e+00
-6.376006e-02 -6.702074e-02 0.000000e+00
-6.376006e-02 -6.702074e-02 0.000000e+00
-5.193875e-02 4.736265e-03 0.000000e+00
-4.689562e-02 3.905455e-03 0.000000e+00
-5.871693e-02 -6.785155e-02 0.000000e+00
-5.871693e-02 -6.785155e-02 0.000000e+00
-4.689562e-02 3.905455e-03 0.000000e+00
-4.185248e-02 3.074645e-03 0.000000e+00
-5.367379e-02 -6.868237e-02 0.000000e+00
-5.367379e-02 -6.868237e-02 0.000000e+00
-4.185248e-02 3.074645e-03 0.000000e+00
-3.680935e-02 2.243835e-03 0.000000e+00
-4.863066e-02 -6.951318e-02 0.000000e+00
-4.863066e-02 -6.951318e-02 0.000000e+00
-3.680935e-02 2.243835e-03 0.000000e+00
-3.176621e-02 1.413024e-03 0.000000e+00
-4.358752e-02 -7.034399e-02 0.000000e+00
-4.358752e-02 -7.034399e-02 0.000000e+00
-3.176621e-02 1.413024e-03 0.000000e+00
-2.672308e-02 5.822140e-04 0.000000e+00
-3.854439e-02 -7.117480e-02 0.000000e+00
-3.854439e-02 -7.117480e-02 0.000000e+00
-2.672308e-02 5.822140e-04 0.000000e+00
-2.167994e-02 -2.485963e-04 0.000000e+00
-3.350125e-02 -7.200561e-02 0.000000e+00
-6.706816e-02 7.228696e-03 0.000000e+00
-5.524685e-02 7.898571e-02 0.000000e+00
-5.020371e-02 7.815490e-02 0.000000e+00
-6.202502e-02 6.397886e-03 0.000000e+00
-6.202502e-02 6.397886e-03 0.000000e+00
-5.020371e-02 7.815490e-02 0.000000e+00
-4.516058e-02 7.732409e-02 0.000000e+00
-5.698189e-02 5.567076e-03 0.000000e+00
-5.698189e-02 5.567076e-03 0.000000e+00
-4.516058e-02 7.732409e-02 0.000000e+00
-4.011744e-02 7.649328e-02 0.000000e+00
-5.193875e-02 4.736265e-03 0.000000e+00
-5.193875e-02 4.736265e-03 0.000000e+00
-4.011744e-02 7.649328e-02 0.000000e+00
-3.507431e-02 7.566247e-02 0.000000e+00
-4.689562e-02 3.905455e-03 0.000000e+00
-4.689562e-02 3.905455e-03 0.000000e+00
-3.507431e-02 7.566247e-02 0.000000e+00
-3.003117e-02 7.483165e-02 0.000000e+00
-4.185248e-02 3.074645e-03 0.000000e+00
-4.185248e-02 3.074645e-03 0.000000e+00
-3.003117e-02 7.483165e-02 0.000000e+00
-2.498804e-02 7.400084e-02 0.000000e+00
-3.680935e-02 2.243835e-03 0.000000e+00
-3.680935e-02 2.243835e-03 0.000000e+00
-2.498804e-02 7.400084e-02 0.000000e+00
-1.994490e-02 7.317003e-02 0.000000e+00
-3.176621e-02 1.413024e-03 0.000000e+00
-3.176621e-02 1.413024e-03 0.000000e+00
-1.994490e-02 7.317003e-02 0.000000e+00
-1.490177e-02 7.233922e-02 0.000000e+00
-2.672308e-02 5.822140e-04 0.000000e+00
-2.672308e-02 5.822140e-04 0.000000e+00
-1.490177e-02 7.233922e-02 0.000000e+00
-9.858632e-03 7.150841e-02 0.000000e+00
-2.167994e-02 -2.485963e-04 0.000000e+00
-5.524685e-02 7.898571e-02 0.000000e+00
-4.342554e-02 1.507427e-01 0.000000e+00
-3.838240e-02 1.499119e-01 0.000000e+00
-5.020371e-02 7.815490e-02 0.000000e+00
-5.020371e-02 7.815490e-02 0.000000e+00
-3.838240e-02 1.499119e-01 0.000000e+00
-3.333927e-02 1.490811e-01 0.000000e+00
-4.516058e-02 7.732409e-02 0.000000e+00
-4.516058e-02 7.732409e-02 0.000000e+00
-3.333927e-02 1.490811e-01 0.000000e+00
-2.829613e-02 1.482503e-01 0.000000e+00
-4.011744e-02 7.649328e-02 0.000000e+00
-4.011744e-02 7.649328e-02 0.000000e+00
-2.829613e-02 1.482503e-01 0.000000e+00
-2.325300e-02 1.474195e-01 0.000000e+00
-3.507431e-02 7.566247e-02 0.000000e+00
-3.507431e-02 7.566247e-02 0.000000e+00
-2.325300e-02 1.474195e-01 0.000000e+00
-1.820986e-02 1.465887e-01 0.000000e+00
-3.003117e-02 7.483165e-02 0.000000e+00
-3.003117e-02 7.483165e-02 0.000000e+00
-1.820986e-02 1.465887e-01 0.000000e+00
-1.316673e-02 1.457579e-01 0.000000e+00
-2.498804e-02 7.400084e-02 0.000000e+00
-2.498804e-02 7.400084e-02 0.000000e+00
-1.316673e-02 1.457579e-01 0.000000e+00
-8.123592e-03 1.449270e-01 0.000000e+00
-1.994490e-02 7.317003e-02 0.000000e+00
-1.994490e-02 7.317003e-02 0.000000e+00
-8.123592e-03 1.449270e-01 0.000000e+00
-3.080457e-03 1.440962e-01 0.000000e+00
-1.490177e-02 7.233922e-02 0.000000e+00
-1.490177e-02 7.233922e-02 0.000000e+00
-3.080457e-03 1.440962e-01 0.000000e+00
1.962678e-03 1.432654e-01 0.000000e+00
-9.858632e-03 7.150841e-02 0.000000e+00
-4.342554e-02 1.507427e-01 0.000000e+00
-3.160424e-02 2.224997e-01 0.000000e+00
-2.656110e-02 2.216689e-01 0.000000e+00
-3.838240e-02 1.499119e-01 0.000000e+00
-3.838240e-02 1.499119e-01 0.000000e+00
-2.656110e-02 2.216689e-01 0.000000e+00
-2.151797e-02 2.208381e-01 0.000000e+00
-3.333927e-02 1.490811e-01 0.000000e+00
-3.333927e-02 1.490811e-01 0.000000e+00
-2.151797e-02 2.208381e-01 0.000000e+00
-1.647483e-02 2.200073e-01 0.000000e+00
-2.829613e-02 1.482503e-01 0.000000e+00
-2.829613e-02 1.482503e-01 0.000000e+00
-1.647483e-02 2.200073e-01 0.000000e+00
-1.143170e-02 2.191765e-01 0.000000e+00
-2.325300e-02 1.474195e-01 0.000000e+00
-2.325300e-02 1.474195e-01 0.000000e+00
-1.143170e-02 2.191765e-01 0.000000e+00
-6.388562e-03 2.183457e-01 0.000000e+00
-1.820986e-02 1.465887e-01 0.000000e+00
-1.820986e-02 1.465887e-01 0.000000e+00
-6.388562e-03 2.183457e-01 0.000000e+00
-1.345427e-03 2.175149e-01 0.000000e+00
-1.316673e-02 1.457579e-01 0.000000e+00
-1.316673e-02 1.457579e-01 0.000000e+00
-1.345427e-03 2.175149e-01 0.000000e+00
3.697708e-03 2.166841e-01 0.000000e+00
-8.123592e-03 1.449270e-01 0.000000e+00
-8.123592e-03 1.449270e-01 0.000000e+00
3.697708e-03 2.166841e-01 0.000000e+00
8.740843e-03 2.158532e-01 0.000000e+00
-3.080457e-03 1.440962e-01 0.000000e+00
-3.080457e-03 1.440962e-01 0.000000e+00
8.740843e-03 2.158532e-01 0.000000e+00
1.378398e-02 2.150224e-01 0.000000e+00
1.962678e-03 1.432654e-01 0.000000e+00
-3.160424e-02 2.224997e-01 0.000000e+00
-1.978293e-02 2.942567e-01 0.000000e+00
-1.473979e-02 2.934259e-01 0.000000e+00
-2.656110e-02 2.216689e-01 0.000000e+00
-2.656110e-02 2.216689e-01 0.000000e+00
-1.473979e-02 2.934259e-01 0.000000e+00
-9.696658e-03 2.925951e-01 0.000000e+00
-2.151797e-02 2.208381e-01 0.000000e+00
-2.151797e-02 2.208381e-01 0.000000e+00
-9.696658e-03 2.925951e-01 0.000000e+00
-4.653523e-03 2.917643e-01 0.000000e+00
-1.647483e-02 2.200073e-01 0.000000e+00
-1.647483e-02 2.200073e-01 0.000000e+00
-4.653523e-03 2.917643e-01 0.000000e+00
3.896125e-04 2.909335e-01 0.000000e+00
-1.143170e-02 2.191765e-01 0.000000e+00
-1.143170e-02 2.191765e-01 0.000000e+00
3.896125e-04 2.909335e-01 0.000000e+00
5.432748e-03 2.901027e-01 0.000000e+00
-6.388562e-03 2.183457e-01 0.000000e+00
-6.388562e-03 2.183457e-01 0.000000e+00
5.432748e-03 2.901027e-01 0.000000e+00
1.047588e-02 2.892719e-01 0.000000e+00
-1.345427e-03 2.175149e-01 0.000000e+00
-1.345427e-03 2.175149e-01 0.000000e+00
1.047588e-02 2.892719e-01 0.000000e+00
1.551902e-02 2.884411e-01 0.000000e+00
3.697708e-03 2.166841e-01 0.000000e+00
3.697708e-03 2.166841e-01 0.000000e+00
1.551902e-02 2.884411e-01 0.000000e+00
2.056215e-02 2.876103e-01 0.000000e+00
8.740843e-03 2.158532e-01 0.000000e+00
8.740843e-03 2.158532e-01 0.000000e+00
2.056215e-02 2.876103e-01 0.000000e+00
2.560529e-02 2.867794e-01 0.000000e+00
1.378398e-02 2.150224e-01 0.000000e+00
-1.978293e-02 2.942567e-01 0.000000e+00
-7.961618e-03 3.660137e-01 0.000000e+00
-2.918483e-03 3.651829e-01 0.000000e+00
-1.473979e-02 2.934259e-01 0.000000e+00
-1.473979e-02 2.934259e-01 0.000000e+00
-2.918483e-03 3.651829e-01 0.000000e+00
2.124652e-03 3.643521e-01 0.000000e+00
-9.696658e-03 2.925951e-01 0.000000e+00
-9.696658e-03 2.925951e-01 0.000000e+00
2.124652e-03 3.643521e-01 0.000000e+00
7.167787e-03 3.635213e-01 0.000000e+00
-4.653523e-03 2.917643e-01 0.000000e+00
-4.653523e-03 2.917643e-01 0.000000e+00
7.167787e-03 3.635213e-01 0.000000e+00
1.221092e-02 3.626905e-01 0.000000e+00
3.896125e-04 2.909335e-01 0.000000e+00
3.896125e-04 2.909335e-01 0.000000e+00
1.221092e-02 3.626905e-01 0.000000e+00
1.725406e-02 3.618597e-01 0.000000e+00
5.432748e-03 2.901027e-01 0.000000e+00
5.432748e-03 2.901027e-01 0.000000e+00
1.725406e-02 3.618597e-01 0.000000e+00
2.229719e-02 3.610289e-01 0.000000e+00
1.047588e-02 2.892719e-01 0.000000e+00
1.047588e-02 2.892719e-01 0.000000e+00
2.229719e-02 3.610289e-01 0.000000e+00
2.734033e-02 3.601981e-01 0.000000e+00
1.551902e-02 2.884411e-01 0.000000e+00
1.551902e-02 2.884411e-01 0.000000e+00
2.734033e-02 3.601981e-01 0.000000e+00
3.238346e-02 3.593673e-01 0.000000e+00
2.056215e-02 2.876103e-01 0.000000e+00
2.056215e-02 2.876103e-01 0.000000e+00
3.238346e-02 3.593673e-01 0.000000e+00
3.742660e-02 3.585364e-01 0.000000e+00
2.560529e-02 2.867794e-01 0.000000e+00
-7.961618e-03 3.660137e-01 0.000000e+00
3.859692e-03 4.377707e-01 0.000000e+00
8.902827e-03 4.369399e-01 0.000000e+00
-2.918483e-03 3.651829e-01 0.000000e+00
-2.918483e-03 3.651829e-01 0.000000e+00
8.902827e-03 4.369399e-01 0.000000e+00
1.394596e-02 4.361091e-01 0.000000e+00
2.124652e-03 3.643521e-01 0.000000e+00
2.124652e-03 3.643521e-01 0.000000e+00
1.394596e-02 4.361091e-01 0.000000e+00
1.898910e-02 4.352783e-01 0.000000e+00
7.167787e-03 3.635213e-01 0.000000e+00
7.167787e-03 3.635213e-01 0.000000e+00
1.898910e-02 4.352783e-01 0.000000e+00
2.403223e-02 4.344475e-01 0.000000e+00
1.221092e-02 3.626905e-01 0.000000e+00
1.221092e-02 3.626905e-01 0.000000e+00
2.403223e-02 4.344475e-01 0.000000e+00
2.907537e-02 4.336167e-01 0.000000e+00
1.725406e-02 3.618597e-01 0.000000e+00
1.725406e-02 3.618597e-01 0.000000e+00
2.907537e-02 4.336167e-01 0.000000e+00
3.411850e-02 4.327859e-01 0.000000e+00
2.229719e-02 3.610289e-01 0.000000e+00
2.229719e-02 3.610289e-01 0.000000e+00
3.411850e-02 4.327859e-01 0.000000e+00
3.916164e-02 4.319551e-01 0.000000e+00
2.734033e-02 3.601981e-01 0.000000e+00
2.734033e-02 3.601981e-01 0.000000e+00
3.916164e-02 4.319551e-01 0.000000e+00
4.420477e-02 4.311243e-01 0.000000e+00
3.238346e-02 3.593673e-01 0.000000e+00
3.238346e-02 3.593673e-01 0.000000e+00
4.420477e-02 4.311243e-01 0.000000e+00
4.924791e-02 4.302935e-01 0.000000e+00
3.742660e-02 3.585364e-01 0.000000e+00
3.859692e-03 4.377707e-01 0.000000e+00
1.568100e-02 5.095278e-01 0.000000e+00
2.072414e-02 5.086969e-01 0.000000e+00
8.902827e-03 4.369399e-01 0.000000e+00
8.902827e-03 4.369399e-01 0.000000e+00
2.072414e-02 5.086969e-01 0.000000e+00
2.576727e-02 5.078661e-01 0.000000e+00
1.394596e-02 4.361091e-01 0.000000e+00
1.394596e-02 4.361091e-01 0.000000e+00
2.576727e-02 5.078661e-01 0.000000e+00
3.081041e-02 5.070353e-01 0.000000e+00
1.898910e-02 4.352783e-01 0.000000e+00
1.898910e-02 4.352783e-01 0.000000e+00
3.081041e-02 5.070353e-01 0.000000e+00
3.585354e-02 5.062045e-01 0.000000e+00
2.403223e-02 4.344475e-01 0.000000e+00
2.403223e-02 4.344475e-01 0.000000e+00
3.585354e-02 5.062045e-01 0.000000e+00
4.089668e-02 5.053737e-01 0.000000e+00
2.907537e-02 4.336167e-01 0.000000e+00
2.907537e-02 4.336167e-01 0.000000e+00
4.089668e-02 5.053737e-01 0.000000e+00
4.593981e-02 5.045429e-01 0.000000e+00
3.411850e-02 4.327859e-01 0.000000e+00
3.411850e-02 4.327859e-01 0.000000e+00
4.593981e-02 5.045429e-01 0.000000e+00
5.098295e-02 5.037121e-01 0.000000e+00
3.916164e-02 4.319551e-01 0.000000e+00
3.916164e-02 4.319551e-01 0.000000e+00
5.098295e-02 5.037121e-01 0.000000e+00
5.602608e-02 5.028813e-01 0.000000e+00
4.420477e-02 4.311243e-01 0.000000e+00
4.420477e-02 4.311243e-01 0.000000e+00
5.602608e-02 5.028813e-01 0.000000e+00
6.106922e-02 5.020505e-01 0.000000e+00
4.924791e-02 4.302935e-01 0.000000e+00
1.568100e-02 5.095278e-01 0.000000e+00
2.750231e-02 5.812848e-01 0.000000e+00
3.254545e-02 5.804540e-01 0.000000e+00
2.072414e-02 5.086969e-01 0.000000e+00
2.072414e-02 5.086969e-01 0.000000e+00
3.254545e-02 5.804540e-01 0.000000e+00
3.758858e-02 5.796231e-01 0.000000e+00
2.576727e-02 5.078661e-01 0.000000e+00
2.576727e-02 5.078661e-01 0.000000e+00
3.758858e-02 5.796231e-01 0.000000e+00
4.263172e-02 5.787923e-01 0.000000e+00
3.081041e-02 5.070353e-01 0.000000e+00
3.081041e-02 5.070353e-01 0.000000e+00
4.263172e-02 5.787923e-01 0.000000e+00
4.767485e-02 5.779615e-01 0.000000e+00
3.585354e-02 5.062045e-01 0.000000e+00
3.585354e-02 5.062045e-01 0.000000e+00
4.767485e-02 5.779615e-01 0.000000e+00
5.271799e-02 5.771307e-01 0.000000e+00
4.089668e-02 5.053737e-01 0.000000e+00
4.089668e-02 5.053737e-01 0.000000e+00
5.271799e-02 5.771307e-01 0.000000e+00
5.776112e-02 5.762999e-01 0.000000e+00
4.593981e-02 5.045429e-01 0.000000e+00
4.593981e-02 5.045429e-01 0.000000e+00
5.776112e-02 5.762999e-01 0.000000e+00
6.280426e-02 5.754691e-01 0.000000e+00
5.098295e-02 5.037121e-01 0.000000e+00
5.098295e-02 5.037121e-01 0.000000e+00
6.280426e-02 5.754691e-01 0.000000e+00
6.784739e-02 5.746383e-01 0.000000e+00
5.602608e-02 5.028813e-01 0.000000e+00
5.602608e-02 5.028813e-01 0.000000e+00
6.784739e-02 5.746383e-01 0.000000e+00
7.289053e-02 5.738075e-01 0.000000e+00
6.106922e-02 5.020505e-01 0.000000e+00
2.750231e-02 5.812848e-01 0.000000e+00
3.932361e-02 6.530418e-01 0.000000e+00
4.436675e-02 6.522110e-01 0.000000e+00
3.254545e-02 5.804540e-01 0.000000e+00
3.254545e-02 5.804540e-01 0.000000e+00
4.436675e-02 6.522110e-01 0.000000e+00
4.940988e-02 6.513802e-01 0.000000e+00
3.758858e-02 5.796231e-01 0.000000e+00
3.758858e-02 5.796231e-01 0.000000e+00
4.940988e-02 6.513802e-01 0.000000e+00
5.445302e-02 6.505493e-01 0.000000e+00
4.263172e-02 5.787923e-01 0.000000e+00
4.263172e-02 5.787923e-01 0.000000e+00
5.445302e-02 6.505493e-01 0.000000e+00
5.949615e-02 6.497185e-01 0.000000e+00
4.767485e-02 5.779615e-01 0.000000e+00
4.767485e-02 5.779615e-01 0.000000e+00
5.949615e-02 6.497185e-01 0.000000e+00
6.453929e-02 6.488877e-01 0.000000e+00
5.271799e-02 5.771307e-01 0.000000e+00
5.271799e-02 5.771307e-01 0.000000e+00
6.453929e-02 6.488877e-01 0.000000e+00
6.958242e-02 6.480569e-01 0.000000e+00
5.776112e-02 5.762999e-01 0.000000e+00
5.776112e-02 5.762999e-01 0.000000e+00
6.958242e-02 6.480569e-01 0.000000e+00
7.462556e-02 6.472261e-01 0.000000e+00
6.280426e-02 5.754691e-01 0.000000e+00
6.280426e-02 5.754691e-01 0.000000e+00
7.462556e-02 6.472261e-01 0.000000e+00
7.966869e-02 6.463953e-01 0.000000e+00
6.784739e-02 5.746383e-01 0.000000e+00
6.784739e-02 5.746383e-01 0.000000e+00
7.966869e-02 6.463953e-01 0.000000e+00
8.471183e-02 6.455645e-01 0.000000e+00
7.289053e-02 5.738075e-01 0.000000e+00
3.932361e-02 6.530418e-01 0.000000e+00
5.114492e-02 7.247988e-01 0.000000e+00
5.618806e-02 7.239680e-01 0.000000e+00
4.436675e-02 6.522110e-01 0.000000e+00
4.436675e-02 6.522110e-01 0.000000e+00
5.618806e-02 7.239680e-01 0.000000e+00
6.123119e-02 7.231372e-01 0.000000e+00
4.940988e-02 6.513802e-01 0.000000e+00
4.940988e-02 6.513802e-01 0.000000e+00
6.123119e-02 7.231372e-01 0.000000e+00
6.627433e-02 7.223064e-01 0.000000e+00
5.445302e-02 6.505493e-01 0.000000e+00
5.445302e-02 6.505493e-01 0.000000e+00
6.627433e-02 7.223064e-01 0.000000e+00
7.131746e-02 7.214755e-01 0.000000e+00
5.949615e-02 6.497185e-01 0.000000e+00
5.949615e-02 6.497185e-01 0.000000e+00
7.131746e-02 7.214755e-01 0.000000e+00
7.636060e-02 7.206447e-01 0.000000e+00
6.453929e-02 6.488877e-01 0.000000e+00
6.453929e-02 6.488877e-01 0.000000e+00
7.636060e-02 7.206447e-01 0.000000e+00
8.140373e-02 7.198139e-01 0.000000e+00
6.958242e-02 6.480569e-01 0.000000e+00
6.958242e-02 6.480569e-01 0.000000e+00
8.140373e-02 7.198139e-01 0.000000e+00
8.644687e-02 7.189831e-01 0.000000e+00
7.462556e-02 6.472261e-01 0.000000e+00
7.462556e-02 6.472261e-01 0.000000e+00
8.644687e-02 7.189831e-01 0.000000e+00
9.149000e-02 7.181523e-01 0.000000e+00
7.966869e-02 6.463953e-01 0.000000e+00
7.966869e-02 6.463953e-01 0.000000e+00
9.149000e-02 7.181523e-01 0.000000e+00
9.653314e-02 7.173215e-01 0.000000e+00
8.471183e-02 6.455645e-01 0.000000e+00
5.114492e-02 7.247988e-01 0.000000e+00
6.296623e-02 7.965558e-01 0.000000e+00
6.800937e-02 7.957250e-01 0.000000e+00
5.618806e-02 7.239680e-01 0.000000e+00
5.618806e-02 7.239680e-01 0.000000e+00
6.800937e-02 7.957250e-01 0.000000e+00
7.305250e-02 7.948942e-01 0.000000e+00
6.123119e-02 7.231372e-01 0.000000e+00
6.123119e-02 7.231372e-01 0.000000e+00
7.305250e-02 7.948942e-01 0.000000e+00
7.809564e-02 7.940634e-01 0.000000e+00
6.627433e-02 7.223064e-01 0.000000e+00
6.627433e-02 7.223064e-01 0.000000e+00
7.809564e-02 7.940634e-01 0.000000e+00
8.313877e-02 7.932326e-01 0.000000e+00
7.131746e-02 7.214755e-01 0.000000e+00
7.131746e-02 7.214755e-01 0.000000e+00
8.313877e-02 7.932326e-01 0.000000e+00
8.818191e-02 7.924017e-01 0.000000e+00
7.636060e-02 7.206447e-01 0.000000e+00
7.636060e-02 7.206447e-01 0.000000e+00
8.818191e-02 7.924017e-01 0.000000e+00
9.322504e-02 7.915709e-01 0.000000e+00
8.140373e-02 7.198139e-01 0.000000e+00
8.140373e-02 7.198139e-01 0.000000e+00
9.322504e-02 7.915709e-01 0.000000e+00
9.826818e-02 7.907401e-01 0.000000e+00
8.644687e-02 7.189831e-01 0.000000e+00
8.644687e-02 7.189831e-01 0.000000e+00
9.826818e-02 7.907401e-01 0.000000e+00
1.033113e-01 7.899093e-01 0.000000e+00
9.149000e-02 7.181523e-01 0.000000e+00
9.149000e-02 7.181523e-01 0.000000e+00
1.033113e-01 7.899093e-01 0.000000e+00
1.083544e-01 7.890785e-01 0.000000e+00
9.653314e-02 7.173215e-01 0.000000e+00
6.296623e-02 7.965558e-01 0.000000e+00
7.478754e-02 8.683128e-01 0.000000e+00
7.983068e-02 8.674820e-01 0.000000e+00
6.800937e-02 7.957250e-01 0.000000e+00
6.800937e-02 7.957250e-01 0.000000e+00
7.983068e-02 8.674820e-01 0.000000e+00
8.487381e-02 8.666512e-01 0.000000e+00
7.305250e-02 7.948942e-01 0.000000e+00
7.305250e-02 7.948942e-01 0.000000e+00
8.487381e-02 8.666512e-01 0.000000e+00
8.991695e-02 8.658204e-01 0.000000e+00
7.809564e-02 7.940634e-01 0.000000e+00
7.809564e-02 7.940634e-01 0.000000e+00
8.991695e-02 8.658204e-01 0.000000e+00
9.496008e-02 8.649896e-01 0.000000e+00
8.313877e-02 7.932326e-01 0.000000e+00
8.313877e-02 7.932326e-01 0.000000e+00
9.496008e-02 8.649896e-01 0.000000e+00
1.000032e-01 8.641588e-01 0.000000e+00
8.818191e-02 7.924017e-01 0.000000e+00
8.818191e-02 7.924017e-01 0.000000e+00
1.000032e-01 8.641588e-01 0.000000e+00
1.050464e-01 8.633279e-01 0.000000e+00
9.322504e-02 7.915709e-01 0.000000e+00
9.322504e-02 7.915709e-01 0.000000e+00
1.050464e-01 8.633279e-01 0.000000e+00
1.100895e-01 8.624971e-01 0.000000e+00
9.826818e-02 7.907401e-01 0.000000e+00
9.826818e-02 7.907401e-01 0.000000e+00
1.100895e-01 8.624971e-01 0.000000e+00
1.151326e-01 8.616663e-01 0.000000e+00
1.033113e-01 7.899093e-01 0.000000e+00
1.033113e-01 7.899093e-01 0.000000e+00
1.151326e-01 8.616663e-01 0.000000e+00
1.201758e-01 8.608355e-01 0.000000e+00
1.083544e-01 7.890785e-01 0.000000e+00
7.478754e-02 8.683128e-01 0.000000e+00
8.660885e-02 9.400698e-01 0.000000e+00
9.165199e-02 9.392390e-01 0.000000e+00
7.983068e-02 8.674820e-01 0.000000e+00
7.983068e-02 8.674820e-01 0.000000e+00
9.165199e-02 9.392390e-01 0.000000e+00
9.669512e-02 9.384082e-01 0.000000e+00
8.487381e-02 8.666512e-01 0.000000e+00
8.487381e-02 8.666512e-01 0.000000e+00
9.669512e-02 9.384082e-01 0.000000e+00
1.017383e-01 9.375774e-01 0.000000e+00
8.991695e-02 8.658204e-01 0.000000e+00
8.991695e-02 8.658204e-01 0.000000e+00
1.017383e-01 9.375774e-01 0.000000e+00
1.067814e-01 9.367466e-01 0.000000e+00
9.496008e-02 8.649896e-01 0.000000e+00
9.496008e-02 8.649896e-01 0.000000e+00
1.067814e-01 9.367466e-01 0.000000e+00
1.118245e-01 9.359158e-01 0.000000e+00
1.000032e-01 8.641588e-01 0.000000e+00
1.000032e-01 8.641588e-01 0.000000e+00
1.118245e-01 9.359158e-01 0.000000e+00
1.168677e-01 9.350850e-01 0.000000e+00
1.050464e-01 8.633279e-01 0.000000e+00
1.050464e-01 8.633279e-01 0.000000e+00
1.168677e-01 9.350850e-01 0.000000e+00
1.219108e-01 9.342541e-01 0.000000e+00
1.100895e-01 8.624971e-01 0.000000e+00
1.100895e-01 8.624971e-01 0.000000e+00
1.219108e-01 9.342541e-01 0.000000e+00
1.269539e-01 9.334233e-01 0.000000e+00
1.151326e-01 8.616663e-01 0.000000e+00
1.151326e-01 8.616663e-01 0.000000e+00
1.269539e-01 9.334233e-01 0.000000e+00
1.319971e-01 9.325925e-01 0.000000e+00
1.201758e-01 8.608355e-01 0.000000e+00
8.660885e-02 9.400698e-01 0.000000e+00
9.843015e-02 1.011827e+00 0.000000e+00
1.034733e-01 1.010996e+00 0.000000e+00
9.165199e-02 9.392390e-01 0.000000e+00
9.165199e-02 9.392390e-01 0.000000e+00
1.034733e-01 1.010996e+00 0.000000e+00
1.085164e-01 1.010165e+00 0.000000e+00
9.669512e-02 9.384082e-01 0.000000e+00
9.669512e-02 9.384082e-01 0.000000e+00
1.085164e-01 1.010165e+00 0.000000e+00
1.135596e-01 1.009334e+00 0.000000e+00
1.017383e-01 9.375774e-01 0.000000e+00
1.017383e-01 9.375774e-01 0.000000e+00
1.135596e-01 1.009334e+00 0.000000e+00
1.186027e-01 1.008504e+00 0.000000e+00
1.067814e-01 9.367466e-01 0.000000e+00
1.067814e-01 9.367466e-01 0.000000e+00
1.186027e-01 1.008504e+00 0.000000e+00
1.236458e-01 1.007673e+00 0.000000e+00
1.118245e-01 9.359158e-01 0.000000e+00
1.118245e-01 9.359158e-01 0.000000e+00
1.236458e-01 1.007673e+00 0.000000e+00
1.286890e-01 1.006842e+00 0.000000e+00
1.168677e-01 9.350850e-01 0.000000e+00
1.168677e-01 9.350850e-01 0.000000e+00
1.286890e-01 1.006842e+00 0.000000e+00
1.337321e-01 1.006011e+00 0.000000e+00
1.219108e-01 9.342541e-01 0.000000e+00
1.219108e-01 9.342541e-01 0.000000e+00
1.337321e-01 1.006011e+00 0.000000e+00
1.387752e-01 1.005180e+00 0.000000e+00
1.269539e-01 9.334233e-01 0.000000e+00
1.269539e-01 9.334233e-01 0.000000e+00
1.387752e-01 1.005180e+00 0.000000e+00
1.438184e-01 1.004350e+00 0.000000e+00
1.319971e-01 9.325925e-01 0.000000e+00
9.843015e-02 1.011827e+00 0.000000e+00
1.102515e-01 1.083584e+00 0.000000e+00
1.152946e-01 1.082753e+00 0.000000e+00
1.034733e-01 1.010996e+00 0.000000e+00
1.034733e-01 1.010996e+00 0.000000e+00
1.152946e-01 1.082753e+00 0.000000e+00
1.203377e-01 1.081922e+00 0.000000e+00
1.085164e-01 1.010165e+00 0.000000e+00
1.085164e-01 1.010165e+00 0.000000e+00
1.203377e-01 1.081922e+00 0.000000e+00
1.253809e-01 1.081091e+00 0.000000e+00
1.135596e-01 1.009334e+00 0.000000e+00
1.135596e-01 1.009334e+00 0.000000e+00
1.253809e-01 1.081091e+00 0.000000e+00
1.304240e-01 1.080261e+00 0.000000e+00
1.186027e-01 1.008504e+00 0.000000e+00
1.186027e-01 1.008504e+00 0.000000e+00
1.304240e-01 1.080261e+00 0.000000e+00
1.354671e-01 1.079430e+00 0.000000e+00
1.236458e-01 1.007673e+00 0.000000e+00
1.236458e-01 1.007673e+00 0.000000e+00
1.354671e-01 1.079430e+00 0.000000e+00
1.405103e-01 1.078599e+00 0.000000e+00
1.286890e-01 1.006842e+00 0.000000e+00
1.286890e-01 1.006842e+00 0.000000e+00
1.405103e-01 1.078599e+00 0.000000e+00
1.455534e-01 1.077768e+00 0.000000e+00
1.337321e-01 1.006011e+00 0.000000e+00
1.337321e-01 1.006011e+00 0.000000e+00
1.455534e-01 1.077768e+00 0.000000e+00
1.505965e-01 1.076937e+00 0.000000e+00
1.387752e-01 1.005180e+00 0.000000e+00
1.387752e-01 1.005180e+00 0.000000e+00
1.505965e-01 1.076937e+00 0.000000e+00
1.556397e-01 1.076107e+00 0.000000e+00
1.438184e-01 1.004350e+00 0.000000e+00
1.102515e-01 1.083584e+00 0.000000e+00
1.220728e-01 1.155341e+00 0.000000e+00
1.271159e-01 1.154510e+00 0.000000e+00
1.152946e-01 1.082753e+00 0.000000e+00
1.152946e-01 1.082753e+00 0.000000e+00
1.271159e-01 1.154510e+00 0.000000e+00
1.321590e-01 1.153679e+00 0.000000e+00
1.203377e-01 1.081922e+00 0.000000e+00
1.203377e-01 1.081922e+00 0.000000e+00
1.321590e-01 1.153679e+00 0.000000e+00
1.372022e-01 1.152848e+00 0.000000e+00
1.253809e-01 1.081091e+00 0.000000e+00
1.253809e-01 1.081091e+00 0.000000e+00
1.372022e-01 1.152848e+00 0.000000e+00
1.422453e-01 1.152018e+00 0.000000e+00
1.304240e-01 1.080261e+00 0.000000e+00
1.304240e-01 1.080261e+00 0.000000e+00
1.422453e-01 1.152018e+00 0.000000e+00
1.472884e-01 1.151187e+00 0.000000e+00
1.354671e-01 1.079430e+00 0.000000e+00
1.354671e-01 1.079430e+00 0.000000e+00
1.472884e-01 1.151187e+00 0.000000e+00
1.523316e-01 1.150356e+00 0.000000e+00
1.405103e-01 1.078599e+00 0.000000e+00
1.405103e-01 1.078599e+00 0.000000e+00
1.523316e-01 1.150356e+00 0.000000e+00
1.573747e-01 1.149525e+00 0.000000e+00
1.455534e-01 1.077768e+00 0.000000e+00
1.455534e-01 1.077768e+00 0.000000e+00
1.573747e-01 1.149525e+00 0.000000e+00
1.624179e-01 1.148694e+00 0.000000e+00
1.505965e-01 1.076937e+00 0.000000e+00
1.505965e-01 1.076937e+00 0.000000e+00
1.624179e-01 1.148694e+00 0.000000e+00
1.674610e-01 1.147864e+00 0.000000e+00
1.556397e-01 1.076107e+00 0.000000e+00
1.220728e-01 1.155341e+00 0.000000e+00
1.338941e-01 1.227098e+00 0.000000e+00
1.389372e-01 1.226267e+00 0.000000e+00
1.271159e-01 1.154510e+00 0.000000e+00
1.271159e-01 1.154510e+00 0.000000e+00
1.389372e-01 1.226267e+00 0.000000e+00
1.439804e-01 1.225436e+00 0.000000e+00
1.321590e-01 1.153679e+00 0.000000e+00
1.321590e-01 1.153679e+00 0.000000e+00
1.439804e-01 1.225436e+00 0.000000e+00
1.490235e-01 1.224605e+00 0.000000e+00
1.372022e-01 1.152848e+00 0.000000e+00
1.372022e-01 1.152848e+00 0.000000e+00
1.490235e-01 1.224605e+00 0.000000e+00
1.540666e-01 1.223775e+00 0.000000e+00
1.422453e-01 1.152018e+00 0.000000e+00
1.422453e-01 1.152018e+00 0.000000e+00
1.540666e-01 1.223775e+00 0.000000e+00
1.591098e-01 1.222944e+00 0.000000e+00
1.472884e-01 1.151187e+00 0.000000e+00
1.472884e-01 1.151187e+00 0.000000e+00
1.591098e-01 1.222944e+00 0.000000e+00
1.641529e-01 1.222113e+00 0.000000e+00
1.523316e-01 1.150356e+00 0.000000e+00
1.523316e-01 1.150356e+00 0.000000e+00
1.641529e-01 1.222113e+00 0.000000e+00
1.691960e-01 1.221282e+00 0.000000e+00
1.573747e-01 1.149525e+00 0.000000e+00
1.573747e-01 1.149525e+00 0.000000e+00
1.691960e-01 1.221282e+00 0.000000e+00
1.742392e-01 1.220451e+00 0.000000e+00
1.624179e-01 1.148694e+00 0.000000e+00
1.624179e-01 1.148694e+00 0.000000e+00
1.742392e-01 1.220451e+00 0.000000e+00
1.792823e-01 1.219621e+00 0.000000e+00
1.674610e-01 1.147864e+00 0.000000e+00

CELLS 2790 13950
4 0 1 2 3
4 4 5 6 7
4 8 9 10 11
4 12 13 14 15
4 16 17 18 19
4 20 21 22 23
4 24 25 26 27
4 28 29 30 31
4 32 33 34 35
4 36 37 38 39
4 40 41 42 43
4 44 45 46 47
4 48 49 50 51
4 52 53 54 55
4 56 57 58 59
4 60 61 62 63
4 64 65 66 67
4 68 69 70 71
4 72 73 74 75
4 76 77 78 79
4 80 81 82 83
4 84 85 86 87
4 88 89 90 91
4 92 93 94 95
4 96 97 98 99
4 100 101 102 103
4 104 105 106 107
4 108 109 110 111
4 112 113 114 115
4 116 117 118 119
4 120 121 122 123
4 124 125 126 127
4 128 129 130 131
4 132 133 134 135
4 136 137 138 139
4 140 141 142 143
4 144 145 146 147
4 148 149 150 151
4 152 153 154 155
4 156 157 158 159
4 160 161 162 163
4 164 165 166 167
4 168 169 170 171
4 172 173 174 175
4 176 177 178 179
4 180 181 182 183
4 184 185 186 187
4 188 189 190 191
4 192 193 194 195
4 196 197 198 199
4 200 201 202 203
4 204 205 206 207
4 208 209 210 211
4 212 213 214 215
4 216 217 218 219
4 220 221 222 223
4 224 225 226 227
4 228 229 230 231
4 232 233 234 235
4 236 237 238 239
4 240 241 242 243
4 244 245 246 247
4 248 249 250 251
4 252 253 254 255
4 256 257 258 259
4 260 261 262 263
4 264 265 266 267
4 268 269 270 271
4 272 273 274 275
4 276 277 278 279
4 280 281 282 283
4 284 285 286 287
4 288 289 290 291
4 292 293 294 295
4 296 297 298 299
4 300 301 302 303
4 304 305 306 307
4 308 309 310 311
4 312 313 314 315
4 316 317 318 319
4 320 321 322 323
4 324 325 326 327
4 328 329 330 331
4 332 333 334 335
4 336 337 338 339
4 340 341 342 343
4 344 345 346 347
4 348 349 350 351
4 352 353 354 355
4 356 357 358 359
4 360 361 362 363
4 364 365 366 367
4 368 369 370 371
4 372 373 374 375
4 376 377 378 379
4 380 381 382 383
4 384 385 386 387
4 388 389 390 391
4 392 393 394 395
4 396 397 398 399
4 400 401 402 403
4 404 405 406 407
4 408 409 410 411
4 412 413 414 415
4 416 417 418 419
4 420 421 422 423
4 424 425 426 427
4 428 429 430 431
4 432 433 434 435
4 436 437 438 439
4 440 441 442 443
4 444 445 446 447
4 448 449 450 451
4 452 453 454 455
4 456 457 458 459
4 460 461 462 463
4 464 465 466 467
4 468 469 470 471
4 472 473 474 475
4 476 477 478 479
4 480 481 482 483
4 484 485 486 487
4 488 489 490 491
4 492 493 494 495
4 496 497 498 499
4 500 501 502 503
4 504 505 506 507
4 508 509 510 511
4 512 513 514 515
4 516 517 518 519
4 520 521 522 523
4 524 525 526 527
4 528 529 530 531
4 532 533 534 535
4 536 537 538 539
4 540 541 542 543
4 544 545 546 547
4 548 549 550 551
4 552 553 554 555
4 556 557 558 559
4 560 561 562 563
4 564 565 566 567
4 568 569 570 571
4 572 573 574 575
4 576 577 578 579
4 580 581 582 583
4 584 585 586 587
4 588 589 590 591
4 592 593 594 595
4 596 597 598 599
4 600 601 602 603
4 604 605 606 607
4 608 609 610 611
4 612 613 614 615
4 616 617 618 619
4 620 621 622 623
4 624 625 626 627
4 628 629 630 631
4 632 633 634 635
4 636 637 638 639
4 640 641 642 643
4 644 645 646 647
4 648 649 650 651
4 652 653 654 655
4 656 657 658 659
4 660 661 662 663
4 664 665 666 667
4 668 669 670 671
4 672 673 674 675
4 676 677 678 679
4 680 681 682 683
4 684 685 686 687
4 688 689 690 691
4 692 693 694 695
4 696 697 698 699
4 700 701 702 703
4 704 705 706 707
4 708 709 710 711
4 712 713 714 715
4 716 717 718 719
4 720 721 722 723
4 724 725 726 727
4 728 729 730 731
4 732 733 734 735
4 736 737 738 739
4 740 741 742 743
4 744 745 746 747
4 748 749 750 751
4 752 753 754 755
4 756 757 758 759
4 760 761 762 763
4 764 765 766 767
4 768 769 770 771
4 772 773 774 775
4 776 777 778 779
4 780 781 782 783
4 784 785 786 787
4 788 789 790 791
4 792 793 794 795
4 796 797 798 799
4 800 801 802 803
4 804 805 806 807
4 808 809 810 811
4 812 813 814 815
4 816 817 818 819
4 820 821 822 823
4 824 825 826 827
4 828 829 830 831
4 832 833 834 835
4 836 837 838 839
4 840 841 842 843
4 844 845 846 847
4 848 849 850 851
4 852 853 854 855
4 856 857 858 859
4 860 861 862 863
4 864 865 866 867
4 868 869 870 871
4 872 873 874 875
4 876 877 878 879
4 880 881 882 883
4 884 885 886 887
4 888 889 890 891
4 892 893 894 895
4 896 897 898 899
4 900 901 902 903
4 904 905 906 907
4 908 909 910 911
4 912 913 914 915
4 916 917 918 919
4 920 921 922 923
4 924 925 926 927
4 928 929 930 931
4 932 933 934 935
4 936 937 938 939
4 940 941 942 943
4 944 945 946 947
4 948 949 950 951
4 952 953 954 955
4 956 957 958 959
4 960 961 962 963
4 964 965 966 967
4 968 969 970 971
4 972 973 974 975
4 976 977 978 979
4 980 981 982 983
4 984 985 986 987
4 988 989 990 991
4 992 993 994 995
4 996 997 998 999
4 1000 1001 1002 1003
4 1004 1005 1006 1007
4 1008 1009 1010 1011
4 1012 1013 1014 1015
4 1016 1017 1018 1019
4 1020 1021 1022 1023
4 1024 1025 1026 1027
4 1028 1029 1030 1031
4 1032 1033 1034 1035
4 1036 1037 1038 1039
4 1040 1041 1042 1043
4 1044 1045 1046 1047
4 1048 1049 1050 1051
4 1052 1053 1054 1055
4 1056 1057 1058 1059
4 1060 1061 1062 1063
4 1064 1065 1066 1067
4 1068 1069 1070 1071
4 1072 1073 1074 1075
4 1076 1077 1078 1079
4 1080 1081 1082 1083
4 1084 1085 1086 1087
4 1088 1089 1090 1091
4 1092 1093 1094 1095
4 1096 1097 1098 1099
4 1100 1101 1102 1103
4 1104 1105 1106 1107
4 1108 1109 1110 1111
4 1112 1113 1114 1115
4 1116 1117 1118 1119
4 1120 1121 1122 1123
4 1124 1125 1126 1127
4 1128 1129 1130 1131
4 1132 1133 1134 1135
4 1136 1137 1138 1139
4 1140 1141 1142 1143
4 1144 1145 1146 1147
4 1148 1149 1150 1151
4 1152 1153 1154 1155
4 1156 1157 1158 1159
4 1160 1161 1162 1163
4 1164 1165 1166 1167
4 1168 1169 1170 1171
4 1172 1173 1174 1175
4 1176 1177 1178 1179
4 1180 1181 1182 1183
4 1184 1185 1186 1187
4 1188 1189 1190 1191
4 1192 1193 1194 1195
4 1196 1197 1198 1199
4 1200 1201 1202 1203
4 1204 1205 1206 1207
4 1208 1209 1210 1211
4 1212 1213 1214 1215
4 1216 1217 1218 1219
4 1220 1221 1222 1223
4 1224 1225 1226 1227
4 1228 1229 1230 1231
4 1232 1233 1234 1235
4 1236 1237 1238 1239
4 1240 1241 1242 1243
4 1244 1245 1246 1247
4 1248 1249 1250 1251
4 1252 1253 1254 1255
4 1256 1257 1258 1259
4 1260 1261 1262 1263
4 1264 1265 1266 1267
4 1268 1269 1270 1271
4 1272 1273 1274 1275
4 1276 1277 1278 1279
4 1280 1281 1282 1283
4 1284 1285 1286 1287
4 1288 1289 1290 1291
4 1292 1293 1294 1295
4 1296 1297 1298 1299
4 1300 1301 1302 1303
4 1304 1305 1306 1307
4 1308 1309 1310 1311
4 1312 1313 1314 1315
4 1316 1317 1318 1319
4 1320 1321 1322 1323
4 1324 1325 1326 1327
4 1328 1329 1330 1331
4 1332 1333 1334 1335
4 1336 1337 1338 1339
4 1340 1341 1342 1343
4 1344 1345 1346 1347
4 1348 1349 1350 1351
4 1352 1353 1354 1355
4 1356 1357 1358 1359
4 1360 1361 1362 1363
4 1364 1365 1366 1367
4 1368 1369 1370 1371
4 1372 1373 1374 1375
4 1376 1377 1378 1379
4 1380 1381 1382 1383
4 1384 1385 1386 1387
4 1388 1389 1390 1391
4 1392 1393 1394 1395
4 1396 1397 1398 1399
4 1400 1401 1402 1403
4 1404 1405 1406 1407
4 1408 1409 1410 1411
4 1412 1413 1414 1415
4 1416 1417 1418 1419
4 1420 1421 1422 1423
4 1424 1425 1426 1427
4 1428 1429 1430 1431
4 1432 1433 1434 1435
4 1436 1437 1438 1439
4 1440 1441 1442 1443
4 1444 1445 1446 1447
4 1448 1449 1450 1451
4 1452 1453 1454 1455
4 1456 1457 1458 1459
4 1460 1461 1462 1463
4 1464 1465 1466 1467
4 1468 1469 1470 1471
4 1472 1473 1474 1475
4 1476 1477 1478 1479
4 1480 1481 1482 1483
4 1484 1485 1486 1487
4 1488 1489 1490 1491
4 1492 1493 1494 1495
4 1496 1497 1498 1499
4 1500 1501 1502 1503
4 1504 1505 1506 1507
4 1508 1509 1510 1511
4 1512 1513 1514 1515
4 1516 1517 1518 1519
4 1520 1521 1522 1523
4 1524 1525 1526 1527
4 1528 1529 1530 1531
4 1532 1533 1534 1535
4 1536 1537 1538 1539
4 1540 1541 1542 1543
4 1544 1545 1546 1547
4 1548 1549 1550 1551
4 1552 1553 1554 1555
4 1556 1557 1558 1559
4 1560 1561 1562 1563
4 1564 1565 1566 1567
4 1568 1569 1570 1571
4 1572 1573 1574 1575
4 1576 1577 1578 1579
4 1580 1581 1582 1583
4 1584 1585 1586 1587
4 1588 1589 1590 1591
4 1592 1593 1594 1595
4 1596 1597 1598 1599
4 1600 1601 1602 1603
4 1604 1605 1606 1607
4 1608 1609 1610 1611
4 1612 1613 1614 1615
4 1616 1617 1618 1619
4 1620 1621 1622 1623
4 1624 1625 1626 1627
4 1628 1629 1630 1631
4 1632 1633 1634 1635
4 1636 1637 1638 1639
4 1640 1641 1642 1643
4 1644 1645 1646 1647
4 1648 1649 1650 1651
4 1652 1653 1654 1655
4 1656 1657 1658 1659
4 1660 1661 1662 1663
4 1664 1665 1666 1667
4 1668 1669 1670 1671
4 1672 1673 1674 1675
4 1676 1677 1678 1679
4 1680 1681 1682 1683
4 1684 1685 1686 1687
4 1688 1689 1690 1691
4 1692 1693 1694 1695
4 1696 1697 1698 1699
4 1700 1701 1702 1703
4 1704 1705 1706 1707
4 1708 1709 1710 1711
4 1712 1713 1714 1715
4 1716 1717 1718 1719
4 1720 1721 1722 1723
4 1724 1725 1726 1727
4 1728 1729 1730 1731
4 1732 1733 1734 1735
4 1736 1737 1738 1739
4 1740 1741 1742 1743
4 1744 1745 1746 1747
4 1748 1749 1750 1751
4 1752 1753 1754 1755
4 1756 1757 1758 1759
4 1760 1761 1762 1763
4 1764 1765 1766 1767
4 1768 1769 1770 1771
4 1772 1773 1774 1775
4 1776 1777 1778 1779
4 1780 1781 1782 1783
4 1784 1785 1786 1787
4 1788 1789 1790 1791
4 1792 1793 1794 1795
4 1796 1797 1798 1799
4 1800 1801 1802 1803
4 1804 1805 1806 1807
4 1808 1809 1810 1811
4 1812 1813 1814 1815
4 1816 1817 1818 1819
4 1820 1821 1822 1823
4 1824 1825 1826 1827
4 1828 1829 1830 1831
4 1832 1833 1834 1835
4 1836 1837 1838 1839
4 1840 1841 1842 1843
4 1844 1845 1846 1847
4 1848 1849 1850 1851
4 1852 1853 1854 1855
4 1856 1857 1858 1859
4 1860 1861 1862 1863
4 1864 1865 1866 1867
4 1868 1869 1870 1871
4 1872 1873 1874 1875
4 1876 1877 1878 1879
4 1880 1881 1882 1883
4 1884 1885 1886 1887
4 1888 1889 1890 1891
4 1892 1893 1894 1895
4 1896 1897 1898 1899
4 1900 1901 1902 1903
4 1904 1905 1906 1907
4 1908 1909 1910 1911
4 1912 1913 1914 1915
4 1916 1917 1918 1919
4 1920 1921 1922 1923
4 1924 1925 1926 1927
4 1928 1929 1930 1931
4 1932 1933 1934 1935
4 1936 1937 1938 1939
4 1940 1941 1942 1943
4 1944 1945 1946 1947
4 1948 1949 1950 1951
4 1952 1953 1954 1955
4 1956 1957 1958 1959
4 1960 1961 1962 1963
4 1964 1965 1966 1967
4 1968 1969 1970 1971
4 1972 1973 1974 1975
4 1976 1977 1978 1979
4 1980 1981 1982 1983
4 1984 1985 1986 1987
4 1988 1989 1990 1991
4 1992 1993 1994 1995
4 1996 1997 1998 1999
4 2000 2001 2002 2003
4 2004 2005 2006 2007
4 2008 2009 2010 2011
4 2012 2013 2014 2015
4 2016 2017 2018 2019
4 2020 2021 2022 2023
4 2024 2025 2026 2027
4 2028 2029 2030 2031
4 2032 2033 2034 2035
4 2036 2037 2038 2039
4 2040 2041 2042 2043
4 2044 2045 2046 2047
4 2048 2049 2050 2051
4 2052 2053 2054 2055
4 2056 2057 2058 2059
4 2060 2061 2062 2063
4 2064 2065 2066 2067
4 2068 2069 2070 2071
4 2072 2073 2074 2075
4 2076 2077 2078 2079
4 2080 2081 2082 2083
4 2084 2085 2086 2087
4 2088 2089 2090 2091
4 2092 2093 2094 2095
4 2096 2097 2098 2099
4 2100 2101 2102 2103
4 2104 2105 2106 2107
4 2108 2109 2110 2111
4 2112 2113 2114 2115
4 2116 2117 2118 2119
4 2120 2121 2122 2123
4 2124 2125 2126 2127
4 2128 2129 2130 2131
4 2132 2133 2134 2135
4 2136 2137 2138 2139
4 2140 2141 2142 2143
4 2144 2145 2146 2147
4 2148 2149 2150 2151
4 2152 2153 2154 2155
4 2156 2157 2158 2159
4 2160 2161 2162 2163
4 2164 2165 2166 2167
4 2168 2169 2170 2171
4 2172 2173 2174 2175
4 2176 2177 2178 2179
4 2180 2181 2182 2183
4 2184 2185 2186 2187
4 2188 2189 2190 2191
4 2192 2193 2194 2195
4 2196 2197 2198 2199
4 2200 2201 2202 2203
4 2204 2205 2206 2207
4 2208 2209 2210 2211
4 2212 2213 2214 2215
4 2216 2217 2218 2219
4 2220 2221 2222 2223
4 2224 2225 2226 2227
4 2228 2229 2230 2231
4 2232 2233 2234 2235
4 2236 2237 2238 2239
4 2240 2241 2242 2243
4 2244 2245 2246 2247
4 2248 2249 2250 2251
4 2252 2253 2254 2255
4 2256 2257 2258 2259
4 2260 2261 2262 2263
4 2264 2265 2266 2267
4 2268 2269 2270 2271
4 2272 2273 2274 2275
4 2276 2277 2278 2279
4 2280 2281 2282 2283
4 2284 2285 2286 2287
4 2288 2289 2290 2291
4 2292 2293 2294 2295
4 2296 2297 2298 2299
4 2300 2301 2302 2303
4 2304 2305 2306 2307
4 2308 2309 2310 2311
4 2312 2313 2314 2315
4 2316 2317 2318 2319
4 2320 2321 2322 2323
4 2324 2325 2326 2327
4 2328 2329 2330 2331
4 2332 2333 2334 2335
4 2336 2337 2338 2339
4 2340 2341 2342 2343
4 2344 2345 2346 2347
4 2348 2349 2350 2351
4 2352 2353 2354 2355
4 2356 2357 2358 2359
4 2360 2361 2362 2363
4 2364 2365 2366 2367
4 2368 2369 2370 2371
4 2372 2373 2374 2375
4 2376 2377 2378 2379
4 2380 2381 2382 2383
4 2384 2385 2386 2387
4 2388 2389 2390 2391
4 2392 2393 2394 2395
4 2396 2397 2398 2399
4 2400 2401 2402 2403
4 2404 2405 2406 2407
4 2408 2409 2410 2411
4 2412 2413 2414 2415
4 2416 2417 2418 2419
4 2420 2421 2422 2423
4 2424 2425 2426 2427
4 2428 2429 2430 2431
4 2432 2433 2434 2435
4 2436 2437 2438 2439
4 2440 2441 2442 2443
4 2444 2445 2446 2447
4 2448 2449 2450 2451
4 2452 2453 2454 2455
4 2456 2457 2458 2459
4 2460 2461 2462 2463
4 2464 2465 2466 2467
4 2468 2469 2470 2471
4 2472 2473 2474 2475
4 2476 2477 2478 2479
4 2480 2481 2482 2483
4 2484 2485 2486 2487
4 2488 2489 2490 2491
4 2492 2493 2494 2495
4 2496 2497 2498 2499
4 2500 2501 2502 2503
4 2504 2505 2506 2507
4 2508 2509 2510 2511
4 2512 2513 2514 2515
4 2516 2517 2518 2519
4 2520 2521 2522 2523
4 2524 2525 2526 2527
4 2528 2529 2530 2531
4 2532 2533 2534 2535
4 2536 2537 2538 2539
4 2540 2541 2542 2543
4 2544 2545 2546 2547
4 2548 2549 2550 2551
4 2552 2553 2554 2555
4 2556 2557 2558 2559
4 2560 2561 2562 2563
4 2564 2565 2566 2567
4 2568 2569 2570 2571
4 2572 2573 2574 2575
4 2576 2577 2578 2579
4 2580 2581 2582 2583
4 2584 2585 2586 2587
4 2588 2589 2590 2591
4 2592 2593 2594 2595
4 2596 2597 2598 2599
4 2600 2601 2602 2603
4 2604 2605 2606 2607
4 2608 2609 2610 2611
4 2612 2613 2614 2615
4 2616 2617 2618 2619
4 2620 2621 2622 2623
4 2624 2625 2626 2627
4 2628 2629 2630 2631
4 2632 2633 2634 2635
4 2636 2637 2638 2639
4 2640 2641 2642 2643
4 2644 2645 2646 2647
4 2648 2649 2650 2651
4 2652 2653 2654 2655
4 2656 2657 2658 2659
4 2660 2661 2662 2663
4 2664 2665 2666 2667
4 2668 2669 2670 2671
4 2672 2673 2674 2675
4 2676 2677 2678 2679
4 2680 2681 2682 2683
4 2684 2685 2686 2687
4 2688 2689 2690 2691
4 2692 2693 2694 2695
4 2696 2697 2698 2699
4 2700 2701 2702 2703
4 2704 2705 2706 2707
4 2708 2709 2710 2711
4 2712 2713 2714 2715
4 2716 2717 2718 2719
4 2720 2721 2722 2723
4 2724 2725 2726 2727
4 2728 2729 2730 2731
4 2732 2733 2734 2735
4 2736 2737 2738 2739
4 2740 2741 2742 2743
4 2744 2745 2746 2747
4 2748 2749 2750 2751
4 2752 2753 2754 2755
4 2756 2757 2758 2759
4 2760 2761 2762 2763
4 2764 2765 2766 2767
4 2768 2769 2770 2771
4 2772 2773 2774 2775
4 2776 2777 2778 2779
4 2780 2781 2782 2783
4 2784 2785 2786 2787
4 2788 2789 2790 2791
4 2792 2793 2794 2795
4 2796 2797 2798 2799
4 2800 2801 2802 2803
4 2804 2805 2806 2807
4 2808 2809 2810 2811
4 2812 2813 2814 2815
4 2816 2817 2818 2819
4 2820 2821 2822 2823
4 2824 2825 2826 2827
4 2828 2829 2830 2831
4 2832 2833 2834 2835
4 2836 2837 2838 2839
4 2840 2841 2842 2843
4 2844 2845 2846 2847
4 2848 2849 2850 2851
4 2852 2853 2854 2855
4 2856 2857 2858 2859
4 2860 2861 2862 2863
4 2864 2865 2866 2867
4 2868 2869 2870 2871
4 2872 2873 2874 2875
4 2876 2877 2878 2879
4 2880 2881 2882 2883
4 2884 2885 2886 2887
4 2888 2889 2890 2891
4 2892 2893 2894 2895
4 2896 2897 2898 2899
4 2900 2901 2902 2903
4 2904 2905 2906 2907
4 2908 2909 2910 2911
4 2912 2913 2914 2915
4 2916 2917 2918 2919
4 2920 2921 2922 2923
4 2924 2925 2926 2927
4 2928 2929 2930 2931
4 2932 2933 2934 2935
4 2936 2937 2938 2939
4 2940 2941 2942 2943
4 2944 2945 2946 2947
4 2948 2949 2950 2951
4 2952 2953 2954 2955
4 2956 2957 2958 2959
4 2960 2961 2962 2963
4 2964 2965 2966 2967
4 2968 2969 2970 2971
4 2972 2973 2974 2975
4 2976 2977 2978 2979
4 2980 2981 2982 2983
4 2984 2985 2986 2987
4 2988 2989 2990 2991
4 2992 2993 2994 2995
4 2996 2997 2998 2999
4 3000 3001 3002 3003
4 3004 3005 3006 3007
4 3008 3009 3010 3011
4 3012 3013 3014 3015
4 3016 3017 3018 3019
4 3020 3021 3022 3023
4 3024 3025 3026 3027
4 3028 3029 3030 3031
4 3032 3033 3034 3035
4 3036 3037 3038 3039
4 3040 3041 3042 3043
4 3044 3045 3046 3047
4 3048 3049 3050 3051
4 3052 3053 3054 3055
4 3056 3057 3058 3059
4 3060 3061 3062 3063
4 3064 3065 3066 3067
4 3068 3069 3070 3071
4 3072 3073 3074 3075
4 3076 3077 3078 3079
4 3080 3081 3082 3083
4 3084 3085 3086 3087
4 3088 3089 3090 3091
4 3092 3093 3094 3095
4 3096 3097 3098 3099
4 3100 3101 3102 3103
4 3104 3105 3106 3107
4 3108 3109 3110 3111
4 3112 3113 3114 3115
4 3116 3117 3118 3119
4 3120 3121 3122 3123
4 3124 3125 3126 3127
4 3128 3129 3130 3131
4 3132 3133 3134 3135
4 3136 3137 3138 3139
4 3140 3141 3142 3143
4 3144 3145 3146 3147
4 3148 3149 3150 3151
4 3152 3153 3154 3155
4 3156 3157 3158 3159
4 3160 3161 3162 3163
4 3164 3165 3166 3167
4 3168 3169 3170 3171
4 3172 3173 3174 3175
4 3176 3177 3178 3179
4 3180 3181 3182 3183
4 3184 3185 3186 3187
4 3188 3189 3190 3191
4 3192 3193 3194 3195
4 3196 3197 3198 3199
4 3200 3201 3202 3203
4 3204 3205 3206 3207
4 3208 3209 3210 3211
4 3212 3213 3214 3215
4 3216 3217 3218 3219
4 3220 3221 3222 3223
4 3224 3225 3226 3227
4 3228 3229 3230 3231
4 3232 3233 3234 3235
4 3236 3237 3238 3239
4 3240 3241 3242 3243
4 3244 3245 3246 3247
4 3248 3249 3250 3251
4 3252 3253 3254 3255
4 3256 3257 3258 3259
4 3260 3261 3262 3263
4 3264 3265 3266 3267
4 3268 3269 3270 3271
4 3272 3273 3274 3275
4 3276 3277 3278 3279
4 3280 3281 3282 3283
4 3284 3285 3286 3287
4 3288 3289 3290 3291
4 3292 3293 3294 3295
4 3296 3297 3298 3299
4 3300 3301 3302 3303
4 3304 3305 3306 3307
4 3308 3309 3310 3311
4 3312 3313 3314 3315
4 3316 3317 3318 3319
4 3320 3321 3322 3323
4 3324 3325 3326 3327
4 3328 3329 3330 3331
4 3332 3333 3334 3335
4 3336 3337 3338 3339
4 3340 3341 3342 3343
4 3344 3345 3346 3347
4 3348 3349 3350 3351
4 3352 3353 3354 3355
4 3356 3357 3358 3359
4 3360 3361 3362 3363
4 3364 3365 3366 3367
4 3368 3369 3370 3371
4 3372 3373 3374 3375
4 3376 3377 3378 3379
4 3380 3381 3382 3383
4 3384 3385 3386 3387
4 3388 3389 3390 3391
4 3392 3393 3394 3395
4 3396 3397 3398 3399
4 3400 3401 3402 3403
4 3404 3405 3406 3407
4 3408 3409 3410 3411
4 3412 3413 3414 3415
4 3416 3417 3418 3419
4 3420 3421 3422 3423
4 3424 3425 3426 3427
4 3428 3429 3430 3431
4 3432 3433 3434 3435
4 3436 3437 3438 3439
4 3440 3441 3442 3443
4 3444 3445 3446 3447
4 3448 3449 3450 3451
4 3452 3453 3454 3455
4 3456 3457 3458 3459
4 3460 3461 3462 3463
4 3464 3465 3466 3467
4 3468 3469 3470 3471
4 3472 3473 3474 3475
4 3476 3477 3478 3479
4 3480 3481 3482 3483
4 3484 3485 3486 3487
4 3488 3489 3490 3491
4 3492 3493 3494 3495
4 3496 3497 3498 3499
4 3500 3501 3502 3503
4 3504 3505 3506 3507
4 3508 3509 3510 3511
4 3512 3513 3514 3515
4 3516 3517 3518 3519
4 3520 3521 3522 3523
4 3524 3525 3526 3527
4 3528 3529 3530 3531
4 3532 3533 3534 3535
4 3536 3537 3538 3539
4 3540 3541 3542 3543
4 3544 3545 3546 3547
4 3548 3549 3550 3551
4 3552 3553 3554 3555
4 3556 3557 3558 3559
4 3560 3561 3562 3563
4 3564 3565 3566 3567
4 3568 3569 3570 3571
4 3572 3573 3574 3575
4 3576 3577 3578 3579
4 3580 3581 3582 3583
4 3584 3585 3586 3587
4 3588 3589 3590 3591
4 3592 3593 3594 3595
4 3596 3597 3598 3599
4 3600 3601 3602 3603
4 3604 3605 3606 3607
4 3608 3609 3610 3611
4 3612 3613 3614 3615
4 3616 3617 3618 3619
4 3620 3621 3622 3623
4 3624 3625 3626 3627
4 3628 3629 3630 3631
4 3632 3633 3634 3635
4 3636 3637 3638 3639
4 3640 3641 3642 3643
4 3644 3645 3646 3647
4 3648 3649 3650 3651
4 3652 3653 3654 3655
4 3656 3657 3658 3659
4 3660 3661 3662 3663
4 3664 3665 3666 3667
4 3668 3669 3670 3671
4 3672 3673 3674 3675
4 3676 3677 3678 3679
4 3680 3681 3682 3683
4 3684 3685 3686 3687
4 3688 3689 3690 3691
4 3692 3693 3694 3695
4 3696 3697 3698 3699
4 3700 3701 3702 3703
4 3704 3705 3706 3707
4 3708 3709 3710 3711
4 3712 3713 3714 3715
4 3716 3717 3718 3719
4 3720 3721 3722 3723
4 3724 3725 3726 3727
4 3728 3729 3730 3731
4 3732 3733 3734 3735
4 3736 3737 3738 3739
4 3740 3741 3742 3743
4 3744 3745 3746 3747
4 3748 3749 3750 3751
4 3752 3753 3754 3755
4 3756 3757 3758 3759
4 3760 3761 3762 3763
4 3764 3765 3766 3767
4 3768 3769 3770 3771
4 3772 3773 3774 3775
4 3776 3777 3778 3779
4 3780 3781 3782 3783
4 3784 3785 3786 3787
4 3788 3789 3790 3791
4 3792 3793 3794 3795
4 3796 3797 3798 3799
4 3800 3801 3802 3803
4 3804 3805 3806 3807
4 3808 3809 3810 3811
4 3812 3813 3814 3815
4 3816 3817 3818 3819
4 3820 3821 3822 3823
4 3824 3825 3826 3827
4 3828 3829 3830 3831
4 3832 3833 3834 3835
4 3836 3837 3838 3839
4 3840 3841 3842 3843
4 3844 3845 3846 3847
4 3848 3849 3850 3851
4 3852 3853 3854 3855
4 3856 3857 3858 3859
4 3860 3861 3862 3863
4 3864 3865 3866 3867
4 3868 3869 3870 3871
4 3872 3873 3874 3875
4 3876 3877 3878 3879
4 3880 3881 3882 3883
4 3884 3885 3886 3887
4 3888 3889 3890 3891
4 3892 3893 3894 3895
4 3896 3897 3898 3899
4 3900 3901 3902 3903
4 3904 3905 3906 3907
4 3908 3909 3910 3911
4 3912 3913 3914 3915
4 3916 3917 3918 3919
4 3920 3921 3922 3923
4 3924 3925 3926 3927
4 3928 3929 3930 3931
4 3932 3933 3934 3935
4 3936 3937 3938 3939
4 3940 3941 3942 3943
4 3944 3945 3946 3947
4 3948 3949 3950 3951
4 3952 3953 3954 3955
4 3956 3957 3958 3959
4 3960 3961 3962 3963
4 3964 3965 3966 3967
4 3968 3969 3970 3971
4 3972 3973 3974 3975
4 3976 3977 3978 3979
4 3980 3981 3982 3983
4 3984 3985 3986 3987
4 3988 3989 3990 3991
4 3992 3993 3994 3995
4 3996 3997 3998 3999
4 4000 4001 4002 4003
4 4004 4005 4006 4007
4 4008 4009 4010 4011
4 4012 4013 4014 4015
4 4016 4017 4018 4019
4 4020 4021 4022 4023
4 4024 4025 4026 4027
4 4028 4029 4030 4031
4 4032 4033 4034 4035
4 4036 4037 4038 4039
4 4040 4041 4042 4043
4 4044 4045 4046 4047
4 4048 4049 4050 4051
4 4052 4053 4054 4055
4 4056 4057 4058 4059
4 4060 4061 4062 4063
4 4064 4065 4066 4067
4 4068 4069 4070 4071
4 4072 4073 4074 4075
4 4076 4077 4078 4079
4 4080 4081 4082 4083
4 4084 4085 4086 4087
4 4088 4089 4090 4091
4 4092 4093 4094 4095
4 4096 4097 4098 4099
4 4100 4101 4102 4103
4 4104 4105 4106 4107
4 4108 4109 4110 4111
4 4112 4113 4114 4115
4 4116 4117 4118 4119
4 4120 4121 4122 4123
4 4124 4125 4126 4127
4 4128 4129 4130 4131
4 4132 4133 4134 4135
4 4136 4137 4138 4139
4 4140 4141 4142 4143
4 4144 4145 4146 4147
4 4148 4149 4150 4151
4 4152 4153 4154 4155
4 4156 4157 4158 4159
4 4160 4161 4162 4163
4 4164 4165 4166 4167
4 4168 4169 4170 4171
4 4172 4173 4174 4175
4 4176 4177 4178 4179
4 4180 4181 4182 4183
4 4184 4185 4186 4187
4 4188 4189 4190 4191
4 4192 4193 4194 4195
4 4196 4197 4198 4199
4 4200 4201 4202 4203
4 4204 4205 4206 4207
4 4208 4209 4210 4211
4 4212 4213 4214 4215
4 4216 4217 4218 4219
4 4220 4221 4222 4223
4 4224 4225 4226 4227
4 4228 4229 4230 4231
4 4232 4233 4234 4235
4 4236 4237 4238 4239
4 4240 4241 4242 4243
4 4244 4245 4246 4247
4 4248 4249 4250 4251
4 4252 4253 4254 4255
4 4256 4257 4258 4259
4 4260 4261 4262 4263
4 4264 4265 4266 4267
4 4268 4269 4270 4271
4 4272 4273 4274 4275
4 4276 4277 4278 4279
4 4280 4281 4282 4283
4 4284 4285 4286 4287
4 4288 4289 4290 4291
4 4292 4293 4294 4295
4 4296 4297 4298 4299
4 4300 4301 4302 4303
4 4304 4305 4306 4307
4 4308 4309 4310 4311
4 4312 4313 4314 4315
4 4316 4317 4318 4319
4 4320 4321 4322 4323
4 4324 4325 4326 4327
4 4328 4329 4330 4331
4 4332 4333 4334 4335
4 4336 4337 4338 4339
4 4340 4341 4342 4343
4 4344 4345 4346 4347
4 4348 4349 4350 4351
4 4352 4353 4354 4355
4 4356 4357 4358 4359
4 4360 4361 4362 4363
4 4364 4365 4366 4367
4 4368 4369 4370 4371
4 4372 4373 4374 4375
4 4376 4377 4378 4379
4 4380 4381 4382 4383
4 4384 4385 4386 4387
4 4388 4389 4390 4391
4 4392 4393 4394 4395
4 4396 4397 4398 4399
4 4400 4401 4402 4403
4 4404 4405 4406 4407
4 4408 4409 4410 4411
4 4412 4413 4414 4415
4 4416 4417 4418 4419
4 4420 4421 4422 4423
4 4424 4425 4426 4427
4 4428 4429 4430 4431
4 4432 4433 4434 4435
4 4436 4437 4438 4439
4 4440 4441 4442 4443
4 4444 4445 4446 4447
4 4448 4449 4450 4451
4 4452 4453 4454 4455
4 4456 4457 4458 4459
4 4460 4461 4462 4463
4 4464 4465 4466 4467
4 4468 4469 4470 4471
4 4472 4473 4474 4475
4 4476 4477 4478 4479
4 4480 4481 4482 4483
4 4484 4485 4486 4487
4 4488 4489 4490 4491
4 4492 4493 4494 4495
4 4496 4497 4498 4499
4 4500 4501 4502 4503
4 4504 4505 4506 4507
4 4508 4509 4510 4511
4 4512 4513 4514 4515
4 4516 4517 4518 4519
4 4520 4521 4522 4523
4 4524 4525 4526 4527
4 4528 4529 4530 4531
4 4532 4533 4534 4535
4 4536 4537 4538 4539
4 4540 4541 4542 4543
4 4544 4545 4546 4547
4 4548 4549 4550 4551
4 4552 4553 4554 4555
4 4556 4557 4558 4559
4 4560 4561 4562 4563
4 4564 4565 4566 4567
4 4568 4569 4570 4571
4 4572 4573 4574 4575
4 4576 4577 4578 4579
4 4580 4581 4582 4583
4 4584 4585 4586 4587
4 4588 4589 4590 4591
4 4592 4593 4594 4595
4 4596 4597 4598 4599
4 4600 4601 4602 4603
4 4604 4605 4606 4607
4 4608 4609 4610 4611
4 4612 4613 4614 4615
4 4616 4617 4618 4619
4 4620 4621 4622 4623
4 4624 4625 4626 4627
4 4628 4629 4630 4631
4 4632 4633 4634 4635
4 4636 4637 4638 4639
4 4640 4641 4642 4643
4 4644 4645 4646 4647
4 4648 4649 4650 4651
4 4652 4653 4654 4655
4 4656 4657 4658 4659
4 4660 4661 4662 4663
4 4664 4665 4666 4667
4 4668 4669 4670 4671
4 4672 4673 4674 4675
4 4676 4677 4678 4679
4 4680 4681 4682 4683
4 4684 4685 4686 4687
4 4688 4689 4690 4691
4 4692 4693 4694 4695
4 4696 4697 4698 4699
4 4700 4701 4702 4703
4 4704 4705 4706 4707
4 4708 4709 4710 4711
4 4712 4713 4714 4715
4 4716 4717 4718 4719
4 4720 4721 4722 4723
4 4724 4725 4726 4727
4 4728 4729 4730 4731
4 4732 4733 4734 4735
4 4736 4737 4738 4739
4 4740 4741 4742 4743
4 4744 4745 4746 4747
4 4748 4749 4750 4751
4 4752 4753 4754 4755
4 4756 4757 4758 4759
4 4760 4761 4762 4763
4 4764 4765 4766 4767
4 4768 4769 4770 4771
4 4772 4773 4774 4775
4 4776 4777 4778 4779
4 4780 4781 4782 4783
4 4784 4785 4786 4787
4 4788 4789 4790 4791
4 4792 4793 4794 4795
4 4796 4797 4798 4799
4 4800 4801 4802 4803
4 4804 4805 4806 4807
4 4808 4809 4810 4811
4 4812 4813 4814 4815
4 4816 4817 4818 4819
4 4820 4821 4822 4823
4 4824 4825 4826 4827
4 4828 4829 4830 4831
4 4832 4833 4834 4835
4 4836 4837 4838 4839
4 4840 4841 4842 4843
4 4844 4845 4846 4847
4 4848 4849 4850 4851
4 4852 4853 4854 4855
4 4856 4857 4858 4859
4 4860 4861 4862 4863
4 4864 4865 4866 4867
4 4868 4869 4870 4871
4 4872 4873 4874 4875
4 4876 4877 4878 4879
4 4880 4881 4882 4883
4 4884 4885 4886 4887
4 4888 4889 4890 4891
4 4892 4893 4894 4895
4 4896 4897 4898 4899
4 4900 4901 4902 4903
4 4904 4905 4906 4907
4 4908 4909 4910 4911
4 4912 4913 4914 4915
4 4916 4917 4918 4919
4 4920 4921 4922 4923
4 4924 4925 4926 4927
4 4928 4929 4930 4931
4 4932 4933 4934 4935
4 4936 4937 4938 4939
4 4940 4941 4942 4943
4 4944 4945 4946 4947
4 4948 4949 4950 4951
4 4952 4953 4954 4955
4 4956 4957 4958 4959
4 4960 4961 4962 4963
4 4964 4965 4966 4967
4 4968 4969 4970 4971
4 4972 4973 4974 4975
4 4976 4977 4978 4979
4 4980 4981 4982 4983
4 4984 4985 4986 4987
4 4988 4989 4990 4991
4 4992 4993 4994 4995
4 4996 4997 4998 4999
4 5000 5001 5002 5003
4 5004 5005 5006 5007
4 5008 5009 5010 5011
4 5012 5013 5014 5015
4 5016 5017 5018 5019
4 5020 5021 5022 5023
4 5024 5025 5026 5027
4 5028 5029 5030 5031
4 5032 5033 5034 5035
4 5036 5037 5038 5039
4 5040 5041 5042 5043
4 5044 5045 5046 5047
4 5048 5049 5050 5051
4 5052 5053 5054 5055
4 5056 5057 5058 5059
4 5060 5061 5062 5063
4 5064 5065 5066 5067
4 5068 5069 5070 5071
4 5072 5073 5074 5075
4 5076 5077 5078 5079
4 5080 5081 5082 5083
4 5084 5085 5086 5087
4 5088 5089 5090 5091
4 5092 5093 5094 5095
4 5096 5097 5098 5099
4 5100 5101 5102 5103
4 5104 5105 5106 5107
4 5108 5109 5110 5111
4 5112 5113 5114 5115
4 5116 5117 5118 5119
4 5120 5121 5122 5123
4 5124 5125 5126 5127
4 5128 5129 5130 5131
4 5132 5133 5134 5135
4 5136 5137 5138 5139
4 5140 5141 5142 5143
4 5144 5145 5146 5147
4 5148 5149 5150 5151
4 5152 5153 5154 5155
4 5156 5157 5158 5159
4 5160 5161 5162 5163
4 5164 5165 5166 5167
4 5168 5169 5170 5171
4 5172 5173 5174 5175
4 5176 5177 5178 5179
4 5180 5181 5182 5183
4 5184 5185 5186 5187
4 5188 5189 5190 5191
4 5192 5193 5194 5195
4 5196 5197 5198 5199
4 5200 5201 5202 5203
4 5204 5205 5206 5207
4 5208 5209 5210 5211
4 5212 5213 5214 5215
4 5216 5217 5218 5219
4 5220 5221 5222 5223
4 5224 5225 5226 5227
4 5228 5229 5230 5231
4 5232 5233 5234 5235
4 5236 5237 5238 5239
4 5240 5241 5242 5243
4 5244 5245 5246 5247
4 5248 5249 5250 5251
4 5252 5253 5254 5255
4 5256 5257 5258 5259
4 5260 5261 5262 5263
4 5264 5265 5266 5267
4 5268 5269 5270 5271
4 5272 5273 5274 5275
4 5276 5277 5278 5279
4 5280 5281 5282 5283
4 5284 5285 5286 5287
4 5288 5289 5290 5291
4 5292 5293 5294 5295
4 5296 5297 5298 5299
4 5300 5301 5302 5303
4 5304 5305 5306 5307
4 5308 5309 5310 5311
4 5312 5313 5314 5315
4 5316 5317 5318 5319
4 5320 5321 5322 5323
4 5324 5325 5326 5327
4 5328 5329 5330 5331
4 5332 5333 5334 5335
4 5336 5337 5338 5339
4 5340 5341 5342 5343
4 5344 5345 5346 5347
4 5348 5349 5350 5351
4 5352 5353 5354 5355
4 5356 5357 5358 5359
4 5360 5361 5362 5363
4 5364 5365 5366 5367
4 5368 5369 5370 5371
4 5372 5373 5374 5375
4 5376 5377 5378 5379
4 5380 5381 5382 5383
4 5384 5385 5386 5387
4 5388 5389 5390 5391
4 5392 5393 5394 5395
4 5396 5397 5398 5399
4 5400 5401 5402 5403
4 5404 5405 5406 5407
4 5408 5409 5410 5411
4 5412 5413 5414 5415
4 5416 5417 5418 5419
4 5420 5421 5422 5423
4 5424 5425 5426 5427
4 5428 5429 5430 5431
4 5432 5433 5434 5435
4 5436 5437 5438 5439
4 5440 5441 5442 5443
4 5444 5445 5446 5447
4 5448 5449 5450 5451
4 5452 5453 5454 5455
4 5456 5457 5458 5459
4 5460 5461 5462 5463
4 5464 5465 5466 5467
4 5468 5469 5470 5471
4 5472 5473 5474 5475
4 5476 5477 5478 5479
4 5480 5481 5482 5483
4 5484 5485 5486 5487
4 5488 5489 5490 5491
4 5492 5493 5494 5495
4 5496 5497 5498 5499
4 5500 5501 5502 5503
4 5504 5505 5506 5507
4 5508 5509 5510 5511
4 5512 5513 5514 5515
4 5516 5517 5518 5519
4 5520 5521 5522 5523
4 5524 5525 5526 5527
4 5528 5529 5530 5531
4 5532 5533 5534 5535
4 5536 5537 5538 5539
4 5540 5541 5542 5543
4 5544 5545 5546 5547
4 5548 5549 5550 5551
4 5552 5553 5554 5555
4 5556 5557 5558 5559
4 5560 5561 5562 5563
4 5564 5565 5566 5567
4 5568 5569 5570 5571
4 5572 5573 5574 5575
4 5576 5577 5578 5579
4 5580 5581 5582 5583
4 5584 5585 5586 5587
4 5588 5589 5590 5591
4 5592 5593 5594 5595
4 5596 5597 5598 5599
4 5600 5601 5602 5603
4 5604 5605 5606 5607
4 5608 5609 5610 5611
4 5612 5613 5614 5615
4 5616 5617 5618 5619
4 5620 5621 5622 5623
4 5624 5625 5626 5627
4 5628 5629 5630 5631
4 5632 5633 5634 5635
4 5636 5637 5638 5639
4 5640 5641 5642 5643
4 5644 5645 5646 5647
4 5648 5649 5650 5651
4 5652 5653 5654 5655
4 5656 5657 5658 5659
4 5660 5661 5662 5663
4 5664 5665 5666 5667
4 5668 5669 5670 5671
4 5672 5673 5674 5675
4 5676 5677 5678 5679
4 5680 5681 5682 5683
4 5684 5685 5686 5687
4 5688 5689 5690 5691
4 5692 5693 5694 5695
4 5696 5697 5698 5699
4 5700 5701 5702 5703
4 5704 5705 5706 5707
4 5708 5709 5710 5711
4 5712 5713 5714 5715
4 5716 5717 5718 5719
4 5720 5721 5722 5723
4 5724 5725 5726 5727
4 5728 5729 5730 5731
4 5732 5733 5734 5735
4 5736 5737 5738 5739
4 5740 5741 5742 5743
4 5744 5745 5746 5747
4 5748 5749 5750 5751
4 5752 5753 5754 5755
4 5756 5757 5758 5759
4 5760 5761 5762 5763
4 5764 5765 5766 5767
4 5768 5769 5770 5771
4 5772 5773 5774 5775
4 5776 5777 5778 5779
4 5780 5781 5782 5783
4 5784 5785 5786 5787
4 5788 5789 5790 5791
4 5792 5793 5794 5795
4 5796 5797 5798 5799
4 5800 5801 5802 5803
4 5804 5805 5806 5807
4 5808 5809 5810 5811
4 5812 5813 5814 5815
4 5816 5817 5818 5819
4 5820 5821 5822 5823
4 5824 5825 5826 5827
4 5828 5829 5830 5831
4 5832 5833 5834 5835
4 5836 5837 5838 5839
4 5840 5841 5842 5843
4 5844 5845 5846 5847
4 5848 5849 5850 5851
4 5852 5853 5854 5855
4 5856 5857 5858 5859
4 5860 5861 5862 5863
4 5864 5865 5866 5867
4 5868 5869 5870 5871
4 5872 5873 5874 5875
4 5876 5877 5878 5879
4 5880 5881 5882 5883
4 5884 5885 5886 5887
4 5888 5889 5890 5891
4 5892 5893 5894 5895
4 5896 5897 5898 5899
4 5900 5901 5902 5903
4 5904 5905 5906 5907
4 5908 5909 5910 5911
4 5912 5913 5914 5915
4 5916 5917 5918 5919
4 5920 5921 5922 5923
4 5924 5925 5926 5927
4 5928 5929 5930 5931
4 5932 5933 5934 5935
4 5936 5937 5938 5939
4 5940 5941 5942 5943
4 5944 5945 5946 5947
4 5948 5949 5950 5951
4 5952 5953 5954 5955
4 5956 5957 5958 5959
4 5960 5961 5962 5963
4 5964 5965 5966 5967
4 5968 5969 5970 5971
4 5972 5973 5974 5975
4 5976 5977 5978 5979
4 5980 5981 5982 5983
4 5984 5985 5986 5987
4 5988 5989 5990 5991
4 5992 5993 5994 5995
4 5996 5997 5998 5999
4 6000 6001 6002 6003
4 6004 6005 6006 6007
4 6008 6009 6010 6011
4 6012 6013 6014 6015
4 6016 6017 6018 6019
4 6020 6021 6022 6023
4 6024 6025 6026 6027
4 6028 6029 6030 6031
4 6032 6033 6034 6035
4 6036 6037 6038 6039
4 6040 6041 6042 6043
4 6044 6045 6046 6047
4 6048 6049 6050 6051
4 6052 6053 6054 6055
4 6056 6057 6058 6059
4 6060 6061 6062 6063
4 6064 6065 6066 6067
4 6068 6069 6070 6071
4 6072 6073 6074 6075
4 6076 6077 6078 6079
4 6080 6081 6082 6083
4 6084 6085 6086 6087
4 6088 6089 6090 6091
4 6092 6093 6094 6095
4 6096 6097 6098 6099
4 6100 6101 6102 6103
4 6104 6105 6106 6107
4 6108 6109 6110 6111
4 6112 6113 6114 6115
4 6116 6117 6118 6119
4 6120 6121 6122 6123
4 6124 6125 6126 6127
4 6128 6129 6130 6131
4 6132 6133 6134 6135
4 6136 6137 6138 6139
4 6140 6141 6142 6143
4 6144 6145 6146 6147
4 6148 6149 6150 6151
4 6152 6153 6154 6155
4 6156 6157 6158 6159
4 6160 6161 6162 6163
4 6164 6165 6166 6167
4 6168 6169 6170 6171
4 6172 6173 6174 6175
4 6176 6177 6178 6179
4 6180 6181 6182 6183
4 6184 6185 6186 6187
4 6188 6189 6190 6191
4 6192 6193 6194 6195
4 6196 6197 6198 6199
4 6200 6201 6202 6203
4 6204 6205 6206 6207
4 6208 6209 6210 6211
4 6212 6213 6214 6215
4 6216 6217 6218 6219
4 6220 6221 6222 6223
4 6224 6225 6226 6227
4 6228 6229 6230 6231
4 6232 6233 6234 6235
4 6236 6237 6238 6239
4 6240 6241 6242 6243
4 6244 6245 6246 6247
4 6248 6249 6250 6251
4 6252 6253 6254 6255
4 6256 6257 6258 6259
4 6260 6261 6262 6263
4 6264 6265 6266 6267
4 6268 6269 6270 6271
4 6272 6273 6274 6275
4 6276 6277 6278 6279
4 6280 6281 6282 6283
4 6284 6285 6286 6287
4 6288 6289 6290 6291
4 6292 6293 6294 6295
4 6296 6297 6298 6299
4 6300 6301 6302 6303
4 6304 6305 6306 6307
4 6308 6309 6310 6311
4 6312 6313 6314 6315
4 6316 6317 6318 6319
4 6320 6321 6322 6323
4 6324 6325 6326 6327
4 6328 6329 6330 6331
4 6332 6333 6334 6335
4 6336 6337 6338 6339
4 6340 6341 6342 6343
4 6344 6345 6346 6347
4 6348 6349 6350 6351
4 6352 6353 6354 6355
4 6356 6357 6358 6359
4 6360 6361 6362 6363
4 6364 6365 6366 6367
4 6368 6369 6370 6371
4 6372 6373 6374 6375
4 6376 6377 6378 6379
4 6380 6381 6382 6383
4 6384 6385 6386 6387
4 6388 6389 6390 6391
4 6392 6393 6394 6395
4 6396 6397 6398 6399
4 6400 6401 6402 6403
4 6404 6405 6406 6407
4 6408 6409 6410 6411
4 6412 6413 6414 6415
4 6416 6417 6418 6419
4 6420 6421 6422 6423
4 6424 6425 6426 6427
4 6428 6429 6430 6431
4 6432 6433 6434 6435
4 6436 6437 6438 6439
4 6440 6441 6442 6443
4 6444 6445 6446 6447
4 6448 6449 6450 6451
4 6452 6453 6454 6455
4 6456 6457 6458 6459
4 6460 6461 6462 6463
4 6464 6465 6466 6467
4 6468 6469 6470 6471
4 6472 6473 6474 6475
4 6476 6477 6478 6479
4 6480 6481 6482 6483
4 6484 6485 6486 6487
4 6488 6489 6490 6491
4 6492 6493 6494 6495
4 6496 6497 6498 6499
4 6500 6501 6502 6503
4 6504 6505 6506 6507
4 6508 6509 6510 6511
4 6512 6513 6514 6515
4 6516 6517 6518 6519
4 6520 6521 6522 6523
4 6524 6525 6526 6527
4 6528 6529 6530 6531
4 6532 6533 6534 6535
4 6536 6537 6538 6539
4 6540 6541 6542 6543
4 6544 6545 6546 6547
4 6548 6549 6550 6551
4 6552 6553 6554 6555
4 6556 6557 6558 6559
4 6560 6561 6562 6563
4 6564 6565 6566 6567
4 6568 6569 6570 6571
4 6572 6573 6574 6575
4 6576 6577 6578 6579
4 6580 6581 6582 6583
4 6584 6585 6586 6587
4 6588 6589 6590 6591
4 6592 6593 6594 6595
4 6596 6597 6598 6599
4 6600 6601 6602 6603
4 6604 6605 6606 6607
4 6608 6609 6610 6611
4 6612 6613 6614 6615
4 6616 6617 6618 6619
4 6620 6621 6622 6623
4 6624 6625 6626 6627
4 6628 6629 6630 6631
4 6632 6633 6634 6635
4 6636 6637 6638 6639
4 6640 6641 6642 6643
4 6644 6645 6646 6647
4 6648 6649 6650 6651
4 6652 6653 6654 6655
4 6656 6657 6658 6659
4 6660 6661 6662 6663
4 6664 6665 6666 6667
4 6668 6669 6670 6671
4 6672 6673 6674 6675
4 6676 6677 6678 6679
4 6680 6681 6682 6683
4 6684 6685 6686 6687
4 6688 6689 6690 6691
4 6692 6693 6694 6695
4 6696 6697 6698 6699
4 6700 6701 6702 6703
4 6704 6705 6706 6707
4 6708 6709 6710 6711
4 6712 6713 6714 6715
4 6716 6717 6718 6719
4 6720 6721 6722 6723
4 6724 6725 6726 6727
4 6728 6729 6730 6731
4 6732 6733 6734 6735
4 6736 6737 6738 6739
4 6740 6741 6742 6743
4 6744 6745 6746 6747
4 6748 6749 6750 6751
4 6752 6753 6754 6755
4 6756 6757 6758 6759
4 6760 6761 6762 6763
4 6764 6765 6766 6767
4 6768 6769 6770 6771
4 6772 6773 6774 6775
4 6776 6777 6778 6779
4 6780 6781 6782 6783
4 6784 6785 6786 6787
4 6788 6789 6790 6791
4 6792 6793 6794 6795
4 6796 6797 6798 6799
4 6800 6801 6802 6803
4 6804 6805 6806 6807
4 6808 6809 6810 6811
4 6812 6813 6814 6815
4 6816 6817 6818 6819
4 6820 6821 6822 6823
4 6824 6825 6826 6827
4 6828 6829 6830 6831
4 6832 6833 6834 6835
4 6836 6837 6838 6839
4 6840 6841 6842 6843
4 6844 6845 6846 6847
4 6848 6849 6850 6851
4 6852 6853 6854 6855
4 6856 6857 6858 6859
4 6860 6861 6862 6863
4 6864 6865 6866 6867
4 6868 6869 6870 6871
4 6872 6873 6874 6875
4 6876 6877 6878 6879
4 6880 6881 6882 6883
4 6884 6885 6886 6887
4 6888 6889 6890 6891
4 6892 6893 6894 6895
4 6896 6897 6898 6899
4 6900 6901 6902 6903
4 6904 6905 6906 6907
4 6908 6909 6910 6911
4 6912 6913 6914 6915
4 6916 6917 6918 6919
4 6920 6921 6922 6923
4 6924 6925 6926 6927
4 6928 6929 6930 6931
4 6932 6933 6934 6935
4 6936 6937 6938 6939
4 6940 6941 6942 6943
4 6944 6945 6946 6947
4 6948 6949 6950 6951
4 6952 6953 6954 6955
4 6956 6957 6958 6959
4 6960 6961 6962 6963
4 6964 6965 6966 6967
4 6968 6969 6970 6971
4 6972 6973 6974 6975
4 6976 6977 6978 6979
4 6980 6981 6982 6983
4 6984 6985 6986 6987
4 6988 6989 6990 6991
4 6992 6993 6994 6995
4 6996 6997 6998 6999
4 7000 7001 7002 7003
4 7004 7005 7006 7007
4 7008 7009 7010 7011
4 7012 7013 7014 7015
4 7016 7017 7018 7019
4 7020 7021 7022 7023
4 7024 7025 7026 7027
4 7028 7029 7030 7031
4 7032 7033 7034 7035
4 7036 7037 7038 7039
4 7040 7041 7042 7043
4 7044 7045 7046 7047
4 7048 7049 7050 7051
4 7052 7053 7054 7055
4 7056 7057 7058 7059
4 7060 7061 7062 7063
4 7064 7065 7066 7067
4 7068 7069 7070 7071
4 7072 7073 7074 7075
4 7076 7077 7078 7079
4 7080 7081 7082 7083
4 7084 7085 7086 7087
4 7088 7089 7090 7091
4 7092 7093 7094 7095
4 7096 7097 7098 7099
4 7100 7101 7102 7103
4 7104 7105 7106 7107
4 7108 7109 7110 7111
4 7112 7113 7114 7115
4 7116 7117 7118 7119
4 7120 7121 7122 7123
4 7124 7125 7126 7127
4 7128 7129 7130 7131
4 7132 7133 7134 7135
4 7136 7137 7138 7139
4 7140 7141 7142 7143
4 7144 7145 7146 7147
4 7148 7149 7150 7151
4 7152 7153 7154 7155
4 7156 7157 7158 7159
4 7160 7161 7162 7163
4 7164 7165 7166 7167
4 7168 7169 7170 7171
4 7172 7173 7174 7175
4 7176 7177 7178 7179
4 7180 7181 7182 7183
4 7184 7185 7186 7187
4 7188 7189 7190 7191
4 7192 7193 7194 7195
4 7196 7197 7198 7199
4 7200 7201 7202 7203
4 7204 7205 7206 7207
4 7208 7209 7210 7211
4 7212 7213 7214 7215
4 7216 7217 7218 7219
4 7220 7221 7222 7223
4 7224 7225 7226 7227
4 7228 7229 7230 7231
4 7232 7233 7234 7235
4 7236 7237 7238 7239
4 7240 7241 7242 7243
4 7244 7245 7246 7247
4 7248 7249 7250 7251
4 7252 7253 7254 7255
4 7256 7257 7258 7259
4 7260 7261 7262 7263
4 7264 7265 7266 7267
4 7268 7269 7270 7271
4 7272 7273 7274 7275
4 7276 7277 7278 7279
4 7280 7281 7282 7283
4 7284 7285 7286 7287
4 7288 7289 7290 7291
4 7292 7293 7294 7295
4 7296 7297 7298 7299
4 7300 7301 7302 7303
4 7304 7305 7306 7307
4 7308 7309 7310 7311
4 7312 7313 7314 7315
4 7316 7317 7318 7319
4 7320 7321 7322 7323
4 7324 7325 7326 7327
4 7328 7329 7330 7331
4 7332 7333 7334 7335
4 7336 7337 7338 7339
4 7340 7341 7342 7343
4 7344 7345 7346 7347
4 7348 7349 7350 7351
4 7352 7353 7354 7355
4 7356 7357 7358 7359
4 7360 7361 7362 7363
4 7364 7365 7366 7367
4 7368 7369 7370 7371
4 7372 7373 7374 7375
4 7376 7377 7378 7379
4 7380 7381 7382 7383
4 7384 7385 7386 7387
4 7388 7389 7390 7391
4 7392 7393 7394 7395
4 7396 7397 7398 7399
4 7400 7401 7402 7403
4 7404 7405 7406 7407
4 7408 7409 7410 7411
4 7412 7413 7414 7415
4 7416 7417 7418 7419
4 7420 7421 7422 7423
4 7424 7425 7426 7427
4 7428 7429 7430 7431
4 7432 7433 7434 7435
4 7436 7437 7438 7439
4 7440 7441 7442 7443
4 7444 7445 7446 7447
4 7448 7449 7450 7451
4 7452 7453 7454 7455
4 7456 7457 7458 7459
4 7460 7461 7462 7463
4 7464 7465 7466 7467
4 7468 7469 7470 7471
4 7472 7473 7474 7475
4 7476 7477 7478 7479
4 7480 7481 7482 7483
4 7484 7485 7486 7487
4 7488 7489 7490 7491
4 7492 7493 7494 7495
4 7496 7497 7498 7499
4 7500 7501 7502 7503
4 7504 7505 7506 7507
4 7508 7509 7510 7511
4 7512 7513 7514 7515
4 7516 7517 7518 7519
4 7520 7521 7522 7523
4 7524 7525 7526 7527
4 7528 7529 7530 7531
4 7532 7533 7534 7535
4 7536 7537 7538 7539
4 7540 7541 7542 7543
4 7544 7545 7546 7547
4 7548 7549 7550 7551
4 7552 7553 7554 7555
4 7556 7557 7558 7559
4 7560 7561 7562 7563
4 7564 7565 7566 7567
4 7568 7569 7570 7571
4 7572 7573 7574 7575
4 7576 7577 7578 7579
4 7580 7581 7582 7583
4 7584 7585 7586 7587
4 7588 7589 7590 7591
4 7592 7593 7594 7595
4 7596 7597 7598 7599
4 7600 7601 7602 7603
4 7604 7605 7606 7607
4 7608 7609 7610 7611
4 7612 7613 7614 7615
4 7616 7617 7618 7619
4 7620 7621 7622 7623
4 7624 7625 7626 7627
4 7628 7629 7630 7631
4 7632 7633 7634 7635
4 7636 7637 7638 7639
4 7640 7641 7642 7643
4 7644 7645 7646 7647
4 7648 7649 7650 7651
4 7652 7653 7654 7655
4 7656 7657 7658 7659
4 7660 7661 7662 7663
4 7664 7665 7666 7667
4 7668 7669 7670 7671
4 7672 7673 7674 7675
4 7676 7677 7678 7679
4 7680 7681 7682 7683
4 7684 7685 7686 7687
4 7688 7689 7690 7691
4 7692 7693 7694 7695
4 7696 7697 7698 7699
4 7700 7701 7702 7703
4 7704 7705 7706 7707
4 7708 7709 7710 7711
4 7712 7713 7714 7715
4 7716 7717 7718 7719
4 7720 7721 7722 7723
4 7724 7725 7726 7727
4 7728 7729 7730 7731
4 7732 7733 7734 7735
4 7736 7737 7738 7739
4 7740 7741 7742 7743
4 7744 7745 7746 7747
4 7748 7749 7750 7751
4 7752 7753 7754 7755
4 7756 7757 7758 7759
4 7760 7761 7762 7763
4 7764 7765 7766 7767
4 7768 7769 7770 7771
4 7772 7773 7774 7775
4 7776 7777 7778 7779
4 7780 7781 7782 7783
4 7784 7785 7786 7787
4 7788 7789 7790 7791
4 7792 7793 7794 7795
4 7796 7797 7798 7799
4 7800 7801 7802 7803
4 7804 7805 7806 7807
4 7808 7809 7810 7811
4 7812 7813 7814 7815
4 7816 7817 7818 7819
4 7820 7821 7822 7823
4 7824 7825 7826 7827
4 7828 7829 7830 7831
4 7832 7833 7834 7835
4 7836 7837 7838 7839
4 7840 7841 7842 7843
4 7844 7845 7846 7847
4 7848 7849 7850 7851
4 7852 7853 7854 7855
4 7856 7857 7858 7859
4 7860 7861 7862 7863
4 7864 7865 7866 7867
4 7868 7869 7870 7871
4 7872 7873 7874 7875
4 7876 7877 7878 7879
4 7880 7881 7882 7883
4 7884 7885 7886 7887
4 7888 7889 7890 7891
4 7892 7893 7894 7895
4 7896 7897 7898 7899
4 7900 7901 7902 7903
4 7904 7905 7906 7907
4 7908 7909 7910 7911
4 7912 7913 7914 7915
4 7916 7917 7918 7919
4 7920 7921 7922 7923
4 7924 7925 7926 7927
4 7928 7929 7930 7931
4 7932 7933 7934 7935
4 7936 7937 7938 7939
4 7940 7941 7942 7943
4 7944 7945 7946 7947
4 7948 7949 7950 7951
4 7952 7953 7954 7955
4 7956 7957 7958 7959
4 7960 7961 7962 7963
4 7964 7965 7966 7967
4 7968 7969 7970 7971
4 7972 7973 7974 7975
4 7976 7977 7978 7979
4 7980 7981 7982 7983
4 7984 7985 7986 7987
4 7988 7989 7990 7991
4 7992 7993 7994 7995
4 7996 7997 7998 7999
4 8000 8001 8002 8003
4 8004 8005 8006 8007
4 8008 8009 8010 8011
4 8012 8013 8014 8015
4 8016 8017 8018 8019
4 8020 8021 8022 8023
4 8024 8025 8026 8027
4 8028 8029 8030 8031
4 8032 8033 8034 8035
4 8036 8037 8038 8039
4 8040 8041 8042 8043
4 8044 8045 8046 8047
4 8048 8049 8050 8051
4 8052 8053 8054 8055
4 8056 8057 8058 8059
4 8060 8061 8062 8063
4 8064 8065 8066 8067
4 8068 8069 8070 8071
4 8072 8073 8074 8075
4 8076 8077 8078 8079
4 8080 8081 8082 8083
4 8084 8085 8086 8087
4 8088 8089 8090 8091
4 8092 8093 8094 8095
4 8096 8097 8098 8099
4 8100 8101 8102 8103
4 8104 8105 8106 8107
4 8108 8109 8110 8111
4 8112 8113 8114 8115
4 8116 8117 8118 8119
4 8120 8121 8122 8123
4 8124 8125 8126 8127
4 8128 8129 8130 8131
4 8132 8133 8134 8135
4 8136 8137 8138 8139
4 8140 8141 8142 8143
4 8144 8145 8146 8147
4 8148 8149 8150 8151
4 8152 8153 8154 8155
4 8156 8157 8158 8159
4 8160 8161 8162 8163
4 8164 8165 8166 8167
4 8168 8169 8170 8171
4 8172 8173 8174 8175
4 8176 8177 8178 8179
4 8180 8181 8182 8183
4 8184 8185 8186 8187
4 8188 8189 8190 8191
4 8192 8193 8194 8195
4 8196 8197 8198 8199
4 8200 8201 8202 8203
4 8204 8205 8206 8207
4 8208 8209 8210 8211
4 8212 8213 8214 8215
4 8216 8217 8218 8219
4 8220 8221 8222 8223
4 8224 8225 8226 8227
4 8228 8229 8230 8231
4 8232 8233 8234 8235
4 8236 8237 8238 8239
4 8240 8241 8242 8243
4 8244 8245 8246 8247
4 8248 8249 8250 8251
4 8252 8253 8254 8255
4 8256 8257 8258 8259
4 8260 8261 8262 8263
4 8264 8265 8266 8267
4 8268 8269 8270 8271
4 8272 8273 8274 8275
4 8276 8277 8278 8279
4 8280 8281 8282 8283
4 8284 8285 8286 8287
4 8288 8289 8290 8291
4 8292 8293 8294 8295
4 8296 8297 8298 8299
4 8300 8301 8302 8303
4 8304 8305 8306 8307
4 8308 8309 8310 8311
4 8312 8313 8314 8315
4 8316 8317 8318 8319
4 8320 8321 8322 8323
4 8324 8325 8326 8327
4 8328 8329 8330 8331
4 8332 8333 8334 8335
4 8336 8337 8338 8339
4 8340 8341 8342 8343
4 8344 8345 8346 8347
4 8348 8349 8350 8351
4 8352 8353 8354 8355
4 8356 8357 8358 8359
4 8360 8361 8362 8363
4 8364 8365 8366 8367
4 8368 8369 8370 8371
4 8372 8373 8374 8375
4 8376 8377 8378 8379
4 8380 8381 8382 8383
4 8384 8385 8386 8387
4 8388 8389 8390 8391
4 8392 8393 8394 8395
4 8396 8397 8398 8399
4 8400 8401 8402 8403
4 8404 8405 8406 8407
4 8408 8409 8410 8411
4 8412 8413 8414 8415
4 8416 8417 8418 8419
4 8420 8421 8422 8423
4 8424 8425 8426 8427
4 8428 8429 8430 8431
4 8432 8433 8434 8435
4 8436 8437 8438 8439
4 8440 8441 8442 8443
4 8444 8445 8446 8447
4 8448 8449 8450 8451
4 8452 8453 8454 8455
4 8456 8457 8458 8459
4 8460 8461 8462 8463
4 8464 8465 8466 8467
4 8468 8469 8470 8471
4 8472 8473 8474 8475
4 8476 8477 8478 8479
4 8480 8481 8482 8483
4 8484 8485 8486 8487
4 8488 8489 8490 8491
4 8492 8493 8494 8495
4 8496 8497 8498 8499
4 8500 8501 8502 8503
4 8504 8505 8506 8507
4 8508 8509 8510 8511
4 8512 8513 8514 8515
4 8516 8517 8518 8519
4 8520 8521 8522 8523
4 8524 8525 8526 8527
4 8528 8529 8530 8531
4 8532 8533 8534 8535
4 8536 8537 8538 8539
4 8540 8541 8542 8543
4 8544 8545 8546 8547
4 8548 8549 8550 8551
4 8552 8553 8554 8555
4 8556 8557 8558 8559
4 8560 8561 8562 8563
4 8564 8565 8566 8567
4 8568 8569 8570 8571
4 8572 8573 8574 8575
4 8576 8577 8578 8579
4 8580 8581 8582 8583
4 8584 8585 8586 8587
4 8588 8589 8590 8591
4 8592 8593 8594 8595
4 8596 8597 8598 8599
4 8600 8601 8602 8603
4 8604 8605 8606 8607
4 8608 8609 8610 8611
4 8612 8613 8614 8615
4 8616 8617 8618 8619
4 8620 8621 8622 8623
4 8624 8625 8626 8627
4 8628 8629 8630 8631
4 8632 8633 8634 8635
4 8636 8637 8638 8639
4 8640 8641 8642 8643
4 8644 8645 8646 8647
4 8648 8649 8650 8651
4 8652 8653 8654 8655
4 8656 8657 8658 8659
4 8660 8661 8662 8663
4 8664 8665 8666 8667
4 8668 8669 8670 8671
4 8672 8673 8674 8675
4 8676 8677 8678 8679
4 8680 8681 8682 8683
4 8684 8685 8686 8687
4 8688 8689 8690 8691
4 8692 8693 8694 8695
4 8696 8697 8698 8699
4 8700 8701 8702 8703
4 8704 8705 8706 8707
4 8708 8709 8710 8711
4 8712 8713 8714 8715
4 8716 8717 8718 8719
4 8720 8721 8722 8723
4 8724 8725 8726 8727
4 8728 8729 8730 8731
4 8732 8733 8734 8735
4 8736 8737 8738 8739
4 8740 8741 8742 8743
4 8744 8745 8746 8747
4 8748 8749 8750 8751
4 8752 8753 8754 8755
4 8756 8757 8758 8759
4 8760 8761 8762 8763
4 8764 8765 8766 8767
4 8768 8769 8770 8771
4 8772 8773 8774 8775
4 8776 8777 8778 8779
4 8780 8781 8782 8783
4 8784 8785 8786 8787
4 8788 8789 8790 8791
4 8792 8793 8794 8795
4 8796 8797 8798 8799
4 8800 8801 8802 8803
4 8804 8805 8806 8807
4 8808 8809 8810 8811
4 8812 8813 8814 8815
4 8816 8817 8818 8819
4 8820 8821 8822 8823
4 8824 8825 8826 8827
4 8828 8829 8830 8831
4 8832 8833 8834 8835
4 8836 8837 8838 8839
4 8840 8841 8842 8843
4 8844 8845 8846 8847
4 8848 8849 8850 8851
4 8852 8853 8854 8855
4 8856 8857 8858 8859
4 8860 8861 8862 8863
4 8864 8865 8866 8867
4 8868 8869 8870 8871
4 8872 8873 8874 8875
4 8876 8877 8878 8879
4 8880 8881 8882 8883
4 8884 8885 8886 8887
4 8888 8889 8890 8891
4 8892 8893 8894 8895
4 8896 8897 8898 8899
4 8900 8901 8902 8903
4 8904 8905 8906 8907
4 8908 8909 8910 8911
4 8912 8913 8914 8915
4 8916 8917 8918 8919
4 8920 8921 8922 8923
4 8924 8925 8926 8927
4 8928 8929 8930 8931
4 8932 8933 8934 8935
4 8936 8937 8938 8939
4 8940 8941 8942 8943
4 8944 8945 8946 8947
4 8948 8949 8950 8951
4 8952 8953 8954 8955
4 8956 8957 8958 8959
4 8960 8961 8962 8963
4 8964 8965 8966 8967
4 8968 8969 8970 8971
4 8972 8973 8974 8975
4 8976 8977 8978 8979
4 8980 8981 8982 8983
4 8984 8985 8986 8987
4 8988 8989 8990 8991
4 8992 8993 8994 8995
4 8996 8997 8998 8999
4 9000 9001 9002 9003
4 9004 9005 9006 9007
4 9008 9009 9010 9011
4 9012 9013 9014 9015
4 9016 9017 9018 9019
4 9020 9021 9022 9023
4 9024 9025 9026 9027
4 9028 9029 9030 9031
4 9032 9033 9034 9035
4 9036 9037 9038 9039
4 9040 9041 9042 9043
4 9044 9045 9046 9047
4 9048 9049 9050 9051
4 9052 9053 9054 9055
4 9056 9057 9058 9059
4 9060 9061 9062 9063
4 9064 9065 9066 9067
4 9068 9069 9070 9071
4 9072 9073 9074 9075
4 9076 9077 9078 9079
4 9080 9081 9082 9083
4 9084 9085 9086 9087
4 9088 9089 9090 9091
4 9092 9093 9094 9095
4 9096 9097 9098 9099
4 9100 9101 9102 9103
4 9104 9105 9106 9107
4 9108 9109 9110 9111
4 9112 9113 9114 9115
4 9116 9117 9118 9119
4 9120 9121 9122 9123
4 9124 9125 9126 9127
4 9128 9129 9130 9131
4 9132 9133 9134 9135
4 9136 9137 9138 9139
4 9140 9141 9142 9143
4 9144 9145 9146 9147
4 9148 9149 9150 9151
4 9152 9153 9154 9155
4 9156 9157 9158 9159
4 9160 9161 9162 9163
4 9164 9165 9166 9167
4 9168 9169 9170 9171
4 9172 9173 9174 9175
4 9176 9177 9178 9179
4 9180 9181 9182 9183
4 9184 9185 9186 9187
4 9188 9189 9190 9191
4 9192 9193 9194 9195
4 9196 9197 9198 9199
4 9200 9201 9202 9203
4 9204 9205 9206 9207
4 9208 9209 9210 9211
4 9212 9213 9214 9215
4 9216 9217 9218 9219
4 9220 9221 9222 9223
4 9224 9225 9226 9227
4 9228 9229 9230 9231
4 9232 9233 9234 9235
4 9236 9237 9238 9239
4 9240 9241 9242 9243
4 9244 9245 9246 9247
4 9248 9249 9250 9251
4 9252 9253 9254 9255
4 9256 9257 9258 9259
4 9260 9261 9262 9263
4 9264 9265 9266 9267
4 9268 9269 9270 9271
4 9272 9273 9274 9275
4 9276 9277 9278 9279
4 9280 9281 9282 9283
4 9284 9285 9286 9287
4 9288 9289 9290 9291
4 9292 9293 9294 9295
4 9296 9297 9298 9299
4 9300 9301 9302 9303
4 9304 9305 9306 9307
4 9308 9309 9310 9311
4 9312 9313 9314 9315
4 9316 9317 9318 9319
4 9320 9321 9322 9323
4 9324 9325 9326 9327
4 9328 9329 9330 9331
4 9332 9333 9334 9335
4 9336 9337 9338 9339
4 9340 9341 9342 9343
4 9344 9345 9346 9347
4 9348 9349 9350 9351
4 9352 9353 9354 9355
4 9356 9357 9358 9359
4 9360 9361 9362 9363
4 9364 9365 9366 9367
4 9368 9369 9370 9371
4 9372 9373 9374 9375
4 9376 9377 9378 9379
4 9380 9381 9382 9383
4 9384 9385 9386 9387
4 9388 9389 9390 9391
4 9392 9393 9394 9395
4 9396 9397 9398 9399
4 9400 9401 9402 9403
4 9404 9405 9406 9407
4 9408 9409 9410 9411
4 9412 9413 9414 9415
4 9416 9417 9418 9419
4 9420 9421 9422 9423
4 9424 9425 9426 9427
4 9428 9429 9430 9431
4 9432 9433 9434 9435
4 9436 9437 9438 9439
4 9440 9441 9442 9443
4 9444 9445 9446 9447
4 9448 9449 9450 9451
4 9452 9453 9454 9455
4 9456 9457 9458 9459
4 9460 9461 9462 9463
4 9464 9465 9466 9467
4 9468 9469 9470 9471
4 9472 9473 9474 9475
4 9476 9477 9478 9479
4 9480 9481 9482 9483
4 9484 9485 9486 9487
4 9488 9489 9490 9491
4 9492 9493 9494 9495
4 9496 9497 9498 9499
4 9500 9501 9502 9503
4 9504 9505 9506 9507
4 9508 9509 9510 9511
4 9512 9513 9514 9515
4 9516 9517 9518 9519
4 9520 9521 9522 9523
4 9524 9525 9526 9527
4 9528 9529 9530 9531
4 9532 9533 9534 9535
4 9536 9537 9538 9539
4 9540 9541 9542 9543
4 9544 9545 9546 9547
4 9548 9549 9550 9551
4 9552 9553 9554 9555
4 9556 9557 9558 9559
4 9560 9561 9562 9563
4 9564 9565 9566 9567
4 9568 9569 9570 9571
4 9572 9573 9574 9575
4 9576 9577 9578 9579
4 9580 9581 9582 9583
4 9584 9585 9586 9587
4 9588 9589 9590 9591
4 9592 9593 9594 9595
4 9596 9597 9598 9599
4 9600 9601 9602 9603
4 9604 9605 9606 9607
4 9608 9609 9610 9611
4 9612 9613 9614 9615
4 9616 9617 9618 9619
4 9620 9621 9622 9623
4 9624 9625 9626 9627
4 9628 9629 9630 9631
4 9632 9633 9634 9635
4 9636 9637 9638 9639
4 9640 9641 9642 9643
4 9644 9645 9646 9647
4 9648 9649 9650 9651
4 9652 9653 9654 9655
4 9656 9657 9658 9659
4 9660 9661 9662 9663
4 9664 9665 9666 9667
4 9668 9669 9670 9671
4 9672 9673 9674 9675
4 9676 9677 9678 9679
4 9680 9681 9682 9683
4 9684 9685 9686 9687
4 9688 9689 9690 9691
4 9692 9693 9694 9695
4 9696 9697 9698 9699
4 9700 9701 9702 9703
4 9704 9705 9706 9707
4 9708 9709 9710 9711
4 9712 9713 9714 9715
4 9716 9717 9718 9719
4 9720 9721 9722 9723
4 9724 9725 9726 9727
4 9728 9729 9730 9731
4 9732 9733 9734 9735
4 9736 9737 9738 9739
4 9740 9741 9742 9743
4 9744 9745 9746 9747
4 9748 9749 9750 9751
4 9752 9753 9754 9755
4 9756 9757 9758 9759
4 9760 9761 9762 9763
4 9764 9765 9766 9767
4 9768 9769 9770 9771
4 9772 9773 9774 9775
4 9776 9777 9778 9779
4 9780 9781 9782 9783
4 9784 9785 9786 9787
4 9788 9789 9790 9791
4 9792 9793 9794 9795
4 9796 9797 9798 9799
4 9800 9801 9802 9803
4 9804 9805 9806 9807
4 9808 9809 9810 9811
4 9812 9813 9814 9815
4 9816 9817 9818 9819
4 9820 9821 9822 9823
4 9824 9825 9826 9827
4 9828 9829 9830 9831
4 9832 9833 9834 9835
4 9836 9837 9838 9839
4 9840 9841 9842 9843
4 9844 9845 9846 9847
4 9848 9849 9850 9851
4 9852 9853 9854 9855
4 9856 9857 9858 9859
4 9860 9861 9862 9863
4 9864 9865 9866 9867
4 9868 9869 9870 9871
4 9872 9873 9874 9875
4 9876 9877 9878 9879
4 9880 9881 9882 9883
4 9884 9885 9886 9887
4 9888 9889 9890 9891
4 9892 9893 9894 9895
4 9896 9897 9898 9899
4 9900 9901 9902 9903
4 9904 9905 9906 9907
4 9908 9909 9910 9911
4 9912 9913 9914 9915
4 9916 9917 9918 9919
4 9920 9921 9922 9923
4 9924 9925 9926 9927
4 9928 9929 9930 9931
4 9932 9933 9934 9935
4 9936 9937 9938 9939
4 9940 9941 9942 9943
4 9944 9945 9946 9947
4 9948 9949 9950 9951
4 9952 9953 9954 9955
4 9956 9957 9958 9959
4 9960 9961 9962 9963
4 9964 9965 9966 9967
4 9968 9969 9970 9971
4 9972 9973 9974 9975
4 9976 9977 9978 9979
4 9980 9981 9982 9983
4 9984 9985 9986 9987
4 9988 9989 9990 9991
4 9992 9993 9994 9995
4 9996 9997 9998 9999
4 10000 10001 10002 10003
4 10004 10005 10006 10007
4 10008 10009 10010 10011
4 10012 10013 10014 10015
4 10016 10017 10018 10019
4 10020 10021 10022 10023
4 10024 10025 10026 10027
4 10028 10029 10030 10031
4 10032 10033 10034 10035
4 10036 10037 10038 10039
4 10040 10041 10042 10043
4 10044 10045 10046 10047
4 10048 10049 10050 10051
4 10052 10053 10054 10055
4 10056 10057 10058 10059
4 10060 10061 10062 10063
4 10064 10065 10066 10067
4 10068 10069 10070 10071
4 10072 10073 10074 10075
4 10076 10077 10078 10079
4 10080 10081 10082 10083
4 10084 10085 10086 10087
4 10088 10089 10090 10091
4 10092 10093 10094 10095
4 10096 10097 10098 10099
4 10100 10101 10102 10103
4 10104 10105 10106 10107
4 10108 10109 10110 10111
4 10112 10113 10114 10115
4 10116 10117 10118 10119
4 10120 10121 10122 10123
4 10124 10125 10126 10127
4 10128 10129 10130 10131
4 10132 10133 10134 10135
4 10136 10137 10138 10139
4 10140 10141 10142 10143
4 10144 10145 10146 10147
4 10148 10149 10150 10151
4 10152 10153 10154 10155
4 10156 10157 10158 10159
4 10160 10161 10162 10163
4 10164 10165 10166 10167
4 10168 10169 10170 10171
4 10172 10173 10174 10175
4 10176 10177 10178 10179
4 10180 10181 10182 10183
4 10184 10185 10186 10187
4 10188 10189 10190 10191
4 10192 10193 10194 10195
4 10196 10197 10198 10199
4 10200 10201 10202 10203
4 10204 10205 10206 10207
4 10208 10209 10210 10211
4 10212 10213 10214 10215
4 10216 10217 10218 10219
4 10220 10221 10222 10223
4 10224 10225 10226 10227
4 10228 10229 10230 10231
4 10232 10233 10234 10235
4 10236 10237 10238 10239
4 10240 10241 10242 10243
4 10244 10245 10246 10247
4 10248 10249 10250 10251
4 10252 10253 10254 10255
4 10256 10257 10258 10259
4 10260 10261 10262 10263
4 10264 10265 10266 10267
4 10268 10269 10270 10271
4 10272 10273 10274 10275
4 10276 10277 10278 10279
4 10280 10281 10282 10283
4 10284 10285 10286 10287
4 10288 10289 10290 10291
4 10292 10293 10294 10295
4 10296 10297 10298 10299
4 10300 10301 10302 10303
4 10304 10305 10306 10307
4 10308 10309 10310 10311
4 10312 10313 10314 10315
4 10316 10317 10318 10319
4 10320 10321 10322 10323
4 10324 10325 10326 10327
4 10328 10329 10330 10331
4 10332 10333 10334 10335
4 10336 10337 10338 10339
4 10340 10341 10342 10343
4 10344 10345 10346 10347
4 10348 10349 10350 10351
4 10352 10353 10354 10355
4 10356 10357 10358 10359
4 10360 10361 10362 10363
4 10364 10365 10366 10367
4 10368 10369 10370 10371
4 10372 10373 10374 10375
4 10376 10377 10378 10379
4 10380 10381 10382 10383
4 10384 10385 10386 10387
4 10388 10389 10390 10391
4 10392 10393 10394 10395
4 10396 10397 10398 10399
4 10400 10401 10402 10403
4 10404 10405 10406 10407
4 10408 10409 10410 10411
4 10412 10413 10414 10415
4 10416 10417 10418 10419
4 10420 10421 10422 10423
4 10424 10425 10426 10427
4 10428 10429 10430 10431
4 10432 10433 10434 10435
4 10436 10437 10438 10439
4 10440 10441 10442 10443
4 10444 10445 10446 10447
4 10448 10449 10450 10451
4 10452 10453 10454 10455
4 10456 10457 10458 10459
4 10460 10461 10462 10463
4 10464 10465 10466 10467
4 10468 10469 10470 10471
4 10472 10473 10474 10475
4 10476 10477 10478 10479
4 10480 10481 10482 10483
4 10484 10485 10486 10487
4 10488 10489 10490 10491
4 10492 10493 10494 10495
4 10496 10497 10498 10499
4 10500 10501 10502 10503
4 10504 10505 10506 10507
4 10508 10509 10510 10511
4 10512 10513 10514 10515
4 10516 10517 10518 10519
4 10520 10521 10522 10523
4 10524 10525 10526 10527
4 10528 10529 10530 10531
4 10532 10533 10534 10535
4 10536 10537 10538 10539
4 10540 10541 10542 10543
4 10544 10545 10546 10547
4 10548 10549 10550 10551
4 10552 10553 10554 10555
4 10556 10557 10558 10559
4 10560 10561 10562 10563
4 10564 10565 10566 10567
4 10568 10569 10570 10571
4 10572 10573 10574 10575
4 10576 10577 10578 10579
4 10580 10581 10582 10583
4 10584 10585 10586 10587
4 10588 10589 10590 10591
4 10592 10593 10594 10595
4 10596 10597 10598 10599
4 10600 10601 10602 10603
4 10604 10605 10606 10607
4 10608 10609 10610 10611
4 10612 10613 10614 10615
4 10616 10617 10618 10619
4 10620 10621 10622 10623
4 10624 10625 10626 10627
4 10628 10629 10630 10631
4 10632 10633 10634 10635
4 10636 10637 10638 10639
4 10640 10641 10642 10643
4 10644 10645 10646 10647
4 10648 10649 10650 10651
4 10652 10653 10654 10655
4 10656 10657 10658 10659
4 10660 10661 10662 10663
4 10664 10665 10666 10667
4 10668 10669 10670 10671
4 10672 10673 10674 10675
4 10676 10677 10678 10679
4 10680 10681 10682 10683
4 10684 10685 10686 10687
4 10688 10689 10690 10691
4 10692 10693 10694 10695
4 10696 10697 10698 10699
4 10700 10701 10702 10703
4 10704 10705 10706 10707
4 10708 10709 10710 10711
4 10712 10713 10714 10715
4 10716 10717 10718 10719
4 10720 10721 10722 10723
4 10724 10725 10726 10727
4 10728 10729 10730 10731
4 10732 10733 10734 10735
4 10736 10737 10738 10739
4 10740 10741 10742 10743
4 10744 10745 10746 10747
4 10748 10749 10750 10751
4 10752 10753 10754 10755
4 10756 10757 10758 10759
4 10760 10761 10762 10763
4 10764 10765 10766 10767
4 10768 10769 10770 10771
4 10772 10773 10774 10775
4 10776 10777 10778 10779
4 10780 10781 10782 10783
4 10784 10785 10786 10787
4 10788 10789 10790 10791
4 10792 10793 10794 10795
4 10796 10797 10798 10799
4 10800 10801 10802 10803
4 10804 10805 10806 10807
4 10808 10809 10810 10811
4 10812 10813 10814 10815
4 10816 10817 10818 10819
4 10820 10821 10822 10823
4 10824 10825 10826 10827
4 10828 10829 10830 10831
4 10832 10833 10834 10835
4 10836 10837 10838 10839
4 10840 10841 10842 10843
4 10844 10845 10846 10847
4 10848 10849 10850 10851
4 10852 10853 10854 10855
4 10856 10857 10858 10859
4 10860 10861 10862 10863
4 10864 10865 10866 10867
4 10868 10869 10870 10871
4 10872 10873 10874 10875
4 10876 10877 10878 10879
4 10880 10881 10882 10883
4 10884 10885 10886 10887
4 10888 10889 10890 10891
4 10892 10893 10894 10895
4 10896 10897 10898 10899
4 10900 10901 10902 10903
4 10904 10905 10906 10907
4 10908 10909 10910 10911
4 10912 10913 10914 10915
4 10916 10917 10918 10919
4 10920 10921 10922 10923
4 10924 10925 10926 10927
4 10928 10929 10930 10931
4 10932 10933 10934 10935
4 10936 10937 10938 10939
4 10940 10941 10942 10943
4 10944 10945 10946 10947
4 10948 10949 10950 10951
4 10952 10953 10954 10955
4 10956 10957 10958 10959
4 10960 10961 10962 10963
4 10964 10965 10966 10967
4 10968 10969 10970 10971
4 10972 10973 10974 10975
4 10976 10977 10978 10979
4 10980 10981 10982 10983
4 10984 10985 10986 10987
4 10988 10989 10990 10991
4 10992 10993 10994 10995
4 10996 10997 10998 10999
4 11000 11001 11002 11003
4 11004 11005 11006 11007
4 11008 11009 11010 11011
4 11012 11013 11014 11015
4 11016 11017 11018 11019
4 11020 11021 11022 11023
4 11024 11025 11026 11027
4 11028 11029 11030 11031
4 11032 11033 11034 11035
4 11036 11037 11038 11039
4 11040 11041 11042 11043
4 11044 11045 11046 11047
4 11048 11049 11050 11051
4 11052 11053 11054 11055
4 11056 11057 11058 11059
4 11060 11061 11062 11063
4 11064 11065 11066 11067
4 11068 11069 11070 11071
4 11072 11073 11074 11075
4 11076 11077 11078 11079
4 11080 11081 11082 11083
4 11084 11085 11086 11087
4 11088 11089 11090 11091
4 11092 11093 11094 11095
4 11096 11097 11098 11099
4 11100 11101 11102 11103
4 11104 11105 11106 11107
4 11108 11109 11110 11111
4 11112 11113 11114 11115
4 11116 11117 11118 11119
4 11120 11121 11122 11123
4 11124 11125 11126 11127
4 11128 11129 11130 11131
4 11132 11133 11134 11135
4 11136 11137 11138 11139
4 11140 11141 11142 11143
4 11144 11145 11146 11147
4 11148 11149 11150 11151
4 11152 11153 11154 11155
4 11156 11157 11158 11159

CELL_TYPES 2790
9
9
9
9
9
9
9
9
9
9
9
9
9
9
9
9
9
9
9
9
9
9
9
9
9
9
9
9
9
9
9
9
9
9
9
9
9
9
9
9
9
9
9
9
9
9
9
9
9
9
9
9
9
9
9
9
9
9
9
9
9
9
9
9
9
9
9
9
9
9
9
9
9
9
9
9
9
9
9
9
9
9
9
9
9
9
9
9
9
9
9
9
9
9
9
9
9
9
9
9
9
9
9
9
9
9
9
9
9
9
9
9
9
9
9
9
9
9
9
9
9
9
9
9
9
9
9
9
9
9
9
9
9
9
9
9
9
9
9
9
9
9
9
9
9
9
9
9
9
9
9
9
9
9
9
9
9
9
9
9
9
9
9
9
9
9
9
9
9
9
9
9
9
9
9
9
9
9
9
9
9
9
9
9
9
9
9
9
9
9
9
9
9
9
9
9
9
9
9
9
9
9
9
9
9
9
9
9
9
9
9
9
9
9
9
9
9
9
9
9
9
9
9
9
9
9
9
9
9
9
9
9
9
9
9
9
9
9
9
9
9
9
9
9
9
9
9
9
9
9
9
9
9
9
9
9
9
9
9
9
9
9
9
9
9
9
9
9
9
9
9
9
9
9
9
9
9
9
9
9
9
9
9
9
9
9
9
9
9
9
9
9
9
9
9
9
9
9
9
9
9
9
9
9
9
9
9
9
9
9
9
9
9
9
9
9
9
9
9
9
9
9
9
9
9
9
9
9
9
9
9
9
9
9
9
9
9
9
9
9
9
9
9
9
9
9
9
9
9
9
9
9
9
9
9
9
9
9
9
9
9
9
9
9
9
9
9
9
9
9
9
9
9
9
9
9
9
9
9
9
9
9
9
9
9
9
9
9
9
9
9
9
9
9
9
9
9
9
9
9
9
9
9
9
9
9
9
9
9
9
9
9
9
9
9
9
9
9
9
9
9
9
9
9
9
9
9
9
9
9
9
9
9
9
9
9
9
9
9
9
9
9
9
9
9
9
9
9
9
9
9
9
9
9
9
9
9
9
9
9
9
9
9
9
9
9
9
9
9
9
9
9
9
9
9
9
9
9
9
9
9
9
9
9
9
9
9
9
9
9
9
9
9
9
9
9
9
9
9
9
9
9
9
9
9
9
9
9
9
9
9
9
9
9
9
9
9
9
9
9
9
9
9
9
9
9
9
9
9
9
9
9
9
9
9
9
9
9
9
9
9
9
9
9
9
9
9
9
9
9
9
9
9
9
9
9
9
9
9
9
9
9
9
9
9
9
9
9
9
9
9
9
9
9
9
9
9
9
9
9
9
9
9
9
9
9
9
9
9
9
9
9
9
9
9
9
9
9
9
9
9
9
9
9
9
9
9
9
9
9
9
9
9
9
9
9
9
9
9
9
9
9
9
9
9
9
9
9
9
9
9
9
9
9
9
9
9
9
9
9
9
9
9
9
9
9
9
9
9
9
9
9
9
9
9
9
9
9
9
9
9
9
9
9
9
9
9
9
9
9
9
9
9
9
9
9
9
9
9
9
9
9
9
9
9
9
9
9
9
9
9
9
9
9
9
9
9
9
9
9
9
9
9
9
9
9
9
9
9
9
9
9
9
9
9
9
9
9
9
9
9
9
9
9
9
9
9
9
9
9
9
9
9
9
9
9
9
9
9
9
9
9
9
9
9
9
9
9
9
9
9
9
9
9
9
9
9
9
9
9
9
9
9
9
9
9
9
9
9
9
9
9
9
9
9
9
9
9
9
9
9
9
9
9
9
9
9
9
9
9
9
9
9
9
9
9
9
9
9
9
9
9
9
9
9
9
9
9
9
9
9
9
9
9
9
9
9
9
9
9
9
9
9
9
9
9
9
9
9
9
9
9
9
9
9
9
9
9
9
9
9
9
9
9
9
9
9
9
9
9
9
9
9
9
9
9
9
9
9
9
9
9
9
9
9
9
9
9
9
9
9
9
9
9
9
9
9
9
9
9
9
9
9
9
9
9
9
9
9
9
9
9
9
9
9
9
9
9
9
9
9
9
9
9
9
9
9
9
9
9
9
9
9
9
9
9
9
9
9
9
9
9
9
9
9
9
9
9
9
9
9
9
9
9
9
9
9
9
9
9
9
9
9
9
9
9
9
9
9
9
9
9
9
9
9
9
9
9
9
9
9
9
9
9
9
9
9
9
9
9
9
9
9
9
9
9
9
9
9
9
9
9
9
9
9
9
9
9
9
9
9
9
9
9
9
9
9
9
9
9
9
9
9
9
9
9
9
9
9
9
9
9
9
9
9
9
9
9
9
9
9
9
9
9
9
9
9
9
9
9
9
9
9
9
9
9
9
9
9
9
9
9
9
9
9
9
9
9
9
9
9
9
9
9
9
9
9
9
9
9
9
9
9
9
9
9
9
9
9
9
9
9
9
9
9
9
9
9
9
9
9
9
9
9
9
9
9
9
9
9
9
9
9
9
9
9
9
9
9
9
9
9
9
9
9
9
9
9
9
9
9
9
9
9
9
9
9
9
9
9
9
9
9
9
9
9
9
9
9
9
9
9
9
9
9
9
9
9
9
9
9
9
9
9
9
9
9
9
9
9
9
9
9
9
9
9
9
9
9
9
9
9
9
9
9
9
9
9
9
9
9
9
9
9
9
9
9
9
9
9
9
9
9
9
9
9
9
9
9
9
9
9
9
9
9
9
9
9
9
9
9
9
9
9
9
9
9
9
9
9
9
9
9
9
9
9
9
9
9
9
9
9
9
9
9
9
9
9
9
9
9
9
9
9
9
9
9
9
9
9
9
9
9
9
9
9
9
9
9
9
9
9
9
9
9
9
9
9
9
9
9
9
9
9
9
9
9
9
9
9
9
9
9
9
9
9
9
9
9
9
9
9
9
9
9
9
9
9
9
9
9
9
9
9
9
9
9
9
9
9
9
9
9
9
9
9
9
9
9
9
9
9
9
9
9
9
9
9
9
9
9
9
9
9
9
9
9
9
9
9
9
9
9
9
9
9
9
9
9
9
9
9
9
9
9
9
9
9
9
9
9
9
9
9
9
9
9
9
9
9
9
9
9
9
9
9
9
9
9
9
9
9
9
9
9
9
9
9
9
9
9
9
9
9
9
9
9
9
9
9
9
9
9
9
9
9
9
9
9
9
9
9
9
9
9
9
9
9
9
9
9
9
9
9
9
9
9
9
9
9
9
9
9
9
9
9
9
9
9
9
9
9
9
9
9
9
9
9
9
9
9
9
9
9
9
9
9
9
9
9
9
9
9
9
9
9
9
9
9
9
9
9
9
9
9
9
9
9
9
9
9
9
9
9
9
9
9
9
9
9
9
9
9
9
9
9
9
9
9
9
9
9
9
9
9
9
9
9
9
9
9
9
9
9
9
9
9
9
9
9
9
9
9
9
9
9
9
9
9
9
9
9
9
9
9
9
9
9
9
9
9
9
9
9
9
9
9
9
9
9
9
9
9
9
9
9
9
9
9
9
9
9
9
9
9
9
9
9
9
9
9
9
9
9
9
9
9
9
9
9
9
9
9
9
9
9
9
9
9
9
9
9
9
9
9
9
9
9
9
9
9
9
9
9
9
9
9
9
9
9
9
9
9
9
9
9
9
9
9
9
9
9
9
9
9
9
9
9
9
9
9
9
9
9
9
9
9
9
9
9
9
9
9
9
9
9
9
9
9
9
9
9
9
9
9
9
9
9
9
9
9
9
9
9
9
9
9
9
9
9
9
9
9
9
9
9
9
9
9
9
9
9
9
9
9
9
9
9
9
9
9
9
9
9
9
9
9
9
9
9
9
9
9
9
9
9
9
9
9
9
9
9
9
9
9
9
9
9
9
9
9
9
9
9
9
9
9
9
9
9
9
9
9
9
9
9
9
9
9
9
9
9
9
9
9
9
9
9
9
9
9
9
9
9
9
9
9
9
9
9
9
9
9
9
9
9
9
9
9
9
9
9
9
9
9
9
9
9
9
9
9
9
9
9
9
9
9
9
9
9
9
9
9
9
9
9
9
9
9
9
9
9
9
9
9
9
9
9
9
9
9
9
9
9
9
9
9
9
9
9
9
9
9
9
9
9
9
9
9
9
9
9
9
9
9
9
9
9
9
9
9
9
9
9
9
9
9
9
9
9
9
9
9
9
9
9
9
9
9
9
9
9
9
9
9
9
9
9
9
9
9
9
9
9
9
9
9
9
9
9
9
9
9
9
9
9
9
9
9
9
9
9
9
9
9
9
9
9
9
9
9
9
9
9
9
9
9
9
9
9
9
9
9
9
9
9
9
9
9
9
9
9
9
9
9
9
9
9
9
9
9
9
9
9
9
9
9
9
9
9
9
9
9
9
9
9
9
9
9
9
9
9
9
9
9
9
9
9
9
9
9
9
9
9
9
9
9
9
9
9
9
9
9
9
9
9
9
9
9
9
9
9
9
9
9
9
9
9
9
9
9
9
9
9
9
9
9
9
9
9
9
9
9
9
9
9
9
9
9
9
9
9
9
9
9
9
9
9
9
9
9
9
9
9
9
9
9
9
9
9
9
9
9
9
9
9
9
9
9
9
9
9
9
9
9
9
9
9
9
9
9
9
9
9
9
9
9
9
9
9
9
9
9
9
9
9
9
9
9
9
9
9
9
9
9
9
9
9
9
9
9
9
9
9
9
9
9
9
9
9
9
9
9
9
9
9
9
9
9
9
9
9
9
9
9
9
9
9
9
9
9
9
9
9
9
9
9
9
9
9
9
9
9
9
9
9
9
9
9
9
9
9
9
9
9
9
9
9
9
9
9
9
9
9
9
9
9
9
9
9
9
9
9
9
9
9
9
9
9
9
9
9
9
9
9
9
9
9
9
9
9
9
9
9
9
9
9
9
9
9
9
9
9
9
9
9
9
9
9
9
9
9
9
9
9
9
9
9
9
9
9
9
9
9
9
9
9
9
9
9
9
9
9
9
9
9
9
9
9
9
9
9
9
9
9
9
9
9
9
9
9
9
9
9
9
9
9
9
9
9
9
9
9
9
9
9
9
9
9
9
9
9
9
9
9
9
9
9
9
9
9
9
9
9
9
9
9
9
9
9
9
9
9
9
9
9
9
9
9
9
9
9
9
9
9
9
9
9
9
9
9
9
9
9
9
9
9
9
9
9
9
9
9
9
9
9
9
9
9
9
9
9
9
9
9
9
9
9
9
9
9
9
9
9
9
9
9
9
9
9
9
9
9
9
9
9
9
9
9
9
9
9
9
9
9
9
9
9
9
9
9
9
9
9
9
9
9
9
9
9
9
9
9
9
9
9
9
9
9
9
9
9
9
9
9
9
9
9
9
9
9
9
9
9
9
9
9
9
9
9
9
9
9
9
9
9
9
9
9
9
9
9
9
9
9
9
9
9
9
9
9
9
9
9
9
9
9
9
9
9
9
9
9
9
9
9
9
9
9
9
9
9
9
9
9
9
9
9
9
9
9
9
9
9
9
9
9
9
9
9
9
9
9
9
9
9
9
9
9
9
9
9
9
9
9
9
9
9
9
9
9
9
9
9
9
9
9
9
9
9
9
9
9
9
9
9
9
9
9
9
9
9
9
9
9
9
9
9
9
9
9
9
9
9
9
9
9
9
9
9
9
9
9
9
9
9
9
9
9
9
9
9
9
9
9
9
9
9
9
9
9
9
9
9
9
9
9
9
9
9
9
9
9
9
9
9
9
9
9
9
9
9
9
9
9
9
9
9
9
9
9
9
9
9
9
9
9
9
9
9
9
9
9
9
9
9
9
9
9
9
9
9
9
9
9
9
9
9
9
9
9
9
9
9
9
9
9
9
9
9
9
9
9
9
9
9
9
9
9
9
9
9
9
9
9
9
9
9
9
9
9
9
9
9
9
9
9
9
9
9
9
9
9
9
9
9
9
9
9
9
9
9
9
9
9
9
9
9
9
9
9
9
9
9
9
9
9
9
9
9
9
9
9
9
9
9
9
9
9
9
9
9
9
9
9
9
9
9
9
9
9
9
9
9
9
9
9
9
9
9
9
9
9
9
9
9
9
9
9
9
9
9
9
9
9
9
9
9
9
9
9
9
9
9
9
9
9
9
9
9
9
9
9
9
9
9
9
9
9
9
9
9
9
9
9
9
9
9
9
9
9
9
9
9
9
9
9
9
9
9
9
9
9
9
9
9
9
9
9
9
9
9
9
9
9
9
9
9
9
9
9
9
9
9
9
9
9
9
9
9
9
9
9
9
9
9
9
9
9
9
9
9
9
9
9
9
9
9
9
9

CELL_DATA 2790
SCALARS S11 float 1
LOOKUP_TABLE default
1.556717e+01
2.282169e+01
2.308052e+01
2.333934e+01
2.359817e+01
2.385700e+01
2.411583e+01
2.437466e+01
1.696687e+01
1.436988e+01
2.108082e+01
2.133532e+01
2.158982e+01
2.184432e+01
2.209882e+01
2.235332e+01
2.260782e+01
1.574618e+01
1.300160e+01
1.909632e+01
1.935123e+01
1.960613e+01
1.986104e+01
2.011595e+01
2.037085e+01
2.062576e+01
1.438018e+01
1.164589e+01
1.712990e+01
1.738506e+01
1.764021e+01
1.789537e+01
1.815052e+01
1.840568e+01
1.866083e+01
1.302589e+01
1.030007e+01
1.517790e+01
1.543335e+01
1.568880e+01
1.594426e+01
1.619971e+01
1.645517e+01
1.671062e+01
1.168179e+01
8.961359e+00
1.323599e+01
1.349151e+01
1.374703e+01
1.400255e+01
1.425807e+01
1.451359e+01
1.476911e+01
1.034353e+01
7.625699e+00
1.129857e+01
1.155421e+01
1.180986e+01
1.206551e+01
1.232115e+01
1.257680e+01
1.283245e+01
9.008655e+00
6.291787e+00
9.363535e+00
9.619156e+00
9.874778e+00
1.013040e+01
1.038602e+01
1.064164e+01
1.089726e+01
7.674701e+00
4.953786e+00
7.422426e+00
7.677870e+00
7.933315e+00
8.188759e+00
8.444203e+00
8.699647e+00
8.955091e+00
6.335832e+00
3.611273e+00
5.474916e+00
5.730339e+00
5.985762e+00
6.241185e+00
6.496608e+00
6.752031e+00
7.007454e+00
4.993295e+00
2.266485e+00
3.524038e+00
3.779369e+00
4.034700e+00
4.290031e+00
4.545362e+00
4.800693e+00
5.056024e+00
3.648095e+00
1.160142e+00
1.929820e+00
2.196290e+00
2.462760e+00
2.729229e+00
2.995699e+00
3.262169e+00
3.528638e+00
2.602628e+00
-2.962772e-03
-1.009233e-03
9.443056e-04
2.897845e-03
4.851384e-03
6.804923e-03
8.758462e-03
1.071200e-02
1.266554e-02
-7.395254e-03
-5.523653e-03
-3.652053e-03
-1.780452e-03
9.114817e-05
1.962749e-03
3.834349e-03
5.705949e-03
7.577550e-03
-1.339123e-02
-1.151820e-02
-9.645173e-03
-7.772144e-03
-5.899115e-03
-4.026086e-03
-2.153057e-03
-2.800282e-04
1.593001e-03
-1.938948e-02
-1.751489e-02
-1.564031e-02
-1.376573e-02
-1.189114e-02
-1.001656e-02
-8.141979e-03
-6.267396e-03
-4.392813e-03
-2.539062e-02
-2.351476e-02
-2.163890e-02
-1.976304e-02
-1.788718e-02
-1.601132e-02
-1.413546e-02
-1.225959e-02
-1.038373e-02
-3.139639e-02
-2.951897e-02
-2.764155e-02
-2.576413e-02
-2.388672e-02
-2.200930e-02
-2.013188e-02
-1.825446e-02
-1.637705e-02
-3.740209e-02
-3.552312e-02
-3.364415e-02
-3.176518e-02
-2.988621e-02
-2.800724e-02
-2.612827e-02
-2.424930e-02
-2.237033e-02
-4.340547e-02
-4.152461e-02
-3.964376e-02
-3.776290e-02
-3.588205e-02
-3.400119e-02
-3.212034e-02
-3.023948e-02
-2.835863e-02
-4.940371e-02
-4.752119e-02
-4.563867e-02
-4.375615e-02
-4.187364e-02
-3.999112e-02
-3.810860e-02
-3.622608e-02
-3.434356e-02
-5.540031e-02
-5.351620e-02
-5.163210e-02
-4.974800e-02
-4.786389e-02
-4.597979e-02
-4.409569e-02
-4.221158e-02
-4.032748e-02
-6.139070e-02
-5.950434e-02
-5.761798e-02
-5.573161e-02
-5.384525e-02
-5.195888e-02
-5.007252e-02
-4.818615e-02
-4.629979e-02
-6.736893e-02
-6.548073e-02
-6.359253e-02
-6.170432e-02
-5.981612e-02
-5.792792e-02
-5.603971e-02
-5.415151e-02
-5.226331e-02
-7.334313e-02
-7.145332e-02
-6.956351e-02
-6.767370e-02
-6.578389e-02
-6.389408e-02
-6.200427e-02
-6.011446e-02
-5.822465e-02
-7.931025e-02
-7.741818e-02
-7.552611e-02
-7.363404e-02
-7.174197e-02
-6.984990e-02
-6.795783e-02
-6.606576e-02
-6.417369e-02
-8.525979e-02
-8.336527e-02
-8.147075e-02
-7.957624e-02
-7.768172e-02
-7.578720e-02
-7.389269e-02
-7.199817e-02
-7.010365e-02
-9.119698e-02
-8.930088e-02
-8.740478e-02
-8.550868e-02
-8.361258e-02
-8.171647e-02
-7.982037e-02
-7.792427e-02
-7.602817e-02
-9.713028e-02
-9.523233e-02
-9.333437e-02
-9.143642e-02
-8.953846e-02
-8.764050e-02
-8.574255e-02
-8.384459e-02
-8.194664e-02
-1.030417e-01
-1.011402e-01
-9.923874e-02
-9.733725e-02
-9.543575e-02
-9.353426e-02
-9.163276e-02
-8.973126e-02
-8.782977e-02
-1.089229e-01
-1.070196e-01
-1.051164e-01
-1.032131e-01
-1.013099e-01
-9.940664e-02
-9.750339e-02
-9.560014e-02
-9.369689e-02
-1.148012e-01
-1.128963e-01
-1.109914e-01
-1.090865e-01
-1.071817e-01
-1.052768e-01
-1.033719e-01
-1.014670e-01
-9.956215e-02
-1.206628e-01
-1.187547e-01
-1.168467e-01
-1.149386e-01
-1.130306e-01
-1.111225e-01
-1.092145e-01
-1.073064e-01
-1.053983e-01
-1.264887e-01
-1.245778e-01
-1.226669e-01
-1.207560e-01
-1.188451e-01
-1.169341e-01
-1.150232e-01
-1.131123e-01
-1.112014e-01
-1.322965e-01
-1.303840e-01
-1.284714e-01
-1.265589e-01
-1.246464e-01
-1.227338e-01
-1.208213e-01
-1.189087e-01
-1.169962e-01
-1.380997e-01
-1.361855e-01
-1.342713e-01
-1.323571e-01
-1.304429e-01
-1.285287e-01
-1.266145e-01
-1.247003e-01
-1.227861e-01
-1.438669e-01
-1.419474e-01
-1.400280e-01
-1.381085e-01
-1.361890e-01
-1.342696e-01
-1.323501e-01
-1.304307e-01
-1.285112e-01
-1.494713e-01
-1.475669e-01
-1.456624e-01
-1.437580e-01
-1.418535e-01
-1.399490e-01
-1.380446e-01
-1.361401e-01
-1.342357e-01
-1.550967e-01
-1.531914e-01
-1.512861e-01
-1.493807e-01
-1.474754e-01
-1.455701e-01
-1.436647e-01
-1.417594e-01
-1.398540e-01
-1.607013e-01
-1.587934e-01
-1.568855e-01
-1.549776e-01
-1.530697e-01
-1.511618e-01
-1.492539e-01
-1.473460e-01
-1.454381e-01
-1.662478e-01
-1.643357e-01
-1.624236e-01
-1.605115e-01
-1.585994e-01
-1.566873e-01
-1.547752e-01
-1.528631e-01
-1.509510e-01
-1.717442e-01
-1.698313e-01
-1.679183e-01
-1.660053e-01
-1.640924e-01
-1.621794e-01
-1.602664e-01
-1.583534e-01
-1.564405e-01
-1.772378e-01
-1.753239e-01
-1.734100e-01
-1.714961e-01
-1.695822e-01
-1.676682e-01
-1.657543e-01
-1.638404e-01
-1.619265e-01
-1.826886e-01
-1.807700e-01
-1.788513e-01
-1.769327e-01
-1.750140e-01
-1.730953e-01
-1.711767e-01
-1.692580e-01
-1.673393e-01
-1.880552e-01
-1.861333e-01
-1.842115e-01
-1.822896e-01
-1.803678e-01
-1.784460e-01
-1.765241e-01
-1.746023e-01
-1.726804e-01
-1.933872e-01
-1.914644e-01
-1.895416e-01
-1.876188e-01
-1.856960e-01
-1.837732e-01
-1.818504e-01
-1.799276e-01
-1.780049e-01
-1.987096e-01
-1.967858e-01
-1.948620e-01
-1.929382e-01
-1.910144e-01
-1.890907e-01
-1.871669e-01
-1.852431e-01
-1.833193e-01
-2.039586e-01
-2.020272e-01
-2.000959e-01
-1.981645e-01
-1.962331e-01
-1.943017e-01
-1.923704e-01
-1.904390e-01
-1.885076e-01
-2.090893e-01
-2.071562e-01
-2.052231e-01
-2.032900e-01
-2.013569e-01
-1.994237e-01
-1.974906e-01
-1.955575e-01
-1.936244e-01
-2.142086e-01
-2.122746e-01
-2.103406e-01
-2.084066e-01
-2.064726e-01
-2.045386e-01
-2.026047e-01
-2.006707e-01
-1.987367e-01
-2.192966e-01
-2.173598e-01
-2.154230e-01
-2.134861e-01
-2.115493e-01
-2.096125e-01
-2.076757e-01
-2.057388e-01
-2.038020e-01
-2.242671e-01
-2.223219e-01
-2.203767e-01
-2.184315e-01
-2.164863e-01
-2.145411e-01
-2.125958e-01
-2.106506e-01
-2.087054e-01
-2.291106e-01
-2.271645e-01
-2.252184e-01
-2.232723e-01
-2.213262e-01
-2.193801e-01
-2.174340e-01
-2.154879e-01
-2.135418e-01
-2.339514e-01
-2.320043e-01
-2.300573e-01
-2.281103e-01
-2.261633e-01
-2.242162e-01
-2.222692e-01
-2.203222e-01
-2.183751e-01
-2.387153e-01
-2.367617e-01
-2.348081e-01
-2.328546e-01
-2.309010e-01
-2.289474e-01
-2.269938e-01
-2.250402e-01
-2.230866e-01
-2.433122e-01
-2.413525e-01
-2.393928e-01
-2.374331e-01
-2.354733e-01
-2.335136e-01
-2.315539e-01
-2.295941e-01
-2.276344e-01
-2.478149e-01
-2.458542e-01
-2.438935e-01
-2.419329e-01
-2.399722e-01
-2.380115e-01
-2.360509e-01
-2.340902e-01
-2.321295e-01
-2.522970e-01
-2.503347e-01
-2.483724e-01
-2.464101e-01
-2.444478e-01
-2.424855e-01
-2.405232e-01
-2.385609e-01
-2.365986e-01
-2.566352e-01
-2.546628e-01
-2.526903e-01
-2.507178e-01
-2.487454e-01
-2.467729e-01
-2.448005e-01
-2.428280e-01
-2.408555e-01
-2.607621e-01
-2.587866e-01
-2.568111e-01
-2.548355e-01
-2.528600e-01
-2.508845e-01
-2.489090e-01
-2.469335e-01
-2.449580e-01
-2.648443e-01
-2.628679e-01
-2.608915e-01
-2.589150e-01
-2.569386e-01
-2.549622e-01
-2.529858e-01
-2.510094e-01
-2.490330e-01
-2.688470e-01
-2.668652e-01
-2.648835e-01
-2.629017e-01
-2.609200e-01
-2.589382e-01
-2.569565e-01
-2.549747e-01
-2.529930e-01
-2.723799e-01
-2.703750e-01
-2.683701e-01
-2.663651e-01
-2.643602e-01
-2.623553e-01
-2.603504e-01
-2.583454e-01
-2.563405e-01
-2.882734e+02
-2.859427e+02
-2.836119e+02
-2.812812e+02
-2.789505e+02
-2.766198e+02
-2.742890e+02
-2.719583e+02
-2.696276e+02
-2.922269e+02
-2.899050e+02
-2.875832e+02
-2.852614e+02
-2.829395e+02
-2.806177e+02
-2.782958e+02
-2.759740e+02
-2.736521e+02
-2.956190e+02
-2.932859e+02
-2.909528e+02
-2.886198e+02
-2.862867e+02
-2.839536e+02
-2.816206e+02
-2.792875e+02
-2.769544e+02
-2.987500e+02
-2.964160e+02
-2.940820e+02
-2.917480e+02
-2.894140e+02
-2.870800e+02
-2.847460e+02
-2.824120e+02
-2.800781e+02
-3.018416e+02
-2.995068e+02
-2.971721e+02
-2.948373e+02
-2.925025e+02
-2.901677e+02
-2.878329e+02
-2.854981e+02
-2.831633e+02
-3.047092e+02
-3.023643e+02
-3.000194e+02
-2.976745e+02
-2.953296e+02
-2.929847e+02
-2.906399e+02
-2.882950e+02
-2.859501e+02
-3.072257e+02
-3.048768e+02
-3.025279e+02
-3.001790e+02
-2.978300e+02
-2.954811e+02
-2.931322e+02
-2.907833e+02
-2.884344e+02
-3.096228e+02
-3.072737e+02
-3.049246e+02
-3.025755e+02
-3.002265e+02
-2.978774e+02
-2.955283e+02
-2.931792e+02
-2.908301e+02
-3.118530e+02
-3.094980e+02
-3.071431e+02
-3.047881e+02
-3.024331e+02
-3.000781e+02
-2.977232e+02
-2.953682e+02
-2.930132e+02
-3.136916e+02
-3.113306e+02
-3.089695e+02
-3.066084e+02
-3.042473e+02
-3.018862e+02
-2.995251e+02
-2.971640e+02
-2.948029e+02
-3.152889e+02
-3.129276e+02
-3.105664e+02
-3.082052e+02
-3.058440e+02
-3.034828e+02
-3.011216e+02
-2.987604e+02
-2.963992e+02
-3.167464e+02
-3.143821e+02
-3.120179e+02
-3.096536e+02
-3.072893e+02
-3.049251e+02
-3.025608e+02
-3.001965e+02
-2.978322e+02
-3.181774e+02
-3.158121e+02
-3.134469e+02
-3.110816e+02
-3.087163e+02
-3.063510e+02
-3.039857e+02
-3.016204e+02
-2.992551e+02
-3.058566e-01
-3.038773e-01
-3.018980e-01
-2.999186e-01
-2.979393e-01
-2.959600e-01
-2.939807e-01
-2.920013e-01
-2.900220e-01
-3.065544e-01
-3.045671e-01
-3.025798e-01
-3.005925e-01
-2.986052e-01
-2.966179e-01
-2.946305e-01
-2.926432e-01
-2.906559e-01
-3.064200e-01
-3.044306e-01
-3.024412e-01
-3.004519e-01
-2.984625e-01
-2.964732e-01
-2.944838e-01
-2.924944e-01
-2.905051e-01
-3.060420e-01
-3.040502e-01
-3.020584e-01
-3.000666e-01
-2.980748e-01
-2.960830e-01
-2.940912e-01
-2.920994e-01
-2.901076e-01
-3.052860e-01
-3.032956e-01
-3.013052e-01
-2.993148e-01
-2.973244e-01
-2.953340e-01
-2.933436e-01
-2.913531e-01
-2.893627e-01
-3.039402e-01
-3.019517e-01
-2.999632e-01
-2.979748e-01
-2.959863e-01
-2.939979e-01
-2.920094e-01
-2.900209e-01
-2.880325e-01
-3.023730e-01
-3.003824e-01
-2.983919e-01
-2.964014e-01
-2.944108e-01
-2.924203e-01
-2.904297e-01
-2.884392e-01
-2.864487e-01
-3.002156e-01
-2.982389e-01
-2.962621e-01
-2.942854e-01
-2.923087e-01
-2.903319e-01
-2.883552e-01
-2.863785e-01
-2.844017e-01
-2.974467e-01
-2.954724e-01
-2.934982e-01
-2.915239e-01
-2.895497e-01
-2.875754e-01
-2.856011e-01
-2.836269e-01
-2.816526e-01
-2.944370e-01
-2.924660e-01
-2.904951e-01
-2.885242e-01
-2.865533e-01
-2.845823e-01
-2.826114e-01
-2.806405e-01
-2.786695e-01
-2.906535e-01
-2.887111e-01
-2.867687e-01
-2.848263e-01
-2.828838e-01
-2.809414e-01
-2.789990e-01
-2.770566e-01
-2.751142e-01
-2.863986e-01
-2.844551e-01
-2.825116e-01
-2.805681e-01
-2.786246e-01
-2.766811e-01
-2.747376e-01
-2.727941e-01
-2.708506e-01
-2.815746e-01
-2.796608e-01
-2.777469e-01
-2.758331e-01
-2.739192e-01
-2.720053e-01
-2.700915e-01
-2.681776e-01
-2.662638e-01
-2.760779e-01
-2.741839e-01
-2.722898e-01
-2.703958e-01
-2.685018e-01
-2.666078e-01
-2.647138e-01
-2.628198e-01
-2.609257e-01
-2.701840e-01
-2.683036e-01
-2.664233e-01
-2.645429e-01
-2.626626e-01
-2.607822e-01
-2.589019e-01
-2.570215e-01
-2.551411e-01
-2.633657e-01
-2.615450e-01
-2.597242e-01
-2.579034e-01
-2.560826e-01
-2.542618e-01
-2.524410e-01
-2.506202e-01
-2.487994e-01
-2.561784e-01
-2.543581e-01
-2.525378e-01
-2.507175e-01
-2.488972e-01
-2.470769e-01
-2.452566e-01
-2.434363e-01
-2.416160e-01
-2.479790e-01
-2.462458e-01
-2.445125e-01
-2.427792e-01
-2.410460e-01
-2.393127e-01
-2.375794e-01
-2.358461e-01
-2.341129e-01
-2.393074e-01
-2.375860e-01
-2.358646e-01
-2.341433e-01
-2.324219e-01
-2.307005e-01
-2.289792e-01
-2.272578e-01
-2.255365e-01
-2.297542e-01
-2.281165e-01
-2.264789e-01
-2.248413e-01
-2.232037e-01
-2.215660e-01
-2.199284e-01
-2.182908e-01
-2.166532e-01
-2.195985e-01
-2.180058e-01
-2.164131e-01
-2.148204e-01
-2.132276e-01
-2.116349e-01
-2.100422e-01
-2.084495e-01
-2.068567e-01
-2.086777e-01
-2.071632e-01
-2.056487e-01
-2.041343e-01
-2.026198e-01
-2.011053e-01
-1.995908e-01
-1.980763e-01
-1.965619e-01
-1.970656e-01
-1.956263e-01
-1.941871e-01
-1.927479e-01
-1.913087e-01
-1.898695e-01
-1.884302e-01
-1.869910e-01
-1.855518e-01
-1.847977e-01
-1.834384e-01
-1.820790e-01
-1.807197e-01
-1.793603e-01
-1.780009e-01
-1.766416e-01
-1.752822e-01
-1.739229e-01
-1.718027e-01
-1.705442e-01
-1.692857e-01
-1.680272e-01
-1.667687e-01
-1.655102e-01
-1.642517e-01
-1.629932e-01
-1.617347e-01
-1.582314e-01
-1.570633e-01
-1.558953e-01
-1.547272e-01
-1.535591e-01
-1.523910e-01
-1.512229e-01
-1.500548e-01
-1.488868e-01
-1.440143e-01
-1.429586e-01
-1.419030e-01
-1.408473e-01
-1.397917e-01
-1.387360e-01
-1.376803e-01
-1.366247e-01
-1.355690e-01
-1.292489e-01
-1.283059e-01
-1.273628e-01
-1.264197e-01
-1.254766e-01
-1.245335e-01
-1.235904e-01
-1.226474e-01
-1.217043e-01
-1.158035e-01
-1.146711e-01
-1.135387e-01
-1.124063e-01
-1.112739e-01
-1.101415e-01
-1.090092e-01
-1.078768e-01
-1.067444e-01
-2.180861e+01
-3.159374e+01
-3.148683e+01
-3.137992e+01
-3.127301e+01
-3.116610e+01
-3.105919e+01
-3.095228e+01
-2.123591e+01
-1.811697e+01
-2.627407e+01
-2.621883e+01
-2.616358e+01
-2.610834e+01
-2.605309e+01
-2.599784e+01
-2.594260e+01
-1.781882e+01
-1.438126e+01
-2.084510e+01
-2.079298e+01
-2.074085e+01
-2.068872e+01
-2.063660e+01
-2.058447e+01
-2.053234e+01
-1.409492e+01
-1.060151e+01
-1.536404e+01
-1.532758e+01
-1.529111e+01
-1.525464e+01
-1.521818e+01
-1.518171e+01
-1.514524e+01
-1.039514e+01
-6.751360e+00
-9.794299e+00
-9.787641e+00
-9.780984e+00
-9.774326e+00
-9.767668e+00
-9.761011e+00
-9.754353e+00
-6.702114e+00
-2.923535e+00
-4.236650e+00
-4.237840e+00
-4.239031e+00
-4.240221e+00
-4.241412e+00
-4.242602e+00
-4.243792e+00
-2.912727e+00
9.365118e-01
1.357500e+00
1.337678e+00
1.317855e+00
1.298033e+00
1.278211e+00
1.258389e+00
1.238567e+00
8.501550e-01
4.782376e+00
6.905751e+00
6.840916e+00
6.776082e+00
6.711248e+00
6.646414e+00
6.581580e+00
6.516746e+00
4.455114e+00
3.979978e-02
3.894982e-02
3.809987e-02
3.724991e-02
3.639995e-02
3.554999e-02
3.470003e-02
3.385008e-02
3.300012e-02
5.401515e-02
5.339895e-02
5.278276e-02
5.216656e-02
5.155036e-02
5.093417e-02
5.031797e-02
4.970178e-02
4.908558e-02
6.988190e-02
6.909504e-02
6.830817e-02
6.752130e-02
6.673444e-02
6.594757e-02
6.516070e-02
6.437384e-02
6.358697e-02
8.500262e-02
8.412662e-02
8.325061e-02
8.237461e-02
8.149861e-02
8.062261e-02
7.974661e-02
7.887061e-02
7.799461e-02
9.990172e-02
9.886257e-02
9.782341e-02
9.678426e-02
9.574510e-02
9.470595e-02
9.366679e-02
9.262764e-02
9.158848e-02
1.139480e-01
1.128219e-01
1.116958e-01
1.105697e-01
1.094436e-01
1.083175e-01
1.071914e-01
1.060653e-01
1.049392e-01
1.276071e-01
1.263528e-01
1.250985e-01
1.238443e-01
1.225900e-01
1.213357e-01
1.200814e-01
1.188271e-01
1.175729e-01
1.404620e-01
1.391379e-01
1.378139e-01
1.364898e-01
1.351657e-01
1.338416e-01
1.325176e-01
1.311935e-01
1.298694e-01
1.528815e-01
1.514527e-01
1.500239e-01
1.485951e-01
1.471663e-01
1.457374e-01
1.443086e-01
1.428798e-01
1.414510e-01
1.645140e-01
1.630396e-01
1.615652e-01
1.600908e-01
1.586164e-01
1.571420e-01
1.556676e-01
1.541932e-01
1.527188e-01
1.757369e-01
1.741579e-01
1.725789e-01
1.709999e-01
1.694209e-01
1.678419e-01
1.662629e-01
1.646840e-01
1.631050e-01
1.860814e-01
1.844766e-01
1.828718e-01
1.812670e-01
1.796622e-01
1.780574e-01
1.764526e-01
1.748478e-01
1.732430e-01
1.960941e-01
1.944034e-01
1.927127e-01
1.910220e-01
1.893313e-01
1.876406e-01
1.859499e-01
1.842592e-01
1.825685e-01
2.052928e-01
2.035828e-01
2.018728e-01
2.001628e-01
1.984528e-01
1.967428e-01
1.950328e-01
1.933228e-01
1.916128e-01
2.141659e-01
2.123926e-01
2.106192e-01
2.088459e-01
2.070726e-01
2.052993e-01
2.035259e-01
2.017526e-01
1.999793e-01
2.223337e-01
2.205333e-01
2.187330e-01
2.169327e-01
2.151324e-01
2.133321e-01
2.115318e-01
2.097314e-01
2.079311e-01
2.301390e-01
2.283106e-01
2.264822e-01
2.246538e-01
2.228254e-01
2.209970e-01
2.191686e-01
2.173402e-01
2.155118e-01
2.374436e-01
2.355695e-01
2.336955e-01
2.318214e-01
2.299473e-01
2.280733e-01
2.261992e-01
2.243251e-01
2.224511e-01
2.442103e-01
2.423291e-01
2.404478e-01
2.385666e-01
2.366854e-01
2.348041e-01
2.329229e-01
2.310417e-01
2.291604e-01
2.506823e-01
2.487606e-01
2.468389e-01
2.449171e-01
2.429954e-01
2.410737e-01
2.391520e-01
2.372303e-01
2.353085e-01
2.565404e-01
2.546013e-01
2.526622e-01
2.507231e-01
2.487840e-01
2.468449e-01
2.449058e-01
2.429667e-01
2.410275e-01
2.621243e-01
2.601737e-01
2.582231e-01
2.562726e-01
2.543220e-01
2.523714e-01
2.504208e-01
2.484702e-01
2.465196e-01
2.673012e-01
2.653190e-01
2.633368e-01
2.613546e-01
2.593724e-01
2.573902e-01
2.554080e-01
2.534258e-01
2.514436e-01
2.718355e-01
2.698340e-01
2.678325e-01
2.658310e-01
2.638296e-01
2.618281e-01
2.598266e-01
2.578251e-01
2.558236e-01
2.872514e+02
2.850497e+02
2.828481e+02
2.806464e+02
2.784447e+02
2.762430e+02
2.740413e+02
2.718396e+02
2.696379e+02
2.908087e+02
2.885998e+02
2.863908e+02
2.841819e+02
2.819730e+02
2.797641e+02
2.775552e+02
2.753462e+02
2.731373e+02
2.946002e+02
2.923874e+02
2.901746e+02
2.879619e+02
2.857491e+02
2.835363e+02
2.813235e+02
2.791107e+02
2.768979e+02
2.982447e+02
2.960280e+02
2.938113e+02
2.915946e+02
2.893779e+02
2.871612e+02
2.849445e+02
2.827277e+02
2.805110e+02
3.014082e+02
2.991701e+02
2.969321e+02
2.946940e+02
2.924559e+02
2.902179e+02
2.879798e+02
2.857418e+02
2.835037e+02
3.040393e+02
3.018009e+02
2.995625e+02
2.973241e+02
2.950857e+02
2.928474e+02
2.906090e+02
2.883706e+02
2.861322e+02
3.065821e+02
3.043404e+02
3.020987e+02
2.998570e+02
2.976153e+02
2.953736e+02
2.931319e+02
2.908902e+02
2.886485e+02
3.086685e+02
3.064150e+02
3.041616e+02
3.019081e+02
2.996547e+02
2.974012e+02
2.951478e+02
2.928943e+02
2.906409e+02
3.102841e+02
3.080294e+02
3.057747e+02
3.035201e+02
3.012654e+02
2.990108e+02
2.967561e+02
2.945014e+02
2.922468e+02
3.118283e+02
3.095734e+02
3.073185e+02
3.050637e+02
3.028088e+02
3.005539e+02
2.982990e+02
2.960441e+02
2.937893e+02
3.129361e+02
3.106742e+02
3.084123e+02
3.061504e+02
3.038884e+02
3.016265e+02
2.993646e+02
2.971027e+02
2.948408e+02
3.135209e+02
3.112585e+02
3.089961e+02
3.067338e+02
3.044714e+02
3.022091e+02
2.999467e+02
2.976844e+02
2.954220e+02
3.140133e+02
3.117511e+02
3.094890e+02
3.072269e+02
3.049648e+02
3.027027e+02
3.004406e+02
2.981784e+02
2.959163e+02
3.144607e+02
3.121985e+02
3.099363e+02
3.076741e+02
3.054119e+02
3.031497e+02
3.008875e+02
2.986253e+02
2.963631e+02
3.016268e-01
2.996150e-01
2.976032e-01
2.955914e-01
2.935796e-01
2.915678e-01
2.895560e-01
2.875442e-01
2.855324e-01
3.013568e-01
2.993455e-01
2.973341e-01
2.953227e-01
2.933113e-01
2.913000e-01
2.892886e-01
2.872772e-01
2.852659e-01
3.008475e-01
2.988361e-01
2.968248e-01
2.948134e-01
2.928021e-01
2.907908e-01
2.887794e-01
2.867681e-01
2.847567e-01
2.998767e-01
2.978704e-01
2.958641e-01
2.938578e-01
2.918515e-01
2.898452e-01
2.878390e-01
2.858327e-01
2.838264e-01
2.985041e-01
2.964978e-01
2.944916e-01
2.924854e-01
2.904791e-01
2.884729e-01
2.864667e-01
2.844604e-01
2.824542e-01
2.971078e-01
2.951015e-01
2.930952e-01
2.910889e-01
2.890826e-01
2.870763e-01
2.850700e-01
2.830637e-01
2.810574e-01
2.954255e-01
2.934251e-01
2.914247e-01
2.894244e-01
2.874240e-01
2.854237e-01
2.834233e-01
2.814230e-01
2.794226e-01
2.933057e-01
2.913103e-01
2.893148e-01
2.873194e-01
2.853240e-01
2.833285e-01
2.813331e-01
2.793377e-01
2.773422e-01
2.910122e-01
2.890168e-01
2.870215e-01
2.850262e-01
2.830308e-01
2.810355e-01
2.790402e-01
2.770448e-01
2.750495e-01
2.886738e-01
2.866797e-01
2.846856e-01
2.826915e-01
2.806974e-01
2.787033e-01
2.767092e-01
2.747151e-01
2.727210e-01
2.858955e-01
2.839151e-01
2.819348e-01
2.799544e-01
2.779741e-01
2.759938e-01
2.740134e-01
2.720331e-01
2.700527e-01
2.827668e-01
2.807874e-01
2.788080e-01
2.768286e-01
2.748493e-01
2.728699e-01
2.708905e-01
2.689111e-01
2.669317e-01
2.795996e-01
2.776205e-01
2.756413e-01
2.736622e-01
2.716830e-01
2.697039e-01
2.677247e-01
2.657456e-01
2.637664e-01
2.762832e-01
2.743103e-01
2.723373e-01
2.703644e-01
2.683915e-01
2.664186e-01
2.644456e-01
2.624727e-01
2.604998e-01
2.726078e-01
2.706456e-01
2.686834e-01
2.667212e-01
2.647590e-01
2.627968e-01
2.608347e-01
2.588725e-01
2.569103e-01
2.687400e-01
2.667781e-01
2.648163e-01
2.628544e-01
2.608925e-01
2.589306e-01
2.569687e-01
2.550068e-01
2.530450e-01
2.648598e-01
2.628983e-01
2.609367e-01
2.589752e-01
2.570136e-01
2.550521e-01
2.530905e-01
2.511290e-01
2.491674e-01
2.607670e-01
2.588160e-01
2.568650e-01
2.549140e-01
2.529630e-01
2.510120e-01
2.490611e-01
2.471101e-01
2.451591e-01
2.564049e-01
2.544600e-01
2.525151e-01
2.505702e-01
2.486253e-01
2.466804e-01
2.447355e-01
2.427906e-01
2.408457e-01
2.519445e-01
2.499999e-01
2.480554e-01
2.461109e-01
2.441663e-01
2.422218e-01
2.402772e-01
2.383327e-01
2.363882e-01
2.474830e-01
2.455388e-01
2.435946e-01
2.416504e-01
2.397062e-01
2.377620e-01
2.358178e-01
2.338735e-01
2.319293e-01
2.427836e-01
2.408527e-01
2.389218e-01
2.369908e-01
2.350599e-01
2.331290e-01
2.311980e-01
2.292671e-01
2.273362e-01
2.378827e-01
2.359542e-01
2.340257e-01
2.320972e-01
2.301688e-01
2.282403e-01
2.263118e-01
2.243834e-01
2.224549e-01
2.329370e-01
2.310088e-01
2.290807e-01
2.271526e-01
2.252245e-01
2.232964e-01
2.213682e-01
2.194401e-01
2.175120e-01
2.279743e-01
2.260476e-01
2.241210e-01
2.221943e-01
2.202677e-01
2.183410e-01
2.164144e-01
2.144877e-01
2.125611e-01
2.228291e-01
2.209127e-01
2.189964e-01
2.170800e-01
2.151636e-01
2.132473e-01
2.113309e-01
2.094146e-01
2.074982e-01
2.175589e-01
2.156436e-01
2.137283e-01
2.118129e-01
2.098976e-01
2.079823e-01
2.060669e-01
2.041516e-01
2.022362e-01
2.122681e-01
2.103530e-01
2.084380e-01
2.065229e-01
2.046078e-01
2.026928e-01
2.007777e-01
1.988626e-01
1.969476e-01
2.069669e-01
2.050582e-01
2.031495e-01
2.012408e-01
1.993321e-01
1.974234e-01
1.955147e-01
1.936060e-01
1.916973e-01
2.016170e-01
1.997136e-01
1.978103e-01
1.959069e-01
1.940035e-01
1.921001e-01
1.901967e-01
1.882933e-01
1.863899e-01
1.962076e-01
1.943044e-01
1.924012e-01
1.904980e-01
1.885948e-01
1.866916e-01
1.847884e-01
1.828852e-01
1.809821e-01
1.907892e-01
1.888860e-01
1.869827e-01
1.850794e-01
1.831762e-01
1.812729e-01
1.793697e-01
1.774664e-01
1.755632e-01
1.853693e-01
1.834661e-01
1.815628e-01
1.796596e-01
1.777563e-01
1.758531e-01
1.739498e-01
1.720466e-01
1.701434e-01
1.799460e-01
1.780428e-01
1.761397e-01
1.742365e-01
1.723333e-01
1.704302e-01
1.685270e-01
1.666238e-01
1.647207e-01
1.745226e-01
1.726193e-01
1.707159e-01
1.688126e-01
1.669092e-01
1.650058e-01
1.631025e-01
1.611991e-01
1.592958e-01
1.690980e-01
1.671944e-01
1.652908e-01
1.633871e-01
1.614835e-01
1.595799e-01
1.576763e-01
1.557727e-01
1.538691e-01
1.637375e-01
1.618296e-01
1.599216e-01
1.580137e-01
1.561058e-01
1.541978e-01
1.522899e-01
1.503819e-01
1.484740e-01
1.584752e-01
1.565636e-01
1.546520e-01
1.527404e-01
1.508289e-01
1.489173e-01
1.470057e-01
1.450941e-01
1.431825e-01
1.532565e-01
1.513445e-01
1.494325e-01
1.475205e-01
1.456086e-01
1.436966e-01
1.417846e-01
1.398726e-01
1.379606e-01
1.480539e-01
1.461404e-01
1.442269e-01
1.423135e-01
1.404000e-01
1.384866e-01
1.365731e-01
1.346597e-01
1.327462e-01
1.430427e-01
1.411182e-01
1.391937e-01
1.372692e-01
1.353446e-01
1.334201e-01
1.314956e-01
1.295711e-01
1.276466e-01
1.382081e-01
1.362801e-01
1.343520e-01
1.324240e-01
1.304960e-01
1.285680e-01
1.266400e-01
1.247119e-01
1.227839e-01
1.334227e-01
1.314941e-01
1.295655e-01
1.276370e-01
1.257084e-01
1.237798e-01
1.218513e-01
1.199227e-01
1.179941e-01
1.287424e-01
1.268073e-01
1.248721e-01
1.229370e-01
1.210019e-01
1.190667e-01
1.171316e-01
1.151965e-01
1.132613e-01
1.243907e-01
1.224419e-01
1.204931e-01
1.185443e-01
1.165955e-01
1.146468e-01
1.126980e-01
1.107492e-01
1.088004e-01
1.202301e-01
1.182806e-01
1.163310e-01
1.143815e-01
1.124320e-01
1.104825e-01
1.085329e-01
1.065834e-01
1.046339e-01
1.160790e-01
1.141287e-01
1.121785e-01
1.102282e-01
1.082779e-01
1.063276e-01
1.043773e-01
1.024270e-01
1.004767e-01
1.123081e-01
1.103400e-01
1.083719e-01
1.064037e-01
1.044356e-01
1.024675e-01
1.004994e-01
9.853123e-02
9.656310e-02
1.088622e-01
1.068915e-01
1.049208e-01
1.029501e-01
1.009794e-01
9.900875e-02
9.703806e-02
9.506738e-02
9.309670e-02
1.054803e-01
1.035083e-01
1.015364e-01
9.956442e-02
9.759247e-02
9.562053e-02
9.364858e-02
9.167663e-02
8.970468e-02
1.023982e-01
1.004147e-01
9.843114e-02
9.644762e-02
9.446409e-02
9.248056e-02
9.049703e-02
8.851351e-02
8.652998e-02
9.970694e-02
9.771726e-02
9.572757e-02
9.373789e-02
9.174821e-02
8.975853e-02
8.776885e-02
8.577917e-02
8.378949e-02
9.715933e-02
9.516880e-02
9.317828e-02
9.118775e-02
8.919722e-02
8.720669e-02
8.521616e-02
8.322564e-02
8.123511e-02
9.495883e-02
9.295818e-02
9.095752e-02
8.895687e-02
8.695622e-02
8.495556e-02
8.295491e-02
8.095425e-02
7.895360e-02
9.323836e-02
9.123266e-02
8.922696e-02
8.722126e-02
8.521556e-02
8.320986e-02
8.120416e-02
7.919846e-02
7.719276e-02
9.170562e-02
8.969895e-02
8.769229e-02
8.568562e-02
8.367896e-02
8.167229e-02
7.966563e-02
7.765896e-02
7.565230e-02
9.189101e-02
8.988780e-02
8.788460e-02
8.588140e-02
8.387820e-02
8.187500e-02
7.987180e-02
7.786860e-02
7.586539e-02
1.989068e+01
2.860614e+01
2.833613e+01
2.806612e+01
2.779611e+01
2.752610e+01
2.725609e+01
2.698608e+01
1.843070e+01
2.012465e+01
2.894277e+01
2.867059e+01
2.839842e+01
2.812624e+01
2.785407e+01
2.758189e+01
2.730972e+01
1.865187e+01
2.018520e+01
2.902986e+01
2.875778e+01
2.848570e+01
2.821363e+01
2.794155e+01
2.766948e+01
2.739740e+01
1.871182e+01
2.035307e+01
2.927259e+01
2.900051e+01
2.872842e+01
2.845634e+01
2.818426e+01
2.791218e+01
2.764010e+01
1.887859e+01
2.061897e+01
2.965829e+01
2.938693e+01
2.911558e+01
2.884423e+01
2.857288e+01
2.830153e+01
2.803018e+01
1.914747e+01
2.100629e+01
3.021988e+01
2.994894e+01
2.967800e+01
2.940706e+01
2.913612e+01
2.886518e+01
2.859424e+01
1.953612e+01
2.150226e+01
3.093999e+01
3.067034e+01
3.040069e+01
3.013103e+01
2.986138e+01
2.959173e+01
2.932207e+01
2.003828e+01
2.213555e+01
3.185945e+01
3.159114e+01
3.132282e+01
3.105451e+01
3.078619e+01
3.051788e+01
3.024957e+01
2.067816e+01
2.292041e+01
3.300007e+01
3.273438e+01
3.246868e+01
3.220299e+01
3.193730e+01
3.167160e+01
3.140591e+01
2.147669e+01
2.388508e+01
3.440209e+01
3.413946e+01
3.387683e+01
3.361420e+01
3.335157e+01
3.308894e+01
3.282630e+01
2.245760e+01
2.502521e+01
3.605952e+01
3.580078e+01
3.554205e+01
3.528331e+01
3.502457e+01
3.476584e+01
3.450710e+01
2.361862e+01
2.631800e+01
3.794768e+01
3.770245e+01
3.745723e+01
3.721200e+01
3.696677e+01
3.672155e+01
3.647632e+01
2.498486e+01
2.162147e+01
3.134753e+01
3.133093e+01
3.131433e+01
3.129773e+01
3.128113e+01
3.126453e+01
3.124793e+01
2.152753e+01
1.816294e-01
1.813535e-01
1.810776e-01
1.808017e-01
1.805258e-01
1.802499e-01
1.799740e-01
1.796981e-01
1.794222e-01
1.665123e-01
1.662351e-01
1.659579e-01
1.656807e-01
1.654035e-01
1.651263e-01
1.648491e-01
1.645719e-01
1.642947e-01
1.513952e-01
1.511167e-01
1.508382e-01
1.505597e-01
1.502812e-01
1.500027e-01
1.497242e-01
1.494457e-01
1.491672e-01
1.362781e-01
1.359983e-01
1.357185e-01
1.354387e-01
1.351589e-01
1.348791e-01
1.345993e-01
1.343195e-01
1.340397e-01
1.211610e-01
1.208799e-01
1.205988e-01
1.203177e-01
1.200366e-01
1.197555e-01
1.194744e-01
1.191933e-01
1.189122e-01
1.060439e-01
1.057615e-01
1.054791e-01
1.051967e-01
1.049143e-01
1.046319e-01
1.043496e-01
1.040672e-01
1.037848e-01
9.092681e-02
9.064312e-02
9.035943e-02
9.007574e-02
8.979205e-02
8.950836e-02
8.922467e-02
8.894098e-02
8.865729e-02
7.580970e-02
7.552472e-02
7.523973e-02
7.495474e-02
7.466976e-02
7.438477e-02
7.409978e-02
7.381480e-02
7.352981e-02
6.069260e-02
6.040632e-02
6.012003e-02
5.983375e-02
5.954746e-02
5.926118e-02
5.897490e-02
5.868861e-02
5.840233e-02
4.557550e-02
4.528792e-02
4.500034e-02
4.471275e-02
4.442517e-02
4.413759e-02
4.385001e-02
4.356243e-02
4.327485e-02
3.045839e-02
3.016952e-02
2.988064e-02
2.959176e-02
2.930288e-02
2.901400e-02
2.872513e-02
2.843625e-02
2.814737e-02
1.534129e-02
1.505112e-02
1.476094e-02
1.447077e-02
1.418059e-02
1.389042e-02
1.360024e-02
1.331007e-02
1.301989e-02
2.241877e-04
-6.728435e-05
-3.587564e-04
-6.502285e-04
-9.417006e-04
-1.233173e-03
-1.524645e-03
-1.816117e-03
-2.107589e-03
-1.489292e-02
-1.518568e-02
-1.547845e-02
-1.577122e-02
-1.606399e-02
-1.635676e-02
-1.664953e-02
-1.694230e-02
-1.723507e-02
-3.001002e-02
-3.030408e-02
-3.059815e-02
-3.089222e-02
-3.118628e-02
-3.148035e-02
-3.177442e-02
-3.206848e-02
-3.236255e-02
-4.512712e-02
-4.542248e-02
-4.571785e-02
-4.601321e-02
-4.630857e-02
-4.660394e-02
-4.689930e-02
-4.719466e-02
-4.749003e-02
-6.024422e-02
-6.054088e-02
-6.083754e-02
-6.113420e-02
-6.143087e-02
-6.172753e-02
-6.202419e-02
-6.232085e-02
-6.261751e-02
-7.536133e-02
-7.565929e-02
-7.595724e-02
-7.625520e-02
-7.655316e-02
-7.685111e-02
-7.714907e-02
-7.744703e-02
-7.774499e-02
-9.047843e-02
-9.077769e-02
-9.107694e-02
-9.137619e-02
-9.167545e-02
-9.197470e-02
-9.227396e-02
-9.257321e-02
-9.287247e-02
-1.055955e-01
-1.058961e-01
-1.061966e-01
-1.064972e-01
-1.067977e-01
-1.070983e-01
-1.073988e-01
-1.076994e-01
-1.079999e-01
-1.207126e-01
-1.210145e-01
-1.213163e-01
-1.216182e-01
-1.219200e-01
-1.222219e-01
-1.225237e-01
-1.228256e-01
-1.231274e-01
2.438730e-01
2.436075e-01
2.433420e-01
2.430764e-01
2.428109e-01
2.425454e-01
2.422799e-01
2.420144e-01
2.417489e-01
2.284042e-01
2.281377e-01
2.278712e-01
2.276047e-01
2.273383e-01
2.270718e-01
2.268053e-01
2.265388e-01
2.262723e-01
2.129354e-01
2.126679e-01
2.124005e-01
2.121330e-01
2.118656e-01
2.115981e-01
2.113307e-01
2.110632e-01
2.107958e-01
1.974666e-01
1.971982e-01
1.969298e-01
1.966613e-01
1.963929e-01
1.961245e-01
1.958561e-01
1.955877e-01
1.953192e-01
1.819978e-01
1.817284e-01
1.814590e-01
1.811896e-01
1.809202e-01
1.806509e-01
1.803815e-01
1.801121e-01
1.798427e-01
1.665290e-01
1.662586e-01
1.659883e-01
1.657179e-01
1.654476e-01
1.651772e-01
1.649069e-01
1.646365e-01
1.643661e-01
1.510602e-01
1.507889e-01
1.505176e-01
1.502462e-01
1.499749e-01
1.497036e-01
1.494323e-01
1.491609e-01
1.488896e-01
1.355914e-01
1.353191e-01
1.350468e-01
1.347745e-01
1.345022e-01
1.342299e-01
1.339576e-01
1.336854e-01
1.334131e-01
1.201226e-01
1.198494e-01
1.195761e-01
1.193028e-01
1.190296e-01
1.187563e-01
1.184830e-01
1.182098e-01
1.179365e-01
1.046538e-01
1.043796e-01
1.041054e-01
1.038311e-01
1.035569e-01
1.032827e-01
1.030084e-01
1.027342e-01
1.024600e-01
8.918502e-02
8.890982e-02
8.863462e-02
8.835942e-02
8.808422e-02
8.780902e-02
8.753382e-02
8.725862e-02
8.698342e-02
7.371623e-02
7.344006e-02
7.316389e-02
7.288772e-02
7.261155e-02
7.233539e-02
7.205922e-02
7.178305e-02
7.150688e-02
5.824744e-02
5.797030e-02
5.769316e-02
5.741602e-02
5.713888e-02
5.686175e-02
5.658461e-02
5.630747e-02
5.603033e-02
4.277864e-02
4.250053e-02
4.222243e-02
4.194432e-02
4.166621e-02
4.138811e-02
4.111000e-02
4.083189e-02
4.055379e-02
2.730984e-02
2.703077e-02
2.675169e-02
2.647262e-02
2.619354e-02
2.591447e-02
2.563539e-02
2.535632e-02
2.507724e-02
1.184105e-02
1.156101e-02
1.128096e-02
1.100092e-02
1.072087e-02
1.044083e-02
1.016078e-02
9.880740e-03
9.600696e-03
-3.627745e-03
-3.908758e-03
-4.189771e-03
-4.470784e-03
-4.751797e-03
-5.032810e-03
-5.313823e-03
-5.594836e-03
-5.875849e-03
-1.909654e-02
-1.937852e-02
-1.966050e-02
-1.994248e-02
-2.022447e-02
-2.050645e-02
-2.078843e-02
-2.107041e-02
-2.135239e-02
-3.456533e-02
-3.484829e-02
-3.513124e-02
-3.541419e-02
-3.569714e-02
-3.598009e-02
-3.626304e-02
-3.654599e-02
-3.682894e-02
-5.003413e-02
-5.031805e-02
-5.060197e-02
-5.088589e-02
-5.116981e-02
-5.145373e-02
-5.173765e-02
-5.202156e-02
-5.230548e-02
-6.550293e-02
-6.578781e-02
-6.607270e-02
-6.635759e-02
-6.664248e-02
-6.692737e-02
-6.721225e-02
-6.749714e-02
-6.778203e-02
-8.097172e-02
-8.125758e-02
-8.154343e-02
-8.182929e-02
-8.211515e-02
-8.240100e-02
-8.268686e-02
-8.297272e-02
-8.325858e-02
-9.644052e-02
-9.672734e-02
-9.701417e-02
-9.730099e-02
-9.758782e-02
-9.787464e-02
-9.816147e-02
-9.844829e-02
-9.873512e-02
-1.119093e-01
-1.121971e-01
-1.124849e-01
-1.127727e-01
-1.130605e-01
-1.133483e-01
-1.136361e-01
-1.139239e-01
-1.142117e-01
-1.273781e-01
-1.276669e-01
-1.279556e-01
-1.282444e-01
-1.285332e-01
-1.288219e-01
-1.291107e-01
-1.293994e-01
-1.296882e-01
-1.428469e-01
-1.431366e-01
-1.434264e-01
-1.437161e-01
-1.440058e-01
-1.442956e-01
-1.445853e-01
-1.448750e-01
-1.451648e-01
-1.583157e-01
-1.586064e-01
-1.588971e-01
-1.591878e-01
-1.594785e-01
-1.597692e-01
-1.600599e-01
-1.603506e-01
-1.606413e-01
-1.737845e-01
-1.740762e-01
-1.743678e-01
-1.746595e-01
-1.749512e-01
-1.752428e-01
-1.755345e-01
-1.758262e-01
-1.761178e-01
-1.892533e-01
-1.895459e-01
-1.898386e-01
-1.901312e-01
-1.904238e-01
-1.907165e-01
-1.910091e-01
-1.913018e-01
-1.915944e-01
-2.047221e-01
-2.050157e-01
-2.053093e-01
-2.056029e-01
-2.058965e-01
-2.061901e-01
-2.064837e-01
-2.067773e-01
-2.070709e-01
-2.201909e-01
-2.204855e-01
-2.207800e-01
-2.210746e-01
-2.213692e-01
-2.216638e-01
-2.219583e-01
-2.222529e-01
-2.225475e-01
-2.356597e-01
-2.359552e-01
-2.362508e-01
-2.365463e-01
-2.368418e-01
-2.371374e-01
-2.374329e-01
-2.377285e-01
-2.380240e-01
-2.511285e-01
-2.514250e-01
-2.517215e-01
-2.520180e-01
-2.523145e-01
-2.526110e-01
-2.529075e-01
-2.532041e-01
-2.535006e-01
-2.665973e-01
-2.668947e-01
-2.671922e-01
-2.674897e-01
-2.677872e-01
-2.680847e-01
-2.683822e-01
-2.686796e-01
-2.689771e-01
2.661402e-01
2.658421e-01
2.655440e-01
2.652459e-01
2.649478e-01
2.646497e-01
2.643516e-01
2.640535e-01
2.637554e-01
2.507187e-01
2.504216e-01
2.501246e-01
2.498275e-01
2.495305e-01
2.492334e-01
2.489364e-01
2.486393e-01
2.483423e-01
2.352971e-01
2.350011e-01
2.347051e-01
2.344091e-01
2.341131e-01
2.338171e-01
2.335211e-01
2.332251e-01
2.329291e-01
2.198756e-01
2.195806e-01
2.192857e-01
2.189907e-01
2.186958e-01
2.184008e-01
2.181059e-01
2.178109e-01
2.175160e-01
2.044540e-01
2.041601e-01
2.038662e-01
2.035723e-01
2.032784e-01
2.029845e-01
2.026906e-01
2.023967e-01
2.021028e-01
1.890325e-01
1.887396e-01
1.884468e-01
1.881539e-01
1.878611e-01
1.875682e-01
1.872754e-01
1.869825e-01
1.866897e-01
1.736109e-01
1.733191e-01
1.730273e-01
1.727355e-01
1.724437e-01
1.721519e-01
1.718601e-01
1.715683e-01
1.712765e-01
1.581894e-01
1.578986e-01
1.576079e-01
1.573171e-01
1.570264e-01
1.567356e-01
1.564449e-01
1.561541e-01
1.558633e-01
1.427678e-01
1.424781e-01
1.421884e-01
1.418987e-01
1.416090e-01
1.413193e-01
1.410296e-01
1.407399e-01
1.404502e-01
1.273463e-01
1.270576e-01
1.267690e-01
1.264803e-01
1.261917e-01
1.259030e-01
1.256143e-01
1.253257e-01
1.250370e-01
1.119248e-01
1.116371e-01
1.113495e-01
1.110619e-01
1.107743e-01
1.104867e-01
1.101991e-01
1.099115e-01
1.096239e-01
9.650321e-02
9.621665e-02
9.593008e-02
9.564352e-02
9.535696e-02
9.507040e-02
9.478383e-02
9.449727e-02
9.421071e-02
8.108166e-02
8.079615e-02
8.051063e-02
8.022512e-02
7.993961e-02
7.965409e-02
7.936858e-02
7.908306e-02
7.879755e-02
6.566012e-02
6.537565e-02
6.509119e-02
6.480672e-02
6.452225e-02
6.423779e-02
6.395332e-02
6.366886e-02
6.338439e-02
5.023857e-02
4.995515e-02
4.967174e-02
4.938832e-02
4.910490e-02
4.882149e-02
4.853807e-02
4.825465e-02
4.797123e-02
3.481703e-02
3.453466e-02
3.425229e-02
3.396992e-02
3.368755e-02
3.340518e-02
3.312281e-02
3.284045e-02
3.255808e-02
1.939548e-02
1.911416e-02
1.883284e-02
1.855152e-02
1.827020e-02
1.798888e-02
1.770756e-02
1.742624e-02
1.714492e-02
3.973934e-03
3.693662e-03
3.413391e-03
3.133119e-03
2.852847e-03
2.572576e-03
2.292304e-03
2.012032e-03
1.731761e-03
-1.144761e-02
-1.172683e-02
-1.200606e-02
-1.228528e-02
-1.256450e-02
-1.284373e-02
-1.312295e-02
-1.340217e-02
-1.368140e-02
-2.686916e-02
-2.714733e-02
-2.742551e-02
-2.770368e-02
-2.798186e-02
-2.826003e-02
-2.853821e-02
-2.881638e-02
-2.909455e-02
-4.229070e-02
-4.256783e-02
-4.284496e-02
-4.312208e-02
-4.339921e-02
-4.367633e-02
-4.395346e-02
-4.423059e-02
-4.450771e-02
-5.771225e-02
-5.798833e-02
-5.826440e-02
-5.854048e-02
-5.881656e-02
-5.909264e-02
-5.936871e-02
-5.964479e-02
-5.992087e-02
-7.313379e-02
-7.340882e-02
-7.368385e-02
-7.395888e-02
-7.423391e-02
-7.450894e-02
-7.478397e-02
-7.505900e-02
-7.533403e-02
-8.855534e-02
-8.882932e-02
-8.910330e-02
-8.937728e-02
-8.965126e-02
-8.992524e-02
-9.019922e-02
-9.047320e-02
-9.074719e-02
-1.039769e-01
-1.042498e-01
-1.045227e-01
-1.047957e-01
-1.050686e-01
-1.053415e-01
-1.056145e-01
-1.058874e-01
-1.061603e-01
-1.193984e-01
-1.196703e-01
-1.199422e-01
-1.202141e-01
-1.204860e-01
-1.207578e-01
-1.210297e-01
-1.213016e-01
-1.215735e-01
-1.348200e-01
-1.350908e-01
-1.353616e-01
-1.356325e-01
-1.359033e-01
-1.361742e-01
-1.364450e-01
-1.367158e-01
-1.369867e-01
-1.502415e-01
-1.505113e-01
-1.507811e-01
-1.510509e-01
-1.513207e-01
-1.515905e-01
-1.518602e-01
-1.521300e-01
-1.523998e-01
-1.656631e-01
-1.659318e-01
-1.662005e-01
-1.664693e-01
-1.667380e-01
-1.670068e-01
-1.672755e-01
-1.675442e-01
-1.678130e-01
-1.810846e-01
-1.813523e-01
-1.816200e-01
-1.818877e-01
-1.821554e-01
-1.824231e-01
-1.826908e-01
-1.829584e-01
-1.832261e-01
-1.965062e-01
-1.967728e-01
-1.970394e-01
-1.973061e-01
-1.975727e-01
-1.978394e-01
-1.981060e-01
-1.983726e-01
-1.986393e-01
-2.119277e-01
-2.121933e-01
-2.124589e-01
-2.127245e-01
-2.129901e-01
-2.132557e-01
-2.135213e-01
-2.137869e-01
-2.140524e-01
-2.273492e-01
-2.276138e-01
-2.278783e-01
-2.281429e-01
-2.284074e-01
-2.286720e-01
-2.289365e-01
-2.292011e-01
-2.294656e-01
-2.427708e-01
-2.430343e-01
-2.432978e-01
-2.435613e-01
-2.438248e-01
-2.440883e-01
-2.443518e-01
-2.446153e-01
-2.448788e-01
SCALARS S22 float 1
LOOKUP_TABLE default
1.881260e+00
-4.002861e-01
-4.143888e-01
-4.284914e-01
-4.425941e-01
-4.566967e-01
-4.707994e-01
-4.849021e-01
1.969468e+00
1.738899e+00
-3.681007e-01
-3.819671e-01
-3.958334e-01
-4.096998e-01
-4.235662e-01
-4.374325e-01
-4.512989e-01
1.825636e+00
1.576908e+00
-3.309079e-01
-3.447698e-01
-3.586317e-01
-3.724936e-01
-3.863555e-01
-4.002174e-01
-4.140793e-01
1.664017e+00
1.416372e+00
-2.940780e-01
-3.079247e-01
-3.217714e-01
-3.356181e-01
-3.494649e-01
-3.633116e-01
-3.771583e-01
1.503815e+00
1.256999e+00
-2.575233e-01
-2.713542e-01
-2.851851e-01
-2.990159e-01
-3.128468e-01
-3.266777e-01
-3.405086e-01
1.344826e+00
1.098434e+00
-2.211831e-01
-2.349855e-01
-2.487880e-01
-2.625905e-01
-2.763930e-01
-2.901955e-01
-3.039980e-01
1.186562e+00
9.402322e-01
-1.849250e-01
-1.987009e-01
-2.124767e-01
-2.262526e-01
-2.400285e-01
-2.538043e-01
-2.675802e-01
1.028696e+00
7.822181e-01
-1.487256e-01
-1.624675e-01
-1.762093e-01
-1.899512e-01
-2.036931e-01
-2.174349e-01
-2.311768e-01
8.709574e-01
6.237084e-01
-1.124205e-01
-1.261228e-01
-1.398251e-01
-1.535274e-01
-1.672298e-01
-1.809321e-01
-1.946344e-01
7.126484e-01
4.646872e-01
-7.597905e-02
-8.965006e-02
-1.033211e-01
-1.169921e-01
-1.306631e-01
-1.443341e-01
-1.580051e-01
5.538834e-01
3.053920e-01
-3.947789e-02
-5.311512e-02
-6.675235e-02
-8.038957e-02
-9.402680e-02
-1.076640e-01
-1.213012e-01
3.948079e-01
1.752377e-01
-9.004624e-03
-2.303466e-02
-3.706470e-02
-5.109474e-02
-6.512478e-02
-7.915482e-02
-9.318485e-02
2.703186e-01
6.804925e-04
2.703691e-04
-1.397543e-04
-5.498777e-04
-9.600011e-04
-1.370124e-03
-1.780248e-03
-2.190371e-03
-2.600495e-03
1.492630e-03
1.103782e-03
7.149329e-04
3.260842e-04
-6.276446e-05
-4.516131e-04
-8.404618e-04
-1.229310e-03
-1.618159e-03
2.600378e-03
2.216512e-03
1.832645e-03
1.448778e-03
1.064911e-03
6.810442e-04
2.971773e-04
-8.668955e-05
-4.705564e-04
3.708556e-03
3.329646e-03
2.950737e-03
2.571827e-03
2.192917e-03
1.814007e-03
1.435098e-03
1.056188e-03
6.772780e-04
4.817263e-03
4.443368e-03
4.069472e-03
3.695576e-03
3.321681e-03
2.947785e-03
2.573890e-03
2.199994e-03
1.826098e-03
5.926845e-03
5.557909e-03
5.188973e-03
4.820036e-03
4.451100e-03
4.082164e-03
3.713228e-03
3.344291e-03
2.975355e-03
7.036418e-03
6.672441e-03
6.308465e-03
5.944488e-03
5.580512e-03
5.216535e-03
4.852558e-03
4.488582e-03
4.124605e-03
8.145570e-03
7.786484e-03
7.427399e-03
7.068314e-03
6.709229e-03
6.350144e-03
5.991059e-03
5.631973e-03
5.272888e-03
9.253754e-03
8.899603e-03
8.545452e-03
8.191301e-03
7.837150e-03
7.483000e-03
7.128849e-03
6.774698e-03
6.420547e-03
1.036163e-02
1.001243e-02
9.663225e-03
9.314024e-03
8.964822e-03
8.615621e-03
8.266420e-03
7.917219e-03
7.568017e-03
1.146837e-02
1.112398e-02
1.077959e-02
1.043520e-02
1.009081e-02
9.746416e-03
9.402025e-03
9.057633e-03
8.713242e-03
1.257283e-02
1.223333e-02
1.189383e-02
1.155433e-02
1.121483e-02
1.087533e-02
1.053583e-02
1.019632e-02
9.856824e-03
1.367652e-02
1.334196e-02
1.300739e-02
1.267283e-02
1.233827e-02
1.200370e-02
1.166914e-02
1.133457e-02
1.100001e-02
1.477892e-02
1.444916e-02
1.411940e-02
1.378963e-02
1.345987e-02
1.313011e-02
1.280034e-02
1.247058e-02
1.214082e-02
1.587805e-02
1.555304e-02
1.522804e-02
1.490303e-02
1.457802e-02
1.425301e-02
1.392801e-02
1.360300e-02
1.327799e-02
1.697483e-02
1.665475e-02
1.633467e-02
1.601459e-02
1.569451e-02
1.537443e-02
1.505435e-02
1.473427e-02
1.441419e-02
1.807091e-02
1.775569e-02
1.744048e-02
1.712527e-02
1.681006e-02
1.649485e-02
1.617964e-02
1.586443e-02
1.554922e-02
1.916297e-02
1.885228e-02
1.854159e-02
1.823090e-02
1.792021e-02
1.760951e-02
1.729882e-02
1.698813e-02
1.667744e-02
2.024930e-02
1.994348e-02
1.963766e-02
1.933184e-02
1.902602e-02
1.872020e-02
1.841438e-02
1.810856e-02
1.780273e-02
2.133508e-02
2.103416e-02
2.073323e-02
2.043231e-02
2.013138e-02
1.983046e-02
1.952953e-02
1.922861e-02
1.892768e-02
2.241783e-02
2.212148e-02
2.182513e-02
2.152878e-02
2.123242e-02
2.093607e-02
2.063972e-02
2.034337e-02
2.004702e-02
2.349390e-02
2.320218e-02
2.291045e-02
2.261872e-02
2.232699e-02
2.203527e-02
2.174354e-02
2.145181e-02
2.116009e-02
2.456652e-02
2.427967e-02
2.399281e-02
2.370595e-02
2.341910e-02
2.313224e-02
2.284538e-02
2.255853e-02
2.227167e-02
2.563829e-02
2.535629e-02
2.507429e-02
2.479229e-02
2.451030e-02
2.422830e-02
2.394630e-02
2.366430e-02
2.338230e-02
2.670351e-02
2.642562e-02
2.614774e-02
2.586985e-02
2.559197e-02
2.531408e-02
2.503620e-02
2.475831e-02
2.448043e-02
2.795407e-02
2.762875e-02
2.730343e-02
2.697812e-02
2.665280e-02
2.632748e-02
2.600217e-02
2.567685e-02
2.535153e-02
2.900212e-02
2.867935e-02
2.835658e-02
2.803381e-02
2.771104e-02
2.738827e-02
2.706550e-02
2.674273e-02
2.641996e-02
3.004634e-02
2.972577e-02
2.940520e-02
2.908463e-02
2.876406e-02
2.844348e-02
2.812291e-02
2.780234e-02
2.748177e-02
3.107974e-02
3.076102e-02
3.044230e-02
3.012359e-02
2.980487e-02
2.948615e-02
2.916743e-02
2.884872e-02
2.853000e-02
3.210366e-02
3.178745e-02
3.147125e-02
3.115504e-02
3.083884e-02
3.052264e-02
3.020643e-02
2.989023e-02
2.957402e-02
3.312704e-02
3.281333e-02
3.249963e-02
3.218592e-02
3.187222e-02
3.155851e-02
3.124481e-02
3.093110e-02
3.061740e-02
3.414257e-02
3.383057e-02
3.351858e-02
3.320659e-02
3.289460e-02
3.258261e-02
3.227062e-02
3.195863e-02
3.164663e-02
3.514226e-02
3.483228e-02
3.452230e-02
3.421231e-02
3.390233e-02
3.359235e-02
3.328236e-02
3.297238e-02
3.266240e-02
3.613541e-02
3.582788e-02
3.552035e-02
3.521282e-02
3.490529e-02
3.459776e-02
3.429023e-02
3.398270e-02
3.367517e-02
3.712678e-02
3.682169e-02
3.651659e-02
3.621150e-02
3.590641e-02
3.560132e-02
3.529622e-02
3.499113e-02
3.468604e-02
3.810464e-02
3.780063e-02
3.749662e-02
3.719261e-02
3.688860e-02
3.658460e-02
3.628059e-02
3.597658e-02
3.567257e-02
3.906016e-02
3.875838e-02
3.845661e-02
3.815483e-02
3.785306e-02
3.755129e-02
3.724951e-02
3.694774e-02
3.664596e-02
4.001350e-02
3.971413e-02
3.941477e-02
3.911540e-02
3.881603e-02
3.851667e-02
3.821730e-02
3.791793e-02
3.761857e-02
4.096108e-02
4.066371e-02
4.036634e-02
4.006898e-02
3.977161e-02
3.947424e-02
3.917687e-02
3.887951e-02
3.858214e-02
4.188685e-02
4.159033e-02
4.129381e-02
4.099728e-02
4.070076e-02
4.040424e-02
4.010771e-02
3.981119e-02
3.951467e-02
4.278860e-02
4.249440e-02
4.220021e-02
4.190601e-02
4.161181e-02
4.131761e-02
4.102342e-02
4.072922e-02
4.043502e-02
4.368985e-02
4.339797e-02
4.310609e-02
4.281421e-02
4.252233e-02
4.223044e-02
4.193856e-02
4.164668e-02
4.135480e-02
4.457692e-02
4.428619e-02
4.399547e-02
4.370474e-02
4.341402e-02
4.312329e-02
4.283256e-02
4.254184e-02
4.225111e-02
4.543272e-02
4.514319e-02
4.485366e-02
4.456412e-02
4.427459e-02
4.398506e-02
4.369553e-02
4.340599e-02
4.311646e-02
4.627069e-02
4.598338e-02
4.569607e-02
4.540876e-02
4.512145e-02
4.483413e-02
4.454682e-02
4.425951e-02
4.397220e-02
4.710487e-02
4.681963e-02
4.653439e-02
4.624915e-02
4.596391e-02
4.567867e-02
4.539343e-02
4.510819e-02
4.482295e-02
4.791242e-02
4.762748e-02
4.734255e-02
4.705761e-02
4.677267e-02
4.648774e-02
4.620280e-02
4.591787e-02
4.563293e-02
4.868016e-02
4.839691e-02
4.811366e-02
4.783041e-02
4.754716e-02
4.726391e-02
4.698066e-02
4.669741e-02
4.641416e-02
4.943947e-02
4.915833e-02
4.887719e-02
4.859605e-02
4.831491e-02
4.803377e-02
4.775263e-02
4.747148e-02
4.719034e-02
5.018408e-02
4.990413e-02
4.962417e-02
4.934422e-02
4.906426e-02
4.878430e-02
4.850435e-02
4.822439e-02
4.794444e-02
5.084145e-02
5.055893e-02
5.027642e-02
4.999391e-02
4.971140e-02
4.942889e-02
4.914638e-02
4.886386e-02
4.858135e-02
4.856331e-01
4.755139e-01
4.653947e-01
4.552755e-01
4.451563e-01
4.350371e-01
4.249179e-01
4.147987e-01
4.046795e-01
4.923029e-01
4.821126e-01
4.719222e-01
4.617319e-01
4.515416e-01
4.413513e-01
4.311610e-01
4.209707e-01
4.107803e-01
4.987937e-01
4.883158e-01
4.778378e-01
4.673599e-01
4.568820e-01
4.464041e-01
4.359262e-01
4.254483e-01
4.149704e-01
5.047753e-01
4.940508e-01
4.833263e-01
4.726017e-01
4.618772e-01
4.511527e-01
4.404282e-01
4.297037e-01
4.189792e-01
5.106919e-01
4.997215e-01
4.887512e-01
4.777808e-01
4.668105e-01
4.558401e-01
4.448698e-01
4.338994e-01
4.229291e-01
5.163222e-01
5.050717e-01
4.938213e-01
4.825709e-01
4.713204e-01
4.600700e-01
4.488196e-01
4.375691e-01
4.263187e-01
5.213332e-01
5.098280e-01
4.983228e-01
4.868176e-01
4.753125e-01
4.638073e-01
4.523021e-01
4.407969e-01
4.292918e-01
5.261199e-01
5.143753e-01
5.026306e-01
4.908860e-01
4.791413e-01
4.673966e-01
4.556520e-01
4.439073e-01
4.321627e-01
5.306808e-01
5.186762e-01
5.066717e-01
4.946671e-01
4.826625e-01
4.706579e-01
4.586534e-01
4.466488e-01
4.346442e-01
5.346072e-01
5.223444e-01
5.100816e-01
4.978187e-01
4.855559e-01
4.732931e-01
4.610303e-01
4.487674e-01
4.365046e-01
5.380956e-01
5.255988e-01
5.131019e-01
5.006051e-01
4.881082e-01
4.756113e-01
4.631145e-01
4.506176e-01
4.381208e-01
5.413779e-01
5.286372e-01
5.158965e-01
5.031558e-01
4.904151e-01
4.776744e-01
4.649337e-01
4.521930e-01
4.394523e-01
5.470899e-01
5.335039e-01
5.199179e-01
5.063319e-01
4.927459e-01
4.791599e-01
4.655739e-01
4.519879e-01
4.384019e-01
5.782752e-02
5.737751e-02
5.692750e-02
5.647748e-02
5.602747e-02
5.557745e-02
5.512744e-02
5.467742e-02
5.422741e-02
5.792579e-02
5.748289e-02
5.703999e-02
5.659708e-02
5.615418e-02
5.571128e-02
5.526837e-02
5.482547e-02
5.438257e-02
5.786783e-02
5.743291e-02
5.699799e-02
5.656307e-02
5.612815e-02
5.569323e-02
5.525830e-02
5.482338e-02
5.438846e-02
5.776391e-02
5.733681e-02
5.690971e-02
5.648261e-02
5.605551e-02
5.562841e-02
5.520131e-02
5.477420e-02
5.434710e-02
5.759027e-02
5.717155e-02
5.675283e-02
5.633412e-02
5.591540e-02
5.549669e-02
5.507797e-02
5.465925e-02
5.424054e-02
5.730627e-02
5.689581e-02
5.648534e-02
5.607488e-02
5.566442e-02
5.525396e-02
5.484350e-02
5.443304e-02
5.402258e-02
5.698068e-02
5.657756e-02
5.617445e-02
5.577133e-02
5.536821e-02
5.496509e-02
5.456197e-02
5.415885e-02
5.375573e-02
5.654586e-02
5.615297e-02
5.576008e-02
5.536719e-02
5.497431e-02
5.458142e-02
5.418853e-02
5.379564e-02
5.340276e-02
5.599648e-02
5.561127e-02
5.522606e-02
5.484084e-02
5.445563e-02
5.407042e-02
5.368521e-02
5.329999e-02
5.291478e-02
5.540228e-02
5.502479e-02
5.464730e-02
5.426980e-02
5.389231e-02
5.351482e-02
5.313733e-02
5.275983e-02
5.238234e-02
5.466424e-02
5.429913e-02
5.393402e-02
5.356892e-02
5.320381e-02
5.283870e-02
5.247359e-02
5.210848e-02
5.174337e-02
5.383826e-02
5.347930e-02
5.312035e-02
5.276139e-02
5.240244e-02
5.204348e-02
5.168453e-02
5.132557e-02
5.096662e-02
5.290627e-02
5.255938e-02
5.221248e-02
5.186558e-02
5.151869e-02
5.117179e-02
5.082490e-02
5.047800e-02
5.013111e-02
5.184915e-02
5.151194e-02
5.117473e-02
5.083752e-02
5.050031e-02
5.016310e-02
4.982589e-02
4.948868e-02
4.915147e-02
5.071831e-02
5.038928e-02
5.006024e-02
4.973121e-02
4.940218e-02
4.907315e-02
4.874412e-02
4.841509e-02
4.808606e-02
4.941501e-02
4.910290e-02
4.879079e-02
4.847868e-02
4.816656e-02
4.785445e-02
4.754234e-02
4.723023e-02
4.691811e-02
4.804419e-02
4.773674e-02
4.742929e-02
4.712184e-02
4.681440e-02
4.650695e-02
4.619950e-02
4.589205e-02
4.558460e-02
4.648380e-02
4.619793e-02
4.591205e-02
4.562618e-02
4.534030e-02
4.505443e-02
4.476855e-02
4.448267e-02
4.419680e-02
4.483745e-02
4.455752e-02
4.427759e-02
4.399766e-02
4.371773e-02
4.343779e-02
4.315786e-02
4.287793e-02
4.259800e-02
4.302591e-02
4.276591e-02
4.250590e-02
4.224590e-02
4.198589e-02
4.172589e-02
4.146588e-02
4.120588e-02
4.094587e-02
4.110384e-02
4.085536e-02
4.060688e-02
4.035839e-02
4.010991e-02
3.986143e-02
3.961295e-02
3.936447e-02
3.911599e-02
3.903917e-02
3.880840e-02
3.857762e-02
3.834685e-02
3.811607e-02
3.788529e-02
3.765452e-02
3.742374e-02
3.719297e-02
3.684681e-02
3.663252e-02
3.641823e-02
3.620394e-02
3.598965e-02
3.577535e-02
3.556106e-02
3.534677e-02
3.513248e-02
3.453319e-02
3.433572e-02
3.413825e-02
3.394078e-02
3.374332e-02
3.354585e-02
3.334838e-02
3.315091e-02
3.295344e-02
3.208478e-02
3.190770e-02
3.173062e-02
3.155354e-02
3.137646e-02
3.119938e-02
3.102230e-02
3.084522e-02
3.066815e-02
2.953061e-02
2.937117e-02
2.921173e-02
2.905230e-02
2.889286e-02
2.873342e-02
2.857399e-02
2.841455e-02
2.825511e-02
2.685691e-02
2.671888e-02
2.658085e-02
2.644283e-02
2.630480e-02
2.616677e-02
2.602875e-02
2.589072e-02
2.575270e-02
2.408267e-02
2.396539e-02
2.384811e-02
2.373083e-02
2.361356e-02
2.349628e-02
2.337900e-02
2.326172e-02
2.314444e-02
2.156280e-02
2.140582e-02
2.124883e-02
2.109185e-02
2.093487e-02
2.077789e-02
2.062090e-02
2.046392e-02
2.030694e-02
-2.458807e+00
7.038796e-01
6.962328e-01
6.885861e-01
6.809393e-01
6.732925e-01
6.656458e-01
6.579990e-01
-2.438274e+00
-2.052673e+00
5.781444e-01
5.749312e-01
5.717181e-01
5.685049e-01
5.652917e-01
5.620785e-01
5.588653e-01
-2.035618e+00
-1.635206e+00
4.545419e-01
4.531906e-01
4.518394e-01
4.504881e-01
4.491369e-01
4.477857e-01
4.464344e-01
-1.604443e+00
-1.213942e+00
3.289388e-01
3.300148e-01
3.310909e-01
3.321669e-01
3.332429e-01
3.343189e-01
3.353949e-01
-1.174776e+00
-7.857280e-01
2.006509e-01
2.047173e-01
2.087836e-01
2.128500e-01
2.169163e-01
2.209827e-01
2.250490e-01
-7.447948e-01
-3.569252e-01
7.486372e-02
8.069649e-02
8.652927e-02
9.236204e-02
9.819482e-02
1.040276e-01
1.098604e-01
-3.069793e-01
7.464597e-02
-5.235877e-02
-4.430952e-02
-3.626028e-02
-2.821104e-02
-2.016180e-02
-1.211256e-02
-4.063314e-03
1.287290e-01
5.024997e-01
-1.800862e-01
-1.687441e-01
-1.574020e-01
-1.460599e-01
-1.347178e-01
-1.233757e-01
-1.120337e-01
5.485781e-01
-7.563054e-03
-7.375960e-03
-7.188867e-03
-7.001773e-03
-6.814680e-03
-6.627586e-03
-6.440493e-03
-6.253399e-03
-6.066305e-03
-1.019457e-02
-1.006376e-02
-9.932952e-03
-9.802144e-03
-9.671335e-03
-9.540526e-03
-9.409718e-03
-9.278909e-03
-9.148100e-03
-1.315010e-02
-1.299413e-02
-1.283815e-02
-1.268218e-02
-1.252621e-02
-1.237023e-02
-1.221426e-02
-1.205829e-02
-1.190231e-02
-1.596138e-02
-1.579697e-02
-1.563257e-02
-1.546817e-02
-1.530377e-02
-1.513936e-02
-1.497496e-02
-1.481056e-02
-1.464615e-02
-1.873228e-02
-1.854485e-02
-1.835743e-02
-1.817000e-02
-1.798258e-02
-1.779515e-02
-1.760773e-02
-1.742030e-02
-1.723288e-02
-2.133915e-02
-2.114430e-02
-2.094945e-02
-2.075460e-02
-2.055975e-02
-2.036491e-02
-2.017006e-02
-1.997521e-02
-1.978036e-02
-2.387379e-02
-2.366344e-02
-2.345309e-02
-2.324274e-02
-2.303239e-02
-2.282205e-02
-2.261170e-02
-2.240135e-02
-2.219100e-02
-2.625446e-02
-2.604052e-02
-2.582657e-02
-2.561263e-02
-2.539869e-02
-2.518474e-02
-2.497080e-02
-2.475685e-02
-2.454291e-02
-2.855399e-02
-2.832955e-02
-2.810511e-02
-2.788068e-02
-2.765624e-02
-2.743180e-02
-2.720736e-02
-2.698292e-02
-2.675848e-02
-3.070303e-02
-3.048006e-02
-3.025709e-02
-3.003412e-02
-2.981114e-02
-2.958817e-02
-2.936520e-02
-2.914223e-02
-2.891926e-02
-3.277709e-02
-3.254377e-02
-3.231044e-02
-3.207711e-02
-3.184378e-02
-3.161046e-02
-3.137713e-02
-3.114380e-02
-3.091047e-02
-3.468274e-02
-3.445493e-02
-3.422712e-02
-3.399931e-02
-3.377150e-02
-3.354369e-02
-3.331588e-02
-3.308807e-02
-3.286026e-02
-3.652837e-02
-3.629399e-02
-3.605961e-02
-3.582523e-02
-3.559085e-02
-3.535647e-02
-3.512209e-02
-3.488771e-02
-3.465333e-02
-3.821820e-02
-3.799063e-02
-3.776306e-02
-3.753549e-02
-3.730791e-02
-3.708034e-02
-3.685277e-02
-3.662520e-02
-3.639763e-02
-3.984879e-02
-3.961914e-02
-3.938948e-02
-3.915982e-02
-3.893017e-02
-3.870051e-02
-3.847085e-02
-3.824120e-02
-3.801154e-02
-4.134528e-02
-4.112081e-02
-4.089633e-02
-4.067185e-02
-4.044738e-02
-4.022290e-02
-3.999843e-02
-3.977395e-02
-3.954948e-02
-4.277381e-02
-4.255425e-02
-4.233469e-02
-4.211513e-02
-4.189557e-02
-4.167601e-02
-4.145645e-02
-4.123689e-02
-4.101733e-02
-4.410932e-02
-4.389105e-02
-4.367277e-02
-4.345450e-02
-4.323622e-02
-4.301795e-02
-4.279967e-02
-4.258140e-02
-4.236312e-02
-4.534198e-02
-4.513269e-02
-4.492340e-02
-4.471411e-02
-4.450482e-02
-4.429553e-02
-4.408624e-02
-4.387695e-02
-4.366766e-02
-4.652123e-02
-4.631412e-02
-4.610701e-02
-4.589990e-02
-4.569279e-02
-4.548568e-02
-4.527857e-02
-4.507146e-02
-4.486435e-02
-4.758417e-02
-4.738380e-02
-4.718343e-02
-4.698305e-02
-4.678268e-02
-4.658231e-02
-4.638194e-02
-4.618157e-02
-4.598120e-02
-4.859540e-02
-4.840290e-02
-4.821041e-02
-4.801792e-02
-4.782543e-02
-4.763294e-02
-4.744044e-02
-4.724795e-02
-4.705546e-02
-4.953172e-02
-4.934292e-02
-4.915411e-02
-4.896530e-02
-4.877650e-02
-4.858769e-02
-4.839889e-02
-4.821008e-02
-4.802128e-02
-5.034693e-02
-5.016417e-02
-4.998142e-02
-4.979867e-02
-4.961592e-02
-4.943317e-02
-4.925042e-02
-4.906767e-02
-4.888492e-02
-4.966386e-01
-4.884979e-01
-4.803571e-01
-4.722163e-01
-4.640755e-01
-4.559347e-01
-4.477939e-01
-4.396532e-01
-4.315124e-01
-5.031796e-01
-4.948793e-01
-4.865789e-01
-4.782786e-01
-4.699783e-01
-4.616779e-01
-4.533776e-01
-4.450773e-01
-4.367769e-01
-5.106142e-01
-5.020296e-01
-4.934451e-01
-4.848606e-01
-4.762760e-01
-4.676915e-01
-4.591069e-01
-4.505224e-01
-4.419378e-01
-5.177994e-01
-5.089316e-01
-5.000638e-01
-4.911959e-01
-4.823281e-01
-4.734603e-01
-4.645924e-01
-4.557246e-01
-4.468568e-01
-5.243225e-01
-5.151044e-01
-5.058863e-01
-4.966682e-01
-4.874501e-01
-4.782320e-01
-4.690139e-01
-4.597959e-01
-4.505778e-01
-5.297635e-01
-5.202822e-01
-5.108010e-01
-5.013198e-01
-4.918385e-01
-4.823573e-01
-4.728761e-01
-4.633948e-01
-4.539136e-01
-5.350813e-01
-5.253253e-01
-5.155694e-01
-5.058134e-01
-4.960574e-01
-4.863015e-01
-4.765455e-01
-4.667895e-01
-4.570336e-01
-5.396930e-01
-5.296324e-01
-5.195717e-01
-5.095110e-01
-4.994504e-01
-4.893897e-01
-4.793290e-01
-4.692684e-01
-4.592077e-01
-5.434222e-01
-5.331012e-01
-5.227803e-01
-5.124594e-01
-5.021384e-01
-4.918175e-01
-4.814966e-01
-4.711756e-01
-4.608547e-01
-5.470217e-01
-5.364451e-01
-5.258686e-01
-5.152920e-01
-5.047154e-01
-4.941388e-01
-4.835622e-01
-4.729856e-01
-4.624091e-01
-5.499269e-01
-5.390720e-01
-5.282170e-01
-5.173620e-01
-5.065070e-01
-4.956521e-01
-4.847971e-01
-4.739421e-01
-4.630871e-01
-5.518979e-01
-5.407938e-01
-5.296896e-01
-5.185855e-01
-5.074814e-01
-4.963773e-01
-4.852732e-01
-4.741691e-01
-4.630650e-01
-5.567968e-01
-5.446849e-01
-5.325730e-01
-5.204611e-01
-5.083492e-01
-4.962372e-01
-4.841253e-01
-4.720134e-01
-4.599015e-01
-5.574838e-01
-5.453864e-01
-5.332891e-01
-5.211917e-01
-5.090943e-01
-4.969970e-01
-4.848996e-01
-4.728023e-01
-4.607049e-01
-5.667283e-02
-5.630649e-02
-5.594016e-02
-5.557383e-02
-5.520750e-02
-5.484117e-02
-5.447484e-02
-5.410851e-02
-5.374218e-02
-5.661798e-02
-5.625277e-02
-5.588755e-02
-5.552234e-02
-5.515712e-02
-5.479191e-02
-5.442669e-02
-5.406148e-02
-5.369626e-02
-5.651835e-02
-5.615409e-02
-5.578984e-02
-5.542558e-02
-5.506133e-02
-5.469707e-02
-5.433282e-02
-5.396856e-02
-5.360431e-02
-5.633238e-02
-5.596996e-02
-5.560753e-02
-5.524511e-02
-5.488269e-02
-5.452026e-02
-5.415784e-02
-5.379541e-02
-5.343299e-02
-5.607129e-02
-5.570957e-02
-5.534785e-02
-5.498613e-02
-5.462441e-02
-5.426269e-02
-5.390097e-02
-5.353925e-02
-5.317754e-02
-5.580577e-02
-5.544473e-02
-5.508368e-02
-5.472264e-02
-5.436160e-02
-5.400055e-02
-5.363951e-02
-5.327847e-02
-5.291743e-02
-5.548665e-02
-5.512741e-02
-5.476816e-02
-5.440892e-02
-5.404967e-02
-5.369042e-02
-5.333118e-02
-5.297193e-02
-5.261269e-02
-5.508575e-02
-5.472796e-02
-5.437017e-02
-5.401238e-02
-5.365459e-02
-5.329681e-02
-5.293902e-02
-5.258123e-02
-5.222344e-02
-5.465242e-02
-5.429507e-02
-5.393771e-02
-5.358036e-02
-5.322301e-02
-5.286565e-02
-5.250830e-02
-5.215095e-02
-5.179359e-02
-5.421070e-02
-5.385399e-02
-5.349728e-02
-5.314058e-02
-5.278387e-02
-5.242716e-02
-5.207046e-02
-5.171375e-02
-5.135704e-02
-5.368643e-02
-5.333276e-02
-5.297909e-02
-5.262543e-02
-5.227176e-02
-5.191809e-02
-5.156442e-02
-5.121075e-02
-5.085709e-02
-5.309692e-02
-5.274360e-02
-5.239028e-02
-5.203696e-02
-5.168364e-02
-5.133032e-02
-5.097700e-02
-5.062368e-02
-5.027036e-02
-5.250022e-02
-5.214710e-02
-5.179397e-02
-5.144084e-02
-5.108772e-02
-5.073459e-02
-5.038146e-02
-5.002834e-02
-4.967521e-02
-5.187549e-02
-5.152371e-02
-5.117194e-02
-5.082016e-02
-5.046839e-02
-5.011662e-02
-4.976484e-02
-4.941307e-02
-4.906129e-02
-5.118352e-02
-5.083389e-02
-5.048427e-02
-5.013465e-02
-4.978502e-02
-4.943540e-02
-4.908578e-02
-4.873615e-02
-4.838653e-02
-5.045582e-02
-5.010619e-02
-4.975655e-02
-4.940692e-02
-4.905728e-02
-4.870764e-02
-4.835801e-02
-4.800837e-02
-4.765874e-02
-4.972581e-02
-4.937616e-02
-4.902651e-02
-4.867686e-02
-4.832721e-02
-4.797757e-02
-4.762792e-02
-4.727827e-02
-4.692862e-02
-4.895577e-02
-4.860811e-02
-4.826045e-02
-4.791279e-02
-4.756513e-02
-4.721747e-02
-4.686981e-02
-4.652215e-02
-4.617449e-02
-4.813552e-02
-4.778885e-02
-4.744219e-02
-4.709553e-02
-4.674887e-02
-4.640220e-02
-4.605554e-02
-4.570888e-02
-4.536222e-02
-4.729700e-02
-4.695015e-02
-4.660330e-02
-4.625645e-02
-4.590960e-02
-4.556275e-02
-4.521590e-02
-4.486905e-02
-4.452221e-02
-4.645831e-02
-4.611126e-02
-4.576422e-02
-4.541717e-02
-4.507012e-02
-4.472308e-02
-4.437603e-02
-4.402898e-02
-4.368194e-02
-4.557479e-02
-4.523009e-02
-4.488539e-02
-4.454069e-02
-4.419599e-02
-4.385129e-02
-4.350659e-02
-4.316189e-02
-4.281718e-02
-4.465386e-02
-4.430926e-02
-4.396465e-02
-4.362005e-02
-4.327544e-02
-4.293084e-02
-4.258623e-02
-4.224163e-02
-4.189702e-02
-4.372462e-02
-4.337967e-02
-4.303473e-02
-4.268978e-02
-4.234483e-02
-4.199988e-02
-4.165493e-02
-4.130998e-02
-4.096503e-02
-4.279218e-02
-4.244710e-02
-4.210203e-02
-4.175696e-02
-4.141189e-02
-4.106682e-02
-4.072175e-02
-4.037668e-02
-4.003160e-02
-4.182539e-02
-4.148192e-02
-4.113844e-02
-4.079497e-02
-4.045150e-02
-4.010803e-02
-3.976455e-02
-3.942108e-02
-3.907761e-02
-4.083547e-02
-4.049169e-02
-4.014791e-02
-3.980412e-02
-3.946034e-02
-3.911656e-02
-3.877277e-02
-3.842899e-02
-3.808521e-02
-3.984170e-02
-3.949745e-02
-3.915320e-02
-3.880895e-02
-3.846469e-02
-3.812044e-02
-3.777619e-02
-3.743194e-02
-3.708769e-02
-3.891015e-02
-3.855182e-02
-3.819349e-02
-3.783516e-02
-3.747683e-02
-3.711850e-02
-3.676017e-02
-3.640184e-02
-3.604351e-02
-3.790196e-02
-3.754499e-02
-3.718802e-02
-3.683104e-02
-3.647407e-02
-3.611710e-02
-3.576013e-02
-3.540316e-02
-3.504619e-02
-3.688278e-02
-3.652611e-02
-3.616943e-02
-3.581276e-02
-3.545608e-02
-3.509941e-02
-3.474273e-02
-3.438606e-02
-3.402938e-02
-3.586195e-02
-3.550552e-02
-3.514908e-02
-3.479265e-02
-3.443621e-02
-3.407978e-02
-3.372334e-02
-3.336691e-02
-3.301047e-02
-3.484083e-02
-3.448465e-02
-3.412847e-02
-3.377229e-02
-3.341611e-02
-3.305993e-02
-3.270375e-02
-3.234757e-02
-3.199139e-02
-3.381906e-02
-3.346315e-02
-3.310724e-02
-3.275133e-02
-3.239542e-02
-3.203951e-02
-3.168360e-02
-3.132769e-02
-3.097178e-02
-3.279730e-02
-3.244160e-02
-3.208590e-02
-3.173020e-02
-3.137451e-02
-3.101881e-02
-3.066311e-02
-3.030742e-02
-2.995172e-02
-3.177528e-02
-3.141979e-02
-3.106429e-02
-3.070880e-02
-3.035331e-02
-2.999781e-02
-2.964232e-02
-2.928683e-02
-2.893133e-02
-3.076533e-02
-3.040924e-02
-3.005316e-02
-2.969707e-02
-2.934099e-02
-2.898490e-02
-2.862882e-02
-2.827273e-02
-2.791665e-02
-2.977363e-02
-2.941714e-02
-2.906065e-02
-2.870417e-02
-2.834768e-02
-2.799119e-02
-2.763471e-02
-2.727822e-02
-2.692173e-02
-2.878997e-02
-2.843376e-02
-2.807755e-02
-2.772134e-02
-2.736513e-02
-2.700892e-02
-2.665271e-02
-2.629650e-02
-2.594030e-02
-2.780932e-02
-2.745318e-02
-2.709704e-02
-2.674090e-02
-2.638476e-02
-2.602862e-02
-2.567249e-02
-2.531635e-02
-2.496021e-02
-2.686456e-02
-2.650665e-02
-2.614874e-02
-2.579083e-02
-2.543292e-02
-2.507501e-02
-2.471710e-02
-2.435918e-02
-2.400127e-02
-2.595251e-02
-2.559444e-02
-2.523637e-02
-2.487830e-02
-2.452023e-02
-2.416215e-02
-2.380408e-02
-2.344601e-02
-2.308794e-02
-2.504956e-02
-2.469195e-02
-2.433434e-02
-2.397673e-02
-2.361912e-02
-2.326152e-02
-2.290391e-02
-2.254630e-02
-2.218869e-02
-2.416632e-02
-2.380801e-02
-2.344970e-02
-2.309139e-02
-2.273309e-02
-2.237478e-02
-2.201647e-02
-2.165816e-02
-2.129985e-02
-2.334443e-02
-2.298415e-02
-2.262387e-02
-2.226359e-02
-2.190331e-02
-2.154303e-02
-2.118275e-02
-2.082248e-02
-2.046220e-02
-2.255789e-02
-2.219833e-02
-2.183878e-02
-2.147923e-02
-2.111968e-02
-2.076012e-02
-2.040057e-02
-2.004102e-02
-1.968146e-02
-2.177310e-02
-2.141428e-02
-2.105545e-02
-2.069663e-02
-2.033781e-02
-1.997899e-02
-1.962017e-02
-1.926135e-02
-1.890253e-02
-2.105948e-02
-2.069812e-02
-2.033677e-02
-1.997541e-02
-1.961405e-02
-1.925269e-02
-1.889134e-02
-1.852998e-02
-1.816862e-02
-2.040610e-02
-2.004545e-02
-1.968480e-02
-1.932415e-02
-1.896350e-02
-1.860285e-02
-1.824220e-02
-1.788155e-02
-1.752091e-02
-1.976464e-02
-1.940499e-02
-1.904534e-02
-1.868568e-02
-1.832603e-02
-1.796638e-02
-1.760672e-02
-1.724707e-02
-1.688742e-02
-1.917922e-02
-1.881862e-02
-1.845803e-02
-1.809743e-02
-1.773684e-02
-1.737624e-02
-1.701565e-02
-1.665505e-02
-1.629446e-02
-1.866652e-02
-1.830626e-02
-1.794600e-02
-1.758575e-02
-1.722549e-02
-1.686523e-02
-1.650497e-02
-1.614472e-02
-1.578446e-02
-1.818052e-02
-1.782174e-02
-1.746296e-02
-1.710418e-02
-1.674539e-02
-1.638661e-02
-1.602783e-02
-1.566905e-02
-1.531027e-02
-1.775929e-02
-1.740028e-02
-1.704126e-02
-1.668225e-02
-1.632324e-02
-1.596422e-02
-1.560521e-02
-1.524620e-02
-1.488719e-02
-1.742746e-02
-1.706947e-02
-1.671147e-02
-1.635347e-02
-1.599547e-02
-1.563747e-02
-1.527947e-02
-1.492147e-02
-1.456347e-02
-1.713061e-02
-1.677454e-02
-1.641846e-02
-1.606239e-02
-1.570631e-02
-1.535024e-02
-1.499416e-02
-1.463809e-02
-1.428201e-02
-1.715279e-02
-1.680032e-02
-1.644784e-02
-1.609536e-02
-1.574289e-02
-1.539041e-02
-1.503794e-02
-1.468546e-02
-1.433299e-02
2.313299e+00
-5.659348e-01
-5.511604e-01
-5.363860e-01
-5.216115e-01
-5.068371e-01
-4.920627e-01
-4.772883e-01
2.221826e+00
2.342187e+00
-5.713924e-01
-5.568630e-01
-5.423335e-01
-5.278041e-01
-5.132746e-01
-4.987452e-01
-4.842157e-01
2.246807e+00
2.351004e+00
-5.718370e-01
-5.576969e-01
-5.435568e-01
-5.294167e-01
-5.152765e-01
-5.011364e-01
-4.869963e-01
2.252307e+00
2.372387e+00
-5.753000e-01
-5.615167e-01
-5.477333e-01
-5.339500e-01
-5.201667e-01
-5.063834e-01
-4.926000e-01
2.270571e+00
2.405348e+00
-5.814620e-01
-5.680425e-01
-5.546230e-01
-5.412035e-01
-5.277840e-01
-5.143645e-01
-5.009450e-01
2.300952e+00
2.452505e+00
-5.910491e-01
-5.779474e-01
-5.648456e-01
-5.517439e-01
-5.386422e-01
-5.255405e-01
-5.124387e-01
2.345671e+00
2.512496e+00
-6.036285e-01
-5.908545e-01
-5.780804e-01
-5.653063e-01
-5.525322e-01
-5.397581e-01
-5.269840e-01
2.403852e+00
2.588589e+00
-6.200566e-01
-6.075758e-01
-5.950950e-01
-5.826143e-01
-5.701335e-01
-5.576527e-01
-5.451720e-01
2.478478e+00
2.682584e+00
-6.406594e-01
-6.284874e-01
-6.163155e-01
-6.041435e-01
-5.919715e-01
-5.797995e-01
-5.676275e-01
2.571916e+00
2.797696e+00
-6.662847e-01
-6.543913e-01
-6.424979e-01
-6.306045e-01
-6.187111e-01
-6.068177e-01
-5.949243e-01
2.687097e+00
2.933448e+00
-6.967918e-01
-6.851633e-01
-6.735348e-01
-6.619062e-01
-6.502777e-01
-6.386492e-01
-6.270207e-01
2.823716e+00
3.087954e+00
-7.311351e-01
-7.201141e-01
-7.090930e-01
-6.980720e-01
-6.870509e-01
-6.760299e-01
-6.650088e-01
2.983949e+00
2.562228e+00
-5.857623e-01
-5.862484e-01
-5.867345e-01
-5.872205e-01
-5.877066e-01
-5.881927e-01
-5.886787e-01
2.544431e+00
-7.848227e-02
-7.839593e-02
-7.830960e-02
-7.822327e-02
-7.813694e-02
-7.805061e-02
-7.796427e-02
-7.787794e-02
-7.779161e-02
-7.192008e-02
-7.183781e-02
-7.175554e-02
-7.167327e-02
-7.159100e-02
-7.150872e-02
-7.142645e-02
-7.134418e-02
-7.126191e-02
-6.535789e-02
-6.527968e-02
-6.520147e-02
-6.512326e-02
-6.504505e-02
-6.496684e-02
-6.488863e-02
-6.481042e-02
-6.473221e-02
-5.879571e-02
-5.872156e-02
-5.864741e-02
-5.857326e-02
-5.849911e-02
-5.842496e-02
-5.835081e-02
-5.827666e-02
-5.820251e-02
-5.223352e-02
-5.216343e-02
-5.209334e-02
-5.202325e-02
-5.195317e-02
-5.188308e-02
-5.181299e-02
-5.174290e-02
-5.167281e-02
-4.567134e-02
-4.560531e-02
-4.553928e-02
-4.547325e-02
-4.540722e-02
-4.534119e-02
-4.527517e-02
-4.520914e-02
-4.514311e-02
-3.910915e-02
-3.904718e-02
-3.898521e-02
-3.892325e-02
-3.886128e-02
-3.879931e-02
-3.873734e-02
-3.867538e-02
-3.861341e-02
-3.254696e-02
-3.248906e-02
-3.243115e-02
-3.237324e-02
-3.231534e-02
-3.225743e-02
-3.219952e-02
-3.214162e-02
-3.208371e-02
-2.598478e-02
-2.593093e-02
-2.587708e-02
-2.582324e-02
-2.576939e-02
-2.571555e-02
-2.566170e-02
-2.560785e-02
-2.555401e-02
-1.942259e-02
-1.937280e-02
-1.932302e-02
-1.927323e-02
-1.922345e-02
-1.917366e-02
-1.912388e-02
-1.907409e-02
-1.902431e-02
-1.286040e-02
-1.281468e-02
-1.276895e-02
-1.272323e-02
-1.267751e-02
-1.263178e-02
-1.258606e-02
-1.254033e-02
-1.249461e-02
-6.298217e-03
-6.256553e-03
-6.214890e-03
-6.173226e-03
-6.131563e-03
-6.089899e-03
-6.048236e-03
-6.006572e-03
-5.964909e-03
2.639696e-04
3.015724e-04
3.391752e-04
3.767780e-04
4.143808e-04
4.519837e-04
4.895865e-04
5.271893e-04
5.647921e-04
6.826156e-03
6.859698e-03
6.893240e-03
6.926782e-03
6.960324e-03
6.993866e-03
7.027408e-03
7.060950e-03
7.094492e-03
1.338834e-02
1.341782e-02
1.344730e-02
1.347679e-02
1.350627e-02
1.353575e-02
1.356523e-02
1.359471e-02
1.362419e-02
1.995053e-02
1.997595e-02
2.000137e-02
2.002679e-02
2.005221e-02
2.007763e-02
2.010305e-02
2.012847e-02
2.015389e-02
2.651271e-02
2.653407e-02
2.655543e-02
2.657679e-02
2.659815e-02
2.661951e-02
2.664087e-02
2.666223e-02
2.668359e-02
3.307490e-02
3.309220e-02
3.310950e-02
3.312680e-02
3.314410e-02
3.316140e-02
3.317870e-02
3.319599e-02
3.321329e-02
3.963709e-02
3.965033e-02
3.966356e-02
3.967680e-02
3.969004e-02
3.970328e-02
3.971652e-02
3.972976e-02
3.974299e-02
4.619927e-02
4.620845e-02
4.621763e-02
4.622681e-02
4.623598e-02
4.624516e-02
4.625434e-02
4.626352e-02
4.627269e-02
5.276146e-02
5.276658e-02
5.277169e-02
5.277681e-02
5.278193e-02
5.278704e-02
5.279216e-02
5.279728e-02
5.280239e-02
-1.056295e-01
-1.055157e-01
-1.054020e-01
-1.052883e-01
-1.051746e-01
-1.050609e-01
-1.049471e-01
-1.048334e-01
-1.047197e-01
-9.891971e-02
-9.880902e-02
-9.869834e-02
-9.858766e-02
-9.847697e-02
-9.836629e-02
-9.825560e-02
-9.814492e-02
-9.803424e-02
-9.220997e-02
-9.210231e-02
-9.199466e-02
-9.188701e-02
-9.177936e-02
-9.167171e-02
-9.156406e-02
-9.145641e-02
-9.134876e-02
-8.550022e-02
-8.539561e-02
-8.529099e-02
-8.518637e-02
-8.508175e-02
-8.497713e-02
-8.487252e-02
-8.476790e-02
-8.466328e-02
-7.879048e-02
-7.868890e-02
-7.858731e-02
-7.848573e-02
-7.838414e-02
-7.828256e-02
-7.818097e-02
-7.807939e-02
-7.797780e-02
-7.208074e-02
-7.198219e-02
-7.188363e-02
-7.178508e-02
-7.168653e-02
-7.158798e-02
-7.148943e-02
-7.139087e-02
-7.129232e-02
-6.537099e-02
-6.527548e-02
-6.517996e-02
-6.508444e-02
-6.498892e-02
-6.489340e-02
-6.479788e-02
-6.470236e-02
-6.460684e-02
-5.866125e-02
-5.856876e-02
-5.847628e-02
-5.838379e-02
-5.829131e-02
-5.819882e-02
-5.810634e-02
-5.801385e-02
-5.792137e-02
-5.195151e-02
-5.186205e-02
-5.177260e-02
-5.168315e-02
-5.159370e-02
-5.150424e-02
-5.141479e-02
-5.132534e-02
-5.123589e-02
-4.524176e-02
-4.515534e-02
-4.506893e-02
-4.498251e-02
-4.489609e-02
-4.480967e-02
-4.472325e-02
-4.463683e-02
-4.455041e-02
-3.853202e-02
-3.844863e-02
-3.836525e-02
-3.828186e-02
-3.819848e-02
-3.811509e-02
-3.803170e-02
-3.794832e-02
-3.786493e-02
-3.182228e-02
-3.174193e-02
-3.166157e-02
-3.158122e-02
-3.150087e-02
-3.142051e-02
-3.134016e-02
-3.125981e-02
-3.117945e-02
-2.511254e-02
-2.503522e-02
-2.495790e-02
-2.488057e-02
-2.480325e-02
-2.472593e-02
-2.464861e-02
-2.457129e-02
-2.449397e-02
-1.840279e-02
-1.832851e-02
-1.825422e-02
-1.817993e-02
-1.810564e-02
-1.803136e-02
-1.795707e-02
-1.788278e-02
-1.780850e-02
-1.169305e-02
-1.162179e-02
-1.155054e-02
-1.147929e-02
-1.140803e-02
-1.133678e-02
-1.126552e-02
-1.119427e-02
-1.112302e-02
-4.983306e-03
-4.915085e-03
-4.846864e-03
-4.778643e-03
-4.710422e-03
-4.642201e-03
-4.573980e-03
-4.505759e-03
-4.437538e-03
1.726437e-03
1.791625e-03
1.856813e-03
1.922001e-03
1.987189e-03
2.052376e-03
2.117564e-03
2.182752e-03
2.247940e-03
8.436180e-03
8.498335e-03
8.560489e-03
8.622644e-03
8.684799e-03
8.746954e-03
8.809108e-03
8.871263e-03
8.933418e-03
1.514592e-02
1.520504e-02
1.526417e-02
1.532329e-02
1.538241e-02
1.544153e-02
1.550065e-02
1.555978e-02
1.561890e-02
2.185567e-02
2.191175e-02
2.196784e-02
2.202393e-02
2.208002e-02
2.213611e-02
2.219220e-02
2.224829e-02
2.230438e-02
2.856541e-02
2.861847e-02
2.867152e-02
2.872458e-02
2.877763e-02
2.883069e-02
2.888374e-02
2.893680e-02
2.898985e-02
3.527515e-02
3.532518e-02
3.537520e-02
3.542522e-02
3.547524e-02
3.552527e-02
3.557529e-02
3.562531e-02
3.567533e-02
4.198490e-02
4.203189e-02
4.207887e-02
4.212586e-02
4.217285e-02
4.221984e-02
4.226683e-02
4.231382e-02
4.236081e-02
4.869464e-02
4.873859e-02
4.878255e-02
4.882651e-02
4.887046e-02
4.891442e-02
4.895838e-02
4.900233e-02
4.904629e-02
5.540438e-02
5.544530e-02
5.548623e-02
5.552715e-02
5.556807e-02
5.560900e-02
5.564992e-02
5.569084e-02
5.573177e-02
6.211412e-02
6.215201e-02
6.218990e-02
6.222779e-02
6.226569e-02
6.230358e-02
6.234147e-02
6.237936e-02
6.241725e-02
6.882387e-02
6.885872e-02
6.889358e-02
6.892844e-02
6.896330e-02
6.899815e-02
6.903301e-02
6.906787e-02
6.910272e-02
7.553361e-02
7.556544e-02
7.559726e-02
7.562908e-02
7.566091e-02
7.569273e-02
7.572455e-02
7.575638e-02
7.578820e-02
8.224335e-02
8.227214e-02
8.230094e-02
8.232973e-02
8.235852e-02
8.238731e-02
8.241610e-02
8.244489e-02
8.247368e-02
8.895310e-02
8.897885e-02
8.900461e-02
8.903037e-02
8.905613e-02
8.908189e-02
8.910764e-02
8.913340e-02
8.915916e-02
9.566284e-02
9.568556e-02
9.570829e-02
9.573101e-02
9.575374e-02
9.577646e-02
9.579919e-02
9.582191e-02
9.584464e-02
1.023726e-01
1.023923e-01
1.024120e-01
1.024317e-01
1.024513e-01
1.024710e-01
1.024907e-01
1.025104e-01
1.025301e-01
1.090823e-01
1.090990e-01
1.091156e-01
1.091323e-01
1.091490e-01
1.091656e-01
1.091823e-01
1.091989e-01
1.092156e-01
1.157921e-01
1.158057e-01
1.158193e-01
1.158329e-01
1.158466e-01
1.158602e-01
1.158738e-01
1.158874e-01
1.159011e-01
-1.146949e-01
-1.146814e-01
-1.146680e-01
-1.146546e-01
-1.146412e-01
-1.146277e-01
-1.146143e-01
-1.146009e-01
-1.145875e-01
-1.080343e-01
-1.080176e-01
-1.080009e-01
-1.079842e-01
-1.079675e-01
-1.079508e-01
-1.079341e-01
-1.079174e-01
-1.079007e-01
-1.013738e-01
-1.013538e-01
-1.013338e-01
-1.013138e-01
-1.012938e-01
-1.012738e-01
-1.012539e-01
-1.012339e-01
-1.012139e-01
-9.471326e-02
-9.468999e-02
-9.466672e-02
-9.464344e-02
-9.462017e-02
-9.459690e-02
-9.457362e-02
-9.455035e-02
-9.452708e-02
-8.805273e-02
-8.802617e-02
-8.799962e-02
-8.797306e-02
-8.794650e-02
-8.791995e-02
-8.789339e-02
-8.786684e-02
-8.784028e-02
-8.139219e-02
-8.136235e-02
-8.133251e-02
-8.130268e-02
-8.127284e-02
-8.124300e-02
-8.121316e-02
-8.118332e-02
-8.115349e-02
-7.473166e-02
-7.469854e-02
-7.466542e-02
-7.463229e-02
-7.459917e-02
-7.456605e-02
-7.453293e-02
-7.449981e-02
-7.446669e-02
-6.807112e-02
-6.803472e-02
-6.799832e-02
-6.796191e-02
-6.792551e-02
-6.788911e-02
-6.785270e-02
-6.781630e-02
-6.777990e-02
-6.141059e-02
-6.137090e-02
-6.133122e-02
-6.129153e-02
-6.125184e-02
-6.121216e-02
-6.117247e-02
-6.113279e-02
-6.109310e-02
-5.475005e-02
-5.470708e-02
-5.466412e-02
-5.462115e-02
-5.457818e-02
-5.453521e-02
-5.449224e-02
-5.444927e-02
-5.440631e-02
-4.808952e-02
-4.804327e-02
-4.799702e-02
-4.795076e-02
-4.790451e-02
-4.785826e-02
-4.781201e-02
-4.776576e-02
-4.771951e-02
-4.142898e-02
-4.137945e-02
-4.132991e-02
-4.128038e-02
-4.123085e-02
-4.118131e-02
-4.113178e-02
-4.108225e-02
-4.103271e-02
-3.476845e-02
-3.471563e-02
-3.466281e-02
-3.461000e-02
-3.455718e-02
-3.450437e-02
-3.445155e-02
-3.439874e-02
-3.434592e-02
-2.810791e-02
-2.805181e-02
-2.799571e-02
-2.793962e-02
-2.788352e-02
-2.782742e-02
-2.777132e-02
-2.771522e-02
-2.765912e-02
-2.144738e-02
-2.138800e-02
-2.132861e-02
-2.126923e-02
-2.120985e-02
-2.115047e-02
-2.109109e-02
-2.103171e-02
-2.097233e-02
-1.478684e-02
-1.472418e-02
-1.466151e-02
-1.459885e-02
-1.453619e-02
-1.447352e-02
-1.441086e-02
-1.434820e-02
-1.428553e-02
-8.126306e-03
-8.060360e-03
-7.994414e-03
-7.928468e-03
-7.862522e-03
-7.796576e-03
-7.730629e-03
-7.664683e-03
-7.598737e-03
-1.465771e-03
-1.396543e-03
-1.327314e-03
-1.258085e-03
-1.188857e-03
-1.119628e-03
-1.050399e-03
-9.811704e-04
-9.119417e-04
5.194764e-03
5.267275e-03
5.339786e-03
5.412297e-03
5.484809e-03
5.557320e-03
5.629831e-03
5.702343e-03
5.774854e-03
1.185530e-02
1.193109e-02
1.200689e-02
1.208268e-02
1.215847e-02
1.223427e-02
1.231006e-02
1.238586e-02
1.246165e-02
1.851583e-02
1.859491e-02
1.867399e-02
1.875306e-02
1.883214e-02
1.891122e-02
1.899029e-02
1.906937e-02
1.914844e-02
2.517637e-02
2.525873e-02
2.534109e-02
2.542345e-02
2.550580e-02
2.558816e-02
2.567052e-02
2.575288e-02
2.583524e-02
3.183690e-02
3.192254e-02
3.200819e-02
3.209383e-02
3.217947e-02
3.226511e-02
3.235075e-02
3.243639e-02
3.252203e-02
3.849744e-02
3.858636e-02
3.867529e-02
3.876421e-02
3.885313e-02
3.894206e-02
3.903098e-02
3.911991e-02
3.920883e-02
4.515797e-02
4.525018e-02
4.534239e-02
4.543459e-02
4.552680e-02
4.561901e-02
4.571121e-02
4.580342e-02
4.589563e-02
5.181851e-02
5.191400e-02
5.200949e-02
5.210498e-02
5.220046e-02
5.229595e-02
5.239144e-02
5.248693e-02
5.258242e-02
5.847904e-02
5.857781e-02
5.867659e-02
5.877536e-02
5.887413e-02
5.897290e-02
5.907167e-02
5.917045e-02
5.926922e-02
6.513958e-02
6.524163e-02
6.534369e-02
6.544574e-02
6.554780e-02
6.564985e-02
6.575190e-02
6.585396e-02
6.595601e-02
7.180011e-02
7.190545e-02
7.201079e-02
7.211612e-02
7.222146e-02
7.232680e-02
7.243213e-02
7.253747e-02
7.264281e-02
7.846065e-02
7.856927e-02
7.867789e-02
7.878651e-02
7.889513e-02
7.900375e-02
7.911236e-02
7.922098e-02
7.932960e-02
8.512118e-02
8.523309e-02
8.534499e-02
8.545689e-02
8.556879e-02
8.568069e-02
8.579259e-02
8.590450e-02
8.601640e-02
9.178172e-02
9.189690e-02
9.201209e-02
9.212727e-02
9.224246e-02
9.235764e-02
9.247283e-02
9.258801e-02
9.270319e-02
9.844225e-02
9.856072e-02
9.867919e-02
9.879765e-02
9.891612e-02
9.903459e-02
9.915306e-02
9.927152e-02
9.938999e-02
1.051028e-01
1.052245e-01
1.053463e-01
1.054680e-01
1.055898e-01
1.057115e-01
1.058333e-01
1.059550e-01
1.060768e-01
SCALARS S33 float 1
LOOKUP_TABLE default
3.981404e-14
7.171184e-14
6.123446e-14
5.518086e-14
4.749745e-14
4.074536e-14
3.608875e-14
2.793968e-14
-3.259629e-15
4.377216e-14
6.635673e-14
5.634502e-14
5.052425e-14
4.400499e-14
3.934838e-14
3.259629e-14
2.514571e-14
-4.423782e-15
4.400499e-14
6.076880e-14
5.168840e-14
4.586764e-14
4.004687e-14
3.457535e-14
2.968591e-14
2.235174e-14
4.190952e-15
2.898742e-14
5.436596e-14
4.621688e-14
4.062895e-14
3.573950e-14
3.201421e-14
2.700835e-14
1.979060e-14
-5.471520e-15
3.038440e-14
4.819594e-14
4.109461e-14
3.713649e-14
3.224704e-14
2.782326e-14
2.351590e-14
1.862645e-14
4.540198e-15
2.724119e-14
4.097819e-14
3.655441e-14
3.213063e-14
2.840534e-14
2.421439e-14
2.095476e-14
1.722947e-14
1.012813e-14
2.037268e-14
3.713649e-14
3.119931e-14
2.747402e-14
2.421439e-14
2.118759e-14
1.792796e-14
1.385342e-14
1.979060e-15
2.083834e-14
3.044261e-14
2.578599e-14
2.305023e-14
2.002344e-14
1.734588e-14
1.548324e-14
1.234002e-14
-2.793968e-15
1.833541e-14
2.403976e-14
2.101297e-14
1.862645e-14
1.641456e-14
1.426088e-14
1.228182e-14
9.371433e-15
-3.841706e-15
9.749783e-15
1.821900e-14
1.548324e-14
1.396984e-14
1.228182e-14
1.082662e-14
9.313226e-15
7.159542e-15
2.328306e-15
7.479684e-15
1.245644e-14
1.050648e-14
9.371433e-15
8.381903e-15
7.508788e-15
6.402843e-15
4.831236e-15
3.492460e-16
5.326001e-15
7.465133e-15
6.446498e-15
5.835318e-15
5.209586e-15
4.540198e-15
4.045432e-15
3.230525e-15
4.365575e-16
4.797812e-15
4.357332e-15
3.916455e-15
3.473929e-15
3.030436e-15
2.585693e-15
2.140496e-15
1.697572e-15
1.252374e-15
-5.764832e-15
-5.036782e-15
-4.306230e-15
-3.576702e-15
-2.846413e-15
-2.116394e-15
-1.387434e-15
-6.580194e-16
7.185008e-17
-1.939043e-14
-1.714670e-14
-1.489843e-14
-1.265244e-14
-1.040394e-14
-8.155212e-15
-5.908987e-15
-3.662867e-15
-1.415970e-15
-3.302193e-14
-2.926299e-14
-2.549586e-14
-2.173147e-14
-1.796616e-14
-1.419903e-14
-1.043372e-14
-6.667506e-15
-2.897423e-15
-4.665344e-14
-4.138292e-14
-3.610239e-14
-3.082096e-14
-2.552952e-14
-2.024171e-14
-1.495573e-14
-9.677933e-15
-4.393769e-15
-6.030314e-14
-5.351285e-14
-4.670437e-14
-3.990863e-14
-3.310106e-14
-2.629622e-14
-1.948865e-14
-1.268563e-14
-5.870788e-15
-7.394738e-14
-6.563823e-14
-5.731999e-14
-4.900357e-14
-4.067442e-14
-3.234891e-14
-2.401794e-14
-1.569424e-14
-7.357812e-15
-8.760253e-14
-7.776180e-14
-6.792470e-14
-5.808215e-14
-4.823778e-14
-3.838431e-14
-2.854176e-14
-1.869921e-14
-8.849383e-15
-1.012158e-13
-8.988536e-14
-7.852213e-14
-6.716436e-14
-5.579568e-14
-4.442518e-14
-3.306195e-14
-2.171510e-14
-1.037006e-14
-1.148655e-13
-1.019944e-13
-8.911593e-14
-7.623748e-14
-6.335722e-14
-5.046604e-14
-3.759124e-14
-2.471279e-14
-1.181434e-14
-1.284534e-13
-1.140834e-13
-9.969153e-14
-8.530697e-14
-7.090421e-14
-5.650872e-14
-4.209869e-14
-2.770685e-14
-1.328590e-14
-1.420376e-13
-1.261542e-13
-1.102526e-13
-9.435826e-14
-7.843119e-14
-6.252594e-14
-4.660978e-14
-3.069727e-14
-1.478475e-14
-1.556145e-13
-1.382177e-13
-1.208100e-13
-1.034059e-13
-8.596908e-14
-6.854680e-14
-5.110996e-14
-3.369860e-14
-1.624721e-14
-1.691769e-13
-1.502594e-13
-1.313419e-13
-1.124172e-13
-9.349242e-14
-7.454582e-14
-5.560287e-14
-3.669265e-14
-1.773878e-14
-1.826484e-13
-1.622648e-13
-1.418484e-13
-1.214212e-13
-1.009830e-13
-8.054485e-14
-6.009941e-14
-3.965761e-14
-1.920489e-14
-1.961416e-13
-1.742555e-13
-1.523476e-13
-1.304179e-13
-1.084627e-13
-8.651477e-14
-6.455957e-14
-4.263711e-14
-2.069282e-14
-2.096640e-13
-1.862536e-13
-1.628214e-13
-1.393964e-13
-1.159424e-13
-9.249561e-14
-6.905611e-14
-4.563117e-14
-2.215529e-14
-2.231172e-13
-1.981898e-13
-1.732551e-13
-1.483349e-13
-1.233893e-13
-9.844734e-14
-7.350900e-14
-4.855974e-14
-2.361776e-14
-2.364250e-13
-2.100569e-13
-1.836306e-13
-1.572334e-13
-1.307926e-13
-1.043445e-13
-7.792551e-14
-5.152106e-14
-2.507659e-14
-2.498127e-13
-2.219240e-13
-1.940207e-13
-1.661319e-13
-1.382214e-13
-1.102962e-13
-8.237839e-14
-5.446782e-14
-2.651359e-14
-2.630622e-13
-2.337620e-13
-2.043816e-13
-1.750086e-13
-1.455992e-13
-1.161752e-13
-8.678762e-14
-5.740003e-14
-2.799788e-14
-2.763554e-13
-2.455272e-13
-2.146699e-13
-1.838125e-13
-1.529406e-13
-1.220615e-13
-9.118230e-14
-6.031769e-14
-2.940942e-14
-2.895540e-13
-2.572415e-13
-2.249362e-13
-1.926019e-13
-1.602748e-13
-1.279113e-13
-9.555515e-14
-6.322807e-14
-3.082096e-14
-3.026362e-13
-2.689267e-13
-2.351590e-13
-2.014058e-13
-1.675726e-13
-1.337321e-13
-9.992800e-14
-6.613845e-14
-3.232708e-14
-3.157911e-13
-2.805973e-13
-2.453380e-13
-2.101224e-13
-1.748413e-13
-1.395383e-13
-1.042790e-13
-6.902701e-14
-3.373862e-14
-3.284003e-13
-2.917805e-13
-2.551678e-13
-2.185261e-13
-1.818407e-13
-1.451699e-13
-1.084554e-13
-7.179187e-14
-3.505556e-14
-3.411478e-13
-3.031600e-13
-2.650922e-13
-2.270463e-13
-1.889566e-13
-1.508306e-13
-1.127337e-13
-7.462222e-14
-3.643800e-14
-3.539535e-13
-3.144887e-13
-2.749657e-13
-2.354864e-13
-1.959706e-13
-1.564476e-13
-1.169392e-13
-7.741619e-14
-3.787864e-14
-3.665045e-13
-3.256355e-13
-2.847810e-13
-2.438755e-13
-2.029556e-13
-1.620429e-13
-1.211229e-13
-8.021016e-14
-3.927562e-14
-3.789610e-13
-3.367823e-13
-2.944871e-13
-2.522211e-13
-2.098895e-13
-1.675653e-13
-1.252411e-13
-8.293136e-14
-4.064350e-14
-3.914174e-13
-3.478199e-13
-3.041932e-13
-2.605448e-13
-2.168017e-13
-1.730878e-13
-1.293665e-13
-8.571806e-14
-4.206231e-14
-4.038666e-13
-3.588430e-13
-3.137975e-13
-2.687157e-13
-2.236484e-13
-1.785666e-13
-1.335065e-13
-8.846109e-14
-4.335743e-14
-4.160611e-13
-3.696696e-13
-3.232562e-13
-2.768502e-13
-2.304150e-13
-1.839871e-13
-1.375520e-13
-9.115320e-14
-4.461617e-14
-4.281173e-13
-3.804162e-13
-3.326713e-13
-2.849265e-13
-2.371526e-13
-1.893495e-13
-1.415465e-13
-9.381620e-14
-4.604226e-14
-4.402100e-13
-3.911555e-13
-3.420864e-13
-2.929737e-13
-2.438610e-13
-1.947046e-13
-1.455701e-13
-9.643554e-14
-4.727190e-14
-4.520698e-13
-4.016911e-13
-3.513123e-13
-3.008754e-13
-2.504385e-13
-1.999724e-13
-1.495209e-13
-9.906944e-14
-4.857429e-14
-4.638423e-13
-4.120666e-13
-3.603491e-13
-3.086461e-13
-2.568704e-13
-2.051092e-13
-1.533772e-13
-1.016451e-13
-4.984031e-14
-4.753965e-13
-4.223839e-13
-3.693858e-13
-3.164023e-13
-2.633315e-13
-2.102897e-13
-1.572189e-13
-1.042063e-13
-5.109177e-14
-4.869216e-13
-4.326866e-13
-3.783643e-13
-3.241294e-13
-2.697780e-13
-2.154120e-13
-1.610606e-13
-1.067383e-13
-5.234324e-14
-4.981994e-13
-4.426838e-13
-3.871246e-13
-3.315654e-13
-2.759625e-13
-2.204033e-13
-1.647713e-13
-1.092412e-13
-5.355105e-14
-5.091279e-13
-4.524336e-13
-3.956811e-13
-3.389141e-13
-2.820889e-13
-2.252636e-13
-1.684384e-13
-1.116568e-13
-5.486072e-14
-5.201582e-13
-4.621979e-13
-4.041940e-13
-3.462337e-13
-2.882152e-13
-2.301531e-13
-1.721055e-13
-1.140870e-13
-5.598122e-14
-5.308684e-13
-4.717585e-13
-4.126050e-13
-3.534224e-13
-2.941815e-13
-2.349407e-13
-1.756707e-13
-1.164881e-13
-5.710172e-14
-5.414040e-13
-4.810718e-13
-4.207104e-13
-3.603782e-13
-2.999732e-13
-2.395100e-13
-1.791195e-13
-1.187436e-13
-5.838228e-14
-5.515758e-13
-4.901522e-13
-4.286703e-13
-3.671885e-13
-3.056339e-13
-2.440502e-13
-1.825101e-13
-1.210283e-13
-5.945913e-14
-5.616457e-13
-4.992035e-13
-4.365866e-13
-3.739551e-13
-3.112800e-13
-2.486049e-13
-1.858862e-13
-1.232693e-13
-6.057962e-14
-5.715119e-13
-5.078909e-13
-4.441681e-13
-3.804744e-13
-3.167079e-13
-2.529268e-13
-1.891458e-13
-1.254084e-13
-6.155460e-14
-5.807378e-13
-5.161710e-13
-4.514732e-13
-3.867171e-13
-3.219466e-13
-2.571032e-13
-1.922454e-13
-1.274893e-13
-6.260234e-14
-5.900802e-13
-5.244656e-13
-4.586764e-13
-3.928726e-13
-3.270252e-13
-2.611632e-13
-1.953158e-13
-1.295557e-13
-6.378104e-14
-5.992188e-13
-5.325128e-13
-4.657049e-13
-3.989117e-13
-3.320602e-13
-2.652087e-13
-1.983717e-13
-1.315493e-13
-6.461050e-14
-6.071787e-13
-5.395705e-13
-4.718459e-13
-4.041940e-13
-3.364112e-13
-2.687011e-13
-2.009474e-13
-1.332519e-13
-6.546907e-14
-8.246861e-13
-7.557683e-13
-6.672926e-13
-5.750917e-13
-4.800968e-13
-3.841706e-13
-2.817251e-13
-1.885928e-13
-9.313226e-14
-8.367933e-13
-7.604249e-13
-6.738119e-13
-5.830079e-13
-4.861504e-13
-3.892928e-13
-2.887100e-13
-1.899898e-13
-8.754432e-14
-8.502975e-13
-7.767230e-13
-6.821938e-13
-5.881302e-13
-4.936010e-13
-3.934838e-13
-2.910383e-13
-1.890585e-13
-7.823110e-14
-8.572824e-13
-7.837079e-13
-6.877817e-13
-5.969778e-13
-4.991889e-13
-3.976747e-13
-2.956949e-13
-1.932494e-13
-8.568168e-14
-8.684583e-13
-7.906929e-13
-6.952323e-13
-6.025657e-13
-5.024485e-13
-4.046597e-13
-2.998859e-13
-1.941808e-13
-9.033829e-14
-8.689240e-13
-7.981434e-13
-7.031485e-13
-6.062910e-13
-5.085021e-13
-4.060566e-13
-2.989545e-13
-1.969747e-13
-9.452924e-14
-8.800998e-13
-8.037314e-13
-7.096678e-13
-6.123446e-13
-5.117618e-13
-4.079193e-13
-3.008172e-13
-2.034940e-13
-9.452924e-14
-8.903444e-13
-8.093193e-13
-7.143244e-13
-6.160699e-13
-5.150214e-13
-4.121102e-13
-3.054738e-13
-2.025627e-13
-9.452924e-14
-8.940697e-13
-8.167699e-13
-7.199124e-13
-6.211922e-13
-5.220063e-13
-4.186295e-13
-3.059395e-13
-2.002344e-13
-8.847564e-14
-8.996576e-13
-8.223578e-13
-7.236376e-13
-6.267801e-13
-5.243346e-13
-4.190952e-13
-3.059395e-13
-2.030283e-13
-9.732321e-14
-9.043142e-13
-8.251518e-13
-7.255003e-13
-6.295741e-13
-5.252659e-13
-4.167669e-13
-3.110617e-13
-2.025627e-13
-9.313226e-14
-9.182841e-13
-8.298084e-13
-7.320195e-13
-6.305054e-13
-5.252659e-13
-4.209578e-13
-3.119931e-13
-2.058223e-13
-9.685755e-14
-9.099022e-13
-8.307397e-13
-7.310882e-13
-6.351620e-13
-5.308539e-13
-4.237518e-13
-3.124587e-13
-2.062880e-13
-9.965152e-14
-6.827031e-13
-6.066839e-13
-5.305483e-13
-4.544709e-13
-3.783352e-13
-3.021996e-13
-2.260640e-13
-1.499284e-13
-7.367635e-14
-6.841583e-13
-6.080081e-13
-5.317852e-13
-4.555332e-13
-3.792229e-13
-3.028836e-13
-2.265588e-13
-1.503213e-13
-7.398194e-14
-6.840273e-13
-6.078189e-13
-5.315524e-13
-4.553149e-13
-3.790337e-13
-3.027235e-13
-2.264715e-13
-1.502194e-13
-7.393828e-14
-6.830523e-13
-6.069749e-13
-5.309121e-13
-4.548056e-13
-3.785972e-13
-3.023742e-13
-2.261368e-13
-1.500448e-13
-7.383642e-14
-6.814516e-13
-6.055052e-13
-5.296024e-13
-4.536414e-13
-3.776513e-13
-3.016030e-13
-2.255983e-13
-1.497101e-13
-7.360359e-14
-6.782648e-13
-6.028131e-13
-5.272159e-13
-4.516332e-13
-3.759778e-13
-3.003370e-13
-2.246670e-13
-1.490262e-13
-7.322524e-14
-6.749033e-13
-5.997572e-13
-5.244656e-13
-4.492904e-13
-3.739988e-13
-2.987217e-13
-2.234738e-13
-1.482113e-13
-7.284689e-14
-6.699847e-13
-5.954498e-13
-5.207985e-13
-4.461181e-13
-3.713794e-13
-2.965826e-13
-2.218439e-13
-1.471490e-13
-7.241033e-14
-6.638147e-13
-5.898764e-13
-5.159091e-13
-4.419562e-13
-3.678724e-13
-2.938177e-13
-2.198212e-13
-1.457956e-13
-7.168273e-14
-6.569753e-13
-5.838374e-13
-5.106558e-13
-4.374306e-13
-3.641617e-13
-2.908346e-13
-2.175366e-13
-1.442822e-13
-7.092603e-14
-6.484916e-13
-5.763577e-13
-5.040929e-13
-4.318426e-13
-3.594760e-13
-2.870947e-13
-2.147426e-13
-1.424924e-13
-7.027120e-14
-6.388145e-13
-5.678303e-13
-4.966132e-13
-4.254543e-13
-3.541063e-13
-2.828310e-13
-2.115121e-13
-1.402659e-13
-6.896153e-14
-6.281625e-13
-5.582697e-13
-4.882750e-13
-4.182657e-13
-3.481400e-13
-2.780871e-13
-2.079760e-13
-1.379813e-13
-6.784103e-14
-6.158371e-13
-5.472830e-13
-4.786270e-13
-4.100148e-13
-3.412861e-13
-2.726010e-13
-2.039014e-13
-1.352309e-13
-6.648770e-14
-6.023911e-13
-5.354232e-13
-4.683388e-13
-4.012254e-13
-3.339665e-13
-2.667366e-13
-1.994922e-13
-1.323351e-13
-6.511982e-14
-5.874608e-13
-5.220500e-13
-4.565809e-13
-3.910973e-13
-3.255554e-13
-2.600282e-13
-1.944863e-13
-1.290027e-13
-6.351911e-14
-5.712209e-13
-5.076145e-13
-4.439062e-13
-3.802415e-13
-3.165187e-13
-2.528104e-13
-1.891021e-13
-1.253939e-13
-6.168557e-14
-5.531037e-13
-4.915055e-13
-4.298199e-13
-3.681926e-13
-3.064633e-13
-2.447632e-13
-1.830776e-13
-1.214212e-13
-5.966285e-14
-5.334587e-13
-4.740723e-13
-4.145841e-13
-3.551249e-13
-2.956658e-13
-2.361048e-13
-1.766020e-13
-1.171138e-13
-5.756738e-14
-5.123293e-13
-4.552130e-13
-3.981113e-13
-3.410241e-13
-2.838788e-13
-2.267479e-13
-1.695735e-13
-1.124281e-13
-5.523907e-14
-4.894973e-13
-4.350004e-13
-3.804162e-13
-3.258610e-13
-2.712477e-13
-2.166053e-13
-1.620356e-13
-1.074368e-13
-5.283800e-14
-4.651811e-13
-4.133763e-13
-3.615132e-13
-3.096357e-13
-2.577581e-13
-2.058805e-13
-1.539593e-13
-1.021253e-13
-5.013135e-14
-4.391331e-13
-3.903115e-13
-3.413443e-13
-2.924353e-13
-2.434463e-13
-1.944136e-13
-1.453955e-13
-9.638461e-14
-4.731555e-14
-4.118483e-13
-3.659734e-13
-3.201058e-13
-2.742017e-13
-2.282322e-13
-1.822846e-13
-1.363151e-13
-9.041105e-14
-4.442700e-14
-3.828973e-13
-3.403038e-13
-2.976085e-13
-2.549277e-13
-2.121960e-13
-1.694862e-13
-1.267399e-13
-8.403731e-14
-4.132016e-14
-3.527166e-13
-3.133900e-13
-2.740635e-13
-2.347515e-13
-1.954177e-13
-1.560838e-13
-1.167136e-13
-7.740891e-14
-3.803871e-14
-3.210298e-13
-2.852612e-13
-2.494780e-13
-2.137240e-13
-1.778972e-13
-1.420922e-13
-1.062581e-13
-7.046037e-14
-3.456080e-14
-2.881352e-13
-2.560846e-13
-2.239540e-13
-1.918452e-13
-1.596709e-13
-1.275257e-13
-9.535870e-14
-6.325718e-14
-3.111927e-14
-2.565066e-13
-2.279412e-13
-1.993249e-13
-1.707158e-13
-1.420776e-13
-1.134395e-13
-8.482311e-14
-5.621405e-14
-2.757588e-14
-7.380731e-14
-6.426126e-14
-5.098991e-14
-4.027970e-14
-3.026798e-14
-1.932494e-14
-1.024455e-14
1.396984e-15
-3.818423e-14
-7.380731e-14
-5.331822e-14
-4.307367e-14
-3.329478e-14
-2.421439e-14
-1.606531e-14
-7.916242e-15
-2.095476e-15
-2.817251e-14
-4.656613e-14
-4.353933e-14
-3.376044e-14
-2.607703e-14
-1.955777e-14
-1.210719e-14
-6.286427e-15
1.164153e-15
-2.700835e-14
-3.993046e-14
-3.061723e-14
-2.502929e-14
-1.955777e-14
-1.431908e-14
-9.313226e-15
-4.889444e-15
-1.396984e-15
-2.328306e-14
-2.584420e-14
-2.083834e-14
-1.618173e-14
-1.216540e-14
-9.080395e-15
-6.053597e-15
-3.317837e-15
4.656613e-16
-1.117587e-14
-9.255018e-15
-9.225914e-15
-6.926712e-15
-5.471520e-15
-4.103640e-15
-2.764864e-15
-1.513399e-15
1.455192e-16
-4.743924e-15
2.764864e-15
2.619345e-15
2.095476e-15
1.629815e-15
1.193257e-15
7.639755e-16
4.147296e-16
5.093170e-17
1.615263e-15
1.047738e-14
1.402805e-14
1.140870e-14
8.614734e-15
6.228220e-15
3.899913e-15
2.211891e-15
2.328306e-16
9.022187e-15
8.535972e-14
7.583185e-14
6.628397e-14
5.674519e-14
4.719550e-14
3.764944e-14
2.810339e-14
1.855733e-14
9.000360e-15
1.190492e-13
1.057742e-13
9.249197e-14
7.921699e-14
6.593473e-14
5.264155e-14
3.934838e-14
2.606612e-14
1.276567e-14
1.540975e-13
1.369153e-13
1.197368e-13
1.025510e-13
8.533971e-14
6.813934e-14
5.093534e-14
3.372770e-14
1.650915e-14
1.879598e-13
1.670123e-13
1.460394e-13
1.250846e-13
1.040971e-13
8.311690e-14
6.214395e-14
4.116737e-14
2.013985e-14
2.208253e-13
1.962326e-13
1.715962e-13
1.469671e-13
1.223343e-13
9.766882e-14
7.301060e-14
4.837057e-14
2.366869e-14
2.522575e-13
2.241723e-13
1.960434e-13
1.678927e-13
1.397420e-13
1.115695e-13
8.341885e-14
5.526090e-14
2.712477e-14
2.825254e-13
2.510715e-13
2.195811e-13
1.880762e-13
1.565204e-13
1.249646e-13
9.343057e-14
6.192568e-14
3.040623e-14
3.114037e-13
2.766974e-13
2.419620e-13
2.072265e-13
1.724911e-13
1.377630e-13
1.029839e-13
6.827759e-14
3.346213e-14
3.389941e-13
3.012465e-13
2.634260e-13
2.256565e-13
1.878143e-13
1.499648e-13
1.121371e-13
7.430936e-14
3.641617e-14
3.652385e-13
3.245004e-13
2.837623e-13
2.430679e-13
2.023080e-13
1.615626e-13
1.208173e-13
8.008647e-14
3.931200e-14
3.901150e-13
3.466630e-13
3.031309e-13
2.596425e-13
2.160887e-13
1.725712e-13
1.290464e-13
8.557254e-14
4.204048e-14
4.134054e-13
3.674140e-13
3.213136e-13
2.752204e-13
2.290835e-13
1.829321e-13
1.367735e-13
9.066571e-14
4.450703e-14
4.356843e-13
3.872265e-13
3.386303e-13
2.900561e-13
2.414163e-13
1.927765e-13
1.441294e-13
9.554788e-14
4.692265e-14
4.566100e-13
4.057219e-13
3.548048e-13
3.039022e-13
2.529268e-13
2.019951e-13
1.510780e-13
1.001317e-13
4.916365e-14
4.763424e-13
4.233007e-13
3.702007e-13
3.171008e-13
2.639426e-13
2.107845e-13
1.575972e-13
1.044682e-13
5.133916e-14
4.948524e-13
4.397007e-13
3.845053e-13
3.293389e-13
2.741581e-13
2.189190e-13
1.636945e-13
1.085282e-13
5.324546e-14
5.123875e-13
4.553003e-13
3.981986e-13
3.410969e-13
2.839079e-13
2.267043e-13
1.695298e-13
1.123990e-13
5.516631e-14
5.288020e-13
4.698668e-13
4.109024e-13
3.519672e-13
2.929592e-13
2.339657e-13
1.749286e-13
1.159642e-13
5.686888e-14
5.441252e-13
4.835456e-13
4.228204e-13
3.621826e-13
3.014575e-13
2.407469e-13
1.800508e-13
1.193694e-13
5.864422e-14
5.586480e-13
4.964240e-13
4.341273e-13
3.718305e-13
3.094901e-13
2.471352e-13
1.848384e-13
1.225708e-13
6.020127e-14
5.718612e-13
5.081674e-13
4.443864e-13
3.806344e-13
3.168389e-13
2.529996e-13
1.892477e-13
1.254957e-13
6.168557e-14
5.844340e-13
5.193870e-13
4.542526e-13
3.890600e-13
3.238674e-13
2.586457e-13
1.934241e-13
1.282606e-13
6.300979e-14
5.960901e-13
5.297043e-13
4.632748e-13
3.968307e-13
3.302994e-13
2.637680e-13
1.972803e-13
1.308363e-13
6.437767e-14
6.065093e-13
5.387992e-13
4.711910e-13
4.035974e-13
3.359310e-13
2.683082e-13
2.006709e-13
1.330627e-13
6.539631e-14
8.060597e-13
6.863847e-13
5.555339e-13
4.237518e-13
2.901070e-13
1.573935e-13
2.933666e-14
-9.872019e-14
-2.156012e-13
8.298084e-13
6.975606e-13
5.629845e-13
4.284084e-13
2.919696e-13
1.601875e-13
2.747402e-14
-9.872019e-14
-2.281740e-13
8.367933e-13
7.073395e-13
5.741604e-13
4.335307e-13
2.975576e-13
1.601875e-13
2.700835e-14
-1.024455e-13
-2.300367e-13
8.475035e-13
7.147901e-13
5.769543e-13
4.363246e-13
2.989545e-13
1.629815e-13
2.980232e-14
-1.057051e-13
-2.398156e-13
8.451752e-13
7.217750e-13
5.858019e-13
4.437752e-13
3.017485e-13
1.620501e-13
2.747402e-14
-1.019798e-13
-2.263114e-13
8.549541e-13
7.292256e-13
5.890615e-13
4.484318e-13
3.054738e-13
1.648441e-13
2.933666e-14
-1.098961e-13
-2.346933e-13
8.651987e-13
7.357448e-13
5.937181e-13
4.512258e-13
3.078021e-13
1.681037e-13
2.933666e-14
-1.075678e-13
-2.370216e-13
8.707866e-13
7.385388e-13
5.960464e-13
4.535541e-13
3.110617e-13
1.681037e-13
2.840534e-14
-1.094304e-13
-2.384186e-13
8.717179e-13
7.404014e-13
5.997717e-13
4.600734e-13
3.138557e-13
1.671724e-13
2.793968e-14
-1.080334e-13
-2.370216e-13
8.819625e-13
7.487833e-13
6.053597e-13
4.591420e-13
3.133900e-13
1.681037e-13
3.119931e-14
-1.089647e-13
-2.374873e-13
8.931383e-13
7.506460e-13
6.053597e-13
4.582107e-13
3.147870e-13
1.718290e-13
2.980232e-14
-1.098961e-13
-2.481975e-13
8.838251e-13
7.497147e-13
6.072223e-13
4.628673e-13
3.166497e-13
1.708977e-13
2.980232e-14
-1.108274e-13
-2.426095e-13
8.847564e-13
7.515773e-13
6.072223e-13
4.591420e-13
3.147870e-13
1.718290e-13
2.840534e-14
-1.080334e-13
-2.398156e-13
8.875504e-13
7.562339e-13
6.118789e-13
4.619360e-13
3.157184e-13
1.676381e-13
2.654269e-14
-1.098961e-13
-2.379529e-13
6.732007e-13
5.981710e-13
5.232141e-13
4.481699e-13
3.730675e-13
2.980232e-13
2.228626e-13
1.478184e-13
7.271592e-14
6.727059e-13
5.977199e-13
5.226902e-13
4.478061e-13
3.727328e-13
2.976885e-13
2.227316e-13
1.477165e-13
7.259951e-14
6.713526e-13
5.967304e-13
5.218462e-13
4.470494e-13
3.721216e-13
2.971938e-13
2.222660e-13
1.474109e-13
7.249764e-14
6.690534e-13
5.946931e-13
5.201728e-13
4.456233e-13
3.709138e-13
2.961897e-13
2.215966e-13
1.470034e-13
7.246854e-14
6.662449e-13
5.920010e-13
5.176844e-13
4.434551e-13
3.691821e-13
2.949237e-13
2.206070e-13
1.463195e-13
7.190101e-14
6.630435e-13
5.891634e-13
5.152833e-13
4.413887e-13
3.674359e-13
2.934539e-13
2.194865e-13
1.455774e-13
7.159542e-14
6.592309e-13
5.857873e-13
5.122711e-13
4.388130e-13
3.652967e-13
2.917805e-13
2.182642e-13
1.447770e-13
7.114431e-14
6.544433e-13
5.815527e-13
5.086185e-13
4.356698e-13
3.626919e-13
2.896559e-13
2.166344e-13
1.436856e-13
7.060589e-14
6.490882e-13
5.769107e-13
5.045586e-13
4.322646e-13
3.597961e-13
2.873130e-13
2.149172e-13
1.426379e-13
7.032941e-14
6.438931e-13
5.721959e-13
5.004695e-13
4.286703e-13
3.568421e-13
2.850284e-13
2.131565e-13
1.413573e-13
6.945629e-14
6.376067e-13
5.666225e-13
4.955946e-13
4.245085e-13
3.533933e-13
2.822635e-13
2.111046e-13
1.400331e-13
6.880146e-14
6.306655e-13
5.603215e-13
4.900794e-13
4.197645e-13
3.494642e-13
2.791203e-13
2.087327e-13
1.384469e-13
6.795744e-14
6.234768e-13
5.540060e-13
4.845060e-13
4.150206e-13
3.454625e-13
2.759189e-13
2.063607e-13
1.369190e-13
6.728806e-14
6.158371e-13
5.473121e-13
4.786561e-13
4.100730e-13
3.413297e-13
2.726010e-13
2.039014e-13
1.351873e-13
6.645860e-14
6.074843e-13
5.399634e-13
4.722824e-13
4.045432e-13
3.367313e-13
2.689194e-13
2.011220e-13
1.333829e-13
6.560003e-14
5.988404e-13
5.321781e-13
4.653994e-13
3.986934e-13
3.318419e-13
2.650195e-13
1.982116e-13
1.314475e-13
6.458140e-14
5.898182e-13
5.243055e-13
4.586036e-13
3.927998e-13
3.269961e-13
2.610759e-13
1.952576e-13
1.295411e-13
6.382470e-14
5.807815e-13
5.161419e-13
4.513713e-13
3.866735e-13
3.218738e-13
2.570741e-13
1.922599e-13
1.274748e-13
6.257324e-14
5.708425e-13
5.073234e-13
4.437461e-13
3.800815e-13
3.163732e-13
2.526358e-13
1.889566e-13
1.253065e-13
6.158371e-14
5.607144e-13
4.983449e-13
4.358008e-13
3.733148e-13
3.107416e-13
2.481684e-13
1.856242e-13
1.230947e-13
6.052142e-14
5.507754e-13
4.893664e-13
4.279718e-13
3.665627e-13
3.051100e-13
2.436573e-13
1.822482e-13
1.208246e-13
5.934271e-14
5.400652e-13
4.799367e-13
4.197209e-13
3.595196e-13
2.992456e-13
2.389716e-13
1.787266e-13
1.184962e-13
5.829497e-14
5.289621e-13
4.700414e-13
4.110479e-13
3.521127e-13
2.930901e-13
2.340821e-13
1.750595e-13
1.160661e-13
5.691254e-14
5.177717e-13
4.600879e-13
4.023605e-13
3.446476e-13
2.868619e-13
2.290908e-13
1.712906e-13
1.135777e-13
5.580659e-14
5.066104e-13
4.501053e-13
3.936002e-13
3.371242e-13
2.806046e-13
2.241140e-13
1.675944e-13
1.111039e-13
5.455513e-14
4.948233e-13
4.397298e-13
3.845780e-13
3.293680e-13
2.741581e-13
2.189481e-13
1.637090e-13
1.085427e-13
5.328911e-14
4.828471e-13
4.291069e-13
3.752648e-13
3.214373e-13
2.675224e-13
2.136221e-13
1.597509e-13
1.058943e-13
5.202310e-14
4.708418e-13
4.184403e-13
3.659225e-13
3.134337e-13
2.608576e-13
2.083252e-13
1.557637e-13
1.032604e-13
5.071342e-14
4.587928e-13
4.076719e-13
3.565365e-13
3.054010e-13
2.541929e-13
2.029701e-13
1.517474e-13
1.005683e-13
4.933099e-14
4.467292e-13
3.969326e-13
3.471068e-13
2.973247e-13
2.474408e-13
1.976005e-13
1.477674e-13
9.793439e-14
4.805042e-14
4.344474e-13
3.860041e-13
3.375753e-13
2.891320e-13
2.406377e-13
1.921726e-13
1.436711e-13
9.516953e-14
4.660251e-14
4.221874e-13
3.751047e-13
3.279783e-13
2.809320e-13
2.338274e-13
1.867011e-13
1.395820e-13
9.249925e-14
4.525646e-14
4.098620e-13
3.641690e-13
3.184396e-13
2.727465e-13
2.269880e-13
1.812368e-13
1.355147e-13
8.977804e-14
4.396861e-14
3.974710e-13
3.532041e-13
3.088717e-13
2.645465e-13
2.201705e-13
1.757944e-13
1.313892e-13
8.706411e-14
4.270260e-14
3.851310e-13
3.422465e-13
2.993038e-13
2.563247e-13
2.133165e-13
1.702938e-13
1.273002e-13
8.434290e-14
4.136382e-14
3.728346e-13
3.313035e-13
2.897214e-13
2.481465e-13
2.065135e-13
1.648732e-13
1.232402e-13
8.159986e-14
3.993773e-14
3.607711e-13
3.204841e-13
2.802481e-13
2.399829e-13
1.997105e-13
1.594672e-13
1.191947e-13
7.893686e-14
3.859168e-14
3.486857e-13
3.098394e-13
2.709203e-13
2.320230e-13
1.930675e-13
1.541412e-13
1.151930e-13
7.628842e-14
3.732566e-14
3.368696e-13
2.993038e-13
2.617380e-13
2.241432e-13
1.865192e-13
1.488879e-13
1.112421e-13
7.366179e-14
3.603054e-14
3.250316e-13
2.888119e-13
2.525412e-13
2.162560e-13
1.799417e-13
1.436565e-13
1.073204e-13
7.106428e-14
3.477908e-14
3.135065e-13
2.786037e-13
2.436282e-13
2.086526e-13
1.736116e-13
1.385706e-13
1.035369e-13
6.853224e-14
3.349123e-14
3.025852e-13
2.688612e-13
2.350935e-13
2.013112e-13
1.674998e-13
1.337030e-13
9.990617e-14
6.610935e-14
3.225432e-14
2.918241e-13
2.592424e-13
2.266315e-13
1.940498e-13
1.614681e-13
1.288936e-13
9.630457e-14
6.373739e-14
3.112655e-14
2.810775e-13
2.497109e-13
2.183369e-13
1.869776e-13
1.555600e-13
1.241569e-13
9.276118e-14
6.136543e-14
2.995512e-14
2.710876e-13
2.408851e-13
2.106026e-13
1.803273e-13
1.500302e-13
1.197259e-13
8.944335e-14
5.916081e-14
2.881279e-14
2.616944e-13
2.324741e-13
2.032466e-13
1.740336e-13
1.447988e-13
1.155640e-13
8.630013e-14
5.707261e-14
2.780143e-14
2.521992e-13
2.240849e-13
1.959197e-13
1.677545e-13
1.395674e-13
1.113585e-13
8.317147e-14
5.499896e-14
2.679008e-14
2.435700e-13
2.163870e-13
1.891894e-13
1.619846e-13
1.347507e-13
1.075168e-13
8.029747e-14
5.309266e-14
2.585148e-14
2.357483e-13
2.094384e-13
1.830849e-13
1.567678e-13
1.304070e-13
1.040535e-13
7.769268e-14
5.134279e-14
2.493107e-14
2.280431e-13
2.025918e-13
1.771332e-13
1.516455e-13
1.261360e-13
1.006447e-13
7.514973e-14
4.965841e-14
2.412344e-14
2.210145e-13
1.963199e-13
1.716253e-13
1.469380e-13
1.222252e-13
9.749783e-14
7.279232e-14
4.809044e-14
2.337038e-14
2.148372e-13
1.908629e-13
1.668450e-13
1.428380e-13
1.188127e-13
9.479118e-14
7.076233e-14
4.673711e-14
2.271190e-14
2.090892e-13
1.857297e-13
1.623594e-13
1.390072e-13
1.156113e-13
9.221912e-14
6.883056e-14
4.546018e-14
2.205707e-14
2.040360e-13
1.812441e-13
1.584449e-13
1.356275e-13
1.128028e-13
8.998904e-14
6.715709e-14
4.433241e-14
2.150045e-14
2.001398e-13
1.777735e-13
1.553854e-13
1.330154e-13
1.106237e-13
8.822462e-14
6.584742e-14
4.349204e-14
2.110392e-14
1.966400e-13
1.746594e-13
1.526641e-13
1.306908e-13
1.086992e-13
8.668940e-14
6.469782e-14
4.271715e-14
2.069646e-14
1.970693e-13
1.750632e-13
1.530316e-13
1.309963e-13
1.089466e-13
8.688949e-14
6.484697e-14
4.279354e-14
2.072920e-14
5.029142e-14
8.917414e-14
7.357448e-14
6.542541e-14
5.681068e-14
5.005859e-14
4.284084e-14
3.189780e-14
-1.117587e-14
5.238689e-14
8.824281e-14
7.473864e-14
6.519258e-14
5.750917e-14
5.052425e-14
4.284084e-14
3.166497e-14
1.816079e-14
4.656613e-14
9.010546e-14
7.450581e-14
6.589107e-14
5.704351e-14
5.075708e-14
4.237518e-14
3.259629e-14
7.217750e-15
6.821938e-14
8.963980e-14
7.636845e-14
6.612390e-14
5.844049e-14
5.052425e-14
4.330650e-14
3.329478e-14
-1.932494e-14
6.076880e-14
9.033829e-14
7.823110e-14
6.845221e-14
5.937181e-14
5.122274e-14
4.377216e-14
3.445894e-14
1.629815e-15
4.819594e-14
9.173527e-14
7.799827e-14
6.938353e-14
6.007031e-14
5.168840e-14
4.470348e-14
3.259629e-14
2.328306e-16
6.379560e-14
9.406358e-14
7.939525e-14
7.101335e-14
6.286427e-14
5.448237e-14
4.586764e-14
3.376044e-14
-1.094304e-14
5.797483e-14
9.755604e-14
8.312054e-14
7.427298e-14
6.332994e-14
5.448237e-14
4.703179e-14
3.702007e-14
6.286427e-15
5.541369e-14
1.001172e-13
8.614734e-14
7.706694e-14
6.565824e-14
5.587935e-14
4.773028e-14
3.818423e-14
1.816079e-14
5.145557e-14
1.052395e-13
8.917414e-14
7.846393e-14
6.845221e-14
6.076880e-14
5.122274e-14
3.608875e-14
-4.656613e-16
7.497147e-14
1.094304e-13
9.429641e-14
8.312054e-14
7.264316e-14
6.146729e-14
5.331822e-14
3.958121e-14
6.984919e-16
5.471520e-14
1.164153e-13
9.848736e-14
8.684583e-14
7.660128e-14
6.542541e-14
5.657785e-14
4.144385e-14
-4.656613e-15
6.170012e-14
9.732321e-14
8.218922e-14
7.217750e-14
6.402843e-14
5.704351e-14
4.633330e-14
3.376044e-14
-2.561137e-15
-4.251488e-13
-4.172907e-13
-4.095491e-13
-4.018802e-13
-3.941823e-13
-3.865716e-13
-3.790046e-13
-3.714085e-13
-3.638270e-13
-3.896275e-13
-3.824098e-13
-3.753230e-13
-3.682362e-13
-3.612076e-13
-3.542227e-13
-3.472087e-13
-3.401947e-13
-3.331661e-13
-3.541645e-13
-3.475434e-13
-3.410532e-13
-3.346067e-13
-3.281748e-13
-3.218011e-13
-3.154273e-13
-3.090245e-13
-3.025780e-13
-3.185851e-13
-3.126770e-13
-3.067980e-13
-3.010209e-13
-2.952147e-13
-2.893939e-13
-2.836605e-13
-2.778252e-13
-2.720626e-13
-2.830784e-13
-2.778033e-13
-2.725646e-13
-2.673551e-13
-2.621746e-13
-2.569941e-13
-2.518645e-13
-2.466768e-13
-2.415618e-13
-2.475936e-13
-2.429442e-13
-2.383240e-13
-2.337256e-13
-2.291563e-13
-2.245943e-13
-2.200541e-13
-2.154920e-13
-2.109518e-13
-2.121305e-13
-2.080706e-13
-2.040761e-13
-2.001107e-13
-1.961380e-13
-1.922090e-13
-1.882800e-13
-1.843509e-13
-1.804146e-13
-1.766020e-13
-1.732042e-13
-1.698209e-13
-1.664812e-13
-1.631342e-13
-1.598237e-13
-1.564986e-13
-1.531662e-13
-1.498411e-13
-1.411609e-13
-1.383341e-13
-1.355766e-13
-1.328481e-13
-1.301269e-13
-1.274238e-13
-1.247208e-13
-1.219996e-13
-1.192602e-13
-1.056214e-13
-1.034678e-13
-1.013323e-13
-9.922951e-14
-9.712312e-14
-9.502764e-14
-9.293581e-14
-9.082214e-14
-8.871939e-14
-7.013659e-14
-6.859955e-14
-6.708979e-14
-6.559821e-14
-6.410846e-14
-6.262599e-14
-6.114897e-14
-5.965921e-14
-5.816401e-14
-3.461901e-14
-3.373043e-14
-3.284913e-14
-3.197420e-14
-3.109926e-14
-3.022797e-14
-2.935576e-14
-2.848265e-14
-2.760771e-14
8.860752e-16
1.141700e-15
1.398007e-15
1.655053e-15
1.912269e-15
2.169827e-15
2.427555e-15
2.685056e-15
2.942556e-15
3.637979e-14
3.600871e-14
3.564310e-14
3.528112e-14
3.492460e-14
3.456989e-14
3.421337e-14
3.385503e-14
3.349487e-14
7.191557e-14
7.088420e-14
6.988375e-14
6.890696e-14
6.793198e-14
6.696791e-14
6.600203e-14
6.502160e-14
6.403570e-14
1.073677e-13
1.057415e-13
1.041335e-13
1.025364e-13
1.009430e-13
9.935684e-14
9.777796e-14
9.620635e-14
9.465657e-14
1.428925e-13
1.406188e-13
1.383742e-13
1.361586e-13
1.339540e-13
1.317530e-13
1.295703e-13
1.273693e-13
1.251719e-13
1.783701e-13
1.754743e-13
1.726294e-13
1.697917e-13
1.669687e-13
1.641529e-13
1.613516e-13
1.585431e-13
1.557273e-13
2.139277e-13
2.103625e-13
2.068700e-13
2.034212e-13
1.999724e-13
1.965454e-13
1.931403e-13
1.897133e-13
1.862572e-13
2.494053e-13
2.452216e-13
2.410961e-13
2.370361e-13
2.330053e-13
2.289671e-13
2.249362e-13
2.208617e-13
2.167872e-13
2.848756e-13
2.800807e-13
2.753441e-13
2.706802e-13
2.659945e-13
2.613378e-13
2.567103e-13
2.520683e-13
2.474408e-13
-5.710317e-13
-5.605398e-13
-5.502370e-13
-5.400507e-13
-5.298643e-13
-5.197944e-13
-5.096517e-13
-4.995236e-13
-4.893373e-13
-5.347538e-13
-5.248585e-13
-5.151669e-13
-5.056208e-13
-4.960893e-13
-4.866160e-13
-4.771573e-13
-4.676258e-13
-4.580215e-13
-4.983158e-13
-4.891190e-13
-4.801404e-13
-4.712347e-13
-4.623289e-13
-4.534813e-13
-4.446629e-13
-4.356989e-13
-4.268077e-13
-4.619505e-13
-4.534668e-13
-4.450994e-13
-4.367903e-13
-4.285248e-13
-4.203466e-13
-4.121102e-13
-4.038011e-13
-3.955065e-13
-4.256435e-13
-4.178000e-13
-4.100875e-13
-4.024332e-13
-3.947935e-13
-3.871828e-13
-3.795867e-13
-3.719178e-13
-3.642635e-13
-3.892637e-13
-3.821042e-13
-3.750174e-13
-3.679888e-13
-3.609894e-13
-3.540190e-13
-3.470632e-13
-3.401074e-13
-3.331224e-13
-3.529422e-13
-3.464083e-13
-3.399473e-13
-3.335881e-13
-3.272144e-13
-3.208843e-13
-3.145688e-13
-3.081950e-13
-3.018213e-13
-3.166642e-13
-3.107416e-13
-3.049499e-13
-2.991874e-13
-2.934394e-13
-2.877350e-13
-2.820307e-13
-2.763118e-13
-2.705638e-13
-2.803135e-13
-2.750749e-13
-2.699162e-13
-2.647794e-13
-2.596717e-13
-2.545930e-13
-2.494999e-13
-2.444067e-13
-2.392917e-13
-2.440283e-13
-2.394008e-13
-2.348752e-13
-2.303641e-13
-2.258821e-13
-2.214438e-13
-2.169909e-13
-2.125162e-13
-2.080560e-13
-2.076777e-13
-2.037123e-13
-1.998123e-13
-1.959561e-13
-1.921144e-13
-1.882800e-13
-1.844746e-13
-1.806256e-13
-1.767767e-13
-1.712906e-13
-1.680091e-13
-1.647786e-13
-1.615481e-13
-1.583467e-13
-1.551452e-13
-1.519365e-13
-1.487570e-13
-1.455846e-13
-1.349799e-13
-1.323388e-13
-1.297267e-13
-1.271292e-13
-1.245535e-13
-1.219923e-13
-1.194276e-13
-1.168592e-13
-1.142762e-13
-9.865835e-14
-9.664654e-14
-9.468567e-14
-9.273208e-14
-9.078576e-14
-8.885036e-14
-8.691131e-14
-8.496863e-14
-8.301140e-14
-6.232403e-14
-6.097616e-14
-5.964466e-14
-5.832408e-14
-5.700895e-14
-5.570109e-14
-5.439324e-14
-5.307993e-14
-5.176298e-14
-2.598426e-14
-2.529123e-14
-2.460274e-14
-2.391789e-14
-2.323304e-14
-2.255365e-14
-2.187244e-14
-2.118941e-14
-2.050729e-14
1.034550e-14
1.039120e-14
1.043963e-14
1.049057e-14
1.054241e-14
1.059516e-14
1.064745e-14
1.069884e-14
1.074977e-14
4.668073e-14
4.607136e-14
4.548201e-14
4.489812e-14
4.431968e-14
4.374306e-14
4.316462e-14
4.258618e-14
4.200592e-14
8.301504e-14
8.175630e-14
8.052302e-14
7.930794e-14
7.809649e-14
7.688868e-14
7.568451e-14
7.447306e-14
7.325798e-14
1.193403e-13
1.174449e-13
1.155713e-13
1.137196e-13
1.118642e-13
1.100270e-13
1.082117e-13
1.063672e-13
1.045373e-13
1.556837e-13
1.531298e-13
1.506123e-13
1.481167e-13
1.456428e-13
1.431763e-13
1.407170e-13
1.382505e-13
1.357912e-13
1.919980e-13
1.888038e-13
1.856606e-13
1.825319e-13
1.794178e-13
1.763328e-13
1.732333e-13
1.701483e-13
1.670778e-13
2.283195e-13
2.244778e-13
2.207016e-13
2.169327e-13
2.131928e-13
2.094821e-13
2.057714e-13
2.020388e-13
1.983281e-13
2.646702e-13
2.601664e-13
2.557281e-13
2.513334e-13
2.469678e-13
2.426095e-13
2.382731e-13
2.339220e-13
2.295565e-13
3.010500e-13
2.958550e-13
2.907618e-13
2.857632e-13
2.807355e-13
2.757661e-13
2.708111e-13
2.658126e-13
2.608431e-13
3.373571e-13
3.315508e-13
3.258174e-13
3.201858e-13
3.145251e-13
3.089081e-13
3.033201e-13
2.976594e-13
2.920278e-13
3.735768e-13
3.672030e-13
3.608875e-13
3.546011e-13
3.483146e-13
3.420864e-13
3.358145e-13
3.295863e-13
3.233581e-13
4.101021e-13
4.029425e-13
3.958849e-13
3.889727e-13
3.820460e-13
3.751920e-13
3.683672e-13
3.614841e-13
3.545720e-13
4.463072e-13
4.385656e-13
4.309404e-13
4.234025e-13
4.158646e-13
4.083558e-13
4.008907e-13
3.933528e-13
3.857858e-13
4.826725e-13
4.742469e-13
4.659378e-13
4.577741e-13
4.496251e-13
4.415342e-13
4.334288e-13
4.252361e-13
4.170142e-13
5.190232e-13
5.099573e-13
5.010224e-13
4.921894e-13
4.834001e-13
4.746398e-13
4.659378e-13
4.571339e-13
4.483009e-13
5.553156e-13
5.456241e-13
5.360926e-13
5.266047e-13
5.171751e-13
5.078182e-13
4.984176e-13
4.890026e-13
4.796311e-13
5.916518e-13
5.813054e-13
5.711336e-13
5.609909e-13
5.509355e-13
5.409820e-13
5.309703e-13
5.209440e-13
5.108886e-13
6.278860e-13
6.170303e-13
6.061746e-13
5.954353e-13
5.847251e-13
5.740731e-13
5.634793e-13
5.528273e-13
5.422917e-13
-6.241316e-13
-6.125774e-13
-6.011687e-13
-5.899346e-13
-5.786715e-13
-5.674956e-13
-5.563488e-13
-5.451147e-13
-5.339680e-13
-5.878537e-13
-5.770125e-13
-5.662587e-13
-5.556503e-13
-5.450565e-13
-5.344918e-13
-5.239708e-13
-5.133334e-13
-5.027687e-13
-5.516631e-13
-5.414040e-13
-5.313341e-13
-5.213224e-13
-5.113543e-13
-5.015027e-13
-4.915928e-13
-4.816684e-13
-4.717440e-13
-5.153124e-13
-5.058246e-13
-4.963949e-13
-4.870381e-13
-4.777394e-13
-4.684553e-13
-4.592148e-13
-4.499307e-13
-4.406756e-13
-4.792237e-13
-4.702597e-13
-4.614703e-13
-4.527246e-13
-4.440371e-13
-4.354515e-13
-4.268222e-13
-4.181638e-13
-4.094909e-13
-4.429021e-13
-4.346657e-13
-4.265166e-13
-4.184549e-13
-4.103931e-13
-4.023896e-13
-3.944151e-13
-3.864261e-13
-3.784080e-13
-4.067697e-13
-3.991008e-13
-3.915775e-13
-3.841415e-13
-3.767345e-13
-3.693858e-13
-3.620517e-13
-3.546738e-13
-3.472669e-13
-3.703899e-13
-3.634777e-13
-3.566383e-13
-3.498426e-13
-3.430760e-13
-3.363530e-13
-3.296445e-13
-3.229070e-13
-3.161840e-13
-3.342138e-13
-3.278547e-13
-3.216701e-13
-3.155437e-13
-3.094319e-13
-3.033492e-13
-2.972665e-13
-2.911402e-13
-2.849556e-13
-2.979941e-13
-2.923334e-13
-2.867528e-13
-2.812449e-13
-2.757515e-13
-2.703237e-13
-2.648667e-13
-2.594097e-13
-2.539309e-13
-2.617162e-13
-2.567249e-13
-2.518136e-13
-2.469678e-13
-2.421148e-13
-2.372908e-13
-2.324887e-13
-2.276502e-13
-2.228044e-13
-2.254383e-13
-2.211091e-13
-2.168672e-13
-2.126544e-13
-2.084489e-13
-2.042798e-13
-2.000961e-13
-1.959124e-13
-1.917142e-13
-1.891967e-13
-1.855296e-13
-1.819208e-13
-1.783628e-13
-1.747976e-13
-1.712615e-13
-1.677181e-13
-1.641456e-13
-1.605731e-13
-1.529261e-13
-1.499502e-13
-1.469998e-13
-1.440712e-13
-1.411427e-13
-1.382286e-13
-1.353183e-13
-1.323933e-13
-1.294757e-13
-1.167209e-13
-1.143599e-13
-1.120607e-13
-1.097651e-13
-1.074768e-13
-1.052140e-13
-1.029257e-13
-1.006483e-13
-9.836003e-14
-8.047209e-14
-7.878407e-14
-7.712151e-14
-7.546623e-14
-7.382187e-14
-7.218478e-14
-7.054769e-14
-6.890332e-14
-6.724804e-14
-4.422145e-14
-4.319372e-14
-4.217509e-14
-4.116919e-14
-4.015965e-14
-3.916102e-14
-3.816058e-14
-3.715286e-14
-3.614332e-14
-7.976723e-15
-7.607014e-15
-7.238214e-15
-6.871005e-15
-6.503797e-15
-6.137498e-15
-5.771426e-15
-5.404445e-15
-5.037805e-15
2.826800e-14
2.797970e-14
2.770230e-14
2.742763e-14
2.715478e-14
2.688557e-14
2.661818e-14
2.634351e-14
2.607158e-14
6.451774e-14
6.357368e-14
6.264054e-14
6.172013e-14
6.081063e-14
5.990660e-14
5.900620e-14
5.809488e-14
5.719085e-14
1.007502e-13
9.915675e-14
9.758878e-14
9.603536e-14
9.447103e-14
9.292489e-14
9.138967e-14
8.984716e-14
8.831557e-14
1.370354e-13
1.347544e-13
1.325170e-13
1.303160e-13
1.281260e-13
1.259577e-13
1.237859e-13
1.216067e-13
1.194421e-13
1.732406e-13
1.703374e-13
1.674634e-13
1.646258e-13
1.617882e-13
1.589797e-13
1.561639e-13
1.533335e-13
1.505032e-13
2.094894e-13
2.059169e-13
2.024099e-13
1.989247e-13
1.954468e-13
1.920052e-13
1.885419e-13
1.850713e-13
1.816225e-13
2.457091e-13
2.415109e-13
2.373490e-13
2.332163e-13
2.291054e-13
2.250163e-13
2.209345e-13
2.168308e-13
2.127563e-13
2.820307e-13
2.770830e-13
2.722663e-13
2.675006e-13
2.627712e-13
2.580491e-13
2.533270e-13
2.485976e-13
2.438464e-13
3.181922e-13
3.126770e-13
3.072200e-13
3.018358e-13
2.964225e-13
2.910674e-13
2.857269e-13
2.803426e-13
2.749439e-13
3.544264e-13
3.482419e-13
3.421446e-13
3.361347e-13
3.300956e-13
3.241003e-13
3.181340e-13
3.120949e-13
3.060559e-13
3.907044e-13
3.838504e-13
3.770838e-13
3.704336e-13
3.637251e-13
3.571186e-13
3.504974e-13
3.438763e-13
3.372115e-13
4.270114e-13
4.194735e-13
4.120375e-13
4.047470e-13
3.973837e-13
3.901077e-13
3.829045e-13
3.755849e-13
3.682799e-13
4.632893e-13
4.550384e-13
4.469475e-13
4.390167e-13
4.310568e-13
4.231697e-13
4.152680e-13
4.072790e-13
3.992463e-13
4.994072e-13
4.905887e-13
4.819158e-13
4.733301e-13
4.647154e-13
4.561734e-13
4.476460e-13
4.390895e-13
4.305184e-13
5.357433e-13
5.262409e-13
5.168258e-13
5.075999e-13
4.983740e-13
4.891917e-13
4.800677e-13
4.708127e-13
4.615868e-13
5.720067e-13
5.618349e-13
5.517941e-13
5.419133e-13
5.320326e-13
5.222246e-13
5.124602e-13
5.025795e-13
4.928297e-13
SCALARS S23 float 1
LOOKUP_TABLE default
8.296493e-03
1.571496e-02
9.800671e-03
4.261025e-03
-9.039833e-04
-5.694352e-03
-1.011008e-02
-1.415118e-02
-1.001350e-02
2.673561e-03
5.237405e-03
3.543988e-03
1.844706e-03
1.395567e-04
-1.571459e-03
-3.288340e-03
-5.011089e-03
-3.721730e-03
2.833179e-03
5.542286e-03
3.738346e-03
1.933926e-03
1.290285e-04
-1.676348e-03
-3.482203e-03
-5.288537e-03
-3.920617e-03
2.809898e-03
5.497227e-03
3.708903e-03
1.919824e-03
1.299889e-04
-1.660602e-03
-3.451948e-03
-5.244050e-03
-3.888117e-03
2.792020e-03
5.462765e-03
3.686590e-03
1.909337e-03
1.310068e-04
-1.648401e-03
-3.428886e-03
-5.210449e-03
-3.863704e-03
2.781200e-03
5.441996e-03
3.673270e-03
1.903204e-03
1.317976e-04
-1.640948e-03
-3.415035e-03
-5.190461e-03
-3.849266e-03
2.776074e-03
5.432174e-03
3.666998e-03
1.900346e-03
1.322178e-04
-1.637387e-03
-3.408467e-03
-5.181024e-03
-3.842465e-03
2.777788e-03
5.435923e-03
3.670070e-03
1.902427e-03
1.329932e-04
-1.638231e-03
-3.411245e-03
-5.186050e-03
-3.846547e-03
2.786630e-03
5.453090e-03
3.681366e-03
1.907917e-03
1.327431e-04
-1.644156e-03
-3.422780e-03
-5.203129e-03
-3.859074e-03
2.793791e-03
5.466879e-03
3.690276e-03
1.912087e-03
1.323143e-04
-1.649043e-03
-3.431986e-03
-5.216512e-03
-3.868784e-03
2.540646e-03
4.959616e-03
3.333698e-03
1.716519e-03
1.080809e-04
-1.491617e-03
-3.082575e-03
-4.664793e-03
-3.449313e-03
1.130199e-03
2.199757e-03
1.470849e-03
7.513990e-04
4.140724e-05
-6.591262e-04
-1.350201e-03
-2.031818e-03
-1.496675e-03
2.114568e-04
1.638883e-04
1.150929e-04
6.507038e-05
1.382084e-05
-3.865573e-05
-9.235935e-05
-1.472900e-04
-2.034477e-04
4.805246e-04
3.676543e-04
2.532524e-04
1.373190e-04
1.985397e-05
-9.914262e-05
-2.196708e-04
-3.417305e-04
-4.653218e-04
5.334940e-04
4.039254e-04
2.737770e-04
1.430487e-04
1.174062e-05
-1.201473e-04
-2.526151e-04
-3.856628e-04
-5.192903e-04
5.336822e-04
4.040641e-04
2.738643e-04
1.430828e-04
1.171957e-05
-1.202253e-04
-2.527519e-04
-3.858602e-04
-5.195502e-04
5.339784e-04
4.042782e-04
2.739962e-04
1.431323e-04
1.168661e-05
-1.203409e-04
-2.529502e-04
-3.861414e-04
-5.199144e-04
5.341806e-04
4.044181e-04
2.740769e-04
1.431570e-04
1.165842e-05
-1.204189e-04
-2.530749e-04
-3.863097e-04
-5.201231e-04
5.341129e-04
4.043615e-04
2.740353e-04
1.431342e-04
1.165833e-05
-1.203924e-04
-2.530179e-04
-3.862182e-04
-5.199934e-04
5.338280e-04
4.041529e-04
2.739044e-04
1.430826e-04
1.168738e-05
-1.202812e-04
-2.528231e-04
-3.859384e-04
-5.196270e-04
5.335302e-04
4.039426e-04
2.737782e-04
1.430372e-04
1.171947e-05
-1.201749e-04
-2.526460e-04
-3.856938e-04
-5.193183e-04
5.332734e-04
4.037441e-04
2.736451e-04
1.429767e-04
1.173867e-05
-1.200689e-04
-2.524460e-04
-3.853926e-04
-5.189088e-04
5.325713e-04
4.032306e-04
2.733237e-04
1.428506e-04
1.181132e-05
-1.197941e-04
-2.519657e-04
-3.847035e-04
-5.180074e-04
5.318710e-04
4.027365e-04
2.730286e-04
1.427473e-04
1.189249e-05
-1.195357e-04
-2.515373e-04
-3.841123e-04
-5.172608e-04
5.314681e-04
4.024356e-04
2.728349e-04
1.426659e-04
1.192860e-05
-1.193770e-04
-2.512508e-04
-3.836930e-04
-5.167034e-04
5.305704e-04
4.017685e-04
2.724086e-04
1.424907e-04
1.201497e-05
-1.190187e-04
-2.506104e-04
-3.827599e-04
-5.154674e-04
5.293288e-04
4.008837e-04
2.718735e-04
1.422982e-04
1.215773e-05
-1.185479e-04
-2.498186e-04
-3.816545e-04
-5.140555e-04
5.286289e-04
4.003876e-04
2.715746e-04
1.421900e-04
1.223369e-05
-1.182942e-04
-2.493938e-04
-3.810650e-04
-5.133079e-04
5.277892e-04
3.997393e-04
2.711412e-04
1.419947e-04
1.230003e-05
-1.179430e-04
-2.487342e-04
-3.800738e-04
-5.119616e-04
5.257206e-04
3.982441e-04
2.702193e-04
1.416462e-04
1.252483e-05
-1.171449e-04
-2.473628e-04
-3.781291e-04
-5.094437e-04
5.242363e-04
3.972082e-04
2.696102e-04
1.414424e-04
1.270471e-05
-1.166028e-04
-2.464802e-04
-3.769275e-04
-5.079446e-04
5.235932e-04
3.967136e-04
2.692810e-04
1.412957e-04
1.275745e-05
-1.163336e-04
-2.459776e-04
-3.761744e-04
-5.069240e-04
5.216375e-04
3.952718e-04
2.683689e-04
1.409287e-04
1.295122e-05
-1.155635e-04
-2.446155e-04
-3.742047e-04
-5.043312e-04
5.193751e-04
3.936671e-04
2.674050e-04
1.405885e-04
1.321788e-05
-1.147070e-04
-2.431862e-04
-3.722196e-04
-5.018072e-04
5.183583e-04
3.929529e-04
2.669798e-04
1.404391e-04
1.333075e-05
-1.143453e-04
-2.425890e-04
-3.714004e-04
-5.007794e-04
5.170849e-04
3.919556e-04
2.663021e-04
1.401243e-04
1.342228e-05
-1.138040e-04
-2.415546e-04
-3.698295e-04
-4.986286e-04
2.576391e-04
1.952763e-04
1.326731e-04
6.982955e-05
6.745606e-06
-5.657872e-05
-1.201434e-04
-1.839485e-04
-2.479940e-04
2.313302e-04
1.692155e-04
1.069501e-04
4.453386e-05
-1.803319e-05
-8.075104e-05
-1.436197e-04
-2.066392e-04
-2.698094e-04
4.619924e-04
3.379133e-04
2.135529e-04
8.891143e-05
-3.601121e-05
-1.612150e-04
-2.866999e-04
-4.124660e-04
-5.385133e-04
4.592362e-04
3.358648e-04
2.122531e-04
8.840097e-05
-3.569146e-05
-1.600242e-04
-2.845974e-04
-4.094108e-04
-5.344646e-04
4.548477e-04
3.327613e-04
2.104162e-04
8.781216e-05
-3.505066e-05
-1.581723e-04
-2.815528e-04
-4.051921e-04
-5.290902e-04
4.524670e-04
3.311290e-04
2.094943e-04
8.756285e-05
-3.466525e-05
-1.571901e-04
-2.800116e-04
-4.031298e-04
-5.265446e-04
4.510672e-04
3.300395e-04
2.087621e-04
8.723487e-05
-3.454209e-05
-1.565688e-04
-2.788453e-04
-4.013715e-04
-5.241475e-04
4.463255e-04
3.265935e-04
2.066407e-04
8.646694e-05
-3.392772e-05
-1.545433e-04
-2.753798e-04
-3.964372e-04
-5.177154e-04
4.413202e-04
3.230960e-04
2.046074e-04
8.585443e-05
-3.316280e-05
-1.524444e-04
-2.719902e-04
-3.918004e-04
-5.118749e-04
4.393843e-04
3.217568e-04
2.038398e-04
8.563329e-05
-3.286270e-05
-1.516482e-04
-2.707231e-04
-3.900876e-04
-5.097416e-04
4.367966e-04
3.197547e-04
2.025037e-04
8.504358e-05
-3.262559e-05
-1.505038e-04
-2.685911e-04
-3.868875e-04
-5.053930e-04
4.293692e-04
3.144195e-04
1.992727e-04
8.392878e-05
-3.161218e-05
-1.473502e-04
-2.632854e-04
-3.794176e-04
-4.957469e-04
4.236635e-04
3.104842e-04
1.970299e-04
8.330083e-05
-3.070320e-05
-1.449821e-04
-2.595360e-04
-3.743647e-04
-4.894684e-04
4.221030e-04
3.093409e-04
1.963177e-04
8.303346e-05
-3.051193e-05
-1.443184e-04
-2.583860e-04
-3.727147e-04
-4.873044e-04
4.170329e-04
3.055408e-04
1.938797e-04
8.204955e-05
-2.994965e-05
-1.421179e-04
-2.544552e-04
-3.669615e-04
-4.796369e-04
4.072684e-04
2.985921e-04
1.897275e-04
8.067450e-05
-2.856677e-05
-1.379964e-04
-2.476143e-04
-3.574205e-04
-4.674151e-04
4.014984e-04
2.946247e-04
1.874762e-04
8.005278e-05
-2.764547e-05
-1.356186e-04
-2.438665e-04
-3.523893e-04
-4.611870e-04
3.989489e-04
2.926723e-04
1.861897e-04
7.950106e-05
-2.739360e-05
-1.344943e-04
-2.418010e-04
-3.493138e-04
-4.570325e-04
3.899269e-04
2.860928e-04
1.821191e-04
7.800557e-05
-2.624765e-05
-1.306406e-04
-2.351733e-04
-3.398457e-04
-4.446578e-04
3.791611e-04
2.785081e-04
1.776524e-04
7.659420e-05
-2.466665e-05
-1.261301e-04
-2.277962e-04
-3.296649e-04
-4.317363e-04
3.742484e-04
2.750866e-04
1.756706e-04
7.600034e-05
-2.392418e-05
-1.241029e-04
-2.245360e-04
-3.252232e-04
-4.261648e-04
3.687434e-04
2.709380e-04
1.729912e-04
7.490296e-05
-2.332670e-05
-1.216978e-04
-2.202103e-04
-3.188643e-04
-4.176596e-04
3.549553e-04
2.610288e-04
1.669838e-04
7.282034e-05
-2.146162e-05
-1.158621e-04
-2.103810e-04
-3.050184e-04
-3.997742e-04
3.440696e-04
2.534349e-04
1.625753e-04
7.149074e-05
-1.981871e-05
-1.113531e-04
-2.031123e-04
-2.950965e-04
-3.873056e-04
3.394461e-04
2.500710e-04
1.605004e-04
7.073427e-05
-1.922741e-05
-1.093846e-04
-1.997374e-04
-2.902857e-04
-3.810295e-04
3.174252e-04
2.337654e-04
1.501873e-04
6.669096e-05
-1.672365e-05
-1.000565e-04
-1.833077e-04
-2.664771e-04
-3.495648e-04
1.481989e-04
1.091197e-04
7.019244e-05
3.141720e-05
-7.206055e-06
-4.567731e-05
-8.399657e-05
-1.221638e-04
-1.601791e-04
-8.681089e-19
-4.359646e-19
-4.908792e-20
2.925210e-19
5.888622e-19
8.399357e-19
1.045742e-18
1.206280e-18
1.321550e-18
1.415972e-03
9.837054e-04
5.710042e-04
1.778679e-04
-1.957033e-04
-5.497097e-04
-8.841510e-04
-1.199027e-03
-1.494339e-03
2.718191e-03
1.888644e-03
1.095382e-03
3.384042e-04
-3.822894e-04
-1.066699e-03
-1.714824e-03
-2.326665e-03
-2.902221e-03
2.574076e-03
1.787989e-03
1.035122e-03
3.154726e-04
-3.709577e-04
-1.024169e-03
-1.644162e-03
-2.230936e-03
-2.784491e-03
2.475321e-03
1.708034e-03
9.764850e-04
2.806730e-04
-3.794016e-04
-1.003739e-03
-1.592339e-03
-2.145201e-03
-2.662326e-03
2.231797e-03
1.523953e-03
8.525653e-04
2.176338e-04
-3.808415e-04
-9.428605e-04
-1.468423e-03
-1.957530e-03
-2.410180e-03
2.014914e-03
1.368788e-03
7.560854e-04
1.768056e-04
-3.690510e-04
-8.814844e-04
-1.360495e-03
-1.806082e-03
-2.218246e-03
1.895262e-03
1.278154e-03
6.948991e-04
1.454979e-04
-3.700498e-04
-8.517439e-04
-1.299585e-03
-1.713572e-03
-2.093705e-03
1.664230e-03
1.101423e-03
5.740072e-04
8.198312e-05
-3.746495e-04
-7.958907e-04
-1.181740e-03
-1.532199e-03
-1.847265e-03
1.382340e-03
8.951404e-04
4.413657e-04
2.101566e-05
-3.659098e-04
-7.194106e-04
-1.039487e-03
-1.326138e-03
-1.579365e-03
1.215146e-03
7.725793e-04
3.623702e-04
-1.548097e-05
-3.609743e-04
-6.741098e-04
-9.548874e-04
-1.203307e-03
-1.419369e-03
5.831043e-04
3.665482e-04
1.666794e-04
-1.650217e-05
-1.829964e-04
-3.328034e-04
-4.659230e-04
-5.823554e-04
-6.821005e-04
-4.454192e-18
-4.300897e-18
-3.911185e-18
-3.285058e-18
-2.422513e-18
-1.323553e-18
1.182427e-20
1.583618e-18
3.391827e-18
1.115411e-04
1.061440e-04
1.003236e-04
9.407981e-05
8.741269e-05
8.032223e-05
7.280843e-05
6.487129e-05
5.651081e-05
1.928585e-04
1.909470e-04
1.881301e-04
1.844076e-04
1.797796e-04
1.742462e-04
1.678072e-04
1.604628e-04
1.522128e-04
1.508202e-04
1.602792e-04
1.687981e-04
1.763770e-04
1.830158e-04
1.887146e-04
1.934733e-04
1.972919e-04
2.001705e-04
1.254454e-04
1.420008e-04
1.575884e-04
1.722083e-04
1.858604e-04
1.985448e-04
2.102615e-04
2.210105e-04
2.307917e-04
8.547666e-05
1.132625e-04
1.400471e-04
1.658306e-04
1.906129e-04
2.143941e-04
2.371740e-04
2.589529e-04
2.797305e-04
5.274550e-05
8.884791e-05
1.240226e-04
1.582696e-04
1.915888e-04
2.239804e-04
2.554442e-04
2.859803e-04
3.155887e-04
1.874794e-05
6.462594e-05
1.094485e-04
1.532155e-04
1.959271e-04
2.375833e-04
2.781839e-04
3.177291e-04
3.562188e-04
-3.168304e-05
2.799682e-05
8.659724e-05
1.441182e-04
2.005597e-04
2.559218e-04
3.102044e-04
3.634076e-04
4.155314e-04
-6.538580e-05
2.535004e-06
6.953990e-05
1.356289e-04
2.008020e-04
2.650591e-04
3.284004e-04
3.908257e-04
4.523351e-04
-1.094129e-04
-2.854557e-05
5.110762e-05
1.295467e-04
2.067716e-04
2.827823e-04
3.575789e-04
4.311614e-04
5.035297e-04
-1.616400e-04
-6.725623e-05
2.601238e-05
1.181658e-04
2.092040e-04
2.991270e-04
3.879348e-04
4.756274e-04
5.622049e-04
-2.043000e-04
-9.875729e-05
5.693673e-06
1.090529e-04
2.113205e-04
3.124963e-04
4.125805e-04
5.115729e-04
6.094737e-04
-2.586655e-04
-1.379150e-04
-1.847954e-05
9.964106e-05
2.164468e-04
3.319376e-04
4.461134e-04
5.589744e-04
6.705205e-04
-3.022468e-04
-1.710035e-04
-4.083044e-05
8.827240e-05
2.163050e-04
3.432675e-04
4.691597e-04
5.939817e-04
7.177335e-04
-3.613476e-04
-2.132128e-04
-6.659981e-05
7.849129e-05
2.220605e-04
3.641079e-04
5.046335e-04
6.436371e-04
7.811189e-04
-4.162949e-04
-2.546648e-04
-9.433604e-05
6.469143e-05
2.224176e-04
3.788424e-04
5.339659e-04
6.877881e-04
8.403090e-04
-4.766474e-04
-2.986637e-04
-1.222687e-04
5.253766e-05
2.257553e-04
3.973842e-04
5.674244e-04
7.358759e-04
9.027387e-04
-5.434783e-04
-3.480624e-04
-1.543182e-04
3.775423e-05
2.281549e-04
4.168837e-04
6.039408e-04
7.893260e-04
9.730395e-04
-6.005716e-04
-3.911122e-04
-1.832167e-04
2.311492e-05
2.278827e-04
4.310866e-04
6.327267e-04
8.328029e-04
1.031315e-03
-6.701262e-04
-4.419726e-04
-2.157357e-04
8.584530e-06
2.309881e-04
4.514750e-04
6.700453e-04
8.866989e-04
1.101436e-03
-7.288094e-04
-4.866155e-04
-2.461938e-04
-7.544085e-06
2.293336e-04
4.644392e-04
6.977727e-04
9.293342e-04
1.159124e-03
-7.975249e-04
-5.373363e-04
-2.792328e-04
-2.321414e-05
2.307195e-04
4.825683e-04
7.323320e-04
9.800109e-04
1.225605e-03
-8.575871e-04
-5.830485e-04
-3.105353e-04
-4.004740e-05
2.284152e-04
4.948524e-04
7.592644e-04
1.021651e-03
1.282012e-03
-9.236206e-04
-6.324023e-04
-3.434554e-04
-5.677975e-05
2.276245e-04
5.097575e-04
7.896191e-04
1.067209e-03
1.342528e-03
-9.844479e-04
-6.787434e-04
-3.753590e-04
-7.429475e-05
2.244493e-04
5.208733e-04
8.149771e-04
1.106761e-03
1.396224e-03
-1.044117e-03
-7.242712e-04
-4.068106e-04
-9.173554e-05
2.209539e-04
5.312577e-04
8.391758e-04
1.144708e-03
1.447855e-03
-1.102334e-03
-7.687044e-04
-4.376525e-04
-1.091787e-04
2.167170e-04
5.400346e-04
8.607741e-04
1.178936e-03
1.494519e-03
-1.097236e-03
-7.734599e-04
-4.485242e-04
-1.224290e-04
2.048257e-04
5.332399e-04
8.628135e-04
1.193547e-03
1.525439e-03
-5.248774e-04
-3.731157e-04
-2.189586e-04
-6.240618e-05
9.654160e-05
2.578847e-04
4.216232e-04
5.877571e-04
7.562863e-04
-2.907555e-03
-7.281997e-03
-4.640347e-03
-2.093414e-03
3.588017e-04
2.716300e-03
4.979081e-03
7.147144e-03
4.298529e-03
-5.865614e-03
-1.474443e-02
-9.513378e-03
-4.416019e-03
5.476498e-04
5.377628e-03
1.007392e-02
1.463651e-02
8.855452e-03
-5.978275e-03
-1.507053e-02
-9.822378e-03
-4.665322e-03
4.006375e-04
5.375500e-03
1.025927e-02
1.505194e-02
9.148425e-03
-6.124036e-03
-1.541757e-02
-1.001937e-02
-4.737553e-03
4.278769e-04
5.476920e-03
1.040958e-02
1.522585e-02
9.236333e-03
-6.158043e-03
-1.551850e-02
-1.012934e-02
-4.841999e-03
3.435243e-04
5.427229e-03
1.040912e-02
1.528918e-02
9.290385e-03
-6.157630e-03
-1.553406e-02
-1.018305e-02
-4.916920e-03
2.643188e-04
5.360669e-03
1.037213e-02
1.529870e-02
9.312682e-03
-6.142835e-03
-1.546771e-02
-1.009701e-02
-4.843587e-03
2.925514e-04
5.311410e-03
1.021299e-02
1.499729e-02
9.104089e-03
-3.073245e-03
-7.727953e-03
-5.029157e-03
-2.400809e-03
1.570912e-04
2.644543e-03
5.061547e-03
7.408102e-03
4.487836e-03
-6.472343e-04
-4.855076e-04
-3.203451e-04
-1.517469e-04
2.028706e-05
1.957568e-04
3.746623e-04
5.570036e-04
7.427806e-04
-1.339837e-03
-9.933529e-04
-6.449434e-04
-2.946085e-04
5.765184e-05
4.118377e-04
7.679491e-04
1.125986e-03
1.485948e-03
-1.348511e-03
-9.923444e-04
-6.382551e-04
-2.862428e-04
6.369256e-05
4.115509e-04
7.573323e-04
1.101037e-03
1.442664e-03
-1.320521e-03
-9.753996e-04
-6.322257e-04
-2.909988e-04
4.828102e-05
3.856137e-04
7.209993e-04
1.054438e-03
1.385929e-03
-1.285082e-03
-9.528444e-04
-6.224905e-04
-2.940204e-04
3.256595e-05
3.572684e-04
6.800871e-04
1.001022e-03
1.320073e-03
-1.242586e-03
-9.257706e-04
-6.103695e-04
-2.963831e-04
1.618868e-05
3.273458e-04
6.370883e-04
9.454162e-04
1.252329e-03
-1.199432e-03
-8.974192e-04
-5.965819e-04
-2.969196e-04
1.567659e-06
2.988799e-04
5.950170e-04
8.899791e-04
1.183766e-03
-1.156058e-03
-8.688553e-04
-5.825182e-04
-2.970469e-04
-1.244162e-05
2.712978e-04
5.541712e-04
8.361788e-04
1.117320e-03
-1.109206e-03
-8.373656e-04
-5.660779e-04
-2.953424e-04
-2.515919e-05
2.444718e-04
5.135504e-04
7.820769e-04
1.050051e-03
-1.067756e-03
-8.091938e-04
-5.511764e-04
-2.937042e-04
-3.677716e-05
2.196048e-04
4.754416e-04
7.307333e-04
9.854799e-04
-1.018172e-03
-7.753314e-04
-5.327866e-04
-2.905374e-04
-4.858379e-05
1.930742e-04
4.344365e-04
6.755033e-04
9.162744e-04
-9.731759e-04
-7.446051e-04
-5.160985e-04
-2.876562e-04
-5.927800e-05
1.690360e-04
3.972857e-04
6.254712e-04
8.535925e-04
-9.298104e-04
-7.146070e-04
-4.993890e-04
-2.841564e-04
-6.890930e-05
1.463524e-04
3.616287e-04
5.769196e-04
7.922250e-04
-8.855579e-04
-6.840690e-04
-4.822934e-04
-2.802310e-04
-7.788174e-05
1.247543e-04
3.276772e-04
5.308868e-04
7.343833e-04
-8.479926e-04
-6.577912e-04
-4.674013e-04
-2.768229e-04
-8.605598e-05
1.048994e-04
2.960433e-04
4.873757e-04
6.788965e-04
-8.039247e-04
-6.272519e-04
-4.499695e-04
-2.720775e-04
-9.357588e-05
8.553528e-05
2.652560e-04
4.455863e-04
6.265262e-04
-7.739399e-04
-6.060398e-04
-4.377627e-04
-2.691084e-04
-1.000770e-04
6.933141e-05
2.391169e-04
4.092796e-04
5.798193e-04
-7.313784e-04
-5.761773e-04
-4.203556e-04
-2.639133e-04
-1.068504e-04
5.083317e-05
2.091373e-04
3.680621e-04
5.276075e-04
-6.994221e-04
-5.536750e-04
-4.072532e-04
-2.601568e-04
-1.123858e-04
3.605978e-05
1.851800e-04
3.349748e-04
4.854443e-04
-6.654620e-04
-5.295462e-04
-3.930891e-04
-2.560907e-04
-1.185511e-04
1.952980e-05
1.581520e-04
2.973154e-04
4.370201e-04
-6.281845e-04
-5.033390e-04
-3.776152e-04
-2.510130e-04
-1.235326e-04
4.826175e-06
1.340632e-04
2.641786e-04
3.951722e-04
-6.035217e-04
-4.857241e-04
-3.672267e-04
-2.480294e-04
-1.281321e-04
-7.534939e-06
1.137621e-04
2.357591e-04
3.584560e-04
-5.600184e-04
-4.544259e-04
-3.482446e-04
-2.414747e-04
-1.341161e-04
-2.616885e-05
8.236714e-05
1.914918e-04
3.012052e-04
-2.658792e-04
-2.171009e-04
-1.679599e-04
-1.184564e-04
-6.859021e-05
-1.836144e-05
3.222993e-05
8.318391e-05
1.345005e-04
-7.083463e-18
-7.335233e-18
-7.100183e-18
-6.378314e-18
-5.169624e-18
-3.474115e-18
-1.291786e-18
1.377363e-18
4.533331e-18
-1.585721e-03
-1.111519e-03
-6.557912e-04
-2.185387e-04
2.002386e-04
6.005408e-04
9.823679e-04
1.345720e-03
1.690597e-03
-3.077215e-03
-2.154153e-03
-1.267619e-03
-4.176117e-04
3.958685e-04
1.172822e-03
1.913248e-03
2.617147e-03
3.284519e-03
-2.838023e-03
-1.963547e-03
-1.130388e-03
-3.385443e-04
4.119837e-04
1.121196e-03
1.789093e-03
2.415674e-03
3.000939e-03
-2.393725e-03
-1.634123e-03
-9.144382e-04
-2.346691e-04
4.051838e-04
1.005121e-03
1.565141e-03
2.085246e-03
2.565434e-03
-2.105255e-03
-1.430837e-03
-7.909889e-04
-1.857114e-04
3.849956e-04
9.211321e-04
1.422698e-03
1.889694e-03
2.322119e-03
-1.891537e-03
-1.263091e-03
-6.723587e-04
-1.193411e-04
3.959620e-04
8.735508e-04
1.313425e-03
1.715585e-03
2.080031e-03
-1.488260e-03
-9.635284e-04
-4.755209e-04
-2.423786e-05
3.903207e-04
7.681547e-04
1.109264e-03
1.413649e-03
1.681310e-03
-1.242197e-03
-7.881189e-04
-3.671637e-04
2.066934e-05
3.753801e-04
6.969685e-04
9.854347e-04
1.240779e-03
1.463000e-03
-1.036434e-03
-6.299223e-04
-2.581365e-04
7.892339e-05
3.812575e-04
6.488657e-04
8.817480e-04
1.079905e-03
1.243335e-03
-6.219947e-04
-3.205618e-04
-5.349052e-05
1.792191e-04
3.775672e-04
5.415536e-04
6.711784e-04
7.664416e-04
8.273432e-04
-1.958108e-04
-7.715053e-05
2.551390e-05
1.121825e-04
1.828554e-04
2.375324e-04
2.762137e-04
2.988992e-04
3.055889e-04
-2.150522e-04
-1.659865e-04
-1.158917e-04
-6.476759e-05
-1.261429e-05
4.056824e-05
9.478000e-05
1.500210e-04
2.062912e-04
-2.168698e-04
-1.673895e-04
-1.168712e-04
-6.531503e-05
-1.272091e-05
4.091114e-05
9.558111e-05
1.512890e-04
2.080348e-04
-6.293500e-07
-3.864265e-06
-7.033446e-06
-1.013689e-05
-1.317461e-05
-1.614659e-05
-1.905283e-05
-2.189334e-05
-2.466812e-05
8.034300e-06
-9.986618e-07
-9.910042e-06
-1.869984e-05
-2.736806e-05
-3.591470e-05
-4.433976e-05
-5.264323e-05
-6.082513e-05
3.556047e-05
1.860192e-05
1.808950e-06
-1.481843e-05
-3.128021e-05
-4.757641e-05
-6.370702e-05
-7.967204e-05
-9.547147e-05
6.944136e-05
4.293159e-05
1.657212e-05
-9.637067e-06
-3.569597e-05
-6.160459e-05
-8.736292e-05
-1.129710e-04
-1.384287e-04
8.521705e-05
5.442730e-05
2.371838e-05
-6.909705e-06
-3.745696e-05
-6.792338e-05
-9.830897e-05
-1.286137e-04
-1.588376e-04
9.774063e-05
6.324787e-05
2.890100e-05
-5.299991e-06
-3.935509e-05
-7.326431e-05
-1.070276e-04
-1.406451e-04
-1.741166e-04
1.265224e-04
8.378441e-05
4.123939e-05
-1.112647e-06
-4.327169e-05
-8.523773e-05
-1.270108e-04
-1.685908e-04
-2.099779e-04
1.496072e-04
1.005333e-04
5.157070e-05
2.719459e-06
-4.602045e-05
-9.464904e-05
-1.431663e-04
-1.915722e-04
-2.398668e-04
1.576985e-04
1.064506e-04
5.526597e-05
4.144750e-06
-4.691312e-05
-9.790763e-05
-1.488388e-04
-1.997066e-04
-2.505110e-04
1.777657e-04
1.205015e-04
6.345549e-05
6.627840e-06
-4.998150e-05
-1.063725e-04
-1.625452e-04
-2.184996e-04
-2.742357e-04
2.087872e-04
1.428002e-04
7.701378e-05
1.142790e-05
-5.395744e-05
-1.191422e-04
-1.841265e-04
-2.489102e-04
-3.134934e-04
2.223673e-04
1.529206e-04
8.350554e-05
1.412224e-05
-5.522935e-05
-1.245492e-04
-1.938374e-04
-2.630939e-04
-3.323186e-04
2.301459e-04
1.583677e-04
8.668031e-05
1.508375e-05
-5.642199e-05
-1.278369e-04
-1.991610e-04
-2.703943e-04
-3.415368e-04
2.509974e-04
1.730824e-04
9.537453e-05
1.787388e-05
-5.941960e-05
-1.365059e-04
-2.133850e-04
-2.900570e-04
-3.665218e-04
2.719039e-04
1.882658e-04
1.047536e-04
2.136736e-05
-6.189293e-05
-1.450273e-04
-2.280357e-04
-3.109182e-04
-3.936748e-04
2.787808e-04
1.934792e-04
1.081762e-04
2.287175e-05
-6.243412e-05
-1.477414e-04
-2.330501e-04
-3.183603e-04
-4.036719e-04
2.885087e-04
2.002056e-04
1.120188e-04
2.394830e-05
-6.400597e-05
-1.518440e-04
-2.395657e-04
-3.271712e-04
-4.146604e-04
3.079464e-04
2.140333e-04
1.202965e-04
2.673588e-05
-6.664853e-05
-1.598567e-04
-2.528887e-04
-3.457445e-04
-4.384241e-04
3.211865e-04
2.238158e-04
1.264927e-04
2.921723e-05
-6.801065e-05
-1.651909e-04
-2.623236e-04
-3.594087e-04
-4.564461e-04
3.244718e-04
2.263253e-04
1.281564e-04
2.996494e-05
-6.824896e-05
-1.664853e-04
-2.647442e-04
-3.630255e-04
-4.613292e-04
3.350089e-04
2.335720e-04
1.322617e-04
3.107780e-05
-6.997954e-05
-1.709104e-04
-2.717147e-04
-3.723925e-04
-4.729438e-04
3.524516e-04
2.460618e-04
1.398159e-04
3.371383e-05
-7.224438e-05
-1.780587e-04
-2.837292e-04
-3.892558e-04
-4.946385e-04
3.607009e-04
2.523245e-04
1.439335e-04
3.552805e-05
-7.289199e-05
-1.813266e-04
-2.897757e-04
-3.982393e-04
-5.067175e-04
3.629940e-04
2.539954e-04
1.449696e-04
3.591640e-05
-7.316406e-05
-1.822718e-04
-2.914068e-04
-4.005692e-04
-5.097588e-04
3.717357e-04
2.600313e-04
1.484137e-04
3.688286e-05
-7.456124e-05
-1.859186e-04
-2.971891e-04
-4.083729e-04
-5.194699e-04
3.837154e-04
2.686600e-04
1.536803e-04
3.877623e-05
-7.605212e-05
-1.908048e-04
-3.054818e-04
-4.200831e-04
-5.346087e-04
3.883750e-04
2.722646e-04
1.561086e-04
3.990697e-05
-7.634026e-05
-1.926331e-04
-3.089716e-04
-4.253556e-04
-5.417853e-04
1.946780e-04
1.364892e-04
7.827293e-05
2.002927e-05
-3.824182e-05
-9.654033e-05
-1.548663e-04
-2.132196e-04
-2.716004e-04
1.911410e-04
1.312330e-04
7.140588e-05
1.165949e-05
-4.800614e-05
-1.075910e-04
-1.670951e-04
-2.265184e-04
-2.858609e-04
3.848365e-04
2.644626e-04
1.441869e-04
2.400948e-05
-9.606962e-05
-2.160504e-04
-3.359330e-04
-4.557172e-04
-5.754032e-04
3.871058e-04
2.662747e-04
1.454753e-04
2.470757e-05
-9.602838e-05
-2.167326e-04
-3.374051e-04
-4.580458e-04
-5.786548e-04
3.874833e-04
2.665469e-04
1.456399e-04
2.476223e-05
-9.608605e-05
-2.169050e-04
-3.376945e-04
-4.584546e-04
-5.791854e-04
3.877015e-04
2.667017e-04
1.457329e-04
2.479514e-05
-9.611152e-05
-2.169871e-04
-3.378316e-04
-4.586451e-04
-5.794275e-04
3.878239e-04
2.667967e-04
1.457981e-04
2.482796e-05
-9.611359e-05
-2.170266e-04
-3.379110e-04
-4.587669e-04
-5.795942e-04
3.878195e-04
2.667950e-04
1.457952e-04
2.482011e-05
-9.613025e-05
-2.170559e-04
-3.379568e-04
-4.588330e-04
-5.796844e-04
3.847844e-04
2.646839e-04
1.445605e-04
2.441419e-05
-9.575504e-05
-2.159472e-04
-3.361623e-04
-4.564002e-04
-5.766611e-04
3.777662e-04
2.596412e-04
1.414577e-04
2.321546e-05
-9.508540e-05
-2.134449e-04
-3.318631e-04
-4.503399e-04
-5.688753e-04
3.723063e-04
2.555298e-04
1.387459e-04
2.195459e-05
-9.484408e-05
-2.116501e-04
-3.284635e-04
-4.452843e-04
-5.621125e-04
3.700158e-04
2.537777e-04
1.375602e-04
2.136322e-05
-9.481315e-05
-2.109689e-04
-3.271042e-04
-4.432188e-04
-5.593129e-04
3.603804e-04
2.470284e-04
1.335761e-04
2.002359e-05
-9.362915e-05
-2.073821e-04
-3.212353e-04
-4.351887e-04
-5.492424e-04
3.450832e-04
2.358898e-04
1.265827e-04
1.716197e-05
-9.237250e-05
-2.020207e-04
-3.117825e-04
-4.216581e-04
-5.316473e-04
3.367627e-04
2.294915e-04
1.222381e-04
1.500253e-05
-9.221520e-05
-1.994151e-04
-3.065972e-04
-4.137614e-04
-5.209078e-04
3.300614e-04
2.246680e-04
1.192606e-04
1.383916e-05
-9.159623e-05
-1.970456e-04
-3.025090e-04
-4.079864e-04
-5.134778e-04
3.109349e-04
2.110568e-04
1.110221e-04
1.083077e-05
-8.951715e-05
-1.900217e-04
-2.906828e-04
-3.915006e-04
-4.924749e-04
2.902140e-04
1.957362e-04
1.011852e-04
6.561077e-06
-8.813627e-05
-1.829068e-04
-2.777505e-04
-3.726675e-04
-4.676576e-04
2.831001e-04
1.901297e-04
9.724551e-05
4.447688e-06
-8.826381e-05
-1.808890e-04
-2.734278e-04
-3.658804e-04
-4.582466e-04
2.653012e-04
1.776425e-04
8.987811e-05
2.007928e-06
-8.596800e-05
-1.740497e-04
-2.622371e-04
-3.505303e-04
-4.389292e-04
2.364678e-04
1.566162e-04
7.665761e-05
-3.407972e-06
-8.358053e-05
-1.638601e-04
-2.442466e-04
-3.247400e-04
-4.053405e-04
2.219211e-04
1.454681e-04
6.911581e-05
-7.135724e-06
-8.328651e-05
-1.593366e-04
-2.352858e-04
-3.111344e-04
-3.868822e-04
2.060566e-04
1.341765e-04
6.229960e-05
-9.574158e-06
-8.144473e-05
-1.533121e-04
-2.251763e-04
-2.970374e-04
-3.688952e-04
1.774450e-04
1.134311e-04
4.938188e-05
-1.470278e-05
-7.882282e-05
-1.429783e-04
-2.071691e-04
-2.713953e-04
-3.356569e-04
1.564711e-04
9.775616e-05
3.914806e-05
-1.935316e-05
-7.774750e-05
-1.360350e-04
-1.942155e-04
-2.522892e-04
-3.102560e-04
1.358311e-04
8.283435e-05
2.991056e-05
-2.294024e-05
-7.571803e-05
-1.284228e-04
-1.810546e-04
-2.336134e-04
-2.860992e-04
1.018444e-04
5.818957e-05
1.458037e-05
-2.898324e-05
-7.250127e-05
-1.159737e-04
-1.594006e-04
-2.027818e-04
-2.461175e-04
7.530283e-05
3.848157e-05
1.833237e-06
-3.464217e-05
-7.094464e-05
-1.070742e-04
-1.430308e-04
-1.788145e-04
-2.144253e-04
-4.877369e-06
-2.012944e-05
-3.505870e-05
-4.966516e-05
-6.394881e-05
-7.790966e-05
-9.154770e-05
-1.048629e-04
-1.178554e-04
-3.789415e-05
-3.589193e-05
-3.368222e-05
-3.126500e-05
-2.864029e-05
-2.580808e-05
-2.276837e-05
-1.952116e-05
-1.606646e-05
-2.515653e-04
-5.052065e-04
-3.717810e-04
-2.324826e-04
-8.731127e-05
6.373305e-05
2.206503e-04
3.834405e-04
2.981631e-04
-3.326328e-04
-6.825171e-04
-5.322922e-04
-3.667248e-04
-1.858149e-04
1.043754e-05
2.220325e-04
4.489700e-04
3.660128e-04
-2.672900e-04
-5.585609e-04
-4.547868e-04
-3.329534e-04
-1.930608e-04
-3.510903e-05
1.409020e-04
3.349723e-04
2.850708e-04
-4.778725e-04
-9.687124e-04
-7.267967e-04
-4.674319e-04
-1.906183e-04
1.036443e-04
4.153559e-04
7.445165e-04
5.867219e-04
-7.018326e-04
-1.404495e-03
-1.015129e-03
-6.092752e-04
-1.869338e-04
2.518952e-04
7.072117e-04
1.179016e-03
9.063495e-04
-9.375367e-04
-1.863316e-03
-1.319002e-03
-7.590711e-04
-1.835224e-04
4.076437e-04
1.014427e-03
1.636828e-03
1.243308e-03
-1.188208e-03
-2.351658e-03
-1.642913e-03
-9.191586e-04
-1.803957e-04
5.733757e-04
1.342156e-03
2.125944e-03
1.603653e-03
-1.482074e-03
-2.924443e-03
-2.023228e-03
-1.107480e-03
-1.771991e-04
7.676151e-04
1.726962e-03
2.700843e-03
2.027466e-03
-1.819133e-03
-3.581617e-03
-2.459815e-03
-1.323850e-03
-1.737245e-04
9.905633e-04
2.169013e-03
3.361624e-03
2.514771e-03
-2.180446e-03
-4.285177e-03
-2.925842e-03
-1.553410e-03
-1.678812e-04
1.230745e-03
2.642469e-03
4.067290e-03
3.034338e-03
-2.528618e-03
-4.974184e-03
-3.396764e-03
-1.798268e-03
-1.786942e-04
1.461957e-03
3.123684e-03
4.806490e-03
3.588673e-03
3.894980e-03
7.132656e-03
4.049969e-03
1.321430e-03
-1.052962e-03
-3.073207e-03
-4.739305e-03
-6.051256e-03
-4.033202e-03
4.283533e-03
8.038120e-03
4.888827e-03
1.987547e-03
-6.657200e-04
-3.070975e-03
-5.228217e-03
-7.137446e-03
-4.974027e-03
9.054725e-04
6.704997e-04
4.356724e-04
2.009905e-04
-3.354593e-05
-2.679369e-04
-5.021825e-04
-7.362826e-04
-9.702372e-04
1.810945e-03
1.340999e-03
8.713447e-04
4.019810e-04
-6.709185e-05
-5.358738e-04
-1.004365e-03
-1.472565e-03
-1.940474e-03
1.810945e-03
1.340999e-03
8.713447e-04
4.019810e-04
-6.709186e-05
-5.358738e-04
-1.004365e-03
-1.472565e-03
-1.940474e-03
1.810945e-03
1.340999e-03
8.713448e-04
4.019810e-04
-6.709187e-05
-5.358739e-04
-1.004365e-03
-1.472565e-03
-1.940474e-03
1.810945e-03
1.340999e-03
8.713447e-04
4.019810e-04
-6.709185e-05
-5.358738e-04
-1.004365e-03
-1.472565e-03
-1.940474e-03
1.810945e-03
1.340999e-03
8.713448e-04
4.019810e-04
-6.709186e-05
-5.358738e-04
-1.004365e-03
-1.472565e-03
-1.940474e-03
1.810945e-03
1.340999e-03
8.713447e-04
4.019810e-04
-6.709187e-05
-5.358738e-04
-1.004365e-03
-1.472565e-03
-1.940474e-03
1.810945e-03
1.340999e-03
8.713447e-04
4.019810e-04
-6.709186e-05
-5.358738e-04
-1.004365e-03
-1.472565e-03
-1.940474e-03
1.810945e-03
1.340999e-03
8.713448e-04
4.019810e-04
-6.709186e-05
-5.358738e-04
-1.004365e-03
-1.472565e-03
-1.940474e-03
1.810945e-03
1.340999e-03
8.713447e-04
4.019809e-04
-6.709186e-05
-5.358738e-04
-1.004365e-03
-1.472565e-03
-1.940474e-03
1.810945e-03
1.340999e-03
8.713448e-04
4.019810e-04
-6.709187e-05
-5.358739e-04
-1.004365e-03
-1.472565e-03
-1.940474e-03
1.810945e-03
1.340999e-03
8.713447e-04
4.019810e-04
-6.709185e-05
-5.358738e-04
-1.004365e-03
-1.472565e-03
-1.940474e-03
1.810945e-03
1.340999e-03
8.713447e-04
4.019810e-04
-6.709186e-05
-5.358738e-04
-1.004365e-03
-1.472565e-03
-1.940474e-03
1.810945e-03
1.340999e-03
8.713448e-04
4.019810e-04
-6.709187e-05
-5.358739e-04
-1.004365e-03
-1.472565e-03
-1.940474e-03
1.810945e-03
1.340999e-03
8.713447e-04
4.019810e-04
-6.709185e-05
-5.358738e-04
-1.004365e-03
-1.472565e-03
-1.940474e-03
1.810945e-03
1.340999e-03
8.713448e-04
4.019810e-04
-6.709186e-05
-5.358738e-04
-1.004365e-03
-1.472565e-03
-1.940474e-03
1.810945e-03
1.340999e-03
8.713447e-04
4.019810e-04
-6.709187e-05
-5.358738e-04
-1.004365e-03
-1.472565e-03
-1.940474e-03
1.810945e-03
1.340999e-03
8.713447e-04
4.019810e-04
-6.709186e-05
-5.358738e-04
-1.004365e-03
-1.472565e-03
-1.940474e-03
1.810945e-03
1.340999e-03
8.713448e-04
4.019810e-04
-6.709186e-05
-5.358738e-04
-1.004365e-03
-1.472565e-03
-1.940474e-03
1.810945e-03
1.340999e-03
8.713447e-04
4.019809e-04
-6.709186e-05
-5.358738e-04
-1.004365e-03
-1.472565e-03
-1.940474e-03
9.054725e-04
6.704997e-04
4.356724e-04
2.009905e-04
-3.354594e-05
-2.679369e-04
-5.021825e-04
-7.362826e-04
-9.702372e-04
9.145153e-04
6.796030e-04
4.447968e-04
2.100968e-04
-2.449688e-05
-2.589844e-04
-4.933657e-04
-7.276408e-04
-9.618096e-04
1.829031e-03
1.359206e-03
8.895936e-04
4.201937e-04
-4.899375e-05
-5.179688e-04
-9.867314e-04
-1.455282e-03
-1.923619e-03
1.829031e-03
1.359206e-03
8.895935e-04
4.201937e-04
-4.899377e-05
-5.179688e-04
-9.867314e-04
-1.455282e-03
-1.923619e-03
1.829031e-03
1.359206e-03
8.895936e-04
4.201937e-04
-4.899379e-05
-5.179688e-04
-9.867315e-04
-1.455282e-03
-1.923619e-03
1.829031e-03
1.359206e-03
8.895936e-04
4.201937e-04
-4.899375e-05
-5.179688e-04
-9.867314e-04
-1.455282e-03
-1.923619e-03
1.829031e-03
1.359206e-03
8.895936e-04
4.201937e-04
-4.899377e-05
-5.179688e-04
-9.867314e-04
-1.455282e-03
-1.923619e-03
1.829031e-03
1.359206e-03
8.895936e-04
4.201937e-04
-4.899378e-05
-5.179688e-04
-9.867314e-04
-1.455282e-03
-1.923619e-03
1.829031e-03
1.359206e-03
8.895936e-04
4.201937e-04
-4.899375e-05
-5.179688e-04
-9.867314e-04
-1.455282e-03
-1.923619e-03
1.829031e-03
1.359206e-03
8.895936e-04
4.201937e-04
-4.899377e-05
-5.179688e-04
-9.867314e-04
-1.455282e-03
-1.923619e-03
1.829031e-03
1.359206e-03
8.895935e-04
4.201937e-04
-4.899378e-05
-5.179688e-04
-9.867314e-04
-1.455282e-03
-1.923619e-03
1.829031e-03
1.359206e-03
8.895937e-04
4.201937e-04
-4.899376e-05
-5.179688e-04
-9.867315e-04
-1.455282e-03
-1.923619e-03
1.829031e-03
1.359206e-03
8.895935e-04
4.201937e-04
-4.899377e-05
-5.179688e-04
-9.867314e-04
-1.455282e-03
-1.923619e-03
1.829031e-03
1.359206e-03
8.895935e-04
4.201936e-04
-4.899380e-05
-5.179688e-04
-9.867314e-04
-1.455282e-03
-1.923619e-03
1.829031e-03
1.359206e-03
8.895936e-04
4.201937e-04
-4.899378e-05
-5.179688e-04
-9.867314e-04
-1.455282e-03
-1.923619e-03
1.829031e-03
1.359206e-03
8.895936e-04
4.201937e-04
-4.899375e-05
-5.179688e-04
-9.867314e-04
-1.455282e-03
-1.923619e-03
1.829031e-03
1.359206e-03
8.895935e-04
4.201937e-04
-4.899377e-05
-5.179688e-04
-9.867314e-04
-1.455282e-03
-1.923619e-03
1.829031e-03
1.359206e-03
8.895936e-04
4.201937e-04
-4.899379e-05
-5.179688e-04
-9.867315e-04
-1.455282e-03
-1.923619e-03
1.829031e-03
1.359206e-03
8.895936e-04
4.201937e-04
-4.899375e-05
-5.179688e-04
-9.867314e-04
-1.455282e-03
-1.923619e-03
1.829031e-03
1.359206e-03
8.895936e-04
4.201937e-04
-4.899377e-05
-5.179688e-04
-9.867314e-04
-1.455282e-03
-1.923619e-03
1.829031e-03
1.359206e-03
8.895936e-04
4.201937e-04
-4.899378e-05
-5.179688e-04
-9.867314e-04
-1.455282e-03
-1.923619e-03
1.829031e-03
1.359206e-03
8.895936e-04
4.201937e-04
-4.899375e-05
-5.179688e-04
-9.867314e-04
-1.455282e-03
-1.923619e-03
1.829031e-03
1.359206e-03
8.895936e-04
4.201937e-04
-4.899377e-05
-5.179688e-04
-9.867314e-04
-1.455282e-03
-1.923619e-03
1.829030e-03
1.359206e-03
8.895935e-04
4.201936e-04
-4.899380e-05
-5.179688e-04
-9.867314e-04
-1.455282e-03
-1.923619e-03
1.829031e-03
1.359206e-03
8.895936e-04
4.201937e-04
-4.899379e-05
-5.179688e-04
-9.867315e-04
-1.455282e-03
-1.923619e-03
1.829031e-03
1.359206e-03
8.895936e-04
4.201937e-04
-4.899375e-05
-5.179688e-04
-9.867314e-04
-1.455282e-03
-1.923619e-03
1.829031e-03
1.359206e-03
8.895936e-04
4.201937e-04
-4.899377e-05
-5.179688e-04
-9.867314e-04
-1.455282e-03
-1.923619e-03
1.829031e-03
1.359206e-03
8.895936e-04
4.201937e-04
-4.899378e-05
-5.179688e-04
-9.867314e-04
-1.455282e-03
-1.923619e-03
1.829031e-03
1.359206e-03
8.895936e-04
4.201937e-04
-4.899375e-05
-5.179688e-04
-9.867314e-04
-1.455282e-03
-1.923619e-03
1.829031e-03
1.359206e-03
8.895935e-04
4.201937e-04
-4.899377e-05
-5.179688e-04
-9.867314e-04
-1.455282e-03
-1.923619e-03
1.829031e-03
1.359206e-03
8.895936e-04
4.201937e-04
-4.899379e-05
-5.179688e-04
-9.867315e-04
-1.455282e-03
-1.923619e-03
1.829031e-03
1.359206e-03
8.895936e-04
4.201937e-04
-4.899375e-05
-5.179688e-04
-9.867314e-04
-1.455282e-03
-1.923619e-03
1.829031e-03
1.359206e-03
8.895936e-04
4.201937e-04
-4.899377e-05
-5.179688e-04
-9.867314e-04
-1.455282e-03
-1.923619e-03
1.829031e-03
1.359206e-03
8.895935e-04
4.201936e-04
-4.899380e-05
-5.179688e-04
-9.867314e-04
-1.455282e-03
-1.923619e-03
9.145153e-04
6.796029e-04
4.447968e-04
2.100968e-04
-2.449690e-05
-2.589844e-04
-4.933657e-04
-7.276408e-04
-9.618097e-04
9.637413e-04
7.296300e-04
4.954034e-04
2.610613e-04
2.660399e-05
-2.079687e-04
-4.426568e-04
-6.774602e-04
-9.123789e-04
1.927483e-03
1.459260e-03
9.908067e-04
5.221227e-04
5.320795e-05
-4.159375e-04
-8.853136e-04
-1.354920e-03
-1.824758e-03
1.927483e-03
1.459260e-03
9.908067e-04
5.221227e-04
5.320794e-05
-4.159375e-04
-8.853136e-04
-1.354920e-03
-1.824758e-03
1.927483e-03
1.459260e-03
9.908067e-04
5.221227e-04
5.320796e-05
-4.159375e-04
-8.853136e-04
-1.354920e-03
-1.824758e-03
1.927483e-03
1.459260e-03
9.908067e-04
5.221227e-04
5.320797e-05
-4.159374e-04
-8.853136e-04
-1.354920e-03
-1.824758e-03
1.927483e-03
1.459260e-03
9.908067e-04
5.221227e-04
5.320798e-05
-4.159374e-04
-8.853135e-04
-1.354920e-03
-1.824758e-03
1.927483e-03
1.459260e-03
9.908068e-04
5.221227e-04
5.320798e-05
-4.159375e-04
-8.853136e-04
-1.354920e-03
-1.824758e-03
1.927483e-03
1.459260e-03
9.908067e-04
5.221226e-04
5.320795e-05
-4.159375e-04
-8.853135e-04
-1.354920e-03
-1.824758e-03
1.927483e-03
1.459260e-03
9.908067e-04
5.221227e-04
5.320794e-05
-4.159375e-04
-8.853136e-04
-1.354920e-03
-1.824758e-03
1.927483e-03
1.459260e-03
9.908067e-04
5.221227e-04
5.320796e-05
-4.159375e-04
-8.853136e-04
-1.354920e-03
-1.824758e-03
1.927483e-03
1.459260e-03
9.908067e-04
5.221227e-04
5.320797e-05
-4.159374e-04
-8.853136e-04
-1.354920e-03
-1.824758e-03
1.927483e-03
1.459260e-03
9.908067e-04
5.221227e-04
5.320797e-05
-4.159374e-04
-8.853136e-04
-1.354920e-03
-1.824758e-03
1.927483e-03
1.459260e-03
9.908067e-04
5.221227e-04
5.320795e-05
-4.159375e-04
-8.853136e-04
-1.354920e-03
-1.824758e-03
1.927483e-03
1.459260e-03
9.908067e-04
5.221227e-04
5.320794e-05
-4.159375e-04
-8.853136e-04
-1.354920e-03
-1.824758e-03
1.927483e-03
1.459260e-03
9.908067e-04
5.221227e-04
5.320796e-05
-4.159375e-04
-8.853136e-04
-1.354920e-03
-1.824758e-03
1.927483e-03
1.459260e-03
9.908067e-04
5.221227e-04
5.320797e-05
-4.159374e-04
-8.853136e-04
-1.354920e-03
-1.824758e-03
1.927483e-03
1.459260e-03
9.908067e-04
5.221227e-04
5.320797e-05
-4.159374e-04
-8.853136e-04
-1.354920e-03
-1.824758e-03
1.927483e-03
1.459260e-03
9.908067e-04
5.221227e-04
5.320797e-05
-4.159374e-04
-8.853136e-04
-1.354920e-03
-1.824758e-03
1.927483e-03
1.459260e-03
9.908067e-04
5.221227e-04
5.320795e-05
-4.159375e-04
-8.853136e-04
-1.354920e-03
-1.824758e-03
1.927483e-03
1.459260e-03
9.908067e-04
5.221227e-04
5.320794e-05
-4.159375e-04
-8.853136e-04
-1.354920e-03
-1.824758e-03
1.927483e-03
1.459260e-03
9.908067e-04
5.221227e-04
5.320796e-05
-4.159374e-04
-8.853135e-04
-1.354920e-03
-1.824758e-03
1.927483e-03
1.459260e-03
9.908068e-04
5.221227e-04
5.320798e-05
-4.159375e-04
-8.853136e-04
-1.354920e-03
-1.824758e-03
1.927483e-03
1.459260e-03
9.908067e-04
5.221227e-04
5.320797e-05
-4.159374e-04
-8.853135e-04
-1.354920e-03
-1.824758e-03
1.927483e-03
1.459260e-03
9.908067e-04
5.221227e-04
5.320797e-05
-4.159374e-04
-8.853136e-04
-1.354920e-03
-1.824758e-03
1.927483e-03
1.459260e-03
9.908067e-04
5.221227e-04
5.320795e-05
-4.159375e-04
-8.853136e-04
-1.354920e-03
-1.824758e-03
1.927483e-03
1.459260e-03
9.908067e-04
5.221227e-04
5.320794e-05
-4.159375e-04
-8.853136e-04
-1.354920e-03
-1.824758e-03
1.927483e-03
1.459260e-03
9.908067e-04
5.221227e-04
5.320796e-05
-4.159375e-04
-8.853136e-04
-1.354920e-03
-1.824758e-03
1.927483e-03
1.459260e-03
9.908067e-04
5.221227e-04
5.320797e-05
-4.159374e-04
-8.853136e-04
-1.354920e-03
-1.824758e-03
1.927483e-03
1.459260e-03
9.908067e-04
5.221227e-04
5.320797e-05
-4.159374e-04
-8.853136e-04
-1.354920e-03
-1.824758e-03
1.927483e-03
1.459260e-03
9.908067e-04
5.221227e-04
5.320795e-05
-4.159375e-04
-8.853136e-04
-1.354920e-03
-1.824758e-03
1.927483e-03
1.459260e-03
9.908067e-04
5.221227e-04
5.320794e-05
-4.159375e-04
-8.853136e-04
-1.354920e-03
-1.824758e-03
1.927483e-03
1.459260e-03
9.908067e-04
5.221227e-04
5.320796e-05
-4.159375e-04
-8.853136e-04
-1.354920e-03
-1.824758e-03
1.927483e-03
1.459260e-03
9.908067e-04
5.221227e-04
5.320797e-05
-4.159374e-04
-8.853136e-04
-1.354920e-03
-1.824758e-03
9.637413e-04
7.296300e-04
4.954034e-04
2.610613e-04
2.660399e-05
-2.079687e-04
-4.426568e-04
-6.774602e-04
-9.123789e-04
SCALARS S13 float 1
LOOKUP_TABLE default
-3.998824e-03
-9.256102e-03
-8.766185e-03
-7.831255e-03
-6.451313e-03
-4.626358e-03
-2.356391e-03
3.585883e-04
1.376452e-03
-6.292605e-03
-1.533981e-02
-1.814785e-02
-1.963276e-02
-1.979454e-02
-1.863318e-02
-1.614869e-02
-1.234106e-02
-5.726446e-03
2.070170e-04
9.907880e-04
2.029504e-03
2.844929e-03
3.437061e-03
3.805900e-03
3.951448e-03
3.873704e-03
2.279185e-03
-9.154562e-04
-1.889781e-03
-1.640641e-03
-1.323211e-03
-9.374906e-04
-4.834794e-04
3.882219e-05
6.294144e-04
6.309460e-04
-6.219829e-04
-1.199042e-03
-8.630731e-04
-5.112637e-04
-1.436140e-04
2.398758e-04
6.392059e-04
1.054376e-03
8.094286e-04
-5.750196e-04
-1.129597e-03
-8.578624e-04
-5.631256e-04
-2.453861e-04
9.535591e-05
4.591006e-04
8.458479e-04
6.730923e-04
-5.072318e-04
-1.007655e-03
-7.879940e-04
-5.431086e-04
-2.729986e-04
2.233604e-05
3.428954e-04
6.886794e-04
5.620144e-04
-4.006343e-04
-7.876543e-04
-5.951357e-04
-3.847620e-04
-1.565334e-04
8.955010e-05
3.534886e-04
6.352820e-04
5.029524e-04
-4.384339e-04
-9.320082e-04
-8.565368e-04
-7.354042e-04
-5.686104e-04
-3.561555e-04
-9.803935e-05
2.057380e-04
2.564022e-04
3.001924e-04
8.815680e-04
1.319811e-03
1.643025e-03
1.851210e-03
1.944367e-03
1.922494e-03
1.785592e-03
1.009972e-03
-6.399468e-04
-1.544251e-03
-1.820723e-03
-1.958530e-03
-1.957672e-03
-1.818151e-03
-1.539964e-03
-1.123113e-03
-4.871813e-04
-1.972928e-03
-4.804321e-03
-4.980506e-03
-4.848475e-03
-4.408226e-03
-3.659761e-03
-2.603079e-03
-1.238181e-03
-1.506771e-04
-1.007747e-02
-7.963531e-03
-5.843681e-03
-3.717923e-03
-1.586255e-03
5.513215e-04
2.694807e-03
4.844202e-03
6.999505e-03
-7.393453e-04
-4.914347e-04
-2.447385e-04
7.433349e-07
2.450108e-04
4.880639e-04
7.299027e-04
9.705271e-04
1.209937e-03
2.581187e-03
2.620958e-03
2.649525e-03
2.666887e-03
2.673045e-03
2.667999e-03
2.651748e-03
2.624293e-03
2.585634e-03
1.418879e-03
1.440918e-03
1.456734e-03
1.466328e-03
1.469699e-03
1.466847e-03
1.457773e-03
1.442476e-03
1.420957e-03
7.599333e-04
7.738188e-04
7.842754e-04
7.913032e-04
7.949022e-04
7.950724e-04
7.918137e-04
7.851263e-04
7.750100e-04
3.929469e-04
4.009261e-04
4.070554e-04
4.113347e-04
4.137641e-04
4.143435e-04
4.130730e-04
4.099524e-04
4.049819e-04
1.823571e-04
1.887086e-04
1.940878e-04
1.984948e-04
2.019295e-04
2.043920e-04
2.058823e-04
2.064003e-04
2.059461e-04
6.121009e-05
6.506378e-05
6.847626e-05
7.144754e-05
7.397761e-05
7.606646e-05
7.771412e-05
7.892056e-05
7.968579e-05
-8.614040e-06
-5.004719e-06
-1.549550e-06
1.751467e-06
4.898331e-06
7.891043e-06
1.072960e-05
1.341401e-05
1.594426e-05
-5.427964e-05
-4.992514e-05
-4.555142e-05
-4.115847e-05
-3.674630e-05
-3.231490e-05
-2.786427e-05
-2.339442e-05
-1.890535e-05
-7.224836e-05
-6.960193e-05
-6.683455e-05
-6.394622e-05
-6.093693e-05
-5.780669e-05
-5.455549e-05
-5.118334e-05
-4.769024e-05
-8.181551e-05
-7.821990e-05
-7.447899e-05
-7.059277e-05
-6.656124e-05
-6.238441e-05
-5.806228e-05
-5.359484e-05
-4.898209e-05
-9.193266e-05
-8.597485e-05
-7.986827e-05
-7.361294e-05
-6.720885e-05
-6.065600e-05
-5.395439e-05
-4.710402e-05
-4.010489e-05
-1.189562e-04
-1.144070e-04
-1.095757e-04
-1.044622e-04
-9.906668e-05
-9.338899e-05
-8.742920e-05
-8.118728e-05
-7.466325e-05
-1.419990e-04
-1.397041e-04
-1.369960e-04
-1.338746e-04
-1.303400e-04
-1.263922e-04
-1.220311e-04
-1.172568e-04
-1.120692e-04
-1.560964e-04
-1.514027e-04
-1.462769e-04
-1.407189e-04
-1.347288e-04
-1.283065e-04
-1.214521e-04
-1.141655e-04
-1.064468e-04
-1.973966e-04
-1.890337e-04
-1.801307e-04
-1.706877e-04
-1.607048e-04
-1.501818e-04
-1.391188e-04
-1.275159e-04
-1.153729e-04
-2.817624e-04
-2.807059e-04
-2.786482e-04
-2.755893e-04
-2.715292e-04
-2.664679e-04
-2.604054e-04
-2.533417e-04
-2.452769e-04
-4.523752e-04
-4.510887e-04
-4.481151e-04
-4.434543e-04
-4.371064e-04
-4.290713e-04
-4.193491e-04
-4.079397e-04
-3.948432e-04
-7.221122e-04
-7.220425e-04
-7.191762e-04
-7.135130e-04
-7.050531e-04
-6.937963e-04
-6.797428e-04
-6.628926e-04
-6.432455e-04
-1.180144e-03
-1.189166e-03
-1.193392e-03
-1.192824e-03
-1.187461e-03
-1.177303e-03
-1.162350e-03
-1.142602e-03
-1.118059e-03
-1.991378e-03
-2.012761e-03
-2.025873e-03
-2.030712e-03
-2.027279e-03
-2.015575e-03
-1.995598e-03
-1.967349e-03
-1.930828e-03
-3.441579e-03
-3.481281e-03
-3.506558e-03
-3.517411e-03
-3.513838e-03
-3.495841e-03
-3.463419e-03
-3.416571e-03
-3.355299e-03
-6.125845e-03
-6.197225e-03
-6.242828e-03
-6.262655e-03
-6.256706e-03
-6.224981e-03
-6.167479e-03
-6.084201e-03
-5.975147e-03
2.809395e-03
1.068557e-03
-6.552272e-04
-2.361957e-03
-4.051633e-03
-5.724254e-03
-7.379821e-03
-9.018334e-03
-1.063979e-02
-3.745075e-03
-3.841192e-03
-3.920733e-03
-3.983696e-03
-4.030082e-03
-4.059890e-03
-4.073121e-03
-4.069774e-03
-4.049850e-03
-5.990945e-03
-6.064832e-03
-6.113442e-03
-6.136774e-03
-6.134830e-03
-6.107609e-03
-6.055110e-03
-5.977334e-03
-5.874281e-03
-3.445330e-03
-3.480932e-03
-3.502154e-03
-3.508996e-03
-3.501460e-03
-3.479543e-03
-3.443247e-03
-3.392572e-03
-3.327517e-03
-2.144459e-03
-2.170457e-03
-2.187481e-03
-2.195531e-03
-2.194607e-03
-2.184709e-03
-2.165836e-03
-2.137990e-03
-2.101169e-03
-1.322153e-03
-1.328107e-03
-1.328732e-03
-1.324027e-03
-1.313994e-03
-1.298632e-03
-1.277941e-03
-1.251921e-03
-1.220572e-03
-7.182231e-04
-7.061991e-04
-6.915763e-04
-6.743545e-04
-6.545338e-04
-6.321141e-04
-6.070956e-04
-5.794781e-04
-5.492616e-04
-4.349576e-04
-4.311981e-04
-4.258465e-04
-4.189028e-04
-4.103669e-04
-4.002389e-04
-3.885187e-04
-3.752064e-04
-3.603020e-04
-4.125679e-04
-4.098042e-04
-4.055214e-04
-3.997195e-04
-3.923985e-04
-3.835583e-04
-3.731991e-04
-3.613208e-04
-3.479233e-04
-3.003596e-04
-2.895388e-04
-2.777823e-04
-2.650902e-04
-2.514625e-04
-2.368993e-04
-2.214004e-04
-2.049659e-04
-1.875958e-04
-1.931860e-04
-1.645973e-04
-1.357951e-04
-1.067794e-04
-7.755040e-05
-4.810793e-05
-1.845205e-05
1.141726e-05
4.149999e-05
-6.343844e-05
-6.310468e-05
-6.261781e-05
-6.197782e-05
-6.118471e-05
-6.023849e-05
-5.913915e-05
-5.788670e-05
-5.648113e-05
-7.705820e-05
-6.412062e-05
-5.118023e-05
-3.823705e-05
-2.529107e-05
-1.234228e-05
6.093012e-07
1.356368e-05
2.652087e-05
-3.683827e-05
-1.619109e-05
4.171521e-06
2.424955e-05
4.404300e-05
6.355187e-05
8.277617e-05
1.017159e-04
1.203710e-04
-1.157586e-04
-8.677300e-05
-5.788908e-05
-2.910682e-05
-4.262100e-07
2.815274e-05
5.663004e-05
8.500568e-05
1.132797e-04
2.777225e-05
2.668679e-05
2.541335e-05
2.395195e-05
2.230257e-05
2.046521e-05
1.843988e-05
1.622658e-05
1.382531e-05
2.158162e-04
2.377666e-04
2.583941e-04
2.776989e-04
2.956808e-04
3.123399e-04
3.276761e-04
3.416896e-04
3.543802e-04
1.956678e-04
2.297140e-04
2.623217e-04
2.934910e-04
3.232217e-04
3.515140e-04
3.783678e-04
4.037831e-04
4.277599e-04
-8.240332e-05
-6.675700e-05
-5.112524e-05
-3.550805e-05
-1.990542e-05
-4.317365e-06
1.125613e-05
2.681506e-05
4.235942e-05
3.255913e-05
3.906366e-05
4.524003e-05
5.108822e-05
5.660824e-05
6.180009e-05
6.666377e-05
7.119928e-05
7.540662e-05
5.601429e-04
5.912393e-04
6.194770e-04
6.448560e-04
6.673764e-04
6.870380e-04
7.038410e-04
7.177853e-04
7.288710e-04
5.570689e-04
6.043747e-04
6.485698e-04
6.896542e-04
7.276278e-04
7.624907e-04
7.942429e-04
8.228844e-04
8.484152e-04
2.145814e-04
2.180644e-04
2.205364e-04
2.219974e-04
2.224473e-04
2.218862e-04
2.203142e-04
2.177310e-04
2.141369e-04
5.817607e-04
6.066177e-04
6.286328e-04
6.478061e-04
6.641376e-04
6.776272e-04
6.882751e-04
6.960810e-04
7.010452e-04
1.947048e-03
2.008954e-03
2.061904e-03
2.105897e-03
2.140933e-03
2.167013e-03
2.184136e-03
2.192303e-03
2.191513e-03
1.423632e-03
1.502921e-03
1.575082e-03
1.640114e-03
1.698017e-03
1.748791e-03
1.792437e-03
1.828955e-03
1.858343e-03
-6.339280e-04
-4.454185e-04
-2.575240e-04
-7.024464e-05
1.164196e-04
3.024688e-04
4.879029e-04
6.727219e-04
8.569257e-04
1.696601e-02
1.107204e-02
5.730902e-03
9.426103e-04
-3.292839e-03
-6.975447e-03
-1.010521e-02
-1.268214e-02
-1.470622e-02
2.487143e-02
1.746796e-02
1.048079e-02
3.909917e-03
-2.244669e-03
-7.982962e-03
-1.330496e-02
-1.821067e-02
-2.270009e-02
3.122575e-02
2.064542e-02
1.081822e-02
1.744161e-03
-6.576767e-03
-1.414456e-02
-2.095922e-02
-2.702075e-02
-3.232915e-02
3.079614e-02
1.940559e-02
8.980198e-03
-4.800187e-04
-8.975065e-03
-1.650494e-02
-2.306965e-02
-2.866918e-02
-3.330354e-02
3.264621e-02
2.271457e-02
1.330603e-02
4.420587e-03
-3.941751e-03
-1.178099e-02
-1.909712e-02
-2.589015e-02
-3.216009e-02
3.358954e-02
2.415288e-02
1.507152e-02
6.345454e-03
-2.025310e-03
-1.004077e-02
-1.770094e-02
-2.500580e-02
-3.195537e-02
3.357537e-02
2.386354e-02
1.457199e-02
5.700709e-03
-2.750292e-03
-1.078102e-02
-1.839147e-02
-2.558164e-02
-3.235154e-02
3.296474e-02
2.225828e-02
1.223657e-02
2.899603e-03
-5.752613e-03
-1.372008e-02
-2.100280e-02
-2.760078e-02
-3.351400e-02
3.257821e-02
2.103244e-02
1.038706e-02
6.420772e-04
-8.202520e-03
-1.614673e-02
-2.319054e-02
-2.933397e-02
-3.457701e-02
3.346722e-02
2.262927e-02
1.247815e-02
3.013856e-03
-5.763619e-03
-1.385427e-02
-2.125810e-02
-2.797511e-02
-3.400530e-02
3.417607e-02
2.396738e-02
1.426043e-02
5.055195e-03
-3.648310e-03
-1.185009e-02
-1.955014e-02
-2.674847e-02
-3.344507e-02
2.648029e-02
1.817560e-02
1.040988e-02
3.183114e-03
-3.504692e-03
-9.653540e-03
-1.526343e-02
-2.033436e-02
-2.486633e-02
1.881630e-02
1.247359e-02
6.691893e-03
1.471220e-03
-3.188433e-03
-7.287064e-03
-1.082467e-02
-1.380126e-02
-1.621683e-02
1.176246e-03
8.901606e-04
6.039337e-04
3.175653e-04
3.105531e-05
-2.555962e-04
-5.423893e-04
-8.293239e-04
-1.116400e-03
5.664089e-04
5.466737e-04
5.248968e-04
5.010781e-04
4.752177e-04
4.473155e-04
4.173716e-04
3.853860e-04
3.513587e-04
4.331272e-04
4.380381e-04
4.410415e-04
4.421373e-04
4.413256e-04
4.386064e-04
4.339797e-04
4.274455e-04
4.190037e-04
-3.842491e-05
3.533225e-05
1.079573e-04
1.794504e-04
2.498113e-04
3.190402e-04
3.871371e-04
4.541019e-04
5.199346e-04
1.258746e-04
1.307697e-04
1.349972e-04
1.385570e-04
1.414492e-04
1.436738e-04
1.452307e-04
1.461200e-04
1.463416e-04
-8.094481e-05
-8.121170e-05
-8.122725e-05
-8.099146e-05
-8.050434e-05
-7.976587e-05
-7.877608e-05
-7.753494e-05
-7.604247e-05
-6.556651e-04
-5.820041e-04
-5.069835e-04
-4.306032e-04
-3.528633e-04
-2.737637e-04
-1.933045e-04
-1.114856e-04
-2.830703e-05
-2.012454e-04
-2.425906e-04
-2.825263e-04
-3.210526e-04
-3.581695e-04
-3.938768e-04
-4.281747e-04
-4.610632e-04
-4.925421e-04
-4.715909e-04
-4.477644e-04
-4.225048e-04
-3.958123e-04
-3.676868e-04
-3.381283e-04
-3.071368e-04
-2.747123e-04
-2.408548e-04
-5.409819e-04
-4.654114e-04
-3.889754e-04
-3.116739e-04
-2.335069e-04
-1.544745e-04
-7.457654e-05
6.186883e-06
8.781579e-05
1.884209e-04
1.411042e-04
9.372294e-05
4.627714e-05
-1.233204e-06
-4.880810e-05
-9.644755e-05
-1.441515e-04
-1.919201e-04
-2.454875e-04
-1.619740e-04
-7.891710e-05
3.683239e-06
8.582700e-05
1.675142e-04
2.487448e-04
3.295188e-04
4.098362e-04
1.551300e-04
1.493868e-04
1.430331e-04
1.360686e-04
1.284935e-04
1.203078e-04
1.115113e-04
1.021042e-04
9.208647e-05
2.336462e-05
3.920987e-05
5.462299e-05
6.960399e-05
8.415285e-05
9.826959e-05
1.119542e-04
1.252067e-04
1.380270e-04
-3.297892e-04
-2.620529e-04
-1.941736e-04
-1.261512e-04
-5.798571e-05
1.032285e-05
7.877449e-05
1.473692e-04
2.161070e-04
7.447790e-05
1.781759e-05
-3.829137e-05
-9.384899e-05
-1.488553e-04
-2.033102e-04
-2.572138e-04
-3.105660e-04
-3.633669e-04
-7.179199e-04
-6.135884e-04
-5.081455e-04
-4.015910e-04
-2.939251e-04
-1.851476e-04
-7.525863e-05
3.574184e-05
1.478538e-04
-8.444538e-05
-1.558381e-04
-2.257938e-04
-2.943126e-04
-3.613944e-04
-4.270393e-04
-4.912473e-04
-5.540183e-04
-6.153523e-04
-7.303491e-04
-6.502534e-04
-5.685956e-04
-4.853758e-04
-4.005939e-04
-3.142499e-04
-2.263438e-04
-1.368757e-04
-4.584549e-05
-3.010864e-04
-3.307411e-04
-3.587649e-04
-3.851579e-04
-4.099200e-04
-4.330512e-04
-4.545516e-04
-4.744211e-04
-4.926597e-04
-5.021206e-04
-4.636683e-04
-4.238878e-04
-3.827792e-04
-3.403425e-04
-2.965777e-04
-2.514849e-04
-2.050638e-04
-1.573147e-04
-2.720716e-04
-2.660355e-04
-2.590654e-04
-2.511614e-04
-2.423235e-04
-2.325517e-04
-2.218459e-04
-2.102062e-04
-1.976326e-04
-1.239012e-04
-1.105833e-04
-9.704559e-05
-8.328806e-05
-6.931071e-05
-5.511353e-05
-4.069654e-05
-2.605973e-05
-1.120309e-05
1.055931e-04
1.348216e-04
1.630865e-04
1.903880e-04
2.167259e-04
2.421003e-04
2.665111e-04
2.899585e-04
3.124423e-04
6.459395e-04
6.540345e-04
6.593361e-04
6.618445e-04
6.615596e-04
6.584813e-04
6.526098e-04
6.439449e-04
6.324868e-04
1.245213e-03
1.285193e-03
1.319443e-03
1.347963e-03
1.370754e-03
1.387814e-03
1.399145e-03
1.404746e-03
1.404617e-03
2.446021e-03
2.479721e-03
2.502954e-03
2.515720e-03
2.518018e-03
2.509849e-03
2.491213e-03
2.462110e-03
2.422539e-03
2.775266e-03
2.690273e-03
2.595432e-03
2.490744e-03
2.376209e-03
2.251825e-03
2.117595e-03
1.973516e-03
1.819590e-03
-1.630054e-03
-1.008695e-03
-3.909883e-04
2.230651e-04
8.334655e-04
1.440213e-03
2.043307e-03
2.642749e-03
3.238537e-03
1.219843e-03
2.849413e-03
2.863336e-03
2.733876e-03
2.461033e-03
2.044805e-03
1.485194e-03
7.821997e-04
2.227852e-04
1.623833e-03
4.249723e-03
4.134849e-03
3.816764e-03
3.295467e-03
2.570959e-03
1.643239e-03
5.123073e-04
-3.330277e-05
7.246236e-04
1.768723e-03
1.359753e-03
9.267818e-04
4.698106e-04
-1.116100e-05
-5.161330e-04
-1.045105e-03
-6.882375e-04
3.820289e-04
8.775721e-04
4.704547e-04
8.529497e-05
-2.779072e-04
-6.191517e-04
-9.384385e-04
-1.235768e-03
-7.263752e-04
4.657701e-04
1.189130e-03
1.063398e-03
8.959670e-04
6.868381e-04
4.360110e-04
1.434858e-04
-1.907375e-04
-1.892217e-04
-1.294645e-04
-4.196125e-04
-6.826220e-04
-8.803357e-04
-1.012754e-03
-1.079876e-03
-1.081702e-03
-1.018233e-03
-5.164558e-04
-7.043885e-04
-1.976631e-03
-2.341827e-03
-2.543338e-03
-2.581164e-03
-2.455306e-03
-2.165762e-03
-1.712534e-03
-7.762055e-04
-5.161007e-04
-1.392548e-03
-1.338177e-03
-1.220584e-03
-1.039769e-03
-7.957333e-04
-4.884761e-04
-1.179974e-04
3.627367e-05
-2.785527e-03
-2.384777e-03
-1.979294e-03
-1.569076e-03
-1.154125e-03
-7.344391e-04
-3.100196e-04
1.191339e-04
5.530213e-04
-3.436566e-03
-3.340166e-03
-3.231442e-03
-3.110396e-03
-2.977027e-03
-2.831335e-03
-2.673321e-03
-2.502983e-03
-2.320323e-03
-2.405906e-03
-2.475570e-03
-2.534343e-03
-2.582224e-03
-2.619213e-03
-2.645310e-03
-2.660515e-03
-2.664829e-03
-2.658250e-03
-1.569975e-03
-1.549685e-03
-1.523346e-03
-1.490958e-03
-1.452521e-03
-1.408034e-03
-1.357499e-03
-1.300914e-03
-1.238280e-03
-5.369192e-04
-5.946305e-04
-6.491754e-04
-7.005540e-04
-7.487662e-04
-7.938120e-04
-8.356915e-04
-8.744046e-04
-9.099513e-04
-3.102977e-04
-2.922595e-04
-2.732064e-04
-2.531383e-04
-2.320552e-04
-2.099571e-04
-1.868441e-04
-1.627161e-04
-1.375732e-04
2.225600e-04
1.773645e-04
1.320754e-04
8.669279e-05
4.121661e-05
-4.353122e-06
-5.001641e-05
-9.577326e-05
-1.416237e-04
1.843852e-04
2.045855e-04
2.237778e-04
2.419621e-04
2.591385e-04
2.753069e-04
2.904674e-04
3.046198e-04
3.177643e-04
5.302762e-04
4.816577e-04
4.317671e-04
3.806044e-04
3.281696e-04
2.744627e-04
2.194837e-04
1.632326e-04
1.057094e-04
2.113943e-04
2.524301e-04
2.920134e-04
3.301442e-04
3.668225e-04
4.020483e-04
4.358216e-04
4.681424e-04
4.990106e-04
6.033168e-04
5.341061e-04
4.636714e-04
3.920129e-04
3.191305e-04
2.450243e-04
1.696942e-04
9.314019e-05
1.536234e-05
7.672749e-05
1.185538e-04
1.594627e-04
1.994541e-04
2.385282e-04
2.766848e-04
3.139241e-04
3.502459e-04
3.856503e-04
3.915949e-04
3.235474e-04
2.551148e-04
1.862971e-04
1.170944e-04
4.750660e-05
-2.246628e-05
-9.282423e-05
-1.635673e-04
-1.340446e-04
-1.072941e-04
-8.036049e-05
-5.324367e-05
-2.594366e-05
1.539530e-06
2.920590e-05
5.705546e-05
8.508821e-05
4.716727e-05
-7.663893e-07
-4.802276e-05
-9.460183e-05
-1.405036e-04
-1.857281e-04
-2.302753e-04
-2.741452e-04
-3.173378e-04
-1.715391e-04
-1.917207e-04
-2.107967e-04
-2.287672e-04
-2.456322e-04
-2.613917e-04
-2.760457e-04
-2.895942e-04
-3.020372e-04
-2.503910e-04
-2.423654e-04
-2.333777e-04
-2.234279e-04
-2.125160e-04
-2.006421e-04
-1.878060e-04
-1.740078e-04
-1.592476e-04
2.498449e-04
1.826383e-04
1.156085e-04
4.875569e-05
-1.792025e-05
-8.441928e-05
-1.507414e-04
-2.168867e-04
-2.828550e-04
3.550649e-05
6.655012e-05
9.702589e-05
1.269338e-04
1.562739e-04
1.850461e-04
2.132504e-04
2.408869e-04
2.679555e-04
5.096352e-04
4.672115e-04
4.235110e-04
3.785337e-04
3.322796e-04
2.847487e-04
2.359411e-04
1.858566e-04
1.344953e-04
3.271971e-04
2.999257e-04
2.718655e-04
2.430165e-04
2.133786e-04
1.829518e-04
1.517362e-04
1.197318e-04
8.693857e-05
-3.200211e-04
-3.041958e-04
-2.872538e-04
-2.691952e-04
-2.500198e-04
-2.297277e-04
-2.083189e-04
-1.857935e-04
-1.621513e-04
-5.168794e-04
-5.597409e-04
-5.997294e-04
-6.368450e-04
-6.710877e-04
-7.024574e-04
-7.309541e-04
-7.565780e-04
-7.793288e-04
2.008334e-03
1.418351e-03
8.300082e-04
2.433065e-04
-3.417542e-04
-9.251739e-04
-1.506953e-03
-2.087090e-03
-2.665587e-03
-1.698853e-02
-1.129751e-02
-6.104966e-03
-1.410895e-03
2.784704e-03
6.481830e-03
9.680483e-03
1.238066e-02
1.458237e-02
-2.449954e-02
-1.732531e-02
-1.053175e-02
-4.118858e-03
1.913366e-03
7.564923e-03
1.283581e-02
1.772603e-02
2.223559e-02
-3.259780e-02
-2.396302e-02
-1.555038e-02
-7.359866e-03
6.085176e-04
8.354771e-03
1.587889e-02
2.318089e-02
3.026075e-02
-3.284768e-02
-2.370763e-02
-1.489118e-02
-6.398325e-03
1.770931e-03
9.616589e-03
1.713865e-02
2.433711e-02
3.121197e-02
-3.190228e-02
-2.146785e-02
-1.170987e-02
-2.628337e-03
5.776752e-03
1.350540e-02
2.055759e-02
2.693334e-02
3.263265e-02
-3.146476e-02
-2.027213e-02
-9.955656e-03
-5.153224e-04
8.048866e-03
1.573691e-02
2.254881e-02
2.848456e-02
3.354417e-02
-3.244645e-02
-2.170846e-02
-1.168579e-02
-2.378418e-03
6.213642e-03
1.409039e-02
2.125183e-02
2.769797e-02
3.342879e-02
-3.391102e-02
-2.448008e-02
-1.538141e-02
-6.615026e-03
1.819084e-03
9.920917e-03
1.769047e-02
2.512775e-02
3.223275e-02
-3.371287e-02
-2.398774e-02
-1.467449e-02
-5.773103e-03
2.716406e-03
1.079404e-02
1.845980e-02
2.571369e-02
3.255570e-02
-3.327526e-02
-2.264236e-02
-1.265424e-02
-3.310892e-03
5.387676e-03
1.344147e-02
2.085048e-02
2.761471e-02
3.373417e-02
-3.424622e-02
-2.453153e-02
-1.519579e-02
-6.239014e-03
2.338806e-03
1.053767e-02
1.835757e-02
2.579852e-02
3.286051e-02
-2.683632e-02
-1.926343e-02
-1.203484e-02
-5.150551e-03
1.389444e-03
7.585140e-03
1.343654e-02
1.894364e-02
2.410644e-02
-2.395690e-02
-1.305043e-02
-3.417661e-03
4.941410e-03
1.202678e-02
1.783845e-02
2.237643e-02
2.564070e-02
2.763127e-02
-2.402956e-02
-1.307624e-02
-3.403086e-03
4.989915e-03
1.210276e-02
1.793545e-02
2.248798e-02
2.576035e-02
2.775257e-02
-8.050317e-04
-4.755859e-04
-1.482038e-04
1.771147e-04
5.003696e-04
8.215608e-04
1.140688e-03
1.457752e-03
1.772753e-03
9.777908e-04
9.425128e-04
9.039484e-04
8.620975e-04
8.169603e-04
7.685367e-04
7.168266e-04
6.618302e-04
6.035473e-04
2.587094e-04
2.890263e-04
3.178845e-04
3.452841e-04
3.712251e-04
3.957076e-04
4.187314e-04
4.402967e-04
4.604033e-04
-6.544734e-04
-7.227662e-04
-7.872186e-04
-8.478304e-04
-9.046018e-04
-9.575327e-04
-1.006623e-03
-1.051873e-03
-1.093282e-03
-9.349505e-04
-9.798447e-04
-1.020149e-03
-1.055865e-03
-1.086990e-03
-1.113527e-03
-1.135474e-03
-1.152831e-03
-1.165599e-03
-2.169355e-04
-2.124437e-04
-2.070679e-04
-2.008082e-04
-1.936646e-04
-1.856369e-04
-1.767253e-04
-1.669298e-04
-1.562502e-04
9.593791e-05
6.331971e-05
3.093047e-05
-1.229803e-06
-3.316112e-05
-6.486347e-05
-9.633687e-05
-1.275813e-04
-1.585968e-04
-1.630112e-04
-2.062049e-04
-2.479515e-04
-2.882510e-04
-3.271033e-04
-3.645086e-04
-4.004667e-04
-4.349777e-04
-4.680417e-04
-1.512707e-04
-1.711378e-04
-1.899865e-04
-2.078169e-04
-2.246289e-04
-2.404226e-04
-2.551979e-04
-2.689548e-04
-2.816934e-04
-2.322205e-04
-2.118725e-04
-1.908374e-04
-1.691153e-04
-1.467061e-04
-1.236098e-04
-9.982651e-05
-7.535615e-05
-5.019873e-05
7.114446e-05
-3.316370e-06
-7.676249e-05
-1.491939e-04
-2.206106e-04
-2.910125e-04
-3.603998e-04
-4.287723e-04
-4.961301e-04
2.974013e-04
2.773511e-04
2.565124e-04
2.348854e-04
2.124699e-04
1.892660e-04
1.652738e-04
1.404931e-04
1.149240e-04
4.152111e-04
4.227243e-04
4.285232e-04
4.326077e-04
4.349778e-04
4.356336e-04
4.345751e-04
4.318022e-04
4.273149e-04
-3.035055e-05
-3.868937e-05
-4.668482e-05
-5.433687e-05
-6.164555e-05
-6.861084e-05
-7.523276e-05
-8.151129e-05
-8.744643e-05
-3.803103e-05
-9.478387e-05
-1.503697e-04
-2.047884e-04
-2.580402e-04
-3.101249e-04
-3.610426e-04
-4.107932e-04
-4.593768e-04
4.224016e-04
4.056917e-04
3.876362e-04
3.682352e-04
3.474885e-04
3.253962e-04
3.019584e-04
2.771750e-04
2.510460e-04
4.674073e-04
4.847783e-04
5.000650e-04
5.132674e-04
5.243855e-04
5.334193e-04
5.403689e-04
5.452342e-04
5.480151e-04
-1.471870e-05
-4.400577e-05
-7.266765e-05
-1.007043e-04
-1.281159e-04
-1.549022e-04
-1.810633e-04
-2.065992e-04
-2.315100e-04
-1.226083e-04
-1.629741e-04
-2.020974e-04
-2.399782e-04
-2.766166e-04
-3.120125e-04
-3.461659e-04
-3.790769e-04
-4.107454e-04
5.023415e-04
4.870377e-04
4.700452e-04
4.513642e-04
4.309945e-04
4.089362e-04
3.851893e-04
3.597538e-04
3.326297e-04
5.620194e-04
5.847188e-04
6.048677e-04
6.224660e-04
6.375137e-04
6.500108e-04
6.599573e-04
6.673533e-04
6.721986e-04
2.237313e-04
1.878482e-04
1.517388e-04
1.154031e-04
7.884092e-05
4.205241e-05
5.037541e-06
-3.220370e-05
-6.967130e-05
2.821116e-04
2.590973e-04
2.354114e-04
2.110538e-04
1.860245e-04
1.603236e-04
1.339509e-04
1.069066e-04
7.919063e-05
1.275905e-03
1.276622e-03
1.272269e-03
1.262847e-03
1.248356e-03
1.228796e-03
1.204167e-03
1.174468e-03
1.139700e-03
2.169623e-03
2.202566e-03
2.226307e-03
2.240847e-03
2.246184e-03
2.242319e-03
2.229252e-03
2.206983e-03
2.175512e-03
3.364710e-03
3.383762e-03
3.389018e-03
3.380477e-03
3.358140e-03
3.322006e-03
3.272075e-03
3.208348e-03
3.130825e-03
5.918951e-03
5.986270e-03
6.028697e-03
6.046231e-03
6.038873e-03
6.006623e-03
5.949480e-03
5.867445e-03
5.760517e-03
1.812176e-03
2.403879e-03
2.978677e-03
3.536570e-03
4.077559e-03
4.601642e-03
5.108821e-03
5.599095e-03
6.072465e-03
3.832141e-03
3.963340e-03
4.077024e-03
4.173192e-03
4.251845e-03
4.312982e-03
4.356603e-03
4.382709e-03
4.391300e-03
6.465978e-03
6.531163e-03
6.569287e-03
6.580348e-03
6.564348e-03
6.521286e-03
6.451162e-03
6.353976e-03
6.229728e-03
3.681768e-03
3.719871e-03
3.742590e-03
3.749927e-03
3.741882e-03
3.718453e-03
3.679643e-03
3.625450e-03
3.555874e-03
2.130990e-03
2.148261e-03
2.156749e-03
2.156455e-03
2.147378e-03
2.129519e-03
2.102877e-03
2.067452e-03
2.023245e-03
1.241636e-03
1.246095e-03
1.245570e-03
1.240063e-03
1.229572e-03
1.214099e-03
1.193642e-03
1.168203e-03
1.137781e-03
7.219845e-04
7.184968e-04
7.122543e-04
7.032571e-04
6.915051e-04
6.769984e-04
6.597370e-04
6.397208e-04
6.169500e-04
3.940483e-04
3.862734e-04
3.771384e-04
3.666434e-04
3.547885e-04
3.415735e-04
3.269984e-04
3.110634e-04
2.937684e-04
2.800753e-04
2.638598e-04
2.468836e-04
2.291467e-04
2.106492e-04
1.913911e-04
1.713723e-04
1.505928e-04
1.290526e-04
2.055606e-04
1.971344e-04
1.881223e-04
1.785243e-04
1.683403e-04
1.575703e-04
1.462144e-04
1.342725e-04
1.217447e-04
8.720300e-05
8.258778e-05
7.780330e-05
7.284954e-05
6.772652e-05
6.243422e-05
5.697265e-05
5.134181e-05
4.554170e-05
-4.577898e-05
-6.055549e-05
-7.479708e-05
-8.850375e-05
-1.016755e-04
-1.143124e-04
-1.264143e-04
-1.379813e-04
-1.490134e-04
7.153560e-05
4.126952e-05
1.131986e-05
-1.831338e-05
-4.763018e-05
-7.663055e-05
-1.053145e-04
-1.336820e-04
-1.617331e-04
1.308033e-04
1.385058e-04
1.456659e-04
1.522836e-04
1.583590e-04
1.638920e-04
1.688826e-04
1.733309e-04
1.772369e-04
1.190385e-04
1.169621e-04
1.145522e-04
1.118090e-04
1.087323e-04
1.053222e-04
1.015786e-04
9.750171e-05
9.309136e-05
-5.407016e-05
-8.054889e-05
-1.062619e-04
-1.312091e-04
-1.553906e-04
-1.788063e-04
-2.014563e-04
-2.233405e-04
-2.444590e-04
5.153265e-05
2.320495e-05
-4.751283e-06
-3.233606e-05
-5.954937e-05
-8.639123e-05
-1.128616e-04
-1.389606e-04
-1.646880e-04
2.077305e-04
2.366417e-04
2.643589e-04
2.908823e-04
3.162117e-04
3.403473e-04
3.632889e-04
3.850367e-04
4.055905e-04
3.408458e-04
3.393338e-04
3.365898e-04
3.326139e-04
3.274061e-04
3.209662e-04
3.132945e-04
3.043907e-04
2.942550e-04
2.390570e-04
1.814095e-04
1.238609e-04
6.641114e-05
9.060166e-06
-4.819199e-05
-1.053453e-04
-1.623999e-04
-2.193556e-04
-3.053677e-04
-2.781244e-04
-2.499730e-04
-2.209136e-04
-1.909461e-04
-1.600706e-04
-1.282871e-04
-9.559551e-05
-6.199588e-05
-3.118236e-04
-3.184058e-04
-3.234991e-04
-3.271035e-04
-3.292191e-04
-3.298459e-04
-3.289838e-04
-3.266329e-04
-3.227931e-04
-5.248770e-05
-9.782725e-05
-1.420890e-04
-1.852730e-04
-2.273793e-04
-2.684077e-04
-3.083584e-04
-3.472313e-04
-3.850264e-04
-1.504755e-06
8.488587e-06
1.844965e-05
2.837844e-05
3.827495e-05
4.813918e-05
5.797114e-05
6.777082e-05
7.753822e-05
-2.556747e-04
-2.439500e-04
-2.312594e-04
-2.176026e-04
-2.029798e-04
-1.873910e-04
-1.708361e-04
-1.533151e-04
-1.348280e-04
-7.112049e-04
-7.816859e-04
-8.480163e-04
-9.101959e-04
-9.682249e-04
-1.022103e-03
-1.071831e-03
-1.117408e-03
-1.158834e-03
-1.686006e-03
-1.701403e-03
-1.709616e-03
-1.710646e-03
-1.704492e-03
-1.691154e-03
-1.670633e-03
-1.642928e-03
-1.608040e-03
-2.698689e-03
-2.713625e-03
-2.717298e-03
-2.709708e-03
-2.690854e-03
-2.660738e-03
-2.619358e-03
-2.566716e-03
-2.502810e-03
4.248663e-04
6.262324e-05
-2.952743e-04
-6.488263e-04
-9.980328e-04
-1.342894e-03
-1.683409e-03
-2.019579e-03
-2.351404e-03
4.300770e-03
3.423613e-03
2.543592e-03
1.660706e-03
7.749553e-04
-1.136598e-04
-1.005140e-03
-1.899484e-03
-2.796693e-03
8.776749e-04
2.819530e-03
3.867586e-03
4.567751e-03
4.920026e-03
4.924411e-03
4.580905e-03
3.889509e-03
2.017091e-03
-7.798520e-04
-1.222820e-03
-2.736728e-04
5.725458e-04
1.315836e-03
1.956197e-03
2.493629e-03
2.928133e-03
1.924790e-03
-1.873140e-03
-3.982212e-03
-3.735548e-03
-3.321932e-03
-2.741365e-03
-1.993847e-03
-1.079379e-03
2.041453e-06
4.569662e-04
-1.010573e-03
-1.801449e-03
-1.014455e-03
-2.715083e-04
4.273916e-04
1.082244e-03
1.693050e-03
2.259809e-03
1.582907e-03
-1.181722e-03
-2.223337e-03
-1.523201e-03
-8.292839e-04
-1.415845e-04
5.398967e-04
1.215160e-03
1.884205e-03
1.402705e-03
-1.209591e-03
-2.279261e-03
-1.567757e-03
-8.613314e-04
-1.599836e-04
5.362860e-04
1.227478e-03
1.913591e-03
1.427491e-03
-1.202674e-03
-2.244241e-03
-1.497521e-03
-7.637798e-04
-4.301766e-05
6.647657e-04
1.359570e-03
2.041396e-03
1.501827e-03
-1.316009e-03
-2.505992e-03
-1.778548e-03
-1.046429e-03
-3.096355e-04
4.318319e-04
1.177974e-03
1.928790e-03
1.464149e-03
-1.117388e-03
-1.978048e-03
-1.084455e-03
-2.432986e-04
5.454202e-04
1.281702e-03
1.965545e-03
2.596952e-03
1.811403e-03
-2.404225e-03
-5.185124e-03
-4.998835e-03
-4.569345e-03
-3.896655e-03
-2.980764e-03
-1.821674e-03
-4.193831e-04
3.427145e-04
3.168669e-03
8.879647e-03
1.237085e-02
1.477356e-02
1.608777e-02
1.631348e-02
1.545070e-02
1.349941e-02
7.206836e-03
1.237321e-03
3.995562e-03
5.957478e-03
7.354513e-03
8.186668e-03
8.453941e-03
8.156333e-03
7.293845e-03
3.973147e-03
-5.170877e-04
-5.722233e-04
2.120070e-04
8.899075e-04
1.461478e-03
1.926720e-03
2.285631e-03
2.538213e-03
1.618996e-03
-2.640596e-02
-2.198001e-02
-1.753371e-02
-1.306705e-02
-8.580046e-03
-4.072685e-03
4.550281e-04
5.003095e-03
9.571515e-03
-1.259544e-02
-1.268927e-02
-1.275274e-02
-1.278588e-02
-1.278866e-02
-1.276110e-02
-1.270320e-02
-1.261494e-02
-1.249635e-02
-6.192557e-03
-6.233313e-03
-6.259209e-03
-6.270246e-03
-6.266424e-03
-6.247742e-03
-6.214200e-03
-6.165799e-03
-6.102539e-03
-3.052733e-03
-3.068062e-03
-3.076122e-03
-3.076910e-03
-3.070428e-03
-3.056676e-03
-3.035652e-03
-3.007359e-03
-2.971794e-03
-1.511719e-03
-1.515167e-03
-1.515063e-03
-1.511408e-03
-1.504201e-03
-1.493442e-03
-1.479132e-03
-1.461270e-03
-1.439857e-03
-7.539882e-04
-7.521897e-04
-7.486628e-04
-7.434073e-04
-7.364233e-04
-7.277107e-04
-7.172696e-04
-7.051000e-04
-6.912019e-04
-3.798166e-04
-3.760216e-04
-3.713928e-04
-3.659301e-04
-3.596335e-04
-3.525030e-04
-3.445387e-04
-3.357405e-04
-3.261085e-04
-1.931085e-04
-1.889051e-04
-1.843087e-04
-1.793193e-04
-1.739371e-04
-1.681618e-04
-1.619936e-04
-1.554325e-04
-1.484784e-04
-9.728573e-05
-9.344310e-05
-8.942845e-05
-8.524178e-05
-8.088309e-05
-7.635237e-05
-7.164964e-05
-6.677488e-05
-6.172810e-05
-4.400302e-05
-4.088211e-05
-3.770713e-05
-3.447810e-05
-3.119500e-05
-2.785784e-05
-2.446661e-05
-2.102133e-05
-1.752198e-05
-7.491452e-06
-5.234367e-06
-3.000585e-06
-7.901053e-07
1.397072e-06
3.560947e-06
5.701519e-06
7.818789e-06
9.912756e-06
2.911444e-05
3.050910e-05
3.180286e-05
3.299572e-05
3.408768e-05
3.507873e-05
3.596889e-05
3.675814e-05
3.744649e-05
8.271715e-05
8.339286e-05
8.384892e-05
8.408536e-05
8.410215e-05
8.389931e-05
8.347684e-05
8.283473e-05
8.197298e-05
1.792381e-04
1.795579e-04
1.794355e-04
1.788708e-04
1.778638e-04
1.764146e-04
1.745232e-04
1.721895e-04
1.694136e-04
3.673835e-04
3.681243e-04
3.679784e-04
3.669458e-04
3.650266e-04
3.622208e-04
3.585283e-04
3.539492e-04
3.484835e-04
7.445121e-04
7.472747e-04
7.482488e-04
7.474345e-04
7.448317e-04
7.404405e-04
7.342608e-04
7.262926e-04
7.165360e-04
1.508306e-03
1.516366e-03
1.520799e-03
1.521607e-03
1.518788e-03
1.512343e-03
1.502272e-03
1.488575e-03
1.471252e-03
3.061695e-03
3.081741e-03
3.094413e-03
3.099709e-03
3.097630e-03
3.088176e-03
3.071347e-03
3.047142e-03
3.015563e-03
6.226757e-03
6.272445e-03
6.303107e-03
6.318744e-03
6.319356e-03
6.304943e-03
6.275504e-03
6.231041e-03
6.171552e-03
1.268114e-02
1.278033e-02
1.284889e-02
1.288681e-02
1.289409e-02
1.287074e-02
1.281675e-02
1.273212e-02
1.261685e-02
2.658589e-02
2.213455e-02
1.766264e-02
1.317016e-02
8.657096e-03
4.123458e-03
-4.307558e-04
-5.005546e-03
-9.600912e-03
1.614581e-03
1.426529e-03
1.236437e-03
1.044307e-03
8.501373e-04
6.539289e-04
4.556816e-04
2.553953e-04
5.307006e-05
1.162957e-03
1.190506e-03
1.215055e-03
1.236603e-03
1.255151e-03
1.270698e-03
1.283244e-03
1.292789e-03
1.299334e-03
5.283898e-04
5.493634e-04
5.688835e-04
5.869502e-04
6.035635e-04
6.187233e-04
6.324297e-04
6.446827e-04
6.554823e-04
2.252069e-04
2.424118e-04
2.589084e-04
2.746967e-04
2.897766e-04
3.041482e-04
3.178116e-04
3.307666e-04
3.430132e-04
8.165602e-05
9.644440e-05
1.108832e-04
1.249724e-04
1.387120e-04
1.521019e-04
1.651423e-04
1.778331e-04
1.901743e-04
1.500285e-05
2.802651e-05
4.087316e-05
5.354281e-05
6.603544e-05
7.835107e-05
9.048969e-05
1.024513e-04
1.142359e-04
-1.461683e-05
-3.044322e-06
8.434133e-06
1.981853e-05
3.110888e-05
4.230517e-05
5.340740e-05
6.441558e-05
7.532970e-05
-2.640104e-05
-1.612873e-05
-5.910699e-06
4.253064e-06
1.436255e-05
2.441777e-05
3.441872e-05
4.436540e-05
5.425780e-05
-2.958612e-05
-2.054086e-05
-1.153091e-05
-2.556259e-06
6.383082e-06
1.528712e-05
2.415585e-05
3.298927e-05
4.178739e-05
-2.862696e-05
-2.077380e-05
-1.294701e-05
-5.146586e-06
2.627466e-06
1.037515e-05
1.809646e-05
2.579141e-05
3.345998e-05
-2.567076e-05
-1.899290e-05
-1.233731e-05
-5.703977e-06
9.070872e-07
7.495886e-06
1.406242e-05
2.060669e-05
2.712869e-05
-2.175150e-05
-1.624054e-05
-1.075008e-05
-5.280112e-06
1.693601e-07
5.598337e-06
1.100682e-05
1.639481e-05
2.176230e-05
-1.737247e-05
-1.302467e-05
-8.696707e-06
-4.388576e-06
-1.002804e-07
4.168179e-06
8.416804e-06
1.264559e-05
1.685455e-05
-1.277329e-05
-9.586688e-06
-6.419799e-06
-3.272621e-06
-1.451526e-07
2.962606e-06
6.050654e-06
9.118992e-06
1.216762e-05
-8.057923e-06
-6.031752e-06
-4.025445e-06
-2.039002e-06
-7.242288e-08
1.874292e-06
3.801144e-06
5.708131e-06
7.595255e-06
-3.280189e-06
-2.413610e-06
-1.567203e-06
-7.409669e-07
6.509740e-08
8.509902e-07
1.616711e-06
2.362261e-06
3.087639e-06
1.526631e-06
1.233733e-06
9.202864e-07
5.862914e-07
2.317480e-07
-1.433438e-07
-5.389839e-07
-9.551724e-07
-1.391909e-06
6.362825e-06
4.910493e-06
3.437167e-06
1.942846e-06
4.275306e-07
-1.108779e-06
-2.666083e-06
-4.244381e-06
-5.843673e-06
1.126193e-05
8.651058e-06
6.018586e-06
3.364518e-06
6.888536e-07
-2.008407e-06
-4.727263e-06
-7.467714e-06
-1.022976e-05
1.627752e-05
1.250892e-05
8.717834e-06
4.904274e-06
1.068236e-06
-2.790280e-06
-6.671274e-06
-1.057475e-05
-1.450069e-05
2.152455e-05
1.660002e-05
1.165157e-05
6.679207e-06
1.682921e-06
-3.337283e-06
-8.381406e-06
-1.344945e-05
-1.854141e-05
2.724594e-05
2.116981e-05
1.506718e-05
8.938035e-06
2.782382e-06
-3.399783e-06
-9.608457e-06
-1.584364e-05
-2.210534e-05
3.394301e-05
2.672334e-05
1.947221e-05
1.218962e-05
4.875565e-06
-2.469950e-06
-9.846926e-06
-1.725536e-05
-2.469526e-05
4.266835e-05
3.432246e-05
2.593524e-05
1.750670e-05
9.036830e-06
5.256393e-07
-8.026875e-06
-1.662071e-05
-2.525588e-05
5.561828e-05
4.618171e-05
3.668373e-05
2.712434e-05
1.750353e-05
7.821325e-06
-1.922293e-06
-1.172732e-05
-2.159376e-05
7.733076e-05
6.687806e-05
5.632266e-05
4.566455e-05
3.490374e-05
2.404021e-05
1.307398e-05
2.005046e-06
-9.166598e-06
1.172182e-04
1.059032e-04
9.440022e-05
8.270923e-05
7.083025e-05
5.876326e-05
4.650829e-05
3.406531e-05
2.143434e-05
1.948432e-04
1.829855e-04
1.707631e-04
1.581761e-04
1.452244e-04
1.319082e-04
1.182273e-04
1.041818e-04
8.977162e-05
3.508294e-04
3.390930e-04
3.266257e-04
3.134275e-04
2.994984e-04
2.848383e-04
2.694473e-04
2.533253e-04
2.364724e-04
6.694836e-04
6.592465e-04
6.475185e-04
6.342996e-04
6.195896e-04
6.033887e-04
5.856968e-04
5.665140e-04
5.458401e-04
1.325820e-03
1.319942e-03
1.310997e-03
1.298983e-03
1.283901e-03
1.265750e-03
1.244531e-03
1.220244e-03
1.192888e-03
2.683159e-03
2.687581e-03
2.685660e-03
2.677397e-03
2.662791e-03
2.641843e-03
2.614552e-03
2.580918e-03
2.540943e-03
5.495731e-03
5.522779e-03
5.536689e-03
5.537460e-03
5.525091e-03
5.499584e-03
5.460937e-03
5.409152e-03
5.344227e-03
3.488025e-03
3.562360e-03
3.627814e-03
3.684385e-03
3.732076e-03
3.770885e-03
3.800812e-03
3.821858e-03
3.834022e-03
-2.317239e-03
-2.596103e-03
-2.866950e-03
-3.129780e-03
-3.384593e-03
-3.631390e-03
-3.870169e-03
-4.100931e-03
-4.323676e-03
-5.003648e-03
-5.026627e-03
-5.037696e-03
-5.036856e-03
-5.024105e-03
-4.999444e-03
-4.962873e-03
-4.914393e-03
-4.854002e-03
-2.449582e-03
-2.452120e-03
-2.448919e-03
-2.439979e-03
-2.425299e-03
-2.404881e-03
-2.378723e-03
-2.346826e-03
-2.309190e-03
-1.213693e-03
-1.206956e-03
-1.197461e-03
-1.185207e-03
-1.170194e-03
-1.152422e-03
-1.131891e-03
-1.108602e-03
-1.082553e-03
-6.144741e-04
-6.038571e-04
-5.919205e-04
-5.786643e-04
-5.640884e-04
-5.481928e-04
-5.309777e-04
-5.124429e-04
-4.925884e-04
-3.227626e-04
-3.108701e-04
-2.983529e-04
-2.852110e-04
-2.714443e-04
-2.570529e-04
-2.420367e-04
-2.263959e-04
-2.101303e-04
-1.795710e-04
-1.676612e-04
-1.554621e-04
-1.429736e-04
-1.301959e-04
-1.171288e-04
-1.037724e-04
-9.012673e-05
-7.619171e-05
-1.081141e-04
-9.679474e-05
-8.534783e-05
-7.377338e-05
-6.207140e-05
-5.024189e-05
-3.828484e-05
-2.620026e-05
-1.398814e-05
-7.129680e-05
-6.086144e-05
-5.037648e-05
-3.984192e-05
-2.925777e-05
-1.862402e-05
-7.940669e-06
2.792279e-06
1.357482e-05
-5.120732e-05
-4.179741e-05
-3.237534e-05
-2.294113e-05
-1.349476e-05
-4.036252e-06
5.434407e-06
1.491721e-05
2.441217e-05
-3.920442e-05
-3.088866e-05
-2.257862e-05
-1.427430e-05
-5.975719e-06
2.317140e-06
1.060427e-05
1.888568e-05
2.716136e-05
-3.110850e-05
-2.391994e-05
-1.674552e-05
-9.585247e-06
-2.439117e-06
4.692868e-06
1.181071e-05
1.891440e-05
2.600396e-05
-2.490152e-05
-1.885611e-05
-1.282869e-05
-6.819259e-06
-8.278213e-07
5.145625e-06
1.110108e-05
1.703854e-05
2.295802e-05
-1.960915e-05
-1.471485e-05
-9.840173e-06
-4.985116e-06
-1.496794e-07
4.666135e-06
9.462328e-06
1.423890e-05
1.899585e-05
-1.475072e-05
-1.101088e-05
-7.291256e-06
-3.591834e-06
8.738363e-08
3.746396e-06
7.385202e-06
1.100380e-05
1.460220e-05
-1.009763e-05
-7.514221e-06
-4.951100e-06
-2.408269e-06
1.142728e-07
2.616525e-06
5.098488e-06
7.560161e-06
1.000154e-05
-5.546191e-06
-4.120010e-06
-2.713957e-06
-1.328033e-06
3.776347e-08
1.383431e-06
2.708971e-06
4.014382e-06
5.299664e-06
-1.039219e-06
-7.706437e-07
-5.219283e-07
-2.930723e-07
-8.407575e-08
1.050613e-07
2.743388e-07
4.237568e-07
5.533153e-07
3.447057e-06
2.557903e-06
1.649208e-06
7.209710e-07
-2.268066e-07
-1.194125e-06
-2.180985e-06
-3.187386e-06
-4.213328e-06
7.934645e-06
5.887561e-06
3.821254e-06
1.735723e-06
-3.690323e-07
-2.493011e-06
-4.636214e-06
-6.798640e-06
-8.980290e-06
1.246027e-05
9.255884e-06
6.032497e-06
2.790109e-06
-4.712811e-07
-3.751672e-06
-7.051065e-06
-1.036946e-05
-1.370686e-05
1.706808e-05
1.270692e-05
8.326779e-06
3.927662e-06
-4.904301e-07
-4.927499e-06
-9.383545e-06
-1.385857e-05
-1.835257e-05
2.183440e-05
1.631782e-05
1.078190e-05
5.226644e-06
-3.479449e-07
-5.941869e-06
-1.155513e-05
-1.718772e-05
-2.283965e-05
2.693515e-05
2.026599e-05
1.357633e-05
6.866161e-06
1.354893e-07
-6.615686e-06
-1.338737e-05
-2.017955e-05
-2.699224e-05
3.272409e-05
2.490824e-05
1.706904e-05
9.206514e-06
1.320645e-06
-6.588562e-06
-1.452111e-05
-2.247699e-05
-3.045621e-05
3.994411e-05
3.099347e-05
2.201320e-05
1.300330e-05
3.963755e-06
-5.105422e-06
-1.420423e-05
-2.333268e-05
-3.249076e-05
5.014275e-05
4.008289e-05
2.997989e-05
1.983374e-05
9.644443e-06
-5.879944e-07
-1.086358e-05
-2.118230e-05
-3.154417e-05
6.650418e-05
5.538708e-05
4.419842e-05
3.293819e-05
2.160639e-05
1.020302e-05
-1.271917e-06
-1.281842e-05
-2.443650e-05
9.561181e-05
8.354552e-05
7.134839e-05
5.902040e-05
4.656158e-05
3.397191e-05
2.125139e-05
8.400027e-06
-4.582181e-06
1.511129e-04
1.383211e-04
1.252752e-04
1.119754e-04
9.842153e-05
8.461366e-05
7.055179e-05
5.623591e-05
4.166602e-05
2.612705e-04
2.482159e-04
2.346519e-04
2.205784e-04
2.059954e-04
1.909030e-04
1.753012e-04
1.591898e-04
1.425690e-04
4.845844e-04
4.722261e-04
4.588289e-04
4.443929e-04
4.289182e-04
4.124046e-04
3.948521e-04
3.762609e-04
3.566309e-04
9.421684e-04
9.324908e-04
9.206779e-04
9.067298e-04
8.906465e-04
8.724280e-04
8.520742e-04
8.295853e-04
8.049612e-04
6.448514e-04
6.367212e-04
6.271374e-04
6.160999e-04
6.036088e-04
5.896640e-04
5.742656e-04
5.574135e-04
5.391077e-04
SCALARS S12 float 1
LOOKUP_TABLE default
4.659140e+00
1.851314e+00
1.858339e+00
1.865365e+00
1.872391e+00
1.879416e+00
1.886442e+00
1.893468e+00
4.801130e+00
4.997038e+00
1.967954e+00
1.957865e+00
1.947777e+00
1.937688e+00
1.927599e+00
1.917511e+00
1.907422e+00
4.793146e+00
5.181214e+00
2.030035e+00
2.009124e+00
1.988212e+00
1.967300e+00
1.946388e+00
1.925477e+00
1.904565e+00
4.758587e+00
5.222887e+00
2.048584e+00
2.029724e+00
2.010865e+00
1.992006e+00
1.973146e+00
1.954287e+00
1.935428e+00
4.841739e+00
5.283072e+00
2.072007e+00
2.052747e+00
2.033487e+00
2.014227e+00
1.994968e+00
1.975708e+00
1.956448e+00
4.893829e+00
5.332011e+00
2.091444e+00
2.072248e+00
2.053053e+00
2.033857e+00
2.014662e+00
1.995467e+00
1.976271e+00
4.944071e+00
5.375459e+00
2.108611e+00
2.089384e+00
2.070157e+00
2.050930e+00
2.031703e+00
2.012475e+00
1.993248e+00
4.986880e+00
5.411898e+00
2.123056e+00
2.103850e+00
2.084644e+00
2.065439e+00
2.046233e+00
2.027027e+00
2.007821e+00
5.023748e+00
5.444033e+00
2.135588e+00
2.116193e+00
2.096798e+00
2.077404e+00
2.058009e+00
2.038615e+00
2.019220e+00
5.052068e+00
5.455709e+00
2.141385e+00
2.123166e+00
2.104947e+00
2.086728e+00
2.068509e+00
2.050290e+00
2.032071e+00
5.087502e+00
5.468519e+00
2.146676e+00
2.128678e+00
2.110679e+00
2.092680e+00
2.074682e+00
2.056683e+00
2.038685e+00
5.104766e+00
5.572936e+00
2.183861e+00
2.161714e+00
2.139567e+00
2.117420e+00
2.095273e+00
2.073126e+00
2.050979e+00
5.125347e+00
8.990099e-02
8.894310e-02
8.798521e-02
8.702732e-02
8.606943e-02
8.511154e-02
8.415365e-02
8.319576e-02
8.223787e-02
9.083359e-02
8.985874e-02
8.888388e-02
8.790903e-02
8.693417e-02
8.595932e-02
8.498447e-02
8.400961e-02
8.303476e-02
9.068805e-02
8.976977e-02
8.885148e-02
8.793320e-02
8.701491e-02
8.609663e-02
8.517834e-02
8.426005e-02
8.334177e-02
9.035532e-02
8.951507e-02
8.867482e-02
8.783457e-02
8.699431e-02
8.615406e-02
8.531381e-02
8.447356e-02
8.363331e-02
9.014059e-02
8.934506e-02
8.854953e-02
8.775399e-02
8.695846e-02
8.616293e-02
8.536739e-02
8.457186e-02
8.377632e-02
8.998593e-02
8.921638e-02
8.844682e-02
8.767727e-02
8.690772e-02
8.613817e-02
8.536861e-02
8.459906e-02
8.382951e-02
8.985865e-02
8.910456e-02
8.835046e-02
8.759636e-02
8.684226e-02
8.608816e-02
8.533406e-02
8.457997e-02
8.382587e-02
8.974083e-02
8.899616e-02
8.825148e-02
8.750680e-02
8.676212e-02
8.601745e-02
8.527277e-02
8.452809e-02
8.378341e-02
8.962217e-02
8.888341e-02
8.814465e-02
8.740589e-02
8.666713e-02
8.592838e-02
8.518962e-02
8.445086e-02
8.371210e-02
8.949730e-02
8.876249e-02
8.802768e-02
8.729288e-02
8.655807e-02
8.582326e-02
8.508845e-02
8.435364e-02
8.361883e-02
8.936235e-02
8.863032e-02
8.789828e-02
8.716625e-02
8.643421e-02
8.570218e-02
8.497014e-02
8.423810e-02
8.350607e-02
8.921466e-02
8.848486e-02
8.775507e-02
8.702527e-02
8.629547e-02
8.556567e-02
8.483587e-02
8.410607e-02
8.337627e-02
8.905391e-02
8.832624e-02
8.759856e-02
8.687088e-02
8.614321e-02
8.541553e-02
8.468785e-02
8.396017e-02
8.323250e-02
8.888132e-02
8.815518e-02
8.742904e-02
8.670290e-02
8.597676e-02
8.525062e-02
8.452448e-02
8.379835e-02
8.307221e-02
8.869755e-02
8.797182e-02
8.724609e-02
8.652036e-02
8.579464e-02
8.506891e-02
8.434318e-02
8.361745e-02
8.289172e-02
8.850187e-02
8.777592e-02
8.704996e-02
8.632400e-02
8.559804e-02
8.487208e-02
8.414612e-02
8.342016e-02
8.269420e-02
8.829610e-02
8.756937e-02
8.684264e-02
8.611591e-02
8.538918e-02
8.466246e-02
8.393573e-02
8.320900e-02
8.248227e-02
8.808488e-02
8.735495e-02
8.662502e-02
8.589509e-02
8.516517e-02
8.443524e-02
8.370531e-02
8.297538e-02
8.224545e-02
8.787746e-02
8.713942e-02
8.640138e-02
8.566334e-02
8.492530e-02
8.418726e-02
8.344922e-02
8.271118e-02
8.197315e-02
8.768796e-02
8.693412e-02
8.618029e-02
8.542645e-02
8.467261e-02
8.391877e-02
8.316494e-02
8.241110e-02
8.165726e-02
8.753713e-02
8.675421e-02
8.597128e-02
8.518835e-02
8.440543e-02
8.362250e-02
8.283958e-02
8.205665e-02
8.127372e-02
8.746420e-02
8.662874e-02
8.579328e-02
8.495782e-02
8.412236e-02
8.328690e-02
8.245144e-02
8.161599e-02
8.078053e-02
8.754182e-02
8.661255e-02
8.568328e-02
8.475401e-02
8.382474e-02
8.289547e-02
8.196620e-02
8.103693e-02
8.010766e-02
8.790663e-02
8.680870e-02
8.571076e-02
8.461282e-02
8.351489e-02
8.241695e-02
8.131902e-02
8.022108e-02
7.912315e-02
8.769704e-02
8.641928e-02
8.514152e-02
8.386377e-02
8.258601e-02
8.130825e-02
8.003050e-02
7.875274e-02
7.747498e-02
1.996313e-01
1.995106e-01
1.993899e-01
1.992691e-01
1.991484e-01
1.990277e-01
1.989070e-01
1.987863e-01
1.986655e-01
1.999585e-01
1.996645e-01
1.993704e-01
1.990763e-01
1.987823e-01
1.984882e-01
1.981942e-01
1.979001e-01
1.976061e-01
2.002537e-01
1.997958e-01
1.993378e-01
1.988798e-01
1.984218e-01
1.979638e-01
1.975058e-01
1.970478e-01
1.965898e-01
2.002589e-01
1.997058e-01
1.991528e-01
1.985997e-01
1.980466e-01
1.974935e-01
1.969404e-01
1.963874e-01
1.958343e-01
2.000982e-01
1.994882e-01
1.988781e-01
1.982681e-01
1.976580e-01
1.970479e-01
1.964379e-01
1.958278e-01
1.952177e-01
1.998230e-01
1.991829e-01
1.985427e-01
1.979025e-01
1.972624e-01
1.966222e-01
1.959821e-01
1.953419e-01
1.947017e-01
1.994711e-01
1.988166e-01
1.981622e-01
1.975077e-01
1.968533e-01
1.961988e-01
1.955444e-01
1.948899e-01
1.942355e-01
1.990832e-01
1.984190e-01
1.977549e-01
1.970907e-01
1.964265e-01
1.957623e-01
1.950981e-01
1.944339e-01
1.937698e-01
1.986725e-01
1.980014e-01
1.973302e-01
1.966591e-01
1.959879e-01
1.953168e-01
1.946456e-01
1.939745e-01
1.933033e-01
1.982350e-01
1.975624e-01
1.968898e-01
1.962171e-01
1.955445e-01
1.948719e-01
1.941993e-01
1.935267e-01
1.928541e-01
1.977676e-01
1.970968e-01
1.964260e-01
1.957553e-01
1.950845e-01
1.944137e-01
1.937430e-01
1.930722e-01
1.924014e-01
1.972776e-01
1.966096e-01
1.959416e-01
1.952736e-01
1.946056e-01
1.939375e-01
1.932695e-01
1.926015e-01
1.919335e-01
1.967740e-01
1.961106e-01
1.954471e-01
1.947837e-01
1.941203e-01
1.934569e-01
1.927934e-01
1.921300e-01
1.914666e-01
1.962627e-01
1.956043e-01
1.949459e-01
1.942875e-01
1.936291e-01
1.929707e-01
1.923124e-01
1.916540e-01
1.909956e-01
1.957340e-01
1.950802e-01
1.944265e-01
1.937727e-01
1.931189e-01
1.924652e-01
1.918114e-01
1.911577e-01
1.905039e-01
1.951678e-01
1.945238e-01
1.938799e-01
1.932359e-01
1.925920e-01
1.919480e-01
1.913040e-01
1.906601e-01
1.900161e-01
1.945795e-01
1.939507e-01
1.933218e-01
1.926929e-01
1.920640e-01
1.914351e-01
1.908063e-01
1.901774e-01
1.895485e-01
1.940025e-01
1.933831e-01
1.927638e-01
1.921445e-01
1.915251e-01
1.909058e-01
1.902865e-01
1.896671e-01
1.890478e-01
1.934243e-01
1.928099e-01
1.921954e-01
1.915810e-01
1.909665e-01
1.903520e-01
1.897376e-01
1.891231e-01
1.885087e-01
1.927880e-01
1.921904e-01
1.915929e-01
1.909953e-01
1.903978e-01
1.898002e-01
1.892027e-01
1.886051e-01
1.880076e-01
1.921060e-01
1.915370e-01
1.909681e-01
1.903991e-01
1.898301e-01
1.892612e-01
1.886922e-01
1.881232e-01
1.875543e-01
1.914387e-01
1.908905e-01
1.903423e-01
1.897941e-01
1.892459e-01
1.886977e-01
1.881495e-01
1.876013e-01
1.870531e-01
1.907567e-01
1.902282e-01
1.896997e-01
1.891712e-01
1.886427e-01
1.881142e-01
1.875857e-01
1.870572e-01
1.865287e-01
1.899415e-01
1.894661e-01
1.889908e-01
1.885155e-01
1.880402e-01
1.875649e-01
1.870896e-01
1.866143e-01
1.861390e-01
1.890612e-01
1.886569e-01
1.882527e-01
1.878485e-01
1.874442e-01
1.870400e-01
1.866358e-01
1.862315e-01
1.858273e-01
1.883667e-01
1.879984e-01
1.876301e-01
1.872619e-01
1.868936e-01
1.865253e-01
1.861570e-01
1.857888e-01
1.854205e-01
1.904959e+00
1.856193e+00
1.807427e+00
1.758662e+00
1.709896e+00
1.661131e+00
1.612365e+00
1.563599e+00
1.514834e+00
3.603818e+00
3.548783e+00
3.493749e+00
3.438714e+00
3.383679e+00
3.328644e+00
3.273610e+00
3.218575e+00
3.163540e+00
3.273206e+00
3.217930e+00
3.162654e+00
3.107379e+00
3.052103e+00
2.996827e+00
2.941551e+00
2.886275e+00
2.831000e+00
2.836835e+00
2.779299e+00
2.721762e+00
2.664226e+00
2.606690e+00
2.549154e+00
2.491618e+00
2.434081e+00
2.376545e+00
2.392989e+00
2.334040e+00
2.275092e+00
2.216143e+00
2.157195e+00
2.098246e+00
2.039298e+00
1.980349e+00
1.921401e+00
1.936231e+00
1.878132e+00
1.820033e+00
1.761934e+00
1.703836e+00
1.645737e+00
1.587638e+00
1.529539e+00
1.471441e+00
1.472990e+00
1.416135e+00
1.359279e+00
1.302423e+00
1.245567e+00
1.188711e+00
1.131855e+00
1.074999e+00
1.018143e+00
1.010951e+00
9.541303e-01
8.973098e-01
8.404894e-01
7.836689e-01
7.268485e-01
6.700281e-01
6.132076e-01
5.563872e-01
5.536997e-01
4.951577e-01
4.366157e-01
3.780737e-01
3.195317e-01
2.609897e-01
2.024477e-01
1.439057e-01
8.536375e-02
9.295441e-02
3.269447e-02
-2.756548e-02
-8.782543e-02
-1.480854e-01
-2.083453e-01
-2.686053e-01
-3.288652e-01
-3.891252e-01
-3.767013e-01
-4.372127e-01
-4.977241e-01
-5.582355e-01
-6.187469e-01
-6.792584e-01
-7.397698e-01
-8.002812e-01
-8.607926e-01
-7.302261e-01
-7.904424e-01
-8.506588e-01
-9.108751e-01
-9.710914e-01
-1.031308e+00
-1.091524e+00
-1.151740e+00
-1.211957e+00
2.375818e-01
1.902966e-01
1.430114e-01
9.572614e-02
4.844094e-02
1.155726e-03
-4.612948e-02
-9.341469e-02
-1.406999e-01
-2.157830e-02
-2.234628e-02
-2.311426e-02
-2.388224e-02
-2.465022e-02
-2.541820e-02
-2.618618e-02
-2.695416e-02
-2.772214e-02
-2.245789e-02
-2.321330e-02
-2.396871e-02
-2.472412e-02
-2.547953e-02
-2.623494e-02
-2.699036e-02
-2.774577e-02
-2.850118e-02
-2.326795e-02
-2.400336e-02
-2.473877e-02
-2.547418e-02
-2.620960e-02
-2.694501e-02
-2.768042e-02
-2.841583e-02
-2.915124e-02
-2.403030e-02
-2.474947e-02
-2.546864e-02
-2.618781e-02
-2.690697e-02
-2.762614e-02
-2.834531e-02
-2.906447e-02
-2.978364e-02
-2.476481e-02
-2.547300e-02
-2.618118e-02
-2.688937e-02
-2.759755e-02
-2.830574e-02
-2.901392e-02
-2.972211e-02
-3.043029e-02
-2.549942e-02
-2.620241e-02
-2.690541e-02
-2.760840e-02
-2.831139e-02
-2.901439e-02
-2.971738e-02
-3.042038e-02
-3.112337e-02
-2.617128e-02
-2.687752e-02
-2.758375e-02
-2.828998e-02
-2.899622e-02
-2.970245e-02
-3.040869e-02
-3.111492e-02
-3.182115e-02
-2.682764e-02
-2.754193e-02
-2.825623e-02
-2.897052e-02
-2.968482e-02
-3.039911e-02
-3.111341e-02
-3.182771e-02
-3.254200e-02
-2.749714e-02
-2.821986e-02
-2.894258e-02
-2.966529e-02
-3.038801e-02
-3.111073e-02
-3.183345e-02
-3.255616e-02
-3.327888e-02
-2.812830e-02
-2.885719e-02
-2.958607e-02
-3.031495e-02
-3.104384e-02
-3.177272e-02
-3.250161e-02
-3.323049e-02
-3.395938e-02
-2.879905e-02
-2.952785e-02
-3.025666e-02
-3.098547e-02
-3.171428e-02
-3.244309e-02
-3.317190e-02
-3.390071e-02
-3.462952e-02
-2.948321e-02
-3.020646e-02
-3.092972e-02
-3.165298e-02
-3.237624e-02
-3.309949e-02
-3.382275e-02
-3.454601e-02
-3.526927e-02
-3.014995e-02
-3.086543e-02
-3.158092e-02
-3.229640e-02
-3.301188e-02
-3.372737e-02
-3.444285e-02
-3.515833e-02
-3.587382e-02
-3.082767e-02
-3.153552e-02
-3.224337e-02
-3.295122e-02
-3.365908e-02
-3.436693e-02
-3.507478e-02
-3.578263e-02
-3.649048e-02
-3.145239e-02
-3.215576e-02
-3.285913e-02
-3.356249e-02
-3.426586e-02
-3.496923e-02
-3.567260e-02
-3.637597e-02
-3.707934e-02
-3.206759e-02
-3.277064e-02
-3.347369e-02
-3.417674e-02
-3.487979e-02
-3.558284e-02
-3.628588e-02
-3.698893e-02
-3.769198e-02
-3.263693e-02
-3.334371e-02
-3.405048e-02
-3.475726e-02
-3.546404e-02
-3.617082e-02
-3.687759e-02
-3.758437e-02
-3.829115e-02
-3.317523e-02
-3.388945e-02
-3.460367e-02
-3.531789e-02
-3.603211e-02
-3.674633e-02
-3.746055e-02
-3.817477e-02
-3.888899e-02
-3.369438e-02
-3.441800e-02
-3.514162e-02
-3.586524e-02
-3.658885e-02
-3.731247e-02
-3.803609e-02
-3.875971e-02
-3.948332e-02
-3.417351e-02
-3.490739e-02
-3.564127e-02
-3.637515e-02
-3.710902e-02
-3.784290e-02
-3.857678e-02
-3.931066e-02
-4.004454e-02
-3.464717e-02
-3.539044e-02
-3.613371e-02
-3.687698e-02
-3.762025e-02
-3.836352e-02
-3.910679e-02
-3.985006e-02
-4.059333e-02
-3.509587e-02
-3.584578e-02
-3.659568e-02
-3.734559e-02
-3.809550e-02
-3.884541e-02
-3.959532e-02
-4.034522e-02
-4.109513e-02
-3.554545e-02
-3.629756e-02
-3.704966e-02
-3.780177e-02
-3.855388e-02
-3.930599e-02
-4.005810e-02
-4.081021e-02
-4.156231e-02
-3.599203e-02
-3.673869e-02
-3.748536e-02
-3.823203e-02
-3.897869e-02
-3.972536e-02
-4.047203e-02
-4.121870e-02
-4.196536e-02
-3.646273e-02
-3.719176e-02
-3.792080e-02
-3.864983e-02
-3.937886e-02
-4.010790e-02
-4.083693e-02
-4.156597e-02
-4.229500e-02
-3.698166e-02
-3.767372e-02
-3.836578e-02
-3.905784e-02
-3.974991e-02
-4.044197e-02
-4.113403e-02
-4.182609e-02
-4.251816e-02
-3.759253e-02
-3.821646e-02
-3.884038e-02
-3.946430e-02
-4.008822e-02
-4.071214e-02
-4.133607e-02
-4.195999e-02
-4.258391e-02
-3.828364e-02
-3.882282e-02
-3.936199e-02
-3.990117e-02
-4.044034e-02
-4.097952e-02
-4.151869e-02
-4.205787e-02
-4.259705e-02
-3.862173e-02
-3.910374e-02
-3.958574e-02
-4.006774e-02
-4.054975e-02
-4.103175e-02
-4.151376e-02
-4.199576e-02
-4.247777e-02
-2.631726e+00
-1.064638e+00
-1.087526e+00
-1.110414e+00
-1.133302e+00
-1.156190e+00
-1.179078e+00
-1.201966e+00
-3.094294e+00
-2.733562e+00
-1.100734e+00
-1.119408e+00
-1.138081e+00
-1.156754e+00
-1.175427e+00
-1.194101e+00
-1.212774e+00
-3.110949e+00
-2.838090e+00
-1.139340e+00
-1.155243e+00
-1.171145e+00
-1.187048e+00
-1.202950e+00
-1.218852e+00
-1.234755e+00
-3.159477e+00
-2.894832e+00
-1.161695e+00
-1.177492e+00
-1.193288e+00
-1.209085e+00
-1.224881e+00
-1.240678e+00
-1.256474e+00
-3.214079e+00
-2.937211e+00
-1.178201e+00
-1.193728e+00
-1.209255e+00
-1.224782e+00
-1.240309e+00
-1.255836e+00
-1.271363e+00
-3.251010e+00
-2.956826e+00
-1.186240e+00
-1.202041e+00
-1.217842e+00
-1.233643e+00
-1.249444e+00
-1.265245e+00
-1.281046e+00
-3.276166e+00
-2.931367e+00
-1.178869e+00
-1.197377e+00
-1.215886e+00
-1.234394e+00
-1.252902e+00
-1.271410e+00
-1.289918e+00
-3.305417e+00
-2.882881e+00
-1.162413e+00
-1.183657e+00
-1.204902e+00
-1.226147e+00
-1.247391e+00
-1.268636e+00
-1.289881e+00
-3.312236e+00
-4.378579e-02
-4.422739e-02
-4.466900e-02
-4.511061e-02
-4.555222e-02
-4.599383e-02
-4.643543e-02
-4.687704e-02
-4.731865e-02
-4.321327e-02
-4.372531e-02
-4.423734e-02
-4.474938e-02
-4.526141e-02
-4.577345e-02
-4.628548e-02
-4.679752e-02
-4.730955e-02
-4.266170e-02
-4.326875e-02
-4.387581e-02
-4.448286e-02
-4.508992e-02
-4.569697e-02
-4.630403e-02
-4.691108e-02
-4.751814e-02
-4.220828e-02
-4.288521e-02
-4.356214e-02
-4.423907e-02
-4.491600e-02
-4.559293e-02
-4.626986e-02
-4.694679e-02
-4.762372e-02
-4.184951e-02
-4.256528e-02
-4.328104e-02
-4.399681e-02
-4.471258e-02
-4.542834e-02
-4.614411e-02
-4.685988e-02
-4.757565e-02
-4.154432e-02
-4.227883e-02
-4.301333e-02
-4.374783e-02
-4.448233e-02
-4.521684e-02
-4.595134e-02
-4.668584e-02
-4.742035e-02
-4.125838e-02
-4.199863e-02
-4.273888e-02
-4.347913e-02
-4.421938e-02
-4.495964e-02
-4.569989e-02
-4.644014e-02
-4.718039e-02
-4.097531e-02
-4.171327e-02
-4.245123e-02
-4.318920e-02
-4.392716e-02
-4.466512e-02
-4.540308e-02
-4.614104e-02
-4.687901e-02
-4.068365e-02
-4.141466e-02
-4.214567e-02
-4.287668e-02
-4.360769e-02
-4.433870e-02
-4.506971e-02
-4.580071e-02
-4.653172e-02
-4.036425e-02
-4.108662e-02
-4.180898e-02
-4.253135e-02
-4.325371e-02
-4.397608e-02
-4.469844e-02
-4.542080e-02
-4.614317e-02
-4.002411e-02
-4.073816e-02
-4.145220e-02
-4.216624e-02
-4.288028e-02
-4.359432e-02
-4.430836e-02
-4.502240e-02
-4.573644e-02
-3.964811e-02
-4.035611e-02
-4.106411e-02
-4.177210e-02
-4.248010e-02
-4.318810e-02
-4.389610e-02
-4.460409e-02
-4.531209e-02
-3.923270e-02
-3.993818e-02
-4.064366e-02
-4.134914e-02
-4.205462e-02
-4.276011e-02
-4.346559e-02
-4.417107e-02
-4.487655e-02
-3.877949e-02
-3.948707e-02
-4.019464e-02
-4.090222e-02
-4.160979e-02
-4.231737e-02
-4.302494e-02
-4.373252e-02
-4.444010e-02
-3.827940e-02
-3.899350e-02
-3.970760e-02
-4.042170e-02
-4.113581e-02
-4.184991e-02
-4.256401e-02
-4.327811e-02
-4.399221e-02
-3.775760e-02
-3.848214e-02
-3.920668e-02
-3.993121e-02
-4.065575e-02
-4.138029e-02
-4.210482e-02
-4.282936e-02
-4.355390e-02
-3.719241e-02
-3.792861e-02
-3.866480e-02
-3.940100e-02
-4.013720e-02
-4.087339e-02
-4.160959e-02
-4.234579e-02
-4.308198e-02
-3.664216e-02
-3.738623e-02
-3.813031e-02
-3.887438e-02
-3.961845e-02
-4.036253e-02
-4.110660e-02
-4.185067e-02
-4.259475e-02
-3.609234e-02
-3.683804e-02
-3.758374e-02
-3.832945e-02
-3.907515e-02
-3.982085e-02
-4.056655e-02
-4.131225e-02
-4.205795e-02
-3.554501e-02
-3.628638e-02
-3.702776e-02
-3.776913e-02
-3.851050e-02
-3.925187e-02
-3.999324e-02
-4.073462e-02
-4.147599e-02
-3.500554e-02
-3.574171e-02
-3.647788e-02
-3.721404e-02
-3.795021e-02
-3.868638e-02
-3.942255e-02
-4.015872e-02
-4.089489e-02
-3.438949e-02
-3.513036e-02
-3.587123e-02
-3.661210e-02
-3.735297e-02
-3.809384e-02
-3.883471e-02
-3.957558e-02
-4.031644e-02
-3.370312e-02
-3.446389e-02
-3.522465e-02
-3.598541e-02
-3.674617e-02
-3.750694e-02
-3.826770e-02
-3.902846e-02
-3.978922e-02
-3.320356e-02
-3.398652e-02
-3.476947e-02
-3.555243e-02
-3.633538e-02
-3.711834e-02
-3.790129e-02
-3.868425e-02
-3.946720e-02
-7.026700e-02
-1.104686e-01
-1.506702e-01
-1.908719e-01
-2.310735e-01
-2.712751e-01
-3.114768e-01
-3.516784e-01
-3.918800e-01
-1.293181e+00
-1.347036e+00
-1.400892e+00
-1.454748e+00
-1.508604e+00
-1.562459e+00
-1.616315e+00
-1.670171e+00
-1.724026e+00
-9.625345e-01
-1.017933e+00
-1.073331e+00
-1.128729e+00
-1.184127e+00
-1.239525e+00
-1.294923e+00
-1.350321e+00
-1.405720e+00
-5.143000e-01
-5.714646e-01
-6.286293e-01
-6.857939e-01
-7.429585e-01
-8.001231e-01
-8.572878e-01
-9.144524e-01
-9.716170e-01
-6.937778e-02
-1.265737e-01
-1.837696e-01
-2.409654e-01
-2.981613e-01
-3.553572e-01
-4.125531e-01
-4.697490e-01
-5.269449e-01
3.718666e-01
3.167596e-01
2.616526e-01
2.065457e-01
1.514387e-01
9.633172e-02
4.122475e-02
-1.388221e-02
-6.898918e-02
8.178121e-01
7.649399e-01
7.120678e-01
6.591957e-01
6.063236e-01
5.534515e-01
5.005794e-01
4.477073e-01
3.948352e-01
1.274723e+00
1.221965e+00
1.169207e+00
1.116448e+00
1.063690e+00
1.010932e+00
9.581738e-01
9.054156e-01
8.526574e-01
1.739741e+00
1.685915e+00
1.632089e+00
1.578263e+00
1.524436e+00
1.470610e+00
1.416784e+00
1.362958e+00
1.309131e+00
2.203151e+00
2.149457e+00
2.095763e+00
2.042069e+00
1.988375e+00
1.934682e+00
1.880988e+00
1.827294e+00
1.773600e+00
2.667629e+00
2.613940e+00
2.560252e+00
2.506564e+00
2.452875e+00
2.399187e+00
2.345498e+00
2.291810e+00
2.238121e+00
3.022992e+00
2.968139e+00
2.913286e+00
2.858433e+00
2.803580e+00
2.748726e+00
2.693873e+00
2.639020e+00
2.584167e+00
1.279722e+00
1.228609e+00
1.177496e+00
1.126384e+00
1.075271e+00
1.024158e+00
9.730456e-01
9.219329e-01
8.708202e-01
1.479385e+00
1.433660e+00
1.387934e+00
1.342209e+00
1.296484e+00
1.250759e+00
1.205033e+00
1.159308e+00
1.113583e+00
1.459668e-01
1.454676e-01
1.449685e-01
1.444694e-01
1.439702e-01
1.434711e-01
1.429720e-01
1.424729e-01
1.419737e-01
1.467071e-01
1.462272e-01
1.457473e-01
1.452673e-01
1.447874e-01
1.443075e-01
1.438275e-01
1.433476e-01
1.428677e-01
1.473494e-01
1.468861e-01
1.464228e-01
1.459594e-01
1.454961e-01
1.450328e-01
1.445695e-01
1.441061e-01
1.436428e-01
1.481032e-01
1.476263e-01
1.471493e-01
1.466724e-01
1.461955e-01
1.457186e-01
1.452417e-01
1.447648e-01
1.442878e-01
1.489420e-01
1.484257e-01
1.479095e-01
1.473932e-01
1.468769e-01
1.463606e-01
1.458443e-01
1.453281e-01
1.448118e-01
1.497516e-01
1.492084e-01
1.486652e-01
1.481220e-01
1.475788e-01
1.470356e-01
1.464924e-01
1.459492e-01
1.454060e-01
1.504777e-01
1.499263e-01
1.493749e-01
1.488234e-01
1.482720e-01
1.477205e-01
1.471691e-01
1.466176e-01
1.460662e-01
1.511936e-01
1.506315e-01
1.500694e-01
1.495073e-01
1.489452e-01
1.483831e-01
1.478210e-01
1.472590e-01
1.466969e-01
1.519272e-01
1.513511e-01
1.507749e-01
1.501988e-01
1.496227e-01
1.490465e-01
1.484704e-01
1.478943e-01
1.473181e-01
1.526614e-01
1.520744e-01
1.514875e-01
1.509006e-01
1.503137e-01
1.497268e-01
1.491398e-01
1.485529e-01
1.479660e-01
1.533661e-01
1.527685e-01
1.521709e-01
1.515733e-01
1.509757e-01
1.503781e-01
1.497804e-01
1.491828e-01
1.485852e-01
1.540266e-01
1.534246e-01
1.528226e-01
1.522205e-01
1.516185e-01
1.510164e-01
1.504144e-01
1.498124e-01
1.492103e-01
1.546616e-01
1.540667e-01
1.534718e-01
1.528769e-01
1.522820e-01
1.516871e-01
1.510922e-01
1.504973e-01
1.499024e-01
1.553101e-01
1.547175e-01
1.541249e-01
1.535324e-01
1.529398e-01
1.523473e-01
1.517547e-01
1.511622e-01
1.505696e-01
1.559786e-01
1.553761e-01
1.547737e-01
1.541713e-01
1.535688e-01
1.529664e-01
1.523639e-01
1.517615e-01
1.511590e-01
1.566077e-01
1.560025e-01
1.553974e-01
1.547923e-01
1.541871e-01
1.535820e-01
1.529768e-01
1.523717e-01
1.517665e-01
1.571949e-01
1.566009e-01
1.560069e-01
1.554128e-01
1.548188e-01
1.542248e-01
1.536308e-01
1.530367e-01
1.524427e-01
1.578010e-01
1.572097e-01
1.566184e-01
1.560272e-01
1.554359e-01
1.548446e-01
1.542533e-01
1.536620e-01
1.530707e-01
1.584374e-01
1.578347e-01
1.572321e-01
1.566294e-01
1.560267e-01
1.554240e-01
1.548213e-01
1.542186e-01
1.536159e-01
1.590286e-01
1.584244e-01
1.578201e-01
1.572159e-01
1.566117e-01
1.560074e-01
1.554032e-01
1.547990e-01
1.541947e-01
1.595615e-01
1.589718e-01
1.583822e-01
1.577925e-01
1.572029e-01
1.566132e-01
1.560236e-01
1.554340e-01
1.548443e-01
1.601004e-01
1.595191e-01
1.589378e-01
1.583565e-01
1.577752e-01
1.571939e-01
1.566126e-01
1.560314e-01
1.554501e-01
1.606468e-01
1.600659e-01
1.594850e-01
1.589041e-01
1.583232e-01
1.577423e-01
1.571614e-01
1.565805e-01
1.559996e-01
1.611078e-01
1.605480e-01
1.599881e-01
1.594283e-01
1.588685e-01
1.583087e-01
1.577489e-01
1.571891e-01
1.566293e-01
1.614208e-01
1.609183e-01
1.604158e-01
1.599134e-01
1.594109e-01
1.589084e-01
1.584060e-01
1.579035e-01
1.574011e-01
1.615688e-01
1.611607e-01
1.607527e-01
1.603446e-01
1.599365e-01
1.595285e-01
1.591204e-01
1.587123e-01
1.583043e-01
1.614310e-01
1.611845e-01
1.609381e-01
1.606917e-01
1.604452e-01
1.601988e-01
1.599523e-01
1.597059e-01
1.594594e-01
1.614280e-01
1.613567e-01
1.612853e-01
1.612140e-01
1.611427e-01
1.610714e-01
1.610001e-01
1.609287e-01
1.608574e-01
5.077390e-02
4.946988e-02
4.816586e-02
4.686184e-02
4.555782e-02
4.425380e-02
4.294978e-02
4.164576e-02
4.034174e-02
5.053258e-02
4.941287e-02
4.829315e-02
4.717343e-02
4.605371e-02
4.493399e-02
4.381428e-02
4.269456e-02
4.157484e-02
5.028368e-02
4.933948e-02
4.839528e-02
4.745107e-02
4.650687e-02
4.556267e-02
4.461847e-02
4.367427e-02
4.273007e-02
5.033316e-02
4.948759e-02
4.864202e-02
4.779646e-02
4.695089e-02
4.610532e-02
4.525975e-02
4.441418e-02
4.356861e-02
5.054475e-02
4.975392e-02
4.896310e-02
4.817227e-02
4.738145e-02
4.659062e-02
4.579979e-02
4.500897e-02
4.421814e-02
5.084431e-02
5.008279e-02
4.932126e-02
4.855974e-02
4.779821e-02
4.703669e-02
4.627516e-02
4.551364e-02
4.475211e-02
5.119159e-02
5.044408e-02
4.969657e-02
4.894906e-02
4.820154e-02
4.745403e-02
4.670652e-02
4.595901e-02
4.521149e-02
5.155742e-02
5.081550e-02
5.007359e-02
4.933167e-02
4.858976e-02
4.784784e-02
4.710593e-02
4.636402e-02
4.562210e-02
5.192438e-02
5.118480e-02
5.044521e-02
4.970563e-02
4.896604e-02
4.822646e-02
4.748687e-02
4.674729e-02
4.600770e-02
5.229310e-02
5.155334e-02
5.081358e-02
5.007381e-02
4.933405e-02
4.859429e-02
4.785452e-02
4.711476e-02
4.637500e-02
5.266652e-02
5.192184e-02
5.117716e-02
5.043248e-02
4.968779e-02
4.894311e-02
4.819843e-02
4.745375e-02
4.670907e-02
5.302759e-02
5.227592e-02
5.152425e-02
5.077258e-02
5.002092e-02
4.926925e-02
4.851758e-02
4.776592e-02
4.701425e-02
5.336566e-02
5.261155e-02
5.185744e-02
5.110333e-02
5.034922e-02
4.959511e-02
4.884100e-02
4.808689e-02
4.733278e-02
5.368929e-02
5.293549e-02
5.218168e-02
5.142787e-02
5.067407e-02
4.992026e-02
4.916646e-02
4.841265e-02
4.765884e-02
5.401217e-02
5.325313e-02
5.249408e-02
5.173503e-02
5.097598e-02
5.021694e-02
4.945789e-02
4.869884e-02
4.793980e-02
5.432816e-02
5.356086e-02
5.279356e-02
5.202626e-02
5.125896e-02
5.049166e-02
4.972435e-02
4.895705e-02
4.818975e-02
5.461784e-02
5.385058e-02
5.308332e-02
5.231605e-02
5.154879e-02
5.078153e-02
5.001427e-02
4.924700e-02
4.847974e-02
5.487630e-02
5.411586e-02
5.335543e-02
5.259499e-02
5.183456e-02
5.107413e-02
5.031369e-02
4.955326e-02
4.879282e-02
5.511767e-02
5.435856e-02
5.359945e-02
5.284034e-02
5.208123e-02
5.132212e-02
5.056301e-02
4.980389e-02
4.904478e-02
5.539985e-02
5.463294e-02
5.386604e-02
5.309914e-02
5.233223e-02
5.156533e-02
5.079843e-02
5.003152e-02
4.926462e-02
5.571525e-02
5.493468e-02
5.415410e-02
5.337353e-02
5.259296e-02
5.181238e-02
5.103181e-02
5.025123e-02
4.947066e-02
5.599904e-02
5.520409e-02
5.440913e-02
5.361418e-02
5.281923e-02
5.202427e-02
5.122932e-02
5.043436e-02
4.963941e-02
5.625468e-02
5.545175e-02
5.464883e-02
5.384590e-02
5.304297e-02
5.224004e-02
5.143711e-02
5.063418e-02
4.983125e-02
5.652096e-02
5.571053e-02
5.490011e-02
5.408969e-02
5.327926e-02
5.246884e-02
5.165842e-02
5.084799e-02
5.003757e-02
5.682783e-02
5.599208e-02
5.515632e-02
5.432057e-02
5.348482e-02
5.264906e-02
5.181331e-02
5.097756e-02
5.014180e-02
5.723418e-02
5.634638e-02
5.545858e-02
5.457078e-02
5.368298e-02
5.279518e-02
5.190738e-02
5.101958e-02
5.013177e-02
5.778359e-02
5.681360e-02
5.584360e-02
5.487360e-02
5.390361e-02
5.293361e-02
5.196361e-02
5.099362e-02
5.002362e-02
5.815281e-02
5.711281e-02
5.607281e-02
5.503281e-02
5.399282e-02
5.295282e-02
5.191282e-02
5.087282e-02
4.983282e-02
5.795319e-02
5.690341e-02
5.585364e-02
5.480387e-02
5.375409e-02
5.270432e-02
5.165454e-02
5.060477e-02
4.955500e-02
3.621619e+00
1.412748e+00
1.391903e+00
1.371059e+00
1.350214e+00
1.329369e+00
1.308525e+00
1.287680e+00
3.200349e+00
3.626501e+00
1.418875e+00
1.402225e+00
1.385575e+00
1.368925e+00
1.352275e+00
1.335625e+00
1.318975e+00
3.290003e+00
3.734767e+00
1.460574e+00
1.442767e+00
1.424960e+00
1.407153e+00
1.389345e+00
1.371538e+00
1.353731e+00
3.374883e+00
3.847839e+00
1.503567e+00
1.483994e+00
1.464421e+00
1.444848e+00
1.425275e+00
1.405702e+00
1.386129e+00
3.452267e+00
3.943458e+00
1.541441e+00
1.521891e+00
1.502341e+00
1.482791e+00
1.463242e+00
1.443692e+00
1.424142e+00
3.548358e+00
4.044920e+00
1.581226e+00
1.561298e+00
1.541370e+00
1.521442e+00
1.501514e+00
1.481586e+00
1.461659e+00
3.642179e+00
4.147737e+00
1.621618e+00
1.601383e+00
1.581149e+00
1.560914e+00
1.540679e+00
1.520445e+00
1.500210e+00
3.738795e+00
4.254615e+00
1.663519e+00
1.642879e+00
1.622238e+00
1.601598e+00
1.580957e+00
1.560317e+00
1.539676e+00
3.837471e+00
4.360610e+00
1.705483e+00
1.684849e+00
1.664215e+00
1.643581e+00
1.622947e+00
1.602314e+00
1.581680e+00
3.943598e+00
4.496781e+00
1.756922e+00
1.733825e+00
1.710728e+00
1.687631e+00
1.664534e+00
1.641437e+00
1.618340e+00
4.029990e+00
4.517353e+00
1.773328e+00
1.758494e+00
1.743660e+00
1.728825e+00
1.713991e+00
1.699157e+00
1.684323e+00
4.217552e+00
4.427876e+00
1.753581e+00
1.754419e+00
1.755257e+00
1.756094e+00
1.756932e+00
1.757770e+00
1.758607e+00
4.444805e+00
4.450796e+00
1.769956e+00
1.778095e+00
1.786234e+00
1.794373e+00
1.802512e+00
1.810651e+00
1.818791e+00
4.615289e+00
1.097243e-01
1.102753e-01
1.108264e-01
1.113775e-01
1.119286e-01
1.124797e-01
1.130308e-01
1.135818e-01
1.141329e-01
1.127360e-01
1.129327e-01
1.131294e-01
1.133262e-01
1.135229e-01
1.137196e-01
1.139164e-01
1.141131e-01
1.143098e-01
1.141090e-01
1.139898e-01
1.138705e-01
1.137512e-01
1.136319e-01
1.135127e-01
1.133934e-01
1.132741e-01
1.131548e-01
1.148274e-01
1.145532e-01
1.142790e-01
1.140047e-01
1.137305e-01
1.134563e-01
1.131821e-01
1.129079e-01
1.126336e-01
1.152196e-01
1.148694e-01
1.145191e-01
1.141689e-01
1.138186e-01
1.134684e-01
1.131181e-01
1.127679e-01
1.124177e-01
1.154466e-01
1.150590e-01
1.146714e-01
1.142839e-01
1.138963e-01
1.135087e-01
1.131211e-01
1.127335e-01
1.123459e-01
1.155873e-01
1.151813e-01
1.147754e-01
1.143694e-01
1.139634e-01
1.135575e-01
1.131515e-01
1.127456e-01
1.123396e-01
1.156802e-01
1.152652e-01
1.148502e-01
1.144352e-01
1.140202e-01
1.136051e-01
1.131901e-01
1.127751e-01
1.123601e-01
1.157442e-01
1.153248e-01
1.149053e-01
1.144859e-01
1.140664e-01
1.136469e-01
1.132275e-01
1.128080e-01
1.123886e-01
1.157883e-01
1.153668e-01
1.149452e-01
1.145237e-01
1.141022e-01
1.136806e-01
1.132591e-01
1.128376e-01
1.124160e-01
1.158165e-01
1.153942e-01
1.149720e-01
1.145497e-01
1.141275e-01
1.137052e-01
1.132830e-01
1.128607e-01
1.124385e-01
1.158299e-01
1.154080e-01
1.149861e-01
1.145642e-01
1.141423e-01
1.137204e-01
1.132985e-01
1.128767e-01
1.124548e-01
1.158273e-01
1.154072e-01
1.149870e-01
1.145669e-01
1.141467e-01
1.137265e-01
1.133064e-01
1.128862e-01
1.124661e-01
1.158048e-01
1.153887e-01
1.149727e-01
1.145566e-01
1.141406e-01
1.137246e-01
1.133085e-01
1.128925e-01
1.124764e-01
1.157532e-01
1.153459e-01
1.149386e-01
1.145313e-01
1.141240e-01
1.137168e-01
1.133095e-01
1.129022e-01
1.124949e-01
1.156535e-01
1.152644e-01
1.148753e-01
1.144861e-01
1.140970e-01
1.137079e-01
1.133188e-01
1.129297e-01
1.125406e-01
1.154669e-01
1.151150e-01
1.147632e-01
1.144114e-01
1.140595e-01
1.137077e-01
1.133559e-01
1.130040e-01
1.126522e-01
1.151138e-01
1.148383e-01
1.145627e-01
1.142871e-01
1.140116e-01
1.137360e-01
1.134604e-01
1.131849e-01
1.129093e-01
1.144321e-01
1.143124e-01
1.141926e-01
1.140729e-01
1.139531e-01
1.138334e-01
1.137137e-01
1.135939e-01
1.134742e-01
1.130905e-01
1.132889e-01
1.134874e-01
1.136858e-01
1.138843e-01
1.140827e-01
1.142811e-01
1.144796e-01
1.146780e-01
1.100986e-01
1.106539e-01
1.112093e-01
1.117647e-01
1.123201e-01
1.128754e-01
1.134308e-01
1.139862e-01
1.145416e-01
1.569660e-01
1.564772e-01
1.559885e-01
1.554997e-01
1.550110e-01
1.545222e-01
1.540335e-01
1.535447e-01
1.530560e-01
1.569184e-01
1.564652e-01
1.560120e-01
1.555587e-01
1.551055e-01
1.546522e-01
1.541990e-01
1.537457e-01
1.532925e-01
1.569485e-01
1.565266e-01
1.561047e-01
1.556827e-01
1.552608e-01
1.548389e-01
1.544170e-01
1.539951e-01
1.535731e-01
1.570331e-01
1.566261e-01
1.562191e-01
1.558122e-01
1.554052e-01
1.549982e-01
1.545913e-01
1.541843e-01
1.537774e-01
1.571382e-01
1.567383e-01
1.563384e-01
1.559385e-01
1.555386e-01
1.551388e-01
1.547389e-01
1.543390e-01
1.539391e-01
1.572476e-01
1.568509e-01
1.564543e-01
1.560577e-01
1.556611e-01
1.552645e-01
1.548679e-01
1.544713e-01
1.540747e-01
1.573533e-01
1.569581e-01
1.565630e-01
1.561678e-01
1.557727e-01
1.553775e-01
1.549823e-01
1.545872e-01
1.541920e-01
1.574515e-01
1.570570e-01
1.566624e-01
1.562678e-01
1.558732e-01
1.554786e-01
1.550841e-01
1.546895e-01
1.542949e-01
1.575405e-01
1.571461e-01
1.567517e-01
1.563573e-01
1.559628e-01
1.555684e-01
1.551740e-01
1.547796e-01
1.543852e-01
1.576194e-01
1.572249e-01
1.568305e-01
1.564360e-01
1.560415e-01
1.556470e-01
1.552526e-01
1.548581e-01
1.544636e-01
1.576877e-01
1.572931e-01
1.568985e-01
1.565038e-01
1.561092e-01
1.557146e-01
1.553200e-01
1.549254e-01
1.545308e-01
1.577452e-01
1.573504e-01
1.569556e-01
1.565608e-01
1.561660e-01
1.557712e-01
1.553764e-01
1.549816e-01
1.545868e-01
1.577918e-01
1.573968e-01
1.570018e-01
1.566068e-01
1.562118e-01
1.558168e-01
1.554218e-01
1.550268e-01
1.546318e-01
1.578275e-01
1.574323e-01
1.570371e-01
1.566419e-01
1.562466e-01
1.558514e-01
1.554562e-01
1.550610e-01
1.546658e-01
1.578522e-01
1.574568e-01
1.570614e-01
1.566660e-01
1.562705e-01
1.558751e-01
1.554797e-01
1.550843e-01
1.546889e-01
1.578660e-01
1.574704e-01
1.570748e-01
1.566791e-01
1.562835e-01
1.558879e-01
1.554922e-01
1.550966e-01
1.547010e-01
1.578688e-01
1.574730e-01
1.570772e-01
1.566813e-01
1.562855e-01
1.558896e-01
1.554938e-01
1.550980e-01
1.547021e-01
1.578607e-01
1.574646e-01
1.570686e-01
1.566726e-01
1.562765e-01
1.558805e-01
1.554844e-01
1.550884e-01
1.546923e-01
1.578416e-01
1.574453e-01
1.570491e-01
1.566528e-01
1.562566e-01
1.558604e-01
1.554641e-01
1.550679e-01
1.546716e-01
1.578115e-01
1.574150e-01
1.570186e-01
1.566222e-01
1.562257e-01
1.558293e-01
1.554329e-01
1.550364e-01
1.546400e-01
1.577703e-01
1.573737e-01
1.569771e-01
1.565805e-01
1.561839e-01
1.557873e-01
1.553907e-01
1.549941e-01
1.545975e-01
1.577181e-01
1.573214e-01
1.569246e-01
1.565279e-01
1.561311e-01
1.557344e-01
1.553376e-01
1.549409e-01
1.545441e-01
1.576548e-01
1.572579e-01
1.568611e-01
1.564642e-01
1.560674e-01
1.556705e-01
1.552737e-01
1.548768e-01
1.544800e-01
1.575801e-01
1.571832e-01
1.567864e-01
1.563895e-01
1.559927e-01
1.555959e-01
1.551990e-01
1.548022e-01
1.544053e-01
1.574935e-01
1.570969e-01
1.567003e-01
1.563037e-01
1.559071e-01
1.555104e-01
1.551138e-01
1.547172e-01
1.543206e-01
1.573943e-01
1.569983e-01
1.566024e-01
1.562064e-01
1.558105e-01
1.554145e-01
1.550185e-01
1.546226e-01
1.542266e-01
1.572805e-01
1.568861e-01
1.564917e-01
1.560973e-01
1.557029e-01
1.553085e-01
1.549141e-01
1.545197e-01
1.541253e-01
1.571483e-01
1.567573e-01
1.563664e-01
1.559754e-01
1.555844e-01
1.551934e-01
1.548025e-01
1.544115e-01
1.540205e-01
1.569896e-01
1.566060e-01
1.562223e-01
1.558386e-01
1.554550e-01
1.550713e-01
1.546876e-01
1.543039e-01
1.539203e-01
1.567879e-01
1.564195e-01
1.560512e-01
1.556829e-01
1.553145e-01
1.549462e-01
1.545779e-01
1.542096e-01
1.538412e-01
1.565084e-01
1.561721e-01
1.558358e-01
1.554995e-01
1.551632e-01
1.548269e-01
1.544906e-01
1.541543e-01
1.538180e-01
1.560794e-01
1.558098e-01
1.555402e-01
1.552705e-01
1.550009e-01
1.547312e-01
1.544616e-01
1.541919e-01
1.539223e-01
1.553520e-01
1.552209e-01
1.550898e-01
1.549587e-01
1.548276e-01
1.546965e-01
1.545654e-01
1.544343e-01
1.543032e-01
1.545623e-01
1.545879e-01
1.546135e-01
1.546391e-01
1.546647e-01
1.546903e-01
1.547159e-01
1.547415e-01
1.547670e-01
2.093957e-01
2.093825e-01
2.093692e-01
2.093560e-01
2.093428e-01
2.093296e-01
2.093164e-01
2.093032e-01
2.092900e-01
2.100555e-01
2.099000e-01
2.097445e-01
2.095890e-01
2.094334e-01
2.092779e-01
2.091224e-01
2.089669e-01
2.088114e-01
2.107303e-01
2.104487e-01
2.101671e-01
2.098855e-01
2.096039e-01
2.093223e-01
2.090408e-01
2.087592e-01
2.084776e-01
2.111338e-01
2.107913e-01
2.104487e-01
2.101061e-01
2.097636e-01
2.094210e-01
2.090784e-01
2.087358e-01
2.083933e-01
2.114007e-01
2.110286e-01
2.106565e-01
2.102844e-01
2.099123e-01
2.095402e-01
2.091681e-01
2.087960e-01
2.084239e-01
2.115960e-01
2.112095e-01
2.108231e-01
2.104366e-01
2.100502e-01
2.096637e-01
2.092772e-01
2.088908e-01
2.085043e-01
2.117511e-01
2.113576e-01
2.109641e-01
2.105706e-01
2.101771e-01
2.097837e-01
2.093902e-01
2.089967e-01
2.086032e-01
2.118811e-01
2.114841e-01
2.110872e-01
2.106902e-01
2.102932e-01
2.098963e-01
2.094993e-01
2.091024e-01
2.087054e-01
2.119934e-01
2.115947e-01
2.111960e-01
2.107972e-01
2.103985e-01
2.099997e-01
2.096010e-01
2.092023e-01
2.088035e-01
2.120916e-01
2.116919e-01
2.112922e-01
2.108925e-01
2.104928e-01
2.100931e-01
2.096935e-01
2.092938e-01
2.088941e-01
2.121773e-01
2.117770e-01
2.113768e-01
2.109766e-01
2.105763e-01
2.101761e-01
2.097758e-01
2.093756e-01
2.089753e-01
2.122514e-01
2.118507e-01
2.114501e-01
2.110495e-01
2.106489e-01
2.102483e-01
2.098477e-01
2.094471e-01
2.090465e-01
2.123142e-01
2.119133e-01
2.115124e-01
2.111115e-01
2.107106e-01
2.103097e-01
2.099088e-01
2.095080e-01
2.091071e-01
2.123660e-01
2.119649e-01
2.115637e-01
2.111626e-01
2.107615e-01
2.103603e-01
2.099592e-01
2.095581e-01
2.091570e-01
2.124068e-01
2.120055e-01
2.116041e-01
2.112028e-01
2.108014e-01
2.104001e-01
2.099988e-01
2.095974e-01
2.091961e-01
2.124368e-01
2.120352e-01
2.116337e-01
2.112321e-01
2.108305e-01
2.104290e-01
2.100274e-01
2.096259e-01
2.092243e-01
2.124558e-01
2.120541e-01
2.116523e-01
2.112505e-01
2.108488e-01
2.104470e-01
2.100452e-01
2.096434e-01
2.092417e-01
2.124640e-01
2.120620e-01
2.116601e-01
2.112581e-01
2.108561e-01
2.104541e-01
2.100521e-01
2.096501e-01
2.092482e-01
2.124614e-01
2.120592e-01
2.116570e-01
2.112548e-01
2.108526e-01
2.104504e-01
2.100482e-01
2.096460e-01
2.092438e-01
2.124478e-01
2.120454e-01
2.116430e-01
2.112406e-01
2.108381e-01
2.104357e-01
2.100333e-01
2.096309e-01
2.092285e-01
2.124234e-01
2.120208e-01
2.116181e-01
2.112155e-01
2.108129e-01
2.104102e-01
2.100076e-01
2.096049e-01
2.092023e-01
2.123881e-01
2.119853e-01
2.115824e-01
2.111795e-01
2.107767e-01
2.103738e-01
2.099710e-01
2.095681e-01
2.091653e-01
2.123419e-01
2.119389e-01
2.115358e-01
2.111327e-01
2.107296e-01
2.103266e-01
2.099235e-01
2.095204e-01
2.091173e-01
2.122848e-01
2.118815e-01
2.114783e-01
2.110750e-01
2.106717e-01
2.102684e-01
2.098652e-01
2.094619e-01
2.090586e-01
2.122167e-01
2.118133e-01
2.114098e-01
2.110064e-01
2.106029e-01
2.101995e-01
2.097960e-01
2.093926e-01
2.089891e-01
2.121375e-01
2.117339e-01
2.113303e-01
2.109268e-01
2.105232e-01
2.101197e-01
2.097161e-01
2.093126e-01
2.089090e-01
2.120467e-01
2.116432e-01
2.112397e-01
2.108362e-01
2.104327e-01
2.100292e-01
2.096257e-01
2.092221e-01
2.088186e-01
2.119440e-01
2.115408e-01
2.111376e-01
2.107344e-01
2.103313e-01
2.099281e-01
2.095249e-01
2.091217e-01
2.087185e-01
2.118278e-01
2.114256e-01
2.110234e-01
2.106212e-01
2.102190e-01
2.098167e-01
2.094145e-01
2.090123e-01
2.086101e-01
2.116956e-01
2.112956e-01
2.108957e-01
2.104957e-01
2.100958e-01
2.096958e-01
2.092959e-01
2.088959e-01
2.084960e-01
2.115417e-01
2.111467e-01
2.107517e-01
2.103567e-01
2.099617e-01
2.095667e-01
2.091717e-01
2.087767e-01
2.083817e-01
2.113546e-01
2.109701e-01
2.105857e-01
2.102012e-01
2.098168e-01
2.094323e-01
2.090479e-01
2.086634e-01
2.082790e-01
2.111103e-01
2.107480e-01
2.103856e-01
2.100233e-01
2.096610e-01
2.092986e-01
2.089363e-01
2.085739e-01
2.082116e-01
2.108451e-01
2.105078e-01
2.101705e-01
2.098332e-01
2.094960e-01
2.091587e-01
2.088214e-01
2.084842e-01
2.081469e-01
