# RM two-step shell dehomogenization, material frame
# macro beam strain [ext sh2 sh3 twist bend2 bend3] = [ 9.629021e-05 -1.863325e-04  3.790941e-03  7.445801e-04 -1.738353e-03
#  -1.343900e-04]
# elem  zeta(0=OML,1=IML)  y2(m)  y3(m)  z(m, from the center reference)
#   S11 S22 S33 S23 S13 S12 (Pa)  E11 E22 E33 2E23 2E13 2E12  u1 u2 u3 (m)
#   jflag (0 clean, 1 near, 2 overlapped-owned, 3 duplicate)  jdist (|p-J| / max t there)
     0  0.056  4.680476e+00  1.188892e-01 -1.448913e-02   1.556717e+07   1.881260e+06   5.518086e-08   8.296493e+03  -3.998824e+03   4.659140e+06   5.186279e-04  -1.586790e-04  -1.316635e-04   2.376374e-06  -1.145388e-06   5.648662e-04  -5.225699e-04  -3.770876e-04  -4.864344e-03     0  1.087094e+00
     0  0.167  4.679627e+00  1.153678e-01 -1.086685e-02   2.282169e+07  -4.002861e+05   7.217750e-08   1.571496e+04  -9.256102e+03   1.851314e+06   5.246353e-04  -1.610855e-04  -1.293792e-04   4.515792e-06  -2.648384e-06   5.670180e-04  -5.103757e-04  -3.879392e-04  -4.861728e-03     0  1.046591e+00
     0  0.278  4.678778e+00  1.118464e-01 -7.244567e-03   2.308052e+07  -4.143888e+05   6.076880e-08   9.800671e+03  -8.766185e+03   1.858339e+06   5.306427e-04  -1.634919e-04  -1.306437e-04   2.816285e-06  -2.508207e-06   5.691698e-04  -4.981815e-04  -3.987909e-04  -4.859113e-03     0  1.016674e+00
     0  0.389  4.677929e+00  1.083250e-01 -3.622283e-03   2.333934e+07  -4.284914e+05   5.471520e-08   4.261025e+03  -7.831255e+03   1.865365e+06   5.366501e-04  -1.658984e-04  -1.319082e-04   1.224432e-06  -2.240703e-06   5.713216e-04  -4.859873e-04  -4.096425e-04  -4.856497e-03     1  9.982925e-01
     0  0.500  4.677080e+00  1.048036e-01  0.000000e+00   2.359817e+07  -4.425941e+05   4.749745e-08  -9.039833e+02  -6.451313e+03   1.872391e+06   5.426575e-04  -1.683049e-04  -1.331727e-04  -2.597653e-07  -1.845869e-06   5.734734e-04  -4.737931e-04  -4.204942e-04  -4.853881e-03     1  9.920899e-01
     0  0.611  4.676231e+00  1.012822e-01  3.622283e-03   2.385700e+07  -4.566967e+05   4.167669e-08  -5.694352e+03  -4.626358e+03   1.879416e+06   5.486649e-04  -1.707114e-04  -1.344372e-04  -1.636308e-06  -1.323708e-06   5.756252e-04  -4.615989e-04  -4.313458e-04  -4.851265e-03     1  9.982925e-01
     0  0.722  4.675383e+00  9.776073e-02  7.244567e-03   2.411583e+07  -4.707994e+05   3.608875e-08  -1.011008e+04  -2.356391e+03   1.886442e+06   5.546723e-04  -1.731179e-04  -1.357016e-04  -2.905196e-06  -6.742178e-07   5.777771e-04  -4.494047e-04  -4.421975e-04  -4.848649e-03     0  1.016674e+00
     0  0.833  4.674534e+00  9.423932e-02  1.086685e-02   2.437466e+07  -4.849021e+05   2.700835e-08  -1.415118e+04   3.585883e+02   1.893468e+06   5.606797e-04  -1.755244e-04  -1.369661e-04  -4.066430e-06   1.026004e-07   5.799289e-04  -4.372105e-04  -4.530492e-04  -4.846033e-03     0  1.046591e+00
     0  0.944  4.673685e+00  9.071790e-02  1.448913e-02   1.696687e+07   1.969468e+06  -1.350418e-08  -1.001350e+04   1.376452e+03   4.801130e+06   5.666870e-04  -1.779309e-04  -1.421321e-04  -2.868179e-06   3.942589e-07   5.820807e-04  -4.250163e-04  -4.639008e-04  -4.843417e-03     0  1.087094e+00
     1  0.056  4.614035e+00  1.367225e-01 -1.448913e-02   1.436988e+07   1.738899e+06   3.911555e-08   2.673561e+03  -6.292605e+03   4.997038e+06   4.786985e-04  -1.463313e-04  -1.215765e-04   7.657913e-07  -1.802398e-06   6.058323e-04  -5.514755e-04  -3.123971e-04  -4.663947e-03     0  1.223592e+00
     1  0.167  4.613018e+00  1.332459e-01 -1.086685e-02   2.108082e+07  -3.681007e+05   6.635673e-08   5.237405e+03  -1.533981e+04   1.967954e+06   4.846054e-04  -1.486975e-04  -1.195450e-04   1.505001e-06  -4.389073e-06   6.027424e-04  -5.391514e-04  -3.229516e-04  -4.660860e-03     0  1.187753e+00
     1  0.278  4.612001e+00  1.297692e-01 -7.244567e-03   2.133532e+07  -3.819671e+05   5.634502e-08   3.543988e+03  -1.814785e+04   1.957865e+06   4.905124e-04  -1.510638e-04  -1.207884e-04   1.018387e-06  -5.192519e-06   5.996525e-04  -5.268273e-04  -3.335062e-04  -4.657773e-03     0  1.161477e+00
     1  0.389  4.610984e+00  1.262926e-01 -3.622283e-03   2.158982e+07  -3.958334e+05   5.005859e-08   1.844706e+03  -1.963276e+04   1.947777e+06   4.964193e-04  -1.534300e-04  -1.220317e-04   5.300879e-07  -5.617386e-06   5.965625e-04  -5.145032e-04  -3.440607e-04  -4.654686e-03     0  1.145422e+00
     1  0.500  4.609967e+00  1.228160e-01  0.000000e+00   2.184432e+07  -4.096998e+05   4.447065e-08   1.395567e+02  -1.979454e+04   1.937688e+06   5.023263e-04  -1.557962e-04  -1.232751e-04   4.010250e-08  -5.663673e-06   5.934726e-04  -5.021791e-04  -3.546152e-04  -4.651598e-03     0  1.140020e+00
     1  0.611  4.608951e+00  1.193393e-01  3.622283e-03   2.209882e+07  -4.235662e+05   3.934838e-08  -1.571459e+03  -1.863318e+04   1.927599e+06   5.082332e-04  -1.581624e-04  -1.245184e-04  -4.515686e-07  -5.331382e-06   5.903826e-04  -4.898550e-04  -3.651697e-04  -4.648511e-03     0  1.145422e+00
     1  0.722  4.607934e+00  1.158627e-01  7.244567e-03   2.235332e+07  -4.374325e+05   3.259629e-08  -3.288340e+03  -1.614869e+04   1.917511e+06   5.141402e-04  -1.605287e-04  -1.257618e-04  -9.449254e-07  -4.620512e-06   5.872927e-04  -4.775310e-04  -3.757242e-04  -4.645424e-03     0  1.161477e+00
     1  0.833  4.606917e+00  1.123861e-01  1.086685e-02   2.260782e+07  -4.512989e+05   2.468005e-08  -5.011089e+03  -1.234106e+04   1.907422e+06   5.200471e-04  -1.628949e-04  -1.270051e-04  -1.439968e-06  -3.531062e-06   5.842028e-04  -4.652069e-04  -3.862788e-04  -4.642337e-03     0  1.187753e+00
     1  0.944  4.605900e+00  1.089095e-01  1.448913e-02   1.574618e+07   1.825636e+06  -1.234002e-08  -3.721730e+03  -5.726446e+03   4.793146e+06   5.259541e-04  -1.652611e-04  -1.318701e-04  -1.066019e-06  -1.640233e-06   5.811128e-04  -4.528828e-04  -3.968333e-04  -4.639250e-03     0  1.223592e+00
     2  0.056  4.542593e+00  1.574565e-01 -1.448913e-02   1.300160e+07   1.576908e+06   3.143214e-08   2.833179e+03   2.070170e+02   5.181214e+06   4.330544e-04  -1.321772e-04  -1.100609e-04   8.115108e-07   5.929611e-08   6.281615e-04  -5.851775e-04  -2.400116e-04  -4.451683e-03     0  3.449998e+00
     2  0.167  4.541591e+00  1.539757e-01 -1.086685e-02   1.909632e+07  -3.309079e+05   6.123446e-08   5.542286e+03   9.907880e+02   2.030035e+06   4.389707e-04  -1.345455e-04  -1.083452e-04   1.592611e-06   2.834873e-07   6.217566e-04  -5.731532e-04  -2.504098e-04  -4.448688e-03     0  3.437143e+00
     2  0.278  4.540589e+00  1.504948e-01 -7.244567e-03   1.935123e+07  -3.447698e+05   5.238689e-08   3.738346e+03   2.029504e+03   2.009124e+06   4.448869e-04  -1.369139e-04  -1.095911e-04   1.074237e-06   5.806880e-07   6.153518e-04  -5.611289e-04  -2.608080e-04  -4.445694e-03     0  3.427844e+00
     2  0.389  4.539586e+00  1.470140e-01 -3.622283e-03   1.960613e+07  -3.586317e+05   4.610047e-08   1.933926e+03   2.844929e+03   1.988212e+06   4.508031e-04  -1.392823e-04  -1.108370e-04   5.557260e-07   8.139996e-07   6.089470e-04  -5.491045e-04  -2.712062e-04  -4.442700e-03     0  3.422129e+00
     2  0.500  4.538584e+00  1.435331e-01  0.000000e+00   1.986104e+07  -3.724936e+05   4.027970e-08   1.290285e+02   3.437061e+03   1.967300e+06   4.567193e-04  -1.416507e-04  -1.120829e-04   3.707716e-08   9.834222e-07   6.025422e-04  -5.370802e-04  -2.816044e-04  -4.439706e-03     0  3.420016e+00
     2  0.611  4.537581e+00  1.400523e-01  3.622283e-03   2.011595e+07  -3.863555e+05   3.527384e-08  -1.676348e+03   3.805900e+03   1.946388e+06   4.626355e-04  -1.440191e-04  -1.133288e-04  -4.817092e-07   1.088956e-06   5.961374e-04  -5.250559e-04  -2.920026e-04  -4.436711e-03     0  3.421512e+00
     2  0.722  4.536579e+00  1.365715e-01  7.244567e-03   2.037085e+07  -4.002174e+05   2.968591e-08  -3.482203e+03   3.951448e+03   1.925477e+06   4.685517e-04  -1.463875e-04  -1.145747e-04  -1.000633e-06   1.130600e-06   5.897325e-04  -5.130316e-04  -3.024008e-04  -4.433717e-03     0  3.426612e+00
     2  0.833  4.535577e+00  1.330906e-01  1.086685e-02   2.062576e+07  -4.140793e+05   2.328306e-08  -5.288537e+03   3.873704e+03   1.904565e+06   4.744679e-04  -1.487559e-04  -1.158206e-04  -1.519695e-06   1.108356e-06   5.833277e-04  -5.010073e-04  -3.127990e-04  -4.430723e-03     0  3.435300e+00
     2  0.944  4.534574e+00  1.296098e-01  1.448913e-02   1.438018e+07   1.664017e+06  -2.328306e-09  -3.920617e+03   2.279185e+03   4.758587e+06   4.803841e-04  -1.511243e-04  -1.203753e-04  -1.122987e-06   6.528297e-07   5.769229e-04  -4.889829e-04  -3.231972e-04  -4.427728e-03     0  3.447549e+00
     3  0.056  4.471102e+00  1.779453e-01 -1.448913e-02   1.164589e+07   1.416372e+06   2.176967e-08   2.809898e+03  -9.154562e+02   5.222887e+06   3.878300e-04  -1.181550e-04  -9.865040e-05   8.048425e-07  -2.622152e-07   6.332138e-04  -6.179091e-04  -1.703581e-04  -4.242422e-03     0  5.719036e+00
     3  0.167  4.470109e+00  1.744619e-01 -1.086685e-02   1.712990e+07  -2.940780e+05   5.483162e-08   5.497227e+03  -1.889781e+03   2.048584e+06   3.937518e-04  -1.205239e-04  -9.724699e-05   1.579663e-06  -5.407098e-07   6.274376e-04  -6.060776e-04  -1.805945e-04  -4.239502e-03     0  5.711066e+00
     3  0.278  4.469115e+00  1.709786e-01 -7.244567e-03   1.738506e+07  -3.079247e+05   4.644971e-08   3.708903e+03  -1.640641e+03   2.029724e+06   3.996736e-04  -1.228929e-04  -9.849471e-05   1.065777e-06  -4.694252e-07   6.216613e-04  -5.942461e-04  -1.908310e-04  -4.236583e-03     0  5.705249e+00
     3  0.389  4.468122e+00  1.674952e-01 -3.622283e-03   1.764021e+07  -3.217714e+05   4.109461e-08   1.919824e+03  -1.323211e+03   2.010865e+06   4.055954e-04  -1.252618e-04  -9.974243e-05   5.516735e-07  -3.786012e-07   6.158851e-04  -5.824146e-04  -2.010674e-04  -4.233663e-03     0  5.701592e+00
     3  0.500  4.467128e+00  1.640118e-01  0.000000e+00   1.789537e+07  -3.356181e+05   3.667083e-08   1.299889e+02  -9.374906e+02   1.992006e+06   4.115172e-04  -1.276308e-04  -1.009901e-04   3.735312e-08  -2.682376e-07   6.101089e-04  -5.705832e-04  -2.113039e-04  -4.230743e-03     0  5.700098e+00
     3  0.611  4.466135e+00  1.605285e-01  3.622283e-03   1.815052e+07  -3.494649e+05   3.224704e-08  -1.660602e+03  -4.834795e+02   1.973146e+06   4.174390e-04  -1.299998e-04  -1.022379e-04  -4.771844e-07  -1.383346e-07   6.043327e-04  -5.587517e-04  -2.215403e-04  -4.227824e-03     0  5.608922e+00
     3  0.722  4.465141e+00  1.570451e-01  7.244567e-03   1.840568e+07  -3.633116e+05   2.724119e-08  -3.451948e+03   3.882219e+01   1.954287e+06   4.233608e-04  -1.323687e-04  -1.034856e-04  -9.919390e-07   1.110792e-08   5.985565e-04  -5.469202e-04  -2.317768e-04  -4.224904e-03     0  5.498353e+00
     3  0.833  4.464147e+00  1.535617e-01  1.086685e-02   1.866083e+07  -3.771583e+05   2.025627e-08  -5.244050e+03   6.294144e+02   1.935428e+06   4.292826e-04  -1.347377e-04  -1.047333e-04  -1.506911e-06   1.800899e-07   5.927803e-04  -5.350887e-04  -2.420132e-04  -4.221984e-03     0  5.387806e+00
     3  0.944  4.463154e+00  1.500784e-01  1.448913e-02   1.302589e+07   1.503815e+06   1.164153e-10  -3.888117e+03   6.309460e+02   4.841739e+06   4.352043e-04  -1.371066e-04  -1.089797e-04  -1.113678e-06   1.807226e-07   5.870041e-04  -5.232572e-04  -2.522497e-04  -4.219065e-03     0  5.277283e+00
     4  0.056  4.399534e+00  1.982383e-01 -1.448913e-02   1.030007e+07   1.256999e+06   3.899913e-08   2.792020e+03  -6.219829e+02   5.283072e+06   3.429357e-04  -1.042356e-04  -8.732304e-05   7.997215e-07  -1.781553e-07   6.405106e-04  -6.493712e-04  -1.032618e-04  -4.036105e-03     0  6.561465e+00
     4  0.167  4.398552e+00  1.947518e-01 -1.086685e-02   1.517790e+07  -2.575233e+05   4.773028e-08   5.462765e+03  -1.199042e+03   2.072007e+06   3.488642e-04  -1.066054e-04  -8.622993e-05   1.569760e-06  -3.430736e-07   6.346117e-04  -6.377508e-04  -1.133376e-04  -4.033264e-03     0  6.450742e+00
     4  0.278  4.397569e+00  1.912654e-01 -7.244567e-03   1.543335e+07  -2.713542e+05   4.132744e-08   3.686590e+03  -8.630731e+02   2.052747e+06   3.547928e-04  -1.089752e-04  -8.747980e-05   1.059365e-06  -2.469451e-07   6.287128e-04  -6.261304e-04  -1.234135e-04  -4.030424e-03     0  6.340032e+00
     4  0.389  4.396586e+00  1.877790e-01 -3.622283e-03   1.568880e+07  -2.851851e+05   3.713649e-08   1.909337e+03  -5.112637e+02   2.033487e+06   3.607214e-04  -1.113450e-04  -8.872967e-05   5.486601e-07  -1.462843e-07   6.228139e-04  -6.145100e-04  -1.334894e-04  -4.027584e-03     0  6.229337e+00
     4  0.500  4.395603e+00  1.842925e-01  0.000000e+00   1.594426e+07  -2.990159e+05   3.201421e-08   1.310068e+02  -1.436140e+02   2.014227e+06   3.666499e-04  -1.137148e-04  -8.997954e-05   3.764563e-08  -4.109128e-08   6.169150e-04  -6.028895e-04  -1.435653e-04  -4.024744e-03     0  6.118657e+00
     4  0.611  4.394621e+00  1.808061e-01  3.622283e-03   1.619971e+07  -3.128468e+05   2.759043e-08  -1.648401e+03   2.398758e+02   1.994968e+06   3.725785e-04  -1.160846e-04  -9.122941e-05  -4.736784e-07   6.863400e-08   6.110161e-04  -5.912691e-04  -1.536412e-04  -4.021904e-03     0  6.007993e+00
     4  0.722  4.393638e+00  1.773197e-01  7.244567e-03   1.645517e+07  -3.266777e+05   2.398156e-08  -3.428886e+03   6.392059e+02   1.975708e+06   3.785071e-04  -1.184544e-04  -9.247927e-05  -9.853121e-07   1.828915e-07   6.051172e-04  -5.796487e-04  -1.637171e-04  -4.019064e-03     0  5.897345e+00
     4  0.833  4.392655e+00  1.738333e-01  1.086685e-02   1.671062e+07  -3.405086e+05   1.885928e-08  -5.210449e+03   1.054376e+03   1.956448e+06   3.844356e-04  -1.208241e-04  -9.372914e-05  -1.497255e-06   3.016813e-07   5.992183e-04  -5.680283e-04  -1.737930e-04  -4.016224e-03     0  5.786716e+00
     4  0.944  4.391672e+00  1.703468e-01  1.448913e-02   1.168179e+07   1.344826e+06   3.492460e-10  -3.863704e+03   8.094286e+02   4.893829e+06   3.903642e-04  -1.231939e-04  -9.766982e-05  -1.106685e-06   2.318456e-07   5.933194e-04  -5.564079e-04  -1.838689e-04  -4.013383e-03     0  5.676105e+00
     5  0.056  4.327949e+00  2.183930e-01 -1.448913e-02   8.961359e+06   1.098434e+06   2.444722e-08   2.781200e+03  -5.750196e+02   5.332011e+06   2.982793e-04  -9.039193e-05  -7.605497e-05   7.966223e-07  -1.647035e-07   6.464438e-04  -6.799135e-04  -3.853822e-05  -3.832922e-03     0  7.028577e+00
     5  0.167  4.326968e+00  2.149059e-01 -1.086685e-02   1.323599e+07  -2.211831e+05   4.237518e-08   5.441996e+03  -1.129597e+03   2.091444e+06   3.042092e-04  -9.276040e-05  -7.526937e-05   1.563792e-06  -3.232036e-07   6.405647e-04  -6.685094e-04  -4.844625e-05  -3.830136e-03     0  6.917837e+00
     5  0.278  4.325987e+00  2.114189e-01 -7.244567e-03   1.349151e+07  -2.349855e+05   3.632158e-08   3.673270e+03  -8.578624e+02   2.072248e+06   3.101391e-04  -9.512886e-05  -7.652023e-05   1.055537e-06  -2.454542e-07   6.346855e-04  -6.571052e-04  -5.835428e-05  -3.827349e-03     0  6.807110e+00
     5  0.389  4.325007e+00  2.079319e-01 -3.622283e-03   1.374703e+07  -2.487880e+05   3.236346e-08   1.903204e+03  -5.631256e+02   2.053053e+06   3.160689e-04  -9.749733e-05  -7.777110e-05   5.468976e-07  -1.611232e-07   6.288064e-04  -6.457011e-04  -6.826232e-05  -3.824563e-03     0  6.696395e+00
     5  0.500  4.324026e+00  2.044449e-01  0.000000e+00   1.400255e+07  -2.625905e+05   2.817251e-08   1.317976e+02  -2.453861e+02   2.033857e+06   3.219988e-04  -9.986579e-05  -7.902196e-05   3.787288e-08  -7.021063e-08   6.229272e-04  -6.342969e-04  -7.817035e-05  -3.821777e-03     0  6.585693e+00
     5  0.611  4.323046e+00  2.009578e-01  3.622283e-03   1.425807e+07  -2.763930e+05   2.398156e-08  -1.640948e+03   9.535591e+01   2.014662e+06   3.279287e-04  -1.022343e-04  -8.027283e-05  -4.715369e-07   2.728352e-08   6.170481e-04  -6.228928e-04  -8.807838e-05  -3.818990e-03     0  6.475006e+00
     5  0.722  4.322065e+00  1.974708e-01  7.244567e-03   1.451359e+07  -2.901955e+05   2.095476e-08  -3.415035e+03   4.591006e+02   1.995467e+06   3.338586e-04  -1.046027e-04  -8.152369e-05  -9.813318e-07   1.313593e-07   6.111689e-04  -6.114886e-04  -9.798642e-05  -3.816204e-03     0  6.364333e+00
     5  0.833  4.321084e+00  1.939838e-01  1.086685e-02   1.476911e+07  -3.039980e+05   1.746230e-08  -5.190461e+03   8.458479e+02   1.976271e+06   3.397885e-04  -1.069712e-04  -8.277456e-05  -1.491512e-06   2.420166e-07   6.052898e-04  -6.000844e-04  -1.078945e-04  -3.813418e-03     0  6.253675e+00
     5  0.944  4.320104e+00  1.904968e-01  1.448913e-02   1.034353e+07   1.186562e+06  -4.540198e-09  -3.849266e+03   6.730923e+02   4.944071e+06   3.457184e-04  -1.093397e-04  -8.640972e-05  -1.102550e-06   1.927946e-07   5.994106e-04  -5.886803e-04  -1.178025e-04  -3.810631e-03     0  6.143034e+00
     6  0.056  4.256324e+00  2.384862e-01 -1.448913e-02   7.625699e+06   9.402322e+05   2.596062e-08   2.776074e+03  -5.072318e+02   5.375459e+06   2.537245e-04  -7.657965e-05  -6.481258e-05   7.951541e-07  -1.452870e-07   6.517115e-04  -7.098437e-04   2.404539e-05  -3.632827e-03     0  6.276568e+00
     6  0.167  4.255348e+00  2.349979e-01 -1.086685e-02   1.129857e+07  -1.849250e+05   3.713649e-08   5.432174e+03  -1.007655e+03   2.108611e+06   2.596571e-04  -7.894726e-05  -6.433413e-05   1.560970e-06  -2.883132e-07   6.458226e-04  -6.986542e-04   1.430344e-05  -3.630100e-03     0  6.273309e+00
     6  0.278  4.254372e+00  2.315097e-01 -7.244567e-03   1.155421e+07  -1.987009e+05   3.119931e-08   3.666998e+03  -7.879940e+02   2.089384e+06   2.655898e-04  -8.131488e-05  -6.558633e-05   1.053735e-06  -2.254632e-07   6.399338e-04  -6.874646e-04   4.561481e-06  -3.627374e-03     0  6.270400e+00
     6  0.389  4.253395e+00  2.280214e-01 -3.622283e-03   1.180986e+07  -2.124767e+05   2.724119e-08   1.900346e+03  -5.431086e+02   2.070157e+06   2.715224e-04  -8.368249e-05  -6.683853e-05   5.460765e-07  -1.553959e-07   6.340449e-04  -6.762751e-04  -5.180474e-06  -3.624648e-03     0  6.267842e+00
     6  0.500  4.252419e+00  2.245332e-01  0.000000e+00   1.206551e+07  -2.262526e+05   2.421439e-08   1.322178e+02  -2.729986e+02   2.050930e+06   2.774550e-04  -8.605010e-05  -6.809072e-05   3.799363e-08  -7.811120e-08   6.281561e-04  -6.650855e-04  -1.492243e-05  -3.621921e-03     0  6.265635e+00
     6  0.611  4.251443e+00  2.210449e-01  3.622283e-03   1.232115e+07  -2.400285e+05   2.118759e-08  -1.637387e+03   2.233604e+01   2.031703e+06   2.833877e-04  -8.841771e-05  -6.934292e-05  -4.705134e-07   6.390855e-09   6.222672e-04  -6.538960e-04  -2.466438e-05  -3.619195e-03     0  6.263780e+00
     6  0.722  4.250467e+00  2.175566e-01  7.244567e-03   1.257680e+07  -2.538043e+05   1.816079e-08  -3.408467e+03   3.428954e+02   2.012475e+06   2.893203e-04  -9.078533e-05  -7.059512e-05  -9.794446e-07   9.811027e-08   6.163784e-04  -6.427064e-04  -3.440634e-05  -3.616469e-03     0  6.262276e+00
     6  0.833  4.249491e+00  2.140684e-01  1.086685e-02   1.283245e+07  -2.675802e+05   1.385342e-08  -5.181024e+03   6.886794e+02   1.993248e+06   2.952530e-04  -9.315294e-05  -7.184731e-05  -1.488800e-06   1.970470e-07   6.104896e-04  -6.315169e-04  -4.414829e-05  -3.613742e-03     0  6.261125e+00
     6  0.944  4.248514e+00  2.105801e-01  1.448913e-02   9.008655e+06   1.028696e+06   6.402843e-09  -3.842465e+03   5.620144e+02   4.986880e+06   3.011856e-04  -9.552055e-05  -7.517807e-05  -1.100602e-06   1.609784e-07   6.046007e-04  -6.203273e-04  -5.389025e-05  -3.611016e-03     0  6.260325e+00
     7  0.056  4.184697e+00  2.585455e-01 -1.448913e-02   6.291787e+06   7.822181e+05   2.223533e-08   2.777788e+03  -4.006343e+02   5.411898e+06   2.092284e-04  -6.278663e-05  -5.358458e-05   7.956451e-07  -1.147541e-07   6.561292e-04  -7.393029e-04   8.457024e-05  -3.435925e-03     0  5.315044e+00
     7  0.167  4.183719e+00  2.550576e-01 -1.086685e-02   9.363535e+06  -1.487256e+05   3.044261e-08   5.435923e+03  -7.876543e+02   2.123056e+06   2.151602e-04  -6.515203e-05  -5.341211e-05   1.562047e-06  -2.253660e-07   6.502469e-04  -7.283341e-04   7.499880e-05  -3.433243e-03     0  5.311176e+00
     7  0.278  4.182742e+00  2.515697e-01 -7.244567e-03   9.619156e+06  -1.624675e+05   2.590241e-08   3.670070e+03  -5.951357e+02   2.103850e+06   2.210921e-04  -6.751743e-05  -5.466487e-05   1.054618e-06  -1.702820e-07   6.443646e-04  -7.173653e-04   6.542735e-05  -3.430561e-03     0  5.307722e+00
     7  0.389  4.181764e+00  2.480818e-01 -3.622283e-03   9.874778e+06  -1.762093e+05   2.293382e-08   1.902427e+03  -3.847620e+02   2.084644e+06   2.270239e-04  -6.988283e-05  -5.591763e-05   5.466744e-07  -1.100893e-07   6.384822e-04  -7.063965e-04   5.585590e-05  -3.427878e-03     0  5.304681e+00
     7  0.500  4.180787e+00  2.445939e-01  0.000000e+00   1.013040e+07  -1.899512e+05   2.002344e-08   1.329932e+02  -1.565334e+02   2.065439e+06   2.329557e-04  -7.224822e-05  -5.717039e-05   3.821643e-08  -4.478782e-08   6.325999e-04  -6.954277e-04   4.628446e-05  -3.425196e-03     0  5.302054e+00
     7  0.611  4.179809e+00  2.411060e-01  3.622283e-03   1.038602e+07  -2.036931e+05   1.757871e-08  -1.638231e+03   8.955009e+01   2.046233e+06   2.388876e-04  -7.461362e-05  -5.842316e-05  -4.707560e-07   2.562234e-08   6.267176e-04  -6.844589e-04   3.671301e-05  -3.422514e-03     0  5.299843e+00
     7  0.722  4.178832e+00  2.376181e-01  7.244567e-03   1.064164e+07  -2.174349e+05   1.501758e-08  -3.411245e+03   3.534886e+02   2.027027e+06   2.448194e-04  -7.697902e-05  -5.967592e-05  -9.802429e-07   1.011412e-07   6.208353e-04  -6.734901e-04   2.714157e-05  -3.419831e-03     0  5.298047e+00
     7  0.833  4.177854e+00  2.341302e-01  1.086685e-02   1.089726e+07  -2.311768e+05   1.234002e-08  -5.186050e+03   6.352820e+02   2.007821e+06   2.507513e-04  -7.934442e-05  -6.092868e-05  -1.490244e-06   1.817688e-07   6.149529e-04  -6.625213e-04   1.757012e-05  -3.417149e-03     0  5.296667e+00
     7  0.944  4.176877e+00  2.306423e-01  1.448913e-02   7.674701e+06   8.709574e+05  -9.313226e-10  -3.846547e+03   5.029524e+02   5.023748e+06   2.566831e-04  -8.170982e-05  -6.395447e-05  -1.101771e-06   1.440613e-07   6.090706e-04  -6.515525e-04   7.998678e-06  -3.414466e-03     0  5.295703e+00
     8  0.056  4.113103e+00  2.786857e-01 -1.448913e-02   4.953786e+06   6.237084e+05   1.623994e-08   2.786630e+03  -4.384339e+02   5.444033e+06   1.645960e-04  -4.895201e-05  -4.232197e-05   7.981777e-07  -1.255811e-07   6.600252e-04  -7.687263e-04   1.433497e-04  -3.242321e-03     0  4.355129e+00
     8  0.167  4.112118e+00  2.751998e-01 -1.086685e-02   7.422426e+06  -1.124205e+05   2.322486e-08   5.453090e+03  -9.320082e+02   2.135588e+06   1.705236e-04  -5.131395e-05  -4.245561e-05   1.566980e-06  -2.666690e-07   6.540850e-04  -7.579810e-04   1.339528e-04  -3.239668e-03     0  4.350305e+00
     8  0.278  4.111134e+00  2.717138e-01 -7.244567e-03   7.677870e+06  -1.261228e+05   2.078013e-08   3.681366e+03  -8.565368e+02   2.116193e+06   1.764511e-04  -5.367589e-05  -4.370814e-05   1.057864e-06  -2.450749e-07   6.481449e-04  -7.472357e-04   1.245559e-04  -3.237014e-03     0  4.345984e+00
     8  0.389  4.110149e+00  2.682278e-01 -3.622283e-03   7.933315e+06  -1.398251e+05   1.885928e-08   1.907917e+03  -7.354042e+02   2.096798e+06   1.823787e-04  -5.603783e-05  -4.496067e-05   5.482520e-07  -2.104161e-07   6.422047e-04  -7.364904e-04   1.151590e-04  -3.234361e-03     0  4.342167e+00
     8  0.500  4.109165e+00  2.647419e-01  0.000000e+00   8.188759e+06  -1.535274e+05   1.641456e-08   1.327431e+02  -5.686104e+02   2.077404e+06   1.883062e-04  -5.839977e-05  -4.621320e-05   3.814457e-08  -1.626925e-07   6.362646e-04  -7.257451e-04   1.057621e-04  -3.231707e-03     0  4.338855e+00
     8  0.611  4.108181e+00  2.612559e-01  3.622283e-03   8.444203e+06  -1.672298e+05   1.437729e-08  -1.644156e+03  -3.561554e+02   2.058009e+06   1.942338e-04  -6.076171e-05  -4.746574e-05  -4.724586e-07  -1.019043e-07   6.303244e-04  -7.149997e-04   9.636519e-05  -3.229054e-03     0  4.336050e+00
     8  0.722  4.107196e+00  2.577699e-01  7.244567e-03   8.699647e+06  -1.809321e+05   1.216540e-08  -3.422780e+03  -9.803931e+01   2.038615e+06   2.001614e-04  -6.312365e-05  -4.871827e-05  -9.835575e-07  -2.805131e-08   6.243843e-04  -7.042544e-04   8.696830e-05  -3.226400e-03     0  4.333752e+00
     8  0.833  4.106212e+00  2.542839e-01  1.086685e-02   8.955091e+06  -1.946344e+05   9.604264e-09  -5.203129e+03   2.057380e+02   2.019220e+06   2.060889e-04  -6.548559e-05  -4.997080e-05  -1.495152e-06   5.886638e-08   6.184441e-04  -6.935091e-04   7.757141e-05  -3.223747e-03     0  4.331961e+00
     8  0.944  4.105228e+00  2.507980e-01  1.448913e-02   6.335832e+06   7.126484e+05   1.629815e-09  -3.859074e+03   2.564022e+02   5.052068e+06   2.120165e-04  -6.784753e-05  -5.268969e-05  -1.105359e-06   7.344158e-08   6.125040e-04  -6.827638e-04   6.817452e-05  -3.221094e-03     0  4.330680e+00
     9  0.056  4.041512e+00  2.989131e-01 -1.448913e-02   3.611273e+06   4.646872e+05   1.452281e-08   2.793791e+03   3.001924e+02   5.455709e+06   1.198128e-04  -3.506931e-05  -3.102177e-05   8.002289e-07   8.598445e-08   6.614407e-04  -7.981399e-04   2.003922e-04  -3.051925e-03     0  3.397677e+00
     9  0.167  4.040527e+00  2.954274e-01 -1.086685e-02   5.474916e+06  -7.597905e+04   1.856824e-08   5.466879e+03   8.815679e+02   2.141385e+06   1.257396e-04  -3.742923e-05  -3.146333e-05   1.570942e-06   2.522369e-07   6.558606e-04  -7.876245e-04   1.911652e-04  -3.049317e-03     0  3.391476e+00
     9  0.278  4.039541e+00  2.919417e-01 -7.244567e-03   5.730339e+06  -8.965006e+04   1.583248e-08   3.690276e+03   1.319811e+03   2.123166e+06   1.316665e-04  -3.978914e-05  -3.271640e-05   1.060424e-06   3.776283e-07   6.502806e-04  -7.771091e-04   1.819381e-04  -3.046708e-03     0  3.385915e+00
     9  0.389  4.038556e+00  2.884561e-01 -3.622283e-03   5.985762e+06  -1.033211e+05   1.408625e-08   1.912087e+03   1.643025e+03   2.104947e+06   1.375934e-04  -4.214906e-05  -3.396947e-05   5.494504e-07   4.701073e-07   6.447005e-04  -7.665937e-04   1.727110e-04  -3.044099e-03     0  3.380998e+00
     9  0.500  4.037570e+00  2.849704e-01  0.000000e+00   6.241185e+06  -1.169921e+05   1.239823e-08   1.323143e+02   1.851210e+03   2.086728e+06   1.435203e-04  -4.450897e-05  -3.522253e-05   3.802135e-08   5.296738e-07   6.391204e-04  -7.560783e-04   1.634840e-04  -3.041491e-03     0  3.376727e+00
     9  0.611  4.036585e+00  2.814847e-01  3.622283e-03   6.496608e+06  -1.306631e+05   1.082662e-08  -1.649043e+03   1.944366e+03   2.068509e+06   1.494472e-04  -4.686889e-05  -3.647560e-05  -4.738630e-07   5.563280e-07   6.335403e-04  -7.455629e-04   1.542569e-04  -3.038882e-03     0  3.373105e+00
     9  0.722  4.035600e+00  2.779991e-01  7.244567e-03   6.752031e+06  -1.443341e+05   9.313226e-09  -3.431986e+03   1.922494e+03   2.050290e+06   1.553741e-04  -4.922881e-05  -3.772867e-05  -9.862027e-07   5.500697e-07   6.279602e-04  -7.350475e-04   1.450299e-04  -3.036274e-03     0  3.370134e+00
     9  0.833  4.034614e+00  2.745134e-01  1.086685e-02   7.007454e+06  -1.580051e+05   7.159542e-09  -5.216512e+03   1.785592e+03   2.032071e+06   1.613010e-04  -5.158872e-05  -3.898174e-05  -1.498998e-06   5.108990e-07   6.223801e-04  -7.245321e-04   1.358028e-04  -3.033665e-03     0  3.367815e+00
     9  0.944  4.033629e+00  2.710277e-01  1.448913e-02   4.993295e+06   5.538834e+05   1.396984e-09  -3.868784e+03   1.009972e+03   5.087502e+06   1.672278e-04  -5.394864e-05  -4.139367e-05  -1.108140e-06   2.892875e-07   6.168000e-04  -7.140167e-04   1.265758e-04  -3.031057e-03     0  3.366150e+00
    10  0.056  3.969947e+00  3.191859e-01 -1.448913e-02   2.266485e+06   3.053920e+05   7.479684e-09   2.540646e+03  -6.399469e+02   5.468519e+06   7.495370e-05  -2.116338e-05  -1.970235e-05   7.277201e-07  -1.833007e-07   6.629938e-04  -8.277724e-04   2.555780e-04  -2.864785e-03     0  1.224570e+00
    10  0.167  3.968958e+00  3.157013e-01 -1.086685e-02   3.524038e+06  -3.947789e+04   1.228182e-08   4.959616e+03  -1.544251e+03   2.146676e+06   8.087828e-05  -2.352070e-05  -2.045197e-05   1.425177e-06  -4.418458e-07   6.574812e-04  -8.174249e-04   2.465226e-04  -2.862215e-03     0  1.188761e+00
    10  0.278  3.967969e+00  3.122167e-01 -7.244567e-03   3.779369e+06  -5.311512e+04   1.044828e-08   3.333698e+03  -1.820723e+03   2.128678e+06   8.680286e-05  -2.587801e-05  -2.170520e-05   9.579591e-07  -5.209507e-07   6.519686e-04  -8.070774e-04   2.374671e-04  -2.859645e-03     0  1.162508e+00
    10  0.389  3.966980e+00  3.087321e-01 -3.622283e-03   4.034700e+06  -6.675235e+04   9.546056e-09   1.716519e+03  -1.958530e+03   2.110679e+06   9.272743e-05  -2.823533e-05  -2.295843e-05   4.932526e-07  -5.603805e-07   6.464560e-04  -7.967299e-04   2.284116e-04  -2.857074e-03     0  1.146467e+00
    10  0.500  3.965991e+00  3.052474e-01  0.000000e+00   4.290031e+06  -8.038957e+04   8.381903e-09   1.080809e+02  -1.957672e+03   2.092680e+06   9.865201e-05  -3.059265e-05  -2.421166e-05   3.105772e-08  -5.601352e-07   6.409435e-04  -7.863824e-04   2.193561e-04  -2.854504e-03     0  1.141070e+00
    10  0.611  3.965002e+00  3.017628e-01  3.622283e-03   4.545362e+06  -9.402680e+04   7.392373e-09  -1.491617e+03  -1.818151e+03   2.074682e+06   1.045766e-04  -3.294996e-05  -2.546489e-05  -4.286256e-07  -5.202148e-07   6.354309e-04  -7.760349e-04   2.103006e-04  -2.851933e-03     0  1.146467e+00
    10  0.722  3.964012e+00  2.982782e-01  7.244567e-03   4.800693e+06  -1.076640e+05   6.344635e-09  -3.082575e+03  -1.539964e+03   2.056683e+06   1.105012e-04  -3.530728e-05  -2.671811e-05  -8.857974e-07  -4.406192e-07   6.299183e-04  -7.656874e-04   2.012451e-04  -2.849363e-03     0  1.162508e+00
    10  0.833  3.963023e+00  2.947936e-01  1.086685e-02   5.056024e+06  -1.213012e+05   4.889444e-09  -4.664793e+03  -1.123113e+03   2.038685e+06   1.164257e-04  -3.766459e-05  -2.797134e-05  -1.340458e-06  -3.213486e-07   6.244057e-04  -7.553398e-04   1.921896e-04  -2.846793e-03     0  1.188761e+00
    10  0.944  3.962034e+00  2.913090e-01  1.448913e-02   3.648095e+06   3.948079e+05   4.656613e-10  -3.449313e+03  -4.871813e+02   5.104766e+06   1.223503e-04  -4.002191e-05  -3.007533e-05  -9.879909e-07  -1.395439e-07   6.188931e-04  -7.449923e-04   1.831341e-04  -2.844222e-03     0  1.224570e+00
    11  0.056  3.894773e+00  3.346133e-01 -1.448913e-02   1.160142e+06   1.752377e+05   4.860340e-09   1.130199e+03  -1.972928e+03   5.572936e+06   3.803281e-05  -9.667920e-06  -1.040515e-05   3.237241e-07  -5.651082e-07   6.756532e-04  -8.424933e-04   2.965364e-04  -2.671594e-03     0  1.236290e+00
    11  0.167  3.894307e+00  3.310211e-01 -1.086685e-02   1.929820e+06  -9.004624e+03   7.552444e-09   2.199757e+03  -4.804321e+03   2.183861e+06   4.421463e-05  -1.211582e-05  -1.146740e-05   6.321142e-07  -1.374627e-06   6.688700e-04  -8.320920e-04   2.873797e-04  -2.670405e-03     0  1.200830e+00
    11  0.278  3.893840e+00  3.274290e-01 -7.244567e-03   2.196290e+06  -2.303466e+04   6.504706e-09   1.470849e+03  -4.980506e+03   2.161714e+06   5.039645e-05  -1.456373e-05  -1.277959e-05   4.226578e-07  -1.425038e-06   6.620869e-04  -8.216908e-04   2.782229e-04  -2.669217e-03     0  1.174847e+00
    11  0.389  3.893374e+00  3.238368e-01 -3.622283e-03   2.462760e+06  -3.706470e+04   5.777110e-09   7.513990e+02  -4.848475e+03   2.139567e+06   5.657827e-05  -1.701163e-05  -1.409178e-05   2.159193e-07  -1.387260e-06   6.553038e-04  -8.112895e-04   2.690662e-04  -2.668029e-03     0  1.158977e+00
    11  0.500  3.892908e+00  3.202446e-01  0.000000e+00   2.729229e+06  -5.109474e+04   5.151378e-09   4.140724e+01  -4.408226e+03   2.117420e+06   6.276010e-05  -1.945954e-05  -1.540396e-05   1.189863e-08  -1.261295e-06   6.485207e-04  -8.008883e-04   2.599095e-04  -2.666841e-03     0  1.153639e+00
    11  0.611  3.892442e+00  3.166524e-01  3.622283e-03   2.995699e+06  -6.512478e+04   4.540198e-09  -6.591262e+02  -3.659761e+03   2.095273e+06   6.894192e-05  -2.190744e-05  -1.671615e-05  -1.894041e-07  -1.047142e-06   6.417376e-04  -7.904871e-04   2.507528e-04  -2.665653e-03     0  1.158977e+00
    11  0.722  3.891976e+00  3.130603e-01  7.244567e-03   3.262169e+06  -7.915482e+04   3.929017e-09  -1.350201e+03  -2.603079e+03   2.073126e+06   7.512374e-05  -2.435534e-05  -1.802834e-05  -3.879889e-07  -7.448009e-07   6.349544e-04  -7.800858e-04   2.415961e-04  -2.664465e-03     0  1.174847e+00
    11  0.833  3.891510e+00  3.094681e-01  1.086685e-02   3.528638e+06  -9.318485e+04   3.230525e-09  -2.031818e+03  -1.238180e+03   2.050979e+06   8.130556e-05  -2.680325e-05  -1.934053e-05  -5.838558e-07  -3.542719e-07   6.281713e-04  -7.696846e-04   2.324394e-04  -2.663277e-03     0  1.200830e+00
    11  0.944  3.891044e+00  3.058759e-01  1.448913e-02   2.602628e+06   2.703186e+05  -1.309672e-09  -1.496675e+03  -1.506768e+02   5.125347e+06   8.748738e-05  -2.925115e-05  -2.126437e-05  -4.286944e-07  -4.315854e-08   6.213882e-04  -7.592833e-04   2.232827e-04  -2.662089e-03     0  1.236290e+00
    12  0.056  3.823118e+00  3.637903e-01 -3.427290e-02  -2.962772e+03   6.804925e+02   4.799858e-09   2.114568e+02  -1.007747e+04   8.990099e+04  -2.231664e-05   1.141615e-05   5.115510e-06   3.915866e-06  -1.866199e-04   1.664833e-03  -8.592232e-04   3.700817e-04  -2.490984e-03     1  6.553535e-01
    12  0.167  3.822032e+00  3.552912e-01 -2.570468e-02  -1.009233e+03   2.703691e+02   4.356991e-09   1.638883e+02  -7.963532e+03   8.894310e+04  -7.688346e-06   4.159426e-06   1.656093e-06   3.034969e-06  -1.474728e-04   1.647095e-03  -8.354254e-04   3.489003e-04  -2.488276e-03     1  5.857204e-01
    12  0.278  3.820945e+00  3.467922e-01 -1.713645e-02   9.443056e+02  -1.397543e+02   3.916170e-09   1.150929e+02  -5.843682e+03   8.798521e+04   6.939952e-06  -3.097302e-06  -1.803324e-06   2.131350e-06  -1.082163e-04   1.629356e-03  -8.116276e-04   3.277190e-04  -2.485568e-03     1  5.304150e-01
    12  0.389  3.819859e+00  3.382931e-01 -8.568226e-03   2.897845e+03  -5.498777e+02   3.473474e-09   6.507038e+01  -3.717923e+03   8.702732e+04   2.156825e-05  -1.035403e-05  -5.262741e-06   1.205007e-06  -6.885043e-05   1.611617e-03  -7.878298e-04   3.065376e-04  -2.482860e-03     1  4.942702e-01
    12  0.500  3.818772e+00  3.297941e-01  0.000000e+00   4.851384e+03  -9.600011e+02   3.030891e-09   1.382084e+01  -1.586255e+03   8.606943e+04   3.619655e-05  -1.761076e-05  -8.722159e-06   2.559415e-07  -2.937510e-05   1.593878e-03  -7.640320e-04   2.853563e-04  -2.480152e-03     1  4.816195e-01
    12  0.611  3.817685e+00  3.212951e-01  8.568226e-03   6.804923e+03  -1.370124e+03   2.586148e-09  -3.865573e+01   5.513217e+02   8.511154e+04   5.082485e-05  -2.486749e-05  -1.218158e-05  -7.158469e-07   1.020966e-05   1.576140e-03  -7.402343e-04   2.641749e-04  -2.477444e-03     1  4.942702e-01
    12  0.722  3.816599e+00  3.127960e-01  1.713645e-02   8.758462e+03  -1.780248e+03   2.141860e-09  -9.235935e+01   2.694808e+03   8.415365e+04   6.545314e-05  -3.212421e-05  -1.564099e-05  -1.710358e-06   4.990385e-05   1.558401e-03  -7.164365e-04   2.429936e-04  -2.474736e-03     1  5.304150e-01
    12  0.833  3.815512e+00  3.042970e-01  2.570468e-02   1.071200e+04  -2.190371e+03   1.698481e-09  -1.472900e+02   4.844203e+03   8.319576e+04   8.008144e-05  -3.938094e-05  -1.910041e-05  -2.727592e-06   8.970746e-05   1.540662e-03  -6.926387e-04   2.218122e-04  -2.472028e-03     1  5.857204e-01
    12  0.944  3.814425e+00  2.957979e-01  3.427290e-02   1.266554e+04  -2.600495e+03   1.254193e-09  -2.034477e+02   6.999507e+03   8.223787e+04   9.470974e-05  -4.663767e-05  -2.255983e-05  -3.767550e-06   1.296205e-04   1.522924e-03  -6.688409e-04   2.006309e-04  -2.469320e-03     1  6.553535e-01
    13  0.056  3.756035e+00  3.775447e-01 -3.427290e-02  -7.395254e+03   1.492630e+03  -5.764377e-09   4.805246e+02  -7.393455e+02   9.083359e+04  -5.524210e-05   2.705034e-05   1.323016e-05   8.898604e-06  -1.369158e-05   1.682104e-03  -8.003080e-04   4.023986e-04  -2.325488e-03     1  6.513877e-01
    13  0.167  3.753681e+00  3.693060e-01 -2.570468e-02  -5.523653e+03   1.103782e+03  -5.035645e-09   3.676543e+02  -4.914349e+02   8.985874e+04  -4.123650e-05   2.012657e-05   9.906716e-06   6.808413e-06  -9.100647e-06   1.664051e-03  -7.768002e-04   3.823696e-04  -2.319768e-03     1  5.812798e-01
    13  0.278  3.751328e+00  3.610672e-01 -1.713645e-02  -3.652053e+03   7.149329e+02  -4.305548e-09   2.532524e+02  -2.447387e+02   8.888388e+04  -2.723089e-05   1.320280e-05   6.583271e-06   4.689860e-06  -4.532199e-06   1.645998e-03  -7.532925e-04   3.623406e-04  -2.314047e-03     1  5.255072e-01
    13  0.389  3.748975e+00  3.528285e-01 -8.568226e-03  -1.780452e+03   3.260842e+02  -3.576247e-09   1.373190e+02   7.431287e-01   8.790903e+04  -1.322529e-05   6.279022e-06   3.259826e-06   2.542944e-06   1.376164e-08   1.627945e-03  -7.297848e-04   3.423116e-04  -2.308326e-03     1  4.889998e-01
    13  0.500  3.746622e+00  3.445897e-01  0.000000e+00   9.114817e+01  -6.276446e+01  -2.846512e-09   1.985397e+01   2.450106e+02   8.693417e+04   7.803168e-07  -6.447522e-07  -6.361934e-08   3.676661e-07   4.537234e-06   1.609892e-03  -7.062771e-04   3.222826e-04  -2.302605e-03     1  4.762091e-01
    13  0.611  3.744269e+00  3.363510e-01  8.568226e-03   1.962749e+03  -4.516131e+02  -2.116963e-09  -9.914262e+01   4.880637e+02   8.595932e+04   1.478592e-05  -7.568527e-06  -3.387064e-06  -1.835974e-06   9.038217e-06   1.591839e-03  -6.827694e-04   3.022535e-04  -2.296884e-03     1  4.889998e-01
    13  0.722  3.741915e+00  3.281122e-01  1.713645e-02   3.834349e+03  -8.404618e+02  -1.388116e-09  -2.196708e+02   7.299025e+02   8.498447e+04   2.879153e-05  -1.449230e-05  -6.710509e-06  -4.067977e-06   1.351671e-05   1.573786e-03  -6.592616e-04   2.822245e-04  -2.291164e-03     1  5.255072e-01
    13  0.833  3.739562e+00  3.198735e-01  2.570468e-02   5.705949e+03  -1.229310e+03  -6.580194e-10  -3.417305e+02   9.705269e+02   8.400961e+04   4.279713e-05  -2.141608e-05  -1.003395e-05  -6.328343e-06   1.797272e-05   1.555734e-03  -6.357539e-04   2.621955e-04  -2.285443e-03     1  5.812798e-01
    13  0.944  3.737209e+00  3.116347e-01  3.427290e-02   7.577550e+03  -1.618159e+03   7.321432e-11  -4.653218e+02   1.209937e+03   8.303476e+04   5.680274e-05  -2.833985e-05  -1.335740e-05  -8.617070e-06   2.240624e-05   1.537681e-03  -6.122462e-04   2.421665e-04  -2.279722e-03     1  6.513877e-01
    14  0.056  3.685429e+00  3.977197e-01 -3.427290e-02  -1.339123e+04   2.600378e+03  -1.938952e-08   5.334940e+02   2.581187e+03   9.068805e+04  -9.980205e-05   4.826342e-05   2.418665e-05   9.879519e-06   4.779976e-05   1.679408e-03  -7.548082e-04   4.481887e-04  -2.155173e-03     0  1.496027e+00
    14  0.167  3.683074e+00  3.894815e-01 -2.570468e-02  -1.151820e+04   2.216512e+03  -1.714761e-08   4.039254e+02   2.620958e+03   8.976977e+04  -8.579758e-05   4.137141e-05   2.084884e-05   7.480101e-06   4.853626e-05   1.662403e-03  -7.321128e-04   4.286487e-04  -2.149588e-03     0  1.466875e+00
    14  0.278  3.680719e+00  3.812433e-01 -1.713645e-02  -9.645173e+03   1.832645e+03  -1.489843e-08   2.737770e+02   2.649525e+03   8.885148e+04  -7.179312e-05   3.447939e-05   1.751103e-05   5.069945e-06   4.906527e-05   1.645398e-03  -7.094173e-04   4.091087e-04  -2.144002e-03     0  1.445697e+00
    14  0.389  3.678364e+00  3.730050e-01 -8.568226e-03  -7.772144e+03   1.448778e+03  -1.265244e-08   1.430487e+02   2.666887e+03   8.793320e+04  -5.778866e-05   2.758737e-05   1.417321e-05   2.649051e-06   4.938680e-05   1.628393e-03  -6.867219e-04   3.895687e-04  -2.138416e-03     0  1.432847e+00
    14  0.500  3.676009e+00  3.647668e-01  0.000000e+00  -5.899115e+03   1.064911e+03  -1.040439e-08   1.174062e+01   2.673045e+03   8.701491e+04  -4.378419e-05   2.069536e-05   1.083540e-05   2.174188e-07   4.950083e-05   1.611387e-03  -6.640264e-04   3.700287e-04  -2.132830e-03     0  1.428549e+00
    14  0.611  3.673654e+00  3.565286e-01  8.568226e-03  -4.026086e+03   6.810442e+02  -8.156121e-09  -1.201473e+02   2.667999e+03   8.609663e+04  -2.977973e-05   1.380334e-05   7.497589e-06  -2.224951e-06   4.940738e-05   1.594382e-03  -6.413310e-04   3.504887e-04  -2.127245e-03     0  1.432879e+00
    14  0.722  3.671299e+00  3.482903e-01  1.713645e-02  -2.153057e+03   2.971773e+02  -5.909101e-09  -2.526151e+02   2.651748e+03   8.517834e+04  -1.577527e-05   6.911325e-06   4.159776e-06  -4.678058e-06   4.910645e-05   1.577377e-03  -6.186356e-04   3.309487e-04  -2.121659e-03     0  1.445762e+00
    14  0.833  3.668944e+00  3.400521e-01  2.570468e-02  -2.800282e+02  -8.668955e+01  -3.662640e-09  -3.856628e+02   2.624293e+03   8.426005e+04  -1.770804e-06   1.930845e-08   8.219625e-07  -7.141903e-06   4.859802e-05   1.560371e-03  -5.959401e-04   3.114088e-04  -2.116073e-03     0  1.466970e+00
    14  0.944  3.666589e+00  3.318139e-01  3.427290e-02   1.593001e+03  -4.705564e+02  -1.414151e-09  -5.192903e+02   2.585634e+03   8.334177e+04   1.223366e-05  -6.872708e-06  -2.515851e-06  -9.616487e-06   4.788211e-05   1.543366e-03  -5.732447e-04   2.918688e-04  -2.110487e-03     0  1.496151e+00
    15  0.056  3.614824e+00  4.179045e-01 -3.427290e-02  -1.938948e+04   3.708556e+03  -3.302102e-08   5.336822e+02   1.418879e+03   9.035532e+04  -1.443789e-04   6.948460e-05   3.514727e-05   9.883004e-06   2.627554e-05   1.673247e-03  -7.098921e-04   4.913120e-04  -1.988602e-03     0  2.421913e+00
    15  0.167  3.612469e+00  4.096664e-01 -2.570468e-02  -1.751489e+04   3.329646e+03  -2.926299e-08   4.040641e+02   1.440918e+03   8.951507e+04  -1.303746e-04   6.262388e-05   3.179486e-05   7.482669e-06   2.668367e-05   1.657686e-03  -6.878734e-04   4.722578e-04  -1.983154e-03     0  2.404018e+00
    15  0.278  3.610114e+00  4.014282e-01 -1.713645e-02  -1.564031e+04   2.950737e+03  -2.549586e-08   2.738643e+02   1.456734e+03   8.867482e+04  -1.163704e-04   5.576317e-05   2.844246e-05   5.071561e-06   2.697656e-05   1.642126e-03  -6.658546e-04   4.532035e-04  -1.977707e-03     0  2.391159e+00
    15  0.389  3.607758e+00  3.931901e-01 -8.568226e-03  -1.376573e+04   2.571827e+03  -2.173238e-08   1.430828e+02   1.466328e+03   8.783457e+04  -1.023661e-04   4.890246e-05   2.509005e-05   2.649681e-06   2.715422e-05   1.626566e-03  -6.438359e-04   4.341493e-04  -1.972259e-03     0  2.383415e+00
    15  0.500  3.605403e+00  3.849519e-01  0.000000e+00  -1.189114e+04   2.192917e+03  -1.796525e-08   1.171957e+01   1.469699e+03   8.699431e+04  -8.836184e-05   4.204174e-05   2.173764e-05   2.170290e-07   2.721664e-05   1.611006e-03  -6.218172e-04   4.150950e-04  -1.966811e-03     0  2.380837e+00
    15  0.611  3.603048e+00  3.767138e-01  8.568226e-03  -1.001656e+04   1.814007e+03  -1.419858e-08  -1.202253e+02   1.466847e+03   8.615406e+04  -7.435758e-05   3.518103e-05   1.838523e-05  -2.226395e-06   2.716383e-05   1.595446e-03  -5.997985e-04   3.960407e-04  -1.961364e-03     0  2.383441e+00
    15  0.722  3.600693e+00  3.684757e-01  1.713645e-02  -8.141979e+03   1.435098e+03  -1.043281e-08  -2.527519e+02   1.457773e+03   8.531381e+04  -6.035333e-05   2.832032e-05   1.503283e-05  -4.680591e-06   2.699579e-05   1.579885e-03  -5.777798e-04   3.769865e-04  -1.955916e-03     0  2.391211e+00
    15  0.833  3.598337e+00  3.602375e-01  2.570468e-02  -6.267396e+03   1.056188e+03  -6.667506e-09  -3.858602e+02   1.442476e+03   8.447356e+04  -4.634907e-05   2.145961e-05   1.168042e-05  -7.145560e-06   2.671252e-05   1.564325e-03  -5.557611e-04   3.579322e-04  -1.950468e-03     0  2.404097e+00
    15  0.944  3.595982e+00  3.519994e-01  3.427290e-02  -4.392813e+03   6.772780e+02  -2.901061e-09  -5.195502e+02   1.420957e+03   8.363331e+04  -3.234481e-05   1.459889e-05   8.328013e-06  -9.621300e-06   2.631401e-05   1.548765e-03  -5.337424e-04   3.388780e-04  -1.945020e-03     0  2.422017e+00
    16  0.056  3.544236e+00  4.381029e-01 -3.427290e-02  -2.539062e+04   4.817263e+03  -4.665344e-08   5.339784e+02   7.599333e+02   9.014059e+04  -1.889772e-04   9.071599e-05   4.611320e-05   9.888489e-06   1.407284e-05   1.669270e-03  -6.653477e-04   5.317808e-04  -1.825788e-03     0  3.362450e+00
    16  0.167  3.541877e+00  4.298658e-01 -2.570468e-02  -2.351476e+04   4.443368e+03  -4.138474e-08   4.042782e+02   7.738188e+02   8.934506e+04  -1.749752e-04   8.388759e-05   4.274669e-05   7.486633e-06   1.432998e-05   1.654538e-03  -6.439318e-04   5.132122e-04  -1.820471e-03     0  3.349625e+00
    16  0.278  3.539518e+00  4.216287e-01 -1.713645e-02  -2.163890e+04   4.069472e+03  -3.609784e-08   2.739962e+02   7.842754e+02   8.854953e+04  -1.609733e-04   7.705920e-05   3.938018e-05   5.074003e-06   1.452362e-05   1.639806e-03  -6.225160e-04   4.946435e-04  -1.815153e-03     0  3.340449e+00
    16  0.389  3.537159e+00  4.133915e-01 -8.568226e-03  -1.976304e+04   3.695576e+03  -3.081914e-08   1.431323e+02   7.913032e+02   8.775399e+04  -1.469713e-04   7.023081e-05   3.601367e-05   2.650598e-06   1.465376e-05   1.625074e-03  -6.011001e-04   4.760749e-04  -1.809835e-03     0  3.334952e+00
    16  0.500  3.534800e+00  4.051544e-01  0.000000e+00  -1.788718e+04   3.321681e+03  -2.553315e-08   1.168661e+01   7.949022e+02   8.695846e+04  -1.329693e-04   6.340242e-05   3.264715e-05   2.164188e-07   1.472041e-05   1.610342e-03  -5.796842e-04   4.575062e-04  -1.804518e-03     0  3.333151e+00
    16  0.611  3.532441e+00  3.969173e-01  8.568226e-03  -1.601132e+04   2.947785e+03  -2.024535e-08  -1.203409e+02   7.950724e+02   8.616293e+04  -1.189673e-04   5.657403e-05   2.928064e-05  -2.228535e-06   1.472356e-05   1.595610e-03  -5.582683e-04   4.389375e-04  -1.799200e-03     0  3.335054e+00
    16  0.722  3.530082e+00  3.886802e-01  1.713645e-02  -1.413546e+04   2.573890e+03  -1.496028e-08  -2.529502e+02   7.918137e+02   8.536739e+04  -1.049653e-04   4.974564e-05   2.591413e-05  -4.684264e-06   1.466322e-05   1.580878e-03  -5.368524e-04   4.203689e-04  -1.793883e-03     0  3.340653e+00
    16  0.833  3.527723e+00  3.804431e-01  2.570468e-02  -1.225959e+04   2.199994e+03  -9.674295e-09  -3.861414e+02   7.851262e+02   8.457186e+04  -9.096331e-05   4.291725e-05   2.254762e-05  -7.150767e-06   1.453937e-05   1.566146e-03  -5.154365e-04   4.018002e-04  -1.788565e-03     0  3.349930e+00
    16  0.944  3.525364e+00  3.722060e-01  3.427290e-02  -1.038373e+04   1.826098e+03  -4.389221e-09  -5.199144e+02   7.750100e+02   8.377632e+04  -7.696133e-05   3.608886e-05   1.918111e-05  -9.628044e-06   1.435204e-05   1.551413e-03  -4.940207e-04   3.832315e-04  -1.783247e-03     0  3.362854e+00
    17  0.056  3.473642e+00  4.583207e-01 -3.427290e-02  -3.139639e+04   5.926845e+03  -6.030677e-08   5.341806e+02   3.929469e+02   8.998593e+04  -2.336100e-04   1.119639e-04   5.708752e-05   9.892233e-06   7.276794e-06   1.666406e-03  -6.210829e-04   5.696124e-04  -1.666665e-03     0  4.308229e+00
    17  0.167  3.471283e+00  4.500836e-01 -2.570468e-02  -2.951897e+04   5.557909e+03  -5.351103e-08   4.044181e+02   4.009261e+02   8.921638e+04  -2.196082e-04   1.051668e-04   5.370640e-05   7.489224e-06   7.424558e-06   1.652155e-03  -6.002240e-04   5.515249e-04  -1.661484e-03     0  4.298231e+00
    17  0.278  3.468923e+00  4.418466e-01 -1.713645e-02  -2.764155e+04   5.188973e+03  -4.670801e-08   2.740769e+02   4.070554e+02   8.844682e+04  -2.056064e-04   9.836971e-05   5.032529e-05   5.075498e-06   7.538063e-06   1.637904e-03  -5.793650e-04   5.334374e-04  -1.656304e-03     0  4.291088e+00
    17  0.389  3.466564e+00  4.336096e-01 -8.568226e-03  -2.576413e+04   4.820036e+03  -3.990681e-08   1.431570e+02   4.113347e+02   8.767727e+04  -1.916046e-04   9.157264e-05   4.694417e-05   2.651056e-06   7.617310e-06   1.623653e-03  -5.585060e-04   5.153499e-04  -1.651123e-03     0  4.286813e+00
    17  0.500  3.464205e+00  4.253726e-01  0.000000e+00  -2.388672e+04   4.451100e+03  -3.309924e-08   1.165842e+01   4.137641e+02   8.690772e+04  -1.776028e-04   8.477556e-05   4.356306e-05   2.158967e-07   7.662298e-06   1.609402e-03  -5.376470e-04   4.972623e-04  -1.645943e-03     0  4.285416e+00
    17  0.611  3.461846e+00  4.171356e-01  8.568226e-03  -2.200930e+04   4.082164e+03  -2.629167e-08  -1.204189e+02   4.143435e+02   8.613817e+04  -1.636010e-04   7.797848e-05   4.018194e-05  -2.229979e-06   7.673028e-06   1.595151e-03  -5.167881e-04   4.791748e-04  -1.640762e-03     0  4.286900e+00
    17  0.722  3.459487e+00  4.088985e-01  1.713645e-02  -2.013188e+04   3.713228e+03  -1.948774e-08  -2.530749e+02   4.130730e+02   8.536861e+04  -1.495992e-04   7.118141e-05   3.680083e-05  -4.686573e-06   7.649499e-06   1.580900e-03  -4.959291e-04   4.610873e-04  -1.635581e-03     0  4.291261e+00
    17  0.833  3.457127e+00  4.006615e-01  2.570468e-02  -1.825446e+04   3.344291e+03  -1.268199e-08  -3.863097e+02   4.099524e+02   8.459906e+04  -1.355974e-04   6.438433e-05   3.341971e-05  -7.153883e-06   7.591712e-06   1.566649e-03  -4.750701e-04   4.429998e-04  -1.630401e-03     0  4.298490e+00
    17  0.944  3.454768e+00  3.924245e-01  3.427290e-02  -1.637705e+04   2.975355e+03  -5.873517e-09  -5.201231e+02   4.049819e+02   8.382951e+04  -1.215956e-04   5.758725e-05   3.003860e-05  -9.631910e-06   7.499666e-06   1.552398e-03  -4.542111e-04   4.249123e-04  -1.625220e-03     0  4.308574e+00
    18  0.056  3.403057e+00  4.785389e-01 -3.427290e-02  -3.740209e+04   7.036418e+03  -7.395283e-08   5.341129e+02   1.823571e+02   8.985865e+04  -2.782423e-04   1.332116e-04   6.806173e-05   9.890980e-06   3.376983e-06   1.664049e-03  -5.769982e-04   6.047684e-04  -1.511243e-03     0  5.256238e+00
    18  0.167  3.400698e+00  4.703020e-01 -2.570468e-02  -3.552312e+04   6.672441e+03  -6.563823e-08   4.043615e+02   1.887086e+02   8.910456e+04  -2.642407e-04   1.264458e-04   6.466602e-05   7.488176e-06   3.494603e-06   1.650084e-03  -5.566710e-04   5.871598e-04  -1.506199e-03     0  5.248051e+00
    18  0.278  3.398338e+00  4.620651e-01 -1.713645e-02  -3.364415e+04   6.308465e+03  -5.731999e-08   2.740353e+02   1.940878e+02   8.835046e+04  -2.502391e-04   1.196800e-04   6.127031e-05   5.074727e-06   3.594218e-06   1.636120e-03  -5.363439e-04   5.695512e-04  -1.501155e-03     0  5.242206e+00
    18  0.389  3.395979e+00  4.538281e-01 -8.568226e-03  -3.176518e+04   5.944488e+03  -4.900357e-08   1.431342e+02   1.984948e+02   8.759636e+04  -2.362376e-04   1.129143e-04   5.787459e-05   2.650634e-06   3.675829e-06   1.622155e-03  -5.160168e-04   5.519425e-04  -1.496111e-03     0  5.238712e+00
    18  0.500  3.393619e+00  4.455912e-01  0.000000e+00  -2.988621e+04   5.580512e+03  -4.067442e-08   1.165833e+01   2.019295e+02   8.684226e+04  -2.222360e-04   1.061485e-04   5.447888e-05   2.158950e-07   3.739435e-06   1.608190e-03  -4.956897e-04   5.343339e-04  -1.491066e-03     0  5.237573e+00
    18  0.611  3.391259e+00  4.373543e-01  8.568226e-03  -2.800724e+04   5.216535e+03  -3.234709e-08  -1.203924e+02   2.043920e+02   8.608816e+04  -2.082344e-04   9.938279e-05   5.108317e-05  -2.229488e-06   3.785037e-06   1.594225e-03  -4.753625e-04   5.167253e-04  -1.486022e-03     0  5.238791e+00
    18  0.722  3.388900e+00  4.291174e-01  1.713645e-02  -2.612827e+04   4.852558e+03  -2.401976e-08  -2.530179e+02   2.058823e+02   8.533406e+04  -1.942328e-04   9.261704e-05   4.768746e-05  -4.685516e-06   3.812635e-06   1.580260e-03  -4.550354e-04   4.991166e-04  -1.480978e-03     0  5.242365e+00
    18  0.833  3.386540e+00  4.208804e-01  2.570468e-02  -2.424930e+04   4.488582e+03  -1.569060e-08  -3.862182e+02   2.064003e+02   8.457997e+04  -1.802312e-04   8.585129e-05   4.429174e-05  -7.152189e-06   3.822228e-06   1.566296e-03  -4.347083e-04   4.815080e-04  -1.475934e-03     0  5.248289e+00
    18  0.944  3.384181e+00  4.126435e-01  3.427290e-02  -2.237033e+04   4.124605e+03  -7.354174e-09  -5.199934e+02   2.059461e+02   8.382587e+04  -1.662297e-04   7.908553e-05   4.089603e-05  -9.629507e-06   3.813817e-06   1.552331e-03  -4.143811e-04   4.638994e-04  -1.470890e-03     0  5.256555e+00
    19  0.056  3.332459e+00  4.987461e-01 -3.427290e-02  -4.340547e+04   8.145570e+03  -8.761162e-08   5.338280e+02   6.121002e+01   8.974083e+04  -3.228573e-04   1.544511e-04   7.903166e-05   9.885704e-06   1.133519e-06   1.661867e-03  -5.330280e-04   6.372301e-04  -1.359458e-03     0  6.205631e+00
    19  0.167  3.330103e+00  4.905082e-01 -2.570468e-02  -4.152461e+04   7.786484e+03  -7.776362e-08   4.041529e+02   6.506371e+01   8.899616e+04  -3.088534e-04   1.477154e-04   7.562076e-05   7.484313e-06   1.204884e-06   1.648077e-03  -5.132177e-04   6.200958e-04  -1.354558e-03     0  6.198653e+00
    19  0.278  3.327747e+00  4.822702e-01 -1.713645e-02  -3.964376e+04   7.427399e+03  -6.792288e-08   2.739044e+02   6.847619e+01   8.825148e+04  -2.948496e-04   1.409798e-04   7.220986e-05   5.072304e-06   1.268078e-06   1.634287e-03  -4.934073e-04   6.029615e-04  -1.349657e-03     0  6.193661e+00
    19  0.389  3.325391e+00  4.740323e-01 -8.568226e-03  -3.776290e+04   7.068314e+03  -5.808215e-08   1.430826e+02   7.144747e+01   8.750680e+04  -2.808458e-04   1.342441e-04   6.879896e-05   2.649677e-06   1.323101e-06   1.620496e-03  -4.735970e-04   5.858272e-04  -1.344757e-03     0  6.190659e+00
    19  0.500  3.323035e+00  4.657943e-01  0.000000e+00  -3.588205e+04   6.709229e+03  -4.823596e-08   1.168738e+01   7.397753e+01   8.676212e+04  -2.668419e-04   1.275085e-04   6.538806e-05   2.164329e-07   1.369954e-06   1.606706e-03  -4.537867e-04   5.686929e-04  -1.339857e-03     0  6.189651e+00
    19  0.611  3.320679e+00  4.575564e-01  8.568226e-03  -3.400119e+04   6.350144e+03  -3.838431e-08  -1.202812e+02   7.606639e+01   8.601745e+04  -2.528381e-04   1.207728e-04   6.197716e-05  -2.227429e-06   1.408637e-06   1.592916e-03  -4.339763e-04   5.515586e-04  -1.334957e-03     0  6.190637e+00
    19  0.722  3.318323e+00  4.493184e-01  1.713645e-02  -3.212034e+04   5.991059e+03  -2.854358e-08  -2.528231e+02   7.771404e+01   8.527277e+04  -2.388342e-04   1.140372e-04   5.856626e-05  -4.681909e-06   1.439149e-06   1.579125e-03  -4.141660e-04   5.344243e-04  -1.330056e-03     0  6.193617e+00
    19  0.833  3.315967e+00  4.410805e-01  2.570468e-02  -3.023948e+04   5.631973e+03  -1.870103e-08  -3.859384e+02   7.892049e+01   8.452809e+04  -2.248304e-04   1.073015e-04   5.515535e-05  -7.147007e-06   1.461490e-06   1.565335e-03  -3.943556e-04   5.172900e-04  -1.325156e-03     0  6.198587e+00
    19  0.944  3.313611e+00  4.328425e-01  3.427290e-02  -2.835863e+04   5.272888e+03  -8.847564e-09  -5.196270e+02   7.968572e+01   8.378341e+04  -2.108266e-04   1.005658e-04   5.174445e-05  -9.622723e-06   1.475662e-06   1.551545e-03  -3.745453e-04   5.001557e-04  -1.320256e-03     0  6.205543e+00
    20  0.056  3.261863e+00  5.189316e-01 -3.427290e-02  -4.940371e+04   9.253754e+03  -1.012195e-07   5.335302e+02  -8.614124e+00   8.962217e+04  -3.674341e-04   1.756723e-04   8.999225e-05   9.880189e-06  -1.595208e-07   1.659670e-03  -4.891498e-04   6.669805e-04  -1.211326e-03     0  7.155666e+00
    20  0.167  3.259508e+00  5.106934e-01 -2.570468e-02  -4.752119e+04   8.899603e+03  -8.987809e-08   4.039426e+02  -5.004804e+00   8.888341e+04  -3.534297e-04   1.689675e-04   8.656657e-05   7.480418e-06  -9.268156e-08   1.645989e-03  -4.698467e-04   6.503201e-04  -1.206564e-03     0  7.149603e+00
    20  0.278  3.257153e+00  5.024551e-01 -1.713645e-02  -4.563867e+04   8.545452e+03  -7.852213e-08   2.737782e+02  -1.549636e+00   8.814465e+04  -3.394252e-04   1.622628e-04   8.314088e-05   5.069967e-06  -2.869697e-08   1.632308e-03  -4.505436e-04   6.336596e-04  -1.201801e-03     0  7.145263e+00
    20  0.389  3.254798e+00  4.942169e-01 -8.568226e-03  -4.375615e+04   8.191301e+03  -6.716800e-08   1.430372e+02   1.751380e+00   8.740589e+04  -3.254207e-04   1.555580e-04   7.971519e-05   2.648837e-06   3.243296e-08   1.618628e-03  -4.312406e-04   6.169991e-04  -1.197039e-03     0  7.142649e+00
    20  0.500  3.252443e+00  4.859787e-01  0.000000e+00  -4.187364e+04   7.837150e+03  -5.579932e-08   1.171947e+01   4.898244e+00   8.666713e+04  -3.114163e-04   1.488533e-04   7.628950e-05   2.170273e-07   9.070822e-08   1.604947e-03  -4.119375e-04   6.003386e-04  -1.192276e-03     0  7.141763e+00
    20  0.611  3.250088e+00  4.777404e-01  8.568226e-03  -3.999112e+04   7.483000e+03  -4.443245e-08  -1.201749e+02   7.890956e+00   8.592838e+04  -2.974118e-04   1.421485e-04   7.286381e-05  -2.225462e-06   1.461288e-07   1.591266e-03  -3.926344e-04   5.836781e-04  -1.187513e-03     0  7.142605e+00
    20  0.722  3.247733e+00  4.695022e-01  1.713645e-02  -3.810860e+04   7.128849e+03  -3.306377e-08  -2.526460e+02   1.072952e+01   8.518962e+04  -2.834074e-04   1.354438e-04   6.943812e-05  -4.678630e-06   1.986947e-07   1.577586e-03  -3.733314e-04   5.670177e-04  -1.182751e-03     0  7.145176e+00
    20  0.833  3.245378e+00  4.612640e-01  2.570468e-02  -3.622608e+04   6.774698e+03  -2.169872e-08  -3.856938e+02   1.341392e+01   8.445086e+04  -2.694029e-04   1.287390e-04   6.601243e-05  -7.142478e-06   2.484060e-07   1.563905e-03  -3.540283e-04   5.503572e-04  -1.177988e-03     0  7.149472e+00
    20  0.944  3.243023e+00  4.530258e-01  3.427290e-02  -3.434356e+04   6.420547e+03  -1.032458e-08  -5.193183e+02   1.594418e+01   8.371210e+04  -2.553985e-04   1.220343e-04   6.258674e-05  -9.617006e-06   2.952626e-07   1.550224e-03  -3.347252e-04   5.336967e-04  -1.173225e-03     0  7.155492e+00
    21  0.056  3.191273e+00  5.391105e-01 -3.427290e-02  -5.540031e+04   1.036163e+04  -1.148364e-07   5.332734e+02  -5.427969e+01   8.949730e+04  -4.119987e-04   1.968876e-04   1.009499e-04   9.875434e-06  -1.005179e-06   1.657357e-03  -4.454029e-04   6.940610e-04  -1.066836e-03     0  8.106093e+00
    21  0.167  3.188918e+00  5.308722e-01 -2.570468e-02  -5.351620e+04   1.001243e+04  -1.019835e-07   4.037441e+02  -4.992519e+01   8.876249e+04  -3.979942e-04   1.902140e-04   9.750952e-05   7.476742e-06  -9.245405e-07   1.643750e-03  -4.266021e-04   6.778727e-04  -1.062208e-03     0  8.100741e+00
    21  0.278  3.186563e+00  5.226340e-01 -1.713645e-02  -5.163210e+04   9.663225e+03  -8.911593e-08   2.736451e+02  -4.555147e+01   8.802768e+04  -3.839897e-04   1.835405e-04   9.406918e-05   5.067503e-06  -8.435457e-07   1.630142e-03  -4.078013e-04   6.616844e-04  -1.057581e-03     0  8.096910e+00
    21  0.389  3.184208e+00  5.143958e-01 -8.568226e-03  -4.974800e+04   9.314024e+03  -7.624112e-08   1.429767e+02  -4.115852e+01   8.729288e+04  -3.699852e-04   1.768669e-04   9.062885e-05   2.647716e-06  -7.621948e-07   1.616535e-03  -3.890005e-04   6.454961e-04  -1.052953e-03     0  8.094603e+00
    21  0.500  3.181853e+00  5.061575e-01  0.000000e+00  -4.786389e+04   8.964822e+03  -6.335722e-08   1.173867e+01  -3.674635e+01   8.655807e+04  -3.559808e-04   1.701933e-04   8.718852e-05   2.173827e-07  -6.804879e-07   1.602927e-03  -3.701996e-04   6.293078e-04  -1.048326e-03     0  8.063365e+00
    21  0.611  3.179498e+00  4.979193e-01  8.568226e-03  -4.597979e+04   8.615621e+03  -5.046968e-08  -1.200689e+02  -3.231495e+01   8.582326e+04  -3.419763e-04   1.635198e-04   8.374818e-05  -2.223498e-06  -5.984250e-07   1.589320e-03  -3.513988e-04   6.131195e-04  -1.043698e-03     0  7.967184e+00
    21  0.722  3.177143e+00  4.896810e-01  1.713645e-02  -4.409569e+04   8.266420e+03  -3.758942e-08  -2.524460e+02  -2.786432e+01   8.508845e+04  -3.279718e-04   1.568462e-04   8.030785e-05  -4.674926e-06  -5.160060e-07   1.575712e-03  -3.325980e-04   5.969311e-04  -1.039070e-03     0  7.871396e+00
    21  0.833  3.174788e+00  4.814428e-01  2.570468e-02  -4.221158e+04   7.917219e+03  -2.471097e-08  -3.853926e+02  -2.339447e+01   8.435364e+04  -3.139673e-04   1.501726e-04   7.686751e-05  -7.136901e-06  -4.332310e-07   1.562104e-03  -3.137972e-04   5.807428e-04  -1.034443e-03     0  7.776016e+00
    21  0.944  3.172433e+00  4.732046e-01  3.427290e-02  -4.032748e+04   7.568017e+03  -1.181797e-08  -5.189088e+02  -1.890540e+01   8.361883e+04  -2.999629e-04   1.434991e-04   7.342718e-05  -9.609423e-06  -3.501000e-07   1.548497e-03  -2.949964e-04   5.645545e-04  -1.029815e-03     0  7.681059e+00
    22  0.056  3.120653e+00  5.592605e-01 -3.427290e-02  -6.139070e+04   1.146837e+04  -1.284534e-07   5.325713e+02  -7.224837e+01   8.936235e+04  -4.565172e-04   2.180812e-04   1.118961e-04   9.862431e-06  -1.337933e-06   1.654858e-03  -4.017485e-04   7.184361e-04  -9.259036e-04     0  8.942912e+00
    22  0.167  3.118306e+00  5.510200e-01 -2.570468e-02  -5.950434e+04   1.112398e+04  -1.140834e-07   4.032306e+02  -6.960195e+01   8.863032e+04  -4.425077e-04   2.114363e-04   1.084399e-04   7.467233e-06  -1.288925e-06   1.641302e-03  -3.834426e-04   7.027134e-04  -9.214258e-04     0  8.850656e+00
    22  0.278  3.115959e+00  5.427794e-01 -1.713645e-02  -5.761798e+04   1.077959e+04  -9.969153e-08   2.733237e+02  -6.683456e+01   8.789828e+04  -4.284981e-04   2.047914e-04   1.049837e-04   5.061549e-06  -1.237677e-06   1.627746e-03  -3.651368e-04   6.869906e-04  -9.169479e-04     0  8.758837e+00
    22  0.389  3.113612e+00  5.345389e-01 -8.568226e-03  -5.573161e+04   1.043520e+04  -8.530697e-08   1.428506e+02  -6.394623e+01   8.716625e+04  -4.144885e-04   1.981465e-04   1.015275e-04   2.645381e-06  -1.184189e-06   1.614190e-03  -3.468309e-04   6.712679e-04  -9.124701e-04     0  8.667470e+00
    22  0.500  3.111265e+00  5.262984e-01  0.000000e+00  -5.384525e+04   1.009081e+04  -7.090421e-08   1.181132e+01  -6.093694e+01   8.643421e+04  -4.004790e-04   1.915016e-04   9.807135e-05   2.187282e-07  -1.128462e-06   1.600634e-03  -3.285251e-04   6.555452e-04  -9.079923e-04     0  8.576569e+00
    22  0.611  3.108918e+00  5.180578e-01  8.568226e-03  -5.195888e+04   9.746416e+03  -5.650872e-08  -1.197941e+02  -5.780670e+01   8.570218e+04  -3.864694e-04   1.848567e-04   9.461517e-05  -2.218409e-06  -1.070494e-06   1.587077e-03  -3.102193e-04   6.398225e-04  -9.035145e-04     0  8.486149e+00
    22  0.722  3.106571e+00  5.098173e-01  1.713645e-02  -5.007252e+04   9.402025e+03  -4.209869e-08  -2.519657e+02  -5.455551e+01   8.497014e+04  -3.724598e-04   1.782118e-04   9.115899e-05  -4.666031e-06  -1.010287e-06   1.573521e-03  -2.919134e-04   6.240998e-04  -8.990366e-04     0  8.396226e+00
    22  0.833  3.104224e+00  5.015767e-01  2.570468e-02  -4.818615e+04   9.057633e+03  -2.770685e-08  -3.847035e+02  -5.118336e+01   8.423810e+04  -3.584503e-04   1.715670e-04   8.770280e-05  -7.124138e-06  -9.478399e-07   1.559965e-03  -2.736076e-04   6.083771e-04  -8.945588e-04     0  8.306815e+00
    22  0.944  3.101878e+00  4.933362e-01  3.427290e-02  -4.629979e+04   8.713242e+03  -1.328590e-08  -5.180074e+02  -4.769025e+01   8.350607e+04  -3.444407e-04   1.649221e-04   8.424662e-05  -9.592730e-06  -8.831528e-07   1.546409e-03  -2.553017e-04   5.926543e-04  -8.900810e-04     0  8.217935e+00
    23  0.056  3.050034e+00  5.793586e-01 -3.427290e-02  -6.736893e+04   1.257283e+04  -1.420376e-07   5.318710e+02  -8.181551e+01   8.921466e+04  -5.009452e-04   2.392313e-04   1.228202e-04   9.849462e-06  -1.515102e-06   1.652123e-03  -3.581325e-04   7.400667e-04  -7.885776e-04     0  9.503748e+00
    23  0.167  3.047690e+00  5.711171e-01 -2.570468e-02  -6.548073e+04   1.223333e+04  -1.261578e-07   4.027365e+02  -7.821990e+01   8.848486e+04  -4.869337e-04   2.326167e-04   1.193489e-04   7.458083e-06  -1.448517e-06   1.638609e-03  -3.403229e-04   7.248104e-04  -7.842388e-04     0  9.416964e+00
    23  0.278  3.045346e+00  5.628757e-01 -1.713645e-02  -6.359253e+04   1.189383e+04  -1.102562e-07   2.730286e+02  -7.447899e+01   8.775507e+04  -4.729222e-04   2.260020e-04   1.158776e-04   5.056085e-06  -1.379240e-06   1.625094e-03  -3.225133e-04   7.095541e-04  -7.799000e-04     0  9.330695e+00
    23  0.389  3.043002e+00  5.546343e-01 -8.568226e-03  -6.170432e+04   1.155433e+04  -9.435826e-08   1.427473e+02  -7.059277e+01   8.702527e+04  -4.589107e-04   2.193873e-04   1.124064e-04   2.643468e-06  -1.307273e-06   1.611579e-03  -3.047037e-04   6.942979e-04  -7.755612e-04     0  9.244957e+00
    23  0.500  3.040658e+00  5.463929e-01  0.000000e+00  -5.981612e+04   1.121483e+04  -7.843482e-08   1.189249e+01  -6.656124e+01   8.629547e+04  -4.448992e-04   2.127726e-04   1.089351e-04   2.202314e-07  -1.232616e-06   1.598064e-03  -2.868942e-04   6.790416e-04  -7.712224e-04     0  9.159764e+00
    23  0.611  3.038315e+00  5.381515e-01  8.568226e-03  -5.792792e+04   1.087533e+04  -6.251867e-08  -1.195357e+02  -6.238441e+01   8.556567e+04  -4.308877e-04   2.061579e-04   1.054638e-04  -2.213624e-06  -1.155267e-06   1.584549e-03  -2.690846e-04   6.637854e-04  -7.668836e-04     0  9.075132e+00
    23  0.722  3.035971e+00  5.299100e-01  1.713645e-02  -5.603971e+04   1.053583e+04  -4.660615e-08  -2.515373e+02  -5.806228e+01   8.483587e+04  -4.168762e-04   1.995432e-04   1.019926e-04  -4.658098e-06  -1.075227e-06   1.571035e-03  -2.512750e-04   6.485291e-04  -7.625448e-04     0  8.985257e+00
    23  0.833  3.033627e+00  5.216686e-01  2.570468e-02  -5.415151e+04   1.019632e+04  -3.071182e-08  -3.841123e+02  -5.359483e+01   8.410607e+04  -4.028647e-04   1.929285e-04   9.852130e-05  -7.113192e-06  -9.924969e-07   1.557520e-03  -2.334654e-04   6.332729e-04  -7.582060e-04     0  8.883028e+00
    23  0.944  3.031283e+00  5.134272e-01  3.427290e-02  -5.226331e+04   9.856824e+03  -1.479930e-08  -5.172608e+02  -4.898209e+01   8.337627e+04  -3.888532e-04   1.863138e-04   9.505004e-05  -9.578904e-06  -9.070757e-07   1.544005e-03  -2.156558e-04   6.180166e-04  -7.538672e-04     0  8.781016e+00
    24  0.056  2.979418e+00  5.994397e-01 -3.427290e-02  -7.334313e+04   1.367652e+04  -1.556145e-07   5.314681e+02  -9.193266e+01   8.905391e+04  -5.453433e-04   2.603672e-04   1.337369e-04   9.842002e-06  -1.702457e-06   1.649147e-03  -3.146606e-04   7.590327e-04  -6.548386e-04     0  9.989189e+00
    24  0.167  2.977075e+00  5.911982e-01 -2.570468e-02  -7.145332e+04   1.334196e+04  -1.382177e-07   4.024356e+02  -8.597485e+01   8.832624e+04  -5.313315e-04   2.537835e-04   1.302510e-04   7.452512e-06  -1.592127e-06   1.635671e-03  -2.973453e-04   7.442422e-04  -6.506329e-04     0  9.889847e+00
    24  0.278  2.974731e+00  5.829566e-01 -1.713645e-02  -6.956351e+04   1.300739e+04  -1.208100e-07   2.728349e+02  -7.986827e+01   8.759856e+04  -5.173198e-04   2.471999e-04   1.267651e-04   5.052498e-06  -1.479042e-06   1.622196e-03  -2.800300e-04   7.294518e-04  -6.464273e-04     0  9.790757e+00
    24  0.389  2.972388e+00  5.747151e-01 -8.568226e-03  -6.767370e+04   1.267283e+04  -1.034059e-07   1.426659e+02  -7.361294e+01   8.687088e+04  -5.033081e-04   2.406162e-04   1.232791e-04   2.641961e-06  -1.363203e-06   1.608720e-03  -2.627147e-04   7.146614e-04  -6.422216e-04     0  9.691928e+00
    24  0.500  2.970044e+00  5.664736e-01  0.000000e+00  -6.578389e+04   1.233827e+04  -8.596544e-08   1.192860e+01  -6.720885e+01   8.614321e+04  -4.892964e-04   2.340326e-04   1.197932e-04   2.208999e-07  -1.244608e-06   1.595245e-03  -2.453994e-04   6.998709e-04  -6.380159e-04     0  9.593368e+00
    24  0.611  2.967701e+00  5.582321e-01  8.568226e-03  -6.389408e+04   1.200370e+04  -6.854680e-08  -1.193770e+02  -6.065600e+01   8.541553e+04  -4.752847e-04   2.274489e-04   1.163073e-04  -2.210685e-06  -1.123259e-06   1.581769e-03  -2.280841e-04   6.850805e-04  -6.338103e-04     0  9.495086e+00
    24  0.722  2.965357e+00  5.499906e-01  1.713645e-02  -6.200427e+04   1.166914e+04  -5.111360e-08  -2.512508e+02  -5.395439e+01   8.468785e+04  -4.612729e-04   2.208653e-04   1.128213e-04  -4.652793e-06  -9.991553e-07   1.568294e-03  -2.107687e-04   6.702900e-04  -6.296046e-04     0  9.397089e+00
    24  0.833  2.963014e+00  5.417490e-01  2.570468e-02  -6.011446e+04   1.133457e+04  -3.370224e-08  -3.836930e+02  -4.710402e+01   8.396017e+04  -4.472612e-04   2.142816e-04   1.093354e-04  -7.105426e-06  -8.722966e-07   1.554818e-03  -1.934534e-04   6.554996e-04  -6.253989e-04     0  9.299387e+00
    24  0.944  2.960670e+00  5.335075e-01  3.427290e-02  -5.822465e+04   1.100001e+04  -1.625813e-08  -5.167034e+02  -4.010489e+01   8.323250e+04  -4.332495e-04   2.076980e-04   1.058495e-04  -9.568582e-06  -7.426832e-07   1.541343e-03  -1.761381e-04   6.407091e-04  -6.211932e-04     0  9.201989e+00
    25  0.056  2.908778e+00  6.194886e-01 -3.427290e-02  -7.931025e+04   1.477892e+04  -1.691187e-07   5.305704e+02  -1.189562e+02   8.888132e+04  -5.896887e-04   2.814780e-04   1.446407e-04   9.825378e-06  -2.202893e-06   1.645950e-03  -2.713203e-04   7.753202e-04  -5.246274e-04     0  1.044800e+01
    25  0.167  2.906443e+00  6.112448e-01 -2.570468e-02  -7.741818e+04   1.444916e+04  -1.502594e-07   4.017685e+02  -1.144070e+02   8.815518e+04  -5.756719e-04   2.749230e-04   1.411390e-04   7.440157e-06  -2.118649e-06   1.632503e-03  -2.544965e-04   7.609896e-04  -5.205677e-04     0  1.035300e+01
    25  0.278  2.904108e+00  6.030010e-01 -1.713645e-02  -7.552611e+04   1.411940e+04  -1.313492e-07   2.724086e+02  -1.095757e+02   8.742904e+04  -5.616550e-04   2.683680e-04   1.376372e-04   5.044603e-06  -2.029179e-06   1.619056e-03  -2.376726e-04   7.466589e-04  -5.165080e-04     0  1.025834e+01
    25  0.389  2.901772e+00  5.947571e-01 -8.568226e-03  -7.363404e+04   1.378963e+04  -1.124354e-07   1.424907e+02  -1.044622e+02   8.670290e+04  -5.476382e-04   2.618130e-04   1.341355e-04   2.638717e-06  -1.934486e-06   1.605609e-03  -2.208487e-04   7.323283e-04  -5.124483e-04     0  1.016400e+01
    25  0.500  2.899437e+00  5.865133e-01  0.000000e+00  -7.174197e+04   1.345987e+04  -9.348878e-08   1.201497e+01  -9.906668e+01   8.597676e+04  -5.336214e-04   2.552579e-04   1.306337e-04   2.224995e-07  -1.834568e-06   1.592162e-03  -2.040249e-04   7.179976e-04  -5.083886e-04     0  1.007001e+01
    25  0.611  2.897102e+00  5.782695e-01  8.568226e-03  -6.984990e+04   1.313011e+04  -7.454946e-08  -1.190187e+02  -9.338900e+01   8.525062e+04  -5.196046e-04   2.487029e-04   1.271319e-04  -2.204050e-06  -1.729426e-06   1.578715e-03  -1.872010e-04   7.036669e-04  -5.043289e-04     0  9.976372e+00
    25  0.722  2.894766e+00  5.700257e-01  1.713645e-02  -6.795783e+04   1.280034e+04  -5.560287e-08  -2.506104e+02  -8.742920e+01   8.452448e+04  -5.055878e-04   2.421479e-04   1.236302e-04  -4.640932e-06  -1.619059e-06   1.565268e-03  -1.703771e-04   6.893363e-04  -5.002692e-04     0  9.883094e+00
    25  0.833  2.892431e+00  5.617819e-01  2.570468e-02  -6.606576e+04   1.247058e+04  -3.669265e-08  -3.827599e+02  -8.118728e+01   8.379835e+04  -4.915710e-04   2.355929e-04   1.201284e-04  -7.088147e-06  -1.503468e-06   1.551821e-03  -1.535533e-04   6.750056e-04  -4.962095e-04     0  9.790188e+00
    25  0.944  2.890095e+00  5.535381e-01  3.427290e-02  -6.417369e+04   1.214082e+04  -1.774970e-08  -5.154674e+02  -7.466325e+01   8.307221e+04  -4.775542e-04   2.290379e-04   1.166267e-04  -9.545693e-06  -1.382653e-06   1.538374e-03  -1.367294e-04   6.606750e-04  -4.921498e-04     0  9.697665e+00
    26  0.056  2.838109e+00  6.394601e-01 -3.427290e-02  -8.525979e+04   1.587805e+04  -1.826847e-07   5.293288e+02  -1.419990e+02   8.869755e+04  -6.339034e-04   3.025265e-04   1.555125e-04   9.802385e-06  -2.629611e-06   1.642547e-03  -2.280359e-04   7.888552e-04  -3.979344e-04     0  1.000310e+01
    26  0.167  2.835784e+00  6.312133e-01 -2.570468e-02  -8.336527e+04   1.555304e+04  -1.622720e-07   4.008837e+02  -1.397041e+02   8.797182e+04  -6.198801e-04   2.959994e-04   1.519946e-04   7.423772e-06  -2.587113e-06   1.629108e-03  -2.117001e-04   7.749815e-04  -3.940231e-04     0  9.998199e+00
    26  0.278  2.833459e+00  6.229666e-01 -1.713645e-02  -8.147075e+04   1.522804e+04  -1.418484e-07   2.718735e+02  -1.369960e+02   8.724609e+04  -6.058568e-04   2.894722e-04   1.484767e-04   5.034695e-06  -2.536963e-06   1.615668e-03  -1.953644e-04   7.611077e-04  -3.901117e-04     0  9.994531e+00
    26  0.389  2.831134e+00  6.147198e-01 -8.568226e-03  -7.957624e+04   1.490303e+04  -1.214212e-07   1.422982e+02  -1.338746e+02   8.652036e+04  -5.918334e-04   2.829451e-04   1.449588e-04   2.635152e-06  -2.479160e-06   1.602229e-03  -1.790287e-04   7.472340e-04  -3.862004e-04     0  9.992098e+00
    26  0.500  2.828809e+00  6.064731e-01  0.000000e+00  -7.768172e+04   1.457802e+04  -1.009830e-07   1.215773e+01  -1.303400e+02   8.579464e+04  -5.778101e-04   2.764180e-04   1.414409e-04   2.251431e-07  -2.413704e-06   1.588790e-03  -1.626929e-04   7.333603e-04  -3.822891e-04     0  9.990899e+00
    26  0.611  2.826484e+00  5.982263e-01  8.568226e-03  -7.578720e+04   1.425301e+04  -8.054485e-08  -1.185479e+02  -1.263922e+02   8.506891e+04  -5.637868e-04   2.698909e-04   1.379229e-04  -2.195331e-06  -2.340596e-06   1.575350e-03  -1.463572e-04   7.194866e-04  -3.783777e-04     0  9.990937e+00
    26  0.722  2.824159e+00  5.899795e-01  1.713645e-02  -7.389269e+04   1.392801e+04  -6.009577e-08  -2.498186e+02  -1.220311e+02   8.434318e+04  -5.497635e-04   2.633637e-04   1.344050e-04  -4.626270e-06  -2.259835e-06   1.561911e-03  -1.300215e-04   7.056129e-04  -3.744664e-04     0  9.992209e+00
    26  0.833  2.821835e+00  5.817328e-01  2.570468e-02  -7.199817e+04   1.360300e+04  -3.966488e-08  -3.816545e+02  -1.172568e+02   8.361745e+04  -5.357401e-04   2.568366e-04   1.308871e-04  -7.067675e-06  -2.171421e-06   1.548471e-03  -1.136857e-04   6.917392e-04  -3.705551e-04     0  9.994717e+00
    26  0.944  2.819510e+00  5.734860e-01  3.427290e-02  -7.010365e+04   1.327799e+04  -1.920489e-08  -5.140555e+02  -1.120692e+02   8.289172e+04  -5.217168e-04   2.503095e-04   1.273692e-04  -9.519546e-06  -2.075355e-06   1.535032e-03  -9.735001e-05   6.778655e-04  -3.666437e-04     0  9.998459e+00
    27  0.056  2.767452e+00  6.593796e-01 -3.427290e-02  -9.119698e+04   1.697483e+04  -1.961271e-07   5.286289e+02  -1.560964e+02   8.850187e+04  -6.780263e-04   3.235309e-04   1.663618e-04   9.789423e-06  -2.890673e-06   1.638924e-03  -1.848529e-04   7.996920e-04  -2.748038e-04     0  9.052407e+00
    27  0.167  2.765127e+00  6.511328e-01 -2.570468e-02  -8.930088e+04   1.665475e+04  -1.742555e-07   4.003876e+02  -1.514027e+02   8.777592e+04  -6.640029e-04   3.170348e-04   1.628293e-04   7.414584e-06  -2.803753e-06   1.625480e-03  -1.690101e-04   7.862784e-04  -2.710224e-04     0  9.046993e+00
    27  0.278  2.762802e+00  6.428860e-01 -1.713645e-02  -8.740478e+04   1.633467e+04  -1.523476e-07   2.715746e+02  -1.462769e+02   8.704996e+04  -6.499794e-04   3.105387e-04   1.592968e-04   5.029159e-06  -2.708831e-06   1.612036e-03  -1.531674e-04   7.728647e-04  -2.672409e-04     0  9.042941e+00
    27  0.389  2.760477e+00  6.346392e-01 -8.568226e-03  -8.550868e+04   1.601459e+04  -1.304179e-07   1.421900e+02  -1.407189e+02   8.632400e+04  -6.359560e-04   3.040426e-04   1.557643e-04   2.633147e-06  -2.605905e-06   1.598593e-03  -1.373246e-04   7.594510e-04  -2.634595e-04     0  9.040253e+00
    27  0.500  2.758152e+00  6.263925e-01  0.000000e+00  -8.361258e+04   1.569451e+04  -1.084663e-07   1.223369e+01  -1.347288e+02   8.559804e+04  -6.219326e-04   2.975464e-04   1.522318e-04   2.265498e-07  -2.494977e-06   1.585149e-03  -1.214818e-04   7.460373e-04  -2.596781e-04     0  9.038930e+00
    27  0.611  2.755827e+00  6.181457e-01  8.568226e-03  -8.171647e+04   1.537443e+04  -8.651477e-08  -1.182942e+02  -1.283065e+02   8.487208e+04  -6.079092e-04   2.910503e-04   1.486993e-04  -2.190634e-06  -2.376046e-06   1.571705e-03  -1.056391e-04   7.326236e-04  -2.558967e-04     0  9.038973e+00
    27  0.722  2.753503e+00  6.098989e-01  1.713645e-02  -7.982037e+04   1.505435e+04  -6.457049e-08  -2.493938e+02  -1.214521e+02   8.414612e+04  -5.938858e-04   2.845542e-04   1.451668e-04  -4.618404e-06  -2.249113e-06   1.558261e-03  -8.979632e-05   7.192100e-04  -2.521152e-04     0  9.040382e+00
    27  0.833  2.751178e+00  6.016521e-01  2.570468e-02  -7.792427e+04   1.473427e+04  -4.262984e-08  -3.810650e+02  -1.141655e+02   8.342016e+04  -5.798624e-04   2.780581e-04   1.416343e-04  -7.056760e-06  -2.114176e-06   1.544818e-03  -7.395357e-05   7.057963e-04  -2.483338e-04     0  9.043155e+00
    27  0.944  2.748853e+00  5.934053e-01  3.427290e-02  -7.602817e+04   1.441419e+04  -2.070374e-08  -5.133079e+02  -1.064468e+02   8.269420e+04  -5.658390e-04   2.715620e-04   1.381018e-04  -9.505702e-06  -1.971237e-06   1.531374e-03  -5.811081e-05   6.923826e-04  -2.445524e-04     0  9.047293e+00
    28  0.056  2.696795e+00  6.792826e-01 -3.427290e-02  -9.713028e+04   1.807091e+04  -2.096640e-07   5.277892e+02  -1.973966e+02   8.829610e+04  -7.221202e-04   3.445215e-04   1.772040e-04   9.773874e-06  -3.655493e-06   1.635113e-03  -1.418880e-04   8.079161e-04  -1.551956e-04     0  8.102082e+00
    28  0.167  2.694474e+00  6.710349e-01 -2.570468e-02  -9.523233e+04   1.775569e+04  -1.862536e-07   3.997393e+02  -1.890337e+02   8.756937e+04  -7.080947e-04   3.380554e-04   1.736564e-04   7.402580e-06  -3.500623e-06   1.621655e-03  -1.265384e-04   7.949587e-04  -1.515485e-04     0  8.096081e+00
    28  0.278  2.692152e+00  6.627872e-01 -1.713645e-02  -9.333437e+04   1.744048e+04  -1.628141e-07   2.711412e+02  -1.801307e+02   8.684264e+04  -6.940692e-04   3.315893e-04   1.701088e-04   5.021133e-06  -3.335754e-06   1.608197e-03  -1.111887e-04   7.820014e-04  -1.479014e-04     0  8.091600e+00
    28  0.389  2.689831e+00  6.545394e-01 -8.568226e-03  -9.143642e+04   1.712527e+04  -1.393964e-07   1.419947e+02  -1.706877e+02   8.611591e+04  -6.800437e-04   3.251233e-04   1.665613e-04   2.629532e-06  -3.160884e-06   1.594739e-03  -9.583909e-05   7.690440e-04  -1.442544e-04     0  8.088644e+00
    28  0.500  2.687509e+00  6.462917e-01  0.000000e+00  -8.953846e+04   1.681006e+04  -1.159424e-07   1.230003e+01  -1.607048e+02   8.538918e+04  -6.660182e-04   3.186572e-04   1.630137e-04   2.277784e-07  -2.976014e-06   1.581281e-03  -8.048946e-05   7.560867e-04  -1.406073e-04     0  8.087214e+00
    28  0.611  2.685188e+00  6.380439e-01  8.568226e-03  -8.764050e+04   1.649485e+04  -9.249561e-08  -1.179430e+02  -1.501818e+02   8.466246e+04  -6.519927e-04   3.121911e-04   1.594661e-04  -2.184129e-06  -2.781144e-06   1.567823e-03  -6.513982e-05   7.431293e-04  -1.369602e-04     0  8.087309e+00
    28  0.722  2.682867e+00  6.297962e-01  1.713645e-02  -8.574255e+04   1.617964e+04  -6.904884e-08  -2.487342e+02  -1.391188e+02   8.393573e+04  -6.379672e-04   3.057250e-04   1.559185e-04  -4.606189e-06  -2.576275e-06   1.554365e-03  -4.979019e-05   7.301720e-04  -1.333131e-04     0  8.088932e+00
    28  0.833  2.680545e+00  6.215485e-01  2.570468e-02  -8.384459e+04   1.586443e+04  -4.562025e-08  -3.800738e+02  -1.275159e+02   8.320900e+04  -6.239417e-04   2.992589e-04   1.523710e-04  -7.038403e-06  -2.361405e-06   1.540907e-03  -3.444056e-05   7.172146e-04  -1.296661e-04     0  8.092079e+00
    28  0.944  2.678224e+00  6.133007e-01  3.427290e-02  -8.194664e+04   1.554922e+04  -2.215529e-08  -5.119616e+02  -1.153729e+02   8.248227e+04  -6.099162e-04   2.927928e-04   1.488234e-04  -9.480770e-06  -2.136535e-06   1.527449e-03  -1.909092e-05   7.042573e-04  -1.260190e-04     0  8.096751e+00
    29  0.056  2.626051e+00  6.990854e-01 -3.427290e-02  -1.030417e+05   1.916297e+04  -2.231172e-07   5.257206e+02  -2.817624e+02   8.808488e+04  -7.660518e-04   3.654351e-04   1.880062e-04   9.735567e-06  -5.217822e-06   1.631201e-03  -9.898106e-05   8.134019e-04  -3.899373e-05     0  7.151321e+00
    29  0.167  2.623753e+00  6.908311e-01 -2.570468e-02  -1.011402e+05   1.885228e+04  -1.981898e-07   3.982441e+02  -2.807059e+02   8.735495e+04  -7.520116e-04   3.589928e-04   1.844405e-04   7.374891e-06  -5.198257e-06   1.617684e-03  -8.412297e-05   8.008903e-04  -3.551086e-05     0  7.144861e+00
    29  0.278  2.621455e+00  6.825767e-01 -1.713645e-02  -9.923874e+04   1.854159e+04  -1.732551e-07   2.702193e+02  -2.786482e+02   8.662502e+04  -7.379714e-04   3.525505e-04   1.808749e-04   5.004061e-06  -5.160151e-06   1.604167e-03  -6.926488e-05   7.883787e-04  -3.202799e-05     0  7.140124e+00
    29  0.389  2.619157e+00  6.743223e-01 -8.568226e-03  -9.733725e+04   1.823090e+04  -1.483349e-07   1.416462e+02  -2.755893e+02   8.589509e+04  -7.239312e-04   3.461082e-04   1.773093e-04   2.623078e-06  -5.103505e-06   1.590650e-03  -5.440679e-05   7.758671e-04  -2.854512e-05     0  7.137114e+00
    29  0.500  2.616859e+00  6.660679e-01  0.000000e+00  -9.543575e+04   1.792021e+04  -1.233893e-07   1.252483e+01  -2.715292e+02   8.516517e+04  -7.098910e-04   3.396659e-04   1.737436e-04   2.319412e-07  -5.028318e-06   1.577133e-03  -3.954870e-05   7.633555e-04  -2.506224e-05     0  7.135833e+00
    29  0.611  2.614562e+00  6.578136e-01  8.568226e-03  -9.353426e+04   1.760951e+04  -9.844734e-08  -1.171449e+02  -2.664679e+02   8.443524e+04  -6.958508e-04   3.332236e-04   1.701780e-04  -2.169349e-06  -4.934591e-06   1.563615e-03  -2.469060e-05   7.508439e-04  -2.157937e-05     0  7.136282e+00
    29  0.722  2.612264e+00  6.495592e-01  1.713645e-02  -9.163276e+04   1.729882e+04  -7.350900e-08  -2.473628e+02  -2.604054e+02   8.370531e+04  -6.818106e-04   3.267812e-04   1.666123e-04  -4.580793e-06  -4.822323e-06   1.550098e-03  -9.832512e-06   7.383323e-04  -1.809650e-05     0  7.138460e+00
    29  0.833  2.609966e+00  6.413048e-01  2.570468e-02  -8.973126e+04   1.698813e+04  -4.855974e-08  -3.781291e+02  -2.533417e+02   8.297538e+04  -6.677703e-04   3.203389e-04   1.630467e-04  -7.002391e-06  -4.691514e-06   1.536581e-03   5.025580e-06   7.258207e-04  -1.461363e-05     0  7.142367e+00
    29  0.944  2.607668e+00  6.330505e-01  3.427290e-02  -8.782977e+04   1.667744e+04  -2.361776e-08  -5.094437e+02  -2.452769e+02   8.224545e+04  -6.537301e-04   3.138966e-04   1.594811e-04  -9.434142e-06  -4.542165e-06   1.523064e-03   1.988367e-05   7.133091e-04  -1.113075e-05     0  7.147999e+00
    30  0.056  2.555333e+00  7.187607e-01 -3.427290e-02  -1.089229e+05   2.024930e+04  -2.364322e-07   5.242363e+02  -4.523752e+02   8.787746e+04  -8.097580e-04   3.862405e-04   1.987533e-04   9.708080e-06  -8.377319e-06   1.627360e-03  -5.607847e-05   8.161072e-04   7.363929e-05     0  6.201817e+00
    30  0.167  2.553038e+00  7.105057e-01 -2.570468e-02  -1.070196e+05   1.994348e+04  -2.100496e-07   3.972082e+02  -4.510887e+02   8.713942e+04  -7.957164e-04   3.798284e-04   1.951728e-04   7.355707e-06  -8.353495e-06   1.613693e-03  -4.172438e-05   8.040491e-04   7.699235e-05     0  6.194399e+00
    30  0.278  2.550742e+00  7.022507e-01 -1.713645e-02  -1.051164e+05   1.963766e+04  -1.836233e-07   2.696102e+02  -4.481151e+02   8.640138e+04  -7.816748e-04   3.734164e-04   1.915923e-04   4.992782e-06  -8.298428e-06   1.600026e-03  -2.737028e-05   7.919910e-04   8.034542e-05     0  6.188968e+00
    30  0.389  2.548447e+00  6.939957e-01 -8.568226e-03  -1.032131e+05   1.933184e+04  -1.572407e-07   1.414424e+02  -4.434543e+02   8.566334e+04  -7.676332e-04   3.670043e-04   1.880118e-04   2.619304e-06  -8.212117e-06   1.586358e-03  -1.301618e-05   7.799329e-04   8.369849e-05     0  6.185527e+00
    30  0.500  2.546151e+00  6.857407e-01  0.000000e+00  -1.013099e+05   1.902602e+04  -1.308144e-07   1.270471e+01  -4.371064e+02   8.492530e+04  -7.535916e-04   3.605923e-04   1.844314e-04   2.352724e-07  -8.094563e-06   1.572691e-03   1.337914e-06   7.678749e-04   8.705156e-05     0  6.184082e+00
    30  0.611  2.543856e+00  6.774857e-01  8.568226e-03  -9.940664e+04   1.872020e+04  -1.043736e-07  -1.166028e+02  -4.290713e+02   8.418726e+04  -7.395500e-04   3.541802e-04   1.808509e-04  -2.159312e-06  -7.945765e-06   1.559023e-03   1.569201e-05   7.558168e-04   9.040463e-05     0  6.184633e+00
    30  0.722  2.541560e+00  6.692307e-01  1.713645e-02  -9.750339e+04   1.841438e+04  -7.793278e-08  -2.464802e+02  -4.193491e+02   8.344922e+04  -7.255084e-04   3.477681e-04   1.772704e-04  -4.564449e-06  -7.765724e-06   1.545356e-03   3.004611e-05   7.437587e-04   9.375770e-05     0  6.187179e+00
    30  0.833  2.539265e+00  6.609757e-01  2.570468e-02  -9.560014e+04   1.810856e+04  -5.151378e-08  -3.769275e+02  -4.079397e+02   8.271118e+04  -7.114667e-04   3.413561e-04   1.736899e-04  -6.980139e-06  -7.554439e-06   1.531689e-03   4.440021e-05   7.317006e-04   9.711077e-05     0  6.191719e+00
    30  0.944  2.536969e+00  6.527207e-01  3.427290e-02  -9.369689e+04   1.780273e+04  -2.507659e-08  -5.079446e+02  -3.948432e+02   8.197315e+04  -6.974251e-04   3.349440e-04   1.701094e-04  -9.406382e-06  -7.311911e-06   1.518021e-03   5.875430e-05   7.196426e-04   1.004638e-04     0  6.198247e+00
    31  0.056  2.484612e+00  7.384233e-01 -3.427290e-02  -1.148012e+05   2.133508e+04  -2.497909e-07   5.235932e+02  -7.221122e+02   8.768796e+04  -8.534427e-04   4.070356e-04   2.094952e-04   9.696170e-06  -1.337245e-05   1.623851e-03  -1.337175e-05   8.162396e-04   1.827995e-04     0  5.253155e+00
    31  0.167  2.482318e+00  7.301681e-01 -2.570468e-02  -1.128963e+05   2.103416e+04  -2.219240e-07   3.967136e+02  -7.220426e+02   8.693412e+04  -8.394007e-04   4.006543e-04   2.059001e-04   7.346547e-06  -1.337116e-05   1.609891e-03   4.620767e-07   8.046336e-04   1.860258e-04     0  5.244406e+00
    31  0.278  2.480023e+00  7.219129e-01 -1.713645e-02  -1.109914e+05   2.073323e+04  -1.940207e-07   2.692810e+02  -7.191762e+02   8.618029e+04  -8.253586e-04   3.942729e-04   2.023050e-04   4.986686e-06  -1.331808e-05   1.595931e-03   1.429591e-05   7.930276e-04   1.892521e-04     0  5.237999e+00
    31  0.389  2.477728e+00  7.136577e-01 -8.568226e-03  -1.090865e+05   2.043231e+04  -1.661319e-07   1.412957e+02  -7.135130e+02   8.542645e+04  -8.113166e-04   3.878916e-04   1.987099e-04   2.616587e-06  -1.321320e-05   1.581971e-03   2.812974e-05   7.814216e-04   1.924784e-04     0  5.233944e+00
    31  0.500  2.475433e+00  7.054025e-01  0.000000e+00  -1.071817e+05   2.013138e+04  -1.382214e-07   1.275745e+01  -7.050531e+02   8.467261e+04  -7.972745e-04   3.815102e-04   1.951148e-04   2.362492e-07  -1.305654e-05   1.568011e-03   4.196357e-05   7.698156e-04   1.957046e-04     0  5.232247e+00
    31  0.611  2.473138e+00  6.971473e-01  8.568226e-03  -1.052768e+05   1.983046e+04  -1.102962e-07  -1.163336e+02  -6.937963e+02   8.391877e+04  -7.832325e-04   3.751289e-04   1.915197e-04  -2.154326e-06  -1.284808e-05   1.554051e-03   5.579740e-05   7.582096e-04   1.989309e-04     0  5.232908e+00
    31  0.722  2.470844e+00  6.888921e-01  1.713645e-02  -1.033719e+05   1.952953e+04  -8.237112e-08  -2.459776e+02  -6.797428e+02   8.316494e+04  -7.691904e-04   3.687475e-04   1.879246e-04  -4.555140e-06  -1.258783e-05   1.540091e-03   6.963123e-05   7.466036e-04   2.021572e-04     0  5.235927e+00
    31  0.833  2.468549e+00  6.806369e-01  2.570468e-02  -1.014670e+05   1.922861e+04  -5.446782e-08  -3.761744e+02  -6.628926e+02   8.241110e+04  -7.551484e-04   3.623662e-04   1.843295e-04  -6.966192e-06  -1.227579e-05   1.526131e-03   8.346506e-05   7.349976e-04   2.053835e-04     0  5.241301e+00
    31  0.944  2.466254e+00  6.723817e-01  3.427290e-02  -9.956215e+04   1.892768e+04  -2.651359e-08  -5.069240e+02  -6.432455e+02   8.165726e+04  -7.411063e-04   3.559848e-04   1.807344e-04  -9.387482e-06  -1.191195e-05   1.512172e-03   9.729889e-05   7.233916e-04   2.086098e-04     0  5.249022e+00
    32  0.056  2.413829e+00  7.580098e-01 -3.427290e-02  -1.206628e+05   2.241783e+04  -2.630622e-07   5.216375e+02  -1.180144e+03   8.753713e+04  -8.970036e-04   4.277720e-04   2.202065e-04   9.659954e-06  -2.185451e-05   1.621058e-03   2.925684e-05   8.137309e-04   2.885465e-04     0  4.305269e+00
    32  0.167  2.411553e+00  7.497492e-01 -2.570468e-02  -1.187547e+05   2.212148e+04  -2.337620e-07   3.952718e+02  -1.189166e+03   8.675421e+04  -8.829496e-04   4.214157e-04   2.165941e-04   7.319848e-06  -2.202159e-05   1.606559e-03   4.254551e-05   8.025678e-04   2.916212e-04     0  4.294880e+00
    32  0.278  2.409278e+00  7.414886e-01 -1.713645e-02  -1.168467e+05   2.182513e+04  -2.043889e-07   2.683689e+02  -1.193392e+03   8.597128e+04  -8.688955e-04   4.150593e-04   2.129816e-04   4.969794e-06  -2.209986e-05   1.592061e-03   5.583417e-05   7.914046e-04   2.946960e-04     0  4.287347e+00
    32  0.389  2.407003e+00  7.332280e-01 -8.568226e-03  -1.149386e+05   2.152878e+04  -1.750013e-07   1.409287e+02  -1.192824e+03   8.518835e+04  -8.548414e-04   4.087029e-04   2.093691e-04   2.609790e-06  -2.208934e-05   1.577562e-03   6.912284e-05   7.802415e-04   2.977707e-04     0  4.282685e+00
    32  0.500  2.404728e+00  7.249673e-01  0.000000e+00  -1.130306e+05   2.123242e+04  -1.455992e-07   1.295122e+01  -1.187461e+03   8.440543e+04  -8.407873e-04   4.023466e-04   2.057567e-04   2.398374e-07  -2.199002e-05   1.563063e-03   8.241151e-05   7.690783e-04   3.008454e-04     0  4.280902e+00
    32  0.611  2.402452e+00  7.167067e-01  8.568226e-03  -1.111225e+05   2.093607e+04  -1.161752e-07  -1.155635e+02  -1.177303e+03   8.362250e+04  -8.267332e-04   3.959902e-04   2.021442e-04  -2.140065e-06  -2.180191e-05   1.548565e-03   9.570018e-05   7.579152e-04   3.039201e-04     0  4.282002e+00
    32  0.722  2.400177e+00  7.084461e-01  1.713645e-02  -1.092145e+05   2.063972e+04  -8.678762e-08  -2.446155e+02  -1.162350e+03   8.283958e+04  -8.126791e-04   3.896338e-04   1.985317e-04  -4.529916e-06  -2.152500e-05   1.534066e-03   1.089888e-04   7.467520e-04   3.069948e-04     0  4.285984e+00
    32  0.833  2.397902e+00  7.001855e-01  2.570468e-02  -1.073064e+05   2.034337e+04  -5.740003e-08  -3.742047e+02  -1.142602e+03   8.205665e+04  -7.986251e-04   3.832774e-04   1.949192e-04  -6.929716e-06  -2.115929e-05   1.519568e-03   1.222775e-04   7.355889e-04   3.100695e-04     0  4.292839e+00
    32  0.944  2.395627e+00  6.919249e-01  3.427290e-02  -1.053983e+05   2.004702e+04  -2.801244e-08  -5.043312e+02  -1.118059e+03   8.127372e+04  -7.845710e-04   3.769211e-04   1.913068e-04  -9.339466e-06  -2.070479e-05   1.505069e-03   1.355662e-04   7.244257e-04   3.131442e-04     0  4.302553e+00
    33  0.056  2.343013e+00  7.774414e-01 -3.427290e-02  -1.264887e+05   2.349390e+04  -2.763263e-07   5.193751e+02  -1.991378e+03   8.746420e+04  -9.402995e-04   4.483818e-04   2.308529e-04   9.618057e-06  -3.687737e-05   1.619707e-03   7.201778e-05   8.084681e-04   3.908201e-04     0  3.359801e+00
    33  0.167  2.340754e+00  7.691764e-01 -2.570468e-02  -1.245778e+05   2.320218e+04  -2.455054e-07   3.936671e+02  -2.012761e+03   8.662874e+04  -9.262357e-04   4.420514e-04   2.272237e-04   7.290132e-06  -3.727336e-05   1.604236e-03   8.471048e-05   7.977479e-04   3.937506e-04     0  3.346722e+00
    33  0.278  2.338495e+00  7.609114e-01 -1.713645e-02  -1.226669e+05   2.291045e+04  -2.146626e-07   2.674050e+02  -2.025873e+03   8.579328e+04  -9.121719e-04   4.357211e-04   2.235944e-04   4.951944e-06  -3.751616e-05   1.588764e-03   9.740318e-05   7.870278e-04   3.966811e-04     0  3.337293e+00
    33  0.389  2.336235e+00  7.526465e-01 -8.568226e-03  -1.207560e+05   2.261872e+04  -1.838125e-07   1.405885e+02  -2.030712e+03   8.495782e+04  -8.981080e-04   4.293907e-04   2.199652e-04   2.603492e-06  -3.760578e-05   1.573293e-03   1.100959e-04   7.763077e-04   3.996116e-04     0  3.331545e+00
    33  0.500  2.333976e+00  7.443815e-01  0.000000e+00  -1.188451e+05   2.232699e+04  -1.529406e-07   1.321788e+01  -2.027279e+03   8.412236e+04  -8.840442e-04   4.230604e-04   2.163359e-04   2.447756e-07  -3.754221e-05   1.557822e-03   1.227886e-04   7.655876e-04   4.025421e-04     0  3.329498e+00
    33  0.611  2.331717e+00  7.361165e-01  8.568226e-03  -1.169341e+05   2.203527e+04  -1.220615e-07  -1.147070e+02  -2.015575e+03   8.328690e+04  -8.699804e-04   4.167301e-04   2.127067e-04  -2.124204e-06  -3.732545e-05   1.542350e-03   1.354813e-04   7.548674e-04   4.054726e-04     0  3.331157e+00
    33  0.722  2.329457e+00  7.278515e-01  1.713645e-02  -1.150232e+05   2.174354e+04  -9.118230e-08  -2.431862e+02  -1.995598e+03   8.245144e+04  -8.559166e-04   4.103997e-04   2.090774e-04  -4.503448e-06  -3.695552e-05   1.526879e-03   1.481740e-04   7.441473e-04   4.084031e-04     0  3.336518e+00
    33  0.833  2.327198e+00  7.195866e-01  2.570468e-02  -1.131123e+05   2.145181e+04  -6.030314e-08  -3.722196e+02  -1.967349e+03   8.161599e+04  -8.418528e-04   4.040694e-04   2.054482e-04  -6.892955e-06  -3.643239e-05   1.511407e-03   1.608667e-04   7.334272e-04   4.113336e-04     0  3.345562e+00
    33  0.944  2.324939e+00  7.113216e-01  3.427290e-02  -1.112014e+05   2.116009e+04  -2.939487e-08  -5.018072e+02  -1.930828e+03   8.078053e+04  -8.277890e-04   3.977390e-04   2.018189e-04  -9.292726e-06  -3.575608e-05   1.495936e-03   1.735594e-04   7.227071e-04   4.142641e-04     0  3.358260e+00
    34  0.056  2.272202e+00  7.967954e-01 -3.427290e-02  -1.322965e+05   2.456652e+04  -2.895322e-07   5.183583e+02  -3.441579e+03   8.754182e+04  -9.834599e-04   4.689265e-04   2.414663e-04   9.599227e-06  -6.373294e-05   1.621145e-03   1.149643e-04   8.005696e-04   4.896230e-04     0  2.419793e+00
    34  0.167  2.269943e+00  7.885302e-01 -2.570468e-02  -1.303840e+05   2.427967e+04  -2.572415e-07   3.929529e+02  -3.481281e+03   8.661255e+04  -9.693957e-04   4.626267e-04   2.378225e-04   7.276905e-06  -6.446817e-05   1.603936e-03   1.269633e-04   7.902964e-04   4.924303e-04     0  2.401612e+00
    34  0.278  2.267685e+00  7.802650e-01 -1.713645e-02  -1.284714e+05   2.399281e+04  -2.249362e-07   2.669798e+02  -3.506558e+03   8.568328e+04  -9.553314e-04   4.563269e-04   2.341787e-04   4.944071e-06  -6.493627e-05   1.586727e-03   1.389624e-04   7.800232e-04   4.952377e-04     0  2.388467e+00
    34  0.389  2.265426e+00  7.719999e-01 -8.568226e-03  -1.265589e+05   2.370595e+04  -1.926019e-07   1.404391e+02  -3.517411e+03   8.475401e+04  -9.412672e-04   4.500271e-04   2.305349e-04   2.600725e-06  -6.513724e-05   1.569519e-03   1.509614e-04   7.697500e-04   4.980450e-04     0  2.380441e+00
    34  0.500  2.263167e+00  7.637347e-01  0.000000e+00  -1.246464e+05   2.341910e+04  -1.602748e-07   1.333075e+01  -3.513838e+03   8.382474e+04  -9.272029e-04   4.437273e-04   2.268911e-04   2.468657e-07  -6.507108e-05   1.552310e-03   1.629604e-04   7.594768e-04   5.008524e-04     0  2.377586e+00
    34  0.611  2.260909e+00  7.554695e-01  8.568226e-03  -1.227338e+05   2.313224e+04  -1.279259e-07  -1.143453e+02  -3.495841e+03   8.289547e+04  -9.131386e-04   4.374275e-04   2.232473e-04  -2.117505e-06  -6.473780e-05   1.535101e-03   1.749595e-04   7.492036e-04   5.036597e-04     0  2.379921e+00
    34  0.722  2.258650e+00  7.472043e-01  1.713645e-02  -1.208213e+05   2.284538e+04  -9.554788e-08  -2.425890e+02  -3.463419e+03   8.196620e+04  -8.990744e-04   4.311277e-04   2.196035e-04  -4.492389e-06  -6.413738e-05   1.517893e-03   1.869585e-04   7.389303e-04   5.064671e-04     0  2.387431e+00
    34  0.833  2.256391e+00  7.389392e-01  2.570468e-02  -1.189087e+05   2.255853e+04  -6.322807e-08  -3.714004e+02  -3.416571e+03   8.103693e+04  -8.850101e-04   4.248279e-04   2.159597e-04  -6.877785e-06  -6.326984e-05   1.500684e-03   1.989576e-04   7.286571e-04   5.092744e-04     0  2.400066e+00
    34  0.944  2.254133e+00  7.306740e-01  3.427290e-02  -1.169962e+05   2.227167e+04  -3.083551e-08  -5.007794e+02  -3.355299e+03   8.010766e+04  -8.709459e-04   4.185281e-04   2.123159e-04  -9.273693e-06  -6.213516e-05   1.483475e-03   2.109566e-04   7.183839e-04   5.120817e-04     0  2.417747e+00
    35  0.056  2.201420e+00  8.161320e-01 -3.427290e-02  -1.380997e+05   2.563829e+04  -3.027380e-07   5.170849e+02  -6.125845e+03   8.790663e+04  -1.026586e-03   4.894549e-04   2.520713e-04   9.575646e-06  -1.134416e-04   1.627901e-03   1.582017e-04   7.901680e-04   5.849592e-04     0  1.495354e+00
    35  0.167  2.199162e+00  8.078664e-01 -2.570468e-02  -1.361855e+05   2.535629e+04  -2.689412e-07   3.919556e+02  -6.197225e+03   8.680870e+04  -1.012521e-03   4.831854e-04   2.484129e-04   7.258438e-06  -1.147634e-04   1.607568e-03   1.693438e-04   7.803392e-04   5.876435e-04     0  1.465774e+00
    35  0.278  2.196905e+00  7.996009e-01 -1.713645e-02  -1.342713e+05   2.507429e+04  -2.351662e-07   2.663021e+02  -6.242828e+03   8.571076e+04  -9.984560e-04   4.769160e-04   2.447545e-04   4.931521e-06  -1.156079e-04   1.587236e-03   1.804858e-04   7.705104e-04   5.903277e-04     0  1.444158e+00
    35  0.389  2.194648e+00  7.913354e-01 -8.568226e-03  -1.323571e+05   2.479229e+04  -2.013912e-07   1.401243e+02  -6.262655e+03   8.461282e+04  -9.843910e-04   4.706466e-04   2.410960e-04   2.594895e-06  -1.159751e-04   1.566904e-03   1.916279e-04   7.606815e-04   5.930120e-04     0  1.430869e+00
    35  0.500  2.192390e+00  7.830699e-01  0.000000e+00  -1.304429e+05   2.451030e+04  -1.675726e-07   1.342228e+01  -6.256706e+03   8.351489e+04  -9.703260e-04   4.643772e-04   2.374376e-04   2.485608e-07  -1.158649e-04   1.546572e-03   2.027699e-04   7.508527e-04   5.956963e-04     0  1.426137e+00
    35  0.611  2.190133e+00  7.748043e-01  8.568226e-03  -1.285287e+05   2.422830e+04  -1.337467e-07  -1.138040e+02  -6.224981e+03   8.241695e+04  -9.562609e-04   4.581077e-04   2.337792e-04  -2.107482e-06  -1.152774e-04   1.526240e-03   2.139120e-04   7.410239e-04   5.983806e-04     0  1.430050e+00
    35  0.722  2.187876e+00  7.665388e-01  1.713645e-02  -1.266145e+05   2.394630e+04  -9.993528e-08  -2.415546e+02  -6.167479e+03   8.131902e+04  -9.421959e-04   4.518383e-04   2.301208e-04  -4.473234e-06  -1.142126e-04   1.505908e-03   2.250540e-04   7.311950e-04   6.010648e-04     0  1.442535e+00
    35  0.833  2.185618e+00  7.582733e-01  2.570468e-02  -1.247003e+05   2.366430e+04  -6.614573e-08  -3.698295e+02  -6.084201e+03   8.022108e+04  -9.281308e-04   4.455689e-04   2.264624e-04  -6.848694e-06  -1.126704e-04   1.485576e-03   2.361961e-04   7.213662e-04   6.037491e-04     0  1.463374e+00
    35  0.944  2.183361e+00  7.500077e-01  3.427290e-02  -1.227861e+05   2.338230e+04  -3.228342e-08  -4.986286e+02  -5.975147e+03   7.912315e+04  -9.140658e-04   4.392995e-04   2.228039e-04  -9.233863e-06  -1.106509e-04   1.465243e-03   2.473381e-04   7.115373e-04   6.064334e-04     0  1.492217e+00
    36  0.056  2.130456e+00  8.353010e-01 -3.427290e-02  -1.438669e+05   2.670351e+04  -3.158202e-07   2.576391e+02   2.809396e+03   8.769704e+04  -1.069445e-03   5.098567e-04   2.626104e-04   4.771094e-06   5.202586e-05   1.624019e-03   2.024992e-04   7.770869e-04   6.769887e-04     1  6.507806e-01
    36  0.167  2.128245e+00  8.270231e-01 -2.570468e-02  -1.419474e+05   2.642562e+04  -2.805900e-07   1.952763e+02   1.068558e+03   8.641928e+04  -1.055353e-03   5.036044e-04   2.589309e-04   3.616228e-06   1.978811e-05   1.600357e-03   2.124926e-04   7.676868e-04   6.794999e-04     1  5.805993e-01
    36  0.278  2.126033e+00  8.187451e-01 -1.713645e-02  -1.400280e+05   2.614774e+04  -2.453598e-07   1.326731e+02  -6.552264e+02   8.514152e+04  -1.041260e-03   4.973520e-04   2.552515e-04   2.456909e-06  -1.213382e-05   1.576695e-03   2.224860e-04   7.582867e-04   6.820112e-04     1  5.247544e-01
    36  0.389  2.123822e+00  8.104672e-01 -8.568226e-03  -1.381085e+05   2.586985e+04  -2.101297e-07   6.982955e+01  -2.361957e+03   8.386377e+04  -1.027167e-03   4.910997e-04   2.515721e-04   1.293140e-06  -4.373994e-05   1.553033e-03   2.324794e-04   7.488866e-04   6.845224e-04     1  4.881907e-01
    36  0.500  2.121610e+00  8.021893e-01  0.000000e+00  -1.361890e+05   2.559197e+04  -1.748194e-07   6.745606e+00  -4.051633e+03   8.258601e+04  -1.013074e-03   4.848473e-04   2.478926e-04   1.249186e-07  -7.503023e-05   1.529371e-03   2.424728e-04   7.394865e-04   6.870337e-04     1  4.753782e-01
    36  0.611  2.119399e+00  7.939114e-01  8.568226e-03  -1.342696e+05   2.531408e+04  -1.395529e-07  -5.657872e+01  -5.724254e+03   8.130825e+04  -9.989817e-04   4.785950e-04   2.442132e-04  -1.047754e-06  -1.060047e-04   1.505708e-03   2.524662e-04   7.300864e-04   6.895449e-04     1  4.881907e-01
    36  0.722  2.117187e+00  7.856335e-01  1.713645e-02  -1.323501e+05   2.503620e+04  -1.042863e-07  -1.201434e+02  -7.379822e+03   8.003050e+04  -9.848889e-04   4.723426e-04   2.405338e-04  -2.224878e-06  -1.366634e-04   1.482046e-03   2.624596e-04   7.206863e-04   6.920562e-04     1  5.247544e-01
    36  0.833  2.114976e+00  7.773555e-01  2.570468e-02  -1.304307e+05   2.475831e+04  -6.901973e-08  -1.839485e+02  -9.018336e+03   7.875274e+04  -9.707962e-04   4.660903e-04   2.368543e-04  -3.406454e-06  -1.670062e-04   1.458384e-03   2.724529e-04   7.112862e-04   6.945674e-04     1  5.805993e-01
    36  0.944  2.112764e+00  7.690776e-01  3.427290e-02  -1.285112e+05   2.448043e+04  -3.370951e-08  -2.479940e+02  -1.063980e+04   7.747498e+04  -9.567035e-04   4.598379e-04   2.331749e-04  -4.592481e-06  -1.970332e-04   1.434722e-03   2.824463e-04   7.018861e-04   6.970787e-04     1  6.507806e-01
    37  0.056  2.060070e+00  8.540967e-01 -3.427290e-02  -1.494713e+05   2.795407e+04  -3.284003e-07   2.313302e+02  -3.745074e+03   1.996313e+05  -1.111578e-03   5.311945e-04   2.723693e-04   4.283892e-06  -6.935322e-05   3.696876e-03   3.208452e-04   7.613003e-04   7.648202e-04     1  6.463259e-01
    37  0.167  2.057861e+00  8.458183e-01 -2.570468e-02  -1.475669e+05   2.762875e+04  -2.918023e-07   1.692155e+02  -3.841192e+03   1.995106e+05  -1.097484e-03   5.246429e-04   2.688298e-04   3.133621e-06  -7.113319e-05   3.694640e-03   3.303700e-04   7.523501e-04   7.672092e-04     1  5.756018e-01
    37  0.278  2.055651e+00  8.375399e-01 -1.713645e-02  -1.456624e+05   2.730343e+04  -2.551606e-07   1.069501e+02  -3.920733e+03   1.993899e+05  -1.083390e-03   5.180913e-04   2.652903e-04   1.980557e-06  -7.260616e-05   3.692405e-03   3.398948e-04   7.434000e-04   7.695981e-04     1  5.192197e-01
    37  0.389  2.053441e+00  8.292615e-01 -8.568226e-03  -1.437580e+05   2.697812e+04  -2.185188e-07   4.453386e+01  -3.983696e+03   1.992691e+05  -1.069297e-03   5.115397e-04   2.617508e-04   8.247011e-07  -7.377215e-05   3.690169e-03   3.494197e-04   7.344499e-04   7.719871e-04     1  4.822365e-01
    37  0.500  2.051231e+00  8.209831e-01  0.000000e+00  -1.418535e+05   2.665280e+04  -1.818626e-07  -1.803319e+01  -4.030082e+03   1.991484e+05  -1.055203e-03   5.049881e-04   2.582113e-04  -3.339479e-07  -7.463114e-05   3.687934e-03   3.589445e-04   7.254998e-04   7.743761e-04     1  4.692615e-01
    37  0.611  2.049022e+00  8.127047e-01  8.568226e-03  -1.399490e+05   2.632748e+04  -1.451554e-07  -8.075104e+01  -4.059890e+03   1.990277e+05  -1.041109e-03   4.984365e-04   2.546718e-04  -1.495390e-06  -7.518315e-05   3.685698e-03   3.684694e-04   7.165496e-04   7.767651e-04     1  4.822365e-01
    37  0.722  2.046812e+00  8.044263e-01  1.713645e-02  -1.380446e+05   2.600217e+04  -1.084845e-07  -1.436197e+02  -4.073121e+03   1.989070e+05  -1.027015e-03   4.918850e-04   2.511323e-04  -2.659624e-06  -7.542817e-05   3.683463e-03   3.779942e-04   7.075995e-04   7.791541e-04     1  5.192197e-01
    37  0.833  2.044602e+00  7.961479e-01  2.570468e-02  -1.361401e+05   2.567685e+04  -7.182098e-08  -2.066392e+02  -4.069775e+03   1.987863e+05  -1.012921e-03   4.853334e-04   2.475928e-04  -3.826651e-06  -7.536620e-05   3.681227e-03   3.875191e-04   6.986494e-04   7.815430e-04     1  5.756018e-01
    37  0.944  2.042393e+00  7.878695e-01  3.427290e-02  -1.342357e+05   2.535153e+04  -3.514288e-08  -2.698094e+02  -4.049851e+03   1.986655e+05  -9.988276e-04   4.787818e-04   2.440533e-04  -4.996471e-06  -7.499724e-05   3.678992e-03   3.970439e-04   6.896993e-04   7.839320e-04     1  6.463259e-01
    38  0.056  1.990164e+00  8.727528e-01 -3.427290e-02  -1.550967e+05   2.900212e+04  -3.411624e-07   4.619924e+02  -5.990945e+03   1.999585e+05  -1.153404e-03   5.511580e-04   2.826289e-04   8.555416e-06  -1.109434e-04   3.702935e-03   5.144478e-04   7.431402e-04   8.486200e-04     0  1.476010e+00
    38  0.167  1.987955e+00  8.644742e-01 -2.570468e-02  -1.531914e+05   2.867935e+04  -3.031746e-07   3.379133e+02  -6.064832e+03   1.996645e+05  -1.139309e-03   5.446224e-04   2.790818e-04   6.257653e-06  -1.123117e-04   3.697490e-03   5.241953e-04   7.346473e-04   8.508861e-04     0  1.446433e+00
    38  0.278  1.985746e+00  8.561956e-01 -1.713645e-02  -1.512861e+05   2.835658e+04  -2.651213e-07   2.135529e+02  -6.113442e+03   1.993704e+05  -1.125215e-03   5.380867e-04   2.755346e-04   3.954684e-06  -1.132119e-04   3.692044e-03   5.339427e-04   7.261544e-04   8.531523e-04     0  1.424928e+00
    38  0.389  1.983537e+00  8.479170e-01 -8.568226e-03  -1.493807e+05   2.803381e+04  -2.270463e-07   8.891143e+01  -6.136775e+03   1.990763e+05  -1.111121e-03   5.315510e-04   2.719874e-04   1.646508e-06  -1.136440e-04   3.686599e-03   5.436902e-04   7.176615e-04   8.554184e-04     0  1.411865e+00
    38  0.500  1.981328e+00  8.396384e-01  0.000000e+00  -1.474754e+05   2.771104e+04  -1.889202e-07  -3.601121e+01  -6.134830e+03   1.987823e+05  -1.097027e-03   5.250153e-04   2.684402e-04  -6.668742e-07  -1.136080e-04   3.681154e-03   5.534377e-04   7.091685e-04   8.576845e-04     0  1.407480e+00
    38  0.611  1.979119e+00  8.313598e-01  8.568226e-03  -1.455701e+05   2.738827e+04  -1.508088e-07  -1.612150e+02  -6.107609e+03   1.984882e+05  -1.082932e-03   5.184796e-04   2.648931e-04  -2.985463e-06  -1.131039e-04   3.675708e-03   5.631852e-04   7.006756e-04   8.599506e-04     0  1.411852e+00
    38  0.722  1.976910e+00  8.230812e-01  1.713645e-02  -1.436647e+05   2.706550e+04  -1.127046e-07  -2.866999e+02  -6.055110e+03   1.981942e+05  -1.068838e-03   5.119439e-04   2.613459e-04  -5.309258e-06  -1.121317e-04   3.670263e-03   5.729326e-04   6.921827e-04   8.622167e-04     0  1.424901e+00
    38  0.833  1.974701e+00  8.148026e-01  2.570468e-02  -1.417594e+05   2.674273e+04  -7.462222e-08  -4.124660e+02  -5.977334e+03   1.979001e+05  -1.054744e-03   5.054083e-04   2.577987e-04  -7.638260e-06  -1.106914e-04   3.664817e-03   5.826801e-04   6.836898e-04   8.644828e-04     0  1.446393e+00
    38  0.944  1.972492e+00  8.065240e-01  3.427290e-02  -1.398540e+05   2.641996e+04  -3.653258e-08  -5.385133e+02  -5.874281e+03   1.976061e+05  -1.040650e-03   4.988726e-04   2.542515e-04  -9.972468e-06  -1.087830e-04   3.659372e-03   5.924276e-04   6.751969e-04   8.667489e-04     0  1.475959e+00
    39  0.056  1.920217e+00  8.913168e-01 -3.427290e-02  -1.607013e+05   3.004634e+04  -3.539681e-07   4.592362e+02  -3.445330e+03   2.002537e+05  -1.195075e-03   5.710480e-04   2.928506e-04   8.504374e-06  -6.380241e-05   3.708403e-03   7.086513e-04   7.224936e-04   9.289092e-04     0  2.387447e+00
    39  0.167  1.918030e+00  8.830324e-01 -2.570468e-02  -1.587934e+05   2.972577e+04  -3.145105e-07   3.358648e+02  -3.480932e+03   1.997958e+05  -1.180967e-03   5.645220e-04   2.892927e-04   6.219719e-06  -6.446170e-05   3.699921e-03   7.183503e-04   7.144511e-04   9.310323e-04     0  2.369042e+00
    39  0.278  1.915844e+00  8.747480e-01 -1.713645e-02  -1.568855e+05   2.940520e+04  -2.749730e-07   2.122531e+02  -3.502154e+03   1.993378e+05  -1.166860e-03   5.579960e-04   2.857349e-04   3.930612e-06  -6.485470e-05   3.691440e-03   7.280493e-04   7.064086e-04   9.331553e-04     0  2.355739e+00
    39  0.389  1.913657e+00  8.664635e-01 -8.568226e-03  -1.549776e+05   2.908463e+04  -2.355082e-07   8.840097e+01  -3.508996e+03   1.988798e+05  -1.152753e-03   5.514700e-04   2.821770e-04   1.637055e-06  -6.498141e-05   3.682959e-03   7.377482e-04   6.983661e-04   9.352784e-04     0  2.347625e+00
    39  0.500  1.911470e+00  8.581791e-01  0.000000e+00  -1.530697e+05   2.876406e+04  -1.959852e-07  -3.569146e+01  -3.501460e+03   1.984218e+05  -1.138645e-03   5.449440e-04   2.786191e-04  -6.609529e-07  -6.484184e-05   3.674478e-03   7.474472e-04   6.903236e-04   9.374015e-04     0  2.344754e+00
    39  0.611  1.909283e+00  8.498947e-01  8.568226e-03  -1.511618e+05   2.844348e+04  -1.564622e-07  -1.600242e+02  -3.479543e+03   1.979638e+05  -1.124538e-03   5.384180e-04   2.750613e-04  -2.963412e-06  -6.443598e-05   3.665996e-03   7.571461e-04   6.822811e-04   9.395246e-04     0  2.347145e+00
    39  0.722  1.907096e+00  8.416102e-01  1.713645e-02  -1.492539e+05   2.812291e+04  -1.169246e-07  -2.845974e+02  -3.443247e+03   1.975058e+05  -1.110431e-03   5.318920e-04   2.715034e-04  -5.270321e-06  -6.376384e-05   3.657515e-03   7.668451e-04   6.742386e-04   9.416477e-04     0  2.354783e+00
    39  0.833  1.904909e+00  8.333258e-01  2.570468e-02  -1.473460e+05   2.780234e+04  -7.743802e-08  -4.094108e+02  -3.392572e+03   1.970478e+05  -1.096323e-03   5.253660e-04   2.679455e-04  -7.581682e-06  -6.282541e-05   3.649034e-03   7.765441e-04   6.661961e-04   9.437708e-04     0  2.367616e+00
    39  0.944  1.902722e+00  8.250414e-01  3.427290e-02  -1.454381e+05   2.748177e+04  -3.787136e-08  -5.344646e+02  -3.327517e+03   1.965898e+05  -1.082216e-03   5.188400e-04   2.643877e-04  -9.897493e-06  -6.162069e-05   3.640553e-03   7.862430e-04   6.581536e-04   9.458938e-04     0  2.385561e+00
    40  0.056  1.850139e+00  9.096221e-01 -3.427290e-02  -1.662478e+05   3.107974e+04  -3.664682e-07   4.548477e+02  -2.144459e+03   2.002589e+05  -1.236314e-03   5.907319e-04   3.029662e-04   8.423105e-06  -3.971221e-05   3.708499e-03   9.037502e-04   6.991710e-04   1.005672e-03     0  3.314298e+00
    40  0.167  1.847995e+00  9.013264e-01 -2.570468e-02  -1.643357e+05   3.076102e+04  -3.256500e-07   3.327613e+02  -2.170457e+03   1.997058e+05  -1.222181e-03   5.842095e-04   2.993948e-04   6.162247e-06  -4.019365e-05   3.698256e-03   9.131389e-04   6.915740e-04   1.007636e-03     0  3.300573e+00
    40  0.278  1.845851e+00  8.930308e-01 -1.713645e-02  -1.624236e+05   3.044230e+04  -2.847664e-07   2.104162e+02  -2.187481e+03   1.991528e+05  -1.208048e-03   5.776871e-04   2.958234e-04   3.896595e-06  -4.050891e-05   3.688014e-03   9.225277e-04   6.839770e-04   1.009599e-03     0  3.290545e+00
    40  0.389  1.843707e+00  8.847351e-01 -8.568226e-03  -1.605115e+05   3.012359e+04  -2.438974e-07   8.781216e+01  -2.195531e+03   1.985997e+05  -1.193916e-03   5.711646e-04   2.922519e-04   1.626151e-06  -4.065798e-05   3.677772e-03   9.319165e-04   6.763800e-04   1.011562e-03     0  3.284248e+00
    40  0.500  1.841563e+00  8.764395e-01  0.000000e+00  -1.585994e+05   2.980487e+04  -2.029556e-07  -3.505066e+01  -2.194607e+03   1.980466e+05  -1.179783e-03   5.646422e-04   2.886805e-04  -6.490862e-07  -4.064087e-05   3.667530e-03   9.413053e-04   6.687830e-04   1.013526e-03     0  3.281702e+00
    40  0.611  1.839419e+00  8.681438e-01  8.568226e-03  -1.566873e+05   2.948615e+04  -1.620501e-07  -1.581723e+02  -2.184709e+03   1.974935e+05  -1.165650e-03   5.581198e-04   2.851091e-04  -2.929117e-06  -4.045757e-05   3.657287e-03   9.506941e-04   6.611860e-04   1.015489e-03     0  3.282918e+00
    40  0.722  1.837275e+00  8.598482e-01  1.713645e-02  -1.547752e+05   2.916743e+04  -1.211229e-07  -2.815528e+02  -2.165836e+03   1.969404e+05  -1.151518e-03   5.515974e-04   2.815377e-04  -5.213940e-06  -4.010808e-05   3.647045e-03   9.600828e-04   6.535890e-04   1.017453e-03     0  3.287889e+00
    40  0.833  1.835131e+00  8.515525e-01  2.570468e-02  -1.528631e+05   2.884872e+04  -8.023198e-08  -4.051921e+02  -2.137990e+03   1.963874e+05  -1.137385e-03   5.450750e-04   2.779662e-04  -7.503557e-06  -3.959241e-05   3.636803e-03   9.694716e-04   6.459920e-04   1.019416e-03     0  3.296601e+00
    40  0.944  1.832987e+00  8.432568e-01  3.427290e-02  -1.509510e+05   2.853000e+04  -3.927562e-08  -5.290902e+02  -2.101169e+03   1.958343e+05  -1.123252e-03   5.385526e-04   2.743948e-04  -9.797967e-06  -3.891055e-05   3.626561e-03   9.788604e-04   6.383949e-04   1.021379e-03     0  3.309022e+00
    41  0.056  1.780110e+00  9.277170e-01 -3.427290e-02  -1.717442e+05   3.210366e+04  -3.789610e-07   4.524670e+02  -1.322153e+03   2.000982e+05  -1.277180e-03   6.102370e-04   3.129909e-04   8.379018e-06  -2.448431e-05   3.705523e-03   1.098838e-03   6.732085e-04   1.078796e-03     0  4.245029e+00
    41  0.167  1.777967e+00  9.194211e-01 -2.570468e-02  -1.698313e+05   3.178745e+04  -3.367823e-07   3.311290e+02  -1.328107e+03   1.994882e+05  -1.263047e-03   6.037302e-04   3.094119e-04   6.132018e-06  -2.459457e-05   3.694226e-03   1.107913e-03   6.660675e-04   1.080641e-03     0  4.234313e+00
    41  0.278  1.775824e+00  9.111252e-01 -1.713645e-02  -1.679183e+05   3.147125e+04  -2.944871e-07   2.094943e+02  -1.328732e+03   1.988781e+05  -1.248914e-03   5.972235e-04   3.058329e-04   3.879523e-06  -2.460614e-05   3.682928e-03   1.116988e-03   6.589265e-04   1.082486e-03     0  4.226492e+00
    41  0.389  1.773680e+00  9.028294e-01 -8.568226e-03  -1.660053e+05   3.115504e+04  -2.522211e-07   8.756285e+01  -1.324027e+03   1.982681e+05  -1.234781e-03   5.907168e-04   3.022539e-04   1.621534e-06  -2.451903e-05   3.671631e-03   1.126063e-03   6.517855e-04   1.084331e-03     0  4.221581e+00
    41  0.500  1.771537e+00  8.945335e-01  0.000000e+00  -1.640924e+05   3.083884e+04  -2.098895e-07  -3.466525e+01  -1.313994e+03   1.976580e+05  -1.220648e-03   5.842101e-04   2.986749e-04  -6.419491e-07  -2.433323e-05   3.660333e-03   1.135137e-03   6.446445e-04   1.086175e-03     0  4.219592e+00
    41  0.611  1.769394e+00  8.862377e-01  8.568226e-03  -1.621794e+05   3.052264e+04  -1.675653e-07  -1.571901e+02  -1.298632e+03   1.970479e+05  -1.206514e-03   5.777034e-04   2.950959e-04  -2.910927e-06  -2.404874e-05   3.649036e-03   1.144212e-03   6.375035e-04   1.088020e-03     0  4.220528e+00
    41  0.722  1.767251e+00  8.779418e-01  1.713645e-02  -1.602664e+05   3.020643e+04  -1.252411e-07  -2.800116e+02  -1.277941e+03   1.964379e+05  -1.192381e-03   5.711967e-04   2.915169e-04  -5.185399e-06  -2.366558e-05   3.637738e-03   1.153287e-03   6.303625e-04   1.089865e-03     0  4.224387e+00
    41  0.833  1.765108e+00  8.696459e-01  2.570468e-02  -1.583534e+05   2.989023e+04  -8.293136e-08  -4.031298e+02  -1.251921e+03   1.958278e+05  -1.178248e-03   5.646899e-04   2.879379e-04  -7.465366e-06  -2.318372e-05   3.626440e-03   1.162361e-03   6.232215e-04   1.091710e-03     0  4.231161e+00
    41  0.944  1.762965e+00  8.613501e-01  3.427290e-02  -1.564405e+05   2.957402e+04  -4.064350e-08  -5.265446e+02  -1.220572e+03   1.952177e+05  -1.164115e-03   5.581832e-04   2.843589e-04  -9.750827e-06  -2.260318e-05   3.615143e-03   1.171436e-03   6.160805e-04   1.093555e-03     0  4.240837e+00
    42  0.056  1.710085e+00  9.457998e-01 -3.427290e-02  -1.772378e+05   3.312704e+04  -3.915484e-07   4.510672e+02  -7.182231e+02   1.998230e+05  -1.318025e-03   6.297319e-04   3.230104e-04   8.353096e-06  -1.330043e-05   3.700426e-03   1.293701e-03   6.448831e-04   1.148418e-03     0  5.178264e+00
    42  0.167  1.707944e+00  9.375035e-01 -2.570468e-02  -1.753239e+05   3.281333e+04  -3.478563e-07   3.300395e+02  -7.061991e+02   1.991829e+05  -1.303891e-03   6.232406e-04   3.194237e-04   6.111843e-06  -1.307776e-05   3.688571e-03   1.302402e-03   6.381968e-04   1.150144e-03     0  5.169463e+00
    42  0.278  1.705802e+00  9.292073e-01 -1.713645e-02  -1.734100e+05   3.249963e+04  -3.042078e-07   2.087621e+02  -6.915763e+02   1.985427e+05  -1.289757e-03   6.167493e-04   3.158369e-04   3.865964e-06  -1.280697e-05   3.676717e-03   1.311102e-03   6.315105e-04   1.151870e-03     0  5.163038e+00
    42  0.389  1.703661e+00  9.209110e-01 -8.568226e-03  -1.714961e+05   3.218592e+04  -2.605375e-07   8.723487e+01  -6.743545e+02   1.979025e+05  -1.275623e-03   6.102580e-04   3.122502e-04   1.615461e-06  -1.248805e-05   3.664862e-03   1.319802e-03   6.248242e-04   1.153596e-03     0  5.158999e+00
    42  0.500  1.701519e+00  9.126147e-01  0.000000e+00  -1.695822e+05   3.187222e+04  -2.168090e-07  -3.454209e+01  -6.545338e+02   1.972624e+05  -1.261489e-03   6.037667e-04   3.086635e-04  -6.396683e-07  -1.212100e-05   3.653007e-03   1.328502e-03   6.181379e-04   1.155322e-03     0  5.157351e+00
    42  0.611  1.699378e+00  9.043184e-01  8.568226e-03  -1.676682e+05   3.155851e+04  -1.730950e-07  -1.565688e+02  -6.321141e+02   1.966222e+05  -1.247355e-03   5.972754e-04   3.050768e-04  -2.899422e-06  -1.170582e-05   3.641152e-03   1.337202e-03   6.114515e-04   1.157048e-03     0  5.158097e+00
    42  0.722  1.697236e+00  8.960221e-01  1.713645e-02  -1.657543e+05   3.124481e+04  -1.293956e-07  -2.788453e+02  -6.070956e+02   1.959821e+05  -1.233221e-03   5.907842e-04   3.014901e-04  -5.163801e-06  -1.124251e-05   3.629297e-03   1.345902e-03   6.047652e-04   1.158773e-03     0  5.161235e+00
    42  0.833  1.695094e+00  8.877258e-01  2.570468e-02  -1.638404e+05   3.093110e+04  -8.574716e-08  -4.013715e+02  -5.794781e+02   1.953419e+05  -1.219086e-03   5.842929e-04   2.979034e-04  -7.432806e-06  -1.073108e-05   3.617443e-03   1.354603e-03   5.980789e-04   1.160499e-03     0  5.166761e+00
    42  0.944  1.692953e+00  8.794295e-01  3.427290e-02  -1.619265e+05   3.061740e+04  -4.203321e-08  -5.241475e+02  -5.492616e+02   1.947017e+05  -1.204952e-03   5.778016e-04   2.943167e-04  -9.706435e-06  -1.017151e-05   3.605588e-03   1.363303e-03   5.913926e-04   1.162225e-03     0  5.174667e+00
    43  0.056  1.639896e+00  9.636875e-01 -3.427290e-02  -1.826886e+05   3.414257e+04  -4.038666e-07   4.463255e+02  -4.349576e+02   1.994711e+05  -1.358553e-03   6.490759e-04   3.329517e-04   8.265287e-06  -8.054771e-06   3.693909e-03   1.488085e-03   6.140812e-04   1.214521e-03     0  6.114116e+00
    43  0.167  1.637805e+00  9.553782e-01 -2.570468e-02  -1.807700e+05   3.383057e+04  -3.588430e-07   3.265935e+02  -4.311981e+02   1.988166e+05  -1.344389e-03   6.425860e-04   3.293505e-04   6.048029e-06  -7.985151e-06   3.681789e-03   1.496412e-03   6.078389e-04   1.216091e-03     0  6.106034e+00
    43  0.278  1.635715e+00  9.470689e-01 -1.713645e-02  -1.788513e+05   3.351858e+04  -3.137684e-07   2.066407e+02  -4.258465e+02   1.981622e+05  -1.330226e-03   6.360961e-04   3.257493e-04   3.826680e-06  -7.886047e-06   3.669670e-03   1.504739e-03   6.015967e-04   1.217662e-03     0  6.099964e+00
    43  0.389  1.633625e+00  9.387595e-01 -8.568226e-03  -1.769327e+05   3.320659e+04  -2.687302e-07   8.646694e+01  -4.189028e+02   1.975077e+05  -1.316062e-03   6.296062e-04   3.221481e-04   1.601240e-06  -7.757459e-06   3.657551e-03   1.513065e-03   5.953545e-04   1.219232e-03     0  6.095915e+00
    43  0.500  1.631534e+00  9.304502e-01  0.000000e+00  -1.750140e+05   3.289460e+04  -2.236702e-07  -3.392772e+01  -4.103669e+02   1.968533e+05  -1.301898e-03   6.231163e-04   3.185469e-04  -6.282912e-07  -7.599387e-06   3.645431e-03   1.521392e-03   5.891123e-04   1.220802e-03     0  6.093889e+00
    43  0.611  1.629444e+00  9.221409e-01  8.568226e-03  -1.730953e+05   3.258261e+04  -1.785738e-07  -1.545433e+02  -4.002389e+02   1.961988e+05  -1.287735e-03   6.166264e-04   3.149457e-04  -2.861913e-06  -7.411831e-06   3.633312e-03   1.529718e-03   5.828701e-04   1.222373e-03     0  6.093888e+00
    43  0.722  1.627353e+00  9.138316e-01  1.713645e-02  -1.711767e+05   3.227062e+04  -1.334993e-07  -2.753798e+02  -3.885187e+02   1.955444e+05  -1.273571e-03   6.101365e-04   3.113445e-04  -5.099625e-06  -7.194791e-06   3.621192e-03   1.538045e-03   5.766279e-04   1.223943e-03     0  6.095913e+00
    43  0.833  1.625263e+00  9.055223e-01  2.570468e-02  -1.692580e+05   3.195863e+04  -8.845382e-08  -3.964372e+02  -3.752064e+02   1.948899e+05  -1.259408e-03   6.036465e-04   3.077433e-04  -7.341429e-06  -6.948267e-06   3.609073e-03   1.546371e-03   5.703857e-04   1.225514e-03     0  6.099962e+00
    43  0.944  1.623173e+00  8.972130e-01  3.427290e-02  -1.673393e+05   3.164663e+04  -4.332833e-08  -5.177154e+02  -3.603020e+02   1.942355e+05  -1.245244e-03   5.971566e-04   3.041421e-04  -9.587323e-06  -6.672260e-06   3.596953e-03   1.554698e-03   5.641435e-04   1.227084e-03     0  6.106030e+00
    44  0.056  1.569676e+00  9.812120e-01 -3.427290e-02  -1.880552e+05   3.514226e+04  -4.160611e-07   4.413202e+02  -4.125679e+02   1.990832e+05  -1.398453e-03   6.681199e-04   3.427395e-04   8.172597e-06  -7.640145e-06   3.686726e-03   1.682822e-03   5.806181e-04   1.276922e-03     0  7.049793e+00
    44  0.167  1.567617e+00  9.728948e-01 -2.570468e-02  -1.861333e+05   3.483228e+04  -3.696987e-07   3.230960e+02  -4.098042e+02   1.984190e+05  -1.384272e-03   6.616369e-04   3.391267e-04   5.983258e-06  -7.588966e-06   3.674427e-03   1.690669e-03   5.748249e-04   1.278356e-03     0  7.042393e+00
    44  0.278  1.565558e+00  9.645777e-01 -1.713645e-02  -1.842115e+05   3.452230e+04  -3.232417e-07   2.046074e+02  -4.055214e+02   1.977549e+05  -1.370091e-03   6.551540e-04   3.355139e-04   3.789025e-06  -7.509655e-06   3.662127e-03   1.698517e-03   5.690317e-04   1.279790e-03     0  7.036741e+00
    44  0.389  1.563499e+00  9.562605e-01 -8.568226e-03  -1.822896e+05   3.421231e+04  -2.768647e-07   8.585443e+01  -3.997195e+02   1.970907e+05  -1.355909e-03   6.486711e-04   3.319011e-04   1.589897e-06  -7.402212e-06   3.649827e-03   1.706364e-03   5.632385e-04   1.281225e-03     0  7.032839e+00
    44  0.500  1.561440e+00  9.479434e-01  0.000000e+00  -1.803678e+05   3.390233e+04  -2.304150e-07  -3.316280e+01  -3.923985e+02   1.964265e+05  -1.341728e-03   6.421881e-04   3.282882e-04  -6.141260e-07  -7.266638e-06   3.637528e-03   1.714212e-03   5.574453e-04   1.282659e-03     0  7.030692e+00
    44  0.611  1.559381e+00  9.396262e-01  8.568226e-03  -1.784460e+05   3.359235e+04  -1.839726e-07  -1.524444e+02  -3.835583e+02   1.957623e+05  -1.327546e-03   6.357052e-04   3.246754e-04  -2.823044e-06  -7.102932e-06   3.625228e-03   1.722059e-03   5.516521e-04   1.284093e-03     0  7.030300e+00
    44  0.722  1.557322e+00  9.313091e-01  1.713645e-02  -1.765241e+05   3.328236e+04  -1.375811e-07  -2.719902e+02  -3.731991e+02   1.950981e+05  -1.313365e-03   6.292222e-04   3.210626e-04  -5.036856e-06  -6.911094e-06   3.612928e-03   1.729907e-03   5.458588e-04   1.285527e-03     0  7.031665e+00
    44  0.833  1.555263e+00  9.229920e-01  2.570468e-02  -1.746023e+05   3.297238e+04  -9.113865e-08  -3.918004e+02  -3.613208e+02   1.944339e+05  -1.299184e-03   6.227393e-04   3.174497e-04  -7.255563e-06  -6.691125e-06   3.600628e-03   1.737754e-03   5.400656e-04   1.286961e-03     0  7.034784e+00
    44  0.944  1.553204e+00  9.146748e-01  3.427290e-02  -1.726804e+05   3.266240e+04  -4.468893e-08  -5.118749e+02  -3.479233e+02   1.937698e+05  -1.285002e-03   6.162563e-04   3.138369e-04  -9.479165e-06  -6.443024e-06   3.588329e-03   1.745602e-03   5.342724e-04   1.288395e-03     0  7.039655e+00
    45  0.056  1.499450e+00  9.985882e-01 -3.427290e-02  -1.933872e+05   3.613541e+04  -4.281756e-07   4.393843e+02  -3.003596e+02   1.986725e+05  -1.438097e-03   6.870405e-04   3.524647e-04   8.136746e-06  -5.562215e-06   3.679121e-03   1.877216e-03   5.446810e-04   1.335741e-03     0  7.985621e+00
    45  0.167  1.497393e+00  9.902705e-01 -2.570468e-02  -1.914644e+05   3.582788e+04  -3.804307e-07   3.217568e+02  -2.895388e+02   1.980014e+05  -1.423914e-03   6.805727e-04   3.488442e-04   5.958459e-06  -5.361829e-06   3.666693e-03   1.884640e-03   5.393422e-04   1.337061e-03     0  7.979064e+00
    45  0.278  1.495336e+00  9.819529e-01 -1.713645e-02  -1.895416e+05   3.552035e+04  -3.326568e-07   2.038398e+02  -2.777823e+02   1.973302e+05  -1.409732e-03   6.741048e-04   3.452238e-04   3.774811e-06  -5.144116e-06   3.654264e-03   1.892064e-03   5.340033e-04   1.338381e-03     0  7.974050e+00
    45  0.389  1.493279e+00  9.736353e-01 -8.568226e-03  -1.876188e+05   3.521282e+04  -2.849119e-07   8.563329e+01  -2.650902e+02   1.966591e+05  -1.395549e-03   6.676370e-04   3.416033e-04   1.585802e-06  -4.909078e-06   3.641835e-03   1.899487e-03   5.286644e-04   1.339702e-03     0  7.970582e+00
    45  0.500  1.491222e+00  9.653176e-01  0.000000e+00  -1.856960e+05   3.490529e+04  -2.371526e-07  -3.286270e+01  -2.514625e+02   1.959879e+05  -1.381367e-03   6.611691e-04   3.379829e-04  -6.085685e-07  -4.656714e-06   3.629406e-03   1.906911e-03   5.233256e-04   1.341022e-03     0  7.968662e+00
    45  0.611  1.489165e+00  9.570000e-01  8.568226e-03  -1.837732e+05   3.459776e+04  -1.893641e-07  -1.516482e+02  -2.368993e+02   1.953168e+05  -1.367184e-03   6.547013e-04   3.343624e-04  -2.808300e-06  -4.387023e-06   3.616977e-03   1.914335e-03   5.179867e-04   1.342342e-03     0  7.968291e+00
    45  0.722  1.487108e+00  9.486823e-01  1.713645e-02  -1.818504e+05   3.429023e+04  -1.415465e-07  -2.707231e+02  -2.214004e+02   1.946456e+05  -1.353002e-03   6.482334e-04   3.307420e-04  -5.013392e-06  -4.100007e-06   3.604549e-03   1.921759e-03   5.126478e-04   1.343663e-03     0  7.969470e+00
    45  0.833  1.485051e+00  9.403647e-01  2.570468e-02  -1.799276e+05   3.398270e+04  -9.380165e-08  -3.900876e+02  -2.049659e+02   1.939745e+05  -1.338819e-03   6.417655e-04   3.271215e-04  -7.223845e-06  -3.795665e-06   3.592120e-03   1.929183e-03   5.073090e-04   1.344983e-03     0  7.972196e+00
    45  0.944  1.482994e+00  9.320470e-01  3.427290e-02  -1.780049e+05   3.367517e+04  -4.594040e-08  -5.097416e+02  -1.875958e+02   1.933033e+05  -1.324637e-03   6.352977e-04   3.235011e-04  -9.439658e-06  -3.473996e-06   3.579691e-03   1.936607e-03   5.019701e-04   1.346303e-03     0  7.976470e+00
    46  0.056  1.429286e+00  1.015928e+00 -3.427290e-02  -1.987096e+05   3.712678e+04  -4.401518e-07   4.367966e+02  -1.931860e+02   1.982350e+05  -1.477669e-03   7.059272e-04   3.621723e-04   8.088827e-06  -3.577519e-06   3.671018e-03   2.070985e-03   5.064924e-04   1.390995e-03     0  8.921042e+00
    46  0.167  1.427231e+00  1.007610e+00 -2.570468e-02  -1.967858e+05   3.682169e+04  -3.911264e-07   3.197547e+02  -1.645973e+02   1.975624e+05  -1.463485e-03   6.994742e-04   3.585441e-04   5.921383e-06  -3.048097e-06   3.658562e-03   2.077972e-03   5.016063e-04   1.392202e-03     0  8.915138e+00
    46  0.278  1.425177e+00  9.992915e-01 -1.713645e-02  -1.948620e+05   3.651659e+04  -3.420719e-07   2.025037e+02  -1.357951e+02   1.968898e+05  -1.449301e-03   6.930212e-04   3.549160e-04   3.750068e-06  -2.514723e-06   3.646107e-03   2.084959e-03   4.967203e-04   1.393408e-03     0  8.910617e+00
    46  0.389  1.423123e+00  9.909732e-01 -8.568226e-03  -1.929382e+05   3.621150e+04  -2.929883e-07   8.504358e+01  -1.067794e+02   1.962171e+05  -1.435117e-03   6.865682e-04   3.512878e-04   1.574881e-06  -1.977397e-06   3.633651e-03   2.091946e-03   4.918342e-04   1.394615e-03     0  8.907479e+00
    46  0.500  1.421068e+00  9.826548e-01  0.000000e+00  -1.910144e+05   3.590641e+04  -2.438319e-07  -3.262559e+01  -7.755040e+01   1.955445e+05  -1.420933e-03   6.801152e-04   3.476597e-04  -6.041776e-07  -1.436119e-06   3.621195e-03   2.098933e-03   4.869482e-04   1.395822e-03     0  8.905726e+00
    46  0.611  1.419014e+00  9.743365e-01  8.568226e-03  -1.890907e+05   3.560132e+04  -1.947046e-07  -1.505038e+02  -4.810793e+01   1.948719e+05  -1.406749e-03   6.736623e-04   3.440315e-04  -2.787108e-06  -8.908877e-07   3.608739e-03   2.105920e-03   4.820621e-04   1.397028e-03     0  8.905360e+00
    46  0.722  1.416960e+00  9.660182e-01  1.713645e-02  -1.871669e+05   3.529622e+04  -1.455701e-07  -2.685911e+02  -1.845205e+01   1.941993e+05  -1.392565e-03   6.672093e-04   3.404034e-04  -4.973910e-06  -3.417046e-07   3.596283e-03   2.112907e-03   4.771761e-04   1.398235e-03     0  8.906379e+00
    46  0.833  1.414906e+00  9.576999e-01  2.570468e-02  -1.852431e+05   3.499113e+04  -9.647920e-08  -3.868875e+02   1.141726e+01   1.935267e+05  -1.378381e-03   6.607563e-04   3.367753e-04  -7.164584e-06   2.114308e-07   3.583827e-03   2.119894e-03   4.722900e-04   1.399441e-03     0  8.908785e+00
    46  0.944  1.412851e+00  9.493816e-01  3.427290e-02  -1.833193e+05   3.468604e+04  -4.733010e-08  -5.053930e+02   4.149999e+01   1.928541e+05  -1.364197e-03   6.543033e-04   3.331471e-04  -9.359129e-06   7.685183e-07   3.571372e-03   2.126881e-03   4.674039e-04   1.400648e-03     0  8.912575e+00
    47  0.056  1.358781e+00  1.032928e+00 -3.427290e-02  -2.039586e+05   3.810464e+04  -4.520844e-07   4.293692e+02  -6.343845e+01   1.977676e+05  -1.516696e-03   7.245546e-04   3.717457e-04   7.951281e-06  -1.174786e-06   3.662362e-03   2.264065e-03   4.658728e-04   1.442631e-03     0  9.846737e+00
    47  0.167  1.356819e+00  1.024588e+00 -2.570468e-02  -2.020272e+05   3.780063e+04  -4.017056e-07   3.144195e+02  -6.310469e+01   1.970968e+05  -1.502462e-03   7.180922e-04   3.680981e-04   5.822583e-06  -1.168605e-06   3.649941e-03   2.270665e-03   4.614273e-04   1.443677e-03     0  9.840096e+00
    47  0.278  1.354856e+00  1.016247e+00 -1.713645e-02  -2.000959e+05   3.749662e+04  -3.512978e-07   1.992727e+02  -6.261781e+01   1.964260e+05  -1.488227e-03   7.116298e-04   3.644505e-04   3.690235e-06  -1.159589e-06   3.637519e-03   2.277265e-03   4.569817e-04   1.444724e-03     0  9.834705e+00
    47  0.389  1.352894e+00  1.007907e+00 -8.568226e-03  -1.981645e+05   3.719261e+04  -3.008754e-07   8.392878e+01  -6.197782e+01   1.957553e+05  -1.473992e-03   7.051674e-04   3.608029e-04   1.554237e-06  -1.147737e-06   3.625097e-03   2.283865e-03   4.525362e-04   1.445770e-03     0  9.830568e+00
    47  0.500  1.350931e+00  9.995663e-01  0.000000e+00  -1.962331e+05   3.688860e+04  -2.504385e-07  -3.161218e+01  -6.118471e+01   1.950845e+05  -1.459757e-03   6.987050e-04   3.571554e-04  -5.854108e-07  -1.133050e-06   3.612676e-03   2.290464e-03   4.480907e-04   1.446816e-03     0  9.827685e+00
    47  0.611  1.348969e+00  9.912258e-01  8.568226e-03  -1.943017e+05   3.658460e+04  -1.999870e-07  -1.473502e+02  -6.023849e+01   1.944137e+05  -1.445522e-03   6.922426e-04   3.535078e-04  -2.728708e-06  -1.115528e-06   3.600254e-03   2.297064e-03   4.436451e-04   1.447862e-03     0  9.826058e+00
    47  0.722  1.347006e+00  9.828854e-01  1.713645e-02  -1.923704e+05   3.628059e+04  -1.495355e-07  -2.632854e+02  -5.913916e+01   1.937430e+05  -1.431287e-03   6.857802e-04   3.498602e-04  -4.875655e-06  -1.095170e-06   3.587833e-03   2.303664e-03   4.391996e-04   1.448908e-03     0  9.825687e+00
    47  0.833  1.345044e+00  9.745449e-01  2.570468e-02  -1.904390e+05   3.597658e+04  -9.906944e-08  -3.794176e+02  -5.788670e+01   1.930722e+05  -1.417052e-03   6.793178e-04   3.462126e-04  -7.026252e-06  -1.071976e-06   3.575411e-03   2.310264e-03   4.347541e-04   1.449954e-03     0  9.826573e+00
    47  0.944  1.343082e+00  9.662045e-01  3.427290e-02  -1.885076e+05   3.567257e+04  -4.851609e-08  -4.957469e+02  -5.648114e+01   1.924014e+05  -1.402817e-03   6.728555e-04   3.425650e-04  -9.180498e-06  -1.045947e-06   3.562989e-03   2.316864e-03   4.303085e-04   1.451000e-03     0  9.828714e+00
    48  0.056  1.288395e+00  1.049431e+00 -3.427290e-02  -2.090893e+05   3.906016e+04  -4.636968e-07   4.236635e+02  -7.705821e+01   1.972776e+05  -1.554843e-03   7.427599e-04   3.811039e-04   7.845620e-06  -1.427004e-06   3.653290e-03   2.457478e-03   4.226304e-04   1.490376e-03     0  8.911394e+00
    48  0.167  1.286446e+00  1.041087e+00 -2.570468e-02  -2.071562e+05   3.875838e+04  -4.120666e-07   3.104842e+02  -6.412063e+01   1.966096e+05  -1.540601e-03   7.363093e-04   3.774474e-04   5.749707e-06  -1.187419e-06   3.640919e-03   2.463621e-03   4.186374e-04   1.491309e-03     0  8.904240e+00
    48  0.278  1.284497e+00  1.032744e+00 -1.713645e-02  -2.052231e+05   3.845661e+04  -3.603345e-07   1.970299e+02  -5.118024e+01   1.959416e+05  -1.526359e-03   7.298587e-04   3.737909e-04   3.648703e-06  -9.477822e-07   3.628548e-03   2.469764e-03   4.146444e-04   1.492241e-03     0  8.898469e+00
    48  0.389  1.282547e+00  1.024400e+00 -8.568226e-03  -2.032900e+05   3.815483e+04  -3.086607e-07   8.330083e+01  -3.823706e+01   1.952736e+05  -1.512117e-03   7.234081e-04   3.701345e-04   1.542608e-06  -7.080936e-07   3.616177e-03   2.475907e-03   4.106514e-04   1.493174e-03     0  8.894081e+00
    48  0.500  1.280598e+00  1.016056e+00  0.000000e+00  -2.013569e+05   3.785306e+04  -2.568995e-07  -3.070320e+01  -2.529107e+01   1.946056e+05  -1.497875e-03   7.169575e-04   3.664780e-04  -5.685778e-07  -4.683532e-07   3.603807e-03   2.482051e-03   4.066584e-04   1.494107e-03     0  8.891081e+00
    48  0.611  1.278649e+00  1.007713e+00  8.568226e-03  -1.994237e+05   3.755129e+04  -2.051092e-07  -1.449821e+02  -1.234229e+01   1.939375e+05  -1.483632e-03   7.105069e-04   3.628215e-04  -2.684854e-06  -2.285609e-07   3.591436e-03   2.488194e-03   4.026654e-04   1.495040e-03     0  8.889468e+00
    48  0.722  1.276700e+00  9.993693e-01  1.713645e-02  -1.974906e+05   3.724951e+04  -1.533917e-07  -2.595360e+02   6.092939e-01   1.932695e+05  -1.469390e-03   7.040563e-04   3.591650e-04  -4.806222e-06   1.128322e-08   3.579065e-03   2.494337e-03   3.986724e-04   1.495973e-03     0  8.889243e+00
    48  0.833  1.274750e+00  9.910258e-01  2.570468e-02  -1.955575e+05   3.694774e+04  -1.016451e-07  -3.743647e+02   1.356368e+01   1.926015e+05  -1.455148e-03   6.976057e-04   3.555085e-04  -6.932680e-06   2.511792e-07   3.566694e-03   2.500481e-03   3.946794e-04   1.496906e-03     0  8.890408e+00
    48  0.944  1.272801e+00  9.826822e-01  3.427290e-02  -1.936244e+05   3.664596e+04  -4.985486e-08  -4.894684e+02   2.652086e+01   1.919335e+05  -1.440906e-03   6.911551e-04   3.518520e-04  -9.064229e-06   4.911270e-07   3.554324e-03   2.506624e-03   3.906864e-04   1.497839e-03     0  8.892961e+00
    49  0.056  1.217957e+00  1.065880e+00 -3.427290e-02  -2.142086e+05   4.001350e+04  -4.753965e-07   4.221030e+02  -3.683827e+01   1.967740e+05  -1.592904e-03   7.609243e-04   3.904414e-04   7.816723e-06  -6.821902e-07   3.643963e-03   2.650483e-03   3.771133e-04   1.534585e-03     0  7.976002e+00
    49  0.167  1.216009e+00  1.057536e+00 -2.570468e-02  -2.122746e+05   3.971413e+04  -4.223984e-07   3.093409e+02  -1.619109e+01   1.961106e+05  -1.578662e-03   7.544887e-04   3.867776e-04   5.728536e-06  -2.998350e-07   3.631677e-03   2.656203e-03   3.735739e-04   1.535412e-03     0  7.968028e+00
    49  0.278  1.214062e+00  1.049193e+00 -1.713645e-02  -2.103406e+05   3.941477e+04  -3.694295e-07   1.963177e+02   4.171520e+00   1.954471e+05  -1.564419e-03   7.480530e-04   3.831137e-04   3.635514e-06   7.725036e-08   3.619391e-03   2.661922e-03   3.700346e-04   1.536238e-03     0  7.961597e+00
    49  0.389  1.212114e+00  1.040849e+00 -8.568226e-03  -2.084066e+05   3.911540e+04  -3.164023e-07   8.303346e+01   2.424955e+01   1.947837e+05  -1.550176e-03   7.416173e-04   3.794499e-04   1.537657e-06   4.490657e-07   3.607106e-03   2.667642e-03   3.664953e-04   1.537064e-03     0  7.956712e+00
    49  0.500  1.210166e+00  1.032505e+00  0.000000e+00  -2.064726e+05   3.881603e+04  -2.633315e-07  -3.051193e+01   4.404300e+01   1.941203e+05  -1.535933e-03   7.351817e-04   3.757861e-04  -5.650357e-07   8.156111e-07   3.594820e-03   2.673362e-03   3.629559e-04   1.537891e-03     0  7.953377e+00
    49  0.611  1.208218e+00  1.024161e+00  8.568226e-03  -2.045386e+05   3.851667e+04  -2.102752e-07  -1.443184e+02   6.355187e+01   1.934569e+05  -1.521690e-03   7.287460e-04   3.721222e-04  -2.672563e-06   1.176887e-06   3.582534e-03   2.679081e-03   3.594166e-04   1.538717e-03     0  7.951593e+00
    49  0.722  1.206270e+00  1.015817e+00  1.713645e-02  -2.026047e+05   3.821730e+04  -1.572189e-07  -2.583860e+02   8.277617e+01   1.927934e+05  -1.507447e-03   7.223104e-04   3.684584e-04  -4.784926e-06   1.532892e-06   3.570249e-03   2.684801e-03   3.558773e-04   1.539543e-03     0  7.951361e+00
    49  0.833  1.204322e+00  1.007473e+00  2.570468e-02  -2.006707e+05   3.791793e+04  -1.042208e-07  -3.727147e+02   1.017159e+02   1.921300e+05  -1.493205e-03   7.158747e-04   3.647945e-04  -6.902123e-06   1.883627e-06   3.557963e-03   2.690521e-03   3.523379e-04   1.540369e-03     0  7.952682e+00
    49  0.944  1.202374e+00  9.991293e-01  3.427290e-02  -1.987367e+05   3.761857e+04  -5.114998e-08  -4.873044e+02   1.203710e+02   1.914666e+05  -1.478962e-03   7.094390e-04   3.611307e-04  -9.024156e-06   2.229093e-06   3.545678e-03   2.696240e-03   3.487986e-04   1.541196e-03     0  7.955555e+00
    50  0.056  1.147519e+00  1.082197e+00 -3.427290e-02  -2.192966e+05   4.096108e+04  -4.869216e-07   4.170329e+02  -1.157586e+02   1.962627e+05  -1.630734e-03   7.789783e-04   3.997219e-04   7.722831e-06  -2.143677e-06   3.634494e-03   2.842861e-03   3.294628e-04   1.575147e-03     0  7.041539e+00
    50  0.167  1.145600e+00  1.073846e+00 -2.570468e-02  -2.173598e+05   4.066371e+04  -4.326866e-07   3.055408e+02  -8.677300e+01   1.956043e+05  -1.616476e-03   7.725503e-04   3.960472e-04   5.658163e-06  -1.606907e-06   3.622302e-03   2.848101e-03   3.263731e-04   1.575857e-03     0  7.032912e+00
    50  0.278  1.143681e+00  1.065495e+00 -1.713645e-02  -2.154230e+05   4.036634e+04  -3.783643e-07   1.938797e+02  -5.788908e+01   1.949459e+05  -1.602217e-03   7.661224e-04   3.923725e-04   3.590365e-06  -1.072020e-06   3.610109e-03   2.853341e-03   3.232834e-04   1.576568e-03     0  7.026033e+00
    50  0.389  1.141762e+00  1.057145e+00 -8.568226e-03  -2.134861e+05   4.006898e+04  -3.241294e-07   8.204955e+01  -2.910681e+01   1.942875e+05  -1.587959e-03   7.596944e-04   3.886978e-04   1.519436e-06  -5.390150e-07   3.597917e-03   2.858581e-03   3.201938e-04   1.577278e-03     0  7.020905e+00
    50  0.500  1.139843e+00  1.048794e+00  0.000000e+00  -2.115493e+05   3.977161e+04  -2.697780e-07  -2.994965e+01  -4.262038e-01   1.936291e+05  -1.573701e-03   7.532664e-04   3.850231e-04  -5.546231e-07  -7.892664e-09   3.585725e-03   2.863821e-03   3.171041e-04   1.577988e-03     0  7.017533e+00
    50  0.611  1.137923e+00  1.040444e+00  8.568226e-03  -2.096125e+05   3.947424e+04  -2.154120e-07  -1.421179e+02   2.815275e+01   1.929707e+05  -1.559443e-03   7.468384e-04   3.813485e-04  -2.631813e-06   5.213472e-07   3.573532e-03   2.869061e-03   3.140144e-04   1.578698e-03     0  7.015919e+00
    50  0.722  1.136004e+00  1.032093e+00  1.713645e-02  -2.076757e+05   3.917687e+04  -1.610606e-07  -2.544552e+02   5.663004e+01   1.923124e+05  -1.545184e-03   7.404104e-04   3.776738e-04  -4.712133e-06   1.048705e-06   3.561340e-03   2.874301e-03   3.109248e-04   1.579408e-03     0  7.016064e+00
    50  0.833  1.134085e+00  1.023743e+00  2.570468e-02  -2.057388e+05   3.887951e+04  -1.067383e-07  -3.669615e+02   8.500568e+01   1.916540e+05  -1.530926e-03   7.339824e-04   3.739991e-04  -6.795583e-06   1.574179e-06   3.549148e-03   2.879541e-03   3.078351e-04   1.580118e-03     0  7.017969e+00
    50  0.944  1.132166e+00  1.015392e+00  3.427290e-02  -2.038020e+05   3.858214e+04  -5.234324e-08  -4.796369e+02   1.132797e+02   1.909956e+05  -1.516668e-03   7.275544e-04   3.703244e-04  -8.882164e-06   2.097772e-06   3.536955e-03   2.884781e-03   3.047454e-04   1.580828e-03     0  7.021632e+00
    51  0.056  1.076720e+00  1.097982e+00 -3.427290e-02  -2.242671e+05   4.188685e+04  -4.981994e-07   4.072684e+02   2.777225e+01   1.957340e+05  -1.667689e-03   7.966159e-04   4.087877e-04   7.542007e-06   5.143009e-07   3.624703e-03   3.034308e-03   2.794656e-04   1.611824e-03     0  6.104272e+00
    51  0.167  1.074910e+00  1.089607e+00 -2.570468e-02  -2.223219e+05   4.159033e+04  -4.426984e-07   2.985921e+02   2.668679e+01   1.950802e+05  -1.653374e-03   7.901750e-04   4.050923e-04   5.529483e-06   4.941998e-07   3.612597e-03   3.039188e-03   2.768204e-04   1.612396e-03     0  6.095876e+00
    51  0.278  1.073100e+00  1.081232e+00 -1.713645e-02  -2.203767e+05   4.129381e+04  -3.871537e-07   1.897275e+02   2.541336e+01   1.944265e+05  -1.639059e-03   7.837342e-04   4.013970e-04   3.513471e-06   4.706177e-07   3.600490e-03   3.044068e-03   2.741751e-04   1.612968e-03     0  6.089497e+00
    51  0.389  1.071289e+00  1.072858e+00 -8.568226e-03  -2.184315e+05   4.099728e+04  -3.315945e-07   8.067450e+01   2.395195e+01   1.937727e+05  -1.624744e-03   7.772933e-04   3.977016e-04   1.493972e-06   4.435546e-07   3.588383e-03   3.048949e-03   2.715298e-04   1.613539e-03     0  6.085140e+00
    51  0.500  1.069479e+00  1.064483e+00  0.000000e+00  -2.164863e+05   4.070076e+04  -2.759771e-07  -2.856677e+01   2.230257e+01   1.931189e+05  -1.610429e-03   7.708524e-04   3.940062e-04  -5.290142e-07   4.130105e-07   3.576277e-03   3.053829e-03   2.688846e-04   1.614111e-03     0  6.082809e+00
    51  0.611  1.067669e+00  1.056108e+00  8.568226e-03  -2.145411e+05   4.040424e+04  -2.204033e-07  -1.379964e+02   2.046521e+01   1.924652e+05  -1.596113e-03   7.644116e-04   3.903109e-04  -2.555488e-06   3.789854e-07   3.564170e-03   3.058709e-03   2.662393e-04   1.614683e-03     0  6.082508e+00
    51  0.722  1.065859e+00  1.047733e+00  1.713645e-02  -2.125958e+05   4.010771e+04  -1.648004e-07  -2.476143e+02   1.843989e+01   1.918114e+05  -1.581798e-03   7.579707e-04   3.866155e-04  -4.585450e-06   3.414794e-07   3.552063e-03   3.063589e-03   2.635940e-04   1.615255e-03     0  6.084237e+00
    51  0.833  1.064049e+00  1.039358e+00  2.570468e-02  -2.106506e+05   3.981119e+04  -1.092121e-07  -3.574205e+02   1.622658e+01   1.911577e+05  -1.567483e-03   7.515299e-04   3.829201e-04  -6.618898e-06   3.004923e-07   3.539957e-03   3.068469e-03   2.609488e-04   1.615826e-03     0  6.087993e+00
    51  0.944  1.062239e+00  1.030983e+00  3.427290e-02  -2.087054e+05   3.951467e+04  -5.359470e-08  -4.674151e+02   1.382531e+01   1.905039e+05  -1.553168e-03   7.450890e-04   3.792248e-04  -8.655834e-06   2.560243e-07   3.527850e-03   3.073349e-03   2.583035e-04   1.616398e-03     0  6.093773e+00
    52  0.056  1.006095e+00  1.113237e+00 -3.427290e-02  -2.291106e+05   4.278860e+04  -5.091424e-07   4.014984e+02   2.158162e+02   1.951678e+05  -1.703700e-03   8.138001e-04   4.176227e-04   7.435155e-06   3.996596e-06   3.614218e-03   3.226037e-03   2.270170e-04   1.644540e-03     0  5.171254e+00
    52  0.167  1.004286e+00  1.104862e+00 -2.570468e-02  -2.271645e+05   4.249440e+04  -4.524190e-07   2.946247e+02   2.377666e+02   1.945238e+05  -1.689384e-03   8.073736e-04   4.139201e-04   5.456013e-06   4.403084e-06   3.602293e-03   3.230507e-03   2.248260e-04   1.645013e-03     0  5.161369e+00
    52  0.278  1.002478e+00  1.096487e+00 -1.713645e-02  -2.252184e+05   4.220021e+04  -3.956811e-07   1.874762e+02   2.583941e+02   1.938799e+05  -1.675067e-03   8.009470e-04   4.102176e-04   3.471781e-06   4.785076e-06   3.590368e-03   3.234977e-03   2.226349e-04   1.645486e-03     0  5.153862e+00
    52  0.389  1.000670e+00  1.088112e+00 -8.568226e-03  -2.232723e+05   4.190601e+04  -3.389141e-07   8.005278e+01   2.776989e+02   1.932359e+05  -1.660751e-03   7.945205e-04   4.065150e-04   1.482459e-06   5.142572e-06   3.578443e-03   3.239446e-03   2.204438e-04   1.645959e-03     0  5.148742e+00
    52  0.500  9.988623e-01  1.079736e+00  0.000000e+00  -2.213262e+05   4.161181e+04  -2.820889e-07  -2.764547e+01   2.956808e+02   1.925920e+05  -1.646435e-03   7.880940e-04   4.028124e-04  -5.119531e-07   5.475570e-06   3.566518e-03   3.243916e-03   2.182528e-04   1.646432e-03     0  5.146016e+00
    52  0.611  9.970542e-01  1.071361e+00  8.568226e-03  -2.193801e+05   4.131761e+04  -2.252345e-07  -1.356186e+02   3.123399e+02   1.919480e+05  -1.632119e-03   7.816675e-04   3.991099e-04  -2.511455e-06   5.784072e-06   3.554593e-03   3.248386e-03   2.160617e-04   1.646905e-03     0  5.145689e+00
    52  0.722  9.952462e-01  1.062986e+00  1.713645e-02  -2.174340e+05   4.102342e+04  -1.684384e-07  -2.438665e+02   3.276761e+02   1.913040e+05  -1.617803e-03   7.752409e-04   3.954073e-04  -4.516047e-06   6.068077e-06   3.542668e-03   3.252856e-03   2.138707e-04   1.647378e-03     0  5.147761e+00
    52  0.833  9.934381e-01  1.054610e+00  2.570468e-02  -2.154879e+05   4.072922e+04  -1.116714e-07  -3.523893e+02   3.416896e+02   1.906601e+05  -1.603486e-03   7.688144e-04   3.917047e-04  -6.525728e-06   6.327585e-06   3.530742e-03   3.257326e-03   2.116796e-04   1.647851e-03     0  5.152228e+00
    52  0.944  9.916301e-01  1.046235e+00  3.427290e-02  -2.135418e+05   4.043502e+04  -5.484617e-08  -4.611870e+02   3.543802e+02   1.900161e+05  -1.589170e-03   7.623879e-04   3.880021e-04  -8.540500e-06   6.562596e-06   3.518817e-03   3.261795e-03   2.094885e-04   1.648324e-03     0  5.159085e+00
    53  0.056  9.354382e-01  1.128479e+00 -3.427290e-02  -2.339514e+05   4.368985e+04  -5.201291e-07   3.989489e+02   1.956678e+02   1.945795e+05  -1.739691e-03   8.309748e-04   4.264528e-04   7.387942e-06   3.623477e-06   3.603325e-03   3.417141e-03   1.725049e-04   1.673691e-03     0  4.239593e+00
    53  0.167  9.336328e-01  1.120103e+00 -2.570468e-02  -2.320043e+05   4.339797e+04  -4.622416e-07   2.926723e+02   2.297140e+02   1.939507e+05  -1.725373e-03   8.245625e-04   4.227430e-04   5.419858e-06   4.253963e-06   3.591679e-03   3.421225e-03   1.707672e-04   1.674066e-03     0  4.227570e+00
    53  0.278  9.318274e-01  1.111727e+00 -1.713645e-02  -2.300573e+05   4.310609e+04  -4.041940e-07   1.861897e+02   2.623217e+02   1.933218e+05  -1.711055e-03   8.181501e-04   4.190331e-04   3.447957e-06   4.857810e-06   3.580033e-03   3.425309e-03   1.690295e-04   1.674440e-03     0  4.218440e+00
    53  0.389  9.300220e-01  1.103351e+00 -8.568226e-03  -2.281103e+05   4.281421e+04  -3.462337e-07   7.950106e+01   2.934910e+02   1.926929e+05  -1.696738e-03   8.117378e-04   4.153233e-04   1.472242e-06   5.435018e-06   3.568387e-03   3.429392e-03   1.672918e-04   1.674815e-03     0  4.212223e+00
    53  0.500  9.282166e-01  1.094975e+00  0.000000e+00  -2.261633e+05   4.252233e+04  -2.881861e-07  -2.739360e+01   3.232217e+02   1.920640e+05  -1.682420e-03   8.053254e-04   4.116134e-04  -5.072889e-07   5.985588e-06   3.556741e-03   3.433476e-03   1.655542e-04   1.675189e-03     0  4.208930e+00
    53  0.611  9.264113e-01  1.086600e+00  8.568226e-03  -2.242162e+05   4.223044e+04  -2.301531e-07  -1.344943e+02   3.515140e+02   1.914351e+05  -1.668103e-03   7.989130e-04   4.079036e-04  -2.490635e-06   6.509519e-06   3.545095e-03   3.437559e-03   1.638165e-04   1.675564e-03     0  4.208569e+00
    53  0.722  9.246059e-01  1.078224e+00  1.713645e-02  -2.222692e+05   4.193856e+04  -1.721201e-07  -2.418010e+02   3.783678e+02   1.908063e+05  -1.653785e-03   7.925007e-04   4.041937e-04  -4.477797e-06   7.006811e-06   3.533449e-03   3.441643e-03   1.620788e-04   1.675938e-03     0  4.211141e+00
    53  0.833  9.228005e-01  1.069848e+00  2.570468e-02  -2.203222e+05   4.164668e+04  -1.141016e-07  -3.493138e+02   4.037831e+02   1.901774e+05  -1.639468e-03   7.860883e-04   4.004839e-04  -6.468773e-06   7.477465e-06   3.521803e-03   3.445727e-03   1.603411e-04   1.676313e-03     0  4.216641e+00
    53  0.944  9.209951e-01  1.061472e+00  3.427290e-02  -2.183751e+05   4.135480e+04  -5.598122e-08  -4.570325e+02   4.277599e+02   1.895485e+05  -1.625150e-03   7.796760e-04   3.967740e-04  -8.463566e-06   7.921479e-06   3.510158e-03   3.449810e-03   1.586034e-04   1.676687e-03     0  4.225056e+00
    54  0.056  8.645527e-01  1.143374e+00 -3.427290e-02  -2.387153e+05   4.457692e+04  -5.309557e-07   3.899269e+02  -8.240332e+01   1.940025e+05  -1.775110e-03   8.478779e-04   4.351425e-04   7.220868e-06  -1.525987e-06   3.592639e-03   3.607999e-03   1.160017e-04   1.698967e-03     0  3.308426e+00
    54  0.167  8.628343e-01  1.134980e+00 -2.570468e-02  -2.367617e+05   4.428619e+04  -4.717731e-07   2.860928e+02  -6.675699e+01   1.933831e+05  -1.760749e-03   8.414589e-04   4.314154e-04   5.298016e-06  -1.236241e-06   3.581169e-03   3.611524e-03   1.147133e-04   1.699231e-03     0  3.294314e+00
    54  0.278  8.611159e-01  1.126586e+00 -1.713645e-02  -2.348081e+05   4.399547e+04  -4.126196e-07   1.821191e+02  -5.112524e+01   1.927638e+05  -1.746388e-03   8.350399e-04   4.276882e-04   3.372575e-06  -9.467637e-07   3.569700e-03   3.615049e-03   1.134248e-04   1.699494e-03     0  3.283903e+00
    54  0.389  8.593975e-01  1.118192e+00 -8.568226e-03  -2.328546e+05   4.370474e+04  -3.534224e-07   7.800557e+01  -3.550805e+01   1.921445e+05  -1.732027e-03   8.286210e-04   4.239611e-04   1.444548e-06  -6.575564e-07   3.558231e-03   3.618575e-03   1.121364e-04   1.699758e-03     0  3.277228e+00
    54  0.500  8.576791e-01  1.109798e+00  0.000000e+00  -2.309010e+05   4.341402e+04  -2.941815e-07  -2.624765e+01  -1.990542e+01   1.915251e+05  -1.717666e-03   8.222020e-04   4.202339e-04  -4.860676e-07  -3.686189e-07   3.546762e-03   3.622100e-03   1.108479e-04   1.700022e-03     0  3.274312e+00
    54  0.611  8.559607e-01  1.101404e+00  8.568226e-03  -2.289474e+05   4.312329e+04  -2.348970e-07  -1.306406e+02  -4.317363e+00   1.909058e+05  -1.703305e-03   8.157830e-04   4.165068e-04  -2.419270e-06  -7.995117e-08   3.535293e-03   3.625625e-03   1.095595e-04   1.700286e-03     0  3.275165e+00
    54  0.722  8.542422e-01  1.093009e+00  1.713645e-02  -2.269938e+05   4.283256e+04  -1.756853e-07  -2.351733e+02   1.125613e+01   1.902865e+05  -1.688944e-03   8.093641e-04   4.127796e-04  -4.355060e-06   2.084469e-07   3.523824e-03   3.629151e-03   1.082711e-04   1.700549e-03     0  3.279784e+00
    54  0.833  8.525238e-01  1.084615e+00  2.570468e-02  -2.250402e+05   4.254184e+04  -1.165172e-07  -3.398457e+02   2.681506e+01   1.896671e+05  -1.674583e-03   8.029451e-04   4.090525e-04  -6.293438e-06   4.965752e-07   3.512355e-03   3.632676e-03   1.069826e-04   1.700813e-03     0  3.288153e+00
    54  0.944  8.508054e-01  1.076221e+00  3.427290e-02  -2.230866e+05   4.225111e+04  -5.720358e-08  -4.446578e+02   4.235942e+01   1.890478e+05  -1.660222e-03   7.965261e-04   4.053253e-04  -8.234403e-06   7.844338e-07   3.500885e-03   3.636201e-03   1.056942e-04   1.701077e-03     0  3.300244e+00
    55  0.056  7.935291e-01  1.157544e+00 -3.427290e-02  -2.433122e+05   4.543272e+04  -5.414186e-07   3.791611e+02   3.255913e+01   1.934243e+05  -1.809287e-03   8.641870e-04   4.435278e-04   7.021501e-06   6.029469e-07   3.581932e-03   3.797595e-03   5.729865e-05   1.720056e-03     0  2.381874e+00
    55  0.167  7.918946e-01  1.149133e+00 -2.570468e-02  -2.413525e+05   4.514319e+04  -4.810718e-07   2.785081e+02   3.906367e+01   1.928099e+05  -1.794886e-03   8.577627e-04   4.397843e-04   5.157557e-06   7.234012e-07   3.570553e-03   3.800799e-03   5.646202e-05   1.720219e-03     0  2.363552e+00
    55  0.278  7.902601e-01  1.140722e+00 -1.713645e-02  -2.393928e+05   4.485366e+04  -4.207104e-07   1.776524e+02   4.524003e+01   1.921954e+05  -1.780484e-03   8.513383e-04   4.360407e-04   3.289860e-06   8.377783e-07   3.559174e-03   3.804003e-03   5.562539e-05   1.720381e-03     0  2.350345e+00
    55  0.389  7.886257e-01  1.132312e+00 -8.568226e-03  -2.374331e+05   4.456412e+04  -3.603345e-07   7.659420e+01   5.108822e+01   1.915810e+05  -1.766083e-03   8.449140e-04   4.322971e-04   1.418411e-06   9.460782e-07   3.547795e-03   3.807207e-03   5.478876e-05   1.720544e-03     0  2.342341e+00
    55  0.500  7.869912e-01  1.123901e+00  0.000000e+00  -2.354733e+05   4.427459e+04  -2.999150e-07  -2.466665e+01   5.660825e+01   1.909665e+05  -1.751682e-03   8.384896e-04   4.285535e-04  -4.567899e-07   1.048301e-06   3.536417e-03   3.810410e-03   5.395213e-05   1.720707e-03     0  2.339591e+00
    55  0.611  7.853567e-01  1.115490e+00  8.568226e-03  -2.335136e+05   4.398506e+04  -2.395391e-07  -1.261301e+02   6.180010e+01   1.903520e+05  -1.737280e-03   8.320653e-04   4.248099e-04  -2.335743e-06   1.144446e-06   3.525038e-03   3.813614e-03   5.311551e-05   1.720869e-03     0  2.342116e+00
    55  0.722  7.837222e-01  1.107079e+00  1.713645e-02  -2.315539e+05   4.369553e+04  -1.791486e-07  -2.277962e+02   6.666378e+01   1.897376e+05  -1.722879e-03   8.256409e-04   4.210664e-04  -4.218449e-06   1.234514e-06   3.513659e-03   3.816818e-03   5.227888e-05   1.721032e-03     0  2.349897e+00
    55  0.833  7.820878e-01  1.098668e+00  2.570468e-02  -2.295941e+05   4.340599e+04  -1.187291e-07  -3.296649e+02   7.119929e+01   1.891231e+05  -1.708477e-03   8.192166e-04   4.173228e-04  -6.104906e-06   1.318505e-06   3.502281e-03   3.820022e-03   5.144225e-05   1.721194e-03     0  2.362883e+00
    55  0.944  7.804533e-01  1.090257e+00  3.427290e-02  -2.276344e+05   4.311646e+04  -5.823676e-08  -4.317363e+02   7.540662e+01   1.885087e+05  -1.694076e-03   8.127922e-04   4.135792e-04  -7.995116e-06   1.396419e-06   3.490902e-03   3.823225e-03   5.060562e-05   1.721357e-03     0  2.380989e+00
    56  0.056  7.225813e-01  1.171316e+00 -3.427290e-02  -2.478149e+05   4.627069e+04  -5.515758e-07   3.742484e+02   5.601429e+02   1.927880e+05  -1.842763e-03   8.801597e-04   4.517418e-04   6.930525e-06   1.037302e-05   3.570147e-03   3.987314e-03  -3.563932e-06   1.737240e-03     0  1.471781e+00
    56  0.167  7.209503e-01  1.162905e+00 -2.570468e-02  -2.458542e+05   4.598338e+04  -4.901376e-07   2.750866e+02   5.912393e+02   1.921904e+05  -1.828360e-03   8.737489e-04   4.479911e-04   5.094196e-06   1.094888e-05   3.559082e-03   3.990154e-03  -3.945382e-06   1.737314e-03     0  1.441999e+00
    56  0.278  7.193192e-01  1.154493e+00 -1.713645e-02  -2.438935e+05   4.569607e+04  -4.286703e-07   1.756706e+02   6.194770e+02   1.915929e+05  -1.813957e-03   8.673380e-04   4.442405e-04   3.253159e-06   1.147180e-05   3.548016e-03   3.992994e-03  -4.326831e-06   1.737388e-03     0  1.420308e+00
    56  0.389  7.176881e-01  1.146082e+00 -8.568226e-03  -2.419329e+05   4.540876e+04  -3.671594e-07   7.600034e+01   6.448560e+02   1.909953e+05  -1.799554e-03   8.609271e-04   4.404898e-04   1.407414e-06   1.194178e-05   3.536950e-03   3.995835e-03  -4.708281e-06   1.737462e-03     0  1.407083e+00
    56  0.500  7.160571e-01  1.137670e+00  0.000000e+00  -2.399722e+05   4.512145e+04  -3.056193e-07  -2.392418e+01   6.673764e+02   1.903978e+05  -1.785151e-03   8.545163e-04   4.367392e-04  -4.430403e-07   1.235882e-05   3.525884e-03   3.998675e-03  -5.089730e-06   1.737536e-03     0  1.402561e+00
    56  0.611  7.144260e-01  1.129259e+00  8.568226e-03  -2.380115e+05   4.483413e+04  -2.440356e-07  -1.241029e+02   6.870380e+02   1.898002e+05  -1.770748e-03   8.481054e-04   4.329885e-04  -2.298203e-06   1.272293e-05   3.514819e-03   4.001515e-03  -5.471180e-06   1.737610e-03     0  1.406828e+00
    56  0.722  7.127950e-01  1.120847e+00  1.713645e-02  -2.360509e+05   4.454682e+04  -1.825101e-07  -2.245360e+02   7.038410e+02   1.892027e+05  -1.756345e-03   8.416945e-04   4.292378e-04  -4.158073e-06   1.303409e-05   3.503753e-03   4.004355e-03  -5.852630e-06   1.737684e-03     0  1.419805e+00
    56  0.833  7.111639e-01  1.112436e+00  2.570468e-02  -2.340902e+05   4.425951e+04  -1.210283e-07  -3.252232e+02   7.177853e+02   1.886051e+05  -1.741942e-03   8.352836e-04   4.254872e-04  -6.022652e-06   1.329232e-05   3.492687e-03   4.007196e-03  -6.234079e-06   1.737758e-03     0  1.441255e+00
    56  0.944  7.095329e-01  1.104024e+00  3.427290e-02  -2.321295e+05   4.397220e+04  -5.953189e-08  -4.261648e+02   7.288710e+02   1.880076e+05  -1.727539e-03   8.288728e-04   4.217365e-04  -7.891940e-06   1.349761e-05   3.481622e-03   4.010036e-03  -6.615529e-06   1.737832e-03     0  1.470809e+00
    57  0.056  6.516681e-01  1.185004e+00 -3.427290e-02  -2.522970e+05   4.710487e+04  -5.617039e-07   3.687434e+02   5.570689e+02   1.921060e+05  -1.876086e-03   8.960599e-04   4.599184e-04   6.828581e-06   1.031609e-05   3.557518e-03   4.175951e-03  -6.622823e-05   1.750732e-03     1  6.445163e-01
    57  0.167  6.500516e-01  1.176589e+00 -2.570468e-02  -2.503347e+05   4.681963e+04  -4.991743e-07   2.709380e+02   6.043747e+02   1.915370e+05  -1.861676e-03   8.896599e-04   4.561594e-04   5.017371e-06   1.119212e-05   3.546982e-03   4.178479e-03  -6.615587e-05   1.750718e-03     1  5.735691e-01
    57  0.278  6.484350e-01  1.168175e+00 -1.713645e-02  -2.483724e+05   4.653439e+04  -4.365575e-07   1.729912e+02   6.485698e+02   1.909681e+05  -1.847267e-03   8.832599e-04   4.524005e-04   3.203541e-06   1.201055e-05   3.536446e-03   4.181007e-03  -6.608351e-05   1.750704e-03     1  5.169653e-01
    57  0.389  6.468185e-01  1.159761e+00 -8.568226e-03  -2.464101e+05   4.624915e+04  -3.739551e-07   7.490296e+01   6.896541e+02   1.903991e+05  -1.832857e-03   8.768599e-04   4.486415e-04   1.387092e-06   1.277137e-05   3.525909e-03   4.183535e-03  -6.601116e-05   1.750690e-03     1  4.798083e-01
    57  0.500  6.452019e-01  1.151346e+00  0.000000e+00  -2.444478e+05   4.596391e+04  -3.112800e-07  -2.332670e+01   7.276278e+02   1.898301e+05  -1.818447e-03   8.704599e-04   4.448825e-04  -4.319760e-07   1.347459e-05   3.515373e-03   4.186063e-03  -6.593880e-05   1.750676e-03     1  4.667658e-01
    57  0.611  6.435853e-01  1.142932e+00  8.568226e-03  -2.424855e+05   4.567867e+04  -2.485758e-07  -1.216978e+02   7.624907e+02   1.892612e+05  -1.804037e-03   8.640599e-04   4.411236e-04  -2.253663e-06   1.412020e-05   3.504837e-03   4.188591e-03  -6.586644e-05   1.750663e-03     1  4.798083e-01
    57  0.722  6.419688e-01  1.134518e+00  1.713645e-02  -2.405232e+05   4.539343e+04  -1.859007e-07  -2.202103e+02   7.942429e+02   1.886922e+05  -1.789627e-03   8.576600e-04   4.373646e-04  -4.077969e-06   1.470820e-05   3.494300e-03   4.191119e-03  -6.579408e-05   1.750649e-03     1  5.169653e-01
    57  0.833  6.403522e-01  1.126103e+00  2.570468e-02  -2.385609e+05   4.510819e+04  -1.232984e-07  -3.188643e+02   8.228844e+02   1.881232e+05  -1.775217e-03   8.512600e-04   4.336056e-04  -5.904894e-06   1.523860e-05   3.483764e-03   4.193648e-03  -6.572172e-05   1.750635e-03     1  5.735691e-01
    57  0.944  6.387357e-01  1.117689e+00  3.427290e-02  -2.365986e+05   4.482295e+04  -6.059418e-08  -4.176596e+02   8.484152e+02   1.875543e+05  -1.760808e-03   8.448600e-04   4.298467e-04  -7.734437e-06   1.571139e-05   3.473228e-03   4.196176e-03  -6.564937e-05   1.750621e-03     1  6.445163e-01
    58  0.056  5.802575e-01  1.198037e+00 -3.427290e-02  -2.566352e+05   4.791242e+04  -5.714828e-07   3.549553e+02   2.145814e+02   1.914387e+05  -1.908340e-03   9.114506e-04   4.678321e-04   6.573247e-06   3.973730e-06   3.545161e-03   4.364846e-03  -1.306394e-04   1.759901e-03     1  6.442234e-01
    58  0.167  5.787974e-01  1.189594e+00 -2.570468e-02  -2.546628e+05   4.762748e+04  -5.078909e-07   2.610288e+02   2.180644e+02   1.908905e+05  -1.893860e-03   9.050300e-04   4.640496e-04   4.833867e-06   4.038230e-06   3.535009e-03   4.366750e-03  -1.301122e-04   1.759810e-03     1  5.732399e-01
    58  0.278  5.773373e-01  1.181151e+00 -1.713645e-02  -2.526903e+05   4.734255e+04  -4.441681e-07   1.669838e+02   2.205364e+02   1.903423e+05  -1.879379e-03   8.986094e-04   4.602672e-04   3.092293e-06   4.084007e-06   3.524857e-03   4.368653e-03  -1.295851e-04   1.759719e-03     1  5.166001e-01
    58  0.389  5.758772e-01  1.172709e+00 -8.568226e-03  -2.507178e+05   4.705761e+04  -3.805180e-07   7.282034e+01   2.219974e+02   1.897941e+05  -1.864899e-03   8.921887e-04   4.564848e-04   1.348525e-06   4.111062e-06   3.514706e-03   4.370556e-03  -1.290580e-04   1.759627e-03     1  4.794148e-01
    58  0.500  5.744171e-01  1.164266e+00  0.000000e+00  -2.487454e+05   4.677267e+04  -3.167079e-07  -2.146162e+01   2.224473e+02   1.892459e+05  -1.850418e-03   8.857681e-04   4.527023e-04  -3.974373e-07   4.119395e-06   3.504554e-03   4.372459e-03  -1.285309e-04   1.759536e-03     1  4.663614e-01
    58  0.611  5.729570e-01  1.155823e+00  8.568226e-03  -2.467729e+05   4.648774e+04  -2.529123e-07  -1.158621e+02   2.218862e+02   1.886977e+05  -1.835938e-03   8.793474e-04   4.489199e-04  -2.145594e-06   4.109004e-06   3.494402e-03   4.374362e-03  -1.280038e-04   1.759445e-03     1  4.794148e-01
    58  0.722  5.714970e-01  1.147380e+00  1.713645e-02  -2.448005e+05   4.620280e+04  -1.891749e-07  -2.103810e+02   2.203142e+02   1.881495e+05  -1.821457e-03   8.729268e-04   4.451375e-04  -3.895944e-06   4.079892e-06   3.484250e-03   4.376265e-03  -1.274766e-04   1.759354e-03     1  5.166001e-01
    58  0.833  5.700369e-01  1.138937e+00  2.570468e-02  -2.428280e+05   4.591787e+04  -1.254230e-07  -3.050184e+02   2.177310e+02   1.876013e+05  -1.806977e-03   8.665061e-04   4.413550e-04  -5.648488e-06   4.032056e-06   3.474098e-03   4.378168e-03  -1.269495e-04   1.759263e-03     1  5.732399e-01
    58  0.944  5.685768e-01  1.130494e+00  3.427290e-02  -2.408555e+05   4.563293e+04  -6.156915e-08  -3.997742e+02   2.141369e+02   1.870531e+05  -1.792496e-03   8.600855e-04   4.375726e-04  -7.403227e-06   3.965498e-06   3.463946e-03   4.380071e-03  -1.264224e-04   1.759172e-03     1  6.442234e-01
    59  0.056  5.090177e-01  1.210179e+00 -3.427290e-02  -2.607621e+05   4.868016e+04  -5.809561e-07   3.440696e+02   5.817607e+02   1.907567e+05  -1.939021e-03   9.260882e-04   4.753612e-04   6.371660e-06   1.077335e-05   3.532532e-03   4.552105e-03  -1.970199e-04   1.764687e-03     0  1.471510e+00
    59  0.167  5.075985e-01  1.201729e+00 -2.570468e-02  -2.587866e+05   4.839691e+04  -5.162437e-07   2.534349e+02   6.066177e+02   1.902282e+05  -1.924523e-03   9.196726e-04   4.715681e-04   4.693239e-06   1.123366e-05   3.522745e-03   4.553763e-03  -1.960359e-04   1.764522e-03     0  1.441498e+00
    59  0.278  5.061793e-01  1.193280e+00 -1.713645e-02  -2.568111e+05   4.811366e+04  -4.514586e-07   1.625753e+02   6.286328e+02   1.896997e+05  -1.910025e-03   9.132569e-04   4.677751e-04   3.010653e-06   1.164135e-05   3.512957e-03   4.555422e-03  -1.950520e-04   1.764356e-03     0  1.419572e+00
    59  0.389  5.047601e-01  1.184830e+00 -8.568226e-03  -2.548355e+05   4.783041e+04  -3.867317e-07   7.149074e+01   6.478061e+02   1.891712e+05  -1.895527e-03   9.068413e-04   4.639820e-04   1.323903e-06   1.199641e-05   3.503170e-03   4.557081e-03  -1.940681e-04   1.764191e-03     0  1.406110e+00
    59  0.500  5.033409e-01  1.176380e+00  0.000000e+00  -2.528600e+05   4.754716e+04  -3.218884e-07  -1.981871e+01   6.641376e+02   1.886427e+05  -1.881029e-03   9.004256e-04   4.601890e-04  -3.670131e-07   1.229884e-05   3.493383e-03   4.558739e-03  -1.930842e-04   1.764026e-03     0  1.401355e+00
    59  0.611  5.019217e-01  1.167930e+00  8.568226e-03  -2.508845e+05   4.726391e+04  -2.571178e-07  -1.113531e+02   6.776272e+02   1.881142e+05  -1.866531e-03   8.940100e-04   4.563959e-04  -2.062094e-06   1.254865e-05   3.483596e-03   4.560398e-03  -1.921002e-04   1.763861e-03     0  1.405396e+00
    59  0.722  5.005025e-01  1.159480e+00  1.713645e-02  -2.489090e+05   4.698066e+04  -1.922599e-07  -2.031123e+02   6.882751e+02   1.875857e+05  -1.852032e-03   8.875944e-04   4.526029e-04  -3.761340e-06   1.274583e-05   3.473809e-03   4.562057e-03  -1.911163e-04   1.763695e-03     0  1.418158e+00
    59  0.833  4.990833e-01  1.151030e+00  2.570468e-02  -2.469335e+05   4.669741e+04  -1.274311e-07  -2.950965e+02   6.960810e+02   1.870572e+05  -1.837534e-03   8.811787e-04   4.488098e-04  -5.464750e-06   1.289039e-05   3.464022e-03   4.563715e-03  -1.901324e-04   1.763530e-03     0  1.439409e+00
    59  0.944  4.976641e-01  1.142580e+00  3.427290e-02  -2.449580e+05   4.641416e+04  -6.248592e-08  -3.873056e+02   7.010452e+02   1.865287e+05  -1.823036e-03   8.747631e-04   4.450168e-04  -7.172326e-06   1.298232e-05   3.454235e-03   4.565374e-03  -1.891485e-04   1.763365e-03     0  1.468780e+00
    60  0.056  4.377694e-01  1.222130e+00 -3.427290e-02  -2.648443e+05   4.943947e+04  -5.901675e-07   3.394461e+02   1.947048e+03   1.899415e+05  -1.969370e-03   9.405666e-04   4.828091e-04   6.286039e-06   3.605644e-05   3.517434e-03   4.739012e-03  -2.652117e-04   1.765651e-03     0  1.471015e+00
    60  0.167  4.363540e-01  1.213679e+00 -2.570468e-02  -2.628679e+05   4.915833e+04  -5.244510e-07   2.500710e+02   2.008954e+03   1.894661e+05  -1.954871e-03   9.341637e-04   4.790093e-04   4.630945e-06   3.720286e-05   3.508632e-03   4.740432e-03  -2.637711e-04   1.765410e-03     0  1.440632e+00
    60  0.278  4.349385e-01  1.205229e+00 -1.713645e-02  -2.608915e+05   4.887719e+04  -4.587055e-07   1.605004e+02   2.061904e+03   1.889908e+05  -1.940371e-03   9.277609e-04   4.752095e-04   2.972230e-06   3.818341e-05   3.499830e-03   4.741852e-03  -2.623306e-04   1.765169e-03     0  1.418326e+00
    60  0.389  4.335230e-01  1.196778e+00 -8.568226e-03  -2.589150e+05   4.859605e+04  -3.929017e-07   7.073427e+01   2.105897e+03   1.885155e+05  -1.925871e-03   9.213580e-04   4.714097e-04   1.309894e-06   3.899809e-05   3.491028e-03   4.743273e-03  -2.608900e-04   1.764927e-03     0  1.404481e+00
    60  0.500  4.321076e-01  1.188328e+00  0.000000e+00  -2.569386e+05   4.831491e+04  -3.270543e-07  -1.922741e+01   2.140933e+03   1.880402e+05  -1.911371e-03   9.149551e-04   4.676099e-04  -3.560631e-07   3.964691e-05   3.482226e-03   4.744693e-03  -2.594494e-04   1.764686e-03     0  1.399349e+00
    60  0.611  4.306921e-01  1.179877e+00  8.568226e-03  -2.549622e+05   4.803377e+04  -2.611923e-07  -1.093846e+02   2.167013e+03   1.875649e+05  -1.896872e-03   9.085523e-04   4.638102e-04  -2.025641e-06   4.012987e-05   3.473424e-03   4.746114e-03  -2.580089e-04   1.764445e-03     0  1.403025e+00
    60  0.722  4.292766e-01  1.171427e+00  1.713645e-02  -2.529858e+05   4.775263e+04  -1.953449e-07  -1.997374e+02   2.184136e+03   1.870896e+05  -1.882372e-03   9.021494e-04   4.600104e-04  -3.698840e-06   4.044697e-05   3.464622e-03   4.747534e-03  -2.565683e-04   1.764203e-03     0  1.415441e+00
    60  0.833  4.278612e-01  1.162976e+00  2.570468e-02  -2.510094e+05   4.747148e+04  -1.295848e-07  -2.902857e+02   2.192303e+03   1.866143e+05  -1.867872e-03   8.957466e-04   4.562106e-04  -5.375661e-06   4.059820e-05   3.455820e-03   4.748955e-03  -2.551277e-04   1.763962e-03     0  1.436369e+00
    60  0.944  4.264457e-01  1.154526e+00  3.427290e-02  -2.490330e+05   4.719034e+04  -6.375194e-08  -3.810295e+02   2.191513e+03   1.861390e+05  -1.853372e-03   8.893437e-04   4.524108e-04  -7.056102e-06   4.058357e-05   3.447018e-03   4.750375e-03  -2.536872e-04   1.763721e-03     0  1.465446e+00
    61  0.056  3.663674e-01  1.233728e+00 -3.427290e-02  -2.688470e+05   5.018408e+04  -5.992042e-07   3.174252e+02   1.423632e+03   1.890612e+05  -1.999128e-03   9.547636e-04   4.901118e-04   5.878244e-06   2.636356e-05   3.501132e-03   4.924058e-03  -3.348334e-04   1.762530e-03     1  6.437289e-01
    61  0.167  3.650355e-01  1.225264e+00 -2.570468e-02  -2.668652e+05   4.990413e+04  -5.324982e-07   2.337654e+02   1.502921e+03   1.886569e+05  -1.984594e-03   9.483571e-04   4.862974e-04   4.328988e-06   2.783188e-05   3.493647e-03   4.925397e-03  -3.329349e-04   1.762232e-03     1  5.726842e-01
    61  0.278  3.637036e-01  1.216800e+00 -1.713645e-02  -2.648835e+05   4.962417e+04  -4.657340e-07   1.501873e+02   1.575082e+03   1.882527e+05  -1.970059e-03   9.419506e-04   4.824830e-04   2.781246e-06   2.916818e-05   3.486161e-03   4.926737e-03  -3.310365e-04   1.761933e-03     1  5.159833e-01
    61  0.389  3.623716e-01  1.208336e+00 -8.568226e-03  -2.629017e+05   4.934422e+04  -3.988971e-07   6.669096e+01   1.640114e+03   1.878485e+05  -1.955525e-03   9.355441e-04   4.786686e-04   1.235018e-06   3.037248e-05   3.478675e-03   4.928076e-03  -3.291381e-04   1.761634e-03     1  4.787502e-01
    61  0.500  3.610397e-01  1.199872e+00  0.000000e+00  -2.609200e+05   4.906426e+04  -3.320165e-07  -1.672365e+01   1.698017e+03   1.874442e+05  -1.940990e-03   9.291376e-04   4.748542e-04  -3.096971e-07   3.144476e-05   3.471189e-03   4.929415e-03  -3.272397e-04   1.761335e-03     1  4.656781e-01
    61  0.611  3.597077e-01  1.191408e+00  8.568226e-03  -2.589382e+05   4.878430e+04  -2.651650e-07  -1.000565e+02   1.748791e+03   1.870400e+05  -1.926456e-03   9.227311e-04   4.710398e-04  -1.852899e-06   3.238503e-05   3.463703e-03   4.930755e-03  -3.253413e-04   1.761037e-03     1  4.787502e-01
    61  0.722  3.583758e-01  1.182944e+00  1.713645e-02  -2.569565e+05   4.850435e+04  -1.983426e-07  -1.833077e+02   1.792437e+03   1.866358e+05  -1.911921e-03   9.163245e-04   4.672253e-04  -3.394587e-06   3.319329e-05   3.456218e-03   4.932094e-03  -3.234429e-04   1.760738e-03     1  5.159833e-01
    61  0.833  3.570439e-01  1.174480e+00  2.570468e-02  -2.549747e+05   4.822439e+04  -1.315784e-07  -2.664771e+02   1.828955e+03   1.862315e+05  -1.897387e-03   9.099180e-04   4.634109e-04  -4.934761e-06   3.386953e-05   3.448732e-03   4.933434e-03  -3.215445e-04   1.760439e-03     1  5.726842e-01
    61  0.944  3.557119e-01  1.166016e+00  3.427290e-02  -2.529930e+05   4.794444e+04  -6.479968e-08  -3.495648e+02   1.858343e+03   1.858273e+05  -1.882852e-03   9.035115e-04   4.595965e-04  -6.473422e-06   3.441377e-05   3.441246e-03   4.934773e-03  -3.196461e-04   1.760140e-03     1  6.437289e-01
    62  0.056  2.931848e-01  1.243180e+00 -3.427290e-02  -2.723799e+05   5.084145e+04  -6.070622e-07   1.481989e+02  -6.339275e+02   1.883667e+05  -2.025394e-03   9.672954e-04   4.965571e-04   2.744425e-06  -1.173940e-05   3.488272e-03   5.112406e-03  -4.056828e-04   1.752990e-03     1  6.447209e-01
    62  0.167  2.923219e-01  1.234656e+00 -2.570468e-02  -2.703750e+05   5.055893e+04  -5.395268e-07   1.091197e+02  -4.454181e+02   1.879984e+05  -2.010691e-03   9.608190e-04   4.926965e-04   2.020735e-06  -8.248483e-06   3.481452e-03   5.112675e-03  -4.033098e-04   1.752750e-03     1  5.737989e-01
    62  0.278  2.914589e-01  1.226131e+00 -1.713645e-02  -2.683701e+05   5.027642e+04  -4.718459e-07   7.019244e+01  -2.575238e+02   1.876301e+05  -1.995988e-03   9.543426e-04   4.888359e-04   1.299860e-06  -4.768959e-06   3.474632e-03   5.112944e-03  -4.009369e-04   1.752510e-03     1  5.172203e-01
    62  0.389  2.905960e-01  1.217606e+00 -8.568226e-03  -2.663651e+05   4.999391e+04  -4.042085e-07   3.141720e+01  -7.024454e+01   1.872619e+05  -1.981286e-03   9.478662e-04   4.849752e-04   5.817999e-07  -1.300825e-06   3.467812e-03   5.113213e-03  -3.985639e-04   1.752270e-03     1  4.800831e-01
    62  0.500  2.897331e-01  1.209082e+00  0.000000e+00  -2.643602e+05   4.971140e+04  -3.364112e-07  -7.206055e+00   1.164196e+02   1.868936e+05  -1.966583e-03   9.413898e-04   4.811146e-04  -1.334455e-07   2.155918e-06   3.460992e-03   5.113482e-03  -3.961909e-04   1.752029e-03     1  4.670483e-01
    62  0.611  2.888701e-01  1.200557e+00  8.568226e-03  -2.623553e+05   4.942889e+04  -2.686575e-07  -4.567731e+01   3.024686e+02   1.865253e+05  -1.951880e-03   9.349135e-04   4.772540e-04  -8.458761e-07   5.601271e-06   3.454172e-03   5.113751e-03  -3.938180e-04   1.751789e-03     1  4.800831e-01
    62  0.722  2.880072e-01  1.192032e+00  1.713645e-02  -2.603504e+05   4.914638e+04  -2.009328e-07  -8.399657e+01   4.879026e+02   1.861570e+05  -1.937177e-03   9.284371e-04   4.733933e-04  -1.555492e-06   9.035233e-06   3.447352e-03   5.114019e-03  -3.914450e-04   1.751549e-03     1  5.172203e-01
    62  0.833  2.871442e-01  1.183508e+00  2.570468e-02  -2.583454e+05   4.886386e+04  -1.332955e-07  -1.221638e+02   6.727214e+02   1.857888e+05  -1.922474e-03   9.219607e-04   4.695327e-04  -2.262293e-06   1.245780e-05   3.440532e-03   5.114288e-03  -3.890721e-04   1.751309e-03     1  5.737989e-01
    62  0.944  2.862813e-01  1.174983e+00  3.427290e-02  -2.563405e+05   4.858135e+04  -6.561459e-08  -1.601791e+02   8.569252e+02   1.854205e+05  -1.907771e-03   9.154843e-04   4.656721e-04  -2.966280e-06   1.586898e-05   3.433713e-03   5.114557e-03  -3.866991e-04   1.751069e-03     1  6.447209e-01
    63  0.056  2.094783e-01  1.256721e+00 -3.891813e-02  -2.882734e+08   4.856331e+05  -8.237548e-07  -7.943920e-13   1.696601e+04   1.904959e+06  -2.060183e-03   6.984810e-04   6.199973e-04  -2.954228e-22   4.106999e-06   4.611374e-04   5.181444e-03  -4.785369e-04   1.734074e-03     1  7.141267e-01
    63  0.167  2.084198e-01  1.247049e+00 -2.918860e-02  -2.859427e+08   4.755139e+05  -7.557683e-07  -3.703458e-13   1.107204e+04   1.856193e+06  -2.043512e-03   6.921531e-04   6.153049e-04  -1.377262e-22   2.680231e-06   4.493326e-04   5.181463e-03  -4.752734e-04   1.733717e-03     1  6.508127e-01
    63  0.278  2.073612e-01  1.237378e+00 -1.945906e-02  -2.836119e+08   4.653947e+05  -6.654300e-07   5.782741e-15   5.730902e+03   1.807427e+06  -2.026841e-03   6.858253e-04   6.106124e-04   2.150517e-24   1.387292e-06   4.375278e-04   5.181482e-03  -4.720099e-04   1.733360e-03     1  6.015221e-01
    63  0.389  2.063027e-01  1.227706e+00 -9.729532e-03  -2.812812e+08   4.552755e+05  -5.741604e-07   3.339937e-13   9.426103e+02   1.758662e+06  -2.010170e-03   6.794975e-04   6.059199e-04   1.242074e-22   2.281797e-07   4.257230e-04   5.181501e-03  -4.687465e-04   1.733002e-03     1  5.699050e-01
    63  0.500  2.052442e-01  1.218034e+00  0.000000e+00  -2.789505e+08   4.451563e+05  -4.791655e-07   6.142870e-13  -3.292839e+03   1.709896e+06  -1.993500e-03   6.731696e-04   6.012275e-04   2.284444e-22  -7.971046e-07   4.139182e-04   5.181520e-03  -4.654830e-04   1.732645e-03     1  5.589688e-01
    63  0.611  2.041857e-01  1.208362e+00  9.729532e-03  -2.766198e+08   4.350371e+05  -3.823079e-07   8.466627e-13  -6.975447e+03   1.661131e+06  -1.976829e-03   6.668418e-04   5.965350e-04   3.148615e-22  -1.688561e-06   4.021134e-04   5.181539e-03  -4.622196e-04   1.732288e-03     1  5.699050e-01
    63  0.722  2.031271e-01  1.198691e+00  1.945906e-02  -2.742890e+08   4.249179e+05  -2.817251e-07   1.031121e-12  -1.010521e+04   1.612365e+06  -1.960158e-03   6.605140e-04   5.918425e-04   3.834588e-22  -2.446190e-06   3.903086e-04   5.181559e-03  -4.589561e-04   1.731931e-03     1  6.015221e-01
    63  0.833  2.020686e-01  1.189019e+00  2.918860e-02  -2.719583e+08   4.147987e+05  -1.876615e-07   1.167661e-12  -1.268214e+04   1.563599e+06  -1.943488e-03   6.541861e-04   5.871501e-04   4.342362e-22  -3.069992e-06   3.785038e-04   5.181578e-03  -4.556926e-04   1.731574e-03     1  6.508127e-01
    63  0.944  2.010101e-01  1.179347e+00  3.891813e-02  -2.696276e+08   4.046795e+05  -9.033829e-08   1.256284e-12  -1.470622e+04   1.514834e+06  -1.926817e-03   6.478583e-04   5.824576e-04   4.671938e-22  -3.559966e-06   3.666990e-04   5.181597e-03  -4.524292e-04   1.731217e-03     1  7.141267e-01
    64  0.056  1.261036e-01  1.266529e+00 -3.891813e-02  -2.922269e+08   4.923029e+05  -8.405186e-07   1.415972e+03   2.487143e+04   3.603818e+06  -2.088437e-03   7.080613e-04   6.284997e-04   5.265792e-07   6.020680e-06   8.723839e-04   5.158044e-03  -5.411877e-04   1.710974e-03     1  6.035264e-01
    64  0.167  1.248597e-01  1.256879e+00 -2.918860e-02  -2.899050e+08   4.821126e+05  -7.669441e-07   9.837054e+02   1.746796e+04   3.548783e+06  -2.071829e-03   7.017455e-04   6.238308e-04   3.658257e-07   4.228508e-06   8.590615e-04   5.157450e-03  -5.374006e-04   1.710486e-03     1  5.270905e-01
    64  0.278  1.236158e-01  1.247230e+00 -1.945906e-02  -2.875832e+08   4.719222e+05  -6.747432e-07   5.710042e+02   1.048079e+04   3.493749e+06  -2.055222e-03   6.954297e-04   6.191619e-04   2.123482e-07   2.537108e-06   8.457392e-04   5.156857e-03  -5.336134e-04   1.709997e-03     1  4.648613e-01
    64  0.389  1.223719e-01  1.237580e+00 -9.729532e-03  -2.852614e+08   4.617319e+05  -5.820766e-07   1.778679e+02   3.909917e+03   3.438714e+06  -2.038614e-03   6.891139e-04   6.144930e-04   6.614650e-08   9.464819e-07   8.324168e-04   5.156263e-03  -5.298263e-04   1.709509e-03     1  4.231536e-01
    64  0.500  1.211280e-01  1.227930e+00  0.000000e+00  -2.829395e+08   4.515416e+05  -4.880130e-07  -1.957033e+02  -2.244669e+03   3.383679e+06  -2.022007e-03   6.827982e-04   6.098241e-04  -7.277923e-08  -5.433718e-07   8.190944e-04   5.155670e-03  -5.260391e-04   1.709021e-03     1  4.083054e-01
    64  0.611  1.198841e-01  1.218281e+00  9.729532e-03  -2.806177e+08   4.413513e+05  -3.883615e-07  -5.497097e+02  -7.982962e+03   3.328644e+06  -2.005400e-03   6.764824e-04   6.051552e-04  -2.044290e-07  -1.932453e-06   8.057721e-04   5.155076e-03  -5.222520e-04   1.708533e-03     1  4.231536e-01
    64  0.722  1.186402e-01  1.208631e+00  1.945906e-02  -2.782958e+08   4.311610e+05  -2.868474e-07  -8.841510e+02  -1.330496e+04   3.273610e+06  -1.988792e-03   6.701666e-04   6.004863e-04  -3.288029e-07  -3.220761e-06   7.924497e-04   5.154483e-03  -5.184648e-04   1.708045e-03     1  4.648613e-01
    64  0.833  1.173963e-01  1.198981e+00  2.918860e-02  -2.759740e+08   4.209707e+05  -1.881272e-07  -1.199027e+03  -1.821067e+04   3.218575e+06  -1.972185e-03   6.638509e-04   5.958174e-04  -4.459009e-07  -4.408296e-06   7.791273e-04   5.153889e-03  -5.146777e-04   1.707556e-03     1  5.270905e-01
    64  0.944  1.161524e-01  1.189331e+00  3.891813e-02  -2.736521e+08   4.107803e+05  -8.940697e-08  -1.494339e+03  -2.270009e+04   3.163540e+06  -1.955577e-03   6.575351e-04   5.911485e-04  -5.557229e-07  -5.495059e-06   7.658050e-04   5.153295e-03  -5.108905e-04   1.707068e-03     1  6.035264e-01
    65  0.056  5.406352e-02  1.274906e+00 -3.891813e-02  -2.956190e+08   4.987937e+05  -8.624047e-07   2.718191e+03   3.122575e+04   3.273206e+06  -2.112680e-03   7.163655e-04   6.357550e-04   1.010856e-06   7.558883e-06   7.923520e-04   5.151936e-03  -5.952738e-04   1.686907e-03     1  6.039648e-01
    65  0.167  5.305979e-02  1.265228e+00 -2.918860e-02  -2.932859e+08   4.883158e+05  -7.776543e-07   1.888644e+03   2.064542e+04   3.217930e+06  -2.095992e-03   7.099930e-04   6.310758e-04   7.023593e-07   4.997680e-06   7.789712e-04   5.150932e-03  -5.910241e-04   1.686467e-03     1  5.275924e-01
    65  0.278  5.205605e-02  1.255551e+00 -1.945906e-02  -2.909528e+08   4.778378e+05  -6.821938e-07   1.095382e+03   1.081822e+04   3.162654e+06  -2.079304e-03   7.036205e-04   6.263967e-04   4.073567e-07   2.618790e-06   7.655905e-04   5.149928e-03  -5.867744e-04   1.686026e-03     1  4.654303e-01
    65  0.389  5.105232e-02  1.245873e+00 -9.729532e-03  -2.886198e+08   4.673599e+05  -5.871989e-07   3.384042e+02   1.744161e+03   3.107379e+06  -2.062616e-03   6.972480e-04   6.217175e-04   1.258476e-07   4.222127e-07   7.522098e-04   5.148924e-03  -5.825247e-04   1.685585e-03     1  4.237786e-01
    65  0.500  5.004859e-02  1.236196e+00  0.000000e+00  -2.862867e+08   4.568820e+05  -4.917383e-07  -3.822894e+02  -6.576768e+03   3.052103e+06  -2.045927e-03   6.908756e-04   6.170384e-04  -1.421679e-07  -1.592052e-06   7.388290e-04   5.147920e-03  -5.782750e-04   1.685144e-03     1  4.089531e-01
    65  0.611  4.904486e-02  1.226518e+00  9.729532e-03  -2.839536e+08   4.464041e+05  -3.953464e-07  -1.066699e+03  -1.414456e+04   2.996827e+06  -2.029239e-03   6.845031e-04   6.123592e-04  -3.966897e-07  -3.424004e-06   7.254483e-04   5.146916e-03  -5.740253e-04   1.684704e-03     1  4.237786e-01
    65  0.722  4.804113e-02  1.216840e+00  1.945906e-02  -2.816206e+08   4.359262e+05  -2.901070e-07  -1.714824e+03  -2.095922e+04   2.941551e+06  -2.012551e-03   6.781306e-04   6.076801e-04  -6.377180e-07  -5.073644e-06   7.120676e-04   5.145912e-03  -5.697756e-04   1.684263e-03     1  4.654303e-01
    65  0.833  4.703739e-02  1.207163e+00  2.918860e-02  -2.792875e+08   4.254483e+05  -1.881272e-07  -2.326665e+03  -2.702075e+04   2.886275e+06  -1.995863e-03   6.717581e-04   6.030009e-04  -8.652527e-07  -6.540971e-06   6.986869e-04   5.144908e-03  -5.655259e-04   1.683822e-03     1  5.275924e-01
    65  0.944  4.603366e-02  1.197485e+00  3.891813e-02  -2.769544e+08   4.149704e+05  -8.102506e-08  -2.902221e+03  -3.232915e+04   2.831000e+06  -1.979175e-03   6.653856e-04   5.983218e-04  -1.079294e-06  -7.825986e-06   6.853061e-04   5.143903e-03  -5.612762e-04   1.683381e-03     1  6.039648e-01
    66  0.056 -1.752199e-02  1.282245e+00 -3.891813e-02  -2.987500e+08   5.047753e+05  -8.628704e-07   2.574076e+03   3.079614e+04   2.836835e+06  -2.135058e-03   7.240296e-04   6.424524e-04   9.572614e-07   7.454888e-06   6.867187e-04   5.138201e-03  -6.501582e-04   1.659064e-03     0  1.307818e+00
    66  0.167 -1.850284e-02  1.272565e+00 -2.918860e-02  -2.964160e+08   4.940508e+05  -7.846393e-07   1.787989e+03   1.940559e+04   2.779299e+06  -2.118363e-03   7.176280e-04   6.377839e-04   6.649273e-07   4.697551e-06   6.727908e-04   5.136758e-03  -6.454507e-04   1.658587e-03     0  1.274201e+00
    66  0.278 -1.948370e-02  1.262885e+00 -1.945906e-02  -2.940820e+08   4.833263e+05  -6.896444e-07   1.035122e+03   8.980198e+03   2.721762e+06  -2.101667e-03   7.112263e-04   6.331155e-04   3.849467e-07   2.173856e-06   6.588629e-04   5.135314e-03  -6.407433e-04   1.658110e-03     0  1.249593e+00
    66  0.389 -2.046455e-02  1.253205e+00 -9.729532e-03  -2.917480e+08   4.726017e+05  -5.941838e-07   3.154726e+02  -4.800188e+02   2.664226e+06  -2.084972e-03   7.048246e-04   6.284470e-04   1.173197e-07  -1.161992e-07   6.449349e-04   5.133871e-03  -6.360359e-04   1.657633e-03     0  1.234531e+00
    66  0.500 -2.144540e-02  1.243525e+00  0.000000e+00  -2.894140e+08   4.618772e+05  -4.973263e-07  -3.709577e+02  -8.975065e+03   2.606690e+06  -2.068277e-03   6.984230e-04   6.237785e-04  -1.379538e-07  -2.172613e-06   6.310070e-04   5.132427e-03  -6.313284e-04   1.657156e-03     0  1.229366e+00
    66  0.611 -2.242626e-02  1.233845e+00  9.729532e-03  -2.870800e+08   4.511527e+05  -3.967434e-07  -1.024169e+03  -1.650494e+04   2.549154e+06  -2.051581e-03   6.920213e-04   6.191101e-04  -3.808736e-07  -3.995386e-06   6.170791e-04   5.130983e-03  -6.266210e-04   1.656679e-03     0  1.234224e+00
    66  0.722 -2.340711e-02  1.224165e+00  1.945906e-02  -2.847460e+08   4.404282e+05  -2.919696e-07  -1.644162e+03  -2.306965e+04   2.491618e+06  -2.034886e-03   6.856197e-04   6.144416e-04  -6.114399e-07  -5.584518e-06   6.031512e-04   5.129540e-03  -6.219136e-04   1.656202e-03     0  1.248986e+00
    66  0.833 -2.438797e-02  1.214485e+00  2.918860e-02  -2.824120e+08   4.297037e+05  -1.932494e-07  -2.230936e+03  -2.866918e+04   2.434081e+06  -2.018191e-03   6.792180e-04   6.097732e-04  -8.296526e-07  -6.940010e-06   5.892233e-04   5.128096e-03  -6.172062e-04   1.655725e-03     0  1.273309e+00
    66  0.944 -2.536882e-02  1.204805e+00  3.891813e-02  -2.800781e+08   4.189792e+05  -9.220093e-08  -2.784491e+03  -3.330354e+04   2.376545e+06  -2.001495e-03   6.728163e-04   6.051047e-04  -1.035512e-06  -8.061860e-06   5.752954e-04   5.126652e-03  -6.124987e-04   1.655248e-03     0  1.306659e+00
    67  0.056 -8.909861e-02  1.289422e+00 -3.891813e-02  -3.018416e+08   5.106919e+05  -8.684583e-07   2.475321e+03   3.264621e+04   2.392989e+06  -2.157155e-03   7.315985e-04   6.490650e-04   9.205360e-07   7.902739e-06   5.792759e-04   5.117055e-03  -7.058503e-04   1.627792e-03     1  6.038543e-01
    67  0.167 -9.005927e-02  1.279740e+00 -2.918860e-02  -2.995068e+08   4.997215e+05  -7.888302e-07   1.708034e+03   2.271457e+04   2.334040e+06  -2.140453e-03   7.251680e-04   6.444075e-04   6.351932e-07   5.498564e-06   5.650061e-04   5.115100e-03  -7.006831e-04   1.627279e-03     1  5.274659e-01
    67  0.278 -9.101993e-02  1.270058e+00 -1.945906e-02  -2.971721e+08   4.887512e+05  -6.952323e-07   9.764850e+02   1.330603e+04   2.275092e+06  -2.123751e-03   7.187375e-04   6.397500e-04   3.631406e-07   3.221018e-06   5.507363e-04   5.113145e-03  -6.955159e-04   1.626767e-03     1  4.652868e-01
    67  0.389 -9.198060e-02  1.260376e+00 -9.729532e-03  -2.948373e+08   4.777808e+05  -6.025657e-07   2.806730e+02   4.420587e+03   2.216143e+06  -2.107050e-03   7.123071e-04   6.350925e-04   1.043782e-07   1.070101e-06   5.364666e-04   5.111190e-03  -6.903487e-04   1.626254e-03     1  4.236211e-01
    67  0.500 -9.294126e-02  1.250694e+00  0.000000e+00  -2.925025e+08   4.668105e+05  -5.043112e-07  -3.794016e+02  -3.941751e+03   2.157195e+06  -2.090348e-03   7.058766e-04   6.304349e-04  -1.410939e-07  -9.541882e-07   5.221968e-04   5.109235e-03  -6.851815e-04   1.625741e-03     1  4.087898e-01
    67  0.611 -9.390192e-02  1.241012e+00  9.729532e-03  -2.901677e+08   4.558401e+05  -4.027970e-07  -1.003739e+03  -1.178099e+04   2.098246e+06  -2.073647e-03   6.994462e-04   6.257774e-04  -3.732759e-07  -2.851849e-06   5.079270e-04   5.107280e-03  -6.800144e-04   1.625228e-03     1  4.236211e-01
    67  0.722 -9.486259e-02  1.231330e+00  1.945906e-02  -2.878329e+08   4.448698e+05  -2.980232e-07  -1.592339e+03  -1.909712e+04   2.039298e+06  -2.056945e-03   6.930157e-04   6.211199e-04  -5.921675e-07  -4.622881e-06   4.936572e-04   5.105325e-03  -6.748472e-04   1.624716e-03     1  4.652868e-01
    67  0.833 -9.582325e-02  1.221648e+00  2.918860e-02  -2.854981e+08   4.338994e+05  -1.960434e-07  -2.145201e+03  -2.589015e+04   1.980349e+06  -2.040243e-03   6.865853e-04   6.164623e-04  -7.977690e-07  -6.267285e-06   4.793874e-04   5.103370e-03  -6.696800e-04   1.624203e-03     1  5.274659e-01
    67  0.944 -9.678391e-02  1.211966e+00  3.891813e-02  -2.831633e+08   4.229291e+05  -8.940697e-08  -2.662326e+03  -3.216009e+04   1.921401e+06  -2.023542e-03   6.801548e-04   6.118048e-04  -9.900802e-07  -7.785061e-06   4.651176e-04   5.101415e-03  -6.645128e-04   1.623690e-03     1  6.038543e-01
    68  0.056 -1.613360e-01  1.295628e+00 -3.891813e-02  -3.047092e+08   5.163222e+05  -8.698553e-07   2.231797e+03   3.358954e+04   1.936231e+06  -2.177650e-03   7.386343e-04   6.551909e-04   8.299730e-07   8.131092e-06   4.687075e-04   5.086978e-03  -7.616346e-04   1.592028e-03     1  6.029899e-01
    68  0.167 -1.620402e-01  1.285924e+00 -2.918860e-02  -3.023643e+08   5.050717e+05  -7.962808e-07   1.523953e+03   2.415288e+04   1.878132e+06  -2.160875e-03   7.321505e-04   6.505253e-04   5.667360e-07   5.846739e-06   4.546434e-04   5.084791e-03  -7.559953e-04   1.591619e-03     1  5.264761e-01
    68  0.278 -1.627444e-01  1.276220e+00 -1.945906e-02  -3.000194e+08   4.938213e+05  -7.022172e-07   8.525653e+02   1.507152e+04   1.820033e+06  -2.144101e-03   7.256666e-04   6.458597e-04   3.170567e-07   3.648394e-06   4.405793e-04   5.082603e-03  -7.503560e-04   1.591210e-03     1  4.641645e-01
    68  0.389 -1.634486e-01  1.266516e+00 -9.729532e-03  -2.976745e+08   4.825709e+05  -6.072223e-07   2.176338e+02   6.345454e+03   1.761934e+06  -2.127326e-03   7.191828e-04   6.411940e-04   8.093484e-08   1.536058e-06   4.265152e-04   5.080416e-03  -7.447167e-04   1.590801e-03     1  4.223880e-01
    68  0.500 -1.641529e-01  1.256812e+00  0.000000e+00  -2.953296e+08   4.713204e+05  -5.085021e-07  -3.808415e+02  -2.025310e+03   1.703836e+06  -2.110552e-03   7.126990e-04   6.365284e-04  -1.416294e-07  -4.902711e-07   4.124511e-04   5.078228e-03  -7.390775e-04   1.590392e-03     1  4.075119e-01
    68  0.611 -1.648571e-01  1.247108e+00  9.729532e-03  -2.929847e+08   4.600700e+05  -4.041940e-07  -9.428605e+02  -1.004077e+04   1.645737e+06  -2.093778e-03   7.062151e-04   6.318628e-04  -3.506361e-07  -2.430592e-06   3.983871e-04   5.076041e-03  -7.334382e-04   1.589982e-03     1  4.223880e-01
    68  0.722 -1.655613e-01  1.237404e+00  1.945906e-02  -2.906399e+08   4.488196e+05  -2.980232e-07  -1.468423e+03  -1.770094e+04   1.587638e+06  -2.077003e-03   6.997313e-04   6.271971e-04  -5.460852e-07  -4.284904e-06   3.843230e-04   5.073854e-03  -7.277989e-04   1.589573e-03     1  4.641645e-01
    68  0.833 -1.662655e-01  1.227700e+00  2.918860e-02  -2.882950e+08   4.375691e+05  -1.979060e-07  -1.957530e+03  -2.500580e+04   1.529539e+06  -2.060229e-03   6.932475e-04   6.225315e-04  -7.279768e-07  -6.053209e-06   3.702589e-04   5.071666e-03  -7.221596e-04   1.589164e-03     1  5.264761e-01
    68  0.944 -1.669697e-01  1.217996e+00  3.891813e-02  -2.859501e+08   4.263187e+05  -9.080395e-08  -2.410180e+03  -3.195537e+04   1.471441e+06  -2.043455e-03   6.867637e-04   6.178659e-04  -8.963108e-07  -7.735505e-06   3.561948e-04   5.069479e-03  -7.165204e-04   1.588755e-03     1  6.029899e-01
    69  0.056 -2.332973e-01  1.300411e+00 -3.891813e-02  -3.072257e+08   5.213332e+05  -8.828938e-07   2.014914e+03   3.357537e+04   1.472990e+06  -2.195636e-03   7.448166e-04   6.605634e-04   7.493173e-07   8.127662e-06   3.565700e-04   5.049545e-03  -8.175469e-04   1.552011e-03     0  1.307188e+00
    69  0.167 -2.338842e-01  1.290699e+00 -2.918860e-02  -3.048768e+08   5.098280e+05  -8.018687e-07   1.368788e+03   2.386354e+04   1.416135e+06  -2.178832e-03   7.382957e-04   6.559019e-04   5.090325e-07   5.776699e-06   3.428067e-04   5.046908e-03  -8.114381e-04   1.551642e-03     0  1.272844e+00
    69  0.278 -2.344711e-01  1.280988e+00 -1.945906e-02  -3.025279e+08   4.983228e+05  -7.096678e-07   7.560854e+02   1.457199e+04   1.359279e+06  -2.162028e-03   7.317749e-04   6.512404e-04   2.811772e-07   3.527472e-06   3.290435e-04   5.044272e-03  -8.053292e-04   1.551273e-03     0  1.247483e+00
    69  0.389 -2.350580e-01  1.271276e+00 -9.729532e-03  -3.001790e+08   4.868176e+05  -6.132759e-07   1.768056e+02   5.700709e+03   1.302423e+06  -2.145225e-03   7.252541e-04   6.465790e-04   6.575144e-08   1.379983e-06   3.152802e-04   5.041636e-03  -7.992203e-04   1.550903e-03     0  1.231661e+00
    69  0.500 -2.356449e-01  1.261564e+00  0.000000e+00  -2.978300e+08   4.753125e+05  -5.136244e-07  -3.690510e+02  -2.750292e+03   1.245567e+06  -2.128421e-03   7.187332e-04   6.419175e-04  -1.372447e-07  -6.657691e-07   3.015170e-04   5.038999e-03  -7.931115e-04   1.550534e-03     0  1.225746e+00
    69  0.611 -2.362317e-01  1.251852e+00  9.729532e-03  -2.954811e+08   4.638073e+05  -4.079193e-07  -8.814844e+02  -1.078102e+04   1.188711e+06  -2.111617e-03   7.122124e-04   6.372560e-04  -3.278112e-07  -2.609784e-06   2.877537e-04   5.036363e-03  -7.870026e-04   1.550165e-03     0  1.229882e+00
    69  0.722 -2.368186e-01  1.242140e+00  1.945906e-02  -2.931322e+08   4.523021e+05  -2.989545e-07  -1.360495e+03  -1.839147e+04   1.131855e+06  -2.094814e-03   7.056916e-04   6.325946e-04  -5.059482e-07  -4.452062e-06   2.739905e-04   5.033726e-03  -7.808937e-04   1.549796e-03     0  1.243969e+00
    69  0.833 -2.374055e-01  1.232429e+00  2.918860e-02  -2.907833e+08   4.407969e+05  -2.025627e-07  -1.806082e+03  -2.558164e+04   1.074999e+06  -2.078010e-03   6.991707e-04   6.279331e-04  -6.716556e-07  -6.192602e-06   2.602272e-04   5.031090e-03  -7.747849e-04   1.549427e-03     0  1.267674e+00
    69  0.944 -2.379924e-01  1.222717e+00  3.891813e-02  -2.884344e+08   4.292918e+05  -1.019798e-07  -2.218246e+03  -3.235154e+04   1.018143e+06  -2.061206e-03   6.926499e-04   6.232716e-04  -8.249333e-07  -7.831405e-06   2.464640e-04   5.028454e-03  -7.686760e-04   1.549058e-03     0  1.300473e+00
    70  0.056 -3.050461e-01  1.304720e+00 -3.891813e-02  -3.096228e+08   5.261199e+05  -8.856878e-07   1.895262e+03   3.296474e+04   1.010951e+06  -2.212769e-03   7.507069e-04   6.656801e-04   7.048205e-07   7.979845e-06   2.447230e-04   5.004038e-03  -8.739891e-04   1.508380e-03     1  6.045195e-01
    70  0.167 -3.056257e-01  1.295008e+00 -2.918860e-02  -3.072737e+08   5.143753e+05  -8.074567e-07   1.278154e+03   2.225828e+04   9.541303e+05  -2.195963e-03   7.441594e-04   6.610307e-04   4.753269e-07   5.388109e-06   2.309684e-04   5.000939e-03  -8.674113e-04   1.507987e-03     1  5.282273e-01
    70  0.278 -3.062054e-01  1.285296e+00 -1.945906e-02  -3.049246e+08   5.026306e+05  -7.152557e-07   6.948991e+02   1.223657e+04   8.973098e+05  -2.179158e-03   7.376119e-04   6.563812e-04   2.584229e-07   2.962132e-06   2.172137e-04   4.997841e-03  -8.608335e-04   1.507594e-03     1  4.661498e-01
    70  0.389 -3.067850e-01  1.275583e+00 -9.729532e-03  -3.025755e+08   4.908860e+05  -6.188639e-07   1.454979e+02   2.899603e+03   8.404894e+05  -2.162352e-03   7.310643e-04   6.517318e-04   5.410856e-08   7.019131e-07   2.034591e-04   4.994743e-03  -8.542557e-04   1.507202e-03     1  4.245687e-01
    70  0.500 -3.073646e-01  1.265871e+00  0.000000e+00  -3.002265e+08   4.791413e+05  -5.159527e-07  -3.700498e+02  -5.752613e+03   7.836689e+05  -2.145547e-03   7.245168e-04   6.470823e-04  -1.376161e-07  -1.392547e-06   1.897044e-04   4.991644e-03  -8.476779e-04   1.506809e-03     1  4.097718e-01
    70  0.611 -3.079443e-01  1.256159e+00  9.729532e-03  -2.978774e+08   4.673966e+05  -4.111789e-07  -8.517439e+02  -1.372008e+04   7.268485e+05  -2.128742e-03   7.179693e-04   6.424328e-04  -3.167512e-07  -3.321250e-06   1.759498e-04   4.988546e-03  -8.411002e-04   1.506417e-03     1  4.245687e-01
    70  0.722 -3.085239e-01  1.246447e+00  1.945906e-02  -2.955283e+08   4.556520e+05  -3.026798e-07  -1.299585e+03  -2.100280e+04   6.700281e+05  -2.111936e-03   7.114218e-04   6.377834e-04  -4.832966e-07  -5.084193e-06   1.621951e-04   4.985447e-03  -8.345224e-04   1.506024e-03     1  4.661498e-01
    70  0.833 -3.091035e-01  1.236734e+00  2.918860e-02  -2.931792e+08   4.439073e+05  -2.007000e-07  -1.713572e+03  -2.760078e+04   6.132076e+05  -2.095131e-03   7.048742e-04   6.331339e-04  -6.372524e-07  -6.681379e-06   1.484405e-04   4.982349e-03  -8.279446e-04   1.505632e-03     1  5.282273e-01
    70  0.944 -3.096832e-01  1.227022e+00  3.891813e-02  -2.908301e+08   4.321627e+05  -9.452924e-08  -2.093705e+03  -3.351400e+04   5.563872e+05  -2.078325e-03   6.983267e-04   6.284845e-04  -7.786185e-07  -8.112806e-06   1.346858e-04   4.979251e-03  -8.213668e-04   1.505239e-03     1  6.045195e-01
    71  0.056 -3.772224e-01  1.308310e+00 -3.891813e-02  -3.118530e+08   5.306808e+05  -8.959323e-07   1.664230e+03   3.257821e+04   5.536997e+05  -2.228709e-03   7.561991e-04   6.704352e-04   6.189029e-07   7.886277e-06   1.340353e-04   4.950365e-03  -9.302873e-04   1.460443e-03     1  6.024394e-01
    71  0.167 -3.776087e-01  1.298588e+00 -2.918860e-02  -3.094980e+08   5.186762e+05  -8.204952e-07   1.101423e+03   2.103244e+04   4.951577e+05  -2.211861e-03   7.496098e-04   6.657860e-04   4.096031e-07   5.091368e-06   1.198639e-04   4.946864e-03  -9.232338e-04   1.460162e-03     1  5.258455e-01
    71  0.278 -3.779950e-01  1.288866e+00 -1.945906e-02  -3.071431e+08   5.066717e+05  -7.180497e-07   5.740072e+02   1.038706e+04   4.366157e+05  -2.195013e-03   7.430205e-04   6.611368e-04   2.134649e-07   2.514419e-06   1.056925e-04   4.943364e-03  -9.161803e-04   1.459882e-03     1  4.634491e-01
    71  0.389 -3.783813e-01  1.279145e+00 -9.729532e-03  -3.047881e+08   4.946671e+05  -6.211922e-07   8.198312e+01   6.420771e+02   3.780737e+05  -2.178165e-03   7.364312e-04   6.564876e-04   3.048833e-08   1.554290e-07   9.152111e-05   4.939863e-03  -9.091268e-04   1.459602e-03     1  4.216018e-01
    71  0.500 -3.787675e-01  1.269423e+00  0.000000e+00  -3.024331e+08   4.826625e+05  -5.210750e-07  -3.746495e+02  -8.202520e+03   3.195317e+05  -2.161317e-03   7.298419e-04   6.518384e-04  -1.393267e-07  -1.985602e-06   7.734973e-05   4.936362e-03  -9.020733e-04   1.459322e-03     1  4.066969e-01
    71  0.611 -3.791538e-01  1.259701e+00  9.729532e-03  -3.000781e+08   4.706579e+05  -4.167669e-07  -7.958907e+02  -1.614673e+04   2.609897e+05  -2.144469e-03   7.232527e-04   6.471892e-04  -2.959802e-07  -3.908673e-06   6.317834e-05   4.932862e-03  -8.950198e-04   1.459041e-03     1  4.216018e-01
    71  0.722 -3.795401e-01  1.249979e+00  1.945906e-02  -2.977232e+08   4.586534e+05  -3.068708e-07  -1.181740e+03  -2.319054e+04   2.024477e+05  -2.127620e-03   7.166634e-04   6.425400e-04  -4.394721e-07  -5.613785e-06   4.900696e-05   4.929361e-03  -8.879662e-04   1.458761e-03     1  4.634491e-01
    71  0.833 -3.799264e-01  1.240257e+00  2.918860e-02  -2.953682e+08   4.466488e+05  -2.011657e-07  -1.532199e+03  -2.933397e+04   1.439057e+05  -2.110772e-03   7.100741e-04   6.378908e-04  -5.698024e-07  -7.100937e-06   3.483557e-05   4.925860e-03  -8.809127e-04   1.458481e-03     1  5.258455e-01
    71  0.944 -3.803127e-01  1.230535e+00  3.891813e-02  -2.930132e+08   4.346442e+05  -8.475035e-08  -1.847265e+03  -3.457701e+04   8.536375e+04  -2.093924e-03   7.034848e-04   6.332415e-04  -6.869711e-07  -8.370131e-06   2.066419e-05   4.922360e-03  -8.738592e-04   1.458200e-03     1  6.024394e-01
    72  0.056 -4.496035e-01  1.310274e+00 -3.891813e-02  -3.136916e+08   5.346072e+05  -9.080395e-07   1.382340e+03   3.346722e+04   9.295441e+04  -2.241851e-03   7.607451e-04   6.743467e-04   5.140720e-07   8.101480e-06   2.250167e-05   4.887409e-03  -9.858976e-04   1.407641e-03     1  6.040723e-01
    72  0.167 -4.497458e-01  1.300546e+00 -2.918860e-02  -3.113306e+08   5.223444e+05  -8.223578e-07   8.951404e+02   2.262927e+04   3.269447e+04  -2.224959e-03   7.541138e-04   6.696972e-04   3.328897e-07   5.477916e-06   7.914419e-06   4.883700e-03  -9.783671e-04   1.407531e-03     1  5.277154e-01
    72  0.278 -4.498880e-01  1.290817e+00 -1.945906e-02  -3.089695e+08   5.100816e+05  -7.255003e-07   4.413657e+02   1.247815e+04  -2.756548e+04  -2.208066e-03   7.474824e-04   6.650476e-04   1.641375e-07   3.020613e-06  -6.672834e-06   4.879991e-03  -9.708366e-04   1.407421e-03     1  4.655697e-01
    72  0.389 -4.500303e-01  1.281089e+00 -9.729532e-03  -3.066084e+08   4.978187e+05  -6.258488e-07   2.101566e+01   3.013856e+03  -8.782543e+04  -2.191174e-03   7.408511e-04   6.603981e-04   7.815417e-09   7.295705e-07  -2.126009e-05   4.876282e-03  -9.633061e-04   1.407311e-03     1  4.239317e-01
    72  0.500 -4.501726e-01  1.271360e+00  0.000000e+00  -3.042473e+08   4.855559e+05  -5.224720e-07  -3.659098e+02  -5.763619e+03  -1.480854e+05  -2.174281e-03   7.342197e-04   6.557485e-04  -1.360765e-07  -1.395212e-06  -3.584734e-05   4.872573e-03  -9.557756e-04   1.407201e-03     1  4.091118e-01
    72  0.611 -4.503148e-01  1.261632e+00  9.729532e-03  -3.018862e+08   4.732931e+05  -4.181638e-07  -7.194106e+02  -1.385427e+04  -2.083453e+05  -2.157389e-03   7.275883e-04   6.510990e-04  -2.675383e-07  -3.353733e-06  -5.043460e-05   4.868864e-03  -9.482451e-04   1.407091e-03     1  4.239317e-01
    72  0.722 -4.504571e-01  1.251904e+00  1.945906e-02  -2.995251e+08   4.610303e+05  -3.078021e-07  -1.039487e+03  -2.125810e+04  -2.686053e+05  -2.140496e-03   7.209570e-04   6.464494e-04  -3.865700e-07  -5.145994e-06  -6.502185e-05   4.865155e-03  -9.407146e-04   1.406980e-03     1  4.655697e-01
    72  0.833 -4.505994e-01  1.242175e+00  2.918860e-02  -2.971640e+08   4.487674e+05  -2.048910e-07  -1.326138e+03  -2.797511e+04  -3.288652e+05  -2.123604e-03   7.143256e-04   6.417998e-04  -4.931715e-07  -6.771995e-06  -7.960910e-05   4.861446e-03  -9.331841e-04   1.406870e-03     1  5.277154e-01
    72  0.944 -4.507416e-01  1.232447e+00  3.891813e-02  -2.948029e+08   4.365046e+05  -9.452924e-08  -1.579365e+03  -3.400530e+04  -3.891252e+05  -2.106712e-03   7.076942e-04   6.371503e-04  -5.873430e-07  -8.231735e-06  -9.419636e-05   4.857737e-03  -9.256536e-04   1.406760e-03     1  6.040723e-01
    73  0.056 -5.213769e-01  1.311293e+00 -3.891813e-02  -3.152889e+08   5.380956e+05  -9.015203e-07   1.215146e+03   3.417607e+04  -3.767013e+05  -2.253267e-03   7.647028e-04   6.777406e-04   4.518952e-07   8.273074e-06  -9.118888e-05   4.817110e-03  -1.041428e-03   1.351107e-03     0  1.304755e+00
    73  0.167 -5.215108e-01  1.301565e+00 -2.918860e-02  -3.129276e+08   5.255988e+05  -8.260831e-07   7.725793e+02   2.396738e+04  -4.372127e+05  -2.236374e-03   7.580455e-04   6.731029e-04   2.873110e-07   5.801836e-06  -1.058370e-04   4.812857e-03  -1.033421e-03   1.350997e-03     0  1.270074e+00
    73  0.278 -5.216447e-01  1.291836e+00 -1.945906e-02  -3.105664e+08   5.131019e+05  -7.282943e-07   3.623702e+02   1.426043e+04  -4.977241e+05  -2.219480e-03   7.513881e-04   6.684652e-04   1.347602e-07   3.452052e-06  -1.204851e-04   4.808604e-03  -1.025414e-03   1.350887e-03     0  1.244381e+00
    73  0.389 -5.217786e-01  1.282107e+00 -9.729532e-03  -3.082052e+08   5.006051e+05  -6.314367e-07  -1.548097e+01   5.055195e+03  -5.582355e+05  -2.202586e-03   7.447308e-04   6.638275e-04  -5.757149e-09   1.223722e-06  -1.351333e-04   4.804351e-03  -1.017406e-03   1.350777e-03     0  1.228240e+00
    73  0.500 -5.219125e-01  1.272379e+00  0.000000e+00  -3.058440e+08   4.881082e+05  -5.280599e-07  -3.609743e+02  -3.648310e+03  -6.187469e+05  -2.185692e-03   7.380735e-04   6.591898e-04  -1.342411e-07  -8.831542e-07  -1.497814e-04   4.800098e-03  -1.009399e-03   1.350666e-03     0  1.222027e+00
    73  0.611 -5.220464e-01  1.262650e+00  9.729532e-03  -3.034828e+08   4.756113e+05  -4.195608e-07  -6.741098e+02  -1.185009e+04  -6.792584e+05  -2.168799e-03   7.314161e-04   6.545521e-04  -2.506916e-07  -2.868576e-06  -1.644295e-04   4.795845e-03  -1.001392e-03   1.350556e-03     0  1.225896e+00
    73  0.722 -5.221803e-01  1.252921e+00  1.945906e-02  -3.011216e+08   4.631145e+05  -3.119931e-07  -9.548874e+02  -1.955014e+04  -7.397698e+05  -2.151905e-03   7.247588e-04   6.499144e-04  -3.551087e-07  -4.732544e-06  -1.790777e-04   4.791592e-03  -9.933846e-04   1.350446e-03     0  1.239751e+00
    73  0.833 -5.223142e-01  1.243193e+00  2.918860e-02  -2.987604e+08   4.506176e+05  -2.034940e-07  -1.203307e+03  -2.674847e+04  -8.002812e+05  -2.135011e-03   7.181015e-04   6.452767e-04  -4.474924e-07  -6.475058e-06  -1.937258e-04   4.787339e-03  -9.853774e-04   1.350336e-03     0  1.263264e+00
    73  0.944 -5.224481e-01  1.233464e+00  3.891813e-02  -2.963992e+08   4.381208e+05  -9.499490e-08  -1.419369e+03  -3.344507e+04  -8.607926e+05  -2.118117e-03   7.114441e-04   6.406390e-04  -5.278427e-07  -8.096119e-06  -2.083739e-04   4.783086e-03  -9.773701e-04   1.350226e-03     0  1.295909e+00
    74  0.056 -5.934608e-01  1.311714e+00 -3.891813e-02  -3.167464e+08   5.413779e+05  -9.154901e-07   5.831043e+02   2.648029e+04  -7.302261e+05  -2.263686e-03   7.683253e-04   6.808327e-04   2.168480e-07   6.410139e-06  -1.767674e-04   4.737883e-03  -1.096548e-03   1.290346e-03     1  6.019090e-01
    74  0.167 -5.934396e-01  1.301984e+00 -2.918860e-02  -3.143821e+08   5.286372e+05  -8.307397e-07   3.665482e+02   1.817560e+04  -7.904424e+05  -2.246770e-03   7.616343e-04   6.762007e-04   1.363139e-07   4.399807e-06  -1.913441e-04   4.733313e-03  -1.088063e-03   1.290365e-03     1  5.252378e-01
    74  0.278 -5.934184e-01  1.292255e+00 -1.945906e-02  -3.120179e+08   5.158965e+05  -7.301569e-07   1.666794e+02   1.040988e+04  -8.506588e+05  -2.229854e-03   7.549433e-04   6.715688e-04   6.198563e-08   2.519942e-06  -2.059208e-04   4.728743e-03  -1.079578e-03   1.290383e-03     1  4.627595e-01
    74  0.389 -5.933972e-01  1.282525e+00 -9.729532e-03  -3.096536e+08   5.031558e+05  -6.314367e-07  -1.650217e+01   3.183114e+03  -9.108751e+05  -2.212937e-03   7.482524e-04   6.669368e-04  -6.136917e-09   7.705433e-07  -2.204975e-04   4.724172e-03  -1.071093e-03   1.290402e-03     1  4.208436e-01
    74  0.500 -5.933760e-01  1.272796e+00  0.000000e+00  -3.072893e+08   4.904151e+05  -5.271286e-07  -1.829964e+02  -3.504692e+03  -9.710914e+05  -2.196021e-03   7.415614e-04   6.623049e-04  -6.805370e-08  -8.483883e-07  -2.350742e-04   4.719602e-03  -1.062608e-03   1.290420e-03     1  4.059109e-01
    74  0.611 -5.933548e-01  1.263066e+00  9.729532e-03  -3.049251e+08   4.776744e+05  -4.218891e-07  -3.328034e+02  -9.653540e+03  -1.031308e+06  -2.179105e-03   7.348704e-04   6.576730e-04  -1.237647e-07  -2.336853e-06  -2.496509e-04   4.715032e-03  -1.054123e-03   1.290438e-03     1  4.208436e-01
    74  0.722 -5.933336e-01  1.253337e+00  1.945906e-02  -3.025608e+08   4.649337e+05  -3.110617e-07  -4.659230e+02  -1.526343e+04  -1.091524e+06  -2.162189e-03   7.281794e-04   6.530410e-04  -1.732700e-07  -3.694851e-06  -2.642276e-04   4.710462e-03  -1.045638e-03   1.290457e-03     1  4.627595e-01
    74  0.833 -5.933124e-01  1.243607e+00  2.918860e-02  -3.001965e+08   4.521930e+05  -2.039596e-07  -5.823554e+02  -2.033436e+04  -1.151740e+06  -2.145273e-03   7.214884e-04   6.484091e-04  -2.165695e-07  -4.922382e-06  -2.788043e-04   4.705892e-03  -1.037153e-03   1.290475e-03     1  5.252378e-01
    74  0.944 -5.932912e-01  1.233878e+00  3.891813e-02  -2.978322e+08   4.394523e+05  -8.847564e-08  -6.821005e+02  -2.486633e+04  -1.211957e+06  -2.128357e-03   7.147975e-04   6.437771e-04  -2.536633e-07  -6.019446e-06  -2.933810e-04   4.701322e-03  -1.028668e-03   1.290494e-03     1  6.019090e-01
    75  0.056 -6.766110e-01  1.311173e+00 -3.891813e-02  -3.181774e+08   5.470899e+05  -9.117648e-07  -4.362721e-12   1.881630e+04   2.375818e+05  -2.273920e-03   7.721554e-04   6.837397e-04  -1.622432e-21   4.554903e-06   5.751193e-05   4.654220e-03  -1.159890e-03   1.214692e-03     1  6.996274e-01
    75  0.167 -6.765161e-01  1.301444e+00 -2.918860e-02  -3.158121e+08   5.335039e+05  -8.326024e-07  -4.327313e-12   1.247359e+04   1.902966e+05  -2.256995e-03   7.653693e-04   6.791492e-04  -1.609265e-21   3.019508e-06   4.606550e-05   4.649223e-03  -1.150847e-03   1.214780e-03     1  6.348691e-01
    75  0.278 -6.764211e-01  1.291715e+00 -1.945906e-02  -3.134469e+08   5.199179e+05  -7.366762e-07  -4.034289e-12   6.691893e+03   1.430114e+05  -2.240070e-03   7.585831e-04   6.745587e-04  -1.500293e-21   1.619921e-06   3.461906e-05   4.644226e-03  -1.141804e-03   1.214868e-03     1  5.842348e-01
    75  0.389 -6.763262e-01  1.281986e+00 -9.729532e-03  -3.110816e+08   5.063319e+05  -6.351620e-07  -3.483650e-12   1.471220e+03   9.572614e+04  -2.223144e-03   7.517970e-04   6.699682e-04  -1.295519e-21   3.561413e-07   2.317263e-05   4.639229e-03  -1.132760e-03   1.214957e-03     1  5.516279e-01
    75  0.500 -6.762313e-01  1.272257e+00  0.000000e+00  -3.087163e+08   4.927459e+05  -5.308539e-07  -2.675395e-12  -3.188433e+03   4.844094e+04  -2.206219e-03   7.450108e-04   6.653777e-04  -9.949404e-22  -7.718307e-07   1.172620e-05   4.634232e-03  -1.123717e-03   1.215045e-03     1  5.403218e-01
    75  0.611 -6.761363e-01  1.262527e+00  9.729532e-03  -3.063510e+08   4.791599e+05  -4.228204e-07  -1.609524e-12  -7.287064e+03   1.155726e+03  -2.189294e-03   7.382247e-04   6.607872e-04  -5.985587e-22  -1.763995e-06   2.797691e-07   4.629234e-03  -1.114673e-03   1.215133e-03     1  5.516279e-01
    75  0.722 -6.760414e-01  1.252798e+00  1.945906e-02  -3.039857e+08   4.655739e+05  -3.115274e-07  -2.860384e-13  -1.082467e+04  -4.612948e+04  -2.172368e-03   7.314386e-04   6.561967e-04  -1.063735e-22  -2.620352e-06  -1.116666e-05   4.624237e-03  -1.105630e-03   1.215221e-03     1  5.842348e-01
    75  0.833 -6.759464e-01  1.243069e+00  2.918860e-02  -3.016204e+08   4.519879e+05  -2.053566e-07   1.295063e-12  -1.380126e+04  -9.341469e+04  -2.155443e-03   7.246524e-04   6.516062e-04   4.816151e-22  -3.340902e-06  -2.261309e-05   4.619240e-03  -1.096586e-03   1.215310e-03     1  6.348691e-01
    75  0.944 -6.758515e-01  1.233340e+00  3.891813e-02  -2.992551e+08   4.384019e+05  -9.872019e-08   3.133780e-12  -1.621683e+04  -1.406999e+05  -2.138518e-03   7.178663e-04   6.470157e-04   1.165407e-21  -3.925643e-06  -3.405953e-05   4.614243e-03  -1.087543e-03   1.215398e-03     1  6.996274e-01
    76  0.056 -7.596495e-01  1.305936e+00 -3.427290e-02  -3.058566e+05   5.782752e+04  -6.827904e-07   1.115411e+02   1.176246e+03  -2.157830e+04  -2.275977e-03   1.091355e-03   5.559333e-04   2.065576e-06   2.178233e-05  -3.995981e-04   4.561554e-03  -1.230662e-03   1.134570e-03     1  6.444030e-01
    76  0.167 -7.596182e-01  1.297368e+00 -2.570468e-02  -3.038773e+05   5.737751e+04  -6.067130e-07   1.061440e+02   8.901606e+02  -2.234628e+04  -2.261078e-03   1.083761e-03   5.525055e-04   1.965630e-06   1.648445e-05  -4.138200e-04   4.556617e-03  -1.222141e-03   1.134601e-03     1  5.734418e-01
    76  0.278 -7.595870e-01  1.288800e+00 -1.713645e-02  -3.018980e+05   5.692750e+04  -5.305628e-07   1.003236e+02   6.039337e+02  -2.311426e+04  -2.246180e-03   1.076166e-03   5.490777e-04   1.857844e-06   1.118396e-05  -4.280419e-04   4.551679e-03  -1.213621e-03   1.134632e-03     1  5.168240e-01
    76  0.389 -7.595558e-01  1.280232e+00 -8.568226e-03  -2.999186e+05   5.647748e+04  -4.544709e-07   9.407981e+01   3.175653e+02  -2.388224e+04  -2.231281e-03   1.068572e-03   5.456499e-04   1.742219e-06   5.880838e-06  -4.422637e-04   4.546742e-03  -1.205101e-03   1.134663e-03     1  4.796562e-01
    76  0.500 -7.595246e-01  1.271664e+00  0.000000e+00  -2.979393e+05   5.602747e+04  -3.783352e-07   8.741269e+01   3.105531e+01  -2.465022e+04  -2.216382e-03   1.060977e-03   5.422221e-04   1.618754e-06   5.750982e-07  -4.564856e-04   4.541805e-03  -1.196580e-03   1.134694e-03     1  4.666094e-01
    76  0.611 -7.594934e-01  1.263096e+00  8.568226e-03  -2.959600e+05   5.557745e+04  -3.021996e-07   8.032223e+01  -2.555962e+02  -2.541820e+04  -2.201484e-03   1.053383e-03   5.387943e-04   1.487449e-06  -4.733263e-06  -4.707074e-04   4.536868e-03  -1.188060e-03   1.134725e-03     1  4.796562e-01
    76  0.722 -7.594622e-01  1.254527e+00  1.713645e-02  -2.939807e+05   5.512744e+04  -2.260786e-07   7.280843e+01  -5.423893e+02  -2.618618e+04  -2.186585e-03   1.045788e-03   5.353665e-04   1.348304e-06  -1.004425e-05  -4.849293e-04   4.531931e-03  -1.179539e-03   1.134756e-03     1  5.168240e-01
    76  0.833 -7.594309e-01  1.245959e+00  2.570468e-02  -2.920013e+05   5.467742e+04  -1.499429e-07   6.487129e+01  -8.293239e+02  -2.695416e+04  -2.171686e-03   1.038194e-03   5.319386e-04   1.201320e-06  -1.535785e-05  -4.991512e-04   4.526994e-03  -1.171019e-03   1.134787e-03     1  5.734418e-01
    76  0.944 -7.593997e-01  1.237391e+00  3.427290e-02  -2.900220e+05   5.422741e+04  -7.370545e-08   5.651081e+01  -1.116400e+03  -2.772214e+04  -2.156788e-03   1.030600e-03   5.285108e-04   1.046496e-06  -2.067408e-05  -5.133730e-04   4.522057e-03  -1.162499e-03   1.134818e-03     1  6.444030e-01
    77  0.056 -8.335720e-01  1.303165e+00 -3.427290e-02  -3.065544e+05   5.792579e+04  -6.840564e-07   1.928585e+02   5.664089e+02  -2.245789e+04  -2.281094e-03   1.093609e-03   5.572771e-04   3.571454e-06   1.048905e-05  -4.158868e-04   4.460562e-03  -1.305951e-03   1.055574e-03     1  6.418224e-01
    77  0.167 -8.329595e-01  1.294619e+00 -2.570468e-02  -3.045671e+05   5.748289e+04  -6.080081e-07   1.909470e+02   5.466737e+02  -2.321330e+04  -2.266156e-03   1.086047e-03   5.538155e-04   3.536056e-06   1.012359e-05  -4.298759e-04   4.455717e-03  -1.296911e-03   1.056221e-03     1  5.705403e-01
    77  0.278 -8.323470e-01  1.286073e+00 -1.713645e-02  -3.025798e+05   5.703999e+04  -5.317997e-07   1.881301e+02   5.248968e+02  -2.396871e+04  -2.251217e-03   1.078484e-03   5.503538e-04   3.483890e-06   9.720311e-06  -4.438650e-04   4.450872e-03  -1.287870e-03   1.056869e-03     1  5.136028e-01
    77  0.389 -8.317345e-01  1.277526e+00 -8.568226e-03  -3.005925e+05   5.659708e+04  -4.555332e-07   1.844076e+02   5.010781e+02  -2.472412e+04  -2.236278e-03   1.070922e-03   5.468922e-04   3.414956e-06   9.279224e-06  -4.578541e-04   4.446027e-03  -1.278830e-03   1.057517e-03     1  4.761836e-01
    77  0.500 -8.311219e-01  1.268980e+00  0.000000e+00  -2.986052e+05   5.615418e+04  -3.792084e-07   1.797796e+02   4.752177e+02  -2.547953e+04  -2.221339e-03   1.063359e-03   5.434305e-04   3.329253e-06   8.800327e-06  -4.718432e-04   4.441183e-03  -1.269789e-03   1.058165e-03     1  4.630390e-01
    77  0.611 -8.305094e-01  1.260434e+00  8.568226e-03  -2.966179e+05   5.571128e+04  -3.028690e-07   1.742462e+02   4.473155e+02  -2.623494e+04  -2.206400e-03   1.055797e-03   5.399689e-04   3.226781e-06   8.283621e-06  -4.858323e-04   4.436338e-03  -1.260749e-03   1.058813e-03     1  4.761836e-01
    77  0.722 -8.298969e-01  1.251888e+00  1.713645e-02  -2.946305e+05   5.526837e+04  -2.265733e-07   1.678072e+02   4.173716e+02  -2.699036e+04  -2.191462e-03   1.048234e-03   5.365072e-04   3.107541e-06   7.729104e-06  -4.998214e-04   4.431493e-03  -1.251708e-03   1.059461e-03     1  5.136028e-01
    77  0.833 -8.292844e-01  1.243341e+00  2.570468e-02  -2.926432e+05   5.482547e+04  -1.502922e-07   1.604628e+02   3.853860e+02  -2.774577e+04  -2.176523e-03   1.040672e-03   5.330456e-04   2.971533e-06   7.136778e-06  -5.138105e-04   4.426648e-03  -1.242667e-03   1.060109e-03     1  5.705403e-01
    77  0.944 -8.286718e-01  1.234795e+00  3.427290e-02  -2.906559e+05   5.438257e+04  -7.395283e-08   1.522128e+02   3.513587e+02  -2.850118e+04  -2.161584e-03   1.033109e-03   5.295839e-04   2.818756e-06   6.506642e-06  -5.277996e-04   4.421804e-03  -1.233627e-03   1.060757e-03     1  6.418224e-01
    78  0.056 -9.059740e-01  1.296950e+00 -3.427290e-02  -3.064200e+05   5.786783e+04  -6.838818e-07   1.508202e+02   4.331272e+02  -2.326795e+04  -2.280021e-03   1.092901e-03   5.571057e-04   2.792966e-06   8.020874e-06  -4.308880e-04   4.358034e-03  -1.377236e-03   9.697612e-04     1  6.446399e-01
    78  0.167 -9.051221e-01  1.288425e+00 -2.570468e-02  -3.044306e+05   5.743291e+04  -6.077753e-07   1.602792e+02   4.380381e+02  -2.400336e+04  -2.265085e-03   1.085390e-03   5.536215e-04   2.968133e-06   8.111817e-06  -4.445067e-04   4.352939e-03  -1.367679e-03   9.707162e-04     1  5.737079e-01
    78  0.278 -9.042702e-01  1.279899e+00 -1.713645e-02  -3.024412e+05   5.699799e+04  -5.315378e-07   1.687981e+02   4.410415e+02  -2.473877e+04  -2.250150e-03   1.077879e-03   5.501374e-04   3.125891e-06   8.167435e-06  -4.581254e-04   4.347844e-03  -1.358122e-03   9.716711e-04     1  5.171193e-01
    78  0.389 -9.034182e-01  1.271373e+00 -8.568226e-03  -3.004519e+05   5.656307e+04  -4.553440e-07   1.763770e+02   4.421373e+02  -2.547418e+04  -2.235215e-03   1.070368e-03   5.466532e-04   3.266241e-06   8.187728e-06  -4.717442e-04   4.342749e-03  -1.348566e-03   9.726260e-04     1  4.799744e-01
    78  0.500 -9.025663e-01  1.262847e+00  0.000000e+00  -2.984625e+05   5.612815e+04  -3.790628e-07   1.830158e+02   4.413256e+02  -2.620960e+04  -2.220280e-03   1.062857e-03   5.431691e-04   3.389182e-06   8.172697e-06  -4.853629e-04   4.337654e-03  -1.339009e-03   9.735810e-04     1  4.669365e-01
    78  0.611 -9.017144e-01  1.254322e+00  8.568226e-03  -2.964732e+05   5.569323e+04  -3.027380e-07   1.887146e+02   4.386064e+02  -2.694501e+04  -2.205344e-03   1.055346e-03   5.396850e-04   3.494714e-06   8.122342e-06  -4.989816e-04   4.332559e-03  -1.329453e-03   9.745359e-04     1  4.799744e-01
    78  0.722 -9.008625e-01  1.245796e+00  1.713645e-02  -2.944838e+05   5.525830e+04  -2.264569e-07   1.934733e+02   4.339797e+02  -2.768042e+04  -2.190409e-03   1.047835e-03   5.362008e-04   3.582838e-06   8.036661e-06  -5.126003e-04   4.327464e-03  -1.319896e-03   9.754908e-04     1  5.171193e-01
    78  0.833 -9.000105e-01  1.237270e+00  2.570468e-02  -2.924944e+05   5.482338e+04  -1.502340e-07   1.972919e+02   4.274455e+02  -2.841583e+04  -2.175474e-03   1.040324e-03   5.327167e-04   3.653554e-06   7.915657e-06  -5.262190e-04   4.322369e-03  -1.310339e-03   9.764458e-04     1  5.737079e-01
    78  0.944 -8.991586e-01  1.228744e+00  3.427290e-02  -2.905051e+05   5.438846e+04  -7.396739e-08   2.001705e+02   4.190037e+02  -2.915124e+04  -2.160539e-03   1.032812e-03   5.292326e-04   3.706861e-06   7.759328e-06  -5.398377e-04   4.317274e-03  -1.300783e-03   9.774007e-04     1  6.446399e-01
    79  0.056 -9.775289e-01  1.289759e+00 -3.427290e-02  -3.060420e+05   5.776391e+04  -6.830087e-07   1.254454e+02  -3.842493e+01  -2.403030e+04  -2.277136e-03   1.091324e-03   5.564915e-04   2.323063e-06  -7.115728e-07  -4.450056e-04   4.254877e-03  -1.447028e-03   8.792307e-04     1  6.433379e-01
    79  0.167 -9.766672e-01  1.281234e+00 -2.570468e-02  -3.040502e+05   5.733681e+04  -6.070040e-07   1.420008e+02   3.533223e+01  -2.474947e+04  -2.262201e-03   1.083863e-03   5.529843e-04   2.629644e-06   6.543005e-07  -4.583235e-04   4.249269e-03  -1.436937e-03   8.802507e-04     1  5.722447e-01
    79  0.278 -9.758055e-01  1.272709e+00 -1.713645e-02  -3.020584e+05   5.690971e+04  -5.309412e-07   1.575884e+02   1.079573e+02  -2.546864e+04  -2.247266e-03   1.076401e-03   5.494772e-04   2.918303e-06   1.999210e-06  -4.716414e-04   4.243661e-03  -1.426846e-03   8.812708e-04     1  5.154954e-01
    79  0.389 -9.749437e-01  1.264185e+00 -8.568226e-03  -3.000666e+05   5.648261e+04  -4.547910e-07   1.722083e+02   1.794504e+02  -2.618781e+04  -2.232331e-03   1.068940e-03   5.459701e-04   3.189042e-06   3.323155e-06  -4.849594e-04   4.238053e-03  -1.416755e-03   8.822908e-04     1  4.782243e-01
    79  0.500 -9.740820e-01  1.255660e+00  0.000000e+00  -2.980748e+05   5.605551e+04  -3.785972e-07   1.858604e+02   2.498113e+02  -2.690697e+04  -2.217396e-03   1.061478e-03   5.424629e-04   3.441859e-06   4.626136e-06  -4.982773e-04   4.232445e-03  -1.406664e-03   8.833109e-04     1  4.651374e-01
    79  0.611 -9.732203e-01  1.247135e+00  8.568226e-03  -2.960830e+05   5.562841e+04  -3.024179e-07   1.985448e+02   3.190402e+02  -2.762614e+04  -2.202461e-03   1.054016e-03   5.389558e-04   3.676756e-06   5.908152e-06  -5.115952e-04   4.226837e-03  -1.396574e-03   8.843309e-04     1  4.782243e-01
    79  0.722 -9.723585e-01  1.238610e+00  1.713645e-02  -2.940912e+05   5.520131e+04  -2.261513e-07   2.102615e+02   3.871371e+02  -2.834531e+04  -2.187526e-03   1.046555e-03   5.354487e-04   3.893732e-06   7.169205e-06  -5.249131e-04   4.221229e-03  -1.386483e-03   8.853509e-04     1  5.154954e-01
    79  0.833 -9.714968e-01  1.230085e+00  2.570468e-02  -2.920994e+05   5.477420e+04  -1.500448e-07   2.210105e+02   4.541018e+02  -2.906447e+04  -2.172591e-03   1.039093e-03   5.319415e-04   4.092787e-06   8.409293e-06  -5.382310e-04   4.215620e-03  -1.376392e-03   8.863710e-04     1  5.722447e-01
    79  0.944 -9.706351e-01  1.221561e+00  3.427290e-02  -2.901076e+05   5.434710e+04  -7.390918e-08   2.307917e+02   5.199346e+02  -2.978364e+04  -2.157657e-03   1.031631e-03   5.284344e-04   4.273921e-06   9.628418e-06  -5.515489e-04   4.210012e-03  -1.366301e-03   8.873910e-04     1  6.433379e-01
    80  0.056 -1.049902e+00  1.280888e+00 -3.427290e-02  -3.052860e+05   5.759027e+04  -6.811897e-07   8.547666e+01   1.258746e+02  -2.476481e+04  -2.271441e-03   1.088411e-03   5.551862e-04   1.582901e-06   2.331011e-06  -4.586076e-04   4.148612e-03  -1.513477e-03   7.816258e-04     1  6.408499e-01
    80  0.167 -1.048678e+00  1.272408e+00 -2.570468e-02  -3.032956e+05   5.717155e+04  -6.054470e-07   1.132625e+02   1.307697e+02  -2.547300e+04  -2.256535e-03   1.081012e-03   5.516634e-04   2.097453e-06   2.421661e-06  -4.717222e-04   4.142971e-03  -1.502913e-03   7.831505e-04     1  5.694461e-01
    80  0.278 -1.047454e+00  1.263927e+00 -1.713645e-02  -3.013052e+05   5.675283e+04  -5.295879e-07   1.400471e+02   1.349972e+02  -2.618118e+04  -2.241629e-03   1.073612e-03   5.481406e-04   2.593465e-06   2.499948e-06  -4.848367e-04   4.137329e-03  -1.492349e-03   7.846751e-04     1  5.123870e-01
    80  0.389 -1.046230e+00  1.255447e+00 -8.568226e-03  -2.993148e+05   5.633412e+04  -4.536996e-07   1.658306e+02   1.385570e+02  -2.688937e+04  -2.226722e-03   1.066212e-03   5.446177e-04   3.070937e-06   2.565871e-06  -4.979512e-04   4.131688e-03  -1.481785e-03   7.861998e-04     1  4.748720e-01
    80  0.500 -1.045006e+00  1.246967e+00  0.000000e+00  -2.973244e+05   5.591540e+04  -3.776804e-07   1.906129e+02   1.414492e+02  -2.759755e+04  -2.211816e-03   1.058813e-03   5.410949e-04   3.529869e-06   2.619430e-06  -5.110658e-04   4.126046e-03  -1.471221e-03   7.877244e-04     1  4.616901e-01
    80  0.611 -1.043782e+00  1.238486e+00  8.568226e-03  -2.953340e+05   5.549669e+04  -3.016467e-07   2.143941e+02   1.436738e+02  -2.830574e+04  -2.196910e-03   1.051413e-03   5.375721e-04   3.970260e-06   2.660625e-06  -5.241803e-04   4.120405e-03  -1.460657e-03   7.892491e-04     1  4.748720e-01
    80  0.722 -1.042559e+00  1.230006e+00  1.713645e-02  -2.933436e+05   5.507797e+04  -2.255983e-07   2.371740e+02   1.452307e+02  -2.901392e+04  -2.182003e-03   1.044013e-03   5.340493e-04   4.392112e-06   2.689457e-06  -5.372949e-04   4.114763e-03  -1.450093e-03   7.907737e-04     1  5.123870e-01
    80  0.833 -1.041335e+00  1.221526e+00  2.570468e-02  -2.913531e+05   5.465925e+04  -1.496373e-07   2.589529e+02   1.461200e+02  -2.972211e+04  -2.167097e-03   1.036614e-03   5.305265e-04   4.795423e-06   2.705925e-06  -5.504094e-04   4.109122e-03  -1.439529e-03   7.922984e-04     1  5.694461e-01
    80  0.944 -1.040111e+00  1.213045e+00  3.427290e-02  -2.893627e+05   5.424054e+04  -7.358904e-08   2.797305e+02   1.463416e+02  -3.043029e+04  -2.152191e-03   1.029214e-03   5.270037e-04   5.180195e-06   2.710030e-06  -5.635239e-04   4.103480e-03  -1.428965e-03   7.938231e-04     1  6.408499e-01
    81  0.056 -1.121548e+00  1.269550e+00 -3.427290e-02  -3.039402e+05   5.730627e+04  -6.783084e-07   5.274550e+01  -8.094481e+01  -2.549942e+04  -2.261360e-03   1.083402e-03   5.528061e-04   9.767685e-07  -1.498978e-06  -4.722115e-04   4.040392e-03  -1.575739e-03   6.777708e-04     1  6.446932e-01
    81  0.167 -1.120095e+00  1.261106e+00 -2.570468e-02  -3.019517e+05   5.689581e+04  -6.028131e-07   8.884791e+01  -8.121170e+01  -2.620241e+04  -2.246486e-03   1.076064e-03   5.492691e-04   1.645332e-06  -1.503920e-06  -4.852299e-04   4.034533e-03  -1.564700e-03   6.796704e-04     1  5.737678e-01
    81  0.278 -1.118642e+00  1.252662e+00 -1.713645e-02  -2.999632e+05   5.648534e+04  -5.272013e-07   1.240226e+02  -8.122725e+01  -2.690541e+04  -2.231612e-03   1.068727e-03   5.457322e-04   2.296715e-06  -1.504208e-06  -4.982483e-04   4.028673e-03  -1.553661e-03   6.815700e-04     1  5.171858e-01
    81  0.389 -1.117189e+00  1.244218e+00 -8.568226e-03  -2.979748e+05   5.607488e+04  -4.516332e-07   1.582696e+02  -8.099146e+01  -2.760840e+04  -2.216737e-03   1.061390e-03   5.421953e-04   2.930918e-06  -1.499842e-06  -5.112667e-04   4.022814e-03  -1.542622e-03   6.834696e-04     1  4.800459e-01
    81  0.500 -1.115735e+00  1.235773e+00  0.000000e+00  -2.959863e+05   5.566442e+04  -3.760069e-07   1.915888e+02  -8.050433e+01  -2.831139e+04  -2.201863e-03   1.054052e-03   5.386583e-04   3.547941e-06  -1.490821e-06  -5.242851e-04   4.016955e-03  -1.531583e-03   6.853692e-04     1  4.670101e-01
    81  0.611 -1.114282e+00  1.227329e+00  8.568226e-03  -2.939979e+05   5.525396e+04  -3.003370e-07   2.239804e+02  -7.976587e+01  -2.901439e+04  -2.186989e-03   1.046715e-03   5.351214e-04   4.147784e-06  -1.477146e-06  -5.373035e-04   4.011095e-03  -1.520545e-03   6.872688e-04     1  4.800459e-01
    81  0.722 -1.112829e+00  1.218885e+00  1.713645e-02  -2.920094e+05   5.484350e+04  -2.246379e-07   2.554442e+02  -7.877607e+01  -2.971738e+04  -2.172115e-03   1.039378e-03   5.315845e-04   4.730448e-06  -1.458816e-06  -5.503219e-04   4.005236e-03  -1.509506e-03   6.891684e-04     1  5.171858e-01
    81  0.833 -1.111376e+00  1.210441e+00  2.570468e-02  -2.900209e+05   5.443304e+04  -1.489680e-07   2.859803e+02  -7.753494e+01  -3.042038e+04  -2.157241e-03   1.032040e-03   5.280475e-04   5.295931e-06  -1.435832e-06  -5.633403e-04   3.999377e-03  -1.498467e-03   6.910680e-04     1  5.737678e-01
    81  0.944 -1.109923e+00  1.201997e+00  3.427290e-02  -2.880325e+05   5.402258e+04  -7.316703e-08   3.155887e+02  -7.604247e+01  -3.112337e+04  -2.142367e-03   1.024703e-03   5.245106e-04   5.844234e-06  -1.408194e-06  -5.763587e-04   3.993517e-03  -1.487428e-03   6.929677e-04     1  6.446932e-01
    82  0.056 -1.192225e+00  1.257340e+00 -3.427290e-02  -3.023730e+05   5.698068e+04  -6.749906e-07   1.874794e+01  -6.556651e+02  -2.617128e+04  -2.249632e-03   1.077604e-03   5.500232e-04   3.471841e-07  -1.214195e-05  -4.846534e-04   3.931625e-03  -1.635681e-03   5.697968e-04     1  6.414396e-01
    82  0.167 -1.190761e+00  1.248897e+00 -2.570468e-02  -3.003824e+05   5.657756e+04  -5.997426e-07   6.462594e+01  -5.820041e+02  -2.687752e+04  -2.234760e-03   1.070314e-03   5.464651e-04   1.196777e-06  -1.077785e-05  -4.977318e-04   3.925286e-03  -1.624128e-03   5.718006e-04     1  5.701097e-01
    82  0.278 -1.189297e+00  1.240455e+00 -1.713645e-02  -2.983919e+05   5.617445e+04  -5.244510e-07   1.094485e+02  -5.069835e+02  -2.758375e+04  -2.219888e-03   1.063023e-03   5.429071e-04   2.026824e-06  -9.388583e-06  -5.108102e-04   3.918947e-03  -1.612575e-03   5.738044e-04     1  5.131244e-01
    82  0.389 -1.187832e+00  1.232013e+00 -8.568226e-03  -2.964014e+05   5.577133e+04  -4.492758e-07   1.532155e+02  -4.306032e+02  -2.828998e+04  -2.205016e-03   1.055733e-03   5.393490e-04   2.837325e-06  -7.974134e-06  -5.238886e-04   3.912608e-03  -1.601023e-03   5.758082e-04     1  4.756675e-01
    82  0.500 -1.186368e+00  1.223571e+00  0.000000e+00  -2.944108e+05   5.536821e+04  -3.740279e-07   1.959271e+02  -3.528633e+02  -2.899622e+04  -2.190143e-03   1.048442e-03   5.357910e-04   3.628280e-06  -6.534505e-06  -5.369670e-04   3.906269e-03  -1.589470e-03   5.778120e-04     1  4.625083e-01
    82  0.611 -1.184904e+00  1.215129e+00  8.568226e-03  -2.924203e+05   5.496509e+04  -2.987072e-07   2.375833e+02  -2.737637e+02  -2.970245e+04  -2.175271e-03   1.041152e-03   5.322329e-04   4.399690e-06  -5.069698e-06  -5.500454e-04   3.899930e-03  -1.577917e-03   5.798157e-04     1  4.756675e-01
    82  0.722 -1.183440e+00  1.206686e+00  1.713645e-02  -2.904297e+05   5.456197e+04  -2.235174e-07   2.781839e+02  -1.933045e+02  -3.040869e+04  -2.160399e-03   1.033861e-03   5.286748e-04   5.151554e-06  -3.579712e-06  -5.631238e-04   3.893591e-03  -1.566364e-03   5.818195e-04     1  5.131244e-01
    82  0.833 -1.181975e+00  1.198244e+00  2.570468e-02  -2.884392e+05   5.415885e+04  -1.482258e-07   3.177291e+02  -1.114856e+02  -3.111492e+04  -2.145527e-03   1.026571e-03   5.251168e-04   5.883872e-06  -2.064548e-06  -5.762022e-04   3.887252e-03  -1.554811e-03   5.838233e-04     1  5.701097e-01
    82  0.944 -1.180511e+00  1.189802e+00  3.427290e-02  -2.864487e+05   5.375573e+04  -7.278868e-08   3.562188e+02  -2.830703e+01  -3.182115e+04  -2.130654e-03   1.019280e-03   5.215587e-04   6.596645e-06  -5.242043e-07  -5.892806e-04   3.880913e-03  -1.543258e-03   5.858271e-04     1  6.414396e-01
    83  0.056 -1.264056e+00  1.242517e+00 -3.427290e-02  -3.002156e+05   5.654586e+04  -6.699847e-07  -3.168304e+01  -2.012454e+02  -2.682764e+04  -2.233518e-03   1.069717e-03   5.461622e-04  -5.867229e-07  -3.726766e-06  -4.968081e-04   3.818628e-03  -1.689664e-03   4.536781e-04     1  6.401989e-01
    83  0.167 -1.262057e+00  1.234185e+00 -2.570468e-02  -2.982389e+05   5.615297e+04  -5.954062e-07   2.799682e+01  -2.425906e+02  -2.754193e+04  -2.218766e-03   1.062530e-03   5.426122e-04   5.184597e-07  -4.492418e-06  -5.100358e-04   3.812451e-03  -1.677761e-03   4.565329e-04     1  5.687134e-01
    83  0.278 -1.260059e+00  1.225853e+00 -1.713645e-02  -2.962621e+05   5.576008e+04  -5.207257e-07   8.659724e+01  -2.825263e+02  -2.825623e+04  -2.204013e-03   1.055342e-03   5.390621e-04   1.603653e-06  -5.231969e-06  -5.232635e-04   3.806273e-03  -1.665858e-03   4.593877e-04     1  5.115726e-01
    83  0.389 -1.258061e+00  1.217521e+00 -8.568226e-03  -2.942854e+05   5.536719e+04  -4.460744e-07   1.441182e+02  -3.210526e+02  -2.897052e+04  -2.189261e-03   1.048154e-03   5.355121e-04   2.668856e-06  -5.945419e-06  -5.364912e-04   3.800095e-03  -1.653955e-03   4.622424e-04     1  4.739931e-01
    83  0.500 -1.256062e+00  1.209189e+00  0.000000e+00  -2.923087e+05   5.497431e+04  -3.714085e-07   2.005597e+02  -3.581695e+02  -2.968482e+04  -2.174509e-03   1.040966e-03   5.319621e-04   3.714069e-06  -6.632768e-06  -5.497189e-04   3.793917e-03  -1.642051e-03   4.650972e-04     1  4.607861e-01
    83  0.611 -1.254064e+00  1.200857e+00  8.568226e-03  -2.903319e+05   5.458142e+04  -2.966408e-07   2.559218e+02  -3.938768e+02  -3.039911e+04  -2.159756e-03   1.033779e-03   5.284120e-04   4.739293e-06  -7.294015e-06  -5.629466e-04   3.787740e-03  -1.630148e-03   4.679520e-04     1  4.739931e-01
    83  0.722 -1.252066e+00  1.192525e+00  1.713645e-02  -2.883552e+05   5.418853e+04  -2.219022e-07   3.102044e+02  -4.281747e+02  -3.111341e+04  -2.145004e-03   1.026591e-03   5.248620e-04   5.744527e-06  -7.929162e-06  -5.761743e-04   3.781562e-03  -1.618245e-03   4.708068e-04     1  5.115726e-01
    83  0.833 -1.250068e+00  1.184193e+00  2.570468e-02  -2.863785e+05   5.379564e+04  -1.471344e-07   3.634076e+02  -4.610632e+02  -3.182771e+04  -2.130251e-03   1.019403e-03   5.213120e-04   6.729771e-06  -8.538207e-06  -5.894020e-04   3.775384e-03  -1.606342e-03   4.736616e-04     1  5.687134e-01
    83  0.944 -1.248069e+00  1.175861e+00  3.427290e-02  -2.844017e+05   5.340276e+04  -7.243943e-08   4.155314e+02  -4.925421e+02  -3.254200e+04  -2.115499e-03   1.012215e-03   5.177619e-04   7.695025e-06  -9.121151e-06  -6.026297e-04   3.769206e-03  -1.594438e-03   4.765164e-04     1  6.401989e-01
    84  0.056 -1.333965e+00  1.225226e+00 -3.427290e-02  -2.974467e+05   5.599648e+04  -6.638438e-07  -6.538580e+01  -4.715909e+02  -2.749714e+04  -2.212856e-03   1.059656e-03   5.411873e-04  -1.210848e-06  -8.733165e-06  -5.092063e-04   3.704257e-03  -1.738297e-03   3.331716e-04     0  1.460500e+00
    84  0.167 -1.331850e+00  1.216923e+00 -2.570468e-02  -2.954724e+05   5.561127e+04  -5.899346e-07   2.535004e+00  -4.477644e+02  -2.821986e+04  -2.198138e-03   1.052527e-03   5.376256e-04   4.694452e-08  -8.291933e-06  -5.225900e-04   3.697735e-03  -1.725939e-03   3.363200e-04     0  1.429522e+00
    84  0.278 -1.329734e+00  1.208620e+00 -1.713645e-02  -2.934982e+05   5.522606e+04  -5.158945e-07   6.953990e+01  -4.225048e+02  -2.894258e+04  -2.183420e-03   1.045399e-03   5.340639e-04   1.287776e-06  -7.824164e-06  -5.359736e-04   3.691214e-03  -1.713581e-03   3.394683e-04     0  1.406661e+00
    84  0.389 -1.327619e+00  1.200317e+00 -8.568226e-03  -2.915239e+05   5.484084e+04  -4.419417e-07   1.356289e+02  -3.958123e+02  -2.966529e+04  -2.168702e-03   1.038271e-03   5.305023e-04   2.511646e-06  -7.329858e-06  -5.493573e-04   3.684692e-03  -1.701223e-03   3.426167e-04     0  1.392318e+00
    84  0.500 -1.325504e+00  1.192014e+00  0.000000e+00  -2.895497e+05   5.445563e+04  -3.678870e-07   2.008020e+02  -3.676868e+02  -3.038801e+04  -2.153984e-03   1.031142e-03   5.269406e-04   3.718555e-06  -6.809015e-06  -5.627409e-04   3.678171e-03  -1.688865e-03   3.457650e-04     0  1.386757e+00
    84  0.611 -1.323389e+00  1.183711e+00  8.568226e-03  -2.875754e+05   5.407042e+04  -2.938323e-07   2.650591e+02  -3.381283e+02  -3.111073e+04  -2.139267e-03   1.024014e-03   5.233789e-04   4.908502e-06  -6.261635e-06  -5.761246e-04   3.671649e-03  -1.676507e-03   3.489133e-04     0  1.390083e+00
    84  0.722 -1.321273e+00  1.175408e+00  1.713645e-02  -2.856011e+05   5.368521e+04  -2.198067e-07   3.284004e+02  -3.071368e+02  -3.183345e+04  -2.124549e-03   1.016886e-03   5.198172e-04   6.081488e-06  -5.687718e-06  -5.895083e-04   3.665128e-03  -1.664149e-03   3.520617e-04     0  1.402233e+00
    84  0.833 -1.319158e+00  1.167105e+00  2.570468e-02  -2.836269e+05   5.329999e+04  -1.457811e-07   3.908257e+02  -2.747123e+02  -3.255616e+04  -2.109831e-03   1.009757e-03   5.162555e-04   7.237513e-06  -5.087265e-06  -6.028919e-04   3.658606e-03  -1.651791e-03   3.552100e-04     0  1.422982e+00
    84  0.944 -1.317043e+00  1.158802e+00  3.427290e-02  -2.816526e+05   5.291478e+04  -7.174094e-08   4.523351e+02  -2.408548e+02  -3.327888e+04  -2.095113e-03   1.002629e-03   5.126938e-04   8.376577e-06  -4.460274e-06  -6.162756e-04   3.652085e-03  -1.639433e-03   3.583584e-04     0  1.451960e+00
    85  0.056 -1.403591e+00  1.206927e+00 -3.427290e-02  -2.944370e+05   5.540228e+04  -6.569171e-07  -1.094129e+02  -5.409819e+02  -2.812830e+04  -2.190403e-03   1.048740e-03   5.357732e-04  -2.026165e-06  -1.001818e-05  -5.208945e-04   3.588525e-03  -1.783315e-03   2.080982e-04     1  6.396044e-01
    85  0.167 -1.401350e+00  1.198657e+00 -2.570468e-02  -2.924660e+05   5.502479e+04  -5.838374e-07  -2.854557e+01  -4.654114e+02  -2.885719e+04  -2.175726e-03   1.041673e-03   5.322017e-04  -5.286216e-07  -8.618730e-06  -5.343923e-04   3.581637e-03  -1.770516e-03   2.115669e-04     1  5.680441e-01
    85  0.278 -1.399109e+00  1.190387e+00 -1.713645e-02  -2.904951e+05   5.464730e+04  -5.106413e-07   5.110762e+01  -3.889754e+02  -2.958607e+04  -2.161049e-03   1.034607e-03   5.286301e-04   9.464374e-07  -7.203248e-06  -5.478902e-04   3.574750e-03  -1.757718e-03   2.150355e-04     1  5.108284e-01
    85  0.389 -1.396868e+00  1.182117e+00 -8.568226e-03  -2.885242e+05   5.426980e+04  -4.374160e-07   1.295467e+02  -3.116739e+02  -3.031495e+04  -2.146372e-03   1.027540e-03   5.250586e-04   2.399012e-06  -5.771739e-06  -5.613881e-04   3.567862e-03  -1.744919e-03   2.185041e-04     1  4.731898e-01
    85  0.500 -1.394626e+00  1.173847e+00  0.000000e+00  -2.865533e+05   5.389231e+04  -3.641471e-07   2.067716e+02  -2.335069e+02  -3.104384e+04  -2.131694e-03   1.020473e-03   5.214871e-04   3.829103e-06  -4.324203e-06  -5.748859e-04   3.560974e-03  -1.732121e-03   2.219728e-04     1  4.599597e-01
    85  0.611 -1.392385e+00  1.165578e+00  8.568226e-03  -2.845823e+05   5.351482e+04  -2.908055e-07   2.827823e+02  -1.544745e+02  -3.177272e+04  -2.117017e-03   1.013406e-03   5.179155e-04   5.236710e-06  -2.860639e-06  -5.883838e-04   3.554086e-03  -1.719323e-03   2.254414e-04     1  4.731898e-01
    85  0.722 -1.390144e+00  1.157308e+00  1.713645e-02  -2.826114e+05   5.313733e+04  -2.175075e-07   3.575789e+02  -7.457655e+01  -3.250161e+04  -2.102340e-03   1.006340e-03   5.143440e-04   6.621832e-06  -1.381047e-06  -6.018816e-04   3.547198e-03  -1.706524e-03   2.289100e-04     1  5.108284e-01
    85  0.833 -1.387902e+00  1.149038e+00  2.570468e-02  -2.806405e+05   5.275983e+04  -1.442822e-07   4.311614e+02   6.186876e+00  -3.323049e+04  -2.087663e-03   9.992730e-04   5.107725e-04   7.984471e-06   1.145718e-07  -6.153795e-04   3.540311e-03  -1.693726e-03   2.323787e-04     1  5.680441e-01
    85  0.944 -1.385661e+00  1.140768e+00  3.427290e-02  -2.786695e+05   5.238234e+04  -7.094059e-08   5.035297e+02   8.781578e+01  -3.395938e+04  -2.072986e-03   9.922063e-04   5.072009e-04   9.324625e-06   1.626218e-06  -6.288774e-04   3.533423e-03  -1.680927e-03   2.358473e-04     1  6.396044e-01
    86  0.056 -1.473734e+00  1.185279e+00 -3.427290e-02  -2.906535e+05   5.466424e+04  -6.484770e-07  -1.616400e+02   1.884209e+02  -2.879905e+04  -2.162198e-03   1.035080e-03   5.289472e-04  -2.993334e-06   3.489276e-06  -5.333157e-04   3.467470e-03  -1.819762e-03   7.546547e-05     1  6.408989e-01
    86  0.167 -1.470926e+00  1.177184e+00 -2.570468e-02  -2.887111e+05   5.429913e+04  -5.763432e-07  -6.725623e+01   1.411042e+02  -2.952785e+04  -2.147749e-03   1.028165e-03   5.254118e-04  -1.245486e-06   2.613041e-06  -5.468121e-04   3.460946e-03  -1.806764e-03   7.997412e-05     1  5.695013e-01
    86  0.278 -1.468118e+00  1.169089e+00 -1.713645e-02  -2.867687e+05   5.393402e+04  -5.040638e-07   2.601238e+01   9.372294e+01  -3.025666e+04  -2.133300e-03   1.021249e-03   5.218764e-04   4.817107e-07   1.735610e-06  -5.603086e-04   3.454423e-03  -1.793767e-03   8.448278e-05     1  5.124483e-01
    86  0.389 -1.465310e+00  1.160994e+00 -8.568226e-03  -2.848263e+05   5.356892e+04  -4.318135e-07   1.181658e+02   4.627714e+01  -3.098547e+04  -2.118850e-03   1.014333e-03   5.183410e-04   2.188255e-06   8.569841e-07  -5.738051e-04   3.447900e-03  -1.780770e-03   8.899144e-05     1  4.749381e-01
    86  0.500 -1.462502e+00  1.152899e+00  0.000000e+00  -2.828838e+05   5.320381e+04  -3.594614e-07   2.092040e+02  -1.233207e+00  -3.171428e+04  -2.104401e-03   1.007417e-03   5.148056e-04   3.874148e-06  -2.283716e-08  -5.873015e-04   3.441377e-03  -1.767773e-03   9.350010e-05     1  4.617581e-01
    86  0.611 -1.459694e+00  1.144804e+00  8.568226e-03  -2.809414e+05   5.283870e+04  -2.870802e-07   2.991270e+02  -4.880811e+01  -3.244309e+04  -2.089952e-03   1.000501e-03   5.112702e-04   5.539389e-06  -9.038538e-07  -6.007980e-04   3.434854e-03  -1.754775e-03   9.800876e-05     1  4.749381e-01
    86  0.722 -1.456886e+00  1.136709e+00  1.713645e-02  -2.789990e+05   5.247359e+04  -2.147572e-07   3.879348e+02  -9.644755e+01  -3.317190e+04  -2.075502e-03   9.935851e-04   5.077349e-04   7.183978e-06  -1.786066e-06  -6.142944e-04   3.428330e-03  -1.741778e-03   1.025174e-04     1  5.124483e-01
    86  0.833 -1.454078e+00  1.128614e+00  2.570468e-02  -2.770566e+05   5.210848e+04  -1.424633e-07   4.756274e+02  -1.441515e+02  -3.390071e+04  -2.061053e-03   9.866692e-04   5.041995e-04   8.807916e-06  -2.669473e-06  -6.277909e-04   3.421807e-03  -1.728781e-03   1.070261e-04     1  5.695013e-01
    86  0.944 -1.451270e+00  1.120519e+00  3.427290e-02  -2.751142e+05   5.174337e+04  -7.003837e-08   5.622049e+02  -1.919201e+02  -3.462952e+04  -2.046604e-03   9.797533e-04   5.006641e-04   1.041120e-05  -3.554076e-06  -6.412874e-04   3.415284e-03  -1.715784e-03   1.115347e-04     1  6.408989e-01
    87  0.056 -1.541171e+00  1.161824e+00 -3.427290e-02  -2.863986e+05   5.383826e+04  -6.390183e-07  -2.043000e+02  -2.454875e+02  -2.948321e+04  -2.130488e-03   1.019747e-03   5.212617e-04  -3.783333e-06  -4.546065e-06  -5.459853e-04   3.346692e-03  -1.850568e-03  -5.908344e-05     1  6.420908e-01
    87  0.167 -1.538350e+00  1.153734e+00 -2.570468e-02  -2.844551e+05   5.347930e+04  -5.678448e-07  -9.875729e+01  -1.619740e+02  -3.020646e+04  -2.116045e-03   1.012872e-03   5.177101e-04  -1.828839e-06  -2.999519e-06  -5.593789e-04   3.339657e-03  -1.837114e-03  -5.439169e-05     1  5.708422e-01
    87  0.278 -1.535529e+00  1.145644e+00 -1.713645e-02  -2.825116e+05   5.312035e+04  -4.966132e-07   5.693673e+00  -7.891710e+01  -3.092972e+04  -2.101602e-03   1.005997e-03   5.141585e-04   1.054384e-07  -1.461428e-06  -5.727726e-04   3.332622e-03  -1.823659e-03  -4.969995e-05     1  5.139381e-01
    87  0.389 -1.532707e+00  1.137553e+00 -8.568226e-03  -2.805681e+05   5.276139e+04  -4.254252e-07   1.090529e+02   3.683241e+00  -3.165298e+04  -2.087159e-03   9.991218e-04   5.106069e-04   2.019499e-06   6.820817e-08  -5.861663e-04   3.325588e-03  -1.810205e-03  -4.500820e-05     1  4.765453e-01
    87  0.500 -1.529886e+00  1.129463e+00  0.000000e+00  -2.786246e+05   5.240244e+04  -3.541063e-07   2.113205e+02   8.582700e+01  -3.237624e+04  -2.072716e-03   9.922467e-04   5.070552e-04   3.913342e-06   1.589389e-06  -5.995599e-04   3.318553e-03  -1.796751e-03  -4.031646e-05     1  4.634109e-01
    87  0.611 -1.527065e+00  1.121372e+00  8.568226e-03  -2.766811e+05   5.204348e+04  -2.828456e-07   3.124963e+02   1.675142e+02  -3.309949e+04  -2.058273e-03   9.853715e-04   5.035036e-04   5.786969e-06   3.102114e-06  -6.129536e-04   3.311518e-03  -1.783296e-03  -3.562471e-05     1  4.765453e-01
    87  0.722 -1.524244e+00  1.113282e+00  1.713645e-02  -2.747376e+05   5.168453e+04  -2.115412e-07   4.125805e+02   2.487448e+02  -3.382275e+04  -2.043829e-03   9.784964e-04   4.999520e-04   7.640379e-06   4.606385e-06  -6.263472e-04   3.304484e-03  -1.769842e-03  -3.093296e-05     1  5.139381e-01
    87  0.833 -1.521422e+00  1.105191e+00  2.570468e-02  -2.727941e+05   5.132557e+04  -1.402950e-07   5.115729e+02   3.295188e+02  -3.454601e+04  -2.029386e-03   9.716212e-04   4.964004e-04   9.473573e-06   6.102200e-06  -6.397409e-04   3.297449e-03  -1.756387e-03  -2.624122e-05     1  5.708422e-01
    87  0.944 -1.518601e+00  1.097101e+00  3.427290e-02  -2.708506e+05   5.096662e+04  -6.897608e-08   6.094737e+02   4.098362e+02  -3.526927e+04  -2.014943e-03   9.647461e-04   4.928488e-04   1.128655e-05   7.589560e-06  -6.531346e-04   3.290414e-03  -1.742933e-03  -2.154947e-05     1  6.420908e-01
    88  0.056 -1.609444e+00  1.135871e+00 -3.427290e-02  -2.815746e+05   5.290627e+04  -6.283371e-07  -2.586655e+02   1.551300e+02  -3.014995e+04  -2.094547e-03   1.002394e-03   5.125381e-04  -4.790101e-06   2.872777e-06  -5.583324e-04   3.220903e-03  -1.873760e-03  -2.003186e-04     1  6.391669e-01
    88  0.167 -1.606177e+00  1.127950e+00 -2.570468e-02  -2.796608e+05   5.255938e+04  -5.583424e-07  -1.379150e+02   1.493869e+02  -3.086543e+04  -2.080338e-03   9.956704e-04   5.090259e-04  -2.553982e-06   2.766423e-06  -5.715821e-04   3.214110e-03  -1.860141e-03  -1.947002e-04     1  5.675514e-01
    88  0.278 -1.602909e+00  1.120029e+00 -1.713645e-02  -2.777469e+05   5.221248e+04  -4.882604e-07  -1.847954e+01   1.430331e+02  -3.158092e+04  -2.066130e-03   9.889463e-04   5.055137e-04  -3.422137e-07   2.648761e-06  -5.848318e-04   3.207316e-03  -1.846521e-03  -1.890818e-04     1  5.102805e-01
    88  0.389 -1.599642e+00  1.112108e+00 -8.568226e-03  -2.758331e+05   5.186558e+04  -4.182366e-07   9.964106e+01   1.360687e+02  -3.229640e+04  -2.051922e-03   9.822222e-04   5.020015e-04   1.845205e-06   2.519790e-06  -5.980815e-04   3.200522e-03  -1.832902e-03  -1.834634e-04     1  4.725983e-01
    88  0.500 -1.596374e+00  1.104188e+00  0.000000e+00  -2.739192e+05   5.151869e+04  -3.481400e-07   2.164468e+02   1.284935e+02  -3.301188e+04  -2.037714e-03   9.754981e-04   4.984893e-04   4.008273e-06   2.379510e-06  -6.113312e-04   3.193728e-03  -1.819282e-03  -1.778450e-04     1  4.593511e-01
    88  0.611 -1.593107e+00  1.096267e+00  8.568226e-03  -2.720053e+05   5.117179e+04  -2.780580e-07   3.319376e+02   1.203078e+02  -3.372737e+04  -2.023506e-03   9.687740e-04   4.949771e-04   6.146992e-06   2.227922e-06  -6.245808e-04   3.186934e-03  -1.805663e-03  -1.722265e-04     1  4.725983e-01
    88  0.722 -1.589839e+00  1.088346e+00  1.713645e-02  -2.700915e+05   5.082490e+04  -2.080051e-07   4.461134e+02   1.115113e+02  -3.444285e+04  -2.009298e-03   9.620499e-04   4.914649e-04   8.261360e-06   2.065025e-06  -6.378305e-04   3.180140e-03  -1.792043e-03  -1.666081e-04     1  5.102805e-01
    88  0.833 -1.586572e+00  1.080426e+00  2.570468e-02  -2.681776e+05   5.047800e+04  -1.379522e-07   5.589744e+02   1.021042e+02  -3.515833e+04  -1.995090e-03   9.553258e-04   4.879527e-04   1.035138e-05   1.890819e-06  -6.510802e-04   3.173346e-03  -1.778424e-03  -1.609897e-04     1  5.675514e-01
    88  0.944 -1.583304e+00  1.072505e+00  3.427290e-02  -2.662638e+05   5.013111e+04  -6.773917e-08   6.705205e+02   9.208647e+01  -3.587382e+04  -1.980882e-03   9.486018e-04   4.844405e-04   1.241705e-05   1.705305e-06  -6.643299e-04   3.166553e-03  -1.764804e-03  -1.553713e-04     1  6.391669e-01
    89  0.056 -1.675817e+00  1.107187e+00 -3.427290e-02  -2.760779e+05   5.184915e+04  -6.158371e-07  -3.022468e+02   2.336463e+01  -3.082767e+04  -2.053603e-03   9.826556e-04   5.025870e-04  -5.597162e-06   4.326783e-07  -5.708827e-04   3.093249e-03  -1.888341e-03  -3.445446e-04     1  6.422760e-01
    89  0.167 -1.672288e+00  1.099379e+00 -2.570468e-02  -2.741839e+05   5.151194e+04  -5.472539e-07  -1.710035e+02   3.920988e+01  -3.153552e+04  -2.039556e-03   9.760440e-04   4.990976e-04  -3.166731e-06   7.261089e-07  -5.839911e-04   3.086326e-03  -1.874483e-03  -3.382820e-04     1  5.710505e-01
    89  0.278 -1.668760e+00  1.091571e+00 -1.713645e-02  -2.722898e+05   5.117473e+04  -4.786125e-07  -4.083044e+01   5.462300e+01  -3.224337e+04  -2.025509e-03   9.694323e-04   4.956082e-04  -7.561193e-07   1.011537e-06  -5.970995e-04   3.079404e-03  -1.860625e-03  -3.320193e-04     1  5.141696e-01
    89  0.389 -1.665231e+00  1.083763e+00 -8.568226e-03  -2.703958e+05   5.083752e+04  -4.099857e-07   8.827240e+01   6.960400e+01  -3.295122e+04  -2.011462e-03   9.628207e-04   4.921188e-04   1.634674e-06   1.288963e-06  -6.102078e-04   3.072482e-03  -1.846767e-03  -3.257567e-04     1  4.767948e-01
    89  0.500 -1.661703e+00  1.075955e+00  0.000000e+00  -2.685018e+05   5.050031e+04  -3.413006e-07   2.163050e+02   8.415286e+01  -3.365908e+04  -1.997415e-03   9.562090e-04   4.886293e-04   4.005649e-06   1.558386e-06  -6.233162e-04   3.065559e-03  -1.832909e-03  -3.194941e-04     1  4.636676e-01
    89  0.611 -1.658174e+00  1.068147e+00  8.568226e-03  -2.666078e+05   5.016310e+04  -2.725865e-07   3.432675e+02   9.826960e+01  -3.436693e+04  -1.983368e-03   9.495974e-04   4.851399e-04   6.356805e-06   1.819807e-06  -6.364246e-04   3.058637e-03  -1.819050e-03  -3.132315e-04     1  4.767948e-01
    89  0.722 -1.654646e+00  1.060339e+00  1.713645e-02  -2.647138e+05   4.982589e+04  -2.039014e-07   4.691597e+02   1.119542e+02  -3.507478e+04  -1.969320e-03   9.429857e-04   4.816505e-04   8.688142e-06   2.073226e-06  -6.495330e-04   3.051714e-03  -1.805192e-03  -3.069689e-04     1  5.141696e-01
    89  0.833 -1.651117e+00  1.052531e+00  2.570468e-02  -2.628198e+05   4.948868e+04  -1.352018e-07   5.939817e+02   1.252067e+02  -3.578263e+04  -1.955273e-03   9.363741e-04   4.781610e-04   1.099966e-05   2.318642e-06  -6.626413e-04   3.044792e-03  -1.791334e-03  -3.007062e-04     1  5.710505e-01
    89  0.944 -1.647589e+00  1.044723e+00  3.427290e-02  -2.609257e+05   4.915147e+04  -6.642949e-08   7.177335e+02   1.380270e+02  -3.649048e+04  -1.941226e-03   9.297624e-04   4.746716e-04   1.329136e-05   2.556056e-06  -6.757497e-04   3.037869e-03  -1.777476e-03  -2.944436e-04     1  6.422760e-01
    90  0.056 -1.740944e+00  1.076901e+00 -3.427290e-02  -2.701840e+05   5.071831e+04  -6.024784e-07  -3.613476e+02  -3.297892e+02  -3.145239e+04  -2.009708e-03   9.615093e-04   4.919112e-04  -6.691622e-06  -6.107207e-06  -5.824516e-04   2.963705e-03  -1.896287e-03  -4.912771e-04     1  6.382752e-01
    90  0.167 -1.737246e+00  1.069171e+00 -2.570468e-02  -2.683036e+05   5.038928e+04  -5.354232e-07  -2.132128e+02  -2.620529e+02  -3.215576e+04  -1.995775e-03   9.549857e-04   4.884340e-04  -3.948385e-06  -4.852832e-06  -5.954770e-04   2.956596e-03  -1.882147e-03  -4.845124e-04     1  5.665470e-01
    90  0.278 -1.733548e+00  1.061442e+00 -1.713645e-02  -2.664233e+05   5.006024e+04  -4.683243e-07  -6.659981e+01  -1.941736e+02  -3.285913e+04  -1.981842e-03   9.484621e-04   4.849569e-04  -1.233330e-06  -3.595807e-06  -6.085023e-04   2.949488e-03  -1.868008e-03  -4.777477e-04     1  5.091631e-01
    90  0.389 -1.729850e+00  1.053713e+00 -8.568226e-03  -2.645429e+05   4.973121e+04  -4.011672e-07   7.849129e+01  -1.261512e+02  -3.356249e+04  -1.967909e-03   9.419384e-04   4.814797e-04   1.453542e-06  -2.336133e-06  -6.215277e-04   2.942379e-03  -1.853869e-03  -4.709829e-04     1  4.713916e-01
    90  0.500 -1.726152e+00  1.045984e+00  0.000000e+00  -2.626626e+05   4.940218e+04  -3.339228e-07   2.220605e+02  -5.798571e+01  -3.426586e+04  -1.953976e-03   9.354148e-04   4.780026e-04   4.112232e-06  -1.073809e-06  -6.345530e-04   2.935270e-03  -1.839729e-03  -4.642182e-04     1  4.581096e-01
    90  0.611 -1.722455e+00  1.038255e+00  8.568226e-03  -2.607822e+05   4.907315e+04  -2.667221e-07   3.641079e+02   1.032286e+01  -3.496923e+04  -1.940043e-03   9.288912e-04   4.745254e-04   6.742739e-06   1.911640e-07  -6.475784e-04   2.928162e-03  -1.825590e-03  -4.574535e-04     1  4.713916e-01
    90  0.722 -1.718757e+00  1.030526e+00  1.713645e-02  -2.589019e+05   4.874412e+04  -1.994922e-07   5.046335e+02   7.877450e+01  -3.567260e+04  -1.926110e-03   9.223675e-04   4.710483e-04   9.345064e-06   1.458787e-06  -6.606037e-04   2.921053e-03  -1.811451e-03  -4.506887e-04     1  5.091631e-01
    90  0.833 -1.715059e+00  1.022796e+00  2.570468e-02  -2.570215e+05   4.841509e+04  -1.323060e-07   6.436371e+02   1.473692e+02  -3.637597e+04  -1.912177e-03   9.158439e-04   4.675711e-04   1.191921e-05   2.729060e-06  -6.736291e-04   2.913945e-03  -1.797311e-03  -4.439240e-04     1  5.665470e-01
    90  0.944 -1.711361e+00  1.015067e+00  3.427290e-02  -2.551411e+05   4.808606e+04  -6.507616e-08   7.811189e+02   2.161070e+02  -3.707934e+04  -1.898244e-03   9.093202e-04   4.640940e-04   1.446517e-05   4.001982e-06  -6.866544e-04   2.906836e-03  -1.783172e-03  -4.371593e-04     1  6.382752e-01
    91  0.056 -1.805918e+00  1.042673e+00 -3.427290e-02  -2.633657e+05   4.941501e+04  -5.873590e-07  -4.162949e+02   7.447791e+01  -3.206759e+04  -1.958940e-03   9.370809e-04   4.795499e-04  -7.709165e-06   1.379220e-06  -5.938443e-04   2.828670e-03  -1.892042e-03  -6.433760e-04     1  6.401252e-01
    91  0.167 -1.801636e+00  1.035251e+00 -2.570468e-02  -2.615450e+05   4.910290e+04  -5.220500e-07  -2.546648e+02   1.781759e+01  -3.277064e+04  -1.945463e-03   9.308095e-04   4.761684e-04  -4.716015e-06   3.299554e-07  -6.068637e-04   2.821979e-03  -1.878072e-03  -6.353170e-04     1  5.686304e-01
    91  0.278 -1.797355e+00  1.027829e+00 -1.713645e-02  -2.597242e+05   4.879079e+04  -4.565518e-07  -9.433604e+01  -3.829137e+01  -3.347369e+04  -1.931986e-03   9.245382e-04   4.727868e-04  -1.746964e-06  -7.090994e-07  -6.198831e-04   2.815288e-03  -1.864103e-03  -6.272580e-04     1  5.114804e-01
    91  0.389 -1.793073e+00  1.020407e+00 -8.568226e-03  -2.579034e+05   4.847868e+04  -3.911118e-07   6.469143e+01  -9.384899e+01  -3.417674e+04  -1.918509e-03   9.182668e-04   4.694053e-04   1.197989e-06  -1.737944e-06  -6.329026e-04   2.808598e-03  -1.850133e-03  -6.191990e-04     1  4.738936e-01
    91  0.500 -1.788791e+00  1.012986e+00  0.000000e+00  -2.560826e+05   4.816656e+04  -3.255700e-07   2.224176e+02  -1.488553e+02  -3.487979e+04  -1.905032e-03   9.119954e-04   4.660237e-04   4.118844e-06  -2.756579e-06  -6.459220e-04   2.801907e-03  -1.836164e-03  -6.111399e-04     1  4.606837e-01
    91  0.611 -1.784510e+00  1.005564e+00  8.568226e-03  -2.542618e+05   4.785445e+04  -2.600282e-07   3.788424e+02  -2.033102e+02  -3.558284e+04  -1.891554e-03   9.057240e-04   4.626422e-04   7.015600e-06  -3.765003e-06  -6.589414e-04   2.795217e-03  -1.822194e-03  -6.030809e-04     1  4.738936e-01
    91  0.722 -1.780228e+00  9.981420e-01  1.713645e-02  -2.524410e+05   4.754234e+04  -1.944718e-07   5.339659e+02  -2.572138e+02  -3.628588e+04  -1.878077e-03   8.994526e-04   4.592606e-04   9.888258e-06  -4.763218e-06  -6.719608e-04   2.788526e-03  -1.808224e-03  -5.950219e-04     1  5.114804e-01
    91  0.833 -1.775947e+00  9.907202e-01  2.570468e-02  -2.506202e+05   4.723023e+04  -1.290027e-07   6.877881e+02  -3.105660e+02  -3.698893e+04  -1.864600e-03   8.931812e-04   4.558790e-04   1.273682e-05  -5.751222e-06  -6.849802e-04   2.781835e-03  -1.794255e-03  -5.869629e-04     1  5.686304e-01
    91  0.944 -1.771665e+00  9.832985e-01  3.427290e-02  -2.487994e+05   4.691811e+04  -6.351911e-08   8.403090e+02  -3.633669e+02  -3.769198e+04  -1.851123e-03   8.869098e-04   4.524975e-04   1.556128e-05  -6.729016e-06  -6.979997e-04   2.775145e-03  -1.780285e-03  -5.789039e-04     1  6.401252e-01
    92  0.056 -1.867357e+00  1.007141e+00 -3.427290e-02  -2.561784e+05   4.804419e+04  -5.712354e-07  -4.766474e+02  -7.179199e+02  -3.263693e+04  -1.905430e-03   9.113514e-04   4.665128e-04  -8.826804e-06  -1.329481e-05  -6.043876e-04   2.694078e-03  -1.880824e-03  -7.936628e-04     1  6.387276e-01
    92  0.167 -1.863060e+00  9.997282e-01 -2.570468e-02  -2.543581e+05   4.773674e+04  -5.075854e-07  -2.986637e+02  -6.135884e+02  -3.334371e+04  -1.891967e-03   9.051139e-04   4.631219e-04  -5.530809e-06  -1.136275e-05  -6.174761e-04   2.686920e-03  -1.866488e-03  -7.853515e-04     1  5.670566e-01
    92  0.278 -1.858762e+00  9.923157e-01 -1.713645e-02  -2.525378e+05   4.742929e+04  -4.438771e-07  -1.222687e+02  -5.081455e+02  -3.405048e+04  -1.878503e-03   8.988763e-04   4.597309e-04  -2.264235e-06  -9.410102e-06  -6.305645e-04   2.679762e-03  -1.852152e-03  -7.770401e-04     1  5.097301e-01
    92  0.389 -1.854465e+00  9.849031e-01 -8.568226e-03  -2.507175e+05   4.712184e+04  -3.802561e-07   5.253766e+01  -4.015910e+02  -3.475726e+04  -1.865040e-03   8.926387e-04   4.563400e-04   9.729196e-07  -7.436871e-06  -6.436530e-04   2.672604e-03  -1.837816e-03  -7.687287e-04     1  4.720040e-01
    92  0.500 -1.850167e+00  9.774905e-01  0.000000e+00  -2.488972e+05   4.681440e+04  -3.165333e-07   2.257553e+02  -2.939251e+02  -3.546404e+04  -1.851577e-03   8.864011e-04   4.529491e-04   4.180653e-06  -5.443057e-06  -6.567415e-04   2.665447e-03  -1.823480e-03  -7.604173e-04     1  4.587397e-01
    92  0.611 -1.845870e+00  9.700780e-01  8.568226e-03  -2.470769e+05   4.650695e+04  -2.528250e-07   3.973842e+02  -1.851476e+02  -3.617082e+04  -1.838114e-03   8.801636e-04   4.495582e-04   7.358966e-06  -3.428659e-06  -6.698299e-04   2.658289e-03  -1.809144e-03  -7.521059e-04     1  4.720040e-01
    92  0.722 -1.841572e+00  9.626654e-01  1.713645e-02  -2.452566e+05   4.619950e+04  -1.890730e-07   5.674244e+02  -7.525863e+01  -3.687759e+04  -1.824651e-03   8.739260e-04   4.461673e-04   1.050786e-05  -1.393678e-06  -6.829184e-04   2.651131e-03  -1.794808e-03  -7.437946e-04     1  5.097301e-01
    92  0.833 -1.837275e+00  9.552529e-01  2.570468e-02  -2.434363e+05   4.589205e+04  -1.253793e-07   7.358759e+02   3.574185e+01  -3.758437e+04  -1.811187e-03   8.676884e-04   4.427764e-04   1.362733e-05   6.618860e-07  -6.960069e-04   2.643974e-03  -1.780472e-03  -7.354832e-04     1  5.670566e-01
    92  0.944 -1.832977e+00  9.478403e-01  3.427290e-02  -2.416160e+05   4.558460e+04  -6.162736e-08   9.027387e+02   1.478538e+02  -3.829115e+04  -1.797724e-03   8.614508e-04   4.393854e-04   1.671738e-05   2.738034e-06  -7.090954e-04   2.636816e-03  -1.766136e-03  -7.271718e-04     1  6.387276e-01
    93  0.056 -1.929369e+00  9.672347e-01 -3.427290e-02  -2.479790e+05   4.648380e+04  -5.530892e-07  -5.434783e+02  -8.444538e+01  -3.317523e+04  -1.844393e-03   8.820232e-04   4.516321e-04  -1.006441e-05  -1.563803e-06  -6.143561e-04   2.552314e-03  -1.855651e-03  -9.495434e-04     1  6.376408e-01
    93  0.167 -1.924402e+00  9.602531e-01 -2.570468e-02  -2.462458e+05   4.619793e+04  -4.915200e-07  -3.480624e+02  -1.558381e+02  -3.388945e+04  -1.831589e-03   8.761321e-04   4.483879e-04  -6.445599e-06  -2.885890e-06  -6.275824e-04   2.545800e-03  -1.841800e-03  -9.396888e-04     1  5.658322e-01
    93  0.278 -1.919435e+00  9.532715e-01 -1.713645e-02  -2.445125e+05   4.591205e+04  -4.298345e-07  -1.543182e+02  -2.257938e+02  -3.460367e+04  -1.818785e-03   8.702410e-04   4.451437e-04  -2.857744e-06  -4.181367e-06  -6.408087e-04   2.539285e-03  -1.827948e-03  -9.298342e-04     1  5.083676e-01
    93  0.389 -1.914468e+00  9.462898e-01 -8.568226e-03  -2.427792e+05   4.562618e+04  -3.681780e-07   3.775423e+01  -2.943126e+02  -3.531789e+04  -1.805981e-03   8.643499e-04   4.418995e-04   6.991524e-07  -5.450233e-06  -6.540350e-04   2.532771e-03  -1.814097e-03  -9.199796e-04     1  4.705322e-01
    93  0.500 -1.909501e+00  9.393082e-01  0.000000e+00  -2.410460e+05   4.534030e+04  -3.064633e-07   2.281549e+02  -3.613944e+02  -3.603211e+04  -1.793176e-03   8.584588e-04   4.386553e-04   4.225090e-06  -6.692489e-06  -6.672613e-04   2.526257e-03  -1.800245e-03  -9.101251e-04     1  4.572252e-01
    93  0.611 -1.904534e+00  9.323266e-01  8.568226e-03  -2.393127e+05   4.505443e+04  -2.447487e-07   4.168837e+02  -4.270393e+02  -3.674633e+04  -1.780372e-03   8.525677e-04   4.354111e-04   7.720069e-06  -7.908136e-06  -6.804876e-04   2.519743e-03  -1.786394e-03  -9.002705e-04     1  4.705322e-01
    93  0.722 -1.899567e+00  9.253450e-01  1.713645e-02  -2.375794e+05   4.476855e+04  -1.830776e-07   6.039408e+02  -4.912473e+02  -3.746055e+04  -1.767568e-03   8.466766e-04   4.321670e-04   1.118409e-05  -9.097172e-06  -6.937139e-04   2.513229e-03  -1.772542e-03  -8.904159e-04     1  5.083676e-01
    93  0.833 -1.894600e+00  9.183633e-01  2.570468e-02  -2.358461e+05   4.448267e+04  -1.214503e-07   7.893260e+02  -5.540183e+02  -3.817477e+04  -1.754764e-03   8.407855e-04   4.289228e-04   1.461715e-05  -1.025960e-05  -7.069402e-04   2.506715e-03  -1.758691e-03  -8.805613e-04     1  5.658322e-01
    93  0.944 -1.889633e+00  9.113817e-01  3.427290e-02  -2.341129e+05   4.419680e+04  -5.982292e-08   9.730395e+02  -6.153523e+02  -3.888899e+04  -1.741960e-03   8.348944e-04   4.256786e-04   1.801925e-05  -1.139541e-05  -7.201665e-04   2.500201e-03  -1.744839e-03  -8.707067e-04     1  6.376408e-01
    94  0.056 -1.987061e+00  9.256453e-01 -3.427290e-02  -2.393074e+05   4.483745e+04  -5.334587e-07  -6.005716e+02  -7.303491e+02  -3.369438e+04  -1.779849e-03   8.510332e-04   4.358855e-04  -1.112170e-05  -1.352498e-05  -6.239701e-04   2.410602e-03  -1.821641e-03  -1.101451e-03     1  6.392913e-01
    94  0.167 -1.982007e+00  9.187260e-01 -2.570468e-02  -2.375860e+05   4.455752e+04  -4.740723e-07  -3.911122e+02  -6.502534e+02  -3.441800e+04  -1.767142e-03   8.452104e-04   4.326547e-04  -7.242819e-06  -1.204173e-05  -6.373704e-04   2.403771e-03  -1.807579e-03  -1.091181e-03     1  5.676914e-01
    94  0.278 -1.976953e+00  9.118068e-01 -1.713645e-02  -2.358646e+05   4.427759e+04  -4.145841e-07  -1.832167e+02  -5.685956e+02  -3.514162e+04  -1.754434e-03   8.393877e-04   4.294239e-04  -3.392902e-06  -1.052955e-05  -6.507707e-04   2.396939e-03  -1.793517e-03  -1.080910e-03     1  5.104363e-01
    94  0.389 -1.971900e+00  9.048876e-01 -8.568226e-03  -2.341433e+05   4.399766e+04  -3.551249e-07   2.311492e+01  -4.853758e+02  -3.586524e+04  -1.741727e-03   8.335650e-04   4.261930e-04   4.280541e-07  -8.988441e-06  -6.641710e-04   2.390107e-03  -1.779455e-03  -1.070640e-03     1  4.727665e-01
    94  0.500 -1.966846e+00  8.979684e-01  0.000000e+00  -2.324219e+05   4.371773e+04  -2.956658e-07   2.278827e+02  -4.005939e+02  -3.658885e+04  -1.729020e-03   8.277423e-04   4.229622e-04   4.220050e-06  -7.418405e-06  -6.775714e-04   2.383276e-03  -1.765393e-03  -1.060369e-03     1  4.595242e-01
    94  0.611 -1.961793e+00  8.910492e-01  8.568226e-03  -2.307005e+05   4.343779e+04  -2.361048e-07   4.310866e+02  -3.142499e+02  -3.731247e+04  -1.716313e-03   8.219196e-04   4.197314e-04   7.983086e-06  -5.819443e-06  -6.909717e-04   2.376444e-03  -1.751331e-03  -1.050098e-03     1  4.727665e-01
    94  0.722 -1.956739e+00  8.841300e-01  1.713645e-02  -2.289792e+05   4.315786e+04  -1.766020e-07   6.327267e+02  -2.263438e+02  -3.803609e+04  -1.703606e-03   8.160969e-04   4.165006e-04   1.171716e-05  -4.191553e-06  -7.043720e-04   2.369612e-03  -1.737269e-03  -1.039828e-03     1  5.104363e-01
    94  0.833 -1.951685e+00  8.772108e-01  2.570468e-02  -2.272578e+05   4.287793e+04  -1.171138e-07   8.328029e+02  -1.368757e+02  -3.875971e+04  -1.690898e-03   8.102742e-04   4.132697e-04   1.542228e-05  -2.534735e-06  -7.177723e-04   2.362781e-03  -1.723207e-03  -1.029557e-03     1  5.676914e-01
    94  0.944 -1.946632e+00  8.702916e-01  3.427290e-02  -2.255365e+05   4.259800e+04  -5.756738e-08   1.031315e+03  -4.584549e+01  -3.948332e+04  -1.678191e-03   8.044515e-04   4.100389e-04   1.909843e-05  -8.489906e-07  -7.311726e-04   2.355949e-03  -1.709145e-03  -1.019287e-03     1  6.392913e-01
    95  0.056 -2.044448e+00  8.803077e-01 -3.427290e-02  -2.297542e+05   4.302591e+04  -5.123438e-07  -6.701262e+02  -3.010864e+02  -3.417351e+04  -1.708748e-03   8.169080e-04   4.185334e-04  -1.240974e-05  -5.575674e-06  -6.328428e-04   2.263112e-03  -1.774402e-03  -1.256043e-03     1  6.366295e-01
    95  0.167 -2.038884e+00  8.737917e-01 -2.570468e-02  -2.281165e+05   4.276591e+04  -4.552421e-07  -4.419726e+02  -3.307411e+02  -3.490739e+04  -1.696674e-03   8.114128e-04   4.154456e-04  -8.184678e-06  -6.124835e-06  -6.464331e-04   2.256731e-03  -1.760856e-03  -1.244477e-03     1  5.646923e-01
    95  0.278 -2.033320e+00  8.672757e-01 -1.713645e-02  -2.264789e+05   4.250590e+04  -3.981258e-07  -2.157357e+02  -3.587649e+02  -3.564127e+04  -1.684599e-03   8.059177e-04   4.123578e-04  -3.995106e-06  -6.643795e-06  -6.600235e-04   2.250350e-03  -1.747309e-03  -1.232910e-03     1  5.070986e-01
    95  0.389 -2.027757e+00  8.607596e-01 -8.568226e-03  -2.248413e+05   4.224590e+04  -3.410387e-07   8.584530e+00  -3.851579e+02  -3.637515e+04  -1.672524e-03   8.004225e-04   4.092700e-04   1.589728e-07  -7.132554e-06  -6.736138e-04   2.243968e-03  -1.733763e-03  -1.221343e-03     1  4.691609e-01
    95  0.500 -2.022193e+00  8.542436e-01  0.000000e+00  -2.232037e+05   4.198589e+04  -2.838642e-07   2.309881e+02  -4.099200e+02  -3.710902e+04  -1.660449e-03   7.949273e-04   4.061822e-04   4.277558e-06  -7.591111e-06  -6.872042e-04   2.237587e-03  -1.720216e-03  -1.209776e-03     1  4.558138e-01
    95  0.611 -2.016629e+00  8.477276e-01  8.568226e-03  -2.215660e+05   4.172589e+04  -2.267334e-07   4.514750e+02  -4.330512e+02  -3.784290e+04  -1.648374e-03   7.894322e-04   4.030944e-04   8.360649e-06  -8.019467e-06  -7.007945e-04   2.231206e-03  -1.706670e-03  -1.198209e-03     1  4.691609e-01
    95  0.722 -2.011065e+00  8.412115e-01  1.713645e-02  -2.199284e+05   4.146588e+04  -1.695735e-07   6.700453e+02  -4.545516e+02  -3.857678e+04  -1.636299e-03   7.839370e-04   4.000066e-04   1.240825e-05  -8.417622e-06  -7.143848e-04   2.224825e-03  -1.693123e-03  -1.186642e-03     1  5.070986e-01
    95  0.833 -2.005502e+00  8.346955e-01  2.570468e-02  -2.182908e+05   4.120588e+04  -1.124572e-07   8.866989e+02  -4.744211e+02  -3.931066e+04  -1.624224e-03   7.784418e-04   3.969188e-04   1.642035e-05  -8.785575e-06  -7.279752e-04   2.218443e-03  -1.679577e-03  -1.175076e-03     1  5.646923e-01
    95  0.944 -1.999938e+00  8.281795e-01  3.427290e-02  -2.166532e+05   4.094587e+04  -5.526817e-08   1.101436e+03  -4.926597e+02  -4.004454e+04  -1.612149e-03   7.729466e-04   3.938310e-04   2.039696e-05  -9.123327e-06  -7.415655e-04   2.212062e-03  -1.666030e-03  -1.163509e-03     1  6.366295e-01
    96  0.056 -2.098132e+00  8.326819e-01 -3.427290e-02  -2.195985e+05   4.110384e+04  -4.894973e-07  -7.288094e+02  -5.021206e+02  -3.464717e+04  -1.633173e-03   7.806569e-04   4.000786e-04  -1.349647e-05  -9.298530e-06  -6.416142e-04   2.113590e-03  -1.716229e-03  -1.406386e-03     1  6.383280e-01
    96  0.167 -2.092326e+00  8.263808e-01 -2.570468e-02  -2.180058e+05   4.085536e+04  -4.349713e-07  -4.866155e+02  -4.636683e+02  -3.539044e+04  -1.621439e-03   7.753432e-04   3.970656e-04  -9.011399e-06  -8.586449e-06  -6.553785e-04   2.107307e-03  -1.702849e-03  -1.394058e-03     1  5.666065e-01
    96  0.278 -2.086520e+00  8.200796e-01 -1.713645e-02  -2.164131e+05   4.060688e+04  -3.803871e-07  -2.461938e+02  -4.238878e+02  -3.613371e+04  -1.609705e-03   7.700296e-04   3.940526e-04  -4.559144e-06  -7.849774e-06  -6.691428e-04   2.101024e-03  -1.689469e-03  -1.381729e-03     1  5.092293e-01
    96  0.389 -2.080714e+00  8.137784e-01 -8.568226e-03  -2.148204e+05   4.035839e+04  -3.258901e-07  -7.544085e+00  -3.827792e+02  -3.687698e+04  -1.597971e-03   7.647159e-04   3.910396e-04  -1.397053e-07  -7.088504e-06  -6.829070e-04   2.094741e-03  -1.676089e-03  -1.369401e-03     1  4.714631e-01
    96  0.500 -2.074908e+00  8.074772e-01  0.000000e+00  -2.132276e+05   4.010991e+04  -2.712768e-07   2.293336e+02  -3.403425e+02  -3.762025e+04  -1.586237e-03   7.594022e-04   3.880267e-04   4.246918e-06  -6.302640e-06  -6.966713e-04   2.088458e-03  -1.662709e-03  -1.357072e-03     1  4.581831e-01
    96  0.611 -2.069102e+00  8.011760e-01  8.568226e-03  -2.116349e+05   3.986143e+04  -2.166635e-07   4.644392e+02  -2.965778e+02  -3.836352e+04  -1.574503e-03   7.540886e-04   3.850137e-04   8.600725e-06  -5.492181e-06  -7.104356e-04   2.082175e-03  -1.649329e-03  -1.344744e-03     1  4.714631e-01
    96  0.722 -2.063296e+00  7.948749e-01  1.713645e-02  -2.100422e+05   3.961295e+04  -1.620356e-07   6.977727e+02  -2.514849e+02  -3.910679e+04  -1.562769e-03   7.487749e-04   3.820007e-04   1.292172e-05  -4.657127e-06  -7.241999e-04   2.075892e-03  -1.635949e-03  -1.332416e-03     1  5.092293e-01
    96  0.833 -2.057490e+00  7.885737e-01  2.570468e-02  -2.084495e+05   3.936447e+04  -1.074513e-07   9.293342e+02  -2.050638e+02  -3.985006e+04  -1.551035e-03   7.434613e-04   3.789877e-04   1.720989e-05  -3.797479e-06  -7.379641e-04   2.069609e-03  -1.622569e-03  -1.320087e-03     1  5.666065e-01
    96  0.944 -2.051684e+00  7.822725e-01  3.427290e-02  -2.068567e+05   3.911599e+04  -5.276524e-08   1.159124e+03  -1.573147e+02  -4.059333e+04  -1.539301e-03   7.381476e-04   3.759747e-04   2.146525e-05  -2.913236e-06  -7.517284e-04   2.063326e-03  -1.609189e-03  -1.307759e-03     1  6.383280e-01
    97  0.056 -2.149942e+00  7.819283e-01 -3.427290e-02  -2.086777e+05   3.903917e+04  -4.650938e-07  -7.975249e+02  -2.720716e+02  -3.509587e+04  -1.551908e-03   7.416900e-04   3.802284e-04  -1.476898e-05  -5.038363e-06  -6.499235e-04   1.960374e-03  -1.645465e-03  -1.555167e-03     1  6.364160e-01
    97  0.167 -2.143761e+00  7.759948e-01 -2.570468e-02  -2.071632e+05   3.880840e+04  -4.133763e-07  -5.373363e+02  -2.660355e+02  -3.584578e+04  -1.540762e-03   7.366760e-04   3.773511e-04  -9.950673e-06  -4.926583e-06  -6.638107e-04   1.954365e-03  -1.632614e-03  -1.541779e-03     1  5.644516e-01
    97  0.278 -2.137579e+00  7.700613e-01 -1.713645e-02  -2.056487e+05   3.857762e+04  -3.615423e-07  -2.792328e+02  -2.590654e+02  -3.659568e+04  -1.529617e-03   7.316620e-04   3.744738e-04  -5.170977e-06  -4.797508e-06  -6.776979e-04   1.948357e-03  -1.619763e-03  -1.528391e-03     1  5.068306e-01
    97  0.389 -2.131398e+00  7.641278e-01 -8.568226e-03  -2.041343e+05   3.834685e+04  -3.096502e-07  -2.321414e+01  -2.511614e+02  -3.734559e+04  -1.518472e-03   7.266479e-04   3.715965e-04  -4.298915e-07  -4.651137e-06  -6.915850e-04   1.942348e-03  -1.606912e-03  -1.515003e-03     1  4.688712e-01
    97  0.500 -2.125217e+00  7.581943e-01  0.000000e+00  -2.026198e+05   3.811607e+04  -2.577726e-07   2.307195e+02  -2.423235e+02  -3.809550e+04  -1.507327e-03   7.216339e-04   3.687192e-04   4.272584e-06  -4.487472e-06  -7.054722e-04   1.936339e-03  -1.594061e-03  -1.501615e-03     1  4.555157e-01
    97  0.611 -2.119035e+00  7.522608e-01  8.568226e-03  -2.011053e+05   3.788529e+04  -2.058805e-07   4.825683e+02  -2.325517e+02  -3.884541e+04  -1.496182e-03   7.166198e-04   3.658419e-04   8.936449e-06  -4.306512e-06  -7.193594e-04   1.930331e-03  -1.581210e-03  -1.488228e-03     1  4.688712e-01
    97  0.722 -2.112854e+00  7.463273e-01  1.713645e-02  -1.995908e+05   3.765452e+04  -1.539447e-07   7.323320e+02  -2.218459e+02  -3.959532e+04  -1.485036e-03   7.116058e-04   3.629646e-04   1.356170e-05  -4.108257e-06  -7.332466e-04   1.924322e-03  -1.568358e-03  -1.474840e-03     1  5.068306e-01
    97  0.833 -2.106673e+00  7.403938e-01  2.570468e-02  -1.980763e+05   3.742374e+04  -1.020962e-07   9.800109e+02  -2.102062e+02  -4.034522e+04  -1.473891e-03   7.065918e-04   3.600873e-04   1.814835e-05  -3.892708e-06  -7.471338e-04   1.918313e-03  -1.555507e-03  -1.461452e-03     1  5.644516e-01
    97  0.944 -2.100492e+00  7.344604e-01  3.427290e-02  -1.965619e+05   3.719297e+04  -5.020411e-08   1.225605e+03  -1.976326e+02  -4.109513e+04  -1.462746e-03   7.015777e-04   3.572100e-04   2.269638e-05  -3.659863e-06  -7.610210e-04   1.912305e-03  -1.542656e-03  -1.448064e-03     1  6.364160e-01
    98  0.056 -2.198493e+00  7.284710e-01 -3.427290e-02  -1.970656e+05   3.684681e+04  -4.392205e-07  -8.575871e+02  -1.239012e+02  -3.554545e+04  -1.465505e-03   7.002775e-04   3.591149e-04  -1.588124e-05  -2.294466e-06  -6.582490e-04   1.803419e-03  -1.562481e-03  -1.698975e-03     1  6.373319e-01
    98  0.167 -2.191994e+00  7.228872e-01 -2.570468e-02  -1.956263e+05   3.663252e+04  -3.902969e-07  -5.830485e+02  -1.105833e+02  -3.629756e+04  -1.454925e-03   6.955479e-04   3.563693e-04  -1.079720e-05  -2.047839e-06  -6.721770e-04   1.797832e-03  -1.550164e-03  -1.684639e-03     1  5.654840e-01
    98  0.278 -2.185496e+00  7.173033e-01 -1.713645e-02  -1.941871e+05   3.641823e+04  -3.413588e-07  -3.105353e+02  -9.704559e+01  -3.704966e+04  -1.444345e-03   6.908182e-04   3.536238e-04  -5.750654e-06  -1.797141e-06  -6.861049e-04   1.792245e-03  -1.537847e-03  -1.670304e-03     1  5.079801e-01
    98  0.389 -2.178997e+00  7.117194e-01 -8.568226e-03  -1.927479e+05   3.620394e+04  -2.924062e-07  -4.004740e+01  -8.328806e+01  -3.780177e+04  -1.433765e-03   6.860885e-04   3.508782e-04  -7.416185e-07  -1.542371e-06  -7.000328e-04   1.786658e-03  -1.525529e-03  -1.655968e-03     1  4.701135e-01
    98  0.500 -2.172498e+00  7.061356e-01  0.000000e+00  -1.913087e+05   3.598965e+04  -2.434026e-07   2.284152e+02  -6.931071e+01  -3.855388e+04  -1.423184e-03   6.813589e-04   3.481326e-04   4.229911e-06  -1.283532e-06  -7.139608e-04   1.781071e-03  -1.513212e-03  -1.641632e-03     1  4.567943e-01
    98  0.611 -2.165999e+00  7.005517e-01  8.568226e-03  -1.898695e+05   3.577535e+04  -1.944136e-07   4.948524e+02  -5.511354e+01  -3.930599e+04  -1.412604e-03   6.766292e-04   3.453871e-04   9.163934e-06  -1.020621e-06  -7.278887e-04   1.775484e-03  -1.500895e-03  -1.627297e-03     1  4.701135e-01
    98  0.722 -2.159500e+00  6.949679e-01  1.713645e-02  -1.884302e+05   3.556106e+04  -1.453955e-07   7.592644e+02  -4.069654e+01  -4.005810e+04  -1.402024e-03   6.718995e-04   3.426415e-04   1.406045e-05  -7.536397e-07  -7.418166e-04   1.769897e-03  -1.488578e-03  -1.612961e-03     1  5.079801e-01
    98  0.833 -2.153001e+00  6.893840e-01  2.570468e-02  -1.869910e+05   3.534677e+04  -9.635551e-08   1.021651e+03  -2.605973e+01  -4.081021e+04  -1.391444e-03   6.671699e-04   3.398960e-04   1.891946e-05  -4.825876e-07  -7.557446e-04   1.764310e-03  -1.476260e-03  -1.598625e-03     1  5.654840e-01
    98  0.944 -2.146503e+00  6.838001e-01  3.427290e-02  -1.855518e+05   3.513248e+04  -4.722824e-08   1.282012e+03  -1.120309e+01  -4.156231e+04  -1.380864e-03   6.624402e-04   3.371504e-04   2.374097e-05  -2.074647e-07  -7.696725e-04   1.758722e-03  -1.463943e-03  -1.584290e-03     1  6.373319e-01
    99  0.056 -2.244009e+00  6.724452e-01 -3.427290e-02  -1.847977e+05   3.453319e+04  -4.117901e-07  -9.236206e+02   1.055931e+02  -3.599203e+04  -1.374229e-03   6.565445e-04   3.368035e-04  -1.710408e-05   1.955429e-06  -6.665190e-04   1.644309e-03  -1.467691e-03  -1.837380e-03     1  6.361123e-01
    99  0.167 -2.237212e+00  6.672284e-01 -2.570468e-02  -1.834384e+05   3.433572e+04  -3.659734e-07  -6.324023e+02   1.348216e+02  -3.673869e+04  -1.364247e-03   6.521119e-04   3.341992e-04  -1.171115e-05   2.496696e-06  -6.803462e-04   1.638940e-03  -1.455988e-03  -1.822131e-03     1  5.641091e-01
    99  0.278 -2.230415e+00  6.620117e-01 -1.713645e-02  -1.820790e+05   3.413825e+04  -3.200767e-07  -3.434554e+02   1.630865e+02  -3.748536e+04  -1.354265e-03   6.476792e-04   3.315949e-04  -6.360285e-06   3.020121e-06  -6.941733e-04   1.633572e-03  -1.444284e-03  -1.806882e-03     1  5.064491e-01
    99  0.389 -2.223618e+00  6.567950e-01 -8.568226e-03  -1.807197e+05   3.394078e+04  -2.742017e-07  -5.677975e+01   1.903880e+02  -3.823203e+04  -1.344283e-03   6.432466e-04   3.289907e-04  -1.051477e-06   3.525703e-06  -7.080005e-04   1.628204e-03  -1.432580e-03  -1.791633e-03     1  4.684588e-01
    99  0.500 -2.216821e+00  6.515783e-01  0.000000e+00  -1.793603e+05   3.374332e+04  -2.282468e-07   2.276245e+02   2.167259e+02  -3.897869e+04  -1.334301e-03   6.388140e-04   3.263864e-04   4.215269e-06   4.013442e-06  -7.218277e-04   1.622835e-03  -1.420877e-03  -1.776384e-03     1  4.550911e-01
    99  0.611 -2.210024e+00  6.463615e-01  8.568226e-03  -1.780009e+05   3.354585e+04  -1.822846e-07   5.097575e+02   2.421003e+02  -3.972536e+04  -1.324319e-03   6.343814e-04   3.237821e-04   9.439954e-06   4.483338e-06  -7.356548e-04   1.617467e-03  -1.409173e-03  -1.761135e-03     1  4.684588e-01
    99  0.722 -2.203227e+00  6.411448e-01  1.713645e-02  -1.766416e+05   3.334838e+04  -1.363078e-07   7.896191e+02   2.665111e+02  -4.047203e+04  -1.314337e-03   6.299487e-04   3.211779e-04   1.462258e-05   4.935391e-06  -7.494820e-04   1.612098e-03  -1.397470e-03  -1.745886e-03     1  5.064491e-01
    99  0.833 -2.196430e+00  6.359281e-01  2.570468e-02  -1.752822e+05   3.315091e+04  -9.038922e-08   1.067209e+03   2.899585e+02  -4.121870e+04  -1.304355e-03   6.255161e-04   3.185736e-04   1.976314e-05   5.369602e-06  -7.633092e-04   1.606730e-03  -1.385766e-03  -1.730637e-03     1  5.641091e-01
    99  0.944 -2.189632e+00  6.307113e-01  3.427290e-02  -1.739229e+05   3.295344e+04  -4.438334e-08   1.342528e+03   3.124423e+02  -4.196536e+04  -1.294373e-03   6.210835e-04   3.159694e-04   2.486164e-05   5.785969e-06  -7.771364e-04   1.601362e-03  -1.374063e-03  -1.715388e-03     1  6.361123e-01
   100  0.056 -2.286189e+00  6.135679e-01 -3.427290e-02  -1.718027e+05   3.208478e+04  -3.829264e-07  -9.844479e+02   6.459395e+02  -3.646273e+04  -1.277548e-03   6.102356e-04   3.131643e-04  -1.823052e-05   1.196184e-05  -6.752357e-04   1.480537e-03  -1.360237e-03  -1.968984e-03     1  6.362955e-01
   100  0.167 -2.279063e+00  6.088100e-01 -2.570468e-02  -1.705442e+05   3.190770e+04  -3.402820e-07  -6.787434e+02   6.540345e+02  -3.719176e+04  -1.268320e-03   6.061721e-04   3.107404e-04  -1.256932e-05   1.211175e-05  -6.887363e-04   1.475848e-03  -1.349397e-03  -1.952749e-03     1  5.643157e-01
   100  0.278 -2.271938e+00  6.040521e-01 -1.713645e-02  -1.692857e+05   3.173062e+04  -2.975939e-07  -3.753590e+02   6.593361e+02  -3.792080e+04  -1.259091e-03   6.021086e-04   3.083165e-04  -6.951092e-06   1.220993e-05  -7.022369e-04   1.471160e-03  -1.338558e-03  -1.936515e-03     1  5.066792e-01
   100  0.389 -2.264812e+00  5.992942e-01 -8.568226e-03  -1.680272e+05   3.155354e+04  -2.549205e-07  -7.429475e+01   6.618445e+02  -3.864983e+04  -1.249862e-03   5.980451e-04   3.058925e-04  -1.375829e-06   1.225638e-05  -7.157376e-04   1.466471e-03  -1.327718e-03  -1.920280e-03     1  4.687076e-01
   100  0.500 -2.257686e+00  5.945363e-01  0.000000e+00  -1.667687e+05   3.137646e+04  -2.122033e-07   2.244493e+02   6.615596e+02  -3.937886e+04  -1.240634e-03   5.939816e-04   3.034686e-04   4.156469e-06   1.225110e-05  -7.292382e-04   1.461783e-03  -1.316878e-03  -1.904046e-03     1  4.553473e-01
   100  0.611 -2.250560e+00  5.897784e-01  8.568226e-03  -1.655102e+05   3.119938e+04  -1.694789e-07   5.208733e+02   6.584813e+02  -4.010790e+04  -1.231405e-03   5.899181e-04   3.010447e-04   9.645802e-06   1.219410e-05  -7.427388e-04   1.457094e-03  -1.306038e-03  -1.887811e-03     1  4.687076e-01
   100  0.722 -2.243434e+00  5.850205e-01  1.713645e-02  -1.642517e+05   3.102230e+04  -1.267690e-07   8.149771e+02   6.526098e+02  -4.083693e+04  -1.222177e-03   5.858546e-04   2.986208e-04   1.509217e-05   1.208537e-05  -7.562395e-04   1.452406e-03  -1.295198e-03  -1.871577e-03     1  5.066792e-01
   100  0.833 -2.236309e+00  5.802626e-01  2.570468e-02  -1.629932e+05   3.084522e+04  -8.404459e-08   1.106761e+03   6.439449e+02  -4.156597e+04  -1.212948e-03   5.817912e-04   2.961969e-04   2.049557e-05   1.192491e-05  -7.697401e-04   1.447717e-03  -1.284358e-03  -1.855342e-03     1  5.643157e-01
   100  0.944 -2.229183e+00  5.755047e-01  3.427290e-02  -1.617347e+05   3.066815e+04  -4.124740e-08   1.396224e+03   6.324868e+02  -4.229500e+04  -1.203720e-03   5.777277e-04   2.937729e-04   2.585601e-05   1.171272e-05  -7.832407e-04   1.443029e-03  -1.273519e-03  -1.839108e-03     1  6.362955e-01
   101  0.056 -2.324515e+00  5.525258e-01 -3.427290e-02  -1.582314e+05   2.953061e+04  -3.527457e-07  -1.044117e+03   1.245213e+03  -3.698166e+04  -1.176586e-03   5.618928e-04   2.884705e-04  -1.933551e-05   2.305951e-05  -6.848455e-04   1.315424e-03  -1.241827e-03  -2.091838e-03     1  6.358481e-01
   101  0.167 -2.317133e+00  5.481755e-01 -2.570468e-02  -1.570633e+05   2.937117e+04  -3.133973e-07  -7.242712e+02   1.285193e+03  -3.767372e+04  -1.168032e-03   5.581558e-04   2.862097e-04  -1.341243e-05   2.379987e-05  -6.976615e-04   1.311045e-03  -1.231777e-03  -2.074785e-03     1  5.638112e-01
   101  0.278 -2.309752e+00  5.438251e-01 -1.713645e-02  -1.558953e+05   2.921173e+04  -2.740489e-07  -4.068106e+02   1.319443e+03  -3.836578e+04  -1.159477e-03   5.544188e-04   2.839489e-04  -7.533529e-06   2.443413e-05  -7.104774e-04   1.306666e-03  -1.221727e-03  -2.057731e-03     1  5.061173e-01
   101  0.389 -2.302370e+00  5.394748e-01 -8.568226e-03  -1.547272e+05   2.905230e+04  -2.347369e-07  -9.173554e+01   1.347963e+03  -3.905784e+04  -1.150923e-03   5.506818e-04   2.816881e-04  -1.698806e-06   2.496228e-05  -7.232934e-04   1.302286e-03  -1.211677e-03  -2.040678e-03     1  4.681000e-01
   101  0.500 -2.294988e+00  5.351244e-01  0.000000e+00  -1.535591e+05   2.889286e+04  -1.954249e-07   2.209539e+02   1.370754e+03  -3.974991e+04  -1.142368e-03   5.469448e-04   2.794273e-04   4.091738e-06   2.538433e-05  -7.361094e-04   1.297907e-03  -1.201626e-03  -2.023625e-03     1  4.547219e-01
   101  0.611 -2.287607e+00  5.307741e-01  8.568226e-03  -1.523910e+05   2.873342e+04  -1.560838e-07   5.312577e+02   1.387814e+03  -4.044197e+04  -1.133814e-03   5.432078e-04   2.771666e-04   9.838105e-06   2.570026e-05  -7.489253e-04   1.293528e-03  -1.191576e-03  -2.006571e-03     1  4.681000e-01
   101  0.722 -2.280225e+00  5.264238e-01  1.713645e-02  -1.512229e+05   2.857399e+04  -1.167355e-07   8.391758e+02   1.399145e+03  -4.113403e+04  -1.125259e-03   5.394708e-04   2.749058e-04   1.554029e-05   2.591009e-05  -7.617413e-04   1.289148e-03  -1.181526e-03  -1.989518e-03     1  5.061173e-01
   101  0.833 -2.272843e+00  5.220734e-01  2.570468e-02  -1.500548e+05   2.841455e+04  -7.740164e-08   1.144708e+03   1.404746e+03  -4.182609e+04  -1.116705e-03   5.357338e-04   2.726450e-04   2.119830e-05   2.601381e-05  -7.745573e-04   1.284769e-03  -1.171476e-03  -1.972465e-03     1  5.638112e-01
   101  0.944 -2.265462e+00  5.177231e-01  3.427290e-02  -1.488868e+05   2.825511e+04  -3.799505e-08   1.447855e+03   1.404617e+03  -4.251816e+04  -1.108150e-03   5.319968e-04   2.703842e-04   2.681214e-05   2.601142e-05  -7.873732e-04   1.280389e-03  -1.161425e-03  -1.955411e-03     1  6.358481e-01
   102  0.056 -2.359145e+00  4.890081e-01 -3.427290e-02  -1.440143e+05   2.685691e+04  -3.210880e-07  -1.102334e+03   2.446021e+03  -3.759253e+04  -1.070824e-03   5.112637e-04   2.625970e-04  -2.041360e-05   4.529669e-05  -6.961580e-04   1.145762e-03  -1.111943e-03  -2.205427e-03     1  6.355029e-01
   102  0.167 -2.351489e+00  4.851604e-01 -2.570468e-02  -1.429586e+05   2.671888e+04  -2.852903e-07  -7.687044e+02   2.479721e+03  -3.821646e+04  -1.063106e-03   5.079289e-04   2.605402e-04  -1.423527e-05   4.592076e-05  -7.077121e-04   1.142225e-03  -1.102942e-03  -2.187519e-03     1  5.634219e-01
   102  0.278 -2.343833e+00  4.813127e-01 -1.713645e-02  -1.419030e+05   2.658085e+04  -2.494926e-07  -4.376525e+02   2.502954e+03  -3.884038e+04  -1.055389e-03   5.045941e-04   2.584834e-04  -8.104677e-06   4.635100e-05  -7.192663e-04   1.138687e-03  -1.093942e-03  -2.169611e-03     1  5.056835e-01
   102  0.389 -2.336178e+00  4.774650e-01 -8.568226e-03  -1.408473e+05   2.644283e+04  -2.137094e-07  -1.091787e+02   2.515720e+03  -3.946430e+04  -1.047671e-03   5.012594e-04   2.564266e-04  -2.021828e-06   4.658740e-05  -7.308204e-04   1.135150e-03  -1.084942e-03  -2.151703e-03     1  4.676310e-01
   102  0.500 -2.328522e+00  4.736173e-01  0.000000e+00  -1.397917e+05   2.630480e+04  -1.779117e-07   2.167170e+02   2.518018e+03  -4.008822e+04  -1.039954e-03   4.979246e-04   2.543698e-04   4.013277e-06   4.662997e-05  -7.423745e-04   1.131613e-03  -1.075941e-03  -2.133796e-03     1  4.542390e-01
   102  0.611 -2.320866e+00  4.697696e-01  8.568226e-03  -1.387360e+05   2.616677e+04  -1.420995e-07   5.400346e+02   2.509849e+03  -4.071214e+04  -1.032236e-03   4.945898e-04   2.523131e-04   1.000064e-05   4.647869e-05  -7.539286e-04   1.128075e-03  -1.066941e-03  -2.115888e-03     1  4.676310e-01
   102  0.722 -2.313211e+00  4.659219e-01  1.713645e-02  -1.376803e+05   2.602875e+04  -1.062726e-07   8.607741e+02   2.491213e+03  -4.133607e+04  -1.024519e-03   4.912551e-04   2.502563e-04   1.594026e-05   4.613358e-05  -7.654827e-04   1.124538e-03  -1.057941e-03  -2.097980e-03     1  5.056835e-01
   102  0.833 -2.305555e+00  4.620742e-01  2.570468e-02  -1.366247e+05   2.589072e+04  -7.044582e-08   1.178936e+03   2.462110e+03  -4.195999e+04  -1.016801e-03   4.879203e-04   2.481995e-04   2.183214e-05   4.559462e-05  -7.770368e-04   1.121000e-03  -1.048940e-03  -2.080072e-03     1  5.634219e-01
   102  0.944 -2.297899e+00  4.582265e-01  3.427290e-02  -1.355690e+05   2.575270e+04  -3.451714e-08   1.494519e+03   2.422539e+03  -4.258391e+04  -1.009084e-03   4.845856e-04   2.461427e-04   2.767628e-05   4.486183e-05  -7.885909e-04   1.117463e-03  -1.039940e-03  -2.062164e-03     1  6.355029e-01
   103  0.056 -2.389486e+00  4.234793e-01 -3.427290e-02  -1.292489e+05   2.408267e+04  -2.881570e-07  -1.097236e+03   2.775266e+03  -3.828364e+04  -9.609891e-04   4.587002e-04   2.357201e-04  -2.031919e-05   5.139382e-05  -7.089563e-04   9.745409e-04  -9.718700e-04  -2.307669e-03     1  6.354283e-01
   103  0.167 -2.381599e+00  4.201307e-01 -2.570468e-02  -1.283059e+05   2.396539e+04  -2.560846e-07  -7.734599e+02   2.690273e+03  -3.882282e+04  -9.541081e-04   4.557634e-04   2.338691e-04  -1.432333e-05   4.981987e-05  -7.189411e-04   9.716368e-04  -9.639512e-04  -2.289018e-03     1  5.633377e-01
   103  0.278 -2.373712e+00  4.167820e-01 -1.713645e-02  -1.273628e+05   2.384811e+04  -2.239467e-07  -4.485242e+02   2.595432e+03  -3.936199e+04  -9.472271e-04   4.528265e-04   2.320181e-04  -8.306003e-06   4.806356e-05  -7.289258e-04   9.687326e-04  -9.560324e-04  -2.270368e-03     1  5.055897e-01
   103  0.389 -2.365825e+00  4.134334e-01 -8.568226e-03  -1.264197e+05   2.373083e+04  -1.918379e-07  -1.224290e+02   2.490744e+03  -3.990117e+04  -9.403461e-04   4.498897e-04   2.301672e-04  -2.267203e-06   4.612490e-05  -7.389105e-04   9.658285e-04  -9.481136e-04  -2.251717e-03     1  4.675296e-01
   103  0.500 -2.357939e+00  4.100848e-01  0.000000e+00  -1.254766e+05   2.361356e+04  -1.596709e-07   2.048257e+02   2.376209e+03  -4.044034e+04  -9.334651e-04   4.469529e-04   2.283162e-04   3.793069e-06   4.400386e-05  -7.488953e-04   9.629243e-04  -9.401948e-04  -2.233067e-03     1  4.541346e-01
   103  0.611 -2.350052e+00  4.067361e-01  8.568226e-03  -1.245335e+05   2.349628e+04  -1.275330e-07   5.332399e+02   2.251825e+03  -4.097952e+04  -9.265841e-04   4.440160e-04   2.264652e-04   9.874812e-06   4.170047e-05  -7.588800e-04   9.600202e-04  -9.322760e-04  -2.214416e-03     1  4.675296e-01
   103  0.722 -2.342165e+00  4.033875e-01  1.713645e-02  -1.235904e+05   2.337900e+04  -9.538053e-08   8.628135e+02   2.117595e+03  -4.151869e+04  -9.197031e-04   4.410792e-04   2.246143e-04   1.597803e-05   3.921471e-05  -7.688647e-04   9.571160e-04  -9.243572e-04  -2.195766e-03     1  5.055897e-01
   103  0.833 -2.334278e+00  4.000389e-01  2.570468e-02  -1.226474e+05   2.326172e+04  -6.324990e-08   1.193547e+03   1.973516e+03  -4.205787e+04  -9.128221e-04   4.381423e-04   2.227633e-04   2.210271e-05   3.654660e-05  -7.788494e-04   9.542119e-04  -9.164384e-04  -2.177115e-03     1  5.633377e-01
   103  0.944 -2.326391e+00  3.966902e-01  3.427290e-02  -1.217043e+05   2.314444e+04  -3.103196e-08   1.525439e+03   1.819590e+03  -4.259705e+04  -9.059411e-04   4.352055e-04   2.209123e-04   2.824887e-05   3.369611e-05  -7.888342e-04   9.513077e-04  -9.085196e-04  -2.158465e-03     1  6.354283e-01
   104  0.056 -2.418895e+00  3.636787e-01 -3.427290e-02  -1.158035e+05   2.156280e+04  -2.565066e-07  -5.248774e+02  -1.630054e+03  -3.862173e+04  -8.609869e-04   4.108802e-04   2.112314e-04  -9.719952e-06  -3.018618e-05  -7.152172e-04   8.149657e-04  -8.428214e-04  -2.405299e-03     1  6.399404e-01
   104  0.167 -2.411425e+00  3.594825e-01 -2.570468e-02  -1.146711e+05   2.140582e+04  -2.279485e-07  -3.731157e+02  -1.008695e+03  -3.910374e+04  -8.526885e-04   4.072404e-04   2.090451e-04  -6.909550e-06  -1.867953e-05  -7.241433e-04   8.096509e-04  -8.327846e-04  -2.387431e-03     1  5.684223e-01
   104  0.278 -2.403954e+00  3.552863e-01 -1.713645e-02  -1.135387e+05   2.124883e+04  -1.993321e-07  -2.189586e+02  -3.909882e+02  -3.958574e+04  -8.443901e-04   4.036007e-04   2.068588e-04  -4.054789e-06  -7.240523e-06  -7.330693e-04   8.043362e-04  -8.227478e-04  -2.369563e-03     1  5.112490e-01
   104  0.389 -2.396484e+00  3.510901e-01 -8.568226e-03  -1.124063e+05   2.109185e+04  -1.707231e-07  -6.240618e+01   2.230651e+02  -4.006774e+04  -8.360916e-04   3.999609e-04   2.046726e-04  -1.155670e-06   4.130836e-06  -7.419953e-04   7.990214e-04  -8.127110e-04  -2.351695e-03     1  4.736439e-01
   104  0.500 -2.389014e+00  3.468939e-01  0.000000e+00  -1.112739e+05   2.093487e+04  -1.420703e-07   9.654160e+01   8.334655e+02  -4.054975e+04  -8.277932e-04   3.963211e-04   2.024863e-04   1.787807e-06   1.543455e-05  -7.509213e-04   7.937067e-04  -8.026742e-04  -2.333827e-03     1  4.604268e-01
   104  0.611 -2.381543e+00  3.426977e-01  8.568226e-03  -1.101415e+05   2.077789e+04  -1.134467e-07   2.578847e+02   1.440213e+03  -4.103175e+04  -8.194948e-04   3.926814e-04   2.003000e-04   4.775643e-06   2.667061e-05  -7.598473e-04   7.883919e-04  -7.926374e-04  -2.315958e-03     1  4.736439e-01
   104  0.722 -2.374073e+00  3.385015e-01  1.713645e-02  -1.090092e+05   2.062090e+04  -8.481584e-08   4.216232e+02   2.043307e+03  -4.151376e+04  -8.111963e-04   3.890416e-04   1.981137e-04   7.807838e-06   3.783902e-05  -7.687733e-04   7.830771e-04  -7.826006e-04  -2.298090e-03     1  5.112490e-01
   104  0.833 -2.366602e+00  3.343053e-01  2.570468e-02  -1.078768e+05   2.046392e+04  -5.619950e-08   5.877571e+02   2.642749e+03  -4.199576e+04  -8.028979e-04   3.854019e-04   1.959275e-04   1.088439e-05   4.893979e-05  -7.776993e-04   7.777624e-04  -7.725638e-04  -2.280222e-03     1  5.684223e-01
   104  0.944 -2.359132e+00  3.301090e-01  3.427290e-02  -1.067444e+05   2.030694e+04  -2.754678e-08   7.562863e+02   3.238537e+03  -4.247777e+04  -7.945995e-04   3.817621e-04   1.937412e-04   1.400530e-05   5.997291e-05  -7.866253e-04   7.724476e-04  -7.625270e-04  -2.262354e-03     1  6.399404e-01
   105  0.056 -2.432082e+00  2.871246e-01 -1.248388e-02  -2.180861e+07  -2.458807e+06  -9.243377e-08  -2.907555e+03   1.219843e+03  -2.631726e+06  -7.296812e-04   2.331816e-04   1.814616e-04  -8.328143e-07   3.494012e-07  -3.190660e-04   6.418207e-04  -6.689060e-04  -2.457605e-03     1  5.005126e-01
   105  0.167 -2.429206e+00  2.859133e-01 -9.362907e-03  -3.159374e+07   7.038796e+05  -6.379560e-08  -7.281997e+03   2.849413e+03  -1.064638e+06  -7.271889e-04   2.320772e-04   1.759330e-04  -2.092528e-06   8.152826e-07  -3.260761e-04   6.402678e-04  -6.659747e-04  -2.450644e-03     1  4.889242e-01
   105  0.278 -2.426330e+00  2.847019e-01 -6.241938e-03  -3.148683e+07   6.962328e+05  -5.052425e-08  -4.640347e+03   2.863336e+03  -1.087526e+06  -7.246966e-04   2.309728e-04   1.754493e-04  -1.333433e-06   8.192665e-07  -3.330862e-04   6.387149e-04  -6.630433e-04  -2.443684e-03     1  4.804757e-01
   105  0.389 -2.423454e+00  2.834906e-01 -3.120969e-03  -3.137992e+07   6.885861e+05  -3.981404e-08  -2.093414e+03   2.733876e+03  -1.110414e+06  -7.222043e-04   2.298684e-04   1.749657e-04  -6.015557e-07   7.822250e-07  -3.400963e-04   6.371621e-04  -6.601120e-04  -2.436724e-03     1  4.753345e-01
   105  0.500 -2.420577e+00  2.822792e-01  0.000000e+00  -3.127301e+07   6.809393e+05  -2.980232e-08   3.588017e+02   2.461033e+03  -1.133302e+06  -7.197120e-04   2.287640e-04   1.744820e-04   1.031039e-07   7.041581e-07  -3.471064e-04   6.356092e-04  -6.571807e-04  -2.429763e-03     1  4.736084e-01
   105  0.611 -2.417701e+00  2.810679e-01  3.120969e-03  -3.116610e+07   6.732925e+05  -1.979060e-08   2.716300e+03   2.044805e+03  -1.156190e+06  -7.172197e-04   2.276596e-04   1.739984e-04   7.805460e-07   5.850659e-07  -3.541165e-04   6.340563e-04  -6.542494e-04  -2.422803e-03     1  4.753345e-01
   105  0.722 -2.414825e+00  2.798565e-01  6.241938e-03  -3.105919e+07   6.656458e+05  -1.117587e-08   4.979081e+03   1.485194e+03  -1.179078e+06  -7.147274e-04   2.265551e-04   1.735147e-04   1.430770e-06   4.249483e-07  -3.611266e-04   6.325034e-04  -6.513180e-04  -2.415843e-03     1  4.804757e-01
   105  0.833 -2.411948e+00  2.786452e-01  9.362907e-03  -3.095228e+07   6.579990e+05   4.656613e-10   7.147144e+03   7.821997e+02  -1.201966e+06  -7.122351e-04   2.254507e-04   1.730310e-04   2.053777e-06   2.238053e-07  -3.681367e-04   6.309506e-04  -6.483867e-04  -2.408883e-03     1  4.889242e-01
   105  0.944 -2.409072e+00  2.774338e-01  1.248388e-02  -2.123591e+07  -2.438274e+06  -4.423782e-08   4.298529e+03   2.227852e+02  -3.094294e+06  -7.097428e-04   2.243463e-04   1.774416e-04   1.231233e-06   6.381264e-08  -3.751469e-04   6.293977e-04  -6.454554e-04  -2.401922e-03     1  5.005126e-01
   106  0.056 -2.452963e+00  2.143544e-01 -1.248388e-02  -1.811697e+07  -2.052673e+06  -7.380731e-08  -5.865614e+03   1.623833e+03  -2.733562e+06  -6.059871e-04   1.930892e-04   1.509154e-04  -1.680095e-06   4.651165e-07  -3.314123e-04   4.856563e-04  -4.965106e-04  -2.523112e-03     0  1.381503e+00
   106  0.167 -2.449883e+00  2.138542e-01 -9.362907e-03  -2.627407e+07   5.781444e+05  -5.331822e-08  -1.474443e+04   4.249723e+03  -1.100734e+06  -6.047036e-04   1.925633e-04   1.464630e-04  -4.236905e-06   1.215944e-06  -3.371315e-04   4.852582e-04  -4.952907e-04  -2.515599e-03     0  1.349864e+00
   106  0.278 -2.446802e+00  2.133541e-01 -6.241938e-03  -2.621883e+07   5.749312e+05  -4.307367e-08  -9.513378e+03   4.134849e+03  -1.119408e+06  -6.034201e-04   1.920373e-04   1.461974e-04  -2.733729e-06   1.183076e-06  -3.428508e-04   4.848601e-04  -4.940708e-04  -2.508085e-03     0  1.326802e+00
   106  0.389 -2.443722e+00  2.128539e-01 -3.120969e-03  -2.616358e+07   5.717181e+05  -3.329478e-08  -4.416019e+03   3.816764e+03  -1.138081e+06  -6.021367e-04   1.915113e-04   1.459318e-04  -1.268971e-06   1.092064e-06  -3.485700e-04   4.844620e-04  -4.928509e-04  -2.500571e-03     0  1.312771e+00
   106  0.500 -2.440641e+00  2.123537e-01  0.000000e+00  -2.610834e+07   5.685049e+05  -2.421439e-08   5.476498e+02   3.295467e+03  -1.156754e+06  -6.008532e-04   1.909854e-04   1.456662e-04   1.573706e-07   9.429090e-07  -3.542892e-04   4.840639e-04  -4.916310e-04  -2.493058e-03     0  1.308060e+00
   106  0.611 -2.437560e+00  2.118536e-01  3.120969e-03  -2.605309e+07   5.652917e+05  -1.606531e-08   5.377628e+03   2.570959e+03  -1.175427e+06  -5.995697e-04   1.904594e-04   1.454006e-04   1.545295e-06   7.356105e-07  -3.600084e-04   4.836658e-04  -4.904111e-04  -2.485544e-03     0  1.312771e+00
   106  0.722 -2.434480e+00  2.113534e-01  6.241938e-03  -2.599784e+07   5.620785e+05  -8.381903e-09   1.007392e+04   1.643239e+03  -1.194101e+06  -5.982862e-04   1.899334e-04   1.451350e-04   2.894803e-06   4.701685e-07  -3.657276e-04   4.832677e-04  -4.891911e-04  -2.478030e-03     0  1.326802e+00
   106  0.833 -2.431399e+00  2.108532e-01  9.362907e-03  -2.594260e+07   5.588653e+05  -2.095476e-09   1.463651e+04   5.123073e+02  -1.212774e+06  -5.970027e-04   1.894075e-04   1.448694e-04   4.205894e-06   1.465829e-07  -3.714468e-04   4.828697e-04  -4.879712e-04  -2.470517e-03     0  1.349864e+00
   106  0.944 -2.428318e+00  2.103530e-01  1.248388e-02  -1.781882e+07  -2.035618e+06  -2.817251e-08   8.855452e+03  -3.330277e+01  -3.110949e+06  -5.957193e-04   1.888815e-04   1.487148e-04   2.536477e-06  -9.538953e-09  -3.771661e-04   4.824716e-04  -4.867513e-04  -2.463003e-03     0  1.381503e+00
   107  0.056 -2.464203e+00  1.415459e-01 -1.248388e-02  -1.438126e+07  -1.635206e+06  -6.053597e-08  -5.978275e+03   7.246236e+02  -2.838090e+06  -4.809308e-04   1.529176e-04   1.198948e-04  -1.712364e-06   2.075548e-07  -3.440852e-04   3.305096e-04  -3.204746e-04  -2.563147e-03     0  1.381342e+00
   107  0.167 -2.461115e+00  1.410938e-01 -9.362907e-03  -2.084510e+07   4.545419e+05  -4.307367e-08  -1.507053e+04   1.768723e+03  -1.139340e+06  -4.797298e-04   1.525232e-04   1.162874e-04  -4.330612e-06   5.060724e-07  -3.489557e-04   3.299935e-04  -3.193670e-04  -2.555582e-03     0  1.349699e+00
   107  0.278 -2.458027e+00  1.406417e-01 -6.241938e-03  -2.079298e+07   4.531906e+05  -3.422610e-08  -9.822378e+03   1.359753e+03  -1.155243e+06  -4.785289e-04   1.521288e-04   1.160012e-04  -2.822522e-06   3.890565e-07  -3.538263e-04   3.294774e-04  -3.182594e-04  -2.548017e-03     0  1.326634e+00
   107  0.389 -2.454939e+00  1.401896e-01 -3.120969e-03  -2.074085e+07   4.518394e+05  -2.654269e-08  -4.665322e+03   9.267818e+02  -1.171145e+06  -4.773280e-04   1.517344e-04   1.157149e-04  -1.340610e-06   2.651736e-07  -3.586968e-04   3.289613e-04  -3.171518e-04  -2.540451e-03     0  1.312601e+00
   107  0.500 -2.451851e+00  1.397375e-01  0.000000e+00  -2.068872e+07   4.504881e+05  -1.955777e-08   4.006375e+02   4.698106e+02  -1.187048e+06  -4.761270e-04   1.513400e-04   1.154287e-04   1.151257e-07   1.344236e-07  -3.635674e-04   3.284452e-04  -3.160441e-04  -2.532886e-03     0  1.307890e+00
   107  0.611 -2.448763e+00  1.392853e-01  3.120969e-03  -2.063660e+07   4.491369e+05  -1.210719e-08   5.375500e+03  -1.116098e+01  -1.202950e+06  -4.749261e-04   1.509456e-04   1.151425e-04   1.544684e-06  -3.193414e-09  -3.684379e-04   3.279290e-04  -3.149365e-04  -2.525321e-03     0  1.312601e+00
   107  0.722 -2.445675e+00  1.388332e-01  6.241938e-03  -2.058447e+07   4.477857e+05  -6.286427e-09   1.025927e+04  -5.161329e+02  -1.218852e+06  -4.737252e-04   1.505511e-04   1.148562e-04   2.948065e-06  -1.476775e-07  -3.733085e-04   3.274129e-04  -3.138289e-04  -2.517756e-03     0  1.326634e+00
   107  0.833 -2.442587e+00  1.383811e-01  9.362907e-03  -2.053234e+07   4.464344e+05   6.984919e-10   1.505194e+04  -1.045105e+03  -1.234755e+06  -4.725242e-04   1.501567e-04   1.145700e-04   4.325269e-06  -2.990287e-07  -3.781790e-04   3.268968e-04  -3.127213e-04  -2.510191e-03     0  1.349699e+00
   107  0.944 -2.439499e+00  1.379290e-01  1.248388e-02  -1.409492e+07  -1.604443e+06  -2.700835e-08   9.148425e+03  -6.882375e+02  -3.159477e+06  -4.713233e-04   1.497623e-04   1.175379e-04   2.620394e-06  -1.971327e-07  -3.830496e-04   3.263807e-04  -3.116137e-04  -2.502625e-03     0  1.381342e+00
   108  0.056 -2.472364e+00  6.811579e-02 -1.248388e-02  -1.060151e+07  -1.213942e+06  -3.993046e-08  -6.124036e+03   3.820289e+02  -2.894832e+06  -3.543801e-04   1.122031e-04   8.852743e-05  -1.754115e-06   1.094250e-07  -3.509644e-04   1.738372e-04  -1.414562e-04  -2.592782e-03     0  1.367260e+00
   108  0.167 -2.469252e+00  6.788005e-02 -9.362907e-03  -1.536404e+07   3.289388e+05  -3.061723e-08  -1.541757e+04   8.775721e+02  -1.161695e+06  -3.535521e-04   1.120496e-04   8.583962e-05  -4.430337e-06   2.510936e-07  -3.558025e-04   1.735719e-04  -1.408772e-04  -2.585138e-03     0  1.335283e+00
   108  0.278 -2.466140e+00  6.764431e-02 -6.241938e-03  -1.532758e+07   3.300148e+05  -2.502929e-08  -1.001937e+04   4.704547e+02  -1.177492e+06  -3.527240e-04   1.118962e-04   8.559649e-05  -2.879129e-06   1.346079e-07  -3.606407e-04   1.733066e-04  -1.402981e-04  -2.577494e-03     0  1.311965e+00
   108  0.389 -2.463028e+00  6.740857e-02 -3.120969e-03  -1.529111e+07   3.310909e+05  -1.955777e-08  -4.737553e+03   8.529497e+01  -1.193288e+06  -3.518960e-04   1.117428e-04   8.535336e-05  -1.361366e-06   2.440486e-08  -3.654788e-04   1.730413e-04  -1.397191e-04  -2.569850e-03     0  1.297773e+00
   108  0.500 -2.459916e+00  6.717283e-02  0.000000e+00  -1.525464e+07   3.321669e+05  -1.431908e-08   4.278769e+02  -2.779072e+02  -1.209085e+06  -3.510680e-04   1.115894e-04   8.511024e-05   1.229531e-07  -7.951564e-08  -3.703169e-04   1.727761e-04  -1.391401e-04  -2.562206e-03     0  1.293008e+00
   108  0.611 -2.456804e+00  6.693709e-02  3.120969e-03  -1.521818e+07   3.332429e+05  -9.313226e-09   5.476920e+03  -6.191517e+02  -1.224881e+06  -3.502400e-04   1.114360e-04   8.486711e-05   1.573828e-06  -1.771535e-07  -3.751551e-04   1.725108e-04  -1.385610e-04  -2.554562e-03     0  1.297773e+00
   108  0.722 -2.453692e+00  6.670135e-02  6.241938e-03  -1.518171e+07   3.343189e+05  -4.889444e-09   1.040958e+04  -9.384385e+02  -1.240678e+06  -3.494119e-04   1.112825e-04   8.462398e-05   2.991258e-06  -2.685089e-07  -3.799932e-04   1.722455e-04  -1.379820e-04  -2.546918e-03     0  1.311965e+00
   108  0.833 -2.450580e+00  6.646561e-02  9.362907e-03  -1.514524e+07   3.353949e+05  -1.396984e-09   1.522585e+04  -1.235768e+03  -1.256474e+06  -3.485839e-04   1.111291e-04   8.438085e-05   4.375243e-06  -3.535816e-07  -3.848313e-04   1.719802e-04  -1.374029e-04  -2.539274e-03     0  1.335283e+00
   108  0.944 -2.447468e+00  6.622987e-02  1.248388e-02  -1.039514e+07  -1.174776e+06  -2.328306e-08   9.236333e+03  -7.263752e+02  -3.214079e+06  -3.477559e-04   1.109757e-04   8.654128e-05   2.645574e-06  -2.080565e-07  -3.896694e-04   1.717150e-04  -1.368239e-04  -2.531630e-03     0  1.367260e+00
   109  0.056 -2.473171e+00 -6.110661e-03 -1.248388e-02  -6.751360e+06  -7.857280e+05  -2.584420e-08  -6.158043e+03   4.657701e+02  -2.937211e+06  -2.254568e-04   7.067510e-05   5.659106e-05  -1.763855e-06   1.334111e-07  -3.561024e-04   1.586041e-05   4.068435e-05  -2.601401e-03     0  1.371723e+00
   109  0.167 -2.470055e+00 -5.943346e-03 -9.362907e-03  -9.794299e+06   2.006509e+05  -2.083834e-08  -1.551850e+04   1.189130e+03  -1.178201e+06  -2.253288e-04   7.088163e-05   5.491299e-05  -4.459339e-06   3.402376e-07  -3.608579e-04   1.614680e-05   4.027348e-05  -2.593748e-03     0  1.339852e+00
   109  0.278 -2.466938e+00 -5.776031e-03 -6.241938e-03  -9.787641e+06   2.047173e+05  -1.618173e-08  -1.012934e+04   1.063398e+03  -1.193728e+06  -2.252009e-04   7.108816e-05   5.478651e-05  -2.910730e-06   3.042626e-07  -3.656135e-04   1.643319e-05   3.986262e-05  -2.586095e-03     0  1.316615e+00
   109  0.389 -2.463822e+00 -5.608715e-03 -3.120969e-03  -9.780984e+06   2.087836e+05  -1.216540e-08  -4.841999e+03   8.959670e+02  -1.209255e+06  -2.250729e-04   7.129469e-05   5.466004e-05  -1.391379e-06   2.563568e-07  -3.703690e-04   1.671958e-05   3.945175e-05  -2.578442e-03     0  1.302474e+00
   109  0.500 -2.460705e+00 -5.441400e-03  0.000000e+00  -9.774326e+06   2.128500e+05  -9.080395e-09   3.435243e+02   6.868381e+02  -1.224782e+06  -2.249449e-04   7.150122e-05   5.453356e-05   9.871387e-08   1.965202e-07  -3.751246e-04   1.700597e-05   3.904089e-05  -2.570789e-03     0  1.297726e+00
   109  0.611 -2.457589e+00 -5.274085e-03  3.120969e-03  -9.767668e+06   2.169163e+05  -6.053597e-09   5.427229e+03   4.360110e+02  -1.240309e+06  -2.248169e-04   7.170775e-05   5.440708e-05   1.559549e-06   1.247528e-07  -3.798802e-04   1.729237e-05   3.863002e-05  -2.563136e-03     0  1.302474e+00
   109  0.722 -2.454472e+00 -5.106769e-03  6.241938e-03  -9.761011e+06   2.209827e+05  -3.317837e-09   1.040912e+04   1.434858e+02  -1.255836e+06  -2.246890e-04   7.191428e-05   5.428061e-05   2.991125e-06   4.105460e-08  -3.846357e-04   1.757876e-05   3.821916e-05  -2.555483e-03     0  1.316615e+00
   109  0.833 -2.451356e+00 -4.939454e-03  9.362907e-03  -9.754353e+06   2.250490e+05   4.656613e-10   1.528918e+04  -1.907375e+02  -1.271363e+06  -2.245610e-04   7.212081e-05   5.415413e-05   4.393444e-06  -5.457440e-08  -3.893913e-04   1.786515e-05   3.780830e-05  -2.547830e-03     0  1.339852e+00
   109  0.944 -2.448239e+00 -4.772139e-03  1.248388e-02  -6.702114e+06  -7.447948e+05  -1.117587e-08   9.290385e+03  -1.892217e+02  -3.251010e+06  -2.244330e-04   7.232734e-05   5.558255e-05   2.661056e-06  -5.419899e-08  -3.941468e-04   1.815154e-05   3.739743e-05  -2.540178e-03     0  1.371723e+00
   110  0.056 -2.467947e+00 -7.940972e-02 -1.248388e-02  -2.923535e+06  -3.569252e+05  -9.138603e-09  -6.157630e+03  -1.294645e+02  -2.956826e+06  -9.733513e-05   2.957706e-05   2.478788e-05  -1.763737e-06  -3.708268e-08  -3.584806e-04  -1.408386e-04   2.206805e-04  -2.592245e-03     0  1.377008e+00
   110  0.167 -2.464839e+00 -7.913360e-02 -9.362907e-03  -4.236650e+06   7.486372e+04  -9.225914e-09  -1.553406e+04  -4.196125e+02  -1.186240e+06  -9.739734e-05   2.993770e-05   2.400639e-05  -4.463811e-06  -1.200608e-07  -3.633201e-04  -1.405092e-04   2.200043e-04  -2.584631e-03     0  1.345263e+00
   110  0.278 -2.461730e+00 -7.885748e-02 -6.241938e-03  -4.237840e+06   8.069649e+04  -6.926712e-09  -1.018305e+04  -6.826220e+02  -1.202041e+06  -9.745956e-05   3.029834e-05   2.388985e-05  -2.926163e-06  -1.953139e-07  -3.681596e-04  -1.401797e-04   2.193281e-04  -2.577018e-03     0  1.322121e+00
   110  0.389 -2.458621e+00 -7.858136e-02 -3.120969e-03  -4.239031e+06   8.652927e+04  -5.471520e-09  -4.916920e+03  -8.803357e+02  -1.217842e+06  -9.752177e-05   3.065898e-05   2.377332e-05  -1.412908e-06  -2.518843e-07  -3.729991e-04  -1.398503e-04   2.186519e-04  -2.569405e-03     0  1.308039e+00
   110  0.500 -2.455512e+00 -7.830524e-02  0.000000e+00  -4.240221e+06   9.236204e+04  -4.103640e-09   2.643188e+02  -1.012754e+03  -1.233643e+06  -9.758398e-05   3.101962e-05   2.365679e-05   7.595367e-08  -2.897721e-07  -3.778386e-04  -1.395209e-04   2.179757e-04  -2.561792e-03     0  1.303312e+00
   110  0.611 -2.452404e+00 -7.802912e-02  3.120969e-03  -4.241412e+06   9.819482e+04  -2.764864e-09   5.360669e+03  -1.079876e+03  -1.249444e+06  -9.764619e-05   3.138026e-05   2.354025e-05   1.540422e-06  -3.089773e-07  -3.826782e-04  -1.391915e-04   2.172994e-04  -2.554178e-03     0  1.308039e+00
   110  0.722 -2.449295e+00 -7.775300e-02  6.241938e-03  -4.242602e+06   1.040276e+05  -1.513399e-09   1.037213e+04  -1.081702e+03  -1.265245e+06  -9.770840e-05   3.174090e-05   2.342372e-05   2.980497e-06  -3.094999e-07  -3.875177e-04  -1.388620e-04   2.166232e-04  -2.546565e-03     0  1.322121e+00
   110  0.833 -2.446186e+00 -7.747688e-02  9.362907e-03  -4.243792e+06   1.098604e+05   1.455192e-10   1.529870e+04  -1.018233e+03  -1.281046e+06  -9.777062e-05   3.210154e-05   2.330719e-05   4.396179e-06  -2.913398e-07  -3.923572e-04  -1.385326e-04   2.159470e-04  -2.538952e-03     0  1.345263e+00
   110  0.944 -2.443077e+00 -7.720076e-02  1.248388e-02  -2.912727e+06  -3.069793e+05  -4.743924e-09   9.312682e+03  -5.164558e+02  -3.276166e+06  -9.783283e-05   3.246218e-05   2.387334e-05   2.667443e-06  -1.479290e-07  -3.971967e-04  -1.382032e-04   2.152708e-04  -2.531339e-03     0  1.377008e+00
   111  0.056 -2.458395e+00 -1.530031e-01 -1.248388e-02   9.365118e+05   7.464597e+04   2.706656e-09  -6.142835e+03  -7.043885e+02  -2.931367e+06   3.187983e-05  -1.191872e-05  -7.268765e-06  -1.759500e-06  -2.017588e-07  -3.553939e-04  -2.983487e-04   4.005269e-04  -2.569569e-03     0  1.378491e+00
   111  0.167 -2.455319e+00 -1.524766e-01 -9.362907e-03   1.357500e+06  -5.235877e+04   2.561137e-09  -1.546771e+04  -1.976631e+03  -1.178869e+06   3.137798e-05  -1.131204e-05  -7.090272e-06  -4.444743e-06  -5.655597e-07  -3.610626e-04  -2.977664e-04   3.992434e-04  -2.562070e-03     0  1.346780e+00
   111  0.278 -2.452243e+00 -1.519501e-01 -6.241938e-03   1.337678e+06  -4.430952e+04   2.095476e-09  -1.009701e+04  -2.341827e+03  -1.197377e+06   3.087612e-05  -1.070537e-05  -7.141265e-06  -2.901439e-06  -6.700507e-07  -3.667312e-04  -2.971841e-04   3.979600e-04  -2.554572e-03     0  1.323665e+00
   111  0.389 -2.449166e+00 -1.514236e-01 -3.120969e-03   1.317855e+06  -3.626028e+04   1.629815e-09  -4.843587e+03  -2.543338e+03  -1.215886e+06   3.037427e-05  -1.009869e-05  -7.192258e-06  -1.391835e-06  -7.277076e-07  -3.723999e-04  -2.966019e-04   3.966765e-04  -2.547073e-03     0  1.309600e+00
   111  0.500 -2.446090e+00 -1.508970e-01  0.000000e+00   1.298033e+06  -2.821104e+04   1.193257e-09   2.925514e+02  -2.581164e+03  -1.234394e+06   2.987242e-05  -9.492020e-06  -7.243250e-06   8.406649e-08  -7.385306e-07  -3.780685e-04  -2.960196e-04   3.953931e-04  -2.539574e-03     0  1.304878e+00
   111  0.611 -2.443014e+00 -1.503705e-01  3.120969e-03   1.278211e+06  -2.016180e+04   7.639755e-10   5.311410e+03  -2.455306e+03  -1.252902e+06   2.937057e-05  -8.885345e-06  -7.294243e-06   1.526267e-06  -7.025196e-07  -3.837371e-04  -2.954373e-04   3.941096e-04  -2.532075e-03     0  1.309600e+00
   111  0.722 -2.439938e+00 -1.498440e-01  6.241938e-03   1.258389e+06  -1.211256e+04   4.438334e-10   1.021299e+04  -2.165763e+03  -1.271410e+06   2.886871e-05  -8.278671e-06  -7.345236e-06   2.934767e-06  -6.196745e-07  -3.894058e-04  -2.948551e-04   3.928262e-04  -2.524577e-03     0  1.323665e+00
   111  0.833 -2.436861e+00 -1.493175e-01  9.362907e-03   1.238567e+06  -4.063314e+03   5.093170e-11   1.499729e+04  -1.712534e+03  -1.289918e+06   2.836686e-05  -7.671996e-06  -7.396228e-06   4.309565e-06  -4.899955e-07  -3.950744e-04  -2.942728e-04   3.915427e-04  -2.517078e-03     0  1.346780e+00
   111  0.944 -2.433785e+00 -1.487910e-01  1.248388e-02   8.501550e+05   1.287290e+05   1.615263e-09   9.104089e+03  -7.762055e+02  -3.305417e+06   2.786501e-05  -7.065322e-06  -7.630239e-06   2.607695e-06  -2.223294e-07  -4.007431e-04  -2.936905e-04   3.902593e-04  -2.509579e-03     0  1.378491e+00
   112  0.056 -2.438500e+00 -2.255454e-01 -1.248388e-02   4.782376e+06   5.024997e+05   1.280569e-08  -3.073245e+03  -5.161007e+02  -2.882881e+06   1.606576e-04  -5.339332e-05  -3.917156e-05  -8.802731e-07  -1.478273e-07  -3.495155e-04  -4.553186e-04   5.759072e-04  -2.519083e-03     1  4.998707e-01
   112  0.167 -2.435586e+00 -2.244276e-01 -9.362907e-03   6.905751e+06  -1.800862e+05   1.461012e-08  -7.727953e+03  -1.392548e+03  -1.162413e+06   1.591060e-04  -5.231721e-05  -3.789894e-05  -2.220676e-06  -3.984401e-07  -3.560223e-04  -4.538023e-04   5.732043e-04  -2.512038e-03     1  4.882671e-01
   112  0.278 -2.432672e+00 -2.233097e-01 -6.241938e-03   6.840916e+06  -1.687441e+05   1.094304e-08  -5.029157e+03  -1.338177e+03  -1.183657e+06   1.575544e-04  -5.124110e-05  -3.774786e-05  -1.445160e-06  -3.828831e-07  -3.625291e-04  -4.522860e-04   5.705014e-04  -2.504992e-03     1  4.798070e-01
   112  0.389 -2.429758e+00 -2.221919e-01 -3.120969e-03   6.776082e+06  -1.574020e+05   8.381903e-09  -2.400809e+03  -1.220584e+03  -1.204902e+06   1.560028e-04  -5.016500e-05  -3.759677e-05  -6.898876e-07  -3.492371e-07  -3.690359e-04  -4.507697e-04   5.677985e-04  -2.497947e-03     1  4.746586e-01
   112  0.500 -2.426844e+00 -2.210740e-01  0.000000e+00   6.711248e+06  -1.460599e+05   6.344635e-09   1.570912e+02  -1.039769e+03  -1.226147e+06   1.544512e-04  -4.908889e-05  -3.744568e-05   4.514116e-08  -2.975019e-07  -3.755426e-04  -4.492534e-04   5.650956e-04  -2.490901e-03     1  4.729300e-01
   112  0.611 -2.423930e+00 -2.199562e-01  3.120969e-03   6.646414e+06  -1.347178e+05   4.132744e-09   2.644543e+03  -7.957333e+02  -1.247391e+06   1.528995e-04  -4.801278e-05  -3.729460e-05   7.599262e-07  -2.276776e-07  -3.820494e-04  -4.477371e-04   5.623927e-04  -2.483855e-03     1  4.746586e-01
   112  0.722 -2.421017e+00 -2.188383e-01  6.241938e-03   6.581580e+06  -1.233757e+05   2.328306e-09   5.061547e+03  -4.884761e+02  -1.268636e+06   1.513479e-04  -4.693667e-05  -3.714351e-05   1.454467e-06  -1.397643e-07  -3.885562e-04  -4.462208e-04   5.596898e-04  -2.476810e-03     1  4.798070e-01
   112  0.833 -2.418103e+00 -2.177205e-01  9.362907e-03   6.516746e+06  -1.120337e+05  -1.164153e-10   7.408102e+03  -1.179974e+02  -1.289881e+06   1.497963e-04  -4.586057e-05  -3.699243e-05   2.128765e-06  -3.376177e-08  -3.950630e-04  -4.447045e-04   5.569869e-04  -2.469764e-03     1  4.882671e-01
   112  0.944 -2.415189e+00 -2.166026e-01  1.248388e-02   4.455114e+06   5.485781e+05   1.111766e-08   4.487836e+03   3.627366e+01  -3.312236e+06   1.482447e-04  -4.478446e-05  -3.785272e-05   1.285456e-06   1.038991e-08  -4.015697e-04  -4.431882e-04   5.542840e-04  -2.462718e-03     1  4.998707e-01
   113  0.056 -2.426150e+00 -3.025903e-01 -3.427290e-02   3.979978e+04  -7.563054e+03   8.534334e-08  -6.472343e+02  -2.785527e+03  -4.378579e+04   2.962486e-04  -1.422814e-04  -7.225551e-05  -1.198582e-05  -5.158383e-05  -8.108479e-04  -6.335882e-04   7.581225e-04  -2.483266e-03     1  6.360881e-01
   113  0.167 -2.418709e+00 -2.983426e-01 -2.570468e-02   3.894982e+04  -7.375960e+03   7.582457e-08  -4.855076e+02  -2.384777e+03  -4.422739e+04   2.898646e-04  -1.390634e-04  -7.076977e-05  -8.990882e-06  -4.416254e-05  -8.190258e-04  -6.276939e-04   7.479613e-04  -2.465465e-03     1  5.640819e-01
   113  0.278 -2.411268e+00 -2.940949e-01 -1.713645e-02   3.809987e+04  -7.188867e+03   6.628579e-08  -3.203451e+02  -1.979294e+03  -4.466900e+04   2.834806e-04  -1.358454e-04  -6.928402e-05  -5.932318e-06  -3.665358e-05  -8.272038e-04  -6.217996e-04   7.378000e-04  -2.447665e-03     1  5.064187e-01
   113  0.389 -2.403827e+00 -2.898472e-01 -8.568226e-03   3.724991e+04  -7.001773e+03   5.675065e-08  -1.517469e+02  -1.569076e+03  -4.511061e+04   2.770967e-04  -1.326273e-04  -6.779827e-05  -2.810128e-06  -2.905696e-05  -8.353817e-04  -6.159052e-04   7.276388e-04  -2.429864e-03     1  4.684260e-01
   113  0.500 -2.396385e+00 -2.855995e-01  0.000000e+00   3.639995e+04  -6.814680e+03   4.720096e-08   2.028706e+01  -1.154125e+03  -4.555222e+04   2.707127e-04  -1.294093e-04  -6.631253e-05   3.756863e-07  -2.137268e-05  -8.435596e-04  -6.100109e-04   7.174775e-04  -2.412063e-03     1  4.550574e-01
   113  0.611 -2.388944e+00 -2.813519e-01  8.568226e-03   3.554999e+04  -6.627586e+03   3.764762e-08   1.957568e+02  -7.344391e+02  -4.599383e+04   2.643287e-04  -1.261913e-04  -6.482678e-05   3.625126e-06  -1.360072e-05  -8.517375e-04  -6.041166e-04   7.073163e-04  -2.394262e-03     1  4.684260e-01
   113  0.722 -2.381503e+00 -2.771042e-01  1.713645e-02   3.470003e+04  -6.440493e+03   2.810157e-08   3.746623e+02  -3.100196e+02  -4.643543e+04   2.579448e-04  -1.229732e-04  -6.334104e-05   6.938191e-06  -5.741104e-06  -8.599154e-04  -5.982223e-04   6.971550e-04  -2.376462e-03     1  5.064187e-01
   113  0.833 -2.374062e+00 -2.728565e-01  2.570468e-02   3.385008e+04  -6.253399e+03   1.855551e-08   5.570036e+02   1.191338e+02  -4.687704e+04   2.515608e-04  -1.197552e-04  -6.185529e-05   1.031488e-05   2.206182e-06  -8.680934e-04  -5.923279e-04   6.869938e-04  -2.358661e-03     1  5.640819e-01
   113  0.944 -2.366621e+00 -2.686088e-01  3.427290e-02   3.300012e+04  -6.066305e+03   9.011274e-09   7.427806e+02   5.530213e+02  -4.731865e+04   2.451768e-04  -1.165371e-04  -6.036954e-05   1.375520e-05   1.024114e-05  -8.762713e-04  -5.864336e-04   6.768325e-04  -2.340860e-03     1  6.360881e-01
   114  0.056 -2.397464e+00 -3.611516e-01 -3.427290e-02   5.401515e+04  -1.019457e+04   1.190383e-07  -1.339837e+03  -3.436566e+03  -4.321327e+04   4.019038e-04  -1.926106e-04  -9.821960e-05  -2.481179e-05  -6.364012e-05  -8.002458e-04  -7.946724e-04   8.926189e-04  -2.404369e-03     1  6.317334e-01
   114  0.167 -2.389543e+00 -3.578831e-01 -2.570468e-02   5.339895e+04  -1.006376e+04   1.057779e-07  -9.933529e+02  -3.340166e+03  -4.372531e+04   3.972864e-04  -1.903115e-04  -9.713165e-05  -1.839542e-05  -6.185492e-05  -8.097279e-04  -7.915703e-04   8.848736e-04  -2.385600e-03     1  5.591667e-01
   114  0.278 -2.381623e+00 -3.546146e-01 -1.713645e-02   5.278276e+04  -9.932952e+03   9.249197e-08  -6.449434e+02  -3.231442e+03  -4.423734e+04   3.926691e-04  -1.880124e-04  -9.604370e-05  -1.194340e-05  -5.984153e-05  -8.192100e-04  -7.884681e-04   8.771282e-04  -2.366832e-03     1  5.009381e-01
   114  0.389 -2.373703e+00 -3.513461e-01 -8.568226e-03   5.216656e+04  -9.802144e+03   7.922063e-08  -2.946085e+02  -3.110396e+03  -4.474938e+04   3.880517e-04  -1.857133e-04  -9.495575e-05  -5.455714e-06  -5.759993e-05  -8.286922e-04  -7.853660e-04   8.693828e-04  -2.348063e-03     1  4.624953e-01
   114  0.500 -2.365782e+00 -3.480776e-01  0.000000e+00   5.155036e+04  -9.671335e+03   6.593473e-08   5.765184e+01  -2.977027e+03  -4.526141e+04   3.834343e-04  -1.834142e-04  -9.386780e-05   1.067627e-06  -5.513014e-05  -8.381743e-04  -7.822638e-04   8.616374e-04  -2.329294e-03     1  4.489502e-01
   114  0.611 -2.357862e+00 -3.448091e-01  8.568226e-03   5.093417e+04  -9.540526e+03   5.263428e-08   4.118377e+02  -2.831335e+03  -4.577345e+04   3.788169e-04  -1.811151e-04  -9.277986e-05   7.626624e-06  -5.243214e-05  -8.476564e-04  -7.791617e-04   8.538921e-04  -2.310525e-03     1  4.624953e-01
   114  0.722 -2.349942e+00 -3.415406e-01  1.713645e-02   5.031797e+04  -9.409718e+03   3.934838e-08   7.679491e+02  -2.673321e+03  -4.628548e+04   3.741996e-04  -1.788160e-04  -9.169191e-05   1.422128e-05  -4.950594e-05  -8.571386e-04  -7.760596e-04   8.461467e-04  -2.291756e-03     1  5.009381e-01
   114  0.833 -2.342021e+00 -3.382721e-01  2.570468e-02   4.970178e+04  -9.278909e+03   2.606248e-08   1.125986e+03  -2.502983e+03  -4.679752e+04   3.695822e-04  -1.765169e-04  -9.060396e-05   2.085159e-05  -4.635154e-05  -8.666207e-04  -7.729574e-04   8.384013e-04  -2.272987e-03     1  5.591667e-01
   114  0.944 -2.334101e+00 -3.350036e-01  3.427290e-02   4.908558e+04  -9.148100e+03   1.276567e-08   1.485948e+03  -2.320323e+03  -4.730955e+04   3.649648e-04  -1.742178e-04  -8.951601e-05   2.751756e-05  -4.296895e-05  -8.761028e-04  -7.698553e-04   8.306559e-04  -2.254218e-03     1  6.317334e-01
   115  0.056 -2.366926e+00 -4.266540e-01 -3.427290e-02   6.988190e+04  -1.315010e+04   1.540866e-07  -1.348511e+03  -2.405906e+03  -4.266170e+04   5.198740e-04  -2.489149e-04  -1.271589e-04  -2.497242e-05  -4.455381e-05  -7.900315e-04  -9.706222e-04   1.040739e-03  -2.318496e-03     1  6.319807e-01
   115  0.167 -2.359331e+00 -4.226891e-01 -2.570468e-02   6.909504e+04  -1.299413e+04   1.369262e-07  -9.923444e+02  -2.475570e+03  -4.326875e+04   5.140025e-04  -2.460567e-04  -1.257448e-04  -1.837675e-05  -4.584389e-05  -8.012732e-04  -9.665049e-04   1.031426e-03  -2.300655e-03     1  5.594460e-01
   115  0.278 -2.351735e+00 -4.187243e-01 -1.713645e-02   6.830817e+04  -1.283815e+04   1.197513e-07  -6.382551e+02  -2.534343e+03  -4.387581e+04   5.081311e-04  -2.431985e-04  -1.243307e-04  -1.181954e-05  -4.693227e-05  -8.125150e-04  -9.623877e-04   1.022113e-03  -2.282813e-03     1  5.012499e-01
   115  0.389 -2.344139e+00 -4.147595e-01 -8.568226e-03   6.752130e+04  -1.268218e+04   1.025583e-07  -2.862428e+02  -2.582224e+03  -4.448286e+04   5.022596e-04  -2.403402e-04  -1.229166e-04  -5.300792e-06  -4.781896e-05  -8.237567e-04  -9.582704e-04   1.012800e-03  -2.264972e-03     1  4.628330e-01
   115  0.500 -2.336543e+00 -4.107947e-01  0.000000e+00   6.673444e+04  -1.252621e+04   8.535062e-08   6.369256e+01  -2.619213e+03  -4.508992e+04   4.963881e-04  -2.374820e-04  -1.215025e-04   1.179492e-06  -4.850394e-05  -8.349985e-04  -9.541532e-04   1.003488e-03  -2.247131e-03     1  4.492981e-01
   115  0.611 -2.328948e+00 -4.068298e-01  8.568226e-03   6.594757e+04  -1.237023e+04   6.813571e-08   4.115509e+02  -2.645310e+03  -4.569697e+04   4.905166e-04  -2.346238e-04  -1.200884e-04   7.621314e-06  -4.898722e-05  -8.462402e-04  -9.500359e-04   9.941747e-04  -2.229290e-03     1  4.628330e-01
   115  0.722 -2.321352e+00 -4.028650e-01  1.713645e-02   6.516070e+04  -1.221426e+04   5.092807e-08   7.573323e+02  -2.660515e+03  -4.630403e+04   4.846452e-04  -2.317655e-04  -1.186743e-04   1.402467e-05  -4.926880e-05  -8.574820e-04  -9.459187e-04   9.848619e-04  -2.211448e-03     1  5.012499e-01
   115  0.833 -2.313756e+00 -3.989002e-01  2.570468e-02   6.437384e+04  -1.205829e+04   3.374225e-08   1.101037e+03  -2.664829e+03  -4.691108e+04   4.787737e-04  -2.289073e-04  -1.172603e-04   2.038957e-05  -4.934868e-05  -8.687237e-04  -9.418015e-04   9.755490e-04  -2.193607e-03     1  5.594460e-01
   115  0.944 -2.306161e+00 -3.949354e-01  3.427290e-02   6.358697e+04  -1.190231e+04   1.653461e-08   1.442664e+03  -2.658250e+03  -4.751814e+04   4.729022e-04  -2.260490e-04  -1.158462e-04   2.671600e-05  -4.922686e-05  -8.799655e-04  -9.376842e-04   9.662362e-04  -2.175766e-03     1  6.319807e-01
   116  0.056 -2.332662e+00 -4.886705e-01 -3.427290e-02   8.500262e+04  -1.596138e+04   1.879562e-07  -1.320521e+03  -1.569975e+03  -4.220828e+04   6.322855e-04  -3.025348e-04  -1.547493e-04  -2.445409e-05  -2.907361e-05  -7.816349e-04  -1.142070e-03   1.176479e-03  -2.221715e-03     1  6.315497e-01
   116  0.167 -2.325262e+00 -4.843502e-01 -2.570468e-02   8.412662e+04  -1.579697e+04   1.670160e-07  -9.753996e+02  -1.549685e+03  -4.288521e+04   6.257696e-04  -2.994177e-04  -1.531543e-04  -1.806296e-05  -2.869788e-05  -7.941706e-04  -1.137419e-03   1.166436e-03  -2.204514e-03     1  5.589591e-01
   116  0.278 -2.317863e+00 -4.800299e-01 -1.713645e-02   8.325061e+04  -1.563257e+04   1.460394e-07  -6.322257e+02  -1.523346e+03  -4.356214e+04   6.192537e-04  -2.963005e-04  -1.515593e-04  -1.170788e-05  -2.821012e-05  -8.067064e-04  -1.132769e-03   1.156392e-03  -2.187312e-03     1  5.007064e-01
   116  0.389 -2.310464e+00 -4.757095e-01 -8.568226e-03   8.237461e+04  -1.546817e+04   1.250773e-07  -2.909988e+02  -1.490958e+03  -4.423907e+04   6.127379e-04  -2.931833e-04  -1.499643e-04  -5.388866e-06  -2.761034e-05  -8.192421e-04  -1.128118e-03   1.146348e-03  -2.170111e-03     1  4.622443e-01
   116  0.500 -2.303064e+00 -4.713892e-01  0.000000e+00   8.149861e+04  -1.530377e+04   1.041044e-07   4.828102e+01  -1.452521e+03  -4.491600e+04   6.062220e-04  -2.900661e-04  -1.483694e-04   8.940929e-07  -2.689853e-05  -8.317778e-04  -1.123467e-03   1.136305e-03  -2.152910e-03     1  4.486916e-01
   116  0.611 -2.295665e+00 -4.670689e-01  8.568226e-03   8.062261e+04  -1.513936e+04   8.310599e-08   3.856137e+02  -1.408034e+03  -4.559293e+04   5.997061e-04  -2.869489e-04  -1.467744e-04   7.140994e-06  -2.607471e-05  -8.443136e-04  -1.118816e-03   1.126261e-03  -2.135709e-03     1  4.622443e-01
   116  0.722 -2.288266e+00 -4.627485e-01  1.713645e-02   7.974661e+04  -1.497496e+04   6.213668e-08   7.209993e+02  -1.357499e+03  -4.626986e+04   5.931903e-04  -2.838318e-04  -1.451794e-04   1.335184e-05  -2.513887e-05  -8.568493e-04  -1.114165e-03   1.116218e-03  -2.118508e-03     1  5.007064e-01
   116  0.833 -2.280867e+00 -4.584282e-01  2.570468e-02   7.887061e+04  -1.481056e+04   4.117101e-08   1.054438e+03  -1.300914e+03  -4.694679e+04   5.866744e-04  -2.807146e-04  -1.435844e-04   1.952663e-05  -2.409100e-05  -8.693850e-04  -1.109515e-03   1.106174e-03  -2.101306e-03     1  5.589591e-01
   116  0.944 -2.273467e+00 -4.541079e-01  3.427290e-02   7.799461e+04  -1.464615e+04   2.019442e-08   1.385929e+03  -1.238280e+03  -4.762372e+04   5.801585e-04  -2.775974e-04  -1.419895e-04   2.566535e-05  -2.293112e-05  -8.819208e-04  -1.104864e-03   1.096131e-03  -2.084105e-03     1  6.315497e-01
   117  0.056 -2.293415e+00 -5.493553e-01 -3.427290e-02   9.990172e+04  -1.873228e+04   2.208471e-07  -1.285082e+03  -5.369192e+02  -4.184951e+04   7.430513e-04  -3.553747e-04  -1.819335e-04  -2.379782e-05  -9.942949e-06  -7.749909e-04  -1.311434e-03   1.304388e-03  -2.111956e-03     1  6.317164e-01
   117  0.167 -2.286440e+00 -5.443794e-01 -2.570468e-02   9.886257e+04  -1.854485e+04   1.962544e-07  -9.528444e+02  -5.946305e+02  -4.256528e+04   7.353389e-04  -3.517302e-04  -1.800244e-04  -1.764527e-05  -1.101168e-05  -7.882458e-04  -1.305990e-03   1.292956e-03  -2.095931e-03     1  5.591475e-01
   117  0.278 -2.279464e+00 -5.394035e-01 -1.713645e-02   9.782341e+04  -1.835743e+04   1.715962e-07  -6.224905e+02  -6.491754e+02  -4.328104e+04   7.276265e-04  -3.480858e-04  -1.781153e-04  -1.152760e-05  -1.202177e-05  -8.015008e-04  -1.300545e-03   1.281524e-03  -2.079906e-03     1  5.009167e-01
   117  0.389 -2.272489e+00 -5.344277e-01 -8.568226e-03   9.678426e+04  -1.817000e+04   1.469743e-07  -2.940204e+02  -7.005540e+02  -4.399681e+04   7.199141e-04  -3.444414e-04  -1.762063e-04  -5.444822e-06  -1.297322e-05  -8.147557e-04  -1.295101e-03   1.270093e-03  -2.063880e-03     1  4.624721e-01
   117  0.500 -2.265514e+00 -5.294518e-01  0.000000e+00   9.574510e+04  -1.798258e+04   1.223343e-07   3.256595e+01  -7.487662e+02  -4.471258e+04   7.122017e-04  -3.407970e-04  -1.742972e-04   6.030731e-07  -1.386604e-05  -8.280107e-04  -1.289657e-03   1.258661e-03  -2.047855e-03     1  4.489262e-01
   117  0.611 -2.258538e+00 -5.244759e-01  8.568226e-03   9.470595e+04  -1.779515e+04   9.767609e-08   3.572684e+02  -7.938120e+02  -4.542834e+04   7.044893e-04  -3.371525e-04  -1.723881e-04   6.616082e-06  -1.470022e-05  -8.412656e-04  -1.284213e-03   1.247230e-03  -2.031830e-03     1  4.624721e-01
   117  0.722 -2.251563e+00 -5.195000e-01  1.713645e-02   9.366679e+04  -1.760773e+04   7.301060e-08   6.800871e+02  -8.356915e+02  -4.614411e+04   6.967769e-04  -3.335081e-04  -1.704791e-04   1.259421e-05  -1.547577e-05  -8.545206e-04  -1.278768e-03   1.235798e-03  -2.015805e-03     1  5.009167e-01
   117  0.833 -2.244588e+00 -5.145242e-01  2.570468e-02   9.262764e+04  -1.742030e+04   4.837784e-08   1.001022e+03  -8.744046e+02  -4.685988e+04   6.890645e-04  -3.298637e-04  -1.685700e-04   1.853744e-05  -1.619268e-05  -8.677755e-04  -1.273324e-03   1.224366e-03  -1.999780e-03     1  5.591475e-01
   117  0.944 -2.237613e+00 -5.095483e-01  3.427290e-02   9.158848e+04  -1.723288e+04   2.371235e-08   1.320073e+03  -9.099513e+02  -4.757565e+04   6.813520e-04  -3.262192e-04  -1.666609e-04   2.444580e-05  -1.685095e-05  -8.810305e-04  -1.267880e-03   1.212935e-03  -1.983755e-03     1  6.317164e-01
   118  0.056 -2.250748e+00 -6.061212e-01 -3.427290e-02   1.139480e+05  -2.133915e+04   2.522938e-07  -1.242586e+03  -3.102977e+02  -4.154432e+04   8.474646e-04  -4.051518e-04  -2.075738e-04  -2.301086e-05  -5.746254e-06  -7.693393e-04  -1.476397e-03   1.418121e-03  -1.993531e-03     1  6.325672e-01
   118  0.167 -2.244029e+00 -6.008046e-01 -2.570468e-02   1.128219e+05  -2.114430e+04   2.241795e-07  -9.257706e+02  -2.922595e+02  -4.227883e+04   8.391254e-04  -4.012604e-04  -2.054864e-04  -1.714390e-05  -5.412213e-06  -7.829412e-04  -1.470506e-03   1.406068e-03  -1.978299e-03     1  5.601085e-01
   118  0.278 -2.237310e+00 -5.954880e-01 -1.713645e-02   1.116958e+05  -2.094945e+04   1.960289e-07  -6.103695e+02  -2.732064e+02  -4.301333e+04   8.307862e-04  -3.973690e-04  -2.033991e-04  -1.130314e-05  -5.059377e-06  -7.965431e-04  -1.464615e-03   1.394016e-03  -1.963067e-03     1  5.019891e-01
   118  0.389 -2.230591e+00 -5.901713e-01 -8.568226e-03   1.105697e+05  -2.075460e+04   1.678927e-07  -2.963831e+02  -2.531383e+02  -4.374783e+04   8.224470e-04  -3.934776e-04  -2.013118e-04  -5.488576e-06  -4.687746e-06  -8.101450e-04  -1.458724e-03   1.381964e-03  -1.947836e-03     1  4.636335e-01
   118  0.500 -2.223871e+00 -5.848547e-01  0.000000e+00   1.094436e+05  -2.055975e+04   1.397348e-07   1.618868e+01  -2.320552e+02  -4.448233e+04   8.141078e-04  -3.895862e-04  -1.992245e-04   2.997904e-07  -4.297318e-06  -8.237469e-04  -1.452833e-03   1.369911e-03  -1.932604e-03     1  4.501226e-01
   118  0.611 -2.217152e+00 -5.795381e-01  8.568226e-03   1.083175e+05  -2.036491e+04   1.115914e-07   3.273458e+02  -2.099571e+02  -4.521684e+04   8.057686e-04  -3.856948e-04  -1.971372e-04   6.061960e-06  -3.888095e-06  -8.373488e-04  -1.446942e-03   1.357859e-03  -1.917372e-03     1  4.636335e-01
   118  0.722 -2.210433e+00 -5.742214e-01  1.713645e-02   1.071914e+05  -2.017006e+04   8.341158e-08   6.370883e+02  -1.868441e+02  -4.595134e+04   7.974294e-04  -3.818034e-04  -1.950499e-04   1.179793e-05  -3.460076e-06  -8.509507e-04  -1.441051e-03   1.345807e-03  -1.902140e-03     1  5.019891e-01
   118  0.833 -2.203714e+00 -5.689048e-01  2.570468e-02   1.060653e+05  -1.997521e+04   5.526817e-08   9.454162e+02  -1.627161e+02  -4.668584e+04   7.890902e-04  -3.779120e-04  -1.929626e-04   1.750771e-05  -3.013262e-06  -8.645526e-04  -1.435160e-03   1.333754e-03  -1.886908e-03     1  5.601085e-01
   118  0.944 -2.196995e+00 -5.635882e-01  3.427290e-02   1.049392e+05  -1.978036e+04   2.709567e-08   1.252329e+03  -1.375732e+02  -4.742035e+04   7.807510e-04  -3.740206e-04  -1.908753e-04   2.319129e-05  -2.547652e-06  -8.781545e-04  -1.429268e-03   1.321702e-03  -1.871676e-03     1  6.325672e-01
   119  0.056 -2.203835e+00 -6.609030e-01 -3.427290e-02   1.276071e+05  -2.387379e+04   2.825618e-07  -1.199432e+03   2.225600e+02  -4.125838e+04   9.489992e-04  -4.535543e-04  -2.325082e-04  -2.221170e-05   4.121481e-06  -7.640440e-04  -1.638582e-03   1.521999e-03  -1.865361e-03     1  6.334922e-01
   119  0.167 -2.197548e+00 -6.550823e-01 -2.570468e-02   1.263528e+05  -2.366344e+04   2.510860e-07  -8.974192e+02   1.773645e+02  -4.199863e+04   9.397258e-04  -4.492669e-04  -2.301683e-04  -1.661887e-05   3.284527e-06  -7.777524e-04  -1.632205e-03   1.508997e-03  -1.851316e-03     1  5.611529e-01
   119  0.278 -2.191260e+00 -6.492616e-01 -1.713645e-02   1.250985e+05  -2.345309e+04   2.195738e-07  -5.965819e+02   1.320754e+02  -4.273888e+04   9.304523e-04  -4.449794e-04  -2.278285e-04  -1.104781e-05   2.445841e-06  -7.914607e-04  -1.625827e-03   1.495995e-03  -1.837271e-03     1  5.031542e-01
   119  0.389 -2.184972e+00 -6.434409e-01 -8.568226e-03   1.238443e+05  -2.324274e+04   1.880617e-07  -2.969196e+02   8.669279e+01  -4.347913e+04   9.211789e-04  -4.406919e-04  -2.254886e-04  -5.498511e-06   1.605422e-06  -8.051691e-04  -1.619450e-03   1.482993e-03  -1.823227e-03     1  4.648948e-01
   119  0.500 -2.178685e+00 -6.376202e-01  0.000000e+00   1.225900e+05  -2.303239e+04   1.564986e-07   1.567659e+00   4.121661e+01  -4.421938e+04   9.119054e-04  -4.364044e-04  -2.231487e-04   2.903072e-08   7.632706e-07  -8.188775e-04  -1.613072e-03   1.469991e-03  -1.809182e-03     1  4.514216e-01
   119  0.611 -2.172397e+00 -6.317995e-01  8.568226e-03   1.213357e+05  -2.282205e+04   1.249573e-07   2.988799e+02  -4.353123e+00  -4.495964e+04   9.026320e-04  -4.321170e-04  -2.208088e-04   5.534812e-06  -8.061339e-08  -8.325859e-04  -1.606695e-03   1.456989e-03  -1.795137e-03     1  4.648948e-01
   119  0.722 -2.166110e+00 -6.259788e-01  1.713645e-02   1.200814e+05  -2.261170e+04   9.343057e-08   5.950170e+02  -5.001641e+01  -4.569989e+04   8.933585e-04  -4.278295e-04  -2.184690e-04   1.101883e-05  -9.262299e-07  -8.462943e-04  -1.600317e-03   1.443987e-03  -1.781092e-03     1  5.031542e-01
   119  0.833 -2.159822e+00 -6.201581e-01  2.570468e-02   1.188271e+05  -2.240135e+04   6.193295e-08   8.899791e+02  -9.577326e+01  -4.644014e+04   8.840851e-04  -4.235420e-04  -2.161291e-04   1.648110e-05  -1.773579e-06  -8.600026e-04  -1.593939e-03   1.430985e-03  -1.767047e-03     1  5.611529e-01
   119  0.944 -2.153534e+00 -6.143374e-01  3.427290e-02   1.175729e+05  -2.219100e+04   3.038440e-08   1.183766e+03  -1.416237e+02  -4.718039e+04   8.748117e-04  -4.192545e-04  -2.137892e-04   2.192160e-05  -2.622661e-06  -8.737110e-04  -1.587562e-03   1.417984e-03  -1.753002e-03     1  6.334922e-01
   120  0.056 -2.154394e+00 -7.120443e-01 -3.427290e-02   1.404620e+05  -2.625446e+04   3.114546e-07  -1.156058e+03   1.843852e+02  -4.097531e+04   1.044545e-03  -4.990739e-04  -2.559852e-04  -2.140849e-05   3.414540e-06  -7.588020e-04  -1.796887e-03   1.612268e-03  -1.731984e-03     1  6.339066e-01
   120  0.167 -2.148364e+00 -7.059571e-01 -2.570468e-02   1.391379e+05  -2.604052e+04   2.767192e-07  -8.688553e+02   2.045855e+02  -4.171327e+04   1.034774e-03  -4.946047e-04  -2.534970e-04  -1.608991e-05   3.788620e-06  -7.724680e-04  -1.790239e-03   1.598888e-03  -1.718729e-03     1  5.616207e-01
   120  0.278 -2.142334e+00 -6.998699e-01 -1.713645e-02   1.378139e+05  -2.582657e+04   2.419765e-07  -5.825182e+02   2.237778e+02  -4.245123e+04   1.025003e-03  -4.901356e-04  -2.510087e-04  -1.078737e-05   4.144033e-06  -7.861340e-04  -1.783590e-03   1.585507e-03  -1.705474e-03     1  5.036759e-01
   120  0.389 -2.136304e+00 -6.937827e-01 -8.568226e-03   1.364898e+05  -2.561263e+04   2.072193e-07  -2.970469e+02   2.419621e+02  -4.318920e+04   1.015231e-03  -4.856665e-04  -2.485205e-04  -5.500869e-06   4.480780e-06  -7.997999e-04  -1.776942e-03   1.572127e-03  -1.692220e-03     1  4.654594e-01
   120  0.500 -2.130274e+00 -6.876956e-01  0.000000e+00   1.351657e+05  -2.539869e+04   1.724911e-07  -1.244162e+01   2.591385e+02  -4.392716e+04   1.005460e-03  -4.811973e-04  -2.460322e-04  -2.304004e-07   4.798861e-06  -8.134659e-04  -1.770293e-03   1.558746e-03  -1.678965e-03     1  4.520030e-01
   120  0.611 -2.124244e+00 -6.816084e-01  8.568226e-03   1.338416e+05  -2.518474e+04   1.377412e-07   2.712978e+02   2.753069e+02  -4.466512e+04   9.956888e-04  -4.767282e-04  -2.435440e-04   5.024033e-06   5.098276e-06  -8.271319e-04  -1.763645e-03   1.545366e-03  -1.665710e-03     1  4.654594e-01
   120  0.722 -2.118214e+00 -6.755212e-01  1.713645e-02   1.325176e+05  -2.497080e+04   1.029912e-07   5.541712e+02   2.904674e+02  -4.540308e+04   9.859175e-04  -4.722590e-04  -2.410557e-04   1.026243e-05   5.379025e-06  -8.407978e-04  -1.756996e-03   1.531986e-03  -1.652456e-03     1  5.036759e-01
   120  0.833 -2.112184e+00 -6.694340e-01  2.570468e-02   1.311935e+05  -2.475685e+04   6.823393e-08   8.361788e+02   3.046198e+02  -4.614104e+04   9.761462e-04  -4.677899e-04  -2.385675e-04   1.548479e-05   5.641108e-06  -8.544638e-04  -1.750348e-03   1.518605e-03  -1.639201e-03     1  5.616207e-01
   120  0.944 -2.106154e+00 -6.633469e-01  3.427290e-02   1.298694e+05  -2.454291e+04   3.345485e-08   1.117320e+03   3.177643e+02  -4.687901e+04   9.663749e-04  -4.633207e-04  -2.360792e-04   2.069112e-05   5.884525e-06  -8.681297e-04  -1.743699e-03   1.505225e-03  -1.625946e-03     1  6.339066e-01
   121  0.056 -2.101368e+00 -7.610459e-01 -3.427290e-02   1.528815e+05  -2.855399e+04   3.389941e-07  -1.109206e+03   5.302762e+02  -4.068365e+04   1.136854e-03  -5.430480e-04  -2.786681e-04  -2.054085e-05   9.819930e-06  -7.534010e-04  -1.952441e-03   1.692327e-03  -1.591804e-03     1  6.353664e-01
   121  0.167 -2.095774e+00 -7.545561e-01 -2.570468e-02   1.514527e+05  -2.832955e+04   3.012465e-07  -8.373656e+02   4.816577e+02  -4.141466e+04   1.126324e-03  -5.382704e-04  -2.759686e-04  -1.550677e-05   8.919587e-06  -7.669382e-04  -1.945467e-03   1.678306e-03  -1.579718e-03     1  5.632679e-01
   121  0.278 -2.090179e+00 -7.480663e-01 -1.713645e-02   1.500239e+05  -2.810511e+04   2.634188e-07  -5.660779e+02   4.317671e+02  -4.214567e+04   1.115794e-03  -5.334929e-04  -2.732691e-04  -1.048292e-05   7.995687e-06  -7.804754e-04  -1.938494e-03   1.664285e-03  -1.567632e-03     1  5.055119e-01
   121  0.389 -2.084585e+00 -7.415765e-01 -8.568226e-03   1.485951e+05  -2.788068e+04   2.256420e-07  -2.953424e+02   3.806044e+02  -4.287668e+04   1.105264e-03  -5.287154e-04  -2.705696e-04  -5.469304e-06   7.048230e-06  -7.940126e-04  -1.931521e-03   1.650264e-03  -1.555546e-03     1  4.674455e-01
   121  0.500 -2.078991e+00 -7.350866e-01  0.000000e+00   1.471663e+05  -2.765624e+04   1.878070e-07  -2.515919e+01   3.281696e+02  -4.360769e+04   1.094734e-03  -5.239378e-04  -2.678702e-04  -4.659109e-07   6.077215e-06  -8.075498e-04  -1.924547e-03   1.636243e-03  -1.543459e-03     1  4.540480e-01
   121  0.611 -2.073396e+00 -7.285968e-01  8.568226e-03   1.457374e+05  -2.743180e+04   1.499648e-07   2.444718e+02   2.744627e+02  -4.433870e+04   1.084205e-03  -5.191603e-04  -2.651707e-04   4.527255e-06   5.082643e-06  -8.210870e-04  -1.917574e-03   1.622223e-03  -1.531373e-03     1  4.674455e-01
   121  0.722 -2.067802e+00 -7.221070e-01  1.713645e-02   1.443086e+05  -2.720736e+04   1.121371e-07   5.135504e+02   2.194837e+02  -4.506971e+04   1.073675e-03  -5.143827e-04  -2.624712e-04   9.510193e-06   4.064513e-06  -8.346242e-04  -1.910601e-03   1.608202e-03  -1.519287e-03     1  5.055119e-01
   121  0.833 -2.062208e+00 -7.156172e-01  2.570468e-02   1.428798e+05  -2.698292e+04   7.430936e-08   7.820769e+02   1.632326e+02  -4.580071e+04   1.063145e-03  -5.096052e-04  -2.597717e-04   1.448290e-05   3.022826e-06  -8.481614e-04  -1.903627e-03   1.594181e-03  -1.507201e-03     1  5.632679e-01
   121  0.944 -2.056613e+00 -7.091273e-01  3.427290e-02   1.414510e+05  -2.675848e+04   3.641617e-08   1.050051e+03   1.057094e+02  -4.653172e+04   1.052615e-03  -5.048277e-04  -2.570723e-04   1.944539e-05   1.957582e-06  -8.616986e-04  -1.896654e-03   1.580160e-03  -1.495115e-03     1  6.353664e-01
   122  0.056 -2.046914e+00 -8.065663e-01 -3.427290e-02   1.645140e+05  -3.070303e+04   3.652240e-07  -1.067756e+03   2.113943e+02  -4.036425e+04   1.223302e-03  -5.842021e-04  -2.999244e-04  -1.977326e-05   3.914709e-06  -7.474862e-04  -2.103845e-03   1.759525e-03  -1.449996e-03     1  6.345829e-01
   122  0.167 -2.041519e+00 -7.999097e-01 -2.570468e-02   1.630396e+05  -3.048006e+04   3.245441e-07  -8.091938e+02   2.524301e+02  -4.108662e+04   1.212456e-03  -5.793327e-04  -2.971194e-04  -1.498507e-05   4.674632e-06  -7.608633e-04  -2.096849e-03   1.745406e-03  -1.438553e-03     1  5.623839e-01
   122  0.278 -2.036124e+00 -7.932532e-01 -1.713645e-02   1.615652e+05  -3.025709e+04   2.837623e-07  -5.511764e+02   2.920134e+02  -4.180898e+04   1.201609e-03  -5.744632e-04  -2.943145e-04  -1.020697e-05   5.407656e-06  -7.742404e-04  -2.089853e-03   1.731287e-03  -1.427110e-03     1  5.045268e-01
   122  0.389 -2.030729e+00 -7.865966e-01 -8.568226e-03   1.600908e+05  -3.003412e+04   2.430606e-07  -2.937042e+02   3.301442e+02  -4.253135e+04   1.190763e-03  -5.695938e-04  -2.915095e-04  -5.438967e-06   6.113782e-06  -7.876175e-04  -2.082856e-03   1.717168e-03  -1.415667e-03     1  4.663799e-01
   122  0.500 -2.025335e+00 -7.799400e-01  0.000000e+00   1.586164e+05  -2.981114e+04   2.023007e-07  -3.677716e+01   3.668225e+02  -4.325371e+04   1.179916e-03  -5.647243e-04  -2.887045e-04  -6.810586e-07   6.793010e-06  -8.009946e-04  -2.075860e-03   1.703049e-03  -1.404225e-03     1  4.529509e-01
   122  0.611 -2.019940e+00 -7.732835e-01  8.568226e-03   1.571420e+05  -2.958817e+04   1.615335e-07   2.196048e+02   4.020483e+02  -4.397608e+04   1.169070e-03  -5.598549e-04  -2.858996e-04   4.066755e-06   7.445339e-06  -8.143718e-04  -2.068864e-03   1.688930e-03  -1.392782e-03     1  4.663799e-01
   122  0.722 -2.014545e+00 -7.666269e-01  1.713645e-02   1.556676e+05  -2.936520e+04   1.208100e-07   4.754416e+02   4.358216e+02  -4.469844e+04   1.158223e-03  -5.549855e-04  -2.830946e-04   8.804474e-06   8.070770e-06  -8.277489e-04  -2.061868e-03   1.674811e-03  -1.381339e-03     1  5.045268e-01
   122  0.833 -2.009150e+00 -7.599703e-01  2.570468e-02   1.541932e+05  -2.914223e+04   8.008647e-08   7.307333e+02   4.681424e+02  -4.542080e+04   1.147377e-03  -5.501160e-04  -2.802897e-04   1.353210e-05   8.669303e-06  -8.411260e-04  -2.054872e-03   1.660692e-03  -1.369896e-03     1  5.623839e-01
   122  0.944 -2.003755e+00 -7.533138e-01  3.427290e-02   1.527188e+05  -2.891926e+04   3.936293e-08   9.854799e+02   4.990106e+02  -4.614317e+04   1.136531e-03  -5.452466e-04  -2.774847e-04   1.824963e-05   9.240938e-06  -8.545031e-04  -2.047876e-03   1.646573e-03  -1.358453e-03     1  6.345829e-01
   123  0.056 -1.988816e+00 -8.500547e-01 -3.427290e-02   1.757369e+05  -3.277709e+04   3.901368e-07  -1.018172e+03   6.033168e+02  -4.002411e+04   1.306708e-03  -6.239119e-04  -3.204305e-04  -1.885504e-05   1.117253e-05  -7.411873e-04  -2.253235e-03   1.817043e-03  -1.302747e-03     1  6.357887e-01
   123  0.167 -1.983949e+00 -8.430033e-01 -2.570468e-02   1.741579e+05  -3.254377e+04   3.466630e-07  -7.753314e+02   5.341061e+02  -4.073816e+04   1.295104e-03  -6.187354e-04  -3.174144e-04  -1.435799e-05   9.890853e-06  -7.544103e-04  -2.245856e-03   1.802376e-03  -1.292622e-03     1  5.637441e-01
   123  0.278 -1.979081e+00 -8.359520e-01 -1.713645e-02   1.725789e+05  -3.231044e+04   3.031309e-07  -5.327866e+02   4.636714e+02  -4.145220e+04   1.283501e-03  -6.135589e-04  -3.143982e-04  -9.866419e-06   8.586508e-06  -7.676333e-04  -2.238477e-03   1.787709e-03  -1.282498e-03     1  5.060426e-01
   123  0.389 -1.974214e+00 -8.289006e-01 -8.568226e-03   1.709999e+05  -3.207711e+04   2.596425e-07  -2.905374e+02   3.920129e+02  -4.216624e+04   1.271897e-03  -6.083823e-04  -3.113820e-04  -5.380322e-06   7.259498e-06  -7.808563e-04  -2.231098e-03   1.773042e-03  -1.272373e-03     1  4.680193e-01
   123  0.500 -1.969346e+00 -8.218492e-01  0.000000e+00   1.694209e+05  -3.184378e+04   2.160959e-07  -4.858379e+01   3.191305e+02  -4.288028e+04   1.260294e-03  -6.032058e-04  -3.083659e-04  -8.996999e-07   5.909825e-06  -7.940792e-04  -2.223719e-03   1.758375e-03  -1.262249e-03     1  4.546387e-01
   123  0.611 -1.964479e+00 -8.147979e-01  8.568226e-03   1.678419e+05  -3.161046e+04   1.725566e-07   1.930742e+02   2.450243e+02  -4.359432e+04   1.248690e-03  -5.980293e-04  -3.053497e-04   3.575448e-06   4.537487e-06  -8.073022e-04  -2.216340e-03   1.743708e-03  -1.252124e-03     1  4.680193e-01
   123  0.722 -1.959611e+00 -8.077465e-01  1.713645e-02   1.662629e+05  -3.137713e+04   1.290318e-07   4.344365e+02   1.696942e+02  -4.430836e+04   1.237086e-03  -5.928527e-04  -3.023335e-04   8.045121e-06   3.142485e-06  -8.205252e-04  -2.208962e-03   1.729041e-03  -1.241999e-03     1  5.060426e-01
   123  0.833 -1.954744e+00 -8.006952e-01  2.570468e-02   1.646840e+05  -3.114380e+04   8.552161e-08   6.755033e+02   9.314019e+01  -4.502240e+04   1.225483e-03  -5.876762e-04  -2.993174e-04   1.250932e-05   1.724818e-06  -8.337482e-04  -2.201583e-03   1.714374e-03  -1.231875e-03     1  5.637441e-01
   123  0.944 -1.949876e+00 -7.936438e-01  3.427290e-02   1.631050e+05  -3.091047e+04   4.195317e-08   9.162744e+02   1.536234e+01  -4.573644e+04   1.213879e-03  -5.824997e-04  -2.963012e-04   1.696804e-05   2.844878e-07  -8.469712e-04  -2.194204e-03   1.699707e-03  -1.221750e-03     1  6.357887e-01
   124  0.056 -1.930196e+00 -8.897397e-01 -3.427290e-02   1.860814e+05  -3.468274e+04   4.134054e-07  -9.731759e+02   7.672749e+01  -3.964811e+04   1.383572e-03  -6.604712e-04  -3.393455e-04  -1.802178e-05   1.420880e-06  -7.342243e-04  -2.397558e-03   1.861407e-03  -1.156856e-03     1  6.362859e-01
   124  0.167 -1.925457e+00 -8.826012e-01 -2.570468e-02   1.844766e+05  -3.445493e+04   3.673995e-07  -7.446051e+02   1.185538e+02  -4.035611e+04   1.371800e-03  -6.552755e-04  -3.362591e-04  -1.378898e-05   2.195441e-06  -7.473353e-04  -2.390370e-03   1.846862e-03  -1.147200e-03     1  5.643048e-01
   124  0.278 -1.920718e+00 -8.754627e-01 -1.713645e-02   1.828718e+05  -3.422712e+04   3.213136e-07  -5.160985e+02   1.594627e+02  -4.106411e+04   1.360028e-03  -6.500798e-04  -3.331727e-04  -9.557380e-06   2.953012e-06  -7.604464e-04  -2.383181e-03   1.832316e-03  -1.137545e-03     1  5.066671e-01
   124  0.389 -1.915979e+00 -8.683242e-01 -8.568226e-03   1.812670e+05  -3.399931e+04   2.752349e-07  -2.876562e+02   1.994541e+02  -4.177210e+04   1.348255e-03  -6.448842e-04  -3.300864e-04  -5.326966e-06   3.693595e-06  -7.735575e-04  -2.375993e-03   1.817771e-03  -1.127889e-03     1  4.686945e-01
   124  0.500 -1.911240e+00 -8.611857e-01  0.000000e+00   1.796622e+05  -3.377150e+04   2.290835e-07  -5.927800e+01   2.385282e+02  -4.248010e+04   1.336483e-03  -6.396885e-04  -3.270000e-04  -1.097741e-06   4.417189e-06  -7.866685e-04  -2.368805e-03   1.803226e-03  -1.118233e-03     1  4.553337e-01
   124  0.611 -1.906502e+00 -8.540473e-01  8.568226e-03   1.780574e+05  -3.354369e+04   1.829321e-07   1.690360e+02   2.766848e+02  -4.318810e+04   1.324711e-03  -6.344929e-04  -3.239136e-04   3.130295e-06   5.123793e-06  -7.997796e-04  -2.361617e-03   1.788681e-03  -1.108578e-03     1  4.686945e-01
   124  0.722 -1.901763e+00 -8.469088e-01  1.713645e-02   1.764526e+05  -3.331588e+04   1.367735e-07   3.972857e+02   3.139241e+02  -4.389610e+04   1.312938e-03  -6.292972e-04  -3.208272e-04   7.357142e-06   5.813409e-06  -8.128907e-04  -2.354429e-03   1.774136e-03  -1.098922e-03     1  5.066671e-01
   124  0.833 -1.897024e+00 -8.397703e-01  2.570468e-02   1.748478e+05  -3.308807e+04   9.067298e-08   6.254712e+02   3.502459e+02  -4.460409e+04   1.301166e-03  -6.241015e-04  -3.177408e-04   1.158280e-05   6.486035e-06  -8.260017e-04  -2.347241e-03   1.759591e-03  -1.089267e-03     1  5.643048e-01
   124  0.944 -1.892285e+00 -8.326318e-01  3.427290e-02   1.732430e+05  -3.286026e+04   4.448520e-08   8.535925e+02   3.856503e+02  -4.531209e+04   1.289394e-03  -6.189059e-04  -3.146544e-04   1.580727e-05   7.141672e-06  -8.391128e-04  -2.340053e-03   1.745046e-03  -1.079611e-03     1  6.362859e-01
   125  0.056 -1.868308e+00 -9.277550e-01 -3.427290e-02   1.960941e+05  -3.652837e+04   4.356989e-07  -9.298104e+02   3.915948e+02  -3.923270e+04   1.457974e-03  -6.958654e-04  -3.576511e-04  -1.721871e-05   7.251756e-06  -7.265315e-04  -2.540764e-03   1.897450e-03  -1.007299e-03     1  6.366363e-01
   125  0.167 -1.864083e+00 -9.203010e-01 -2.570468e-02   1.944034e+05  -3.629399e+04   3.871974e-07  -7.146070e+02   3.235474e+02  -3.993818e+04   1.445584e-03  -6.904311e-04  -3.543869e-04  -1.323346e-05   5.991618e-06  -7.395959e-04  -2.533304e-03   1.882587e-03  -9.988736e-04     1  5.647000e-01
   125  0.278 -1.859858e+00 -9.128470e-01 -1.713645e-02   1.927127e+05  -3.605961e+04   3.386158e-07  -4.993890e+02   2.551148e+02  -4.064366e+04   1.433194e-03  -6.849968e-04  -3.511227e-04  -9.247945e-06   4.724348e-06  -7.526604e-04  -2.525844e-03   1.867724e-03  -9.904487e-04     1  5.071071e-01
   125  0.389 -1.855633e+00 -9.053930e-01 -8.568226e-03   1.910220e+05  -3.582523e+04   2.900561e-07  -2.841564e+02   1.862971e+02  -4.134914e+04   1.420804e-03  -6.795625e-04  -3.478586e-04  -5.262156e-06   3.449947e-06  -7.657249e-04  -2.518384e-03   1.852861e-03  -9.820239e-04     1  4.691701e-01
   125  0.500 -1.851408e+00 -8.979390e-01  0.000000e+00   1.893313e+05  -3.559085e+04   2.414308e-07  -6.890930e+01   1.170944e+02  -4.205462e+04   1.408414e-03  -6.741282e-04  -3.445944e-04  -1.276098e-06   2.168415e-06  -7.787893e-04  -2.510924e-03   1.837998e-03  -9.735990e-04     1  4.558233e-01
   125  0.611 -1.847182e+00 -8.904850e-01  8.568226e-03   1.876406e+05  -3.535647e+04   1.927765e-07   1.463524e+02   4.750660e+01  -4.276011e+04   1.396024e-03  -6.686939e-04  -3.413302e-04   2.710230e-06   8.797519e-07  -7.918538e-04  -2.503464e-03   1.823135e-03  -9.651741e-04     1  4.691701e-01
   125  0.722 -1.842957e+00 -8.830310e-01  1.713645e-02   1.859499e+05  -3.512209e+04   1.441294e-07   3.616287e+02  -2.246628e+01  -4.346559e+04   1.383634e-03  -6.632596e-04  -3.380660e-04   6.696828e-06  -4.160422e-07  -8.049183e-04  -2.496004e-03   1.808272e-03  -9.567492e-04     1  5.071071e-01
   125  0.833 -1.838732e+00 -8.755770e-01  2.570468e-02   1.842592e+05  -3.488771e+04   9.551877e-08   5.769196e+02  -9.282423e+01  -4.417107e+04   1.371244e-03  -6.578253e-04  -3.348018e-04   1.068370e-05  -1.718967e-06  -8.179827e-04  -2.488544e-03   1.793409e-03  -9.483243e-04     1  5.647000e-01
   125  0.944 -1.834507e+00 -8.681229e-01  3.427290e-02   1.825685e+05  -3.465333e+04   4.689355e-08   7.922250e+02  -1.635673e+02  -4.487655e+04   1.358855e-03  -6.523910e-04  -3.315376e-04   1.467083e-05  -3.029023e-06  -8.310472e-04  -2.481084e-03   1.778546e-03  -9.398994e-04     1  6.366363e-01
   126  0.056 -1.806354e+00 -9.622784e-01 -3.427290e-02   2.052928e+05  -3.821820e+04   4.565663e-07  -8.855579e+02  -1.340446e+02  -3.877949e+04   1.526313e-03  -7.283418e-04  -3.744815e-04  -1.639922e-05  -2.482307e-06  -7.181388e-04  -2.679195e-03   1.921677e-03  -8.608150e-04     1  6.378077e-01
   126  0.167 -1.802238e+00 -9.547636e-01 -2.570468e-02   2.035828e+05  -3.799063e+04   4.057219e-07  -6.840690e+02  -1.072941e+02  -3.948707e+04   1.513803e-03  -7.229120e-04  -3.711588e-04  -1.266795e-05  -1.986928e-06  -7.312420e-04  -2.671992e-03   1.907028e-03  -8.527912e-04     1  5.660203e-01
   126  0.278 -1.798121e+00 -9.472489e-01 -1.713645e-02   2.018728e+05  -3.776306e+04   3.547757e-07  -4.822934e+02  -8.036049e+01  -4.019464e+04   1.501293e-03  -7.174822e-04  -3.678361e-04  -8.931360e-06  -1.488157e-06  -7.443452e-04  -2.664790e-03   1.892379e-03  -8.447674e-04     1  5.085770e-01
   126  0.389 -1.794005e+00 -9.397342e-01 -8.568226e-03   2.001628e+05  -3.753549e+04   3.039167e-07  -2.802310e+02  -5.324367e+01  -4.090222e+04   1.488783e-03  -7.120525e-04  -3.645134e-04  -5.189463e-06  -9.859938e-07  -7.574485e-04  -2.657587e-03   1.877731e-03  -8.367436e-04     1  4.707584e-01
   126  0.500 -1.789889e+00 -9.322195e-01  0.000000e+00   1.984528e+05  -3.730791e+04   2.529559e-07  -7.788174e+01  -2.594366e+01  -4.160979e+04   1.476273e-03  -7.066227e-04  -3.611906e-04  -1.442254e-06  -4.804382e-07  -7.705517e-04  -2.650384e-03   1.863082e-03  -8.287197e-04     1  4.574580e-01
   126  0.611 -1.785773e+00 -9.247047e-01  8.568226e-03   1.967428e+05  -3.708034e+04   2.019951e-07   1.247543e+02   1.539529e+00  -4.231737e+04   1.463763e-03  -7.011929e-04  -3.578679e-04   2.310265e-06   2.850980e-08  -7.836550e-04  -2.643181e-03   1.848434e-03  -8.206959e-04     1  4.707584e-01
   126  0.722 -1.781657e+00 -9.171900e-01  1.713645e-02   1.950328e+05  -3.685277e+04   1.510634e-07   3.276772e+02   2.920590e+01  -4.302494e+04   1.451253e-03  -6.957631e-04  -3.545452e-04   6.068095e-06   5.408501e-07  -7.967582e-04  -2.635978e-03   1.833785e-03  -8.126721e-04     1  5.085770e-01
   126  0.833 -1.777540e+00 -9.096753e-01  2.570468e-02   1.933228e+05  -3.662520e+04   1.001026e-07   5.308868e+02   5.705546e+01  -4.373252e+04   1.438743e-03  -6.903333e-04  -3.512225e-04   9.831237e-06   1.056583e-06  -8.098615e-04  -2.628775e-03   1.819137e-03  -8.046483e-04     1  5.660203e-01
   126  0.944 -1.773424e+00 -9.021605e-01  3.427290e-02   1.916128e+05  -3.639763e+04   4.910544e-08   7.343833e+02   8.508821e+01  -4.444010e+04   1.426233e-03  -6.849035e-04  -3.478998e-04   1.359969e-05   1.575708e-06  -8.229647e-04  -2.621572e-03   1.804488e-03  -7.966244e-04     1  6.378077e-01
   127  0.056 -1.741889e+00 -9.952170e-01 -3.427290e-02   2.141659e+05  -3.984879e+04   4.762987e-07  -8.479926e+02   4.716727e+01  -3.827940e+04   1.592236e-03  -7.596729e-04  -3.907150e-04  -1.570357e-05   8.734679e-07  -7.088778e-04  -2.816356e-03   1.938474e-03  -7.128970e-04     1  6.368402e-01
   127  0.167 -1.738212e+00 -9.874779e-01 -2.570468e-02   2.123926e+05  -3.961914e+04   4.232861e-07  -6.577912e+02  -7.663897e-01  -3.899350e+04   1.579277e-03  -7.540865e-04  -3.872550e-04  -1.218132e-05  -1.419240e-08  -7.221019e-04  -2.809061e-03   1.923739e-03  -7.058958e-04     1  5.649298e-01
   127  0.278 -1.734535e+00 -9.797388e-01 -1.713645e-02   2.106192e+05  -3.938948e+04   3.701571e-07  -4.674013e+02  -4.802276e+01  -3.970760e+04   1.566318e-03  -7.485001e-04  -3.837950e-04  -8.655579e-06  -8.893103e-07  -7.353260e-04  -2.801767e-03   1.909003e-03  -6.988946e-04     1  5.073630e-01
   127  0.389 -1.730858e+00 -9.719997e-01 -8.568226e-03   2.088459e+05  -3.915982e+04   3.171008e-07  -2.768229e+02  -9.460183e+01  -4.042170e+04   1.553358e-03  -7.429138e-04  -3.803350e-04  -5.126349e-06  -1.751886e-06  -7.485501e-04  -2.794472e-03   1.894268e-03  -6.918934e-04     1  4.694467e-01
   127  0.500 -1.727181e+00 -9.642606e-01  0.000000e+00   2.070726e+05  -3.893017e+04   2.639572e-07  -8.605598e+01  -1.405036e+02  -4.113581e+04   1.540399e-03  -7.373274e-04  -3.768750e-04  -1.593629e-06  -2.601919e-06  -7.617742e-04  -2.787178e-03   1.879532e-03  -6.848923e-04     1  4.561080e-01
   127  0.611 -1.723504e+00 -9.565215e-01  8.568226e-03   2.052993e+05  -3.870051e+04   2.107554e-07   1.048994e+02  -1.857281e+02  -4.184991e+04   1.527440e-03  -7.317410e-04  -3.734150e-04   1.942582e-06  -3.439409e-06  -7.749983e-04  -2.779883e-03   1.864797e-03  -6.778911e-04     1  4.694467e-01
   127  0.722 -1.719827e+00 -9.487823e-01  1.713645e-02   2.035259e+05  -3.847085e+04   1.576263e-07   2.960433e+02  -2.302753e+02  -4.256401e+04   1.514481e-03  -7.261547e-04  -3.699550e-04   5.482283e-06  -4.264358e-06  -7.882224e-04  -2.772589e-03   1.850061e-03  -6.708899e-04     1  5.073630e-01
   127  0.833 -1.716150e+00 -9.410432e-01  2.570468e-02   2.017526e+05  -3.824120e+04   1.044973e-07   4.873757e+02  -2.741452e+02  -4.327811e+04   1.501522e-03  -7.205683e-04  -3.664951e-04   9.025475e-06  -5.076763e-06  -8.014465e-04  -2.765294e-03   1.835326e-03  -6.638887e-04     1  5.649298e-01
   127  0.944 -1.712473e+00 -9.333041e-01  3.427290e-02   1.999793e+05  -3.801154e+04   5.131005e-08   6.788965e+02  -3.173378e+02  -4.399221e+04   1.488563e-03  -7.149819e-04  -3.630351e-04   1.257216e-05  -5.876627e-06  -8.146706e-04  -2.758000e-03   1.820590e-03  -6.568875e-04     1  6.368402e-01
   128  0.056 -1.676952e+00 -1.025099e+00 -3.427290e-02   2.223337e+05  -4.134528e+04   4.947651e-07  -8.039247e+02  -1.715391e+02  -3.775760e+04   1.652908e-03  -7.884818e-04  -4.056680e-04  -1.488749e-05  -3.176651e-06  -6.992148e-04  -2.950063e-03   1.944968e-03  -5.680066e-04     1  6.396811e-01
   128  0.167 -1.673465e+00 -1.017272e+00 -2.570468e-02   2.205333e+05  -4.112081e+04   4.396570e-07  -6.272519e+02  -1.917207e+02  -3.848214e+04   1.639771e-03  -7.828713e-04  -4.021359e-04  -1.161578e-05  -3.550382e-06  -7.126322e-04  -2.942894e-03   1.930428e-03  -5.615286e-04     1  5.681304e-01
   128  0.278 -1.669979e+00 -1.009445e+00 -1.713645e-02   2.187330e+05  -4.089633e+04   3.845344e-07  -4.499695e+02  -2.107967e+02  -3.920668e+04   1.626634e-03  -7.772608e-04  -3.986038e-04  -8.332768e-06  -3.903642e-06  -7.260495e-04  -2.935725e-03   1.915887e-03  -5.550507e-04     1  5.109244e-01
   128  0.389 -1.666492e+00 -1.001619e+00 -8.568226e-03   2.169327e+05  -4.067185e+04   3.293389e-07  -2.720775e+02  -2.287672e+02  -3.993121e+04   1.613497e-03  -7.716503e-04  -3.950717e-04  -5.038471e-06  -4.236429e-06  -7.394669e-04  -2.928556e-03   1.901346e-03  -5.485727e-04     1  4.732935e-01
   128  0.500 -1.663005e+00 -9.937920e-01  0.000000e+00   2.151324e+05  -4.044738e+04   2.741581e-07  -9.357588e+01  -2.456322e+02  -4.065575e+04   1.600360e-03  -7.660397e-04  -3.915396e-04  -1.732887e-06  -4.548744e-06  -7.528842e-04  -2.921387e-03   1.886805e-03  -5.420947e-04     1  4.600663e-01
   128  0.611 -1.659518e+00 -9.859653e-01  8.568226e-03   2.133321e+05  -4.022290e+04   2.189481e-07   8.553528e+01  -2.613917e+02  -4.138029e+04   1.587223e-03  -7.604292e-04  -3.880075e-04   1.583987e-06  -4.840587e-06  -7.663016e-04  -2.914218e-03   1.872264e-03  -5.356168e-04     1  4.732935e-01
   128  0.722 -1.656032e+00 -9.781386e-01  1.713645e-02   2.115318e+05  -3.999843e+04   1.636945e-07   2.652560e+02  -2.760457e+02  -4.210482e+04   1.574086e-03  -7.548187e-04  -3.844754e-04   4.912149e-06  -5.111957e-06  -7.797190e-04  -2.907049e-03   1.857723e-03  -5.291388e-04     1  5.109244e-01
   128  0.833 -1.652545e+00 -9.703120e-01  2.570468e-02   2.097314e+05  -3.977395e+04   1.085282e-07   4.455863e+02  -2.895942e+02  -4.282936e+04   1.560949e-03  -7.492082e-04  -3.809433e-04   8.251599e-06  -5.362855e-06  -7.931363e-04  -2.899881e-03   1.843182e-03  -5.226609e-04     1  5.681304e-01
   128  0.944 -1.649058e+00 -9.624853e-01  3.427290e-02   2.079311e+05  -3.954948e+04   5.328911e-08   6.265262e+02  -3.020372e+02  -4.355390e+04   1.547812e-03  -7.435977e-04  -3.774112e-04   1.160234e-05  -5.593281e-06  -8.065537e-04  -2.892712e-03   1.828641e-03  -5.161829e-04     1  6.396811e-01
   129  0.056 -1.611155e+00 -1.053363e+00 -3.427290e-02   2.301390e+05  -4.277381e+04   5.124457e-07  -7.739399e+02  -2.503910e+02  -3.719241e+04   1.710884e-03  -8.160015e-04  -4.199610e-04  -1.433222e-05  -4.636870e-06  -6.887484e-04  -3.081220e-03   1.944696e-03  -4.250195e-04     1  6.372878e-01
   129  0.167 -1.607879e+00 -1.045446e+00 -2.570468e-02   2.283106e+05  -4.255425e+04   4.553294e-07  -6.060398e+02  -2.423654e+02  -3.792861e+04   1.697561e-03  -8.103625e-04  -4.163550e-04  -1.122296e-05  -4.488248e-06  -7.023816e-04  -3.074319e-03   1.930354e-03  -4.190860e-04     1  5.654343e-01
   129  0.278 -1.604604e+00 -1.037529e+00 -1.713645e-02   2.264822e+05  -4.233469e+04   3.981841e-07  -4.377627e+02  -2.333777e+02  -3.866480e+04   1.684238e-03  -8.047235e-04  -4.127489e-04  -8.106716e-06  -4.321809e-06  -7.160149e-04  -3.067418e-03   1.916012e-03  -4.131525e-04     1  5.079248e-01
   129  0.389 -1.601328e+00 -1.029611e+00 -8.568226e-03   2.246538e+05  -4.211513e+04   3.410678e-07  -2.691084e+02  -2.234279e+02  -3.940100e+04   1.670915e-03  -7.990846e-04  -4.091428e-04  -4.983489e-06  -4.137554e-06  -7.296482e-04  -3.060517e-03   1.901670e-03  -4.072190e-04     1  4.700538e-01
   129  0.500 -1.598053e+00 -1.021694e+00  0.000000e+00   2.228254e+05  -4.189557e+04   2.838933e-07  -1.000770e+02  -2.125160e+02  -4.013720e+04   1.657592e-03  -7.934456e-04  -4.055367e-04  -1.853278e-06  -3.935482e-06  -7.432814e-04  -3.053616e-03   1.887328e-03  -4.012855e-04     1  4.567328e-01
   129  0.611 -1.594777e+00 -1.013776e+00  8.568226e-03   2.209970e+05  -4.167601e+04   2.267334e-07   6.933141e+01  -2.006421e+02  -4.087339e+04   1.644269e-03  -7.878066e-04  -4.019307e-04   1.283915e-06  -3.715594e-06  -7.569147e-04  -3.046715e-03   1.872986e-03  -3.953520e-04     1  4.700538e-01
   129  0.722 -1.591502e+00 -1.005859e+00  1.713645e-02   2.191686e+05  -4.145645e+04   1.695444e-07   2.391169e+02  -1.878060e+02  -4.160959e+04   1.630946e-03  -7.821676e-04  -3.983246e-04   4.428092e-06  -3.477889e-06  -7.705480e-04  -3.039814e-03   1.858644e-03  -3.894186e-04     1  5.079248e-01
   129  0.833 -1.588226e+00 -9.979415e-01  2.570468e-02   2.173402e+05  -4.123689e+04   1.124281e-07   4.092796e+02  -1.740078e+02  -4.234579e+04   1.617623e-03  -7.765287e-04  -3.947185e-04   7.579251e-06  -3.222367e-06  -7.841813e-04  -3.032913e-03   1.844302e-03  -3.834851e-04     1  5.654343e-01
   129  0.944 -1.584951e+00 -9.900241e-01  3.427290e-02   2.155118e+05  -4.101733e+04   5.523907e-08   5.798193e+02  -1.592476e+02  -4.308198e+04   1.604300e-03  -7.708897e-04  -3.911124e-04   1.073739e-05  -2.949029e-06  -7.978145e-04  -3.026012e-03   1.829960e-03  -3.775516e-04     1  6.372878e-01
   130  0.056 -1.543643e+00 -1.079354e+00 -3.427290e-02   2.374436e+05  -4.410932e+04   5.287584e-07  -7.313784e+02   2.498449e+02  -3.664216e+04   1.765138e-03  -8.417460e-04  -4.333401e-04  -1.354404e-05   4.626758e-06  -6.785585e-04  -3.211438e-03   1.936503e-03  -2.834154e-04     1  6.394243e-01
   130  0.167 -1.540762e+00 -1.071284e+00 -2.570468e-02   2.355695e+05  -4.389105e+04   4.698522e-07  -5.761773e+02   1.826383e+02  -3.738623e+04   1.751497e-03  -8.360137e-04  -4.296288e-04  -1.066995e-05   3.382190e-06  -6.923376e-04  -3.204319e-03   1.922264e-03  -2.783326e-04     1  5.678413e-01
   130  0.278 -1.537882e+00 -1.063215e+00 -1.713645e-02   2.336955e+05  -4.367277e+04   4.109024e-07  -4.203556e+02   1.156085e+02  -3.813031e+04   1.737857e-03  -8.302814e-04  -4.259175e-04  -7.784363e-06   2.140899e-06  -7.061168e-04  -3.197201e-03   1.908024e-03  -2.732498e-04     1  5.106029e-01
   130  0.389 -1.535001e+00 -1.055145e+00 -8.568226e-03   2.318214e+05  -4.345450e+04   3.519526e-07  -2.639133e+02   4.875569e+01  -3.887438e+04   1.724216e-03  -8.245492e-04  -4.222062e-04  -4.887283e-06   9.028832e-07  -7.198959e-04  -3.190083e-03   1.893785e-03  -2.681670e-04     1  4.729464e-01
   130  0.500 -1.532121e+00 -1.047076e+00  0.000000e+00   2.299473e+05  -4.323622e+04   2.929446e-07  -1.068504e+02  -1.792025e+01  -3.961845e+04   1.710575e-03  -8.188169e-04  -4.184949e-04  -1.978711e-06  -3.318564e-07  -7.336750e-04  -3.182964e-03   1.879546e-03  -2.630842e-04     1  4.597093e-01
   130  0.611 -1.529240e+00 -1.039006e+00  8.568226e-03   2.280733e+05  -4.301795e+04   2.339657e-07   5.083317e+01  -8.441928e+01  -4.036253e+04   1.696935e-03  -8.130846e-04  -4.147837e-04   9.413550e-07  -1.563320e-06  -7.474542e-04  -3.175846e-03   1.865307e-03  -2.580015e-04     1  4.729464e-01
   130  0.722 -1.526360e+00 -1.030937e+00  1.713645e-02   2.261992e+05  -4.279967e+04   1.749577e-07   2.091373e+02  -1.507414e+02  -4.110660e+04   1.683294e-03  -8.073523e-04  -4.110724e-04   3.872914e-06  -2.791508e-06  -7.612333e-04  -3.168728e-03   1.851068e-03  -2.529187e-04     1  5.106029e-01
   130  0.833 -1.523479e+00 -1.022867e+00  2.570468e-02   2.243251e+05  -4.258140e+04   1.160224e-07   3.680621e+02  -2.168867e+02  -4.185067e+04   1.669654e-03  -8.016200e-04  -4.073611e-04   6.815965e-06  -4.016420e-06  -7.750124e-04  -3.161609e-03   1.836829e-03  -2.478359e-04     1  5.678413e-01
   130  0.944 -1.520599e+00 -1.014798e+00  3.427290e-02   2.224511e+05  -4.236312e+04   5.689799e-08   5.276075e+02  -2.828550e+02  -4.259475e+04   1.656013e-03  -7.958877e-04  -4.036498e-04   9.770509e-06  -5.238055e-06  -7.887916e-04  -3.154491e-03   1.822589e-03  -2.427531e-04     1  6.394243e-01
   131  0.056 -1.476648e+00 -1.103080e+00 -3.427290e-02   2.442103e+05  -4.534198e+04   5.441107e-07  -6.994221e+02   3.550649e+01  -3.609234e+04   1.815386e-03  -8.655631e-04  -4.457441e-04  -1.295226e-05   6.575277e-07  -6.683767e-04  -3.337051e-03   1.920718e-03  -1.466956e-04     1  6.394394e-01
   131  0.167 -1.473808e+00 -1.094997e+00 -2.570468e-02   2.423291e+05  -4.513269e+04   4.835019e-07  -5.536750e+02   6.655012e+01  -3.683804e+04   1.801715e-03  -8.598778e-04  -4.419966e-04  -1.025324e-05   1.232410e-06  -6.821860e-04  -3.330440e-03   1.906836e-03  -1.418179e-04     1  5.678583e-01
   131  0.278 -1.470967e+00 -1.086913e+00 -1.713645e-02   2.404478e+05  -4.492340e+04   4.228350e-07  -4.072532e+02   9.702589e+01  -3.758374e+04   1.788045e-03  -8.541925e-04  -4.382491e-04  -7.541726e-06   1.796776e-06  -6.959953e-04  -3.323828e-03   1.892953e-03  -1.369402e-04     1  5.106218e-01
   131  0.389 -1.468127e+00 -1.078829e+00 -8.568226e-03   2.385666e+05  -4.471411e+04   3.621972e-07  -2.601568e+02   1.269338e+02  -3.832945e+04   1.774374e-03  -8.485072e-04  -4.345017e-04  -4.817719e-06   2.350626e-06  -7.098045e-04  -3.317217e-03   1.879071e-03  -1.320626e-04     1  4.729668e-01
   131  0.500 -1.465287e+00 -1.070745e+00  0.000000e+00   2.366854e+05  -4.450482e+04   3.014866e-07  -1.123858e+02   1.562739e+02  -3.907515e+04   1.760703e-03  -8.428219e-04  -4.307542e-04  -2.081219e-06   2.893960e-06  -7.236138e-04  -3.310605e-03   1.865189e-03  -1.271849e-04     1  4.597303e-01
   131  0.611 -1.462447e+00 -1.062662e+00  8.568226e-03   2.348041e+05  -4.429553e+04   2.407760e-07   3.605978e+01   1.850461e+02  -3.982085e+04   1.747032e-03  -8.371366e-04  -4.270067e-04   6.677736e-07   3.426779e-06  -7.374231e-04  -3.303993e-03   1.851306e-03  -1.223072e-04     1  4.729668e-01
   131  0.722 -1.459606e+00 -1.054578e+00  1.713645e-02   2.329229e+05  -4.408624e+04   1.800654e-07   1.851800e+02   2.132504e+02  -4.056655e+04   1.733362e-03  -8.314513e-04  -4.232592e-04   3.429259e-06   3.949082e-06  -7.512324e-04  -3.297382e-03   1.837424e-03  -1.174295e-04     1  5.106218e-01
   131  0.833 -1.456766e+00 -1.046494e+00  2.570468e-02   2.310417e+05  -4.387695e+04   1.193839e-07   3.349748e+02   2.408869e+02  -4.131225e+04   1.719691e-03  -8.257660e-04  -4.195117e-04   6.203237e-06   4.460868e-06  -7.650417e-04  -3.290770e-03   1.823541e-03  -1.125518e-04     1  5.678583e-01
   131  0.944 -1.453926e+00 -1.038410e+00  3.427290e-02   2.291604e+05  -4.366766e+04   5.864422e-08   4.854443e+02   2.679555e+02  -4.205795e+04   1.706020e-03  -8.200807e-04  -4.157642e-04   8.989708e-06   4.962139e-06  -7.788510e-04  -3.284159e-03   1.809659e-03  -1.076741e-04     1  6.394394e-01
   132  0.056 -1.407765e+00 -1.125402e+00 -3.427290e-02   2.506823e+05  -4.652123e+04   5.585462e-07  -6.654620e+02   5.096352e+02  -3.554501e+04   1.863447e-03  -8.883450e-04  -4.576074e-04  -1.232337e-05   9.437688e-06  -6.582410e-04  -3.463009e-03   1.899517e-03  -1.106006e-05     1  6.379940e-01
   132  0.167 -1.405325e+00 -1.117189e+00 -2.570468e-02   2.487606e+05  -4.631412e+04   4.964095e-07  -5.295462e+02   4.672115e+02  -3.628638e+04   1.849497e-03  -8.825842e-04  -4.537642e-04  -9.806411e-06   8.652064e-06  -6.719701e-04  -3.456211e-03   1.885800e-03  -6.985155e-06     1  5.662302e-01
   132  0.278 -1.402885e+00 -1.108976e+00 -1.713645e-02   2.468389e+05  -4.610701e+04   4.341273e-07  -3.930891e+02   4.235110e+02  -3.702776e+04   1.835547e-03  -8.768235e-04  -4.499211e-04  -7.279428e-06   7.842796e-06  -6.856992e-04  -3.449413e-03   1.872083e-03  -2.910250e-06     1  5.088106e-01
   132  0.389 -1.400445e+00 -1.100762e+00 -8.568226e-03   2.449171e+05  -4.589990e+04   3.718451e-07  -2.560907e+02   3.785337e+02  -3.776913e+04   1.821597e-03  -8.710627e-04  -4.460780e-04  -4.742421e-06   7.009883e-06  -6.994283e-04  -3.442615e-03   1.858366e-03   1.164655e-06     1  4.710108e-01
   132  0.500 -1.398005e+00 -1.092549e+00  0.000000e+00   2.429954e+05  -4.569279e+04   3.095047e-07  -1.185511e+02   3.322796e+02  -3.851050e+04   1.807647e-03  -8.653020e-04  -4.422348e-04  -2.195391e-06   6.153326e-06  -7.131574e-04  -3.435817e-03   1.844649e-03   5.239560e-06     1  4.577177e-01
   132  0.611 -1.395565e+00 -1.084335e+00  8.568226e-03   2.410737e+05  -4.548568e+04   2.471206e-07   1.952980e+01   2.847487e+02  -3.925187e+04   1.793697e-03  -8.595412e-04  -4.383917e-04   3.616630e-07   5.273125e-06  -7.268865e-04  -3.429019e-03   1.830932e-03   9.314466e-06     1  4.710108e-01
   132  0.722 -1.393125e+00 -1.076122e+00  1.713645e-02   2.391520e+05  -4.527857e+04   1.848239e-07   1.581520e+02   2.359411e+02  -3.999324e+04   1.779747e-03  -8.537804e-04  -4.345485e-04   2.928740e-06   4.369279e-06  -7.406156e-04  -3.422220e-03   1.817215e-03   1.338937e-05     1  5.088106e-01
   132  0.833 -1.390685e+00 -1.067908e+00  2.570468e-02   2.372303e+05  -4.507146e+04   1.225853e-07   2.973154e+02   1.858566e+02  -4.073462e+04   1.765797e-03  -8.480197e-04  -4.307054e-04   5.505841e-06   3.441789e-06  -7.543447e-04  -3.415422e-03   1.803498e-03   1.746428e-05     1  5.662302e-01
   132  0.944 -1.388245e+00 -1.059695e+00  3.427290e-02   2.353085e+05  -4.486435e+04   6.025948e-08   4.370201e+02   1.344953e+02  -4.147599e+04   1.751847e-03  -8.422589e-04  -4.268623e-04   8.092964e-06   2.490655e-06  -7.680738e-04  -3.408624e-03   1.789781e-03   2.153918e-05     1  6.379940e-01
   133  0.056 -1.338875e+00 -1.145096e+00 -3.427290e-02   2.565404e+05  -4.758417e+04   5.718757e-07  -6.281845e+02   3.271971e+02  -3.500554e+04   1.906939e-03  -9.089345e-04  -4.683552e-04  -1.163305e-05   6.059206e-06  -6.482507e-04  -3.584614e-03   1.870609e-03   1.197169e-04     1  6.413092e-01
   133  0.167 -1.336605e+00 -1.136834e+00 -2.570468e-02   2.546013e+05  -4.738380e+04   5.081529e-07  -5.033390e+02   2.999257e+02  -3.574171e+04   1.892882e-03  -9.031821e-04  -4.644580e-04  -9.321093e-06   5.554180e-06  -6.618834e-04  -3.578173e-03   1.857205e-03   1.234009e-04     1  5.699629e-01
   133  0.278 -1.334334e+00 -1.128572e+00 -1.713645e-02   2.526622e+05  -4.718343e+04   4.443864e-07  -3.776152e+02   2.718655e+02  -3.647788e+04   1.878825e-03  -8.974297e-04  -4.605608e-04  -6.992873e-06   5.034547e-06  -6.755162e-04  -3.571733e-03   1.843801e-03   1.270849e-04     1  5.129613e-01
   133  0.389 -1.332063e+00 -1.120310e+00 -8.568226e-03   2.507231e+05  -4.698305e+04   3.806781e-07  -2.510130e+02   2.430165e+02  -3.721404e+04   1.864768e-03  -8.916772e-04  -4.566636e-04  -4.648389e-06   4.500305e-06  -6.891490e-04  -3.565292e-03   1.830397e-03   1.307689e-04     1  4.754916e-01
   133  0.500 -1.329792e+00 -1.112048e+00  0.000000e+00   2.487840e+05  -4.678268e+04   3.168243e-07  -1.235326e+02   2.133786e+02  -3.795021e+04   1.850711e-03  -8.859248e-04  -4.527664e-04  -2.287640e-06   3.951455e-06  -7.027817e-04  -3.558851e-03   1.816993e-03   1.344529e-04     1  4.623274e-01
   133  0.611 -1.327522e+00 -1.103786e+00  8.568226e-03   2.468449e+05  -4.658231e+04   2.530433e-07   4.826175e+00   1.829518e+02  -3.868638e+04   1.836654e-03  -8.801724e-04  -4.488692e-04   8.937360e-08   3.387997e-06  -7.164145e-04  -3.552411e-03   1.803589e-03   1.381368e-04     1  4.754916e-01
   133  0.722 -1.325251e+00 -1.095524e+00  1.713645e-02   2.449058e+05  -4.638194e+04   1.892622e-07   1.340632e+02   1.517362e+02  -3.942255e+04   1.822598e-03  -8.744199e-04  -4.449720e-04   2.482652e-06   2.809930e-06  -7.300473e-04  -3.545970e-03   1.790185e-03   1.418208e-04     1  5.129613e-01
   133  0.833 -1.322980e+00 -1.087263e+00  2.570468e-02   2.429667e+05  -4.618157e+04   1.254957e-07   2.641786e+02   1.197318e+02  -4.015872e+04   1.808541e-03  -8.686675e-04  -4.410748e-04   4.892196e-06   2.217256e-06  -7.436800e-04  -3.539529e-03   1.776781e-03   1.455048e-04     1  5.699629e-01
   133  0.944 -1.320710e+00 -1.079001e+00  3.427290e-02   2.410275e+05  -4.598120e+04   6.170012e-08   3.951722e+02   8.693857e+01  -4.089489e+04   1.794484e-03  -8.629151e-04  -4.371776e-04   7.318004e-06   1.609974e-06  -7.573128e-04  -3.533089e-03   1.763377e-03   1.491888e-04     1  6.413092e-01
   134  0.056 -1.269832e+00 -1.163604e+00 -3.427290e-02   2.621243e+05  -4.859540e+04   5.844340e-07  -6.035217e+02  -3.200211e+02  -3.438949e+04   1.948391e-03  -9.285467e-04  -4.786045e-04  -1.117633e-05  -5.926317e-06  -6.368425e-04  -3.704883e-03   1.837124e-03   2.468485e-04     1  6.389194e-01
   134  0.167 -1.267666e+00 -1.155314e+00 -2.570468e-02   2.601737e+05  -4.840290e+04   5.194015e-07  -4.857241e+02  -3.041958e+02  -3.513036e+04   1.934271e-03  -9.228238e-04  -4.746639e-04  -8.994892e-06  -5.633256e-06  -6.505623e-04  -3.698794e-03   1.824069e-03   2.502594e-04     1  5.672726e-01
   134  0.278 -1.265501e+00 -1.147024e+00 -1.713645e-02   2.582231e+05  -4.821041e+04   4.542526e-07  -3.672267e+02  -2.872538e+02  -3.587123e+04   1.920151e-03  -9.171009e-04  -4.707233e-04  -6.800495e-06  -5.319515e-06  -6.642821e-04  -3.692706e-03   1.811014e-03   2.536702e-04     1  5.099704e-01
   134  0.389 -1.263335e+00 -1.138734e+00 -8.568226e-03   2.562726e+05  -4.801792e+04   3.891182e-07  -2.480294e+02  -2.691952e+02  -3.661210e+04   1.906031e-03  -9.113781e-04  -4.667827e-04  -4.593136e-06  -4.985096e-06  -6.780019e-04  -3.686618e-03   1.797959e-03   2.570811e-04     1  4.722635e-01
   134  0.500 -1.261169e+00 -1.130444e+00  0.000000e+00   2.543220e+05  -4.782543e+04   3.238965e-07  -1.281321e+02  -2.500198e+02  -3.735297e+04   1.891912e-03  -9.056552e-04  -4.628421e-04  -2.372817e-06  -4.629996e-06  -6.917217e-04  -3.680529e-03   1.784904e-03   2.604919e-04     1  4.590067e-01
   134  0.611 -1.259003e+00 -1.122154e+00  8.568226e-03   2.523714e+05  -4.763294e+04   2.586457e-07  -7.534939e+00  -2.297277e+02  -3.809384e+04   1.877792e-03  -8.999323e-04  -4.589014e-04  -1.395359e-07  -4.254217e-06  -7.054414e-04  -3.674441e-03   1.771848e-03   2.639028e-04     1  4.722635e-01
   134  0.722 -1.256837e+00 -1.113864e+00  1.713645e-02   2.504208e+05  -4.744044e+04   1.934095e-07   1.137621e+02  -2.083189e+02  -3.883471e+04   1.863672e-03  -8.942094e-04  -4.549608e-04   2.106706e-06  -3.857758e-06  -7.191612e-04  -3.668352e-03   1.758793e-03   2.673136e-04     1  5.099704e-01
   134  0.833 -1.254671e+00 -1.105574e+00  2.570468e-02   2.484702e+05  -4.724795e+04   1.282169e-07   2.357591e+02  -1.857935e+02  -3.957558e+04   1.849552e-03  -8.884865e-04  -4.510202e-04   4.365910e-06  -3.440620e-06  -7.328810e-04  -3.662264e-03   1.745738e-03   2.707244e-04     1  5.672726e-01
   134  0.944 -1.252505e+00 -1.097284e+00  3.427290e-02   2.465196e+05  -4.705546e+04   6.295159e-08   3.584560e+02  -1.621513e+02  -4.031644e+04   1.835432e-03  -8.827637e-04  -4.470796e-04   6.638074e-06  -3.002801e-06  -7.466008e-04  -3.656176e-03   1.732683e-03   2.741353e-04     1  6.389194e-01
   135  0.056 -1.199343e+00 -1.180260e+00 -3.427290e-02   2.673012e+05  -4.953172e+04   5.960901e-07  -5.600184e+02  -5.168794e+02  -3.370312e+04   1.986819e-03  -9.467209e-04  -4.881093e-04  -1.037071e-05  -9.571841e-06  -6.241319e-04  -3.823398e-03   1.798335e-03   3.712800e-04     1  6.393676e-01
   135  0.167 -1.197569e+00 -1.171877e+00 -2.570468e-02   2.653190e+05  -4.934292e+04   5.297043e-07  -4.544259e+02  -5.597409e+02  -3.446389e+04   1.972485e-03  -9.409530e-04  -4.840896e-04  -8.415294e-06  -1.036557e-05  -6.382201e-04  -3.817457e-03   1.785533e-03   3.739896e-04     1  5.677774e-01
   135  0.278 -1.195795e+00 -1.163495e+00 -1.713645e-02   2.633368e+05  -4.915411e+04   4.632748e-07  -3.482446e+02  -5.997294e+02  -3.522465e+04   1.958152e-03  -9.351852e-04  -4.800698e-04  -6.448975e-06  -1.110610e-05  -6.523083e-04  -3.811516e-03   1.772730e-03   3.766992e-04     1  5.105319e-01
   135  0.389 -1.194021e+00 -1.155112e+00 -8.568226e-03   2.613546e+05  -4.896530e+04   3.968307e-07  -2.414747e+02  -6.368450e+02  -3.598541e+04   1.943818e-03  -9.294173e-04  -4.760501e-04  -4.471754e-06  -1.179343e-05  -6.663965e-04  -3.805575e-03   1.759927e-03   3.794088e-04     1  4.728697e-01
   135  0.500 -1.192247e+00 -1.146730e+00  0.000000e+00   2.593724e+05  -4.877650e+04   3.302994e-07  -1.341161e+02  -6.710877e+02  -3.674617e+04   1.929485e-03  -9.236494e-04  -4.720304e-04  -2.483632e-06  -1.242755e-05  -6.804847e-04  -3.799634e-03   1.747124e-03   3.821183e-04     1  4.596304e-01
   135  0.611 -1.190473e+00 -1.138347e+00  8.568226e-03   2.573902e+05  -4.858769e+04   2.637680e-07  -2.616885e+01  -7.024574e+02  -3.750694e+04   1.915152e-03  -9.178815e-04  -4.680106e-04  -4.846083e-07  -1.300847e-05  -6.945729e-04  -3.793693e-03   1.734321e-03   3.848279e-04     1  4.728697e-01
   135  0.722 -1.188699e+00 -1.129965e+00  1.713645e-02   2.554080e+05  -4.839889e+04   1.972803e-07   8.236714e+01  -7.309541e+02  -3.826770e+04   1.900818e-03  -9.121137e-04  -4.639909e-04   1.525317e-06  -1.353619e-05  -7.086611e-04  -3.787752e-03   1.721518e-03   3.875375e-04     1  5.105319e-01
   135  0.833 -1.186924e+00 -1.121582e+00  2.570468e-02   2.534258e+05  -4.821008e+04   1.308363e-07   1.914918e+02  -7.565780e+02  -3.902846e+04   1.886485e-03  -9.063458e-04  -4.599712e-04   3.546145e-06  -1.401070e-05  -7.227493e-04  -3.781811e-03   1.708715e-03   3.902470e-04     1  5.677774e-01
   135  0.944 -1.185150e+00 -1.113200e+00  3.427290e-02   2.514436e+05  -4.802128e+04   6.434857e-08   3.012052e+02  -7.793288e+02  -3.978922e+04   1.872151e-03  -9.005779e-04  -4.559514e-04   5.577874e-06  -1.443202e-05  -7.368375e-04  -3.775870e-03   1.695913e-03   3.929566e-04     1  6.393676e-01
   136  0.056 -1.128439e+00 -1.194134e+00 -3.427290e-02   2.718355e+05  -5.034693e+04   6.065093e-07  -2.658792e+02   2.008334e+03  -3.320356e+04   2.020466e-03  -9.626049e-04  -4.964453e-04  -4.923690e-06   3.719138e-05  -6.148807e-04  -3.939862e-03   1.752473e-03   4.907456e-04     1  5.926842e-01
   136  0.167 -1.126922e+00 -1.185701e+00 -2.570468e-02   2.698340e+05  -5.016417e+04   5.387992e-07  -2.171009e+02   1.418351e+03  -3.398652e+04   2.006010e-03  -9.568363e-04  -4.923688e-04  -4.020387e-06   2.626576e-05  -6.293799e-04  -3.934082e-03   1.739997e-03   4.929905e-04     1  5.269816e-01
   136  0.278 -1.125404e+00 -1.177269e+00 -1.713645e-02   2.678325e+05  -4.998142e+04   4.711910e-07  -1.679599e+02   8.300082e+02  -3.476947e+04   1.991555e-03  -9.510676e-04  -4.882923e-04  -3.110369e-06   1.537052e-05  -6.438791e-04  -3.928301e-03   1.727522e-03   4.952355e-04     1  4.745136e-01
   136  0.389 -1.123887e+00 -1.168836e+00 -8.568226e-03   2.658310e+05  -4.979867e+04   4.035974e-07  -1.184564e+02   2.433065e+02  -3.555243e+04   1.977100e-03  -9.452990e-04  -4.842157e-04  -2.193637e-06   4.505676e-06  -6.583783e-04  -3.922520e-03   1.715047e-03   4.974804e-04     1  4.400402e-01
   136  0.500 -1.122369e+00 -1.160403e+00  0.000000e+00   2.638296e+05  -4.961592e+04   3.359310e-07  -6.859021e+01  -3.417542e+02  -3.633538e+04   1.962645e-03  -9.395304e-04  -4.801392e-04  -1.270189e-06  -6.328781e-06  -6.728774e-04  -3.916739e-03   1.702571e-03   4.997254e-04     1  4.279323e-01
   136  0.611 -1.120852e+00 -1.151970e+00  8.568226e-03   2.618281e+05  -4.943317e+04   2.683082e-07  -1.836144e+01  -9.251739e+02  -3.711834e+04   1.948190e-03  -9.337618e-04  -4.760626e-04  -3.400267e-07  -1.713285e-05  -6.873766e-04  -3.910958e-03   1.690096e-03   5.019703e-04     1  4.400402e-01
   136  0.722 -1.119334e+00 -1.143538e+00  1.713645e-02   2.598266e+05  -4.925042e+04   2.006709e-07   3.222993e+01  -1.506953e+03  -3.790129e+04   1.933734e-03  -9.279931e-04  -4.719861e-04   5.968506e-07  -2.790653e-05  -7.018758e-04  -3.905177e-03   1.677621e-03   5.042153e-04     1  4.745136e-01
   136  0.833 -1.117817e+00 -1.135105e+00  2.570468e-02   2.578251e+05  -4.906767e+04   1.330627e-07   8.318391e+01  -2.087090e+03  -3.868425e+04   1.919279e-03  -9.222245e-04  -4.679096e-04   1.540443e-06  -3.864982e-05  -7.163750e-04  -3.899397e-03   1.665146e-03   5.064602e-04     1  5.269816e-01
   136  0.944 -1.116299e+00 -1.126672e+00  3.427290e-02   2.558236e+05  -4.888492e+04   6.539631e-08   1.345005e+02  -2.665587e+03  -3.946720e+04   1.904824e-03  -9.164559e-04  -4.638330e-04   2.490750e-06  -4.936273e-05  -7.308741e-04  -3.893616e-03   1.652670e-03   5.087052e-04     1  5.926842e-01
   137  0.056 -1.065020e+00 -1.207894e+00 -3.714684e-02   2.872514e+08  -4.966386e+05   8.163042e-07  -7.218900e-12  -1.698853e+04  -7.026700e+04   2.052907e-03  -6.974034e-04  -6.171411e-04  -2.684604e-21  -4.112450e-06  -1.700968e-05  -4.027594e-03   1.719137e-03   5.925236e-04     1  5.591879e-01
   137  0.167 -1.063555e+00 -1.198723e+00 -2.786013e-02   2.850497e+08  -4.884979e+05   6.882474e-07  -7.391678e-12  -1.129751e+04  -1.104686e+05   2.037163e-03  -6.915817e-04  -6.126351e-04  -2.748858e-21  -2.734813e-06  -2.674138e-05  -4.021577e-03   1.705954e-03   5.946296e-04     1  4.756798e-01
   137  0.278 -1.062090e+00 -1.189553e+00 -1.857342e-02   2.828481e+08  -4.803571e+05   5.564652e-07  -7.087293e-12  -6.104966e+03  -1.506702e+05   2.021418e-03  -6.857600e-04  -6.081291e-04  -2.635661e-21  -1.477842e-06  -3.647307e-05  -4.015559e-03   1.692771e-03   5.967355e-04     1  4.056389e-01
   137  0.389 -1.060625e+00 -1.180382e+00 -9.286711e-03   2.806464e+08  -4.722163e+05   4.228204e-07  -6.305745e-12  -1.410895e+03  -1.908719e+05   2.005674e-03  -6.799384e-04  -6.036230e-04  -2.345015e-21  -3.415383e-07  -4.620476e-05  -4.009542e-03   1.679589e-03   5.988415e-04     1  3.570797e-01
   137  0.500 -1.059160e+00 -1.171212e+00  0.000000e+00   2.784447e+08  -4.640755e+05   2.873130e-07  -5.047033e-12   2.784704e+03  -2.310735e+05   1.989929e-03  -6.741167e-04  -5.991170e-04  -1.876918e-21   6.740993e-07  -5.593646e-05  -4.003525e-03   1.666406e-03   6.009474e-04     1  3.393526e-01
   137  0.611 -1.057695e+00 -1.162042e+00  9.286711e-03   2.762430e+08  -4.559347e+05   1.545995e-07  -3.311159e-12   6.481830e+03  -2.712751e+05   1.974185e-03  -6.682951e-04  -5.946110e-04  -1.231372e-21   1.569070e-06  -6.566815e-05  -3.997507e-03   1.653223e-03   6.030534e-04     1  3.570797e-01
   137  0.722 -1.056230e+00 -1.152871e+00  1.857342e-02   2.740413e+08  -4.477939e+05   2.933666e-08  -1.098121e-12   9.680483e+03  -3.114768e+05   1.958440e-03  -6.624734e-04  -5.901050e-04  -4.083753e-22   2.343375e-06  -7.539984e-05  -3.991490e-03   1.640041e-03   6.051593e-04     1  4.056389e-01
   137  0.833 -1.054765e+00 -1.143701e+00  2.786013e-02   2.718396e+08  -4.396532e+05  -9.592623e-08   1.592079e-12   1.238066e+04  -3.516784e+05   1.942695e-03  -6.566518e-04  -5.855990e-04   5.920712e-22   2.997013e-06  -8.513154e-05  -3.985473e-03   1.626858e-03   6.072653e-04     1  4.756798e-01
   137  0.944 -1.053300e+00 -1.134530e+00  3.714684e-02   2.696379e+08  -4.315124e+05  -2.072193e-07   4.759443e-12   1.458237e+04  -3.918800e+05   1.926951e-03  -6.508301e-04  -5.810930e-04   1.769968e-21   3.529985e-06  -9.486323e-05  -3.979455e-03   1.613675e-03   6.093712e-04     1  5.591879e-01
   138  0.056 -1.001146e+00 -1.217581e+00 -3.714684e-02   2.908087e+08  -5.031796e+05   8.335337e-07  -1.585721e+03  -2.449954e+04  -1.293181e+06   2.078331e-03  -7.060827e-04  -6.247634e-04  -5.897067e-07  -5.930655e-06  -3.130430e-04  -4.102842e-03   1.688365e-03   6.896574e-04     1  6.165480e-01
   138  0.167 -9.998117e-01 -1.208391e+00 -2.786013e-02   2.885998e+08  -4.948793e+05   7.003546e-07  -1.111519e+03  -1.732531e+04  -1.347036e+06   2.062534e-03  -7.002274e-04  -6.202494e-04  -4.133576e-07  -4.193975e-06  -3.260800e-04  -4.097008e-03   1.675524e-03   6.915223e-04     1  5.419518e-01
   138  0.278 -9.984769e-01 -1.199200e+00 -1.857342e-02   2.863908e+08  -4.865789e+05   5.629845e-07  -6.557912e+02  -1.053175e+04  -1.400892e+06   2.046738e-03  -6.943720e-04  -6.157355e-04  -2.438792e-07  -2.549443e-06  -3.391170e-04  -4.091174e-03   1.662683e-03   6.933873e-04     1  4.816465e-01
   138  0.389 -9.971421e-01 -1.190010e+00 -9.286711e-03   2.841819e+08  -4.782786e+05   4.256144e-07  -2.185387e+02  -4.118858e+03  -1.454748e+06   2.030941e-03  -6.885166e-04  -6.112215e-04  -8.127138e-08  -9.970607e-07  -3.521539e-04  -4.085340e-03   1.649843e-03   6.952523e-04     1  4.415272e-01
   138  0.500 -9.958074e-01 -1.180820e+00  0.000000e+00   2.819730e+08  -4.699783e+05   2.901070e-07   2.002386e+02   1.913366e+03  -1.508604e+06   2.015145e-03  -6.826613e-04  -6.067076e-04   7.446582e-08   4.631727e-07  -3.651909e-04  -4.079506e-03   1.637002e-03   6.971172e-04     1  4.273179e-01
   138  0.611 -9.944726e-01 -1.171629e+00  9.286711e-03   2.797641e+08  -4.616779e+05   1.583248e-07   6.005408e+02   7.564923e+03  -1.562459e+06   1.999348e-03  -6.768059e-04  -6.021937e-04   2.233324e-07   1.831257e-06  -3.782278e-04  -4.073672e-03   1.624161e-03   6.989822e-04     1  4.415272e-01
   138  0.722 -9.931378e-01 -1.162439e+00  1.857342e-02   2.775552e+08  -4.533776e+05   2.840534e-08   9.823679e+02   1.283581e+04  -1.616315e+06   1.983551e-03  -6.709505e-04  -5.976797e-04   3.653283e-07   3.107192e-06  -3.912648e-04  -4.067838e-03   1.611320e-03   7.008472e-04     1  4.816465e-01
   138  0.833 -9.918031e-01 -1.153249e+00  2.786013e-02   2.753462e+08  -4.450773e+05  -1.015142e-07   1.345720e+03   1.772603e+04  -1.670171e+06   1.967755e-03  -6.650951e-04  -5.931658e-04   5.004537e-07   4.290978e-06  -4.043018e-04  -4.062004e-03   1.598479e-03   7.027121e-04     1  5.419518e-01
   138  0.944 -9.904683e-01 -1.144059e+00  3.714684e-02   2.731373e+08  -4.367769e+05  -2.253801e-07   1.690597e+03   2.223559e+04  -1.724026e+06   1.951958e-03  -6.592398e-04  -5.886518e-04   6.287084e-07   5.382616e-06  -4.173387e-04  -4.056170e-03   1.585638e-03   7.045771e-04     1  6.165480e-01
   139  0.056 -9.297678e-01 -1.227652e+00 -3.714684e-02   2.946002e+08  -5.106142e+05   8.349307e-07  -3.077215e+03  -3.259780e+04  -9.625345e+05   2.105430e-03  -7.153847e-04  -6.328638e-04  -1.144371e-06  -7.891018e-06  -2.330028e-04  -4.193032e-03   1.651693e-03   7.948947e-04     0  1.360609e+00
   139  0.167 -9.285074e-01 -1.218451e+00 -2.786013e-02   2.923874e+08  -5.020296e+05   7.064082e-07  -2.154153e+03  -2.396302e+04  -1.017933e+06   2.089605e-03  -7.094894e-04  -6.283559e-04  -8.010983e-07  -5.800780e-06  -2.464131e-04  -4.187572e-03   1.639255e-03   7.965984e-04     0  1.327863e+00
   139  0.278 -9.272470e-01 -1.209250e+00 -1.857342e-02   2.901746e+08  -4.934451e+05   5.676411e-07  -1.267619e+03  -1.555038e+04  -1.073331e+06   2.073780e-03  -7.035941e-04  -6.238480e-04  -4.714091e-07  -3.764314e-06  -2.598235e-04  -4.182112e-03   1.626817e-03   7.983022e-04     0  1.303793e+00
   139  0.389 -9.259866e-01 -1.200049e+00 -9.286711e-03   2.879619e+08  -4.848606e+05   4.325993e-07  -4.176117e+02  -7.359866e+03  -1.128729e+06   2.057955e-03  -6.976989e-04  -6.193401e-04  -1.553037e-07  -1.781618e-06  -2.732338e-04  -4.176653e-03   1.614380e-03   8.000060e-04     0  1.288884e+00
   139  0.500 -9.247263e-01 -1.190848e+00  0.000000e+00   2.857491e+08  -4.762760e+05   2.975576e-07   3.958685e+02   6.085176e+02  -1.184127e+06   2.042131e-03  -6.918036e-04  -6.148322e-04   1.472178e-07   1.473052e-07  -2.866442e-04  -4.171193e-03   1.601942e-03   8.017098e-04     0  1.283456e+00
   139  0.611 -9.234659e-01 -1.181648e+00  9.286711e-03   2.835363e+08  -4.676915e+05   1.601875e-07   1.172822e+03   8.354771e+03  -1.239525e+06   2.026306e-03  -6.859084e-04  -6.103243e-04   4.361554e-07   2.022457e-06  -3.000545e-04  -4.165734e-03   1.589504e-03   8.034136e-04     0  1.287630e+00
   139  0.722 -9.222055e-01 -1.172447e+00  1.857342e-02   2.813235e+08  -4.591069e+05   2.887100e-08   1.913248e+03   1.587889e+04  -1.294923e+06   2.010481e-03  -6.800131e-04  -6.058164e-04   7.115091e-07   3.843838e-06  -3.134648e-04  -4.160274e-03   1.577067e-03   8.051174e-04     0  1.301311e+00
   139  0.833 -9.209451e-01 -1.163246e+00  2.786013e-02   2.791107e+08  -4.505224e+05  -1.033768e-07   2.617147e+03   2.318089e+04  -1.350321e+06   1.994656e-03  -6.741179e-04  -6.013085e-04   9.732790e-07   5.611447e-06  -3.268752e-04  -4.154814e-03   1.564629e-03   8.068211e-04     0  1.324206e+00
   139  0.944 -9.196847e-01 -1.154045e+00  3.714684e-02   2.768979e+08  -4.419378e+05  -2.337620e-07   3.284519e+03   3.026075e+04  -1.405720e+06   1.978831e-03  -6.682226e-04  -5.968006e-04   1.221465e-06   7.325285e-06  -3.402855e-04  -4.149355e-03   1.552191e-03   8.085249e-04     0  1.355849e+00
   140  0.056 -8.584051e-01 -1.237119e+00 -3.714684e-02   2.982447e+08  -5.177994e+05   8.400530e-07  -2.838023e+03  -3.284768e+04  -5.143000e+05   2.131478e-03  -7.243301e-04  -6.406481e-04  -1.055419e-06  -7.951509e-06  -1.244977e-04  -4.275007e-03   1.613141e-03   8.965360e-04     1  6.156018e-01
   140  0.167 -8.572233e-01 -1.227908e+00 -2.786013e-02   2.960280e+08  -5.089316e+05   7.110648e-07  -1.963547e+03  -2.370763e+04  -5.714646e+05   2.115625e-03  -7.183950e-04  -6.361460e-04  -7.302147e-07  -5.738957e-06  -1.383357e-04  -4.269983e-03   1.601110e-03   8.980796e-04     1  5.408751e-01
   140  0.278 -8.560415e-01 -1.218697e+00 -1.857342e-02   2.938113e+08  -5.000638e+05   5.778857e-07  -1.130388e+03  -1.489118e+04  -6.286293e+05   2.099771e-03  -7.124598e-04  -6.316440e-04  -4.203749e-07  -3.604740e-06  -1.521736e-04  -4.264958e-03   1.589079e-03   8.996232e-04     1  4.804346e-01
   140  0.389 -8.548597e-01 -1.209485e+00 -9.286711e-03   2.915946e+08  -4.911959e+05   4.400499e-07  -3.385443e+02  -6.398324e+03  -6.857939e+05   2.083918e-03  -7.065246e-04  -6.271420e-04  -1.258997e-07  -1.548856e-06  -1.660116e-04  -4.259934e-03   1.577048e-03   9.011668e-04     1  4.402049e-01
   140  0.500 -8.536780e-01 -1.200274e+00  0.000000e+00   2.893779e+08  -4.823281e+05   3.008172e-07   4.119837e+02   1.770931e+03  -7.429585e+05   2.068064e-03  -7.005895e-04  -6.226399e-04   1.532107e-07   4.286932e-07  -1.798496e-04  -4.254910e-03   1.565016e-03   9.027104e-04     1  4.259515e-01
   140  0.611 -8.524962e-01 -1.191063e+00  9.286711e-03   2.871612e+08  -4.734603e+05   1.657754e-07   1.121196e+03   9.616589e+03  -8.001231e+05   2.052211e-03  -6.946543e-04  -6.181379e-04   4.169565e-07   2.327908e-06  -1.936875e-04  -4.249885e-03   1.552985e-03   9.042539e-04     1  4.402049e-01
   140  0.722 -8.513144e-01 -1.181852e+00  1.857342e-02   2.849445e+08  -4.645924e+05   2.793968e-08   1.789093e+03   1.713865e+04  -8.572878e+05   2.036357e-03  -6.887191e-04  -6.136359e-04   6.653376e-07   4.148789e-06  -2.075255e-04  -4.244861e-03   1.540954e-03   9.057975e-04     1  4.804346e-01
   140  0.833 -8.501326e-01 -1.172641e+00  2.786013e-02   2.827277e+08  -4.557246e+05  -1.084991e-07   2.415674e+03   2.433711e+04  -9.144524e+05   2.020504e-03  -6.827839e-04  -6.091338e-04   8.983540e-07   5.891336e-06  -2.213634e-04  -4.239837e-03   1.528923e-03   9.073411e-04     1  5.408751e-01
   140  0.944 -8.489508e-01 -1.163429e+00  3.714684e-02   2.805110e+08  -4.468568e+05  -2.370216e-07   3.000939e+03   3.121197e+04  -9.716170e+05   2.004650e-03  -6.768488e-04  -6.046318e-04   1.116006e-06   7.555548e-06  -2.352014e-04  -4.234812e-03   1.516891e-03   9.088847e-04     1  6.156018e-01
   141  0.056 -7.855381e-01 -1.244493e+00 -3.714684e-02   3.014082e+08  -5.243225e+05   8.479692e-07  -2.393725e+03  -3.190228e+04  -6.937778e+04   2.154089e-03  -7.321263e-04  -6.473900e-04  -8.901914e-07  -7.722653e-06  -1.679443e-05  -4.349621e-03   1.571021e-03   9.952590e-04     1  6.162399e-01
   141  0.167 -7.848501e-01 -1.235231e+00 -2.786013e-02   2.991701e+08  -5.151044e+05   7.217750e-07  -1.634123e+03  -2.146785e+04  -1.265737e+05   2.138082e-03  -7.261048e-04  -6.428583e-04  -6.077067e-07  -5.196769e-06  -3.063996e-05  -4.344556e-03   1.559349e-03   9.961261e-04     1  5.416012e-01
   141  0.278 -7.841620e-01 -1.225970e+00 -1.857342e-02   2.969321e+08  -5.058863e+05   5.839393e-07  -9.144382e+02  -1.170987e+04  -1.837696e+05   2.122075e-03  -7.200834e-04  -6.383266e-04  -3.400663e-07  -2.834634e-06  -4.448549e-05  -4.339490e-03   1.547678e-03   9.969932e-04     1  4.812520e-01
   141  0.389 -7.834740e-01 -1.216709e+00 -9.286711e-03   2.946940e+08  -4.966682e+05   4.400499e-07  -2.346691e+02  -2.628337e+03  -2.409654e+05   2.106069e-03  -7.140620e-04  -6.337949e-04  -8.727003e-08  -6.362471e-07  -5.833102e-05  -4.334425e-03   1.536006e-03   9.978603e-04     1  4.410968e-01
   141  0.500 -7.827860e-01 -1.207448e+00  0.000000e+00   2.924559e+08  -4.874501e+05   3.026798e-07   4.051838e+02   5.776752e+03  -2.981613e+05   2.090062e-03  -7.080406e-04  -6.292633e-04   1.506820e-07   1.398391e-06  -7.217655e-05  -4.329360e-03   1.524335e-03   9.987274e-04     1  4.268732e-01
   141  0.611 -7.820980e-01 -1.198187e+00  9.286711e-03   2.902179e+08  -4.782320e+05   1.629815e-07   1.005121e+03   1.350540e+04  -3.553572e+05   2.074055e-03  -7.020191e-04  -6.247316e-04   3.737897e-07   3.269280e-06  -8.602208e-05  -4.324295e-03   1.512663e-03   9.995945e-04     1  4.410968e-01
   141  0.722 -7.814100e-01 -1.188926e+00  1.857342e-02   2.879798e+08  -4.690139e+05   2.468005e-08   1.565141e+03   2.055759e+04  -4.125531e+05   2.058048e-03  -6.959977e-04  -6.201999e-04   5.820533e-07   4.976420e-06  -9.986761e-05  -4.319229e-03   1.500991e-03   1.000462e-03     1  4.812520e-01
   141  0.833 -7.807219e-01 -1.179664e+00  2.786013e-02   2.857418e+08  -4.597959e+05  -1.038425e-07   2.085246e+03   2.693334e+04  -4.697490e+05   2.042042e-03  -6.899763e-04  -6.156682e-04   7.754726e-07   6.519812e-06  -1.137131e-04  -4.314164e-03   1.489320e-03   1.001329e-03     1  5.416012e-01
   141  0.944 -7.800339e-01 -1.170403e+00  3.714684e-02   2.835037e+08  -4.505778e+05  -2.244487e-07   2.565434e+03   3.263265e+04  -5.269449e+05   2.026035e-03  -6.839548e-04  -6.111365e-04   9.540478e-07   7.899455e-06  -1.275587e-04  -4.309099e-03   1.477648e-03   1.002196e-03     1  6.162399e-01
   142  0.056 -7.138863e-01 -1.249772e+00 -3.714684e-02   3.040393e+08  -5.297635e+05   8.614734e-07  -2.105255e+03  -3.146476e+04   3.718666e+05   2.172895e-03  -7.386123e-04  -6.529967e-04  -7.829138e-07  -7.616741e-06   9.001853e-05  -4.413882e-03   1.524893e-03   1.087765e-03     0  1.360914e+00
   142  0.167 -7.132095e-01 -1.240510e+00 -2.786013e-02   3.018009e+08  -5.202822e+05   7.301569e-07  -1.430837e+03  -2.027213e+04   3.167596e+05   2.156885e-03  -7.325612e-04  -6.484779e-04  -5.321074e-07  -4.907319e-06   7.667867e-05  -4.409315e-03   1.513652e-03   1.088586e-03     0  1.328697e+00
   142  0.278 -7.125328e-01 -1.231248e+00 -1.857342e-02   2.995625e+08  -5.108010e+05   5.890615e-07  -7.909889e+02  -9.955656e+03   2.616526e+05   2.140875e-03  -7.265101e-04  -6.439590e-04  -2.941573e-07  -2.409987e-06   6.333881e-05  -4.404747e-03   1.502412e-03   1.089408e-03     0  1.305173e+00
   142  0.389 -7.118560e-01 -1.221986e+00 -9.286711e-03   2.973241e+08  -5.013198e+05   4.456379e-07  -1.857114e+02  -5.153225e+02   2.065457e+05   2.124866e-03  -7.204590e-04  -6.394402e-04  -6.906339e-08  -1.247452e-07   4.999895e-05  -4.400179e-03   1.491172e-03   1.090229e-03     0  1.290817e+00
   142  0.500 -7.111793e-01 -1.212724e+00  0.000000e+00   2.950857e+08  -4.918385e+05   3.054738e-07   3.849956e+02   8.048866e+03   1.514387e+05   2.108856e-03  -7.144079e-04  -6.349214e-04   1.431743e-07   1.948406e-06   3.665909e-05  -4.395612e-03   1.479931e-03   1.091050e-03     0  1.285702e+00
   142  0.611 -7.105025e-01 -1.203462e+00  9.286711e-03   2.928474e+08  -4.823573e+05   1.657754e-07   9.211321e+02   1.573691e+04   9.633172e+04   2.092846e-03  -7.083568e-04  -6.304026e-04   3.425557e-07   3.809467e-06   2.331923e-05  -4.391044e-03   1.468691e-03   1.091871e-03     0  1.289731e+00
   142  0.722 -7.098258e-01 -1.194200e+00  1.857342e-02   2.906090e+08  -4.728761e+05   2.840534e-08   1.422698e+03   2.254881e+04   4.122475e+04   2.076837e-03  -7.023058e-04  -6.258838e-04   5.290808e-07   5.458438e-06   9.979364e-06  -4.386477e-03   1.457451e-03   1.092693e-03     0  1.303254e+00
   142  0.833 -7.091490e-01 -1.184937e+00  2.786013e-02   2.883706e+08  -4.633948e+05  -1.080334e-07   1.889694e+03   2.848456e+04  -1.388221e+04   2.060827e-03  -6.962547e-04  -6.213650e-04   7.027497e-07   6.895319e-06  -3.360497e-06  -4.381909e-03   1.446210e-03   1.093514e-03     0  1.325983e+00
   142  0.944 -7.084723e-01 -1.175675e+00  3.714684e-02   2.861322e+08  -4.539136e+05  -2.412125e-07   2.322119e+03   3.354417e+04  -6.898918e+04   2.044817e-03  -6.902036e-04  -6.168462e-04   8.635624e-07   8.120109e-06  -1.670036e-05  -4.377341e-03   1.434970e-03   1.094335e-03     0  1.357453e+00
   143  0.056 -6.418753e-01 -1.254660e+00 -3.714684e-02   3.065821e+08  -5.350813e+05   8.717179e-07  -1.891537e+03  -3.244645e+04   8.178121e+05   2.191070e-03  -7.448871e-04  -6.584121e-04  -7.034351e-07  -7.854382e-06   1.979695e-04  -4.470756e-03   1.477593e-03   1.177091e-03     1  6.161641e-01
   143  0.167 -6.412948e-01 -1.245391e+00 -2.786013e-02   3.043404e+08  -5.253253e+05   7.376075e-07  -1.263091e+03  -2.170846e+04   7.649399e+05   2.175036e-03  -7.387984e-04  -6.539000e-04  -4.697250e-07  -5.255014e-06   1.851706e-04  -4.466546e-03   1.466780e-03   1.177768e-03     1  5.415150e-01
   143  0.278 -6.407144e-01 -1.236123e+00 -1.857342e-02   3.020987e+08  -5.155694e+05   5.927868e-07  -6.723587e+02  -1.168579e+04   7.120678e+05   2.159002e-03  -7.327097e-04  -6.493880e-04  -2.500404e-07  -2.828803e-06   1.723718e-04  -4.462337e-03   1.455966e-03   1.178446e-03     1  4.811549e-01
   143  0.389 -6.401339e-01 -1.226854e+00 -9.286711e-03   2.998570e+08  -5.058134e+05   4.521571e-07  -1.193411e+02  -2.378418e+03   6.591957e+05   2.142968e-03  -7.266210e-04  -6.448760e-04  -4.438123e-08  -5.757486e-07   1.595729e-04  -4.458127e-03   1.445153e-03   1.179123e-03     1  4.409909e-01
   143  0.500 -6.395534e-01 -1.217586e+00  0.000000e+00   2.976153e+08  -4.960574e+05   3.087334e-07   3.959620e+02   6.213642e+03   6.063236e+05   2.126934e-03  -7.205323e-04  -6.403640e-04   1.472525e-07   1.504150e-06   1.467741e-04  -4.453917e-03   1.434340e-03   1.179800e-03     1  4.267638e-01
   143  0.611 -6.389729e-01 -1.208317e+00  9.286711e-03   2.953736e+08  -4.863015e+05   1.662411e-07   8.735508e+02   1.409039e+04   5.534515e+05   2.110900e-03  -7.144436e-04  -6.358520e-04   3.248608e-07   3.410891e-06   1.339752e-04  -4.449707e-03   1.423526e-03   1.180477e-03     1  4.409909e-01
   143  0.722 -6.383924e-01 -1.199048e+00  1.857342e-02   2.931319e+08  -4.765455e+05   2.840534e-08   1.313425e+03   2.125183e+04   5.005794e+05   2.094866e-03  -7.083549e-04  -6.313399e-04   4.884437e-07   5.144477e-06   1.211763e-04  -4.445498e-03   1.412713e-03   1.181155e-03     1  4.811549e-01
   143  0.833 -6.378119e-01 -1.189780e+00  2.786013e-02   2.908902e+08  -4.667895e+05  -1.066364e-07   1.715585e+03   2.769797e+04   4.477073e+05   2.078832e-03  -7.022662e-04  -6.268279e-04   6.380012e-07   6.704906e-06   1.083775e-04  -4.441288e-03   1.401899e-03   1.181832e-03     1  5.415150e-01
   143  0.944 -6.372314e-01 -1.180511e+00  3.714684e-02   2.886485e+08  -4.570336e+05  -2.342276e-07   2.080031e+03   3.342879e+04   3.948352e+05   2.062798e-03  -6.961775e-04  -6.223159e-04   7.735332e-07   8.092178e-06   9.557859e-05  -4.437078e-03   1.391086e-03   1.182509e-03     1  6.161641e-01
   144  0.056 -5.689104e-01 -1.257598e+00 -3.714684e-02   3.086685e+08  -5.396930e+05   8.763745e-07  -1.488260e+03  -3.391102e+04   1.274723e+06   2.205982e-03  -7.500628e-04  -6.628425e-04  -5.534624e-07  -8.208912e-06   3.085749e-04  -4.519379e-03   1.427686e-03   1.262649e-03     1  6.165592e-01
   144  0.167 -5.687435e-01 -1.248312e+00 -2.786013e-02   3.064150e+08  -5.296324e+05   7.413328e-07  -9.635284e+02  -2.448008e+04   1.221965e+06   2.189864e-03  -7.439144e-04  -6.583200e-04  -3.583222e-07  -5.925944e-06   2.958036e-04  -4.515331e-03   1.417290e-03   1.262836e-03     1  5.419645e-01
   144  0.278 -5.685767e-01 -1.239027e+00 -1.857342e-02   3.041616e+08  -5.195717e+05   5.988404e-07  -4.755209e+02  -1.538141e+04   1.169207e+06   2.173745e-03  -7.377659e-04  -6.537974e-04  -1.768393e-07  -3.723411e-06   2.830323e-04  -4.511283e-03   1.406894e-03   1.263023e-03     1  4.816608e-01
   144  0.389 -5.684099e-01 -1.229742e+00 -9.286711e-03   3.019081e+08  -5.095110e+05   4.544854e-07  -2.423786e+01  -6.615026e+03   1.116448e+06   2.157627e-03  -7.316175e-04  -6.492749e-04  -9.013709e-09  -1.601313e-06   2.702610e-04  -4.507235e-03   1.396498e-03   1.263210e-03     1  4.415428e-01
   144  0.500 -5.682430e-01 -1.220457e+00  0.000000e+00   2.996547e+08  -4.994504e+05   3.091991e-07   3.903207e+02   1.819084e+03   1.063690e+06   2.141508e-03  -7.254690e-04  -6.447523e-04   1.451546e-07   4.403495e-07   2.574898e-04  -4.503188e-03   1.386102e-03   1.263396e-03     1  4.273340e-01
   144  0.611 -5.680762e-01 -1.211172e+00  9.286711e-03   2.974012e+08  -4.893897e+05   1.681037e-07   7.681547e+02   9.920917e+03   1.010932e+06   2.125390e-03  -7.193206e-04  -6.402298e-04   2.856656e-07   2.401578e-06   2.447185e-04  -4.499140e-03   1.375706e-03   1.263583e-03     1  4.415428e-01
   144  0.722 -5.679094e-01 -1.201886e+00  1.857342e-02   2.951478e+08  -4.793290e+05   2.840534e-08   1.109264e+03   1.769047e+04   9.581738e+05   2.109271e-03  -7.131721e-04  -6.357073e-04   4.125192e-07   4.282371e-06   2.319472e-04  -4.495092e-03   1.365310e-03   1.263770e-03     1  4.816608e-01
   144  0.833 -5.677425e-01 -1.192601e+00  2.786013e-02   2.928943e+08  -4.692684e+05  -1.057051e-07   1.413649e+03   2.512775e+04   9.054156e+05   2.093153e-03  -7.070237e-04  -6.311847e-04   5.257156e-07   6.082729e-06   2.191759e-04  -4.491044e-03   1.354913e-03   1.263957e-03     1  5.419645e-01
   144  0.944 -5.675757e-01 -1.183316e+00  3.714684e-02   2.906409e+08  -4.592077e+05  -2.309680e-07   1.681310e+03   3.223275e+04   8.526574e+05   2.077034e-03  -7.008752e-04  -6.266622e-04   6.252547e-07   7.802652e-06   2.064046e-04  -4.486996e-03   1.344517e-03   1.264144e-03     1  6.165592e-01
   145  0.056 -4.968068e-01 -1.258667e+00 -3.714684e-02   3.102841e+08  -5.434222e+05   8.745119e-07  -1.242197e+03  -3.371287e+04   1.739741e+06   2.217531e-03  -7.540881e-04  -6.662651e-04  -4.619548e-07  -8.160947e-06   4.211429e-04  -4.558680e-03   1.374809e-03   1.342458e-03     0  1.362046e+00
   145  0.167 -4.966980e-01 -1.249381e+00 -2.786013e-02   3.080294e+08  -5.331012e+05   7.441267e-07  -7.881189e+02  -2.398774e+04   1.685915e+06   2.201403e-03  -7.479084e-04  -6.617533e-04  -2.930900e-07  -5.806764e-06   4.081131e-04  -4.555032e-03   1.364855e-03   1.342574e-03     0  1.329837e+00
   145  0.278 -4.965891e-01 -1.240095e+00 -1.857342e-02   3.057747e+08  -5.227803e+05   5.997717e-07  -3.671637e+02  -1.467449e+04   1.632089e+06   2.185275e-03  -7.417286e-04  -6.572415e-04  -1.365428e-07  -3.552284e-06   3.950832e-04  -4.551384e-03   1.354901e-03   1.342691e-03     0  1.306314e+00
   145  0.389 -4.964802e-01 -1.230808e+00 -9.286711e-03   3.035201e+08  -5.124594e+05   4.582107e-07   2.066934e+01  -5.773103e+03   1.578263e+06   2.169147e-03  -7.355488e-04  -6.527297e-04   7.686628e-09  -1.397507e-06   3.820534e-04  -4.547736e-03   1.344947e-03   1.342808e-03     0  1.291950e+00
   145  0.500 -4.963713e-01 -1.221522e+00  0.000000e+00   3.012654e+08  -5.021384e+05   3.138557e-07   3.753801e+02   2.716406e+03   1.524436e+06   2.153020e-03  -7.293690e-04  -6.482179e-04   1.395984e-07   6.575661e-07   3.690236e-04  -4.544088e-03   1.334993e-03   1.342925e-03     0  1.287053e+00
   145  0.611 -4.962624e-01 -1.212236e+00  9.286711e-03   2.990108e+08  -4.918175e+05   1.699664e-07   6.969685e+02   1.079404e+04   1.470610e+06   2.136892e-03  -7.231892e-04  -6.437061e-04   2.591925e-07   2.612936e-06   3.559937e-04  -4.540440e-03   1.325039e-03   1.343041e-03     0  1.291666e+00
   145  0.722 -4.961536e-01 -1.202950e+00  1.857342e-02   2.967561e+08  -4.814966e+05   3.166497e-08   9.854347e+02   1.845980e+04   1.416784e+06   2.120764e-03  -7.170094e-04  -6.391943e-04   3.664688e-07   4.468604e-06   3.429639e-04  -4.536792e-03   1.315085e-03   1.343158e-03     0  1.305470e+00
   145  0.833 -4.960447e-01 -1.193664e+00  2.786013e-02   2.945014e+08  -4.711756e+05  -1.098961e-07   1.240779e+03   2.571369e+04   1.362958e+06   2.104636e-03  -7.108297e-04  -6.346825e-04   4.614275e-07   6.224568e-06   3.299341e-04  -4.533144e-03   1.305131e-03   1.343275e-03     0  1.328456e+00
   145  0.944 -4.959358e-01 -1.184378e+00  3.714684e-02   2.922468e+08  -4.608547e+05  -2.463348e-07   1.463000e+03   3.255570e+04   1.309131e+06   2.088508e-03  -7.046499e-04  -6.301707e-04   5.440685e-07   7.880828e-06   3.169042e-04  -4.529496e-03   1.295177e-03   1.343391e-03     0  1.360158e+00
   146  0.056 -4.248879e-01 -1.259457e+00 -3.714684e-02   3.118283e+08  -5.470217e+05   8.791685e-07  -1.036434e+03  -3.327526e+04   2.203151e+06   2.228569e-03  -7.579395e-04  -6.695348e-04  -3.854347e-07  -8.055013e-06   5.333214e-04  -4.589722e-03   1.321310e-03   1.418442e-03     1  6.164586e-01
   146  0.167 -4.247929e-01 -1.250170e+00 -2.786013e-02   3.095734e+08  -5.364451e+05   7.515773e-07  -6.299223e+02  -2.264236e+04   2.149457e+06   2.212439e-03  -7.517311e-04  -6.650357e-04  -2.342589e-07  -5.481084e-06   5.203236e-04  -4.586531e-03   1.311800e-03   1.418539e-03     1  5.418500e-01
   146  0.278 -4.246979e-01 -1.240884e+00 -1.857342e-02   3.073185e+08  -5.258686e+05   6.044284e-07  -2.581365e+02  -1.265424e+04   2.095763e+06   2.196309e-03  -7.455228e-04  -6.605366e-04  -9.599722e-08  -3.063238e-06   5.073258e-04  -4.583339e-03   1.302291e-03   1.418636e-03     1  4.815320e-01
   146  0.389 -4.246029e-01 -1.231598e+00 -9.286711e-03   3.050637e+08  -5.152920e+05   4.582107e-07   7.892339e+01  -3.310892e+03   2.042069e+06   2.180179e-03  -7.393144e-04  -6.560375e-04   2.935046e-08  -8.014747e-07   4.943280e-04  -4.580147e-03   1.292782e-03   1.418734e-03     1  4.414023e-01
   146  0.500 -4.245078e-01 -1.222312e+00  0.000000e+00   3.028088e+08  -5.047154e+05   3.143214e-07   3.812575e+02   5.387676e+03   1.988375e+06   2.164049e-03  -7.331060e-04  -6.515385e-04   1.417841e-07   1.304206e-06   4.813303e-04  -4.576955e-03   1.283273e-03   1.418831e-03     1  4.271888e-01
   146  0.611 -4.244128e-01 -1.213025e+00  9.286711e-03   3.005539e+08  -4.941388e+05   1.708977e-07   6.488657e+02   1.344147e+04   1.934682e+06   2.147919e-03  -7.268977e-04  -6.470394e-04   2.413037e-07   3.253804e-06   4.683325e-04  -4.573763e-03   1.273764e-03   1.418928e-03     1  4.414023e-01
   146  0.722 -4.243178e-01 -1.203739e+00  1.857342e-02   2.982990e+08  -4.835622e+05   3.119931e-08   8.817480e+02   2.085048e+04   1.880988e+06   2.131789e-03  -7.206893e-04  -6.425403e-04   3.279093e-07   5.047320e-06   4.553347e-04  -4.570571e-03   1.264255e-03   1.419025e-03     1  4.815320e-01
   146  0.833 -4.242228e-01 -1.194453e+00  2.786013e-02   2.960441e+08  -4.729856e+05  -1.108274e-07   1.079905e+03   2.761471e+04   1.827294e+06   2.115659e-03  -7.144809e-04  -6.380413e-04   4.016008e-07   6.684753e-06   4.423369e-04  -4.567379e-03   1.254746e-03   1.419123e-03     1  5.418500e-01
   146  0.944 -4.241278e-01 -1.185167e+00  3.714684e-02   2.937893e+08  -4.624091e+05  -2.468005e-07   1.243335e+03   3.373417e+04   1.773600e+06   2.099530e-03  -7.082726e-04  -6.335422e-04   4.623783e-07   8.166103e-06   4.293392e-04  -4.564187e-03   1.245237e-03   1.419220e-03     1  6.164586e-01
   147  0.056 -3.516902e-01 -1.258353e+00 -3.714684e-02   3.129361e+08  -5.499269e+05   8.894131e-07  -6.219947e+02  -3.424622e+04   2.667629e+06   2.236489e-03  -7.607378e-04  -6.718636e-04  -2.313108e-07  -8.290055e-06   6.457586e-04  -4.613425e-03   1.266096e-03   1.490835e-03     1  6.159494e-01
   147  0.167 -3.520654e-01 -1.249074e+00 -2.786013e-02   3.106742e+08  -5.390720e+05   7.506460e-07  -3.205618e+02  -2.453153e+04   2.613940e+06   2.220308e-03  -7.544831e-04  -6.673632e-04  -1.192123e-07  -5.938399e-06   6.327622e-04  -4.610318e-03   1.257038e-03   1.490469e-03     1  5.412706e-01
   147  0.278 -3.524406e-01 -1.239795e+00 -1.857342e-02   3.084123e+08  -5.282170e+05   6.034970e-07  -5.349052e+01  -1.519579e+04   2.560252e+06   2.204127e-03  -7.482284e-04  -6.628628e-04  -1.989235e-08  -3.678478e-06   6.197657e-04  -4.607210e-03   1.247981e-03   1.490102e-03     1  4.808799e-01
   147  0.389 -3.528158e-01 -1.230516e+00 -9.286711e-03   3.061504e+08  -5.173620e+05   4.600734e-07   1.792191e+02  -6.239014e+03   2.506564e+06   2.187946e-03  -7.419737e-04  -6.583624e-04   6.664899e-08  -1.510291e-06   6.067692e-04  -4.604103e-03   1.238923e-03   1.489736e-03     1  4.406909e-01
   147  0.500 -3.531910e-01 -1.221237e+00  0.000000e+00   3.038884e+08  -5.065070e+05   3.157184e-07   3.775672e+02   2.338806e+03   2.452875e+06   2.171765e-03  -7.357190e-04  -6.538619e-04   1.404117e-07   5.661597e-07   5.937727e-04  -4.600995e-03   1.229866e-03   1.489370e-03     1  4.264537e-01
   147  0.611 -3.535662e-01 -1.211958e+00  9.286711e-03   3.016265e+08  -4.956521e+05   1.690350e-07   5.415536e+02   1.053767e+04   2.399187e+06   2.155584e-03  -7.294643e-04  -6.493615e-04   2.013959e-07   2.550876e-06   5.807762e-04  -4.597888e-03   1.220808e-03   1.489004e-03     1  4.406909e-01
   147  0.722 -3.539415e-01 -1.202679e+00  1.857342e-02   2.993646e+08  -4.847971e+05   3.073364e-08   6.711784e+02   1.835757e+04   2.345498e+06   2.139404e-03  -7.232097e-04  -6.448611e-04   2.496015e-07   4.443857e-06   5.677797e-04  -4.594780e-03   1.211751e-03   1.488637e-03     1  4.808799e-01
   147  0.833 -3.543167e-01 -1.193400e+00  2.786013e-02   2.971027e+08  -4.739421e+05  -1.080334e-07   7.664416e+02   2.579852e+04   2.291810e+06   2.123223e-03  -7.169550e-04  -6.403607e-04   2.850285e-07   6.245103e-06   5.547833e-04  -4.591672e-03   1.202693e-03   1.488271e-03     1  5.412706e-01
   147  0.944 -3.546919e-01 -1.184120e+00  3.714684e-02   2.948408e+08  -4.630871e+05  -2.407469e-07   8.273432e+02   3.286051e+04   2.238121e+06   2.107042e-03  -7.107003e-04  -6.358603e-04   3.076769e-07   7.954614e-06   5.417868e-04  -4.588565e-03   1.193636e-03   1.487905e-03     1  6.159494e-01
   148  0.056 -2.797012e-01 -1.255193e+00 -3.714684e-02   3.135209e+08  -5.518979e+05   8.856878e-07  -1.958108e+02  -2.683632e+04   3.022992e+06   2.240670e-03  -7.622630e-04  -6.730702e-04  -7.281917e-08  -6.496326e-06   7.317821e-04  -4.627171e-03   1.208468e-03   1.556958e-03     1  6.202528e-01
   148  0.167 -2.801400e-01 -1.245917e+00 -2.786013e-02   3.112585e+08  -5.407938e+05   7.506460e-07  -7.715053e+01  -1.926343e+04   2.968139e+06   2.224485e-03  -7.559799e-04  -6.685817e-04  -2.869116e-08  -4.663141e-06   7.185037e-04  -4.624500e-03   1.199863e-03   1.556550e-03     1  5.461628e-01
   148  0.278 -2.805789e-01 -1.236641e+00 -1.857342e-02   3.089961e+08  -5.296896e+05   6.062910e-07   2.551390e+01  -1.203484e+04   2.913286e+06   2.208301e-03  -7.496969e-04  -6.640932e-04   9.488247e-09  -2.913300e-06   7.052253e-04  -4.621829e-03   1.191257e-03   1.556143e-03     1  4.863799e-01
   148  0.389 -2.810178e-01 -1.227364e+00 -9.286711e-03   3.067338e+08  -5.185855e+05   4.628673e-07   1.121825e+02  -5.150551e+03   2.858433e+06   2.192116e-03  -7.434138e-04  -6.596047e-04   4.171905e-08  -1.246805e-06   6.919469e-04  -4.619158e-03   1.182652e-03   1.555736e-03     1  4.466860e-01
   148  0.500 -2.814566e-01 -1.218088e+00  0.000000e+00   3.044714e+08  -5.074814e+05   3.157184e-07   1.828554e+02   1.389444e+03   2.803580e+06   2.175932e-03  -7.371308e-04  -6.551162e-04   6.800126e-08   3.363456e-07   6.786685e-04  -4.616487e-03   1.174047e-03   1.555329e-03     1  4.326461e-01
   148  0.611 -2.818955e-01 -1.208812e+00  9.286711e-03   3.022091e+08  -4.963773e+05   1.699664e-07   2.375324e+02   7.585140e+03   2.748726e+06   2.159747e-03  -7.308477e-04  -6.506277e-04   8.833486e-08   1.836151e-06   6.653901e-04  -4.613815e-03   1.165442e-03   1.554922e-03     1  4.466860e-01
   148  0.722 -2.823344e-01 -1.199535e+00  1.857342e-02   2.999467e+08  -4.852732e+05   3.073364e-08   2.762137e+02   1.343654e+04   2.693873e+06   2.143563e-03  -7.245646e-04  -6.461392e-04   1.027199e-07   3.252612e-06   6.521117e-04  -4.611144e-03   1.156837e-03   1.554515e-03     1  4.863799e-01
   148  0.833 -2.827732e-01 -1.190259e+00  2.786013e-02   2.976844e+08  -4.741691e+05  -1.117587e-07   2.988992e+02   1.894364e+04   2.639020e+06   2.127378e-03  -7.182816e-04  -6.416507e-04   1.111563e-07   4.585727e-06   6.388333e-04  -4.608473e-03   1.148232e-03   1.554108e-03     1  5.461628e-01
   148  0.944 -2.832121e-01 -1.180983e+00  3.714684e-02   2.954220e+08  -4.630650e+05  -2.454035e-07   3.055889e+02   2.410644e+04   2.584167e+06   2.111194e-03  -7.119985e-04  -6.371621e-04   1.136441e-07   5.835498e-06   6.255549e-04  -4.605802e-03   1.139626e-03   1.553701e-03     1  6.202528e-01
   149  0.056 -2.107274e-01 -1.251891e+00 -3.714684e-02   3.140133e+08  -5.567968e+05   8.866191e-07  -2.150522e+02  -2.395690e+04   1.279722e+06   2.244198e-03  -7.639033e-04  -6.739188e-04  -7.997477e-08  -5.799298e-06   3.097850e-04  -4.651918e-03   1.152883e-03   1.616880e-03     1  5.932816e-01
   149  0.167 -2.111774e-01 -1.242615e+00 -2.786013e-02   3.117511e+08  -5.446849e+05   7.543713e-07  -1.659865e+02  -1.305043e+04   1.228609e+06   2.228013e-03  -7.575100e-04  -6.694829e-04  -6.172798e-08  -3.159146e-06   2.974120e-04  -4.649690e-03   1.144715e-03   1.616484e-03     1  5.153284e-01
   149  0.278 -2.116274e-01 -1.233339e+00 -1.857342e-02   3.094890e+08  -5.325730e+05   6.128103e-07  -1.158917e+02  -3.417661e+03   1.177496e+06   2.211828e-03  -7.511167e-04  -6.650471e-04  -4.309843e-08  -8.273206e-07   2.850391e-04  -4.647463e-03   1.136547e-03   1.616088e-03     1  4.514809e-01
   149  0.389 -2.120774e-01 -1.224063e+00 -9.286711e-03   3.072269e+08  -5.204611e+05   4.637986e-07  -6.476759e+01   4.941410e+03   1.126384e+06   2.195643e-03  -7.447235e-04  -6.606112e-04  -2.408613e-08   1.196178e-06   2.726661e-04  -4.645235e-03   1.128379e-03   1.615692e-03     1  4.084090e-01
   149  0.500 -2.125274e-01 -1.214787e+00  0.000000e+00   3.049648e+08  -5.083492e+05   3.138557e-07  -1.261429e+01   1.202678e+04   1.075271e+06   2.179458e-03  -7.383302e-04  -6.561754e-04  -4.691071e-09   2.911349e-06   2.602931e-04  -4.643008e-03   1.120211e-03   1.615295e-03     1  3.930041e-01
   149  0.611 -2.129774e-01 -1.205512e+00  9.286711e-03   3.027027e+08  -4.962372e+05   1.681037e-07   4.056824e+01   1.783845e+04   1.024158e+06   2.163272e-03  -7.319369e-04  -6.517395e-04   1.508674e-08   4.318193e-06   2.479202e-04  -4.640780e-03   1.112043e-03   1.614899e-03     1  4.084090e-01
   149  0.722 -2.134274e-01 -1.196236e+00  1.857342e-02   3.004406e+08  -4.841253e+05   2.747402e-08   9.478000e+01   2.237643e+04   9.730456e+05   2.147087e-03  -7.255436e-04  -6.473036e-04   3.524730e-08   5.416709e-06   2.355472e-04  -4.638552e-03   1.103875e-03   1.614503e-03     1  4.514809e-01
   149  0.833 -2.138775e-01 -1.186960e+00  2.786013e-02   2.981784e+08  -4.720134e+05  -1.108274e-07   1.500210e+02   2.564070e+04   9.219329e+05   2.130902e-03  -7.191503e-04  -6.428678e-04   5.579062e-08   6.206899e-06   2.231743e-04  -4.636325e-03   1.095707e-03   1.614107e-03     1  5.153284e-01
   149  0.944 -2.143275e-01 -1.177684e+00  3.714684e-02   2.959163e+08  -4.599015e+05  -2.398156e-07   2.062912e+02   2.763127e+04   8.708202e+05   2.114717e-03  -7.127571e-04  -6.384319e-04   7.671669e-08   6.688762e-06   2.108013e-04  -4.634097e-03   1.087539e-03   1.613710e-03     1  5.932816e-01
   150  0.056 -1.453374e-01 -1.248675e+00 -3.714684e-02   3.144607e+08  -5.574838e+05   8.856878e-07  -2.168698e+02  -2.402956e+04   1.479385e+06   2.247396e-03  -7.649801e-04  -6.748846e-04  -8.065074e-08  -5.816886e-06   3.581179e-04  -4.688609e-03   1.100175e-03   1.670538e-03     1  5.911048e-01
   150  0.167 -1.457998e-01 -1.239400e+00 -2.786013e-02   3.121985e+08  -5.453864e+05   7.543713e-07  -1.673895e+02  -1.307624e+04   1.433660e+06   2.231210e-03  -7.585882e-04  -6.704478e-04  -6.224972e-08  -3.165394e-06   3.470491e-04  -4.686698e-03   1.092426e-03   1.670152e-03     1  5.128208e-01
   150  0.278 -1.462621e-01 -1.230124e+00 -1.857342e-02   3.099363e+08  -5.332891e+05   6.100163e-07  -1.168712e+02  -3.403086e+03   1.387934e+06   2.215024e-03  -7.521964e-04  -6.660110e-04  -4.346271e-08  -8.237924e-07   3.359803e-04  -4.684787e-03   1.084676e-03   1.669765e-03     1  4.486165e-01
   150  0.389 -1.467245e-01 -1.220849e+00 -9.286711e-03   3.076741e+08  -5.211917e+05   4.628673e-07  -6.531503e+01   4.989915e+03   1.342209e+06   2.198838e-03  -7.458045e-04  -6.615742e-04  -2.428971e-08   1.207919e-06   3.249115e-04  -4.682876e-03   1.076926e-03   1.669379e-03     1  4.052403e-01
   150  0.500 -1.471868e-01 -1.211574e+00  0.000000e+00   3.054119e+08  -5.090943e+05   3.175810e-07  -1.272091e+01   1.210276e+04   1.296484e+06   2.182653e-03  -7.394126e-04  -6.571374e-04  -4.730721e-09   2.929741e-06   3.138426e-04  -4.680966e-03   1.069176e-03   1.668993e-03     1  3.897102e-01
   150  0.611 -1.476492e-01 -1.202299e+00  9.286711e-03   3.031497e+08  -4.969970e+05   1.704320e-07   4.091114e+01   1.793545e+04   1.250759e+06   2.166467e-03  -7.330207e-04  -6.527006e-04   1.521426e-08   4.341672e-06   3.027738e-04  -4.679055e-03   1.061426e-03   1.668606e-03     1  4.052403e-01
   150  0.722 -1.481115e-01 -1.193024e+00  1.857342e-02   3.008875e+08  -4.848996e+05   2.933666e-08   9.558111e+01   2.248798e+04   1.205033e+06   2.150281e-03  -7.266288e-04  -6.482637e-04   3.554522e-08   5.443713e-06   2.917050e-04  -4.677144e-03   1.053677e-03   1.668220e-03     1  4.486165e-01
   150  0.833 -1.485739e-01 -1.183749e+00  2.786013e-02   2.986253e+08  -4.728023e+05  -1.117587e-07   1.512890e+02   2.576035e+04   1.159308e+06   2.134096e-03  -7.202370e-04  -6.438269e-04   5.626218e-08   6.235864e-06   2.806362e-04  -4.675233e-03   1.045927e-03   1.667834e-03     1  5.128208e-01
   150  0.944 -1.490362e-01 -1.174473e+00  3.714684e-02   2.963631e+08  -4.607049e+05  -2.472661e-07   2.080348e+02   2.775257e+04   1.113583e+06   2.117910e-03  -7.138451e-04  -6.393901e-04   7.736513e-08   6.718125e-06   2.695674e-04  -4.673323e-03   1.038177e-03   1.667448e-03     1  5.911048e-01
   151  0.056 -7.566413e-02 -1.241166e+00 -3.427290e-02   3.016268e+05  -5.667283e+04   6.732153e-07  -6.293500e-01  -8.050317e+02   1.459668e+05   2.243706e-03  -1.073771e-03  -5.490406e-04  -1.165463e-08  -1.490799e-05   2.703088e-03  -4.639663e-03   1.030354e-03   1.722413e-03     1  5.975772e-01
   151  0.167 -7.635903e-02 -1.232626e+00 -2.570468e-02   2.996150e+05  -5.630649e+04   5.982147e-07  -3.864265e+00  -4.755859e+02   1.454676e+05   2.228767e-03  -1.066691e-03  -5.453525e-04  -7.156047e-08  -8.807147e-06   2.693845e-03  -4.637984e-03   1.023667e-03   1.721869e-03     1  5.324787e-01
   151  0.278 -7.705393e-02 -1.224086e+00 -1.713645e-02   2.976032e+05  -5.594016e+04   5.231996e-07  -7.033446e+00  -1.482038e+02   1.449685e+05   2.213828e-03  -1.059611e-03  -5.416643e-04  -1.302490e-07  -2.744515e-06   2.684602e-03  -4.636305e-03   1.016979e-03   1.721325e-03     1  4.806112e-01
   151  0.389 -7.774883e-02 -1.215546e+00 -8.568226e-03   2.955914e+05  -5.557383e+04   4.481844e-07  -1.013689e+01   1.771147e+02   1.444694e+05   2.198889e-03  -1.052531e-03  -5.379762e-04  -1.877202e-07   3.279902e-06   2.675359e-03  -4.634625e-03   1.010291e-03   1.720780e-03     1  4.466087e-01
   151  0.500 -7.844374e-02 -1.207006e+00  0.000000e+00   2.935796e+05  -5.520750e+04   3.730675e-07  -1.317461e+01   5.003696e+02   1.439702e+05   2.183950e-03  -1.045451e-03  -5.342881e-04  -2.439742e-07   9.266103e-06   2.666116e-03  -4.632946e-03   1.003604e-03   1.720236e-03     1  4.346838e-01
   151  0.611 -7.913864e-02 -1.198466e+00  8.568226e-03   2.915678e+05  -5.484117e+04   2.980087e-07  -1.614659e+01   8.215608e+02   1.434711e+05   2.169011e-03  -1.038371e-03  -5.305999e-04  -2.990108e-07   1.521409e-05   2.656873e-03  -4.631267e-03   9.969159e-04   1.719692e-03     1  4.466087e-01
   151  0.722 -7.983354e-02 -1.189926e+00  1.713645e-02   2.895560e+05  -5.447484e+04   2.229353e-07  -1.905283e+01   1.140688e+03   1.429720e+05   2.154072e-03  -1.031291e-03  -5.269118e-04  -3.528302e-07   2.112386e-05   2.647630e-03  -4.629588e-03   9.902282e-04   1.719148e-03     1  4.806112e-01
   151  0.833 -8.052844e-02 -1.181386e+00  2.570468e-02   2.875442e+05  -5.410851e+04   1.478620e-07  -2.189334e+01   1.457752e+03   1.424729e+05   2.139133e-03  -1.024212e-03  -5.232237e-04  -4.054323e-07   2.699541e-05   2.638386e-03  -4.627909e-03   9.835406e-04   1.718604e-03     1  5.324787e-01
   151  0.944 -8.122334e-02 -1.172846e+00  3.427290e-02   2.855324e+05  -5.374218e+04   7.275958e-08  -2.466812e+01   1.772753e+03   1.419737e+05   2.124194e-03  -1.017132e-03  -5.195355e-04  -4.568170e-07   3.282875e-05   2.629143e-03  -4.626230e-03   9.768529e-04   1.718060e-03     1  5.975772e-01
   152  0.056 -2.299312e-03 -1.234334e+00 -3.427290e-02   3.013568e+05  -5.661798e+04   6.725604e-07   8.034300e+00   9.777908e+02   1.467071e+05   2.241689e-03  -1.072781e-03  -5.485585e-04   1.487833e-07   1.810724e-05   2.716798e-03  -4.505543e-03   9.473501e-04   1.770366e-03     1  6.498394e-01
   152  0.167 -3.192662e-03 -1.225812e+00 -2.570468e-02   2.993455e+05  -5.625277e+04   5.977054e-07  -9.986618e-01   9.425128e+02   1.462272e+05   2.226755e-03  -1.065710e-03  -5.448688e-04  -1.849374e-08   1.745394e-05   2.707911e-03  -4.504364e-03   9.411899e-04   1.769720e-03     1  5.795442e-01
   152  0.278 -4.086013e-03 -1.217291e+00 -1.713645e-02   2.973341e+05  -5.588755e+04   5.226902e-07  -9.910042e+00   9.039484e+02   1.457473e+05   2.211822e-03  -1.058639e-03  -5.411791e-04  -1.835193e-07   1.673978e-05   2.699023e-03  -4.503186e-03   9.350296e-04   1.769074e-03     1  5.235867e-01
   152  0.389 -4.979364e-03 -1.208769e+00 -8.568226e-03   2.953227e+05  -5.552234e+04   4.477915e-07  -1.869984e+01   8.620975e+02   1.452673e+05   2.196888e-03  -1.051568e-03  -5.374894e-04  -3.462934e-07   1.596477e-05   2.690136e-03  -4.502008e-03   9.288693e-04   1.768428e-03     1  4.869353e-01
   152  0.500 -5.872715e-03 -1.200248e+00  0.000000e+00   2.933113e+05  -5.515712e+04   3.727473e-07  -2.736806e+01   8.169603e+02   1.447874e+05   2.181955e-03  -1.044497e-03  -5.337997e-04  -5.068159e-07   1.512889e-05   2.681248e-03  -4.500830e-03   9.227090e-04   1.767782e-03     1  4.740890e-01
   152  0.611 -6.766066e-03 -1.191726e+00  8.568226e-03   2.913000e+05  -5.479191e+04   2.977031e-07  -3.591470e+01   7.685367e+02   1.443075e+05   2.167021e-03  -1.037425e-03  -5.301100e-04  -6.650870e-07   1.423216e-05   2.672361e-03  -4.499652e-03   9.165488e-04   1.767137e-03     1  4.869353e-01
   152  0.722 -7.659417e-03 -1.183205e+00  1.713645e-02   2.892886e+05  -5.442669e+04   2.227025e-07  -4.433976e+01   7.168266e+02   1.438275e+05   2.152088e-03  -1.030354e-03  -5.264203e-04  -8.211066e-07   1.327457e-05   2.663473e-03  -4.498474e-03   9.103885e-04   1.766491e-03     1  5.235867e-01
   152  0.833 -8.552768e-03 -1.174683e+00  2.570468e-02   2.872772e+05  -5.406148e+04   1.476728e-07  -5.264323e+01   6.618302e+02   1.433476e+05   2.137154e-03  -1.023283e-03  -5.227306e-04  -9.748747e-07   1.225611e-05   2.654585e-03  -4.497296e-03   9.042282e-04   1.765845e-03     1  5.795442e-01
   152  0.944 -9.446118e-03 -1.166162e+00  3.427290e-02   2.852659e+05  -5.369626e+04   7.259951e-08  -6.082513e+01   6.035473e+02   1.428677e+05   2.122221e-03  -1.016212e-03  -5.190409e-04  -1.126391e-06   1.117680e-05   2.645698e-03  -4.496118e-03   8.980679e-04   1.765199e-03     1  6.498394e-01
   153  0.056  7.013506e-02 -1.226549e+00 -3.427290e-02   3.008475e+05  -5.651835e+04   6.713526e-07   3.556047e+01   2.587094e+02   1.473494e+05   2.237891e-03  -1.070941e-03  -5.476401e-04   6.585273e-07   4.790916e-06   2.728693e-03  -4.372261e-03   8.645158e-04   1.812211e-03     1  6.456337e-01
   153  0.167  6.919703e-02 -1.218033e+00 -2.570468e-02   2.988361e+05  -5.615409e+04   5.967449e-07   1.860192e+01   2.890263e+02   1.468861e+05   2.222960e-03  -1.063876e-03  -5.439484e-04   3.444799e-07   5.352338e-06   2.720112e-03  -4.371238e-03   8.588695e-04   1.811589e-03     1  5.748244e-01
   153  0.278  6.825901e-02 -1.209516e+00 -1.713645e-02   2.968248e+05  -5.578984e+04   5.218753e-07   1.808950e+00   3.178845e+02   1.464228e+05   2.208028e-03  -1.056812e-03  -5.402566e-04   3.349907e-08   5.886750e-06   2.711532e-03  -4.370214e-03   8.532233e-04   1.810967e-03     1  5.183577e-01
   153  0.389  6.732098e-02 -1.200999e+00 -8.568226e-03   2.948134e+05  -5.542558e+04   4.470639e-07  -1.481843e+01   3.452841e+02   1.459594e+05   2.193097e-03  -1.049747e-03  -5.365648e-04  -2.744153e-07   6.394150e-06   2.702952e-03  -4.369190e-03   8.475770e-04   1.810345e-03     1  4.813083e-01
   153  0.500  6.638296e-02 -1.192482e+00  0.000000e+00   2.928021e+05  -5.506133e+04   3.721361e-07  -3.128021e+01   3.712251e+02   1.454961e+05   2.178166e-03  -1.042683e-03  -5.328730e-04  -5.792632e-07   6.874540e-06   2.694372e-03  -4.368167e-03   8.419308e-04   1.809724e-03     1  4.683076e-01
   153  0.611  6.544494e-02 -1.183966e+00  8.568226e-03   2.907908e+05  -5.469707e+04   2.971792e-07  -4.757641e+01   3.957076e+02   1.450328e+05   2.163235e-03  -1.035619e-03  -5.291812e-04  -8.810447e-07   7.327918e-06   2.685792e-03  -4.367143e-03   8.362845e-04   1.809102e-03     1  4.813083e-01
   153  0.722  6.450691e-02 -1.175449e+00  1.713645e-02   2.887794e+05  -5.433282e+04   2.222951e-07  -6.370702e+01   4.187314e+02   1.445695e+05   2.148304e-03  -1.028554e-03  -5.254894e-04  -1.179760e-06   7.754286e-06   2.677212e-03  -4.366120e-03   8.306383e-04   1.808480e-03     1  5.183577e-01
   153  0.833  6.356889e-02 -1.166932e+00  2.570468e-02   2.867681e+05  -5.396856e+04   1.473963e-07  -7.967204e+01   4.402967e+02   1.441061e+05   2.133373e-03  -1.021490e-03  -5.217976e-04  -1.475408e-06   8.153642e-06   2.668632e-03  -4.365096e-03   8.249920e-04   1.807858e-03     1  5.748244e-01
   153  0.944  6.263086e-02 -1.158415e+00  3.427290e-02   2.847567e+05  -5.360431e+04   7.246854e-08  -9.547147e+01   4.604033e+02   1.436428e+05   2.118442e-03  -1.014425e-03  -5.181058e-04  -1.767990e-06   8.525987e-06   2.660052e-03  -4.364072e-03   8.193457e-04   1.807236e-03     1  6.456337e-01
   154  0.056  1.433426e-01 -1.216731e+00 -3.427290e-02   2.998767e+05  -5.633238e+04   6.691116e-07   6.944136e+01  -6.544734e+02   1.481032e+05   2.230661e-03  -1.067460e-03  -5.458810e-04   1.285951e-06  -1.211988e-05   2.742651e-03  -4.236341e-03   7.817962e-04   1.848265e-03     1  6.459972e-01
   154  0.167  1.420036e-01 -1.208268e+00 -2.570468e-02   2.978704e+05  -5.596996e+04   5.946786e-07   4.293159e+01  -7.227662e+02   1.476263e+05   2.215770e-03  -1.060419e-03  -5.421965e-04   7.950295e-07  -1.338456e-05   2.733820e-03  -4.236066e-03   7.766890e-04   1.847456e-03     1  5.752327e-01
   154  0.278  1.406646e-01 -1.199805e+00 -1.713645e-02   2.958641e+05  -5.560753e+04   5.201582e-07   1.657212e+01  -7.872186e+02   1.471493e+05   2.200878e-03  -1.053379e-03  -5.385119e-04   3.068911e-07  -1.457812e-05   2.724988e-03  -4.235791e-03   7.715817e-04   1.846648e-03     1  5.188104e-01
   154  0.389  1.393255e-01 -1.191342e+00 -8.568226e-03   2.938578e+05  -5.524511e+04   4.456087e-07  -9.637067e+00  -8.478304e+02   1.466724e+05   2.185987e-03  -1.046339e-03  -5.348274e-04  -1.784642e-07  -1.570056e-05   2.716156e-03  -4.235516e-03   7.664745e-04   1.845840e-03     1  4.817958e-01
   154  0.500  1.379865e-01 -1.182879e+00  0.000000e+00   2.918515e+05  -5.488269e+04   3.708992e-07  -3.569597e+01  -9.046018e+02   1.461955e+05   2.171095e-03  -1.039299e-03  -5.311428e-04  -6.610365e-07  -1.675189e-05   2.707324e-03  -4.235241e-03   7.613673e-04   1.845032e-03     1  4.688086e-01
   154  0.611  1.366475e-01 -1.174416e+00  8.568226e-03   2.898452e+05  -5.452026e+04   2.962333e-07  -6.160459e+01  -9.575327e+02   1.457186e+05   2.156204e-03  -1.032258e-03  -5.274582e-04  -1.140826e-06  -1.773209e-05   2.698492e-03  -4.234966e-03   7.562600e-04   1.844224e-03     1  4.817958e-01
   154  0.722  1.353085e-01 -1.165953e+00  1.713645e-02   2.878390e+05  -5.415784e+04   2.215820e-07  -8.736292e+01  -1.006623e+03   1.452417e+05   2.141312e-03  -1.025218e-03  -5.237737e-04  -1.617832e-06  -1.864117e-05   2.689661e-03  -4.234691e-03   7.511528e-04   1.843416e-03     1  5.188104e-01
   154  0.833  1.339694e-01 -1.157490e+00  2.570468e-02   2.858327e+05  -5.379541e+04   1.469743e-07  -1.129710e+02  -1.051873e+03   1.447648e+05   2.126421e-03  -1.018178e-03  -5.200891e-04  -2.092055e-06  -1.947913e-05   2.680829e-03  -4.234416e-03   7.460456e-04   1.842608e-03     1  5.752327e-01
   154  0.944  1.326304e-01 -1.149027e+00  3.427290e-02   2.838264e+05  -5.343299e+04   7.230847e-08  -1.384287e+02  -1.093282e+03   1.442878e+05   2.111529e-03  -1.011138e-03  -5.164046e-04  -2.563495e-06  -2.024597e-05   2.671997e-03  -4.234141e-03   7.409383e-04   1.841800e-03     1  6.459972e-01
   155  0.056  2.152413e-01 -1.205295e+00 -3.427290e-02   2.985041e+05  -5.607129e+04   6.660994e-07   8.521705e+01  -9.349505e+02   1.489420e+05   2.220444e-03  -1.062551e-03  -5.433896e-04   1.578093e-06  -1.731390e-05   2.758186e-03  -4.100796e-03   6.987353e-04   1.877273e-03     0  1.480920e+00
   155  0.167  2.138885e-01 -1.196834e+00 -2.570468e-02   2.964978e+05  -5.570957e+04   5.919574e-07   5.442730e+01  -9.798447e+02   1.484257e+05   2.205554e-03  -1.055516e-03  -5.397036e-04   1.007913e-06  -1.814527e-05   2.748625e-03  -4.100726e-03   6.941349e-04   1.876538e-03     0  1.451333e+00
   155  0.278  2.125357e-01 -1.188373e+00 -1.713645e-02   2.944916e+05  -5.534785e+04   5.177135e-07   2.371838e+01  -1.020149e+03   1.479095e+05   2.190664e-03  -1.048480e-03  -5.360176e-04   4.392293e-07  -1.889166e-05   2.739064e-03  -4.100657e-03   6.895346e-04   1.875802e-03     0  1.429790e+00
   155  0.389  2.111830e-01 -1.179912e+00 -8.568226e-03   2.924854e+05  -5.498613e+04   4.434696e-07  -6.909705e+00  -1.055865e+03   1.473932e+05   2.175775e-03  -1.041445e-03  -5.323316e-04  -1.279575e-07  -1.955305e-05   2.729503e-03  -4.100587e-03   6.849342e-04   1.875066e-03     0  1.416659e+00
   155  0.500  2.098302e-01 -1.171452e+00  0.000000e+00   2.904791e+05  -5.462441e+04   3.691821e-07  -3.745696e+01  -1.086990e+03   1.468769e+05   2.160885e-03  -1.034410e-03  -5.286456e-04  -6.936474e-07  -2.012945e-05   2.719943e-03  -4.100517e-03   6.803338e-04   1.874331e-03     0  1.412176e+00
   155  0.611  2.084774e-01 -1.162991e+00  8.568226e-03   2.884729e+05  -5.426269e+04   2.948655e-07  -6.792338e+01  -1.113527e+03   1.463606e+05   2.145996e-03  -1.027375e-03  -5.249595e-04  -1.257840e-06  -2.062087e-05   2.710382e-03  -4.100448e-03   6.757335e-04   1.873595e-03     0  1.416421e+00
   155  0.722  2.071247e-01 -1.154530e+00  1.713645e-02   2.864667e+05  -5.390097e+04   2.205779e-07  -9.830897e+01  -1.135474e+03   1.458443e+05   2.131106e-03  -1.020340e-03  -5.212735e-04  -1.820536e-06  -2.102729e-05   2.700821e-03  -4.100378e-03   6.711331e-04   1.872860e-03     0  1.429317e+00
   155  0.833  2.057719e-01 -1.146069e+00  2.570468e-02   2.844604e+05  -5.353925e+04   1.463195e-07  -1.286137e+02  -1.152831e+03   1.453281e+05   2.116217e-03  -1.013305e-03  -5.175875e-04  -2.381736e-06  -2.134872e-05   2.691260e-03  -4.100308e-03   6.665327e-04   1.872124e-03     0  1.450633e+00
   155  0.944  2.044191e-01 -1.137609e+00  3.427290e-02   2.824542e+05  -5.317754e+04   7.200288e-08  -1.588376e+02  -1.165599e+03   1.448118e+05   2.101327e-03  -1.006269e-03  -5.139015e-04  -2.941438e-06  -2.158516e-05   2.681700e-03  -4.100239e-03   6.619324e-04   1.871389e-03     0  1.480006e+00
   156  0.056  2.872576e-01 -1.193748e+00 -3.427290e-02   2.971078e+05  -5.580577e+04   6.629998e-07   9.774063e+01  -2.169355e+02   1.497516e+05   2.210050e-03  -1.057558e-03  -5.408553e-04   1.810012e-06  -4.017323e-06   2.773178e-03  -3.963857e-03   6.164995e-04   1.901999e-03     1  6.475004e-01
   156  0.167  2.858975e-01 -1.185289e+00 -2.570468e-02   2.951015e+05  -5.544473e+04   5.891925e-07   6.324787e+01  -2.124437e+02   1.492084e+05   2.195162e-03  -1.050527e-03  -5.371676e-04   1.171257e-06  -3.934142e-06   2.763119e-03  -3.964066e-03   6.124060e-04   1.901341e-03     1  5.769203e-01
   156  0.278  2.845374e-01 -1.176829e+00 -1.713645e-02   2.930952e+05  -5.508368e+04   5.152833e-07   2.890100e+01  -2.070679e+02   1.486652e+05   2.180273e-03  -1.043497e-03  -5.334799e-04   5.352036e-07  -3.834591e-06   2.753060e-03  -3.964276e-03   6.083125e-04   1.900683e-03     1  5.206809e-01
   156  0.389  2.831774e-01 -1.168370e+00 -8.568226e-03   2.910889e+05  -5.472264e+04   4.413887e-07  -5.299991e+00  -2.008082e+02   1.481220e+05   2.165385e-03  -1.036466e-03  -5.297922e-04  -9.814798e-08  -3.718671e-06   2.743000e-03  -3.964485e-03   6.042190e-04   1.900024e-03     1  4.838095e-01
   156  0.500  2.818173e-01 -1.159910e+00  0.000000e+00   2.890826e+05  -5.436160e+04   3.674359e-07  -3.935509e+01  -1.936646e+02   1.475788e+05   2.150496e-03  -1.029436e-03  -5.261045e-04  -7.287980e-07  -3.586381e-06   2.732941e-03  -3.964695e-03   6.001255e-04   1.899366e-03     1  4.708778e-01
   156  0.611  2.804572e-01 -1.151450e+00  8.568226e-03   2.870763e+05  -5.400055e+04   2.934685e-07  -7.326431e+01  -1.856369e+02   1.470356e+05   2.135608e-03  -1.022405e-03  -5.224169e-04  -1.356746e-06  -3.437721e-06   2.722882e-03  -3.964904e-03   5.960321e-04   1.898708e-03     1  4.838095e-01
   156  0.722  2.790971e-01 -1.142991e+00  1.713645e-02   2.850700e+05  -5.363951e+04   2.195011e-07  -1.070276e+02  -1.767253e+02   1.464924e+05   2.120719e-03  -1.015375e-03  -5.187292e-04  -1.981993e-06  -3.272691e-06   2.712823e-03  -3.965114e-03   5.919386e-04   1.898050e-03     1  5.206809e-01
   156  0.833  2.777370e-01 -1.134531e+00  2.570468e-02   2.830637e+05  -5.327847e+04   1.455774e-07  -1.406451e+02  -1.669298e+02   1.459492e+05   2.105831e-03  -1.008344e-03  -5.150415e-04  -2.604539e-06  -3.091292e-06   2.702764e-03  -3.965323e-03   5.878451e-04   1.897392e-03     1  5.769203e-01
   156  0.944  2.763769e-01 -1.126072e+00  3.427290e-02   2.810574e+05  -5.291743e+04   7.159542e-08  -1.741166e+02  -1.562502e+02   1.454060e+05   2.090942e-03  -1.001313e-03  -5.113538e-04  -3.224382e-06  -2.893523e-06   2.692705e-03  -3.965533e-03   5.837516e-04   1.896734e-03     1  6.475004e-01
   157  0.056  3.596279e-01 -1.180951e+00 -3.427290e-02   2.954255e+05  -5.548665e+04   6.592745e-07   1.265224e+02   9.593791e+01   1.504777e+05   2.197529e-03  -1.051548e-03  -5.377997e-04   2.343008e-06   1.776628e-06   2.786625e-03  -3.827468e-03   5.355234e-04   1.921533e-03     1  6.456736e-01
   157  0.167  3.580035e-01 -1.172538e+00 -2.570468e-02   2.934251e+05  -5.512741e+04   5.857873e-07   8.378441e+01   6.331971e+01   1.499263e+05   2.182686e-03  -1.044543e-03  -5.341213e-04   1.551563e-06   1.172587e-06   2.776413e-03  -3.827846e-03   5.319516e-04   1.920843e-03     1  5.748692e-01
   157  0.278  3.563792e-01 -1.164125e+00 -1.713645e-02   2.914247e+05  -5.476816e+04   5.122856e-07   4.123939e+01   3.093048e+01   1.493749e+05   2.167843e-03  -1.037538e-03  -5.304429e-04   7.636923e-07   5.727866e-07   2.766201e-03  -3.828224e-03   5.283798e-04   1.920154e-03     1  5.184074e-01
   157  0.389  3.547549e-01 -1.155712e+00 -8.568226e-03   2.894244e+05  -5.440892e+04   4.388130e-07  -1.112647e+00  -1.229802e+00   1.488234e+05   2.153001e-03  -1.030534e-03  -5.267645e-04  -2.060458e-08  -2.277411e-08   2.755989e-03  -3.828602e-03   5.248079e-04   1.919464e-03     1  4.813618e-01
   157  0.500  3.531305e-01 -1.147299e+00  0.000000e+00   2.874240e+05  -5.404967e+04   3.653113e-07  -4.327169e+01  -3.316112e+01   1.482720e+05   2.138158e-03  -1.023529e-03  -5.230861e-04  -8.013275e-07  -6.140948e-07   2.745777e-03  -3.828980e-03   5.212361e-04   1.918774e-03     1  4.683626e-01
   157  0.611  3.515062e-01 -1.138886e+00  8.568226e-03   2.854237e+05  -5.369042e+04   2.918241e-07  -8.523773e+01  -6.486347e+01   1.477205e+05   2.123315e-03  -1.016525e-03  -5.194077e-04  -1.578477e-06  -1.201175e-06   2.735565e-03  -3.829358e-03   5.176643e-04   1.918085e-03     1  4.813618e-01
   157  0.722  3.498819e-01 -1.130473e+00  1.713645e-02   2.834233e+05  -5.333118e+04   2.182933e-07  -1.270108e+02  -9.633686e+01   1.471691e+05   2.108472e-03  -1.009520e-03  -5.157293e-04  -2.352052e-06  -1.784016e-06   2.725353e-03  -3.829736e-03   5.140925e-04   1.917395e-03     1  5.184074e-01
   157  0.833  3.482575e-01 -1.122061e+00  2.570468e-02   2.814230e+05  -5.297193e+04   1.448061e-07  -1.685908e+02  -1.275813e+02   1.466176e+05   2.093630e-03  -1.002515e-03  -5.120510e-04  -3.122053e-06  -2.362617e-06   2.715142e-03  -3.830114e-03   5.105207e-04   1.916706e-03     1  5.748692e-01
   157  0.944  3.466332e-01 -1.113648e+00  3.427290e-02   2.794226e+05  -5.261269e+04   7.114431e-08  -2.099779e+02  -1.585968e+02   1.460662e+05   2.078787e-03  -9.955107e-04  -5.083726e-04  -3.888480e-06  -2.936977e-06   2.704930e-03  -3.830492e-03   5.069489e-04   1.916016e-03     1  6.456736e-01
   158  0.056  4.313842e-01 -1.166329e+00 -3.427290e-02   2.933057e+05  -5.508575e+04   6.546616e-07   1.496072e+02  -1.630112e+02   1.511936e+05   2.181755e-03  -1.043983e-03  -5.339471e-04   2.770503e-06  -3.018725e-06   2.799881e-03  -3.688730e-03   4.553216e-04   1.934639e-03     1  6.484821e-01
   158  0.167  4.295879e-01 -1.157951e+00 -2.570468e-02   2.913103e+05  -5.472796e+04   5.816109e-07   1.005333e+02  -2.062049e+02   1.506315e+05   2.166950e-03  -1.037000e-03  -5.302765e-04   1.861727e-06  -3.818609e-06   2.789472e-03  -3.689644e-03   4.522607e-04   1.933983e-03     1  5.780218e-01
   158  0.278  4.277916e-01 -1.149573e+00 -1.713645e-02   2.893148e+05  -5.437017e+04   5.085749e-07   5.157070e+01  -2.479515e+02   1.500694e+05   2.152145e-03  -1.030016e-03  -5.266058e-04   9.550130e-07  -4.591694e-06   2.779063e-03  -3.690559e-03   4.491997e-04   1.933327e-03     1  5.219012e-01
   158  0.389  4.259953e-01 -1.141196e+00 -8.568226e-03   2.873194e+05  -5.401238e+04   4.356116e-07   2.719459e+00  -2.882510e+02   1.495073e+05   2.137340e-03  -1.023033e-03  -5.229352e-04   5.036036e-08  -5.337981e-06   2.768654e-03  -3.691473e-03   4.461388e-04   1.932670e-03     1  4.851224e-01
   158  0.500  4.241990e-01 -1.132818e+00  0.000000e+00   2.853240e+05  -5.365459e+04   3.626774e-07  -4.602045e+01  -3.271033e+02   1.489452e+05   2.122535e-03  -1.016050e-03  -5.192646e-04  -8.522306e-07  -6.057469e-06   2.758245e-03  -3.692388e-03   4.430779e-04   1.932014e-03     1  4.722268e-01
   158  0.611  4.224027e-01 -1.124440e+00  8.568226e-03   2.833285e+05  -5.329681e+04   2.896995e-07  -9.464904e+01  -3.645086e+02   1.483831e+05   2.107730e-03  -1.009066e-03  -5.155939e-04  -1.752760e-06  -6.750159e-06   2.747836e-03  -3.693302e-03   4.400170e-04   1.931358e-03     1  4.851224e-01
   158  0.722  4.206064e-01 -1.116062e+00  1.713645e-02   2.813331e+05  -5.293902e+04   2.166780e-07  -1.431663e+02  -4.004667e+02   1.478210e+05   2.092925e-03  -1.002083e-03  -5.119233e-04  -2.651228e-06  -7.416050e-06   2.737427e-03  -3.694216e-03   4.369561e-04   1.930702e-03     1  5.219012e-01
   158  0.833  4.188101e-01 -1.107684e+00  2.570468e-02   2.793377e+05  -5.258123e+04   1.437002e-07  -1.915722e+02  -4.349777e+02   1.472590e+05   2.078120e-03  -9.950995e-04  -5.082527e-04  -3.547634e-06  -8.055143e-06   2.727018e-03  -3.695131e-03   4.338951e-04   1.930045e-03     1  5.780218e-01
   158  0.944  4.170138e-01 -1.099307e+00  3.427290e-02   2.773422e+05  -5.222344e+04   7.057679e-08  -2.398668e+02  -4.680417e+02   1.466969e+05   2.063315e-03  -9.881161e-04  -5.045821e-04  -4.441978e-06  -8.667438e-06   2.716609e-03  -3.696045e-03   4.308342e-04   1.929389e-03     1  6.484821e-01
   159  0.056  5.027635e-01 -1.150993e+00 -3.427290e-02   2.910122e+05  -5.465242e+04   6.492628e-07   1.576985e+02  -1.512707e+02   1.519272e+05   2.164689e-03  -1.035801e-03  -5.297776e-04   2.920342e-06  -2.801309e-06   2.813467e-03  -3.549354e-03   3.759928e-04   1.942588e-03     0  1.481651e+00
   159  0.167  5.009602e-01 -1.142617e+00 -2.570468e-02   2.890168e+05  -5.429507e+04   5.769543e-07   1.064506e+02  -1.711378e+02   1.513511e+05   2.149886e-03  -1.028821e-03  -5.261062e-04   1.971307e-06  -3.169218e-06   2.802798e-03  -3.550575e-03   3.734305e-04   1.942036e-03     0  1.451842e+00
   159  0.278  4.991569e-01 -1.134241e+00 -1.713645e-02   2.870215e+05  -5.393771e+04   5.045440e-07   5.526597e+01  -1.899865e+02   1.507749e+05   2.135082e-03  -1.021841e-03  -5.224348e-04   1.023444e-06  -3.518269e-06   2.792129e-03  -3.551797e-03   3.708683e-04   1.941484e-03     0  1.430067e+00
   159  0.389  4.973536e-01 -1.125864e+00 -8.568226e-03   2.850262e+05  -5.358036e+04   4.322355e-07   4.144750e+00  -2.078169e+02   1.501988e+05   2.120279e-03  -1.014861e-03  -5.187635e-04   7.675462e-08  -3.848461e-06   2.781459e-03  -3.553019e-03   3.683060e-04   1.940933e-03     0  1.416696e+00
   159  0.500  4.955503e-01 -1.117488e+00  0.000000e+00   2.830308e+05  -5.322301e+04   3.597379e-07  -4.691312e+01  -2.246289e+02   1.496227e+05   2.105476e-03  -1.007881e-03  -5.150921e-04  -8.687615e-07  -4.159795e-06   2.770790e-03  -3.554240e-03   3.657437e-04   1.940381e-03     0  1.411969e+00
   159  0.611  4.937470e-01 -1.109112e+00  8.568226e-03   2.810355e+05  -5.286565e+04   2.873276e-07  -9.790763e+01  -2.404226e+02   1.490465e+05   2.090672e-03  -1.000901e-03  -5.114207e-04  -1.813104e-06  -4.452270e-06   2.760121e-03  -3.555462e-03   3.631815e-04   1.939830e-03     0  1.415972e+00
   159  0.722  4.919437e-01 -1.100735e+00  1.713645e-02   2.790402e+05  -5.250830e+04   2.149609e-07  -1.488388e+02  -2.551979e+02   1.484704e+05   2.075869e-03  -9.939209e-04  -5.077493e-04  -2.756274e-06  -4.725887e-06   2.749452e-03  -3.556683e-03   3.606192e-04   1.939278e-03     0  1.428632e+00
   159  0.833  4.901405e-01 -1.092359e+00  2.570468e-02   2.770448e+05  -5.215095e+04   1.425942e-07  -1.997066e+02  -2.689548e+02   1.478943e+05   2.061066e-03  -9.869408e-04  -5.040779e-04  -3.698270e-06  -4.980645e-06   2.738783e-03  -3.557905e-03   3.580570e-04   1.938726e-03     0  1.449722e+00
   159  0.944  4.883372e-01 -1.083983e+00  3.427290e-02   2.750495e+05  -5.179359e+04   7.018389e-08  -2.505110e+02  -2.816934e+02   1.473181e+05   2.046262e-03  -9.799607e-04  -5.004066e-04  -4.639093e-06  -5.216545e-06   2.728114e-03  -3.559126e-03   3.554947e-04   1.938175e-03     0  1.478880e+00
   160  0.056  5.739851e-01 -1.135478e+00 -3.427290e-02   2.886738e+05  -5.421070e+04   6.438931e-07   1.777657e+02  -2.322205e+02   1.526614e+05   2.147289e-03  -1.027460e-03  -5.255265e-04   3.291958e-06  -4.300380e-06   2.827062e-03  -3.409405e-03   2.984164e-04   1.946245e-03     1  6.460689e-01
   160  0.167  5.721406e-01 -1.127111e+00 -2.570468e-02   2.866797e+05  -5.385399e+04   5.721959e-07   1.205015e+02  -2.118725e+02   1.520744e+05   2.132496e-03  -1.020488e-03  -5.218564e-04   2.231509e-06  -3.923565e-06   2.816193e-03  -3.411010e-03   2.963523e-04   1.945790e-03     1  5.753132e-01
   160  0.278  5.702962e-01 -1.118743e+00 -1.713645e-02   2.846856e+05  -5.349728e+04   5.004695e-07   6.345549e+01  -1.908374e+02   1.514875e+05   2.117703e-03  -1.013515e-03  -5.181863e-04   1.175102e-06  -3.534026e-06   2.805324e-03  -3.412615e-03   2.942883e-04   1.945335e-03     1  5.188997e-01
   160  0.389  5.684517e-01 -1.110376e+00 -8.568226e-03   2.826915e+05  -5.314058e+04   4.286703e-07   6.627840e+00  -1.691153e+02   1.509006e+05   2.102909e-03  -1.006542e-03  -5.145162e-04   1.227378e-07  -3.131764e-06   2.794456e-03  -3.414220e-03   2.922242e-04   1.944880e-03     1  4.818920e-01
   160  0.500  5.666072e-01 -1.102009e+00  0.000000e+00   2.806974e+05  -5.278387e+04   3.568421e-07  -4.998150e+01  -1.467061e+02   1.503137e+05   2.088116e-03  -9.995692e-04  -5.108461e-04  -9.255833e-07  -2.716779e-06   2.783587e-03  -3.415825e-03   2.901601e-04   1.944425e-03     1  4.689074e-01
   160  0.611  5.647627e-01 -1.093641e+00  8.568226e-03   2.787033e+05  -5.242716e+04   2.850284e-07  -1.063725e+02  -1.236098e+02   1.497268e+05   2.073323e-03  -9.925964e-04  -5.071761e-04  -1.969861e-06  -2.289071e-06   2.772718e-03  -3.417430e-03   2.880961e-04   1.943970e-03     1  4.818920e-01
   160  0.722  5.629182e-01 -1.085274e+00  1.713645e-02   2.767092e+05  -5.207046e+04   2.131565e-07  -1.625452e+02  -9.982651e+01   1.491398e+05   2.058530e-03  -9.856236e-04  -5.035060e-04  -3.010097e-06  -1.848639e-06   2.761849e-03  -3.419035e-03   2.860320e-04   1.943515e-03     1  5.188997e-01
   160  0.833  5.610737e-01 -1.076907e+00  2.570468e-02   2.747151e+05  -5.171375e+04   1.413573e-07  -2.184996e+02  -7.535615e+01   1.485529e+05   2.043736e-03  -9.786508e-04  -4.998359e-04  -4.046289e-06  -1.395484e-06   2.750980e-03  -3.420640e-03   2.839680e-04   1.943060e-03     1  5.753132e-01
   160  0.944  5.592293e-01 -1.068539e+00  3.427290e-02   2.727210e+05  -5.135704e+04   6.945629e-08  -2.742357e+02  -5.019874e+01   1.479660e+05   2.028943e-03  -9.716780e-04  -4.961658e-04  -5.078439e-06  -9.296062e-07   2.740111e-03  -3.422245e-03   2.819039e-04   1.942605e-03     1  6.460689e-01
   161  0.056  6.456940e-01 -1.118042e+00 -3.427290e-02   2.858955e+05  -5.368643e+04   6.377086e-07   2.087872e+02   7.114446e+01   1.533661e+05   2.126617e-03  -1.017554e-03  -5.204742e-04   3.866429e-06   1.317490e-06   2.840113e-03  -3.270443e-03   2.228305e-04   1.944309e-03     1  6.462550e-01
   161  0.167  6.434908e-01 -1.109762e+00 -2.570468e-02   2.839151e+05  -5.333276e+04   5.666807e-07   1.428002e+02  -3.316371e+00   1.527685e+05   2.111927e-03  -1.010633e-03  -5.168281e-04   2.644448e-06  -6.141427e-08   2.829046e-03  -3.272249e-03   2.212736e-04   1.943895e-03     1  5.755221e-01
   161  0.278  6.412877e-01 -1.101482e+00 -1.713645e-02   2.819348e+05  -5.297909e+04   4.956091e-07   7.701378e+01  -7.676249e+01   1.521709e+05   2.097237e-03  -1.003713e-03  -5.131821e-04   1.426181e-06  -1.421528e-06   2.817979e-03  -3.274055e-03   2.197166e-04   1.943481e-03     1  5.191313e-01
   161  0.389  6.390846e-01 -1.093202e+00 -8.568226e-03   2.799544e+05  -5.262543e+04   4.245085e-07   1.142790e+01  -1.491939e+02   1.515733e+05   2.082547e-03  -9.967921e-04  -5.095361e-04   2.116278e-07  -2.762850e-06   2.806912e-03  -3.275862e-03   2.181597e-04   1.943066e-03     1  4.821414e-01
   161  0.500  6.368814e-01 -1.084922e+00  0.000000e+00   2.779741e+05  -5.227176e+04   3.533642e-07  -5.395744e+01  -2.206106e+02   1.509757e+05   2.067858e-03  -9.898715e-04  -5.058900e-04  -9.992119e-07  -4.085381e-06   2.795846e-03  -3.277668e-03   2.166028e-04   1.942652e-03     1  4.691638e-01
   161  0.611  6.346783e-01 -1.076642e+00  8.568226e-03   2.759938e+05  -5.191809e+04   2.822489e-07  -1.191422e+02  -2.910125e+02   1.503781e+05   2.053168e-03  -9.829508e-04  -5.022440e-04  -2.206338e-06  -5.389121e-06   2.784779e-03  -3.279474e-03   2.150459e-04   1.942238e-03     1  4.821414e-01
   161  0.722  6.324751e-01 -1.068362e+00  1.713645e-02   2.740134e+05  -5.156442e+04   2.110755e-07  -1.841265e+02  -3.603998e+02   1.497804e+05   2.038478e-03  -9.760302e-04  -4.985979e-04  -3.409750e-06  -6.674070e-06   2.773712e-03  -3.281281e-03   2.134889e-04   1.941824e-03     1  5.191313e-01
   161  0.833  6.302720e-01 -1.060082e+00  2.570468e-02   2.720331e+05  -5.121075e+04   1.400040e-07  -2.489102e+02  -4.287723e+02   1.491828e+05   2.023788e-03  -9.691096e-04  -4.949519e-04  -4.609449e-06  -7.940228e-06   2.762645e-03  -3.283087e-03   2.119320e-04   1.941409e-03     1  5.755221e-01
   161  0.944  6.280689e-01 -1.051801e+00  3.427290e-02   2.700527e+05  -5.085709e+04   6.877235e-08  -3.134934e+02  -4.961301e+02   1.485852e+05   2.009098e-03  -9.621889e-04  -4.913059e-04  -5.805434e-06  -9.187595e-06   2.751578e-03  -3.284894e-03   2.103751e-04   1.940995e-03     1  6.462550e-01
   162  0.056  7.160775e-01 -1.099211e+00 -3.427290e-02   2.827668e+05  -5.309692e+04   6.304617e-07   2.223673e+02   2.974013e+02   1.540266e+05   2.103340e-03  -1.006404e-03  -5.147828e-04   4.117912e-06   5.507431e-06   2.852345e-03  -3.129546e-03   1.487362e-04   1.936359e-03     0  1.481800e+00
   162  0.167  7.138516e-01 -1.090937e+00 -2.570468e-02   2.807874e+05  -5.274360e+04   5.603069e-07   1.529206e+02   2.773511e+02   1.534246e+05   2.088658e-03  -9.994884e-04  -5.111382e-04   2.831862e-06   5.136131e-06   2.841196e-03  -3.131736e-03   1.476665e-04   1.936071e-03     0  1.452150e+00
   162  0.278  7.116257e-01 -1.082663e+00 -1.713645e-02   2.788080e+05  -5.239028e+04   4.900503e-07   8.350554e+01   2.565124e+02   1.528226e+05   2.073975e-03  -9.925724e-04  -5.074935e-04   1.546399e-06   4.750230e-06   2.830047e-03  -3.133927e-03   1.465969e-04   1.935783e-03     0  1.430537e+00
   162  0.389  7.093998e-01 -1.074389e+00 -8.568226e-03   2.768286e+05  -5.203696e+04   4.198228e-07   1.412224e+01   2.348854e+02   1.522205e+05   2.059293e-03  -9.856564e-04  -5.038488e-04   2.615230e-07   4.349729e-06   2.818898e-03  -3.136117e-03   1.455272e-04   1.935496e-03     0  1.417331e+00
   162  0.500  7.071739e-01 -1.066115e+00  0.000000e+00   2.748493e+05  -5.168364e+04   3.494351e-07  -5.522935e+01   2.124699e+02   1.516185e+05   2.044611e-03  -9.787403e-04  -5.002042e-04  -1.022766e-06   3.934628e-06   2.807750e-03  -3.138308e-03   1.444576e-04   1.935208e-03     0  1.412766e+00
   162  0.611  7.049480e-01 -1.057841e+00  8.568226e-03   2.728699e+05  -5.133032e+04   2.791057e-07  -1.245492e+02   1.892660e+02   1.510164e+05   2.029928e-03  -9.718243e-04  -4.965595e-04  -2.306467e-06   3.504927e-06   2.796601e-03  -3.140498e-03   1.433879e-04   1.934920e-03     0  1.416926e+00
   162  0.722  7.027221e-01 -1.049567e+00  1.713645e-02   2.708905e+05  -5.097700e+04   2.087327e-07  -1.938374e+02   1.652738e+02   1.504144e+05   2.015246e-03  -9.649082e-04  -4.929148e-04  -3.589581e-06   3.060625e-06   2.785452e-03  -3.142689e-03   1.423183e-04   1.934632e-03     0  1.429735e+00
   162  0.833  7.004962e-01 -1.041293e+00  2.570468e-02   2.689111e+05  -5.062368e+04   1.384906e-07  -2.630939e+02   1.404931e+02   1.498124e+05   2.000564e-03  -9.579922e-04  -4.892702e-04  -4.872108e-06   2.601723e-06   2.774303e-03  -3.144879e-03   1.412486e-04   1.934345e-03     0  1.450965e+00
   162  0.944  6.982703e-01 -1.033019e+00  3.427290e-02   2.669317e+05  -5.027036e+04   6.816117e-08  -3.323186e+02   1.149239e+02   1.492103e+05   1.985881e-03  -9.510762e-04  -4.856255e-04  -6.154048e-06   2.128221e-06   2.763154e-03  -3.147069e-03   1.401790e-04   1.934057e-03     0  1.480252e+00
   163  0.056  7.866313e-01 -1.080201e+00 -3.427290e-02   2.795996e+05  -5.250022e+04   6.234040e-07   2.301459e+02   4.152111e+02   1.546616e+05   2.079777e-03  -9.951181e-04  -5.090213e-04   4.261961e-06   7.689095e-06   2.864104e-03  -2.987541e-03   7.627611e-05   1.924312e-03     0  1.484981e+00
   163  0.167  7.843991e-01 -1.071929e+00 -2.570468e-02   2.776205e+05  -5.214710e+04   5.539478e-07   1.583677e+02   4.227243e+02   1.540667e+05   2.065096e-03  -9.882040e-04  -5.053768e-04   2.932735e-06   7.828228e-06   2.853088e-03  -2.990077e-03   7.569434e-05   1.924155e-03     0  1.454432e+00
   163  0.278  7.821669e-01 -1.063657e+00 -1.713645e-02   2.756413e+05  -5.179397e+04   4.844478e-07   8.668031e+01   4.285232e+02   1.534718e+05   2.050416e-03  -9.812899e-04  -5.017322e-04   1.605191e-06   7.935614e-06   2.842071e-03  -2.992613e-03   7.511257e-05   1.923998e-03     0  1.431876e+00
   163  0.389  7.799347e-01 -1.055384e+00 -8.568226e-03   2.736622e+05  -5.144084e+04   4.150206e-07   1.508375e+01   4.326077e+02   1.528769e+05   2.035736e-03  -9.743757e-04  -4.980877e-04   2.793287e-07   8.011253e-06   2.831054e-03  -2.995149e-03   7.453080e-05   1.923841e-03     0  1.417694e+00
   163  0.500  7.777024e-01 -1.047112e+00  0.000000e+00   2.716830e+05  -5.108772e+04   3.454625e-07  -5.642199e+01   4.349778e+02   1.522820e+05   2.021056e-03  -9.674616e-04  -4.944431e-04  -1.044852e-06   8.055144e-06   2.820038e-03  -2.997685e-03   7.394903e-05   1.923684e-03     0  1.412138e+00
   163  0.611  7.754702e-01 -1.038840e+00  8.568226e-03   2.697039e+05  -5.073459e+04   2.759043e-07  -1.278369e+02   4.356336e+02   1.516871e+05   2.006375e-03  -9.605474e-04  -4.907985e-04  -2.367350e-06   8.067289e-06   2.809021e-03  -3.000221e-03   7.336726e-05   1.923527e-03     0  1.415310e+00
   163  0.722  7.732380e-01 -1.030567e+00  1.713645e-02   2.677247e+05  -5.038146e+04   2.063753e-07  -1.991610e+02   4.345751e+02   1.510922e+05   1.991695e-03  -9.536333e-04  -4.871540e-04  -3.688167e-06   8.047686e-06   2.798004e-03  -3.002757e-03   7.278549e-05   1.923370e-03     0  1.427153e+00
   163  0.833  7.710058e-01 -1.022295e+00  2.570468e-02   2.657456e+05  -5.002834e+04   1.368171e-07  -2.703943e+02   4.318022e+02   1.504973e+05   1.977015e-03  -9.467191e-04  -4.835094e-04  -5.007302e-06   7.996337e-06   2.786988e-03  -3.005293e-03   7.220372e-05   1.923213e-03     0  1.447452e+00
   163  0.944  7.687735e-01 -1.014023e+00  3.427290e-02   2.637664e+05  -4.967521e+04   6.715709e-08  -3.415368e+02   4.273149e+02   1.499024e+05   1.962335e-03  -9.398050e-04  -4.798648e-04  -6.324755e-06   7.913240e-06   2.775971e-03  -3.007829e-03   7.162195e-05   1.923056e-03     0  1.475860e+00
   164  0.056  8.571766e-01 -1.060554e+00 -3.427290e-02   2.762832e+05  -5.187549e+04   6.157934e-07   2.509974e+02  -3.035055e+01   1.553101e+05   2.055103e-03  -9.833006e-04  -5.029882e-04   4.648099e-06  -5.620472e-07   2.876112e-03  -2.844979e-03   6.247518e-06   1.907857e-03     1  6.466454e-01
   164  0.167  8.548109e-01 -1.052319e+00 -2.570468e-02   2.743103e+05  -5.152371e+04   5.473266e-07   1.730824e+02  -3.868937e+01   1.547175e+05   2.040470e-03  -9.764099e-04  -4.993545e-04   3.205229e-06  -7.164699e-07   2.865139e-03  -2.848034e-03   6.150521e-06   1.907829e-03     1  5.759605e-01
   164  0.278  8.524452e-01 -1.044084e+00 -1.713645e-02   2.723373e+05  -5.117194e+04   4.786707e-07   9.537453e+01  -4.668481e+01   1.541249e+05   2.025836e-03  -9.695192e-04  -4.957209e-04   1.766195e-06  -8.645336e-07   2.854166e-03  -2.851089e-03   6.053525e-06   1.907801e-03     1  5.196173e-01
   164  0.389  8.500795e-01 -1.035849e+00 -8.568226e-03   2.703644e+05  -5.082016e+04   4.100875e-07   1.787388e+01  -5.433687e+01   1.535324e+05   2.011203e-03  -9.626285e-04  -4.920872e-04   3.309978e-07  -1.006238e-06   2.843192e-03  -2.854144e-03   5.956528e-06   1.907774e-03     1  4.826645e-01
   164  0.500  8.477138e-01 -1.027613e+00  0.000000e+00   2.683915e+05  -5.046839e+04   3.413297e-07  -5.941960e+01  -6.164555e+01   1.529398e+05   1.996569e-03  -9.557378e-04  -4.884536e-04  -1.100363e-06  -1.141584e-06   2.832219e-03  -2.857199e-03   5.859532e-06   1.907746e-03     1  4.697014e-01
   164  0.611  8.453481e-01 -1.019378e+00  8.568226e-03   2.664186e+05  -5.011662e+04   2.725719e-07  -1.365059e+02  -6.861084e+01   1.523473e+05   1.981935e-03  -9.488470e-04  -4.848199e-04  -2.527887e-06  -1.270571e-06   2.821246e-03  -2.860254e-03   5.762535e-06   1.907718e-03     1  4.826645e-01
   164  0.722  8.429824e-01 -1.011143e+00  1.713645e-02   2.644456e+05  -4.976484e+04   2.038869e-07  -2.133850e+02  -7.523275e+01   1.517547e+05   1.967302e-03  -9.419563e-04  -4.811863e-04  -3.951575e-06  -1.393199e-06   2.810273e-03  -2.863309e-03   5.665538e-06   1.907690e-03     1  5.196173e-01
   164  0.833  8.406167e-01 -1.002908e+00  2.570468e-02   2.624727e+05  -4.941307e+04   1.352309e-07  -2.900570e+02  -8.151128e+01   1.511622e+05   1.952668e-03  -9.350656e-04  -4.775526e-04  -5.371426e-06  -1.509468e-06   2.799299e-03  -2.866363e-03   5.568542e-06   1.907662e-03     1  5.759605e-01
   164  0.944  8.382510e-01 -9.946728e-01  3.427290e-02   2.604998e+05  -4.906129e+04   6.663322e-08  -3.665218e+02  -8.744643e+01   1.505696e+05   1.938035e-03  -9.281749e-04  -4.739190e-04  -6.787441e-06  -1.619378e-06   2.788326e-03  -2.869418e-03   5.471545e-06   1.907634e-03     1  6.466454e-01
   165  0.056  9.275098e-01 -1.039387e+00 -3.427290e-02   2.726078e+05  -5.118352e+04   6.074843e-07   2.719039e+02  -3.803103e+01   1.559786e+05   2.027760e-03  -9.702066e-04  -4.963011e-04   5.035257e-06  -7.042783e-07   2.888492e-03  -2.703355e-03  -6.122786e-05   1.886134e-03     1  6.480834e-01
   165  0.167  9.249379e-01 -1.031214e+00 -2.570468e-02   2.706456e+05  -5.083389e+04   5.399634e-07   1.882658e+02  -9.478387e+01   1.553761e+05   2.013207e-03  -9.633551e-04  -4.926867e-04   3.486403e-06  -1.755257e-06   2.877336e-03  -2.706680e-03  -6.084833e-05   1.886254e-03     1  5.775745e-01
   165  0.278  9.223660e-01 -1.023041e+00 -1.713645e-02   2.686834e+05  -5.048427e+04   4.722824e-07   1.047536e+02  -1.503697e+02   1.547737e+05   1.998653e-03  -9.565035e-04  -4.890723e-04   1.939881e-06  -2.784624e-06   2.866180e-03  -2.710005e-03  -6.046879e-05   1.886373e-03     1  5.214057e-01
   165  0.389  9.197941e-01 -1.014868e+00 -8.568226e-03   2.667212e+05  -5.013465e+04   4.045432e-07   2.136736e+01  -2.047884e+02   1.541713e+05   1.984100e-03  -9.496520e-04  -4.854579e-04   3.956919e-07  -3.792379e-06   2.855023e-03  -2.713330e-03  -6.008926e-05   1.886493e-03     1  4.845894e-01
   165  0.500  9.172222e-01 -1.006695e+00  0.000000e+00   2.647590e+05  -4.978502e+04   3.367313e-07  -6.189293e+01  -2.580402e+02   1.535688e+05   1.969546e-03  -9.428004e-04  -4.818435e-04  -1.146165e-06  -4.778522e-06   2.843867e-03  -2.716654e-03  -5.970973e-05   1.886612e-03     1  4.716791e-01
   165  0.611  9.146503e-01 -9.985218e-01  8.568226e-03   2.627968e+05  -4.943540e+04   2.689194e-07  -1.450273e+02  -3.101249e+02   1.529664e+05   1.954993e-03  -9.359489e-04  -4.782291e-04  -2.685691e-06  -5.743054e-06   2.832710e-03  -2.719979e-03  -5.933020e-05   1.886731e-03     1  4.845894e-01
   165  0.722  9.120784e-01 -9.903487e-01  1.713645e-02   2.608347e+05  -4.908578e+04   2.011220e-07  -2.280357e+02  -3.610426e+02   1.523639e+05   1.940440e-03  -9.290973e-04  -4.746147e-04  -4.222884e-06  -6.685973e-06   2.821554e-03  -2.723304e-03  -5.895067e-05   1.886851e-03     1  5.214057e-01
   165  0.833  9.095065e-01 -9.821756e-01  2.570468e-02   2.588725e+05  -4.873615e+04   1.333829e-07  -3.109182e+02  -4.107932e+02   1.517615e+05   1.925886e-03  -9.222457e-04  -4.710003e-04  -5.757745e-06  -7.607281e-06   2.810398e-03  -2.726629e-03  -5.857114e-05   1.886970e-03     1  5.775745e-01
   165  0.944  9.069346e-01 -9.740025e-01  3.427290e-02   2.569103e+05  -4.838653e+04   6.560003e-08  -3.936748e+02  -4.593768e+02   1.511590e+05   1.911333e-03  -9.153942e-04  -4.673858e-04  -7.290274e-06  -8.506978e-06   2.799241e-03  -2.729953e-03  -5.819161e-05   1.887090e-03     1  6.480834e-01
   166  0.056  9.971390e-01 -1.017452e+00 -3.427290e-02   2.687400e+05  -5.045582e+04   5.988841e-07   2.787808e+02   4.224016e+02   1.566077e+05   1.998987e-03  -9.564308e-04  -4.892630e-04   5.162607e-06   7.822252e-06   2.900142e-03  -2.560244e-03  -1.265938e-04   1.859655e-03     0  1.486276e+00
   166  0.167  9.945619e-01 -1.009281e+00 -2.570468e-02   2.667781e+05  -5.010619e+04   5.321635e-07   1.934792e+02   4.056917e+02   1.560025e+05   1.984436e-03  -9.495798e-04  -4.856493e-04   3.582948e-06   7.512810e-06   2.888936e-03  -2.563933e-03  -1.257375e-04   1.859925e-03     0  1.456868e+00
   166  0.278  9.919849e-01 -1.001109e+00 -1.713645e-02   2.648163e+05  -4.975655e+04   4.653994e-07   1.081762e+02   3.876362e+02   1.553974e+05   1.969884e-03  -9.427289e-04  -4.820356e-04   2.003263e-06   7.178449e-06   2.877729e-03  -2.567621e-03  -1.248812e-04   1.860195e-03     0  1.435480e+00
   166  0.389  9.894079e-01 -9.929379e-01 -8.568226e-03   2.628544e+05  -4.940692e+04   3.986934e-07   2.287175e+01   3.682352e+02   1.547923e+05   1.955333e-03  -9.358779e-04  -4.784219e-04   4.235509e-07   6.819169e-06   2.866523e-03  -2.571310e-03  -1.240249e-04   1.860465e-03     0  1.422475e+00
   166  0.500  9.868308e-01 -9.847664e-01  0.000000e+00   2.608925e+05  -4.905728e+04   3.318710e-07  -6.243412e+01   3.474885e+02   1.541871e+05   1.940782e-03  -9.290270e-04  -4.748082e-04  -1.156187e-06   6.434972e-06   2.855317e-03  -2.574998e-03  -1.231685e-04   1.860735e-03     0  1.418082e+00
   166  0.611  9.842538e-01 -9.765949e-01  8.568226e-03   2.589306e+05  -4.870764e+04   2.650486e-07  -1.477414e+02   3.253962e+02   1.535820e+05   1.926230e-03  -9.221760e-04  -4.711945e-04  -2.735952e-06   6.025856e-06   2.844111e-03  -2.578687e-03  -1.223122e-04   1.861005e-03     0  1.422382e+00
   166  0.722  9.816767e-01 -9.684234e-01  1.713645e-02   2.569687e+05  -4.835801e+04   1.981825e-07  -2.330501e+02   3.019584e+02   1.529768e+05   1.911679e-03  -9.153251e-04  -4.675808e-04  -4.315743e-06   5.591822e-06   2.832904e-03  -2.582375e-03  -1.214559e-04   1.861276e-03     0  1.435297e+00
   166  0.833  9.790997e-01 -9.602519e-01  2.570468e-02   2.550068e+05  -4.800837e+04   1.314329e-07  -3.183603e+02   2.771750e+02   1.523717e+05   1.897128e-03  -9.084741e-04  -4.639671e-04  -5.895561e-06   5.132870e-06   2.821698e-03  -2.586064e-03  -1.205996e-04   1.861546e-03     0  1.456597e+00
   166  0.944  9.765227e-01 -9.520804e-01  3.427290e-02   2.530450e+05  -4.765874e+04   6.461050e-08  -4.036719e+02   2.510460e+02   1.517665e+05   1.882577e-03  -9.016231e-04  -4.603534e-04  -7.475406e-06   4.648999e-06   2.810492e-03  -2.589752e-03  -1.197433e-04   1.861816e-03     0  1.485921e+00
   167  0.056  1.066783e+00 -9.954632e-01 -3.427290e-02   2.648598e+05  -4.972581e+04   5.900074e-07   2.885087e+02   4.674073e+02   1.571949e+05   1.970121e-03  -9.426108e-04  -4.822022e-04   5.342754e-06   8.655691e-06   2.911017e-03  -2.416456e-03  -1.897306e-04   1.829373e-03     1  6.483524e-01
   167  0.167  1.064200e+00 -9.872934e-01 -2.570468e-02   2.628983e+05  -4.937616e+04   5.243201e-07   2.002056e+02   4.847783e+02   1.566009e+05   1.955572e-03  -9.357605e-04  -4.785892e-04   3.707512e-06   8.977376e-06   2.900017e-03  -2.420487e-03  -1.883976e-04   1.829794e-03     1  5.778763e-01
   167  0.278  1.061617e+00 -9.791237e-01 -1.713645e-02   2.609367e+05  -4.902651e+04   4.585891e-07   1.120188e+02   5.000650e+02   1.560069e+05   1.941023e-03  -9.289102e-04  -4.749763e-04   2.074423e-06   9.260463e-06   2.889016e-03  -2.424519e-03  -1.870646e-04   1.830216e-03     1  5.217400e-01
   167  0.389  1.059035e+00 -9.709539e-01 -8.568226e-03   2.589752e+05  -4.867686e+04   3.928144e-07   2.394830e+01   5.132674e+02   1.554128e+05   1.926474e-03  -9.220599e-04  -4.713634e-04   4.434870e-07   9.504952e-06   2.878016e-03  -2.428551e-03  -1.857316e-04   1.830637e-03     1  4.849491e-01
   167  0.500  1.056452e+00 -9.627842e-01  0.000000e+00   2.570136e+05  -4.832721e+04   3.269670e-07  -6.400597e+01   5.243855e+02   1.548188e+05   1.911925e-03  -9.152096e-04  -4.677505e-04  -1.185296e-06   9.710843e-06   2.867015e-03  -2.432583e-03  -1.843985e-04   1.831058e-03     1  4.720486e-01
   167  0.611  1.053870e+00 -9.546144e-01  8.568226e-03   2.550521e+05  -4.797757e+04   2.611341e-07  -1.518440e+02   5.334193e+02   1.542248e+05   1.897376e-03  -9.083593e-04  -4.641375e-04  -2.811925e-06   9.878136e-06   2.856014e-03  -2.436615e-03  -1.830655e-04   1.831480e-03     1  4.849491e-01
   167  0.722  1.051287e+00 -9.464446e-01  1.713645e-02   2.530905e+05  -4.762792e+04   1.952867e-07  -2.395657e+02   5.403689e+02   1.536308e+05   1.882827e-03  -9.015090e-04  -4.605246e-04  -4.436402e-06   1.000683e-05   2.845014e-03  -2.440646e-03  -1.817325e-04   1.831901e-03     1  5.217400e-01
   167  0.833  1.048705e+00 -9.382749e-01  2.570468e-02   2.511290e+05  -4.727827e+04   1.294975e-07  -3.271712e+02   5.452342e+02   1.530367e+05   1.868278e-03  -8.946587e-04  -4.569117e-04  -6.058726e-06   1.009693e-05   2.834013e-03  -2.444678e-03  -1.803994e-04   1.832323e-03     1  5.778763e-01
   167  0.944  1.046122e+00 -9.301051e-01  3.427290e-02   2.491674e+05  -4.692862e+04   6.362097e-08  -4.146604e+02   5.480151e+02   1.524427e+05   1.853729e-03  -8.878084e-04  -4.532987e-04  -7.678896e-06   1.014843e-05   2.823013e-03  -2.448710e-03  -1.790664e-04   1.832744e-03     1  6.483524e-01
   168  0.056  1.136565e+00 -9.725530e-01 -3.427290e-02   2.607670e+05  -4.895577e+04   5.807378e-07   3.079464e+02  -1.471870e+01   1.578010e+05   1.939673e-03  -9.280333e-04  -4.747544e-04   5.702711e-06  -2.725684e-07   2.922241e-03  -2.272047e-03  -2.498769e-04   1.794686e-03     1  6.473164e-01
   168  0.167  1.133803e+00 -9.644424e-01 -2.570468e-02   2.588160e+05  -4.860811e+04   5.161710e-07   2.140333e+02  -4.400576e+01   1.572097e+05   1.925203e-03  -9.212206e-04  -4.711607e-04   3.963580e-06  -8.149216e-07   2.911291e-03  -2.276652e-03  -2.480834e-04   1.795297e-03     1  5.767137e-01
   168  0.278  1.131040e+00 -9.563318e-01 -1.713645e-02   2.568650e+05  -4.826045e+04   4.513859e-07   1.202965e+02  -7.266765e+01   1.566184e+05   1.910733e-03  -9.144079e-04  -4.675670e-04   2.227713e-06  -1.345697e-06   2.900342e-03  -2.281257e-03  -2.462900e-04   1.795908e-03     1  5.204520e-01
   168  0.389  1.128277e+00 -9.482212e-01 -8.568226e-03   2.549140e+05  -4.791279e+04   3.866880e-07   2.673588e+01  -1.007043e+02   1.560272e+05   1.896262e-03  -9.075953e-04  -4.639733e-04   4.951089e-07  -1.864895e-06   2.889392e-03  -2.285862e-03  -2.444965e-04   1.796519e-03     1  4.835631e-01
   168  0.500  1.125515e+00 -9.401106e-01  0.000000e+00   2.529630e+05  -4.756513e+04   3.218302e-07  -6.664853e+01  -1.281158e+02   1.554359e+05   1.881792e-03  -9.007826e-04  -4.603796e-04  -1.234232e-06  -2.372516e-06   2.878442e-03  -2.290467e-03  -2.427030e-04   1.797130e-03     1  4.706247e-01
   168  0.611  1.122752e+00 -9.320000e-01  8.568226e-03   2.510120e+05  -4.721747e+04   2.570450e-07  -1.598567e+02  -1.549022e+02   1.548446e+05   1.867321e-03  -8.939699e-04  -4.567859e-04  -2.960310e-06  -2.868559e-06   2.867492e-03  -2.295072e-03  -2.409096e-04   1.797741e-03     1  4.835631e-01
   168  0.722  1.119989e+00 -9.238893e-01  1.713645e-02   2.490611e+05  -4.686981e+04   1.922454e-07  -2.528887e+02  -1.810633e+02   1.542533e+05   1.852851e-03  -8.871573e-04  -4.531922e-04  -4.683125e-06  -3.353024e-06   2.856542e-03  -2.299677e-03  -2.391161e-04   1.798352e-03     1  5.204520e-01
   168  0.833  1.117226e+00 -9.157787e-01  2.570468e-02   2.471101e+05  -4.652215e+04   1.274893e-07  -3.457445e+02  -2.065992e+02   1.536620e+05   1.838381e-03  -8.803446e-04  -4.495985e-04  -6.402676e-06  -3.825912e-06   2.845593e-03  -2.304282e-03  -2.373226e-04   1.798963e-03     1  5.767137e-01
   168  0.944  1.114464e+00 -9.076681e-01  3.427290e-02   2.451591e+05  -4.617449e+04   6.273331e-08  -4.384241e+02  -2.315100e+02   1.530707e+05   1.823910e-03  -8.735319e-04  -4.460048e-04  -8.118965e-06  -4.287222e-06   2.834643e-03  -2.308887e-03  -2.355292e-04   1.799574e-03     1  6.473164e-01
   169  0.056  1.205712e+00 -9.485405e-01 -3.427290e-02   2.564049e+05  -4.813552e+04   5.709298e-07   3.211865e+02  -1.226083e+02   1.584374e+05   1.907224e-03  -9.124999e-04  -4.668157e-04   5.947898e-06  -2.270524e-06   2.934026e-03  -2.128463e-03  -3.071088e-04   1.755335e-03     0  1.486086e+00
   169  0.167  1.202854e+00 -9.404632e-01 -2.570468e-02   2.544600e+05  -4.778885e+04   5.073671e-07   2.238158e+02  -1.629741e+02   1.578347e+05   1.892798e-03  -9.057079e-04  -4.632335e-04   4.144737e-06  -3.018038e-06   2.922866e-03  -2.133375e-03  -3.048559e-04   1.756132e-03     0  1.455869e+00
   169  0.278  1.199995e+00 -9.323858e-01 -1.713645e-02   2.525151e+05  -4.744219e+04   4.437024e-07   1.264927e+02  -2.020974e+02   1.572321e+05   1.878373e-03  -8.989159e-04  -4.596512e-04   2.342458e-06  -3.742544e-06   2.911705e-03  -2.138287e-03  -3.026030e-04   1.756929e-03     0  1.433650e+00
   169  0.389  1.197137e+00 -9.243085e-01 -8.568226e-03   2.505702e+05  -4.709553e+04   3.800524e-07   2.921723e+01  -2.399782e+02   1.566294e+05   1.863948e-03  -8.921239e-04  -4.560689e-04   5.410598e-07  -4.444041e-06   2.900544e-03  -2.143199e-03  -3.003501e-04   1.757727e-03     0  1.419802e+00
   169  0.500  1.194278e+00 -9.162312e-01  0.000000e+00   2.486253e+05  -4.674887e+04   3.163586e-07  -6.801065e+01  -2.766166e+02   1.560267e+05   1.849522e-03  -8.853319e-04  -4.524866e-04  -1.259456e-06  -5.122529e-06   2.889383e-03  -2.148111e-03  -2.980972e-04   1.758524e-03     0  1.414573e+00
   169  0.611  1.191420e+00 -9.081538e-01  8.568226e-03   2.466804e+05  -4.640220e+04   2.526649e-07  -1.651909e+02  -3.120125e+02   1.554240e+05   1.835097e-03  -8.785399e-04  -4.489043e-04  -3.059091e-06  -5.778009e-06   2.878222e-03  -2.153023e-03  -2.958443e-04   1.759321e-03     0  1.418057e+00
   169  0.722  1.188561e+00 -9.000765e-01  1.713645e-02   2.447355e+05  -4.605554e+04   1.889857e-07  -2.623236e+02  -3.461659e+02   1.548213e+05   1.820671e-03  -8.717478e-04  -4.453220e-04  -4.857844e-06  -6.410480e-06   2.867061e-03  -2.157935e-03  -2.935914e-04   1.760118e-03     0  1.430191e+00
   169  0.833  1.185703e+00 -8.919992e-01  2.570468e-02   2.427906e+05  -4.570888e+04   1.253211e-07  -3.594087e+02  -3.790769e+02   1.542186e+05   1.806246e-03  -8.649558e-04  -4.417397e-04  -6.655716e-06  -7.019942e-06   2.855901e-03  -2.162847e-03  -2.913385e-04   1.760916e-03     0  1.450758e+00
   169  0.944  1.182844e+00 -8.839218e-01  3.427290e-02   2.408457e+05  -4.536222e+04   6.164191e-08  -4.564461e+02  -4.107454e+02   1.536159e+05   1.791820e-03  -8.581638e-04  -4.381574e-04  -8.452706e-06  -7.606396e-06   2.844740e-03  -2.167759e-03  -2.890856e-04   1.761713e-03     0  1.479406e+00
   170  0.056  1.274647e+00 -9.241238e-01 -3.427290e-02   2.519445e+05  -4.729700e+04   5.608017e-07   3.244718e+02   5.023415e+02   1.590286e+05   1.874043e-03  -8.966180e-04  -4.586975e-04   6.008737e-06   9.302621e-06   2.944974e-03  -1.983609e-03  -3.618958e-04   1.711935e-03     0  1.486536e+00
   170  0.167  1.271784e+00 -9.160480e-01 -2.570468e-02   2.499999e+05  -4.695015e+04   4.983594e-07   2.263253e+02   4.870377e+02   1.584244e+05   1.859620e-03  -8.898254e-04  -4.551165e-04   4.191210e-06   9.019217e-06   2.933784e-03  -1.988882e-03  -3.591752e-04   1.712900e-03     0  1.457145e+00
   170  0.278  1.268921e+00 -9.079722e-01 -1.713645e-02   2.480554e+05  -4.660330e+04   4.358299e-07   1.281564e+02   4.700452e+02   1.578201e+05   1.845196e-03  -8.830329e-04  -4.515354e-04   2.373266e-06   8.704541e-06   2.922595e-03  -1.994154e-03  -3.564547e-04   1.713864e-03     0  1.435773e+00
   170  0.389  1.266058e+00 -8.998964e-01 -8.568226e-03   2.461109e+05  -4.625645e+04   3.733294e-07   2.996494e+01   4.513642e+02   1.572159e+05   1.830773e-03  -8.762404e-04  -4.479544e-04   5.549063e-07   8.358596e-06   2.911405e-03  -1.999426e-03  -3.537342e-04   1.714828e-03     0  1.422783e+00
   170  0.500  1.263195e+00 -8.918206e-01  0.000000e+00   2.441663e+05  -4.590960e+04   3.107416e-07  -6.824896e+01   4.309945e+02   1.566117e+05   1.816350e-03  -8.694479e-04  -4.443733e-04  -1.263870e-06   7.981379e-06   2.900216e-03  -2.004699e-03  -3.510137e-04   1.715793e-03     0  1.418403e+00
   170  0.611  1.260333e+00 -8.837449e-01  8.568226e-03   2.422218e+05  -4.556275e+04   2.481538e-07  -1.664853e+02   4.089362e+02   1.560074e+05   1.801927e-03  -8.626554e-04  -4.407922e-04  -3.083062e-06   7.572893e-06   2.889027e-03  -2.009971e-03  -3.482931e-04   1.716757e-03     0  1.422714e+00
   170  0.722  1.257470e+00 -8.756691e-01  1.713645e-02   2.402772e+05  -4.521590e+04   1.855951e-07  -2.647442e+02   3.851893e+02   1.554032e+05   1.787503e-03  -8.558629e-04  -4.372112e-04  -4.902670e-06   7.133135e-06   2.877837e-03  -2.015244e-03  -3.455726e-04   1.717722e-03     0  1.435638e+00
   170  0.833  1.254607e+00 -8.675933e-01  2.570468e-02   2.383327e+05  -4.486905e+04   1.231238e-07  -3.630255e+02   3.597538e+02   1.547990e+05   1.773080e-03  -8.490703e-04  -4.336301e-04  -6.722694e-06   6.662108e-06   2.866648e-03  -2.020516e-03  -3.428521e-04   1.718686e-03     0  1.456944e+00
   170  0.944  1.251744e+00 -8.595175e-01  3.427290e-02   2.363882e+05  -4.452221e+04   6.055052e-08  -4.613292e+02   3.326297e+02   1.541947e+05   1.758657e-03  -8.422778e-04  -4.300491e-04  -8.543134e-06   6.159809e-06   2.855458e-03  -2.025788e-03  -3.401316e-04   1.719651e-03     0  1.486274e+00
   171  0.056  1.343456e+00 -8.997126e-01 -3.427290e-02   2.474830e+05  -4.645831e+04   5.507754e-07   3.350089e+02   5.620194e+02   1.595615e+05   1.840855e-03  -8.807326e-04  -4.505776e-04   6.203868e-06   1.040777e-05   2.954842e-03  -1.838423e-03  -4.140723e-04   1.664989e-03     1  6.481856e-01
   171  0.167  1.340589e+00 -8.916381e-01 -2.570468e-02   2.455388e+05  -4.611126e+04   4.893664e-07   2.335720e+02   5.847188e+02   1.589718e+05   1.826433e-03  -8.739394e-04  -4.469977e-04   4.325408e-06   1.082813e-05   2.943923e-03  -1.844033e-03  -4.108850e-04   1.666121e-03     1  5.776892e-01
   171  0.278  1.337723e+00 -8.835637e-01 -1.713645e-02   2.435946e+05  -4.576422e+04   4.279718e-07   1.322617e+02   6.048677e+02   1.583822e+05   1.812012e-03  -8.671462e-04  -4.434178e-04   2.449290e-06   1.120125e-05   2.933003e-03  -1.849643e-03  -4.076976e-04   1.667253e-03     1  5.215328e-01
   171  0.389  1.334856e+00 -8.754892e-01 -8.568226e-03   2.416504e+05  -4.541717e+04   3.665627e-07   3.107780e+01   6.224660e+02   1.577925e+05   1.797590e-03  -8.603530e-04  -4.398379e-04   5.755148e-07   1.152715e-05   2.922084e-03  -1.855252e-03  -4.045103e-04   1.668384e-03     1  4.847261e-01
   171  0.500  1.331989e+00 -8.674148e-01  0.000000e+00   2.397062e+05  -4.507012e+04   3.051100e-07  -6.997954e+01   6.375137e+02   1.572029e+05   1.783169e-03  -8.535598e-04  -4.362580e-04  -1.295917e-06   1.180581e-05   2.911165e-03  -1.860862e-03  -4.013230e-04   1.669516e-03     1  4.718196e-01
   171  0.611  1.329123e+00 -8.593403e-01  8.568226e-03   2.377620e+05  -4.472308e+04   2.436573e-07  -1.709104e+02   6.500108e+02   1.566132e+05   1.768748e-03  -8.467667e-04  -4.326781e-04  -3.165007e-06   1.203724e-05   2.900245e-03  -1.866471e-03  -3.981356e-04   1.670647e-03     1  4.847261e-01
   171  0.722  1.326256e+00 -8.512659e-01  1.713645e-02   2.358178e+05  -4.437603e+04   1.822482e-07  -2.717147e+02   6.599573e+02   1.560236e+05   1.754326e-03  -8.399735e-04  -4.290982e-04  -5.031753e-06   1.222143e-05   2.889326e-03  -1.872081e-03  -3.949483e-04   1.671779e-03     1  5.215328e-01
   171  0.833  1.323389e+00 -8.431914e-01  2.570468e-02   2.338735e+05  -4.402898e+04   1.208246e-07  -3.723925e+02   6.673533e+02   1.554340e+05   1.739905e-03  -8.331803e-04  -4.255183e-04  -6.896157e-06   1.235839e-05   2.878407e-03  -1.877690e-03  -3.917609e-04   1.672911e-03     1  5.776892e-01
   171  0.944  1.320523e+00 -8.351170e-01  3.427290e-02   2.319293e+05  -4.368194e+04   5.934271e-08  -4.729438e+02   6.721986e+02   1.548443e+05   1.725483e-03  -8.263871e-04  -4.219384e-04  -8.758218e-06   1.244812e-05   2.867487e-03  -1.883300e-03  -3.885736e-04   1.674042e-03     1  6.481856e-01
   172  0.056  1.412471e+00 -8.742669e-01 -3.427290e-02   2.427836e+05  -4.557479e+04   5.400652e-07   3.524516e+02   2.237313e+02   1.601004e+05   1.805896e-03  -8.639991e-04  -4.420246e-04   6.526882e-06   4.143171e-06   2.964822e-03  -1.692735e-03  -4.627689e-04   1.613738e-03     1  6.478510e-01
   172  0.167  1.409409e+00 -8.662641e-01 -2.570468e-02   2.408527e+05  -4.523009e+04   4.799658e-07   2.460618e+02   1.878482e+02   1.595191e+05   1.791573e-03  -8.572522e-04  -4.384692e-04   4.556701e-06   3.478671e-06   2.954057e-03  -1.698919e-03  -4.591499e-04   1.615122e-03     1  5.773137e-01
   172  0.278  1.406348e+00 -8.582614e-01 -1.713645e-02   2.389218e+05  -4.488539e+04   4.197209e-07   1.398159e+02   1.517388e+02   1.589378e+05   1.777250e-03  -8.505053e-04  -4.349138e-04   2.589183e-06   2.809978e-06   2.943292e-03  -1.705103e-03  -4.555309e-04   1.616507e-03     1  5.211168e-01
   172  0.389  1.403287e+00 -8.502586e-01 -8.568226e-03   2.369908e+05  -4.454069e+04   3.595051e-07   3.371383e+01   1.154030e+02   1.583565e+05   1.762927e-03  -8.437583e-04  -4.313584e-04   6.243301e-07   2.137093e-06   2.932528e-03  -1.711287e-03  -4.519120e-04   1.617891e-03     1  4.842786e-01
   172  0.500  1.400226e+00 -8.422558e-01  0.000000e+00   2.350599e+05  -4.419599e+04   2.992601e-07  -7.224438e+01   7.884091e+01   1.577752e+05   1.748604e-03  -8.370114e-04  -4.278031e-04  -1.337859e-06   1.460017e-06   2.921763e-03  -1.717471e-03  -4.482930e-04   1.619275e-03     1  4.713598e-01
   172  0.611  1.397165e+00 -8.342531e-01  8.568226e-03   2.331290e+05  -4.385129e+04   2.390152e-07  -1.780587e+02   4.205241e+01   1.571939e+05   1.734281e-03  -8.302644e-04  -4.242477e-04  -3.297384e-06   7.787483e-07   2.910999e-03  -1.723655e-03  -4.446741e-04   1.620660e-03     1  4.842786e-01
   172  0.722  1.394104e+00 -8.262503e-01  1.713645e-02   2.311980e+05  -4.350659e+04   1.787412e-07  -2.837292e+02   5.037535e+00   1.566126e+05   1.719958e-03  -8.235175e-04  -4.206923e-04  -5.254244e-06   9.328768e-08   2.900234e-03  -1.729839e-03  -4.410551e-04   1.622044e-03     1  5.211168e-01
   172  0.833  1.391043e+00 -8.182476e-01  2.570468e-02   2.292671e+05  -4.316189e+04   1.184671e-07  -3.892558e+02  -3.220370e+01   1.560314e+05   1.705635e-03  -8.167706e-04  -4.171369e-04  -7.208441e-06  -5.963649e-07   2.889470e-03  -1.736023e-03  -4.374362e-04   1.623428e-03     1  5.773137e-01
   172  0.944  1.387982e+00 -8.102448e-01  3.427290e-02   2.273362e+05  -4.281718e+04   5.817856e-08  -4.946385e+02  -6.967131e+01   1.554501e+05   1.691312e-03  -8.100236e-04  -4.135815e-04  -9.159973e-06  -1.290209e-06   2.878705e-03  -1.742207e-03  -4.338172e-04   1.624812e-03     1  6.478510e-01
   173  0.056  1.480661e+00 -8.480230e-01 -3.427290e-02   2.378827e+05  -4.465386e+04   5.289621e-07   3.607009e+02   2.821116e+02   1.606468e+05   1.769439e-03  -8.465514e-04  -4.331037e-04   6.679647e-06   5.224288e-06   2.974940e-03  -1.547832e-03  -5.083125e-04   1.558443e-03     0  1.486266e+00
   173  0.167  1.477567e+00 -8.400329e-01 -2.570468e-02   2.359542e+05  -4.430926e+04   4.700560e-07   2.523245e+02   2.590973e+02   1.600659e+05   1.755134e-03  -8.398107e-04  -4.295536e-04   4.672676e-06   4.798098e-06   2.964183e-03  -1.554321e-03  -5.042406e-04   1.560019e-03     0  1.456609e+00
   173  0.278  1.474473e+00 -8.320427e-01 -1.713645e-02   2.340257e+05  -4.396465e+04   4.110916e-07   1.439335e+02   2.354114e+02   1.594850e+05   1.740828e-03  -8.330699e-04  -4.260035e-04   2.665436e-06   4.359470e-06   2.953426e-03  -1.560810e-03  -5.001687e-04   1.561596e-03     0  1.434965e+00
   173  0.389  1.471379e+00 -8.240525e-01 -8.568226e-03   2.320972e+05  -4.362005e+04   3.521127e-07   3.552805e+01   2.110538e+02   1.589041e+05   1.726523e-03  -8.263292e-04  -4.224535e-04   6.579268e-07   3.908404e-06   2.942668e-03  -1.567299e-03  -4.960969e-04   1.563172e-03     0  1.421700e+00
   173  0.500  1.468286e+00 -8.160624e-01  0.000000e+00   2.301688e+05  -4.327544e+04   2.930901e-07  -7.289199e+01   1.860245e+02   1.583232e+05   1.712217e-03  -8.195884e-04  -4.189034e-04  -1.349852e-06   3.444899e-06   2.931911e-03  -1.573788e-03  -4.920250e-04   1.564749e-03     0  1.417049e+00
   173  0.611  1.465192e+00 -8.080722e-01  8.568226e-03   2.282403e+05  -4.293084e+04   2.340676e-07  -1.813266e+02   1.603236e+02   1.577423e+05   1.697912e-03  -8.128477e-04  -4.153533e-04  -3.357899e-06   2.968955e-06   2.921154e-03  -1.580278e-03  -4.879531e-04   1.566326e-03     0  1.421097e+00
   173  0.722  1.462098e+00 -8.000820e-01  1.713645e-02   2.263118e+05  -4.258623e+04   1.750595e-07  -2.897757e+02   1.339509e+02   1.571614e+05   1.683606e-03  -8.061069e-04  -4.118032e-04  -5.366216e-06   2.480573e-06   2.910397e-03  -1.586767e-03  -4.838812e-04   1.567902e-03     0  1.433770e+00
   173  0.833  1.459004e+00 -7.920919e-01  2.570468e-02   2.243834e+05  -4.224163e+04   1.160661e-07  -3.982393e+02   1.069066e+02   1.565805e+05   1.669301e-03  -7.993662e-04  -4.082532e-04  -7.374802e-06   1.979752e-06   2.899639e-03  -1.593256e-03  -4.798093e-04   1.569479e-03     0  1.454843e+00
   173  0.944  1.455910e+00 -7.841017e-01  3.427290e-02   2.224549e+05  -4.189702e+04   5.699985e-08  -5.067175e+02   7.919063e+01   1.559996e+05   1.654995e-03  -7.926254e-04  -4.047031e-04  -9.383657e-06   1.466493e-06   2.888882e-03  -1.599745e-03  -4.757375e-04   1.571056e-03     0  1.483958e+00
   174  0.056  1.548904e+00 -8.215839e-01 -3.427290e-02   2.329370e+05  -4.372462e+04   5.177717e-07   3.629940e+02   1.275905e+03   1.611078e+05   1.732650e-03  -8.289452e-04  -4.241012e-04   6.722112e-06   2.362788e-05   2.983477e-03  -1.401889e-03  -5.511995e-04   1.499458e-03     0  2.408163e+00
   174  0.167  1.545807e+00 -8.135949e-01 -2.570468e-02   2.310088e+05  -4.337967e+04   4.600734e-07   2.539954e+02   1.276622e+03   1.605480e+05   1.718346e-03  -8.222028e-04  -4.205527e-04   4.703619e-06   2.364115e-05   2.973110e-03  -1.408692e-03  -5.466683e-04   1.501214e-03     0  2.389939e+00
   174  0.278  1.542710e+00 -8.056059e-01 -1.713645e-02   2.290807e+05  -4.303473e+04   4.023459e-07   1.449696e+02   1.272269e+03   1.599881e+05   1.704042e-03  -8.154604e-04  -4.170042e-04   2.684622e-06   2.356054e-05   2.962743e-03  -1.415496e-03  -5.421371e-04   1.502971e-03     0  2.376775e+00
   174  0.389  1.539613e+00 -7.976170e-01 -8.568226e-03   2.271526e+05  -4.268978e+04   3.446330e-07   3.591640e+01   1.262847e+03   1.594283e+05   1.689738e-03  -8.087180e-04  -4.134556e-04   6.651184e-07   2.338606e-05   2.952376e-03  -1.422300e-03  -5.376059e-04   1.504727e-03     0  2.368756e+00
   174  0.500  1.536516e+00 -7.896280e-01  0.000000e+00   2.252245e+05  -4.234483e+04   2.868765e-07  -7.316406e+01   1.248356e+03   1.588685e+05   1.675435e-03  -8.019756e-04  -4.099071e-04  -1.354890e-06   2.311771e-05   2.942010e-03  -1.429104e-03  -5.330746e-04   1.506484e-03     0  2.365933e+00
   174  0.611  1.533420e+00 -7.816390e-01  8.568226e-03   2.232964e+05  -4.199988e+04   2.290908e-07  -1.822718e+02   1.228796e+03   1.583087e+05   1.661131e-03  -7.952333e-04  -4.063586e-04  -3.375404e-06   2.275549e-05   2.931643e-03  -1.435907e-03  -5.285434e-04   1.508240e-03     0  2.368326e+00
   174  0.722  1.530323e+00 -7.736501e-01  1.713645e-02   2.213682e+05  -4.165493e+04   1.713197e-07  -2.914068e+02   1.204167e+03   1.577489e+05   1.646827e-03  -7.884909e-04  -4.028100e-04  -5.396423e-06   2.229939e-05   2.921276e-03  -1.442711e-03  -5.240122e-04   1.509997e-03     0  2.375918e+00
   174  0.833  1.527226e+00 -7.656611e-01  2.570468e-02   2.194401e+05  -4.130998e+04   1.135631e-07  -4.005692e+02   1.174468e+03   1.571891e+05   1.632523e-03  -7.817485e-04  -3.992615e-04  -7.417948e-06   2.174941e-05   2.910909e-03  -1.449515e-03  -5.194810e-04   1.511753e-03     0  2.388660e+00
   174  0.944  1.524129e+00 -7.576721e-01  3.427290e-02   2.175120e+05  -4.096503e+04   5.576294e-08  -5.097588e+02   1.139700e+03   1.566293e+05   1.618219e-03  -7.750061e-04  -3.957130e-04  -9.439978e-06   2.110556e-05   2.900542e-03  -1.456319e-03  -5.149497e-04   1.513510e-03     0  2.406470e+00
   175  0.056  1.617040e+00 -7.950801e-01 -3.427290e-02   2.279743e+05  -4.279218e+04   5.065522e-07   3.717357e+02   2.169623e+03   1.614208e+05   1.695734e-03  -8.112783e-04  -4.150678e-04   6.883995e-06   4.017820e-05   2.989273e-03  -1.255934e-03  -5.911869e-04   1.437050e-03     0  3.344131e+00
   175  0.167  1.613925e+00 -7.870984e-01 -2.570468e-02   2.260476e+05  -4.244710e+04   4.500762e-07   2.600313e+02   2.202566e+03   1.609183e+05   1.681440e-03  -8.045383e-04  -4.115228e-04   4.815395e-06   4.078826e-05   2.979968e-03  -1.262989e-03  -5.862012e-04   1.438996e-03     0  3.330811e+00
   175  0.278  1.610809e+00 -7.791166e-01 -1.713645e-02   2.241210e+05  -4.210203e+04   3.935857e-07   1.484137e+02   2.226307e+03   1.604158e+05   1.667146e-03  -7.977984e-04  -4.079779e-04   2.748402e-06   4.122791e-05   2.970664e-03  -1.270043e-03  -5.812154e-04   1.440942e-03     0  3.321158e+00
   175  0.389  1.607694e+00 -7.711349e-01 -8.568226e-03   2.221943e+05  -4.175696e+04   3.371242e-07   3.688286e+01   2.240846e+03   1.599134e+05   1.652853e-03  -7.910584e-04  -4.044329e-04   6.830159e-07   4.149716e-05   2.961359e-03  -1.277098e-03  -5.762297e-04   1.442888e-03     0  3.315202e+00
   175  0.500  1.604578e+00 -7.631532e-01  0.000000e+00   2.202677e+05  -4.141189e+04   2.806191e-07  -7.456124e+01   2.246184e+03   1.594109e+05   1.638559e-03  -7.843185e-04  -4.008880e-04  -1.380764e-06   4.159599e-05   2.952054e-03  -1.284153e-03  -5.712440e-04   1.444834e-03     0  3.312964e+00
   175  0.611  1.601463e+00 -7.551714e-01  8.568226e-03   2.183410e+05  -4.106682e+04   2.241140e-07  -1.859186e+02   2.242319e+03   1.589084e+05   1.624265e-03  -7.775785e-04  -3.973430e-04  -3.442936e-06   4.152442e-05   2.942749e-03  -1.291208e-03  -5.662582e-04   1.446780e-03     0  3.314452e+00
   175  0.722  1.598347e+00 -7.471897e-01  1.713645e-02   2.164144e+05  -4.072175e+04   1.676090e-07  -2.971891e+02   2.229252e+03   1.584060e+05   1.609971e-03  -7.708386e-04  -3.937981e-04  -5.503502e-06   4.128244e-05   2.933444e-03  -1.298263e-03  -5.612725e-04   1.448726e-03     0  3.319659e+00
   175  0.833  1.595232e+00 -7.392079e-01  2.570468e-02   2.144877e+05  -4.037668e+04   1.111330e-07  -4.083729e+02   2.206983e+03   1.579035e+05   1.595677e-03  -7.640986e-04  -3.902531e-04  -7.562461e-06   4.087005e-05   2.924139e-03  -1.305317e-03  -5.562868e-04   1.450672e-03     0  3.327634e+00
   175  0.944  1.592116e+00 -7.312262e-01  3.427290e-02   2.125611e+05  -4.003160e+04   5.455513e-08  -5.194699e+02   2.175512e+03   1.574011e+05   1.581384e-03  -7.573587e-04  -3.867082e-04  -9.619814e-06   4.028726e-05   2.914834e-03  -1.312372e-03  -5.513010e-04   1.452618e-03     0  3.338893e+00
   176  0.056  1.685241e+00 -7.677907e-01 -3.427290e-02   2.228291e+05  -4.182539e+04   4.948379e-07   3.837154e+02   3.364710e+03   1.615688e+05   1.657461e-03  -7.929615e-04  -4.057024e-04   7.105840e-06   6.230944e-05   2.992015e-03  -1.109956e-03  -6.275784e-04   1.370695e-03     0  2.412849e+00
   176  0.167  1.681990e+00 -7.598629e-01 -2.570468e-02   2.209127e+05  -4.148192e+04   4.397298e-07   2.686600e+02   3.383762e+03   1.611607e+05   1.643243e-03  -7.862558e-04  -4.021769e-04   4.975185e-06   6.266227e-05   2.984458e-03  -1.117340e-03  -6.221730e-04   1.372912e-03     0  2.394740e+00
   176  0.278  1.678740e+00 -7.519352e-01 -1.713645e-02   2.189964e+05  -4.113844e+04   3.845780e-07   1.536803e+02   3.389018e+03   1.607527e+05   1.629025e-03  -7.795501e-04  -3.986514e-04   2.845931e-06   6.275959e-05   2.976901e-03  -1.124724e-03  -6.167677e-04   1.375128e-03     0  2.381683e+00
   176  0.389  1.675489e+00 -7.440074e-01 -8.568226e-03   2.170800e+05  -4.079497e+04   3.293972e-07   3.877623e+01   3.380477e+03   1.603446e+05   1.614806e-03  -7.728444e-04  -3.951259e-04   7.180783e-07   6.260143e-05   2.969344e-03  -1.132109e-03  -6.113624e-04   1.377344e-03     0  2.373761e+00
   176  0.500  1.672239e+00 -7.360797e-01  0.000000e+00   2.151636e+05  -4.045150e+04   2.741726e-07  -7.605212e+01   3.358140e+03   1.599365e+05   1.600588e-03  -7.661387e-04  -3.916004e-04  -1.408373e-06   6.218778e-05   2.961788e-03  -1.139493e-03  -6.059571e-04   1.379560e-03     0  2.371025e+00
   176  0.611  1.668989e+00 -7.281519e-01  8.568226e-03   2.132473e+05  -4.010803e+04   2.189627e-07  -1.908048e+02   3.322006e+03   1.595285e+05   1.586370e-03  -7.594330e-04  -3.880749e-04  -3.533422e-06   6.151863e-05   2.954231e-03  -1.146878e-03  -6.005517e-04   1.381777e-03     0  2.373492e+00
   176  0.722  1.665738e+00 -7.202242e-01  1.713645e-02   2.113309e+05  -3.976455e+04   1.637236e-07  -3.054818e+02   3.272075e+03   1.591204e+05   1.572152e-03  -7.527274e-04  -3.845494e-04  -5.657070e-06   6.059399e-05   2.946674e-03  -1.154262e-03  -5.951464e-04   1.383993e-03     0  2.381148e+00
   176  0.833  1.662488e+00 -7.122965e-01  2.570468e-02   2.094146e+05  -3.942108e+04   1.085282e-07  -4.200831e+02   3.208348e+03   1.587123e+05   1.557934e-03  -7.460217e-04  -3.810240e-04  -7.779316e-06   5.941386e-05   2.939117e-03  -1.161646e-03  -5.897411e-04   1.386209e-03     0  2.393942e+00
   176  0.944  1.659237e+00 -7.043687e-01  3.427290e-02   2.074982e+05  -3.907761e+04   5.323091e-08  -5.346087e+02   3.130825e+03   1.583043e+05   1.543716e-03  -7.393160e-04  -3.774985e-04  -9.900161e-06   5.797823e-05   2.931561e-03  -1.169031e-03  -5.843358e-04   1.388425e-03     0  2.411792e+00
   177  0.056  1.752855e+00 -7.400120e-01 -3.427290e-02   2.175589e+05  -4.083547e+04   4.828617e-07   3.883750e+02   5.918951e+03   1.614310e+05   1.618258e-03  -7.742021e-04  -3.961086e-04   7.192129e-06   1.096102e-04   2.989463e-03  -9.649857e-04  -6.607444e-04   1.300805e-03     0  1.491542e+00
   177  0.167  1.749593e+00 -7.320889e-01 -2.570468e-02   2.156436e+05  -4.049169e+04   4.291214e-07   2.722646e+02   5.986270e+03   1.611845e+05   1.604047e-03  -7.674965e-04  -3.925861e-04   5.041937e-06   1.108568e-04   2.984899e-03  -9.723656e-04  -6.548893e-04   1.303216e-03     0  1.462272e+00
   177  0.278  1.746332e+00 -7.241657e-01 -1.713645e-02   2.137283e+05  -4.014791e+04   3.752502e-07   1.561086e+02   6.028697e+03   1.609381e+05   1.589835e-03  -7.607910e-04  -3.890636e-04   2.890900e-06   1.116425e-04   2.980335e-03  -9.797454e-04  -6.490341e-04   1.305626e-03     0  1.440997e+00
   177  0.389  1.743070e+00 -7.162426e-01 -8.568226e-03   2.118129e+05  -3.980412e+04   3.214227e-07   3.990697e+01   6.046231e+03   1.606917e+05   1.575624e-03  -7.540854e-04  -3.855411e-04   7.390180e-07   1.119672e-04   2.975771e-03  -9.871253e-04  -6.431790e-04   1.308037e-03     0  1.428074e+00
   177  0.500  1.739808e+00 -7.083195e-01  0.000000e+00   2.098976e+05  -3.946034e+04   2.675661e-07  -7.634026e+01   6.038873e+03   1.604452e+05   1.561412e-03  -7.473799e-04  -3.820187e-04  -1.413709e-06   1.118310e-04   2.971208e-03  -9.945052e-04  -6.373239e-04   1.310447e-03     0  1.423732e+00
   177  0.611  1.736547e+00 -7.003964e-01  8.568226e-03   2.079823e+05  -3.911656e+04   2.136221e-07  -1.926331e+02   6.006623e+03   1.601988e+05   1.547201e-03  -7.406743e-04  -3.784962e-04  -3.567280e-06   1.112338e-04   2.966644e-03  -1.001885e-03  -6.314687e-04   1.312857e-03     0  1.428047e+00
   177  0.722  1.733285e+00 -6.924733e-01  1.713645e-02   2.060669e+05  -3.877277e+04   1.597655e-07  -3.089716e+02   5.949480e+03   1.599523e+05   1.532989e-03  -7.339688e-04  -3.749737e-04  -5.721696e-06   1.101756e-04   2.962080e-03  -1.009265e-03  -6.256136e-04   1.315268e-03     0  1.440943e+00
   177  0.833  1.730023e+00 -6.845501e-01  2.570468e-02   2.041516e+05  -3.842899e+04   1.059088e-07  -4.253556e+02   5.867445e+03   1.597059e+05   1.518778e-03  -7.272632e-04  -3.714512e-04  -7.876956e-06   1.086564e-04   2.957516e-03  -1.016645e-03  -6.197585e-04   1.317678e-03     0  1.462192e+00
   177  0.944  1.726762e+00 -6.766270e-01  3.427290e-02   2.022362e+05  -3.808521e+04   5.195034e-08  -5.417853e+02   5.760517e+03   1.594594e+05   1.504566e-03  -7.205576e-04  -3.679287e-04  -1.003306e-05   1.066762e-04   2.952952e-03  -1.024025e-03  -6.139033e-04   1.320088e-03     0  1.491438e+00
   178  0.056  1.820545e+00 -7.121390e-01 -3.427290e-02   2.122681e+05  -3.984170e+04   4.707545e-07   1.946780e+02   1.812176e+03   1.614280e+05   1.578902e-03  -7.553693e-04  -3.864771e-04   3.605148e-06   3.355881e-05   2.989407e-03  -8.203050e-04  -6.910700e-04   1.227428e-03     1  6.501532e-01
   178  0.167  1.817282e+00 -7.042165e-01 -2.570468e-02   2.103530e+05  -3.949745e+04   4.184112e-07   1.364892e+02   2.403879e+03   1.613567e+05   1.564691e-03  -7.486611e-04  -3.829563e-04   2.527577e-06   4.451627e-05   2.988086e-03  -8.274003e-04  -6.847614e-04   1.230026e-03     1  5.798961e-01
   178  0.278  1.814019e+00 -6.962940e-01 -1.713645e-02   2.084380e+05  -3.915320e+04   3.659225e-07   7.827293e+01   2.978677e+03   1.612853e+05   1.550481e-03  -7.419528e-04  -3.794354e-04   1.449499e-06   5.516068e-05   2.986766e-03  -8.344956e-04  -6.784528e-04   1.232625e-03     1  5.239762e-01
   178  0.389  1.810755e+00 -6.883714e-01 -8.568226e-03   2.065229e+05  -3.880895e+04   3.134628e-07   2.002927e+01   3.536570e+03   1.612140e+05   1.536270e-03  -7.352446e-04  -3.759146e-04   3.709124e-07   6.549204e-05   2.985445e-03  -8.415909e-04  -6.721442e-04   1.235223e-03     1  4.873541e-01
   178  0.500  1.807492e+00 -6.804489e-01  0.000000e+00   2.046078e+05  -3.846469e+04   2.608722e-07  -3.824182e+01   4.077559e+03   1.611427e+05   1.522059e-03  -7.285364e-04  -3.723938e-04  -7.081818e-07   7.551035e-05   2.984124e-03  -8.486862e-04  -6.658355e-04   1.237822e-03     1  4.745191e-01
   178  0.611  1.804229e+00 -6.725264e-01  8.568226e-03   2.026928e+05  -3.812044e+04   2.083107e-07  -9.654033e+01   4.601642e+03   1.610714e+05   1.507849e-03  -7.218281e-04  -3.688730e-04  -1.787784e-06   8.521560e-05   2.982803e-03  -8.557815e-04  -6.595269e-04   1.240420e-03     1  4.873541e-01
   178  0.722  1.800966e+00 -6.646039e-01  1.713645e-02   2.007777e+05  -3.777619e+04   1.557928e-07  -1.548663e+02   5.108821e+03   1.610001e+05   1.493638e-03  -7.151199e-04  -3.653521e-04  -2.867894e-06   9.460780e-05   2.981482e-03  -8.628767e-04  -6.532183e-04   1.243018e-03     1  5.239762e-01
   178  0.833  1.797703e+00 -6.566814e-01  2.570468e-02   1.988626e+05  -3.743194e+04   1.032749e-07  -2.132196e+02   5.599095e+03   1.609287e+05   1.479427e-03  -7.084116e-04  -3.618313e-04  -3.948511e-06   1.036870e-04   2.980162e-03  -8.699720e-04  -6.469097e-04   1.245617e-03     1  5.798961e-01
   178  0.944  1.794440e+00 -6.487588e-01  3.427290e-02   1.969476e+05  -3.708769e+04   5.074253e-08  -2.716004e+02   6.072465e+03   1.608574e+05   1.465217e-03  -7.017034e-04  -3.583105e-04  -5.029637e-06   1.124530e-04   2.978841e-03  -8.770673e-04  -6.406010e-04   1.248215e-03     1  6.501532e-01
   179  0.056  1.887768e+00 -6.843406e-01 -3.427290e-02   2.069669e+05  -3.891015e+04   4.587491e-07   1.911410e+02   3.832142e+03   5.077390e+04   1.539613e-03  -7.369500e-04  -3.766830e-04   3.539648e-06   7.096558e-05   9.402575e-04  -7.504883e-04  -7.181930e-04   1.151164e-03     1  6.450849e-01
   179  0.167  1.884482e+00 -6.764274e-01 -2.570468e-02   2.050582e+05  -3.855182e+04   4.076428e-07   1.312330e+02   3.963341e+03   4.946988e+04   1.525415e-03  -7.301573e-04  -3.732080e-04   2.430242e-06   7.339520e-05   9.161089e-04  -7.580228e-04  -7.114388e-04   1.153968e-03     1  5.742080e-01
   179  0.278  1.881197e+00 -6.685141e-01 -1.713645e-02   2.031495e+05  -3.819349e+04   3.565510e-07   7.140588e+01   4.077024e+03   4.816586e+04   1.511217e-03  -7.233645e-04  -3.697330e-04   1.322331e-06   7.550045e-05   8.919604e-04  -7.655574e-04  -7.046847e-04   1.156773e-03     1  5.176740e-01
   179  0.389  1.877911e+00 -6.606009e-01 -8.568226e-03   2.012408e+05  -3.783516e+04   3.054010e-07   1.165949e+01   4.173192e+03   4.686184e+04   1.497020e-03  -7.165717e-04  -3.662579e-04   2.159164e-07   7.728134e-05   8.678119e-04  -7.730919e-04  -6.979306e-04   1.159577e-03     1  4.805719e-01
   179  0.500  1.874625e+00 -6.526876e-01  0.000000e+00   1.993321e+05  -3.747683e+04   2.541492e-07  -4.800614e+01   4.251845e+03   4.555782e+04   1.482822e-03  -7.097789e-04  -3.627829e-04  -8.890026e-07   7.873786e-05   8.436634e-04  -7.806264e-04  -6.911764e-04   1.162381e-03     1  4.675507e-01
   179  0.611  1.871340e+00 -6.447744e-01  8.568226e-03   1.974234e+05  -3.711850e+04   2.029701e-07  -1.075910e+02   4.312982e+03   4.425380e+04   1.468625e-03  -7.029861e-04  -3.593079e-04  -1.992426e-06   7.987003e-05   8.195148e-04  -7.881610e-04  -6.844223e-04   1.165185e-03     1  4.805719e-01
   179  0.722  1.868054e+00 -6.368611e-01  1.713645e-02   1.955147e+05  -3.676017e+04   1.517619e-07  -1.670951e+02   4.356603e+03   4.294978e+04   1.454427e-03  -6.961934e-04  -3.558329e-04  -3.094353e-06   8.067784e-05   7.953663e-04  -7.956955e-04  -6.776681e-04   1.167990e-03     2  5.176740e-01
   179  0.833  1.864769e+00 -6.289478e-01  2.570468e-02   1.936060e+05  -3.640184e+04   1.005683e-07  -2.265184e+02   4.382709e+03   4.164576e+04   1.440230e-03  -6.894006e-04  -3.523579e-04  -4.194785e-06   8.116128e-05   7.712178e-04  -8.032300e-04  -6.709140e-04   1.170794e-03     2  5.742080e-01
   179  0.944  1.861483e+00 -6.210346e-01  3.427290e-02   1.916973e+05  -3.604351e+04   4.931644e-08  -2.858609e+02   4.391299e+03   4.034174e+04   1.426032e-03  -6.826078e-04  -3.488829e-04  -5.293721e-06   8.132036e-05   7.470693e-04  -8.107646e-04  -6.641598e-04   1.173598e-03     2  6.450849e-01
   180  0.056  1.954538e+00 -6.562820e-01 -3.427290e-02   2.016170e+05  -3.790196e+04   4.467147e-07   3.848365e+02   6.465978e+03   5.053258e+04   1.499810e-03  -7.178838e-04  -3.669516e-04   7.126602e-06   1.197403e-04   9.357886e-04  -7.565753e-04  -7.417571e-04   1.071824e-03     0  1.474078e+00
   180  0.167  1.951184e+00 -6.483972e-01 -2.570468e-02   1.997136e+05  -3.754499e+04   3.969326e-07   2.644626e+02   6.531163e+03   4.941287e+04   1.485653e-03  -7.111125e-04  -3.634854e-04   4.897455e-06   1.209475e-04   9.150531e-04  -7.652106e-04  -7.345770e-04   1.074878e-03     0  1.443851e+00
   180  0.278  1.947831e+00 -6.405123e-01 -1.713645e-02   1.978103e+05  -3.718802e+04   3.470923e-07   1.441869e+02   6.569287e+03   4.829315e+04   1.471496e-03  -7.043411e-04  -3.600193e-04   2.670127e-06   1.216535e-04   8.943175e-04  -7.738459e-04  -7.273970e-04   1.077931e-03     0  1.421688e+00
   180  0.389  1.944478e+00 -6.326275e-01 -8.568226e-03   1.959069e+05  -3.683104e+04   2.973102e-07   2.400948e+01   6.580348e+03   4.717343e+04   1.457338e-03  -6.975698e-04  -3.565531e-04   4.446200e-07   1.218583e-04   8.735820e-04  -7.824811e-04  -7.202169e-04   1.080985e-03     0  1.407970e+00
   180  0.500  1.941125e+00 -6.247427e-01  0.000000e+00   1.940035e+05  -3.647407e+04   2.474408e-07  -9.606962e+01   6.564348e+03   4.605371e+04   1.443181e-03  -6.907985e-04  -3.530870e-04  -1.779067e-06   1.215620e-04   8.528465e-04  -7.911164e-04  -7.130369e-04   1.084038e-03     0  1.402945e+00
   180  0.611  1.937771e+00 -6.168579e-01  8.568226e-03   1.921001e+05  -3.611710e+04   1.976005e-07  -2.160504e+02   6.521286e+03   4.493399e+04   1.429024e-03  -6.840272e-04  -3.496208e-04  -4.000934e-06   1.207646e-04   8.321110e-04  -7.997517e-04  -7.058568e-04   1.087092e-03     0  1.406705e+00
   180  0.722  1.934418e+00 -6.089731e-01  1.713645e-02   1.901967e+05  -3.576013e+04   1.477674e-07  -3.359330e+02   6.451162e+03   4.381428e+04   1.414867e-03  -6.772559e-04  -3.461547e-04  -6.220981e-06   1.194660e-04   8.113755e-04  -8.083869e-04  -6.986768e-04   1.090145e-03     0  1.419181e+00
   180  0.833  1.931065e+00 -6.010883e-01  2.570468e-02   1.882933e+05  -3.540316e+04   9.793439e-08  -4.557172e+02   6.353976e+03   4.269456e+04   1.400709e-03  -6.704845e-04  -3.426885e-04  -8.439208e-06   1.176662e-04   7.906400e-04  -8.170222e-04  -6.914967e-04   1.093199e-03     0  1.440147e+00
   180  0.944  1.927712e+00 -5.932035e-01  3.427290e-02   1.863899e+05  -3.504619e+04   4.799222e-08  -5.754032e+02   6.229728e+03   4.157484e+04   1.386552e-03  -6.637132e-04  -3.392224e-04  -1.065561e-05   1.153653e-04   7.699044e-04  -8.256574e-04  -6.843167e-04   1.096252e-03     0  1.469238e+00
   181  0.056  2.021022e+00 -6.279905e-01 -3.427290e-02   1.962076e+05  -3.688278e+04   4.344474e-07   3.871058e+02   3.681768e+03   5.028368e+04   1.459564e-03  -6.986068e-04  -3.571111e-04   7.168627e-06   6.818090e-05   9.311792e-04  -7.634276e-04  -7.622103e-04   9.892272e-04     0  2.383198e+00
   181  0.167  2.017665e+00 -6.201072e-01 -2.570468e-02   1.943044e+05  -3.652611e+04   3.860041e-07   2.662747e+02   3.719871e+03   4.933948e+04   1.445409e-03  -6.918380e-04  -3.536447e-04   4.931013e-06   6.888649e-05   9.136940e-04  -7.729348e-04  -7.545816e-04   9.924755e-04     0  2.364583e+00
   181  0.278  2.014309e+00 -6.122238e-01 -1.713645e-02   1.924012e+05  -3.616943e+04   3.375608e-07   1.454753e+02   3.742590e+03   4.839528e+04   1.431254e-03  -6.850693e-04  -3.501784e-04   2.693986e-06   6.930722e-05   8.962088e-04  -7.824420e-04  -7.469529e-04   9.957237e-04     0  2.351077e+00
   181  0.389  2.010952e+00 -6.043404e-01 -8.568226e-03   1.904980e+05  -3.581276e+04   2.891175e-07   2.470757e+01   3.749927e+03   4.745107e+04   1.417099e-03  -6.783005e-04  -3.467120e-04   4.575475e-07   6.944309e-05   8.787236e-04  -7.919492e-04  -7.393242e-04   9.989719e-04     0  2.342768e+00
   181  0.500  2.007595e+00 -5.964571e-01  0.000000e+00   1.885948e+05  -3.545608e+04   2.406523e-07  -9.602838e+01   3.741882e+03   4.650687e+04   1.402944e-03  -6.715317e-04  -3.432457e-04  -1.778303e-06   6.929410e-05   8.612384e-04  -8.014564e-04  -7.316955e-04   1.002220e-03     0  2.339713e+00
   181  0.611  2.004239e+00 -5.885737e-01  8.568226e-03   1.866916e+05  -3.509941e+04   1.921580e-07  -2.167326e+02   3.718453e+03   4.556267e+04   1.388789e-03  -6.647629e-04  -3.397793e-04  -4.013567e-06   6.886025e-05   8.437532e-04  -8.109637e-04  -7.240668e-04   1.005468e-03     0  2.341931e+00
   181  0.722  2.000882e+00 -5.806904e-01  1.713645e-02   1.847884e+05  -3.474273e+04   1.436565e-07  -3.374051e+02   3.679643e+03   4.461847e+04   1.374633e-03  -6.579941e-04  -3.363130e-04  -6.248242e-06   6.814153e-05   8.262680e-04  -8.204709e-04  -7.164381e-04   1.008717e-03     0  2.349408e+00
   181  0.833  1.997525e+00 -5.728070e-01  2.570468e-02   1.828852e+05  -3.438606e+04   9.516953e-08  -4.580458e+02   3.625450e+03   4.367427e+04   1.360478e-03  -6.512253e-04  -3.328466e-04  -8.482330e-06   6.713796e-05   8.087828e-04  -8.299781e-04  -7.088094e-04   1.011965e-03     0  2.362093e+00
   181  0.944  1.994169e+00 -5.649237e-01  3.427290e-02   1.809821e+05  -3.402938e+04   4.660251e-08  -5.786548e+02   3.555874e+03   4.273007e+04   1.346323e-03  -6.444565e-04  -3.293802e-04  -1.071583e-05   6.584952e-05   7.912976e-04  -8.394853e-04  -7.011808e-04   1.015213e-03     0  2.379904e+00
   182  0.056  2.087565e+00 -5.996567e-01 -3.427290e-02   1.907892e+05  -3.586195e+04   4.221292e-07   3.874833e+02   2.130990e+03   5.033316e+04   1.419253e-03  -6.792984e-04  -3.472545e-04   7.175618e-06   3.946277e-05   9.320956e-04  -7.704665e-04  -7.797750e-04   9.032892e-04     0  3.308778e+00
   182  0.167  2.084209e+00 -5.917733e-01 -2.570468e-02   1.888860e+05  -3.550552e+04   3.751193e-07   2.665469e+02   2.148261e+03   4.948759e+04   1.405098e-03  -6.725312e-04  -3.437875e-04   4.936054e-06   3.978261e-05   9.164369e-04  -7.806771e-04  -7.716960e-04   9.067293e-04     0  3.295395e+00
   182  0.278  2.080852e+00 -5.838900e-01 -1.713645e-02   1.869827e+05  -3.514908e+04   3.279783e-07   1.456399e+02   2.156749e+03   4.864202e+04   1.390943e-03  -6.657639e-04  -3.403204e-04   2.697035e-06   3.993980e-05   9.007782e-04  -7.908876e-04  -7.636169e-04   9.101693e-04     0  3.285716e+00
   182  0.389  2.077495e+00 -5.760067e-01 -8.568226e-03   1.850794e+05  -3.479265e+04   2.809320e-07   2.476223e+01   2.156455e+03   4.779646e+04   1.376787e-03  -6.589966e-04  -3.368534e-04   4.585599e-07   3.993435e-05   8.851195e-04  -8.010982e-04  -7.555379e-04   9.136094e-04     0  3.279776e+00
   182  0.500  2.074138e+00 -5.681233e-01  0.000000e+00   1.831762e+05  -3.443621e+04   2.338274e-07  -9.608605e+01   2.147378e+03   4.695089e+04   1.362632e-03  -6.522294e-04  -3.333863e-04  -1.779371e-06   3.976626e-05   8.694609e-04  -8.113088e-04  -7.474589e-04   9.170494e-04     0  3.277593e+00
   182  0.611  2.070782e+00 -5.602400e-01  8.568226e-03   1.812729e+05  -3.407978e+04   1.867011e-07  -2.169050e+02   2.129519e+03   4.610532e+04   1.348477e-03  -6.454621e-04  -3.299192e-04  -4.016759e-06   3.943553e-05   8.538022e-04  -8.215194e-04  -7.393798e-04   9.204895e-04     0  3.279176e+00
   182  0.722  2.067425e+00 -5.523567e-01  1.713645e-02   1.793697e+05  -3.372334e+04   1.395965e-07  -3.376945e+02   2.102877e+03   4.525975e+04   1.334322e-03  -6.386948e-04  -3.264522e-04  -6.253602e-06   3.894216e-05   8.381435e-04  -8.317299e-04  -7.313008e-04   9.239296e-04     0  3.284519e+00
   182  0.833  2.064068e+00 -5.444734e-01  2.570468e-02   1.774664e+05  -3.336691e+04   9.248470e-08  -4.584546e+02   2.067452e+03   4.441418e+04   1.320167e-03  -6.319276e-04  -3.229851e-04  -8.489901e-06   3.828615e-05   8.224848e-04  -8.419405e-04  -7.232218e-04   9.273696e-04     0  3.293604e+00
   182  0.944  2.060711e+00 -5.365900e-01  3.427290e-02   1.755632e+05  -3.301047e+04   4.526373e-08  -5.791854e+02   2.023245e+03   4.356861e+04   1.306012e-03  -6.251603e-04  -3.195181e-04  -1.072566e-05   3.746749e-05   8.068261e-04  -8.521511e-04  -7.151427e-04   9.308097e-04     0  3.306400e+00
   183  0.056  2.154111e+00 -5.713159e-01 -3.427290e-02   1.853693e+05  -3.484083e+04   4.098038e-07   3.877015e+02   1.241636e+03   5.054475e+04   1.378930e-03  -6.599845e-04  -3.373951e-04   7.179658e-06   2.299327e-05   9.360139e-04  -7.773923e-04  -7.944278e-04   8.140913e-04     0  4.239830e+00
   183  0.167  2.150753e+00 -5.634330e-01 -2.570468e-02   1.834661e+05  -3.448465e+04   3.641544e-07   2.667017e+02   1.246095e+03   4.975392e+04   1.364775e-03  -6.532190e-04  -3.339275e-04   4.938919e-06   2.307583e-05   9.213690e-04  -7.882105e-04  -7.858990e-04   8.177242e-04     0  4.229380e+00
   183  0.278  2.147395e+00 -5.555502e-01 -1.713645e-02   1.815628e+05  -3.412847e+04   3.184250e-07   1.457329e+02   1.245570e+03   4.896310e+04   1.350621e-03  -6.464536e-04  -3.304599e-04   2.698757e-06   2.306611e-05   9.067240e-04  -7.990287e-04  -7.773702e-04   8.213572e-04     0  4.221830e+00
   183  0.389  2.144038e+00 -5.476673e-01 -8.568226e-03   1.796596e+05  -3.377229e+04   2.727465e-07   2.479514e+01   1.240063e+03   4.817227e+04   1.336466e-03  -6.396881e-04  -3.269923e-04   4.591692e-07   2.296412e-05   8.920791e-04  -8.098469e-04  -7.688415e-04   8.249902e-04     0  4.217194e+00
   183  0.500  2.140680e+00 -5.397844e-01  0.000000e+00   1.777563e+05  -3.341611e+04   2.269735e-07  -9.611152e+01   1.229572e+03   4.738145e+04   1.322312e-03  -6.329227e-04  -3.235247e-04  -1.779843e-06   2.276985e-05   8.774342e-04  -8.206651e-04  -7.603127e-04   8.286231e-04     0  4.215483e+00
   183  0.611  2.137322e+00 -5.319016e-01  8.568226e-03   1.758531e+05  -3.305993e+04   1.812441e-07  -2.169871e+02   1.214099e+03   4.659062e+04   1.308157e-03  -6.261573e-04  -3.200571e-04  -4.018280e-06   2.248331e-05   8.627892e-04  -8.314832e-04  -7.517839e-04   8.322561e-04     0  4.216700e+00
   183  0.722  2.133964e+00 -5.240187e-01  1.713645e-02   1.739498e+05  -3.270375e+04   1.355220e-07  -3.378316e+02   1.193642e+03   4.579979e+04   1.294003e-03  -6.193918e-04  -3.165895e-04  -6.256142e-06   2.210449e-05   8.481443e-04  -8.423014e-04  -7.432551e-04   8.358891e-04     0  4.220843e+00
   183  0.833  2.130606e+00 -5.161359e-01  2.570468e-02   1.720466e+05  -3.234757e+04   8.976349e-08  -4.586451e+02   1.168203e+03   4.500897e+04   1.279849e-03  -6.126264e-04  -3.131219e-04  -8.493428e-06   2.163339e-05   8.334994e-04  -8.531196e-04  -7.347263e-04   8.395220e-04     0  4.227903e+00
   183  0.944  2.127248e+00 -5.082530e-01  3.427290e-02   1.701434e+05  -3.199139e+04   4.404865e-08  -5.794275e+02   1.137781e+03   4.421814e+04   1.265694e-03  -6.058609e-04  -3.096543e-04  -1.073014e-05   2.107002e-05   8.188545e-04  -8.639378e-04  -7.261975e-04   8.431550e-04     0  4.237865e+00
   184  0.056  2.220656e+00 -5.429606e-01 -3.427290e-02   1.799460e+05  -3.381906e+04   3.974419e-07   3.878239e+02   7.219845e+02   5.084431e+04   1.338581e-03  -6.406584e-04  -3.275294e-04   7.181925e-06   1.337008e-05   9.415613e-04  -7.840677e-04  -8.061572e-04   7.216336e-04     0  5.173417e+00
   184  0.167  2.217296e+00 -5.350786e-01 -2.570468e-02   1.780428e+05  -3.346315e+04   3.531895e-07   2.667967e+02   7.184968e+02   5.008279e+04   1.324428e-03  -6.338950e-04  -3.240614e-04   4.940680e-06   1.330550e-05   9.274590e-04  -7.954389e-04  -7.971792e-04   7.254605e-04     0  5.164832e+00
   184  0.278  2.213936e+00 -5.271965e-01 -1.713645e-02   1.761397e+05  -3.310724e+04   3.088717e-07   1.457981e+02   7.122543e+02   4.932126e+04   1.310275e-03  -6.271316e-04  -3.205934e-04   2.699964e-06   1.318989e-05   9.133567e-04  -8.068101e-04  -7.882013e-04   7.292874e-04     0  5.158626e+00
   184  0.389  2.210576e+00 -5.193145e-01 -8.568226e-03   1.742365e+05  -3.275133e+04   2.645320e-07   2.482796e+01   7.032570e+02   4.855974e+04   1.296121e-03  -6.203682e-04  -3.171254e-04   4.597770e-07   1.302328e-05   8.992544e-04  -8.181813e-04  -7.792233e-04   7.331143e-04     0  5.154808e+00
   184  0.500  2.207217e+00 -5.114325e-01  0.000000e+00   1.723333e+05  -3.239542e+04   2.201705e-07  -9.611359e+01   6.915051e+02   4.779821e+04   1.281968e-03  -6.136048e-04  -3.136573e-04  -1.779881e-06   1.280565e-05   8.851521e-04  -8.295524e-04  -7.702454e-04   7.369412e-04     0  5.153384e+00
   184  0.611  2.203857e+00 -5.035504e-01  8.568226e-03   1.704302e+05  -3.203951e+04   1.757726e-07  -2.170266e+02   6.769984e+02   4.703669e+04   1.267815e-03  -6.068415e-04  -3.101893e-04  -4.019011e-06   1.253701e-05   8.710498e-04  -8.409236e-04  -7.612674e-04   7.407681e-04     0  5.154355e+00
   184  0.722  2.200497e+00 -4.956684e-01  1.713645e-02   1.685270e+05  -3.168360e+04   1.313892e-07  -3.379110e+02   6.597370e+02   4.627516e+04   1.253661e-03  -6.000781e-04  -3.067213e-04  -6.257612e-06   1.221735e-05   8.569475e-04  -8.522948e-04  -7.522895e-04   7.445950e-04     0  5.157720e+00
   184  0.833  2.197137e+00 -4.877863e-01  2.570468e-02   1.666238e+05  -3.132769e+04   8.706411e-08  -4.587669e+02   6.397208e+02   4.551364e+04   1.239508e-03  -5.933147e-04  -3.032533e-04  -8.495683e-06   1.184668e-05   8.428451e-04  -8.636660e-04  -7.433115e-04   7.484219e-04     0  5.163474e+00
   184  0.944  2.193777e+00 -4.799043e-01  3.427290e-02   1.647207e+05  -3.097178e+04   4.268077e-08  -5.795942e+02   6.169500e+02   4.475211e+04   1.225355e-03  -5.865513e-04  -2.997853e-04  -1.073323e-05   1.142500e-05   8.287428e-04  -8.750372e-04  -7.343336e-04   7.522488e-04     0  5.171609e+00
   185  0.056  2.287193e+00 -5.146056e-01 -3.427290e-02   1.745226e+05  -3.279730e+04   3.851528e-07   3.878195e+02   3.940483e+02   5.119159e+04   1.298232e-03  -6.213321e-04  -3.176636e-04   7.181843e-06   7.297191e-06   9.479925e-04  -7.903767e-04  -8.149863e-04   6.259287e-04     0  5.186106e+00
   185  0.167  2.283835e+00 -5.067230e-01 -2.570468e-02   1.726193e+05  -3.244160e+04   3.422465e-07   2.667950e+02   3.862734e+02   5.044408e+04   1.284078e-03  -6.145698e-04  -3.141947e-04   4.940648e-06   7.153211e-06   9.341497e-04  -8.022758e-04  -8.055576e-04   6.299458e-04     0  5.178747e+00
   185  0.278  2.280476e+00 -4.988403e-01 -1.713645e-02   1.707159e+05  -3.208590e+04   2.993111e-07   1.457952e+02   3.771384e+02   4.969657e+04   1.269924e-03  -6.078075e-04  -3.107258e-04   2.699911e-06   6.984045e-06   9.203068e-04  -8.141748e-04  -7.961290e-04   6.339628e-04     0  5.173765e+00
   185  0.389  2.277118e+00 -4.909577e-01 -8.568226e-03   1.688126e+05  -3.173020e+04   2.563320e-07   2.482011e+01   3.666434e+02   4.894906e+04   1.255770e-03  -6.010452e-04  -3.072569e-04   4.596317e-07   6.789693e-06   9.064640e-04  -8.260738e-04  -7.867003e-04   6.379799e-04     0  5.171165e+00
   185  0.500  2.273760e+00 -4.830751e-01  0.000000e+00   1.669092e+05  -3.137451e+04   2.133165e-07  -9.613025e+01   3.547884e+02   4.820154e+04   1.241616e-03  -5.942828e-04  -3.037879e-04  -1.780190e-06   6.570156e-06   8.926212e-04  -8.379728e-04  -7.772716e-04   6.419969e-04     0  5.170953e+00
   185  0.611  2.270401e+00 -4.751924e-01  8.568226e-03   1.650058e+05  -3.101881e+04   1.703083e-07  -2.170559e+02   3.415734e+02   4.745403e+04   1.227461e-03  -5.875205e-04  -3.003190e-04  -4.019553e-06   6.325434e-06   8.787784e-04  -8.498719e-04  -7.678430e-04   6.460140e-04     0  5.173127e+00
   185  0.722  2.267043e+00 -4.673098e-01  1.713645e-02   1.631025e+05  -3.066311e+04   1.273002e-07  -3.379568e+02   3.269984e+02   4.670652e+04   1.213307e-03  -5.807582e-04  -2.968501e-04  -6.258459e-06   6.055527e-06   8.649355e-04  -8.617709e-04  -7.584143e-04   6.500310e-04     0  5.177686e+00
   185  0.833  2.263685e+00 -4.594272e-01  2.570468e-02   1.611991e+05  -3.030742e+04   8.432835e-08  -4.588330e+02   3.110634e+02   4.595901e+04   1.199153e-03  -5.739959e-04  -2.933812e-04  -8.496907e-06   5.760434e-06   8.510927e-04  -8.736699e-04  -7.489856e-04   6.540481e-04     0  5.184622e+00
   185  0.944  2.260326e+00 -4.515445e-01  3.427290e-02   1.592958e+05  -2.995172e+04   4.134199e-08  -5.796844e+02   2.937684e+02   4.521149e+04   1.184999e-03  -5.672336e-04  -2.899123e-04  -1.073490e-05   5.440155e-06   8.372499e-04  -8.855689e-04  -7.395570e-04   6.580651e-04     0  5.193927e+00
   186  0.056  2.353797e+00 -4.862400e-01 -3.427290e-02   1.690980e+05  -3.177528e+04   3.728419e-07   3.847844e+02   2.800753e+02   5.155742e+04   1.257874e-03  -6.020012e-04  -3.077955e-04   7.125636e-06   5.186579e-06   9.547670e-04  -7.962509e-04  -8.209379e-04   5.268821e-04     0  4.250740e+00
   186  0.167  2.350440e+00 -4.783565e-01 -2.570468e-02   1.671944e+05  -3.141979e+04   3.313107e-07   2.646839e+02   2.638597e+02   5.081550e+04   1.243718e-03  -5.952397e-04  -3.043256e-04   4.901554e-06   4.886292e-06   9.410278e-04  -8.086686e-04  -8.110577e-04   5.310884e-04     0  4.241726e+00
   186  0.278  2.347084e+00 -4.704729e-01 -1.713645e-02   1.652908e+05  -3.106429e+04   2.897214e-07   1.445605e+02   2.468836e+02   5.007359e+04   1.229563e-03  -5.884783e-04  -3.008557e-04   2.677046e-06   4.571918e-06   9.272887e-04  -8.210862e-04  -8.011775e-04   5.352946e-04     0  4.235608e+00
   186  0.389  2.343728e+00 -4.625894e-01 -8.568226e-03   1.633871e+05  -3.070880e+04   2.481465e-07   2.441419e+01   2.291467e+02   4.933167e+04   1.215407e-03  -5.817169e-04  -2.973857e-04   4.521147e-07   4.243458e-06   9.135495e-04  -8.335039e-04  -7.912973e-04   5.395009e-04     0  4.232399e+00
   186  0.500  2.340372e+00 -4.547059e-01  0.000000e+00   1.614835e+05  -3.035331e+04   2.064917e-07  -9.575504e+01   2.106492e+02   4.858976e+04   1.201252e-03  -5.749555e-04  -2.939158e-04  -1.773241e-06   3.900912e-06   8.998103e-04  -8.459216e-04  -7.814171e-04   5.437072e-04     0  4.232106e+00
   186  0.611  2.337016e+00 -4.468223e-01  8.568226e-03   1.595799e+05  -2.999781e+04   1.648805e-07  -2.159472e+02   1.913911e+02   4.784784e+04   1.187096e-03  -5.681940e-04  -2.904458e-04  -3.999022e-06   3.544279e-06   8.860712e-04  -8.583393e-04  -7.715369e-04   5.479134e-04     0  4.234730e+00
   186  0.722  2.333659e+00 -4.389388e-01  1.713645e-02   1.576763e+05  -2.964232e+04   1.232402e-07  -3.361623e+02   1.713723e+02   4.710593e+04   1.172941e-03  -5.614326e-04  -2.869759e-04  -6.225227e-06   3.173560e-06   8.723320e-04  -8.707570e-04  -7.616567e-04   5.521197e-04     0  4.240264e+00
   186  0.833  2.330303e+00 -4.310552e-01  2.570468e-02   1.557727e+05  -2.928683e+04   8.159259e-08  -4.564002e+02   1.505928e+02   4.636402e+04   1.158786e-03  -5.546712e-04  -2.835060e-04  -8.451856e-06   2.788755e-06   8.585929e-04  -8.831747e-04  -7.517765e-04   5.563260e-04     0  4.248698e+00
   186  0.944  2.326947e+00 -4.231717e-01  3.427290e-02   1.538691e+05  -2.893133e+04   3.992318e-08  -5.766611e+02   1.290526e+02   4.562210e+04   1.144630e-03  -5.479097e-04  -2.800360e-04  -1.067891e-05   2.389863e-06   8.448537e-04  -8.955924e-04  -7.418963e-04   5.605322e-04     0  4.260014e+00
   187  0.056  2.420401e+00 -4.581492e-01 -3.427290e-02   1.637375e+05  -3.076533e+04   3.607274e-07   3.777662e+02   2.055606e+02   5.192438e+04   1.217993e-03  -5.828989e-04  -2.980444e-04   6.995669e-06   3.806677e-06   9.615627e-04  -8.013271e-04  -8.244664e-04   4.246768e-04     0  3.319073e+00
   187  0.167  2.417098e+00 -4.502433e-01 -2.570468e-02   1.618296e+05  -3.040924e+04   3.205059e-07   2.596412e+02   1.971344e+02   5.118480e+04   1.203806e-03  -5.761236e-04  -2.945660e-04   4.808171e-06   3.650638e-06   9.478667e-04  -8.142632e-04  -8.141052e-04   4.290057e-04     0  3.306670e+00
   187  0.278  2.413795e+00 -4.423374e-01 -1.713645e-02   1.599216e+05  -3.005316e+04   2.802262e-07   1.414577e+02   1.881223e+02   5.044521e+04   1.189618e-03  -5.693483e-04  -2.910877e-04   2.619587e-06   3.483747e-06   9.341706e-04  -8.271993e-04  -8.037440e-04   4.333346e-04     0  3.297966e+00
   187  0.389  2.410492e+00 -4.344314e-01 -8.568226e-03   1.580137e+05  -2.969707e+04   2.399756e-07   2.321546e+01   1.785243e+02   4.970563e+04   1.175431e-03  -5.625730e-04  -2.876093e-04   4.299159e-07   3.306005e-06   9.204746e-04  -8.401355e-04  -7.933829e-04   4.376635e-04     0  3.292989e+00
   187  0.500  2.407189e+00 -4.265255e-01  0.000000e+00   1.561058e+05  -2.934099e+04   1.997178e-07  -9.508540e+01   1.683403e+02   4.896604e+04   1.161244e-03  -5.557976e-04  -2.841310e-04  -1.760841e-06   3.117412e-06   9.067786e-04  -8.530716e-04  -7.830217e-04   4.419924e-04     0  3.291758e+00
   187  0.611  2.403886e+00 -4.186195e-01  8.568226e-03   1.541978e+05  -2.898490e+04   1.594599e-07  -2.134449e+02   1.575703e+02   4.822646e+04   1.147057e-03  -5.490223e-04  -2.806526e-04  -3.952684e-06   2.917969e-06   8.930826e-04  -8.660077e-04  -7.726605e-04   4.463213e-04     0  3.294277e+00
   187  0.722  2.400582e+00 -4.107136e-01  1.713645e-02   1.522899e+05  -2.862882e+04   1.191802e-07  -3.318631e+02   1.462144e+02   4.748687e+04   1.132870e-03  -5.422470e-04  -2.771743e-04  -6.145612e-06   2.707674e-06   8.793866e-04  -8.789438e-04  -7.622994e-04   4.506502e-04     0  3.300536e+00
   187  0.833  2.397279e+00 -4.028076e-01  2.570468e-02   1.503819e+05  -2.827273e+04   7.894414e-08  -4.503399e+02   1.342725e+02   4.674729e+04   1.118682e-03  -5.354717e-04  -2.736960e-04  -8.339627e-06   2.486528e-06   8.656905e-04  -8.918799e-04  -7.519382e-04   4.549791e-04     0  3.310514e+00
   187  0.944  2.393976e+00 -3.949017e-01  3.427290e-02   1.484740e+05  -2.791665e+04   3.862078e-08  -5.688753e+02   1.217447e+02   4.600770e+04   1.104495e-03  -5.286964e-04  -2.702176e-04  -1.053473e-05   2.254532e-06   8.519945e-04  -9.048160e-04  -7.415770e-04   4.593080e-04     0  3.324179e+00
   188  0.056  2.487204e+00 -4.304628e-01 -3.427290e-02   1.584752e+05  -2.977363e+04   3.487512e-07   3.723063e+02   8.720300e+01   5.229310e+04   1.178842e-03  -5.641447e-04  -2.884722e-04   6.894561e-06   1.614870e-06   9.683908e-04  -8.051360e-04  -8.257591e-04   3.191650e-04     0  2.392570e+00
   188  0.167  2.483946e+00 -4.225381e-01 -2.570468e-02   1.565636e+05  -2.941714e+04   3.098321e-07   2.555298e+02   8.258779e+01   5.155334e+04   1.164628e-03  -5.573583e-04  -2.849866e-04   4.732033e-06   1.529403e-06   9.546915e-04  -8.186296e-04  -8.149186e-04   3.236216e-04     0  2.374580e+00
   188  0.278  2.480688e+00 -4.146134e-01 -1.713645e-02   1.546520e+05  -2.906065e+04   2.709130e-07   1.387459e+02   7.780330e+01   5.081358e+04   1.150414e-03  -5.505720e-04  -2.815010e-04   2.569368e-06   1.440802e-06   9.409922e-04  -8.321231e-04  -8.040781e-04   3.280782e-04     0  2.361686e+00
   188  0.389  2.477430e+00 -4.066887e-01 -8.568226e-03   1.527404e+05  -2.870417e+04   2.320157e-07   2.195459e+01   7.284955e+01   5.007381e+04   1.136200e-03  -5.437857e-04  -2.780153e-04   4.065664e-07   1.349066e-06   9.272928e-04  -8.456167e-04  -7.932377e-04   3.325348e-04     0  2.353972e+00
   188  0.500  2.474172e+00 -3.987640e-01  0.000000e+00   1.508289e+05  -2.834768e+04   1.930748e-07  -9.484408e+01   6.772652e+01   4.933405e+04   1.121987e-03  -5.369994e-04  -2.745297e-04  -1.756372e-06   1.254195e-06   9.135935e-04  -8.591102e-04  -7.823972e-04   3.369913e-04     0  2.351488e+00
   188  0.611  2.470914e+00 -3.908393e-01  8.568226e-03   1.489173e+05  -2.799119e+04   1.541484e-07  -2.116501e+02   6.243422e+01   4.859429e+04   1.107773e-03  -5.302131e-04  -2.710441e-04  -3.919447e-06   1.156189e-06   8.998942e-04  -8.726038e-04  -7.715567e-04   3.414479e-04     0  2.354251e+00
   188  0.722  2.467656e+00 -3.829146e-01  1.713645e-02   1.470057e+05  -2.763471e+04   1.152002e-07  -3.284635e+02   5.697265e+01   4.785452e+04   1.093559e-03  -5.234268e-04  -2.675585e-04  -6.082658e-06   1.055049e-06   8.861949e-04  -8.860973e-04  -7.607163e-04   3.459045e-04     0  2.362244e+00
   188  0.833  2.464398e+00 -3.749900e-01  2.570468e-02   1.450941e+05  -2.727822e+04   7.629569e-08  -4.452843e+02   5.134181e+01   4.711476e+04   1.079345e-03  -5.166405e-04  -2.640729e-04  -8.246006e-06   9.507743e-07   8.724956e-04  -8.995909e-04  -7.498758e-04   3.503611e-04     0  2.375412e+00
   188  0.944  2.461141e+00 -3.670653e-01  3.427290e-02   1.431825e+05  -2.692173e+04   3.734021e-08  -5.621125e+02   4.554170e+01   4.637500e+04   1.065132e-03  -5.098541e-04  -2.605872e-04  -1.040949e-05   8.433648e-07   8.587962e-04  -9.130844e-04  -7.390354e-04   3.548177e-04     0  2.393671e+00
   189  0.056  2.554171e+00 -4.029498e-01 -3.427290e-02   1.532565e+05  -2.878997e+04   3.368405e-07   3.700158e+02  -4.577898e+01   5.266652e+04   1.140014e-03  -5.455445e-04  -2.789797e-04   6.852145e-06  -8.477589e-07   9.753060e-04  -8.083593e-04  -8.244499e-04   2.102469e-04     0  1.480071e+00
   189  0.167  2.550917e+00 -3.950236e-01 -2.570468e-02   1.513445e+05  -2.843376e+04   2.993183e-07   2.537777e+02  -6.055549e+01   5.192184e+04   1.125798e-03  -5.387593e-04  -2.754926e-04   4.699587e-06  -1.121398e-06   9.615155e-04  -8.223634e-04  -8.131528e-04   2.148852e-04     0  1.450744e+00
   189  0.278  2.547663e+00 -3.870974e-01 -1.713645e-02   1.494325e+05  -2.807755e+04   2.617307e-07   1.375602e+02  -7.479708e+01   5.117716e+04   1.111582e-03  -5.319741e-04  -2.720055e-04   2.547411e-06  -1.385131e-06   9.477251e-04  -8.363674e-04  -8.018558e-04   2.195234e-04     0  1.429474e+00
   189  0.389  2.544409e+00 -3.791712e-01 -8.568226e-03   1.475205e+05  -2.772134e+04   2.241359e-07   2.136322e+01  -8.850375e+01   5.043248e+04   1.097367e-03  -5.251888e-04  -2.685184e-04   3.956152e-07  -1.638958e-06   9.339347e-04  -8.503715e-04  -7.905587e-04   2.241617e-04     0  1.416625e+00
   189  0.500  2.541154e+00 -3.712451e-01  0.000000e+00   1.456086e+05  -2.736513e+04   1.865192e-07  -9.481315e+01  -1.016755e+02   4.968779e+04   1.083151e-03  -5.184036e-04  -2.650312e-04  -1.755799e-06  -1.882880e-06   9.201443e-04  -8.643756e-04  -7.792616e-04   2.287999e-04     0  1.412426e+00
   189  0.611  2.537900e+00 -3.633189e-01  8.568226e-03   1.436966e+05  -2.700892e+04   1.488806e-07  -2.109689e+02  -1.143124e+02   4.894311e+04   1.068935e-03  -5.116183e-04  -2.615441e-04  -3.906832e-06  -2.116895e-06   9.063539e-04  -8.783797e-04  -7.679645e-04   2.334382e-04     0  1.416954e+00
   189  0.722  2.534646e+00 -3.553927e-01  1.713645e-02   1.417846e+05  -2.665271e+04   1.112421e-07  -3.271042e+02  -1.264143e+02   4.819843e+04   1.054719e-03  -5.048331e-04  -2.580570e-04  -6.057485e-06  -2.341005e-06   8.925635e-04  -8.923838e-04  -7.566675e-04   2.380764e-04     0  1.430127e+00
   189  0.833  2.531392e+00 -3.474665e-01  2.570468e-02   1.398726e+05  -2.629650e+04   7.367635e-08  -4.432188e+02  -1.379813e+02   4.745375e+04   1.040503e-03  -4.980479e-04  -2.545699e-04  -8.207756e-06  -2.555209e-06   8.787731e-04  -9.063879e-04  -7.453704e-04   2.427147e-04     0  1.451708e+00
   189  0.944  2.528137e+00 -3.395404e-01  3.427290e-02   1.379606e+05  -2.594030e+04   3.606692e-08  -5.593129e+02  -1.490134e+02   4.670907e+04   1.026287e-03  -4.912626e-04  -2.510828e-04  -1.035765e-05  -2.759507e-06   8.649827e-04  -9.203919e-04  -7.340733e-04   2.473529e-04     0  1.481332e+00
   190  0.056  2.621249e+00 -3.754972e-01 -3.427290e-02   1.480539e+05  -2.780932e+04   3.249588e-07   3.603804e+02   7.153560e+01   5.302759e+04   1.101306e-03  -5.270015e-04  -2.695165e-04   6.673712e-06   1.324733e-06   9.819923e-04  -8.109165e-04  -8.204916e-04   9.784975e-05     1  6.479946e-01
   190  0.167  2.618012e+00 -3.675637e-01 -2.570468e-02   1.461404e+05  -2.745318e+04   2.887828e-07   2.470284e+02   4.126951e+01   5.227592e+04   1.087080e-03  -5.202135e-04  -2.660259e-04   4.574600e-06   7.642502e-07   9.680726e-04  -8.254604e-04  -8.087283e-04   1.026488e-04     1  5.774748e-01
   190  0.278  2.614776e+00 -3.596303e-01 -1.713645e-02   1.442269e+05  -2.709704e+04   2.525194e-07   1.335761e+02   1.131985e+01   5.152425e+04   1.072854e-03  -5.134254e-04  -2.625354e-04   2.473631e-06   2.096269e-07   9.541528e-04  -8.400043e-04  -7.969650e-04   1.074479e-04     1  5.212953e-01
   190  0.389  2.611539e+00 -3.516969e-01 -8.568226e-03   1.423135e+05  -2.674090e+04   2.162633e-07   2.002359e+01  -1.831338e+01   5.077258e+04   1.058628e-03  -5.066374e-04  -2.590448e-04   3.708071e-07  -3.391367e-07   9.402330e-04  -8.545481e-04  -7.852017e-04   1.122470e-04     1  4.844706e-01
   190  0.500  2.608303e+00 -3.437635e-01  0.000000e+00   1.404000e+05  -2.638476e+04   1.799417e-07  -9.362915e+01  -4.763018e+01   5.002092e+04   1.044402e-03  -4.998493e-04  -2.555542e-04  -1.733873e-06  -8.820404e-07   9.263133e-04  -8.690920e-04  -7.734384e-04   1.170461e-04     1  4.715571e-01
   190  0.611  2.605066e+00 -3.358301e-01  8.568226e-03   1.384866e+05  -2.602862e+04   1.436492e-07  -2.073821e+02  -7.663056e+01   4.926925e+04   1.030176e-03  -4.930613e-04  -2.520636e-04  -3.840410e-06  -1.419084e-06   9.123935e-04  -8.836359e-04  -7.616751e-04   1.218452e-04     1  4.844706e-01
   190  0.722  2.601829e+00 -3.278967e-01  1.713645e-02   1.365731e+05  -2.567249e+04   1.073422e-07  -3.212353e+02  -1.053145e+02   4.851758e+04   1.015950e-03  -4.862732e-04  -2.485730e-04  -5.948802e-06  -1.950269e-06   8.984738e-04  -8.981797e-04  -7.499118e-04   1.266442e-04     1  5.212953e-01
   190  0.833  2.598593e+00 -3.199633e-01  2.570468e-02   1.346597e+05  -2.531635e+04   7.105700e-08  -4.351887e+02  -1.336820e+02   4.776592e+04   1.001724e-03  -4.794852e-04  -2.450825e-04  -8.059050e-06  -2.475593e-06   8.845540e-04  -9.127236e-04  -7.381485e-04   1.314433e-04     1  5.774748e-01
   190  0.944  2.595356e+00 -3.120299e-01  3.427290e-02   1.327462e+05  -2.496021e+04   3.479363e-08  -5.492424e+02  -1.617331e+02   4.701425e+04   9.874981e-04  -4.726971e-04  -2.415919e-04  -1.017115e-05  -2.995058e-06   8.706343e-04  -9.272675e-04  -7.263852e-04   1.362424e-04     1  6.479946e-01
   191  0.056  2.688281e+00 -3.488672e-01 -3.427290e-02   1.430427e+05  -2.686456e+04   3.135065e-07   3.450832e+02   1.308033e+02   5.336566e+04   1.064023e-03  -5.091396e-04  -2.604020e-04   6.390430e-06   2.422284e-06   9.882529e-04  -8.118407e-04  -8.152344e-04  -1.753152e-05     1  6.483229e-01
   191  0.167  2.685191e+00 -3.408756e-01 -2.570468e-02   1.411182e+05  -2.650665e+04   2.786037e-07   2.358898e+02   1.385058e+02   5.261155e+04   1.049715e-03  -5.023143e-04  -2.568907e-04   4.368330e-06   2.564922e-06   9.742879e-04  -8.269209e-04  -8.029229e-04  -1.277116e-05     1  5.778432e-01
   191  0.278  2.682101e+00 -3.328840e-01 -1.713645e-02   1.391937e+05  -2.614874e+04   2.436282e-07   1.265827e+02   1.456659e+02   5.185744e+04   1.035408e-03  -4.954891e-04  -2.533793e-04   2.344125e-06   2.697516e-06   9.603229e-04  -8.420010e-04  -7.906113e-04  -8.010798e-06     1  5.217034e-01
   191  0.389  2.679011e+00 -3.248923e-01 -8.568226e-03   1.372692e+05  -2.579083e+04   2.086526e-07   1.716197e+01   1.522836e+02   5.110333e+04   1.021100e-03  -4.886638e-04  -2.498679e-04   3.178143e-07   2.820067e-06   9.463579e-04  -8.570811e-04  -7.782997e-04  -3.250435e-06     1  4.849096e-01
   191  0.500  2.675921e+00 -3.169007e-01  0.000000e+00   1.353446e+05  -2.543292e+04   1.736116e-07  -9.237250e+01   1.583590e+02   5.034922e+04   1.006792e-03  -4.818386e-04  -2.463565e-04  -1.710602e-06   2.932574e-06   9.323930e-04  -8.721612e-04  -7.659881e-04   1.509928e-06     1  4.720081e-01
   191  0.611  2.672831e+00 -3.089091e-01  8.568226e-03   1.334201e+05  -2.507501e+04   1.385706e-07  -2.020207e+02   1.638920e+02   4.959511e+04   9.924849e-04  -4.750133e-04  -2.428452e-04  -3.741123e-06   3.035037e-06   9.184280e-04  -8.872413e-04  -7.536766e-04   6.270290e-06     1  4.849096e-01
   191  0.722  2.669741e+00 -3.009174e-01  1.713645e-02   1.314956e+05  -2.471710e+04   1.035369e-07  -3.117825e+02   1.688826e+02   4.884100e+04   9.781773e-04  -4.681881e-04  -2.393338e-04  -5.773750e-06   3.127456e-06   9.044630e-04  -9.023215e-04  -7.413650e-04   1.103065e-05     1  5.217034e-01
   191  0.833  2.666651e+00 -2.929258e-01  2.570468e-02   1.295711e+05  -2.435918e+04   6.853224e-08  -4.216581e+02   1.733309e+02   4.808689e+04   9.638698e-04  -4.613628e-04  -2.358224e-04  -7.808483e-06   3.209832e-06   8.904980e-04  -9.174016e-04  -7.290534e-04   1.579102e-05     1  5.778432e-01
   191  0.944  2.663561e+00 -2.849342e-01  3.427290e-02   1.276466e+05  -2.400127e+04   3.349123e-08  -5.316473e+02   1.772369e+02   4.733278e+04   9.495622e-04  -4.545376e-04  -2.323110e-04  -9.845320e-06   3.282165e-06   8.765330e-04  -9.324817e-04  -7.167418e-04   2.055138e-05     1  6.483229e-01
   192  0.056  2.755908e+00 -3.229463e-01 -3.427290e-02   1.382081e+05  -2.595251e+04   3.025998e-07   3.367627e+02   1.190385e+02   5.368929e+04   1.028051e-03  -4.919029e-04  -2.516100e-04   6.236346e-06   2.204417e-06   9.942462e-04  -8.106820e-04  -8.084566e-04  -1.368017e-04     0  1.480352e+00
   192  0.167  2.752865e+00 -3.149367e-01 -2.570468e-02   1.362801e+05  -2.559444e+04   2.688539e-07   2.294915e+02   1.169621e+02   5.293549e+04   1.013719e-03  -4.850687e-04  -2.480911e-04   4.249842e-06   2.165965e-06   9.802868e-04  -8.263364e-04  -7.956536e-04  -1.319376e-04     0  1.451294e+00
   192  0.278  2.749822e+00 -3.069270e-01 -1.713645e-02   1.343520e+05  -2.523637e+04   2.350789e-07   1.222381e+02   1.145522e+02   5.218168e+04   9.993862e-04  -4.782344e-04  -2.445722e-04   2.263668e-06   2.121338e-06   9.663274e-04  -8.419909e-04  -7.828506e-04  -1.270734e-04     0  1.430300e+00
   192  0.389  2.746779e+00 -2.989174e-01 -8.568226e-03   1.324240e+05  -2.487830e+04   2.013112e-07   1.500253e+01   1.118090e+02   5.142787e+04   9.850536e-04  -4.714002e-04  -2.410533e-04   2.778246e-07   2.070536e-06   9.523680e-04  -8.576454e-04  -7.700476e-04  -1.222093e-04     0  1.417728e+00
   192  0.500  2.743736e+00 -2.909077e-01  0.000000e+00   1.304960e+05  -2.452023e+04   1.675071e-07  -9.221520e+01   1.087323e+02   5.067407e+04   9.707211e-04  -4.645659e-04  -2.375345e-04  -1.707689e-06   2.013561e-06   9.384087e-04  -8.732998e-04  -7.572446e-04  -1.173452e-04     0  1.413804e+00
   192  0.611  2.740693e+00 -2.828981e-01  8.568226e-03   1.285680e+05  -2.416215e+04   1.337030e-07  -1.994151e+02   1.053222e+02   4.992026e+04   9.563885e-04  -4.577317e-04  -2.340156e-04  -3.692872e-06   1.950411e-06   9.244493e-04  -8.889543e-04  -7.444416e-04  -1.124811e-04     0  1.418597e+00
   192  0.722  2.737650e+00 -2.748884e-01  1.713645e-02   1.266400e+05  -2.380408e+04   9.989162e-08  -3.065972e+02   1.015787e+02   4.916646e+04   9.420560e-04  -4.508974e-04  -2.304967e-04  -5.677725e-06   1.881086e-06   9.104899e-04  -9.046088e-04  -7.316386e-04  -1.076169e-04     0  1.432022e+00
   192  0.833  2.734607e+00 -2.668788e-01  2.570468e-02   1.247119e+05  -2.344601e+04   6.610207e-08  -4.137614e+02   9.750171e+01   4.841265e+04   9.277234e-04  -4.440632e-04  -2.269778e-04  -7.662248e-06   1.805587e-06   8.965306e-04  -9.202633e-04  -7.188356e-04  -1.027528e-04     0  1.453839e+00
   192  0.944  2.731564e+00 -2.588691e-01  3.427290e-02   1.227839e+05  -2.308794e+04   3.229070e-08  -5.209078e+02   9.309136e+01   4.765884e+04   9.133909e-04  -4.372289e-04  -2.234589e-04  -9.646441e-06   1.723914e-06   8.825712e-04  -9.359177e-04  -7.060326e-04  -9.788869e-05     0  1.483678e+00
   193  0.056  2.823678e+00 -2.972246e-01 -3.427290e-02   1.334227e+05  -2.504956e+04   2.918096e-07   3.300614e+02  -5.407016e+01   5.401217e+04   9.924455e-04  -4.748404e-04  -2.429078e-04   6.112247e-06  -1.001299e-06   1.000225e-03  -8.089245e-04  -7.993209e-04  -2.596463e-04     0  1.482501e+00
   193  0.167  2.820641e+00 -2.892129e-01 -2.570468e-02   1.314941e+05  -2.469195e+04   2.592060e-07   2.246680e+02  -8.054889e+01   5.325313e+04   9.781102e-04  -4.680082e-04  -2.393867e-04   4.160518e-06  -1.491646e-06   9.861690e-04  -8.251043e-04  -7.860514e-04  -2.546150e-04     0  1.453900e+00
   193  0.278  2.817603e+00 -2.812013e-01 -1.713645e-02   1.295655e+05  -2.433434e+04   2.266243e-07   1.192606e+02  -1.062619e+02   5.249408e+04   9.637748e-04  -4.611759e-04  -2.358655e-04   2.208529e-06  -1.967812e-06   9.721126e-04  -8.412841e-04  -7.727819e-04  -2.495837e-04     0  1.433363e+00
   193  0.389  2.814565e+00 -2.731896e-01 -8.568226e-03   1.276370e+05  -2.397673e+04   1.940498e-07   1.383916e+01  -1.312091e+02   5.173503e+04   9.494395e-04  -4.543437e-04  -2.323444e-04   2.562808e-07  -2.429798e-06   9.580561e-04  -8.574639e-04  -7.595124e-04  -2.445523e-04     0  1.421242e+00
   193  0.500  2.811527e+00 -2.651780e-01  0.000000e+00   1.257084e+05  -2.361912e+04   1.614608e-07  -9.159623e+01  -1.553906e+02   5.097598e+04   9.351042e-04  -4.475115e-04  -2.288233e-04  -1.696226e-06  -2.877603e-06   9.439997e-04  -8.736437e-04  -7.462429e-04  -2.395210e-04     0  1.417751e+00
   193  0.611  2.808490e+00 -2.571663e-01  8.568226e-03   1.237798e+05  -2.326152e+04   1.288718e-07  -1.970456e+02  -1.788063e+02   5.021694e+04   9.207689e-04  -4.406793e-04  -2.253021e-04  -3.648993e-06  -3.311228e-06   9.299433e-04  -8.898235e-04  -7.329734e-04  -2.344896e-04     0  1.422954e+00
   193  0.722  2.805452e+00 -2.491547e-01  1.713645e-02   1.218513e+05  -2.290391e+04   9.628275e-08  -3.025090e+02  -2.014563e+02   4.945789e+04   9.064335e-04  -4.338470e-04  -2.217810e-04  -5.602019e-06  -3.730672e-06   9.158868e-04  -9.060033e-04  -7.197039e-04  -2.294583e-04     0  1.436757e+00
   193  0.833  2.802414e+00 -2.411430e-01  2.570468e-02   1.199227e+05  -2.254630e+04   6.374466e-08  -4.079864e+02  -2.233405e+02   4.869884e+04   8.920982e-04  -4.270148e-04  -2.182598e-04  -7.555304e-06  -4.135936e-06   9.018304e-04  -9.221831e-04  -7.064344e-04  -2.244270e-04     0  1.458915e+00
   193  0.944  2.799376e+00 -2.331313e-01  3.427290e-02   1.179941e+05  -2.218869e+04   3.113382e-08  -5.134778e+02  -2.444590e+02   4.793980e+04   8.777629e-04  -4.201826e-04  -2.147387e-04  -9.508848e-06  -4.527019e-06   8.877740e-04  -9.383629e-04  -6.931649e-04  -2.193956e-04     0  1.489056e+00
   194  0.056  2.891531e+00 -2.719464e-01 -3.427290e-02   1.287424e+05  -2.416632e+04   2.811066e-07   3.109349e+02   5.153264e+01   5.432816e+04   9.576219e-04  -4.581519e-04  -2.343972e-04   5.758053e-06   9.543082e-07   1.006077e-03  -8.055449e-04  -7.885066e-04  -3.859910e-04     1  6.495078e-01
   194  0.167  2.888586e+00 -2.639002e-01 -2.570468e-02   1.268073e+05  -2.380801e+04   2.497327e-07   2.110568e+02   2.320495e+01   5.356086e+04   9.432389e-04  -4.513000e-04  -2.308629e-04   3.908459e-06   4.297212e-07   9.918678e-04  -8.223584e-04  -7.747120e-04  -3.809423e-04     1  5.791723e-01
   194  0.278  2.885642e+00 -2.558539e-01 -1.713645e-02   1.248721e+05  -2.344970e+04   2.183297e-07   1.110221e+02  -4.751288e+00   5.279356e+04   9.288559e-04  -4.444481e-04  -2.273286e-04   2.055964e-06  -8.798681e-08   9.776585e-04  -8.391719e-04  -7.609173e-04  -3.758935e-04     1  5.231751e-01
   194  0.389  2.882697e+00 -2.478077e-01 -8.568226e-03   1.229370e+05  -2.309139e+04   1.869776e-07   1.083077e+01  -3.233606e+01   5.202626e+04   9.144729e-04  -4.375963e-04  -2.237943e-04   2.005699e-07  -5.988160e-07   9.634492e-04  -8.559854e-04  -7.471227e-04  -3.708448e-04     1  4.864927e-01
   194  0.500  2.879752e+00 -2.397614e-01  0.000000e+00   1.210019e+05  -2.273309e+04   1.555745e-07  -8.951715e+01  -5.954938e+01   5.125896e+04   9.000899e-04  -4.307444e-04  -2.202600e-04  -1.657725e-06  -1.102766e-06   9.492399e-04  -8.727989e-04  -7.333281e-04  -3.657961e-04     1  4.736344e-01
   194  0.611  2.876807e+00 -2.317152e-01  8.568226e-03   1.190667e+05  -2.237478e+04   1.241569e-07  -1.900217e+02  -8.639123e+01   5.049166e+04   8.857070e-04  -4.238926e-04  -2.167257e-04  -3.518920e-06  -1.599838e-06   9.350307e-04  -8.896124e-04  -7.195335e-04  -3.607473e-04     1  4.864927e-01
   194  0.722  2.873862e+00 -2.236689e-01  1.713645e-02   1.171316e+05  -2.201647e+04   9.276846e-08  -2.906828e+02  -1.128616e+02   4.972435e+04   8.713240e-04  -4.170407e-04  -2.131914e-04  -5.383015e-06  -2.090030e-06   9.208214e-04  -9.064259e-04  -7.057389e-04  -3.556986e-04     1  5.231751e-01
   194  0.833  2.870917e+00 -2.156226e-01  2.570468e-02   1.151965e+05  -2.165816e+04   6.135087e-08  -3.915006e+02  -1.389606e+02   4.895705e+04   8.569410e-04  -4.101889e-04  -2.096571e-04  -7.250011e-06  -2.573344e-06   9.066121e-04  -9.232394e-04  -6.919443e-04  -3.506499e-04     1  5.791723e-01
   194  0.944  2.867972e+00 -2.075764e-01  3.427290e-02   1.132613e+05  -2.129985e+04   2.988963e-08  -4.924749e+02  -1.646880e+02   4.818975e+04   8.425580e-04  -4.033370e-04  -2.061228e-04  -9.119906e-06  -3.049778e-06   8.924028e-04  -9.400529e-04  -6.781497e-04  -3.456011e-04     1  6.495078e-01
   195  0.056  2.959509e+00 -2.480640e-01 -3.427290e-02   1.243907e+05  -2.334443e+04   2.710949e-07   2.902140e+02   2.077305e+02   5.461784e+04   9.252413e-04  -4.426303e-04  -2.264854e-04   5.374333e-06   3.846862e-06   1.011442e-03  -7.995461e-04  -7.778433e-04  -5.155429e-04     1  6.485789e-01
   195  0.167  2.956775e+00 -2.399438e-01 -2.570468e-02   1.224419e+05  -2.298415e+04   2.408633e-07   1.957362e+02   2.366417e+02   5.385058e+04   9.107581e-04  -4.357340e-04  -2.229249e-04   3.624744e-06   4.382253e-06   9.972329e-04  -8.168937e-04  -7.634468e-04  -5.106949e-04     1  5.781305e-01
   195  0.278  2.954040e+00 -2.318236e-01 -1.713645e-02   1.204931e+05  -2.262387e+04   2.105953e-07   1.011852e+02   2.643589e+02   5.308332e+04   8.962749e-04  -4.288377e-04  -2.193645e-04   1.873801e-06   4.895536e-06   9.830244e-04  -8.342414e-04  -7.490502e-04  -5.058468e-04     1  5.220215e-01
   195  0.389  2.951306e+00 -2.237035e-01 -8.568226e-03   1.185443e+05  -2.226359e+04   1.803273e-07   6.561077e+00   2.908823e+02   5.231605e+04   8.817917e-04  -4.219414e-04  -2.158040e-04   1.215014e-07   5.386709e-06   9.688158e-04  -8.515890e-04  -7.346537e-04  -5.009987e-04     1  4.852519e-01
   195  0.500  2.948571e+00 -2.155833e-01  0.000000e+00   1.165955e+05  -2.190331e+04   1.500302e-07  -8.813627e+01   3.162117e+02   5.154879e+04   8.673085e-04  -4.150451e-04  -2.122435e-04  -1.632153e-06   5.855773e-06   9.546072e-04  -8.689367e-04  -7.202571e-04  -4.961506e-04     1  4.723598e-01
   195  0.611  2.945837e+00 -2.074631e-01  8.568226e-03   1.146468e+05  -2.154303e+04   1.197404e-07  -1.829068e+02   3.403473e+02   5.078153e+04   8.528253e-04  -4.081489e-04  -2.086830e-04  -3.387163e-06   6.302727e-06   9.403987e-04  -8.862844e-04  -7.058605e-04  -4.913025e-04     1  4.852519e-01
   195  0.722  2.943102e+00 -1.993430e-01  1.713645e-02   1.126980e+05  -2.118275e+04   8.944335e-08  -2.777505e+02   3.632889e+02   5.001427e+04   8.383421e-04  -4.012526e-04  -2.051226e-04  -5.143529e-06   6.727572e-06   9.261901e-04  -9.036320e-04  -6.914640e-04  -4.864545e-04     1  5.220215e-01
   195  0.833  2.940368e+00 -1.912228e-01  2.570468e-02   1.107492e+05  -2.082248e+04   5.916081e-08  -3.726675e+02   3.850367e+02   4.924700e+04   8.238589e-04  -3.943563e-04  -2.015621e-04  -6.901250e-06   7.130308e-06   9.119815e-04  -9.209797e-04  -6.770674e-04  -4.816064e-04     1  5.781305e-01
   195  0.944  2.937633e+00 -1.831026e-01  3.427290e-02   1.088004e+05  -2.046220e+04   2.884190e-08  -4.676576e+02   4.055905e+02   4.847974e+04   8.093757e-04  -3.874600e-04  -1.980016e-04  -8.660326e-06   7.510935e-06   8.977730e-04  -9.383274e-04  -6.626709e-04  -4.767583e-04     1  6.485789e-01
   196  0.056  3.028300e+00 -2.249358e-01 -3.427290e-02   1.202301e+05  -2.255789e+04   2.616944e-07   2.831001e+02   3.408458e+02   5.487630e+04   8.942812e-04  -4.277851e-04  -2.189228e-04   5.242595e-06   6.311959e-06   1.016228e-03  -7.912136e-04  -7.660814e-04  -6.496941e-04     0  1.481861e+00
   196  0.167  3.025574e+00 -2.168130e-01 -2.570468e-02   1.182806e+05  -2.219833e+04   2.324741e-07   1.901297e+02   3.393338e+02   5.411586e+04   8.797945e-04  -4.208922e-04  -2.153590e-04   3.520920e-06   6.283959e-06   1.002146e-03  -8.091054e-04  -7.512055e-04  -6.447008e-04     0  1.452480e+00
   196  0.278  3.022847e+00 -2.086901e-01 -1.713645e-02   1.163310e+05  -2.183878e+04   2.032466e-07   9.724551e+01   3.365898e+02   5.335543e+04   8.653077e-04  -4.139994e-04  -2.117953e-04   1.800843e-06   6.233145e-06   9.880635e-04  -8.269971e-04  -7.363296e-04  -6.397076e-04     0  1.431145e+00
   196  0.389  3.020121e+00 -2.005673e-01 -8.568226e-03   1.143815e+05  -2.147923e+04   1.740336e-07   4.447688e+00   3.326139e+02   5.259499e+04   8.508209e-04  -4.071066e-04  -2.082315e-04   8.236460e-08   6.159517e-06   9.739814e-04  -8.448889e-04  -7.214538e-04  -6.347143e-04     0  1.418219e+00
   196  0.500  3.017394e+00 -1.924444e-01  0.000000e+00   1.124320e+05  -2.111968e+04   1.447988e-07  -8.826381e+01   3.274061e+02   5.183456e+04   8.363341e-04  -4.002137e-04  -2.046677e-04  -1.634515e-06   6.063075e-06   9.598993e-04  -8.627807e-04  -7.065779e-04  -6.297210e-04     0  1.413932e+00
   196  0.611  3.014668e+00 -1.843216e-01  8.568226e-03   1.104825e+05  -2.076012e+04   1.155640e-07  -1.808890e+02   3.209662e+02   5.107413e+04   8.218474e-04  -3.933209e-04  -2.011040e-04  -3.349796e-06   5.943819e-06   9.458171e-04  -8.806725e-04  -6.917020e-04  -6.247277e-04     0  1.418364e+00
   196  0.722  3.011941e+00 -1.761988e-01  1.713645e-02   1.085329e+05  -2.040057e+04   8.630013e-08  -2.734278e+02   3.132945e+02   5.031369e+04   8.073606e-04  -3.864280e-04  -1.975402e-04  -5.063479e-06   5.801749e-06   9.317350e-04  -8.985642e-04  -6.768261e-04  -6.197345e-04     0  1.431432e+00
   196  0.833  3.009215e+00 -1.680759e-01  2.570468e-02   1.065834e+05  -2.004102e+04   5.707261e-08  -3.658804e+02   3.043907e+02   4.955326e+04   7.928738e-04  -3.795352e-04  -1.939764e-04  -6.775563e-06   5.636865e-06   9.176529e-04  -9.164560e-04  -6.619502e-04  -6.147412e-04     0  1.452905e+00
   196  0.944  3.006488e+00 -1.599531e-01  3.427290e-02   1.046339e+05  -1.968146e+04   2.780143e-08  -4.582466e+02   2.942550e+02   4.879282e+04   7.783870e-04  -3.726423e-04  -1.904127e-04  -8.486048e-06   5.449167e-06   9.035708e-04  -9.343478e-04  -6.470743e-04  -6.097479e-04     0  1.482416e+00
   197  0.056  3.097233e+00 -2.018375e-01 -3.427290e-02   1.160790e+05  -2.177310e+04   2.522065e-07   2.653012e+02   2.390570e+02   5.511767e+04   8.633921e-04  -4.129736e-04  -2.113777e-04   4.912986e-06   4.426981e-06   1.020698e-03  -7.824765e-04  -7.520528e-04  -7.877911e-04     1  6.497778e-01
   197  0.167  3.094515e+00 -1.937118e-01 -2.570468e-02   1.141287e+05  -2.141428e+04   2.240849e-07   1.776425e+02   1.814095e+02   5.435856e+04   8.489015e-04  -4.060842e-04  -2.078105e-04   3.289677e-06   3.359436e-06   1.006640e-03  -8.008945e-04  -7.366965e-04  -7.826542e-04     1  5.794751e-01
   197  0.278  3.091797e+00 -1.855862e-01 -1.713645e-02   1.121785e+05  -2.105545e+04   1.959124e-07   8.987811e+01   1.238609e+02   5.359945e+04   8.344110e-04  -3.991948e-04  -2.042434e-04   1.664409e-06   2.293721e-06   9.925824e-04  -8.193126e-04  -7.213401e-04  -7.775173e-04     1  5.235103e-01
   197  0.389  3.089079e+00 -1.774605e-01 -8.568226e-03   1.102282e+05  -2.069663e+04   1.677545e-07   2.007928e+00   6.641115e+01   5.284034e+04   8.199205e-04  -3.923053e-04  -2.006763e-04   3.718386e-08   1.229836e-06   9.785248e-04  -8.377306e-04  -7.059837e-04  -7.723804e-04     1  4.868531e-01
   197  0.500  3.086361e+00 -1.693349e-01  0.000000e+00   1.082779e+05  -2.033781e+04   1.395674e-07  -8.596800e+01   9.060178e+00   5.208123e+04   8.054299e-04  -3.854159e-04  -1.971091e-04  -1.592000e-06   1.677811e-07   9.644672e-04  -8.561487e-04  -6.906274e-04  -7.672435e-04     1  4.740045e-01
   197  0.611  3.083643e+00 -1.612092e-01  8.568226e-03   1.063276e+05  -1.997899e+04   1.113731e-07  -1.740497e+02  -4.819198e+01   5.132212e+04   7.909394e-04  -3.785264e-04  -1.935420e-04  -3.223142e-06  -8.924441e-07   9.504096e-04  -8.745667e-04  -6.752710e-04  -7.621066e-04     1  4.868531e-01
   197  0.722  3.080924e+00 -1.530836e-01  1.713645e-02   1.043773e+05  -1.962017e+04   8.317147e-08  -2.622371e+02  -1.053453e+02   5.056301e+04   7.764488e-04  -3.716370e-04  -1.899749e-04  -4.856242e-06  -1.950839e-06   9.363520e-04  -8.929848e-04  -6.599146e-04  -7.569697e-04     1  5.235103e-01
   197  0.833  3.078206e+00 -1.449579e-01  2.570468e-02   1.024270e+05  -1.926135e+04   5.498441e-08  -3.505303e+02  -1.623999e+02   4.980389e+04   7.619583e-04  -3.647476e-04  -1.864078e-04  -6.491301e-06  -3.007405e-06   9.222944e-04  -9.114028e-04  -6.445582e-04  -7.518328e-04     1  5.794751e-01
   197  0.944  3.075488e+00 -1.368322e-01  3.427290e-02   1.004767e+05  -1.890253e+04   2.681918e-08  -4.389292e+02  -2.193556e+02   4.904478e+04   7.474678e-04  -3.578581e-04  -1.828406e-04  -8.128318e-06  -4.062140e-06   9.082367e-04  -9.298209e-04  -6.292019e-04  -7.466958e-04     1  6.497778e-01
   198  0.056  3.165748e+00 -1.803978e-01 -3.427290e-02   1.123081e+05  -2.105948e+04   2.435700e-07   2.364678e+02  -3.053677e+02   5.539985e+04   8.353301e-04  -3.995137e-04  -2.045251e-04   4.379034e-06  -5.654958e-06   1.025923e-03  -7.690468e-04  -7.392560e-04  -9.283065e-04     1  6.501499e-01
   198  0.167  3.163350e+00 -1.721721e-01 -2.570468e-02   1.103400e+05  -2.069812e+04   2.163797e-07   1.566162e+02  -2.781244e+02   5.463294e+04   8.207087e-04  -3.925665e-04  -2.009236e-04   2.900300e-06  -5.150452e-06   1.011721e-03  -7.882857e-04  -7.232249e-04  -9.236316e-04     1  5.798923e-01
   198  0.278  3.160951e+00 -1.639465e-01 -1.713645e-02   1.083719e+05  -2.033677e+04   1.891822e-07   7.665761e+01  -2.499730e+02   5.386604e+04   8.060873e-04  -3.856193e-04  -1.973222e-04   1.419585e-06  -4.629130e-06   9.975192e-04  -8.075247e-04  -7.071938e-04  -9.189568e-04     1  5.239720e-01
   198  0.389  3.158552e+00 -1.557209e-01 -8.568226e-03   1.064037e+05  -1.997541e+04   1.619774e-07  -3.407972e+00  -2.209136e+02   5.309914e+04   7.914659e-04  -3.786720e-04  -1.937208e-04  -6.311059e-08  -4.090993e-06   9.833173e-04  -8.267637e-04  -6.911627e-04  -9.142819e-04     1  4.873496e-01
   198  0.500  3.156154e+00 -1.474953e-01  0.000000e+00   1.044356e+05  -1.961405e+04   1.347435e-07  -8.358053e+01  -1.909461e+02   5.233223e+04   7.768445e-04  -3.717248e-04  -1.901194e-04  -1.547788e-06  -3.536040e-06   9.691154e-04  -8.460026e-04  -6.751316e-04  -9.096071e-04     1  4.745145e-01
   198  0.611  3.153755e+00 -1.392697e-01  8.568226e-03   1.024675e+05  -1.925269e+04   1.075095e-07  -1.638601e+02  -1.600706e+02   5.156533e+04   7.622231e-04  -3.647776e-04  -1.865179e-04  -3.034445e-06  -2.964271e-06   9.549135e-04  -8.652416e-04  -6.591005e-04  -9.049323e-04     1  4.873496e-01
   198  0.722  3.151356e+00 -1.310441e-01  1.713645e-02   1.004994e+05  -1.889134e+04   8.029747e-08  -2.442466e+02  -1.282871e+02   5.079843e+04   7.476018e-04  -3.578304e-04  -1.829165e-04  -4.523084e-06  -2.375687e-06   9.407116e-04  -8.844806e-04  -6.430694e-04  -9.002574e-04     1  5.239720e-01
   198  0.833  3.148958e+00 -1.228184e-01  2.570468e-02   9.853123e+04  -1.852998e+04   5.307811e-08  -3.247400e+02  -9.559551e+01   5.003152e+04   7.329804e-04  -3.508832e-04  -1.793151e-04  -6.013705e-06  -1.770287e-06   9.265097e-04  -9.037195e-04  -6.270383e-04  -8.955826e-04     1  5.798923e-01
   198  0.944  3.146559e+00 -1.145928e-01  3.427290e-02   9.656310e+04  -1.816862e+04   2.582965e-08  -4.053405e+02  -6.199588e+01   4.926462e+04   7.183590e-04  -3.439360e-04  -1.757137e-04  -7.506306e-06  -1.148072e-06   9.123078e-04  -9.229585e-04  -6.110072e-04  -8.909077e-04     1  6.501499e-01
   199  0.056  3.235541e+00 -1.602487e-01 -3.427290e-02   1.088622e+05  -2.040610e+04   2.357774e-07   2.219211e+02  -3.118236e+02   5.571525e+04   8.096833e-04  -3.872047e-04  -1.982657e-04   4.109651e-06  -5.774511e-06   1.031764e-03  -7.529006e-04  -7.268944e-04  -1.074437e-03     0  1.483550e+00
   199  0.167  3.233187e+00 -1.520102e-01 -2.570468e-02   1.068915e+05  -2.004545e+04   2.094312e-07   1.454681e+02  -3.184058e+02   5.493468e+04   7.950456e-04  -3.802568e-04  -1.946570e-04   2.693854e-06  -5.896403e-06   1.017309e-03  -7.726765e-04  -7.103518e-04  -1.069710e-03     0  1.454294e+00
   199  0.278  3.230833e+00 -1.437718e-01 -1.713645e-02   1.049208e+05  -1.968480e+04   1.830922e-07   6.911581e+01  -3.234991e+02   5.415410e+04   7.804079e-04  -3.733088e-04  -1.910483e-04   1.279922e-06  -5.990723e-06   1.002854e-03  -7.924524e-04  -6.938091e-04  -1.064983e-03     0  1.433078e+00
   199  0.389  3.228479e+00 -1.355333e-01 -8.568226e-03   1.029501e+05  -1.932415e+04   1.567678e-07  -7.135724e+00  -3.271035e+02   5.337353e+04   7.657702e-04  -3.663608e-04  -1.874395e-04  -1.321430e-07  -6.057473e-06   9.883987e-04  -8.122282e-04  -6.772665e-04  -1.060255e-03     0  1.420262e+00
   199  0.500  3.226124e+00 -1.272949e-01  0.000000e+00   1.009794e+05  -1.896350e+04   1.303997e-07  -8.328651e+01  -3.292191e+02   5.259296e+04   7.511325e-04  -3.594129e-04  -1.838308e-04  -1.542343e-06  -6.096651e-06   9.739436e-04  -8.320041e-04  -6.607239e-04  -1.055528e-03     0  1.416075e+00
   199  0.611  3.223770e+00 -1.190564e-01  8.568226e-03   9.900875e+04  -1.860285e+04   1.040462e-07  -1.593366e+02  -3.298459e+02   5.181238e+04   7.364947e-04  -3.524649e-04  -1.802221e-04  -2.950677e-06  -6.108257e-06   9.594886e-04  -8.517800e-04  -6.441813e-04  -1.050801e-03     0  1.420592e+00
   199  0.722  3.221416e+00 -1.108180e-01  1.713645e-02   9.703806e+04  -1.824220e+04   7.768540e-08  -2.352858e+02  -3.289838e+02   5.103181e+04   7.218570e-04  -3.455169e-04  -1.766133e-04  -4.357145e-06  -6.092293e-06   9.450335e-04  -8.715559e-04  -6.276386e-04  -1.046074e-03     0  1.433733e+00
   199  0.833  3.219062e+00 -1.025795e-01  2.570468e-02   9.506738e+04  -1.788155e+04   5.133552e-08  -3.111344e+02  -3.266329e+02   5.025123e+04   7.072193e-04  -3.385690e-04  -1.730046e-04  -5.761748e-06  -6.048757e-06   9.305784e-04  -8.913318e-04  -6.110960e-04  -1.041346e-03     0  1.455262e+00
   199  0.944  3.216708e+00 -9.434105e-02  3.427290e-02   9.309670e+04  -1.752091e+04   2.492379e-08  -3.868822e+02  -3.227931e+02   4.947066e+04   6.925816e-04  -3.316210e-04  -1.693958e-04  -7.164485e-06  -5.977650e-06   9.161233e-04  -9.111077e-04  -5.945534e-04  -1.036619e-03     0  1.484815e+00
   200  0.056  3.305409e+00 -1.403678e-01 -3.427290e-02   1.054803e+05  -1.976464e+04   2.280212e-07   2.060566e+02  -5.248771e+01   5.599904e+04   7.845129e-04  -3.751231e-04  -1.921233e-04   3.815864e-06  -9.719947e-07   1.037019e-03  -7.356719e-04  -7.130151e-04  -1.224492e-03     1  6.491044e-01
   200  0.167  3.303074e+00 -1.321241e-01 -2.570468e-02   1.035083e+05  -1.940499e+04   2.025918e-07   1.341765e+02  -9.782726e+01   5.520409e+04   7.698685e-04  -3.681793e-04  -1.885095e-04   2.484751e-06  -1.811616e-06   1.022298e-03  -7.560303e-04  -6.959760e-04  -1.219664e-03     1  5.787199e-01
   200  0.278  3.300738e+00 -1.238804e-01 -1.713645e-02   1.015364e+05  -1.904534e+04   1.771259e-07   6.229960e+01  -1.420890e+02   5.440913e+04   7.552242e-04  -3.612354e-04  -1.848957e-04   1.153696e-06  -2.631278e-06   1.007577e-03  -7.763887e-04  -6.789369e-04  -1.214836e-03     1  5.226742e-01
   200  0.389  3.298402e+00 -1.156367e-01 -8.568226e-03   9.956442e+04  -1.868568e+04   1.516455e-07  -9.574158e+00  -1.852730e+02   5.361418e+04   7.405798e-04  -3.542916e-04  -1.812819e-04  -1.772992e-07  -3.430982e-06   9.928552e-04  -7.967471e-04  -6.618978e-04  -1.210008e-03     1  4.859540e-01
   200  0.500  3.296066e+00 -1.073930e-01  0.000000e+00   9.759247e+04  -1.832603e+04   1.261578e-07  -8.144473e+01  -2.273793e+02   5.281923e+04   7.259355e-04  -3.473478e-04  -1.776681e-04  -1.508236e-06  -4.210727e-06   9.781338e-04  -8.171055e-04  -6.448587e-04  -1.205180e-03     1  4.730810e-01
   200  0.611  3.293730e+00 -9.914933e-02  8.568226e-03   9.562053e+04  -1.796638e+04   1.006447e-07  -1.533121e+02  -2.684077e+02   5.202427e+04   7.112911e-04  -3.404040e-04  -1.740543e-04  -2.839113e-06  -4.970513e-06   9.634124e-04  -8.374639e-04  -6.278196e-04  -1.200352e-03     1  4.859540e-01
   200  0.722  3.291394e+00 -9.090564e-02  1.713645e-02   9.364858e+04  -1.760672e+04   7.514245e-08  -2.251763e+02  -3.083584e+02   5.122932e+04   6.966468e-04  -3.334602e-04  -1.704405e-04  -4.169932e-06  -5.710341e-06   9.486911e-04  -8.578223e-04  -6.107805e-04  -1.195524e-03     1  5.226742e-01
   200  0.833  3.289059e+00 -8.266195e-02  2.570468e-02   9.167663e+04  -1.724707e+04   4.964386e-08  -2.970374e+02  -3.472313e+02   5.043436e+04   6.820024e-04  -3.265164e-04  -1.668267e-04  -5.500692e-06  -6.430209e-06   9.339697e-04  -8.781807e-04  -5.937414e-04  -1.190696e-03     1  5.787199e-01
   200  0.944  3.286723e+00 -7.441826e-02  3.427290e-02   8.970468e+04  -1.688742e+04   2.410161e-08  -3.688952e+02  -3.850264e+02   4.963941e+04   6.673581e-04  -3.195726e-04  -1.632129e-04  -6.831392e-06  -7.130119e-06   9.192483e-04  -8.985391e-04  -5.767023e-04  -1.185868e-03     1  6.491044e-01
   201  0.056  3.375024e+00 -1.217891e-01 -3.427290e-02   1.023982e+05  -1.917922e+04   2.210145e-07   1.774450e+02  -1.504756e+00   5.625468e+04   7.615722e-04  -3.641067e-04  -1.865273e-04   3.286019e-06  -2.786585e-08   1.041753e-03  -7.155289e-04  -7.001675e-04  -1.377540e-03     1  6.504746e-01
   201  0.167  3.372941e+00 -1.134779e-01 -2.570468e-02   1.004147e+05  -1.881862e+04   1.963199e-07   1.134311e+02   8.488587e+00   5.545175e+04   7.468445e-04  -3.571303e-04  -1.828897e-04   2.100577e-06   1.571961e-07   1.026884e-03  -7.363996e-04  -6.824953e-04  -1.373111e-03     1  5.802564e-01
   201  0.278  3.370859e+00 -1.051667e-01 -1.713645e-02   9.843114e+04  -1.845803e+04   1.716253e-07   4.938188e+01   1.844965e+01   5.464883e+04   7.321168e-04  -3.501539e-04  -1.792520e-04   9.144792e-07   3.416602e-07   1.012015e-03  -7.572703e-04  -6.648231e-04  -1.368682e-03     1  5.243749e-01
   201  0.389  3.368776e+00 -9.685551e-02 -8.568226e-03   9.644762e+04  -1.809743e+04   1.469380e-07  -1.470278e+01   2.837844e+01   5.384590e+04   7.173890e-04  -3.431775e-04  -1.756144e-04  -2.722737e-07   5.255267e-07   9.971462e-04  -7.781410e-04  -6.471508e-04  -1.364254e-03     1  4.877828e-01
   201  0.500  3.366693e+00 -8.854430e-02  0.000000e+00   9.446409e+04  -1.773684e+04   1.222252e-07  -7.882282e+01   3.827495e+01   5.304297e+04   7.026613e-04  -3.362012e-04  -1.719767e-04  -1.459682e-06   7.087954e-07   9.822772e-04  -7.990117e-04  -6.294786e-04  -1.359825e-03     1  4.749593e-01
   201  0.611  3.364610e+00 -8.023309e-02  8.568226e-03   9.248056e+04  -1.737624e+04   9.749783e-08  -1.429783e+02   4.813918e+01   5.224004e+04   6.879336e-04  -3.292248e-04  -1.683391e-04  -2.647745e-06   8.914663e-07   9.674081e-04  -8.198824e-04  -6.118064e-04  -1.355396e-03     1  4.877828e-01
   201  0.722  3.362527e+00 -7.192188e-02  1.713645e-02   9.049703e+04  -1.701565e+04   7.279232e-08  -2.071691e+02   5.797114e+01   5.143711e+04   6.732058e-04  -3.222484e-04  -1.647014e-04  -3.836464e-06   1.073540e-06   9.525390e-04  -8.407531e-04  -5.941341e-04  -1.350967e-03     1  5.243749e-01
   201  0.833  3.360444e+00 -6.361067e-02  2.570468e-02   8.851351e+04  -1.665505e+04   4.809044e-08  -2.713953e+02   6.777081e+01   5.063418e+04   6.584781e-04  -3.152720e-04  -1.610638e-04  -5.025838e-06   1.255015e-06   9.376700e-04  -8.616237e-04  -5.764619e-04  -1.346538e-03     1  5.802564e-01
   201  0.944  3.358362e+00 -5.529945e-02  3.427290e-02   8.652998e+04  -1.629446e+04   2.337038e-08  -3.356569e+02   7.753821e+01   4.983125e+04   6.437504e-04  -3.082957e-04  -1.574261e-04  -6.215868e-06   1.435893e-06   9.228009e-04  -8.824944e-04  -5.587897e-04  -1.342110e-03     1  6.504746e-01
   202  0.056  3.445365e+00 -1.048258e-01 -3.427290e-02   9.970694e+04  -1.866652e+04   2.148445e-07   1.564711e+02  -2.556747e+02   5.652096e+04   7.415370e-04  -3.544766e-04  -1.816443e-04   2.897614e-06  -4.734716e-06   1.046684e-03  -6.901108e-04  -6.890773e-04  -1.535447e-03     1  6.478415e-01
   202  0.167  3.443431e+00 -9.647863e-02 -2.570468e-02   9.771726e+04  -1.830626e+04   1.908702e-07   9.775616e+01  -2.439500e+02   5.571053e+04   7.267668e-04  -3.474888e-04  -1.779921e-04   1.810299e-06  -4.517593e-06   1.031677e-03  -7.116797e-04  -6.708323e-04  -1.531220e-03     1  5.773031e-01
   202  0.278  3.441498e+00 -8.813149e-02 -1.713645e-02   9.572757e+04  -1.794600e+04   1.668523e-07   3.914806e+01  -2.312594e+02   5.490011e+04   7.119967e-04  -3.405010e-04  -1.743399e-04   7.249640e-07  -4.282581e-06   1.016669e-03  -7.332486e-04  -6.525873e-04  -1.526993e-03     1  5.211051e-01
   202  0.389  3.439564e+00 -7.978436e-02 -8.568226e-03   9.373789e+04  -1.758575e+04   1.428452e-07  -1.935316e+01  -2.176026e+02   5.408969e+04   6.972265e-04  -3.335132e-04  -1.706877e-04  -3.583919e-07  -4.029678e-06   1.001661e-03  -7.548175e-04  -6.343424e-04  -1.522766e-03     1  4.842659e-01
   202  0.500  3.437630e+00 -7.143722e-02  0.000000e+00   9.174821e+04  -1.722549e+04   1.188200e-07  -7.774750e+01  -2.029798e+02   5.327926e+04   6.824564e-04  -3.265254e-04  -1.670355e-04  -1.439768e-06  -3.758886e-06   9.866530e-04  -7.763865e-04  -6.160974e-04  -1.518539e-03     1  4.713468e-01
   202  0.611  3.435696e+00 -6.309008e-02  8.568226e-03   8.975853e+04  -1.686523e+04   9.476935e-08  -1.360350e+02  -1.873910e+02   5.246884e+04   6.676862e-04  -3.195376e-04  -1.633833e-04  -2.519166e-06  -3.470203e-06   9.716452e-04  -7.979554e-04  -5.978524e-04  -1.514312e-03     1  4.842659e-01
   202  0.722  3.433762e+00 -5.474295e-02  1.713645e-02   8.776885e+04  -1.650497e+04   7.074050e-08  -1.942155e+02  -1.708361e+02   5.165842e+04   6.529161e-04  -3.125498e-04  -1.597311e-04  -3.596584e-06  -3.163631e-06   9.566374e-04  -8.195243e-04  -5.796074e-04  -1.510085e-03     1  5.211051e-01
   202  0.833  3.431828e+00 -4.639581e-02  2.570468e-02   8.577917e+04  -1.614472e+04   4.672984e-08  -2.522892e+02  -1.533151e+02   5.084799e+04   6.381459e-04  -3.055620e-04  -1.560789e-04  -4.672023e-06  -2.839168e-06   9.416295e-04  -8.410933e-04  -5.613625e-04  -1.505858e-03     1  5.773031e-01
   202  0.944  3.429894e+00 -3.804868e-02  3.427290e-02   8.378949e+04  -1.578446e+04   2.267188e-08  -3.102560e+02  -1.348280e+02   5.003757e+04   6.233758e-04  -2.985742e-04  -1.524267e-04  -5.745482e-06  -2.496816e-06   9.266217e-04  -8.626622e-04  -5.431175e-04  -1.501632e-03     1  6.478415e-01
   203  0.056  3.516333e+00 -8.842830e-02 -3.427290e-02   9.715933e+04  -1.818052e+04   2.090164e-07   1.358311e+02  -7.112049e+02   5.682783e+04   7.225698e-04  -3.453559e-04  -1.770234e-04   2.515391e-06  -1.317046e-05   1.052367e-03  -6.631120e-04  -6.775713e-04  -1.698522e-03     1  6.495682e-01
   203  0.167  3.514409e+00 -8.007889e-02 -2.570468e-02   9.516880e+04  -1.782174e+04   1.857297e-07   8.283435e+01  -7.816859e+02   5.599208e+04   7.077970e-04  -3.383765e-04  -1.733660e-04   1.533969e-06  -1.447567e-05   1.036890e-03  -6.852800e-04  -6.588254e-04  -1.694202e-03     1  5.792401e-01
   203  0.278  3.512485e+00 -7.172948e-02 -1.713645e-02   9.317828e+04  -1.746296e+04   1.623594e-07   2.991056e+01  -8.480162e+02   5.515632e+04   6.930242e-04  -3.313972e-04  -1.697086e-04   5.538992e-07  -1.570400e-05   1.021413e-03  -7.074481e-04  -6.400795e-04  -1.689883e-03     1  5.232501e-01
   203  0.389  3.510561e+00 -6.338006e-02 -8.568226e-03   9.118775e+04  -1.710418e+04   1.390072e-07  -2.294024e+01  -9.101959e+02   5.432057e+04   6.782514e-04  -3.244178e-04  -1.660512e-04  -4.248192e-07  -1.685548e-05   1.005936e-03  -7.296162e-04  -6.213336e-04  -1.685563e-03     1  4.865734e-01
   203  0.500  3.508637e+00 -5.503065e-02  0.000000e+00   8.919722e+04  -1.674539e+04   1.156113e-07  -7.571803e+01  -9.682249e+02   5.348482e+04   6.634786e-04  -3.174385e-04  -1.623938e-04  -1.402186e-06  -1.793009e-05   9.904596e-04  -7.517843e-04  -6.025877e-04  -1.681243e-03     1  4.737172e-01
   203  0.611  3.506713e+00 -4.668124e-02  8.568226e-03   8.720669e+04  -1.638661e+04   9.221912e-08  -1.284228e+02  -1.022103e+03   5.264906e+04   6.487058e-04  -3.104592e-04  -1.587364e-04  -2.378200e-06  -1.892784e-05   9.749827e-04  -7.739524e-04  -5.838418e-04  -1.676923e-03     1  4.865734e-01
   203  0.722  3.504789e+00 -3.833182e-02  1.713645e-02   8.521616e+04  -1.602783e+04   6.883420e-08  -1.810546e+02  -1.071831e+03   5.181331e+04   6.339330e-04  -3.034798e-04  -1.550790e-04  -3.352863e-06  -1.984872e-05   9.595058e-04  -7.961205e-04  -5.650959e-04  -1.672604e-03     1  5.232501e-01
   203  0.833  3.502865e+00 -2.998241e-02  2.570468e-02   8.322564e+04  -1.566905e+04   4.545655e-08  -2.336134e+02  -1.117408e+03   5.097756e+04   6.191602e-04  -2.965005e-04  -1.514216e-04  -4.326174e-06  -2.069274e-05   9.440289e-04  -8.182886e-04  -5.463500e-04  -1.668284e-03     1  5.792401e-01
   203  0.944  3.500941e+00 -2.163300e-02  3.427290e-02   8.123511e+04  -1.531027e+04   2.203888e-08  -2.860992e+02  -1.158834e+03   5.014180e+04   6.043874e-04  -2.895211e-04  -1.477642e-04  -5.298134e-06  -2.145989e-05   9.285519e-04  -8.404567e-04  -5.276041e-04  -1.663964e-03     1  6.495682e-01
   204  0.056  3.586764e+00 -7.355705e-02 -3.427290e-02   9.495883e+04  -1.775929e+04   2.040506e-07   1.018444e+02  -1.686006e+03   5.723418e+04   7.061835e-04  -3.374676e-04  -1.730353e-04   1.886007e-06  -3.122233e-05   1.059892e-03  -6.311019e-04  -6.682195e-04  -1.864041e-03     1  6.513945e-01
   204  0.167  3.585147e+00 -6.514269e-02 -2.570468e-02   9.295818e+04  -1.740028e+04   1.812587e-07   5.818957e+01  -1.701403e+03   5.634638e+04   6.913391e-04  -3.304640e-04  -1.693557e-04   1.077585e-06  -3.150746e-05   1.043452e-03  -6.541322e-04  -6.488248e-04  -1.860315e-03     1  5.812874e-01
   204  0.278  3.583531e+00 -5.672833e-02 -1.713645e-02   9.095752e+04  -1.704126e+04   1.584303e-07   1.458037e+01  -1.709616e+03   5.545858e+04   6.764948e-04  -3.234603e-04  -1.656762e-04   2.700069e-07  -3.165955e-05   1.027011e-03  -6.771624e-04  -6.294301e-04  -1.856589e-03     1  5.255156e-01
   204  0.389  3.581914e+00 -4.831396e-02 -8.568226e-03   8.895687e+04  -1.668225e+04   1.356348e-07  -2.898324e+01  -1.710646e+03   5.457078e+04   6.616504e-04  -3.164567e-04  -1.619966e-04  -5.367267e-07  -3.167862e-05   1.010570e-03  -7.001927e-04  -6.100355e-04  -1.852863e-03     1  4.890088e-01
   204  0.500  3.580298e+00 -3.989960e-02  0.000000e+00   8.695622e+04  -1.632324e+04   1.128028e-07  -7.250127e+01  -1.704492e+03   5.368298e+04   6.468060e-04  -3.094530e-04  -1.583170e-04  -1.342616e-06  -3.156466e-05   9.941292e-04  -7.232230e-04  -5.906408e-04  -1.849137e-03     1  4.762184e-01
   204  0.611  3.578681e+00 -3.148524e-02  8.568226e-03   8.495556e+04  -1.596422e+04   8.996722e-08  -1.159737e+02  -1.691154e+03   5.279518e+04   6.319616e-04  -3.024493e-04  -1.546374e-04  -2.147661e-06  -3.131767e-05   9.776885e-04  -7.462533e-04  -5.712461e-04  -1.845411e-03     1  4.890088e-01
   204  0.722  3.577065e+00 -2.307087e-02  1.713645e-02   8.295491e+04  -1.560521e+04   6.716800e-08  -1.594006e+02  -1.670633e+03   5.190738e+04   6.171173e-04  -2.954457e-04  -1.509578e-04  -2.951862e-06  -3.093765e-05   9.612477e-04  -7.692835e-04  -5.518514e-04  -1.841685e-03     1  5.255156e-01
   204  0.833  3.575448e+00 -1.465651e-02  2.570468e-02   8.095425e+04  -1.524620e+04   4.435060e-08  -2.027818e+02  -1.642928e+03   5.101958e+04   6.022729e-04  -2.884420e-04  -1.472783e-04  -3.755219e-06  -3.042460e-05   9.448069e-04  -7.923138e-04  -5.324567e-04  -1.837959e-03     1  5.812874e-01
   204  0.944  3.573832e+00 -6.242149e-03  3.427290e-02   7.895360e+04  -1.488719e+04   2.152228e-08  -2.461175e+02  -1.608040e+03   5.013177e+04   5.874285e-04  -2.814384e-04  -1.435987e-04  -4.557732e-06  -2.977852e-05   9.283662e-04  -8.153441e-04  -5.130620e-04  -1.834233e-03     1  6.513945e-01
   205  0.056  3.657970e+00 -6.067901e-02 -3.427290e-02   9.323836e+04  -1.742746e+04   2.001179e-07   7.530283e+01  -2.698689e+03   5.778359e+04   6.933663e-04  -3.312828e-04  -1.699228e-04   1.394497e-06  -4.997573e-05   1.070067e-03  -5.941189e-04  -6.622160e-04  -2.034736e-03     1  6.482532e-01
   205  0.167  3.656537e+00 -5.223134e-02 -2.570468e-02   9.123266e+04  -1.706947e+04   1.777589e-07   3.848157e+01  -2.713625e+03   5.681360e+04   6.784888e-04  -3.242749e-04  -1.662296e-04   7.126216e-07  -5.025232e-05   1.052104e-03  -6.177956e-04  -6.422396e-04  -2.031349e-03     1  5.777651e-01
   205  0.278  3.655105e+00 -4.378367e-02 -1.713645e-02   8.922696e+04  -1.671147e+04   1.553926e-07   1.833237e+00  -2.717298e+03   5.584360e+04   6.636112e-04  -3.172671e-04  -1.625365e-04   3.394884e-08  -5.032034e-05   1.034141e-03  -6.414722e-04  -6.222631e-04  -2.027963e-03     1  5.216168e-01
   205  0.389  3.653673e+00 -3.533600e-02 -8.568226e-03   8.722126e+04  -1.635347e+04   1.330118e-07  -3.464217e+01  -2.709708e+03   5.487360e+04   6.487337e-04  -3.102592e-04  -1.588433e-04  -6.415216e-07  -5.017977e-05   1.016178e-03  -6.651489e-04  -6.022867e-04  -2.024576e-03     1  4.848165e-01
   205  0.500  3.652240e+00 -2.688833e-02  0.000000e+00   8.521556e+04  -1.599547e+04   1.106237e-07  -7.094464e+01  -2.690854e+03   5.390361e+04   6.338562e-04  -3.032513e-04  -1.551502e-04  -1.313790e-06  -4.983064e-05   9.982150e-04  -6.888256e-04  -5.823102e-04  -2.021189e-03     1  4.719125e-01
   205  0.611  3.650808e+00 -1.844066e-02  8.568226e-03   8.320986e+04  -1.563747e+04   8.822462e-08  -1.070742e+02  -2.660738e+03   5.293361e+04   6.189787e-04  -2.962435e-04  -1.514570e-04  -1.982855e-06  -4.927292e-05   9.802521e-04  -7.125022e-04  -5.623337e-04  -2.017802e-03     1  4.848165e-01
   205  0.722  3.649376e+00 -9.992992e-03  1.713645e-02   8.120416e+04  -1.527947e+04   6.584014e-08  -1.430308e+02  -2.619358e+03   5.196361e+04   6.041012e-04  -2.892356e-04  -1.477638e-04  -2.648719e-06  -4.850664e-05   9.622892e-04  -7.361789e-04  -5.423573e-04  -2.014415e-03     1  5.216168e-01
   205  0.833  3.647944e+00 -1.545322e-03  2.570468e-02   7.919846e+04  -1.492147e+04   4.349204e-08  -1.788145e+02  -2.566716e+03   5.099362e+04   5.892237e-04  -2.822278e-04  -1.440707e-04  -3.311380e-06  -4.753177e-05   9.443263e-04  -7.598556e-04  -5.223808e-04  -2.011028e-03     1  5.777651e-01
   205  0.944  3.646511e+00  6.902347e-03  3.427290e-02   7.719276e+04  -1.456347e+04   2.112574e-08  -2.144253e+02  -2.502810e+03   5.002362e+04   5.743462e-04  -2.752199e-04  -1.403775e-04  -3.970839e-06  -4.634833e-05   9.263633e-04  -7.835322e-04  -5.024043e-04  -2.007641e-03     1  6.482532e-01
   206  0.056  3.729941e+00 -4.854468e-02 -3.427290e-02   9.170562e+04  -1.713061e+04   1.966037e-07  -4.877369e+00   4.248663e+02   5.815281e+04   6.819448e-04  -3.257641e-04  -1.671527e-04  -9.032165e-08   7.867894e-06   1.076904e-03  -5.536058e-04  -6.568086e-04  -2.211169e-03     1  6.507912e-01
   206  0.167  3.728525e+00 -4.009439e-02 -2.570468e-02   8.969895e+04  -1.677454e+04   1.746594e-07  -2.012944e+01   6.262321e+01   5.711281e+04   6.670648e-04  -3.187676e-04  -1.634530e-04  -3.727673e-07   1.159689e-06   1.057645e-03  -5.781681e-04  -6.363215e-04  -2.207734e-03     1  5.806112e-01
   206  0.278  3.727108e+00 -3.164411e-02 -1.713645e-02   8.769229e+04  -1.641846e+04   1.526678e-07  -3.505870e+01  -2.952743e+02   5.607281e+04   6.521849e-04  -3.117711e-04  -1.597534e-04  -6.492352e-07  -5.468043e-06   1.038385e-03  -6.027304e-04  -6.158344e-04  -2.204299e-03     1  5.247676e-01
   206  0.389  3.725691e+00 -2.319383e-02 -8.568226e-03   8.568562e+04  -1.606239e+04   1.307017e-07  -4.966516e+01  -6.488263e+02   5.503281e+04   6.373049e-04  -3.047746e-04  -1.560538e-04  -9.197251e-07  -1.201530e-05   1.019126e-03  -6.272927e-04  -5.953473e-04  -2.200864e-03     1  4.882049e-01
   206  0.500  3.724274e+00 -1.474355e-02  0.000000e+00   8.367896e+04  -1.570631e+04   1.086919e-07  -6.394881e+01  -9.980328e+02   5.399282e+04   6.224249e-04  -2.977780e-04  -1.523541e-04  -1.184237e-06  -1.848209e-05   9.998670e-04  -6.518550e-04  -5.748602e-04  -2.197429e-03     1  4.753928e-01
   206  0.611  3.722858e+00 -6.293262e-03  8.568226e-03   8.167229e+04  -1.535024e+04   8.668940e-08  -7.790966e+01  -1.342894e+03   5.295282e+04   6.075450e-04  -2.907815e-04  -1.486545e-04  -1.442771e-06  -2.486840e-05   9.806077e-04  -6.764174e-04  -5.543731e-04  -2.193995e-03     1  4.882049e-01
   206  0.722  3.721441e+00  2.157020e-03  1.713645e-02   7.966563e+04  -1.499416e+04   6.468690e-08  -9.154770e+01  -1.683409e+03   5.191282e+04   5.926650e-04  -2.837850e-04  -1.449548e-04  -1.695328e-06  -3.117425e-05   9.613485e-04  -7.009797e-04  -5.338860e-04  -2.190560e-03     1  5.247676e-01
   206  0.833  3.720024e+00  1.060730e-02  2.570468e-02   7.765896e+04  -1.463809e+04   4.271715e-08  -1.048629e+02  -2.019579e+03   5.087282e+04   5.777850e-04  -2.767885e-04  -1.412552e-04  -1.941906e-06  -3.739961e-05   9.420893e-04  -7.255420e-04  -5.133988e-04  -2.187125e-03     1  5.806112e-01
   206  0.944  3.718607e+00  1.905759e-02  3.427290e-02   7.565230e+04  -1.428201e+04   2.071829e-08  -1.178554e+02  -2.351404e+03   4.983282e+04   5.629051e-04  -2.697920e-04  -1.375556e-04  -2.182507e-06  -4.354451e-05   9.228300e-04  -7.501043e-04  -4.929117e-04  -2.183690e-03     1  6.507912e-01
   207  0.056  3.798722e+00  2.432518e-02 -3.427290e-02   9.189101e+04  -1.715279e+04   1.970984e-07  -3.789415e+01   4.300769e+03   5.795319e+04   6.832955e-04  -3.263353e-04  -1.675185e-04  -7.017435e-07   7.964387e-05   1.073207e-03  -6.894712e-04  -5.000017e-04  -2.381731e-03     1  6.555882e-01
   207  0.167  3.798435e+00  1.576178e-02 -2.570468e-02   8.988780e+04  -1.680032e+04   1.750632e-07  -3.589193e+01   3.423613e+03   5.690341e+04   6.684479e-04  -3.193718e-04  -1.638186e-04  -6.646654e-07   6.340024e-05   1.053767e-03  -6.654320e-04  -5.212781e-04  -2.381017e-03     1  5.859830e-01
   207  0.278  3.798147e+00  7.198374e-03 -1.713645e-02   8.788460e+04  -1.644784e+04   1.530352e-07  -3.368222e+01   2.543592e+03   5.585364e+04   6.536003e-04  -3.124083e-04  -1.601186e-04  -6.237448e-07   4.710355e-05   1.034327e-03  -6.413928e-04  -5.425544e-04  -2.380303e-03     1  5.307049e-01
   207  0.389  3.797860e+00 -1.365031e-03 -8.568226e-03   8.588140e+04  -1.609536e+04   1.310000e-07  -3.126500e+01   1.660706e+03   5.480387e+04   6.387527e-04  -3.054448e-04  -1.564187e-04  -5.789816e-07   3.075381e-05   1.014886e-03  -6.173535e-04  -5.638308e-04  -2.379589e-03     1  4.945813e-01
   207  0.500  3.797573e+00 -9.928435e-03  0.000000e+00   8.387820e+04  -1.574289e+04   1.089502e-07  -2.864029e+01   7.749553e+02   5.375409e+04   6.239051e-04  -2.984813e-04  -1.527187e-04  -5.303758e-07   1.435102e-05   9.954462e-04  -5.933143e-04  -5.851072e-04  -2.378875e-03     1  4.819388e-01
   207  0.611  3.797285e+00 -1.849184e-02  8.568226e-03   8.187500e+04  -1.539041e+04   8.689676e-08  -2.580808e+01  -1.136598e+02   5.270432e+04   6.090575e-04  -2.915178e-04  -1.490188e-04  -4.779274e-07  -2.104810e-06   9.760059e-04  -5.692751e-04  -6.063835e-04  -2.378161e-03     1  4.945813e-01
   207  0.722  3.796998e+00 -2.705524e-02  1.713645e-02   7.987180e+04  -1.503794e+04   6.485061e-08  -2.276837e+01  -1.005139e+03   5.165454e+04   5.942099e-04  -2.845543e-04  -1.453188e-04  -4.216365e-07  -1.861369e-05   9.565656e-04  -5.452359e-04  -6.276599e-04  -2.377447e-03     1  5.307049e-01
   207  0.833  3.796710e+00 -3.561865e-02  2.570468e-02   7.786860e+04  -1.468546e+04   4.280810e-08  -1.952116e+01  -1.899484e+03   5.060477e+04   5.793623e-04  -2.775908e-04  -1.416189e-04  -3.615030e-07  -3.517563e-05   9.371254e-04  -5.211967e-04  -6.489363e-04  -2.376733e-03     1  5.859830e-01
   207  0.944  3.796423e+00 -4.418205e-02  3.427290e-02   7.586539e+04  -1.433299e+04   2.069282e-08  -1.606646e+01  -2.796693e+03   4.955500e+04   5.645147e-04  -2.706273e-04  -1.379189e-04  -2.975270e-07  -5.179061e-05   9.176851e-04  -4.971575e-04  -6.702126e-04  -2.376019e-03     1  6.555882e-01
   208  0.056  3.873123e+00  1.538508e-03 -1.448913e-02   1.989068e+07   2.313299e+06   5.960464e-08  -2.515653e+02   8.776749e+02   3.621619e+06   6.642630e-04  -2.083192e-04  -1.667002e-04  -7.205613e-08   2.513934e-07   4.390788e-04  -5.758850e-04  -5.744678e-04  -2.568059e-03     0  1.240977e+00
   208  0.167  3.872954e+00 -2.079841e-03 -1.086685e-02   2.860614e+07  -5.659348e+05   8.963980e-08  -5.052065e+02   2.819530e+03   1.412748e+06   6.579957e-04  -2.058050e-04  -1.608104e-04  -1.451743e-07   8.067326e-07   4.326946e-04  -5.653595e-04  -5.836620e-04  -2.567631e-03     0  1.205655e+00
   208  0.278  3.872785e+00 -5.698191e-03 -7.244567e-03   2.833613e+07  -5.511604e+05   7.357448e-08  -3.717810e+02   3.867586e+03   1.391903e+06   6.517285e-04  -2.032908e-04  -1.594927e-04  -1.068336e-07   1.106605e-06   4.263103e-04  -5.548340e-04  -5.928562e-04  -2.567202e-03     0  1.179778e+00
   208  0.389  3.872617e+00 -9.316540e-03 -3.622283e-03   2.806612e+07  -5.363860e+05   6.589107e-08  -2.324826e+02   4.567751e+03   1.371059e+06   6.454612e-04  -2.007765e-04  -1.581749e-04  -6.680535e-08   1.306939e-06   4.199261e-04  -5.443085e-04  -6.020504e-04  -2.566773e-03     0  1.163975e+00
   208  0.500  3.872448e+00 -1.293489e-02  0.000000e+00   2.779611e+07  -5.216115e+05   5.727634e-08  -8.731127e+01   4.920026e+03   1.350214e+06   6.391939e-04  -1.982623e-04  -1.568571e-04  -2.508944e-08   1.407733e-06   4.135418e-04  -5.337830e-04  -6.112446e-04  -2.566344e-03     0  1.158660e+00
   208  0.611  3.872279e+00 -1.655324e-02  3.622283e-03   2.752610e+07  -5.068371e+05   5.005859e-08   6.373305e+01   4.924411e+03   1.329369e+06   6.329266e-04  -1.957480e-04  -1.555393e-04   1.831409e-08   1.408987e-06   4.071576e-04  -5.232575e-04  -6.204388e-04  -2.565915e-03     0  1.163975e+00
   208  0.722  3.872110e+00 -2.017159e-02  7.244567e-03   2.725609e+07  -4.920627e+05   4.330650e-08   2.206503e+02   4.580905e+03   1.308525e+06   6.266593e-04  -1.932338e-04  -1.542215e-04   6.340526e-08   1.310702e-06   4.007733e-04  -5.127320e-04  -6.296330e-04  -2.565486e-03     0  1.179778e+00
   208  0.833  3.871941e+00 -2.378994e-02  1.086685e-02   2.698608e+07  -4.772883e+05   3.096648e-08   3.834405e+02   3.889509e+03   1.287680e+06   6.203920e-04  -1.907195e-04  -1.529037e-04   1.101841e-07   1.112878e-06   3.943890e-04  -5.022065e-04  -6.388271e-04  -2.565057e-03     0  1.205655e+00
   208  0.944  3.871773e+00 -2.740829e-02  1.448913e-02   1.843070e+07   2.221826e+06  -6.519258e-09   2.981631e+02   2.017091e+03   3.200349e+06   6.141247e-04  -1.882053e-04  -1.557898e-04   8.540320e-08   5.777577e-07   3.880048e-04  -4.916810e-04  -6.480213e-04  -2.564629e-03     0  1.240977e+00
   209  0.056  3.948718e+00 -2.593758e-02 -1.448913e-02   2.012465e+07   2.342187e+06   5.285256e-08  -3.326328e+02  -7.798520e+02   3.626501e+06   6.720471e-04  -2.106664e-04  -1.686894e-04  -9.527640e-08  -2.233739e-07   4.396707e-04  -4.653151e-04  -6.598351e-04  -2.762451e-03     0  1.231404e+00
   209  0.167  3.948409e+00 -2.232850e-02 -1.086685e-02   2.894277e+07  -5.713924e+05   8.917414e-08  -6.825171e+02  -1.222820e+03   1.418875e+06   6.657317e-04  -2.081540e-04  -1.627283e-04  -1.961256e-07  -3.498770e-07   4.345712e-04  -4.762154e-04  -6.504762e-04  -2.761649e-03     0  1.195799e+00
   209  0.278  3.948100e+00 -1.871942e-02 -7.244567e-03   2.867059e+07  -5.568630e+05   7.473864e-08  -5.322922e+02  -2.736728e+02   1.402225e+06   6.594163e-04  -2.056416e-04  -1.613923e-04  -1.529575e-07  -7.830408e-08   4.294716e-04  -4.871157e-04  -6.411172e-04  -2.760848e-03     0  1.169704e+00
   209  0.389  3.947791e+00 -1.511034e-02 -3.622283e-03   2.839842e+07  -5.423335e+05   6.519258e-08  -3.667248e+02   5.725458e+02   1.385575e+06   6.531009e-04  -2.031292e-04  -1.600562e-04  -1.053807e-07   1.638186e-07   4.243721e-04  -4.980160e-04  -6.317582e-04  -2.760047e-03     0  1.153763e+00
   209  0.500  3.947482e+00 -1.150126e-02  0.000000e+00   2.812624e+07  -5.278041e+05   5.844049e-08  -1.858149e+02   1.315836e+03   1.368925e+06   6.467855e-04  -2.006169e-04  -1.587201e-04  -5.339508e-08   3.764909e-07   4.192725e-04  -5.089163e-04  -6.223992e-04  -2.759246e-03     0  1.148401e+00
   209  0.611  3.947173e+00 -7.892179e-03  3.622283e-03   2.785407e+07  -5.132746e+05   5.192123e-08   1.043754e+01   1.956197e+03   1.352275e+06   6.404702e-04  -1.981045e-04  -1.573841e-04   2.999294e-09   5.597129e-07   4.141730e-04  -5.198166e-04  -6.130402e-04  -2.758444e-03     0  1.153763e+00
   209  0.722  3.946864e+00 -4.283098e-03  7.244567e-03   2.758189e+07  -4.987452e+05   4.330650e-08   2.220325e+02   2.493629e+03   1.335625e+06   6.341548e-04  -1.955921e-04  -1.560480e-04   6.380244e-08   7.134847e-07   4.090734e-04  -5.307169e-04  -6.036813e-04  -2.757643e-03     0  1.169704e+00
   209  0.833  3.946555e+00 -6.740169e-04  1.086685e-02   2.730972e+07  -4.842157e+05   3.119931e-08   4.489700e+02   2.928133e+03   1.318975e+06   6.278394e-04  -1.930797e-04  -1.547119e-04   1.290144e-07   8.378062e-07   4.039739e-04  -5.416171e-04  -5.943223e-04  -2.756842e-03     0  1.195799e+00
   209  0.944  3.946246e+00  2.935064e-03  1.448913e-02   1.865187e+07   2.246807e+06   2.328306e-09   3.660128e+02   1.924790e+03   3.290003e+06   6.215240e-04  -1.905673e-04  -1.576309e-04   1.048375e-07   5.513199e-07   3.988743e-04  -5.525174e-04  -5.849633e-04  -2.756041e-03     0  1.231404e+00
   210  0.056  4.022722e+00 -2.136164e-02 -1.448913e-02   2.018520e+07   2.351004e+06   4.703179e-08  -2.672900e+02  -1.873140e+03   3.734767e+06   6.740380e-04  -2.111913e-04  -1.692269e-04  -7.656020e-08  -5.365258e-07   4.527967e-04  -4.483333e-04  -6.636503e-04  -2.957249e-03     0  1.230704e+00
   210  0.167  4.022584e+00 -1.774198e-02 -1.086685e-02   2.902986e+07  -5.718370e+05   8.824281e-08  -5.585609e+02  -3.982212e+03   1.460574e+06   6.677272e-04  -2.087031e-04  -1.632450e-04  -1.605060e-07  -1.139403e-06   4.473427e-04  -4.594252e-04  -6.540769e-04  -2.956884e-03     0  1.195079e+00
   210  0.278  4.022447e+00 -1.412233e-02 -7.244567e-03   2.875778e+07  -5.576969e+05   7.450581e-08  -4.547868e+02  -3.735548e+03   1.442767e+06   6.614164e-04  -2.062149e-04  -1.619013e-04  -1.306859e-07  -1.068826e-06   4.418888e-04  -4.705170e-04  -6.445034e-04  -2.956519e-03     0  1.168968e+00
   210  0.389  4.022309e+00 -1.050267e-02 -3.622283e-03   2.848570e+07  -5.435568e+05   6.589107e-08  -3.329534e+02  -3.321932e+03   1.424960e+06   6.551056e-04  -2.037267e-04  -1.605576e-04  -9.567627e-08  -9.504813e-07   4.364348e-04  -4.816089e-04  -6.349300e-04  -2.956154e-03     0  1.153017e+00
   210  0.500  4.022171e+00 -6.883015e-03  0.000000e+00   2.821363e+07  -5.294167e+05   5.704351e-08  -1.930608e+02  -2.741365e+03   1.407153e+06   6.487949e-04  -2.012385e-04  -1.592138e-04  -5.547725e-08  -7.843678e-07   4.309809e-04  -4.927008e-04  -6.253566e-04  -2.955789e-03     0  1.147651e+00
   210  0.611  4.022033e+00 -3.263359e-03  3.622283e-03   2.794155e+07  -5.152765e+05   4.982576e-08  -3.510903e+01  -1.993847e+03   1.389345e+06   6.424841e-04  -1.987503e-04  -1.578701e-04  -1.008880e-08  -5.704857e-07   4.255269e-04  -5.037927e-04  -6.157832e-04  -2.955425e-03     0  1.153017e+00
   210  0.722  4.021895e+00  3.562972e-04  7.244567e-03   2.766948e+07  -5.011364e+05   4.284084e-08   1.409020e+02  -1.079379e+03   1.371538e+06   6.361733e-04  -1.962621e-04  -1.565264e-04   4.048909e-08  -3.088351e-07   4.200729e-04  -5.148846e-04  -6.062097e-04  -2.955060e-03     0  1.168968e+00
   210  0.833  4.021757e+00  3.975953e-03  1.086685e-02   2.739740e+07  -4.869963e+05   3.352761e-08   3.349723e+02   2.041443e+00   1.353731e+06   6.298625e-04  -1.937739e-04  -1.551827e-04   9.625641e-08   5.841039e-10   4.146190e-04  -5.259765e-04  -5.966363e-04  -2.954695e-03     0  1.195079e+00
   210  0.944  4.021619e+00  7.595609e-03  1.448913e-02   1.871182e+07   2.252307e+06   7.217750e-09   2.850708e+02   4.569662e+02   3.374883e+06   6.235518e-04  -1.912857e-04  -1.581083e-04   8.165316e-08   1.308894e-07   4.091650e-04  -5.370684e-04  -5.870629e-04  -2.954330e-03     0  1.230704e+00
   211  0.056  4.097383e+00 -1.879578e-02 -1.448913e-02   2.035307e+07   2.372387e+06   6.821938e-08  -4.778725e+02  -1.010573e+03   3.847839e+06   6.796112e-04  -2.128348e-04  -1.706653e-04  -1.368776e-07  -2.894596e-07   4.665054e-04  -4.241665e-04  -6.726573e-04  -3.157170e-03     0  1.230274e+00
   211  0.167  4.097272e+00 -1.517520e-02 -1.086685e-02   2.927259e+07  -5.753000e+05   8.917414e-08  -9.687124e+02  -1.801449e+03   1.503567e+06   6.733024e-04  -2.103682e-04  -1.646379e-04  -2.783656e-07  -5.154361e-07   4.605106e-04  -4.354818e-04  -6.628961e-04  -3.156872e-03     0  1.194635e+00
   211  0.278  4.097161e+00 -1.155461e-02 -7.244567e-03   2.900051e+07  -5.615167e+05   7.590279e-08  -7.267967e+02  -1.014455e+03   1.483994e+06   6.669937e-04  -2.079016e-04  -1.632866e-04  -2.088496e-07  -2.902590e-07   4.545158e-04  -4.467972e-04  -6.531350e-04  -3.156573e-03     0  1.168514e+00
   211  0.389  4.097050e+00 -7.934026e-03 -3.622283e-03   2.872842e+07  -5.477333e+05   6.752089e-08  -4.674319e+02  -2.715083e+02   1.464421e+06   6.606849e-04  -2.054350e-04  -1.619353e-04  -1.343195e-07  -7.768477e-08   4.485210e-04  -4.581125e-04  -6.433739e-04  -3.156274e-03     0  1.152557e+00
   211  0.500  4.096939e+00 -4.313440e-03  0.000000e+00   2.845634e+07  -5.339500e+05   5.750917e-08  -1.906183e+02   4.273916e+02   1.444848e+06   6.543761e-04  -2.029684e-04  -1.605840e-04  -5.477537e-08   1.222866e-07   4.425262e-04  -4.694279e-04  -6.336127e-04  -3.155975e-03     0  1.147189e+00
   211  0.611  4.096828e+00 -6.928543e-04  3.622283e-03   2.818426e+07  -5.201667e+05   5.052425e-08   1.036443e+02   1.082244e+03   1.425275e+06   6.480674e-04  -2.005018e-04  -1.592326e-04   2.978286e-08   3.096550e-07   4.365314e-04  -4.807433e-04  -6.238516e-04  -3.155676e-03     0  1.152557e+00
   211  0.722  4.096717e+00  2.927731e-03  7.244567e-03   2.791218e+07  -5.063834e+05   4.284084e-08   4.153559e+02   1.693050e+03   1.405702e+06   6.417586e-04  -1.980352e-04  -1.578813e-04   1.193552e-07   4.844206e-07   4.305366e-04  -4.920586e-04  -6.140905e-04  -3.155377e-03     0  1.168514e+00
   211  0.833  4.096606e+00  6.548317e-03  1.086685e-02   2.764010e+07  -4.926000e+05   3.376044e-08   7.445165e+02   2.259809e+03   1.386129e+06   6.354499e-04  -1.955686e-04  -1.565300e-04   2.139415e-07   6.465834e-07   4.245418e-04  -5.033740e-04  -6.043293e-04  -3.155078e-03     0  1.194635e+00
   211  0.944  4.096496e+00  1.016890e-02  1.448913e-02   1.887859e+07   2.270571e+06   1.629815e-09   5.867219e+02   1.582907e+03   3.452267e+06   6.291411e-04  -1.931020e-04  -1.594869e-04   1.680554e-07   4.533939e-07   4.185470e-04  -5.146893e-04  -5.945682e-04  -3.154779e-03     0  1.230274e+00
   212  0.056  4.171563e+00 -1.814861e-02 -1.448913e-02   2.061897e+07   2.405348e+06   6.123446e-08  -7.018326e+02  -1.181722e+03   3.943458e+06   6.884553e-04  -2.154943e-04  -1.729282e-04  -2.010267e-07  -3.384820e-07   4.780981e-04  -3.930424e-04  -6.869602e-04  -3.359183e-03     0  1.231338e+00
   212  0.167  4.171611e+00 -1.452664e-02 -1.086685e-02   2.965829e+07  -5.814620e+05   9.080395e-08  -1.404495e+03  -2.223337e+03   1.541441e+06   6.821654e-04  -2.130541e-04  -1.668373e-04  -4.035906e-07  -6.361480e-07   4.721105e-04  -4.046004e-04  -6.770118e-04  -3.359314e-03     0  1.195732e+00
   212  0.278  4.171658e+00 -1.090467e-02 -7.244567e-03   2.938693e+07  -5.680425e+05   7.729977e-08  -1.015129e+03  -1.523201e+03   1.521891e+06   6.758755e-04  -2.106139e-04  -1.654827e-04  -2.917037e-07  -4.358230e-07   4.661228e-04  -4.161585e-04  -6.670633e-04  -3.359445e-03     0  1.169635e+00
   212  0.389  4.171706e+00 -7.282700e-03 -3.622283e-03   2.911558e+07  -5.546230e+05   6.752089e-08  -6.092752e+02  -8.292839e+02   1.502341e+06   6.695857e-04  -2.081738e-04  -1.641280e-04  -1.750791e-07  -2.372772e-07   4.601351e-04  -4.277165e-04  -6.571149e-04  -3.359575e-03     0  1.153694e+00
   212  0.500  4.171753e+00 -3.660730e-03  0.000000e+00   2.884423e+07  -5.412035e+05   5.937181e-08  -1.869338e+02  -1.415845e+02   1.482791e+06   6.632958e-04  -2.057336e-04  -1.627734e-04  -5.371661e-08  -4.051060e-08   4.541475e-04  -4.392746e-04  -6.471664e-04  -3.359706e-03     0  1.148331e+00
   212  0.611  4.171801e+00 -3.875969e-05  3.622283e-03   2.857288e+07  -5.277840e+05   5.168840e-08   2.518952e+02   5.398967e+02   1.463242e+06   6.570060e-04  -2.032934e-04  -1.614188e-04   7.238366e-08   1.544769e-07   4.481598e-04  -4.508326e-04  -6.372180e-04  -3.359837e-03     0  1.153694e+00
   212  0.722  4.171849e+00  3.583211e-03  7.244567e-03   2.830153e+07  -5.143645e+05   4.377216e-08   7.072117e+02   1.215160e+03   1.443692e+06   6.507161e-04  -2.008533e-04  -1.600642e-04   2.032217e-07   3.476852e-07   4.421721e-04  -4.623907e-04  -6.272695e-04  -3.359968e-03     0  1.169635e+00
   212  0.833  4.171896e+00  7.205181e-03  1.086685e-02   2.803018e+07  -5.009450e+05   3.492460e-08   1.179016e+03   1.884205e+03   1.424142e+06   6.444262e-04  -1.984131e-04  -1.587095e-04   3.387976e-07   5.391143e-07   4.361845e-04  -4.739487e-04  -6.173211e-04  -3.360099e-03     0  1.195732e+00
   212  0.944  4.171944e+00  1.082715e-02  1.448913e-02   1.914747e+07   2.300952e+06   8.614734e-09   9.063495e+02   1.402705e+03   3.548358e+06   6.381364e-04  -1.959729e-04  -1.617253e-04   2.596068e-07   4.017785e-07   4.301968e-04  -4.855068e-04  -6.073726e-04  -3.360229e-03     0  1.231338e+00
   213  0.056  4.247044e+00  9.161726e-03 -1.448913e-02   2.100629e+07   2.452505e+06   4.866160e-08  -9.375367e+02  -1.209591e+03   4.044920e+06   7.013526e-04  -2.194206e-04  -1.762100e-04  -2.685397e-07  -3.464645e-07   4.903992e-04  -4.479273e-04  -6.268255e-04  -3.568063e-03     0  1.230982e+00
   213  0.167  4.246931e+00  5.541206e-03 -1.086685e-02   3.021988e+07  -5.910491e+05   9.266660e-08  -1.863316e+03  -2.279261e+03   1.581226e+06   6.950740e-04  -2.170021e-04  -1.700266e-04  -5.354357e-07  -6.521492e-07   4.842957e-04  -4.361753e-04  -6.369518e-04  -3.567747e-03     0  1.195365e+00
   213  0.278  4.246818e+00  1.920686e-03 -7.244567e-03   2.994894e+07  -5.779474e+05   7.753260e-08  -1.319002e+03  -1.567757e+03   1.561298e+06   6.887955e-04  -2.145837e-04  -1.686677e-04  -3.790237e-07  -4.485715e-07   4.781923e-04  -4.244233e-04  -6.470780e-04  -3.567431e-03     0  1.169260e+00
   213  0.389  4.246705e+00 -1.699835e-03 -3.622283e-03   2.967800e+07  -5.648456e+05   6.845221e-08  -7.590711e+02  -8.613314e+02   1.541370e+06   6.825169e-04  -2.121652e-04  -1.673089e-04  -2.181239e-07  -2.464468e-07   4.720888e-04  -4.126713e-04  -6.572042e-04  -3.567115e-03     0  1.153313e+00
   213  0.500  4.246592e+00 -5.320355e-03  0.000000e+00   2.940706e+07  -5.517439e+05   6.007031e-08  -1.835224e+02  -1.599836e+02   1.521442e+06   6.762384e-04  -2.097468e-04  -1.659500e-04  -5.273632e-08  -4.577501e-08   4.659853e-04  -4.009193e-04  -6.673305e-04  -3.566799e-03     0  1.147948e+00
   213  0.611  4.246479e+00 -8.940875e-03  3.622283e-03   2.913612e+07  -5.386422e+05   5.261973e-08   4.076437e+02   5.362860e+02   1.501514e+06   6.699598e-04  -2.073284e-04  -1.645911e-04   1.171390e-07   1.534438e-07   4.598819e-04  -3.891672e-04  -6.774567e-04  -3.566483e-03     0  1.153313e+00
   213  0.722  4.246366e+00 -1.256140e-02  7.244567e-03   2.886518e+07  -5.255405e+05   4.470348e-08   1.014427e+03   1.227478e+03   1.481586e+06   6.636813e-04  -2.049099e-04  -1.632322e-04   2.915021e-07   3.512096e-07   4.537784e-04  -3.774152e-04  -6.875830e-04  -3.566167e-03     0  1.169260e+00
   213  0.833  4.246253e+00 -1.618192e-02  1.086685e-02   2.859424e+07  -5.124387e+05   3.259629e-08   1.636828e+03   1.913591e+03   1.461659e+06   6.574027e-04  -2.024915e-04  -1.618733e-04   4.703529e-07   5.475224e-07   4.476749e-04  -3.656632e-04  -6.977092e-04  -3.565851e-03     0  1.195365e+00
   213  0.944  4.246140e+00 -1.980244e-02  1.448913e-02   1.953612e+07   2.345671e+06  -1.373701e-08   1.243308e+03   1.427491e+03   3.642179e+06   6.511242e-04  -2.000730e-04  -1.649743e-04   3.561221e-07   4.088780e-07   4.415715e-04  -3.539112e-04  -7.078354e-04  -3.565535e-03     0  1.230982e+00
   214  0.056  4.322389e+00  5.337263e-03 -1.448913e-02   2.150226e+07   2.512496e+06   6.379560e-08  -1.188208e+03  -1.202674e+03   4.147737e+06   7.178752e-04  -2.244728e-04  -1.804057e-04  -3.403398e-07  -3.444834e-07   5.028644e-04  -4.026479e-04  -6.528123e-04  -3.779896e-03     0  1.232222e+00
   214  0.167  4.322135e+00  1.723903e-03 -1.086685e-02   3.093999e+07  -6.036285e+05   9.406358e-08  -2.351658e+03  -2.244241e+03   1.621618e+06   7.116280e-04  -2.220819e-04  -1.741101e-04  -6.757639e-07  -6.421289e-07   4.966670e-04  -3.906651e-04  -6.630981e-04  -3.779173e-03     0  1.196641e+00
   214  0.278  4.321881e+00 -1.889456e-03 -7.244567e-03   3.067034e+07  -5.908545e+05   8.032657e-08  -1.642913e+03  -1.497521e+03   1.601383e+06   7.053809e-04  -2.196910e-04  -1.727521e-04  -4.721014e-07  -4.284752e-07   4.904696e-04  -3.786823e-04  -6.733840e-04  -3.778449e-03     0  1.170565e+00
   214  0.389  4.321626e+00 -5.502816e-03 -3.622283e-03   3.040069e+07  -5.780804e+05   7.054769e-08  -9.191586e+02  -7.637798e+02   1.581149e+06   6.991337e-04  -2.173002e-04  -1.713940e-04  -2.641260e-07  -2.185350e-07   4.842722e-04  -3.666995e-04  -6.836698e-04  -3.777726e-03     0  1.154636e+00
   214  0.500  4.321372e+00 -9.116175e-03  0.000000e+00   3.013103e+07  -5.653063e+05   6.146729e-08  -1.803957e+02  -4.301766e+01   1.560914e+06   6.928866e-04  -2.149093e-04  -1.700360e-04  -5.183786e-08  -1.230834e-08   4.780747e-04  -3.547167e-04  -6.939557e-04  -3.777003e-03     0  1.149278e+00
   214  0.611  4.321118e+00 -1.272953e-02  3.622283e-03   2.986138e+07  -5.525322e+05   5.308539e-08   5.733757e+02   6.647657e+02   1.540679e+06   6.866394e-04  -2.125184e-04  -1.686779e-04   1.647631e-07   1.902048e-07   4.718773e-04  -3.427339e-04  -7.042415e-04  -3.776279e-03     0  1.154636e+00
   214  0.722  4.320864e+00 -1.634289e-02  7.244567e-03   2.959173e+07  -5.397581e+05   4.493631e-08   1.342156e+03   1.359570e+03   1.520445e+06   6.803923e-04  -2.101275e-04  -1.673198e-04   3.856769e-07   3.890044e-07   4.656799e-04  -3.307511e-04  -7.145274e-04  -3.775556e-03     0  1.170565e+00
   214  0.833  4.320610e+00 -1.995625e-02  1.086685e-02   2.932207e+07  -5.269840e+05   3.469177e-08   2.125944e+03   2.041396e+03   1.500210e+06   6.741452e-04  -2.077367e-04  -1.659618e-04   6.109036e-07   5.840905e-07   4.594825e-04  -3.187683e-04  -7.248132e-04  -3.774833e-03     0  1.196641e+00
   214  0.944  4.320356e+00 -2.356961e-02  1.448913e-02   2.003828e+07   2.403852e+06  -1.094304e-08   1.603653e+03   1.501827e+03   3.738795e+06   6.678980e-04  -2.053458e-04  -1.691791e-04   4.593362e-07   4.301700e-07   4.532850e-04  -3.067855e-04  -7.350991e-04  -3.774109e-03     0  1.232222e+00
   215  0.056  4.397543e+00 -1.143359e-03 -1.448913e-02   2.213555e+07   2.588589e+06   6.542541e-08  -1.482074e+03  -1.316009e+03   4.254615e+06   7.389814e-04  -2.309551e-04  -1.857545e-04  -4.245123e-07  -3.769460e-07   5.158222e-04  -3.473747e-04  -6.870375e-04  -3.994334e-03     0  1.233667e+00
   215  0.167  4.397175e+00 -4.746887e-03 -1.086685e-02   3.185945e+07  -6.200566e+05   9.755604e-08  -2.924443e+03  -2.505992e+03   1.663519e+06   7.327667e-04  -2.285901e-04  -1.793163e-04  -8.403572e-07  -7.170221e-07   5.095005e-04  -3.352396e-04  -6.974728e-04  -3.993268e-03     0  1.198130e+00
   215  0.278  4.396807e+00 -8.350414e-03 -7.244567e-03   3.159114e+07  -6.075758e+05   8.218922e-08  -2.023228e+03  -1.778548e+03   1.642879e+06   7.265520e-04  -2.262250e-04  -1.779601e-04  -5.813874e-07  -5.088834e-07   5.031788e-04  -3.231045e-04  -7.079080e-04  -3.992202e-03     0  1.172086e+00
   215  0.389  4.396439e+00 -1.195394e-02 -3.622283e-03   3.132282e+07  -5.950950e+05   7.287599e-08  -1.107480e+03  -1.046429e+03   1.622238e+06   7.203372e-04  -2.238599e-04  -1.766039e-04  -3.182414e-07  -2.994074e-07   4.968570e-04  -3.109694e-04  -7.183433e-04  -3.991136e-03     0  1.156179e+00
   215  0.500  4.396070e+00 -1.555747e-02  0.000000e+00   3.105451e+07  -5.826143e+05   6.332994e-08  -1.771991e+02  -3.096355e+02   1.601598e+06   7.141225e-04  -2.214949e-04  -1.752477e-04  -5.091929e-08  -8.859386e-08   4.905353e-04  -2.988343e-04  -7.287785e-04  -3.990069e-03     0  1.150827e+00
   215  0.611  4.395702e+00 -1.916100e-02  3.622283e-03   3.078619e+07  -5.701335e+05   5.401671e-08   7.676151e+02   4.318319e+02   1.580957e+06   7.079078e-04  -2.191298e-04  -1.738915e-04   2.205790e-07   1.235571e-07   4.842136e-04  -2.866992e-04  -7.392138e-04  -3.989003e-03     0  1.156179e+00
   215  0.722  4.395334e+00 -2.276453e-02  7.244567e-03   3.051788e+07  -5.576527e+05   4.749745e-08   1.726962e+03   1.177974e+03   1.560317e+06   7.016931e-04  -2.167648e-04  -1.725353e-04   4.962536e-07   3.370454e-07   4.778918e-04  -2.745640e-04  -7.496490e-04  -3.987937e-03     0  1.172086e+00
   215  0.833  4.394966e+00 -2.636805e-02  1.086685e-02   3.024957e+07  -5.451720e+05   3.608875e-08   2.700843e+03   1.928790e+03   1.539676e+06   6.954783e-04  -2.143997e-04  -1.711791e-04   7.761043e-07   5.518712e-07   4.715701e-04  -2.624289e-04  -7.600843e-04  -3.986871e-03     0  1.198130e+00
   215  0.944  4.394598e+00 -2.997158e-02  1.448913e-02   2.067816e+07   2.478478e+06   3.492460e-09   2.027466e+03   1.464149e+03   3.837471e+06   6.892636e-04  -2.120346e-04  -1.745453e-04   5.807294e-07   4.193780e-07   4.652483e-04  -2.502938e-04  -7.705195e-04  -3.985805e-03     0  1.233667e+00
   216  0.056  4.472698e+00 -1.066798e-02 -1.448913e-02   2.292041e+07   2.682584e+06   5.541369e-08  -1.819133e+03  -1.117388e+03   4.360610e+06   7.651444e-04  -2.390079e-04  -1.923782e-04  -5.210564e-07  -3.200549e-07   5.286728e-04  -2.812152e-04  -7.309924e-04  -4.211749e-03     0  1.234835e+00
   216  0.167  4.472156e+00 -1.424944e-02 -1.086685e-02   3.300007e+07  -6.406594e+05   1.001172e-07  -3.581617e+03  -1.978048e+03   1.705483e+06   7.589915e-04  -2.366773e-04  -1.857700e-04  -1.029200e-06  -5.659652e-07   5.223531e-04  -2.688770e-04  -7.415380e-04  -4.210152e-03     0  1.199332e+00
   216  0.278  4.471614e+00 -1.783089e-02 -7.244567e-03   3.273438e+07  -6.284874e+05   8.521602e-08  -2.459815e+03  -1.084455e+03   1.684849e+06   7.528385e-04  -2.343466e-04  -1.844231e-04  -7.068433e-07  -3.102875e-07   5.160334e-04  -2.565388e-04  -7.520836e-04  -4.208556e-03     0  1.173316e+00
   216  0.389  4.471071e+00 -2.141234e-02 -3.622283e-03   3.246868e+07  -6.163155e+05   7.706694e-08  -1.323850e+03  -2.432986e+02   1.664215e+06   7.466856e-04  -2.320160e-04  -1.830761e-04  -3.804168e-07  -6.961334e-08   5.097137e-04  -2.442006e-04  -7.626292e-04  -4.206959e-03     0  1.157425e+00
   216  0.500  4.470529e+00 -2.499379e-02  0.000000e+00   3.220299e+07  -6.041435e+05   6.565824e-08  -1.737245e+02   5.454202e+02   1.643581e+06   7.405326e-04  -2.296853e-04  -1.817292e-04  -4.992084e-08   1.560573e-07   5.033939e-04  -2.318624e-04  -7.731748e-04  -4.205362e-03     0  1.152079e+00
   216  0.611  4.469987e+00 -2.857525e-02  3.622283e-03   3.193730e+07  -5.919715e+05   5.587935e-08   9.905633e+02   1.281702e+03   1.622947e+06   7.343797e-04  -2.273547e-04  -1.803823e-04   2.846446e-07   3.667243e-07   4.970742e-04  -2.195242e-04  -7.837204e-04  -4.203765e-03     0  1.157425e+00
   216  0.722  4.469444e+00 -3.215670e-02  7.244567e-03   3.167160e+07  -5.797995e+05   4.866160e-08   2.169013e+03   1.965545e+03   1.602314e+06   7.282267e-04  -2.250240e-04  -1.790354e-04   6.232796e-07   5.623878e-07   4.907545e-04  -2.071860e-04  -7.942660e-04  -4.202168e-03     0  1.173316e+00
   216  0.833  4.468902e+00 -3.573815e-02  1.086685e-02   3.140591e+07  -5.676275e+05   3.818423e-08   3.361624e+03   2.596952e+03   1.581680e+06   7.220738e-04  -2.226934e-04  -1.776885e-04   9.659840e-07   7.430478e-07   4.844348e-04  -1.948478e-04  -8.048116e-04  -4.200571e-03     0  1.199332e+00
   216  0.944  4.468359e+00 -3.931961e-02  1.448913e-02   2.147669e+07   2.571916e+06   1.816079e-08   2.514771e+03   1.811403e+03   3.943598e+06   7.159209e-04  -2.203627e-04  -1.812472e-04   7.203088e-07   5.188424e-07   4.781151e-04  -1.825096e-04  -8.153572e-04  -4.198974e-03     0  1.234835e+00
   217  0.056  4.547345e+00 -2.373038e-02 -1.448913e-02   2.388508e+07   2.797696e+06   6.821938e-08  -2.180446e+03  -2.404225e+03   4.496781e+06   7.973089e-04  -2.489314e-04  -2.005124e-04  -6.245476e-07  -6.886449e-07   5.451820e-04  -2.014297e-04  -7.864902e-04  -4.430405e-03     0  1.235387e+00
   217  0.167  4.546639e+00 -2.728319e-02 -1.086685e-02   3.440209e+07  -6.662847e+05   1.061708e-07  -4.285177e+03  -5.185124e+03   1.756922e+06   7.912277e-04  -2.466360e-04  -1.936962e-04  -1.231373e-06  -1.483583e-06   5.381079e-04  -1.890352e-04  -7.971220e-04  -4.428292e-03     0  1.199901e+00
   217  0.278  4.545933e+00 -3.083600e-02 -7.244567e-03   3.413946e+07  -6.543913e+05   8.870848e-08  -2.925842e+03  -4.998835e+03   1.733825e+06   7.851466e-04  -2.443406e-04  -1.923619e-04  -8.407593e-07  -1.430282e-06   5.310337e-04  -1.766407e-04  -8.077537e-04  -4.426179e-03     0  1.173897e+00
   217  0.389  4.545227e+00 -3.438881e-02 -3.622283e-03   3.387683e+07  -6.424979e+05   7.799827e-08  -1.553410e+03  -4.569345e+03   1.710728e+06   7.790654e-04  -2.420452e-04  -1.910276e-04  -4.463823e-07  -1.307395e-06   5.239596e-04  -1.642463e-04  -8.183854e-04  -4.424066e-03     0  1.158014e+00
   217  0.500  4.544521e+00 -3.794161e-02  0.000000e+00   3.361420e+07  -6.306045e+05   6.891787e-08  -1.678812e+02  -3.896655e+03   1.687631e+06   7.729843e-04  -2.397498e-04  -1.896933e-04  -4.824173e-08  -1.114923e-06   5.168855e-04  -1.518518e-04  -8.290171e-04  -4.421953e-03     0  1.152671e+00
   217  0.611  4.543815e+00 -4.149442e-02  3.622283e-03   3.335157e+07  -6.187111e+05   6.076880e-08   1.230745e+03  -2.980764e+03   1.664534e+06   7.669031e-04  -2.374544e-04  -1.883590e-04   3.536624e-07  -8.528653e-07   5.098114e-04  -1.394573e-04  -8.396489e-04  -4.419841e-03     0  1.158014e+00
   217  0.722  4.543109e+00 -4.504723e-02  7.244567e-03   3.308894e+07  -6.068177e+05   5.168840e-08   2.642469e+03  -1.821674e+03   1.641437e+06   7.608220e-04  -2.351590e-04  -1.870247e-04   7.593301e-07  -5.212228e-07   5.027373e-04  -1.270628e-04  -8.502806e-04  -4.417728e-03     0  1.173897e+00
   217  0.833  4.542403e+00 -4.860004e-02  1.086685e-02   3.282630e+07  -5.949243e+05   3.608875e-08   4.067290e+03  -4.193831e+02   1.618340e+06   7.547408e-04  -2.328636e-04  -1.856903e-04   1.168761e-06  -1.199952e-07   4.956631e-04  -1.146683e-04  -8.609123e-04  -4.415615e-03     0  1.199901e+00
   217  0.944  4.541697e+00 -5.215285e-02  1.448913e-02   2.245760e+07   2.687097e+06   4.656613e-10   3.034338e+03   3.427145e+02   4.029990e+06   7.486597e-04  -2.305682e-04  -1.894867e-04   8.691291e-07   9.816413e-08   4.885890e-04  -1.022738e-04  -8.715440e-04  -4.413502e-03     0  1.235387e+00
   218  0.056  4.621254e+00 -4.030506e-02 -1.448913e-02   2.502521e+07   2.933448e+06   9.080395e-08  -2.528618e+03   3.168669e+03   4.517353e+06   8.353287e-04  -2.606779e-04  -2.101210e-04  -7.242751e-07   9.076057e-07   5.476761e-04  -1.093135e-04  -8.538424e-04  -4.649411e-03     0  1.232592e+00
   218  0.167  4.620375e+00 -4.381908e-02 -1.086685e-02   3.605952e+07  -6.967918e+05   1.075678e-07  -4.974184e+03   8.879647e+03   1.773328e+06   8.293382e-04  -2.584219e-04  -2.030620e-04  -1.429363e-06   2.540672e-06   5.431327e-04  -9.666119e-05  -8.645238e-04  -4.646739e-03     0  1.197022e+00
   218  0.278  4.619496e+00 -4.733309e-02 -7.244567e-03   3.580078e+07  -6.851633e+05   9.336509e-08  -3.396764e+03   1.237085e+04   1.758494e+06   8.233477e-04  -2.561659e-04  -2.017456e-04  -9.760817e-07   3.539585e-06   5.385893e-04  -8.400888e-05  -8.752051e-04  -4.644067e-03     0  1.170954e+00
   218  0.389  4.618617e+00 -5.084711e-02 -3.622283e-03   3.554205e+07  -6.735348e+05   8.312054e-08  -1.798268e+03   1.477356e+04   1.743660e+06   8.173573e-04  -2.539099e-04  -2.004291e-04  -5.167436e-07   4.227055e-06   5.340458e-04  -7.135657e-05  -8.858864e-04  -4.641395e-03     0  1.155031e+00
   218  0.500  4.617738e+00 -5.436112e-02  0.000000e+00   3.528331e+07  -6.619062e+05   7.310882e-08  -1.786942e+02   1.608777e+04   1.728825e+06   8.113668e-04  -2.516539e-04  -1.991127e-04  -5.134892e-08   4.603080e-06   5.295024e-04  -5.870426e-05  -8.965678e-04  -4.638724e-03     0  1.149674e+00
   218  0.611  4.616859e+00 -5.787513e-02  3.622283e-03   3.502457e+07  -6.502777e+05   6.332994e-08   1.461957e+03   1.631348e+04   1.713991e+06   8.053763e-04  -2.493979e-04  -1.977963e-04   4.201025e-07   4.667662e-06   5.249590e-04  -4.605196e-05  -9.072491e-04  -4.636052e-03     0  1.155031e+00
   218  0.722  4.615980e+00 -6.138915e-02  7.244567e-03   3.476584e+07  -6.386492e+05   5.285256e-08   3.123684e+03   1.545069e+04   1.699157e+06   7.993859e-04  -2.471419e-04  -1.964799e-04   8.976105e-07   4.420800e-06   5.204156e-04  -3.339965e-05  -9.179304e-04  -4.633380e-03     0  1.170954e+00
   218  0.833  4.615101e+00 -6.490316e-02  1.086685e-02   3.450710e+07  -6.270207e+05   4.051253e-08   4.806490e+03   1.349941e+04   1.684323e+06   7.933954e-04  -2.448859e-04  -1.951635e-04   1.381175e-06   3.862493e-06   5.158722e-04  -2.074734e-05  -9.286118e-04  -4.630708e-03     0  1.197022e+00
   218  0.944  4.614222e+00 -6.841718e-02  1.448913e-02   2.361862e+07   2.823716e+06   1.629815e-09   3.588673e+03   7.206836e+03   4.217552e+06   7.874049e-04  -2.426299e-04  -1.992440e-04   1.027908e-06   2.064262e-06   5.113288e-04  -8.095030e-06  -9.392931e-04  -4.628036e-03     0  1.232592e+00
   219  0.056  4.688232e+00 -6.136043e-02 -1.448913e-02   2.631800e+07   3.087954e+06   9.429641e-08   3.894980e+03   1.237321e+03   4.427876e+06   8.784291e-04  -2.739618e-04  -2.210259e-04   1.115644e-06   3.544075e-07   5.368280e-04  -5.126753e-07  -9.345527e-04  -4.849112e-03     0  1.049018e+00
   219  0.167  4.686901e+00 -6.472942e-02 -1.086685e-02   3.794768e+07  -7.311351e+05   1.173466e-07   7.132656e+03   3.995562e+03   1.753581e+06   8.727514e-04  -2.718236e-04  -2.137402e-04   2.049614e-06   1.143222e-06   5.370846e-04   1.129481e-05  -9.449335e-04  -4.845011e-03     0  1.006985e+00
   219  0.278  4.685570e+00 -6.809842e-02 -7.244567e-03   3.770245e+07  -7.201141e+05   9.895302e-08   4.049969e+03   5.957478e+03   1.754419e+06   8.670737e-04  -2.696854e-04  -2.124925e-04   1.163784e-06   1.704572e-06   5.373411e-04   2.310230e-05  -9.553142e-04  -4.840911e-03     1  9.758533e-01
   219  0.389  4.684240e+00 -7.146741e-02 -3.622283e-03   3.745723e+07  -7.090930e+05   8.684583e-08   1.321430e+03   7.354514e+03   1.755257e+06   8.613961e-04  -2.675473e-04  -2.112448e-04   3.797212e-07   2.104296e-06   5.375977e-04   3.490978e-05  -9.656950e-04  -4.836811e-03     1  9.566883e-01
   219  0.500  4.682909e+00 -7.483640e-02  0.000000e+00   3.721200e+07  -6.980720e+05   7.613562e-08  -1.052962e+03   8.186668e+03   1.756094e+06   8.557184e-04  -2.654091e-04  -2.099972e-04  -3.025754e-07   2.342394e-06   5.378543e-04   4.671727e-05  -9.760758e-04  -4.832710e-03     1  9.502141e-01
   219  0.611  4.681578e+00 -7.820540e-02  3.622283e-03   3.696677e+07  -6.870509e+05   6.635673e-08  -3.073207e+03   8.453941e+03   1.756932e+06   8.500407e-04  -2.632709e-04  -2.087495e-04  -8.831056e-07   2.418867e-06   5.381109e-04   5.852476e-05  -9.864566e-04  -4.828610e-03     1  9.566883e-01
   219  0.722  4.680247e+00 -8.157439e-02  7.244567e-03   3.672155e+07  -6.760299e+05   5.611219e-08  -4.739305e+03   8.156334e+03   1.757770e+06   8.443631e-04  -2.611327e-04  -2.075018e-04  -1.361869e-06   2.333715e-06   5.383674e-04   7.033224e-05  -9.968373e-04  -4.824510e-03     1  9.758533e-01
   219  0.833  4.678917e+00 -8.494339e-02  1.086685e-02   3.647632e+07  -6.650088e+05   4.330650e-08  -6.051256e+03   7.293845e+03   1.758607e+06   8.386854e-04  -2.589945e-04  -2.062541e-04  -1.738867e-06   2.086937e-06   5.386240e-04   8.213973e-05  -1.007218e-03  -4.820409e-03     0  1.006985e+00
   219  0.944  4.677586e+00 -8.831238e-02  1.448913e-02   2.498486e+07   2.983949e+06   2.887100e-08  -4.033202e+03   3.973147e+03   4.444805e+06   8.330077e-04  -2.568564e-04  -2.107168e-04  -1.155235e-06   1.138033e-06   5.388806e-04   9.394722e-05  -1.017599e-03  -4.816309e-03     0  1.049018e+00
   220  0.056  4.724608e+00  5.756381e-03 -1.448913e-02   2.162147e+07   2.562228e+06   6.170012e-08   4.283533e+03  -5.170877e+02   4.450796e+06   7.212237e-04  -2.235125e-04  -1.820117e-04   1.226937e-06  -1.481100e-07   5.396069e-04  -1.818605e-04  -7.331820e-04  -4.978910e-03     0  2.848774e+00
   220  0.167  4.720986e+00  5.693246e-03 -1.086685e-02   3.134753e+07  -5.857623e+05   9.732321e-08   8.038120e+03  -5.722231e+02   1.769956e+06   7.208467e-04  -2.234425e-04  -1.769511e-04   2.309805e-06  -1.637262e-07   5.420997e-04  -1.814965e-04  -7.333778e-04  -4.967678e-03     0  2.833566e+00
   220  0.278  4.717365e+00  5.630110e-03 -7.244567e-03   3.133093e+07  -5.862484e+05   8.218922e-08   4.888827e+03   2.120071e+02   1.778095e+06   7.204698e-04  -2.233724e-04  -1.768405e-04   1.404835e-06   6.066011e-08   5.445926e-04  -1.811324e-04  -7.335736e-04  -4.956446e-03     0  2.822653e+00
   220  0.389  4.713743e+00  5.566975e-03 -3.622283e-03   3.131433e+07  -5.867345e+05   7.217750e-08   1.987547e+03   8.899076e+02   1.786234e+06   7.200928e-04  -2.233023e-04  -1.767299e-04   5.711343e-07   2.546231e-07   5.470854e-04  -1.807684e-04  -7.337694e-04  -4.945213e-03     0  2.798231e+00
   220  0.500  4.710121e+00  5.503840e-03  0.000000e+00   3.129773e+07  -5.872205e+05   6.402843e-08  -6.657200e+02   1.461479e+03   1.794373e+06   7.197158e-04  -2.232323e-04  -1.766193e-04  -1.912989e-07   4.181627e-07   5.495783e-04  -1.804043e-04  -7.339652e-04  -4.933981e-03     0  2.725386e+00
   220  0.611  4.706500e+00  5.440705e-03  3.622283e-03   3.128113e+07  -5.877066e+05   5.704351e-08  -3.070975e+03   1.926720e+03   1.802512e+06   7.193388e-04  -2.231622e-04  -1.765087e-04  -8.824640e-07   5.512789e-07   5.520711e-04  -1.800402e-04  -7.341610e-04  -4.922749e-03     0  2.655193e+00
   220  0.722  4.702878e+00  5.377570e-03  7.244567e-03   3.126453e+07  -5.881927e+05   4.633330e-08  -5.228217e+03   2.285631e+03   1.810651e+06   7.189619e-04  -2.230921e-04  -1.763981e-04  -1.502361e-06   6.539718e-07   5.545640e-04  -1.796762e-04  -7.343568e-04  -4.911517e-03     0  2.587869e+00
   220  0.833  4.699256e+00  5.314434e-03  1.086685e-02   3.124793e+07  -5.886787e+05   3.376044e-08  -7.137446e+03   2.538213e+03   1.818791e+06   7.185849e-04  -2.230220e-04  -1.762875e-04  -2.050990e-06   7.262413e-07   5.570568e-04  -1.793121e-04  -7.345526e-04  -4.900285e-03     0  2.523642e+00
   220  0.944  4.695634e+00  5.251299e-03  1.448913e-02   2.152753e+07   2.544431e+06  -2.561137e-09  -4.974027e+03   1.618996e+03   4.615289e+06   7.182079e-04  -2.229520e-04  -1.811082e-04  -1.424716e-06   4.637309e-07   5.595497e-04  -1.789481e-04  -7.347484e-04  -4.889053e-03     0  2.462756e+00
   221  0.056  1.867327e+00 -6.346599e-01 -2.044444e-02   1.816294e+05  -7.848227e+04  -4.252070e-07   9.054725e+02  -2.640596e+04   1.097243e+05   1.450503e-03  -9.578576e-04  -2.311944e-04   1.676801e-05  -4.889992e-04   2.031931e-03  -7.492200e-04  -6.583329e-04   1.145460e-03     3  5.331978e-01
   221  0.167  1.862284e+00 -6.338246e-01 -1.533333e-02   1.813535e+05  -7.839593e+04  -4.173053e-07   6.704997e+02  -2.198001e+04   1.102753e+05   1.448373e-03  -9.566333e-04  -2.307695e-04   1.241666e-05  -4.070372e-04   2.042136e-03  -7.500477e-04  -6.576367e-04   1.149663e-03     3  5.035362e-01
   221  0.278  1.857242e+00 -6.329893e-01 -1.022222e-02   1.810776e+05  -7.830960e+04  -4.095200e-07   4.356724e+02  -1.753371e+04   1.108264e+05   1.446244e-03  -9.554091e-04  -2.303446e-04   8.068007e-06  -3.246983e-04   2.052341e-03  -7.508753e-04  -6.569405e-04   1.153866e-03     3  4.812313e-01
   221  0.389  1.852199e+00 -6.321540e-01 -5.111111e-03   1.808017e+05  -7.822327e+04  -4.018802e-07   2.009905e+02  -1.306705e+04   1.113775e+05   1.444114e-03  -9.541848e-04  -2.299197e-04   3.722047e-06  -2.419825e-04   2.062546e-03  -7.517030e-04  -6.562443e-04   1.158068e-03     3  4.673377e-01
   221  0.500  1.847157e+00 -6.313187e-01  0.000000e+00   1.805258e+05  -7.813694e+04  -3.941823e-07  -3.354593e+01  -8.580046e+03   1.119286e+05   1.441984e-03  -9.529605e-04  -2.294947e-04  -6.212209e-07  -1.588897e-04   2.072752e-03  -7.525306e-04  -6.555481e-04   1.162271e-03     3  4.626137e-01
   221  0.611  1.842115e+00 -6.304834e-01  5.111111e-03   1.802499e+05  -7.805061e+04  -3.866007e-07  -2.679369e+02  -4.072685e+03   1.124797e+05   1.439854e-03  -9.517363e-04  -2.290698e-04  -4.961795e-06  -7.542010e-05   2.082957e-03  -7.533583e-04  -6.548518e-04   1.166474e-03     3  4.673377e-01
   221  0.722  1.837072e+00 -6.296481e-01  1.022222e-02   1.799740e+05  -7.796427e+04  -3.790192e-07  -5.021825e+02   4.550283e+02   1.130308e+05   1.437725e-03  -9.505120e-04  -2.286449e-04  -9.299675e-06   8.426450e-06   2.093162e-03  -7.541859e-04  -6.541556e-04   1.170677e-03     3  4.812313e-01
   221  0.833  1.832030e+00 -6.288128e-01  1.533333e-02   1.796981e+05  -7.787794e+04  -3.713503e-07  -7.362826e+02   5.003095e+03   1.135818e+05   1.435595e-03  -9.492878e-04  -2.282200e-04  -1.363486e-05   9.264991e-05   2.103367e-03  -7.550136e-04  -6.534594e-04   1.174879e-03     3  5.035362e-01
   221  0.944  1.826987e+00 -6.279775e-01  2.044444e-02   1.794222e+05  -7.779161e+04  -3.637688e-07  -9.702372e+02   9.571515e+03   1.141329e+05   1.433465e-03  -9.480635e-04  -2.277951e-04  -1.796736e-05   1.772503e-04   2.113573e-03  -7.558412e-04  -6.527632e-04   1.179082e-03     1  5.331978e-01
   222  0.056  1.878987e+00 -5.642711e-01 -2.044444e-02   1.665123e+05  -7.192008e+04  -3.896566e-07   1.810945e+03  -1.259544e+04   1.127360e+05   1.329709e-03  -8.779236e-04  -2.120194e-04   3.353602e-05  -2.332489e-04   2.087703e-03  -7.031197e-04  -6.096903e-04   1.071020e-03     0  1.412937e+00
   222  0.167  1.873944e+00 -5.634358e-01 -1.533333e-02   1.662351e+05  -7.183781e+04  -3.824389e-07   1.340999e+03  -1.268926e+04   1.129327e+05   1.327580e-03  -8.767250e-04  -2.115825e-04   2.483332e-05  -2.349864e-04   2.091346e-03  -7.031283e-04  -6.089800e-04   1.075308e-03     0  1.402013e+00
   222  0.278  1.868902e+00 -5.626005e-01 -1.022222e-02   1.659579e+05  -7.175554e+04  -3.753084e-07   8.713447e+02  -1.275274e+04   1.131294e+05   1.325450e-03  -8.755263e-04  -2.111455e-04   1.613601e-05  -2.361619e-04   2.094989e-03  -7.031368e-04  -6.082696e-04   1.079596e-03     0  1.394158e+00
   222  0.389  1.863860e+00 -5.617652e-01 -5.111111e-03   1.656807e+05  -7.167327e+04  -3.682362e-07   4.019810e+02  -1.278588e+04   1.133262e+05   1.323320e-03  -8.743276e-04  -2.107086e-04   7.444092e-06  -2.367755e-04   2.098633e-03  -7.031453e-04  -6.075593e-04   1.083884e-03     0  1.389423e+00
   222  0.500  1.858817e+00 -5.609299e-01  0.000000e+00   1.654035e+05  -7.159100e+04  -3.612076e-07  -6.709185e+01  -1.278866e+04   1.135229e+05   1.321191e-03  -8.731289e-04  -2.102717e-04  -1.242442e-06  -2.368271e-04   2.102276e-03  -7.031538e-04  -6.068489e-04   1.088172e-03     0  1.387841e+00
   222  0.611  1.853775e+00 -5.600946e-01  5.111111e-03   1.651263e+05  -7.150872e+04  -3.542082e-07  -5.358738e+02  -1.276110e+04   1.137196e+05   1.319061e-03  -8.719303e-04  -2.098348e-04  -9.923588e-06  -2.363167e-04   2.105919e-03  -7.031624e-04  -6.061386e-04   1.092460e-03     0  1.389423e+00
   222  0.722  1.848732e+00 -5.592593e-01  1.022222e-02   1.648491e+05  -7.142645e+04  -3.472087e-07  -1.004365e+03  -1.270320e+04   1.139164e+05   1.316931e-03  -8.707316e-04  -2.093978e-04  -1.859935e-05  -2.352444e-04   2.109562e-03  -7.031709e-04  -6.054283e-04   1.096748e-03     0  1.394158e+00
   222  0.833  1.843690e+00 -5.584240e-01  1.533333e-02   1.645719e+05  -7.134418e+04  -3.402092e-07  -1.472565e+03  -1.261494e+04   1.141131e+05   1.314802e-03  -8.695329e-04  -2.089609e-04  -2.726972e-05  -2.336101e-04   2.113205e-03  -7.031794e-04  -6.047179e-04   1.101036e-03     0  1.402013e+00
   222  0.944  1.838648e+00 -5.575887e-01  2.044444e-02   1.642947e+05  -7.126191e+04  -3.332389e-07  -1.940474e+03  -1.249634e+04   1.143098e+05   1.312672e-03  -8.683343e-04  -2.085240e-04  -3.593471e-05  -2.314138e-04   2.116849e-03  -7.031880e-04  -6.040076e-04   1.105324e-03     0  1.412937e+00
   223  0.056  1.890647e+00 -4.938824e-01 -2.044444e-02   1.513952e+05  -6.535789e+04  -3.541063e-07   1.810945e+03  -6.192557e+03   1.141090e+05   1.208916e-03  -7.979897e-04  -1.928444e-04   3.353602e-05  -1.146770e-04   2.113130e-03  -6.547358e-04  -5.589378e-04   1.002011e-03     0  2.328213e+00
   223  0.167  1.885605e+00 -4.930471e-01 -1.533333e-02   1.511167e+05  -6.527968e+04  -3.475143e-07   1.340999e+03  -6.233313e+03   1.139898e+05   1.206786e-03  -7.968166e-04  -1.923954e-04   2.483332e-05  -1.154317e-04   2.110921e-03  -6.544854e-04  -5.582137e-04   1.006383e-03     0  2.321600e+00
   223  0.278  1.880562e+00 -4.922118e-01 -1.022222e-02   1.508382e+05  -6.520147e+04  -3.410532e-07   8.713447e+02  -6.259209e+03   1.138705e+05   1.204657e-03  -7.956435e-04  -1.919465e-04   1.613601e-05  -1.159113e-04   2.108713e-03  -6.542350e-04  -5.574895e-04   1.010754e-03     0  2.316864e+00
   223  0.389  1.875520e+00 -4.913765e-01 -5.111111e-03   1.505597e+05  -6.512326e+04  -3.346213e-07   4.019810e+02  -6.270246e+03   1.137512e+05   1.202527e-03  -7.944704e-04  -1.914976e-04   7.444092e-06  -1.161157e-04   2.106504e-03  -6.539846e-04  -5.567653e-04   1.015126e-03     0  2.314018e+00
   223  0.500  1.870478e+00 -4.905412e-01  0.000000e+00   1.502812e+05  -6.504505e+04  -3.282039e-07  -6.709186e+01  -6.266424e+03   1.136319e+05   1.200397e-03  -7.932973e-04  -1.910486e-04  -1.242442e-06  -1.160449e-04   2.104295e-03  -6.537342e-04  -5.560412e-04   1.019497e-03     0  2.313069e+00
   223  0.611  1.865435e+00 -4.897059e-01  5.111111e-03   1.500027e+05  -6.496684e+04  -3.218156e-07  -5.358738e+02  -6.247742e+03   1.135127e+05   1.198268e-03  -7.921243e-04  -1.905997e-04  -9.923589e-06  -1.156989e-04   2.102086e-03  -6.534838e-04  -5.553170e-04   1.023869e-03     0  2.314018e+00
   223  0.722  1.860393e+00 -4.888706e-01  1.022222e-02   1.497242e+05  -6.488863e+04  -3.154273e-07  -1.004365e+03  -6.214200e+03   1.133934e+05   1.196138e-03  -7.909512e-04  -1.901508e-04  -1.859935e-05  -1.150778e-04   2.099878e-03  -6.532334e-04  -5.545928e-04   1.028240e-03     0  2.316864e+00
   223  0.833  1.855350e+00 -4.880352e-01  1.533333e-02   1.494457e+05  -6.481042e+04  -3.090245e-07  -1.472565e+03  -6.165799e+03   1.132741e+05   1.194008e-03  -7.897781e-04  -1.897018e-04  -2.726972e-05  -1.141815e-04   2.097669e-03  -6.529830e-04  -5.538687e-04   1.032612e-03     0  2.321600e+00
   223  0.944  1.850308e+00 -4.871999e-01  2.044444e-02   1.491672e+05  -6.473221e+04  -3.025925e-07  -1.940474e+03  -6.102539e+03   1.131548e+05   1.191878e-03  -7.886050e-04  -1.892529e-04  -3.593471e-05  -1.130100e-04   2.095460e-03  -6.527327e-04  -5.531445e-04   1.036983e-03     0  2.328213e+00
   224  0.056  1.902308e+00 -4.234936e-01 -2.044444e-02   1.362781e+05  -5.879571e+04  -3.185851e-07   1.810945e+03  -3.052733e+03   1.148274e+05   1.088123e-03  -7.180557e-04  -1.736693e-04   3.353602e-05  -5.653208e-05   2.126433e-03  -6.052147e-04  -5.061006e-04   9.384378e-04     0  3.249131e+00
   224  0.167  1.897265e+00 -4.226583e-01 -1.533333e-02   1.359983e+05  -5.872156e+04  -3.126770e-07   1.340999e+03  -3.068062e+03   1.145532e+05   1.085993e-03  -7.169082e-04  -1.732084e-04   2.483332e-05  -5.681597e-05   2.121355e-03  -6.049799e-04  -5.053629e-04   9.428910e-04     0  3.244395e+00
   224  0.278  1.892223e+00 -4.218230e-01 -1.022222e-02   1.357185e+05  -5.864741e+04  -3.067980e-07   8.713448e+02  -3.076121e+03   1.142790e+05   1.083863e-03  -7.157607e-04  -1.727475e-04   1.613601e-05  -5.696521e-05   2.116277e-03  -6.047452e-04  -5.046253e-04   9.473441e-04     0  3.241008e+00
   224  0.389  1.887180e+00 -4.209877e-01 -5.111111e-03   1.354387e+05  -5.857326e+04  -3.010209e-07   4.019810e+02  -3.076910e+03   1.140047e+05   1.081733e-03  -7.146132e-04  -1.722865e-04   7.444093e-06  -5.697982e-05   2.111199e-03  -6.045104e-04  -5.038876e-04   9.517973e-04     0  3.238975e+00
   224  0.500  1.882138e+00 -4.201524e-01  0.000000e+00   1.351589e+05  -5.849911e+04  -2.952147e-07  -6.709187e+01  -3.070428e+03   1.137305e+05   1.079604e-03  -7.134657e-04  -1.718256e-04  -1.242442e-06  -5.685978e-05   2.106121e-03  -6.042757e-04  -5.031499e-04   9.562505e-04     0  3.238296e+00
   224  0.611  1.877096e+00 -4.193171e-01  5.111111e-03   1.348791e+05  -5.842496e+04  -2.893939e-07  -5.358739e+02  -3.056676e+03   1.134563e+05   1.077474e-03  -7.123183e-04  -1.713646e-04  -9.923590e-06  -5.660510e-05   2.101042e-03  -6.040409e-04  -5.024122e-04   9.607036e-04     0  3.238975e+00
   224  0.722  1.872053e+00 -4.184818e-01  1.022222e-02   1.345993e+05  -5.835081e+04  -2.836605e-07  -1.004365e+03  -3.035652e+03   1.131821e+05   1.075344e-03  -7.111708e-04  -1.709037e-04  -1.859935e-05  -5.621579e-05   2.095964e-03  -6.038062e-04  -5.016745e-04   9.651568e-04     0  3.241008e+00
   224  0.833  1.867011e+00 -4.176465e-01  1.533333e-02   1.343195e+05  -5.827666e+04  -2.778252e-07  -1.472565e+03  -3.007359e+03   1.129079e+05   1.073215e-03  -7.100233e-04  -1.704427e-04  -2.726972e-05  -5.569183e-05   2.090886e-03  -6.035714e-04  -5.009368e-04   9.696100e-04     0  3.244395e+00
   224  0.944  1.861968e+00 -4.168112e-01  2.044444e-02   1.340397e+05  -5.820251e+04  -2.720626e-07  -1.940474e+03  -2.971794e+03   1.126336e+05   1.071085e-03  -7.088758e-04  -1.699818e-04  -3.593471e-05  -5.503323e-05   2.085808e-03  -6.033367e-04  -5.001991e-04   9.740631e-04     0  3.249131e+00
   225  0.056  1.913968e+00 -3.531049e-01 -2.044444e-02   1.211610e+05  -5.223352e+04  -2.830930e-07   1.810945e+03  -1.511719e+03   1.152196e+05   9.673291e-04  -6.381217e-04  -1.544943e-04   3.353601e-05  -2.799479e-05   2.133696e-03  -5.551202e-04  -4.512039e-04   8.803042e-04     0  4.171956e+00
   225  0.167  1.908925e+00 -3.522696e-01 -1.533333e-02   1.208799e+05  -5.216343e+04  -2.778179e-07   1.340999e+03  -1.515167e+03   1.148694e+05   9.651994e-04  -6.369998e-04  -1.540214e-04   2.483332e-05  -2.805864e-05   2.127210e-03  -5.550357e-04  -4.504530e-04   8.848372e-04     0  4.168269e+00
   225  0.278  1.903883e+00 -3.514343e-01 -1.022222e-02   1.205988e+05  -5.209334e+04  -2.725719e-07   8.713447e+02  -1.515063e+03   1.145191e+05   9.630697e-04  -6.358779e-04  -1.535484e-04   1.613601e-05  -2.805672e-05   2.120724e-03  -5.549512e-04  -4.497020e-04   8.893702e-04     0  4.165634e+00
   225  0.389  1.898841e+00 -3.505990e-01 -5.111111e-03   1.203177e+05  -5.202325e+04  -2.673842e-07   4.019810e+02  -1.511408e+03   1.141689e+05   9.609400e-04  -6.347560e-04  -1.530755e-04   7.444092e-06  -2.798903e-05   2.114238e-03  -5.548667e-04  -4.489511e-04   8.939033e-04     0  4.164051e+00
   225  0.500  1.893798e+00 -3.497636e-01  0.000000e+00   1.200366e+05  -5.195317e+04  -2.621819e-07  -6.709185e+01  -1.504201e+03   1.138186e+05   9.588103e-04  -6.336341e-04  -1.526025e-04  -1.242442e-06  -2.785557e-05   2.107752e-03  -5.547822e-04  -4.482002e-04   8.984363e-04     0  4.163524e+00
   225  0.611  1.888756e+00 -3.489283e-01  5.111111e-03   1.197555e+05  -5.188308e+04  -2.570159e-07  -5.358738e+02  -1.493442e+03   1.134684e+05   9.566806e-04  -6.325122e-04  -1.521296e-04  -9.923588e-06  -2.765633e-05   2.101266e-03  -5.546977e-04  -4.474493e-04   9.029694e-04     0  4.164051e+00
   225  0.722  1.883714e+00 -3.480930e-01  1.022222e-02   1.194744e+05  -5.181299e+04  -2.518500e-07  -1.004365e+03  -1.479132e+03   1.131181e+05   9.545509e-04  -6.313903e-04  -1.516566e-04  -1.859935e-05  -2.739133e-05   2.094780e-03  -5.546132e-04  -4.466983e-04   9.075024e-04     0  4.165634e+00
   225  0.833  1.878671e+00 -3.472577e-01  1.533333e-02   1.191933e+05  -5.174290e+04  -2.466550e-07  -1.472565e+03  -1.461270e+03   1.127679e+05   9.524212e-04  -6.302684e-04  -1.511837e-04  -2.726972e-05  -2.706056e-05   2.088294e-03  -5.545287e-04  -4.459474e-04   9.120354e-04     0  4.168269e+00
   225  0.944  1.873629e+00 -3.464224e-01  2.044444e-02   1.189122e+05  -5.167281e+04  -2.415109e-07  -1.940474e+03  -1.439857e+03   1.124177e+05   9.502915e-04  -6.291465e-04  -1.507107e-04  -3.593471e-05  -2.666401e-05   2.081808e-03  -5.544442e-04  -4.451965e-04   9.165685e-04     0  4.171956e+00
   226  0.056  1.925628e+00 -2.827161e-01 -2.044444e-02   1.060439e+05  -4.567134e+04  -2.476809e-07   1.810945e+03  -7.539882e+02   1.154466e+05   8.465357e-04  -5.581878e-04  -1.353193e-04   3.353602e-05  -1.396274e-05   2.137900e-03  -5.047307e-04  -3.942727e-04   8.276144e-04     0  5.095653e+00
   226  0.167  1.920586e+00 -2.818808e-01 -1.533333e-02   1.057615e+05  -4.560531e+04  -2.429588e-07   1.340999e+03  -7.521897e+02   1.150590e+05   8.444060e-04  -5.570915e-04  -1.348343e-04   2.483332e-05  -1.392944e-05   2.130723e-03  -5.048624e-04  -3.935089e-04   8.322255e-04     0  5.092635e+00
   226  0.278  1.915543e+00 -2.810455e-01 -1.022222e-02   1.054791e+05  -4.553928e+04  -2.383094e-07   8.713448e+02  -7.486628e+02   1.146714e+05   8.422763e-04  -5.559952e-04  -1.343494e-04   1.613601e-05  -1.386413e-05   2.123545e-03  -5.049941e-04  -3.927450e-04   8.368366e-04     0  5.090478e+00
   226  0.389  1.910501e+00 -2.802102e-01 -5.111111e-03   1.051967e+05  -4.547325e+04  -2.337256e-07   4.019810e+02  -7.434073e+02   1.142839e+05   8.401466e-04  -5.548989e-04  -1.338644e-04   7.444093e-06  -1.376680e-05   2.116368e-03  -5.051259e-04  -3.919812e-04   8.414477e-04     0  5.089183e+00
   226  0.500  1.905459e+00 -2.793749e-01  0.000000e+00   1.049143e+05  -4.540722e+04  -2.291490e-07  -6.709186e+01  -7.364232e+02   1.138963e+05   8.380169e-04  -5.538025e-04  -1.333795e-04  -1.242442e-06  -1.363747e-05   2.109190e-03  -5.052576e-04  -3.912173e-04   8.460588e-04     0  5.088751e+00
   226  0.611  1.900416e+00 -2.785396e-01  5.111111e-03   1.046319e+05  -4.534119e+04  -2.246088e-07  -5.358738e+02  -7.277107e+02   1.135087e+05   8.358872e-04  -5.527062e-04  -1.328945e-04  -9.923590e-06  -1.347612e-05   2.102013e-03  -5.053894e-04  -3.904534e-04   8.506699e-04     0  5.089183e+00
   226  0.722  1.895374e+00 -2.777043e-01  1.022222e-02   1.043496e+05  -4.527517e+04  -2.200686e-07  -1.004365e+03  -7.172696e+02   1.131211e+05   8.337575e-04  -5.516099e-04  -1.324095e-04  -1.859935e-05  -1.328277e-05   2.094835e-03  -5.055211e-04  -3.896896e-04   8.552810e-04     0  5.090478e+00
   226  0.833  1.890331e+00 -2.768690e-01  1.533333e-02   1.040672e+05  -4.520914e+04  -2.155066e-07  -1.472565e+03  -7.051000e+02   1.127335e+05   8.316278e-04  -5.505136e-04  -1.319246e-04  -2.726972e-05  -1.305741e-05   2.087658e-03  -5.056528e-04  -3.889257e-04   8.598921e-04     0  5.092635e+00
   226  0.944  1.885289e+00 -2.760337e-01  2.044444e-02   1.037848e+05  -4.514311e+04  -2.109518e-07  -1.940474e+03  -6.912018e+02   1.123459e+05   8.294981e-04  -5.494173e-04  -1.314396e-04  -3.593471e-05  -1.280003e-05   2.080480e-03  -5.057846e-04  -3.881619e-04   8.645032e-04     0  5.095653e+00
   227  0.056  1.937289e+00 -2.123274e-01 -2.044444e-02   9.092681e+04  -3.910915e+04  -2.121305e-07   1.810945e+03  -3.798166e+02   1.155873e+05   7.257422e-04  -4.782538e-04  -1.161443e-04   3.353602e-05  -7.033641e-06   2.140505e-03  -4.541844e-04  -3.353323e-04   7.803726e-04     0  6.019820e+00
   227  0.167  1.932246e+00 -2.114921e-01 -1.533333e-02   9.064312e+04  -3.904718e+04  -2.080706e-07   1.340999e+03  -3.760216e+02   1.151813e+05   7.236125e-04  -4.771831e-04  -1.156473e-04   2.483332e-05  -6.963363e-06   2.132988e-03  -4.545648e-04  -3.345558e-04   7.850600e-04     0  6.017265e+00
   227  0.278  1.927204e+00 -2.106567e-01 -1.022222e-02   9.035943e+04  -3.898521e+04  -2.040688e-07   8.713447e+02  -3.713928e+02   1.147754e+05   7.214828e-04  -4.761124e-04  -1.151503e-04   1.613601e-05  -6.877644e-06   2.125470e-03  -4.549451e-04  -3.337793e-04   7.897474e-04     0  6.015440e+00
   227  0.389  1.922161e+00 -2.098214e-01 -5.111111e-03   9.007574e+04  -3.892325e+04  -2.001107e-07   4.019810e+02  -3.659301e+02   1.143694e+05   7.193531e-04  -4.750417e-04  -1.146534e-04   7.444092e-06  -6.776482e-06   2.117952e-03  -4.553255e-04  -3.330028e-04   7.944347e-04     0  6.014344e+00
   227  0.500  1.917119e+00 -2.089861e-01  0.000000e+00   8.979205e+04  -3.886128e+04  -1.961525e-07  -6.709187e+01  -3.596335e+02   1.139634e+05   7.172234e-04  -4.739709e-04  -1.141564e-04  -1.242442e-06  -6.659879e-06   2.110434e-03  -4.557059e-04  -3.322263e-04   7.991221e-04     0  6.013979e+00
   227  0.611  1.912077e+00 -2.081508e-01  5.111111e-03   8.950836e+04  -3.879931e+04  -1.922162e-07  -5.358738e+02  -3.525030e+02   1.135575e+05   7.150937e-04  -4.729002e-04  -1.136594e-04  -9.923589e-06  -6.527834e-06   2.102916e-03  -4.560863e-04  -3.314498e-04   8.038095e-04     0  6.014344e+00
   227  0.722  1.907034e+00 -2.073155e-01  1.022222e-02   8.922467e+04  -3.873734e+04  -1.882945e-07  -1.004365e+03  -3.445387e+02   1.131515e+05   7.129640e-04  -4.718295e-04  -1.131625e-04  -1.859935e-05  -6.380347e-06   2.095398e-03  -4.564667e-04  -3.306733e-04   8.084969e-04     0  6.015440e+00
   227  0.833  1.901992e+00 -2.064802e-01  1.533333e-02   8.894098e+04  -3.867538e+04  -1.843509e-07  -1.472565e+03  -3.357405e+02   1.127456e+05   7.108343e-04  -4.707588e-04  -1.126655e-04  -2.726972e-05  -6.217417e-06   2.087881e-03  -4.568471e-04  -3.298968e-04   8.131842e-04     0  6.017265e+00
   227  0.944  1.896949e+00 -2.056449e-01  2.044444e-02   8.865729e+04  -3.861341e+04  -1.804146e-07  -1.940474e+03  -3.261085e+02   1.123396e+05   7.087046e-04  -4.696881e-04  -1.121685e-04  -3.593471e-05  -6.039046e-06   2.080363e-03  -4.572275e-04  -3.291204e-04   8.178716e-04     0  6.019820e+00
   228  0.056  1.948949e+00 -1.419386e-01 -2.044444e-02   7.580970e+04  -3.254696e+04  -1.766384e-07   1.810945e+03  -1.931085e+02   1.156802e+05   6.049488e-04  -3.983199e-04  -9.696926e-05   3.353602e-05  -3.576083e-06   2.142226e-03  -4.035513e-04  -2.744077e-04   7.385830e-04     0  6.944269e+00
   228  0.167  1.943907e+00 -1.411033e-01 -1.533333e-02   7.552472e+04  -3.248906e+04  -1.732114e-07   1.340999e+03  -1.889051e+02   1.152652e+05   6.028191e-04  -3.972747e-04  -9.646028e-05   2.483332e-05  -3.498242e-06   2.134541e-03  -4.041962e-04  -2.736189e-04   7.433448e-04     0  6.942055e+00
   228  0.278  1.938864e+00 -1.402680e-01 -1.022222e-02   7.523973e+04  -3.243115e+04  -1.698209e-07   8.713447e+02  -1.843087e+02   1.148502e+05   6.006894e-04  -3.962296e-04  -9.595130e-05   1.613601e-05  -3.413124e-06   2.126855e-03  -4.048411e-04  -2.728301e-04   7.481067e-04     0  6.940473e+00
   228  0.389  1.933822e+00 -1.394327e-01 -5.111111e-03   7.495474e+04  -3.237324e+04  -1.664812e-07   4.019810e+02  -1.793193e+02   1.144352e+05   5.985597e-04  -3.951845e-04  -9.544233e-05   7.444092e-06  -3.320728e-06   2.119170e-03  -4.054861e-04  -2.720412e-04   7.528685e-04     0  6.939523e+00
   228  0.500  1.928779e+00 -1.385974e-01  0.000000e+00   7.466976e+04  -3.231534e+04  -1.631415e-07  -6.709186e+01  -1.739370e+02   1.140202e+05   5.964300e-04  -3.941393e-04  -9.493335e-05  -1.242442e-06  -3.221056e-06   2.111484e-03  -4.061310e-04  -2.712524e-04   7.576304e-04     0  6.939207e+00
   228  0.611  1.923737e+00 -1.377621e-01  5.111111e-03   7.438477e+04  -3.225743e+04  -1.598237e-07  -5.358738e+02  -1.681618e+02   1.136051e+05   5.943003e-04  -3.930942e-04  -9.442437e-05  -9.923589e-06  -3.114108e-06   2.103799e-03  -4.067759e-04  -2.704636e-04   7.623922e-04     0  6.939523e+00
   228  0.722  1.918695e+00 -1.369268e-01  1.022222e-02   7.409978e+04  -3.219952e+04  -1.565058e-07  -1.004365e+03  -1.619936e+02   1.131901e+05   5.921706e-04  -3.920491e-04  -9.391539e-05  -1.859935e-05  -2.999882e-06   2.096113e-03  -4.074208e-04  -2.696748e-04   7.671540e-04     0  6.940473e+00
   228  0.833  1.913652e+00 -1.360915e-01  1.533333e-02   7.381480e+04  -3.214162e+04  -1.531662e-07  -1.472565e+03  -1.554325e+02   1.127751e+05   5.900409e-04  -3.910039e-04  -9.340641e-05  -2.726972e-05  -2.878379e-06   2.088428e-03  -4.080658e-04  -2.688859e-04   7.719159e-04     0  6.942055e+00
   228  0.944  1.908610e+00 -1.352562e-01  2.044444e-02   7.352981e+04  -3.208371e+04  -1.498265e-07  -1.940474e+03  -1.484784e+02   1.123601e+05   5.879112e-04  -3.899588e-04  -9.289743e-05  -3.593471e-05  -2.749599e-06   2.080742e-03  -4.087107e-04  -2.680971e-04   7.766777e-04     0  6.944269e+00
   229  0.056  1.960609e+00 -7.154984e-02 -2.044444e-02   6.069260e+04  -2.598478e+04  -1.411681e-07   1.810945e+03  -9.728573e+01   1.157442e+05   4.841554e-04  -3.183859e-04  -7.779424e-05   3.353602e-05  -1.801588e-06   2.143412e-03  -3.528678e-04  -2.115242e-04   7.022497e-04     0  7.868902e+00
   229  0.167  1.955567e+00 -7.071454e-02 -1.533333e-02   6.040632e+04  -2.593093e+04  -1.383341e-07   1.340999e+03  -9.344310e+01   1.153248e+05   4.820257e-04  -3.173664e-04  -7.727325e-05   2.483332e-05  -1.730428e-06   2.135644e-03  -3.537850e-04  -2.107233e-04   7.070842e-04     0  7.866947e+00
   229  0.278  1.950524e+00 -6.987923e-02 -1.022222e-02   6.012003e+04  -2.587708e+04  -1.355729e-07   8.713448e+02  -8.942845e+01   1.149053e+05   4.798960e-04  -3.163468e-04  -7.675227e-05   1.613601e-05  -1.656082e-06   2.127876e-03  -3.547023e-04  -2.099224e-04   7.119187e-04     0  7.865551e+00
   229  0.389  1.945482e+00 -6.904393e-02 -5.111111e-03   5.983375e+04  -2.582324e+04  -1.328408e-07   4.019810e+02  -8.524178e+01   1.144859e+05   4.777663e-04  -3.153273e-04  -7.623128e-05   7.444093e-06  -1.578551e-06   2.120108e-03  -3.556195e-04  -2.091216e-04   7.167532e-04     0  7.864713e+00
   229  0.500  1.940440e+00 -6.820862e-02  0.000000e+00   5.954746e+04  -2.576939e+04  -1.301232e-07  -6.709186e+01  -8.088309e+01   1.140664e+05   4.756366e-04  -3.143077e-04  -7.571029e-05  -1.242442e-06  -1.497835e-06   2.112341e-03  -3.565368e-04  -2.083207e-04   7.215877e-04     0  7.864434e+00
   229  0.611  1.935397e+00 -6.737332e-02  5.111111e-03   5.926118e+04  -2.571555e+04  -1.274275e-07  -5.358738e+02  -7.635237e+01   1.136469e+05   4.735069e-04  -3.132882e-04  -7.518930e-05  -9.923589e-06  -1.413933e-06   2.104573e-03  -3.574540e-04  -2.075198e-04   7.264222e-04     0  7.864713e+00
   229  0.722  1.930355e+00 -6.653802e-02  1.022222e-02   5.897490e+04  -2.566170e+04  -1.247208e-07  -1.004365e+03  -7.164963e+01   1.132275e+05   4.713772e-04  -3.122687e-04  -7.466831e-05  -1.859935e-05  -1.326845e-06   2.096805e-03  -3.583713e-04  -2.067190e-04   7.312568e-04     0  7.865551e+00
   229  0.833  1.925313e+00 -6.570271e-02  1.533333e-02   5.868861e+04  -2.560785e+04  -1.219923e-07  -1.472565e+03  -6.677488e+01   1.128080e+05   4.692474e-04  -3.112491e-04  -7.414733e-05  -2.726972e-05  -1.236572e-06   2.089037e-03  -3.592885e-04  -2.059181e-04   7.360913e-04     0  7.866947e+00
   229  0.944  1.920270e+00 -6.486741e-02  2.044444e-02   5.840233e+04  -2.555401e+04  -1.192384e-07  -1.940474e+03  -6.172810e+01   1.123886e+05   4.671177e-04  -3.102296e-04  -7.362634e-05  -3.593471e-05  -1.143113e-06   2.081270e-03  -3.602057e-04  -2.051172e-04   7.409258e-04     0  7.868902e+00
   230  0.056  1.972270e+00 -1.161089e-03 -2.044444e-02   4.557550e+04  -1.942259e+04  -1.056505e-07   1.810945e+03  -4.400302e+01   1.157883e+05   3.633619e-04  -2.384520e-04  -5.861922e-05   3.353601e-05  -8.148707e-07   2.144228e-03  -3.021541e-04  -1.467068e-04   6.713769e-04     0  8.793659e+00
   230  0.167  1.967227e+00 -3.257841e-04 -1.533333e-02   4.528792e+04  -1.937280e+04  -1.034750e-07   1.340999e+03  -4.088211e+01   1.153668e+05   3.612322e-04  -2.374580e-04  -5.808622e-05   2.483332e-05  -7.570761e-07   2.136422e-03  -3.033474e-04  -1.458942e-04   6.762823e-04     0  8.791910e+00
   230  0.278  1.962185e+00  5.095206e-04 -1.022222e-02   4.500034e+04  -1.932302e+04  -1.013286e-07   8.713447e+02  -3.770713e+01   1.149452e+05   3.591025e-04  -2.364640e-04  -5.755323e-05   1.613601e-05  -6.982802e-07   2.128616e-03  -3.045406e-04  -1.450815e-04   6.811877e-04     0  8.790661e+00
   230  0.389  1.957142e+00  1.344825e-03 -5.111111e-03   4.471275e+04  -1.927323e+04  -9.921860e-08   4.019809e+02  -3.447810e+01   1.145237e+05   3.569728e-04  -2.354701e-04  -5.702023e-05   7.444092e-06  -6.384833e-07   2.120809e-03  -3.057339e-04  -1.442689e-04   6.860930e-04     0  8.789912e+00
   230  0.500  1.952100e+00  2.180130e-03  0.000000e+00   4.442517e+04  -1.922345e+04  -9.711584e-08  -6.709186e+01  -3.119500e+01   1.141022e+05   3.548431e-04  -2.344761e-04  -5.648723e-05  -1.242442e-06  -5.776851e-07   2.113003e-03  -3.069272e-04  -1.434563e-04   6.909984e-04     0  8.789662e+00
   230  0.611  1.947058e+00  3.015435e-03  5.111111e-03   4.413759e+04  -1.917366e+04  -9.503128e-08  -5.358738e+02  -2.785784e+01   1.136806e+05   3.527134e-04  -2.334822e-04  -5.595424e-05  -9.923588e-06  -5.158858e-07   2.105197e-03  -3.081204e-04  -1.426437e-04   6.959038e-04     0  8.789912e+00
   230  0.722  1.942015e+00  3.850739e-03  1.022222e-02   4.385001e+04  -1.912388e+04  -9.293944e-08  -1.004365e+03  -2.446661e+01   1.132591e+05   3.505837e-04  -2.324882e-04  -5.542124e-05  -1.859935e-05  -4.530854e-07   2.097391e-03  -3.093137e-04  -1.418311e-04   7.008092e-04     0  8.790661e+00
   230  0.833  1.936973e+00  4.686044e-03  1.533333e-02   4.356243e+04  -1.907409e+04  -9.082578e-08  -1.472565e+03  -2.102132e+01   1.128376e+05   3.484540e-04  -2.314943e-04  -5.488824e-05  -2.726972e-05  -3.892838e-07   2.089585e-03  -3.105070e-04  -1.410185e-04   7.057145e-04     0  8.791910e+00
   230  0.944  1.931930e+00  5.521349e-03  2.044444e-02   4.327485e+04  -1.902431e+04  -8.870484e-08  -1.940474e+03  -1.752198e+01   1.124160e+05   3.463243e-04  -2.305003e-04  -5.435525e-05  -3.593471e-05  -3.244810e-07   2.081778e-03  -3.117002e-04  -1.402059e-04   7.106199e-04     0  8.793659e+00
   231  0.056  1.983930e+00  6.922767e-02 -2.044444e-02   3.045839e+04  -1.286040e+04  -7.012568e-08   1.810945e+03  -7.491450e+00   1.158165e+05   2.425685e-04  -1.585180e-04  -3.944420e-05   3.353602e-05  -1.387306e-07   2.144750e-03  -2.514229e-04  -7.998065e-05   6.459688e-04     0  9.718506e+00
   231  0.167  1.978888e+00  7.006297e-02 -1.533333e-02   3.016952e+04  -1.281468e+04  -6.859773e-08   1.340999e+03  -5.234365e+00   1.153942e+05   2.404388e-04  -1.575496e-04  -3.889919e-05   2.483332e-05  -9.693268e-08   2.136930e-03  -2.528937e-04  -7.915660e-05   6.509433e-04     0  9.716924e+00
   231  0.278  1.973845e+00  7.089828e-02 -1.022222e-02   2.988064e+04  -1.276895e+04  -6.709342e-08   8.713448e+02  -3.000583e+00   1.149720e+05   2.383091e-04  -1.565813e-04  -3.835419e-05   1.613601e-05  -5.556635e-08   2.129111e-03  -2.543645e-04  -7.833256e-05   6.559177e-04     0  9.715794e+00
   231  0.389  1.968803e+00  7.173358e-02 -5.111111e-03   2.959176e+04  -1.272323e+04  -6.560185e-08   4.019810e+02  -7.901028e-01   1.145497e+05   2.361794e-04  -1.556129e-04  -3.780918e-05   7.444093e-06  -1.463153e-08   2.121291e-03  -2.558353e-04  -7.750851e-05   6.608921e-04     0  9.715115e+00
   231  0.500  1.963760e+00  7.256888e-02  0.000000e+00   2.930288e+04  -1.267751e+04  -6.411028e-08  -6.709187e+01   1.397075e+00   1.141275e+05   2.340497e-04  -1.546445e-04  -3.726418e-05  -1.242442e-06   2.587175e-08   2.113472e-03  -2.573061e-04  -7.668446e-05   6.658666e-04     0  9.714889e+00
   231  0.611  1.958718e+00  7.340419e-02  5.111111e-03   2.901400e+04  -1.263178e+04  -6.262599e-08  -5.358739e+02   3.560949e+00   1.137052e+05   2.319200e-04  -1.536762e-04  -3.671917e-05  -9.923590e-06   6.594351e-08   2.105652e-03  -2.587769e-04  -7.586042e-05   6.708410e-04     0  9.715115e+00
   231  0.722  1.953676e+00  7.423949e-02  1.022222e-02   2.872513e+04  -1.258606e+04  -6.114351e-08  -1.004365e+03   5.701522e+00   1.132830e+05   2.297903e-04  -1.527078e-04  -3.617417e-05  -1.859935e-05   1.055837e-07   2.097833e-03  -2.602478e-04  -7.503637e-05   6.758154e-04     0  9.715794e+00
   231  0.833  1.948633e+00  7.507480e-02  1.533333e-02   2.843625e+04  -1.254033e+04  -5.965740e-08  -1.472565e+03   7.818791e+00   1.128607e+05   2.276606e-04  -1.517394e-04  -3.562916e-05  -2.726972e-05   1.447924e-07   2.090013e-03  -2.617186e-04  -7.421232e-05   6.807899e-04     0  9.716924e+00
   231  0.944  1.943591e+00  7.591010e-02  2.044444e-02   2.814737e+04  -1.249461e+04  -5.816764e-08  -1.940474e+03   9.912759e+00   1.124385e+05   2.255309e-04  -1.507711e-04  -3.508416e-05  -3.593471e-05   1.835696e-07   2.082194e-03  -2.631894e-04  -7.338828e-05   6.857643e-04     0  9.718506e+00
   232  0.056  1.995590e+00  1.396164e-01 -2.044444e-02   1.534129e+04  -6.298217e+03  -3.461537e-08   1.810945e+03   2.911444e+01   1.158299e+05   1.217750e-04  -7.858404e-05  -2.026918e-05   3.353602e-05   5.391564e-07   2.144998e-03  -2.006836e-04  -1.137098e-05   6.260295e-04     0  8.793659e+00
   232  0.167  1.990548e+00  1.404517e-01 -1.533333e-02   1.505112e+04  -6.256553e+03  -3.373043e-08   1.340999e+03   3.050911e+01   1.154080e+05   1.196453e-04  -7.764126e-05  -1.971217e-05   2.483332e-05   5.649834e-07   2.137185e-03  -2.024321e-04  -1.053579e-05   6.310712e-04     0  8.791910e+00
   232  0.278  1.985506e+00  1.412870e-01 -1.022222e-02   1.476094e+04  -6.214890e+03  -3.284731e-08   8.713447e+02   3.180286e+01   1.149861e+05   1.175156e-04  -7.669849e-05  -1.915515e-05   1.613601e-05   5.889419e-07   2.129372e-03  -2.041806e-04  -9.700605e-06   6.361129e-04     0  8.790661e+00
   232  0.389  1.980463e+00  1.421223e-01 -5.111111e-03   1.447077e+04  -6.173226e+03  -3.197329e-08   4.019810e+02   3.299572e+01   1.145642e+05   1.153859e-04  -7.575571e-05  -1.859814e-05   7.444092e-06   6.110319e-07   2.121559e-03  -2.059291e-04  -8.865416e-06   6.411546e-04     0  8.789912e+00
   232  0.500  1.975421e+00  1.429576e-01  0.000000e+00   1.418059e+04  -6.131563e+03  -3.109653e-08  -6.709185e+01   3.408768e+01   1.141423e+05   1.132562e-04  -7.481294e-05  -1.804112e-05  -1.242442e-06   6.312533e-07   2.113747e-03  -2.076775e-04  -8.030227e-06   6.461963e-04     0  8.789662e+00
   232  0.611  1.970378e+00  1.437929e-01  5.111111e-03   1.389042e+04  -6.089899e+03  -3.022706e-08  -5.358738e+02   3.507874e+01   1.137204e+05   1.111265e-04  -7.387016e-05  -1.748411e-05  -9.923588e-06   6.496062e-07   2.105934e-03  -2.094260e-04  -7.195038e-06   6.512380e-04     0  8.789912e+00
   232  0.722  1.965336e+00  1.446282e-01  1.022222e-02   1.360024e+04  -6.048236e+03  -2.935576e-08  -1.004365e+03   3.596889e+01   1.132985e+05   1.089968e-04  -7.292739e-05  -1.692709e-05  -1.859935e-05   6.660906e-07   2.098121e-03  -2.111745e-04  -6.359849e-06   6.562797e-04     0  8.790661e+00
   232  0.833  1.960294e+00  1.454636e-01  1.533333e-02   1.331007e+04  -6.006572e+03  -2.848628e-08  -1.472565e+03   3.675814e+01   1.128767e+05   1.068671e-04  -7.198461e-05  -1.637008e-05  -2.726972e-05   6.807063e-07   2.090309e-03  -2.129230e-04  -5.524660e-06   6.613214e-04     0  8.791910e+00
   232  0.944  1.955251e+00  1.462989e-01  2.044444e-02   1.301989e+04  -5.964909e+03  -2.761863e-08  -1.940474e+03   3.744649e+01   1.124548e+05   1.047374e-04  -7.104184e-05  -1.581306e-05  -3.593471e-05   6.934536e-07   2.082496e-03  -2.146715e-04  -4.689471e-06   6.663631e-04     0  8.793659e+00
   233  0.056  2.007251e+00  2.100052e-01 -2.044444e-02   2.241877e+02   2.639696e+02   8.853078e-10   1.810945e+03   8.271716e+01   1.158273e+05   9.815848e-07   1.349923e-06  -1.094158e-06   3.353602e-05   1.531799e-06   2.144950e-03  -1.499460e-04   5.909710e-05   6.115633e-04     0  7.868902e+00
   233  0.167  2.002208e+00  2.108405e-01 -1.533333e-02  -6.728435e+01   3.015724e+02   1.141416e-09   1.340999e+03   8.339287e+01   1.154072e+05  -1.148116e-06   2.267109e-06  -5.251342e-07   2.483332e-05   1.544312e-06   2.137170e-03  -1.519709e-04   5.994313e-05   6.166704e-04     0  7.866947e+00
   233  0.278  1.997166e+00  2.116758e-01 -1.022222e-02  -3.587564e+02   3.391752e+02   1.398064e-09   8.713447e+02   8.384893e+01   1.149870e+05  -3.277818e-06   3.184295e-06   4.388937e-08   1.613601e-05   1.552758e-06   2.129389e-03  -1.539957e-04   6.078917e-05   6.217776e-04     0  7.865551e+00
   233  0.389  1.992123e+00  2.125111e-01 -5.111111e-03  -6.502285e+02   3.767780e+02   1.655224e-09   4.019810e+02   8.408537e+01   1.145669e+05  -5.407519e-06   4.101481e-06   6.129129e-07   7.444092e-06   1.557136e-06   2.121608e-03  -1.560205e-04   6.163520e-05   6.268847e-04     0  7.864713e+00
   233  0.500  1.987081e+00  2.133464e-01  0.000000e+00  -9.417006e+02   4.143808e+02   1.912326e-09  -6.709186e+01   8.410216e+01   1.141467e+05  -7.537220e-06   5.018667e-06   1.181936e-06  -1.242442e-06   1.557447e-06   2.113828e-03  -1.580454e-04   6.248123e-05   6.319919e-04     0  7.864434e+00
   233  0.611  1.982039e+00  2.141817e-01  5.111111e-03  -1.233173e+03   4.519837e+02   2.169827e-09  -5.358738e+02   8.389932e+01   1.137265e+05  -9.666921e-06   5.935853e-06   1.750960e-06  -9.923589e-06   1.553691e-06   2.106047e-03  -1.600702e-04   6.332727e-05   6.370990e-04     0  7.864713e+00
   233  0.722  1.976996e+00  2.150170e-01  1.022222e-02  -1.524645e+03   4.895865e+02   2.427555e-09  -1.004365e+03   8.347685e+01   1.133064e+05  -1.179662e-05   6.853039e-06   2.319983e-06  -1.859935e-05   1.545868e-06   2.098266e-03  -1.620950e-04   6.417330e-05   6.422062e-04     0  7.865551e+00
   233  0.833  1.971954e+00  2.158523e-01  1.533333e-02  -1.816117e+03   5.271893e+02   2.684942e-09  -1.472565e+03   8.283474e+01   1.128862e+05  -1.392632e-05   7.770225e-06   2.889007e-06  -2.726972e-05   1.533977e-06   2.090486e-03  -1.641199e-04   6.501933e-05   6.473133e-04     0  7.866947e+00
   233  0.944  1.966912e+00  2.166876e-01  2.044444e-02  -2.107589e+03   5.647921e+02   2.942897e-09  -1.940474e+03   8.197299e+01   1.124661e+05  -1.605603e-05   8.687410e-06   3.458031e-06  -3.593471e-05   1.518018e-06   2.082705e-03  -1.661447e-04   6.586537e-05   6.524205e-04     0  7.868902e+00
   234  0.056  2.018911e+00  2.803939e-01 -2.044444e-02  -1.489292e+04   6.826156e+03   3.637979e-08   1.810945e+03   1.792381e+02   1.158048e+05  -1.198119e-04   8.128388e-05   1.808086e-05   3.353602e-05   3.319224e-06   2.144533e-03  -9.922272e-05   1.313985e-04   6.025741e-04     0  6.944269e+00
   234  0.167  2.013869e+00  2.812292e-01 -1.533333e-02  -1.518568e+04   6.859698e+03   3.600871e-08   1.340999e+03   1.795579e+02   1.153887e+05  -1.219416e-04   8.217548e-05   1.866190e-05   2.483332e-05   3.325147e-06   2.136828e-03  -1.015204e-04   1.322550e-04   6.077449e-04     0  6.942055e+00
   234  0.278  2.008826e+00  2.820645e-01 -1.022222e-02  -1.547845e+04   6.893240e+03   3.564310e-08   8.713448e+02   1.794355e+02   1.149727e+05  -1.240713e-04   8.306708e-05   1.924293e-05   1.613601e-05   3.322879e-06   2.129124e-03  -1.038181e-04   1.331116e-04   6.129158e-04     0  6.940473e+00
   234  0.389  2.003784e+00  2.828999e-01 -5.111111e-03  -1.577122e+04   6.926782e+03   3.528112e-08   4.019810e+02   1.788708e+02   1.145566e+05  -1.262010e-04   8.395867e-05   1.982396e-05   7.444093e-06   3.312422e-06   2.121419e-03  -1.061158e-04   1.339682e-04   6.180866e-04     0  6.939523e+00
   234  0.500  1.998741e+00  2.837352e-01  0.000000e+00  -1.606399e+04   6.960324e+03   3.492460e-08  -6.709187e+01   1.778638e+02   1.141406e+05  -1.283307e-04   8.485027e-05   2.040499e-05  -1.242442e-06   3.293775e-06   2.113715e-03  -1.084135e-04   1.348248e-04   6.232574e-04     0  6.939207e+00
   234  0.611  1.993699e+00  2.845705e-01  5.111111e-03  -1.635676e+04   6.993866e+03   3.456989e-08  -5.358739e+02   1.764147e+02   1.137246e+05  -1.304604e-04   8.574186e-05   2.098603e-05  -9.923590e-06   3.266938e-06   2.106010e-03  -1.107112e-04   1.356813e-04   6.284282e-04     0  6.939523e+00
   234  0.722  1.988657e+00  2.854058e-01  1.022222e-02  -1.664953e+04   7.027408e+03   3.421155e-08  -1.004365e+03   1.745232e+02   1.133085e+05  -1.325901e-04   8.663346e-05   2.156706e-05  -1.859935e-05   3.231912e-06   2.098306e-03  -1.130089e-04   1.365379e-04   6.335990e-04     0  6.940473e+00
   234  0.833  1.983614e+00  2.862411e-01  1.533333e-02  -1.694230e+04   7.060950e+03   3.385321e-08  -1.472565e+03   1.721895e+02   1.128925e+05  -1.347198e-04   8.752505e-05   2.214809e-05  -2.726972e-05   3.188695e-06   2.090601e-03  -1.153066e-04   1.373945e-04   6.387698e-04     0  6.942055e+00
   234  0.944  1.978572e+00  2.870764e-01  2.044444e-02  -1.723507e+04   7.094492e+03   3.349669e-08  -1.940474e+03   1.694136e+02   1.124764e+05  -1.368495e-04   8.841665e-05   2.272912e-05  -3.593471e-05   3.137289e-06   2.082897e-03  -1.176042e-04   1.382511e-04   6.439406e-04     0  6.944269e+00
   235  0.056  2.030571e+00  3.507827e-01 -2.044444e-02  -3.001002e+04   1.338834e+04   7.191193e-08   1.810945e+03   3.673836e+02   1.157532e+05  -2.406053e-04   1.612178e-04   3.725588e-05   3.353601e-05   6.803400e-06   2.143577e-03  -4.853403e-05   2.055079e-04   5.990663e-04     0  6.019820e+00
   235  0.167  2.025529e+00  3.516180e-01 -1.533333e-02  -3.030408e+04   1.341782e+04   7.088420e-08   1.340999e+03   3.681243e+02   1.153459e+05  -2.427350e-04   1.620838e-04   3.784893e-05   2.483332e-05   6.817117e-06   2.136035e-03  -5.109699e-05   2.063748e-04   6.042990e-04     0  6.017265e+00
   235  0.278  2.020487e+00  3.524533e-01 -1.022222e-02  -3.059815e+04   1.344730e+04   6.988557e-08   8.713447e+02   3.679784e+02   1.149386e+05  -2.448647e-04   1.629499e-04   3.844197e-05   1.613601e-05   6.814415e-06   2.128493e-03  -5.365994e-05   2.072416e-04   6.095317e-04     0  6.015440e+00
   235  0.389  2.015444e+00  3.532886e-01 -5.111111e-03  -3.089222e+04   1.347679e+04   6.890878e-08   4.019810e+02   3.669459e+02   1.145313e+05  -2.469944e-04   1.638159e-04   3.903501e-05   7.444092e-06   6.795294e-06   2.120950e-03  -5.622289e-05   2.081084e-04   6.147643e-04     0  6.014344e+00
   235  0.500  2.010402e+00  3.541239e-01  0.000000e+00  -3.118628e+04   1.350627e+04   6.793562e-08  -6.709185e+01   3.650267e+02   1.141240e+05  -2.491241e-04   1.646819e-04   3.962805e-05  -1.242442e-06   6.759753e-06   2.113408e-03  -5.878584e-05   2.089752e-04   6.199970e-04     0  6.013979e+00
   235  0.611  2.005359e+00  3.549592e-01  5.111111e-03  -3.148035e+04   1.353575e+04   6.696791e-08  -5.358738e+02   3.622208e+02   1.137168e+05  -2.512538e-04   1.655479e-04   4.022109e-05  -9.923588e-06   6.707793e-06   2.105866e-03  -6.134880e-05   2.098421e-04   6.252297e-04     0  6.014344e+00
   235  0.722  2.000317e+00  3.557945e-01  1.022222e-02  -3.177442e+04   1.356523e+04   6.600203e-08  -1.004365e+03   3.585284e+02   1.133095e+05  -2.533835e-04   1.664139e-04   4.081413e-05  -1.859935e-05   6.639414e-06   2.098324e-03  -6.391175e-05   2.107089e-04   6.304624e-04     0  6.015440e+00
   235  0.833  1.995275e+00  3.566298e-01  1.533333e-02  -3.206848e+04   1.359471e+04   6.502160e-08  -1.472565e+03   3.539493e+02   1.129022e+05  -2.555132e-04   1.672799e-04   4.140717e-05  -2.726972e-05   6.554616e-06   2.090782e-03  -6.647470e-05   2.115757e-04   6.356950e-04     0  6.017265e+00
   235  0.944  1.990232e+00  3.574651e-01  2.044444e-02  -3.236255e+04   1.362419e+04   6.403206e-08  -1.940474e+03   3.484835e+02   1.124949e+05  -2.576429e-04   1.681459e-04   4.200021e-05  -3.593471e-05   6.453398e-06   2.083240e-03  -6.903765e-05   2.124425e-04   6.409277e-04     0  6.019820e+00
   236  0.056  2.042232e+00  4.211714e-01 -2.044444e-02  -4.512712e+04   1.995053e+04   1.073677e-07   1.810945e+03   7.445121e+02   1.156535e+05  -3.613987e-04   2.411518e-04   5.643090e-05   3.353602e-05   1.378726e-05   2.141731e-03   2.083356e-06   2.814004e-04   6.010440e-04     0  5.095653e+00
   236  0.167  2.037189e+00  4.220068e-01 -1.533333e-02  -4.542248e+04   1.997595e+04   1.057415e-07   1.340999e+03   7.472747e+02   1.152644e+05  -3.635284e-04   2.419922e-04   5.703595e-05   2.483332e-05   1.383842e-05   2.134525e-03  -7.290732e-07   2.822772e-04   6.063367e-04     0  5.092635e+00
   236  0.278  2.032147e+00  4.228421e-01 -1.022222e-02  -4.571785e+04   2.000137e+04   1.041335e-07   8.713448e+02   7.482489e+02   1.148753e+05  -3.656581e-04   2.428326e-04   5.764100e-05   1.613601e-05   1.385646e-05   2.127320e-03  -3.541502e-06   2.831539e-04   6.116295e-04     0  5.090478e+00
   236  0.389  2.027105e+00  4.236774e-01 -5.111111e-03  -4.601321e+04   2.002679e+04   1.025364e-07   4.019810e+02   7.474346e+02   1.144861e+05  -3.677878e-04   2.436730e-04   5.824606e-05   7.444093e-06   1.384138e-05   2.120114e-03  -6.353932e-06   2.840307e-04   6.169222e-04     0  5.089183e+00
   236  0.500  2.022062e+00  4.245127e-01  0.000000e+00  -4.630857e+04   2.005221e+04   1.009430e-07  -6.709186e+01   7.448318e+02   1.140970e+05  -3.699175e-04   2.445135e-04   5.885111e-05  -1.242442e-06   1.379318e-05   2.112908e-03  -9.166361e-06   2.849075e-04   6.222149e-04     0  5.088751e+00
   236  0.611  2.017020e+00  4.253480e-01  5.111111e-03  -4.660394e+04   2.007763e+04   9.935684e-08  -5.358738e+02   7.404406e+02   1.137079e+05  -3.720472e-04   2.453539e-04   5.945616e-05  -9.923590e-06   1.371186e-05   2.105702e-03  -1.197879e-05   2.857843e-04   6.275077e-04     0  5.089183e+00
   236  0.722  2.011977e+00  4.261833e-01  1.022222e-02  -4.689930e+04   2.010305e+04   9.777796e-08  -1.004365e+03   7.342609e+02   1.133188e+05  -3.741769e-04   2.461943e-04   6.006121e-05  -1.859935e-05   1.359742e-05   2.098496e-03  -1.479122e-05   2.866610e-04   6.328004e-04     0  5.090478e+00
   236  0.833  2.006935e+00  4.270186e-01  1.533333e-02  -4.719466e+04   2.012847e+04   9.620635e-08  -1.472565e+03   7.262927e+02   1.129297e+05  -3.763066e-04   2.470347e-04   6.066626e-05  -2.726972e-05   1.344986e-05   2.091290e-03  -1.760365e-05   2.875378e-04   6.380931e-04     0  5.092635e+00
   236  0.944  2.001893e+00  4.278539e-01  2.044444e-02  -4.749003e+04   2.015389e+04   9.465657e-08  -1.940474e+03   7.165360e+02   1.125406e+05  -3.784363e-04   2.478751e-04   6.127131e-05  -3.593471e-05   1.326919e-05   2.084084e-03  -2.041608e-05   2.884146e-04   6.433858e-04     0  5.095653e+00
   237  0.056  2.053892e+00  4.915602e-01 -2.044444e-02  -6.024422e+04   2.651271e+04   1.428998e-07   1.810945e+03   1.508306e+03   1.154669e+05  -4.821922e-04   3.210858e-04   7.560592e-05   3.353602e-05   2.793159e-05   2.138276e-03   5.255901e-05   3.590507e-04   6.085114e-04     0  4.171956e+00
   237  0.167  2.048850e+00  4.923955e-01 -1.533333e-02  -6.054088e+04   2.653407e+04   1.406224e-07   1.340999e+03   1.516366e+03   1.151150e+05  -4.843219e-04   3.219006e-04   7.622298e-05   2.483332e-05   2.808085e-05   2.131760e-03   4.952952e-05   3.599371e-04   6.138623e-04     0  4.168269e+00
   237  0.278  2.043807e+00  4.932308e-01 -1.022222e-02  -6.083754e+04   2.655543e+04   1.383742e-07   8.713447e+02   1.520800e+03   1.147632e+05  -4.864516e-04   3.227154e-04   7.684004e-05   1.613601e-05   2.816296e-05   2.125245e-03   4.650003e-05   3.608235e-04   6.192133e-04     0  4.165634e+00
   237  0.389  2.038765e+00  4.940661e-01 -5.111111e-03  -6.113420e+04   2.657679e+04   1.361550e-07   4.019810e+02   1.521607e+03   1.144114e+05  -4.885813e-04   3.235302e-04   7.745710e-05   7.444092e-06   2.817791e-05   2.118729e-03   4.347054e-05   3.617100e-04   6.245643e-04     0  4.164051e+00
   237  0.500  2.033722e+00  4.949014e-01  0.000000e+00  -6.143087e+04   2.659815e+04   1.339504e-07  -6.709187e+01   1.518789e+03   1.140595e+05  -4.907110e-04   3.243451e-04   7.807416e-05  -1.242442e-06   2.812571e-05   2.112214e-03   4.044104e-05   3.625964e-04   6.299153e-04     0  4.163524e+00
   237  0.611  2.028680e+00  4.957367e-01  5.111111e-03  -6.172753e+04   2.661951e+04   1.317603e-07  -5.358738e+02   1.512344e+03   1.137077e+05  -4.928407e-04   3.251599e-04   7.869122e-05  -9.923589e-06   2.800636e-05   2.105698e-03   3.741155e-05   3.634828e-04   6.352663e-04     0  4.164051e+00
   237  0.722  2.023638e+00  4.965720e-01  1.022222e-02  -6.202419e+04   2.664087e+04   1.295703e-07  -1.004365e+03   1.502273e+03   1.133559e+05  -4.949704e-04   3.259747e-04   7.930828e-05  -1.859935e-05   2.781986e-05   2.099182e-03   3.438206e-05   3.643692e-04   6.406173e-04     0  4.165634e+00
   237  0.833  2.018595e+00  4.974073e-01  1.533333e-02  -6.232085e+04   2.666223e+04   1.273693e-07  -1.472565e+03   1.488575e+03   1.130040e+05  -4.971001e-04   3.267895e-04   7.992534e-05  -2.726972e-05   2.756621e-05   2.092667e-03   3.135257e-05   3.652557e-04   6.459682e-04     0  4.168269e+00
   237  0.944  2.013553e+00  4.982426e-01  2.044444e-02  -6.261751e+04   2.668359e+04   1.251683e-07  -1.940474e+03   1.471252e+03   1.126522e+05  -4.992298e-04   3.276044e-04   8.054240e-05  -3.593471e-05   2.724540e-05   2.086151e-03   2.832307e-05   3.661421e-04   6.513192e-04     0  4.171956e+00
   238  0.056  2.065552e+00  5.619490e-01 -2.044444e-02  -7.536133e+04   3.307490e+04   1.783701e-07   1.810945e+03   3.061695e+03   1.151138e+05  -6.029856e-04   4.010197e-04   9.478095e-05   3.353602e-05   5.669806e-05   2.131738e-03   1.027535e-04   4.384337e-04   6.214725e-04     0  3.249131e+00
   238  0.167  2.060510e+00  5.627843e-01 -1.533333e-02  -7.565929e+04   3.309220e+04   1.754743e-07   1.340999e+03   3.081742e+03   1.148383e+05  -6.051153e-04   4.018090e-04   9.541002e-05   2.483332e-05   5.706929e-05   2.126635e-03   9.957321e-05   4.393295e-04   6.268800e-04     0  3.244395e+00
   238  0.278  2.055468e+00  5.636196e-01 -1.022222e-02  -7.595724e+04   3.310950e+04   1.726294e-07   8.713447e+02   3.094413e+03   1.145627e+05  -6.072450e-04   4.025982e-04   9.603908e-05   1.613601e-05   5.730394e-05   2.121532e-03   9.639295e-05   4.402252e-04   6.322874e-04     0  3.241008e+00
   238  0.389  2.050425e+00  5.644549e-01 -5.111111e-03  -7.625520e+04   3.312680e+04   1.697917e-07   4.019810e+02   3.099709e+03   1.142871e+05  -6.093747e-04   4.033874e-04   9.666815e-05   7.444092e-06   5.740202e-05   2.116429e-03   9.321270e-05   4.411210e-04   6.376948e-04     0  3.238975e+00
   238  0.500  2.045383e+00  5.652902e-01  0.000000e+00  -7.655316e+04   3.314410e+04   1.669687e-07  -6.709186e+01   3.097630e+03   1.140116e+05  -6.115044e-04   4.041767e-04   9.729722e-05  -1.242442e-06   5.736352e-05   2.111325e-03   9.003245e-05   4.420168e-04   6.431023e-04     0  3.238296e+00
   238  0.611  2.040340e+00  5.661255e-01  5.111111e-03  -7.685111e+04   3.316140e+04   1.641529e-07  -5.358738e+02   3.088176e+03   1.137360e+05  -6.136341e-04   4.049659e-04   9.792629e-05  -9.923589e-06   5.718845e-05   2.106222e-03   8.685219e-05   4.429126e-04   6.485097e-04     0  3.238975e+00
   238  0.722  2.035298e+00  5.669608e-01  1.022222e-02  -7.714907e+04   3.317870e+04   1.613516e-07  -1.004365e+03   3.071347e+03   1.134604e+05  -6.157638e-04   4.057551e-04   9.855536e-05  -1.859935e-05   5.687680e-05   2.101119e-03   8.367194e-05   4.438083e-04   6.539172e-04     0  3.241008e+00
   238  0.833  2.030256e+00  5.677961e-01  1.533333e-02  -7.744703e+04   3.319599e+04   1.585431e-07  -1.472565e+03   3.047143e+03   1.131849e+05  -6.178935e-04   4.065444e-04   9.918442e-05  -2.726972e-05   5.642857e-05   2.096016e-03   8.049168e-05   4.447041e-04   6.593246e-04     0  3.244395e+00
   238  0.944  2.025213e+00  5.686314e-01  2.044444e-02  -7.774499e+04   3.321329e+04   1.557273e-07  -1.940474e+03   3.015563e+03   1.129093e+05  -6.200232e-04   4.073336e-04   9.981349e-05  -3.593471e-05   5.584376e-05   2.090913e-03   7.731143e-05   4.455999e-04   6.647320e-04     0  3.249131e+00
   239  0.056  2.077213e+00  6.323377e-01 -2.044444e-02  -9.047843e+04   3.963709e+04   2.139277e-07   1.810945e+03   6.226758e+03   1.144321e+05  -7.237791e-04   4.809537e-04   1.139560e-04   3.353602e-05   1.153103e-04   2.119113e-03   1.523862e-04   5.195242e-04   6.399317e-04     0  2.328213e+00
   239  0.167  2.072170e+00  6.331730e-01 -1.533333e-02  -9.077769e+04   3.965033e+04   2.103625e-07   1.340999e+03   6.272445e+03   1.143124e+05  -7.259088e-04   4.817173e-04   1.145970e-04   2.483332e-05   1.161564e-04   2.116896e-03   1.491906e-04   5.204291e-04   6.453938e-04     0  2.321600e+00
   239  0.278  2.067128e+00  6.340083e-01 -1.022222e-02  -9.107694e+04   3.966356e+04   2.068628e-07   8.713448e+02   6.303108e+03   1.141926e+05  -7.280385e-04   4.824810e-04   1.152381e-04   1.613601e-05   1.167242e-04   2.114678e-03   1.459951e-04   5.213339e-04   6.508559e-04     0  2.316864e+00
   239  0.389  2.062086e+00  6.348436e-01 -5.111111e-03  -9.137619e+04   3.967680e+04   2.034139e-07   4.019810e+02   6.318745e+03   1.140729e+05  -7.301682e-04   4.832446e-04   1.158792e-04   7.444093e-06   1.170138e-04   2.112461e-03   1.427995e-04   5.222387e-04   6.563180e-04     0  2.314018e+00
   239  0.500  2.057043e+00  6.356789e-01  0.000000e+00  -9.167545e+04   3.969004e+04   1.999724e-07  -6.709186e+01   6.319357e+03   1.139531e+05  -7.322979e-04   4.840083e-04   1.165203e-04  -1.242442e-06   1.170251e-04   2.110243e-03   1.396039e-04   5.231435e-04   6.617800e-04     0  2.313069e+00
   239  0.611  2.052001e+00  6.365142e-01  5.111111e-03  -9.197470e+04   3.970328e+04   1.965454e-07  -5.358738e+02   6.304943e+03   1.138334e+05  -7.344276e-04   4.847719e-04   1.171614e-04  -9.923589e-06   1.167582e-04   2.108026e-03   1.364083e-04   5.240484e-04   6.672421e-04     0  2.314018e+00
   239  0.722  2.046958e+00  6.373495e-01  1.022222e-02  -9.227396e+04   3.971652e+04   1.931403e-07  -1.004365e+03   6.275505e+03   1.137137e+05  -7.365573e-04   4.855356e-04   1.178024e-04  -1.859935e-05   1.162131e-04   2.105809e-03   1.332128e-04   5.249532e-04   6.727042e-04     0  2.316864e+00
   239  0.833  2.041916e+00  6.381848e-01  1.533333e-02  -9.257321e+04   3.972976e+04   1.897060e-07  -1.472565e+03   6.231042e+03   1.135939e+05  -7.386870e-04   4.862992e-04   1.184435e-04  -2.726972e-05   1.153897e-04   2.103591e-03   1.300172e-04   5.258580e-04   6.781663e-04     0  2.321600e+00
   239  0.944  2.036874e+00  6.390202e-01  2.044444e-02  -9.287247e+04   3.974299e+04   1.862427e-07  -1.940474e+03   6.171553e+03   1.134742e+05  -7.408167e-04   4.870629e-04   1.190846e-04  -3.593471e-05   1.142880e-04   2.101374e-03   1.268216e-04   5.267629e-04   6.836284e-04     0  2.328213e+00
   240  0.056  2.088873e+00  7.027265e-01 -2.044444e-02  -1.055955e+05   4.619927e+04   2.493471e-07   1.810945e+03   1.268114e+04   1.130905e+05  -8.445725e-04   5.608876e-04   1.331310e-04   3.353601e-05   2.348359e-04   2.094268e-03   2.008890e-04   6.022972e-04   6.638930e-04     0  1.412937e+00
   240  0.167  2.083831e+00  7.035618e-01 -1.533333e-02  -1.058961e+05   4.620845e+04   2.452216e-07   1.340999e+03   1.278033e+04   1.132889e+05  -8.467022e-04   5.616257e-04   1.337841e-04   2.483332e-05   2.366728e-04   2.097943e-03   1.979547e-04   6.032108e-04   6.694079e-04     0  1.402013e+00
   240  0.278  2.078788e+00  7.043971e-01 -1.022222e-02  -1.061966e+05   4.621763e+04   2.411180e-07   8.713447e+02   1.284889e+04   1.134874e+05  -8.488319e-04   5.623638e-04   1.344372e-04   1.613601e-05   2.379424e-04   2.101618e-03   1.950203e-04   6.041244e-04   6.749229e-04     0  1.394158e+00
   240  0.389  2.073746e+00  7.052324e-01 -5.111111e-03  -1.064972e+05   4.622681e+04   2.370507e-07   4.019809e+02   1.288681e+04   1.136858e+05  -8.509616e-04   5.631018e-04   1.350902e-04   7.444092e-06   2.386446e-04   2.105293e-03   1.920859e-04   6.050379e-04   6.804378e-04     0  1.389423e+00
   240  0.500  2.068704e+00  7.060677e-01  0.000000e+00  -1.067977e+05   4.623598e+04   2.329907e-07  -6.709186e+01   1.289409e+04   1.138843e+05  -8.530913e-04   5.638399e-04   1.357433e-04  -1.242442e-06   2.387795e-04   2.108968e-03   1.891516e-04   6.059515e-04   6.859528e-04     0  1.387841e+00
   240  0.611  2.063661e+00  7.069030e-01  5.111111e-03  -1.070983e+05   4.624516e+04   2.289671e-07  -5.358738e+02   1.287074e+04   1.140827e+05  -8.552210e-04   5.645779e-04   1.363964e-04  -9.923588e-06   2.383470e-04   2.112643e-03   1.862172e-04   6.068651e-04   6.914677e-04     0  1.389423e+00
   240  0.722  2.058619e+00  7.077383e-01  1.022222e-02  -1.073988e+05   4.625434e+04   2.249217e-07  -1.004365e+03   1.281675e+04   1.142811e+05  -8.573507e-04   5.653160e-04   1.370495e-04  -1.859935e-05   2.373472e-04   2.116318e-03   1.832828e-04   6.077787e-04   6.969826e-04     0  1.394158e+00
   240  0.833  2.053576e+00  7.085736e-01  1.533333e-02  -1.076994e+05   4.626352e+04   2.208835e-07  -1.472565e+03   1.273212e+04   1.144796e+05  -8.594804e-04   5.660540e-04   1.377026e-04  -2.726972e-05   2.357800e-04   2.119992e-03   1.803485e-04   6.086923e-04   7.024976e-04     0  1.402013e+00
   240  0.944  2.048534e+00  7.094089e-01  2.044444e-02  -1.079999e+05   4.627269e+04   2.168745e-07  -1.940474e+03   1.261686e+04   1.146780e+05  -8.616101e-04   5.667921e-04   1.383557e-04  -3.593471e-05   2.336455e-04   2.123667e-03   1.774141e-04   6.096059e-04   7.080125e-04     0  1.412937e+00
   241  0.056  2.100533e+00  7.731152e-01 -2.044444e-02  -1.207126e+05   5.276146e+04   2.848756e-07   9.054725e+02   2.658589e+04   1.100986e+05  -9.653660e-04   6.408216e-04   1.523060e-04   1.676801e-05   4.923313e-04   2.038862e-03   2.471062e-04   6.867274e-04   6.933606e-04     3  5.331978e-01
   241  0.167  2.095491e+00  7.739505e-01 -1.533333e-02  -1.210145e+05   5.276658e+04   2.800807e-07   6.704997e+02   2.213456e+04   1.106539e+05  -9.674957e-04   6.415341e-04   1.529711e-04   1.241666e-05   4.098992e-04   2.049147e-03   2.449975e-04   6.876494e-04   6.989266e-04     3  5.035362e-01
   241  0.278  2.090449e+00  7.747858e-01 -1.022222e-02  -1.213163e+05   5.277169e+04   2.753732e-07   4.356724e+02   1.766265e+04   1.112093e+05  -9.696254e-04   6.422465e-04   1.536362e-04   8.068007e-06   3.270860e-04   2.059432e-03   2.428888e-04   6.885715e-04   7.044926e-04     3  4.812313e-01
   241  0.389  2.085406e+00  7.756211e-01 -5.111111e-03  -1.216182e+05   5.277681e+04   2.706875e-07   2.009905e+02   1.317016e+04   1.117647e+05  -9.717551e-04   6.429590e-04   1.543013e-04   3.722046e-06   2.438918e-04   2.069716e-03   2.407801e-04   6.894935e-04   7.100586e-04     3  4.673377e-01
   241  0.500  2.080364e+00  7.764564e-01  0.000000e+00  -1.219200e+05   5.278193e+04   2.659945e-07  -3.354594e+01   8.657097e+03   1.123201e+05  -9.738848e-04   6.436715e-04   1.549664e-04  -6.212211e-07   1.603166e-04   2.080001e-03   2.386714e-04   6.904156e-04   7.156246e-04     3  4.626137e-01
   241  0.611  2.075321e+00  7.772917e-01  5.111111e-03  -1.222219e+05   5.278704e+04   2.613378e-07  -2.679369e+02   4.123459e+03   1.128754e+05  -9.760145e-04   6.443839e-04   1.556315e-04  -4.961795e-06   7.636035e-05   2.090286e-03   2.365627e-04   6.913376e-04   7.211906e-04     3  4.673377e-01
   241  0.722  2.070279e+00  7.781271e-01  1.022222e-02  -1.225237e+05   5.279216e+04   2.567176e-07  -5.021825e+02  -4.307550e+02   1.134308e+05  -9.781442e-04   6.450964e-04   1.562966e-04  -9.299675e-06  -7.976945e-06   2.100571e-03   2.344541e-04   6.922596e-04   7.267566e-04     3  4.812313e-01
   241  0.833  2.065237e+00  7.789624e-01  1.533333e-02  -1.228256e+05   5.279728e+04   2.520246e-07  -7.362826e+02  -5.005545e+03   1.139862e+05  -9.802739e-04   6.458089e-04   1.569617e-04  -1.363486e-05  -9.269528e-05   2.110855e-03   2.323454e-04   6.931817e-04   7.323226e-04     3  5.035362e-01
   241  0.944  2.060194e+00  7.797977e-01  2.044444e-02  -1.231274e+05   5.280239e+04   2.473826e-07  -9.702372e+02  -9.600911e+03   1.145416e+05  -9.824036e-04   6.465213e-04   1.576268e-04  -1.796736e-05  -1.777947e-04   2.121140e-03   2.302367e-04   6.941037e-04   7.378885e-04     3  5.331978e-01
   242  0.056 -1.045411e+00 -1.136366e+00 -2.044444e-02   2.438730e+05  -1.056295e+05  -5.710754e-07   9.145153e+02   1.614581e+03   1.569660e+05   1.948148e-03  -1.287877e-03  -3.098595e-04   1.693547e-05   2.989965e-05   2.906777e-03  -3.884261e-03   1.590969e-03   5.779468e-04     3  5.004253e-01
   242  0.167 -1.040367e+00 -1.137195e+00 -1.533333e-02   2.436075e+05  -1.055157e+05  -5.605689e-07   6.796030e+02   1.426529e+03   1.564772e+05   1.946029e-03  -1.286484e-03  -3.095193e-04   1.258524e-05   2.641720e-05   2.897726e-03  -3.889203e-03   1.592138e-03   5.850571e-04     3  4.735488e-01
   242  0.278 -1.035324e+00 -1.138023e+00 -1.022222e-02   2.433420e+05  -1.054020e+05  -5.502225e-07   4.447968e+02   1.236437e+03   1.559885e+05   1.943911e-03  -1.285091e-03  -3.091790e-04   8.236978e-06   2.289698e-05   2.888675e-03  -3.894146e-03   1.593306e-03   5.921674e-04     3  4.533769e-01
   242  0.389 -1.030280e+00 -1.138852e+00 -5.111111e-03   2.430764e+05  -1.052883e+05  -5.400361e-07   2.100968e+02   1.044307e+03   1.554997e+05   1.941793e-03  -1.283698e-03  -3.088388e-04   3.890682e-06   1.933901e-05   2.879624e-03  -3.899089e-03   1.594474e-03   5.992777e-04     3  4.408309e-01
   242  0.500 -1.025237e+00 -1.139680e+00  0.000000e+00   2.428109e+05  -1.051746e+05  -5.298789e-07  -2.449688e+01   8.501373e+02   1.550110e+05   1.939675e-03  -1.282305e-03  -3.084986e-04  -4.536459e-07   1.574328e-05   2.870574e-03  -3.904032e-03   1.595642e-03   6.063880e-04     3  4.365688e-01
   242  0.611 -1.020193e+00 -1.140509e+00  5.111111e-03   2.425454e+05  -1.050609e+05  -5.197653e-07  -2.589844e+02   6.539289e+02   1.545222e+05   1.937557e-03  -1.280911e-03  -3.081583e-04  -4.796007e-06   1.210979e-05   2.861523e-03  -3.908975e-03   1.596810e-03   6.134983e-04     3  4.408309e-01
   242  0.722 -1.015150e+00 -1.141338e+00  1.022222e-02   2.422799e+05  -1.049471e+05  -5.096517e-07  -4.933657e+02   4.556816e+02   1.540335e+05   1.935439e-03  -1.279518e-03  -3.078181e-04  -9.136402e-06   8.438548e-06   2.852472e-03  -3.913918e-03   1.597978e-03   6.206086e-04     3  4.533769e-01
   242  0.833 -1.010106e+00 -1.142166e+00  1.533333e-02   2.420144e+05  -1.048334e+05  -4.995236e-07  -7.276408e+02   2.553953e+02   1.535447e+05   1.933321e-03  -1.278125e-03  -3.074779e-04  -1.347483e-05   4.729542e-06   2.843421e-03  -3.918860e-03   1.599146e-03   6.277189e-04     3  4.735488e-01
   242  0.944 -1.005063e+00 -1.142995e+00  2.044444e-02   2.417489e+05  -1.047197e+05  -4.893081e-07  -9.618096e+02   5.307004e+01   1.530560e+05   1.931202e-03  -1.276732e-03  -3.071376e-04  -1.781129e-05   9.827786e-07   2.834370e-03  -3.923803e-03   1.600314e-03   6.348292e-04     3  5.004253e-01
   243  0.056 -1.033580e+00 -1.064354e+00 -2.044444e-02   2.284042e+05  -9.891971e+04  -5.347538e-07   1.829031e+03   1.162957e+03   1.569184e+05   1.824555e-03  -1.206119e-03  -2.902269e-04   3.387094e-05   2.153623e-05   2.905897e-03  -3.629885e-03   1.475599e-03   5.054965e-04     0  1.332353e+00
   243  0.167 -1.028537e+00 -1.065183e+00 -1.533333e-02   2.281377e+05  -9.880902e+04  -5.248439e-07   1.359206e+03   1.190506e+03   1.564652e+05   1.822437e-03  -1.204745e-03  -2.898777e-04   2.517048e-05   2.204641e-05   2.897504e-03  -3.634451e-03   1.476751e-03   5.125072e-04     0  1.322493e+00
   243  0.278 -1.023493e+00 -1.066011e+00 -1.022222e-02   2.278712e+05  -9.869834e+04  -5.151815e-07   8.895936e+02   1.215055e+03   1.560120e+05   1.820319e-03  -1.203371e-03  -2.895285e-04   1.647396e-05   2.250102e-05   2.889110e-03  -3.639018e-03   1.477902e-03   5.195179e-04     0  1.315405e+00
   243  0.389 -1.018450e+00 -1.066840e+00 -5.111111e-03   2.276047e+05  -9.858766e+04  -5.056208e-07   4.201937e+02   1.236603e+03   1.555587e+05   1.818201e-03  -1.201997e-03  -2.891793e-04   7.781365e-06   2.290006e-05   2.880717e-03  -3.643585e-03   1.479054e-03   5.265285e-04     0  1.311133e+00
   243  0.500 -1.013406e+00 -1.067668e+00  0.000000e+00   2.273383e+05  -9.847697e+04  -4.961039e-07  -4.899375e+01   1.255151e+03   1.551055e+05   1.816083e-03  -1.200623e-03  -2.888301e-04  -9.072916e-07   2.324353e-05   2.872324e-03  -3.648152e-03   1.480206e-03   5.335392e-04     0  1.309707e+00
   243  0.611 -1.008363e+00 -1.068497e+00  5.111111e-03   2.270718e+05  -9.836629e+04  -4.866306e-07  -5.179688e+02   1.270698e+03   1.546522e+05   1.813965e-03  -1.199249e-03  -2.884809e-04  -9.592014e-06   2.353144e-05   2.863930e-03  -3.652718e-03   1.481358e-03   5.405499e-04     0  1.311133e+00
   243  0.722 -1.003319e+00 -1.069326e+00  1.022222e-02   2.268053e+05  -9.825560e+04  -4.771573e-07  -9.867314e+02   1.283244e+03   1.541990e+05   1.811847e-03  -1.197875e-03  -2.881317e-04  -1.827280e-05   2.376378e-05   2.855537e-03  -3.657285e-03   1.482509e-03   5.475605e-04     0  1.315405e+00
   243  0.833 -9.982759e-01 -1.070154e+00  1.533333e-02   2.265388e+05  -9.814492e+04  -4.676403e-07  -1.455282e+03   1.292789e+03   1.537457e+05   1.809728e-03  -1.196501e-03  -2.877825e-04  -2.694966e-05   2.394055e-05   2.847143e-03  -3.661852e-03   1.483661e-03   5.545712e-04     0  1.322493e+00
   243  0.944 -9.932324e-01 -1.070983e+00  2.044444e-02   2.262723e+05  -9.803424e+04  -4.580652e-07  -1.923619e+03   1.299334e+03   1.532925e+05   1.807610e-03  -1.195127e-03  -2.874333e-04  -3.562258e-05   2.406175e-05   2.838750e-03  -3.666418e-03   1.484813e-03   5.615819e-04     0  1.332353e+00
   244  0.056 -1.021750e+00 -9.923423e-01 -2.044444e-02   2.129354e+05  -9.220997e+04  -4.982867e-07   1.829031e+03   5.283898e+02   1.569485e+05   1.700963e-03  -1.124362e-03  -2.705944e-04   3.387094e-05   9.784996e-06   2.906454e-03  -3.375218e-03   1.362607e-03   4.386907e-04     0  2.196507e+00
   244  0.167 -1.016707e+00 -9.931709e-01 -1.533333e-02   2.126679e+05  -9.210231e+04  -4.891335e-07   1.359206e+03   5.493634e+02   1.565266e+05   1.698845e-03  -1.123007e-03  -2.702362e-04   2.517048e-05   1.017340e-05   2.898640e-03  -3.379466e-03   1.363742e-03   4.456031e-04     0  2.190540e+00
   244  0.278 -1.011663e+00 -9.939995e-01 -1.022222e-02   2.124005e+05  -9.199466e+04  -4.801404e-07   8.895935e+02   5.688835e+02   1.561047e+05   1.696727e-03  -1.121652e-03  -2.698780e-04   1.647395e-05   1.053488e-05   2.890827e-03  -3.383714e-03   1.364878e-03   4.525155e-04     0  2.186268e+00
   244  0.389 -1.006620e+00 -9.948280e-01 -5.111111e-03   2.121330e+05  -9.188701e+04  -4.711910e-07   4.201937e+02   5.869502e+02   1.556827e+05   1.694609e-03  -1.120297e-03  -2.695199e-04   7.781364e-06   1.086945e-05   2.883014e-03  -3.387962e-03   1.366013e-03   4.594279e-04     0  2.183701e+00
   244  0.500 -1.001576e+00 -9.956566e-01  0.000000e+00   2.118656e+05  -9.177936e+04  -4.622998e-07  -4.899377e+01   6.035635e+02   1.552608e+05   1.692491e-03  -1.118942e-03  -2.691617e-04  -9.072920e-07   1.117710e-05   2.875200e-03  -3.392210e-03   1.367149e-03   4.663403e-04     0  2.182844e+00
   244  0.611 -9.965325e-01 -9.964851e-01  5.111111e-03   2.115981e+05  -9.167171e+04  -4.534668e-07  -5.179688e+02   6.187233e+02   1.548389e+05   1.690372e-03  -1.117587e-03  -2.688035e-04  -9.592014e-06   1.145784e-05   2.867387e-03  -3.396457e-03   1.368285e-03   4.732527e-04     0  2.183701e+00
   244  0.722 -9.914890e-01 -9.973137e-01  1.022222e-02   2.113307e+05  -9.156406e+04  -4.446338e-07  -9.867314e+02   6.324297e+02   1.544170e+05   1.688254e-03  -1.116232e-03  -2.684453e-04  -1.827280e-05   1.171166e-05   2.859574e-03  -3.400705e-03   1.369420e-03   4.801652e-04     0  2.186268e+00
   244  0.833 -9.864455e-01 -9.981423e-01  1.533333e-02   2.110632e+05  -9.145641e+04  -4.357717e-07  -1.455282e+03   6.446827e+02   1.539951e+05   1.686136e-03  -1.114877e-03  -2.680872e-04  -2.694966e-05   1.193857e-05   2.851760e-03  -3.404953e-03   1.370556e-03   4.870776e-04     0  2.190540e+00
   244  0.944 -9.814020e-01 -9.989708e-01  2.044444e-02   2.107958e+05  -9.134876e+04  -4.268950e-07  -1.923619e+03   6.554823e+02   1.535731e+05   1.684018e-03  -1.113522e-03  -2.677290e-04  -3.562258e-05   1.213856e-05   2.843947e-03  -3.409201e-03   1.371691e-03   4.939900e-04     0  2.196507e+00
   245  0.056 -1.009920e+00 -9.203304e-01 -2.044444e-02   1.974666e+05  -8.550022e+04  -4.619505e-07   1.829031e+03   2.252069e+02   1.570331e+05   1.577371e-03  -1.042604e-03  -2.509618e-04   3.387094e-05   4.170498e-06   2.908020e-03  -3.120383e-03   1.251973e-03   3.775325e-04     0  3.065756e+00
   245  0.167 -1.004876e+00 -9.211590e-01 -1.533333e-02   1.971982e+05  -8.539561e+04  -4.534959e-07   1.359206e+03   2.424118e+02   1.566261e+05   1.575253e-03  -1.041268e-03  -2.505947e-04   2.517048e-05   4.489107e-06   2.900483e-03  -3.124340e-03   1.253092e-03   3.843481e-04     0  3.061483e+00
   245  0.278 -9.998327e-01 -9.219876e-01 -1.022222e-02   1.969298e+05  -8.529099e+04  -4.451431e-07   8.895936e+02   2.589084e+02   1.562191e+05   1.573135e-03  -1.039932e-03  -2.502275e-04   1.647396e-05   4.794600e-06   2.892947e-03  -3.128297e-03   1.254212e-03   3.911636e-04     0  3.058428e+00
   245  0.389 -9.947892e-01 -9.228161e-01 -5.111111e-03   1.966613e+05  -8.518637e+04  -4.368048e-07   4.201937e+02   2.746967e+02   1.558122e+05   1.571017e-03  -1.038596e-03  -2.498604e-04   7.781365e-06   5.086975e-06   2.885411e-03  -3.132253e-03   1.255332e-03   3.979791e-04     0  3.056594e+00
   245  0.500 -9.897457e-01 -9.236447e-01  0.000000e+00   1.963929e+05  -8.508175e+04  -4.285394e-07  -4.899379e+01   2.897766e+02   1.554052e+05   1.568898e-03  -1.037261e-03  -2.494932e-04  -9.072924e-07   5.366234e-06   2.877874e-03  -3.136210e-03   1.256452e-03   4.047946e-04     0  3.055982e+00
   245  0.611 -9.847022e-01 -9.244732e-01  5.111111e-03   1.961245e+05  -8.497713e+04  -4.203321e-07  -5.179688e+02   3.041482e+02   1.549982e+05   1.566780e-03  -1.035925e-03  -2.491261e-04  -9.592016e-06   5.632375e-06   2.870338e-03  -3.140167e-03   1.257571e-03   4.116102e-04     0  3.056594e+00
   245  0.722 -9.796587e-01 -9.253018e-01  1.022222e-02   1.958561e+05  -8.487252e+04  -4.120957e-07  -9.867315e+02   3.178116e+02   1.545913e+05   1.564662e-03  -1.034589e-03  -2.487589e-04  -1.827280e-05   5.885399e-06   2.862802e-03  -3.144124e-03   1.258691e-03   4.184257e-04     0  3.058428e+00
   245  0.833 -9.746152e-01 -9.261304e-01  1.533333e-02   1.955877e+05  -8.476790e+04  -4.038593e-07  -1.455282e+03   3.307666e+02   1.541843e+05   1.562544e-03  -1.033253e-03  -2.483918e-04  -2.694966e-05   6.125307e-06   2.855265e-03  -3.148081e-03   1.259811e-03   4.252412e-04     0  3.061483e+00
   245  0.944 -9.695717e-01 -9.269589e-01  2.044444e-02   1.953192e+05  -8.466328e+04  -3.956666e-07  -1.923619e+03   3.430132e+02   1.537774e+05   1.560426e-03  -1.031918e-03  -2.480247e-04  -3.562258e-05   6.352097e-06   2.847729e-03  -3.152037e-03   1.260930e-03   4.320568e-04     0  3.065756e+00
   246  0.056 -9.980894e-01 -8.483185e-01 -2.044444e-02   1.819978e+05  -7.879048e+04  -4.256290e-07   1.829031e+03   8.165602e+01   1.571382e+05   1.453779e-03  -9.608461e-04  -2.313292e-04   3.387094e-05   1.512148e-06   2.909967e-03  -2.865442e-03   1.143678e-03   3.220252e-04     0  3.936726e+00
   246  0.167 -9.930458e-01 -8.491471e-01 -1.533333e-02   1.817284e+05  -7.868890e+04  -4.177855e-07   1.359206e+03   9.644440e+01   1.567383e+05   1.451661e-03  -9.595295e-04  -2.309531e-04   2.517048e-05   1.786007e-06   2.902561e-03  -2.869121e-03   1.144782e-03   3.287453e-04     0  3.933400e+00
   246  0.278 -9.880023e-01 -8.499757e-01 -1.022222e-02   1.814590e+05  -7.858731e+04  -4.100875e-07   8.895936e+02   1.108832e+02   1.563384e+05   1.449543e-03  -9.582128e-04  -2.305770e-04   1.647396e-05   2.053392e-06   2.895156e-03  -2.872800e-03   1.145886e-03   3.354653e-04     0  3.931022e+00
   246  0.389 -9.829588e-01 -8.508042e-01 -5.111111e-03   1.811896e+05  -7.848573e+04  -4.024332e-07   4.201937e+02   1.249724e+02   1.559385e+05   1.447424e-03  -9.568961e-04  -2.302009e-04   7.781365e-06   2.314303e-06   2.887751e-03  -2.876479e-03   1.146990e-03   3.421853e-04     0  3.929595e+00
   246  0.500 -9.779153e-01 -8.516328e-01  0.000000e+00   1.809202e+05  -7.838414e+04  -3.947935e-07  -4.899375e+01   1.387120e+02   1.555386e+05   1.445306e-03  -9.555794e-04  -2.298248e-04  -9.072917e-07   2.568740e-06   2.880345e-03  -2.880158e-03   1.148094e-03   3.489053e-04     0  3.929119e+00
   246  0.611 -9.728718e-01 -8.524614e-01  5.111111e-03   1.806509e+05  -7.828256e+04  -3.871828e-07  -5.179688e+02   1.521019e+02   1.551388e+05   1.443188e-03  -9.542627e-04  -2.294487e-04  -9.592014e-06   2.816703e-06   2.872940e-03  -2.883837e-03   1.149198e-03   3.556254e-04     0  3.929595e+00
   246  0.722 -9.678283e-01 -8.532899e-01  1.022222e-02   1.803815e+05  -7.818097e+04  -3.795867e-07  -9.867314e+02   1.651423e+02   1.547389e+05   1.441070e-03  -9.529461e-04  -2.290726e-04  -1.827280e-05   3.058191e-06   2.865535e-03  -2.887515e-03   1.150302e-03   3.623454e-04     0  3.931022e+00
   246  0.833 -9.627848e-01 -8.541185e-01  1.533333e-02   1.801121e+05  -7.807939e+04  -3.719470e-07  -1.455282e+03   1.778331e+02   1.543390e+05   1.438952e-03  -9.516294e-04  -2.286964e-04  -2.694966e-05   3.293206e-06   2.858129e-03  -2.891194e-03   1.151406e-03   3.690654e-04     0  3.933400e+00
   246  0.944 -9.577413e-01 -8.549470e-01  2.044444e-02   1.798427e+05  -7.797780e+04  -3.642635e-07  -1.923619e+03   1.901743e+02   1.539391e+05   1.436834e-03  -9.503127e-04  -2.283203e-04  -3.562258e-05   3.521747e-06   2.850724e-03  -2.894873e-03   1.152510e-03   3.757854e-04     0  3.936726e+00
   247  0.056 -9.862590e-01 -7.763066e-01 -2.044444e-02   1.665290e+05  -7.208074e+04  -3.892928e-07   1.829031e+03   1.500285e+01   1.572476e+05   1.330187e-03  -8.790884e-04  -2.116967e-04   3.387094e-05   2.778306e-07   2.911992e-03  -2.610427e-03   1.037702e-03   2.721721e-04     0  4.808483e+00
   247  0.167 -9.812155e-01 -7.771352e-01 -1.533333e-02   1.662586e+05  -7.198219e+04  -3.820896e-07   1.359206e+03   2.802651e+01   1.568509e+05   1.328068e-03  -8.777909e-04  -2.113116e-04   2.517048e-05   5.190095e-07   2.904647e-03  -2.613835e-03   1.038791e-03   2.787980e-04     0  4.805760e+00
   247  0.278 -9.761720e-01 -7.779638e-01 -1.022222e-02   1.659883e+05  -7.188363e+04  -3.750029e-07   8.895936e+02   4.087316e+01   1.564543e+05   1.325950e-03  -8.764933e-04  -2.109265e-04   1.647395e-05   7.569104e-07   2.897303e-03  -2.617242e-03   1.039879e-03   2.854239e-04     0  4.803814e+00
   247  0.389 -9.711285e-01 -7.787923e-01 -5.111111e-03   1.657179e+05  -7.178508e+04  -3.679888e-07   4.201937e+02   5.354281e+01   1.560577e+05   1.323832e-03  -8.751957e-04  -2.105414e-04   7.781365e-06   9.915335e-07   2.889958e-03  -2.620649e-03   1.040968e-03   2.920497e-04     0  4.802646e+00
   247  0.500 -9.660850e-01 -7.796209e-01  0.000000e+00   1.654476e+05  -7.168653e+04  -3.609748e-07  -4.899377e+01   6.603544e+01   1.556611e+05   1.321714e-03  -8.738981e-04  -2.101563e-04  -9.072920e-07   1.222879e-06   2.882613e-03  -2.624056e-03   1.042056e-03   2.986756e-04     0  4.802257e+00
   247  0.611 -9.610415e-01 -7.804495e-01  5.111111e-03   1.651772e+05  -7.158798e+04  -3.540335e-07  -5.179688e+02   7.835107e+01   1.552645e+05   1.319596e-03  -8.726006e-04  -2.097713e-04  -9.592015e-06   1.450946e-06   2.875269e-03  -2.627463e-03   1.043145e-03   3.053015e-04     0  4.802646e+00
   247  0.722 -9.559980e-01 -7.812780e-01  1.022222e-02   1.649069e+05  -7.148943e+04  -3.470777e-07  -9.867314e+02   9.048969e+01   1.548679e+05   1.317478e-03  -8.713030e-04  -2.093862e-04  -1.827280e-05   1.675735e-06   2.867924e-03  -2.630871e-03   1.044233e-03   3.119274e-04     0  4.803814e+00
   247  0.833 -9.509545e-01 -7.821066e-01  1.533333e-02   1.646365e+05  -7.139087e+04  -3.400783e-07  -1.455282e+03   1.024513e+02   1.544713e+05   1.315360e-03  -8.700054e-04  -2.090011e-04  -2.694966e-05   1.897246e-06   2.860580e-03  -2.634278e-03   1.045322e-03   3.185533e-04     0  4.805760e+00
   247  0.944 -9.459110e-01 -7.829351e-01  2.044444e-02   1.643661e+05  -7.129232e+04  -3.330351e-07  -1.923619e+03   1.142359e+02   1.540747e+05   1.313242e-03  -8.687079e-04  -2.086160e-04  -3.562258e-05   2.115480e-06   2.853235e-03  -2.637685e-03   1.046410e-03   3.251792e-04     0  4.808483e+00
   248  0.056 -9.744286e-01 -7.042947e-01 -2.044444e-02   1.510602e+05  -6.537099e+04  -3.530004e-07   1.829031e+03  -1.461683e+01   1.573533e+05   1.206594e-03  -7.973307e-04  -1.920641e-04   3.387094e-05  -2.706821e-07   2.913949e-03  -2.355356e-03   9.340261e-04   2.279762e-04     0  5.680664e+00
   248  0.167 -9.693851e-01 -7.051233e-01 -1.533333e-02   1.507889e+05  -6.527548e+04  -3.464374e-07   1.359206e+03  -3.044322e+00   1.569581e+05   1.204476e-03  -7.960522e-04  -1.916700e-04   2.517048e-05  -5.637633e-08   2.906632e-03  -2.358495e-03   9.350994e-04   2.345094e-04     0  5.678359e+00
   248  0.278 -9.643416e-01 -7.059519e-01 -1.022222e-02   1.505176e+05  -6.517996e+04  -3.399764e-07   8.895936e+02   8.434133e+00   1.565630e+05   1.202358e-03  -7.947738e-04  -1.912760e-04   1.647395e-05   1.561876e-07   2.899314e-03  -2.361633e-03   9.361727e-04   2.410425e-04     0  5.676712e+00
   248  0.389 -9.592981e-01 -7.067804e-01 -5.111111e-03   1.502462e+05  -6.508444e+04  -3.335881e-07   4.201937e+02   1.981853e+01   1.561678e+05   1.200240e-03  -7.934953e-04  -1.908819e-04   7.781364e-06   3.670099e-07   2.891996e-03  -2.364772e-03   9.372459e-04   2.475757e-04     0  5.675724e+00
   248  0.500 -9.542546e-01 -7.076090e-01  0.000000e+00   1.499749e+05  -6.498892e+04  -3.272144e-07  -4.899378e+01   3.110888e+01   1.557727e+05   1.198122e-03  -7.922169e-04  -1.904879e-04  -9.072922e-07   5.760903e-07   2.884679e-03  -2.367910e-03   9.383192e-04   2.541088e-04     0  5.675395e+00
   248  0.611 -9.492111e-01 -7.084376e-01  5.111111e-03   1.497036e+05  -6.489340e+04  -3.208843e-07  -5.179688e+02   4.230517e+01   1.553775e+05   1.196004e-03  -7.909384e-04  -1.900938e-04  -9.592015e-06   7.834290e-07   2.877361e-03  -2.371049e-03   9.393925e-04   2.606419e-04     0  5.675724e+00
   248  0.722 -9.441676e-01 -7.092661e-01  1.022222e-02   1.494323e+05  -6.479788e+04  -3.145542e-07  -9.867314e+02   5.340740e+01   1.549823e+05   1.193886e-03  -7.896600e-04  -1.896998e-04  -1.827280e-05   9.890259e-07   2.870043e-03  -2.374187e-03   9.404658e-04   2.671751e-04     0  5.676712e+00
   248  0.833 -9.391241e-01 -7.100947e-01  1.533333e-02   1.491609e+05  -6.470236e+04  -3.081805e-07  -1.455282e+03   6.441558e+01   1.545872e+05   1.191767e-03  -7.883815e-04  -1.893057e-04  -2.694966e-05   1.192881e-06   2.862726e-03  -2.377325e-03   9.415391e-04   2.737082e-04     0  5.678359e+00
   248  0.944 -9.340806e-01 -7.109232e-01  2.044444e-02   1.488896e+05  -6.460684e+04  -3.017922e-07  -1.923619e+03   7.532970e+01   1.541920e+05   1.189649e-03  -7.871030e-04  -1.889117e-04  -3.562258e-05   1.394994e-06   2.855408e-03  -2.380464e-03   9.426124e-04   2.802414e-04     0  5.680664e+00
   249  0.056 -9.625983e-01 -6.322828e-01 -2.044444e-02   1.355914e+05  -5.866125e+04  -3.166642e-07   1.829031e+03  -2.640104e+01   1.574515e+05   1.083002e-03  -7.155730e-04  -1.724315e-04   3.387094e-05  -4.889082e-07   2.915769e-03  -2.100239e-03   8.326299e-04   1.894410e-04     0  6.553099e+00
   249  0.167 -9.575548e-01 -6.331114e-01 -1.533333e-02   1.353191e+05  -5.856876e+04  -3.107561e-07   1.359206e+03  -1.612873e+01   1.570570e+05   1.080884e-03  -7.143136e-04  -1.720285e-04   2.517048e-05  -2.986803e-07   2.908462e-03  -2.103110e-03   8.336882e-04   1.958827e-04     0  6.551102e+00
   249  0.278 -9.525113e-01 -6.339400e-01 -1.022222e-02   1.350468e+05  -5.847628e+04  -3.049499e-07   8.895936e+02  -5.910699e+00   1.566624e+05   1.078766e-03  -7.130543e-04  -1.716255e-04   1.647396e-05  -1.094574e-07   2.901155e-03  -2.105981e-03   8.347464e-04   2.023245e-04     0  6.549674e+00
   249  0.389 -9.474678e-01 -6.347685e-01 -5.111111e-03   1.347745e+05  -5.838379e+04  -2.991874e-07   4.201937e+02   4.253064e+00   1.562678e+05   1.076648e-03  -7.117949e-04  -1.712225e-04   7.781365e-06   7.876044e-08   2.893848e-03  -2.108852e-03   8.358047e-04   2.087662e-04     0  6.548818e+00
   249  0.500 -9.424243e-01 -6.355971e-01  0.000000e+00   1.345022e+05  -5.829131e+04  -2.934394e-07  -4.899375e+01   1.436255e+01   1.558732e+05   1.074530e-03  -7.105356e-04  -1.708194e-04  -9.072916e-07   2.659732e-07   2.886541e-03  -2.111723e-03   8.368630e-04   2.152080e-04     0  6.548532e+00
   249  0.611 -9.373808e-01 -6.364257e-01  5.111111e-03   1.342299e+05  -5.819882e+04  -2.877350e-07  -5.179688e+02   2.441777e+01   1.554786e+05   1.072412e-03  -7.092762e-04  -1.704164e-04  -9.592014e-06   4.521810e-07   2.879234e-03  -2.114594e-03   8.379212e-04   2.216498e-04     0  6.548818e+00
   249  0.722 -9.323373e-01 -6.372542e-01  1.022222e-02   1.339576e+05  -5.810634e+04  -2.820452e-07  -9.867314e+02   3.441872e+01   1.550841e+05   1.070293e-03  -7.080169e-04  -1.700134e-04  -1.827280e-05   6.373837e-07   2.871927e-03  -2.117465e-03   8.389795e-04   2.280915e-04     0  6.549674e+00
   249  0.833 -9.272938e-01 -6.380828e-01  1.533333e-02   1.336854e+05  -5.801385e+04  -2.762827e-07  -1.455282e+03   4.436539e+01   1.546895e+05   1.068175e-03  -7.067576e-04  -1.696104e-04  -2.694966e-05   8.215814e-07   2.864620e-03  -2.120336e-03   8.400378e-04   2.345333e-04     0  6.551102e+00
   249  0.944 -9.222502e-01 -6.389113e-01  2.044444e-02   1.334131e+05  -5.792137e+04  -2.705347e-07  -1.923619e+03   5.425780e+01   1.542949e+05   1.066057e-03  -7.054982e-04  -1.692073e-04  -3.562258e-05   1.004774e-06   2.857313e-03  -2.123207e-03   8.410961e-04   2.409751e-04     0  6.553099e+00
   250  0.056 -9.507679e-01 -5.602709e-01 -2.044444e-02   1.201226e+05  -5.195151e+04  -2.802772e-07   1.829031e+03  -2.958612e+01   1.575405e+05   9.594100e-04  -6.338152e-04  -1.527990e-04   3.387094e-05  -5.478911e-07   2.917417e-03  -1.845083e-03   7.334939e-04   1.565695e-04     0  7.425700e+00
   250  0.167 -9.457244e-01 -5.610995e-01 -1.533333e-02   1.198494e+05  -5.186205e+04  -2.750676e-07   1.359206e+03  -2.054086e+01   1.571461e+05   9.572919e-04  -6.325750e-04  -1.523870e-04   2.517048e-05  -3.803863e-07   2.910113e-03  -1.847688e-03   7.345374e-04   1.629212e-04     0  7.423937e+00
   250  0.278 -9.406809e-01 -5.619281e-01 -1.022222e-02   1.195761e+05  -5.177260e+04  -2.699016e-07   8.895936e+02  -1.153091e+01   1.567517e+05   9.551737e-04  -6.313348e-04  -1.519750e-04   1.647395e-05  -2.135353e-07   2.902809e-03  -1.850292e-03   7.355809e-04   1.692730e-04     0  7.422678e+00
   250  0.389 -9.356374e-01 -5.627566e-01 -5.111111e-03   1.193028e+05  -5.168315e+04  -2.647648e-07   4.201937e+02  -2.556259e+00   1.563573e+05   9.530556e-04  -6.300945e-04  -1.515630e-04   7.781365e-06  -4.733814e-08   2.895505e-03  -1.852896e-03   7.366244e-04   1.756248e-04     0  7.421922e+00
   250  0.500 -9.305939e-01 -5.635852e-01  0.000000e+00   1.190296e+05  -5.159370e+04  -2.596644e-07  -4.899377e+01   6.383082e+00   1.559628e+05   9.509375e-04  -6.288543e-04  -1.511510e-04  -9.072920e-07   1.182052e-07   2.888201e-03  -1.855500e-03   7.376679e-04   1.819765e-04     0  7.421670e+00
   250  0.611 -9.255504e-01 -5.644138e-01  5.111111e-03   1.187563e+05  -5.150424e+04  -2.545858e-07  -5.179688e+02   1.528712e+01   1.555684e+05   9.488193e-04  -6.276141e-04  -1.507390e-04  -9.592015e-06   2.830948e-07   2.880897e-03  -1.858104e-03   7.387114e-04   1.883283e-04     0  7.421922e+00
   250  0.722 -9.205069e-01 -5.652423e-01  1.022222e-02   1.184830e+05  -5.141479e+04  -2.494999e-07  -9.867314e+02   2.415585e+01   1.551740e+05   9.467012e-04  -6.263739e-04  -1.503270e-04  -1.827280e-05   4.473305e-07   2.873593e-03  -1.860709e-03   7.397549e-04   1.946801e-04     0  7.422678e+00
   250  0.833 -9.154634e-01 -5.660709e-01  1.533333e-02   1.182098e+05  -5.132534e+04  -2.444212e-07  -1.455282e+03   3.298927e+01   1.547796e+05   9.445831e-04  -6.251336e-04  -1.499150e-04  -2.694966e-05   6.109124e-07   2.866288e-03  -1.863313e-03   7.407984e-04   2.010318e-04     0  7.423937e+00
   250  0.944 -9.104199e-01 -5.668994e-01  2.044444e-02   1.179365e+05  -5.123589e+04  -2.393717e-07  -1.923619e+03   4.178739e+01   1.543852e+05   9.424649e-04  -6.238934e-04  -1.495030e-04  -3.562258e-05   7.738405e-07   2.858984e-03  -1.865917e-03   7.418419e-04   2.073836e-04     0  7.425700e+00
   251  0.056 -9.389376e-01 -4.882590e-01 -2.044444e-02   1.046538e+05  -4.524176e+04  -2.440429e-07   1.829031e+03  -2.862696e+01   1.576194e+05   8.358178e-04  -5.520575e-04  -1.331664e-04   3.387094e-05  -5.301288e-07   2.918878e-03  -1.589895e-03   6.365986e-04   1.293650e-04     0  8.298414e+00
   251  0.167 -9.338941e-01 -4.890876e-01 -1.533333e-02   1.043796e+05  -4.515534e+04  -2.394081e-07   1.359206e+03  -2.077380e+01   1.572249e+05   8.336997e-04  -5.508364e-04  -1.327454e-04   2.517048e-05  -3.847000e-07   2.911573e-03  -1.592232e-03   6.376275e-04   1.356282e-04     0  8.296836e+00
   251  0.278 -9.288506e-01 -4.899162e-01 -1.022222e-02   1.041054e+05  -4.506893e+04  -2.348606e-07   8.895935e+02  -1.294701e+01   1.568305e+05   8.315816e-04  -5.496153e-04  -1.323245e-04   1.647395e-05  -2.397594e-07   2.904268e-03  -1.594570e-03   6.386565e-04   1.418913e-04     0  8.295709e+00
   251  0.389 -9.238071e-01 -4.907447e-01 -5.111111e-03   1.038311e+05  -4.498251e+04  -2.303786e-07   4.201937e+02  -5.146586e+00   1.564360e+05   8.294634e-04  -5.483942e-04  -1.319035e-04   7.781364e-06  -9.530714e-08   2.896963e-03  -1.596907e-03   6.396854e-04   1.481544e-04     0  8.295033e+00
   251  0.500 -9.187635e-01 -4.915733e-01  0.000000e+00   1.035569e+05  -4.489609e+04  -2.258821e-07  -4.899378e+01   2.627466e+00   1.560415e+05   8.273453e-04  -5.471730e-04  -1.314825e-04  -9.072922e-07   4.865679e-08   2.889658e-03  -1.599245e-03   6.407143e-04   1.544176e-04     0  8.294808e+00
   251  0.611 -9.137200e-01 -4.924019e-01  5.111111e-03   1.032827e+05  -4.480967e+04  -2.214219e-07  -5.179688e+02   1.037515e+01   1.556470e+05   8.252272e-04  -5.459519e-04  -1.310616e-04  -9.592015e-06   1.921324e-07   2.882353e-03  -1.601582e-03   6.417433e-04   1.606807e-04     0  8.295033e+00
   251  0.722 -9.086765e-01 -4.932304e-01  1.022222e-02   1.030084e+05  -4.472325e+04  -2.169909e-07  -9.867314e+02   1.809646e+01   1.552526e+05   8.231090e-04  -5.447308e-04  -1.306406e-04  -1.827280e-05   3.351197e-07   2.875048e-03  -1.603920e-03   6.427722e-04   1.669439e-04     0  8.295709e+00
   251  0.833 -9.036330e-01 -4.940590e-01  1.533333e-02   1.027342e+05  -4.463683e+04  -2.125234e-07  -1.455282e+03   2.579141e+01   1.548581e+05   8.209909e-04  -5.435097e-04  -1.302197e-04  -2.694966e-05   4.776186e-07   2.867743e-03  -1.606257e-03   6.438011e-04   1.732070e-04     0  8.296836e+00
   251  0.944 -8.985895e-01 -4.948875e-01  2.044444e-02   1.024600e+05  -4.455041e+04  -2.080633e-07  -1.923619e+03   3.345998e+01   1.544636e+05   8.188728e-04  -5.422886e-04  -1.297987e-04  -3.562258e-05   6.196293e-07   2.860438e-03  -1.608595e-03   6.448300e-04   1.794702e-04     0  8.298414e+00
   252  0.056 -9.271072e-01 -4.162471e-01 -2.044444e-02   8.918502e+04  -3.853202e+04  -2.076777e-07   1.829031e+03  -2.567076e+01   1.576877e+05   7.122256e-04  -4.702998e-04  -1.135338e-04   3.387094e-05  -4.753845e-07   2.920142e-03  -1.334678e-03   5.419242e-04   1.078308e-04     0  9.171208e+00
   252  0.167 -9.220637e-01 -4.170757e-01 -1.533333e-02   8.890982e+04  -3.844863e+04  -2.037195e-07   1.359206e+03  -1.899290e+01   1.572931e+05   7.101075e-04  -4.690978e-04  -1.131039e-04   2.517048e-05  -3.517204e-07   2.912834e-03  -1.336749e-03   5.429388e-04   1.140067e-04     0  9.169781e+00
   252  0.278 -9.170202e-01 -4.179043e-01 -1.022222e-02   8.863462e+04  -3.836525e+04  -1.998123e-07   8.895937e+02  -1.233731e+01   1.568985e+05   7.079894e-04  -4.678958e-04  -1.126740e-04   1.647396e-05  -2.284686e-07   2.905527e-03  -1.338820e-03   5.439534e-04   1.201826e-04     0  9.168761e+00
   252  0.389 -9.119767e-01 -4.187328e-01 -5.111111e-03   8.835942e+04  -3.828186e+04  -1.959561e-07   4.201937e+02  -5.703977e+00   1.565038e+05   7.058712e-04  -4.666938e-04  -1.122440e-04   7.781365e-06  -1.056292e-07   2.898219e-03  -1.340891e-03   5.449680e-04   1.263585e-04     0  9.168149e+00
   252  0.500 -9.069332e-01 -4.195614e-01  0.000000e+00   8.808422e+04  -3.819848e+04  -1.921144e-07  -4.899376e+01   9.070872e-01   1.561092e+05   7.037531e-04  -4.654918e-04  -1.118141e-04  -9.072918e-07   1.679791e-08   2.890912e-03  -1.342962e-03   5.459826e-04   1.325344e-04     0  9.167945e+00
   252  0.611 -9.018897e-01 -4.203900e-01  5.111111e-03   8.780902e+04  -3.811509e+04  -1.882945e-07  -5.179688e+02   7.495886e+00   1.557146e+05   7.016350e-04  -4.642898e-04  -1.113842e-04  -9.592015e-06   1.388127e-07   2.883604e-03  -1.345033e-03   5.469972e-04   1.387103e-04     0  9.168149e+00
   252  0.722 -8.968462e-01 -4.212185e-01  1.022222e-02   8.753382e+04  -3.803170e+04  -1.844746e-07  -9.867315e+02   1.406242e+01   1.553200e+05   6.995168e-04  -4.630878e-04  -1.109542e-04  -1.827280e-05   2.604152e-07   2.876296e-03  -1.347103e-03   5.480118e-04   1.448862e-04     0  9.168761e+00
   252  0.833 -8.918027e-01 -4.220471e-01  1.533333e-02   8.725862e+04  -3.794832e+04  -1.806111e-07  -1.455282e+03   2.060669e+01   1.549254e+05   6.973987e-04  -4.618858e-04  -1.105243e-04  -2.694966e-05   3.816053e-07   2.868989e-03  -1.349174e-03   5.490264e-04   1.510621e-04     0  9.169781e+00
   252  0.944 -8.867592e-01 -4.228756e-01  2.044444e-02   8.698342e+04  -3.786493e+04  -1.767839e-07  -1.923619e+03   2.712869e+01   1.545308e+05   6.952806e-04  -4.606838e-04  -1.100944e-04  -3.562258e-05   5.023832e-07   2.861681e-03  -1.351245e-03   5.500410e-04   1.572380e-04     0  9.171208e+00
   253  0.056 -9.152769e-01 -3.442352e-01 -2.044444e-02   7.371623e+04  -3.182228e+04  -1.712906e-07   1.829031e+03  -2.175150e+01   1.577452e+05   5.886334e-04  -3.885421e-04  -9.390125e-05   3.387094e-05  -4.028055e-07   2.921207e-03  -1.079438e-03   4.494512e-04   9.197009e-05     0  1.004406e+01
   253  0.167 -9.102334e-01 -3.450638e-01 -1.533333e-02   7.344006e+04  -3.174193e+04  -1.680237e-07   1.359206e+03  -1.624054e+01   1.573504e+05   5.865153e-04  -3.873592e-04  -9.346235e-05   2.517048e-05  -3.007507e-07   2.913896e-03  -1.081242e-03   4.504517e-04   9.806012e-05     0  1.004276e+01
   253  0.278 -9.051898e-01 -3.458924e-01 -1.022222e-02   7.316389e+04  -3.166157e+04  -1.647713e-07   8.895935e+02  -1.075008e+01   1.569556e+05   5.843972e-04  -3.861763e-04  -9.302345e-05   1.647395e-05  -1.990755e-07   2.906585e-03  -1.083047e-03   4.514522e-04   1.041501e-04     0  1.004183e+01
   253  0.389 -9.001463e-01 -3.467209e-01 -5.111111e-03   7.288772e+04  -3.158122e+04  -1.615481e-07   4.201937e+02  -5.280112e+00   1.565608e+05   5.822791e-04  -3.849934e-04  -9.258454e-05   7.781364e-06  -9.777985e-08   2.899274e-03  -1.084851e-03   4.524527e-04   1.102402e-04     0  1.004127e+01
   253  0.500 -8.951028e-01 -3.475495e-01  0.000000e+00   7.261155e+04  -3.150087e+04  -1.583467e-07  -4.899377e+01   1.693601e-01   1.561660e+05   5.801609e-04  -3.838105e-04  -9.214564e-05  -9.072920e-07   3.136297e-09   2.891963e-03  -1.086655e-03   4.534532e-04   1.163302e-04     0  1.004108e+01
   253  0.611 -8.900593e-01 -3.483781e-01  5.111111e-03   7.233539e+04  -3.142051e+04  -1.551307e-07  -5.179688e+02   5.598337e+00   1.557712e+05   5.780428e-04  -3.826276e-04  -9.170674e-05  -9.592014e-06   1.036729e-07   2.884652e-03  -1.088459e-03   4.544536e-04   1.224202e-04     0  1.004127e+01
   253  0.722 -8.850158e-01 -3.492066e-01  1.022222e-02   7.205922e+04  -3.134016e+04  -1.519438e-07  -9.867314e+02   1.100682e+01   1.553764e+05   5.759247e-04  -3.814447e-04  -9.126784e-05  -1.827280e-05   2.038300e-07   2.877341e-03  -1.090263e-03   4.554541e-04   1.285103e-04     0  1.004183e+01
   253  0.833 -8.799723e-01 -3.500352e-01  1.533333e-02   7.178305e+04  -3.125981e+04  -1.487570e-07  -1.455282e+03   1.639481e+01   1.549816e+05   5.738065e-04  -3.802618e-04  -9.082894e-05  -2.694966e-05   3.036075e-07   2.870030e-03  -1.092067e-03   4.564546e-04   1.346003e-04     0  1.004276e+01
   253  0.944 -8.749288e-01 -3.508638e-01  2.044444e-02   7.150688e+04  -3.117945e+04  -1.455701e-07  -1.923619e+03   2.176230e+01   1.545868e+05   5.716884e-04  -3.790789e-04  -9.039003e-05  -3.562258e-05   4.030056e-07   2.862719e-03  -1.093871e-03   4.574551e-04   1.406903e-04     0  1.004406e+01
   254  0.056 -9.034465e-01 -2.722233e-01 -2.044444e-02   5.824744e+04  -2.511254e+04  -1.349945e-07   1.829031e+03  -1.737247e+01   1.577918e+05   4.650413e-04  -3.067843e-04  -7.426868e-05   3.387094e-05  -3.217125e-07   2.922070e-03  -8.241791e-04   3.591598e-04   8.178609e-05     0  1.091696e+01
   254  0.167 -8.984030e-01 -2.730519e-01 -1.533333e-02   5.797030e+04  -2.503522e+04  -1.323424e-07   1.359206e+03  -1.302467e+01   1.573968e+05   4.629231e-04  -3.056205e-04  -7.382081e-05   2.517048e-05  -2.411976e-07   2.914755e-03  -8.257164e-04   3.601464e-04   8.779162e-05     0  1.091576e+01
   254  0.278 -8.933595e-01 -2.738805e-01 -1.022222e-02   5.769316e+04  -2.495790e+04  -1.297267e-07   8.895935e+02  -8.696707e+00   1.570018e+05   4.608050e-04  -3.044568e-04  -7.337294e-05   1.647395e-05  -1.610501e-07   2.907441e-03  -8.272537e-04   3.611330e-04   9.379715e-05     0  1.091491e+01
   254  0.389 -8.883160e-01 -2.747090e-01 -5.111111e-03   5.741602e+04  -2.488057e+04  -1.271328e-07   4.201936e+02  -4.388576e+00   1.566068e+05   4.586869e-04  -3.032930e-04  -7.292507e-05   7.781364e-06  -8.126992e-08   2.900126e-03  -8.287909e-04   3.621196e-04   9.980268e-05     0  1.091439e+01
   254  0.500 -8.832725e-01 -2.755376e-01  0.000000e+00   5.713888e+04  -2.480325e+04  -1.245535e-07  -4.899380e+01  -1.002804e-01   1.562118e+05   4.565687e-04  -3.021292e-04  -7.247719e-05  -9.072926e-07  -1.857044e-09   2.892811e-03  -8.303282e-04   3.631062e-04   1.058082e-04     0  1.091422e+01
   254  0.611 -8.782290e-01 -2.763662e-01  5.111111e-03   5.686175e+04  -2.472593e+04  -1.219923e-07  -5.179688e+02   4.168179e+00   1.558168e+05   4.544506e-04  -3.009654e-04  -7.202932e-05  -9.592015e-06   7.718851e-08   2.885496e-03  -8.318655e-04   3.640928e-04   1.118137e-04     0  1.091439e+01
   254  0.722 -8.731855e-01 -2.771947e-01  1.022222e-02   5.658461e+04  -2.464861e+04  -1.194348e-07  -9.867314e+02   8.416804e+00   1.554218e+05   4.523325e-04  -2.998017e-04  -7.158145e-05  -1.827280e-05   1.558667e-07   2.878181e-03  -8.334027e-04   3.650795e-04   1.178193e-04     0  1.091491e+01
   254  0.833 -8.681420e-01 -2.780233e-01  1.533333e-02   5.630747e+04  -2.457129e+04  -1.168555e-07  -1.455282e+03   1.264559e+01   1.550268e+05   4.502143e-04  -2.986379e-04  -7.113358e-05  -2.694966e-05   2.341776e-07   2.870867e-03  -8.349400e-04   3.660661e-04   1.238248e-04     0  1.091576e+01
   254  0.944 -8.630985e-01 -2.788519e-01  2.044444e-02   5.603033e+04  -2.449397e+04  -1.142907e-07  -1.923619e+03   1.685455e+01   1.546318e+05   4.480962e-04  -2.974741e-04  -7.068571e-05  -3.562258e-05   3.121212e-07   2.863552e-03  -8.364773e-04   3.670527e-04   1.298303e-04     0  1.091696e+01
   255  0.056 -8.916161e-01 -2.002114e-01 -2.044444e-02   4.277864e+04  -1.840279e+04  -9.868745e-08   1.829031e+03  -1.277329e+01   1.578275e+05   3.414491e-04  -2.250266e-04  -5.463611e-05   3.387094e-05  -2.365423e-07   2.922731e-03  -5.689051e-04   2.710304e-04   7.728202e-05     0  1.178990e+01
   255  0.167 -8.865726e-01 -2.010400e-01 -1.533333e-02   4.250053e+04  -1.832851e+04  -9.666110e-08   1.359206e+03  -9.586688e+00   1.574323e+05   3.393309e-04  -2.238819e-04  -5.417927e-05   2.517048e-05  -1.775313e-07   2.915413e-03  -5.701754e-04   2.720034e-04   8.320443e-05     0  1.178879e+01
   255  0.278 -8.815291e-01 -2.018686e-01 -1.022222e-02   4.222243e+04  -1.825422e+04  -9.468567e-08   8.895936e+02  -6.419799e+00   1.570371e+05   3.372128e-04  -2.227373e-04  -5.372243e-05   1.647395e-05  -1.188852e-07   2.908094e-03  -5.714457e-04   2.729763e-04   8.912685e-05     0  1.178799e+01
   255  0.389 -8.764856e-01 -2.026971e-01 -5.111111e-03   4.194432e+04  -1.817993e+04  -9.272844e-08   4.201937e+02  -3.272621e+00   1.566419e+05   3.350947e-04  -2.215926e-04  -5.326559e-05   7.781364e-06  -6.060409e-08   2.900775e-03  -5.727160e-04   2.739493e-04   9.504926e-05     0  1.178752e+01
   255  0.500 -8.714421e-01 -2.035257e-01  0.000000e+00   4.166621e+04  -1.810564e+04  -9.077849e-08  -4.899378e+01  -1.451526e-01   1.562466e+05   3.329765e-04  -2.204479e-04  -5.280874e-05  -9.072922e-07  -2.688011e-09   2.893456e-03  -5.739863e-04   2.749222e-04   1.009717e-04     0  1.178736e+01
   255  0.611 -8.663986e-01 -2.043543e-01  5.111111e-03   4.138811e+04  -1.803136e+04  -8.885036e-08  -5.179688e+02   2.962606e+00   1.558514e+05   3.308584e-04  -2.193033e-04  -5.235190e-05  -9.592015e-06   5.486307e-08   2.886138e-03  -5.752566e-04   2.758952e-04   1.068941e-04     0  1.178752e+01
   255  0.722 -8.613551e-01 -2.051828e-01  1.022222e-02   4.111000e+04  -1.795707e+04  -8.691859e-08  -9.867314e+02   6.050654e+00   1.554562e+05   3.287403e-04  -2.181586e-04  -5.189506e-05  -1.827280e-05   1.120491e-07   2.878819e-03  -5.765268e-04   2.768681e-04   1.128165e-04     0  1.178799e+01
   255  0.833 -8.563116e-01 -2.060114e-01  1.533333e-02   4.083189e+04  -1.788278e+04  -8.496863e-08  -1.455282e+03   9.118992e+00   1.550610e+05   3.266221e-04  -2.170140e-04  -5.143822e-05  -2.694966e-05   1.688702e-07   2.871500e-03  -5.777971e-04   2.778411e-04   1.187389e-04     0  1.178879e+01
   255  0.944 -8.512681e-01 -2.068400e-01  2.044444e-02   4.055379e+04  -1.780850e+04  -8.300776e-08  -1.923619e+03   1.216762e+01   1.546658e+05   3.245040e-04  -2.158693e-04  -5.098138e-05  -3.562258e-05   2.253263e-07   2.864182e-03  -5.790674e-04   2.788140e-04   1.246613e-04     0  1.178990e+01
   256  0.056 -8.797858e-01 -1.281995e-01 -2.044444e-02   2.730984e+04  -1.169305e+04  -6.232403e-08   1.829031e+03  -8.057923e+00   1.578522e+05   2.178569e-04  -1.432689e-04  -3.500354e-05   3.387094e-05  -1.492208e-07   2.923190e-03  -3.136205e-04   1.850434e-04   7.846111e-05     0  1.266286e+01
   256  0.167 -8.747423e-01 -1.290281e-01 -1.533333e-02   2.703077e+04  -1.162179e+04  -6.097616e-08   1.359206e+03  -6.031752e+00   1.574568e+05   2.157387e-04  -1.421433e-04  -3.453773e-05   2.517048e-05  -1.116991e-07   2.915867e-03  -3.146237e-04   1.860029e-04   8.430178e-05     0  1.266183e+01
   256  0.278 -8.696988e-01 -1.298567e-01 -1.022222e-02   2.675169e+04  -1.155054e+04  -5.964102e-08   8.895936e+02  -4.025445e+00   1.570614e+05   2.136206e-04  -1.410178e-04  -3.407192e-05   1.647396e-05  -7.454528e-08   2.908544e-03  -3.156268e-04   1.869624e-04   9.014245e-05     0  1.266109e+01
   256  0.389 -8.646553e-01 -1.306852e-01 -5.111111e-03   2.647262e+04  -1.147929e+04  -5.832408e-08   4.201937e+02  -2.039002e+00   1.566660e+05   2.115025e-04  -1.398922e-04  -3.360611e-05   7.781365e-06  -3.775930e-08   2.901222e-03  -3.166300e-04   1.879219e-04   9.598313e-05     0  1.266064e+01
   256  0.500 -8.596118e-01 -1.315138e-01  0.000000e+00   2.619354e+04  -1.140803e+04  -5.700895e-08  -4.899375e+01  -7.242288e-02   1.562705e+05   2.093843e-04  -1.387667e-04  -3.314029e-05  -9.072916e-07  -1.341164e-09   2.893899e-03  -3.176332e-04   1.888815e-04   1.018238e-04     0  1.266050e+01
   256  0.611 -8.545683e-01 -1.323424e-01  5.111111e-03   2.591447e+04  -1.133678e+04  -5.570109e-08  -5.179688e+02   1.874292e+00   1.558751e+05   2.072662e-04  -1.376411e-04  -3.267448e-05  -9.592014e-06   3.470912e-08   2.886576e-03  -3.186363e-04   1.898410e-04   1.076645e-04     0  1.266064e+01
   256  0.722 -8.495248e-01 -1.331709e-01  1.022222e-02   2.563539e+04  -1.126552e+04  -5.439688e-08  -9.867314e+02   3.801144e+00   1.554797e+05   2.051481e-04  -1.365156e-04  -3.220867e-05  -1.827280e-05   7.039155e-08   2.879254e-03  -3.196395e-04   1.908005e-04   1.135051e-04     0  1.266109e+01
   256  0.833 -8.444813e-01 -1.339995e-01  1.533333e-02   2.535632e+04  -1.119427e+04  -5.307993e-08  -1.455282e+03   5.708131e+00   1.550843e+05   2.030299e-04  -1.353900e-04  -3.174286e-05  -2.694966e-05   1.057061e-07   2.871931e-03  -3.206427e-04   1.917600e-04   1.193458e-04     0  1.266183e+01
   256  0.944 -8.394377e-01 -1.348281e-01  2.044444e-02   2.507724e+04  -1.112302e+04  -5.176298e-08  -1.923619e+03   7.595255e+00   1.546889e+05   2.009118e-04  -1.342645e-04  -3.127705e-05  -3.562258e-05   1.406529e-07   2.864608e-03  -3.216458e-04   1.927196e-04   1.251865e-04     0  1.266286e+01
   257  0.056 -8.679554e-01 -5.618764e-02 -2.044444e-02   1.184105e+04  -4.983306e+03  -2.598972e-08   1.829031e+03  -3.280189e+00   1.578660e+05   9.426468e-05  -6.151114e-05  -1.537097e-05   3.387094e-05  -6.074424e-08   2.923445e-03  -5.832949e-05   1.011790e-04   8.532659e-05     0  1.353584e+01
   257  0.167 -8.629119e-01 -5.701621e-02 -1.533333e-02   1.156101e+04  -4.915085e+03  -2.529305e-08   1.359206e+03  -2.413610e+00   1.574704e+05   9.214655e-05  -6.040470e-05  -1.489619e-05   2.517048e-05  -4.469648e-08   2.916118e-03  -5.906539e-05   1.021253e-04   9.108690e-05     0  1.353488e+01
   257  0.278 -8.578684e-01 -5.784477e-02 -1.022222e-02   1.128096e+04  -4.846864e+03  -2.460183e-08   8.895935e+02  -1.567203e+00   1.570748e+05   9.002842e-05  -5.929827e-05  -1.442141e-05   1.647395e-05  -2.902227e-08   2.908792e-03  -5.980130e-05   1.030717e-04   9.684721e-05     0  1.353419e+01
   257  0.389 -8.528249e-01 -5.867334e-02 -5.111111e-03   1.100092e+04  -4.778643e+03  -2.391607e-08   4.201937e+02  -7.409669e-01   1.566791e+05   8.791028e-05  -5.819183e-05  -1.394663e-05   7.781364e-06  -1.372161e-08   2.901465e-03  -6.053720e-05   1.040180e-04   1.026075e-04     0  1.353377e+01
   257  0.500 -8.477814e-01 -5.950190e-02  0.000000e+00   1.072087e+04  -4.710422e+03  -2.323304e-08  -4.899377e+01   6.509740e-02   1.562835e+05   8.579215e-05  -5.708539e-05  -1.347185e-05  -9.072920e-07   1.205507e-09   2.894139e-03  -6.127311e-05   1.049643e-04   1.083678e-04     0  1.353363e+01
   257  0.611 -8.427379e-01 -6.033046e-02  5.111111e-03   1.044083e+04  -4.642201e+03  -2.255274e-08  -5.179688e+02   8.509902e-01   1.558879e+05   8.367402e-05  -5.597896e-05  -1.299706e-05  -9.592014e-06   1.575908e-08   2.886812e-03  -6.200901e-05   1.059106e-04   1.141281e-04     0  1.353377e+01
   257  0.722 -8.376944e-01 -6.115903e-02  1.022222e-02   1.016078e+04  -4.573980e+03  -2.187335e-08  -9.867314e+02   1.616711e+00   1.554922e+05   8.155588e-05  -5.487252e-05  -1.252228e-05  -1.827280e-05   2.993910e-08   2.879486e-03  -6.274492e-05   1.068570e-04   1.198884e-04     0  1.353419e+01
   257  0.833 -8.326509e-01 -6.198759e-02  1.533333e-02   9.880740e+03  -4.505759e+03  -2.118850e-08  -1.455282e+03   2.362261e+00   1.550966e+05   7.943775e-05  -5.376609e-05  -1.204750e-05  -2.694966e-05   4.374558e-08   2.872159e-03  -6.348082e-05   1.078033e-04   1.256488e-04     0  1.353488e+01
   257  0.944 -8.276074e-01 -6.281616e-02  2.044444e-02   9.600696e+03  -4.437538e+03  -2.050547e-08  -1.923619e+03   3.087639e+00   1.547010e+05   7.731962e-05  -5.265965e-05  -1.157272e-05  -3.562258e-05   5.717850e-08   2.864832e-03  -6.421673e-05   1.087496e-04   1.314091e-04     0  1.353584e+01
   258  0.056 -8.561251e-01  1.582425e-02 -2.044444e-02  -3.627745e+03   1.726437e+03   1.034346e-08   1.829031e+03   1.526631e+00   1.578688e+05  -2.932750e-05   2.024659e-05   4.261598e-06   3.387094e-05   2.827095e-08   2.923497e-03   1.969637e-04   1.941772e-05   9.788171e-05     0  1.440885e+01
   258  0.167 -8.510816e-01  1.499569e-02 -1.533333e-02  -3.908758e+03   1.791625e+03   1.039098e-08   1.359206e+03   1.233733e+00   1.574730e+05  -3.144563e-05   2.133391e-05   4.745349e-06   2.517048e-05   2.284691e-08   2.916167e-03   1.964952e-04   2.035107e-05   1.035630e-04     0  1.440794e+01
   258  0.278 -8.460381e-01  1.416712e-02 -1.022222e-02  -4.189771e+03   1.856813e+03   1.043963e-08   8.895936e+02   9.202864e-01   1.570772e+05  -3.356377e-05   2.242123e-05   5.229100e-06   1.647396e-05   1.704234e-08   2.908836e-03   1.960267e-04   2.128441e-05   1.092444e-04     0  1.440729e+01
   258  0.389 -8.409946e-01  1.333856e-02 -5.111111e-03  -4.470784e+03   1.922001e+03   1.049057e-08   4.201937e+02   5.862914e-01   1.566813e+05  -3.568190e-05   2.350855e-05   5.712851e-06   7.781365e-06   1.085725e-08   2.901506e-03   1.955582e-04   2.221776e-05   1.149257e-04     0  1.440690e+01
   258  0.500 -8.359511e-01  1.250999e-02  0.000000e+00  -4.751797e+03   1.987189e+03   1.054241e-08  -4.899379e+01   2.317480e-01   1.562855e+05  -3.780003e-05   2.459588e-05   6.196603e-06  -9.072924e-07   4.291629e-09   2.894175e-03   1.950897e-04   2.315111e-05   1.206070e-04     0  1.440677e+01
   258  0.611 -8.309075e-01  1.168143e-02  5.111111e-03  -5.032810e+03   2.052376e+03   1.059379e-08  -5.179688e+02  -1.433438e-01   1.558896e+05  -3.991817e-05   2.568320e-05   6.680354e-06  -9.592016e-06  -2.654515e-09   2.886845e-03   1.946212e-04   2.408446e-05   1.262883e-04     0  1.440690e+01
   258  0.722 -8.258640e-01  1.085287e-02  1.022222e-02  -5.313823e+03   2.117564e+03   1.064654e-08  -9.867315e+02  -5.389839e-01   1.554938e+05  -4.203630e-05   2.677052e-05   7.164105e-06  -1.827280e-05  -9.981183e-09   2.879515e-03   1.941527e-04   2.501780e-05   1.319696e-04     0  1.440729e+01
   258  0.833 -8.208205e-01  1.002430e-02  1.533333e-02  -5.594836e+03   2.182752e+03   1.069839e-08  -1.455282e+03  -9.551724e-01   1.550980e+05  -4.415443e-05   2.785784e-05   7.647856e-06  -2.694966e-05  -1.768838e-08   2.872184e-03   1.936842e-04   2.595115e-05   1.376510e-04     0  1.440794e+01
   258  0.944 -8.157770e-01  9.195738e-03  2.044444e-02  -5.875849e+03   2.247940e+03   1.075114e-08  -1.923619e+03  -1.391909e+00   1.547021e+05  -4.627257e-05   2.894517e-05   8.131607e-06  -3.562258e-05  -2.577610e-08   2.864854e-03   1.932157e-04   2.688450e-05   1.433323e-04     0  1.440885e+01
   259  0.056 -8.442947e-01  8.783614e-02 -2.044444e-02  -1.909654e+04   8.436180e+03   4.667709e-08   1.829031e+03   6.362825e+00   1.578607e+05  -1.529197e-04   1.020043e-04   2.389417e-05   3.387094e-05   1.178301e-07   2.923346e-03   4.522549e-04  -6.026017e-05   1.161297e-04     0  1.375306e+01
   259  0.167 -8.392512e-01  8.700758e-02 -1.533333e-02  -1.937852e+04   8.498335e+03   4.606954e-08   1.359206e+03   4.910493e+00   1.574646e+05  -1.550378e-04   1.030725e-04   2.438689e-05   2.517048e-05   9.093506e-08   2.916012e-03   4.520540e-04  -5.933958e-05   1.217334e-04     0  1.375219e+01
   259  0.278 -8.342077e-01  8.617902e-02 -1.022222e-02  -1.966050e+04   8.560489e+03   4.548201e-08   8.895936e+02   3.437167e+00   1.570686e+05  -1.571560e-04   1.041407e-04   2.487961e-05   1.647396e-05   6.365123e-08   2.908678e-03   4.518530e-04  -5.841898e-05   1.273371e-04     0  1.375157e+01
   259  0.389 -8.291642e-01  8.535045e-02 -5.111111e-03  -1.994248e+04   8.622644e+03   4.489993e-08   4.201937e+02   1.942846e+00   1.566726e+05  -1.592741e-04   1.052089e-04   2.537233e-05   7.781365e-06   3.597863e-08   2.901344e-03   4.516521e-04  -5.749838e-05   1.329408e-04     0  1.375120e+01
   259  0.500 -8.241207e-01  8.452189e-02  0.000000e+00  -2.022447e+04   8.684799e+03   4.431968e-08  -4.899375e+01   4.275306e-01   1.562765e+05  -1.613922e-04   1.062771e-04   2.586505e-05  -9.072917e-07   7.917233e-09   2.894009e-03   4.514511e-04  -5.657779e-05   1.385445e-04     0  1.375107e+01
   259  0.611 -8.190772e-01  8.369333e-02  5.111111e-03  -2.050645e+04   8.746954e+03   4.374306e-08  -5.179688e+02  -1.108779e+00   1.558805e+05  -1.635103e-04   1.073454e-04   2.635777e-05  -9.592014e-06  -2.053294e-08   2.886675e-03   4.512501e-04  -5.565719e-05   1.441482e-04     0  1.375120e+01
   259  0.722 -8.140337e-01  8.286476e-02  1.022222e-02  -2.078843e+04   8.809108e+03   4.316826e-08  -9.867314e+02  -2.666083e+00   1.554844e+05  -1.656285e-04   1.084136e-04   2.685049e-05  -1.827280e-05  -4.937190e-08   2.879341e-03   4.510492e-04  -5.473660e-05   1.497519e-04     0  1.375157e+01
   259  0.833 -8.089902e-01  8.203620e-02  1.533333e-02  -2.107041e+04   8.871263e+03   4.258254e-08  -1.455282e+03  -4.244381e+00   1.550884e+05  -1.677466e-04   1.094818e-04   2.734321e-05  -2.694966e-05  -7.859965e-08   2.872007e-03   4.508482e-04  -5.381600e-05   1.553556e-04     0  1.375219e+01
   259  0.944 -8.039467e-01  8.120764e-02  2.044444e-02  -2.135239e+04   8.933418e+03   4.199501e-08  -1.923619e+03  -5.843673e+00   1.546923e+05  -1.698647e-04   1.105500e-04   2.783593e-05  -3.562258e-05  -1.082162e-07   2.864673e-03   4.506473e-04  -5.289541e-05   1.609593e-04     0  1.375306e+01
   260  0.056 -8.324644e-01  1.598480e-01 -2.044444e-02  -3.456533e+04   1.514592e+04   8.302959e-08   1.829031e+03   1.126193e+01   1.578416e+05  -2.765119e-04   1.837620e-04   4.352674e-05   3.387094e-05   2.085543e-07   2.922992e-03   7.075400e-04  -1.378743e-04   1.400737e-04     0  1.291979e+01
   260  0.167 -8.274209e-01  1.590195e-01 -1.533333e-02  -3.484829e+04   1.520504e+04   8.175994e-08   1.359206e+03   8.651058e+00   1.574453e+05  -2.786300e-04   1.848111e-04   4.402843e-05   2.517048e-05   1.602048e-07   2.915654e-03   7.076068e-04  -1.369663e-04   1.456012e-04     0  1.291886e+01
   260  0.278 -8.223773e-01  1.581909e-01 -1.022222e-02  -3.513124e+04   1.526417e+04   8.052302e-08   8.895936e+02   6.018586e+00   1.570491e+05  -2.807481e-04   1.858602e-04   4.453012e-05   1.647395e-05   1.114553e-07   2.908316e-03   7.076735e-04  -1.360582e-04   1.511287e-04     0  1.291820e+01
   260  0.389 -8.173338e-01  1.573624e-01 -5.111111e-03  -3.541419e+04   1.532329e+04   7.930430e-08   4.201937e+02   3.364518e+00   1.566528e+05  -2.828663e-04   1.869093e-04   4.503181e-05   7.781365e-06   6.230588e-08   2.900978e-03   7.077402e-04  -1.351501e-04   1.566561e-04     0  1.291781e+01
   260  0.500 -8.122903e-01  1.565338e-01  0.000000e+00  -3.569714e+04   1.538241e+04   7.808922e-08  -4.899377e+01   6.888536e-01   1.562566e+05  -2.849844e-04   1.879584e-04   4.553350e-05  -9.072920e-07   1.275655e-08   2.893641e-03   7.078069e-04  -1.342420e-04   1.621836e-04     0  1.291768e+01
   260  0.611 -8.072468e-01  1.557052e-01  5.111111e-03  -3.598009e+04   1.544153e+04   7.688868e-08  -5.179688e+02  -2.008406e+00   1.558604e+05  -2.871025e-04   1.890075e-04   4.603519e-05  -9.592015e-06  -3.719271e-08   2.886303e-03   7.078736e-04  -1.333340e-04   1.677111e-04     0  1.291781e+01
   260  0.722 -8.022033e-01  1.548767e-01  1.022222e-02  -3.626304e+04   1.550065e+04   7.568451e-08  -9.867314e+02  -4.727263e+00   1.554641e+05  -2.892207e-04   1.900566e-04   4.653688e-05  -1.827280e-05  -8.754190e-08   2.878965e-03   7.079403e-04  -1.324259e-04   1.732386e-04     0  1.291820e+01
   260  0.833 -7.971598e-01  1.540481e-01  1.533333e-02  -3.654599e+04   1.555978e+04   7.447306e-08  -1.455282e+03  -7.467714e+00   1.550679e+05  -2.913388e-04   1.911057e-04   4.703857e-05  -2.694966e-05  -1.382910e-07   2.871627e-03   7.080070e-04  -1.315178e-04   1.787660e-04     0  1.291886e+01
   260  0.944 -7.921163e-01  1.532195e-01  2.044444e-02  -3.682894e+04   1.561890e+04   7.326526e-08  -1.923619e+03  -1.022976e+01   1.546716e+05  -2.934569e-04   1.921548e-04   4.754026e-05  -3.562258e-05  -1.894400e-07   2.864289e-03   7.080738e-04  -1.306098e-04   1.842935e-04     0  1.291979e+01
   261  0.056 -8.206340e-01  2.318599e-01 -2.044444e-02  -5.003413e+04   2.185567e+04   1.193730e-07   1.829031e+03   1.627752e+01   1.578115e+05  -4.001041e-04   2.655198e-04   6.315931e-05   3.387094e-05   3.014356e-07   2.922434e-03   9.628148e-04  -2.134444e-04   1.697171e-04     0  1.208653e+01
   261  0.167 -8.155905e-01  2.310314e-01 -1.533333e-02  -5.031805e+04   2.191175e+04   1.174521e-07   1.359206e+03   1.250892e+01   1.574150e+05  -4.022222e-04   2.665498e-04   6.366997e-05   2.517048e-05   2.316466e-07   2.915093e-03   9.631493e-04  -2.125486e-04   1.751697e-04     0  1.208555e+01
   261  0.278 -8.105470e-01  2.302028e-01 -1.022222e-02  -5.060197e+04   2.196784e+04   1.155713e-07   8.895936e+02   8.717835e+00   1.570186e+05  -4.043403e-04   2.675797e-04   6.418063e-05   1.647395e-05   1.614414e-07   2.907752e-03   9.634838e-04  -2.116529e-04   1.806223e-04     0  1.208484e+01
   261  0.389 -8.055035e-01  2.293743e-01 -5.111111e-03  -5.088589e+04   2.202393e+04   1.137196e-07   4.201937e+02   4.904274e+00   1.566222e+05  -4.064585e-04   2.686097e-04   6.469129e-05   7.781364e-06   9.081990e-08   2.900410e-03   9.638183e-04  -2.107571e-04   1.860749e-04     0  1.208442e+01
   261  0.500 -8.004600e-01  2.285457e-01  0.000000e+00  -5.116981e+04   2.208002e+04   1.118642e-07  -4.899378e+01   1.068236e+00   1.562257e+05  -4.085766e-04   2.696397e-04   6.520195e-05  -9.072922e-07   1.978215e-08   2.893069e-03   9.641529e-04  -2.098613e-04   1.915275e-04     0  1.208428e+01
   261  0.611 -7.954165e-01  2.277171e-01  5.111111e-03  -5.145373e+04   2.213611e+04   1.100270e-07  -5.179688e+02  -2.790280e+00   1.558293e+05  -4.106947e-04   2.706697e-04   6.571261e-05  -9.592015e-06  -5.167185e-08   2.885728e-03   9.644874e-04  -2.089655e-04   1.969801e-04     0  1.208442e+01
   261  0.722 -7.903730e-01  2.268886e-01  1.022222e-02  -5.173765e+04   2.219220e+04   1.082044e-07  -9.867314e+02  -6.671274e+00   1.554329e+05  -4.128129e-04   2.716997e-04   6.622327e-05  -1.827280e-05  -1.235421e-07   2.878386e-03   9.648219e-04  -2.080698e-04   2.024328e-04     0  1.208484e+01
   261  0.833 -7.853295e-01  2.260600e-01  1.533333e-02  -5.202156e+04   2.224829e+04   1.063672e-07  -1.455282e+03  -1.057475e+01   1.550364e+05  -4.149310e-04   2.727296e-04   6.673393e-05  -2.694966e-05  -1.958286e-07   2.871045e-03   9.651564e-04  -2.071740e-04   2.078854e-04     0  1.208555e+01
   261  0.944 -7.802860e-01  2.252314e-01  2.044444e-02  -5.230548e+04   2.230438e+04   1.045264e-07  -1.923619e+03  -1.450069e+01   1.546400e+05  -4.170491e-04   2.737596e-04   6.724459e-05  -3.562258e-05  -2.685314e-07   2.863704e-03   9.654909e-04  -2.062782e-04   2.133380e-04     0  1.208653e+01
   262  0.056 -8.088036e-01  3.038718e-01 -2.044444e-02  -6.550293e+04   2.856541e+04   1.556837e-07   1.829031e+03   2.152455e+01   1.577703e+05  -5.236963e-04   3.472775e-04   8.279188e-05   3.387094e-05   3.986028e-07   2.921673e-03   1.218075e-03  -2.869900e-04   2.050630e-04     0  1.125330e+01
   262  0.167 -8.037601e-01  3.030433e-01 -1.533333e-02  -6.578781e+04   2.861847e+04   1.531225e-07   1.359206e+03   1.660002e+01   1.573737e+05  -5.258144e-04   3.482884e-04   8.331151e-05   2.517048e-05   3.074078e-07   2.914328e-03   1.218678e-03  -2.861063e-04   2.104421e-04     0  1.125224e+01
   262  0.278 -7.987166e-01  3.022147e-01 -1.022222e-02  -6.607270e+04   2.867152e+04   1.506050e-07   8.895936e+02   1.165157e+01   1.569771e+05  -5.279325e-04   3.492992e-04   8.383114e-05   1.647396e-05   2.157699e-07   2.906984e-03   1.219280e-03  -2.852226e-04   2.158212e-04     0  1.125148e+01
   262  0.389 -7.936731e-01  3.013862e-01 -5.111111e-03  -6.635759e+04   2.872458e+04   1.481167e-07   4.201937e+02   6.679207e+00   1.565805e+05  -5.300507e-04   3.503101e-04   8.435077e-05   7.781365e-06   1.236890e-07   2.899639e-03   1.219882e-03  -2.843389e-04   2.212004e-04     0  1.125103e+01
   262  0.500 -7.886296e-01  3.005576e-01  0.000000e+00  -6.664248e+04   2.877763e+04   1.456428e-07  -4.899375e+01   1.682921e+00   1.561839e+05  -5.321688e-04   3.513210e-04   8.487040e-05  -9.072916e-07   3.116520e-08   2.892294e-03   1.220485e-03  -2.834552e-04   2.265795e-04     0  1.125088e+01
   262  0.611 -7.835861e-01  2.997290e-01  5.111111e-03  -6.692737e+04   2.883069e+04   1.431763e-07  -5.179688e+02  -3.337283e+00   1.557873e+05  -5.342869e-04   3.523318e-04   8.539003e-05  -9.592014e-06  -6.180154e-08   2.884950e-03   1.221087e-03  -2.825715e-04   2.319586e-04     0  1.125103e+01
   262  0.722 -7.785426e-01  2.989005e-01  1.022222e-02  -6.721225e+04   2.888374e+04   1.407170e-07  -9.867314e+02  -8.381406e+00   1.553907e+05  -5.364051e-04   3.533427e-04   8.590966e-05  -1.827280e-05  -1.552112e-07   2.877605e-03   1.221690e-03  -2.816878e-04   2.373378e-04     0  1.125148e+01
   262  0.833 -7.734991e-01  2.980719e-01  1.533333e-02  -6.749714e+04   2.893680e+04   1.382505e-07  -1.455282e+03  -1.344945e+01   1.549941e+05  -5.385232e-04   3.543536e-04   8.642929e-05  -2.694966e-05  -2.490638e-07   2.870261e-03   1.222292e-03  -2.808041e-04   2.427169e-04     0  1.125224e+01
   262  0.944 -7.684556e-01  2.972433e-01  2.044444e-02  -6.778203e+04   2.898985e+04   1.357839e-07  -1.923619e+03  -1.854141e+01   1.545975e+05  -5.406413e-04   3.553644e-04   8.694892e-05  -3.562258e-05  -3.433594e-07   2.862916e-03   1.222895e-03  -2.799204e-04   2.480960e-04     0  1.125330e+01
   263  0.056 -7.969733e-01  3.758837e-01 -2.044444e-02  -8.097172e+04   3.527515e+04   1.920052e-07   1.829031e+03   2.724594e+01   1.577181e+05  -6.472885e-04   4.290352e-04   1.024244e-04   3.387094e-05   5.045544e-07   2.920706e-03   1.473317e-03  -3.585309e-04   2.461146e-04     0  1.042010e+01
   263  0.167 -7.919298e-01  3.750552e-01 -1.533333e-02  -8.125758e+04   3.532518e+04   1.888038e-07   1.359206e+03   2.116981e+01   1.573214e+05  -6.494066e-04   4.300270e-04   1.029530e-04   2.517048e-05   3.920336e-07   2.913359e-03   1.474187e-03  -3.576590e-04   2.514217e-04     0  1.041895e+01
   263  0.278 -7.868863e-01  3.742266e-01 -1.022222e-02  -8.154343e+04   3.537520e+04   1.856461e-07   8.895936e+02   1.506718e+01   1.569246e+05  -6.515247e-04   4.310187e-04   1.034816e-04   1.647395e-05   2.790218e-07   2.906012e-03   1.475058e-03  -3.567872e-04   2.567287e-04     0  1.041813e+01
   263  0.389 -7.818428e-01  3.733981e-01 -5.111111e-03  -8.182929e+04   3.542522e+04   1.825319e-07   4.201937e+02   8.938036e+00   1.565279e+05  -6.536429e-04   4.320105e-04   1.040102e-04   7.781365e-06   1.655192e-07   2.898664e-03   1.475928e-03  -3.559153e-04   2.620357e-04     0  1.041764e+01
   263  0.500 -7.767993e-01  3.725695e-01  0.000000e+00  -8.211515e+04   3.547524e+04   1.794178e-07  -4.899377e+01   2.782382e+00   1.561311e+05  -6.557610e-04   4.330023e-04   1.045388e-04  -9.072920e-07   5.152559e-08   2.891317e-03   1.476799e-03  -3.550435e-04   2.673427e-04     0  1.041748e+01
   263  0.611 -7.717558e-01  3.717409e-01  5.111111e-03  -8.240100e+04   3.552527e+04   1.763328e-07  -5.179688e+02  -3.399783e+00   1.557344e+05  -6.578791e-04   4.339940e-04   1.050674e-04  -9.592015e-06  -6.295894e-08   2.883970e-03   1.477669e-03  -3.541716e-04   2.726498e-04     0  1.041764e+01
   263  0.722 -7.667123e-01  3.709124e-01  1.022222e-02  -8.268686e+04   3.557529e+04   1.732406e-07  -9.867314e+02  -9.608457e+00   1.553376e+05  -6.599973e-04   4.349858e-04   1.055960e-04  -1.827280e-05  -1.779344e-07   2.876622e-03   1.478539e-03  -3.532997e-04   2.779568e-04     0  1.041813e+01
   263  0.833 -7.616688e-01  3.700838e-01  1.533333e-02  -8.297272e+04   3.562531e+04   1.701337e-07  -1.455282e+03  -1.584364e+01   1.549409e+05  -6.621154e-04   4.359775e-04   1.061246e-04  -2.694966e-05  -2.934008e-07   2.869275e-03   1.479410e-03  -3.524279e-04   2.832638e-04     0  1.041895e+01
   263  0.944 -7.566253e-01  3.692552e-01  2.044444e-02  -8.325858e+04   3.567533e+04   1.670342e-07  -1.923619e+03  -2.210534e+01   1.545441e+05  -6.642335e-04   4.369693e-04   1.066532e-04  -3.562258e-05  -4.093581e-07   2.861928e-03   1.480280e-03  -3.515560e-04   2.885708e-04     0  1.042010e+01
   264  0.056 -7.851429e-01  4.478956e-01 -2.044444e-02  -9.644052e+04   4.198490e+04   2.283195e-07   1.829030e+03   3.394301e+01   1.576548e+05  -7.708806e-04   5.107930e-04   1.220570e-04   3.387094e-05   6.285742e-07   2.919533e-03   1.728536e-03  -4.280866e-04   2.928753e-04     0  9.586926e+00
   264  0.167 -7.800994e-01  4.470671e-01 -1.533333e-02  -9.672734e+04   4.203189e+04   2.244924e-07   1.359206e+03   2.672334e+01   1.572579e+05  -7.729988e-04   5.117656e-04   1.225946e-04   2.517048e-05   4.948766e-07   2.912184e-03   1.729674e-03  -4.272263e-04   2.981116e-04     0  9.585682e+00
   264  0.278 -7.750559e-01  4.462385e-01 -1.022222e-02  -9.701417e+04   4.207887e+04   2.207089e-07   8.895935e+02   1.947221e+01   1.568611e+05  -7.751169e-04   5.127382e-04   1.231322e-04   1.647395e-05   3.605965e-07   2.904835e-03   1.730813e-03  -4.263661e-04   3.033479e-04     0  9.584793e+00
   264  0.389 -7.700124e-01  4.454100e-01 -5.111111e-03  -9.730099e+04   4.212586e+04   2.169472e-07   4.201936e+02   1.218962e+01   1.564642e+05  -7.772350e-04   5.137109e-04   1.236697e-04   7.781364e-06   2.257337e-07   2.897486e-03   1.731951e-03  -4.255059e-04   3.085842e-04     0  9.584260e+00
   264  0.500 -7.649689e-01  4.445814e-01  0.000000e+00  -9.758782e+04   4.217285e+04   2.132001e-07  -4.899380e+01   4.875565e+00   1.560674e+05  -7.793532e-04   5.146835e-04   1.242073e-04  -9.072926e-07   9.028824e-08   2.890137e-03   1.733090e-03  -4.246456e-04   3.138205e-04     0  9.584082e+00
   264  0.611 -7.599254e-01  4.437528e-01  5.111111e-03  -9.787464e+04   4.221984e+04   2.094821e-07  -5.179688e+02  -2.469950e+00   1.556705e+05  -7.814713e-04   5.156562e-04   1.247449e-04  -9.592015e-06  -4.573981e-08   2.882788e-03   1.734228e-03  -4.237854e-04   3.190568e-04     0  9.584260e+00
   264  0.722 -7.548819e-01  4.429243e-01  1.022222e-02  -9.816147e+04   4.226683e+04   2.057714e-07  -9.867314e+02  -9.846926e+00   1.552737e+05  -7.835894e-04   5.166288e-04   1.252824e-04  -1.827280e-05  -1.823505e-07   2.875439e-03   1.735367e-03  -4.229252e-04   3.242931e-04     0  9.584793e+00
   264  0.833 -7.498384e-01  4.420957e-01  1.533333e-02  -9.844829e+04   4.231382e+04   2.020533e-07  -1.455282e+03  -1.725536e+01   1.548768e+05  -7.857076e-04   5.176015e-04   1.258200e-04  -2.694966e-05  -3.195438e-07   2.868090e-03   1.736505e-03  -4.220649e-04   3.295294e-04     0  9.585682e+00
   264  0.944 -7.447949e-01  4.412671e-01  2.044444e-02  -9.873512e+04   4.236081e+04   1.983208e-07  -1.923619e+03  -2.469526e+01   1.544800e+05  -7.878257e-04   5.185741e-04   1.263576e-04  -3.562258e-05  -4.573197e-07   2.860741e-03   1.737644e-03  -4.212047e-04   3.347656e-04     0  9.586926e+00
   265  0.056 -7.733126e-01  5.199075e-01 -2.044444e-02  -1.119093e+05   4.869464e+04   2.646702e-07   1.829031e+03   4.266836e+01   1.575801e+05  -8.944728e-04   5.925507e-04   1.416896e-04   3.387094e-05   7.901547e-07   2.918149e-03   1.983729e-03  -4.956768e-04   3.453482e-04     0  8.753798e+00
   265  0.167 -7.682691e-01  5.190790e-01 -1.533333e-02  -1.121971e+05   4.873859e+04   2.601664e-07   1.359206e+03   3.432246e+01   1.571832e+05  -8.965910e-04   5.935042e-04   1.422361e-04   2.517048e-05   6.356011e-07   2.910800e-03   1.985135e-03  -4.948280e-04   3.505151e-04     0  8.752436e+00
   265  0.278 -7.632256e-01  5.182504e-01 -1.022222e-02  -1.124849e+05   4.878255e+04   2.557426e-07   8.895936e+02   2.593524e+01   1.567864e+05  -8.987091e-04   5.944577e-04   1.427827e-04   1.647396e-05   4.802822e-07   2.903451e-03   1.986542e-03  -4.939791e-04   3.556821e-04     0  8.751462e+00
   265  0.389 -7.581821e-01  5.174218e-01 -5.111111e-03  -1.127727e+05   4.882651e+04   2.513480e-07   4.201937e+02   1.750670e+01   1.563895e+05  -9.008272e-04   5.954113e-04   1.433292e-04   7.781365e-06   3.241981e-07   2.896103e-03   1.987948e-03  -4.931303e-04   3.608490e-04     0  8.750878e+00
   265  0.500 -7.531386e-01  5.165933e-01  0.000000e+00  -1.130605e+05   4.887046e+04   2.469533e-07  -4.899379e+01   9.036830e+00   1.559927e+05  -9.029454e-04   5.963648e-04   1.438757e-04  -9.072924e-07   1.673487e-07   2.888754e-03   1.989355e-03  -4.922814e-04   3.660159e-04     0  8.750684e+00
   265  0.611 -7.480950e-01  5.157647e-01  5.111111e-03  -1.133483e+05   4.891442e+04   2.426241e-07  -5.179688e+02   5.256397e-01   1.555959e+05  -9.050635e-04   5.973183e-04   1.444223e-04  -9.592016e-06   9.734068e-09   2.881405e-03   1.990761e-03  -4.914326e-04   3.711829e-04     0  8.750878e+00
   265  0.722 -7.430515e-01  5.149362e-01  1.022222e-02  -1.136361e+05   4.895838e+04   2.382731e-07  -9.867315e+02  -8.026875e+00   1.551990e+05  -9.071816e-04   5.982719e-04   1.449688e-04  -1.827280e-05  -1.486458e-07   2.874056e-03   1.992168e-03  -4.905838e-04   3.763498e-04     0  8.751462e+00
   265  0.833 -7.380080e-01  5.141076e-01  1.533333e-02  -1.139239e+05   4.900233e+04   2.339220e-07  -1.455282e+03  -1.662071e+01   1.548022e+05  -9.092998e-04   5.992254e-04   1.455154e-04  -2.694966e-05  -3.077910e-07   2.866707e-03   1.993574e-03  -4.897349e-04   3.815168e-04     0  8.752436e+00
   265  0.944 -7.329645e-01  5.132790e-01  2.044444e-02  -1.142117e+05   4.904629e+04   2.295637e-07  -1.923619e+03  -2.525587e+01   1.544053e+05  -9.114179e-04   6.001789e-04   1.460619e-04  -3.562258e-05  -4.677014e-07   2.859358e-03   1.994981e-03  -4.888861e-04   3.866837e-04     0  8.753798e+00
   266  0.056 -7.614822e-01  5.919194e-01 -2.044444e-02  -1.273781e+05   5.540438e+04   3.010864e-07   1.829031e+03   5.561828e+01   1.574935e+05  -1.018065e-03   6.743084e-04   1.613222e-04   3.387094e-05   1.029968e-06   2.916547e-03   2.238891e-03  -5.613212e-04   4.035365e-04     0  7.920727e+00
   266  0.167 -7.564387e-01  5.910909e-01 -1.533333e-02  -1.276669e+05   5.544530e+04   2.958623e-07   1.359206e+03   4.618171e+01   1.570969e+05  -1.020183e-03   6.752428e-04   1.618777e-04   2.517048e-05   8.552168e-07   2.909202e-03   2.240566e-03  -5.604835e-04   4.086355e-04     0  7.919222e+00
   266  0.278 -7.513952e-01  5.902623e-01 -1.022222e-02  -1.279556e+05   5.548623e+04   2.907691e-07   8.895936e+02   3.668373e+01   1.567003e+05  -1.022301e-03   6.761772e-04   1.624332e-04   1.647396e-05   6.793283e-07   2.901857e-03   2.242240e-03  -5.596459e-04   4.137344e-04     0  7.918146e+00
   266  0.389 -7.463517e-01  5.894337e-01 -5.111111e-03  -1.282444e+05   5.552715e+04   2.857560e-07   4.201937e+02   2.712434e+01   1.563037e+05  -1.024419e-03   6.771117e-04   1.629887e-04   7.781365e-06   5.023025e-07   2.894513e-03   2.243914e-03  -5.588082e-04   4.188334e-04     0  7.917501e+00
   266  0.500 -7.413082e-01  5.886052e-01  0.000000e+00  -1.285332e+05   5.556807e+04   2.807355e-07  -4.899375e+01   1.750354e+01   1.559071e+05  -1.026538e-03   6.780461e-04   1.635442e-04  -9.072917e-07   3.241395e-07   2.887168e-03   2.245588e-03  -5.579705e-04   4.239324e-04     0  7.917285e+00
   266  0.611 -7.362647e-01  5.877766e-01  5.111111e-03  -1.288219e+05   5.560900e+04   2.757661e-07  -5.179688e+02   7.821326e+00   1.555104e+05  -1.028656e-03   6.789805e-04   1.640997e-04  -9.592014e-06   1.448394e-07   2.879823e-03   2.247263e-03  -5.571328e-04   4.290313e-04     0  7.917501e+00
   266  0.722 -7.312212e-01  5.869481e-01  1.022222e-02  -1.291107e+05   5.564992e+04   2.707966e-07  -9.867314e+02  -1.922293e+00   1.551138e+05  -1.030774e-03   6.799149e-04   1.646552e-04  -1.827280e-05  -3.559801e-08   2.872478e-03   2.248937e-03  -5.562952e-04   4.341303e-04     0  7.918146e+00
   266  0.833 -7.261777e-01  5.861195e-01  1.533333e-02  -1.293994e+05   5.569084e+04   2.658198e-07  -1.455282e+03  -1.172732e+01   1.547172e+05  -1.032892e-03   6.808493e-04   1.652107e-04  -2.694966e-05  -2.171726e-07   2.865133e-03   2.250611e-03  -5.554575e-04   4.392292e-04     0  7.919222e+00
   266  0.944 -7.211342e-01  5.852909e-01  2.044444e-02  -1.296882e+05   5.573177e+04   2.608067e-07  -1.923619e+03  -2.159376e+01   1.543206e+05  -1.035010e-03   6.817837e-04   1.657662e-04  -3.562258e-05  -3.998844e-07   2.857789e-03   2.252286e-03  -5.546198e-04   4.443282e-04     0  7.920727e+00
   267  0.056 -7.496519e-01  6.639313e-01 -2.044444e-02  -1.428469e+05   6.211412e+04   3.373279e-07   1.829031e+03   7.733076e+01   1.573943e+05  -1.141657e-03   7.560661e-04   1.809547e-04   3.387094e-05   1.432051e-06   2.914709e-03   2.494022e-03  -6.250394e-04   4.674435e-04     0  7.087733e+00
   267  0.167 -7.446084e-01  6.631028e-01 -1.533333e-02  -1.431366e+05   6.215201e+04   3.315508e-07   1.359206e+03   6.687806e+01   1.569983e+05  -1.143775e-03   7.569814e-04   1.815192e-04   2.517048e-05   1.238483e-06   2.907377e-03   2.495963e-03  -6.242127e-04   4.724759e-04     0  7.086051e+00
   267  0.278 -7.395648e-01  6.622742e-01 -1.022222e-02  -1.434264e+05   6.218990e+04   3.258174e-07   8.895936e+02   5.632266e+01   1.566024e+05  -1.145893e-03   7.578967e-04   1.820837e-04   1.647395e-05   1.043012e-06   2.900044e-03   2.497904e-03  -6.233860e-04   4.775082e-04     0  7.084849e+00
   267  0.389 -7.345213e-01  6.614456e-01 -5.111111e-03  -1.437161e+05   6.222779e+04   3.201858e-07   4.201937e+02   4.566455e+01   1.562064e+05  -1.148012e-03   7.588120e-04   1.826482e-04   7.781365e-06   8.456399e-07   2.892712e-03   2.499846e-03  -6.225592e-04   4.825406e-04     0  7.084127e+00
   267  0.500 -7.294778e-01  6.606171e-01  0.000000e+00  -1.440058e+05   6.226569e+04   3.145105e-07  -4.899377e+01   3.490374e+01   1.558105e+05  -1.150130e-03   7.597273e-04   1.832126e-04  -9.072920e-07   6.463655e-07   2.885379e-03   2.501787e-03  -6.217325e-04   4.875730e-04     0  7.083887e+00
   267  0.611 -7.244343e-01  6.597885e-01  5.111111e-03  -1.442956e+05   6.230358e+04   3.089081e-07  -5.179688e+02   2.404021e+01   1.554145e+05  -1.152248e-03   7.606426e-04   1.837771e-04  -9.592015e-06   4.451892e-07   2.878046e-03   2.503729e-03  -6.209058e-04   4.926053e-04     0  7.084127e+00
   267  0.722 -7.193908e-01  6.589600e-01  1.022222e-02  -1.445853e+05   6.234147e+04   3.033347e-07  -9.867314e+02   1.307398e+01   1.550185e+05  -1.154366e-03   7.615579e-04   1.843416e-04  -1.827280e-05   2.421108e-07   2.870714e-03   2.505670e-03  -6.200790e-04   4.976377e-04     0  7.084849e+00
   267  0.833 -7.143473e-01  6.581314e-01  1.533333e-02  -1.448750e+05   6.237936e+04   2.976594e-07  -1.455282e+03   2.005048e+00   1.546226e+05  -1.156484e-03   7.624732e-04   1.849061e-04  -2.694966e-05   3.713051e-08   2.863381e-03   2.507612e-03  -6.192523e-04   5.026700e-04     0  7.086051e+00
   267  0.944 -7.093038e-01  6.573028e-01  2.044444e-02  -1.451648e+05   6.241725e+04   2.920278e-07  -1.923619e+03  -9.166597e+00   1.542266e+05  -1.158602e-03   7.633886e-04   1.854706e-04  -3.562258e-05  -1.697518e-07   2.856048e-03   2.509553e-03  -6.184256e-04   5.077024e-04     0  7.087733e+00
   268  0.056 -7.378215e-01  7.359432e-01 -2.044444e-02  -1.583157e+05   6.882387e+04   3.736495e-07   1.829031e+03   1.172182e+02   1.572805e+05  -1.265249e-03   8.378239e-04   2.005873e-04   3.387094e-05   2.170708e-06   2.912602e-03   2.749118e-03  -6.868511e-04   5.370724e-04     0  6.254847e+00
   268  0.167 -7.327780e-01  7.351147e-01 -1.533333e-02  -1.586064e+05   6.885872e+04   3.672176e-07   1.359206e+03   1.059032e+02   1.568861e+05  -1.267368e-03   8.387201e-04   2.011607e-04   2.517048e-05   1.961171e-06   2.905299e-03   2.751325e-03  -6.860351e-04   5.420396e-04     0  6.252941e+00
   268  0.278 -7.277345e-01  7.342861e-01 -1.022222e-02  -1.588971e+05   6.889358e+04   3.608729e-07   8.895936e+02   9.440023e+01   1.564917e+05  -1.269486e-03   8.396162e-04   2.017342e-04   1.647395e-05   1.748152e-06   2.897995e-03   2.753533e-03  -6.852191e-04   5.470067e-04     0  6.251578e+00
   268  0.389 -7.226910e-01  7.334575e-01 -5.111111e-03  -1.591878e+05   6.892844e+04   3.545720e-07   4.201937e+02   8.270924e+01   1.560973e+05  -1.271604e-03   8.405124e-04   2.023076e-04   7.781364e-06   1.531653e-06   2.890691e-03   2.755740e-03  -6.844031e-04   5.519738e-04     0  6.250761e+00
   268  0.500 -7.176475e-01  7.326290e-01  0.000000e+00  -1.594785e+05   6.896330e+04   3.483001e-07  -4.899378e+01   7.083025e+01   1.557029e+05  -1.273722e-03   8.414086e-04   2.028811e-04  -9.072922e-07   1.311671e-06   2.883387e-03   2.757947e-03  -6.835871e-04   5.569410e-04     0  6.250488e+00
   268  0.611 -7.126040e-01  7.318004e-01  5.111111e-03  -1.597692e+05   6.899815e+04   3.420864e-07  -5.179688e+02   5.876327e+01   1.553085e+05  -1.275840e-03   8.423048e-04   2.034545e-04  -9.592015e-06   1.088209e-06   2.876084e-03   2.760154e-03  -6.827710e-04   5.619081e-04     0  6.250761e+00
   268  0.722 -7.075605e-01  7.309719e-01  1.022222e-02  -1.600599e+05   6.903301e+04   3.358145e-07  -9.867314e+02   4.650829e+01   1.549141e+05  -1.277958e-03   8.432010e-04   2.040280e-04  -1.827280e-05   8.612646e-07   2.868780e-03   2.762361e-03  -6.819550e-04   5.668753e-04     0  6.251578e+00
   268  0.833 -7.025170e-01  7.301433e-01  1.533333e-02  -1.603506e+05   6.906787e+04   3.295572e-07  -1.455282e+03   3.406531e+01   1.545197e+05  -1.280076e-03   8.440972e-04   2.046014e-04  -2.694966e-05   6.308391e-07   2.861476e-03   2.764569e-03  -6.811390e-04   5.718424e-04     0  6.252941e+00
   268  0.944 -6.974735e-01  7.293147e-01  2.044444e-02  -1.606413e+05   6.910272e+04   3.232708e-07  -1.923619e+03   2.143434e+01   1.541253e+05  -1.282194e-03   8.449934e-04   2.051749e-04  -3.562258e-05   3.969323e-07   2.854172e-03   2.766776e-03  -6.803230e-04   5.768095e-04     0  6.254847e+00
   269  0.056 -7.259911e-01  8.079551e-01 -2.044444e-02  -1.737845e+05   7.553361e+04   4.100002e-07   1.829031e+03   1.948432e+02   1.571483e+05  -1.388842e-03   9.195816e-04   2.202199e-04   3.387094e-05   3.608208e-06   2.910154e-03   3.004184e-03  -7.467760e-04   6.124265e-04     0  5.422119e+00
   269  0.167 -7.209476e-01  8.071266e-01 -1.533333e-02  -1.740762e+05   7.556544e+04   4.029134e-07   1.359206e+03   1.829855e+02   1.567573e+05  -1.390960e-03   9.204587e-04   2.208023e-04   2.517048e-05   3.388620e-06   2.902914e-03   3.006653e-03  -7.459704e-04   6.173298e-04     0  5.419919e+00
   269  0.278 -7.159041e-01  8.062980e-01 -1.022222e-02  -1.743678e+05   7.559726e+04   3.958849e-07   8.895936e+02   1.707631e+02   1.563664e+05  -1.393078e-03   9.213357e-04   2.213847e-04   1.647396e-05   3.162279e-06   2.895673e-03   3.009123e-03  -7.451649e-04   6.222331e-04     0  5.418348e+00
   269  0.389 -7.108606e-01  8.054694e-01 -5.111111e-03  -1.746595e+05   7.562908e+04   3.889872e-07   4.201937e+02   1.581761e+02   1.559754e+05  -1.395196e-03   9.222128e-04   2.219671e-04   7.781365e-06   2.929187e-06   2.888433e-03   3.011593e-03  -7.443594e-04   6.271364e-04     0  5.417404e+00
   269  0.500 -7.058171e-01  8.046409e-01  0.000000e+00  -1.749512e+05   7.566091e+04   3.820460e-07  -4.899375e+01   1.452244e+02   1.555844e+05  -1.397314e-03   9.230899e-04   2.225495e-04  -9.072916e-07   2.689342e-06   2.881193e-03   3.014063e-03  -7.435538e-04   6.320397e-04     0  5.417090e+00
   269  0.611 -7.007736e-01  8.038123e-01  5.111111e-03  -1.752428e+05   7.569273e+04   3.751775e-07  -5.179688e+02   1.319082e+02   1.551934e+05  -1.399432e-03   9.239670e-04   2.231320e-04  -9.592014e-06   2.442744e-06   2.873953e-03   3.016533e-03  -7.427483e-04   6.369429e-04     0  5.417404e+00
   269  0.722 -6.957301e-01  8.029838e-01  1.022222e-02  -1.755345e+05   7.572455e+04   3.683672e-07  -9.867314e+02   1.182273e+02   1.548025e+05  -1.401550e-03   9.248440e-04   2.237144e-04  -1.827280e-05   2.189394e-06   2.866712e-03   3.019003e-03  -7.419428e-04   6.418462e-04     0  5.418348e+00
   269  0.833 -6.906866e-01  8.021552e-01  1.533333e-02  -1.758262e+05   7.575638e+04   3.614841e-07  -1.455282e+03   1.041818e+02   1.544115e+05  -1.403669e-03   9.257211e-04   2.242968e-04  -2.694966e-05   1.929292e-06   2.859472e-03   3.021473e-03  -7.411373e-04   6.467495e-04     0  5.419919e+00
   269  0.944 -6.856431e-01  8.013266e-01  2.044444e-02  -1.761178e+05   7.578820e+04   3.546738e-07  -1.923619e+03   8.977163e+01   1.540205e+05  -1.405787e-03   9.265982e-04   2.248792e-04  -3.562258e-05   1.662438e-06   2.852232e-03   3.023943e-03  -7.403317e-04   6.516528e-04     0  5.422119e+00
   270  0.056 -7.141608e-01  8.799670e-01 -2.044444e-02  -1.892533e+05   8.224335e+04   4.462927e-07   1.829031e+03   3.508294e+02   1.569896e+05  -1.512434e-03   1.001339e-03   2.398524e-04   3.387094e-05   6.496841e-06   2.907216e-03   3.259227e-03  -8.048336e-04   6.935089e-04     0  4.589634e+00
   270  0.167 -7.091173e-01  8.791385e-01 -1.533333e-02  -1.895459e+05   8.227214e+04   4.385947e-07   1.359206e+03   3.390930e+02   1.566060e+05  -1.514552e-03   1.002197e-03   2.404438e-04   2.517048e-05   6.279501e-06   2.900111e-03   3.261953e-03  -8.040383e-04   6.983497e-04     0  4.587035e+00
   270  0.278 -7.040738e-01  8.783099e-01 -1.022222e-02  -1.898386e+05   8.230094e+04   4.309404e-07   8.895935e+02   3.266258e+02   1.562223e+05  -1.516670e-03   1.003055e-03   2.410352e-04   1.647395e-05   6.048625e-06   2.893006e-03   3.264679e-03  -8.032430e-04   7.031906e-04     0  4.585178e+00
   270  0.389 -6.990303e-01  8.774813e-01 -5.111111e-03  -1.901312e+05   8.232973e+04   4.234025e-07   4.201937e+02   3.134275e+02   1.558386e+05  -1.518788e-03   1.003913e-03   2.416266e-04   7.781364e-06   5.804214e-06   2.885901e-03   3.267406e-03  -8.024478e-04   7.080314e-04     0  4.584063e+00
   270  0.500 -6.939868e-01  8.766528e-01  0.000000e+00  -1.904238e+05   8.235852e+04   4.158646e-07  -4.899377e+01   2.994984e+02   1.554550e+05  -1.520906e-03   1.004771e-03   2.422180e-04  -9.072920e-07   5.546266e-06   2.878796e-03   3.270132e-03  -8.016525e-04   7.128722e-04     0  4.583692e+00
   270  0.611 -6.889433e-01  8.758242e-01  5.111111e-03  -1.907165e+05   8.238731e+04   4.083413e-07  -5.179688e+02   2.848383e+02   1.550713e+05  -1.523024e-03   1.005629e-03   2.428094e-04  -9.592014e-06   5.274783e-06   2.871690e-03   3.272858e-03  -8.008572e-04   7.177130e-04     0  4.584063e+00
   270  0.722 -6.838998e-01  8.749957e-01  1.022222e-02  -1.910091e+05   8.241610e+04   4.008907e-07  -9.867314e+02   2.694473e+02   1.546876e+05  -1.525143e-03   1.006487e-03   2.434008e-04  -1.827280e-05   4.989764e-06   2.864585e-03   3.275584e-03  -8.000620e-04   7.225538e-04     0  4.585178e+00
   270  0.833 -6.788563e-01  8.741671e-01  1.533333e-02  -1.913018e+05   8.244489e+04   3.933674e-07  -1.455282e+03   2.533253e+02   1.543039e+05  -1.527261e-03   1.007345e-03   2.439922e-04  -2.694966e-05   4.691210e-06   2.857480e-03   3.278310e-03  -7.992667e-04   7.273947e-04     0  4.587035e+00
   270  0.944 -6.738128e-01  8.733385e-01  2.044444e-02  -1.915944e+05   8.247368e+04   3.858731e-07  -1.923619e+03   2.364724e+02   1.539203e+05  -1.529379e-03   1.008203e-03   2.445835e-04  -3.562258e-05   4.379119e-06   2.850375e-03   3.281037e-03  -7.984714e-04   7.322355e-04     0  4.589634e+00
   271  0.056 -7.023304e-01  9.519789e-01 -2.044444e-02  -2.047221e+05   8.895310e+04   4.826870e-07   1.829031e+03   6.694836e+02   1.567879e+05  -1.636026e-03   1.083097e-03   2.594850e-04   3.387094e-05   1.239784e-05   2.903479e-03   3.514273e-03  -8.610436e-04   7.803229e-04     0  3.757554e+00
   271  0.167 -6.972869e-01  9.511504e-01 -1.533333e-02  -2.050157e+05   8.897885e+04   4.742760e-07   1.359206e+03   6.592466e+02   1.564195e+05  -1.638144e-03   1.083936e-03   2.600854e-04   2.517048e-05   1.220827e-05   2.896658e-03   3.517242e-03  -8.602584e-04   7.851027e-04     0  3.754379e+00
   271  0.278 -6.922434e-01  9.503218e-01 -1.022222e-02  -2.053093e+05   8.900461e+04   4.659523e-07   8.895936e+02   6.475186e+02   1.560512e+05  -1.640262e-03   1.084775e-03   2.606857e-04   1.647396e-05   1.199108e-05   2.889837e-03   3.520211e-03  -8.594731e-04   7.898824e-04     0  3.752110e+00
   271  0.389 -6.871999e-01  9.494932e-01 -5.111111e-03  -2.056029e+05   8.903037e+04   4.577887e-07   4.201937e+02   6.342996e+02   1.556829e+05  -1.642380e-03   1.085614e-03   2.612861e-04   7.781365e-06   1.174629e-05   2.883016e-03   3.523180e-03  -8.586879e-04   7.946621e-04     0  3.750747e+00
   271  0.500 -6.821564e-01  9.486647e-01  0.000000e+00  -2.058965e+05   8.905613e+04   4.496251e-07  -4.899379e+01   6.195896e+02   1.553145e+05  -1.644498e-03   1.086452e-03   2.618864e-04  -9.072924e-07   1.147388e-05   2.876195e-03   3.526149e-03  -8.579027e-04   7.994418e-04     0  3.750293e+00
   271  0.611 -6.771129e-01  9.478361e-01  5.111111e-03  -2.061901e+05   8.908189e+04   4.415051e-07  -5.179688e+02   6.033887e+02   1.549462e+05  -1.646617e-03   1.087291e-03   2.624868e-04  -9.592016e-06   1.117387e-05   2.869374e-03   3.529118e-03  -8.571175e-04   8.042216e-04     0  3.750747e+00
   271  0.722 -6.720694e-01  9.470075e-01  1.022222e-02  -2.064837e+05   8.910764e+04   4.334142e-07  -9.867315e+02   5.856968e+02   1.545779e+05  -1.648735e-03   1.088130e-03   2.630872e-04  -1.827280e-05   1.084624e-05   2.862553e-03   3.532087e-03  -8.563322e-04   8.090013e-04     0  3.752110e+00
   271  0.833 -6.670259e-01  9.461790e-01  1.533333e-02  -2.067773e+05   8.913340e+04   4.252943e-07  -1.455282e+03   5.665140e+02   1.542096e+05  -1.650853e-03   1.088969e-03   2.636875e-04  -2.694966e-05   1.049100e-05   2.855733e-03   3.535056e-03  -8.555470e-04   8.137810e-04     0  3.754379e+00
   271  0.944 -6.619824e-01  9.453504e-01  2.044444e-02  -2.070709e+05   8.915916e+04   4.171743e-07  -1.923619e+03   5.458402e+02   1.538412e+05  -1.652971e-03   1.089808e-03   2.642879e-04  -3.562258e-05   1.010815e-05   2.848912e-03   3.538025e-03  -8.547618e-04   8.185607e-04     0  3.757554e+00
   272  0.056 -6.905001e-01  1.023991e+00 -2.044444e-02  -2.201909e+05   9.566284e+04   5.189941e-07   1.829031e+03   1.325820e+03   1.565084e+05  -1.759618e-03   1.164855e-03   2.791176e-04   3.387094e-05   2.455221e-05   2.898304e-03   3.769375e-03  -9.154257e-04   8.728718e-04     0  2.926224e+00
   272  0.167 -6.854566e-01  1.023162e+00 -1.533333e-02  -2.204855e+05   9.568556e+04   5.099573e-07   1.359206e+03   1.319942e+03   1.561721e+05  -1.761736e-03   1.165675e-03   2.797269e-04   2.517048e-05   2.444338e-05   2.892076e-03   3.772559e-03  -9.146503e-04   8.775918e-04     0  2.922146e+00
   272  0.278 -6.804131e-01  1.022334e+00 -1.022222e-02  -2.207800e+05   9.570829e+04   5.010515e-07   8.895936e+02   1.310997e+03   1.558358e+05  -1.763854e-03   1.166494e-03   2.803362e-04   1.647396e-05   2.427772e-05   2.885848e-03   3.775742e-03  -9.138749e-04   8.823118e-04     0  2.919230e+00
   272  0.389 -6.753696e-01  1.021505e+00 -5.111111e-03  -2.210746e+05   9.573101e+04   4.922040e-07   4.201937e+02   1.298983e+03   1.554995e+05  -1.765973e-03   1.167314e-03   2.809456e-04   7.781365e-06   2.405524e-05   2.879620e-03   3.778926e-03  -9.130995e-04   8.870318e-04     0  2.917479e+00
   272  0.500 -6.703261e-01  1.020677e+00  0.000000e+00  -2.213692e+05   9.575374e+04   4.833855e-07  -4.899375e+01   1.283901e+03   1.551632e+05  -1.768091e-03   1.168134e-03   2.815549e-04  -9.072917e-07   2.377594e-05   2.873392e-03   3.782110e-03  -9.123241e-04   8.917518e-04     0  2.916895e+00
   272  0.611 -6.652826e-01  1.019848e+00  5.111111e-03  -2.216638e+05   9.577646e+04   4.746544e-07  -5.179688e+02   1.265750e+03   1.548269e+05  -1.770209e-03   1.168953e-03   2.821642e-04  -9.592014e-06   2.343982e-05   2.867164e-03   3.785293e-03  -9.115486e-04   8.964718e-04     0  2.917479e+00
   272  0.722 -6.602390e-01  1.019019e+00  1.022222e-02  -2.219583e+05   9.579919e+04   4.659378e-07  -9.867314e+02   1.244531e+03   1.544906e+05  -1.772327e-03   1.169773e-03   2.827735e-04  -1.827280e-05   2.304688e-05   2.860937e-03   3.788477e-03  -9.107732e-04   9.011918e-04     0  2.919230e+00
   272  0.833 -6.551955e-01  1.018191e+00  1.533333e-02  -2.222529e+05   9.582191e+04   4.571484e-07  -1.455282e+03   1.220244e+03   1.541543e+05  -1.774445e-03   1.170593e-03   2.833829e-04  -2.694966e-05   2.259711e-05   2.854709e-03   3.791660e-03  -9.099978e-04   9.059118e-04     0  2.922146e+00
   272  0.944 -6.501520e-01  1.017362e+00  2.044444e-02  -2.225475e+05   9.584464e+04   4.483300e-07  -1.923619e+03   1.192889e+03   1.538180e+05  -1.776563e-03   1.171413e-03   2.839922e-04  -3.562258e-05   2.209053e-05   2.848481e-03   3.794844e-03  -9.092224e-04   9.106318e-04     0  2.926224e+00
   273  0.056 -6.786697e-01  1.096003e+00 -2.044444e-02  -2.356597e+05   1.023726e+05   5.554175e-07   1.829031e+03   2.683159e+03   1.560794e+05  -1.883210e-03   1.246613e-03   2.987501e-04   3.387094e-05   4.968813e-05   2.890360e-03   4.024652e-03  -9.679996e-04   9.711587e-04     0  2.096537e+00
   273  0.167 -6.736262e-01  1.095174e+00 -1.533333e-02  -2.359552e+05   1.023923e+05   5.456532e-07   1.359206e+03   2.687581e+03   1.558098e+05  -1.885328e-03   1.247413e-03   2.993684e-04   2.517048e-05   4.977002e-05   2.885367e-03   4.027992e-03  -9.672338e-04   9.758203e-04     0  2.090842e+00
   273  0.278 -6.685827e-01  1.094346e+00 -1.022222e-02  -2.362508e+05   1.024120e+05   5.360635e-07   8.895936e+02   2.685660e+03   1.555402e+05  -1.887447e-03   1.248214e-03   2.999867e-04   1.647395e-05   4.973445e-05   2.880373e-03   4.031331e-03  -9.664679e-04   9.804820e-04     0  2.086764e+00
   273  0.389 -6.635392e-01  1.093517e+00 -5.111111e-03  -2.365463e+05   1.024317e+05   5.265756e-07   4.201937e+02   2.677397e+03   1.552705e+05  -1.889565e-03   1.249014e-03   3.006050e-04   7.781365e-06   4.958142e-05   2.875380e-03   4.034671e-03  -9.657021e-04   9.851437e-04     0  2.084314e+00
   273  0.500 -6.584957e-01  1.092688e+00  0.000000e+00  -2.368418e+05   1.024513e+05   5.171460e-07  -4.899377e+01   2.662791e+03   1.550009e+05  -1.891683e-03   1.249815e-03   3.012233e-04  -9.072920e-07   4.931095e-05   2.870386e-03   4.038010e-03  -9.649363e-04   9.898053e-04     0  2.083496e+00
   273  0.611 -6.534522e-01  1.091860e+00  5.111111e-03  -2.371374e+05   1.024710e+05   5.078182e-07  -5.179688e+02   2.641843e+03   1.547312e+05  -1.893801e-03   1.250616e-03   3.018416e-04  -9.592015e-06   4.892301e-05   2.865393e-03   4.041350e-03  -9.641704e-04   9.944670e-04     0  2.084314e+00
   273  0.722 -6.484087e-01  1.091031e+00  1.022222e-02  -2.374329e+05   1.024907e+05   4.984322e-07  -9.867314e+02   2.614552e+03   1.544616e+05  -1.895919e-03   1.251416e-03   3.024599e-04  -1.827280e-05   4.841763e-05   2.860400e-03   4.044689e-03  -9.634046e-04   9.991286e-04     0  2.086764e+00
   273  0.833 -6.433652e-01  1.090203e+00  1.533333e-02  -2.377285e+05   1.025104e+05   4.890171e-07  -1.455282e+03   2.580919e+03   1.541919e+05  -1.898037e-03   1.252217e-03   3.030782e-04  -2.694966e-05   4.779479e-05   2.855406e-03   4.048029e-03  -9.626388e-04   1.003790e-03     0  2.090842e+00
   273  0.944 -6.383217e-01  1.089374e+00  2.044444e-02  -2.380240e+05   1.025301e+05   4.795584e-07  -1.923619e+03   2.540943e+03   1.539223e+05  -1.900155e-03   1.253017e-03   3.036965e-04  -3.562258e-05   4.705449e-05   2.850413e-03   4.051368e-03  -9.618729e-04   1.008452e-03     0  2.096537e+00
   274  0.056 -6.668394e-01  1.168015e+00 -2.044444e-02  -2.511285e+05   1.090823e+05   5.916663e-07   1.829031e+03   5.495731e+03   1.553520e+05  -2.006803e-03   1.328370e-03   3.183827e-04   3.387094e-05   1.017728e-04   2.876888e-03   4.280352e-03  -1.018785e-03   1.075187e-03     0  1.271713e+00
   274  0.167 -6.617959e-01  1.167186e+00 -1.533333e-02  -2.514250e+05   1.090990e+05   5.812763e-07   1.359206e+03   5.522780e+03   1.552209e+05  -2.008921e-03   1.329152e-03   3.190100e-04   2.517048e-05   1.022737e-04   2.874460e-03   4.283725e-03  -1.018028e-03   1.079792e-03     0  1.262302e+00
   274  0.278 -6.567523e-01  1.166357e+00 -1.022222e-02  -2.517215e+05   1.091156e+05   5.710899e-07   8.895935e+02   5.536689e+03   1.550898e+05  -2.011039e-03   1.329933e-03   3.196372e-04   1.647395e-05   1.025313e-04   2.872033e-03   4.287099e-03  -1.017272e-03   1.084396e-03     0  1.255537e+00
   274  0.389 -6.517088e-01  1.165529e+00 -5.111111e-03  -2.520180e+05   1.091323e+05   5.609909e-07   4.201936e+02   5.537460e+03   1.549587e+05  -2.013157e-03   1.330715e-03   3.202645e-04   7.781364e-06   1.025456e-04   2.869605e-03   4.290473e-03  -1.016515e-03   1.089001e-03     0  1.251460e+00
   274  0.500 -6.466653e-01  1.164700e+00  0.000000e+00  -2.523145e+05   1.091490e+05   5.509646e-07  -4.899380e+01   5.525092e+03   1.548276e+05  -2.015275e-03   1.331496e-03   3.208918e-04  -9.072926e-07   1.023165e-04   2.867178e-03   4.293846e-03  -1.015759e-03   1.093606e-03     0  1.250098e+00
   274  0.611 -6.416218e-01  1.163872e+00  5.111111e-03  -2.526110e+05   1.091656e+05   5.409820e-07  -5.179688e+02   5.499584e+03   1.546965e+05  -2.017393e-03   1.332278e-03   3.215191e-04  -9.592015e-06   1.018441e-04   2.864750e-03   4.297220e-03  -1.015002e-03   1.098210e-03     0  1.251460e+00
   274  0.722 -6.365783e-01  1.163043e+00  1.022222e-02  -2.529075e+05   1.091823e+05   5.309557e-07  -9.867314e+02   5.460938e+03   1.545654e+05  -2.019511e-03   1.333059e-03   3.221463e-04  -1.827280e-05   1.011285e-04   2.862323e-03   4.300594e-03  -1.014246e-03   1.102815e-03     0  1.255537e+00
   274  0.833 -6.315348e-01  1.162215e+00  1.533333e-02  -2.532041e+05   1.091989e+05   5.209295e-07  -1.455282e+03   5.409152e+03   1.544343e+05  -2.021629e-03   1.333841e-03   3.227736e-04  -2.694966e-05   1.001695e-04   2.859895e-03   4.303968e-03  -1.013490e-03   1.107420e-03     0  1.262302e+00
   274  0.944 -6.264913e-01  1.161386e+00  2.044444e-02  -2.535006e+05   1.092156e+05   5.108013e-07  -1.923619e+03   5.344227e+03   1.543032e+05  -2.023748e-03   1.334622e-03   3.234009e-04  -3.562258e-05   9.896717e-05   2.857467e-03   4.307341e-03  -1.012733e-03   1.112024e-03     0  1.271713e+00
   275  0.056 -6.550090e-01  1.240027e+00 -2.044444e-02  -2.665973e+05   1.157921e+05   6.279442e-07   9.145153e+02   3.488025e+03   1.545623e+05  -2.130395e-03   1.410128e-03   3.380153e-04   1.693547e-05   6.459306e-05   2.862265e-03   4.536994e-03  -1.067801e-03   1.184960e-03     3  4.776494e-01
   275  0.167 -6.499655e-01  1.239198e+00 -1.533333e-02  -2.668947e+05   1.158057e+05   6.170012e-07   6.796029e+02   3.562360e+03   1.545879e+05  -2.132513e-03   1.410890e-03   3.386515e-04   1.258524e-05   6.596963e-05   2.862739e-03   4.540149e-03  -1.067054e-03   1.189509e-03     3  4.519962e-01
   275  0.278 -6.449220e-01  1.238369e+00 -1.022222e-02  -2.671922e+05   1.158193e+05   6.061746e-07   4.447968e+02   3.627814e+03   1.546135e+05  -2.134631e-03   1.411653e-03   3.392878e-04   8.236977e-06   6.718174e-05   2.863213e-03   4.543304e-03  -1.066306e-03   1.194058e-03     3  4.327423e-01
   275  0.389 -6.398785e-01  1.237541e+00 -5.111111e-03  -2.674897e+05   1.158329e+05   5.954353e-07   2.100968e+02   3.684386e+03   1.546391e+05  -2.136749e-03   1.412415e-03   3.399240e-04   3.890682e-06   6.822936e-05   2.863687e-03   4.546459e-03  -1.065559e-03   1.198607e-03     3  4.207674e-01
   275  0.500 -6.348350e-01  1.236712e+00  0.000000e+00  -2.677872e+05   1.158466e+05   5.847251e-07  -2.449690e+01   3.732076e+03   1.546647e+05  -2.138867e-03   1.413178e-03   3.405602e-04  -4.536463e-07   6.911252e-05   2.864161e-03   4.549614e-03  -1.064812e-03   1.203156e-03     3  4.166992e-01
   275  0.611 -6.297915e-01  1.235884e+00  5.111111e-03  -2.680847e+05   1.158602e+05   5.741022e-07  -2.589844e+02   3.770885e+03   1.546903e+05  -2.140985e-03   1.413940e-03   3.411965e-04  -4.796008e-06   6.983120e-05   2.864635e-03   4.552769e-03  -1.064064e-03   1.207705e-03     3  4.207674e-01
   275  0.722 -6.247480e-01  1.235055e+00  1.022222e-02  -2.683822e+05   1.158738e+05   5.634793e-07  -4.933657e+02   3.800812e+03   1.547159e+05  -2.143104e-03   1.414702e-03   3.418327e-04  -9.136402e-06   7.038541e-05   2.865109e-03   4.555924e-03  -1.063317e-03   1.212254e-03     3  4.327423e-01
   275  0.833 -6.197045e-01  1.234227e+00  1.533333e-02  -2.686796e+05   1.158874e+05   5.527982e-07  -7.276408e+02   3.821858e+03   1.547415e+05  -2.145222e-03   1.415465e-03   3.424689e-04  -1.347483e-05   7.077515e-05   2.865582e-03   4.559079e-03  -1.062570e-03   1.216803e-03     3  4.519962e-01
   275  0.944 -6.146610e-01  1.233398e+00  2.044444e-02  -2.689771e+05   1.159011e+05   5.421462e-07  -9.618097e+02   3.834023e+03   1.547670e+05  -2.147340e-03   1.416227e-03   3.431052e-04  -1.781129e-05   7.100042e-05   2.866056e-03   4.562234e-03  -1.061822e-03   1.221352e-03     3  4.776494e-01
   276  0.056 -2.595982e-01 -1.177177e+00 -2.044444e-02   2.661402e+05  -1.146949e+05  -6.243063e-07   9.637413e+02  -2.317239e+03   2.093957e+05   2.124728e-03  -1.401404e-03  -3.394501e-04   1.784706e-05  -4.291183e-05   3.877697e-03  -4.464056e-03   1.102344e-03   1.524611e-03     3  4.991056e-01
   276  0.167 -2.545550e-01 -1.178008e+00 -1.533333e-02   2.658421e+05  -1.146814e+05  -6.126356e-07   7.296300e+02  -2.596103e+03   2.093825e+05   2.122606e-03  -1.400641e-03  -3.388121e-04   1.351167e-05  -4.807598e-05   3.877453e-03  -4.467677e-03   1.103090e-03   1.529139e-03     3  4.721540e-01
   276  0.278 -2.495119e-01 -1.178839e+00 -1.022222e-02   2.655440e+05  -1.146680e+05  -6.011687e-07   4.954034e+02  -2.866950e+03   2.093692e+05   2.120484e-03  -1.399879e-03  -3.381740e-04   9.174136e-06  -5.309167e-05   3.877208e-03  -4.471298e-03   1.103836e-03   1.533666e-03     3  4.519198e-01
   276  0.389 -2.444688e-01 -1.179670e+00 -5.111111e-03   2.652459e+05  -1.146546e+05  -5.899055e-07   2.610613e+02  -3.129780e+03   2.093560e+05   2.118362e-03  -1.399117e-03  -3.375359e-04   4.834469e-06  -5.795890e-05   3.876964e-03  -4.474919e-03   1.104582e-03   1.538194e-03     3  4.393322e-01
   276  0.500 -2.394256e-01 -1.180501e+00  0.000000e+00   2.649478e+05  -1.146412e+05  -5.786715e-07   2.660399e+01  -3.384593e+03   2.093428e+05   2.116240e-03  -1.398354e-03  -3.368979e-04   4.926664e-07  -6.267766e-05   3.876719e-03  -4.478540e-03   1.105327e-03   1.542721e-03     3  4.350555e-01
   276  0.611 -2.343825e-01 -1.181331e+00  5.111111e-03   2.646497e+05  -1.146277e+05  -5.675247e-07  -2.079687e+02  -3.631390e+03   2.093296e+05   2.114118e-03  -1.397592e-03  -3.362598e-04  -3.851273e-06  -6.724795e-05   3.876474e-03  -4.482161e-03   1.106073e-03   1.547249e-03     3  4.393322e-01
   276  0.722 -2.293394e-01 -1.182162e+00  1.022222e-02   2.643516e+05  -1.146143e+05  -5.564070e-07  -4.426568e+02  -3.870169e+03   2.093164e+05   2.111996e-03  -1.396830e-03  -3.356218e-04  -8.197348e-06  -7.166979e-05   3.876230e-03  -4.485782e-03   1.106819e-03   1.551776e-03     3  4.519198e-01
   276  0.833 -2.242962e-01 -1.182993e+00  1.533333e-02   2.640535e+05  -1.146009e+05  -5.451730e-07  -6.774602e+02  -4.100931e+03   2.093032e+05   2.109874e-03  -1.396067e-03  -3.349837e-04  -1.254556e-05  -7.594316e-05   3.875985e-03  -4.489402e-03   1.107565e-03   1.556304e-03     3  4.721540e-01
   276  0.944 -2.192531e-01 -1.183824e+00  2.044444e-02   2.637554e+05  -1.145875e+05  -5.338807e-07  -9.123789e+02  -4.323676e+03   2.092900e+05   2.107752e-03  -1.395305e-03  -3.343456e-04  -1.689591e-05  -8.006807e-05   3.875741e-03  -4.493023e-03   1.108311e-03   1.560831e-03     3  4.991056e-01
   277  0.056 -2.477769e-01 -1.105420e+00 -2.044444e-02   2.507187e+05  -1.080343e+05  -5.879701e-07   1.927483e+03  -5.003648e+03   2.100555e+05   2.001578e-03  -1.320097e-03  -3.198132e-04   3.569412e-05  -9.266014e-05   3.889916e-03  -4.176097e-03   1.022238e-03   1.437970e-03     0  1.327890e+00
   277  0.167 -2.427337e-01 -1.106251e+00 -1.533333e-02   2.504216e+05  -1.080176e+05  -5.770416e-07   1.459260e+03  -5.026627e+03   2.099000e+05   1.999456e-03  -1.319314e-03  -3.191848e-04   2.702333e-05  -9.308569e-05   3.887036e-03  -4.179892e-03   1.022975e-03   1.442442e-03     0  1.317997e+00
   277  0.278 -2.376906e-01 -1.107082e+00 -1.022222e-02   2.501246e+05  -1.080009e+05  -5.662441e-07   9.908067e+02  -5.037696e+03   2.097445e+05   1.997334e-03  -1.318531e-03  -3.185565e-04   1.834827e-05  -9.329067e-05   3.884157e-03  -4.183686e-03   1.023712e-03   1.446914e-03     0  1.310884e+00
   277  0.389 -2.326475e-01 -1.107913e+00 -5.111111e-03   2.498275e+05  -1.079842e+05  -5.556358e-07   5.221227e+02  -5.036856e+03   2.095890e+05   1.995212e-03  -1.317748e-03  -3.179281e-04   9.668938e-06  -9.327511e-05   3.881277e-03  -4.187481e-03   1.024449e-03   1.451386e-03     0  1.306598e+00
   277  0.500 -2.276043e-01 -1.108744e+00  0.000000e+00   2.495305e+05  -1.079675e+05  -5.450129e-07   5.320795e+01  -5.024105e+03   2.094334e+05   1.993090e-03  -1.316965e-03  -3.172997e-04   9.853324e-07  -9.303898e-05   3.878397e-03  -4.191276e-03   1.025185e-03   1.455858e-03     0  1.305166e+00
   277  0.611 -2.225612e-01 -1.109574e+00  5.111111e-03   2.492334e+05  -1.079508e+05  -5.345210e-07  -4.159375e+02  -4.999444e+03   2.092779e+05   1.990968e-03  -1.316182e-03  -3.166714e-04  -7.702546e-06  -9.258230e-05   3.875517e-03  -4.195070e-03   1.025922e-03   1.460330e-03     0  1.306598e+00
   277  0.722 -2.175181e-01 -1.110405e+00  1.022222e-02   2.489364e+05  -1.079341e+05  -5.239999e-07  -8.853136e+02  -4.962873e+03   2.091224e+05   1.988846e-03  -1.315399e-03  -3.160430e-04  -1.639470e-05  -9.190506e-05   3.872638e-03  -4.198865e-03   1.026659e-03   1.464803e-03     0  1.310884e+00
   277  0.833 -2.124749e-01 -1.111236e+00  1.533333e-02   2.486393e+05  -1.079174e+05  -5.133479e-07  -1.354920e+03  -4.914393e+03   2.089669e+05   1.986724e-03  -1.314616e-03  -3.154147e-04  -2.509112e-05  -9.100727e-05   3.869758e-03  -4.202660e-03   1.027396e-03   1.469275e-03     0  1.317997e+00
   277  0.944 -2.074318e-01 -1.112067e+00  2.044444e-02   2.483423e+05  -1.079007e+05  -5.027396e-07  -1.824758e+03  -4.854002e+03   2.088114e+05   1.984602e-03  -1.313833e-03  -3.147863e-04  -3.379181e-05  -8.988892e-05   3.866878e-03  -4.206454e-03   1.028132e-03   1.473747e-03     0  1.327890e+00
   278  0.056 -2.359556e-01 -1.033663e+00 -2.044444e-02   2.352971e+05  -1.013738e+05  -5.516922e-07   1.927483e+03  -2.449582e+03   2.107303e+05   1.878427e-03  -1.238791e-03  -3.001762e-04   3.569412e-05  -4.536263e-05   3.902413e-03  -3.888986e-03   9.438955e-04   1.357043e-03     0  2.188987e+00
   278  0.167 -2.309124e-01 -1.034494e+00 -1.533333e-02   2.350011e+05  -1.013538e+05  -5.414913e-07   1.459260e+03  -2.452120e+03   2.104487e+05   1.876305e-03  -1.237987e-03  -2.995576e-04   2.702333e-05  -4.540963e-05   3.897198e-03  -3.892726e-03   9.446228e-04   1.361459e-03     0  2.183000e+00
   278  0.278 -2.258693e-01 -1.035325e+00 -1.022222e-02   2.347051e+05  -1.013338e+05  -5.313341e-07   9.908067e+02  -2.448919e+03   2.101671e+05   1.874183e-03  -1.237183e-03  -2.989389e-04   1.834827e-05  -4.535035e-05   3.891984e-03  -3.896465e-03   9.453502e-04   1.365874e-03     0  2.178713e+00
   278  0.389 -2.208262e-01 -1.036156e+00 -5.111111e-03   2.344091e+05  -1.013138e+05  -5.213224e-07   5.221227e+02  -2.439978e+03   2.098855e+05   1.872061e-03  -1.236380e-03  -2.983203e-04   9.668938e-06  -4.518479e-05   3.886769e-03  -3.900205e-03   9.460775e-04   1.370289e-03     0  2.176137e+00
   278  0.500 -2.157830e-01 -1.036987e+00  0.000000e+00   2.341131e+05  -1.012938e+05  -5.113543e-07   5.320794e+01  -2.425299e+03   2.096039e+05   1.869939e-03  -1.235576e-03  -2.977016e-04   9.853322e-07  -4.491295e-05   3.881554e-03  -3.903945e-03   9.468049e-04   1.374704e-03     0  2.175277e+00
   278  0.611 -2.107399e-01 -1.037817e+00  5.111111e-03   2.338171e+05  -1.012738e+05  -5.014299e-07  -4.159375e+02  -2.404881e+03   2.093223e+05   1.867817e-03  -1.234772e-03  -2.970830e-04  -7.702546e-06  -4.453483e-05   3.876340e-03  -3.907684e-03   9.475322e-04   1.379119e-03     0  2.176137e+00
   278  0.722 -2.056967e-01 -1.038648e+00  1.022222e-02   2.335211e+05  -1.012539e+05  -4.915928e-07  -8.853136e+02  -2.378723e+03   2.090408e+05   1.865695e-03  -1.233968e-03  -2.964643e-04  -1.639470e-05  -4.405042e-05   3.871125e-03  -3.911424e-03   9.482596e-04   1.383534e-03     0  2.178713e+00
   278  0.833 -2.006536e-01 -1.039479e+00  1.533333e-02   2.332251e+05  -1.012339e+05  -4.816975e-07  -1.354920e+03  -2.346826e+03   2.087592e+05   1.863573e-03  -1.233165e-03  -2.958457e-04  -2.509112e-05  -4.345974e-05   3.865911e-03  -3.915163e-03   9.489870e-04   1.387949e-03     0  2.183000e+00
   278  0.944 -1.956105e-01 -1.040310e+00  2.044444e-02   2.329291e+05  -1.012139e+05  -4.718895e-07  -1.824758e+03  -2.309190e+03   2.084776e+05   1.861452e-03  -1.232361e-03  -2.952270e-04  -3.379181e-05  -4.276278e-05   3.860696e-03  -3.918903e-03   9.497143e-04   1.392365e-03     0  2.188987e+00
   279  0.056 -2.241343e-01 -9.619063e-01 -2.044444e-02   2.198756e+05  -9.471326e+04  -5.153124e-07   1.927483e+03  -1.213693e+03   2.111338e+05   1.755277e-03  -1.157484e-03  -2.805392e-04   3.569412e-05  -2.247579e-05   3.909886e-03  -3.602255e-03   8.673362e-04   1.281828e-03     0  3.055196e+00
   279  0.167 -2.190911e-01 -9.627371e-01 -1.533333e-02   2.195806e+05  -9.468999e+04  -5.058100e-07   1.459260e+03  -1.206956e+03   2.107913e+05   1.753155e-03  -1.156660e-03  -2.799303e-04   2.702333e-05  -2.235104e-05   3.903542e-03  -3.605829e-03   8.680540e-04   1.286185e-03     0  3.050909e+00
   279  0.278 -2.140480e-01 -9.635680e-01 -1.022222e-02   2.192857e+05  -9.466672e+04  -4.963949e-07   9.908067e+02  -1.197461e+03   2.104487e+05   1.751033e-03  -1.155835e-03  -2.793214e-04   1.834827e-05  -2.217520e-05   3.897198e-03  -3.609402e-03   8.687717e-04   1.290541e-03     0  3.047843e+00
   279  0.389 -2.090049e-01 -9.643988e-01 -5.111111e-03   2.189907e+05  -9.464344e+04  -4.870526e-07   5.221227e+02  -1.185207e+03   2.101061e+05   1.748911e-03  -1.155011e-03  -2.787124e-04   9.668938e-06  -2.194827e-05   3.890854e-03  -3.612976e-03   8.694894e-04   1.294898e-03     0  3.046002e+00
   279  0.500 -2.039617e-01 -9.652296e-01  0.000000e+00   2.186958e+05  -9.462017e+04  -4.777394e-07   5.320796e+01  -1.170194e+03   2.097636e+05   1.746789e-03  -1.154187e-03  -2.781035e-04   9.853326e-07  -2.167025e-05   3.884510e-03  -3.616550e-03   8.702072e-04   1.299255e-03     0  3.045388e+00
   279  0.611 -1.989186e-01 -9.660604e-01  5.111111e-03   2.184008e+05  -9.459690e+04  -4.684698e-07  -4.159375e+02  -1.152422e+03   2.094210e+05   1.744667e-03  -1.153362e-03  -2.774945e-04  -7.702545e-06  -2.134115e-05   3.878166e-03  -3.620124e-03   8.709249e-04   1.303611e-03     0  3.046002e+00
   279  0.722 -1.938754e-01 -9.668912e-01  1.022222e-02   2.181059e+05  -9.457362e+04  -4.592148e-07  -8.853136e+02  -1.131891e+03   2.090784e+05   1.742545e-03  -1.152538e-03  -2.768856e-04  -1.639470e-05  -2.096095e-05   3.871822e-03  -3.623698e-03   8.716426e-04   1.307968e-03     0  3.047843e+00
   279  0.833 -1.888323e-01 -9.677220e-01  1.533333e-02   2.178109e+05  -9.455035e+04  -4.499307e-07  -1.354920e+03  -1.108602e+03   2.087358e+05   1.740423e-03  -1.151713e-03  -2.762767e-04  -2.509112e-05  -2.052966e-05   3.865479e-03  -3.627272e-03   8.723604e-04   1.312325e-03     0  3.031015e+00
   279  0.944 -1.837892e-01 -9.685528e-01  2.044444e-02   2.175160e+05  -9.452708e+04  -4.406756e-07  -1.824758e+03  -1.082553e+03   2.083933e+05   1.738301e-03  -1.150889e-03  -2.756677e-04  -3.379181e-05  -2.004728e-05   3.859135e-03  -3.630846e-03   8.730781e-04   1.316682e-03     0  3.004343e+00
   280  0.056 -2.123129e-01 -8.901493e-01 -2.044444e-02   2.044540e+05  -8.805273e+04  -4.791218e-07   1.927483e+03  -6.144741e+02   2.114007e+05   1.632127e-03  -1.076178e-03  -2.609023e-04   3.569412e-05  -1.137915e-05   3.914828e-03  -3.315678e-03   7.925818e-04   1.212320e-03     0  3.923132e+00
   280  0.167 -2.072698e-01 -8.909801e-01 -1.533333e-02   2.041601e+05  -8.802617e+04  -4.702451e-07   1.459260e+03  -6.038571e+02   2.110286e+05   1.630005e-03  -1.075333e-03  -2.603030e-04   2.702333e-05  -1.118254e-05   3.907937e-03  -3.319033e-03   7.932897e-04   1.216616e-03     0  3.919795e+00
   280  0.278 -2.022267e-01 -8.918109e-01 -1.022222e-02   2.038662e+05  -8.799962e+04  -4.614703e-07   9.908067e+02  -5.919205e+02   2.106565e+05   1.627883e-03  -1.074488e-03  -2.597038e-04   1.834827e-05  -1.096149e-05   3.901046e-03  -3.322388e-03   7.939976e-04   1.220913e-03     0  3.917409e+00
   280  0.389 -1.971835e-01 -8.926418e-01 -5.111111e-03   2.035723e+05  -8.797306e+04  -4.527828e-07   5.221227e+02  -5.786643e+02   2.102844e+05   1.625761e-03  -1.073643e-03  -2.591046e-04   9.668939e-06  -1.071601e-05   3.894156e-03  -3.325742e-03   7.947054e-04   1.225210e-03     0  3.915977e+00
   280  0.500 -1.921404e-01 -8.934726e-01  0.000000e+00   2.032784e+05  -8.794650e+04  -4.440662e-07   5.320797e+01  -5.640884e+02   2.099123e+05   1.623639e-03  -1.072797e-03  -2.585054e-04   9.853328e-07  -1.044608e-05   3.887265e-03  -3.329097e-03   7.954133e-04   1.229507e-03     0  3.898371e+00
   280  0.611 -1.870973e-01 -8.943034e-01  5.111111e-03   2.029845e+05  -8.791995e+04  -4.354370e-07  -4.159374e+02  -5.481928e+02   2.095402e+05   1.621517e-03  -1.071952e-03  -2.579061e-04  -7.702545e-06  -1.015172e-05   3.880374e-03  -3.332452e-03   7.961212e-04   1.233804e-03     0  3.874775e+00
   280  0.722 -1.820541e-01 -8.951342e-01  1.022222e-02   2.026906e+05  -8.789339e+04  -4.268077e-07  -8.853136e+02  -5.309777e+02   2.091681e+05   1.619395e-03  -1.071107e-03  -2.573069e-04  -1.639470e-05  -9.832920e-06   3.873483e-03  -3.335807e-03   7.968290e-04   1.238101e-03     0  3.852005e+00
   280  0.833 -1.770110e-01 -8.959650e-01  1.533333e-02   2.023967e+05  -8.786684e+04  -4.181347e-07  -1.354920e+03  -5.124429e+02   2.087960e+05   1.617273e-03  -1.070262e-03  -2.567077e-04  -2.509112e-05  -9.489683e-06   3.866592e-03  -3.339161e-03   7.975369e-04   1.242397e-03     0  3.830076e+00
   280  0.944 -1.719679e-01 -8.967958e-01  2.044444e-02   2.021028e+05  -8.784028e+04  -4.095637e-07  -1.824758e+03  -4.925884e+02   2.084239e+05   1.615151e-03  -1.069417e-03  -2.561084e-04  -3.379181e-05  -9.122008e-06   3.859701e-03  -3.342516e-03   7.982448e-04   1.246694e-03     0  3.809003e+00
   281  0.056 -2.004916e-01 -8.183923e-01 -2.044444e-02   1.890325e+05  -8.139219e+04  -4.429312e-07   1.927483e+03  -3.227626e+02   2.115960e+05   1.508976e-03  -9.948713e-04  -2.412653e-04   3.569412e-05  -5.977085e-06   3.918444e-03  -3.029150e-03   7.196534e-04   1.148516e-03     0  4.791857e+00
   281  0.167 -1.954485e-01 -8.192231e-01 -1.533333e-02   1.887396e+05  -8.136235e+04  -4.346512e-07   1.459260e+03  -3.108701e+02   2.112095e+05   1.506854e-03  -9.940055e-04  -2.406758e-04   2.702333e-05  -5.756854e-06   3.911288e-03  -3.032260e-03   7.203512e-04   1.152751e-03     0  4.773786e+00
   281  0.278 -1.904054e-01 -8.200539e-01 -1.022222e-02   1.884468e+05  -8.133251e+04  -4.265457e-07   9.908067e+02  -2.983529e+02   2.108231e+05   1.504732e-03  -9.931397e-04  -2.400863e-04   1.834827e-05  -5.525054e-06   3.904131e-03  -3.035370e-03   7.210489e-04   1.156986e-03     0  4.752177e+00
   281  0.389 -1.853622e-01 -8.208847e-01 -5.111111e-03   1.881539e+05  -8.130268e+04  -4.184549e-07   5.221227e+02  -2.852110e+02   2.104366e+05   1.502610e-03  -9.922740e-04  -2.394968e-04   9.668938e-06  -5.281685e-06   3.896974e-03  -3.038479e-03   7.217467e-04   1.161222e-03     0  4.731259e+00
   281  0.500 -1.803191e-01 -8.217156e-01  0.000000e+00   1.878611e+05  -8.127284e+04  -4.103931e-07   5.320798e+01  -2.714443e+02   2.100502e+05   1.500489e-03  -9.914082e-04  -2.389072e-04   9.853329e-07  -5.026746e-06   3.889818e-03  -3.041589e-03   7.224444e-04   1.165457e-03     0  4.711042e+00
   281  0.611 -1.752760e-01 -8.225464e-01  5.111111e-03   1.875682e+05  -8.124300e+04  -4.024187e-07  -4.159374e+02  -2.570529e+02   2.096637e+05   1.498367e-03  -9.905424e-04  -2.383177e-04  -7.702545e-06  -4.760239e-06   3.882661e-03  -3.044699e-03   7.231422e-04   1.169693e-03     0  4.691535e+00
   281  0.722 -1.702328e-01 -8.233772e-01  1.022222e-02   1.872754e+05  -8.121316e+04  -3.944151e-07  -8.853135e+02  -2.420367e+02   2.092772e+05   1.496245e-03  -9.896766e-04  -2.377282e-04  -1.639469e-05  -4.482162e-06   3.875504e-03  -3.047808e-03   7.238399e-04   1.173928e-03     0  4.672747e+00
   281  0.833 -1.651897e-01 -8.242080e-01  1.533333e-02   1.869825e+05  -8.118332e+04  -3.863970e-07  -1.354920e+03  -2.263959e+02   2.088908e+05   1.494123e-03  -9.888108e-04  -2.371387e-04  -2.509112e-05  -4.192516e-06   3.868348e-03  -3.050918e-03   7.245377e-04   1.178164e-03     0  4.654686e+00
   281  0.944 -1.601466e-01 -8.250388e-01  2.044444e-02   1.866897e+05  -8.115349e+04  -3.783789e-07  -1.824758e+03  -2.101303e+02   2.085043e+05   1.492001e-03  -9.879450e-04  -2.365491e-04  -3.379181e-05  -3.891301e-06   3.861191e-03  -3.054028e-03   7.252354e-04   1.182399e-03     0  4.637362e+00
   282  0.056 -1.886703e-01 -7.466353e-01 -2.044444e-02   1.736109e+05  -7.473166e+04  -4.067406e-07   1.927483e+03  -1.795710e+02   2.117511e+05   1.385826e-03  -9.135648e-04  -2.216284e-04   3.569413e-05  -3.325389e-06   3.921316e-03  -2.742622e-03   6.485721e-04   1.090412e-03     0  5.613659e+00
   282  0.167 -1.836272e-01 -7.474661e-01 -1.533333e-02   1.733191e+05  -7.469854e+04  -3.990863e-07   1.459260e+03  -1.676612e+02   2.113576e+05   1.383704e-03  -9.126784e-04  -2.210485e-04   2.702334e-05  -3.104837e-06   3.914029e-03  -2.745474e-03   6.492595e-04   1.094585e-03     0  5.594626e+00
   282  0.278 -1.785841e-01 -7.482969e-01 -1.022222e-02   1.730273e+05  -7.466542e+04  -3.915775e-07   9.908068e+02  -1.554621e+02   2.109641e+05   1.381582e-03  -9.117919e-04  -2.204687e-04   1.834827e-05  -2.878928e-06   3.906743e-03  -2.748326e-03   6.499469e-04   1.098757e-03     0  5.576198e+00
   282  0.389 -1.735409e-01 -7.491277e-01 -5.111111e-03   1.727355e+05  -7.463229e+04  -3.841415e-07   5.221227e+02  -1.429736e+02   2.105706e+05   1.379460e-03  -9.109054e-04  -2.198889e-04   9.668939e-06  -2.647660e-06   3.899456e-03  -2.751178e-03   6.506343e-04   1.102930e-03     0  5.558382e+00
   282  0.500 -1.684978e-01 -7.499586e-01  0.000000e+00   1.724437e+05  -7.459917e+04  -3.767636e-07   5.320798e+01  -1.301959e+02   2.101771e+05   1.377338e-03  -9.100189e-04  -2.193091e-04   9.853330e-07  -2.411035e-06   3.892169e-03  -2.754030e-03   6.513217e-04   1.107102e-03     0  5.541184e+00
   282  0.611 -1.634546e-01 -7.507894e-01  5.111111e-03   1.721519e+05  -7.456605e+04  -3.693713e-07  -4.159375e+02  -1.171288e+02   2.097837e+05   1.375216e-03  -9.091324e-04  -2.187293e-04  -7.702546e-06  -2.169052e-06   3.884883e-03  -2.756883e-03   6.520090e-04   1.111275e-03     0  5.524609e+00
   282  0.722 -1.584115e-01 -7.516202e-01  1.022222e-02   1.718601e+05  -7.453293e+04  -3.620225e-07  -8.853136e+02  -1.037724e+02   2.093902e+05   1.373094e-03  -9.082460e-04  -2.181495e-04  -1.639470e-05  -1.921712e-06   3.877596e-03  -2.759735e-03   6.526964e-04   1.115447e-03     0  5.508663e+00
   282  0.833 -1.533684e-01 -7.524510e-01  1.533333e-02   1.715683e+05  -7.449981e+04  -3.546593e-07  -1.354920e+03  -9.012673e+01   2.089967e+05   1.370972e-03  -9.073595e-04  -2.175697e-04  -2.509112e-05  -1.669014e-06   3.870309e-03  -2.762587e-03   6.533838e-04   1.119620e-03     0  5.493351e+00
   282  0.944 -1.483252e-01 -7.532818e-01  2.044444e-02   1.712765e+05  -7.446669e+04  -3.472524e-07  -1.824758e+03  -7.619171e+01   2.086032e+05   1.368850e-03  -9.064730e-04  -2.169898e-04  -3.379181e-05  -1.410958e-06   3.863022e-03  -2.765439e-03   6.540712e-04   1.123793e-03     0  5.478679e+00
   283  0.056 -1.768490e-01 -6.748783e-01 -2.044444e-02   1.581894e+05  -6.807112e+04  -3.704190e-07   1.927483e+03  -1.081141e+02   2.118811e+05   1.262676e-03  -8.322583e-04  -2.019914e-04   3.569412e-05  -2.002113e-06   3.923724e-03  -2.456072e-03   5.793589e-04   1.038006e-03     0  6.445010e+00
   283  0.167 -1.718059e-01 -6.757091e-01 -1.533333e-02   1.578986e+05  -6.803472e+04  -3.634777e-07   1.459260e+03  -9.679474e+01   2.114841e+05   1.260554e-03  -8.313512e-04  -2.014213e-04   2.702333e-05  -1.792495e-06   3.916373e-03  -2.458660e-03   5.800357e-04   1.042114e-03     0  6.428439e+00
   283  0.278 -1.667627e-01 -6.765399e-01 -1.022222e-02   1.576079e+05  -6.799832e+04  -3.566383e-07   9.908067e+02  -8.534783e+01   2.110872e+05   1.258432e-03  -8.304440e-04  -2.008512e-04   1.834827e-05  -1.580515e-06   3.909022e-03  -2.461249e-03   5.807125e-04   1.046222e-03     0  6.412408e+00
   283  0.389 -1.617196e-01 -6.773707e-01 -5.111111e-03   1.573171e+05  -6.796191e+04  -3.498571e-07   5.221226e+02  -7.377338e+01   2.106902e+05   1.256310e-03  -8.295368e-04  -2.002811e-04   9.668938e-06  -1.366174e-06   3.901671e-03  -2.463837e-03   5.813893e-04   1.050330e-03     0  6.396921e+00
   283  0.500 -1.566765e-01 -6.782015e-01  0.000000e+00   1.570264e+05  -6.792551e+04  -3.430760e-07   5.320795e+01  -6.207140e+01   2.102932e+05   1.254188e-03  -8.286297e-04  -1.997110e-04   9.853324e-07  -1.149470e-06   3.894319e-03  -2.466425e-03   5.820661e-04   1.054438e-03     0  6.381983e+00
   283  0.611 -1.516333e-01 -6.790324e-01  5.111111e-03   1.567356e+05  -6.788911e+04  -3.363530e-07  -4.159375e+02  -5.024189e+01   2.098963e+05   1.252066e-03  -8.277225e-04  -1.991409e-04  -7.702545e-06  -9.304054e-07   3.886968e-03  -2.469014e-03   5.827429e-04   1.058547e-03     0  6.367597e+00
   283  0.722 -1.465902e-01 -6.798632e-01  1.022222e-02   1.564449e+05  -6.785270e+04  -3.296445e-07  -8.853135e+02  -3.828484e+01   2.094993e+05   1.249944e-03  -8.268154e-04  -1.985708e-04  -1.639470e-05  -7.089785e-07   3.879617e-03  -2.471602e-03   5.834197e-04   1.062655e-03     0  6.353767e+00
   283  0.833 -1.415471e-01 -6.806940e-01  1.533333e-02   1.561541e+05  -6.781630e+04  -3.229070e-07  -1.354920e+03  -2.620026e+01   2.091024e+05   1.247822e-03  -8.259082e-04  -1.980006e-04  -2.509112e-05  -4.851900e-07   3.872266e-03  -2.474191e-03   5.840965e-04   1.066763e-03     0  6.340496e+00
   283  0.944 -1.365039e-01 -6.815248e-01  2.044444e-02   1.558633e+05  -6.777990e+04  -3.161840e-07  -1.824758e+03  -1.398814e+01   2.087054e+05   1.245700e-03  -8.250010e-04  -1.974305e-04  -3.379181e-05  -2.590396e-07   3.864915e-03  -2.476779e-03   5.847733e-04   1.070871e-03     0  6.327789e+00
   284  0.056 -1.650277e-01 -6.031213e-01 -2.044444e-02   1.427678e+05  -6.141059e+04  -3.341847e-07   1.927483e+03  -7.129680e+01   2.119934e+05   1.139526e-03  -7.509518e-04  -1.823544e-04   3.569412e-05  -1.320311e-06   3.925804e-03  -2.169491e-03   5.120351e-04   9.912927e-04     0  7.285419e+00
   284  0.167 -1.599846e-01 -6.039521e-01 -1.533333e-02   1.424781e+05  -6.137090e+04  -3.278983e-07   1.459260e+03  -6.086144e+01   2.115947e+05   1.137404e-03  -7.500240e-04  -1.817940e-04   2.702333e-05  -1.127064e-06   3.918420e-03  -2.171813e-03   5.127011e-04   9.953351e-04     0  7.270764e+00
   284  0.278 -1.549414e-01 -6.047829e-01 -1.022222e-02   1.421884e+05  -6.133122e+04  -3.216701e-07   9.908067e+02  -5.037648e+01   2.111960e+05   1.135282e-03  -7.490961e-04  -1.812336e-04   1.834827e-05  -9.328977e-07   3.911036e-03  -2.174135e-03   5.133670e-04   9.993775e-04     0  7.256594e+00
   284  0.389 -1.498983e-01 -6.056137e-01 -5.111111e-03   1.418987e+05  -6.129153e+04  -3.155583e-07   5.221227e+02  -3.984192e+01   2.107972e+05   1.133160e-03  -7.481683e-04  -1.806732e-04   9.668938e-06  -7.378134e-07   3.903652e-03  -2.176456e-03   5.140330e-04   1.003420e-03     0  7.242912e+00
   284  0.500 -1.448552e-01 -6.064445e-01  0.000000e+00   1.416090e+05  -6.125184e+04  -3.094465e-07   5.320794e+01  -2.925777e+01   2.103985e+05   1.131038e-03  -7.472404e-04  -1.801128e-04   9.853322e-07  -5.418105e-07   3.896268e-03  -2.178778e-03   5.146989e-04   1.007462e-03     0  7.229722e+00
   284  0.611 -1.398120e-01 -6.072753e-01  5.111111e-03   1.413193e+05  -6.121216e+04  -3.033201e-07  -4.159375e+02  -1.862402e+01   2.099997e+05   1.128916e-03  -7.463126e-04  -1.795524e-04  -7.702546e-06  -3.448892e-07   3.888884e-03  -2.181100e-03   5.153649e-04   1.011505e-03     0  7.217026e+00
   284  0.722 -1.347689e-01 -6.081062e-01  1.022222e-02   1.410296e+05  -6.117247e+04  -2.972665e-07  -8.853136e+02  -7.940669e+00   2.096010e+05   1.126794e-03  -7.453847e-04  -1.789920e-04  -1.639470e-05  -1.470494e-07   3.881500e-03  -2.183421e-03   5.160308e-04   1.015547e-03     0  7.204827e+00
   284  0.833 -1.297258e-01 -6.089370e-01  1.533333e-02   1.407399e+05  -6.113279e+04  -2.911402e-07  -1.354920e+03   2.792279e+00   2.092023e+05   1.124672e-03  -7.444569e-04  -1.784316e-04  -2.509112e-05   5.170886e-08   3.874116e-03  -2.185743e-03   5.166967e-04   1.019589e-03     0  7.193127e+00
   284  0.944 -1.246826e-01 -6.097678e-01  2.044444e-02   1.404502e+05  -6.109310e+04  -2.849847e-07  -1.824758e+03   1.357482e+01   2.088035e+05   1.122550e-03  -7.435291e-04  -1.778712e-04  -3.379181e-05   2.513856e-07   3.866732e-03  -2.188065e-03   5.173627e-04   1.023632e-03     0  7.181928e+00
   285  0.056 -1.532064e-01 -5.313643e-01 -2.044444e-02   1.273463e+05  -5.475005e+04  -2.979141e-07   1.927483e+03  -5.120732e+01   2.120916e+05   1.016375e-03  -6.696453e-04  -1.627175e-04   3.569412e-05  -9.482838e-07   3.927622e-03  -1.882879e-03   4.466218e-04   9.502700e-04     0  8.132078e+00
   285  0.167 -1.481633e-01 -5.321951e-01 -1.533333e-02   1.270576e+05  -5.470708e+04  -2.923043e-07   1.459260e+03  -4.179741e+01   2.116919e+05   1.014253e-03  -6.686968e-04  -1.621668e-04   2.702333e-05  -7.740260e-07   3.920220e-03  -1.884932e-03   4.472766e-04   9.542451e-04     0  8.118951e+00
   285  0.278 -1.431201e-01 -5.330259e-01 -1.022222e-02   1.267690e+05  -5.466412e+04  -2.867600e-07   9.908067e+02  -3.237534e+01   2.112922e+05   1.012131e-03  -6.677483e-04  -1.616161e-04   1.834827e-05  -5.995433e-07   3.912819e-03  -1.886985e-03   4.479315e-04   9.582201e-04     0  8.106264e+00
   285  0.389 -1.380770e-01 -5.338567e-01 -5.111111e-03   1.264803e+05  -5.462115e+04  -2.812521e-07   5.221227e+02  -2.294113e+01   2.108925e+05   1.010009e-03  -6.667997e-04  -1.610654e-04   9.668938e-06  -4.248357e-07   3.905417e-03  -1.889039e-03   4.485863e-04   9.621952e-04     0  8.094019e+00
   285  0.500 -1.330339e-01 -5.346875e-01  0.000000e+00   1.261917e+05  -5.457818e+04  -2.757661e-07   5.320796e+01  -1.349476e+01   2.104928e+05   1.007887e-03  -6.658512e-04  -1.605147e-04   9.853326e-07  -2.499030e-07   3.898015e-03  -1.891092e-03   4.492412e-04   9.661703e-04     0  8.082218e+00
   285  0.611 -1.279907e-01 -5.355183e-01  5.111111e-03   1.259030e+05  -5.453521e+04  -2.703382e-07  -4.159375e+02  -4.036252e+00   2.100931e+05   1.005765e-03  -6.649027e-04  -1.599640e-04  -7.702545e-06  -7.474541e-08   3.890614e-03  -1.893146e-03   4.498960e-04   9.701453e-04     0  8.070863e+00
   285  0.722 -1.229476e-01 -5.363491e-01  1.022222e-02   1.256143e+05  -5.449224e+04  -2.648812e-07  -8.853136e+02   5.434407e+00   2.096935e+05   1.003643e-03  -6.639541e-04  -1.594133e-04  -1.639470e-05   1.006372e-07   3.883212e-03  -1.895199e-03   4.505509e-04   9.741204e-04     0  8.059956e+00
   285  0.833 -1.179045e-01 -5.371800e-01  1.533333e-02   1.253257e+05  -5.444927e+04  -2.594243e-07  -1.354920e+03   1.491721e+01   2.092938e+05   1.001521e-03  -6.630056e-04  -1.588626e-04  -2.509112e-05   2.762447e-07   3.875810e-03  -1.897252e-03   4.512057e-04   9.780955e-04     0  8.049499e+00
   285  0.944 -1.128613e-01 -5.380108e-01  2.044444e-02   1.250370e+05  -5.440631e+04  -2.539673e-07  -1.824758e+03   2.441217e+01   2.088941e+05   9.993993e-04  -6.620571e-04  -1.583119e-04  -3.379181e-05   4.520772e-07   3.868409e-03  -1.899306e-03   4.518606e-04   9.820705e-04     0  8.039493e+00
   286  0.056 -1.413851e-01 -4.596073e-01 -2.044444e-02   1.119248e+05  -4.808952e+04  -2.616871e-07   1.927483e+03  -3.920442e+01   2.121773e+05   8.932249e-04  -5.883388e-04  -1.430805e-04   3.569412e-05  -7.260078e-07   3.929209e-03  -1.596235e-03   3.831399e-04   9.149339e-04     0  8.983220e+00
   286  0.167 -1.363420e-01 -4.604381e-01 -1.533333e-02   1.116371e+05  -4.804327e+04  -2.567103e-07   1.459260e+03  -3.088866e+01   2.117770e+05   8.911029e-04  -5.873696e-04  -1.425395e-04   2.702333e-05  -5.720121e-07   3.921797e-03  -1.598020e-03   3.837835e-04   9.188402e-04     0  8.971338e+00
   286  0.278 -1.312988e-01 -4.612689e-01 -1.022222e-02   1.113495e+05  -4.799702e+04  -2.518136e-07   9.908067e+02  -2.257862e+01   2.113768e+05   8.889809e-04  -5.864004e-04  -1.419986e-04   1.834827e-05  -4.181225e-07   3.914385e-03  -1.599804e-03   3.844270e-04   9.227464e-04     0  8.959858e+00
   286  0.389 -1.262557e-01 -4.620997e-01 -5.111111e-03   1.110619e+05  -4.795076e+04  -2.469678e-07   5.221227e+02  -1.427430e+01   2.109766e+05   8.868589e-04  -5.854312e-04  -1.414576e-04   9.668939e-06  -2.643390e-07   3.906973e-03  -1.601588e-03   3.850705e-04   9.266527e-04     0  8.948781e+00
   286  0.500 -1.212126e-01 -4.629305e-01  0.000000e+00   1.107743e+05  -4.790451e+04  -2.421293e-07   5.320797e+01  -5.975719e+00   2.105763e+05   8.847369e-04  -5.844620e-04  -1.409166e-04   9.853328e-07  -1.106615e-07   3.899561e-03  -1.603373e-03   3.857140e-04   9.305589e-04     0  8.938109e+00
   286  0.611 -1.161694e-01 -4.637613e-01  5.111111e-03   1.104867e+05  -4.785826e+04  -2.373126e-07  -4.159374e+02   2.317140e+00   2.101761e+05   8.826149e-04  -5.834927e-04  -1.403756e-04  -7.702545e-06   4.291001e-08   3.892149e-03  -1.605157e-03   3.863575e-04   9.344652e-04     0  8.927843e+00
   286  0.722 -1.111263e-01 -4.645921e-01  1.022222e-02   1.101991e+05  -4.781201e+04  -2.325032e-07  -8.853136e+02   1.060427e+01   2.097758e+05   8.804929e-04  -5.825235e-04  -1.398346e-04  -1.639470e-05   1.963754e-07   3.884737e-03  -1.606941e-03   3.870011e-04   9.383715e-04     0  8.917984e+00
   286  0.833 -1.060831e-01 -4.654229e-01  1.533333e-02   1.099115e+05  -4.776576e+04  -2.276502e-07  -1.354920e+03   1.888568e+01   2.093756e+05   8.783710e-04  -5.815543e-04  -1.392936e-04  -2.509112e-05   3.497348e-07   3.877325e-03  -1.608726e-03   3.876446e-04   9.422777e-04     0  8.908534e+00
   286  0.944 -1.010400e-01 -4.662538e-01  2.044444e-02   1.096239e+05  -4.771951e+04  -2.228044e-07  -1.824758e+03   2.716136e+01   2.089753e+05   8.762490e-04  -5.805851e-04  -1.387526e-04  -3.379181e-05   5.029882e-07   3.869913e-03  -1.610510e-03   3.882881e-04   9.461840e-04     0  8.899495e+00
   287  0.056 -1.295638e-01 -3.878503e-01 -2.044444e-02   9.650321e+04  -4.142898e+04  -2.254528e-07   1.927483e+03  -3.110850e+01   2.122514e+05   7.700746e-04  -5.070323e-04  -1.234436e-04   3.569412e-05  -5.760834e-07   3.930581e-03  -1.309564e-03   3.216108e-04   8.852810e-04     0  9.837682e+00
   287  0.167 -1.245207e-01 -3.886811e-01 -1.533333e-02   9.621665e+04  -4.137945e+04  -2.211236e-07   1.459260e+03  -2.391994e+01   2.118507e+05   7.679526e-04  -5.060424e-04  -1.229123e-04   2.702333e-05  -4.429619e-07   3.923162e-03  -1.311079e-03   3.222428e-04   8.891170e-04     0  9.826833e+00
   287  0.278 -1.194775e-01 -3.895119e-01 -1.022222e-02   9.593008e+04  -4.132991e+04  -2.168817e-07   9.908067e+02  -1.674552e+01   2.114501e+05   7.658306e-04  -5.050525e-04  -1.223810e-04   1.834827e-05  -3.101022e-07   3.915743e-03  -1.312593e-03   3.228747e-04   8.929529e-04     0  9.816353e+00
   287  0.389 -1.144344e-01 -3.903427e-01 -5.111111e-03   9.564352e+04  -4.128038e+04  -2.126544e-07   5.221227e+02  -9.585247e+00   2.110495e+05   7.637086e-04  -5.040626e-04  -1.218497e-04   9.668939e-06  -1.775046e-07   3.908324e-03  -1.314108e-03   3.235066e-04   8.967889e-04     0  9.806244e+00
   287  0.500 -1.093912e-01 -3.911735e-01  0.000000e+00   9.535696e+04  -4.123085e+04  -2.084489e-07   5.320797e+01  -2.439117e+00   2.106489e+05   7.615866e-04  -5.030727e-04  -1.213185e-04   9.853328e-07  -4.516884e-08   3.900906e-03  -1.315623e-03   3.241386e-04   9.006249e-04     0  9.796506e+00
   287  0.611 -1.043481e-01 -3.920043e-01  5.111111e-03   9.507040e+04  -4.118131e+04  -2.042798e-07  -4.159374e+02   4.692868e+00   2.102483e+05   7.594646e-04  -5.020828e-04  -1.207872e-04  -7.702545e-06   8.690496e-08   3.893487e-03  -1.317138e-03   3.247705e-04   9.044608e-04     0  9.787140e+00
   287  0.722 -9.930497e-02 -3.928351e-01  1.022222e-02   9.478383e+04  -4.113178e+04  -2.000961e-07  -8.853136e+02   1.181071e+01   2.098477e+05   7.573426e-04  -5.010929e-04  -1.202559e-04  -1.639470e-05   2.187168e-07   3.886068e-03  -1.318653e-03   3.254025e-04   9.082968e-04     0  9.778148e+00
   287  0.833 -9.426184e-02 -3.936659e-01  1.533333e-02   9.449727e+04  -4.108225e+04  -1.959270e-07  -1.354920e+03   1.891440e+01   2.094471e+05   7.552206e-04  -5.001030e-04  -1.197246e-04  -2.509112e-05   3.502668e-07   3.878649e-03  -1.320168e-03   3.260344e-04   9.121328e-04     0  9.769530e+00
   287  0.944 -8.921870e-02 -3.944967e-01  2.044444e-02   9.421071e+04  -4.103271e+04  -1.917215e-07  -1.824758e+03   2.600396e+01   2.090465e+05   7.530987e-04  -4.991131e-04  -1.191933e-04  -3.379181e-05   4.815547e-07   3.871231e-03  -1.321683e-03   3.266663e-04   9.159687e-04     0  9.761288e+00
   288  0.056 -1.177425e-01 -3.160933e-01 -2.044444e-02   8.108166e+04  -3.476845e+04  -1.891749e-07   1.927483e+03  -2.490152e+01   2.123142e+05   6.469242e-04  -4.257258e-04  -1.038066e-04   3.569412e-05  -4.611392e-07   3.931744e-03  -1.022868e-03   2.620555e-04   8.613077e-04     0  1.069467e+01
   288  0.167 -1.126993e-01 -3.169241e-01 -1.533333e-02   8.079615e+04  -3.471563e+04  -1.855369e-07   1.459260e+03  -1.885611e+01   2.119133e+05   6.448022e-04  -4.247152e-04  -1.032850e-04   2.702333e-05  -3.491872e-07   3.924320e-03  -1.024113e-03   2.626756e-04   8.650719e-04     0  1.068469e+01
   288  0.278 -1.076562e-01 -3.177549e-01 -1.022222e-02   8.051063e+04  -3.466281e+04  -1.819208e-07   9.908067e+02  -1.282869e+01   2.115124e+05   6.426803e-04  -4.237046e-04  -1.027635e-04   1.834827e-05  -2.375683e-07   3.916896e-03  -1.025358e-03   2.632957e-04   8.688361e-04     0  1.067505e+01
   288  0.389 -1.026131e-01 -3.185857e-01 -5.111111e-03   8.022512e+04  -3.461000e+04  -1.783628e-07   5.221227e+02  -6.819259e+00   2.111115e+05   6.405583e-04  -4.226941e-04  -1.022419e-04   9.668938e-06  -1.262826e-07   3.909473e-03  -1.026603e-03   2.639158e-04   8.726003e-04     0  1.066576e+01
   288  0.500 -9.756993e-02 -3.194165e-01  0.000000e+00   7.993961e+04  -3.455718e+04  -1.748049e-07   5.320795e+01  -8.278213e-01   2.107106e+05   6.384363e-04  -4.216835e-04  -1.017203e-04   9.853324e-07  -1.533002e-08   3.902049e-03  -1.027848e-03   2.645360e-04   8.763645e-04     0  1.065680e+01
   288  0.611 -9.252680e-02 -3.202473e-01  5.111111e-03   7.965409e+04  -3.450437e+04  -1.712469e-07  -4.159375e+02   5.145625e+00   2.103097e+05   6.363143e-04  -4.206729e-04  -1.011988e-04  -7.702546e-06   9.528935e-08   3.894625e-03  -1.029093e-03   2.651561e-04   8.801287e-04     0  1.064819e+01
   288  0.722 -8.748366e-02 -3.210781e-01  1.022222e-02   7.936858e+04  -3.445155e+04  -1.677181e-07  -8.853136e+02   1.110108e+01   2.099088e+05   6.341923e-04  -4.196623e-04  -1.006772e-04  -1.639470e-05   2.055756e-07   3.887201e-03  -1.030338e-03   2.657762e-04   8.838929e-04     0  1.063993e+01
   288  0.833 -8.244053e-02 -3.219089e-01  1.533333e-02   7.908306e+04  -3.439874e+04  -1.641529e-07  -1.354920e+03   1.703854e+01   2.095080e+05   6.320703e-04  -4.186517e-04  -1.001556e-04  -2.509112e-05   3.155286e-07   3.879777e-03  -1.031583e-03   2.663963e-04   8.876571e-04     0  1.063201e+01
   288  0.944 -7.739739e-02 -3.227397e-01  2.044444e-02   7.879755e+04  -3.434592e+04  -1.606022e-07  -1.824758e+03   2.295802e+01   2.091071e+05   6.299483e-04  -4.176411e-04  -9.963404e-05  -3.379181e-05   4.251485e-07   3.872353e-03  -1.032828e-03   2.670164e-04   8.914213e-04     0  1.062444e+01
   289  0.056 -1.059212e-01 -2.443362e-01 -2.044444e-02   6.566012e+04  -2.810791e+04  -1.529334e-07   1.927483e+03  -1.960915e+01   2.123660e+05   5.237739e-04  -3.444193e-04  -8.416964e-05   3.569412e-05  -3.631325e-07   3.932703e-03  -7.361510e-04   2.044951e-04   8.430107e-04     0  1.155361e+01
   289  0.167 -1.008780e-01 -2.451671e-01 -1.533333e-02   6.537565e+04  -2.805181e+04  -1.499502e-07   1.459260e+03  -1.471485e+01   2.119649e+05   5.216519e-04  -3.433880e-04  -8.365778e-05   2.702333e-05  -2.724973e-07   3.925275e-03  -7.371261e-04   2.051031e-04   8.467016e-04     0  1.154438e+01
   289  0.278 -9.583490e-02 -2.459979e-01 -1.022222e-02   6.509119e+04  -2.799571e+04  -1.470034e-07   9.908067e+02  -9.840173e+00   2.115637e+05   5.195299e-04  -3.423568e-04  -8.314592e-05   1.834827e-05  -1.822254e-07   3.917847e-03  -7.381011e-04   2.057112e-04   8.503926e-04     0  1.153546e+01
   289  0.389 -9.079177e-02 -2.468287e-01 -5.111111e-03   6.480672e+04  -2.793962e+04  -1.440640e-07   5.221227e+02  -4.985116e+00   2.111626e+05   5.174080e-04  -3.413255e-04  -8.263406e-05   9.668938e-06  -9.231695e-08   3.910419e-03  -7.390762e-04   2.063192e-04   8.540835e-04     0  1.152686e+01
   289  0.500 -8.574863e-02 -2.476595e-01  0.000000e+00   6.452225e+04  -2.788352e+04  -1.411427e-07   5.320794e+01  -1.496794e-01   2.107615e+05   5.152860e-04  -3.402942e-04  -8.212219e-05   9.853322e-07  -2.771840e-09   3.902990e-03  -7.400512e-04   2.069273e-04   8.577744e-04     0  1.151857e+01
   289  0.611 -8.070549e-02 -2.484903e-01  5.111111e-03   6.423779e+04  -2.782742e+04  -1.382359e-07  -4.159375e+02   4.666135e+00   2.103603e+05   5.131640e-04  -3.392629e-04  -8.161033e-05  -7.702546e-06   8.640991e-08   3.895562e-03  -7.410262e-04   2.075353e-04   8.614654e-04     0  1.151061e+01
   289  0.722 -7.566236e-02 -2.493211e-01  1.022222e-02   6.395332e+04  -2.777132e+04  -1.353219e-07  -8.853136e+02   9.462328e+00   2.099592e+05   5.110420e-04  -3.382317e-04  -8.109847e-05  -1.639470e-05   1.752283e-07   3.888134e-03  -7.420013e-04   2.081434e-04   8.651563e-04     0  1.150296e+01
   289  0.833 -7.061922e-02 -2.501519e-01  1.533333e-02   6.366886e+04  -2.771522e+04  -1.323933e-07  -1.354920e+03   1.423890e+01   2.095581e+05   5.089200e-04  -3.372004e-04  -8.058661e-05  -2.509112e-05   2.636833e-07   3.880705e-03  -7.429763e-04   2.087514e-04   8.688472e-04     0  1.149564e+01
   289  0.944 -6.557609e-02 -2.509827e-01  2.044444e-02   6.338439e+04  -2.765912e+04  -1.294757e-07  -1.824758e+03   1.899585e+01   2.091570e+05   5.067980e-04  -3.361691e-04  -8.007474e-05  -3.379181e-05   3.517750e-07   3.873277e-03  -7.439514e-04   2.093595e-04   8.725382e-04     0  1.148864e+01
   290  0.056 -9.409987e-02 -1.725792e-01 -2.044444e-02   5.023857e+04  -2.144738e+04  -1.167282e-07   1.927483e+03  -1.475072e+01   2.124068e+05   4.006236e-04  -2.631128e-04  -6.453268e-05   3.569412e-05  -2.731614e-07   3.933460e-03  -4.494176e-04   1.489507e-04   8.303864e-04     0  1.241412e+01
   290  0.167 -8.905673e-02 -1.734100e-01 -1.533333e-02   4.995515e+04  -2.138800e+04  -1.143599e-07   1.459260e+03  -1.101088e+01   2.120055e+05   3.985016e-04  -2.620609e-04  -6.403053e-05   2.702333e-05  -2.039052e-07   3.926028e-03  -4.501224e-04   1.495465e-04   8.340026e-04     0  1.240552e+01
   290  0.278 -8.401360e-02 -1.742409e-01 -1.022222e-02   4.967174e+04  -2.132861e+04  -1.120534e-07   9.908067e+02  -7.291256e+00   2.116041e+05   3.963796e-04  -2.610089e-04  -6.352837e-05   1.834827e-05  -1.350233e-07   3.918595e-03  -4.508273e-04   1.501422e-04   8.376188e-04     0  1.239722e+01
   290  0.389 -7.897046e-02 -1.750717e-01 -5.111111e-03   4.938832e+04  -2.126923e+04  -1.097615e-07   5.221227e+02  -3.591834e+00   2.112028e+05   3.942576e-04  -2.599569e-04  -6.302622e-05   9.668938e-06  -6.651544e-08   3.911163e-03  -4.515322e-04   1.507379e-04   8.412350e-04     0  1.238922e+01
   290  0.500 -7.392733e-02 -1.759025e-01  0.000000e+00   4.910490e+04  -2.120985e+04  -1.074768e-07   5.320796e+01   8.738363e-02   2.108014e+05   3.921356e-04  -2.589050e-04  -6.252406e-05   9.853326e-07   1.618215e-09   3.903730e-03  -4.522371e-04   1.513337e-04   8.448511e-04     0  1.238151e+01
   290  0.611 -6.888419e-02 -1.767333e-01  5.111111e-03   4.882149e+04  -2.115047e+04  -1.052140e-07  -4.159375e+02   3.746396e+00   2.104001e+05   3.900137e-04  -2.578530e-04  -6.202191e-05  -7.702545e-06   6.937770e-08   3.896298e-03  -4.529419e-04   1.519294e-04   8.484673e-04     0  1.237410e+01
   290  0.722 -6.384105e-02 -1.775641e-01  1.022222e-02   4.853807e+04  -2.109109e+04  -1.029330e-07  -8.853136e+02   7.385202e+00   2.099988e+05   3.878917e-04  -2.568010e-04  -6.151975e-05  -1.639470e-05   1.367630e-07   3.888866e-03  -4.536468e-04   1.525251e-04   8.520835e-04     0  1.236699e+01
   290  0.833 -5.879792e-02 -1.783949e-01  1.533333e-02   4.825465e+04  -2.103171e+04  -1.006483e-07  -1.354920e+03   1.100380e+01   2.095974e+05   3.857697e-04  -2.557491e-04  -6.101760e-05  -2.509112e-05   2.037741e-07   3.881433e-03  -4.543517e-04   1.531209e-04   8.556997e-04     0  1.236018e+01
   290  0.944 -5.375478e-02 -1.792257e-01  2.044444e-02   4.797123e+04  -2.097233e+04  -9.834548e-08  -1.824758e+03   1.460220e+01   2.091961e+05   3.836477e-04  -2.546971e-04  -6.051544e-05  -3.379181e-05   2.704111e-07   3.874001e-03  -4.550565e-04   1.537166e-04   8.593159e-04     0  1.235367e+01
   291  0.056 -8.227856e-02 -1.008222e-01 -2.044444e-02   3.481703e+04  -1.478684e+04  -8.047209e-08   1.927483e+03  -1.009763e+01   2.124368e+05   2.774733e-04  -1.818063e-04  -4.489572e-05   3.569412e-05  -1.869932e-07   3.934014e-03  -1.626715e-04   9.544353e-05   8.234313e-04     0  1.327587e+01
   291  0.167 -7.723542e-02 -1.016530e-01 -1.533333e-02   3.453466e+04  -1.472418e+04  -7.878407e-08   1.459260e+03  -7.514221e+00   2.120352e+05   2.753513e-04  -1.807337e-04  -4.440328e-05   2.702333e-05  -1.391522e-07   3.926578e-03  -1.631060e-04   9.602671e-05   8.269713e-04     0  1.326783e+01
   291  0.278 -7.219229e-02 -1.024838e-01 -1.022222e-02   3.425229e+04  -1.466151e+04  -7.712151e-08   9.908067e+02  -4.951100e+00   2.116337e+05   2.732293e-04  -1.796610e-04  -4.391083e-05   1.834827e-05  -9.168704e-08   3.919142e-03  -1.635406e-04   9.660989e-05   8.305112e-04     0  1.326007e+01
   291  0.389 -6.714915e-02 -1.033147e-01 -5.111111e-03   3.396992e+04  -1.459885e+04  -7.546623e-08   5.221227e+02  -2.408269e+00   2.112321e+05   2.711073e-04  -1.785884e-04  -4.341838e-05   9.668939e-06  -4.459757e-08   3.911706e-03  -1.639751e-04   9.719306e-05   8.340512e-04     0  1.325259e+01
   291  0.500 -6.210602e-02 -1.041455e-01  0.000000e+00   3.368755e+04  -1.453619e+04  -7.382187e-08   5.320797e+01   1.142728e-01   2.108305e+05   2.689853e-04  -1.775157e-04  -4.292593e-05   9.853328e-07   2.116163e-09   3.904269e-03  -1.644096e-04   9.777624e-05   8.375912e-04     0  1.324539e+01
   291  0.611 -5.706288e-02 -1.049763e-01  5.111111e-03   3.340518e+04  -1.447352e+04  -7.218478e-08  -4.159374e+02   2.616525e+00   2.104290e+05   2.668633e-04  -1.764431e-04  -4.243349e-05  -7.702545e-06   4.845417e-08   3.896833e-03  -1.648442e-04   9.835942e-05   8.411311e-04     0  1.323846e+01
   291  0.722 -5.201974e-02 -1.058071e-01  1.022222e-02   3.312281e+04  -1.441086e+04  -7.054769e-08  -8.853136e+02   5.098488e+00   2.100274e+05   2.647413e-04  -1.753704e-04  -4.194104e-05  -1.639470e-05   9.441644e-08   3.889397e-03  -1.652787e-04   9.894259e-05   8.446711e-04     0  1.323182e+01
   291  0.833 -4.697661e-02 -1.066379e-01  1.533333e-02   3.284045e+04  -1.434820e+04  -6.890332e-08  -1.354920e+03   7.560161e+00   2.096259e+05   2.626194e-04  -1.742978e-04  -4.144859e-05  -2.509112e-05   1.400030e-07   3.881960e-03  -1.657133e-04   9.952577e-05   8.482111e-04     0  1.322545e+01
   291  0.944 -4.193347e-02 -1.074687e-01  2.044444e-02   3.255808e+04  -1.428553e+04  -6.724804e-08  -1.824758e+03   1.000154e+01   2.092243e+05   2.604974e-04  -1.732251e-04  -4.095614e-05  -3.379181e-05   1.852138e-07   3.874524e-03  -1.661478e-04   1.001089e-04   8.517510e-04     0  1.321936e+01
   292  0.056 -7.045725e-02 -2.906521e-02 -2.044444e-02   1.939548e+04  -8.126306e+03  -4.422145e-08   1.927483e+03  -5.546191e+00   2.124558e+05   1.543230e-04  -1.004998e-04  -2.525876e-05   3.569412e-05  -1.027072e-07   3.934367e-03   1.240832e-04   4.399462e-05   8.221420e-04     0  1.413865e+01
   292  0.167 -6.541411e-02 -2.989602e-02 -1.533333e-02   1.911416e+04  -8.060360e+03  -4.319372e-08   1.459260e+03  -4.120010e+00   2.120541e+05   1.522010e-04  -9.940648e-05  -2.477602e-05   2.702333e-05  -7.629647e-08   3.926927e-03   1.239191e-04   4.456500e-05   8.256043e-04     0  1.413110e+01
   292  0.278 -6.037098e-02 -3.072683e-02 -1.022222e-02   1.883284e+04  -7.994414e+03  -4.217509e-08   9.908067e+02  -2.713957e+00   2.116523e+05   1.500790e-04  -9.831314e-05  -2.429328e-05   1.834827e-05  -5.025846e-08   3.919487e-03   1.237550e-04   4.513537e-05   8.290665e-04     0  1.412382e+01
   292  0.389 -5.532784e-02 -3.155764e-02 -5.111111e-03   1.855152e+04  -7.928468e+03  -4.116919e-08   5.221227e+02  -1.328033e+00   2.112505e+05   1.479570e-04  -9.721981e-05  -2.381054e-05   9.668939e-06  -2.459320e-08   3.912047e-03   1.235909e-04   4.570574e-05   8.325288e-04     0  1.411679e+01
   292  0.500 -5.028470e-02 -3.238846e-02  0.000000e+00   1.827020e+04  -7.862522e+03  -4.015965e-08   5.320797e+01   3.776347e-02   2.108488e+05   1.458350e-04  -9.612648e-05  -2.332780e-05   9.853328e-07   6.993235e-10   3.904607e-03   1.234268e-04   4.627612e-05   8.359910e-04     0  1.411003e+01
   292  0.611 -4.524157e-02 -3.321927e-02  5.111111e-03   1.798888e+04  -7.796576e+03  -3.916102e-08  -4.159374e+02   1.383431e+00   2.104470e+05   1.437130e-04  -9.503315e-05  -2.284506e-05  -7.702545e-06   2.561910e-08   3.897166e-03   1.232628e-04   4.684649e-05   8.394533e-04     0  1.410353e+01
   292  0.722 -4.019843e-02 -3.405008e-02  1.022222e-02   1.770756e+04  -7.730629e+03  -3.816058e-08  -8.853136e+02   2.708971e+00   2.100452e+05   1.415910e-04  -9.393982e-05  -2.236232e-05  -1.639470e-05   5.016612e-08   3.889726e-03   1.230987e-04   4.741687e-05   8.429155e-04     0  1.409729e+01
   292  0.833 -3.515530e-02 -3.488089e-02  1.533333e-02   1.742624e+04  -7.664683e+03  -3.715286e-08  -1.354920e+03   4.014382e+00   2.096434e+05   1.394690e-04  -9.284648e-05  -2.187958e-05  -2.509112e-05   7.434040e-08   3.882286e-03   1.229346e-04   4.798724e-05   8.463778e-04     0  1.409132e+01
   292  0.944 -3.011216e-02 -3.571170e-02  2.044444e-02   1.714492e+04  -7.598737e+03  -3.614332e-08  -1.824758e+03   5.299664e+00   2.092417e+05   1.373471e-04  -9.175315e-05  -2.139684e-05  -3.379181e-05   9.814193e-08   3.874846e-03   1.227705e-04   4.855762e-05   8.498400e-04     0  1.408560e+01
   293  0.056 -5.863594e-02  4.269180e-02 -2.044444e-02   3.973934e+03  -1.465771e+03  -7.976723e-09   1.927483e+03  -1.039219e+00   2.124640e+05   3.117264e-05  -1.919330e-05  -5.621804e-06   3.569412e-05  -1.924479e-08   3.934519e-03   4.108421e-04  -5.374887e-06   8.265150e-04     0  1.368717e+01
   293  0.167 -5.359280e-02  4.186099e-02 -1.533333e-02   3.693662e+03  -1.396543e+03  -7.607014e-09   1.459260e+03  -7.706438e-01   2.120620e+05   2.905065e-05  -1.807929e-05  -5.148772e-06   2.702333e-05  -1.427118e-08   3.927075e-03   4.109487e-04  -4.817560e-06   8.298980e-04     0  1.368978e+01
   293  0.278 -4.854967e-02  4.103018e-02 -1.022222e-02   3.413391e+03  -1.327314e+03  -7.238214e-09   9.908067e+02  -5.219283e-01   2.116601e+05   2.692866e-05  -1.696527e-05  -4.675739e-06   1.834827e-05  -9.665338e-09   3.919631e-03   4.110552e-04  -4.260232e-06   8.332811e-04     0  1.369264e+01
   293  0.389 -4.350653e-02  4.019937e-02 -5.111111e-03   3.133119e+03  -1.258085e+03  -6.871005e-09   5.221227e+02  -2.930723e-01   2.112581e+05   2.480668e-05  -1.585125e-05  -4.202707e-06   9.668939e-06  -5.427264e-09   3.912187e-03   4.111617e-04  -3.702905e-06   8.366642e-04     0  1.369575e+01
   293  0.500 -3.846339e-02  3.936855e-02  0.000000e+00   2.852847e+03  -1.188857e+03  -6.503797e-09   5.320797e+01  -8.407575e-02   2.108561e+05   2.268469e-05  -1.473723e-05  -3.729675e-06   9.853328e-07  -1.556958e-09   3.904742e-03   4.112683e-04  -3.145578e-06   8.400472e-04     0  1.369910e+01
   293  0.611 -3.342026e-02  3.853774e-02  5.111111e-03   2.572576e+03  -1.119628e+03  -6.137498e-09  -4.159374e+02   1.050613e-01   2.104541e+05   2.056270e-05  -1.362322e-05  -3.256642e-06  -7.702545e-06   1.945579e-09   3.897298e-03   4.113748e-04  -2.588250e-06   8.434303e-04     0  1.370270e+01
   293  0.722 -2.837712e-02  3.770693e-02  1.022222e-02   2.292304e+03  -1.050399e+03  -5.771426e-09  -8.853136e+02   2.743388e-01   2.100521e+05   1.844071e-05  -1.250920e-05  -2.783610e-06  -1.639470e-05   5.080348e-09   3.889854e-03   4.114814e-04  -2.030923e-06   8.468133e-04     0  1.370390e+01
   293  0.833 -2.333399e-02  3.687612e-02  1.533333e-02   2.012032e+03  -9.811704e+02  -5.404445e-09  -1.354920e+03   4.237568e-01   2.096501e+05   1.631872e-05  -1.139518e-05  -2.310577e-06  -2.509112e-05   7.847348e-09   3.882410e-03   4.115879e-04  -1.473595e-06   8.501964e-04     0  1.370452e+01
   293  0.944 -1.829085e-02  3.604531e-02  2.044444e-02   1.731761e+03  -9.119417e+02  -5.037805e-09  -1.824758e+03   5.533153e-01   2.092482e+05   1.419674e-05  -1.028117e-05  -1.837545e-06  -3.379181e-05   1.024658e-08   3.874966e-03   4.116944e-04  -9.162680e-07   8.535794e-04     0  1.370539e+01
   294  0.056 -4.681463e-02  1.144488e-01 -2.044444e-02  -1.144761e+04   5.194764e+03   2.826528e-08   1.927483e+03   3.447057e+00   2.124614e+05  -9.197768e-05   6.211320e-05   1.401516e-05   3.569412e-05   6.383440e-08   3.934469e-03   6.976013e-04  -5.264387e-05   8.365468e-04     0  1.285747e+01
   294  0.167 -4.177149e-02  1.136180e-01 -1.533333e-02  -1.172683e+04   5.267275e+03   2.797970e-08   1.459260e+03   2.557903e+00   2.120592e+05  -9.409967e-05   6.324790e-05   1.447848e-05   2.702333e-05   4.736858e-08   3.927021e-03   6.979786e-04  -5.209984e-05   8.398491e-04     0  1.286024e+01
   294  0.278 -3.672836e-02  1.127872e-01 -1.022222e-02  -1.200606e+04   5.339786e+03   2.770230e-08   9.908067e+02   1.649208e+00   2.116570e+05  -9.622165e-05   6.438260e-05   1.494181e-05   1.834827e-05   3.054088e-08   3.919573e-03   6.983559e-04  -5.155580e-05   8.431515e-04     0  1.286329e+01
   294  0.389 -3.168522e-02  1.119564e-01 -5.111111e-03  -1.228528e+04   5.412297e+03   2.742763e-08   5.221227e+02   7.209710e-01   2.112548e+05  -9.834364e-05   6.551731e-05   1.540513e-05   9.668938e-06   1.335132e-08   3.912125e-03   6.987332e-04  -5.101176e-05   8.464539e-04     0  1.286659e+01
   294  0.500 -2.664208e-02  1.111256e-01  0.000000e+00  -1.256450e+04   5.484809e+03   2.715569e-08   5.320795e+01  -2.268066e-01   2.108526e+05  -1.004656e-04   6.665201e-05   1.586846e-05   9.853324e-07  -4.200122e-09   3.904677e-03   6.991105e-04  -5.046773e-05   8.497563e-04     0  1.287016e+01
   294  0.611 -2.159895e-02  1.102948e-01  5.111111e-03  -1.284373e+04   5.557320e+03   2.688466e-08  -4.159375e+02  -1.194125e+00   2.104504e+05  -1.025876e-04   6.778671e-05   1.633178e-05  -7.702546e-06  -2.211343e-08   3.897229e-03   6.994878e-04  -4.992369e-05   8.530586e-04     0  1.287303e+01
   294  0.722 -1.655581e-02  1.094639e-01  1.022222e-02  -1.312295e+04   5.629831e+03   2.661636e-08  -8.853136e+02  -2.180985e+00   2.100482e+05  -1.047096e-04   6.892142e-05   1.679510e-05  -1.639470e-05  -4.038861e-08   3.889781e-03   6.998651e-04  -4.937966e-05   8.563610e-04     0  1.287343e+01
   294  0.833 -1.151268e-02  1.086331e-01  1.533333e-02  -1.340217e+04   5.702343e+03   2.634351e-08  -1.354920e+03  -3.187386e+00   2.096460e+05  -1.068316e-04   7.005612e-05   1.725843e-05  -2.509112e-05  -5.902566e-08   3.882333e-03   7.002424e-04  -4.883562e-05   8.596634e-04     0  1.287409e+01
   294  0.944 -6.469545e-03  1.078023e-01  2.044444e-02  -1.368140e+04   5.774854e+03   2.607430e-08  -1.824758e+03  -4.213328e+00   2.092438e+05  -1.089536e-04   7.119082e-05   1.772175e-05  -3.379181e-05  -7.802459e-08   3.874884e-03   7.006197e-04  -4.829158e-05   8.629658e-04     0  1.287501e+01
   295  0.056 -3.499332e-02  1.862058e-01 -2.044444e-02  -2.686916e+04   1.185530e+04   6.451228e-08   1.927483e+03   7.934645e+00   2.124478e+05  -2.151280e-04   1.434197e-04   3.365212e-05   3.569412e-05   1.469379e-07   3.934219e-03   9.843565e-04  -9.779121e-05   8.522339e-04     0  1.202787e+01
   295  0.167 -2.995019e-02  1.853750e-01 -1.533333e-02  -2.714733e+04   1.193109e+04   6.356640e-08   1.459260e+03   5.887561e+00   2.120454e+05  -2.172500e-04   1.445751e-04   3.410573e-05   2.702333e-05   1.090289e-07   3.926767e-03   9.850047e-04  -9.726071e-05   8.554541e-04     0  1.203084e+01
   295  0.278 -2.490705e-02  1.845442e-01 -1.022222e-02  -2.742551e+04   1.200689e+04   6.264054e-08   9.908067e+02   3.821254e+00   2.116430e+05  -2.193720e-04   1.457305e-04   3.455935e-05   1.834827e-05   7.076396e-08   3.919314e-03   9.856529e-04  -9.673021e-05   8.586743e-04     0  1.203409e+01
   295  0.389 -1.986392e-02  1.837134e-01 -5.111111e-03  -2.770368e+04   1.208268e+04   6.172559e-08   5.221227e+02   1.735723e+00   2.112406e+05  -2.214940e-04   1.468859e-04   3.501297e-05   9.668938e-06   3.214301e-08   3.911862e-03   9.863011e-04  -9.619971e-05   8.618945e-04     0  1.203762e+01
   295  0.500 -1.482078e-02  1.828826e-01  0.000000e+00  -2.798186e+04   1.215847e+04   6.081063e-08   5.320794e+01  -3.690323e-01   2.108381e+05  -2.236160e-04   1.480413e-04   3.546658e-05   9.853322e-07  -6.833932e-09   3.904410e-03   9.869493e-04  -9.566921e-05   8.651147e-04     0  1.204144e+01
   295  0.611 -9.777645e-03  1.820518e-01  5.111111e-03  -2.826003e+04   1.223427e+04   5.990842e-08  -4.159375e+02  -2.493011e+00   2.104357e+05  -2.257379e-04   1.491966e-04   3.592020e-05  -7.702546e-06  -4.616687e-08   3.896958e-03   9.875975e-04  -9.513871e-05   8.683349e-04     0  1.204253e+01
   295  0.722 -4.734510e-03  1.812210e-01  1.022222e-02  -2.853821e+04   1.231006e+04   5.900256e-08  -8.853136e+02  -4.636214e+00   2.100333e+05  -2.278599e-04   1.503520e-04   3.637382e-05  -1.639470e-05  -8.585581e-08   3.889506e-03   9.882458e-04  -9.460822e-05   8.715551e-04     0  1.204295e+01
   295  0.833  3.086255e-04  1.803901e-01  1.533333e-02  -2.881638e+04   1.238586e+04   5.809125e-08  -1.354920e+03  -6.798640e+00   2.096309e+05  -2.299819e-04   1.515074e-04   3.682744e-05  -2.509112e-05  -1.259007e-07   3.882054e-03   9.888940e-04  -9.407772e-05   8.747754e-04     0  1.204366e+01
   295  0.944  5.351761e-03  1.795593e-01  2.044444e-02  -2.909455e+04   1.246165e+04   5.717993e-08  -1.824758e+03  -8.980290e+00   2.092285e+05  -2.321039e-04   1.526628e-04   3.728105e-05  -3.379181e-05  -1.663017e-07   3.874601e-03   9.895422e-04  -9.354722e-05   8.779956e-04     0  1.204465e+01
   296  0.056 -2.317202e-02  2.579628e-01 -2.044444e-02  -4.229070e+04   1.851583e+04   1.007575e-07   1.927483e+03   1.246027e+01   2.124234e+05  -3.382783e-04   2.247262e-04   5.328908e-05   3.569412e-05   2.307457e-07   3.933767e-03   1.271104e-03  -1.407958e-04   8.735728e-04     0  1.119841e+01
   296  0.167 -1.812888e-02  2.571320e-01 -1.533333e-02  -4.256783e+04   1.859491e+04   9.915675e-08   1.459260e+03   9.255884e+00   2.120208e+05  -3.404003e-04   2.259023e-04   5.373298e-05   2.702333e-05   1.714053e-07   3.926310e-03   1.272023e-03  -1.402791e-04   8.767094e-04     0  1.120160e+01
   296  0.278 -1.308575e-02  2.563012e-01 -1.022222e-02  -4.284496e+04   1.867399e+04   9.757787e-08   9.908067e+02   6.032497e+00   2.116181e+05  -3.425223e-04   2.270784e-04   5.417689e-05   1.834827e-05   1.117129e-07   3.918854e-03   1.272942e-03  -1.397624e-04   8.798460e-04     0  1.120509e+01
   296  0.389 -8.042610e-03  2.554704e-01 -5.111111e-03  -4.312208e+04   1.875306e+04   9.602809e-08   5.221227e+02   2.790109e+00   2.112155e+05  -3.446443e-04   2.282544e-04   5.462080e-05   9.668938e-06   5.166868e-08   3.911398e-03   1.273861e-03  -1.392456e-04   8.829825e-04     0  1.120888e+01
   296  0.500 -2.999475e-03  2.546396e-01  0.000000e+00  -4.339921e+04   1.883214e+04   9.446740e-08   5.320796e+01  -4.712811e-01   2.108129e+05  -3.467663e-04   2.294305e-04   5.506471e-05   9.853327e-07  -8.727428e-09   3.903942e-03   1.274781e-03  -1.387289e-04   8.861191e-04     0  1.121188e+01
   296  0.611  2.043660e-03  2.538088e-01  5.111111e-03  -4.367633e+04   1.891122e+04   9.293217e-08  -4.159374e+02  -3.751672e+00   2.104102e+05  -3.488883e-04   2.306066e-04   5.550862e-05  -7.702545e-06  -6.947541e-08   3.896485e-03   1.275700e-03  -1.382122e-04   8.892557e-04     0  1.121203e+01
   296  0.722  7.086795e-03  2.529780e-01  1.022222e-02  -4.395346e+04   1.899029e+04   9.139330e-08  -8.853135e+02  -7.051065e+00   2.100076e+05  -3.510102e-04   2.317826e-04   5.595253e-05  -1.639470e-05  -1.305753e-07   3.889029e-03   1.276619e-03  -1.376955e-04   8.923922e-04     0  1.121249e+01
   296  0.833  1.212993e-02  2.521472e-01  1.533333e-02  -4.423059e+04   1.906937e+04   8.984716e-08  -1.354920e+03  -1.036946e+01   2.096049e+05  -3.531322e-04   2.329587e-04   5.639644e-05  -2.509112e-05  -1.920270e-07   3.881573e-03   1.277538e-03  -1.371788e-04   8.955288e-04     0  1.121325e+01
   296  0.944  1.717307e-02  2.513163e-01  2.044444e-02  -4.450771e+04   1.914844e+04   8.830102e-08  -1.824758e+03  -1.370686e+01   2.092023e+05  -3.552542e-04   2.341348e-04   5.684035e-05  -3.379181e-05  -2.538307e-07   3.874117e-03   1.278458e-03  -1.366620e-04   8.986653e-04     0  1.121431e+01
   297  0.056 -1.135071e-02  3.297198e-01 -2.044444e-02  -5.771225e+04   2.517637e+04   1.370317e-07   1.927483e+03   1.706808e+01   2.123881e+05  -4.614286e-04   3.060327e-04   7.292603e-05   3.569413e-05   3.160756e-07   3.933113e-03   1.557839e-03  -1.816365e-04   9.005602e-04     0  1.036911e+01
   297  0.167 -6.307570e-03  3.288890e-01 -1.533333e-02  -5.798833e+04   2.525873e+04   1.347544e-07   1.459260e+03   1.270692e+01   2.119853e+05  -4.635506e-04   3.072295e-04   7.336024e-05   2.702334e-05   2.353133e-07   3.925653e-03   1.559029e-03  -1.811338e-04   9.036116e-04     0  1.037256e+01
   297  0.278 -1.264435e-03  3.280582e-01 -1.022222e-02  -5.826440e+04   2.534109e+04   1.325097e-07   9.908068e+02   8.326778e+00   2.115824e+05  -4.656726e-04   3.084262e-04   7.379444e-05   1.834827e-05   1.541996e-07   3.918192e-03   1.560219e-03  -1.806311e-04   9.066630e-04     0  1.037633e+01
   297  0.389  3.778700e-03  3.272274e-01 -5.111111e-03  -5.854048e+04   2.542345e+04   1.303160e-07   5.221227e+02   3.927662e+00   2.111795e+05  -4.677946e-04   3.096230e-04   7.422864e-05   9.668939e-06   7.273449e-08   3.910732e-03   1.561410e-03  -1.801284e-04   9.097145e-04     0  1.038042e+01
   297  0.500  8.821835e-03  3.263966e-01  0.000000e+00  -5.881656e+04   2.550580e+04   1.281187e-07   5.320798e+01  -4.904302e-01   2.107767e+05  -4.699166e-04   3.108197e-04   7.466284e-05   9.853330e-07  -9.082041e-09   3.903272e-03   1.562600e-03  -1.796257e-04   9.127659e-04     0  1.038137e+01
   297  0.611  1.386497e-02  3.255658e-01  5.111111e-03  -5.909264e+04   2.558816e+04   1.259505e-07  -4.159375e+02  -4.927499e+00   2.103738e+05  -4.720386e-04   3.120165e-04   7.509705e-05  -7.702546e-06  -9.124999e-08   3.895812e-03   1.563791e-03  -1.791230e-04   9.158173e-04     0  1.038153e+01
   297  0.722  1.890811e-02  3.247350e-01  1.022222e-02  -5.936871e+04   2.567052e+04   1.237786e-07  -8.853136e+02  -9.383545e+00   2.099710e+05  -4.741606e-04   3.132133e-04   7.553125e-05  -1.639470e-05  -1.737694e-07   3.888351e-03   1.564981e-03  -1.786203e-04   9.188687e-04     0  1.038202e+01
   297  0.833  2.395124e-02  3.239042e-01  1.533333e-02  -5.964479e+04   2.575288e+04   1.216104e-07  -1.354920e+03  -1.385857e+01   2.095681e+05  -4.762825e-04   3.144100e-04   7.596545e-05  -2.509112e-05  -2.566401e-07   3.880891e-03   1.566172e-03  -1.781176e-04   9.219202e-04     0  1.038284e+01
   297  0.944  2.899438e-02  3.230733e-01  2.044444e-02  -5.992087e+04   2.583524e+04   1.194276e-07  -1.824758e+03  -1.835257e+01   2.091653e+05  -4.784045e-04   3.156068e-04   7.639965e-05  -3.379181e-05  -3.398623e-07   3.873431e-03   1.567362e-03  -1.776149e-04   9.249716e-04     0  1.038399e+01
   298  0.056  4.706048e-04  4.014768e-01 -2.044444e-02  -7.313379e+04   3.183690e+04   1.732406e-07   1.927483e+03   2.183440e+01   2.123419e+05  -5.845789e-04   3.873392e-04   9.256299e-05   3.569412e-05   4.043407e-07   3.932258e-03   1.844557e-03  -2.202922e-04   9.331924e-04     0  9.540029e+00
   298  0.167  5.513740e-03  4.006460e-01 -1.533333e-02  -7.340882e+04   3.192254e+04   1.703302e-07   1.459260e+03   1.631782e+01   2.119389e+05  -5.867009e-04   3.885566e-04   9.298749e-05   2.702333e-05   3.021818e-07   3.924794e-03   1.846019e-03  -2.198038e-04   9.361572e-04     0  9.543772e+00
   298  0.278  1.055687e-02  3.998152e-01 -1.022222e-02  -7.368385e+04   3.200819e+04   1.674634e-07   9.908067e+02   1.078190e+01   2.115358e+05  -5.888229e-04   3.897741e-04   9.341198e-05   1.834827e-05   1.996648e-07   3.917329e-03   1.847481e-03  -2.193153e-04   9.391220e-04     0  9.547869e+00
   298  0.389  1.560001e-02  3.989844e-01 -5.111111e-03  -7.395888e+04   3.209383e+04   1.646185e-07   5.221227e+02   5.226644e+00   2.111327e+05  -5.909449e-04   3.909915e-04   9.383648e-05   9.668938e-06   9.678970e-08   3.909865e-03   1.848942e-03  -2.188269e-04   9.420868e-04     0  9.551037e+00
   298  0.500  2.064315e-02  3.981536e-01  0.000000e+00  -7.423391e+04   3.217947e+04   1.617882e-07   5.320797e+01  -3.479451e-01   2.107296e+05  -5.930669e-04   3.922090e-04   9.426097e-05   9.853328e-07  -6.443428e-09   3.902401e-03   1.850404e-03  -2.183385e-04   9.450516e-04     0  9.550859e+00
   298  0.611  2.568628e-02  3.973228e-01  5.111111e-03  -7.450894e+04   3.226511e+04   1.589797e-07  -4.159374e+02  -5.941869e+00   2.103266e+05  -5.951889e-04   3.934264e-04   9.468547e-05  -7.702545e-06  -1.100346e-07   3.894936e-03   1.851866e-03  -2.178501e-04   9.480164e-04     0  9.551037e+00
   298  0.722  3.072942e-02  3.964920e-01  1.022222e-02  -7.478397e+04   3.235075e+04   1.561639e-07  -8.853135e+02  -1.155513e+01   2.099235e+05  -5.973109e-04   3.946439e-04   9.510996e-05  -1.639469e-05  -2.139839e-07   3.887472e-03   1.853328e-03  -2.173616e-04   9.509813e-04     0  9.551572e+00
   298  0.833  3.577255e-02  3.956612e-01  1.533333e-02  -7.505900e+04   3.243639e+04   1.533335e-07  -1.354920e+03  -1.718772e+01   2.095204e+05  -5.994329e-04   3.958613e-04   9.553446e-05  -2.509112e-05  -3.182912e-07   3.880008e-03   1.854789e-03  -2.168732e-04   9.539461e-04     0  9.552464e+00
   298  0.944  4.081569e-02  3.948304e-01  2.044444e-02  -7.533403e+04   3.252203e+04   1.504886e-07  -1.824758e+03  -2.283965e+01   2.091173e+05  -6.015548e-04   3.970788e-04   9.595895e-05  -3.379181e-05  -4.229565e-07   3.872544e-03   1.856251e-03  -2.163848e-04   9.569109e-04     0  9.553712e+00
   299  0.056  1.229191e-02  4.732338e-01 -2.044444e-02  -8.855534e+04   3.849744e+04   2.094894e-07   1.927483e+03   2.693515e+01   2.122848e+05  -7.077293e-04   4.686457e-04   1.122000e-04   3.569412e-05   4.987992e-07   3.931200e-03   2.131255e-03  -2.567417e-04   9.714660e-04     0  8.711218e+00
   299  0.167  1.733505e-02  4.724030e-01 -1.533333e-02  -8.882932e+04   3.858636e+04   2.059169e-07   1.459260e+03   2.026599e+01   2.118815e+05  -7.098512e-04   4.698838e-04   1.126147e-04   2.702333e-05   3.752962e-07   3.923732e-03   2.132988e-03  -2.562678e-04   9.743427e-04     0  8.715316e+00
   299  0.278  2.237818e-02  4.715722e-01 -1.022222e-02  -8.910330e+04   3.867529e+04   2.024099e-07   9.908067e+02   1.357633e+01   2.114783e+05  -7.119732e-04   4.711220e-04   1.130295e-04   1.834827e-05   2.514135e-07   3.916264e-03   2.134721e-03  -2.557939e-04   9.772194e-04     0  8.719803e+00
   299  0.389  2.742132e-02  4.707414e-01 -5.111111e-03  -8.937728e+04   3.876421e+04   1.989320e-07   5.221227e+02   6.866161e+00   2.110750e+05  -7.140952e-04   4.723601e-04   1.134443e-04   9.668939e-06   1.271511e-07   3.908796e-03   2.136455e-03  -2.553200e-04   9.800962e-04     0  8.720545e+00
   299  0.500  3.246445e-02  4.699106e-01  0.000000e+00  -8.965126e+04   3.885313e+04   1.954540e-07   5.320797e+01   1.354889e-01   2.106717e+05  -7.162172e-04   4.735982e-04   1.138591e-04   9.853328e-07   2.509053e-09   3.901328e-03   2.138188e-03  -2.548461e-04   9.829729e-04     0  8.720349e+00
   299  0.611  3.750759e-02  4.690798e-01  5.111111e-03  -8.992524e+04   3.894206e+04   1.919980e-07  -4.159374e+02  -6.615687e+00   2.102684e+05  -7.183392e-04   4.748364e-04   1.142739e-04  -7.702545e-06  -1.225127e-07   3.893860e-03   2.139921e-03  -2.543722e-04   9.858496e-04     0  8.720545e+00
   299  0.722  4.255073e-02  4.682490e-01  1.022222e-02  -9.019922e+04   3.903098e+04   1.885564e-07  -8.853136e+02  -1.338737e+01   2.098652e+05  -7.204612e-04   4.760745e-04   1.146887e-04  -1.639470e-05  -2.479142e-07   3.886392e-03   2.141654e-03  -2.538983e-04   9.887263e-04     0  8.721131e+00
   299  0.833  4.759386e-02  4.674182e-01  1.533333e-02  -9.047320e+04   3.911991e+04   1.850713e-07  -1.354920e+03  -2.017955e+01   2.094619e+05  -7.225832e-04   4.773126e-04   1.151035e-04  -2.509112e-05  -3.736954e-07   3.878924e-03   2.143388e-03  -2.534244e-04   9.916030e-04     0  8.722107e+00
   299  0.944  5.263700e-02  4.665874e-01  2.044444e-02  -9.074719e+04   3.920883e+04   1.816297e-07  -1.824758e+03  -2.699224e+01   2.090586e+05  -7.247052e-04   4.785507e-04   1.155182e-04  -3.379181e-05  -4.998562e-07   3.871456e-03   2.145121e-03  -2.529505e-04   9.944797e-04     0  8.723474e+00
   300  0.056  2.411322e-02  5.449909e-01 -2.044444e-02  -1.039769e+05   4.515797e+04   2.456945e-07   1.927483e+03   3.272409e+01   2.122167e+05  -8.308796e-04   5.499522e-04   1.318369e-04   3.569412e-05   6.060017e-07   3.929939e-03   2.417928e-03  -2.909641e-04   1.015378e-03     0  7.882763e+00
   300  0.167  2.915636e-02  5.441600e-01 -1.533333e-02  -1.042498e+05   4.525018e+04   2.414963e-07   1.459260e+03   2.490824e+01   2.118133e+05  -8.330016e-04   5.512110e-04   1.322420e-04   2.702333e-05   4.612636e-07   3.922468e-03   2.419933e-03  -2.905049e-04   1.018165e-03     0  7.887292e+00
   300  0.278  3.419949e-02  5.433292e-01 -1.022222e-02  -1.045227e+05   4.534239e+04   2.373345e-07   9.908067e+02   1.706904e+01   2.114098e+05  -8.351236e-04   5.524698e-04   1.326471e-04   1.834827e-05   3.160934e-07   3.914996e-03   2.421938e-03  -2.900458e-04   1.020952e-03     0  7.890703e+00
   300  0.389  3.924263e-02  5.424984e-01 -5.111111e-03  -1.047957e+05   4.543459e+04   2.332235e-07   5.221227e+02   9.206513e+00   2.110064e+05  -8.372455e-04   5.537287e-04   1.330522e-04   9.668938e-06   1.704910e-07   3.907525e-03   2.423943e-03  -2.895866e-04   1.023739e-03     0  7.890056e+00
   300  0.500  4.428576e-02  5.416676e-01  0.000000e+00  -1.050686e+05   4.552680e+04   2.291054e-07   5.320795e+01   1.320644e+00   2.106029e+05  -8.393675e-04   5.549875e-04   1.334572e-04   9.853324e-07   2.445637e-08   3.900054e-03   2.425948e-03  -2.891275e-04   1.026526e-03     0  7.889840e+00
   300  0.611  4.932890e-02  5.408368e-01  5.111111e-03  -1.053415e+05   4.561901e+04   2.250163e-07  -4.159375e+02  -6.588563e+00   2.101995e+05  -8.414895e-04   5.562463e-04   1.338623e-04  -7.702546e-06  -1.220104e-07   3.892583e-03   2.427952e-03  -2.886683e-04   1.029313e-03     0  7.890056e+00
   300  0.722  5.437204e-02  5.400060e-01  1.022222e-02  -1.056145e+05   4.571121e+04   2.209199e-07  -8.853136e+02  -1.452111e+01   2.097960e+05  -8.436115e-04   5.575051e-04   1.342674e-04  -1.639470e-05  -2.689094e-07   3.885112e-03   2.429957e-03  -2.882092e-04   1.032100e-03     0  7.890704e+00
   300  0.833  5.941517e-02  5.391752e-01  1.533333e-02  -1.058874e+05   4.580342e+04   2.168308e-07  -1.354920e+03  -2.247699e+01   2.093926e+05  -8.457335e-04   5.587639e-04   1.346725e-04  -2.509112e-05  -4.162406e-07   3.877640e-03   2.431962e-03  -2.877500e-04   1.034887e-03     0  7.891783e+00
   300  0.944  6.445831e-02  5.383444e-01  2.044444e-02  -1.061603e+05   4.589563e+04   2.127708e-07  -1.824758e+03  -3.045621e+01   2.089891e+05  -8.478555e-04   5.600227e-04   1.350775e-04  -3.379181e-05  -5.640040e-07   3.870169e-03   2.433967e-03  -2.872909e-04   1.037675e-03     0  7.893294e+00
   301  0.056  3.593453e-02  6.167479e-01 -2.044444e-02  -1.193984e+05   5.181851e+04   2.819434e-07   1.927483e+03   3.994411e+01   2.121375e+05  -9.540299e-04   6.312587e-04   1.514739e-04   3.569412e-05   7.397057e-07   3.928471e-03   2.704573e-03  -3.229380e-04   1.064924e-03     0  7.054793e+00
   301  0.167  4.097766e-02  6.159171e-01 -1.533333e-02  -1.196703e+05   5.191400e+04   2.770830e-07   1.459260e+03   3.099347e+01   2.117339e+05  -9.561519e-04   6.325382e-04   1.518692e-04   2.702333e-05   5.739532e-07   3.920998e-03   2.706850e-03  -3.224939e-04   1.067620e-03     0  7.059853e+00
   301  0.278  4.602080e-02  6.150862e-01 -1.022222e-02  -1.199422e+05   5.200949e+04   2.722736e-07   9.908067e+02   2.201320e+01   2.113303e+05  -9.582739e-04   6.338177e-04   1.522646e-04   1.834827e-05   4.076519e-07   3.913525e-03   2.709126e-03  -3.220497e-04   1.070316e-03     0  7.060296e+00
   301  0.389  5.106393e-02  6.142554e-01 -5.111111e-03  -1.202141e+05   5.210498e+04   2.675151e-07   5.221227e+02   1.300329e+01   2.109268e+05  -9.603959e-04   6.350972e-04   1.526600e-04   9.668938e-06   2.408017e-07   3.906052e-03   2.711403e-03  -3.216056e-04   1.073012e-03     0  7.059572e+00
   301  0.500  5.610707e-02  6.134246e-01  0.000000e+00  -1.204860e+05   5.220046e+04   2.627712e-07   5.320794e+01   3.963753e+00   2.105232e+05  -9.625178e-04   6.363767e-04   1.530554e-04   9.853322e-07   7.340283e-08   3.898579e-03   2.713679e-03  -3.211614e-04   1.075708e-03     0  7.059330e+00
   301  0.611  6.115021e-02  6.125938e-01  5.111111e-03  -1.207578e+05   5.229595e+04   2.580418e-07  -4.159375e+02  -5.105424e+00   2.101197e+05  -9.646398e-04   6.376562e-04   1.534507e-04  -7.702546e-06  -9.454488e-08   3.891105e-03   2.715955e-03  -3.207173e-04   1.078404e-03     0  7.059572e+00
   301  0.722  6.619334e-02  6.117630e-01  1.022222e-02  -1.210297e+05   5.239144e+04   2.533270e-07  -8.853136e+02  -1.420423e+01   2.097161e+05  -9.667618e-04   6.389357e-04   1.538461e-04  -1.639470e-05  -2.630414e-07   3.883632e-03   2.718232e-03  -3.202731e-04   1.081100e-03     0  7.060296e+00
   301  0.833  7.123648e-02  6.109322e-01  1.533333e-02  -1.213016e+05   5.248693e+04   2.485904e-07  -1.354920e+03  -2.333268e+01   2.093126e+05  -9.688838e-04   6.402152e-04   1.542415e-04  -2.509112e-05  -4.320867e-07   3.876159e-03   2.720508e-03  -3.198290e-04   1.083796e-03     0  7.061502e+00
   301  0.944  7.627961e-02  6.101014e-01  2.044444e-02  -1.215735e+05   5.258242e+04   2.438537e-07  -1.824758e+03  -3.249076e+01   2.089090e+05  -9.710058e-04   6.414947e-04   1.546368e-04  -3.379181e-05  -6.016808e-07   3.868686e-03   2.722785e-03  -3.193848e-04   1.086492e-03     0  7.063190e+00
   302  0.056  4.775583e-02  6.885049e-01 -2.044444e-02  -1.348200e+05   5.847904e+04   3.181922e-07   1.927483e+03   5.014275e+01   2.120467e+05  -1.077180e-03   7.125652e-04   1.711108e-04   3.569412e-05   9.285694e-07   3.926792e-03   2.991186e-03  -3.526425e-04   1.120101e-03     0  6.227498e+00
   302  0.167  5.279897e-02  6.876741e-01 -1.533333e-02  -1.350908e+05   5.857781e+04   3.126770e-07   1.459260e+03   4.008289e+01   2.116432e+05  -1.079302e-03   7.138654e-04   1.714965e-04   2.702333e-05   7.422757e-07   3.919319e-03   2.993734e-03  -3.522136e-04   1.122704e-03     0  6.231282e+00
   302  0.278  5.784210e-02  6.868433e-01 -1.022222e-02  -1.353616e+05   5.867659e+04   3.072200e-07   9.908067e+02   2.997988e+01   2.112397e+05  -1.081424e-03   7.151656e-04   1.718822e-04   1.834827e-05   5.551830e-07   3.911847e-03   2.996282e-03  -3.517847e-04   1.125308e-03     0  6.229915e+00
   302  0.389  6.288524e-02  6.860124e-01 -5.111111e-03  -1.356325e+05   5.877536e+04   3.018358e-07   5.221227e+02   1.983373e+01   2.108362e+05  -1.083546e-03   7.164658e-04   1.722678e-04   9.668938e-06   3.672913e-07   3.904374e-03   2.998830e-03  -3.513558e-04   1.127911e-03     0  6.229094e+00
   302  0.500  6.792837e-02  6.851816e-01  0.000000e+00  -1.359033e+05   5.887413e+04   2.964225e-07   5.320796e+01   9.644439e+00   2.104327e+05  -1.085668e-03   7.177660e-04   1.726535e-04   9.853326e-07   1.786007e-07   3.896902e-03   3.001378e-03  -3.509269e-04   1.130515e-03     0  6.228821e+00
   302  0.611  7.297151e-02  6.843508e-01  5.111111e-03  -1.361742e+05   5.897290e+04   2.910529e-07  -4.159375e+02  -5.879983e-01   2.100292e+05  -1.087790e-03   7.190661e-04   1.730392e-04  -7.702545e-06  -1.088886e-08   3.889429e-03   3.003926e-03  -3.504980e-04   1.133118e-03     0  6.229094e+00
   302  0.722  7.801465e-02  6.835200e-01  1.022222e-02  -1.364450e+05   5.907167e+04   2.857269e-07  -8.853136e+02  -1.086358e+01   2.096257e+05  -1.089912e-03   7.203663e-04   1.734248e-04  -1.639470e-05  -2.011774e-07   3.881957e-03   3.006474e-03  -3.500691e-04   1.135722e-03     0  6.229915e+00
   302  0.833  8.305778e-02  6.826892e-01  1.533333e-02  -1.367158e+05   5.917045e+04   2.803426e-07  -1.354920e+03  -2.118231e+01   2.092221e+05  -1.092034e-03   7.216665e-04   1.738105e-04  -2.509112e-05  -3.922649e-07   3.874484e-03   3.009022e-03  -3.496402e-04   1.138325e-03     0  6.231282e+00
   302  0.944  8.810092e-02  6.818584e-01  2.044444e-02  -1.369867e+05   5.926922e+04   2.749730e-07  -1.824758e+03  -3.154418e+01   2.088186e+05  -1.094156e-03   7.229667e-04   1.741961e-04  -3.379181e-05  -5.841514e-07   3.867012e-03   3.011570e-03  -3.492113e-04   1.140929e-03     0  6.233195e+00
   303  0.056  5.957714e-02  7.602619e-01 -2.044444e-02  -1.502415e+05   6.513958e+04   3.543973e-07   1.927483e+03   6.650417e+01   2.119440e+05  -1.200331e-03   7.938717e-04   1.907478e-04   3.569412e-05   1.231559e-06   3.924888e-03   3.277764e-03  -3.800564e-04   1.180905e-03     0  5.401190e+00
   303  0.167  6.462028e-02  7.594311e-01 -1.533333e-02  -1.505113e+05   6.524163e+04   3.482419e-07   1.459260e+03   5.538708e+01   2.115408e+05  -1.202453e-03   7.951926e-04   1.911237e-04   2.702333e-05   1.025687e-06   3.917422e-03   3.280583e-03  -3.796430e-04   1.183415e-03     0  5.401151e+00
   303  0.278  6.966341e-02  7.586003e-01 -1.022222e-02  -1.507811e+05   6.534369e+04   3.421301e-07   9.908067e+02   4.419841e+01   2.111376e+05  -1.204575e-03   7.965135e-04   1.914997e-04   1.834827e-05   8.184891e-07   3.909956e-03   3.283402e-03  -3.792296e-04   1.185924e-03     0  5.399574e+00
   303  0.389  7.470655e-02  7.577695e-01 -5.111111e-03  -1.510509e+05   6.544574e+04   3.361201e-07   5.221227e+02   3.293818e+01   2.107344e+05  -1.206696e-03   7.978343e-04   1.918757e-04   9.668939e-06   6.099663e-07   3.902490e-03   3.286221e-03  -3.788162e-04   1.188433e-03     0  5.398627e+00
   303  0.500  7.974969e-02  7.569386e-01  0.000000e+00  -1.513207e+05   6.554780e+04   3.301102e-07   5.320797e+01   2.160638e+01   2.103313e+05  -1.208818e-03   7.991552e-04   1.922516e-04   9.853328e-07   4.001182e-07   3.895023e-03   3.289040e-03  -3.784028e-04   1.190943e-03     0  5.398312e+00
   303  0.611  8.479282e-02  7.561078e-01  5.111111e-03  -1.515905e+05   6.564985e+04   3.240857e-07  -4.159374e+02   1.020301e+01   2.099281e+05  -1.210940e-03   8.004761e-04   1.926276e-04  -7.702545e-06   1.889447e-07   3.887557e-03   3.291859e-03  -3.779893e-04   1.193452e-03     0  5.398627e+00
   303  0.722  8.983596e-02  7.552770e-01  1.022222e-02  -1.518602e+05   6.575190e+04   3.181194e-07  -8.853136e+02  -1.271925e+00   2.095249e+05  -1.213062e-03   8.017970e-04   1.930035e-04  -1.639470e-05  -2.355417e-08   3.880091e-03   3.294679e-03  -3.775759e-04   1.195962e-03     0  5.399574e+00
   303  0.833  9.487909e-02  7.544462e-01  1.533333e-02  -1.521300e+05   6.585396e+04   3.120658e-07  -1.354920e+03  -1.281843e+01   2.091217e+05  -1.215184e-03   8.031178e-04   1.933795e-04  -2.509112e-05  -2.373783e-07   3.872625e-03   3.297498e-03  -3.771625e-04   1.198471e-03     0  5.401151e+00
   303  0.944  9.992223e-02  7.536154e-01  2.044444e-02  -1.523998e+05   6.595601e+04   3.060268e-07  -1.824758e+03  -2.443650e+01   2.087185e+05  -1.217306e-03   8.044387e-04   1.937554e-04  -3.379181e-05  -4.525279e-07   3.865158e-03   3.300317e-03  -3.767491e-04   1.200981e-03     0  5.403358e+00
   304  0.056  7.139845e-02  8.320189e-01 -2.044444e-02  -1.656631e+05   7.180011e+04   3.907335e-07   1.927483e+03   9.561180e+01   2.118278e+05  -1.323481e-03   8.751782e-04   2.103848e-04   3.569412e-05   1.770589e-06   3.922737e-03   3.564304e-03  -4.051585e-04   1.247334e-03     0  4.573765e+00
   304  0.167  7.644159e-02  8.311881e-01 -1.533333e-02  -1.659318e+05   7.190545e+04   3.838795e-07   1.459260e+03   8.354551e+01   2.114256e+05  -1.325603e-03   8.765198e-04   2.107510e-04   2.702333e-05   1.547139e-06   3.915289e-03   3.567394e-03  -4.047609e-04   1.249748e-03     0  4.571157e+00
   304  0.278  8.148472e-02  8.303573e-01 -1.022222e-02  -1.662005e+05   7.201079e+04   3.770983e-07   9.908067e+02   7.134837e+01   2.110234e+05  -1.327725e-03   8.778613e-04   2.111172e-04   1.834827e-05   1.321266e-06   3.907840e-03   3.570483e-03  -4.043632e-04   1.252161e-03     0  4.569294e+00
   304  0.389  8.652786e-02  8.295265e-01 -5.111111e-03  -1.664693e+05   7.211612e+04   3.704336e-07   5.221227e+02   5.902039e+01   2.106212e+05  -1.329847e-03   8.792029e-04   2.114835e-04   9.668939e-06   1.092970e-06   3.900392e-03   3.573572e-03  -4.039655e-04   1.254575e-03     0  4.568175e+00
   304  0.500  9.157100e-02  8.286957e-01  0.000000e+00  -1.667380e+05   7.222146e+04   3.637251e-07   5.320797e+01   4.656156e+01   2.102190e+05  -1.331969e-03   8.805445e-04   2.118497e-04   9.853328e-07   8.622511e-07   3.892944e-03   3.576662e-03  -4.035679e-04   1.256989e-03     0  4.567802e+00
   304  0.611  9.661413e-02  8.278648e-01  5.111111e-03  -1.670068e+05   7.232680e+04   3.571186e-07  -4.159374e+02   3.397189e+01   2.098167e+05  -1.334091e-03   8.818860e-04   2.122160e-04  -7.702545e-06   6.291091e-07   3.885495e-03   3.579751e-03  -4.031702e-04   1.259403e-03     0  4.568175e+00
   304  0.722  1.016573e-01  8.270340e-01  1.022222e-02  -1.672755e+05   7.243213e+04   3.504974e-07  -8.853136e+02   2.125137e+01   2.094145e+05  -1.336213e-03   8.832276e-04   2.125822e-04  -1.639470e-05   3.935439e-07   3.878047e-03   3.582841e-03  -4.027725e-04   1.261817e-03     0  4.569294e+00
   304  0.833  1.067004e-01  8.262032e-01  1.533333e-02  -1.675442e+05   7.253747e+04   3.438763e-07  -1.354920e+03   8.400010e+00   2.090123e+05  -1.338335e-03   8.845691e-04   2.129485e-04  -2.509112e-05   1.555557e-07   3.870598e-03   3.585930e-03  -4.023748e-04   1.264231e-03     0  4.571157e+00
   304  0.944  1.117435e-01  8.253724e-01  2.044444e-02  -1.678130e+05   7.264281e+04   3.372115e-07  -1.824758e+03  -4.582197e+00   2.086101e+05  -1.340457e-03   8.859107e-04   2.133147e-04  -3.379181e-05  -8.485550e-08   3.863150e-03   3.589019e-03  -4.019772e-04   1.266645e-03     0  4.573765e+00
   305  0.056  8.321976e-02  9.037759e-01 -2.044444e-02  -1.810846e+05   7.846065e+04   4.269386e-07   1.927483e+03   1.511129e+02   2.116956e+05  -1.446631e-03   9.564847e-04   2.300217e-04   3.569412e-05   2.798387e-06   3.920288e-03   3.850808e-03  -4.279279e-04   1.319383e-03     0  3.744578e+00
   305  0.167  8.826290e-02  9.029451e-01 -1.533333e-02  -1.813523e+05   7.856927e+04   4.194153e-07   1.459260e+03   1.383210e+02   2.112956e+05  -1.448753e-03   9.578470e-04   2.303783e-04   2.702333e-05   2.561501e-06   3.912882e-03   3.854166e-03  -4.275462e-04   1.321700e-03     0  3.741393e+00
   305  0.278  9.330603e-02  9.021143e-01 -1.022222e-02  -1.816200e+05   7.867789e+04   4.120375e-07   9.908067e+02   1.252752e+02   2.108957e+05  -1.450875e-03   9.592092e-04   2.307348e-04   1.834827e-05   2.319911e-06   3.905475e-03   3.857523e-03  -4.271645e-04   1.324016e-03     0  3.739115e+00
   305  0.389  9.834917e-02  9.012835e-01 -5.111111e-03  -1.818877e+05   7.878651e+04   4.047470e-07   5.221227e+02   1.119753e+02   2.104957e+05  -1.452997e-03   9.605715e-04   2.310913e-04   9.668938e-06   2.073618e-06   3.898069e-03   3.860881e-03  -4.267828e-04   1.326333e-03     0  3.737748e+00
   305  0.500  1.033923e-01  9.004527e-01  0.000000e+00  -1.821554e+05   7.889513e+04   3.973837e-07   5.320795e+01   9.842149e+01   2.100958e+05  -1.455119e-03   9.619337e-04   2.314479e-04   9.853324e-07   1.822620e-06   3.890662e-03   3.864239e-03  -4.264011e-04   1.328650e-03     0  3.737293e+00
   305  0.611  1.084354e-01  8.996219e-01  5.111111e-03  -1.824231e+05   7.900375e+04   3.901368e-07  -4.159375e+02   8.461363e+01   2.096958e+05  -1.457241e-03   9.632959e-04   2.318044e-04  -7.702546e-06   1.566919e-06   3.883256e-03   3.867596e-03  -4.260194e-04   1.330967e-03     0  3.737748e+00
   305  0.722  1.134786e-01  8.987910e-01  1.022222e-02  -1.826908e+05   7.911236e+04   3.828754e-07  -8.853136e+02   7.055176e+01   2.092959e+05  -1.459363e-03   9.646582e-04   2.321610e-04  -1.639470e-05   1.306514e-06   3.875849e-03   3.870954e-03  -4.256377e-04   1.333284e-03     0  3.739115e+00
   305  0.833  1.185217e-01  8.979602e-01  1.533333e-02  -1.829584e+05   7.922098e+04   3.755995e-07  -1.354920e+03   5.623588e+01   2.088959e+05  -1.461485e-03   9.660204e-04   2.325175e-04  -2.509112e-05   1.041405e-06   3.868443e-03   3.874311e-03  -4.252560e-04   1.335601e-03     0  3.741393e+00
   305  0.944  1.235648e-01  8.971294e-01  2.044444e-02  -1.832261e+05   7.932960e+04   3.683235e-07  -1.824758e+03   4.166599e+01   2.084960e+05  -1.463607e-03   9.673827e-04   2.328740e-04  -3.379181e-05   7.715924e-07   3.861036e-03   3.877669e-03  -4.248743e-04   1.337918e-03     0  3.744578e+00
   306  0.056  9.504107e-02  9.755329e-01 -2.044444e-02  -1.965062e+05   8.512118e+04   4.632457e-07   1.927483e+03   2.612704e+02   2.115417e+05  -1.569781e-03   1.037791e-03   2.496587e-04   3.569412e-05   4.838341e-06   3.917439e-03   4.137280e-03  -4.483432e-04   1.397049e-03     0  2.916145e+00
   306  0.167  1.000842e-01  9.747021e-01 -1.533333e-02  -1.967728e+05   8.523309e+04   4.550384e-07   1.459260e+03   2.482158e+02   2.111467e+05  -1.571903e-03   1.039174e-03   2.500055e-04   2.702333e-05   4.596590e-06   3.910124e-03   4.140902e-03  -4.479777e-04   1.399267e-03     0  2.912053e+00
   306  0.278  1.051273e-01  9.738713e-01 -1.022222e-02  -1.970394e+05   8.534499e+04   4.469912e-07   9.908067e+02   2.346518e+02   2.107517e+05  -1.574025e-03   1.040557e-03   2.503523e-04   1.834827e-05   4.345404e-06   3.902809e-03   4.144523e-03  -4.476123e-04   1.401486e-03     0  2.909126e+00
   306  0.389  1.101705e-01  9.730405e-01 -5.111111e-03  -1.973061e+05   8.545689e+04   4.390167e-07   5.221227e+02   2.205783e+02   2.103567e+05  -1.576147e-03   1.041940e-03   2.506992e-04   9.668938e-06   4.084784e-06   3.895495e-03   4.148145e-03  -4.472468e-04   1.403704e-03     0  2.907369e+00
   306  0.500  1.152136e-01  9.722097e-01  0.000000e+00  -1.975727e+05   8.556879e+04   4.310714e-07   5.320794e+01   2.059954e+02   2.099617e+05  -1.578269e-03   1.043323e-03   2.510460e-04   9.853322e-07   3.814729e-06   3.888180e-03   4.151766e-03  -4.468813e-04   1.405922e-03     0  2.906783e+00
   306  0.611  1.202567e-01  9.713789e-01  5.111111e-03  -1.978394e+05   8.568069e+04   4.231406e-07  -4.159375e+02   1.909030e+02   2.095667e+05  -1.580391e-03   1.044706e-03   2.513928e-04  -7.702546e-06   3.535240e-06   3.880865e-03   4.155388e-03  -4.465159e-04   1.408141e-03     0  2.907369e+00
   306  0.722  1.252999e-01  9.705481e-01  1.022222e-02  -1.981060e+05   8.579259e+04   4.152535e-07  -8.853136e+02   1.753011e+02   2.091717e+05  -1.582513e-03   1.046089e-03   2.517397e-04  -1.639470e-05   3.246316e-06   3.873550e-03   4.159009e-03  -4.461504e-04   1.410359e-03     0  2.909126e+00
   306  0.833  1.303430e-01  9.697172e-01  1.533333e-02  -1.983726e+05   8.590450e+04   4.073372e-07  -1.354920e+03   1.591897e+02   2.087767e+05  -1.584635e-03   1.047472e-03   2.520865e-04  -2.509112e-05   2.947958e-06   3.866236e-03   4.162631e-03  -4.457850e-04   1.412578e-03     0  2.912053e+00
   306  0.944  1.353862e-01  9.688864e-01  2.044444e-02  -1.986393e+05   8.601640e+04   3.993773e-07  -1.824758e+03   1.425689e+02   2.083817e+05  -1.586757e-03   1.048855e-03   2.524333e-04  -3.379181e-05   2.640166e-06   3.858921e-03   4.166252e-03  -4.454195e-04   1.414796e-03     0  2.916144e+00
   307  0.056  1.068624e-01  1.047290e+00 -2.044444e-02  -2.119277e+05   9.178172e+04   4.995090e-07   1.927483e+03   4.845843e+02   2.113546e+05  -1.692932e-03   1.119098e-03   2.692956e-04   3.569412e-05   8.973783e-06   3.913974e-03   4.423737e-03  -4.663835e-04   1.480328e-03     0  2.089359e+00
   307  0.167  1.119055e-01  1.046459e+00 -1.533333e-02  -2.121933e+05   9.189690e+04   4.906469e-07   1.459260e+03   4.722259e+02   2.109701e+05  -1.695054e-03   1.120501e-03   2.696328e-04   2.702333e-05   8.744925e-06   3.906854e-03   4.427613e-03  -4.660345e-04   1.482447e-03     0  2.083645e+00
   307  0.278  1.169486e-01  1.045628e+00 -1.022222e-02  -2.124589e+05   9.201209e+04   4.818867e-07   9.908067e+02   4.588288e+02   2.105857e+05  -1.697176e-03   1.121905e-03   2.699699e-04   1.834827e-05   8.496829e-06   3.899735e-03   4.431489e-03  -4.656855e-04   1.484565e-03     0  2.079553e+00
   307  0.389  1.219918e-01  1.044797e+00 -5.111111e-03  -2.127245e+05   9.212727e+04   4.733010e-07   5.221227e+02   4.443928e+02   2.102012e+05  -1.699298e-03   1.123309e-03   2.703070e-04   9.668938e-06   8.229496e-06   3.892615e-03   4.435365e-03  -4.653365e-04   1.486684e-03     0  2.077094e+00
   307  0.500  1.270349e-01  1.043967e+00  0.000000e+00  -2.129901e+05   9.224246e+04   4.647009e-07   5.320796e+01   4.289180e+02   2.098168e+05  -1.701420e-03   1.124712e-03   2.706441e-04   9.853326e-07   7.942926e-06   3.885496e-03   4.439241e-03  -4.649875e-04   1.488802e-03     0  2.076274e+00
   307  0.611  1.320781e-01  1.043136e+00  5.111111e-03  -2.132557e+05   9.235764e+04   4.561734e-07  -4.159375e+02   4.124044e+02   2.094323e+05  -1.703542e-03   1.126116e-03   2.709813e-04  -7.702545e-06   7.637119e-06   3.878376e-03   4.443117e-03  -4.646385e-04   1.490921e-03     0  2.077094e+00
   307  0.722  1.371212e-01  1.042305e+00  1.022222e-02  -2.135213e+05   9.247283e+04   4.476751e-07  -8.853136e+02   3.948520e+02   2.090479e+05  -1.705664e-03   1.127519e-03   2.713184e-04  -1.639470e-05   7.312074e-06   3.871257e-03   4.446993e-03  -4.642895e-04   1.493039e-03     0  2.079553e+00
   307  0.833  1.421643e-01  1.041474e+00  1.533333e-02  -2.137869e+05   9.258801e+04   4.390895e-07  -1.354920e+03   3.762608e+02   2.086634e+05  -1.707786e-03   1.128923e-03   2.716555e-04  -2.509112e-05   6.967792e-06   3.864138e-03   4.450869e-03  -4.639405e-04   1.495158e-03     0  2.083645e+00
   307  0.944  1.472075e-01  1.040643e+00  2.044444e-02  -2.140524e+05   9.270319e+04   4.304748e-07  -1.824758e+03   3.566307e+02   2.082790e+05  -1.709908e-03   1.130327e-03   2.719926e-04  -3.379181e-05   6.604273e-06   3.857018e-03   4.454745e-03  -4.635915e-04   1.497276e-03     0  2.089359e+00
   308  0.056  1.186837e-01  1.119047e+00 -2.044444e-02  -2.273492e+05   9.844225e+04   5.357142e-07   1.927483e+03   9.421681e+02   2.111103e+05  -1.816082e-03   1.200404e-03   2.889326e-04   3.569412e-05   1.744756e-05   3.909450e-03   4.710213e-03  -4.820275e-04   1.569218e-03     0  1.267454e+00
   308  0.167  1.237268e-01  1.118216e+00 -1.533333e-02  -2.276138e+05   9.856072e+04   5.261827e-07   1.459260e+03   9.324905e+02   2.107480e+05  -1.818204e-03   1.201829e-03   2.892600e-04   2.702333e-05   1.726834e-05   3.902740e-03   4.714324e-03  -4.816953e-04   1.571235e-03     0  1.258011e+00
   308  0.278  1.287700e-01  1.117385e+00 -1.022222e-02  -2.278783e+05   9.867919e+04   5.168549e-07   9.908067e+02   9.206776e+02   2.103856e+05  -1.820326e-03   1.203253e-03   2.895874e-04   1.834827e-05   1.704958e-05   3.896030e-03   4.718435e-03  -4.813630e-04   1.573252e-03     0  1.251222e+00
   308  0.389  1.338131e-01  1.116555e+00 -5.111111e-03  -2.281429e+05   9.879765e+04   5.076145e-07   5.221227e+02   9.067295e+02   2.100233e+05  -1.822448e-03   1.204677e-03   2.899148e-04   9.668939e-06   1.679129e-05   3.889320e-03   4.722546e-03  -4.810307e-04   1.575269e-03     0  1.247131e+00
   308  0.500  1.388562e-01  1.115724e+00  0.000000e+00  -2.284074e+05   9.891612e+04   4.983740e-07   5.320797e+01   8.906462e+02   2.096610e+05  -1.824570e-03   1.206101e-03   2.902423e-04   9.853328e-07   1.649345e-05   3.882610e-03   4.726658e-03  -4.806984e-04   1.577286e-03     0  1.245764e+00
   308  0.611  1.438994e-01  1.114893e+00  5.111111e-03  -2.286720e+05   9.903459e+04   4.892063e-07  -4.159374e+02   8.724277e+02   2.092986e+05  -1.826692e-03   1.207526e-03   2.905697e-04  -7.702545e-06   1.615607e-05   3.875900e-03   4.730769e-03  -4.803661e-04   1.579303e-03     0  1.247131e+00
   308  0.722  1.489425e-01  1.114062e+00  1.022222e-02  -2.289365e+05   9.915306e+04   4.800386e-07  -8.853136e+02   8.520739e+02   2.089363e+05  -1.828814e-03   1.208950e-03   2.908971e-04  -1.639470e-05   1.577915e-05   3.869190e-03   4.734880e-03  -4.800339e-04   1.581320e-03     0  1.251222e+00
   308  0.833  1.539856e-01  1.113231e+00  1.533333e-02  -2.292011e+05   9.927152e+04   4.708563e-07  -1.354920e+03   8.295850e+02   2.085739e+05  -1.830936e-03   1.210374e-03   2.912245e-04  -2.509112e-05   1.536269e-05   3.862481e-03   4.738991e-03  -4.797016e-04   1.583337e-03     0  1.258011e+00
   308  0.944  1.590288e-01  1.112400e+00  2.044444e-02  -2.294656e+05   9.938999e+04   4.616304e-07  -1.824758e+03   8.049609e+02   2.082116e+05  -1.833058e-03   1.211799e-03   2.915519e-04  -3.379181e-05   1.490668e-05   3.855771e-03   4.743102e-03  -4.793693e-04   1.585354e-03     0  1.267454e+00
   309  0.056  1.305050e-01  1.190804e+00 -2.044444e-02  -2.427708e+05   1.051028e+05   5.718903e-07   9.637413e+02   6.448512e+02   2.108451e+05  -1.939232e-03   1.281711e-03   3.085695e-04   1.784706e-05   1.194169e-05   3.904538e-03   4.996790e-03  -4.952543e-04   1.663714e-03     3  4.763897e-01
   309  0.167  1.355481e-01  1.189973e+00 -1.533333e-02  -2.430343e+05   1.052245e+05   5.618058e-07   7.296300e+02   6.367210e+02   2.105078e+05  -1.941354e-03   1.283156e-03   3.088873e-04   1.351167e-05   1.179113e-05   3.898293e-03   5.001096e-03  -4.949390e-04   1.665629e-03     3  4.506648e-01
   309  0.278  1.405913e-01  1.189142e+00 -1.022222e-02  -2.432978e+05   1.053463e+05   5.517941e-07   4.954034e+02   6.271372e+02   2.101705e+05  -1.943476e-03   1.284601e-03   3.092050e-04   9.174136e-06   1.161365e-05   3.892047e-03   5.005402e-03  -4.946236e-04   1.667543e-03     3  4.313516e-01
   309  0.389  1.456344e-01  1.188312e+00 -5.111111e-03  -2.435613e+05   1.054680e+05   5.419279e-07   2.610613e+02   6.160997e+02   2.098332e+05  -1.945598e-03   1.286046e-03   3.095227e-04   4.834469e-06   1.140925e-05   3.885801e-03   5.009707e-03  -4.943083e-04   1.669457e-03     3  4.193369e-01
   309  0.500  1.506775e-01  1.187481e+00  0.000000e+00  -2.438248e+05   1.055898e+05   5.320617e-07   2.660399e+01   6.036086e+02   2.094960e+05  -1.947720e-03   1.287491e-03   3.098404e-04   4.926664e-07   1.117794e-05   3.879555e-03   5.014013e-03  -4.939930e-04   1.671371e-03     3  4.152547e-01
   309  0.611  1.557207e-01  1.186650e+00  5.111111e-03  -2.440883e+05   1.057115e+05   5.222391e-07  -2.079687e+02   5.896638e+02   2.091587e+05  -1.949842e-03   1.288936e-03   3.101581e-04  -3.851273e-06   1.091970e-05   3.873309e-03   5.018319e-03  -4.936777e-04   1.673285e-03     2  4.193369e-01
   309  0.722  1.607638e-01  1.185819e+00  1.022222e-02  -2.443518e+05   1.058333e+05   5.124602e-07  -4.426568e+02   5.742654e+02   2.088214e+05  -1.951964e-03   1.290381e-03   3.104758e-04  -8.197348e-06   1.063454e-05   3.867064e-03   5.022624e-03  -4.933624e-04   1.675199e-03     2  4.313516e-01
   309  0.833  1.658069e-01  1.184988e+00  1.533333e-02  -2.446153e+05   1.059550e+05   5.025504e-07  -6.774602e+02   5.574133e+02   2.084842e+05  -1.954086e-03   1.291826e-03   3.107935e-04  -1.254556e-05   1.032247e-05   3.860818e-03   5.026930e-03  -4.930470e-04   1.677113e-03     2  4.506648e-01
   309  0.944  1.708501e-01  1.184157e+00  2.044444e-02  -2.448788e+05   1.060768e+05   4.927570e-07  -9.123789e+02   5.391075e+02   2.081469e+05  -1.956208e-03   1.293271e-03   3.111112e-04  -1.689591e-05   9.983472e-06   3.854572e-03   5.031236e-03  -4.927317e-04   1.679027e-03     3  4.763897e-01
