# two-step RM shell dehom, material frame, eta=0.20, FF=[4.1927e+04 8.2674e+03 1.4673e+06 1.2191e+06 -6.0185e+07 3.0426e+05]
# elem  y2(m)  y3(m)  z(m,from center ref)  zeta(0=OML,1=IML)  ply(deg)  S11 S22 S33 S23 S13 S12 (MPa)
     0  4.68048e+00  1.18889e-01 -1.4489e-02  0.056    0.00  1.55672e+01  1.88126e+00  5.51809e-14  8.29649e-03 -3.99882e-03  4.65914e+00
     0  4.67963e+00  1.15368e-01 -1.0867e-02  0.167    0.00  2.28217e+01 -4.00286e-01  7.21775e-14  1.57150e-02 -9.25610e-03  1.85131e+00
     0  4.67878e+00  1.11846e-01 -7.2446e-03  0.278    0.00  2.30805e+01 -4.14389e-01  6.07688e-14  9.80067e-03 -8.76619e-03  1.85834e+00
     0  4.67793e+00  1.08325e-01 -3.6223e-03  0.389    0.00  2.33393e+01 -4.28491e-01  5.47152e-14  4.26102e-03 -7.83126e-03  1.86537e+00
     0  4.67708e+00  1.04804e-01  0.0000e+00  0.500    0.00  2.35982e+01 -4.42594e-01  4.74975e-14 -9.03983e-04 -6.45131e-03  1.87239e+00
     0  4.67623e+00  1.01282e-01  3.6223e-03  0.611    0.00  2.38570e+01 -4.56697e-01  4.16767e-14 -5.69435e-03 -4.62636e-03  1.87942e+00
     0  4.67538e+00  9.77607e-02  7.2446e-03  0.722    0.00  2.41158e+01 -4.70799e-01  3.60887e-14 -1.01101e-02 -2.35639e-03  1.88644e+00
     0  4.67453e+00  9.42393e-02  1.0867e-02  0.833    0.00  2.43747e+01 -4.84902e-01  2.70084e-14 -1.41512e-02  3.58588e-04  1.89347e+00
     0  4.67368e+00  9.07179e-02  1.4489e-02  0.944    0.00  1.69669e+01  1.96947e+00 -1.35042e-14 -1.00135e-02  1.37645e-03  4.80113e+00
     1  4.61403e+00  1.36722e-01 -1.4489e-02  0.056    0.00  1.43699e+01  1.73890e+00  3.91155e-14  2.67356e-03 -6.29261e-03  4.99704e+00
     1  4.61302e+00  1.33246e-01 -1.0867e-02  0.167    0.00  2.10808e+01 -3.68101e-01  6.63567e-14  5.23740e-03 -1.53398e-02  1.96795e+00
     1  4.61200e+00  1.29769e-01 -7.2446e-03  0.278    0.00  2.13353e+01 -3.81967e-01  5.63450e-14  3.54399e-03 -1.81479e-02  1.95787e+00
     1  4.61098e+00  1.26293e-01 -3.6223e-03  0.389    0.00  2.15898e+01 -3.95833e-01  5.00586e-14  1.84471e-03 -1.96328e-02  1.94778e+00
     1  4.60997e+00  1.22816e-01  0.0000e+00  0.500    0.00  2.18443e+01 -4.09700e-01  4.44707e-14  1.39557e-04 -1.97945e-02  1.93769e+00
     1  4.60895e+00  1.19339e-01  3.6223e-03  0.611    0.00  2.20988e+01 -4.23566e-01  3.93484e-14 -1.57146e-03 -1.86332e-02  1.92760e+00
     1  4.60793e+00  1.15863e-01  7.2446e-03  0.722    0.00  2.23533e+01 -4.37433e-01  3.25963e-14 -3.28834e-03 -1.61487e-02  1.91751e+00
     1  4.60692e+00  1.12386e-01  1.0867e-02  0.833    0.00  2.26078e+01 -4.51299e-01  2.46800e-14 -5.01109e-03 -1.23411e-02  1.90742e+00
     1  4.60590e+00  1.08909e-01  1.4489e-02  0.944    0.00  1.57462e+01  1.82564e+00 -1.23400e-14 -3.72173e-03 -5.72645e-03  4.79315e+00
     2  4.54259e+00  1.57456e-01 -1.4489e-02  0.056    0.00  1.30016e+01  1.57691e+00  3.14321e-14  2.83318e-03  2.07017e-04  5.18121e+00
     2  4.54159e+00  1.53976e-01 -1.0867e-02  0.167    0.00  1.90963e+01 -3.30908e-01  6.12345e-14  5.54229e-03  9.90788e-04  2.03004e+00
     2  4.54059e+00  1.50495e-01 -7.2446e-03  0.278    0.00  1.93512e+01 -3.44770e-01  5.23869e-14  3.73835e-03  2.02950e-03  2.00912e+00
     2  4.53959e+00  1.47014e-01 -3.6223e-03  0.389    0.00  1.96061e+01 -3.58632e-01  4.61005e-14  1.93393e-03  2.84493e-03  1.98821e+00
     2  4.53858e+00  1.43533e-01  0.0000e+00  0.500    0.00  1.98610e+01 -3.72494e-01  4.02797e-14  1.29029e-04  3.43706e-03  1.96730e+00
     2  4.53758e+00  1.40052e-01  3.6223e-03  0.611    0.00  2.01159e+01 -3.86356e-01  3.52738e-14 -1.67635e-03  3.80590e-03  1.94639e+00
     2  4.53658e+00  1.36571e-01  7.2446e-03  0.722    0.00  2.03709e+01 -4.00217e-01  2.96859e-14 -3.48220e-03  3.95145e-03  1.92548e+00
     2  4.53558e+00  1.33091e-01  1.0867e-02  0.833    0.00  2.06258e+01 -4.14079e-01  2.32831e-14 -5.28854e-03  3.87370e-03  1.90457e+00
     2  4.53457e+00  1.29610e-01  1.4489e-02  0.944    0.00  1.43802e+01  1.66402e+00 -2.32831e-15 -3.92062e-03  2.27919e-03  4.75859e+00
     3  4.47110e+00  1.77945e-01 -1.4489e-02  0.056    0.00  1.16459e+01  1.41637e+00  2.17697e-14  2.80990e-03 -9.15456e-04  5.22289e+00
     3  4.47011e+00  1.74462e-01 -1.0867e-02  0.167    0.00  1.71299e+01 -2.94078e-01  5.48316e-14  5.49723e-03 -1.88978e-03  2.04858e+00
     3  4.46912e+00  1.70979e-01 -7.2446e-03  0.278    0.00  1.73851e+01 -3.07925e-01  4.64497e-14  3.70890e-03 -1.64064e-03  2.02972e+00
     3  4.46812e+00  1.67495e-01 -3.6223e-03  0.389    0.00  1.76402e+01 -3.21771e-01  4.10946e-14  1.91982e-03 -1.32321e-03  2.01086e+00
     3  4.46713e+00  1.64012e-01  0.0000e+00  0.500    0.00  1.78954e+01 -3.35618e-01  3.66708e-14  1.29989e-04 -9.37491e-04  1.99201e+00
     3  4.46613e+00  1.60528e-01  3.6223e-03  0.611    0.00  1.81505e+01 -3.49465e-01  3.22470e-14 -1.66060e-03 -4.83479e-04  1.97315e+00
     3  4.46514e+00  1.57045e-01  7.2446e-03  0.722    0.00  1.84057e+01 -3.63312e-01  2.72412e-14 -3.45195e-03  3.88222e-05  1.95429e+00
     3  4.46415e+00  1.53562e-01  1.0867e-02  0.833    0.00  1.86608e+01 -3.77158e-01  2.02563e-14 -5.24405e-03  6.29414e-04  1.93543e+00
     3  4.46315e+00  1.50078e-01  1.4489e-02  0.944    0.00  1.30259e+01  1.50381e+00  1.16415e-16 -3.88812e-03  6.30946e-04  4.84174e+00
     4  4.39953e+00  1.98238e-01 -1.4489e-02  0.056    0.00  1.03001e+01  1.25700e+00  3.89991e-14  2.79202e-03 -6.21983e-04  5.28307e+00
     4  4.39855e+00  1.94752e-01 -1.0867e-02  0.167    0.00  1.51779e+01 -2.57523e-01  4.77303e-14  5.46276e-03 -1.19904e-03  2.07201e+00
     4  4.39757e+00  1.91265e-01 -7.2446e-03  0.278    0.00  1.54334e+01 -2.71354e-01  4.13274e-14  3.68659e-03 -8.63073e-04  2.05275e+00
     4  4.39659e+00  1.87779e-01 -3.6223e-03  0.389    0.00  1.56888e+01 -2.85185e-01  3.71365e-14  1.90934e-03 -5.11264e-04  2.03349e+00
     4  4.39560e+00  1.84293e-01  0.0000e+00  0.500    0.00  1.59443e+01 -2.99016e-01  3.20142e-14  1.31007e-04 -1.43614e-04  2.01423e+00
     4  4.39462e+00  1.80806e-01  3.6223e-03  0.611    0.00  1.61997e+01 -3.12847e-01  2.75904e-14 -1.64840e-03  2.39876e-04  1.99497e+00
     4  4.39364e+00  1.77320e-01  7.2446e-03  0.722    0.00  1.64552e+01 -3.26678e-01  2.39816e-14 -3.42889e-03  6.39206e-04  1.97571e+00
     4  4.39266e+00  1.73833e-01  1.0867e-02  0.833    0.00  1.67106e+01 -3.40509e-01  1.88593e-14 -5.21045e-03  1.05438e-03  1.95645e+00
     4  4.39167e+00  1.70347e-01  1.4489e-02  0.944    0.00  1.16818e+01  1.34483e+00  3.49246e-16 -3.86370e-03  8.09429e-04  4.89383e+00
     5  4.32795e+00  2.18393e-01 -1.4489e-02  0.056    0.00  8.96136e+00  1.09843e+00  2.44472e-14  2.78120e-03 -5.75020e-04  5.33201e+00
     5  4.32697e+00  2.14906e-01 -1.0867e-02  0.167    0.00  1.32360e+01 -2.21183e-01  4.23752e-14  5.44200e-03 -1.12960e-03  2.09144e+00
     5  4.32599e+00  2.11419e-01 -7.2446e-03  0.278    0.00  1.34915e+01 -2.34986e-01  3.63216e-14  3.67327e-03 -8.57862e-04  2.07225e+00
     5  4.32501e+00  2.07932e-01 -3.6223e-03  0.389    0.00  1.37470e+01 -2.48788e-01  3.23635e-14  1.90320e-03 -5.63126e-04  2.05305e+00
     5  4.32403e+00  2.04445e-01  0.0000e+00  0.500    0.00  1.40026e+01 -2.62591e-01  2.81725e-14  1.31798e-04 -2.45386e-04  2.03386e+00
     5  4.32305e+00  2.00958e-01  3.6223e-03  0.611    0.00  1.42581e+01 -2.76393e-01  2.39816e-14 -1.64095e-03  9.53559e-05  2.01466e+00
     5  4.32206e+00  1.97471e-01  7.2446e-03  0.722    0.00  1.45136e+01 -2.90195e-01  2.09548e-14 -3.41503e-03  4.59101e-04  1.99547e+00
     5  4.32108e+00  1.93984e-01  1.0867e-02  0.833    0.00  1.47691e+01 -3.03998e-01  1.74623e-14 -5.19046e-03  8.45848e-04  1.97627e+00
     5  4.32010e+00  1.90497e-01  1.4489e-02  0.944    0.00  1.03435e+01  1.18656e+00 -4.54020e-15 -3.84927e-03  6.73092e-04  4.94407e+00
     6  4.25632e+00  2.38486e-01 -1.4489e-02  0.056    0.00  7.62570e+00  9.40232e-01  2.59606e-14  2.77607e-03 -5.07232e-04  5.37546e+00
     6  4.25535e+00  2.34998e-01 -1.0867e-02  0.167    0.00  1.12986e+01 -1.84925e-01  3.71365e-14  5.43217e-03 -1.00765e-03  2.10861e+00
     6  4.25437e+00  2.31510e-01 -7.2446e-03  0.278    0.00  1.15542e+01 -1.98701e-01  3.11993e-14  3.66700e-03 -7.87994e-04  2.08938e+00
     6  4.25340e+00  2.28021e-01 -3.6223e-03  0.389    0.00  1.18099e+01 -2.12477e-01  2.72412e-14  1.90035e-03 -5.43109e-04  2.07016e+00
     6  4.25242e+00  2.24533e-01  0.0000e+00  0.500    0.00  1.20655e+01 -2.26253e-01  2.42144e-14  1.32218e-04 -2.72999e-04  2.05093e+00
     6  4.25144e+00  2.21045e-01  3.6223e-03  0.611    0.00  1.23212e+01 -2.40028e-01  2.11876e-14 -1.63739e-03  2.23360e-05  2.03170e+00
     6  4.25047e+00  2.17557e-01  7.2446e-03  0.722    0.00  1.25768e+01 -2.53804e-01  1.81608e-14 -3.40847e-03  3.42895e-04  2.01248e+00
     6  4.24949e+00  2.14068e-01  1.0867e-02  0.833    0.00  1.28324e+01 -2.67580e-01  1.38534e-14 -5.18102e-03  6.88679e-04  1.99325e+00
     6  4.24851e+00  2.10580e-01  1.4489e-02  0.944    0.00  9.00865e+00  1.02870e+00  6.40284e-15 -3.84247e-03  5.62014e-04  4.98688e+00
     7  4.18470e+00  2.58545e-01 -1.4489e-02  0.056    0.00  6.29179e+00  7.82218e-01  2.22353e-14  2.77779e-03 -4.00634e-04  5.41190e+00
     7  4.18372e+00  2.55058e-01 -1.0867e-02  0.167    0.00  9.36354e+00 -1.48726e-01  3.04426e-14  5.43592e-03 -7.87654e-04  2.12306e+00
     7  4.18274e+00  2.51570e-01 -7.2446e-03  0.278    0.00  9.61916e+00 -1.62467e-01  2.59024e-14  3.67007e-03 -5.95136e-04  2.10385e+00
     7  4.18176e+00  2.48082e-01 -3.6223e-03  0.389    0.00  9.87478e+00 -1.76209e-01  2.29338e-14  1.90243e-03 -3.84762e-04  2.08464e+00
     7  4.18079e+00  2.44594e-01  0.0000e+00  0.500    0.00  1.01304e+01 -1.89951e-01  2.00234e-14  1.32993e-04 -1.56533e-04  2.06544e+00
     7  4.17981e+00  2.41106e-01  3.6223e-03  0.611    0.00  1.03860e+01 -2.03693e-01  1.75787e-14 -1.63823e-03  8.95501e-05  2.04623e+00
     7  4.17883e+00  2.37618e-01  7.2446e-03  0.722    0.00  1.06416e+01 -2.17435e-01  1.50176e-14 -3.41125e-03  3.53489e-04  2.02703e+00
     7  4.17785e+00  2.34130e-01  1.0867e-02  0.833    0.00  1.08973e+01 -2.31177e-01  1.23400e-14 -5.18605e-03  6.35282e-04  2.00782e+00
     7  4.17688e+00  2.30642e-01  1.4489e-02  0.944    0.00  7.67470e+00  8.70957e-01 -9.31323e-16 -3.84655e-03  5.02952e-04  5.02375e+00
     8  4.11310e+00  2.78686e-01 -1.4489e-02  0.056    0.00  4.95379e+00  6.23708e-01  1.62399e-14  2.78663e-03 -4.38434e-04  5.44403e+00
     8  4.11212e+00  2.75200e-01 -1.0867e-02  0.167    0.00  7.42243e+00 -1.12420e-01  2.32249e-14  5.45309e-03 -9.32008e-04  2.13559e+00
     8  4.11113e+00  2.71714e-01 -7.2446e-03  0.278    0.00  7.67787e+00 -1.26123e-01  2.07801e-14  3.68137e-03 -8.56537e-04  2.11619e+00
     8  4.11015e+00  2.68228e-01 -3.6223e-03  0.389    0.00  7.93331e+00 -1.39825e-01  1.88593e-14  1.90792e-03 -7.35404e-04  2.09680e+00
     8  4.10917e+00  2.64742e-01  0.0000e+00  0.500    0.00  8.18876e+00 -1.53527e-01  1.64146e-14  1.32743e-04 -5.68610e-04  2.07740e+00
     8  4.10818e+00  2.61256e-01  3.6223e-03  0.611    0.00  8.44420e+00 -1.67230e-01  1.43773e-14 -1.64416e-03 -3.56155e-04  2.05801e+00
     8  4.10720e+00  2.57770e-01  7.2446e-03  0.722    0.00  8.69965e+00 -1.80932e-01  1.21654e-14 -3.42278e-03 -9.80393e-05  2.03861e+00
     8  4.10621e+00  2.54284e-01  1.0867e-02  0.833    0.00  8.95509e+00 -1.94634e-01  9.60426e-15 -5.20313e-03  2.05738e-04  2.01922e+00
     8  4.10523e+00  2.50798e-01  1.4489e-02  0.944    0.00  6.33583e+00  7.12648e-01  1.62981e-15 -3.85907e-03  2.56402e-04  5.05207e+00
     9  4.04151e+00  2.98913e-01 -1.4489e-02  0.056    0.00  3.61127e+00  4.64687e-01  1.45228e-14  2.79379e-03  3.00192e-04  5.45571e+00
     9  4.04053e+00  2.95427e-01 -1.0867e-02  0.167    0.00  5.47492e+00 -7.59791e-02  1.85682e-14  5.46688e-03  8.81568e-04  2.14138e+00
     9  4.03954e+00  2.91942e-01 -7.2446e-03  0.278    0.00  5.73034e+00 -8.96501e-02  1.58325e-14  3.69028e-03  1.31981e-03  2.12317e+00
     9  4.03856e+00  2.88456e-01 -3.6223e-03  0.389    0.00  5.98576e+00 -1.03321e-01  1.40863e-14  1.91209e-03  1.64302e-03  2.10495e+00
     9  4.03757e+00  2.84970e-01  0.0000e+00  0.500    0.00  6.24119e+00 -1.16992e-01  1.23982e-14  1.32314e-04  1.85121e-03  2.08673e+00
     9  4.03658e+00  2.81485e-01  3.6223e-03  0.611    0.00  6.49661e+00 -1.30663e-01  1.08266e-14 -1.64904e-03  1.94437e-03  2.06851e+00
     9  4.03560e+00  2.77999e-01  7.2446e-03  0.722    0.00  6.75203e+00 -1.44334e-01  9.31323e-15 -3.43199e-03  1.92249e-03  2.05029e+00
     9  4.03461e+00  2.74513e-01  1.0867e-02  0.833    0.00  7.00745e+00 -1.58005e-01  7.15954e-15 -5.21651e-03  1.78559e-03  2.03207e+00
     9  4.03363e+00  2.71028e-01  1.4489e-02  0.944    0.00  4.99329e+00  5.53883e-01  1.39698e-15 -3.86878e-03  1.00997e-03  5.08750e+00
    10  3.96995e+00  3.19186e-01 -1.4489e-02  0.056    0.00  2.26648e+00  3.05392e-01  7.47968e-15  2.54065e-03 -6.39947e-04  5.46852e+00
    10  3.96896e+00  3.15701e-01 -1.0867e-02  0.167    0.00  3.52404e+00 -3.94779e-02  1.22818e-14  4.95962e-03 -1.54425e-03  2.14668e+00
    10  3.96797e+00  3.12217e-01 -7.2446e-03  0.278    0.00  3.77937e+00 -5.31151e-02  1.04483e-14  3.33370e-03 -1.82072e-03  2.12868e+00
    10  3.96698e+00  3.08732e-01 -3.6223e-03  0.389    0.00  4.03470e+00 -6.67523e-02  9.54606e-15  1.71652e-03 -1.95853e-03  2.11068e+00
    10  3.96599e+00  3.05247e-01  0.0000e+00  0.500    0.00  4.29003e+00 -8.03896e-02  8.38190e-15  1.08081e-04 -1.95767e-03  2.09268e+00
    10  3.96500e+00  3.01763e-01  3.6223e-03  0.611    0.00  4.54536e+00 -9.40268e-02  7.39237e-15 -1.49162e-03 -1.81815e-03  2.07468e+00
    10  3.96401e+00  2.98278e-01  7.2446e-03  0.722    0.00  4.80069e+00 -1.07664e-01  6.34464e-15 -3.08257e-03 -1.53996e-03  2.05668e+00
    10  3.96302e+00  2.94794e-01  1.0867e-02  0.833    0.00  5.05602e+00 -1.21301e-01  4.88944e-15 -4.66479e-03 -1.12311e-03  2.03868e+00
    10  3.96203e+00  2.91309e-01  1.4489e-02  0.944    0.00  3.64809e+00  3.94808e-01  4.65661e-16 -3.44931e-03 -4.87181e-04  5.10477e+00
    11  3.89477e+00  3.34613e-01 -1.4489e-02  0.056    0.00  1.16014e+00  1.75238e-01  4.86034e-15  1.13020e-03 -1.97293e-03  5.57294e+00
    11  3.89431e+00  3.31021e-01 -1.0867e-02  0.167    0.00  1.92982e+00 -9.00462e-03  7.55244e-15  2.19976e-03 -4.80432e-03  2.18386e+00
    11  3.89384e+00  3.27429e-01 -7.2446e-03  0.278    0.00  2.19629e+00 -2.30347e-02  6.50471e-15  1.47085e-03 -4.98051e-03  2.16171e+00
    11  3.89337e+00  3.23837e-01 -3.6223e-03  0.389    0.00  2.46276e+00 -3.70647e-02  5.77711e-15  7.51399e-04 -4.84847e-03  2.13957e+00
    11  3.89291e+00  3.20245e-01  0.0000e+00  0.500    0.00  2.72923e+00 -5.10947e-02  5.15138e-15  4.14072e-05 -4.40823e-03  2.11742e+00
    11  3.89244e+00  3.16652e-01  3.6223e-03  0.611    0.00  2.99570e+00 -6.51248e-02  4.54020e-15 -6.59126e-04 -3.65976e-03  2.09527e+00
    11  3.89198e+00  3.13060e-01  7.2446e-03  0.722    0.00  3.26217e+00 -7.91548e-02  3.92902e-15 -1.35020e-03 -2.60308e-03  2.07313e+00
    11  3.89151e+00  3.09468e-01  1.0867e-02  0.833    0.00  3.52864e+00 -9.31849e-02  3.23053e-15 -2.03182e-03 -1.23818e-03  2.05098e+00
    11  3.89104e+00  3.05876e-01  1.4489e-02  0.944    0.00  2.60263e+00  2.70319e-01 -1.30967e-15 -1.49668e-03 -1.50677e-04  5.12535e+00
    12  3.82312e+00  3.63790e-01 -3.4273e-02  0.056    0.00 -2.96277e-03  6.80492e-04  4.79986e-15  2.11457e-04 -1.00775e-02  8.99010e-02
    12  3.82203e+00  3.55291e-01 -2.5705e-02  0.167    0.00 -1.00923e-03  2.70369e-04  4.35699e-15  1.63888e-04 -7.96353e-03  8.89431e-02
    12  3.82095e+00  3.46792e-01 -1.7136e-02  0.278    0.00  9.44306e-04 -1.39754e-04  3.91617e-15  1.15093e-04 -5.84368e-03  8.79852e-02
    12  3.81986e+00  3.38293e-01 -8.5682e-03  0.389    0.00  2.89784e-03 -5.49878e-04  3.47347e-15  6.50704e-05 -3.71792e-03  8.70273e-02
    12  3.81877e+00  3.29794e-01  0.0000e+00  0.500    0.00  4.85138e-03 -9.60001e-04  3.03089e-15  1.38208e-05 -1.58626e-03  8.60694e-02
    12  3.81769e+00  3.21295e-01  8.5682e-03  0.611    0.00  6.80492e-03 -1.37012e-03  2.58615e-15 -3.86557e-05  5.51322e-04  8.51115e-02
    12  3.81660e+00  3.12796e-01  1.7136e-02  0.722    0.00  8.75846e-03 -1.78025e-03  2.14186e-15 -9.23593e-05  2.69481e-03  8.41537e-02
    12  3.81551e+00  3.04297e-01  2.5705e-02  0.833    0.00  1.07120e-02 -2.19037e-03  1.69848e-15 -1.47290e-04  4.84420e-03  8.31958e-02
    12  3.81443e+00  2.95798e-01  3.4273e-02  0.944    0.00  1.26655e-02 -2.60049e-03  1.25419e-15 -2.03448e-04  6.99951e-03  8.22379e-02
    13  3.75603e+00  3.77545e-01 -3.4273e-02  0.056    0.00 -7.39525e-03  1.49263e-03 -5.76438e-15  4.80525e-04 -7.39346e-04  9.08336e-02
    13  3.75368e+00  3.69306e-01 -2.5705e-02  0.167    0.00 -5.52365e-03  1.10378e-03 -5.03564e-15  3.67654e-04 -4.91435e-04  8.98587e-02
    13  3.75133e+00  3.61067e-01 -1.7136e-02  0.278    0.00 -3.65205e-03  7.14933e-04 -4.30555e-15  2.53252e-04 -2.44739e-04  8.88839e-02
    13  3.74898e+00  3.52828e-01 -8.5682e-03  0.389    0.00 -1.78045e-03  3.26084e-04 -3.57625e-15  1.37319e-04  7.43129e-07  8.79090e-02
    13  3.74662e+00  3.44590e-01  0.0000e+00  0.500    0.00  9.11482e-05 -6.27645e-05 -2.84651e-15  1.98540e-05  2.45011e-04  8.69342e-02
    13  3.74427e+00  3.36351e-01  8.5682e-03  0.611    0.00  1.96275e-03 -4.51613e-04 -2.11696e-15 -9.91426e-05  4.88064e-04  8.59593e-02
    13  3.74192e+00  3.28112e-01  1.7136e-02  0.722    0.00  3.83435e-03 -8.40462e-04 -1.38812e-15 -2.19671e-04  7.29902e-04  8.49845e-02
    13  3.73956e+00  3.19873e-01  2.5705e-02  0.833    0.00  5.70595e-03 -1.22931e-03 -6.58019e-16 -3.41731e-04  9.70527e-04  8.40096e-02
    13  3.73721e+00  3.11635e-01  3.4273e-02  0.944    0.00  7.57755e-03 -1.61816e-03  7.32143e-17 -4.65322e-04  1.20994e-03  8.30348e-02
    14  3.68543e+00  3.97720e-01 -3.4273e-02  0.056    0.00 -1.33912e-02  2.60038e-03 -1.93895e-14  5.33494e-04  2.58119e-03  9.06881e-02
    14  3.68307e+00  3.89481e-01 -2.5705e-02  0.167    0.00 -1.15182e-02  2.21651e-03 -1.71476e-14  4.03925e-04  2.62096e-03  8.97698e-02
    14  3.68072e+00  3.81243e-01 -1.7136e-02  0.278    0.00 -9.64517e-03  1.83264e-03 -1.48984e-14  2.73777e-04  2.64952e-03  8.88515e-02
    14  3.67836e+00  3.73005e-01 -8.5682e-03  0.389    0.00 -7.77214e-03  1.44878e-03 -1.26524e-14  1.43049e-04  2.66689e-03  8.79332e-02
    14  3.67601e+00  3.64767e-01  0.0000e+00  0.500    0.00 -5.89912e-03  1.06491e-03 -1.04044e-14  1.17406e-05  2.67304e-03  8.70149e-02
    14  3.67365e+00  3.56529e-01  8.5682e-03  0.611    0.00 -4.02609e-03  6.81044e-04 -8.15612e-15 -1.20147e-04  2.66800e-03  8.60966e-02
    14  3.67130e+00  3.48290e-01  1.7136e-02  0.722    0.00 -2.15306e-03  2.97177e-04 -5.90910e-15 -2.52615e-04  2.65175e-03  8.51783e-02
    14  3.66894e+00  3.40052e-01  2.5705e-02  0.833    0.00 -2.80028e-04 -8.66896e-05 -3.66264e-15 -3.85663e-04  2.62429e-03  8.42601e-02
    14  3.66659e+00  3.31814e-01  3.4273e-02  0.944    0.00  1.59300e-03 -4.70556e-04 -1.41415e-15 -5.19290e-04  2.58563e-03  8.33418e-02
    15  3.61482e+00  4.17904e-01 -3.4273e-02  0.056    0.00 -1.93895e-02  3.70856e-03 -3.30210e-14  5.33682e-04  1.41888e-03  9.03553e-02
    15  3.61247e+00  4.09666e-01 -2.5705e-02  0.167    0.00 -1.75149e-02  3.32965e-03 -2.92630e-14  4.04064e-04  1.44092e-03  8.95151e-02
    15  3.61011e+00  4.01428e-01 -1.7136e-02  0.278    0.00 -1.56403e-02  2.95074e-03 -2.54959e-14  2.73864e-04  1.45673e-03  8.86748e-02
    15  3.60776e+00  3.93190e-01 -8.5682e-03  0.389    0.00 -1.37657e-02  2.57183e-03 -2.17324e-14  1.43083e-04  1.46633e-03  8.78346e-02
    15  3.60540e+00  3.84952e-01  0.0000e+00  0.500    0.00 -1.18911e-02  2.19292e-03 -1.79652e-14  1.17196e-05  1.46970e-03  8.69943e-02
    15  3.60305e+00  3.76714e-01  8.5682e-03  0.611    0.00 -1.00166e-02  1.81401e-03 -1.41986e-14 -1.20225e-04  1.46685e-03  8.61541e-02
    15  3.60069e+00  3.68476e-01  1.7136e-02  0.722    0.00 -8.14198e-03  1.43510e-03 -1.04328e-14 -2.52752e-04  1.45777e-03  8.53138e-02
    15  3.59834e+00  3.60238e-01  2.5705e-02  0.833    0.00 -6.26740e-03  1.05619e-03 -6.66751e-15 -3.85860e-04  1.44248e-03  8.44736e-02
    15  3.59598e+00  3.51999e-01  3.4273e-02  0.944    0.00 -4.39281e-03  6.77278e-04 -2.90106e-15 -5.19550e-04  1.42096e-03  8.36333e-02
    16  3.54424e+00  4.38103e-01 -3.4273e-02  0.056    0.00 -2.53906e-02  4.81726e-03 -4.66534e-14  5.33978e-04  7.59933e-04  9.01406e-02
    16  3.54188e+00  4.29866e-01 -2.5705e-02  0.167    0.00 -2.35148e-02  4.44337e-03 -4.13847e-14  4.04278e-04  7.73819e-04  8.93451e-02
    16  3.53952e+00  4.21629e-01 -1.7136e-02  0.278    0.00 -2.16389e-02  4.06947e-03 -3.60978e-14  2.73996e-04  7.84275e-04  8.85495e-02
    16  3.53716e+00  4.13392e-01 -8.5682e-03  0.389    0.00 -1.97630e-02  3.69558e-03 -3.08191e-14  1.43132e-04  7.91303e-04  8.77540e-02
    16  3.53480e+00  4.05154e-01  0.0000e+00  0.500    0.00 -1.78872e-02  3.32168e-03 -2.55332e-14  1.16866e-05  7.94902e-04  8.69585e-02
    16  3.53244e+00  3.96917e-01  8.5682e-03  0.611    0.00 -1.60113e-02  2.94779e-03 -2.02454e-14 -1.20341e-04  7.95072e-04  8.61629e-02
    16  3.53008e+00  3.88680e-01  1.7136e-02  0.722    0.00 -1.41355e-02  2.57389e-03 -1.49603e-14 -2.52950e-04  7.91814e-04  8.53674e-02
    16  3.52772e+00  3.80443e-01  2.5705e-02  0.833    0.00 -1.22596e-02  2.19999e-03 -9.67430e-15 -3.86141e-04  7.85126e-04  8.45719e-02
    16  3.52536e+00  3.72206e-01  3.4273e-02  0.944    0.00 -1.03837e-02  1.82610e-03 -4.38922e-15 -5.19914e-04  7.75010e-04  8.37763e-02
    17  3.47364e+00  4.58321e-01 -3.4273e-02  0.056    0.00 -3.13964e-02  5.92685e-03 -6.03068e-14  5.34181e-04  3.92947e-04  8.99859e-02
    17  3.47128e+00  4.50084e-01 -2.5705e-02  0.167    0.00 -2.95190e-02  5.55791e-03 -5.35110e-14  4.04418e-04  4.00926e-04  8.92164e-02
    17  3.46892e+00  4.41847e-01 -1.7136e-02  0.278    0.00 -2.76416e-02  5.18897e-03 -4.67080e-14  2.74077e-04  4.07055e-04  8.84468e-02
    17  3.46656e+00  4.33610e-01 -8.5682e-03  0.389    0.00 -2.57641e-02  4.82004e-03 -3.99068e-14  1.43157e-04  4.11335e-04  8.76773e-02
    17  3.46421e+00  4.25373e-01  0.0000e+00  0.500    0.00 -2.38867e-02  4.45110e-03 -3.30992e-14  1.16584e-05  4.13764e-04  8.69077e-02
    17  3.46185e+00  4.17136e-01  8.5682e-03  0.611    0.00 -2.20093e-02  4.08216e-03 -2.62917e-14 -1.20419e-04  4.14344e-04  8.61382e-02
    17  3.45949e+00  4.08899e-01  1.7136e-02  0.722    0.00 -2.01319e-02  3.71323e-03 -1.94877e-14 -2.53075e-04  4.13073e-04  8.53686e-02
    17  3.45713e+00  4.00662e-01  2.5705e-02  0.833    0.00 -1.82545e-02  3.34429e-03 -1.26820e-14 -3.86310e-04  4.09952e-04  8.45991e-02
    17  3.45477e+00  3.92424e-01  3.4273e-02  0.944    0.00 -1.63770e-02  2.97536e-03 -5.87352e-15 -5.20123e-04  4.04982e-04  8.38295e-02
    18  3.40306e+00  4.78539e-01 -3.4273e-02  0.056    0.00 -3.74021e-02  7.03642e-03 -7.39528e-14  5.34113e-04  1.82357e-04  8.98587e-02
    18  3.40070e+00  4.70302e-01 -2.5705e-02  0.167    0.00 -3.55231e-02  6.67244e-03 -6.56382e-14  4.04362e-04  1.88709e-04  8.91046e-02
    18  3.39834e+00  4.62065e-01 -1.7136e-02  0.278    0.00 -3.36442e-02  6.30846e-03 -5.73200e-14  2.74035e-04  1.94088e-04  8.83505e-02
    18  3.39598e+00  4.53828e-01 -8.5682e-03  0.389    0.00 -3.17652e-02  5.94449e-03 -4.90036e-14  1.43134e-04  1.98495e-04  8.75964e-02
    18  3.39362e+00  4.45591e-01  0.0000e+00  0.500    0.00 -2.98862e-02  5.58051e-03 -4.06744e-14  1.16583e-05  2.01929e-04  8.68423e-02
    18  3.39126e+00  4.37354e-01  8.5682e-03  0.611    0.00 -2.80072e-02  5.21654e-03 -3.23471e-14 -1.20392e-04  2.04392e-04  8.60882e-02
    18  3.38890e+00  4.29117e-01  1.7136e-02  0.722    0.00 -2.61283e-02  4.85256e-03 -2.40198e-14 -2.53018e-04  2.05882e-04  8.53341e-02
    18  3.38654e+00  4.20880e-01  2.5705e-02  0.833    0.00 -2.42493e-02  4.48858e-03 -1.56906e-14 -3.86218e-04  2.06400e-04  8.45800e-02
    18  3.38418e+00  4.12644e-01  3.4273e-02  0.944    0.00 -2.23703e-02  4.12461e-03 -7.35417e-15 -5.19993e-04  2.05946e-04  8.38259e-02
    19  3.33246e+00  4.98746e-01 -3.4273e-02  0.056    0.00 -4.34055e-02  8.14557e-03 -8.76116e-14  5.33828e-04  6.12100e-05  8.97408e-02
    19  3.33010e+00  4.90508e-01 -2.5705e-02  0.167    0.00 -4.15246e-02  7.78648e-03 -7.77636e-14  4.04153e-04  6.50637e-05  8.89962e-02
    19  3.32775e+00  4.82270e-01 -1.7136e-02  0.278    0.00 -3.96438e-02  7.42740e-03 -6.79229e-14  2.73904e-04  6.84762e-05  8.82515e-02
    19  3.32539e+00  4.74032e-01 -8.5682e-03  0.389    0.00 -3.77629e-02  7.06831e-03 -5.80822e-14  1.43083e-04  7.14475e-05  8.75068e-02
    19  3.32303e+00  4.65794e-01  0.0000e+00  0.500    0.00 -3.58820e-02  6.70923e-03 -4.82360e-14  1.16874e-05  7.39775e-05  8.67621e-02
    19  3.32068e+00  4.57556e-01  8.5682e-03  0.611    0.00 -3.40012e-02  6.35014e-03 -3.83843e-14 -1.20281e-04  7.60664e-05  8.60174e-02
    19  3.31832e+00  4.49318e-01  1.7136e-02  0.722    0.00 -3.21203e-02  5.99106e-03 -2.85436e-14 -2.52823e-04  7.77140e-05  8.52728e-02
    19  3.31597e+00  4.41080e-01  2.5705e-02  0.833    0.00 -3.02395e-02  5.63197e-03 -1.87010e-14 -3.85938e-04  7.89205e-05  8.45281e-02
    19  3.31361e+00  4.32843e-01  3.4273e-02  0.944    0.00 -2.83586e-02  5.27289e-03 -8.84756e-15 -5.19627e-04  7.96857e-05  8.37834e-02
    20  3.26186e+00  5.18932e-01 -3.4273e-02  0.056    0.00 -4.94037e-02  9.25375e-03 -1.01219e-13  5.33530e-04 -8.61412e-06  8.96222e-02
    20  3.25951e+00  5.10693e-01 -2.5705e-02  0.167    0.00 -4.75212e-02  8.89960e-03 -8.98781e-14  4.03943e-04 -5.00480e-06  8.88834e-02
    20  3.25715e+00  5.02455e-01 -1.7136e-02  0.278    0.00 -4.56387e-02  8.54545e-03 -7.85221e-14  2.73778e-04 -1.54964e-06  8.81447e-02
    20  3.25480e+00  4.94217e-01 -8.5682e-03  0.389    0.00 -4.37562e-02  8.19130e-03 -6.71680e-14  1.43037e-04  1.75138e-06  8.74059e-02
    20  3.25244e+00  4.85979e-01  0.0000e+00  0.500    0.00 -4.18736e-02  7.83715e-03 -5.57993e-14  1.17195e-05  4.89824e-06  8.66671e-02
    20  3.25009e+00  4.77740e-01  8.5682e-03  0.611    0.00 -3.99911e-02  7.48300e-03 -4.44325e-14 -1.20175e-04  7.89096e-06  8.59284e-02
    20  3.24773e+00  4.69502e-01  1.7136e-02  0.722    0.00 -3.81086e-02  7.12885e-03 -3.30638e-14 -2.52646e-04  1.07295e-05  8.51896e-02
    20  3.24538e+00  4.61264e-01  2.5705e-02  0.833    0.00 -3.62261e-02  6.77470e-03 -2.16987e-14 -3.85694e-04  1.34139e-05  8.44509e-02
    20  3.24302e+00  4.53026e-01  3.4273e-02  0.944    0.00 -3.43436e-02  6.42055e-03 -1.03246e-14 -5.19318e-04  1.59442e-05  8.37121e-02
    21  3.19127e+00  5.39110e-01 -3.4273e-02  0.056    0.00 -5.54003e-02  1.03616e-02 -1.14836e-13  5.33273e-04 -5.42797e-05  8.94973e-02
    21  3.18892e+00  5.30872e-01 -2.5705e-02  0.167    0.00 -5.35162e-02  1.00124e-02 -1.01983e-13  4.03744e-04 -4.99252e-05  8.87625e-02
    21  3.18656e+00  5.22634e-01 -1.7136e-02  0.278    0.00 -5.16321e-02  9.66322e-03 -8.91159e-14  2.73645e-04 -4.55515e-05  8.80277e-02
    21  3.18421e+00  5.14396e-01 -8.5682e-03  0.389    0.00 -4.97480e-02  9.31402e-03 -7.62411e-14  1.42977e-04 -4.11585e-05  8.72929e-02
    21  3.18185e+00  5.06158e-01  0.0000e+00  0.500    0.00 -4.78639e-02  8.96482e-03 -6.33572e-14  1.17387e-05 -3.67463e-05  8.65581e-02
    21  3.17950e+00  4.97919e-01  8.5682e-03  0.611    0.00 -4.59798e-02  8.61562e-03 -5.04697e-14 -1.20069e-04 -3.23149e-05  8.58233e-02
    21  3.17714e+00  4.89681e-01  1.7136e-02  0.722    0.00 -4.40957e-02  8.26642e-03 -3.75894e-14 -2.52446e-04 -2.78643e-05  8.50884e-02
    21  3.17479e+00  4.81443e-01  2.5705e-02  0.833    0.00 -4.22116e-02  7.91722e-03 -2.47110e-14 -3.85393e-04 -2.33945e-05  8.43536e-02
    21  3.17243e+00  4.73205e-01  3.4273e-02  0.944    0.00 -4.03275e-02  7.56802e-03 -1.18180e-14 -5.18909e-04 -1.89054e-05  8.36188e-02
    22  3.12065e+00  5.59261e-01 -3.4273e-02  0.056    0.00 -6.13907e-02  1.14684e-02 -1.28453e-13  5.32571e-04 -7.22484e-05  8.93624e-02
    22  3.11831e+00  5.51020e-01 -2.5705e-02  0.167    0.00 -5.95043e-02  1.11240e-02 -1.14083e-13  4.03231e-04 -6.96019e-05  8.86303e-02
    22  3.11596e+00  5.42779e-01 -1.7136e-02  0.278    0.00 -5.76180e-02  1.07796e-02 -9.96915e-14  2.73324e-04 -6.68346e-05  8.78983e-02
    22  3.11361e+00  5.34539e-01 -8.5682e-03  0.389    0.00 -5.57316e-02  1.04352e-02 -8.53070e-14  1.42851e-04 -6.39462e-05  8.71662e-02
    22  3.11127e+00  5.26298e-01  0.0000e+00  0.500    0.00 -5.38452e-02  1.00908e-02 -7.09042e-14  1.18113e-05 -6.09369e-05  8.64342e-02
    22  3.10892e+00  5.18058e-01  8.5682e-03  0.611    0.00 -5.19589e-02  9.74642e-03 -5.65087e-14 -1.19794e-04 -5.78067e-05  8.57022e-02
    22  3.10657e+00  5.09817e-01  1.7136e-02  0.722    0.00 -5.00725e-02  9.40202e-03 -4.20987e-14 -2.51966e-04 -5.45555e-05  8.49701e-02
    22  3.10422e+00  5.01577e-01  2.5705e-02  0.833    0.00 -4.81862e-02  9.05763e-03 -2.77068e-14 -3.84703e-04 -5.11834e-05  8.42381e-02
    22  3.10188e+00  4.93336e-01  3.4273e-02  0.944    0.00 -4.62998e-02  8.71324e-03 -1.32859e-14 -5.18007e-04 -4.76903e-05  8.35061e-02
    23  3.05003e+00  5.79359e-01 -3.4273e-02  0.056    0.00 -6.73689e-02  1.25728e-02 -1.42038e-13  5.31871e-04 -8.18155e-05  8.92147e-02
    23  3.04769e+00  5.71117e-01 -2.5705e-02  0.167    0.00 -6.54807e-02  1.22333e-02 -1.26158e-13  4.02736e-04 -7.82199e-05  8.84849e-02
    23  3.04535e+00  5.62876e-01 -1.7136e-02  0.278    0.00 -6.35925e-02  1.18938e-02 -1.10256e-13  2.73029e-04 -7.44790e-05  8.77551e-02
    23  3.04300e+00  5.54634e-01 -8.5682e-03  0.389    0.00 -6.17043e-02  1.15543e-02 -9.43583e-14  1.42747e-04 -7.05928e-05  8.70253e-02
    23  3.04066e+00  5.46393e-01  0.0000e+00  0.500    0.00 -5.98161e-02  1.12148e-02 -7.84348e-14  1.18925e-05 -6.65612e-05  8.62955e-02
    23  3.03831e+00  5.38151e-01  8.5682e-03  0.611    0.00 -5.79279e-02  1.08753e-02 -6.25187e-14 -1.19536e-04 -6.23844e-05  8.55657e-02
    23  3.03597e+00  5.29910e-01  1.7136e-02  0.722    0.00 -5.60397e-02  1.05358e-02 -4.66061e-14 -2.51537e-04 -5.80623e-05  8.48359e-02
    23  3.03363e+00  5.21669e-01  2.5705e-02  0.833    0.00 -5.41515e-02  1.01963e-02 -3.07118e-14 -3.84112e-04 -5.35948e-05  8.41061e-02
    23  3.03128e+00  5.13427e-01  3.4273e-02  0.944    0.00 -5.22633e-02  9.85682e-03 -1.47993e-14 -5.17261e-04 -4.89821e-05  8.33763e-02
    24  2.97942e+00  5.99440e-01 -3.4273e-02  0.056    0.00 -7.33431e-02  1.36765e-02 -1.55615e-13  5.31468e-04 -9.19327e-05  8.90539e-02
    24  2.97707e+00  5.91198e-01 -2.5705e-02  0.167    0.00 -7.14533e-02  1.33420e-02 -1.38218e-13  4.02436e-04 -8.59748e-05  8.83262e-02
    24  2.97473e+00  5.82957e-01 -1.7136e-02  0.278    0.00 -6.95635e-02  1.30074e-02 -1.20810e-13  2.72835e-04 -7.98683e-05  8.75986e-02
    24  2.97239e+00  5.74715e-01 -8.5682e-03  0.389    0.00 -6.76737e-02  1.26728e-02 -1.03406e-13  1.42666e-04 -7.36129e-05  8.68709e-02
    24  2.97004e+00  5.66474e-01  0.0000e+00  0.500    0.00 -6.57839e-02  1.23383e-02 -8.59654e-14  1.19286e-05 -6.72088e-05  8.61432e-02
    24  2.96770e+00  5.58232e-01  8.5682e-03  0.611    0.00 -6.38941e-02  1.20037e-02 -6.85468e-14 -1.19377e-04 -6.06560e-05  8.54155e-02
    24  2.96536e+00  5.49991e-01  1.7136e-02  0.722    0.00 -6.20043e-02  1.16691e-02 -5.11136e-14 -2.51251e-04 -5.39544e-05  8.46879e-02
    24  2.96301e+00  5.41749e-01  2.5705e-02  0.833    0.00 -6.01145e-02  1.13346e-02 -3.37022e-14 -3.83693e-04 -4.71040e-05  8.39602e-02
    24  2.96067e+00  5.33508e-01  3.4273e-02  0.944    0.00 -5.82247e-02  1.10000e-02 -1.62581e-14 -5.16703e-04 -4.01049e-05  8.32325e-02
    25  2.90878e+00  6.19489e-01 -3.4273e-02  0.056    0.00 -7.93102e-02  1.47789e-02 -1.69119e-13  5.30570e-04 -1.18956e-04  8.88813e-02
    25  2.90644e+00  6.11245e-01 -2.5705e-02  0.167    0.00 -7.74182e-02  1.44492e-02 -1.50259e-13  4.01768e-04 -1.14407e-04  8.81552e-02
    25  2.90411e+00  6.03001e-01 -1.7136e-02  0.278    0.00 -7.55261e-02  1.41194e-02 -1.31349e-13  2.72409e-04 -1.09576e-04  8.74290e-02
    25  2.90177e+00  5.94757e-01 -8.5682e-03  0.389    0.00 -7.36340e-02  1.37896e-02 -1.12435e-13  1.42491e-04 -1.04462e-04  8.67029e-02
    25  2.89944e+00  5.86513e-01  0.0000e+00  0.500    0.00 -7.17420e-02  1.34599e-02 -9.34888e-14  1.20150e-05 -9.90667e-05  8.59768e-02
    25  2.89710e+00  5.78270e-01  8.5682e-03  0.611    0.00 -6.98499e-02  1.31301e-02 -7.45495e-14 -1.19019e-04 -9.33890e-05  8.52506e-02
    25  2.89477e+00  5.70026e-01  1.7136e-02  0.722    0.00 -6.79578e-02  1.28003e-02 -5.56029e-14 -2.50610e-04 -8.74292e-05  8.45245e-02
    25  2.89243e+00  5.61782e-01  2.5705e-02  0.833    0.00 -6.60658e-02  1.24706e-02 -3.66927e-14 -3.82760e-04 -8.11873e-05  8.37983e-02
    25  2.89010e+00  5.53538e-01  3.4273e-02  0.944    0.00 -6.41737e-02  1.21408e-02 -1.77497e-14 -5.15467e-04 -7.46633e-05  8.30722e-02
    26  2.83811e+00  6.39460e-01 -3.4273e-02  0.056    0.00 -8.52598e-02  1.58781e-02 -1.82685e-13  5.29329e-04 -1.41999e-04  8.86976e-02
    26  2.83578e+00  6.31213e-01 -2.5705e-02  0.167    0.00 -8.33653e-02  1.55530e-02 -1.62272e-13  4.00884e-04 -1.39704e-04  8.79718e-02
    26  2.83346e+00  6.22967e-01 -1.7136e-02  0.278    0.00 -8.14708e-02  1.52280e-02 -1.41848e-13  2.71874e-04 -1.36996e-04  8.72461e-02
    26  2.83113e+00  6.14720e-01 -8.5682e-03  0.389    0.00 -7.95762e-02  1.49030e-02 -1.21421e-13  1.42298e-04 -1.33875e-04  8.65204e-02
    26  2.82881e+00  6.06473e-01  0.0000e+00  0.500    0.00 -7.76817e-02  1.45780e-02 -1.00983e-13  1.21577e-05 -1.30340e-04  8.57946e-02
    26  2.82648e+00  5.98226e-01  8.5682e-03  0.611    0.00 -7.57872e-02  1.42530e-02 -8.05449e-14 -1.18548e-04 -1.26392e-04  8.50689e-02
    26  2.82416e+00  5.89980e-01  1.7136e-02  0.722    0.00 -7.38927e-02  1.39280e-02 -6.00958e-14 -2.49819e-04 -1.22031e-04  8.43432e-02
    26  2.82183e+00  5.81733e-01  2.5705e-02  0.833    0.00 -7.19982e-02  1.36030e-02 -3.96649e-14 -3.81654e-04 -1.17257e-04  8.36174e-02
    26  2.81951e+00  5.73486e-01  3.4273e-02  0.944    0.00 -7.01037e-02  1.32780e-02 -1.92049e-14 -5.14055e-04 -1.12069e-04  8.28917e-02
    27  2.76745e+00  6.59380e-01 -3.4273e-02  0.056    0.00 -9.11970e-02  1.69748e-02 -1.96127e-13  5.28629e-04 -1.56096e-04  8.85019e-02
    27  2.76513e+00  6.51133e-01 -2.5705e-02  0.167    0.00 -8.93009e-02  1.66548e-02 -1.74256e-13  4.00388e-04 -1.51403e-04  8.77759e-02
    27  2.76280e+00  6.42886e-01 -1.7136e-02  0.278    0.00 -8.74048e-02  1.63347e-02 -1.52348e-13  2.71575e-04 -1.46277e-04  8.70500e-02
    27  2.76048e+00  6.34639e-01 -8.5682e-03  0.389    0.00 -8.55087e-02  1.60146e-02 -1.30418e-13  1.42190e-04 -1.40719e-04  8.63240e-02
    27  2.75815e+00  6.26392e-01  0.0000e+00  0.500    0.00 -8.36126e-02  1.56945e-02 -1.08466e-13  1.22337e-05 -1.34729e-04  8.55980e-02
    27  2.75583e+00  6.18146e-01  8.5682e-03  0.611    0.00 -8.17165e-02  1.53744e-02 -8.65148e-14 -1.18294e-04 -1.28306e-04  8.48721e-02
    27  2.75350e+00  6.09899e-01  1.7136e-02  0.722    0.00 -7.98204e-02  1.50544e-02 -6.45705e-14 -2.49394e-04 -1.21452e-04  8.41461e-02
    27  2.75118e+00  6.01652e-01  2.5705e-02  0.833    0.00 -7.79243e-02  1.47343e-02 -4.26298e-14 -3.81065e-04 -1.14166e-04  8.34202e-02
    27  2.74885e+00  5.93405e-01  3.4273e-02  0.944    0.00 -7.60282e-02  1.44142e-02 -2.07037e-14 -5.13308e-04 -1.06447e-04  8.26942e-02
    28  2.69680e+00  6.79283e-01 -3.4273e-02  0.056    0.00 -9.71303e-02  1.80709e-02 -2.09664e-13  5.27789e-04 -1.97397e-04  8.82961e-02
    28  2.69447e+00  6.71035e-01 -2.5705e-02  0.167    0.00 -9.52323e-02  1.77557e-02 -1.86254e-13  3.99739e-04 -1.89034e-04  8.75694e-02
    28  2.69215e+00  6.62787e-01 -1.7136e-02  0.278    0.00 -9.33344e-02  1.74405e-02 -1.62814e-13  2.71141e-04 -1.80131e-04  8.68426e-02
    28  2.68983e+00  6.54539e-01 -8.5682e-03  0.389    0.00 -9.14364e-02  1.71253e-02 -1.39396e-13  1.41995e-04 -1.70688e-04  8.61159e-02
    28  2.68751e+00  6.46292e-01  0.0000e+00  0.500    0.00 -8.95385e-02  1.68101e-02 -1.15942e-13  1.23000e-05 -1.60705e-04  8.53892e-02
    28  2.68519e+00  6.38044e-01  8.5682e-03  0.611    0.00 -8.76405e-02  1.64949e-02 -9.24956e-14 -1.17943e-04 -1.50182e-04  8.46625e-02
    28  2.68287e+00  6.29796e-01  1.7136e-02  0.722    0.00 -8.57425e-02  1.61796e-02 -6.90488e-14 -2.48734e-04 -1.39119e-04  8.39357e-02
    28  2.68055e+00  6.21548e-01  2.5705e-02  0.833    0.00 -8.38446e-02  1.58644e-02 -4.56203e-14 -3.80074e-04 -1.27516e-04  8.32090e-02
    28  2.67822e+00  6.13301e-01  3.4273e-02  0.944    0.00 -8.19466e-02  1.55492e-02 -2.21553e-14 -5.11962e-04 -1.15373e-04  8.24823e-02
    29  2.62605e+00  6.99085e-01 -3.4273e-02  0.056    0.00 -1.03042e-01  1.91630e-02 -2.23117e-13  5.25721e-04 -2.81762e-04  8.80849e-02
    29  2.62375e+00  6.90831e-01 -2.5705e-02  0.167    0.00 -1.01140e-01  1.88523e-02 -1.98190e-13  3.98244e-04 -2.80706e-04  8.73550e-02
    29  2.62146e+00  6.82577e-01 -1.7136e-02  0.278    0.00 -9.92387e-02  1.85416e-02 -1.73255e-13  2.70219e-04 -2.78648e-04  8.66250e-02
    29  2.61916e+00  6.74322e-01 -8.5682e-03  0.389    0.00 -9.73372e-02  1.82309e-02 -1.48335e-13  1.41646e-04 -2.75589e-04  8.58951e-02
    29  2.61686e+00  6.66068e-01  0.0000e+00  0.500    0.00 -9.54358e-02  1.79202e-02 -1.23389e-13  1.25248e-05 -2.71529e-04  8.51652e-02
    29  2.61456e+00  6.57814e-01  8.5682e-03  0.611    0.00 -9.35343e-02  1.76095e-02 -9.84473e-14 -1.17145e-04 -2.66468e-04  8.44352e-02
    29  2.61226e+00  6.49559e-01  1.7136e-02  0.722    0.00 -9.16328e-02  1.72988e-02 -7.35090e-14 -2.47363e-04 -2.60405e-04  8.37053e-02
    29  2.60997e+00  6.41305e-01  2.5705e-02  0.833    0.00 -8.97313e-02  1.69881e-02 -4.85597e-14 -3.78129e-04 -2.53342e-04  8.29754e-02
    29  2.60767e+00  6.33050e-01  3.4273e-02  0.944    0.00 -8.78298e-02  1.66774e-02 -2.36178e-14 -5.09444e-04 -2.45277e-04  8.22455e-02
    30  2.55533e+00  7.18761e-01 -3.4273e-02  0.056    0.00 -1.08923e-01  2.02493e-02 -2.36432e-13  5.24236e-04 -4.52375e-04  8.78775e-02
    30  2.55304e+00  7.10506e-01 -2.5705e-02  0.167    0.00 -1.07020e-01  1.99435e-02 -2.10050e-13  3.97208e-04 -4.51089e-04  8.71394e-02
    30  2.55074e+00  7.02251e-01 -1.7136e-02  0.278    0.00 -1.05116e-01  1.96377e-02 -1.83623e-13  2.69610e-04 -4.48115e-04  8.64014e-02
    30  2.54845e+00  6.93996e-01 -8.5682e-03  0.389    0.00 -1.03213e-01  1.93318e-02 -1.57241e-13  1.41442e-04 -4.43454e-04  8.56633e-02
    30  2.54615e+00  6.85741e-01  0.0000e+00  0.500    0.00 -1.01310e-01  1.90260e-02 -1.30814e-13  1.27047e-05 -4.37106e-04  8.49253e-02
    30  2.54386e+00  6.77486e-01  8.5682e-03  0.611    0.00 -9.94066e-02  1.87202e-02 -1.04374e-13 -1.16603e-04 -4.29071e-04  8.41873e-02
    30  2.54156e+00  6.69231e-01  1.7136e-02  0.722    0.00 -9.75034e-02  1.84144e-02 -7.79328e-14 -2.46480e-04 -4.19349e-04  8.34492e-02
    30  2.53926e+00  6.60976e-01  2.5705e-02  0.833    0.00 -9.56001e-02  1.81086e-02 -5.15138e-14 -3.76928e-04 -4.07940e-04  8.27112e-02
    30  2.53697e+00  6.52721e-01  3.4273e-02  0.944    0.00 -9.36969e-02  1.78027e-02 -2.50766e-14 -5.07945e-04 -3.94843e-04  8.19731e-02
    31  2.48461e+00  7.38423e-01 -3.4273e-02  0.056    0.00 -1.14801e-01  2.13351e-02 -2.49791e-13  5.23593e-04 -7.22112e-04  8.76880e-02
    31  2.48232e+00  7.30168e-01 -2.5705e-02  0.167    0.00 -1.12896e-01  2.10342e-02 -2.21924e-13  3.96714e-04 -7.22043e-04  8.69341e-02
    31  2.48002e+00  7.21913e-01 -1.7136e-02  0.278    0.00 -1.10991e-01  2.07332e-02 -1.94021e-13  2.69281e-04 -7.19176e-04  8.61803e-02
    31  2.47773e+00  7.13658e-01 -8.5682e-03  0.389    0.00 -1.09087e-01  2.04323e-02 -1.66132e-13  1.41296e-04 -7.13513e-04  8.54264e-02
    31  2.47543e+00  7.05402e-01  0.0000e+00  0.500    0.00 -1.07182e-01  2.01314e-02 -1.38221e-13  1.27575e-05 -7.05053e-04  8.46726e-02
    31  2.47314e+00  6.97147e-01  8.5682e-03  0.611    0.00 -1.05277e-01  1.98305e-02 -1.10296e-13 -1.16334e-04 -6.93796e-04  8.39188e-02
    31  2.47084e+00  6.88892e-01  1.7136e-02  0.722    0.00 -1.03372e-01  1.95295e-02 -8.23711e-14 -2.45978e-04 -6.79743e-04  8.31649e-02
    31  2.46855e+00  6.80637e-01  2.5705e-02  0.833    0.00 -1.01467e-01  1.92286e-02 -5.44678e-14 -3.76174e-04 -6.62893e-04  8.24111e-02
    31  2.46625e+00  6.72382e-01  3.4273e-02  0.944    0.00 -9.95621e-02  1.89277e-02 -2.65136e-14 -5.06924e-04 -6.43246e-04  8.16573e-02
    32  2.41383e+00  7.58010e-01 -3.4273e-02  0.056    0.00 -1.20663e-01  2.24178e-02 -2.63062e-13  5.21638e-04 -1.18014e-03  8.75371e-02
    32  2.41155e+00  7.49749e-01 -2.5705e-02  0.167    0.00 -1.18755e-01  2.21215e-02 -2.33762e-13  3.95272e-04 -1.18917e-03  8.67542e-02
    32  2.40928e+00  7.41489e-01 -1.7136e-02  0.278    0.00 -1.16847e-01  2.18251e-02 -2.04389e-13  2.68369e-04 -1.19339e-03  8.59713e-02
    32  2.40700e+00  7.33228e-01 -8.5682e-03  0.389    0.00 -1.14939e-01  2.15288e-02 -1.75001e-13  1.40929e-04 -1.19282e-03  8.51884e-02
    32  2.40473e+00  7.24967e-01  0.0000e+00  0.500    0.00 -1.13031e-01  2.12324e-02 -1.45599e-13  1.29512e-05 -1.18746e-03  8.44054e-02
    32  2.40245e+00  7.16707e-01  8.5682e-03  0.611    0.00 -1.11123e-01  2.09361e-02 -1.16175e-13 -1.15563e-04 -1.17730e-03  8.36225e-02
    32  2.40018e+00  7.08446e-01  1.7136e-02  0.722    0.00 -1.09214e-01  2.06397e-02 -8.67876e-14 -2.44615e-04 -1.16235e-03  8.28396e-02
    32  2.39790e+00  7.00186e-01  2.5705e-02  0.833    0.00 -1.07306e-01  2.03434e-02 -5.74000e-14 -3.74205e-04 -1.14260e-03  8.20566e-02
    32  2.39563e+00  6.91925e-01  3.4273e-02  0.944    0.00 -1.05398e-01  2.00470e-02 -2.80124e-14 -5.04331e-04 -1.11806e-03  8.12737e-02
    33  2.34301e+00  7.77441e-01 -3.4273e-02  0.056    0.00 -1.26489e-01  2.34939e-02 -2.76326e-13  5.19375e-04 -1.99138e-03  8.74642e-02
    33  2.34075e+00  7.69176e-01 -2.5705e-02  0.167    0.00 -1.24578e-01  2.32022e-02 -2.45505e-13  3.93667e-04 -2.01276e-03  8.66287e-02
    33  2.33849e+00  7.60911e-01 -1.7136e-02  0.278    0.00 -1.22667e-01  2.29104e-02 -2.14663e-13  2.67405e-04 -2.02587e-03  8.57933e-02
    33  2.33624e+00  7.52646e-01 -8.5682e-03  0.389    0.00 -1.20756e-01  2.26187e-02 -1.83813e-13  1.40589e-04 -2.03071e-03  8.49578e-02
    33  2.33398e+00  7.44381e-01  0.0000e+00  0.500    0.00 -1.18845e-01  2.23270e-02 -1.52941e-13  1.32179e-05 -2.02728e-03  8.41224e-02
    33  2.33172e+00  7.36117e-01  8.5682e-03  0.611    0.00 -1.16934e-01  2.20353e-02 -1.22061e-13 -1.14707e-04 -2.01557e-03  8.32869e-02
    33  2.32946e+00  7.27852e-01  1.7136e-02  0.722    0.00 -1.15023e-01  2.17435e-02 -9.11823e-14 -2.43186e-04 -1.99560e-03  8.24514e-02
    33  2.32720e+00  7.19587e-01  2.5705e-02  0.833    0.00 -1.13112e-01  2.14518e-02 -6.03031e-14 -3.72220e-04 -1.96735e-03  8.16160e-02
    33  2.32494e+00  7.11322e-01  3.4273e-02  0.944    0.00 -1.11201e-01  2.11601e-02 -2.93949e-14 -5.01807e-04 -1.93083e-03  8.07805e-02
    34  2.27220e+00  7.96795e-01 -3.4273e-02  0.056    0.00 -1.32296e-01  2.45665e-02 -2.89532e-13  5.18358e-04 -3.44158e-03  8.75418e-02
    34  2.26994e+00  7.88530e-01 -2.5705e-02  0.167    0.00 -1.30384e-01  2.42797e-02 -2.57241e-13  3.92953e-04 -3.48128e-03  8.66125e-02
    34  2.26768e+00  7.80265e-01 -1.7136e-02  0.278    0.00 -1.28471e-01  2.39928e-02 -2.24936e-13  2.66980e-04 -3.50656e-03  8.56833e-02
    34  2.26543e+00  7.72000e-01 -8.5682e-03  0.389    0.00 -1.26559e-01  2.37060e-02 -1.92602e-13  1.40439e-04 -3.51741e-03  8.47540e-02
    34  2.26317e+00  7.63735e-01  0.0000e+00  0.500    0.00 -1.24646e-01  2.34191e-02 -1.60275e-13  1.33307e-05 -3.51384e-03  8.38247e-02
    34  2.26091e+00  7.55470e-01  8.5682e-03  0.611    0.00 -1.22734e-01  2.31322e-02 -1.27926e-13 -1.14345e-04 -3.49584e-03  8.28955e-02
    34  2.25865e+00  7.47204e-01  1.7136e-02  0.722    0.00 -1.20821e-01  2.28454e-02 -9.55479e-14 -2.42589e-04 -3.46342e-03  8.19662e-02
    34  2.25639e+00  7.38939e-01  2.5705e-02  0.833    0.00 -1.18909e-01  2.25585e-02 -6.32281e-14 -3.71400e-04 -3.41657e-03  8.10369e-02
    34  2.25413e+00  7.30674e-01  3.4273e-02  0.944    0.00 -1.16996e-01  2.22717e-02 -3.08355e-14 -5.00779e-04 -3.35530e-03  8.01077e-02
    35  2.20142e+00  8.16132e-01 -3.4273e-02  0.056    0.00 -1.38100e-01  2.56383e-02 -3.02738e-13  5.17085e-04 -6.12584e-03  8.79066e-02
    35  2.19916e+00  8.07866e-01 -2.5705e-02  0.167    0.00 -1.36185e-01  2.53563e-02 -2.68941e-13  3.91956e-04 -6.19722e-03  8.68087e-02
    35  2.19691e+00  7.99601e-01 -1.7136e-02  0.278    0.00 -1.34271e-01  2.50743e-02 -2.35166e-13  2.66302e-04 -6.24283e-03  8.57108e-02
    35  2.19465e+00  7.91335e-01 -8.5682e-03  0.389    0.00 -1.32357e-01  2.47923e-02 -2.01391e-13  1.40124e-04 -6.26266e-03  8.46128e-02
    35  2.19239e+00  7.83070e-01  0.0000e+00  0.500    0.00 -1.30443e-01  2.45103e-02 -1.67573e-13  1.34223e-05 -6.25671e-03  8.35149e-02
    35  2.19013e+00  7.74804e-01  8.5682e-03  0.611    0.00 -1.28529e-01  2.42283e-02 -1.33747e-13 -1.13804e-04 -6.22498e-03  8.24170e-02
    35  2.18788e+00  7.66539e-01  1.7136e-02  0.722    0.00 -1.26614e-01  2.39463e-02 -9.99353e-14 -2.41555e-04 -6.16748e-03  8.13190e-02
    35  2.18562e+00  7.58273e-01  2.5705e-02  0.833    0.00 -1.24700e-01  2.36643e-02 -6.61457e-14 -3.69829e-04 -6.08420e-03  8.02211e-02
    35  2.18336e+00  7.50008e-01  3.4273e-02  0.944    0.00 -1.22786e-01  2.33823e-02 -3.22834e-14 -4.98629e-04 -5.97515e-03  7.91231e-02
    36  2.13046e+00  8.35301e-01 -3.4273e-02  0.056    0.00 -1.43867e-01  2.67035e-02 -3.15820e-13  2.57639e-04  2.80940e-03  8.76970e-02
    36  2.12824e+00  8.27023e-01 -2.5705e-02  0.167    0.00 -1.41947e-01  2.64256e-02 -2.80590e-13  1.95276e-04  1.06856e-03  8.64193e-02
    36  2.12603e+00  8.18745e-01 -1.7136e-02  0.278    0.00 -1.40028e-01  2.61477e-02 -2.45360e-13  1.32673e-04 -6.55226e-04  8.51415e-02
    36  2.12382e+00  8.10467e-01 -8.5682e-03  0.389    0.00 -1.38108e-01  2.58699e-02 -2.10130e-13  6.98295e-05 -2.36196e-03  8.38638e-02
    36  2.12161e+00  8.02189e-01  0.0000e+00  0.500    0.00 -1.36189e-01  2.55920e-02 -1.74819e-13  6.74561e-06 -4.05163e-03  8.25860e-02
    36  2.11940e+00  7.93911e-01  8.5682e-03  0.611    0.00 -1.34270e-01  2.53141e-02 -1.39553e-13 -5.65787e-05 -5.72425e-03  8.13083e-02
    36  2.11719e+00  7.85633e-01  1.7136e-02  0.722    0.00 -1.32350e-01  2.50362e-02 -1.04286e-13 -1.20143e-04 -7.37982e-03  8.00305e-02
    36  2.11498e+00  7.77356e-01  2.5705e-02  0.833    0.00 -1.30431e-01  2.47583e-02 -6.90197e-14 -1.83949e-04 -9.01834e-03  7.87527e-02
    36  2.11276e+00  7.69078e-01  3.4273e-02  0.944    0.00 -1.28511e-01  2.44804e-02 -3.37095e-14 -2.47994e-04 -1.06398e-02  7.74750e-02
    37  2.06007e+00  8.54097e-01 -3.4273e-02  0.056    0.00 -1.49471e-01  2.79541e-02 -3.28400e-13  2.31330e-04 -3.74507e-03  1.99631e-01
    37  2.05786e+00  8.45818e-01 -2.5705e-02  0.167    0.00 -1.47567e-01  2.76288e-02 -2.91802e-13  1.69216e-04 -3.84119e-03  1.99511e-01
    37  2.05565e+00  8.37540e-01 -1.7136e-02  0.278    0.00 -1.45662e-01  2.73034e-02 -2.55161e-13  1.06950e-04 -3.92073e-03  1.99390e-01
    37  2.05344e+00  8.29261e-01 -8.5682e-03  0.389    0.00 -1.43758e-01  2.69781e-02 -2.18519e-13  4.45339e-05 -3.98370e-03  1.99269e-01
    37  2.05123e+00  8.20983e-01  0.0000e+00  0.500    0.00 -1.41854e-01  2.66528e-02 -1.81863e-13 -1.80332e-05 -4.03008e-03  1.99148e-01
    37  2.04902e+00  8.12705e-01  8.5682e-03  0.611    0.00 -1.39949e-01  2.63275e-02 -1.45155e-13 -8.07510e-05 -4.05989e-03  1.99028e-01
    37  2.04681e+00  8.04426e-01  1.7136e-02  0.722    0.00 -1.38045e-01  2.60022e-02 -1.08485e-13 -1.43620e-04 -4.07312e-03  1.98907e-01
    37  2.04460e+00  7.96148e-01  2.5705e-02  0.833    0.00 -1.36140e-01  2.56768e-02 -7.18210e-14 -2.06639e-04 -4.06977e-03  1.98786e-01
    37  2.04239e+00  7.87870e-01  3.4273e-02  0.944    0.00 -1.34236e-01  2.53515e-02 -3.51429e-14 -2.69809e-04 -4.04985e-03  1.98666e-01
    38  1.99016e+00  8.72753e-01 -3.4273e-02  0.056    0.00 -1.55097e-01  2.90021e-02 -3.41162e-13  4.61992e-04 -5.99095e-03  1.99959e-01
    38  1.98795e+00  8.64474e-01 -2.5705e-02  0.167    0.00 -1.53191e-01  2.86794e-02 -3.03175e-13  3.37913e-04 -6.06483e-03  1.99664e-01
    38  1.98575e+00  8.56196e-01 -1.7136e-02  0.278    0.00 -1.51286e-01  2.83566e-02 -2.65121e-13  2.13553e-04 -6.11344e-03  1.99370e-01
    38  1.98354e+00  8.47917e-01 -8.5682e-03  0.389    0.00 -1.49381e-01  2.80338e-02 -2.27046e-13  8.89114e-05 -6.13677e-03  1.99076e-01
    38  1.98133e+00  8.39638e-01  0.0000e+00  0.500    0.00 -1.47475e-01  2.77110e-02 -1.88920e-13 -3.60112e-05 -6.13483e-03  1.98782e-01
    38  1.97912e+00  8.31360e-01  8.5682e-03  0.611    0.00 -1.45570e-01  2.73883e-02 -1.50809e-13 -1.61215e-04 -6.10761e-03  1.98488e-01
    38  1.97691e+00  8.23081e-01  1.7136e-02  0.722    0.00 -1.43665e-01  2.70655e-02 -1.12705e-13 -2.86700e-04 -6.05511e-03  1.98194e-01
    38  1.97470e+00  8.14803e-01  2.5705e-02  0.833    0.00 -1.41759e-01  2.67427e-02 -7.46222e-14 -4.12466e-04 -5.97733e-03  1.97900e-01
    38  1.97249e+00  8.06524e-01  3.4273e-02  0.944    0.00 -1.39854e-01  2.64200e-02 -3.65326e-14 -5.38513e-04 -5.87428e-03  1.97606e-01
    39  1.92022e+00  8.91317e-01 -3.4273e-02  0.056    0.00 -1.60701e-01  3.00463e-02 -3.53968e-13  4.59236e-04 -3.44533e-03  2.00254e-01
    39  1.91803e+00  8.83032e-01 -2.5705e-02  0.167    0.00 -1.58793e-01  2.97258e-02 -3.14511e-13  3.35865e-04 -3.48093e-03  1.99796e-01
    39  1.91584e+00  8.74748e-01 -1.7136e-02  0.278    0.00 -1.56886e-01  2.94052e-02 -2.74973e-13  2.12253e-04 -3.50215e-03  1.99338e-01
    39  1.91366e+00  8.66464e-01 -8.5682e-03  0.389    0.00 -1.54978e-01  2.90846e-02 -2.35508e-13  8.84010e-05 -3.50900e-03  1.98880e-01
    39  1.91147e+00  8.58179e-01  0.0000e+00  0.500    0.00 -1.53070e-01  2.87641e-02 -1.95985e-13 -3.56915e-05 -3.50146e-03  1.98422e-01
    39  1.90928e+00  8.49895e-01  8.5682e-03  0.611    0.00 -1.51162e-01  2.84435e-02 -1.56462e-13 -1.60024e-04 -3.47954e-03  1.97964e-01
    39  1.90710e+00  8.41610e-01  1.7136e-02  0.722    0.00 -1.49254e-01  2.81229e-02 -1.16925e-13 -2.84597e-04 -3.44325e-03  1.97506e-01
    39  1.90491e+00  8.33326e-01  2.5705e-02  0.833    0.00 -1.47346e-01  2.78023e-02 -7.74380e-14 -4.09411e-04 -3.39257e-03  1.97048e-01
    39  1.90272e+00  8.25041e-01  3.4273e-02  0.944    0.00 -1.45438e-01  2.74818e-02 -3.78714e-14 -5.34465e-04 -3.32752e-03  1.96590e-01
    40  1.85014e+00  9.09622e-01 -3.4273e-02  0.056    0.00 -1.66248e-01  3.10797e-02 -3.66468e-13  4.54848e-04 -2.14446e-03  2.00259e-01
    40  1.84799e+00  9.01326e-01 -2.5705e-02  0.167    0.00 -1.64336e-01  3.07610e-02 -3.25650e-13  3.32761e-04 -2.17046e-03  1.99706e-01
    40  1.84585e+00  8.93031e-01 -1.7136e-02  0.278    0.00 -1.62424e-01  3.04423e-02 -2.84766e-13  2.10416e-04 -2.18748e-03  1.99153e-01
    40  1.84371e+00  8.84735e-01 -8.5682e-03  0.389    0.00 -1.60512e-01  3.01236e-02 -2.43897e-13  8.78122e-05 -2.19553e-03  1.98600e-01
    40  1.84156e+00  8.76439e-01  0.0000e+00  0.500    0.00 -1.58599e-01  2.98049e-02 -2.02956e-13 -3.50507e-05 -2.19461e-03  1.98047e-01
    40  1.83942e+00  8.68144e-01  8.5682e-03  0.611    0.00 -1.56687e-01  2.94862e-02 -1.62050e-13 -1.58172e-04 -2.18471e-03  1.97494e-01
    40  1.83727e+00  8.59848e-01  1.7136e-02  0.722    0.00 -1.54775e-01  2.91674e-02 -1.21123e-13 -2.81553e-04 -2.16584e-03  1.96940e-01
    40  1.83513e+00  8.51552e-01  2.5705e-02  0.833    0.00 -1.52863e-01  2.88487e-02 -8.02320e-14 -4.05192e-04 -2.13799e-03  1.96387e-01
    40  1.83299e+00  8.43257e-01  3.4273e-02  0.944    0.00 -1.50951e-01  2.85300e-02 -3.92756e-14 -5.29090e-04 -2.10117e-03  1.95834e-01
    41  1.78011e+00  9.27717e-01 -3.4273e-02  0.056    0.00 -1.71744e-01  3.21037e-02 -3.78961e-13  4.52467e-04 -1.32215e-03  2.00098e-01
    41  1.77797e+00  9.19421e-01 -2.5705e-02  0.167    0.00 -1.69831e-01  3.17875e-02 -3.36782e-13  3.31129e-04 -1.32811e-03  1.99488e-01
    41  1.77582e+00  9.11125e-01 -1.7136e-02  0.278    0.00 -1.67918e-01  3.14712e-02 -2.94487e-13  2.09494e-04 -1.32873e-03  1.98878e-01
    41  1.77368e+00  9.02829e-01 -8.5682e-03  0.389    0.00 -1.66005e-01  3.11550e-02 -2.52221e-13  8.75629e-05 -1.32403e-03  1.98268e-01
    41  1.77154e+00  8.94534e-01  0.0000e+00  0.500    0.00 -1.64092e-01  3.08388e-02 -2.09890e-13 -3.46653e-05 -1.31399e-03  1.97658e-01
    41  1.76939e+00  8.86238e-01  8.5682e-03  0.611    0.00 -1.62179e-01  3.05226e-02 -1.67565e-13 -1.57190e-04 -1.29863e-03  1.97048e-01
    41  1.76725e+00  8.77942e-01  1.7136e-02  0.722    0.00 -1.60266e-01  3.02064e-02 -1.25241e-13 -2.80012e-04 -1.27794e-03  1.96438e-01
    41  1.76511e+00  8.69646e-01  2.5705e-02  0.833    0.00 -1.58353e-01  2.98902e-02 -8.29314e-14 -4.03130e-04 -1.25192e-03  1.95828e-01
    41  1.76296e+00  8.61350e-01  3.4273e-02  0.944    0.00 -1.56440e-01  2.95740e-02 -4.06435e-14 -5.26545e-04 -1.22057e-03  1.95218e-01
    42  1.71009e+00  9.45800e-01 -3.4273e-02  0.056    0.00 -1.77238e-01  3.31270e-02 -3.91548e-13  4.51067e-04 -7.18223e-04  1.99823e-01
    42  1.70794e+00  9.37504e-01 -2.5705e-02  0.167    0.00 -1.75324e-01  3.28133e-02 -3.47856e-13  3.30040e-04 -7.06199e-04  1.99183e-01
    42  1.70580e+00  9.29207e-01 -1.7136e-02  0.278    0.00 -1.73410e-01  3.24996e-02 -3.04208e-13  2.08762e-04 -6.91576e-04  1.98543e-01
    42  1.70366e+00  9.20911e-01 -8.5682e-03  0.389    0.00 -1.71496e-01  3.21859e-02 -2.60537e-13  8.72349e-05 -6.74354e-04  1.97903e-01
    42  1.70152e+00  9.12615e-01  0.0000e+00  0.500    0.00 -1.69582e-01  3.18722e-02 -2.16809e-13 -3.45421e-05 -6.54534e-04  1.97262e-01
    42  1.69938e+00  9.04318e-01  8.5682e-03  0.611    0.00 -1.67668e-01  3.15585e-02 -1.73095e-13 -1.56569e-04 -6.32114e-04  1.96622e-01
    42  1.69724e+00  8.96022e-01  1.7136e-02  0.722    0.00 -1.65754e-01  3.12448e-02 -1.29396e-13 -2.78845e-04 -6.07096e-04  1.95982e-01
    42  1.69509e+00  8.87726e-01  2.5705e-02  0.833    0.00 -1.63840e-01  3.09311e-02 -8.57472e-14 -4.01372e-04 -5.79478e-04  1.95342e-01
    42  1.69295e+00  8.79430e-01  3.4273e-02  0.944    0.00 -1.61927e-01  3.06174e-02 -4.20332e-14 -5.24147e-04 -5.49262e-04  1.94702e-01
    43  1.63990e+00  9.63687e-01 -3.4273e-02  0.056    0.00 -1.82689e-01  3.41426e-02 -4.03867e-13  4.46325e-04 -4.34958e-04  1.99471e-01
    43  1.63781e+00  9.55378e-01 -2.5705e-02  0.167    0.00 -1.80770e-01  3.38306e-02 -3.58843e-13  3.26594e-04 -4.31198e-04  1.98817e-01
    43  1.63571e+00  9.47069e-01 -1.7136e-02  0.278    0.00 -1.78851e-01  3.35186e-02 -3.13768e-13  2.06641e-04 -4.25847e-04  1.98162e-01
    43  1.63362e+00  9.38760e-01 -8.5682e-03  0.389    0.00 -1.76933e-01  3.32066e-02 -2.68730e-13  8.64669e-05 -4.18903e-04  1.97508e-01
    43  1.63153e+00  9.30450e-01  0.0000e+00  0.500    0.00 -1.75014e-01  3.28946e-02 -2.23670e-13 -3.39277e-05 -4.10367e-04  1.96853e-01
    43  1.62944e+00  9.22141e-01  8.5682e-03  0.611    0.00 -1.73095e-01  3.25826e-02 -1.78574e-13 -1.54543e-04 -4.00239e-04  1.96199e-01
    43  1.62735e+00  9.13832e-01  1.7136e-02  0.722    0.00 -1.71177e-01  3.22706e-02 -1.33499e-13 -2.75380e-04 -3.88519e-04  1.95544e-01
    43  1.62526e+00  9.05522e-01  2.5705e-02  0.833    0.00 -1.69258e-01  3.19586e-02 -8.84538e-14 -3.96437e-04 -3.75206e-04  1.94890e-01
    43  1.62317e+00  8.97213e-01  3.4273e-02  0.944    0.00 -1.67339e-01  3.16466e-02 -4.33283e-14 -5.17715e-04 -3.60302e-04  1.94235e-01
    44  1.56968e+00  9.81212e-01 -3.4273e-02  0.056    0.00 -1.88055e-01  3.51423e-02 -4.16061e-13  4.41320e-04 -4.12568e-04  1.99083e-01
    44  1.56762e+00  9.72895e-01 -2.5705e-02  0.167    0.00 -1.86133e-01  3.48323e-02 -3.69699e-13  3.23096e-04 -4.09804e-04  1.98419e-01
    44  1.56556e+00  9.64578e-01 -1.7136e-02  0.278    0.00 -1.84211e-01  3.45223e-02 -3.23242e-13  2.04607e-04 -4.05521e-04  1.97755e-01
    44  1.56350e+00  9.56261e-01 -8.5682e-03  0.389    0.00 -1.82290e-01  3.42123e-02 -2.76865e-13  8.58544e-05 -3.99719e-04  1.97091e-01
    44  1.56144e+00  9.47943e-01  0.0000e+00  0.500    0.00 -1.80368e-01  3.39023e-02 -2.30415e-13 -3.31628e-05 -3.92398e-04  1.96426e-01
    44  1.55938e+00  9.39626e-01  8.5682e-03  0.611    0.00 -1.78446e-01  3.35923e-02 -1.83973e-13 -1.52444e-04 -3.83558e-04  1.95762e-01
    44  1.55732e+00  9.31309e-01  1.7136e-02  0.722    0.00 -1.76524e-01  3.32824e-02 -1.37581e-13 -2.71990e-04 -3.73199e-04  1.95098e-01
    44  1.55526e+00  9.22992e-01  2.5705e-02  0.833    0.00 -1.74602e-01  3.29724e-02 -9.11386e-14 -3.91800e-04 -3.61321e-04  1.94434e-01
    44  1.55320e+00  9.14675e-01  3.4273e-02  0.944    0.00 -1.72680e-01  3.26624e-02 -4.46889e-14 -5.11875e-04 -3.47923e-04  1.93770e-01
    45  1.49945e+00  9.98588e-01 -3.4273e-02  0.056    0.00 -1.93387e-01  3.61354e-02 -4.28176e-13  4.39384e-04 -3.00360e-04  1.98673e-01
    45  1.49739e+00  9.90271e-01 -2.5705e-02  0.167    0.00 -1.91464e-01  3.58279e-02 -3.80431e-13  3.21757e-04 -2.89539e-04  1.98001e-01
    45  1.49534e+00  9.81953e-01 -1.7136e-02  0.278    0.00 -1.89542e-01  3.55204e-02 -3.32657e-13  2.03840e-04 -2.77782e-04  1.97330e-01
    45  1.49328e+00  9.73635e-01 -8.5682e-03  0.389    0.00 -1.87619e-01  3.52128e-02 -2.84912e-13  8.56333e-05 -2.65090e-04  1.96659e-01
    45  1.49122e+00  9.65318e-01  0.0000e+00  0.500    0.00 -1.85696e-01  3.49053e-02 -2.37153e-13 -3.28627e-05 -2.51463e-04  1.95988e-01
    45  1.48917e+00  9.57000e-01  8.5682e-03  0.611    0.00 -1.83773e-01  3.45978e-02 -1.89364e-13 -1.51648e-04 -2.36899e-04  1.95317e-01
    45  1.48711e+00  9.48682e-01  1.7136e-02  0.722    0.00 -1.81850e-01  3.42902e-02 -1.41546e-13 -2.70723e-04 -2.21400e-04  1.94646e-01
    45  1.48505e+00  9.40365e-01  2.5705e-02  0.833    0.00 -1.79928e-01  3.39827e-02 -9.38016e-14 -3.90088e-04 -2.04966e-04  1.93974e-01
    45  1.48299e+00  9.32047e-01  3.4273e-02  0.944    0.00 -1.78005e-01  3.36752e-02 -4.59404e-14 -5.09742e-04 -1.87596e-04  1.93303e-01
    46  1.42929e+00  1.01593e+00 -3.4273e-02  0.056    0.00 -1.98710e-01  3.71268e-02 -4.40152e-13  4.36797e-04 -1.93186e-04  1.98235e-01
    46  1.42723e+00  1.00761e+00 -2.5705e-02  0.167    0.00 -1.96786e-01  3.68217e-02 -3.91126e-13  3.19755e-04 -1.64597e-04  1.97562e-01
    46  1.42518e+00  9.99291e-01 -1.7136e-02  0.278    0.00 -1.94862e-01  3.65166e-02 -3.42072e-13  2.02504e-04 -1.35795e-04  1.96890e-01
    46  1.42312e+00  9.90973e-01 -8.5682e-03  0.389    0.00 -1.92938e-01  3.62115e-02 -2.92988e-13  8.50436e-05 -1.06779e-04  1.96217e-01
    46  1.42107e+00  9.82655e-01  0.0000e+00  0.500    0.00 -1.91014e-01  3.59064e-02 -2.43832e-13 -3.26256e-05 -7.75504e-05  1.95545e-01
    46  1.41901e+00  9.74337e-01  8.5682e-03  0.611    0.00 -1.89091e-01  3.56013e-02 -1.94705e-13 -1.50504e-04 -4.81079e-05  1.94872e-01
    46  1.41696e+00  9.66018e-01  1.7136e-02  0.722    0.00 -1.87167e-01  3.52962e-02 -1.45570e-13 -2.68591e-04 -1.84520e-05  1.94199e-01
    46  1.41491e+00  9.57700e-01  2.5705e-02  0.833    0.00 -1.85243e-01  3.49911e-02 -9.64792e-14 -3.86888e-04  1.14173e-05  1.93527e-01
    46  1.41285e+00  9.49382e-01  3.4273e-02  0.944    0.00 -1.83319e-01  3.46860e-02 -4.73301e-14 -5.05393e-04  4.15000e-05  1.92854e-01
    47  1.35878e+00  1.03293e+00 -3.4273e-02  0.056    0.00 -2.03959e-01  3.81046e-02 -4.52084e-13  4.29369e-04 -6.34384e-05  1.97768e-01
    47  1.35682e+00  1.02459e+00 -2.5705e-02  0.167    0.00 -2.02027e-01  3.78006e-02 -4.01706e-13  3.14419e-04 -6.31047e-05  1.97097e-01
    47  1.35486e+00  1.01625e+00 -1.7136e-02  0.278    0.00 -2.00096e-01  3.74966e-02 -3.51298e-13  1.99273e-04 -6.26178e-05  1.96426e-01
    47  1.35289e+00  1.00791e+00 -8.5682e-03  0.389    0.00 -1.98164e-01  3.71926e-02 -3.00875e-13  8.39288e-05 -6.19778e-05  1.95755e-01
    47  1.35093e+00  9.99566e-01  0.0000e+00  0.500    0.00 -1.96233e-01  3.68886e-02 -2.50438e-13 -3.16122e-05 -6.11847e-05  1.95084e-01
    47  1.34897e+00  9.91226e-01  8.5682e-03  0.611    0.00 -1.94302e-01  3.65846e-02 -1.99987e-13 -1.47350e-04 -6.02385e-05  1.94414e-01
    47  1.34701e+00  9.82885e-01  1.7136e-02  0.722    0.00 -1.92370e-01  3.62806e-02 -1.49535e-13 -2.63285e-04 -5.91392e-05  1.93743e-01
    47  1.34504e+00  9.74545e-01  2.5705e-02  0.833    0.00 -1.90439e-01  3.59766e-02 -9.90694e-14 -3.79418e-04 -5.78867e-05  1.93072e-01
    47  1.34308e+00  9.66204e-01  3.4273e-02  0.944    0.00 -1.88508e-01  3.56726e-02 -4.85161e-14 -4.95747e-04 -5.64811e-05  1.92401e-01
    48  1.28840e+00  1.04943e+00 -3.4273e-02  0.056    0.00 -2.09089e-01  3.90602e-02 -4.63697e-13  4.23663e-04 -7.70582e-05  1.97278e-01
    48  1.28645e+00  1.04109e+00 -2.5705e-02  0.167    0.00 -2.07156e-01  3.87584e-02 -4.12067e-13  3.10484e-04 -6.41206e-05  1.96610e-01
    48  1.28450e+00  1.03274e+00 -1.7136e-02  0.278    0.00 -2.05223e-01  3.84566e-02 -3.60335e-13  1.97030e-04 -5.11802e-05  1.95942e-01
    48  1.28255e+00  1.02440e+00 -8.5682e-03  0.389    0.00 -2.03290e-01  3.81548e-02 -3.08661e-13  8.33008e-05 -3.82371e-05  1.95274e-01
    48  1.28060e+00  1.01606e+00  0.0000e+00  0.500    0.00 -2.01357e-01  3.78531e-02 -2.56900e-13 -3.07032e-05 -2.52911e-05  1.94606e-01
    48  1.27865e+00  1.00771e+00  8.5682e-03  0.611    0.00 -1.99424e-01  3.75513e-02 -2.05109e-13 -1.44982e-04 -1.23423e-05  1.93938e-01
    48  1.27670e+00  9.99369e-01  1.7136e-02  0.722    0.00 -1.97491e-01  3.72495e-02 -1.53392e-13 -2.59536e-04  6.09294e-07  1.93270e-01
    48  1.27475e+00  9.91026e-01  2.5705e-02  0.833    0.00 -1.95558e-01  3.69477e-02 -1.01645e-13 -3.74365e-04  1.35637e-05  1.92601e-01
    48  1.27280e+00  9.82682e-01  3.4273e-02  0.944    0.00 -1.93624e-01  3.66460e-02 -4.98549e-14 -4.89468e-04  2.65209e-05  1.91933e-01
    49  1.21796e+00  1.06588e+00 -3.4273e-02  0.056    0.00 -2.14209e-01  4.00135e-02 -4.75397e-13  4.22103e-04 -3.68383e-05  1.96774e-01
    49  1.21601e+00  1.05754e+00 -2.5705e-02  0.167    0.00 -2.12275e-01  3.97141e-02 -4.22398e-13  3.09341e-04 -1.61911e-05  1.96111e-01
    49  1.21406e+00  1.04919e+00 -1.7136e-02  0.278    0.00 -2.10341e-01  3.94148e-02 -3.69429e-13  1.96318e-04  4.17152e-06  1.95447e-01
    49  1.21211e+00  1.04085e+00 -8.5682e-03  0.389    0.00 -2.08407e-01  3.91154e-02 -3.16402e-13  8.30335e-05  2.42495e-05  1.94784e-01
    49  1.21017e+00  1.03250e+00  0.0000e+00  0.500    0.00 -2.06473e-01  3.88160e-02 -2.63331e-13 -3.05119e-05  4.40430e-05  1.94120e-01
    49  1.20822e+00  1.02416e+00  8.5682e-03  0.611    0.00 -2.04539e-01  3.85167e-02 -2.10275e-13 -1.44318e-04  6.35519e-05  1.93457e-01
    49  1.20627e+00  1.01582e+00  1.7136e-02  0.722    0.00 -2.02605e-01  3.82173e-02 -1.57219e-13 -2.58386e-04  8.27762e-05  1.92793e-01
    49  1.20432e+00  1.00747e+00  2.5705e-02  0.833    0.00 -2.00671e-01  3.79179e-02 -1.04221e-13 -3.72715e-04  1.01716e-04  1.92130e-01
    49  1.20237e+00  9.99129e-01  3.4273e-02  0.944    0.00 -1.98737e-01  3.76186e-02 -5.11500e-14 -4.87304e-04  1.20371e-04  1.91467e-01
    50  1.14752e+00  1.08220e+00 -3.4273e-02  0.056    0.00 -2.19297e-01  4.09611e-02 -4.86922e-13  4.17033e-04 -1.15759e-04  1.96263e-01
    50  1.14560e+00  1.07385e+00 -2.5705e-02  0.167    0.00 -2.17360e-01  4.06637e-02 -4.32687e-13  3.05541e-04 -8.67730e-05  1.95604e-01
    50  1.14368e+00  1.06550e+00 -1.7136e-02  0.278    0.00 -2.15423e-01  4.03663e-02 -3.78364e-13  1.93880e-04 -5.78891e-05  1.94946e-01
    50  1.14176e+00  1.05714e+00 -8.5682e-03  0.389    0.00 -2.13486e-01  4.00690e-02 -3.24129e-13  8.20496e-05 -2.91068e-05  1.94288e-01
    50  1.13984e+00  1.04879e+00  0.0000e+00  0.500    0.00 -2.11549e-01  3.97716e-02 -2.69778e-13 -2.99496e-05 -4.26204e-07  1.93629e-01
    50  1.13792e+00  1.04044e+00  8.5682e-03  0.611    0.00 -2.09612e-01  3.94742e-02 -2.15412e-13 -1.42118e-04  2.81527e-05  1.92971e-01
    50  1.13600e+00  1.03209e+00  1.7136e-02  0.722    0.00 -2.07676e-01  3.91769e-02 -1.61061e-13 -2.54455e-04  5.66300e-05  1.92312e-01
    50  1.13409e+00  1.02374e+00  2.5705e-02  0.833    0.00 -2.05739e-01  3.88795e-02 -1.06738e-13 -3.66962e-04  8.50057e-05  1.91654e-01
    50  1.13217e+00  1.01539e+00  3.4273e-02  0.944    0.00 -2.03802e-01  3.85821e-02 -5.23432e-14 -4.79637e-04  1.13280e-04  1.90996e-01
    51  1.07672e+00  1.09798e+00 -3.4273e-02  0.056    0.00 -2.24267e-01  4.18869e-02 -4.98199e-13  4.07268e-04  2.77722e-05  1.95734e-01
    51  1.07491e+00  1.08961e+00 -2.5705e-02  0.167    0.00 -2.22322e-01  4.15903e-02 -4.42698e-13  2.98592e-04  2.66868e-05  1.95080e-01
    51  1.07310e+00  1.08123e+00 -1.7136e-02  0.278    0.00 -2.20377e-01  4.12938e-02 -3.87154e-13  1.89727e-04  2.54134e-05  1.94426e-01
    51  1.07129e+00  1.07286e+00 -8.5682e-03  0.389    0.00 -2.18431e-01  4.09973e-02 -3.31594e-13  8.06745e-05  2.39519e-05  1.93773e-01
    51  1.06948e+00  1.06448e+00  0.0000e+00  0.500    0.00 -2.16486e-01  4.07008e-02 -2.75977e-13 -2.85668e-05  2.23026e-05  1.93119e-01
    51  1.06767e+00  1.05611e+00  8.5682e-03  0.611    0.00 -2.14541e-01  4.04042e-02 -2.20403e-13 -1.37996e-04  2.04652e-05  1.92465e-01
    51  1.06586e+00  1.04773e+00  1.7136e-02  0.722    0.00 -2.12596e-01  4.01077e-02 -1.64800e-13 -2.47614e-04  1.84399e-05  1.91811e-01
    51  1.06405e+00  1.03936e+00  2.5705e-02  0.833    0.00 -2.10651e-01  3.98112e-02 -1.09212e-13 -3.57421e-04  1.62266e-05  1.91158e-01
    51  1.06224e+00  1.03098e+00  3.4273e-02  0.944    0.00 -2.08705e-01  3.95147e-02 -5.35947e-14 -4.67415e-04  1.38253e-05  1.90504e-01
    52  1.00609e+00  1.11324e+00 -3.4273e-02  0.056    0.00 -2.29111e-01  4.27886e-02 -5.09142e-13  4.01498e-04  2.15816e-04  1.95168e-01
    52  1.00429e+00  1.10486e+00 -2.5705e-02  0.167    0.00 -2.27164e-01  4.24944e-02 -4.52419e-13  2.94625e-04  2.37767e-04  1.94524e-01
    52  1.00248e+00  1.09649e+00 -1.7136e-02  0.278    0.00 -2.25218e-01  4.22002e-02 -3.95681e-13  1.87476e-04  2.58394e-04  1.93880e-01
    52  1.00067e+00  1.08811e+00 -8.5682e-03  0.389    0.00 -2.23272e-01  4.19060e-02 -3.38914e-13  8.00528e-05  2.77699e-04  1.93236e-01
    52  9.98862e-01  1.07974e+00  0.0000e+00  0.500    0.00 -2.21326e-01  4.16118e-02 -2.82089e-13 -2.76455e-05  2.95681e-04  1.92592e-01
    52  9.97054e-01  1.07136e+00  8.5682e-03  0.611    0.00 -2.19380e-01  4.13176e-02 -2.25235e-13 -1.35619e-04  3.12340e-04  1.91948e-01
    52  9.95246e-01  1.06299e+00  1.7136e-02  0.722    0.00 -2.17434e-01  4.10234e-02 -1.68438e-13 -2.43867e-04  3.27676e-04  1.91304e-01
    52  9.93438e-01  1.05461e+00  2.5705e-02  0.833    0.00 -2.15488e-01  4.07292e-02 -1.11671e-13 -3.52389e-04  3.41690e-04  1.90660e-01
    52  9.91630e-01  1.04624e+00  3.4273e-02  0.944    0.00 -2.13542e-01  4.04350e-02 -5.48462e-14 -4.61187e-04  3.54380e-04  1.90016e-01
    53  9.35438e-01  1.12848e+00 -3.4273e-02  0.056    0.00 -2.33951e-01  4.36898e-02 -5.20129e-13  3.98949e-04  1.95668e-04  1.94580e-01
    53  9.33633e-01  1.12010e+00 -2.5705e-02  0.167    0.00 -2.32004e-01  4.33980e-02 -4.62242e-13  2.92672e-04  2.29714e-04  1.93951e-01
    53  9.31827e-01  1.11173e+00 -1.7136e-02  0.278    0.00 -2.30057e-01  4.31061e-02 -4.04194e-13  1.86190e-04  2.62322e-04  1.93322e-01
    53  9.30022e-01  1.10335e+00 -8.5682e-03  0.389    0.00 -2.28110e-01  4.28142e-02 -3.46234e-13  7.95011e-05  2.93491e-04  1.92693e-01
    53  9.28217e-01  1.09498e+00  0.0000e+00  0.500    0.00 -2.26163e-01  4.25223e-02 -2.88186e-13 -2.73936e-05  3.23222e-04  1.92064e-01
    53  9.26411e-01  1.08660e+00  8.5682e-03  0.611    0.00 -2.24216e-01  4.22304e-02 -2.30153e-13 -1.34494e-04  3.51514e-04  1.91435e-01
    53  9.24606e-01  1.07822e+00  1.7136e-02  0.722    0.00 -2.22269e-01  4.19386e-02 -1.72120e-13 -2.41801e-04  3.78368e-04  1.90806e-01
    53  9.22800e-01  1.06985e+00  2.5705e-02  0.833    0.00 -2.20322e-01  4.16467e-02 -1.14102e-13 -3.49314e-04  4.03783e-04  1.90177e-01
    53  9.20995e-01  1.06147e+00  3.4273e-02  0.944    0.00 -2.18375e-01  4.13548e-02 -5.59812e-14 -4.57033e-04  4.27760e-04  1.89549e-01
    54  8.64553e-01  1.14337e+00 -3.4273e-02  0.056    0.00 -2.38715e-01  4.45769e-02 -5.30956e-13  3.89927e-04 -8.24033e-05  1.94002e-01
    54  8.62834e-01  1.13498e+00 -2.5705e-02  0.167    0.00 -2.36762e-01  4.42862e-02 -4.71773e-13  2.86093e-04 -6.67570e-05  1.93383e-01
    54  8.61116e-01  1.12659e+00 -1.7136e-02  0.278    0.00 -2.34808e-01  4.39955e-02 -4.12620e-13  1.82119e-04 -5.11252e-05  1.92764e-01
    54  8.59397e-01  1.11819e+00 -8.5682e-03  0.389    0.00 -2.32855e-01  4.37047e-02 -3.53422e-13  7.80056e-05 -3.55080e-05  1.92144e-01
    54  8.57679e-01  1.10980e+00  0.0000e+00  0.500    0.00 -2.30901e-01  4.34140e-02 -2.94182e-13 -2.62477e-05 -1.99054e-05  1.91525e-01
    54  8.55961e-01  1.10140e+00  8.5682e-03  0.611    0.00 -2.28947e-01  4.31233e-02 -2.34897e-13 -1.30641e-04 -4.31736e-06  1.90906e-01
    54  8.54242e-01  1.09301e+00  1.7136e-02  0.722    0.00 -2.26994e-01  4.28326e-02 -1.75685e-13 -2.35173e-04  1.12561e-05  1.90286e-01
    54  8.52524e-01  1.08462e+00  2.5705e-02  0.833    0.00 -2.25040e-01  4.25418e-02 -1.16517e-13 -3.39846e-04  2.68151e-05  1.89667e-01
    54  8.50805e-01  1.07622e+00  3.4273e-02  0.944    0.00 -2.23087e-01  4.22511e-02 -5.72036e-14 -4.44658e-04  4.23594e-05  1.89048e-01
    55  7.93529e-01  1.15754e+00 -3.4273e-02  0.056    0.00 -2.43312e-01  4.54327e-02 -5.41419e-13  3.79161e-04  3.25591e-05  1.93424e-01
    55  7.91895e-01  1.14913e+00 -2.5705e-02  0.167    0.00 -2.41353e-01  4.51432e-02 -4.81072e-13  2.78508e-04  3.90637e-05  1.92810e-01
    55  7.90260e-01  1.14072e+00 -1.7136e-02  0.278    0.00 -2.39393e-01  4.48537e-02 -4.20710e-13  1.77652e-04  4.52400e-05  1.92195e-01
    55  7.88626e-01  1.13231e+00 -8.5682e-03  0.389    0.00 -2.37433e-01  4.45641e-02 -3.60335e-13  7.65942e-05  5.10882e-05  1.91581e-01
    55  7.86991e-01  1.12390e+00  0.0000e+00  0.500    0.00 -2.35473e-01  4.42746e-02 -2.99915e-13 -2.46667e-05  5.66082e-05  1.90967e-01
    55  7.85357e-01  1.11549e+00  8.5682e-03  0.611    0.00 -2.33514e-01  4.39851e-02 -2.39539e-13 -1.26130e-04  6.18001e-05  1.90352e-01
    55  7.83722e-01  1.10708e+00  1.7136e-02  0.722    0.00 -2.31554e-01  4.36955e-02 -1.79149e-13 -2.27796e-04  6.66638e-05  1.89738e-01
    55  7.82088e-01  1.09867e+00  2.5705e-02  0.833    0.00 -2.29594e-01  4.34060e-02 -1.18729e-13 -3.29665e-04  7.11993e-05  1.89123e-01
    55  7.80453e-01  1.09026e+00  3.4273e-02  0.944    0.00 -2.27634e-01  4.31165e-02 -5.82368e-14 -4.31736e-04  7.54066e-05  1.88509e-01
    56  7.22581e-01  1.17132e+00 -3.4273e-02  0.056    0.00 -2.47815e-01  4.62707e-02 -5.51576e-13  3.74248e-04  5.60143e-04  1.92788e-01
    56  7.20950e-01  1.16290e+00 -2.5705e-02  0.167    0.00 -2.45854e-01  4.59834e-02 -4.90138e-13  2.75087e-04  5.91239e-04  1.92190e-01
    56  7.19319e-01  1.15449e+00 -1.7136e-02  0.278    0.00 -2.43894e-01  4.56961e-02 -4.28670e-13  1.75671e-04  6.19477e-04  1.91593e-01
    56  7.17688e-01  1.14608e+00 -8.5682e-03  0.389    0.00 -2.41933e-01  4.54088e-02 -3.67159e-13  7.60003e-05  6.44856e-04  1.90995e-01
    56  7.16057e-01  1.13767e+00  0.0000e+00  0.500    0.00 -2.39972e-01  4.51214e-02 -3.05619e-13 -2.39242e-05  6.67376e-04  1.90398e-01
    56  7.14426e-01  1.12926e+00  8.5682e-03  0.611    0.00 -2.38012e-01  4.48341e-02 -2.44036e-13 -1.24103e-04  6.87038e-04  1.89800e-01
    56  7.12795e-01  1.12085e+00  1.7136e-02  0.722    0.00 -2.36051e-01  4.45468e-02 -1.82510e-13 -2.24536e-04  7.03841e-04  1.89203e-01
    56  7.11164e-01  1.11244e+00  2.5705e-02  0.833    0.00 -2.34090e-01  4.42595e-02 -1.21028e-13 -3.25223e-04  7.17785e-04  1.88605e-01
    56  7.09533e-01  1.10402e+00  3.4273e-02  0.944    0.00 -2.32130e-01  4.39722e-02 -5.95319e-14 -4.26165e-04  7.28871e-04  1.88008e-01
    57  6.51668e-01  1.18500e+00 -3.4273e-02  0.056    0.00 -2.52297e-01  4.71049e-02 -5.61704e-13  3.68743e-04  5.57069e-04  1.92106e-01
    57  6.50052e-01  1.17659e+00 -2.5705e-02  0.167    0.00 -2.50335e-01  4.68196e-02 -4.99174e-13  2.70938e-04  6.04375e-04  1.91537e-01
    57  6.48435e-01  1.16817e+00 -1.7136e-02  0.278    0.00 -2.48372e-01  4.65344e-02 -4.36557e-13  1.72991e-04  6.48570e-04  1.90968e-01
    57  6.46818e-01  1.15976e+00 -8.5682e-03  0.389    0.00 -2.46410e-01  4.62491e-02 -3.73955e-13  7.49030e-05  6.89654e-04  1.90399e-01
    57  6.45202e-01  1.15135e+00  0.0000e+00  0.500    0.00 -2.44448e-01  4.59639e-02 -3.11280e-13 -2.33267e-05  7.27628e-04  1.89830e-01
    57  6.43585e-01  1.14293e+00  8.5682e-03  0.611    0.00 -2.42486e-01  4.56787e-02 -2.48576e-13 -1.21698e-04  7.62491e-04  1.89261e-01
    57  6.41969e-01  1.13452e+00  1.7136e-02  0.722    0.00 -2.40523e-01  4.53934e-02 -1.85901e-13 -2.20210e-04  7.94243e-04  1.88692e-01
    57  6.40352e-01  1.12610e+00  2.5705e-02  0.833    0.00 -2.38561e-01  4.51082e-02 -1.23298e-13 -3.18864e-04  8.22884e-04  1.88123e-01
    57  6.38736e-01  1.11769e+00  3.4273e-02  0.944    0.00 -2.36599e-01  4.48229e-02 -6.05942e-14 -4.17660e-04  8.48415e-04  1.87554e-01
    58  5.80258e-01  1.19804e+00 -3.4273e-02  0.056    0.00 -2.56635e-01  4.79124e-02 -5.71483e-13  3.54955e-04  2.14581e-04  1.91439e-01
    58  5.78797e-01  1.18959e+00 -2.5705e-02  0.167    0.00 -2.54663e-01  4.76275e-02 -5.07891e-13  2.61029e-04  2.18064e-04  1.90891e-01
    58  5.77337e-01  1.18115e+00 -1.7136e-02  0.278    0.00 -2.52690e-01  4.73425e-02 -4.44168e-13  1.66984e-04  2.20536e-04  1.90342e-01
    58  5.75877e-01  1.17271e+00 -8.5682e-03  0.389    0.00 -2.50718e-01  4.70576e-02 -3.80518e-13  7.28203e-05  2.21997e-04  1.89794e-01
    58  5.74417e-01  1.16427e+00  0.0000e+00  0.500    0.00 -2.48745e-01  4.67727e-02 -3.16708e-13 -2.14616e-05  2.22447e-04  1.89246e-01
    58  5.72957e-01  1.15582e+00  8.5682e-03  0.611    0.00 -2.46773e-01  4.64877e-02 -2.52912e-13 -1.15862e-04  2.21886e-04  1.88698e-01
    58  5.71497e-01  1.14738e+00  1.7136e-02  0.722    0.00 -2.44800e-01  4.62028e-02 -1.89175e-13 -2.10381e-04  2.20314e-04  1.88149e-01
    58  5.70037e-01  1.13894e+00  2.5705e-02  0.833    0.00 -2.42828e-01  4.59179e-02 -1.25423e-13 -3.05018e-04  2.17731e-04  1.87601e-01
    58  5.68577e-01  1.13049e+00  3.4273e-02  0.944    0.00 -2.40856e-01  4.56329e-02 -6.15692e-14 -3.99774e-04  2.14137e-04  1.87053e-01
    59  5.09018e-01  1.21018e+00 -3.4273e-02  0.056    0.00 -2.60762e-01  4.86802e-02 -5.80956e-13  3.44070e-04  5.81761e-04  1.90757e-01
    59  5.07599e-01  1.20173e+00 -2.5705e-02  0.167    0.00 -2.58787e-01  4.83969e-02 -5.16244e-13  2.53435e-04  6.06618e-04  1.90228e-01
    59  5.06179e-01  1.19328e+00 -1.7136e-02  0.278    0.00 -2.56811e-01  4.81137e-02 -4.51459e-13  1.62575e-04  6.28633e-04  1.89700e-01
    59  5.04760e-01  1.18483e+00 -8.5682e-03  0.389    0.00 -2.54836e-01  4.78304e-02 -3.86732e-13  7.14907e-05  6.47806e-04  1.89171e-01
    59  5.03341e-01  1.17638e+00  0.0000e+00  0.500    0.00 -2.52860e-01  4.75472e-02 -3.21888e-13 -1.98187e-05  6.64138e-04  1.88643e-01
    59  5.01922e-01  1.16793e+00  8.5682e-03  0.611    0.00 -2.50885e-01  4.72639e-02 -2.57118e-13 -1.11353e-04  6.77627e-04  1.88114e-01
    59  5.00502e-01  1.15948e+00  1.7136e-02  0.722    0.00 -2.48909e-01  4.69807e-02 -1.92260e-13 -2.03112e-04  6.88275e-04  1.87586e-01
    59  4.99083e-01  1.15103e+00  2.5705e-02  0.833    0.00 -2.46933e-01  4.66974e-02 -1.27431e-13 -2.95097e-04  6.96081e-04  1.87057e-01
    59  4.97664e-01  1.14258e+00  3.4273e-02  0.944    0.00 -2.44958e-01  4.64142e-02 -6.24859e-14 -3.87306e-04  7.01045e-04  1.86529e-01
    60  4.37769e-01  1.22213e+00 -3.4273e-02  0.056    0.00 -2.64844e-01  4.94395e-02 -5.90167e-13  3.39446e-04  1.94705e-03  1.89941e-01
    60  4.36354e-01  1.21368e+00 -2.5705e-02  0.167    0.00 -2.62868e-01  4.91583e-02 -5.24451e-13  2.50071e-04  2.00895e-03  1.89466e-01
    60  4.34938e-01  1.20523e+00 -1.7136e-02  0.278    0.00 -2.60891e-01  4.88772e-02 -4.58705e-13  1.60500e-04  2.06190e-03  1.88991e-01
    60  4.33523e-01  1.19678e+00 -8.5682e-03  0.389    0.00 -2.58915e-01  4.85961e-02 -3.92902e-13  7.07343e-05  2.10590e-03  1.88516e-01
    60  4.32108e-01  1.18833e+00  0.0000e+00  0.500    0.00 -2.56939e-01  4.83149e-02 -3.27054e-13 -1.92274e-05  2.14093e-03  1.88040e-01
    60  4.30692e-01  1.17988e+00  8.5682e-03  0.611    0.00 -2.54962e-01  4.80338e-02 -2.61192e-13 -1.09385e-04  2.16701e-03  1.87565e-01
    60  4.29277e-01  1.17143e+00  1.7136e-02  0.722    0.00 -2.52986e-01  4.77526e-02 -1.95345e-13 -1.99737e-04  2.18414e-03  1.87090e-01
    60  4.27861e-01  1.16298e+00  2.5705e-02  0.833    0.00 -2.51009e-01  4.74715e-02 -1.29585e-13 -2.90286e-04  2.19230e-03  1.86614e-01
    60  4.26446e-01  1.15453e+00  3.4273e-02  0.944    0.00 -2.49033e-01  4.71903e-02 -6.37519e-14 -3.81029e-04  2.19151e-03  1.86139e-01
    61  3.66367e-01  1.23373e+00 -3.4273e-02  0.056    0.00 -2.68847e-01  5.01841e-02 -5.99204e-13  3.17425e-04  1.42363e-03  1.89061e-01
    61  3.65035e-01  1.22526e+00 -2.5705e-02  0.167    0.00 -2.66865e-01  4.99041e-02 -5.32498e-13  2.33765e-04  1.50292e-03  1.88657e-01
    61  3.63704e-01  1.21680e+00 -1.7136e-02  0.278    0.00 -2.64883e-01  4.96242e-02 -4.65734e-13  1.50187e-04  1.57508e-03  1.88253e-01
    61  3.62372e-01  1.20834e+00 -8.5682e-03  0.389    0.00 -2.62902e-01  4.93442e-02 -3.98897e-13  6.66910e-05  1.64011e-03  1.87848e-01
    61  3.61040e-01  1.19987e+00  0.0000e+00  0.500    0.00 -2.60920e-01  4.90643e-02 -3.32016e-13 -1.67236e-05  1.69802e-03  1.87444e-01
    61  3.59708e-01  1.19141e+00  8.5682e-03  0.611    0.00 -2.58938e-01  4.87843e-02 -2.65165e-13 -1.00057e-04  1.74879e-03  1.87040e-01
    61  3.58376e-01  1.18294e+00  1.7136e-02  0.722    0.00 -2.56956e-01  4.85043e-02 -1.98343e-13 -1.83308e-04  1.79244e-03  1.86636e-01
    61  3.57044e-01  1.17448e+00  2.5705e-02  0.833    0.00 -2.54975e-01  4.82244e-02 -1.31578e-13 -2.66477e-04  1.82895e-03  1.86232e-01
    61  3.55712e-01  1.16602e+00  3.4273e-02  0.944    0.00 -2.52993e-01  4.79444e-02 -6.47997e-14 -3.49565e-04  1.85834e-03  1.85827e-01
    62  2.93185e-01  1.24318e+00 -3.4273e-02  0.056    0.00 -2.72380e-01  5.08414e-02 -6.07062e-13  1.48199e-04 -6.33927e-04  1.88367e-01
    62  2.92322e-01  1.23466e+00 -2.5705e-02  0.167    0.00 -2.70375e-01  5.05589e-02 -5.39527e-13  1.09120e-04 -4.45418e-04  1.87998e-01
    62  2.91459e-01  1.22613e+00 -1.7136e-02  0.278    0.00 -2.68370e-01  5.02764e-02 -4.71846e-13  7.01924e-05 -2.57524e-04  1.87630e-01
    62  2.90596e-01  1.21761e+00 -8.5682e-03  0.389    0.00 -2.66365e-01  4.99939e-02 -4.04209e-13  3.14172e-05 -7.02445e-05  1.87262e-01
    62  2.89733e-01  1.20908e+00  0.0000e+00  0.500    0.00 -2.64360e-01  4.97114e-02 -3.36411e-13 -7.20606e-06  1.16420e-04  1.86894e-01
    62  2.88870e-01  1.20056e+00  8.5682e-03  0.611    0.00 -2.62355e-01  4.94289e-02 -2.68657e-13 -4.56773e-05  3.02469e-04  1.86525e-01
    62  2.88007e-01  1.19203e+00  1.7136e-02  0.722    0.00 -2.60350e-01  4.91464e-02 -2.00933e-13 -8.39966e-05  4.87903e-04  1.86157e-01
    62  2.87144e-01  1.18351e+00  2.5705e-02  0.833    0.00 -2.58345e-01  4.88639e-02 -1.33296e-13 -1.22164e-04  6.72721e-04  1.85789e-01
    62  2.86281e-01  1.17498e+00  3.4273e-02  0.944    0.00 -2.56341e-01  4.85814e-02 -6.56146e-14 -1.60179e-04  8.56925e-04  1.85420e-01
    63  2.09478e-01  1.25672e+00 -3.8918e-02  0.056    0.00 -2.88273e+02  4.85633e-01 -8.23755e-13 -7.94392e-19  1.69660e-02  1.90496e+00
    63  2.08420e-01  1.24705e+00 -2.9189e-02  0.167    0.00 -2.85943e+02  4.75514e-01 -7.55768e-13 -3.70346e-19  1.10720e-02  1.85619e+00
    63  2.07361e-01  1.23738e+00 -1.9459e-02  0.278    0.00 -2.83612e+02  4.65395e-01 -6.65430e-13  5.78274e-21  5.73090e-03  1.80743e+00
    63  2.06303e-01  1.22771e+00 -9.7295e-03  0.389    0.00 -2.81281e+02  4.55276e-01 -5.74160e-13  3.33994e-19  9.42610e-04  1.75866e+00
    63  2.05244e-01  1.21803e+00  0.0000e+00  0.500    0.00 -2.78950e+02  4.45156e-01 -4.79165e-13  6.14287e-19 -3.29284e-03  1.70990e+00
    63  2.04186e-01  1.20836e+00  9.7295e-03  0.611    0.00 -2.76620e+02  4.35037e-01 -3.82308e-13  8.46663e-19 -6.97545e-03  1.66113e+00
    63  2.03127e-01  1.19869e+00  1.9459e-02  0.722    0.00 -2.74289e+02  4.24918e-01 -2.81725e-13  1.03112e-18 -1.01052e-02  1.61236e+00
    63  2.02069e-01  1.18902e+00  2.9189e-02  0.833    0.00 -2.71958e+02  4.14799e-01 -1.87661e-13  1.16766e-18 -1.26821e-02  1.56360e+00
    63  2.01010e-01  1.17935e+00  3.8918e-02  0.944    0.00 -2.69628e+02  4.04679e-01 -9.03383e-14  1.25628e-18 -1.47062e-02  1.51483e+00
    64  1.26104e-01  1.26653e+00 -3.8918e-02  0.056    0.00 -2.92227e+02  4.92303e-01 -8.40519e-13  1.41597e-03  2.48714e-02  3.60382e+00
    64  1.24860e-01  1.25688e+00 -2.9189e-02  0.167    0.00 -2.89905e+02  4.82113e-01 -7.66944e-13  9.83705e-04  1.74680e-02  3.54878e+00
    64  1.23616e-01  1.24723e+00 -1.9459e-02  0.278    0.00 -2.87583e+02  4.71922e-01 -6.74743e-13  5.71004e-04  1.04808e-02  3.49375e+00
    64  1.22372e-01  1.23758e+00 -9.7295e-03  0.389    0.00 -2.85261e+02  4.61732e-01 -5.82077e-13  1.77868e-04  3.90992e-03  3.43871e+00
    64  1.21128e-01  1.22793e+00  0.0000e+00  0.500    0.00 -2.82940e+02  4.51542e-01 -4.88013e-13 -1.95703e-04 -2.24467e-03  3.38368e+00
    64  1.19884e-01  1.21828e+00  9.7295e-03  0.611    0.00 -2.80618e+02  4.41351e-01 -3.88362e-13 -5.49710e-04 -7.98296e-03  3.32864e+00
    64  1.18640e-01  1.20863e+00  1.9459e-02  0.722    0.00 -2.78296e+02  4.31161e-01 -2.86847e-13 -8.84151e-04 -1.33050e-02  3.27361e+00
    64  1.17396e-01  1.19898e+00  2.9189e-02  0.833    0.00 -2.75974e+02  4.20971e-01 -1.88127e-13 -1.19903e-03 -1.82107e-02  3.21858e+00
    64  1.16152e-01  1.18933e+00  3.8918e-02  0.944    0.00 -2.73652e+02  4.10780e-01 -8.94070e-14 -1.49434e-03 -2.27001e-02  3.16354e+00
    65  5.40635e-02  1.27491e+00 -3.8918e-02  0.056    0.00 -2.95619e+02  4.98794e-01 -8.62405e-13  2.71819e-03  3.12257e-02  3.27321e+00
    65  5.30598e-02  1.26523e+00 -2.9189e-02  0.167    0.00 -2.93286e+02  4.88316e-01 -7.77654e-13  1.88864e-03  2.06454e-02  3.21793e+00
    65  5.20561e-02  1.25555e+00 -1.9459e-02  0.278    0.00 -2.90953e+02  4.77838e-01 -6.82194e-13  1.09538e-03  1.08182e-02  3.16265e+00
    65  5.10523e-02  1.24587e+00 -9.7295e-03  0.389    0.00 -2.88620e+02  4.67360e-01 -5.87199e-13  3.38404e-04  1.74416e-03  3.10738e+00
    65  5.00486e-02  1.23620e+00  0.0000e+00  0.500    0.00 -2.86287e+02  4.56882e-01 -4.91738e-13 -3.82289e-04 -6.57677e-03  3.05210e+00
    65  4.90449e-02  1.22652e+00  9.7295e-03  0.611    0.00 -2.83954e+02  4.46404e-01 -3.95346e-13 -1.06670e-03 -1.41446e-02  2.99683e+00
    65  4.80411e-02  1.21684e+00  1.9459e-02  0.722    0.00 -2.81621e+02  4.35926e-01 -2.90107e-13 -1.71482e-03 -2.09592e-02  2.94155e+00
    65  4.70374e-02  1.20716e+00  2.9189e-02  0.833    0.00 -2.79287e+02  4.25448e-01 -1.88127e-13 -2.32666e-03 -2.70208e-02  2.88628e+00
    65  4.60337e-02  1.19749e+00  3.8918e-02  0.944    0.00 -2.76954e+02  4.14970e-01 -8.10251e-14 -2.90222e-03 -3.23291e-02  2.83100e+00
    66 -1.75220e-02  1.28224e+00 -3.8918e-02  0.056    0.00 -2.98750e+02  5.04775e-01 -8.62870e-13  2.57408e-03  3.07961e-02  2.83683e+00
    66 -1.85028e-02  1.27256e+00 -2.9189e-02  0.167    0.00 -2.96416e+02  4.94051e-01 -7.84639e-13  1.78799e-03  1.94056e-02  2.77930e+00
    66 -1.94837e-02  1.26288e+00 -1.9459e-02  0.278    0.00 -2.94082e+02  4.83326e-01 -6.89644e-13  1.03512e-03  8.98020e-03  2.72176e+00
    66 -2.04646e-02  1.25320e+00 -9.7295e-03  0.389    0.00 -2.91748e+02  4.72602e-01 -5.94184e-13  3.15473e-04 -4.80019e-04  2.66423e+00
    66 -2.14454e-02  1.24352e+00  0.0000e+00  0.500    0.00 -2.89414e+02  4.61877e-01 -4.97326e-13 -3.70958e-04 -8.97506e-03  2.60669e+00
    66 -2.24263e-02  1.23384e+00  9.7295e-03  0.611    0.00 -2.87080e+02  4.51153e-01 -3.96743e-13 -1.02417e-03 -1.65049e-02  2.54915e+00
    66 -2.34071e-02  1.22417e+00  1.9459e-02  0.722    0.00 -2.84746e+02  4.40428e-01 -2.91970e-13 -1.64416e-03 -2.30696e-02  2.49162e+00
    66 -2.43880e-02  1.21449e+00  2.9189e-02  0.833    0.00 -2.82412e+02  4.29704e-01 -1.93249e-13 -2.23094e-03 -2.86692e-02  2.43408e+00
    66 -2.53688e-02  1.20481e+00  3.8918e-02  0.944    0.00 -2.80078e+02  4.18979e-01 -9.22009e-14 -2.78449e-03 -3.33035e-02  2.37655e+00
    67 -8.90986e-02  1.28942e+00 -3.8918e-02  0.056    0.00 -3.01842e+02  5.10692e-01 -8.68458e-13  2.47532e-03  3.26462e-02  2.39299e+00
    67 -9.00593e-02  1.27974e+00 -2.9189e-02  0.167    0.00 -2.99507e+02  4.99722e-01 -7.88830e-13  1.70803e-03  2.27146e-02  2.33404e+00
    67 -9.10199e-02  1.27006e+00 -1.9459e-02  0.278    0.00 -2.97172e+02  4.88751e-01 -6.95232e-13  9.76485e-04  1.33060e-02  2.27509e+00
    67 -9.19806e-02  1.26038e+00 -9.7295e-03  0.389    0.00 -2.94837e+02  4.77781e-01 -6.02566e-13  2.80673e-04  4.42059e-03  2.21614e+00
    67 -9.29413e-02  1.25069e+00  0.0000e+00  0.500    0.00 -2.92502e+02  4.66810e-01 -5.04311e-13 -3.79402e-04 -3.94175e-03  2.15719e+00
    67 -9.39019e-02  1.24101e+00  9.7295e-03  0.611    0.00 -2.90168e+02  4.55840e-01 -4.02797e-13 -1.00374e-03 -1.17810e-02  2.09825e+00
    67 -9.48626e-02  1.23133e+00  1.9459e-02  0.722    0.00 -2.87833e+02  4.44870e-01 -2.98023e-13 -1.59234e-03 -1.90971e-02  2.03930e+00
    67 -9.58233e-02  1.22165e+00  2.9189e-02  0.833    0.00 -2.85498e+02  4.33899e-01 -1.96043e-13 -2.14520e-03 -2.58902e-02  1.98035e+00
    67 -9.67839e-02  1.21197e+00  3.8918e-02  0.944    0.00 -2.83163e+02  4.22929e-01 -8.94070e-14 -2.66233e-03 -3.21601e-02  1.92140e+00
    68 -1.61336e-01  1.29563e+00 -3.8918e-02  0.056    0.00 -3.04709e+02  5.16322e-01 -8.69855e-13  2.23180e-03  3.35895e-02  1.93623e+00
    68 -1.62040e-01  1.28592e+00 -2.9189e-02  0.167    0.00 -3.02364e+02  5.05072e-01 -7.96281e-13  1.52395e-03  2.41529e-02  1.87813e+00
    68 -1.62744e-01  1.27622e+00 -1.9459e-02  0.278    0.00 -3.00019e+02  4.93821e-01 -7.02217e-13  8.52565e-04  1.50715e-02  1.82003e+00
    68 -1.63449e-01  1.26652e+00 -9.7295e-03  0.389    0.00 -2.97675e+02  4.82571e-01 -6.07222e-13  2.17634e-04  6.34545e-03  1.76193e+00
    68 -1.64153e-01  1.25681e+00  0.0000e+00  0.500    0.00 -2.95330e+02  4.71320e-01 -5.08502e-13 -3.80841e-04 -2.02531e-03  1.70384e+00
    68 -1.64857e-01  1.24711e+00  9.7295e-03  0.611    0.00 -2.92985e+02  4.60070e-01 -4.04194e-13 -9.42860e-04 -1.00408e-02  1.64574e+00
    68 -1.65561e-01  1.23740e+00  1.9459e-02  0.722    0.00 -2.90640e+02  4.48820e-01 -2.98023e-13 -1.46842e-03 -1.77009e-02  1.58764e+00
    68 -1.66266e-01  1.22770e+00  2.9189e-02  0.833    0.00 -2.88295e+02  4.37569e-01 -1.97906e-13 -1.95753e-03 -2.50058e-02  1.52954e+00
    68 -1.66970e-01  1.21800e+00  3.8918e-02  0.944    0.00 -2.85950e+02  4.26319e-01 -9.08040e-14 -2.41018e-03 -3.19554e-02  1.47144e+00
    69 -2.33297e-01  1.30041e+00 -3.8918e-02  0.056    0.00 -3.07226e+02  5.21333e-01 -8.82894e-13  2.01491e-03  3.35754e-02  1.47299e+00
    69 -2.33884e-01  1.29070e+00 -2.9189e-02  0.167    0.00 -3.04877e+02  5.09828e-01 -8.01869e-13  1.36879e-03  2.38635e-02  1.41613e+00
    69 -2.34471e-01  1.28099e+00 -1.9459e-02  0.278    0.00 -3.02528e+02  4.98323e-01 -7.09668e-13  7.56085e-04  1.45720e-02  1.35928e+00
    69 -2.35058e-01  1.27128e+00 -9.7295e-03  0.389    0.00 -3.00179e+02  4.86818e-01 -6.13276e-13  1.76806e-04  5.70071e-03  1.30242e+00
    69 -2.35645e-01  1.26156e+00  0.0000e+00  0.500    0.00 -2.97830e+02  4.75312e-01 -5.13624e-13 -3.69051e-04 -2.75029e-03  1.24557e+00
    69 -2.36232e-01  1.25185e+00  9.7295e-03  0.611    0.00 -2.95481e+02  4.63807e-01 -4.07919e-13 -8.81484e-04 -1.07810e-02  1.18871e+00
    69 -2.36819e-01  1.24214e+00  1.9459e-02  0.722    0.00 -2.93132e+02  4.52302e-01 -2.98955e-13 -1.36049e-03 -1.83915e-02  1.13185e+00
    69 -2.37406e-01  1.23243e+00  2.9189e-02  0.833    0.00 -2.90783e+02  4.40797e-01 -2.02563e-13 -1.80608e-03 -2.55816e-02  1.07500e+00
    69 -2.37992e-01  1.22272e+00  3.8918e-02  0.944    0.00 -2.88434e+02  4.29292e-01 -1.01980e-13 -2.21825e-03 -3.23515e-02  1.01814e+00
    70 -3.05046e-01  1.30472e+00 -3.8918e-02  0.056    0.00 -3.09623e+02  5.26120e-01 -8.85688e-13  1.89526e-03  3.29647e-02  1.01095e+00
    70 -3.05626e-01  1.29501e+00 -2.9189e-02  0.167    0.00 -3.07274e+02  5.14375e-01 -8.07457e-13  1.27815e-03  2.22583e-02  9.54130e-01
    70 -3.06205e-01  1.28530e+00 -1.9459e-02  0.278    0.00 -3.04925e+02  5.02631e-01 -7.15256e-13  6.94899e-04  1.22366e-02  8.97310e-01
    70 -3.06785e-01  1.27558e+00 -9.7295e-03  0.389    0.00 -3.02576e+02  4.90886e-01 -6.18864e-13  1.45498e-04  2.89960e-03  8.40489e-01
    70 -3.07365e-01  1.26587e+00  0.0000e+00  0.500    0.00 -3.00226e+02  4.79141e-01 -5.15953e-13 -3.70050e-04 -5.75261e-03  7.83669e-01
    70 -3.07944e-01  1.25616e+00  9.7295e-03  0.611    0.00 -2.97877e+02  4.67397e-01 -4.11179e-13 -8.51744e-04 -1.37201e-02  7.26849e-01
    70 -3.08524e-01  1.24645e+00  1.9459e-02  0.722    0.00 -2.95528e+02  4.55652e-01 -3.02680e-13 -1.29958e-03 -2.10028e-02  6.70028e-01
    70 -3.09104e-01  1.23673e+00  2.9189e-02  0.833    0.00 -2.93179e+02  4.43907e-01 -2.00700e-13 -1.71357e-03 -2.76008e-02  6.13208e-01
    70 -3.09683e-01  1.22702e+00  3.8918e-02  0.944    0.00 -2.90830e+02  4.32163e-01 -9.45292e-14 -2.09371e-03 -3.35140e-02  5.56387e-01
    71 -3.77222e-01  1.30831e+00 -3.8918e-02  0.056    0.00 -3.11853e+02  5.30681e-01 -8.95932e-13  1.66423e-03  3.25782e-02  5.53700e-01
    71 -3.77609e-01  1.29859e+00 -2.9189e-02  0.167    0.00 -3.09498e+02  5.18676e-01 -8.20495e-13  1.10142e-03  2.10324e-02  4.95158e-01
    71 -3.77995e-01  1.28887e+00 -1.9459e-02  0.278    0.00 -3.07143e+02  5.06672e-01 -7.18050e-13  5.74007e-04  1.03871e-02  4.36616e-01
    71 -3.78381e-01  1.27914e+00 -9.7295e-03  0.389    0.00 -3.04788e+02  4.94667e-01 -6.21192e-13  8.19831e-05  6.42077e-04  3.78074e-01
    71 -3.78768e-01  1.26942e+00  0.0000e+00  0.500    0.00 -3.02433e+02  4.82663e-01 -5.21075e-13 -3.74650e-04 -8.20252e-03  3.19532e-01
    71 -3.79154e-01  1.25970e+00  9.7295e-03  0.611    0.00 -3.00078e+02  4.70658e-01 -4.16767e-13 -7.95891e-04 -1.61467e-02  2.60990e-01
    71 -3.79540e-01  1.24998e+00  1.9459e-02  0.722    0.00 -2.97723e+02  4.58653e-01 -3.06871e-13 -1.18174e-03 -2.31905e-02  2.02448e-01
    71 -3.79926e-01  1.24026e+00  2.9189e-02  0.833    0.00 -2.95368e+02  4.46649e-01 -2.01166e-13 -1.53220e-03 -2.93340e-02  1.43906e-01
    71 -3.80313e-01  1.23054e+00  3.8918e-02  0.944    0.00 -2.93013e+02  4.34644e-01 -8.47504e-14 -1.84727e-03 -3.45770e-02  8.53638e-02
    72 -4.49604e-01  1.31027e+00 -3.8918e-02  0.056    0.00 -3.13692e+02  5.34607e-01 -9.08040e-13  1.38234e-03  3.34672e-02  9.29544e-02
    72 -4.49746e-01  1.30055e+00 -2.9189e-02  0.167    0.00 -3.11331e+02  5.22344e-01 -8.22358e-13  8.95140e-04  2.26293e-02  3.26945e-02
    72 -4.49888e-01  1.29082e+00 -1.9459e-02  0.278    0.00 -3.08969e+02  5.10082e-01 -7.25500e-13  4.41366e-04  1.24782e-02 -2.75655e-02
    72 -4.50030e-01  1.28109e+00 -9.7295e-03  0.389    0.00 -3.06608e+02  4.97819e-01 -6.25849e-13  2.10157e-05  3.01386e-03 -8.78254e-02
    72 -4.50173e-01  1.27136e+00  0.0000e+00  0.500    0.00 -3.04247e+02  4.85556e-01 -5.22472e-13 -3.65910e-04 -5.76362e-03 -1.48085e-01
    72 -4.50315e-01  1.26163e+00  9.7295e-03  0.611    0.00 -3.01886e+02  4.73293e-01 -4.18164e-13 -7.19411e-04 -1.38543e-02 -2.08345e-01
    72 -4.50457e-01  1.25190e+00  1.9459e-02  0.722    0.00 -2.99525e+02  4.61030e-01 -3.07802e-13 -1.03949e-03 -2.12581e-02 -2.68605e-01
    72 -4.50599e-01  1.24218e+00  2.9189e-02  0.833    0.00 -2.97164e+02  4.48767e-01 -2.04891e-13 -1.32614e-03 -2.79751e-02 -3.28865e-01
    72 -4.50742e-01  1.23245e+00  3.8918e-02  0.944    0.00 -2.94803e+02  4.36505e-01 -9.45292e-14 -1.57937e-03 -3.40053e-02 -3.89125e-01
    73 -5.21377e-01  1.31129e+00 -3.8918e-02  0.056    0.00 -3.15289e+02  5.38096e-01 -9.01520e-13  1.21515e-03  3.41761e-02 -3.76701e-01
    73 -5.21511e-01  1.30156e+00 -2.9189e-02  0.167    0.00 -3.12928e+02  5.25599e-01 -8.26083e-13  7.72579e-04  2.39674e-02 -4.37213e-01
    73 -5.21645e-01  1.29184e+00 -1.9459e-02  0.278    0.00 -3.10566e+02  5.13102e-01 -7.28294e-13  3.62370e-04  1.42604e-02 -4.97724e-01
    73 -5.21779e-01  1.28211e+00 -9.7295e-03  0.389    0.00 -3.08205e+02  5.00605e-01 -6.31437e-13 -1.54810e-05  5.05520e-03 -5.58236e-01
    73 -5.21913e-01  1.27238e+00  0.0000e+00  0.500    0.00 -3.05844e+02  4.88108e-01 -5.28060e-13 -3.60974e-04 -3.64831e-03 -6.18747e-01
    73 -5.22046e-01  1.26265e+00  9.7295e-03  0.611    0.00 -3.03483e+02  4.75611e-01 -4.19561e-13 -6.74110e-04 -1.18501e-02 -6.79258e-01
    73 -5.22180e-01  1.25292e+00  1.9459e-02  0.722    0.00 -3.01122e+02  4.63114e-01 -3.11993e-13 -9.54887e-04 -1.95501e-02 -7.39770e-01
    73 -5.22314e-01  1.24319e+00  2.9189e-02  0.833    0.00 -2.98760e+02  4.50618e-01 -2.03494e-13 -1.20331e-03 -2.67485e-02 -8.00281e-01
    73 -5.22448e-01  1.23346e+00  3.8918e-02  0.944    0.00 -2.96399e+02  4.38121e-01 -9.49949e-14 -1.41937e-03 -3.34451e-02 -8.60793e-01
    74 -5.93461e-01  1.31171e+00 -3.8918e-02  0.056    0.00 -3.16746e+02  5.41378e-01 -9.15490e-13  5.83104e-04  2.64803e-02 -7.30226e-01
    74 -5.93440e-01  1.30198e+00 -2.9189e-02  0.167    0.00 -3.14382e+02  5.28637e-01 -8.30740e-13  3.66548e-04  1.81756e-02 -7.90442e-01
    74 -5.93418e-01  1.29225e+00 -1.9459e-02  0.278    0.00 -3.12018e+02  5.15897e-01 -7.30157e-13  1.66679e-04  1.04099e-02 -8.50659e-01
    74 -5.93397e-01  1.28253e+00 -9.7295e-03  0.389    0.00 -3.09654e+02  5.03156e-01 -6.31437e-13 -1.65022e-05  3.18311e-03 -9.10875e-01
    74 -5.93376e-01  1.27280e+00  0.0000e+00  0.500    0.00 -3.07289e+02  4.90415e-01 -5.27129e-13 -1.82996e-04 -3.50469e-03 -9.71091e-01
    74 -5.93355e-01  1.26307e+00  9.7295e-03  0.611    0.00 -3.04925e+02  4.77674e-01 -4.21889e-13 -3.32803e-04 -9.65354e-03 -1.03131e+00
    74 -5.93334e-01  1.25334e+00  1.9459e-02  0.722    0.00 -3.02561e+02  4.64934e-01 -3.11062e-13 -4.65923e-04 -1.52634e-02 -1.09152e+00
    74 -5.93312e-01  1.24361e+00  2.9189e-02  0.833    0.00 -3.00197e+02  4.52193e-01 -2.03960e-13 -5.82355e-04 -2.03344e-02 -1.15174e+00
    74 -5.93291e-01  1.23388e+00  3.8918e-02  0.944    0.00 -2.97832e+02  4.39452e-01 -8.84756e-14 -6.82101e-04 -2.48663e-02 -1.21196e+00
    75 -6.76611e-01  1.31117e+00 -3.8918e-02  0.056    0.00 -3.18177e+02  5.47090e-01 -9.11765e-13 -4.36272e-18  1.88163e-02  2.37582e-01
    75 -6.76516e-01  1.30144e+00 -2.9189e-02  0.167    0.00 -3.15812e+02  5.33504e-01 -8.32602e-13 -4.32731e-18  1.24736e-02  1.90297e-01
    75 -6.76421e-01  1.29171e+00 -1.9459e-02  0.278    0.00 -3.13447e+02  5.19918e-01 -7.36676e-13 -4.03429e-18  6.69189e-03  1.43011e-01
    75 -6.76326e-01  1.28199e+00 -9.7295e-03  0.389    0.00 -3.11082e+02  5.06332e-01 -6.35162e-13 -3.48365e-18  1.47122e-03  9.57261e-02
    75 -6.76231e-01  1.27226e+00  0.0000e+00  0.500    0.00 -3.08716e+02  4.92746e-01 -5.30854e-13 -2.67539e-18 -3.18843e-03  4.84409e-02
    75 -6.76136e-01  1.26253e+00  9.7295e-03  0.611    0.00 -3.06351e+02  4.79160e-01 -4.22820e-13 -1.60952e-18 -7.28706e-03  1.15573e-03
    75 -6.76041e-01  1.25280e+00  1.9459e-02  0.722    0.00 -3.03986e+02  4.65574e-01 -3.11527e-13 -2.86038e-19 -1.08247e-02 -4.61295e-02
    75 -6.75946e-01  1.24307e+00  2.9189e-02  0.833    0.00 -3.01620e+02  4.51988e-01 -2.05357e-13  1.29506e-18 -1.38013e-02 -9.34147e-02
    75 -6.75852e-01  1.23334e+00  3.8918e-02  0.944    0.00 -2.99255e+02  4.38402e-01 -9.87202e-14  3.13378e-18 -1.62168e-02 -1.40700e-01
    76 -7.59649e-01  1.30594e+00 -3.4273e-02  0.056    0.00 -3.05857e-01  5.78275e-02 -6.82790e-13  1.11541e-04  1.17625e-03 -2.15783e-02
    76 -7.59618e-01  1.29737e+00 -2.5705e-02  0.167    0.00 -3.03877e-01  5.73775e-02 -6.06713e-13  1.06144e-04  8.90161e-04 -2.23463e-02
    76 -7.59587e-01  1.28880e+00 -1.7136e-02  0.278    0.00 -3.01898e-01  5.69275e-02 -5.30563e-13  1.00324e-04  6.03934e-04 -2.31143e-02
    76 -7.59556e-01  1.28023e+00 -8.5682e-03  0.389    0.00 -2.99919e-01  5.64775e-02 -4.54471e-13  9.40798e-05  3.17565e-04 -2.38822e-02
    76 -7.59525e-01  1.27166e+00  0.0000e+00  0.500    0.00 -2.97939e-01  5.60275e-02 -3.78335e-13  8.74127e-05  3.10553e-05 -2.46502e-02
    76 -7.59493e-01  1.26310e+00  8.5682e-03  0.611    0.00 -2.95960e-01  5.55775e-02 -3.02200e-13  8.03222e-05 -2.55596e-04 -2.54182e-02
    76 -7.59462e-01  1.25453e+00  1.7136e-02  0.722    0.00 -2.93981e-01  5.51274e-02 -2.26079e-13  7.28084e-05 -5.42389e-04 -2.61862e-02
    76 -7.59431e-01  1.24596e+00  2.5705e-02  0.833    0.00 -2.92001e-01  5.46774e-02 -1.49943e-13  6.48713e-05 -8.29324e-04 -2.69542e-02
    76 -7.59400e-01  1.23739e+00  3.4273e-02  0.944    0.00 -2.90022e-01  5.42274e-02 -7.37055e-14  5.65108e-05 -1.11640e-03 -2.77221e-02
    77 -8.33572e-01  1.30317e+00 -3.4273e-02  0.056    0.00 -3.06554e-01  5.79258e-02 -6.84056e-13  1.92858e-04  5.66409e-04 -2.24579e-02
    77 -8.32960e-01  1.29462e+00 -2.5705e-02  0.167    0.00 -3.04567e-01  5.74829e-02 -6.08008e-13  1.90947e-04  5.46674e-04 -2.32133e-02
    77 -8.32347e-01  1.28607e+00 -1.7136e-02  0.278    0.00 -3.02580e-01  5.70400e-02 -5.31800e-13  1.88130e-04  5.24897e-04 -2.39687e-02
    77 -8.31734e-01  1.27753e+00 -8.5682e-03  0.389    0.00 -3.00592e-01  5.65971e-02 -4.55533e-13  1.84408e-04  5.01078e-04 -2.47241e-02
    77 -8.31122e-01  1.26898e+00  0.0000e+00  0.500    0.00 -2.98605e-01  5.61542e-02 -3.79208e-13  1.79780e-04  4.75218e-04 -2.54795e-02
    77 -8.30509e-01  1.26043e+00  8.5682e-03  0.611    0.00 -2.96618e-01  5.57113e-02 -3.02869e-13  1.74246e-04  4.47316e-04 -2.62349e-02
    77 -8.29897e-01  1.25189e+00  1.7136e-02  0.722    0.00 -2.94631e-01  5.52684e-02 -2.26573e-13  1.67807e-04  4.17372e-04 -2.69904e-02
    77 -8.29284e-01  1.24334e+00  2.5705e-02  0.833    0.00 -2.92643e-01  5.48255e-02 -1.50292e-13  1.60463e-04  3.85386e-04 -2.77458e-02
    77 -8.28672e-01  1.23479e+00  3.4273e-02  0.944    0.00 -2.90656e-01  5.43826e-02 -7.39528e-14  1.52213e-04  3.51359e-04 -2.85012e-02
    78 -9.05974e-01  1.29695e+00 -3.4273e-02  0.056    0.00 -3.06420e-01  5.78678e-02 -6.83882e-13  1.50820e-04  4.33127e-04 -2.32680e-02
    78 -9.05122e-01  1.28842e+00 -2.5705e-02  0.167    0.00 -3.04431e-01  5.74329e-02 -6.07775e-13  1.60279e-04  4.38038e-04 -2.40034e-02
    78 -9.04270e-01  1.27990e+00 -1.7136e-02  0.278    0.00 -3.02441e-01  5.69980e-02 -5.31538e-13  1.68798e-04  4.41041e-04 -2.47388e-02
    78 -9.03418e-01  1.27137e+00 -8.5682e-03  0.389    0.00 -3.00452e-01  5.65631e-02 -4.55344e-13  1.76377e-04  4.42137e-04 -2.54742e-02
    78 -9.02566e-01  1.26285e+00  0.0000e+00  0.500    0.00 -2.98463e-01  5.61281e-02 -3.79063e-13  1.83016e-04  4.41326e-04 -2.62096e-02
    78 -9.01714e-01  1.25432e+00  8.5682e-03  0.611    0.00 -2.96473e-01  5.56932e-02 -3.02738e-13  1.88715e-04  4.38606e-04 -2.69450e-02
    78 -9.00862e-01  1.24580e+00  1.7136e-02  0.722    0.00 -2.94484e-01  5.52583e-02 -2.26457e-13  1.93473e-04  4.33980e-04 -2.76804e-02
    78 -9.00011e-01  1.23727e+00  2.5705e-02  0.833    0.00 -2.92494e-01  5.48234e-02 -1.50234e-13  1.97292e-04  4.27445e-04 -2.84158e-02
    78 -8.99159e-01  1.22874e+00  3.4273e-02  0.944    0.00 -2.90505e-01  5.43885e-02 -7.39674e-14  2.00170e-04  4.19004e-04 -2.91512e-02
    79 -9.77529e-01  1.28976e+00 -3.4273e-02  0.056    0.00 -3.06042e-01  5.77639e-02 -6.83009e-13  1.25445e-04 -3.84249e-05 -2.40303e-02
    79 -9.76667e-01  1.28123e+00 -2.5705e-02  0.167    0.00 -3.04050e-01  5.73368e-02 -6.07004e-13  1.42001e-04  3.53322e-05 -2.47495e-02
    79 -9.75805e-01  1.27271e+00 -1.7136e-02  0.278    0.00 -3.02058e-01  5.69097e-02 -5.30941e-13  1.57588e-04  1.07957e-04 -2.54686e-02
    79 -9.74944e-01  1.26418e+00 -8.5682e-03  0.389    0.00 -3.00067e-01  5.64826e-02 -4.54791e-13  1.72208e-04  1.79450e-04 -2.61878e-02
    79 -9.74082e-01  1.25566e+00  0.0000e+00  0.500    0.00 -2.98075e-01  5.60555e-02 -3.78597e-13  1.85860e-04  2.49811e-04 -2.69070e-02
    79 -9.73220e-01  1.24713e+00  8.5682e-03  0.611    0.00 -2.96083e-01  5.56284e-02 -3.02418e-13  1.98545e-04  3.19040e-04 -2.76261e-02
    79 -9.72359e-01  1.23861e+00  1.7136e-02  0.722    0.00 -2.94091e-01  5.52013e-02 -2.26151e-13  2.10262e-04  3.87137e-04 -2.83453e-02
    79 -9.71497e-01  1.23009e+00  2.5705e-02  0.833    0.00 -2.92099e-01  5.47742e-02 -1.50045e-13  2.21010e-04  4.54102e-04 -2.90645e-02
    79 -9.70635e-01  1.22156e+00  3.4273e-02  0.944    0.00 -2.90108e-01  5.43471e-02 -7.39092e-14  2.30792e-04  5.19935e-04 -2.97836e-02
    80 -1.04990e+00  1.28089e+00 -3.4273e-02  0.056    0.00 -3.05286e-01  5.75903e-02 -6.81190e-13  8.54767e-05  1.25875e-04 -2.47648e-02
    80 -1.04868e+00  1.27241e+00 -2.5705e-02  0.167    0.00 -3.03296e-01  5.71715e-02 -6.05447e-13  1.13262e-04  1.30770e-04 -2.54730e-02
    80 -1.04745e+00  1.26393e+00 -1.7136e-02  0.278    0.00 -3.01305e-01  5.67528e-02 -5.29588e-13  1.40047e-04  1.34997e-04 -2.61812e-02
    80 -1.04623e+00  1.25545e+00 -8.5682e-03  0.389    0.00 -2.99315e-01  5.63341e-02 -4.53700e-13  1.65831e-04  1.38557e-04 -2.68894e-02
    80 -1.04501e+00  1.24697e+00  0.0000e+00  0.500    0.00 -2.97324e-01  5.59154e-02 -3.77680e-13  1.90613e-04  1.41449e-04 -2.75976e-02
    80 -1.04378e+00  1.23849e+00  8.5682e-03  0.611    0.00 -2.95334e-01  5.54967e-02 -3.01647e-13  2.14394e-04  1.43674e-04 -2.83057e-02
    80 -1.04256e+00  1.23001e+00  1.7136e-02  0.722    0.00 -2.93344e-01  5.50780e-02 -2.25598e-13  2.37174e-04  1.45231e-04 -2.90139e-02
    80 -1.04133e+00  1.22153e+00  2.5705e-02  0.833    0.00 -2.91353e-01  5.46593e-02 -1.49637e-13  2.58953e-04  1.46120e-04 -2.97221e-02
    80 -1.04011e+00  1.21305e+00  3.4273e-02  0.944    0.00 -2.89363e-01  5.42405e-02 -7.35890e-14  2.79731e-04  1.46342e-04 -3.04303e-02
    81 -1.12155e+00  1.26955e+00 -3.4273e-02  0.056    0.00 -3.03940e-01  5.73063e-02 -6.78308e-13  5.27455e-05 -8.09448e-05 -2.54994e-02
    81 -1.12009e+00  1.26111e+00 -2.5705e-02  0.167    0.00 -3.01952e-01  5.68958e-02 -6.02813e-13  8.88479e-05 -8.12117e-05 -2.62024e-02
    81 -1.11864e+00  1.25266e+00 -1.7136e-02  0.278    0.00 -2.99963e-01  5.64853e-02 -5.27201e-13  1.24023e-04 -8.12272e-05 -2.69054e-02
    81 -1.11719e+00  1.24422e+00 -8.5682e-03  0.389    0.00 -2.97975e-01  5.60749e-02 -4.51633e-13  1.58270e-04 -8.09915e-05 -2.76084e-02
    81 -1.11574e+00  1.23577e+00  0.0000e+00  0.500    0.00 -2.95986e-01  5.56644e-02 -3.76007e-13  1.91589e-04 -8.05043e-05 -2.83114e-02
    81 -1.11428e+00  1.22733e+00  8.5682e-03  0.611    0.00 -2.93998e-01  5.52540e-02 -3.00337e-13  2.23980e-04 -7.97659e-05 -2.90144e-02
    81 -1.11283e+00  1.21889e+00  1.7136e-02  0.722    0.00 -2.92009e-01  5.48435e-02 -2.24638e-13  2.55444e-04 -7.87761e-05 -2.97174e-02
    81 -1.11138e+00  1.21044e+00  2.5705e-02  0.833    0.00 -2.90021e-01  5.44330e-02 -1.48968e-13  2.85980e-04 -7.75349e-05 -3.04204e-02
    81 -1.10992e+00  1.20200e+00  3.4273e-02  0.944    0.00 -2.88032e-01  5.40226e-02 -7.31670e-14  3.15589e-04 -7.60425e-05 -3.11234e-02
    82 -1.19223e+00  1.25734e+00 -3.4273e-02  0.056    0.00 -3.02373e-01  5.69807e-02 -6.74991e-13  1.87479e-05 -6.55665e-04 -2.61713e-02
    82 -1.19076e+00  1.24890e+00 -2.5705e-02  0.167    0.00 -3.00382e-01  5.65776e-02 -5.99743e-13  6.46259e-05 -5.82004e-04 -2.68775e-02
    82 -1.18930e+00  1.24046e+00 -1.7136e-02  0.278    0.00 -2.98392e-01  5.61744e-02 -5.24451e-13  1.09448e-04 -5.06984e-04 -2.75838e-02
    82 -1.18783e+00  1.23201e+00 -8.5682e-03  0.389    0.00 -2.96401e-01  5.57713e-02 -4.49276e-13  1.53216e-04 -4.30603e-04 -2.82900e-02
    82 -1.18637e+00  1.22357e+00  0.0000e+00  0.500    0.00 -2.94411e-01  5.53682e-02 -3.74028e-13  1.95927e-04 -3.52863e-04 -2.89962e-02
    82 -1.18490e+00  1.21513e+00  8.5682e-03  0.611    0.00 -2.92420e-01  5.49651e-02 -2.98707e-13  2.37583e-04 -2.73764e-04 -2.97025e-02
    82 -1.18344e+00  1.20669e+00  1.7136e-02  0.722    0.00 -2.90430e-01  5.45620e-02 -2.23517e-13  2.78184e-04 -1.93304e-04 -3.04087e-02
    82 -1.18198e+00  1.19824e+00  2.5705e-02  0.833    0.00 -2.88439e-01  5.41589e-02 -1.48226e-13  3.17729e-04 -1.11486e-04 -3.11149e-02
    82 -1.18051e+00  1.18980e+00  3.4273e-02  0.944    0.00 -2.86449e-01  5.37557e-02 -7.27887e-14  3.56219e-04 -2.83070e-05 -3.18212e-02
    83 -1.26406e+00  1.24252e+00 -3.4273e-02  0.056    0.00 -3.00216e-01  5.65459e-02 -6.69985e-13 -3.16830e-05 -2.01245e-04 -2.68276e-02
    83 -1.26206e+00  1.23418e+00 -2.5705e-02  0.167    0.00 -2.98239e-01  5.61530e-02 -5.95406e-13  2.79968e-05 -2.42591e-04 -2.75419e-02
    83 -1.26006e+00  1.22585e+00 -1.7136e-02  0.278    0.00 -2.96262e-01  5.57601e-02 -5.20726e-13  8.65972e-05 -2.82526e-04 -2.82562e-02
    83 -1.25806e+00  1.21752e+00 -8.5682e-03  0.389    0.00 -2.94285e-01  5.53672e-02 -4.46074e-13  1.44118e-04 -3.21053e-04 -2.89705e-02
    83 -1.25606e+00  1.20919e+00  0.0000e+00  0.500    0.00 -2.92309e-01  5.49743e-02 -3.71409e-13  2.00560e-04 -3.58169e-04 -2.96848e-02
    83 -1.25406e+00  1.20086e+00  8.5682e-03  0.611    0.00 -2.90332e-01  5.45814e-02 -2.96641e-13  2.55922e-04 -3.93877e-04 -3.03991e-02
    83 -1.25207e+00  1.19252e+00  1.7136e-02  0.722    0.00 -2.88355e-01  5.41885e-02 -2.21902e-13  3.10204e-04 -4.28175e-04 -3.11134e-02
    83 -1.25007e+00  1.18419e+00  2.5705e-02  0.833    0.00 -2.86378e-01  5.37956e-02 -1.47134e-13  3.63408e-04 -4.61063e-04 -3.18277e-02
    83 -1.24807e+00  1.17586e+00  3.4273e-02  0.944    0.00 -2.84402e-01  5.34028e-02 -7.24394e-14  4.15531e-04 -4.92542e-04 -3.25420e-02
    84 -1.33396e+00  1.22523e+00 -3.4273e-02  0.056    0.00 -2.97447e-01  5.59965e-02 -6.63844e-13 -6.53858e-05 -4.71591e-04 -2.74971e-02
    84 -1.33185e+00  1.21692e+00 -2.5705e-02  0.167    0.00 -2.95472e-01  5.56113e-02 -5.89935e-13  2.53500e-06 -4.47764e-04 -2.82199e-02
    84 -1.32973e+00  1.20862e+00 -1.7136e-02  0.278    0.00 -2.93498e-01  5.52261e-02 -5.15894e-13  6.95399e-05 -4.22505e-04 -2.89426e-02
    84 -1.32762e+00  1.20032e+00 -8.5682e-03  0.389    0.00 -2.91524e-01  5.48408e-02 -4.41942e-13  1.35629e-04 -3.95812e-04 -2.96653e-02
    84 -1.32550e+00  1.19201e+00  0.0000e+00  0.500    0.00 -2.89550e-01  5.44556e-02 -3.67887e-13  2.00802e-04 -3.67687e-04 -3.03880e-02
    84 -1.32339e+00  1.18371e+00  8.5682e-03  0.611    0.00 -2.87575e-01  5.40704e-02 -2.93832e-13  2.65059e-04 -3.38128e-04 -3.11107e-02
    84 -1.32127e+00  1.17541e+00  1.7136e-02  0.722    0.00 -2.85601e-01  5.36852e-02 -2.19807e-13  3.28400e-04 -3.07137e-04 -3.18334e-02
    84 -1.31916e+00  1.16710e+00  2.5705e-02  0.833    0.00 -2.83627e-01  5.33000e-02 -1.45781e-13  3.90826e-04 -2.74712e-04 -3.25562e-02
    84 -1.31704e+00  1.15880e+00  3.4273e-02  0.944    0.00 -2.81653e-01  5.29148e-02 -7.17409e-14  4.52335e-04 -2.40855e-04 -3.32789e-02
    85 -1.40359e+00  1.20693e+00 -3.4273e-02  0.056    0.00 -2.94437e-01  5.54023e-02 -6.56917e-13 -1.09413e-04 -5.40982e-04 -2.81283e-02
    85 -1.40135e+00  1.19866e+00 -2.5705e-02  0.167    0.00 -2.92466e-01  5.50248e-02 -5.83837e-13 -2.85456e-05 -4.65411e-04 -2.88572e-02
    85 -1.39911e+00  1.19039e+00 -1.7136e-02  0.278    0.00 -2.90495e-01  5.46473e-02 -5.10641e-13  5.11076e-05 -3.88975e-04 -2.95861e-02
    85 -1.39687e+00  1.18212e+00 -8.5682e-03  0.389    0.00 -2.88524e-01  5.42698e-02 -4.37416e-13  1.29547e-04 -3.11674e-04 -3.03150e-02
    85 -1.39463e+00  1.17385e+00  0.0000e+00  0.500    0.00 -2.86553e-01  5.38923e-02 -3.64147e-13  2.06772e-04 -2.33507e-04 -3.10438e-02
    85 -1.39238e+00  1.16558e+00  8.5682e-03  0.611    0.00 -2.84582e-01  5.35148e-02 -2.90805e-13  2.82782e-04 -1.54474e-04 -3.17727e-02
    85 -1.39014e+00  1.15731e+00  1.7136e-02  0.722    0.00 -2.82611e-01  5.31373e-02 -2.17507e-13  3.57579e-04 -7.45765e-05 -3.25016e-02
    85 -1.38790e+00  1.14904e+00  2.5705e-02  0.833    0.00 -2.80640e-01  5.27598e-02 -1.44282e-13  4.31161e-04  6.18688e-06 -3.32305e-02
    85 -1.38566e+00  1.14077e+00  3.4273e-02  0.944    0.00 -2.78670e-01  5.23823e-02 -7.09406e-14  5.03530e-04  8.78158e-05 -3.39594e-02
    86 -1.47373e+00  1.18528e+00 -3.4273e-02  0.056    0.00 -2.90654e-01  5.46642e-02 -6.48477e-13 -1.61640e-04  1.88421e-04 -2.87990e-02
    86 -1.47093e+00  1.17718e+00 -2.5705e-02  0.167    0.00 -2.88711e-01  5.42991e-02 -5.76343e-13 -6.72562e-05  1.41104e-04 -2.95279e-02
    86 -1.46812e+00  1.16909e+00 -1.7136e-02  0.278    0.00 -2.86769e-01  5.39340e-02 -5.04064e-13  2.60124e-05  9.37229e-05 -3.02567e-02
    86 -1.46531e+00  1.16099e+00 -8.5682e-03  0.389    0.00 -2.84826e-01  5.35689e-02 -4.31814e-13  1.18166e-04  4.62771e-05 -3.09855e-02
    86 -1.46250e+00  1.15290e+00  0.0000e+00  0.500    0.00 -2.82884e-01  5.32038e-02 -3.59461e-13  2.09204e-04 -1.23321e-06 -3.17143e-02
    86 -1.45969e+00  1.14480e+00  8.5682e-03  0.611    0.00 -2.80941e-01  5.28387e-02 -2.87080e-13  2.99127e-04 -4.88081e-05 -3.24431e-02
    86 -1.45689e+00  1.13671e+00  1.7136e-02  0.722    0.00 -2.78999e-01  5.24736e-02 -2.14757e-13  3.87935e-04 -9.64476e-05 -3.31719e-02
    86 -1.45408e+00  1.12861e+00  2.5705e-02  0.833    0.00 -2.77057e-01  5.21085e-02 -1.42463e-13  4.75627e-04 -1.44152e-04 -3.39007e-02
    86 -1.45127e+00  1.12052e+00  3.4273e-02  0.944    0.00 -2.75114e-01  5.17434e-02 -7.00384e-14  5.62205e-04 -1.91920e-04 -3.46295e-02
    87 -1.54117e+00  1.16182e+00 -3.4273e-02  0.056    0.00 -2.86399e-01  5.38383e-02 -6.39018e-13 -2.04300e-04 -2.45488e-04 -2.94832e-02
    87 -1.53835e+00  1.15373e+00 -2.5705e-02  0.167    0.00 -2.84455e-01  5.34793e-02 -5.67845e-13 -9.87573e-05 -1.61974e-04 -3.02065e-02
    87 -1.53553e+00  1.14564e+00 -1.7136e-02  0.278    0.00 -2.82512e-01  5.31203e-02 -4.96613e-13  5.69367e-06 -7.89171e-05 -3.09297e-02
    87 -1.53271e+00  1.13755e+00 -8.5682e-03  0.389    0.00 -2.80568e-01  5.27614e-02 -4.25425e-13  1.09053e-04  3.68324e-06 -3.16530e-02
    87 -1.52989e+00  1.12946e+00  0.0000e+00  0.500    0.00 -2.78625e-01  5.24024e-02 -3.54106e-13  2.11320e-04  8.58270e-05 -3.23762e-02
    87 -1.52706e+00  1.12137e+00  8.5682e-03  0.611    0.00 -2.76681e-01  5.20435e-02 -2.82846e-13  3.12496e-04  1.67514e-04 -3.30995e-02
    87 -1.52424e+00  1.11328e+00  1.7136e-02  0.722    0.00 -2.74738e-01  5.16845e-02 -2.11541e-13  4.12580e-04  2.48745e-04 -3.38228e-02
    87 -1.52142e+00  1.10519e+00  2.5705e-02  0.833    0.00 -2.72794e-01  5.13256e-02 -1.40295e-13  5.11573e-04  3.29519e-04 -3.45460e-02
    87 -1.51860e+00  1.09710e+00  3.4273e-02  0.944    0.00 -2.70851e-01  5.09666e-02 -6.89761e-14  6.09474e-04  4.09836e-04 -3.52693e-02
    88 -1.60944e+00  1.13587e+00 -3.4273e-02  0.056    0.00 -2.81575e-01  5.29063e-02 -6.28337e-13 -2.58665e-04  1.55130e-04 -3.01499e-02
    88 -1.60618e+00  1.12795e+00 -2.5705e-02  0.167    0.00 -2.79661e-01  5.25594e-02 -5.58342e-13 -1.37915e-04  1.49387e-04 -3.08654e-02
    88 -1.60291e+00  1.12003e+00 -1.7136e-02  0.278    0.00 -2.77747e-01  5.22125e-02 -4.88260e-13 -1.84795e-05  1.43033e-04 -3.15809e-02
    88 -1.59964e+00  1.11211e+00 -8.5682e-03  0.389    0.00 -2.75833e-01  5.18656e-02 -4.18237e-13  9.96411e-05  1.36069e-04 -3.22964e-02
    88 -1.59637e+00  1.10419e+00  0.0000e+00  0.500    0.00 -2.73919e-01  5.15187e-02 -3.48140e-13  2.16447e-04  1.28494e-04 -3.30119e-02
    88 -1.59311e+00  1.09627e+00  8.5682e-03  0.611    0.00 -2.72005e-01  5.11718e-02 -2.78058e-13  3.31938e-04  1.20308e-04 -3.37274e-02
    88 -1.58984e+00  1.08835e+00  1.7136e-02  0.722    0.00 -2.70091e-01  5.08249e-02 -2.08005e-13  4.46113e-04  1.11511e-04 -3.44428e-02
    88 -1.58657e+00  1.08043e+00  2.5705e-02  0.833    0.00 -2.68178e-01  5.04780e-02 -1.37952e-13  5.58974e-04  1.02104e-04 -3.51583e-02
    88 -1.58330e+00  1.07250e+00  3.4273e-02  0.944    0.00 -2.66264e-01  5.01311e-02 -6.77392e-14  6.70521e-04  9.20865e-05 -3.58738e-02
    89 -1.67582e+00  1.10719e+00 -3.4273e-02  0.056    0.00 -2.76078e-01  5.18492e-02 -6.15837e-13 -3.02247e-04  2.33646e-05 -3.08277e-02
    89 -1.67229e+00  1.09938e+00 -2.5705e-02  0.167    0.00 -2.74184e-01  5.15119e-02 -5.47254e-13 -1.71003e-04  3.92099e-05 -3.15355e-02
    89 -1.66876e+00  1.09157e+00 -1.7136e-02  0.278    0.00 -2.72290e-01  5.11747e-02 -4.78612e-13 -4.08304e-05  5.46230e-05 -3.22434e-02
    89 -1.66523e+00  1.08376e+00 -8.5682e-03  0.389    0.00 -2.70396e-01  5.08375e-02 -4.09986e-13  8.82724e-05  6.96040e-05 -3.29512e-02
    89 -1.66170e+00  1.07595e+00  0.0000e+00  0.500    0.00 -2.68502e-01  5.05003e-02 -3.41301e-13  2.16305e-04  8.41529e-05 -3.36591e-02
    89 -1.65817e+00  1.06815e+00  8.5682e-03  0.611    0.00 -2.66608e-01  5.01631e-02 -2.72586e-13  3.43267e-04  9.82696e-05 -3.43669e-02
    89 -1.65465e+00  1.06034e+00  1.7136e-02  0.722    0.00 -2.64714e-01  4.98259e-02 -2.03901e-13  4.69160e-04  1.11954e-04 -3.50748e-02
    89 -1.65112e+00  1.05253e+00  2.5705e-02  0.833    0.00 -2.62820e-01  4.94887e-02 -1.35202e-13  5.93982e-04  1.25207e-04 -3.57826e-02
    89 -1.64759e+00  1.04472e+00  3.4273e-02  0.944    0.00 -2.60926e-01  4.91515e-02 -6.64295e-14  7.17733e-04  1.38027e-04 -3.64905e-02
    90 -1.74094e+00  1.07690e+00 -3.4273e-02  0.056    0.00 -2.70184e-01  5.07183e-02 -6.02478e-13 -3.61348e-04 -3.29789e-04 -3.14524e-02
    90 -1.73725e+00  1.06917e+00 -2.5705e-02  0.167    0.00 -2.68304e-01  5.03893e-02 -5.35423e-13 -2.13213e-04 -2.62053e-04 -3.21558e-02
    90 -1.73355e+00  1.06144e+00 -1.7136e-02  0.278    0.00 -2.66423e-01  5.00602e-02 -4.68324e-13 -6.65998e-05 -1.94174e-04 -3.28591e-02
    90 -1.72985e+00  1.05371e+00 -8.5682e-03  0.389    0.00 -2.64543e-01  4.97312e-02 -4.01167e-13  7.84913e-05 -1.26151e-04 -3.35625e-02
    90 -1.72615e+00  1.04598e+00  0.0000e+00  0.500    0.00 -2.62663e-01  4.94022e-02 -3.33923e-13  2.22061e-04 -5.79857e-05 -3.42659e-02
    90 -1.72245e+00  1.03825e+00  8.5682e-03  0.611    0.00 -2.60782e-01  4.90731e-02 -2.66722e-13  3.64108e-04  1.03229e-05 -3.49692e-02
    90 -1.71876e+00  1.03053e+00  1.7136e-02  0.722    0.00 -2.58902e-01  4.87441e-02 -1.99492e-13  5.04633e-04  7.87745e-05 -3.56726e-02
    90 -1.71506e+00  1.02280e+00  2.5705e-02  0.833    0.00 -2.57021e-01  4.84151e-02 -1.32306e-13  6.43637e-04  1.47369e-04 -3.63760e-02
    90 -1.71136e+00  1.01507e+00  3.4273e-02  0.944    0.00 -2.55141e-01  4.80861e-02 -6.50762e-14  7.81119e-04  2.16107e-04 -3.70793e-02
    91 -1.80592e+00  1.04267e+00 -3.4273e-02  0.056    0.00 -2.63366e-01  4.94150e-02 -5.87359e-13 -4.16295e-04  7.44779e-05 -3.20676e-02
    91 -1.80164e+00  1.03525e+00 -2.5705e-02  0.167    0.00 -2.61545e-01  4.91029e-02 -5.22050e-13 -2.54665e-04  1.78176e-05 -3.27706e-02
    91 -1.79735e+00  1.02783e+00 -1.7136e-02  0.278    0.00 -2.59724e-01  4.87908e-02 -4.56552e-13 -9.43360e-05 -3.82914e-05 -3.34737e-02
    91 -1.79307e+00  1.02041e+00 -8.5682e-03  0.389    0.00 -2.57903e-01  4.84787e-02 -3.91112e-13  6.46914e-05 -9.38490e-05 -3.41767e-02
    91 -1.78879e+00  1.01299e+00  0.0000e+00  0.500    0.00 -2.56083e-01  4.81666e-02 -3.25570e-13  2.22418e-04 -1.48855e-04 -3.48798e-02
    91 -1.78451e+00  1.00556e+00  8.5682e-03  0.611    0.00 -2.54262e-01  4.78545e-02 -2.60028e-13  3.78842e-04 -2.03310e-04 -3.55828e-02
    91 -1.78023e+00  9.98142e-01  1.7136e-02  0.722    0.00 -2.52441e-01  4.75423e-02 -1.94472e-13  5.33966e-04 -2.57214e-04 -3.62859e-02
    91 -1.77595e+00  9.90720e-01  2.5705e-02  0.833    0.00 -2.50620e-01  4.72302e-02 -1.29003e-13  6.87788e-04 -3.10566e-04 -3.69889e-02
    91 -1.77167e+00  9.83298e-01  3.4273e-02  0.944    0.00 -2.48799e-01  4.69181e-02 -6.35191e-14  8.40309e-04 -3.63367e-04 -3.76920e-02
    92 -1.86736e+00  1.00714e+00 -3.4273e-02  0.056    0.00 -2.56178e-01  4.80442e-02 -5.71235e-13 -4.76647e-04 -7.17920e-04 -3.26369e-02
    92 -1.86306e+00  9.99728e-01 -2.5705e-02  0.167    0.00 -2.54358e-01  4.77367e-02 -5.07585e-13 -2.98664e-04 -6.13588e-04 -3.33437e-02
    92 -1.85876e+00  9.92316e-01 -1.7136e-02  0.278    0.00 -2.52538e-01  4.74293e-02 -4.43877e-13 -1.22269e-04 -5.08145e-04 -3.40505e-02
    92 -1.85446e+00  9.84903e-01 -8.5682e-03  0.389    0.00 -2.50718e-01  4.71218e-02 -3.80256e-13  5.25377e-05 -4.01591e-04 -3.47573e-02
    92 -1.85017e+00  9.77491e-01  0.0000e+00  0.500    0.00 -2.48897e-01  4.68144e-02 -3.16533e-13  2.25755e-04 -2.93925e-04 -3.54640e-02
    92 -1.84587e+00  9.70078e-01  8.5682e-03  0.611    0.00 -2.47077e-01  4.65069e-02 -2.52825e-13  3.97384e-04 -1.85148e-04 -3.61708e-02
    92 -1.84157e+00  9.62665e-01  1.7136e-02  0.722    0.00 -2.45257e-01  4.61995e-02 -1.89073e-13  5.67424e-04 -7.52586e-05 -3.68776e-02
    92 -1.83727e+00  9.55253e-01  2.5705e-02  0.833    0.00 -2.43436e-01  4.58920e-02 -1.25379e-13  7.35876e-04  3.57418e-05 -3.75844e-02
    92 -1.83298e+00  9.47840e-01  3.4273e-02  0.944    0.00 -2.41616e-01  4.55846e-02 -6.16274e-14  9.02739e-04  1.47854e-04 -3.82911e-02
    93 -1.92937e+00  9.67235e-01 -3.4273e-02  0.056    0.00 -2.47979e-01  4.64838e-02 -5.53089e-13 -5.43478e-04 -8.44454e-05 -3.31752e-02
    93 -1.92440e+00  9.60253e-01 -2.5705e-02  0.167    0.00 -2.46246e-01  4.61979e-02 -4.91520e-13 -3.48062e-04 -1.55838e-04 -3.38894e-02
    93 -1.91943e+00  9.53271e-01 -1.7136e-02  0.278    0.00 -2.44512e-01  4.59121e-02 -4.29834e-13 -1.54318e-04 -2.25794e-04 -3.46037e-02
    93 -1.91447e+00  9.46290e-01 -8.5682e-03  0.389    0.00 -2.42779e-01  4.56262e-02 -3.68178e-13  3.77542e-05 -2.94313e-04 -3.53179e-02
    93 -1.90950e+00  9.39308e-01  0.0000e+00  0.500    0.00 -2.41046e-01  4.53403e-02 -3.06463e-13  2.28155e-04 -3.61394e-04 -3.60321e-02
    93 -1.90453e+00  9.32327e-01  8.5682e-03  0.611    0.00 -2.39313e-01  4.50544e-02 -2.44749e-13  4.16884e-04 -4.27039e-04 -3.67463e-02
    93 -1.89957e+00  9.25345e-01  1.7136e-02  0.722    0.00 -2.37579e-01  4.47686e-02 -1.83078e-13  6.03941e-04 -4.91247e-04 -3.74605e-02
    93 -1.89460e+00  9.18363e-01  2.5705e-02  0.833    0.00 -2.35846e-01  4.44827e-02 -1.21450e-13  7.89326e-04 -5.54018e-04 -3.81748e-02
    93 -1.88963e+00  9.11382e-01  3.4273e-02  0.944    0.00 -2.34113e-01  4.41968e-02 -5.98229e-14  9.73040e-04 -6.15352e-04 -3.88890e-02
    94 -1.98706e+00  9.25645e-01 -3.4273e-02  0.056    0.00 -2.39307e-01  4.48375e-02 -5.33459e-13 -6.00572e-04 -7.30349e-04 -3.36944e-02
    94 -1.98201e+00  9.18726e-01 -2.5705e-02  0.167    0.00 -2.37586e-01  4.45575e-02 -4.74072e-13 -3.91112e-04 -6.50253e-04 -3.44180e-02
    94 -1.97695e+00  9.11807e-01 -1.7136e-02  0.278    0.00 -2.35865e-01  4.42776e-02 -4.14584e-13 -1.83217e-04 -5.68596e-04 -3.51416e-02
    94 -1.97190e+00  9.04888e-01 -8.5682e-03  0.389    0.00 -2.34143e-01  4.39977e-02 -3.55125e-13  2.31149e-05 -4.85376e-04 -3.58652e-02
    94 -1.96685e+00  8.97968e-01  0.0000e+00  0.500    0.00 -2.32422e-01  4.37177e-02 -2.95666e-13  2.27883e-04 -4.00594e-04 -3.65889e-02
    94 -1.96179e+00  8.91049e-01  8.5682e-03  0.611    0.00 -2.30701e-01  4.34378e-02 -2.36105e-13  4.31087e-04 -3.14250e-04 -3.73125e-02
    94 -1.95674e+00  8.84130e-01  1.7136e-02  0.722    0.00 -2.28979e-01  4.31579e-02 -1.76602e-13  6.32727e-04 -2.26344e-04 -3.80361e-02
    94 -1.95169e+00  8.77211e-01  2.5705e-02  0.833    0.00 -2.27258e-01  4.28779e-02 -1.17114e-13  8.32803e-04 -1.36876e-04 -3.87597e-02
    94 -1.94663e+00  8.70292e-01  3.4273e-02  0.944    0.00 -2.25536e-01  4.25980e-02 -5.75674e-14  1.03132e-03 -4.58455e-05 -3.94833e-02
    95 -2.04445e+00  8.80308e-01 -3.4273e-02  0.056    0.00 -2.29754e-01  4.30259e-02 -5.12344e-13 -6.70126e-04 -3.01086e-04 -3.41735e-02
    95 -2.03888e+00  8.73792e-01 -2.5705e-02  0.167    0.00 -2.28117e-01  4.27659e-02 -4.55242e-13 -4.41973e-04 -3.30741e-04 -3.49074e-02
    95 -2.03332e+00  8.67276e-01 -1.7136e-02  0.278    0.00 -2.26479e-01  4.25059e-02 -3.98126e-13 -2.15736e-04 -3.58765e-04 -3.56413e-02
    95 -2.02776e+00  8.60760e-01 -8.5682e-03  0.389    0.00 -2.24841e-01  4.22459e-02 -3.41039e-13  8.58453e-06 -3.85158e-04 -3.63751e-02
    95 -2.02219e+00  8.54244e-01  0.0000e+00  0.500    0.00 -2.23204e-01  4.19859e-02 -2.83864e-13  2.30988e-04 -4.09920e-04 -3.71090e-02
    95 -2.01663e+00  8.47728e-01  8.5682e-03  0.611    0.00 -2.21566e-01  4.17259e-02 -2.26733e-13  4.51475e-04 -4.33051e-04 -3.78429e-02
    95 -2.01107e+00  8.41212e-01  1.7136e-02  0.722    0.00 -2.19928e-01  4.14659e-02 -1.69573e-13  6.70045e-04 -4.54552e-04 -3.85768e-02
    95 -2.00550e+00  8.34696e-01  2.5705e-02  0.833    0.00 -2.18291e-01  4.12059e-02 -1.12457e-13  8.86699e-04 -4.74421e-04 -3.93107e-02
    95 -1.99994e+00  8.28179e-01  3.4273e-02  0.944    0.00 -2.16653e-01  4.09459e-02 -5.52682e-14  1.10144e-03 -4.92660e-04 -4.00445e-02
    96 -2.09813e+00  8.32682e-01 -3.4273e-02  0.056    0.00 -2.19599e-01  4.11038e-02 -4.89497e-13 -7.28809e-04 -5.02121e-04 -3.46472e-02
    96 -2.09233e+00  8.26381e-01 -2.5705e-02  0.167    0.00 -2.18006e-01  4.08554e-02 -4.34971e-13 -4.86616e-04 -4.63668e-04 -3.53904e-02
    96 -2.08652e+00  8.20080e-01 -1.7136e-02  0.278    0.00 -2.16413e-01  4.06069e-02 -3.80387e-13 -2.46194e-04 -4.23888e-04 -3.61337e-02
    96 -2.08071e+00  8.13778e-01 -8.5682e-03  0.389    0.00 -2.14820e-01  4.03584e-02 -3.25890e-13 -7.54408e-06 -3.82779e-04 -3.68770e-02
    96 -2.07491e+00  8.07477e-01  0.0000e+00  0.500    0.00 -2.13228e-01  4.01099e-02 -2.71277e-13  2.29334e-04 -3.40343e-04 -3.76203e-02
    96 -2.06910e+00  8.01176e-01  8.5682e-03  0.611    0.00 -2.11635e-01  3.98614e-02 -2.16663e-13  4.64439e-04 -2.96578e-04 -3.83635e-02
    96 -2.06330e+00  7.94875e-01  1.7136e-02  0.722    0.00 -2.10042e-01  3.96130e-02 -1.62036e-13  6.97773e-04 -2.51485e-04 -3.91068e-02
    96 -2.05749e+00  7.88574e-01  2.5705e-02  0.833    0.00 -2.08449e-01  3.93645e-02 -1.07451e-13  9.29334e-04 -2.05064e-04 -3.98501e-02
    96 -2.05168e+00  7.82272e-01  3.4273e-02  0.944    0.00 -2.06857e-01  3.91160e-02 -5.27652e-14  1.15912e-03 -1.57315e-04 -4.05933e-02
    97 -2.14994e+00  7.81928e-01 -3.4273e-02  0.056    0.00 -2.08678e-01  3.90392e-02 -4.65094e-13 -7.97525e-04 -2.72072e-04 -3.50959e-02
    97 -2.14376e+00  7.75995e-01 -2.5705e-02  0.167    0.00 -2.07163e-01  3.88084e-02 -4.13376e-13 -5.37336e-04 -2.66035e-04 -3.58458e-02
    97 -2.13758e+00  7.70061e-01 -1.7136e-02  0.278    0.00 -2.05649e-01  3.85776e-02 -3.61542e-13 -2.79233e-04 -2.59065e-04 -3.65957e-02
    97 -2.13140e+00  7.64128e-01 -8.5682e-03  0.389    0.00 -2.04134e-01  3.83468e-02 -3.09650e-13 -2.32141e-05 -2.51161e-04 -3.73456e-02
    97 -2.12522e+00  7.58194e-01  0.0000e+00  0.500    0.00 -2.02620e-01  3.81161e-02 -2.57773e-13  2.30720e-04 -2.42324e-04 -3.80955e-02
    97 -2.11904e+00  7.52261e-01  8.5682e-03  0.611    0.00 -2.01105e-01  3.78853e-02 -2.05880e-13  4.82568e-04 -2.32552e-04 -3.88454e-02
    97 -2.11285e+00  7.46327e-01  1.7136e-02  0.722    0.00 -1.99591e-01  3.76545e-02 -1.53945e-13  7.32332e-04 -2.21846e-04 -3.95953e-02
    97 -2.10667e+00  7.40394e-01  2.5705e-02  0.833    0.00 -1.98076e-01  3.74237e-02 -1.02096e-13  9.80011e-04 -2.10206e-04 -4.03452e-02
    97 -2.10049e+00  7.34460e-01  3.4273e-02  0.944    0.00 -1.96562e-01  3.71930e-02 -5.02041e-14  1.22560e-03 -1.97633e-04 -4.10951e-02
    98 -2.19849e+00  7.28471e-01 -3.4273e-02  0.056    0.00 -1.97066e-01  3.68468e-02 -4.39220e-13 -8.57587e-04 -1.23901e-04 -3.55454e-02
    98 -2.19199e+00  7.22887e-01 -2.5705e-02  0.167    0.00 -1.95626e-01  3.66325e-02 -3.90297e-13 -5.83049e-04 -1.10583e-04 -3.62976e-02
    98 -2.18550e+00  7.17303e-01 -1.7136e-02  0.278    0.00 -1.94187e-01  3.64182e-02 -3.41359e-13 -3.10535e-04 -9.70456e-05 -3.70497e-02
    98 -2.17900e+00  7.11719e-01 -8.5682e-03  0.389    0.00 -1.92748e-01  3.62039e-02 -2.92406e-13 -4.00474e-05 -8.32881e-05 -3.78018e-02
    98 -2.17250e+00  7.06136e-01  0.0000e+00  0.500    0.00 -1.91309e-01  3.59896e-02 -2.43403e-13  2.28415e-04 -6.93107e-05 -3.85539e-02
    98 -2.16600e+00  7.00552e-01  8.5682e-03  0.611    0.00 -1.89869e-01  3.57754e-02 -1.94414e-13  4.94852e-04 -5.51135e-05 -3.93060e-02
    98 -2.15950e+00  6.94968e-01  1.7136e-02  0.722    0.00 -1.88430e-01  3.55611e-02 -1.45395e-13  7.59264e-04 -4.06965e-05 -4.00581e-02
    98 -2.15300e+00  6.89384e-01  2.5705e-02  0.833    0.00 -1.86991e-01  3.53468e-02 -9.63555e-14  1.02165e-03 -2.60597e-05 -4.08102e-02
    98 -2.14650e+00  6.83800e-01  3.4273e-02  0.944    0.00 -1.85552e-01  3.51325e-02 -4.72282e-14  1.28201e-03 -1.12031e-05 -4.15623e-02
    99 -2.24401e+00  6.72445e-01 -3.4273e-02  0.056    0.00 -1.84798e-01  3.45332e-02 -4.11790e-13 -9.23621e-04  1.05593e-04 -3.59920e-02
    99 -2.23721e+00  6.67228e-01 -2.5705e-02  0.167    0.00 -1.83438e-01  3.43357e-02 -3.65973e-13 -6.32402e-04  1.34822e-04 -3.67387e-02
    99 -2.23041e+00  6.62012e-01 -1.7136e-02  0.278    0.00 -1.82079e-01  3.41383e-02 -3.20077e-13 -3.43455e-04  1.63087e-04 -3.74854e-02
    99 -2.22362e+00  6.56795e-01 -8.5682e-03  0.389    0.00 -1.80720e-01  3.39408e-02 -2.74202e-13 -5.67798e-05  1.90388e-04 -3.82320e-02
    99 -2.21682e+00  6.51578e-01  0.0000e+00  0.500    0.00 -1.79360e-01  3.37433e-02 -2.28247e-13  2.27625e-04  2.16726e-04 -3.89787e-02
    99 -2.21002e+00  6.46362e-01  8.5682e-03  0.611    0.00 -1.78001e-01  3.35458e-02 -1.82285e-13  5.09757e-04  2.42100e-04 -3.97254e-02
    99 -2.20323e+00  6.41145e-01  1.7136e-02  0.722    0.00 -1.76642e-01  3.33484e-02 -1.36308e-13  7.89619e-04  2.66511e-04 -4.04720e-02
    99 -2.19643e+00  6.35928e-01  2.5705e-02  0.833    0.00 -1.75282e-01  3.31509e-02 -9.03892e-14  1.06721e-03  2.89958e-04 -4.12187e-02
    99 -2.18963e+00  6.30711e-01  3.4273e-02  0.944    0.00 -1.73923e-01  3.29534e-02 -4.43833e-14  1.34253e-03  3.12442e-04 -4.19654e-02
   100 -2.28619e+00  6.13568e-01 -3.4273e-02  0.056    0.00 -1.71803e-01  3.20848e-02 -3.82926e-13 -9.84448e-04  6.45939e-04 -3.64627e-02
   100 -2.27906e+00  6.08810e-01 -2.5705e-02  0.167    0.00 -1.70544e-01  3.19077e-02 -3.40282e-13 -6.78743e-04  6.54034e-04 -3.71918e-02
   100 -2.27194e+00  6.04052e-01 -1.7136e-02  0.278    0.00 -1.69286e-01  3.17306e-02 -2.97594e-13 -3.75359e-04  6.59336e-04 -3.79208e-02
   100 -2.26481e+00  5.99294e-01 -8.5682e-03  0.389    0.00 -1.68027e-01  3.15535e-02 -2.54920e-13 -7.42947e-05  6.61845e-04 -3.86498e-02
   100 -2.25769e+00  5.94536e-01  0.0000e+00  0.500    0.00 -1.66769e-01  3.13765e-02 -2.12203e-13  2.24449e-04  6.61560e-04 -3.93789e-02
   100 -2.25056e+00  5.89778e-01  8.5682e-03  0.611    0.00 -1.65510e-01  3.11994e-02 -1.69479e-13  5.20873e-04  6.58481e-04 -4.01079e-02
   100 -2.24343e+00  5.85020e-01  1.7136e-02  0.722    0.00 -1.64252e-01  3.10223e-02 -1.26769e-13  8.14977e-04  6.52610e-04 -4.08369e-02
   100 -2.23631e+00  5.80263e-01  2.5705e-02  0.833    0.00 -1.62993e-01  3.08452e-02 -8.40446e-14  1.10676e-03  6.43945e-04 -4.15660e-02
   100 -2.22918e+00  5.75505e-01  3.4273e-02  0.944    0.00 -1.61735e-01  3.06681e-02 -4.12474e-14  1.39622e-03  6.32487e-04 -4.22950e-02
   101 -2.32451e+00  5.52526e-01 -3.4273e-02  0.056    0.00 -1.58231e-01  2.95306e-02 -3.52746e-13 -1.04412e-03  1.24521e-03 -3.69817e-02
   101 -2.31713e+00  5.48175e-01 -2.5705e-02  0.167    0.00 -1.57063e-01  2.93712e-02 -3.13397e-13 -7.24271e-04  1.28519e-03 -3.76737e-02
   101 -2.30975e+00  5.43825e-01 -1.7136e-02  0.278    0.00 -1.55895e-01  2.92117e-02 -2.74049e-13 -4.06811e-04  1.31944e-03 -3.83658e-02
   101 -2.30237e+00  5.39475e-01 -8.5682e-03  0.389    0.00 -1.54727e-01  2.90523e-02 -2.34737e-13 -9.17355e-05  1.34796e-03 -3.90578e-02
   101 -2.29499e+00  5.35124e-01  0.0000e+00  0.500    0.00 -1.53559e-01  2.88929e-02 -1.95425e-13  2.20954e-04  1.37075e-03 -3.97499e-02
   101 -2.28761e+00  5.30774e-01  8.5682e-03  0.611    0.00 -1.52391e-01  2.87334e-02 -1.56084e-13  5.31258e-04  1.38781e-03 -4.04420e-02
   101 -2.28022e+00  5.26424e-01  1.7136e-02  0.722    0.00 -1.51223e-01  2.85740e-02 -1.16735e-13  8.39176e-04  1.39914e-03 -4.11340e-02
   101 -2.27284e+00  5.22073e-01  2.5705e-02  0.833    0.00 -1.50055e-01  2.84145e-02 -7.74016e-14  1.14471e-03  1.40475e-03 -4.18261e-02
   101 -2.26546e+00  5.17723e-01  3.4273e-02  0.944    0.00 -1.48887e-01  2.82551e-02 -3.79951e-14  1.44786e-03  1.40462e-03 -4.25182e-02
   102 -2.35914e+00  4.89008e-01 -3.4273e-02  0.056    0.00 -1.44014e-01  2.68569e-02 -3.21088e-13 -1.10233e-03  2.44602e-03 -3.75925e-02
   102 -2.35149e+00  4.85160e-01 -2.5705e-02  0.167    0.00 -1.42959e-01  2.67189e-02 -2.85290e-13 -7.68704e-04  2.47972e-03 -3.82165e-02
   102 -2.34383e+00  4.81313e-01 -1.7136e-02  0.278    0.00 -1.41903e-01  2.65809e-02 -2.49493e-13 -4.37653e-04  2.50295e-03 -3.88404e-02
   102 -2.33618e+00  4.77465e-01 -8.5682e-03  0.389    0.00 -1.40847e-01  2.64428e-02 -2.13709e-13 -1.09179e-04  2.51572e-03 -3.94643e-02
   102 -2.32852e+00  4.73617e-01  0.0000e+00  0.500    0.00 -1.39792e-01  2.63048e-02 -1.77912e-13  2.16717e-04  2.51802e-03 -4.00882e-02
   102 -2.32087e+00  4.69770e-01  8.5682e-03  0.611    0.00 -1.38736e-01  2.61668e-02 -1.42099e-13  5.40035e-04  2.50985e-03 -4.07121e-02
   102 -2.31321e+00  4.65922e-01  1.7136e-02  0.722    0.00 -1.37680e-01  2.60287e-02 -1.06273e-13  8.60774e-04  2.49121e-03 -4.13361e-02
   102 -2.30555e+00  4.62074e-01  2.5705e-02  0.833    0.00 -1.36625e-01  2.58907e-02 -7.04458e-14  1.17894e-03  2.46211e-03 -4.19600e-02
   102 -2.29790e+00  4.58227e-01  3.4273e-02  0.944    0.00 -1.35569e-01  2.57527e-02 -3.45171e-14  1.49452e-03  2.42254e-03 -4.25839e-02
   103 -2.38949e+00  4.23479e-01 -3.4273e-02  0.056    0.00 -1.29249e-01  2.40827e-02 -2.88157e-13 -1.09724e-03  2.77527e-03 -3.82836e-02
   103 -2.38160e+00  4.20131e-01 -2.5705e-02  0.167    0.00 -1.28306e-01  2.39654e-02 -2.56085e-13 -7.73460e-04  2.69027e-03 -3.88228e-02
   103 -2.37371e+00  4.16782e-01 -1.7136e-02  0.278    0.00 -1.27363e-01  2.38481e-02 -2.23947e-13 -4.48524e-04  2.59543e-03 -3.93620e-02
   103 -2.36583e+00  4.13433e-01 -8.5682e-03  0.389    0.00 -1.26420e-01  2.37308e-02 -1.91838e-13 -1.22429e-04  2.49074e-03 -3.99012e-02
   103 -2.35794e+00  4.10085e-01  0.0000e+00  0.500    0.00 -1.25477e-01  2.36136e-02 -1.59671e-13  2.04826e-04  2.37621e-03 -4.04403e-02
   103 -2.35005e+00  4.06736e-01  8.5682e-03  0.611    0.00 -1.24534e-01  2.34963e-02 -1.27533e-13  5.33240e-04  2.25183e-03 -4.09795e-02
   103 -2.34216e+00  4.03388e-01  1.7136e-02  0.722    0.00 -1.23590e-01  2.33790e-02 -9.53805e-14  8.62813e-04  2.11759e-03 -4.15187e-02
   103 -2.33428e+00  4.00039e-01  2.5705e-02  0.833    0.00 -1.22647e-01  2.32617e-02 -6.32499e-14  1.19355e-03  1.97352e-03 -4.20579e-02
   103 -2.32639e+00  3.96690e-01  3.4273e-02  0.944    0.00 -1.21704e-01  2.31444e-02 -3.10320e-14  1.52544e-03  1.81959e-03 -4.25970e-02
   104 -2.41889e+00  3.63679e-01 -3.4273e-02  0.056    0.00 -1.15803e-01  2.15628e-02 -2.56507e-13 -5.24877e-04 -1.63005e-03 -3.86217e-02
   104 -2.41142e+00  3.59483e-01 -2.5705e-02  0.167    0.00 -1.14671e-01  2.14058e-02 -2.27948e-13 -3.73116e-04 -1.00869e-03 -3.91037e-02
   104 -2.40395e+00  3.55286e-01 -1.7136e-02  0.278    0.00 -1.13539e-01  2.12488e-02 -1.99332e-13 -2.18959e-04 -3.90988e-04 -3.95857e-02
   104 -2.39648e+00  3.51090e-01 -8.5682e-03  0.389    0.00 -1.12406e-01  2.10919e-02 -1.70723e-13 -6.24062e-05  2.23065e-04 -4.00677e-02
   104 -2.38901e+00  3.46894e-01  0.0000e+00  0.500    0.00 -1.11274e-01  2.09349e-02 -1.42070e-13  9.65416e-05  8.33466e-04 -4.05497e-02
   104 -2.38154e+00  3.42698e-01  8.5682e-03  0.611    0.00 -1.10142e-01  2.07779e-02 -1.13447e-13  2.57885e-04  1.44021e-03 -4.10318e-02
   104 -2.37407e+00  3.38501e-01  1.7136e-02  0.722    0.00 -1.09009e-01  2.06209e-02 -8.48158e-14  4.21623e-04  2.04331e-03 -4.15138e-02
   104 -2.36660e+00  3.34305e-01  2.5705e-02  0.833    0.00 -1.07877e-01  2.04639e-02 -5.61995e-14  5.87757e-04  2.64275e-03 -4.19958e-02
   104 -2.35913e+00  3.30109e-01  3.4273e-02  0.944    0.00 -1.06744e-01  2.03069e-02 -2.75468e-14  7.56286e-04  3.23854e-03 -4.24778e-02
   105 -2.43208e+00  2.87125e-01 -1.2484e-02  0.056    0.00 -2.18086e+01 -2.45881e+00 -9.24338e-14 -2.90755e-03  1.21984e-03 -2.63173e+00
   105 -2.42921e+00  2.85913e-01 -9.3629e-03  0.167    0.00 -3.15937e+01  7.03880e-01 -6.37956e-14 -7.28200e-03  2.84941e-03 -1.06464e+00
   105 -2.42633e+00  2.84702e-01 -6.2419e-03  0.278    0.00 -3.14868e+01  6.96233e-01 -5.05242e-14 -4.64035e-03  2.86334e-03 -1.08753e+00
   105 -2.42345e+00  2.83491e-01 -3.1210e-03  0.389    0.00 -3.13799e+01  6.88586e-01 -3.98140e-14 -2.09341e-03  2.73388e-03 -1.11041e+00
   105 -2.42058e+00  2.82279e-01  0.0000e+00  0.500    0.00 -3.12730e+01  6.80939e-01 -2.98023e-14  3.58802e-04  2.46103e-03 -1.13330e+00
   105 -2.41770e+00  2.81068e-01  3.1210e-03  0.611    0.00 -3.11661e+01  6.73293e-01 -1.97906e-14  2.71630e-03  2.04481e-03 -1.15619e+00
   105 -2.41482e+00  2.79857e-01  6.2419e-03  0.722    0.00 -3.10592e+01  6.65646e-01 -1.11759e-14  4.97908e-03  1.48519e-03 -1.17908e+00
   105 -2.41195e+00  2.78645e-01  9.3629e-03  0.833    0.00 -3.09523e+01  6.57999e-01  4.65661e-16  7.14714e-03  7.82200e-04 -1.20197e+00
   105 -2.40907e+00  2.77434e-01  1.2484e-02  0.944    0.00 -2.12359e+01 -2.43827e+00 -4.42378e-14  4.29853e-03  2.22785e-04 -3.09429e+00
   106 -2.45296e+00  2.14354e-01 -1.2484e-02  0.056    0.00 -1.81170e+01 -2.05267e+00 -7.38073e-14 -5.86561e-03  1.62383e-03 -2.73356e+00
   106 -2.44988e+00  2.13854e-01 -9.3629e-03  0.167    0.00 -2.62741e+01  5.78144e-01 -5.33182e-14 -1.47444e-02  4.24972e-03 -1.10073e+00
   106 -2.44680e+00  2.13354e-01 -6.2419e-03  0.278    0.00 -2.62188e+01  5.74931e-01 -4.30737e-14 -9.51338e-03  4.13485e-03 -1.11941e+00
   106 -2.44372e+00  2.12854e-01 -3.1210e-03  0.389    0.00 -2.61636e+01  5.71718e-01 -3.32948e-14 -4.41602e-03  3.81676e-03 -1.13808e+00
   106 -2.44064e+00  2.12354e-01  0.0000e+00  0.500    0.00 -2.61083e+01  5.68505e-01 -2.42144e-14  5.47650e-04  3.29547e-03 -1.15675e+00
   106 -2.43756e+00  2.11854e-01  3.1210e-03  0.611    0.00 -2.60531e+01  5.65292e-01 -1.60653e-14  5.37763e-03  2.57096e-03 -1.17543e+00
   106 -2.43448e+00  2.11353e-01  6.2419e-03  0.722    0.00 -2.59978e+01  5.62078e-01 -8.38190e-15  1.00739e-02  1.64324e-03 -1.19410e+00
   106 -2.43140e+00  2.10853e-01  9.3629e-03  0.833    0.00 -2.59426e+01  5.58865e-01 -2.09548e-15  1.46365e-02  5.12307e-04 -1.21277e+00
   106 -2.42832e+00  2.10353e-01  1.2484e-02  0.944    0.00 -1.78188e+01 -2.03562e+00 -2.81725e-14  8.85545e-03 -3.33028e-05 -3.11095e+00
   107 -2.46420e+00  1.41546e-01 -1.2484e-02  0.056    0.00 -1.43813e+01 -1.63521e+00 -6.05360e-14 -5.97827e-03  7.24624e-04 -2.83809e+00
   107 -2.46112e+00  1.41094e-01 -9.3629e-03  0.167    0.00 -2.08451e+01  4.54542e-01 -4.30737e-14 -1.50705e-02  1.76872e-03 -1.13934e+00
   107 -2.45803e+00  1.40642e-01 -6.2419e-03  0.278    0.00 -2.07930e+01  4.53191e-01 -3.42261e-14 -9.82238e-03  1.35975e-03 -1.15524e+00
   107 -2.45494e+00  1.40190e-01 -3.1210e-03  0.389    0.00 -2.07409e+01  4.51839e-01 -2.65427e-14 -4.66532e-03  9.26782e-04 -1.17115e+00
   107 -2.45185e+00  1.39737e-01  0.0000e+00  0.500    0.00 -2.06887e+01  4.50488e-01 -1.95578e-14  4.00638e-04  4.69811e-04 -1.18705e+00
   107 -2.44876e+00  1.39285e-01  3.1210e-03  0.611    0.00 -2.06366e+01  4.49137e-01 -1.21072e-14  5.37550e-03 -1.11610e-05 -1.20295e+00
   107 -2.44567e+00  1.38833e-01  6.2419e-03  0.722    0.00 -2.05845e+01  4.47786e-01 -6.28643e-15  1.02593e-02 -5.16133e-04 -1.21885e+00
   107 -2.44259e+00  1.38381e-01  9.3629e-03  0.833    0.00 -2.05323e+01  4.46434e-01  6.98492e-16  1.50519e-02 -1.04511e-03 -1.23475e+00
   107 -2.43950e+00  1.37929e-01  1.2484e-02  0.944    0.00 -1.40949e+01 -1.60444e+00 -2.70084e-14  9.14843e-03 -6.88237e-04 -3.15948e+00
   108 -2.47236e+00  6.81158e-02 -1.2484e-02  0.056    0.00 -1.06015e+01 -1.21394e+00 -3.99305e-14 -6.12404e-03  3.82029e-04 -2.89483e+00
   108 -2.46925e+00  6.78800e-02 -9.3629e-03  0.167    0.00 -1.53640e+01  3.28939e-01 -3.06172e-14 -1.54176e-02  8.77572e-04 -1.16170e+00
   108 -2.46614e+00  6.76443e-02 -6.2419e-03  0.278    0.00 -1.53276e+01  3.30015e-01 -2.50293e-14 -1.00194e-02  4.70455e-04 -1.17749e+00
   108 -2.46303e+00  6.74086e-02 -3.1210e-03  0.389    0.00 -1.52911e+01  3.31091e-01 -1.95578e-14 -4.73755e-03  8.52950e-05 -1.19329e+00
   108 -2.45992e+00  6.71728e-02  0.0000e+00  0.500    0.00 -1.52546e+01  3.32167e-01 -1.43191e-14  4.27877e-04 -2.77907e-04 -1.20908e+00
   108 -2.45680e+00  6.69371e-02  3.1210e-03  0.611    0.00 -1.52182e+01  3.33243e-01 -9.31323e-15  5.47692e-03 -6.19152e-04 -1.22488e+00
   108 -2.45369e+00  6.67014e-02  6.2419e-03  0.722    0.00 -1.51817e+01  3.34319e-01 -4.88944e-15  1.04096e-02 -9.38439e-04 -1.24068e+00
   108 -2.45058e+00  6.64656e-02  9.3629e-03  0.833    0.00 -1.51452e+01  3.35395e-01 -1.39698e-15  1.52258e-02 -1.23577e-03 -1.25647e+00
   108 -2.44747e+00  6.62299e-02  1.2484e-02  0.944    0.00 -1.03951e+01 -1.17478e+00 -2.32831e-14  9.23633e-03 -7.26375e-04 -3.21408e+00
   109 -2.47317e+00 -6.11066e-03 -1.2484e-02  0.056    0.00 -6.75136e+00 -7.85728e-01 -2.58442e-14 -6.15804e-03  4.65770e-04 -2.93721e+00
   109 -2.47005e+00 -5.94335e-03 -9.3629e-03  0.167    0.00 -9.79430e+00  2.00651e-01 -2.08383e-14 -1.55185e-02  1.18913e-03 -1.17820e+00
   109 -2.46694e+00 -5.77603e-03 -6.2419e-03  0.278    0.00 -9.78764e+00  2.04717e-01 -1.61817e-14 -1.01293e-02  1.06340e-03 -1.19373e+00
   109 -2.46382e+00 -5.60872e-03 -3.1210e-03  0.389    0.00 -9.78098e+00  2.08784e-01 -1.21654e-14 -4.84200e-03  8.95967e-04 -1.20925e+00
   109 -2.46071e+00 -5.44140e-03  0.0000e+00  0.500    0.00 -9.77433e+00  2.12850e-01 -9.08040e-15  3.43524e-04  6.86838e-04 -1.22478e+00
   109 -2.45759e+00 -5.27408e-03  3.1210e-03  0.611    0.00 -9.76767e+00  2.16916e-01 -6.05360e-15  5.42723e-03  4.36011e-04 -1.24031e+00
   109 -2.45447e+00 -5.10677e-03  6.2419e-03  0.722    0.00 -9.76101e+00  2.20983e-01 -3.31784e-15  1.04091e-02  1.43486e-04 -1.25584e+00
   109 -2.45136e+00 -4.93945e-03  9.3629e-03  0.833    0.00 -9.75435e+00  2.25049e-01  4.65661e-16  1.52892e-02 -1.90738e-04 -1.27136e+00
   109 -2.44824e+00 -4.77214e-03  1.2484e-02  0.944    0.00 -6.70211e+00 -7.44795e-01 -1.11759e-14  9.29038e-03 -1.89222e-04 -3.25101e+00
   110 -2.46795e+00 -7.94097e-02 -1.2484e-02  0.056    0.00 -2.92353e+00 -3.56925e-01 -9.13860e-15 -6.15763e-03 -1.29465e-04 -2.95683e+00
   110 -2.46484e+00 -7.91336e-02 -9.3629e-03  0.167    0.00 -4.23665e+00  7.48637e-02 -9.22591e-15 -1.55341e-02 -4.19612e-04 -1.18624e+00
   110 -2.46173e+00 -7.88575e-02 -6.2419e-03  0.278    0.00 -4.23784e+00  8.06965e-02 -6.92671e-15 -1.01830e-02 -6.82622e-04 -1.20204e+00
   110 -2.45862e+00 -7.85814e-02 -3.1210e-03  0.389    0.00 -4.23903e+00  8.65293e-02 -5.47152e-15 -4.91692e-03 -8.80336e-04 -1.21784e+00
   110 -2.45551e+00 -7.83052e-02  0.0000e+00  0.500    0.00 -4.24022e+00  9.23620e-02 -4.10364e-15  2.64319e-04 -1.01275e-03 -1.23364e+00
   110 -2.45240e+00 -7.80291e-02  3.1210e-03  0.611    0.00 -4.24141e+00  9.81948e-02 -2.76486e-15  5.36067e-03 -1.07988e-03 -1.24944e+00
   110 -2.44929e+00 -7.77530e-02  6.2419e-03  0.722    0.00 -4.24260e+00  1.04028e-01 -1.51340e-15  1.03721e-02 -1.08170e-03 -1.26525e+00
   110 -2.44619e+00 -7.74769e-02  9.3629e-03  0.833    0.00 -4.24379e+00  1.09860e-01  1.45519e-16  1.52987e-02 -1.01823e-03 -1.28105e+00
   110 -2.44308e+00 -7.72008e-02  1.2484e-02  0.944    0.00 -2.91273e+00 -3.06979e-01 -4.74392e-15  9.31268e-03 -5.16456e-04 -3.27617e+00
   111 -2.45840e+00 -1.53003e-01 -1.2484e-02  0.056    0.00  9.36512e-01  7.46460e-02  2.70666e-15 -6.14284e-03 -7.04388e-04 -2.93137e+00
   111 -2.45532e+00 -1.52477e-01 -9.3629e-03  0.167    0.00  1.35750e+00 -5.23588e-02  2.56114e-15 -1.54677e-02 -1.97663e-03 -1.17887e+00
   111 -2.45224e+00 -1.51950e-01 -6.2419e-03  0.278    0.00  1.33768e+00 -4.43095e-02  2.09548e-15 -1.00970e-02 -2.34183e-03 -1.19738e+00
   111 -2.44917e+00 -1.51424e-01 -3.1210e-03  0.389    0.00  1.31786e+00 -3.62603e-02  1.62981e-15 -4.84359e-03 -2.54334e-03 -1.21589e+00
   111 -2.44609e+00 -1.50897e-01  0.0000e+00  0.500    0.00  1.29803e+00 -2.82110e-02  1.19326e-15  2.92551e-04 -2.58116e-03 -1.23439e+00
   111 -2.44301e+00 -1.50371e-01  3.1210e-03  0.611    0.00  1.27821e+00 -2.01618e-02  7.63976e-16  5.31141e-03 -2.45531e-03 -1.25290e+00
   111 -2.43994e+00 -1.49844e-01  6.2419e-03  0.722    0.00  1.25839e+00 -1.21126e-02  4.43833e-16  1.02130e-02 -2.16576e-03 -1.27141e+00
   111 -2.43686e+00 -1.49318e-01  9.3629e-03  0.833    0.00  1.23857e+00 -4.06331e-03  5.09317e-17  1.49973e-02 -1.71253e-03 -1.28992e+00
   111 -2.43379e+00 -1.48791e-01  1.2484e-02  0.944    0.00  8.50155e-01  1.28729e-01  1.61526e-15  9.10409e-03 -7.76205e-04 -3.30542e+00
   112 -2.43850e+00 -2.25545e-01 -1.2484e-02  0.056    0.00  4.78238e+00  5.02500e-01  1.28057e-14 -3.07324e-03 -5.16101e-04 -2.88288e+00
   112 -2.43559e+00 -2.24428e-01 -9.3629e-03  0.167    0.00  6.90575e+00 -1.80086e-01  1.46101e-14 -7.72795e-03 -1.39255e-03 -1.16241e+00
   112 -2.43267e+00 -2.23310e-01 -6.2419e-03  0.278    0.00  6.84092e+00 -1.68744e-01  1.09430e-14 -5.02916e-03 -1.33818e-03 -1.18366e+00
   112 -2.42976e+00 -2.22192e-01 -3.1210e-03  0.389    0.00  6.77608e+00 -1.57402e-01  8.38190e-15 -2.40081e-03 -1.22058e-03 -1.20490e+00
   112 -2.42684e+00 -2.21074e-01  0.0000e+00  0.500    0.00  6.71125e+00 -1.46060e-01  6.34464e-15  1.57091e-04 -1.03977e-03 -1.22615e+00
   112 -2.42393e+00 -2.19956e-01  3.1210e-03  0.611    0.00  6.64641e+00 -1.34718e-01  4.13274e-15  2.64454e-03 -7.95733e-04 -1.24739e+00
   112 -2.42102e+00 -2.18838e-01  6.2419e-03  0.722    0.00  6.58158e+00 -1.23376e-01  2.32831e-15  5.06155e-03 -4.88476e-04 -1.26864e+00
   112 -2.41810e+00 -2.17720e-01  9.3629e-03  0.833    0.00  6.51675e+00 -1.12034e-01 -1.16415e-16  7.40810e-03 -1.17997e-04 -1.28988e+00
   112 -2.41519e+00 -2.16603e-01  1.2484e-02  0.944    0.00  4.45511e+00  5.48578e-01  1.11177e-14  4.48784e-03  3.62737e-05 -3.31224e+00
   113 -2.42615e+00 -3.02590e-01 -3.4273e-02  0.056    0.00  3.97998e-02 -7.56305e-03  8.53433e-14 -6.47234e-04 -2.78553e-03 -4.37858e-02
   113 -2.41871e+00 -2.98343e-01 -2.5705e-02  0.167    0.00  3.89498e-02 -7.37596e-03  7.58246e-14 -4.85508e-04 -2.38478e-03 -4.42274e-02
   113 -2.41127e+00 -2.94095e-01 -1.7136e-02  0.278    0.00  3.80999e-02 -7.18887e-03  6.62858e-14 -3.20345e-04 -1.97929e-03 -4.46690e-02
   113 -2.40383e+00 -2.89847e-01 -8.5682e-03  0.389    0.00  3.72499e-02 -7.00177e-03  5.67507e-14 -1.51747e-04 -1.56908e-03 -4.51106e-02
   113 -2.39639e+00 -2.85600e-01  0.0000e+00  0.500    0.00  3.63999e-02 -6.81468e-03  4.72010e-14  2.02871e-05 -1.15412e-03 -4.55522e-02
   113 -2.38894e+00 -2.81352e-01  8.5682e-03  0.611    0.00  3.55500e-02 -6.62759e-03  3.76476e-14  1.95757e-04 -7.34439e-04 -4.59938e-02
   113 -2.38150e+00 -2.77104e-01  1.7136e-02  0.722    0.00  3.47000e-02 -6.44049e-03  2.81016e-14  3.74662e-04 -3.10020e-04 -4.64354e-02
   113 -2.37406e+00 -2.72856e-01  2.5705e-02  0.833    0.00  3.38501e-02 -6.25340e-03  1.85555e-14  5.57004e-04  1.19134e-04 -4.68770e-02
   113 -2.36662e+00 -2.68609e-01  3.4273e-02  0.944    0.00  3.30001e-02 -6.06631e-03  9.01127e-15  7.42781e-04  5.53021e-04 -4.73186e-02
   114 -2.39746e+00 -3.61152e-01 -3.4273e-02  0.056    0.00  5.40151e-02 -1.01946e-02  1.19038e-13 -1.33984e-03 -3.43657e-03 -4.32133e-02
   114 -2.38954e+00 -3.57883e-01 -2.5705e-02  0.167    0.00  5.33990e-02 -1.00638e-02  1.05778e-13 -9.93353e-04 -3.34017e-03 -4.37253e-02
   114 -2.38162e+00 -3.54615e-01 -1.7136e-02  0.278    0.00  5.27828e-02 -9.93295e-03  9.24920e-14 -6.44943e-04 -3.23144e-03 -4.42373e-02
   114 -2.37370e+00 -3.51346e-01 -8.5682e-03  0.389    0.00  5.21666e-02 -9.80214e-03  7.92206e-14 -2.94609e-04 -3.11040e-03 -4.47494e-02
   114 -2.36578e+00 -3.48078e-01  0.0000e+00  0.500    0.00  5.15504e-02 -9.67133e-03  6.59347e-14  5.76518e-05 -2.97703e-03 -4.52614e-02
   114 -2.35786e+00 -3.44809e-01  8.5682e-03  0.611    0.00  5.09342e-02 -9.54053e-03  5.26343e-14  4.11838e-04 -2.83134e-03 -4.57734e-02
   114 -2.34994e+00 -3.41541e-01  1.7136e-02  0.722    0.00  5.03180e-02 -9.40972e-03  3.93484e-14  7.67949e-04 -2.67332e-03 -4.62855e-02
   114 -2.34202e+00 -3.38272e-01  2.5705e-02  0.833    0.00  4.97018e-02 -9.27891e-03  2.60625e-14  1.12599e-03 -2.50298e-03 -4.67975e-02
   114 -2.33410e+00 -3.35004e-01  3.4273e-02  0.944    0.00  4.90856e-02 -9.14810e-03  1.27657e-14  1.48595e-03 -2.32032e-03 -4.73096e-02
   115 -2.36693e+00 -4.26654e-01 -3.4273e-02  0.056    0.00  6.98819e-02 -1.31501e-02  1.54087e-13 -1.34851e-03 -2.40591e-03 -4.26617e-02
   115 -2.35933e+00 -4.22689e-01 -2.5705e-02  0.167    0.00  6.90950e-02 -1.29941e-02  1.36926e-13 -9.92344e-04 -2.47557e-03 -4.32688e-02
   115 -2.35173e+00 -4.18724e-01 -1.7136e-02  0.278    0.00  6.83082e-02 -1.28382e-02  1.19751e-13 -6.38255e-04 -2.53434e-03 -4.38758e-02
   115 -2.34414e+00 -4.14759e-01 -8.5682e-03  0.389    0.00  6.75213e-02 -1.26822e-02  1.02558e-13 -2.86243e-04 -2.58222e-03 -4.44829e-02
   115 -2.33654e+00 -4.10795e-01  0.0000e+00  0.500    0.00  6.67344e-02 -1.25262e-02  8.53506e-14  6.36926e-05 -2.61921e-03 -4.50899e-02
   115 -2.32895e+00 -4.06830e-01  8.5682e-03  0.611    0.00  6.59476e-02 -1.23702e-02  6.81357e-14  4.11551e-04 -2.64531e-03 -4.56970e-02
   115 -2.32135e+00 -4.02865e-01  1.7136e-02  0.722    0.00  6.51607e-02 -1.22143e-02  5.09281e-14  7.57332e-04 -2.66052e-03 -4.63040e-02
   115 -2.31376e+00 -3.98900e-01  2.5705e-02  0.833    0.00  6.43738e-02 -1.20583e-02  3.37423e-14  1.10104e-03 -2.66483e-03 -4.69111e-02
   115 -2.30616e+00 -3.94935e-01  3.4273e-02  0.944    0.00  6.35870e-02 -1.19023e-02  1.65346e-14  1.44266e-03 -2.65825e-03 -4.75181e-02
   116 -2.33266e+00 -4.88671e-01 -3.4273e-02  0.056    0.00  8.50026e-02 -1.59614e-02  1.87956e-13 -1.32052e-03 -1.56998e-03 -4.22083e-02
   116 -2.32526e+00 -4.84350e-01 -2.5705e-02  0.167    0.00  8.41266e-02 -1.57970e-02  1.67016e-13 -9.75400e-04 -1.54969e-03 -4.28852e-02
   116 -2.31786e+00 -4.80030e-01 -1.7136e-02  0.278    0.00  8.32506e-02 -1.56326e-02  1.46039e-13 -6.32226e-04 -1.52335e-03 -4.35621e-02
   116 -2.31046e+00 -4.75710e-01 -8.5682e-03  0.389    0.00  8.23746e-02 -1.54682e-02  1.25077e-13 -2.90999e-04 -1.49096e-03 -4.42391e-02
   116 -2.30306e+00 -4.71389e-01  0.0000e+00  0.500    0.00  8.14986e-02 -1.53038e-02  1.04104e-13  4.82810e-05 -1.45252e-03 -4.49160e-02
   116 -2.29567e+00 -4.67069e-01  8.5682e-03  0.611    0.00  8.06226e-02 -1.51394e-02  8.31060e-14  3.85614e-04 -1.40803e-03 -4.55929e-02
   116 -2.28827e+00 -4.62749e-01  1.7136e-02  0.722    0.00  7.97466e-02 -1.49750e-02  6.21367e-14  7.20999e-04 -1.35750e-03 -4.62699e-02
   116 -2.28087e+00 -4.58428e-01  2.5705e-02  0.833    0.00  7.88706e-02 -1.48106e-02  4.11710e-14  1.05444e-03 -1.30091e-03 -4.69468e-02
   116 -2.27347e+00 -4.54108e-01  3.4273e-02  0.944    0.00  7.79946e-02 -1.46462e-02  2.01944e-14  1.38593e-03 -1.23828e-03 -4.76237e-02
   117 -2.29342e+00 -5.49355e-01 -3.4273e-02  0.056    0.00  9.99017e-02 -1.87323e-02  2.20847e-13 -1.28508e-03 -5.36919e-04 -4.18495e-02
   117 -2.28644e+00 -5.44379e-01 -2.5705e-02  0.167    0.00  9.88626e-02 -1.85449e-02  1.96254e-13 -9.52844e-04 -5.94631e-04 -4.25653e-02
   117 -2.27946e+00 -5.39404e-01 -1.7136e-02  0.278    0.00  9.78234e-02 -1.83574e-02  1.71596e-13 -6.22490e-04 -6.49175e-04 -4.32810e-02
   117 -2.27249e+00 -5.34428e-01 -8.5682e-03  0.389    0.00  9.67843e-02 -1.81700e-02  1.46974e-13 -2.94020e-04 -7.00554e-04 -4.39968e-02
   117 -2.26551e+00 -5.29452e-01  0.0000e+00  0.500    0.00  9.57451e-02 -1.79826e-02  1.22334e-13  3.25659e-05 -7.48766e-04 -4.47126e-02
   117 -2.25854e+00 -5.24476e-01  8.5682e-03  0.611    0.00  9.47059e-02 -1.77952e-02  9.76761e-14  3.57268e-04 -7.93812e-04 -4.54283e-02
   117 -2.25156e+00 -5.19500e-01  1.7136e-02  0.722    0.00  9.36668e-02 -1.76077e-02  7.30106e-14  6.80087e-04 -8.35691e-04 -4.61441e-02
   117 -2.24459e+00 -5.14524e-01  2.5705e-02  0.833    0.00  9.26276e-02 -1.74203e-02  4.83778e-14  1.00102e-03 -8.74405e-04 -4.68599e-02
   117 -2.23761e+00 -5.09548e-01  3.4273e-02  0.944    0.00  9.15885e-02 -1.72329e-02  2.37123e-14  1.32007e-03 -9.09951e-04 -4.75756e-02
   118 -2.25075e+00 -6.06121e-01 -3.4273e-02  0.056    0.00  1.13948e-01 -2.13391e-02  2.52294e-13 -1.24259e-03 -3.10298e-04 -4.15443e-02
   118 -2.24403e+00 -6.00805e-01 -2.5705e-02  0.167    0.00  1.12822e-01 -2.11443e-02  2.24180e-13 -9.25771e-04 -2.92260e-04 -4.22788e-02
   118 -2.23731e+00 -5.95488e-01 -1.7136e-02  0.278    0.00  1.11696e-01 -2.09495e-02  1.96029e-13 -6.10370e-04 -2.73206e-04 -4.30133e-02
   118 -2.23059e+00 -5.90171e-01 -8.5682e-03  0.389    0.00  1.10570e-01 -2.07546e-02  1.67893e-13 -2.96383e-04 -2.53138e-04 -4.37478e-02
   118 -2.22387e+00 -5.84855e-01  0.0000e+00  0.500    0.00  1.09444e-01 -2.05598e-02  1.39735e-13  1.61887e-05 -2.32055e-04 -4.44823e-02
   118 -2.21715e+00 -5.79538e-01  8.5682e-03  0.611    0.00  1.08317e-01 -2.03649e-02  1.11591e-13  3.27346e-04 -2.09957e-04 -4.52168e-02
   118 -2.21043e+00 -5.74221e-01  1.7136e-02  0.722    0.00  1.07191e-01 -2.01701e-02  8.34116e-14  6.37088e-04 -1.86844e-04 -4.59513e-02
   118 -2.20371e+00 -5.68905e-01  2.5705e-02  0.833    0.00  1.06065e-01 -1.99752e-02  5.52682e-14  9.45416e-04 -1.62716e-04 -4.66858e-02
   118 -2.19699e+00 -5.63588e-01  3.4273e-02  0.944    0.00  1.04939e-01 -1.97804e-02  2.70957e-14  1.25233e-03 -1.37573e-04 -4.74203e-02
   119 -2.20384e+00 -6.60903e-01 -3.4273e-02  0.056    0.00  1.27607e-01 -2.38738e-02  2.82562e-13 -1.19943e-03  2.22560e-04 -4.12584e-02
   119 -2.19755e+00 -6.55082e-01 -2.5705e-02  0.167    0.00  1.26353e-01 -2.36634e-02  2.51086e-13 -8.97419e-04  1.77364e-04 -4.19986e-02
   119 -2.19126e+00 -6.49262e-01 -1.7136e-02  0.278    0.00  1.25099e-01 -2.34531e-02  2.19574e-13 -5.96582e-04  1.32075e-04 -4.27389e-02
   119 -2.18497e+00 -6.43441e-01 -8.5682e-03  0.389    0.00  1.23844e-01 -2.32427e-02  1.88062e-13 -2.96920e-04  8.66928e-05 -4.34791e-02
   119 -2.17868e+00 -6.37620e-01  0.0000e+00  0.500    0.00  1.22590e-01 -2.30324e-02  1.56499e-13  1.56766e-06  4.12166e-05 -4.42194e-02
   119 -2.17240e+00 -6.31799e-01  8.5682e-03  0.611    0.00  1.21336e-01 -2.28220e-02  1.24957e-13  2.98880e-04 -4.35312e-06 -4.49596e-02
   119 -2.16611e+00 -6.25979e-01  1.7136e-02  0.722    0.00  1.20081e-01 -2.26117e-02  9.34306e-14  5.95017e-04 -5.00164e-05 -4.56999e-02
   119 -2.15982e+00 -6.20158e-01  2.5705e-02  0.833    0.00  1.18827e-01 -2.24013e-02  6.19330e-14  8.89979e-04 -9.57733e-05 -4.64401e-02
   119 -2.15353e+00 -6.14337e-01  3.4273e-02  0.944    0.00  1.17573e-01 -2.21910e-02  3.03844e-14  1.18377e-03 -1.41624e-04 -4.71804e-02
   120 -2.15439e+00 -7.12044e-01 -3.4273e-02  0.056    0.00  1.40462e-01 -2.62545e-02  3.11455e-13 -1.15606e-03  1.84385e-04 -4.09753e-02
   120 -2.14836e+00 -7.05957e-01 -2.5705e-02  0.167    0.00  1.39138e-01 -2.60405e-02  2.76719e-13 -8.68855e-04  2.04585e-04 -4.17133e-02
   120 -2.14233e+00 -6.99870e-01 -1.7136e-02  0.278    0.00  1.37814e-01 -2.58266e-02  2.41977e-13 -5.82518e-04  2.23778e-04 -4.24512e-02
   120 -2.13630e+00 -6.93783e-01 -8.5682e-03  0.389    0.00  1.36490e-01 -2.56126e-02  2.07219e-13 -2.97047e-04  2.41962e-04 -4.31892e-02
   120 -2.13027e+00 -6.87696e-01  0.0000e+00  0.500    0.00  1.35166e-01 -2.53987e-02  1.72491e-13 -1.24416e-05  2.59139e-04 -4.39272e-02
   120 -2.12424e+00 -6.81608e-01  8.5682e-03  0.611    0.00  1.33842e-01 -2.51847e-02  1.37741e-13  2.71298e-04  2.75307e-04 -4.46651e-02
   120 -2.11821e+00 -6.75521e-01  1.7136e-02  0.722    0.00  1.32518e-01 -2.49708e-02  1.02991e-13  5.54171e-04  2.90467e-04 -4.54031e-02
   120 -2.11218e+00 -6.69434e-01  2.5705e-02  0.833    0.00  1.31193e-01 -2.47569e-02  6.82339e-14  8.36179e-04  3.04620e-04 -4.61410e-02
   120 -2.10615e+00 -6.63347e-01  3.4273e-02  0.944    0.00  1.29869e-01 -2.45429e-02  3.34549e-14  1.11732e-03  3.17764e-04 -4.68790e-02
   121 -2.10137e+00 -7.61046e-01 -3.4273e-02  0.056    0.00  1.52881e-01 -2.85540e-02  3.38994e-13 -1.10921e-03  5.30276e-04 -4.06837e-02
   121 -2.09577e+00 -7.54556e-01 -2.5705e-02  0.167    0.00  1.51453e-01 -2.83296e-02  3.01246e-13 -8.37366e-04  4.81658e-04 -4.14147e-02
   121 -2.09018e+00 -7.48066e-01 -1.7136e-02  0.278    0.00  1.50024e-01 -2.81051e-02  2.63419e-13 -5.66078e-04  4.31767e-04 -4.21457e-02
   121 -2.08459e+00 -7.41576e-01 -8.5682e-03  0.389    0.00  1.48595e-01 -2.78807e-02  2.25642e-13 -2.95342e-04  3.80604e-04 -4.28767e-02
   121 -2.07899e+00 -7.35087e-01  0.0000e+00  0.500    0.00  1.47166e-01 -2.76562e-02  1.87807e-13 -2.51592e-05  3.28170e-04 -4.36077e-02
   121 -2.07340e+00 -7.28597e-01  8.5682e-03  0.611    0.00  1.45737e-01 -2.74318e-02  1.49965e-13  2.44472e-04  2.74463e-04 -4.43387e-02
   121 -2.06780e+00 -7.22107e-01  1.7136e-02  0.722    0.00  1.44309e-01 -2.72074e-02  1.12137e-13  5.13550e-04  2.19484e-04 -4.50697e-02
   121 -2.06221e+00 -7.15617e-01  2.5705e-02  0.833    0.00  1.42880e-01 -2.69829e-02  7.43094e-14  7.82077e-04  1.63233e-04 -4.58007e-02
   121 -2.05661e+00 -7.09127e-01  3.4273e-02  0.944    0.00  1.41451e-01 -2.67585e-02  3.64162e-14  1.05005e-03  1.05709e-04 -4.65317e-02
   122 -2.04691e+00 -8.06566e-01 -3.4273e-02  0.056    0.00  1.64514e-01 -3.07030e-02  3.65224e-13 -1.06776e-03  2.11394e-04 -4.03643e-02
   122 -2.04152e+00 -7.99910e-01 -2.5705e-02  0.167    0.00  1.63040e-01 -3.04801e-02  3.24544e-13 -8.09194e-04  2.52430e-04 -4.10866e-02
   122 -2.03612e+00 -7.93253e-01 -1.7136e-02  0.278    0.00  1.61565e-01 -3.02571e-02  2.83762e-13 -5.51176e-04  2.92013e-04 -4.18090e-02
   122 -2.03073e+00 -7.86597e-01 -8.5682e-03  0.389    0.00  1.60091e-01 -3.00341e-02  2.43061e-13 -2.93704e-04  3.30144e-04 -4.25313e-02
   122 -2.02533e+00 -7.79940e-01  0.0000e+00  0.500    0.00  1.58616e-01 -2.98111e-02  2.02301e-13 -3.67772e-05  3.66823e-04 -4.32537e-02
   122 -2.01994e+00 -7.73283e-01  8.5682e-03  0.611    0.00  1.57142e-01 -2.95882e-02  1.61534e-13  2.19605e-04  4.02048e-04 -4.39761e-02
   122 -2.01454e+00 -7.66627e-01  1.7136e-02  0.722    0.00  1.55668e-01 -2.93652e-02  1.20810e-13  4.75442e-04  4.35822e-04 -4.46984e-02
   122 -2.00915e+00 -7.59970e-01  2.5705e-02  0.833    0.00  1.54193e-01 -2.91422e-02  8.00865e-14  7.30733e-04  4.68142e-04 -4.54208e-02
   122 -2.00376e+00 -7.53314e-01  3.4273e-02  0.944    0.00  1.52719e-01 -2.89193e-02  3.93629e-14  9.85480e-04  4.99011e-04 -4.61432e-02
   123 -1.98882e+00 -8.50055e-01 -3.4273e-02  0.056    0.00  1.75737e-01 -3.27771e-02  3.90137e-13 -1.01817e-03  6.03317e-04 -4.00241e-02
   123 -1.98395e+00 -8.43003e-01 -2.5705e-02  0.167    0.00  1.74158e-01 -3.25438e-02  3.46663e-13 -7.75331e-04  5.34106e-04 -4.07382e-02
   123 -1.97908e+00 -8.35952e-01 -1.7136e-02  0.278    0.00  1.72579e-01 -3.23104e-02  3.03131e-13 -5.32787e-04  4.63671e-04 -4.14522e-02
   123 -1.97421e+00 -8.28901e-01 -8.5682e-03  0.389    0.00  1.71000e-01 -3.20771e-02  2.59643e-13 -2.90537e-04  3.92013e-04 -4.21662e-02
   123 -1.96935e+00 -8.21849e-01  0.0000e+00  0.500    0.00  1.69421e-01 -3.18438e-02  2.16096e-13 -4.85838e-05  3.19131e-04 -4.28803e-02
   123 -1.96448e+00 -8.14798e-01  8.5682e-03  0.611    0.00  1.67842e-01 -3.16105e-02  1.72557e-13  1.93074e-04  2.45024e-04 -4.35943e-02
   123 -1.95961e+00 -8.07747e-01  1.7136e-02  0.722    0.00  1.66263e-01 -3.13771e-02  1.29032e-13  4.34437e-04  1.69694e-04 -4.43084e-02
   123 -1.95474e+00 -8.00695e-01  2.5705e-02  0.833    0.00  1.64684e-01 -3.11438e-02  8.55216e-14  6.75503e-04  9.31402e-05 -4.50224e-02
   123 -1.94988e+00 -7.93644e-01  3.4273e-02  0.944    0.00  1.63105e-01 -3.09105e-02  4.19532e-14  9.16274e-04  1.53623e-05 -4.57364e-02
   124 -1.93020e+00 -8.89740e-01 -3.4273e-02  0.056    0.00  1.86081e-01 -3.46827e-02  4.13405e-13 -9.73176e-04  7.67275e-05 -3.96481e-02
   124 -1.92546e+00 -8.82601e-01 -2.5705e-02  0.167    0.00  1.84477e-01 -3.44549e-02  3.67399e-13 -7.44605e-04  1.18554e-04 -4.03561e-02
   124 -1.92072e+00 -8.75463e-01 -1.7136e-02  0.278    0.00  1.82872e-01 -3.42271e-02  3.21314e-13 -5.16099e-04  1.59463e-04 -4.10641e-02
   124 -1.91598e+00 -8.68324e-01 -8.5682e-03  0.389    0.00  1.81267e-01 -3.39993e-02  2.75235e-13 -2.87656e-04  1.99454e-04 -4.17721e-02
   124 -1.91124e+00 -8.61186e-01  0.0000e+00  0.500    0.00  1.79662e-01 -3.37715e-02  2.29084e-13 -5.92780e-05  2.38528e-04 -4.24801e-02
   124 -1.90650e+00 -8.54047e-01  8.5682e-03  0.611    0.00  1.78057e-01 -3.35437e-02  1.82932e-13  1.69036e-04  2.76685e-04 -4.31881e-02
   124 -1.90176e+00 -8.46909e-01  1.7136e-02  0.722    0.00  1.76453e-01 -3.33159e-02  1.36773e-13  3.97286e-04  3.13924e-04 -4.38961e-02
   124 -1.89702e+00 -8.39770e-01  2.5705e-02  0.833    0.00  1.74848e-01 -3.30881e-02  9.06730e-14  6.25471e-04  3.50246e-04 -4.46041e-02
   124 -1.89229e+00 -8.32632e-01  3.4273e-02  0.944    0.00  1.73243e-01 -3.28603e-02  4.44852e-14  8.53593e-04  3.85650e-04 -4.53121e-02
   125 -1.86831e+00 -9.27755e-01 -3.4273e-02  0.056    0.00  1.96094e-01 -3.65284e-02  4.35699e-13 -9.29810e-04  3.91595e-04 -3.92327e-02
   125 -1.86408e+00 -9.20301e-01 -2.5705e-02  0.167    0.00  1.94403e-01 -3.62940e-02  3.87197e-13 -7.14607e-04  3.23547e-04 -3.99382e-02
   125 -1.85986e+00 -9.12847e-01 -1.7136e-02  0.278    0.00  1.92713e-01 -3.60596e-02  3.38616e-13 -4.99389e-04  2.55115e-04 -4.06437e-02
   125 -1.85563e+00 -9.05393e-01 -8.5682e-03  0.389    0.00  1.91022e-01 -3.58252e-02  2.90056e-13 -2.84156e-04  1.86297e-04 -4.13491e-02
   125 -1.85141e+00 -8.97939e-01  0.0000e+00  0.500    0.00  1.89331e-01 -3.55909e-02  2.41431e-13 -6.89093e-05  1.17094e-04 -4.20546e-02
   125 -1.84718e+00 -8.90485e-01  8.5682e-03  0.611    0.00  1.87641e-01 -3.53565e-02  1.92776e-13  1.46352e-04  4.75066e-05 -4.27601e-02
   125 -1.84296e+00 -8.83031e-01  1.7136e-02  0.722    0.00  1.85950e-01 -3.51221e-02  1.44129e-13  3.61629e-04 -2.24663e-05 -4.34656e-02
   125 -1.83873e+00 -8.75577e-01  2.5705e-02  0.833    0.00  1.84259e-01 -3.48877e-02  9.55188e-14  5.76920e-04 -9.28242e-05 -4.41711e-02
   125 -1.83451e+00 -8.68123e-01  3.4273e-02  0.944    0.00  1.82569e-01 -3.46533e-02  4.68935e-14  7.92225e-04 -1.63567e-04 -4.48765e-02
   126 -1.80635e+00 -9.62278e-01 -3.4273e-02  0.056    0.00  2.05293e-01 -3.82182e-02  4.56566e-13 -8.85558e-04 -1.34045e-04 -3.87795e-02
   126 -1.80224e+00 -9.54764e-01 -2.5705e-02  0.167    0.00  2.03583e-01 -3.79906e-02  4.05722e-13 -6.84069e-04 -1.07294e-04 -3.94871e-02
   126 -1.79812e+00 -9.47249e-01 -1.7136e-02  0.278    0.00  2.01873e-01 -3.77631e-02  3.54776e-13 -4.82293e-04 -8.03605e-05 -4.01946e-02
   126 -1.79401e+00 -9.39734e-01 -8.5682e-03  0.389    0.00  2.00163e-01 -3.75355e-02  3.03917e-13 -2.80231e-04 -5.32437e-05 -4.09022e-02
   126 -1.78989e+00 -9.32219e-01  0.0000e+00  0.500    0.00  1.98453e-01 -3.73079e-02  2.52956e-13 -7.78817e-05 -2.59437e-05 -4.16098e-02
   126 -1.78577e+00 -9.24705e-01  8.5682e-03  0.611    0.00  1.96743e-01 -3.70803e-02  2.01995e-13  1.24754e-04  1.53953e-06 -4.23174e-02
   126 -1.78166e+00 -9.17190e-01  1.7136e-02  0.722    0.00  1.95033e-01 -3.68528e-02  1.51063e-13  3.27677e-04  2.92059e-05 -4.30249e-02
   126 -1.77754e+00 -9.09675e-01  2.5705e-02  0.833    0.00  1.93323e-01 -3.66252e-02  1.00103e-13  5.30887e-04  5.70555e-05 -4.37325e-02
   126 -1.77342e+00 -9.02161e-01  3.4273e-02  0.944    0.00  1.91613e-01 -3.63976e-02  4.91054e-14  7.34383e-04  8.50882e-05 -4.44401e-02
   127 -1.74189e+00 -9.95217e-01 -3.4273e-02  0.056    0.00  2.14166e-01 -3.98488e-02  4.76299e-13 -8.47993e-04  4.71673e-05 -3.82794e-02
   127 -1.73821e+00 -9.87478e-01 -2.5705e-02  0.167    0.00  2.12393e-01 -3.96191e-02  4.23286e-13 -6.57791e-04 -7.66390e-07 -3.89935e-02
   127 -1.73454e+00 -9.79739e-01 -1.7136e-02  0.278    0.00  2.10619e-01 -3.93895e-02  3.70157e-13 -4.67401e-04 -4.80228e-05 -3.97076e-02
   127 -1.73086e+00 -9.72000e-01 -8.5682e-03  0.389    0.00  2.08846e-01 -3.91598e-02  3.17101e-13 -2.76823e-04 -9.46018e-05 -4.04217e-02
   127 -1.72718e+00 -9.64261e-01  0.0000e+00  0.500    0.00  2.07073e-01 -3.89302e-02  2.63957e-13 -8.60560e-05 -1.40504e-04 -4.11358e-02
   127 -1.72350e+00 -9.56521e-01  8.5682e-03  0.611    0.00  2.05299e-01 -3.87005e-02  2.10755e-13  1.04899e-04 -1.85728e-04 -4.18499e-02
   127 -1.71983e+00 -9.48782e-01  1.7136e-02  0.722    0.00  2.03526e-01 -3.84709e-02  1.57626e-13  2.96043e-04 -2.30275e-04 -4.25640e-02
   127 -1.71615e+00 -9.41043e-01  2.5705e-02  0.833    0.00  2.01753e-01 -3.82412e-02  1.04497e-13  4.87376e-04 -2.74145e-04 -4.32781e-02
   127 -1.71247e+00 -9.33304e-01  3.4273e-02  0.944    0.00  1.99979e-01 -3.80115e-02  5.13101e-14  6.78897e-04 -3.17338e-04 -4.39922e-02
   128 -1.67695e+00 -1.02510e+00 -3.4273e-02  0.056    0.00  2.22334e-01 -4.13453e-02  4.94765e-13 -8.03925e-04 -1.71539e-04 -3.77576e-02
   128 -1.67347e+00 -1.01727e+00 -2.5705e-02  0.167    0.00  2.20533e-01 -4.11208e-02  4.39657e-13 -6.27252e-04 -1.91721e-04 -3.84821e-02
   128 -1.66998e+00 -1.00945e+00 -1.7136e-02  0.278    0.00  2.18733e-01 -4.08963e-02  3.84534e-13 -4.49969e-04 -2.10797e-04 -3.92067e-02
   128 -1.66649e+00 -1.00162e+00 -8.5682e-03  0.389    0.00  2.16933e-01 -4.06719e-02  3.29339e-13 -2.72077e-04 -2.28767e-04 -3.99312e-02
   128 -1.66301e+00 -9.93792e-01  0.0000e+00  0.500    0.00  2.15132e-01 -4.04474e-02  2.74158e-13 -9.35759e-05 -2.45632e-04 -4.06557e-02
   128 -1.65952e+00 -9.85965e-01  8.5682e-03  0.611    0.00  2.13332e-01 -4.02229e-02  2.18948e-13  8.55353e-05 -2.61392e-04 -4.13803e-02
   128 -1.65603e+00 -9.78139e-01  1.7136e-02  0.722    0.00  2.11532e-01 -3.99984e-02  1.63694e-13  2.65256e-04 -2.76046e-04 -4.21048e-02
   128 -1.65254e+00 -9.70312e-01  2.5705e-02  0.833    0.00  2.09731e-01 -3.97740e-02  1.08528e-13  4.45586e-04 -2.89594e-04 -4.28294e-02
   128 -1.64906e+00 -9.62485e-01  3.4273e-02  0.944    0.00  2.07931e-01 -3.95495e-02  5.32891e-14  6.26526e-04 -3.02037e-04 -4.35539e-02
   129 -1.61115e+00 -1.05336e+00 -3.4273e-02  0.056    0.00  2.30139e-01 -4.27738e-02  5.12446e-13 -7.73940e-04 -2.50391e-04 -3.71924e-02
   129 -1.60788e+00 -1.04545e+00 -2.5705e-02  0.167    0.00  2.28311e-01 -4.25543e-02  4.55329e-13 -6.06040e-04 -2.42365e-04 -3.79286e-02
   129 -1.60460e+00 -1.03753e+00 -1.7136e-02  0.278    0.00  2.26482e-01 -4.23347e-02  3.98184e-13 -4.37763e-04 -2.33378e-04 -3.86648e-02
   129 -1.60133e+00 -1.02961e+00 -8.5682e-03  0.389    0.00  2.24654e-01 -4.21151e-02  3.41068e-13 -2.69108e-04 -2.23428e-04 -3.94010e-02
   129 -1.59805e+00 -1.02169e+00  0.0000e+00  0.500    0.00  2.22825e-01 -4.18956e-02  2.83893e-13 -1.00077e-04 -2.12516e-04 -4.01372e-02
   129 -1.59478e+00 -1.01378e+00  8.5682e-03  0.611    0.00  2.20997e-01 -4.16760e-02  2.26733e-13  6.93314e-05 -2.00642e-04 -4.08734e-02
   129 -1.59150e+00 -1.00586e+00  1.7136e-02  0.722    0.00  2.19169e-01 -4.14564e-02  1.69544e-13  2.39117e-04 -1.87806e-04 -4.16096e-02
   129 -1.58823e+00 -9.97941e-01  2.5705e-02  0.833    0.00  2.17340e-01 -4.12369e-02  1.12428e-13  4.09280e-04 -1.74008e-04 -4.23458e-02
   129 -1.58495e+00 -9.90024e-01  3.4273e-02  0.944    0.00  2.15512e-01 -4.10173e-02  5.52391e-14  5.79819e-04 -1.59248e-04 -4.30820e-02
   130 -1.54364e+00 -1.07935e+00 -3.4273e-02  0.056    0.00  2.37444e-01 -4.41093e-02  5.28758e-13 -7.31378e-04  2.49845e-04 -3.66422e-02
   130 -1.54076e+00 -1.07128e+00 -2.5705e-02  0.167    0.00  2.35570e-01 -4.38910e-02  4.69852e-13 -5.76177e-04  1.82638e-04 -3.73862e-02
   130 -1.53788e+00 -1.06321e+00 -1.7136e-02  0.278    0.00  2.33695e-01 -4.36728e-02  4.10902e-13 -4.20356e-04  1.15609e-04 -3.81303e-02
   130 -1.53500e+00 -1.05515e+00 -8.5682e-03  0.389    0.00  2.31821e-01 -4.34545e-02  3.51953e-13 -2.63913e-04  4.87557e-05 -3.88744e-02
   130 -1.53212e+00 -1.04708e+00  0.0000e+00  0.500    0.00  2.29947e-01 -4.32362e-02  2.92945e-13 -1.06850e-04 -1.79202e-05 -3.96185e-02
   130 -1.52924e+00 -1.03901e+00  8.5682e-03  0.611    0.00  2.28073e-01 -4.30179e-02  2.33966e-13  5.08332e-05 -8.44193e-05 -4.03625e-02
   130 -1.52636e+00 -1.03094e+00  1.7136e-02  0.722    0.00  2.26199e-01 -4.27997e-02  1.74958e-13  2.09137e-04 -1.50741e-04 -4.11066e-02
   130 -1.52348e+00 -1.02287e+00  2.5705e-02  0.833    0.00  2.24325e-01 -4.25814e-02  1.16022e-13  3.68062e-04 -2.16887e-04 -4.18507e-02
   130 -1.52060e+00 -1.01480e+00  3.4273e-02  0.944    0.00  2.22451e-01 -4.23631e-02  5.68980e-14  5.27608e-04 -2.82855e-04 -4.25947e-02
   131 -1.47665e+00 -1.10308e+00 -3.4273e-02  0.056    0.00  2.44210e-01 -4.53420e-02  5.44111e-13 -6.99422e-04  3.55065e-05 -3.60923e-02
   131 -1.47381e+00 -1.09500e+00 -2.5705e-02  0.167    0.00  2.42329e-01 -4.51327e-02  4.83502e-13 -5.53675e-04  6.65501e-05 -3.68380e-02
   131 -1.47097e+00 -1.08691e+00 -1.7136e-02  0.278    0.00  2.40448e-01 -4.49234e-02  4.22835e-13 -4.07253e-04  9.70259e-05 -3.75837e-02
   131 -1.46813e+00 -1.07883e+00 -8.5682e-03  0.389    0.00  2.38567e-01 -4.47141e-02  3.62197e-13 -2.60157e-04  1.26934e-04 -3.83294e-02
   131 -1.46529e+00 -1.07075e+00  0.0000e+00  0.500    0.00  2.36685e-01 -4.45048e-02  3.01487e-13 -1.12386e-04  1.56274e-04 -3.90751e-02
   131 -1.46245e+00 -1.06266e+00  8.5682e-03  0.611    0.00  2.34804e-01 -4.42955e-02  2.40776e-13  3.60598e-05  1.85046e-04 -3.98208e-02
   131 -1.45961e+00 -1.05458e+00  1.7136e-02  0.722    0.00  2.32923e-01 -4.40862e-02  1.80065e-13  1.85180e-04  2.13250e-04 -4.05665e-02
   131 -1.45677e+00 -1.04649e+00  2.5705e-02  0.833    0.00  2.31042e-01 -4.38769e-02  1.19384e-13  3.34975e-04  2.40887e-04 -4.13123e-02
   131 -1.45393e+00 -1.03841e+00  3.4273e-02  0.944    0.00  2.29160e-01 -4.36677e-02  5.86442e-14  4.85444e-04  2.67956e-04 -4.20580e-02
   132 -1.40776e+00 -1.12540e+00 -3.4273e-02  0.056    0.00  2.50682e-01 -4.65212e-02  5.58546e-13 -6.65462e-04  5.09635e-04 -3.55450e-02
   132 -1.40532e+00 -1.11719e+00 -2.5705e-02  0.167    0.00  2.48761e-01 -4.63141e-02  4.96409e-13 -5.29546e-04  4.67211e-04 -3.62864e-02
   132 -1.40288e+00 -1.10898e+00 -1.7136e-02  0.278    0.00  2.46839e-01 -4.61070e-02  4.34127e-13 -3.93089e-04  4.23511e-04 -3.70278e-02
   132 -1.40044e+00 -1.10076e+00 -8.5682e-03  0.389    0.00  2.44917e-01 -4.58999e-02  3.71845e-13 -2.56091e-04  3.78534e-04 -3.77691e-02
   132 -1.39800e+00 -1.09255e+00  0.0000e+00  0.500    0.00  2.42995e-01 -4.56928e-02  3.09505e-13 -1.18551e-04  3.32280e-04 -3.85105e-02
   132 -1.39556e+00 -1.08434e+00  8.5682e-03  0.611    0.00  2.41074e-01 -4.54857e-02  2.47121e-13  1.95298e-05  2.84749e-04 -3.92519e-02
   132 -1.39312e+00 -1.07612e+00  1.7136e-02  0.722    0.00  2.39152e-01 -4.52786e-02  1.84824e-13  1.58152e-04  2.35941e-04 -3.99932e-02
   132 -1.39068e+00 -1.06791e+00  2.5705e-02  0.833    0.00  2.37230e-01 -4.50715e-02  1.22585e-13  2.97315e-04  1.85857e-04 -4.07346e-02
   132 -1.38824e+00 -1.05969e+00  3.4273e-02  0.944    0.00  2.35309e-01 -4.48643e-02  6.02595e-14  4.37020e-04  1.34495e-04 -4.14760e-02
   133 -1.33888e+00 -1.14510e+00 -3.4273e-02  0.056    0.00  2.56540e-01 -4.75842e-02  5.71876e-13 -6.28185e-04  3.27197e-04 -3.50055e-02
   133 -1.33660e+00 -1.13683e+00 -2.5705e-02  0.167    0.00  2.54601e-01 -4.73838e-02  5.08153e-13 -5.03339e-04  2.99926e-04 -3.57417e-02
   133 -1.33433e+00 -1.12857e+00 -1.7136e-02  0.278    0.00  2.52662e-01 -4.71834e-02  4.44386e-13 -3.77615e-04  2.71866e-04 -3.64779e-02
   133 -1.33206e+00 -1.12031e+00 -8.5682e-03  0.389    0.00  2.50723e-01 -4.69831e-02  3.80678e-13 -2.51013e-04  2.43016e-04 -3.72140e-02
   133 -1.32979e+00 -1.11205e+00  0.0000e+00  0.500    0.00  2.48784e-01 -4.67827e-02  3.16824e-13 -1.23533e-04  2.13379e-04 -3.79502e-02
   133 -1.32752e+00 -1.10379e+00  8.5682e-03  0.611    0.00  2.46845e-01 -4.65823e-02  2.53043e-13  4.82617e-06  1.82952e-04 -3.86864e-02
   133 -1.32525e+00 -1.09552e+00  1.7136e-02  0.722    0.00  2.44906e-01 -4.63819e-02  1.89262e-13  1.34063e-04  1.51736e-04 -3.94226e-02
   133 -1.32298e+00 -1.08726e+00  2.5705e-02  0.833    0.00  2.42967e-01 -4.61816e-02  1.25496e-13  2.64179e-04  1.19732e-04 -4.01587e-02
   133 -1.32071e+00 -1.07900e+00  3.4273e-02  0.944    0.00  2.41028e-01 -4.59812e-02  6.17001e-14  3.95172e-04  8.69386e-05 -4.08949e-02
   134 -1.26983e+00 -1.16360e+00 -3.4273e-02  0.056    0.00  2.62124e-01 -4.85954e-02  5.84434e-13 -6.03522e-04 -3.20021e-04 -3.43895e-02
   134 -1.26767e+00 -1.15531e+00 -2.5705e-02  0.167    0.00  2.60174e-01 -4.84029e-02  5.19402e-13 -4.85724e-04 -3.04196e-04 -3.51304e-02
   134 -1.26550e+00 -1.14702e+00 -1.7136e-02  0.278    0.00  2.58223e-01 -4.82104e-02  4.54253e-13 -3.67227e-04 -2.87254e-04 -3.58712e-02
   134 -1.26333e+00 -1.13873e+00 -8.5682e-03  0.389    0.00  2.56273e-01 -4.80179e-02  3.89118e-13 -2.48029e-04 -2.69195e-04 -3.66121e-02
   134 -1.26117e+00 -1.13044e+00  0.0000e+00  0.500    0.00  2.54322e-01 -4.78254e-02  3.23897e-13 -1.28132e-04 -2.50020e-04 -3.73530e-02
   134 -1.25900e+00 -1.12215e+00  8.5682e-03  0.611    0.00  2.52371e-01 -4.76329e-02  2.58646e-13 -7.53494e-06 -2.29728e-04 -3.80938e-02
   134 -1.25684e+00 -1.11386e+00  1.7136e-02  0.722    0.00  2.50421e-01 -4.74404e-02  1.93410e-13  1.13762e-04 -2.08319e-04 -3.88347e-02
   134 -1.25467e+00 -1.10557e+00  2.5705e-02  0.833    0.00  2.48470e-01 -4.72480e-02  1.28217e-13  2.35759e-04 -1.85793e-04 -3.95756e-02
   134 -1.25251e+00 -1.09728e+00  3.4273e-02  0.944    0.00  2.46520e-01 -4.70555e-02  6.29516e-14  3.58456e-04 -1.62151e-04 -4.03164e-02
   135 -1.19934e+00 -1.18026e+00 -3.4273e-02  0.056    0.00  2.67301e-01 -4.95317e-02  5.96090e-13 -5.60018e-04 -5.16879e-04 -3.37031e-02
   135 -1.19757e+00 -1.17188e+00 -2.5705e-02  0.167    0.00  2.65319e-01 -4.93429e-02  5.29704e-13 -4.54426e-04 -5.59741e-04 -3.44639e-02
   135 -1.19579e+00 -1.16349e+00 -1.7136e-02  0.278    0.00  2.63337e-01 -4.91541e-02  4.63275e-13 -3.48245e-04 -5.99729e-04 -3.52246e-02
   135 -1.19402e+00 -1.15511e+00 -8.5682e-03  0.389    0.00  2.61355e-01 -4.89653e-02  3.96831e-13 -2.41475e-04 -6.36845e-04 -3.59854e-02
   135 -1.19225e+00 -1.14673e+00  0.0000e+00  0.500    0.00  2.59372e-01 -4.87765e-02  3.30299e-13 -1.34116e-04 -6.71088e-04 -3.67462e-02
   135 -1.19047e+00 -1.13835e+00  8.5682e-03  0.611    0.00  2.57390e-01 -4.85877e-02  2.63768e-13 -2.61688e-05 -7.02457e-04 -3.75069e-02
   135 -1.18870e+00 -1.12996e+00  1.7136e-02  0.722    0.00  2.55408e-01 -4.83989e-02  1.97280e-13  8.23671e-05 -7.30954e-04 -3.82677e-02
   135 -1.18692e+00 -1.12158e+00  2.5705e-02  0.833    0.00  2.53426e-01 -4.82101e-02  1.30836e-13  1.91492e-04 -7.56578e-04 -3.90285e-02
   135 -1.18515e+00 -1.11320e+00  3.4273e-02  0.944    0.00  2.51444e-01 -4.80213e-02  6.43486e-14  3.01205e-04 -7.79329e-04 -3.97892e-02
   136 -1.12844e+00 -1.19413e+00 -3.4273e-02  0.056    0.00  2.71836e-01 -5.03469e-02  6.06509e-13 -2.65879e-04  2.00833e-03 -3.32036e-02
   136 -1.12692e+00 -1.18570e+00 -2.5705e-02  0.167    0.00  2.69834e-01 -5.01642e-02  5.38799e-13 -2.17101e-04  1.41835e-03 -3.39865e-02
   136 -1.12540e+00 -1.17727e+00 -1.7136e-02  0.278    0.00  2.67833e-01 -4.99814e-02  4.71191e-13 -1.67960e-04  8.30008e-04 -3.47695e-02
   136 -1.12389e+00 -1.16884e+00 -8.5682e-03  0.389    0.00  2.65831e-01 -4.97987e-02  4.03597e-13 -1.18456e-04  2.43307e-04 -3.55524e-02
   136 -1.12237e+00 -1.16040e+00  0.0000e+00  0.500    0.00  2.63830e-01 -4.96159e-02  3.35931e-13 -6.85902e-05 -3.41754e-04 -3.63354e-02
   136 -1.12085e+00 -1.15197e+00  8.5682e-03  0.611    0.00  2.61828e-01 -4.94332e-02  2.68308e-13 -1.83614e-05 -9.25174e-04 -3.71183e-02
   136 -1.11933e+00 -1.14354e+00  1.7136e-02  0.722    0.00  2.59827e-01 -4.92504e-02  2.00671e-13  3.22299e-05 -1.50695e-03 -3.79013e-02
   136 -1.11782e+00 -1.13510e+00  2.5705e-02  0.833    0.00  2.57825e-01 -4.90677e-02  1.33063e-13  8.31839e-05 -2.08709e-03 -3.86842e-02
   136 -1.11630e+00 -1.12667e+00  3.4273e-02  0.944    0.00  2.55824e-01 -4.88849e-02  6.53963e-14  1.34500e-04 -2.66559e-03 -3.94672e-02
   137 -1.06502e+00 -1.20789e+00 -3.7147e-02  0.056    0.00  2.87251e+02 -4.96639e-01  8.16304e-13 -7.21890e-18 -1.69885e-02 -7.02670e-02
   137 -1.06355e+00 -1.19872e+00 -2.7860e-02  0.167    0.00  2.85050e+02 -4.88498e-01  6.88247e-13 -7.39168e-18 -1.12975e-02 -1.10469e-01
   137 -1.06209e+00 -1.18955e+00 -1.8573e-02  0.278    0.00  2.82848e+02 -4.80357e-01  5.56465e-13 -7.08729e-18 -6.10497e-03 -1.50670e-01
   137 -1.06063e+00 -1.18038e+00 -9.2867e-03  0.389    0.00  2.80646e+02 -4.72216e-01  4.22820e-13 -6.30574e-18 -1.41089e-03 -1.90872e-01
   137 -1.05916e+00 -1.17121e+00  0.0000e+00  0.500    0.00  2.78445e+02 -4.64076e-01  2.87313e-13 -5.04703e-18  2.78470e-03 -2.31074e-01
   137 -1.05770e+00 -1.16204e+00  9.2867e-03  0.611    0.00  2.76243e+02 -4.55935e-01  1.54600e-13 -3.31116e-18  6.48183e-03 -2.71275e-01
   137 -1.05623e+00 -1.15287e+00  1.8573e-02  0.722    0.00  2.74041e+02 -4.47794e-01  2.93367e-14 -1.09812e-18  9.68048e-03 -3.11477e-01
   137 -1.05477e+00 -1.14370e+00  2.7860e-02  0.833    0.00  2.71840e+02 -4.39653e-01 -9.59262e-14  1.59208e-18  1.23807e-02 -3.51678e-01
   137 -1.05330e+00 -1.13453e+00  3.7147e-02  0.944    0.00  2.69638e+02 -4.31512e-01 -2.07219e-13  4.75944e-18  1.45824e-02 -3.91880e-01
   138 -1.00115e+00 -1.21758e+00 -3.7147e-02  0.056    0.00  2.90809e+02 -5.03180e-01  8.33534e-13 -1.58572e-03 -2.44995e-02 -1.29318e+00
   138 -9.99812e-01 -1.20839e+00 -2.7860e-02  0.167    0.00  2.88600e+02 -4.94879e-01  7.00355e-13 -1.11152e-03 -1.73253e-02 -1.34704e+00
   138 -9.98477e-01 -1.19920e+00 -1.8573e-02  0.278    0.00  2.86391e+02 -4.86579e-01  5.62984e-13 -6.55791e-04 -1.05317e-02 -1.40089e+00
   138 -9.97142e-01 -1.19001e+00 -9.2867e-03  0.389    0.00  2.84182e+02 -4.78279e-01  4.25614e-13 -2.18539e-04 -4.11886e-03 -1.45475e+00
   138 -9.95807e-01 -1.18082e+00  0.0000e+00  0.500    0.00  2.81973e+02 -4.69978e-01  2.90107e-13  2.00239e-04  1.91337e-03 -1.50860e+00
   138 -9.94473e-01 -1.17163e+00  9.2867e-03  0.611    0.00  2.79764e+02 -4.61678e-01  1.58325e-13  6.00541e-04  7.56492e-03 -1.56246e+00
   138 -9.93138e-01 -1.16244e+00  1.8573e-02  0.722    0.00  2.77555e+02 -4.53378e-01  2.84053e-14  9.82368e-04  1.28358e-02 -1.61631e+00
   138 -9.91803e-01 -1.15325e+00  2.7860e-02  0.833    0.00  2.75346e+02 -4.45077e-01 -1.01514e-13  1.34572e-03  1.77260e-02 -1.67017e+00
   138 -9.90468e-01 -1.14406e+00  3.7147e-02  0.944    0.00  2.73137e+02 -4.36777e-01 -2.25380e-13  1.69060e-03  2.22356e-02 -1.72403e+00
   139 -9.29768e-01 -1.22765e+00 -3.7147e-02  0.056    0.00  2.94600e+02 -5.10614e-01  8.34931e-13 -3.07721e-03 -3.25978e-02 -9.62534e-01
   139 -9.28507e-01 -1.21845e+00 -2.7860e-02  0.167    0.00  2.92387e+02 -5.02030e-01  7.06408e-13 -2.15415e-03 -2.39630e-02 -1.01793e+00
   139 -9.27247e-01 -1.20925e+00 -1.8573e-02  0.278    0.00  2.90175e+02 -4.93445e-01  5.67641e-13 -1.26762e-03 -1.55504e-02 -1.07333e+00
   139 -9.25987e-01 -1.20005e+00 -9.2867e-03  0.389    0.00  2.87962e+02 -4.84861e-01  4.32599e-13 -4.17612e-04 -7.35987e-03 -1.12873e+00
   139 -9.24726e-01 -1.19085e+00  0.0000e+00  0.500    0.00  2.85749e+02 -4.76276e-01  2.97558e-13  3.95869e-04  6.08518e-04 -1.18413e+00
   139 -9.23466e-01 -1.18165e+00  9.2867e-03  0.611    0.00  2.83536e+02 -4.67691e-01  1.60187e-13  1.17282e-03  8.35477e-03 -1.23953e+00
   139 -9.22205e-01 -1.17245e+00  1.8573e-02  0.722    0.00  2.81324e+02 -4.59107e-01  2.88710e-14  1.91325e-03  1.58789e-02 -1.29492e+00
   139 -9.20945e-01 -1.16325e+00  2.7860e-02  0.833    0.00  2.79111e+02 -4.50522e-01 -1.03377e-13  2.61715e-03  2.31809e-02 -1.35032e+00
   139 -9.19685e-01 -1.15405e+00  3.7147e-02  0.944    0.00  2.76898e+02 -4.41938e-01 -2.33762e-13  3.28452e-03  3.02608e-02 -1.40572e+00
   140 -8.58405e-01 -1.23712e+00 -3.7147e-02  0.056    0.00  2.98245e+02 -5.17799e-01  8.40053e-13 -2.83802e-03 -3.28477e-02 -5.14300e-01
   140 -8.57223e-01 -1.22791e+00 -2.7860e-02  0.167    0.00  2.96028e+02 -5.08932e-01  7.11065e-13 -1.96355e-03 -2.37076e-02 -5.71465e-01
   140 -8.56042e-01 -1.21870e+00 -1.8573e-02  0.278    0.00  2.93811e+02 -5.00064e-01  5.77886e-13 -1.13039e-03 -1.48912e-02 -6.28629e-01
   140 -8.54860e-01 -1.20949e+00 -9.2867e-03  0.389    0.00  2.91595e+02 -4.91196e-01  4.40050e-13 -3.38544e-04 -6.39832e-03 -6.85794e-01
   140 -8.53678e-01 -1.20027e+00  0.0000e+00  0.500    0.00  2.89378e+02 -4.82328e-01  3.00817e-13  4.11984e-04  1.77093e-03 -7.42959e-01
   140 -8.52496e-01 -1.19106e+00  9.2867e-03  0.611    0.00  2.87161e+02 -4.73460e-01  1.65775e-13  1.12120e-03  9.61659e-03 -8.00123e-01
   140 -8.51314e-01 -1.18185e+00  1.8573e-02  0.722    0.00  2.84944e+02 -4.64592e-01  2.79397e-14  1.78909e-03  1.71386e-02 -8.57288e-01
   140 -8.50133e-01 -1.17264e+00  2.7860e-02  0.833    0.00  2.82728e+02 -4.55725e-01 -1.08499e-13  2.41567e-03  2.43371e-02 -9.14452e-01
   140 -8.48951e-01 -1.16343e+00  3.7147e-02  0.944    0.00  2.80511e+02 -4.46857e-01 -2.37022e-13  3.00094e-03  3.12120e-02 -9.71617e-01
   141 -7.85538e-01 -1.24449e+00 -3.7147e-02  0.056    0.00  3.01408e+02 -5.24322e-01  8.47969e-13 -2.39372e-03 -3.19023e-02 -6.93778e-02
   141 -7.84850e-01 -1.23523e+00 -2.7860e-02  0.167    0.00  2.99170e+02 -5.15104e-01  7.21775e-13 -1.63412e-03 -2.14679e-02 -1.26574e-01
   141 -7.84162e-01 -1.22597e+00 -1.8573e-02  0.278    0.00  2.96932e+02 -5.05886e-01  5.83939e-13 -9.14438e-04 -1.17099e-02 -1.83770e-01
   141 -7.83474e-01 -1.21671e+00 -9.2867e-03  0.389    0.00  2.94694e+02 -4.96668e-01  4.40050e-13 -2.34669e-04 -2.62834e-03 -2.40965e-01
   141 -7.82786e-01 -1.20745e+00  0.0000e+00  0.500    0.00  2.92456e+02 -4.87450e-01  3.02680e-13  4.05184e-04  5.77675e-03 -2.98161e-01
   141 -7.82098e-01 -1.19819e+00  9.2867e-03  0.611    0.00  2.90218e+02 -4.78232e-01  1.62981e-13  1.00512e-03  1.35054e-02 -3.55357e-01
   141 -7.81410e-01 -1.18893e+00  1.8573e-02  0.722    0.00  2.87980e+02 -4.69014e-01  2.46800e-14  1.56514e-03  2.05576e-02 -4.12553e-01
   141 -7.80722e-01 -1.17966e+00  2.7860e-02  0.833    0.00  2.85742e+02 -4.59796e-01 -1.03842e-13  2.08525e-03  2.69333e-02 -4.69749e-01
   141 -7.80034e-01 -1.17040e+00  3.7147e-02  0.944    0.00  2.83504e+02 -4.50578e-01 -2.24449e-13  2.56543e-03  3.26326e-02 -5.26945e-01
   142 -7.13886e-01 -1.24977e+00 -3.7147e-02  0.056    0.00  3.04039e+02 -5.29763e-01  8.61473e-13 -2.10526e-03 -3.14648e-02  3.71867e-01
   142 -7.13210e-01 -1.24051e+00 -2.7860e-02  0.167    0.00  3.01801e+02 -5.20282e-01  7.30157e-13 -1.43084e-03 -2.02721e-02  3.16760e-01
   142 -7.12533e-01 -1.23125e+00 -1.8573e-02  0.278    0.00  2.99563e+02 -5.10801e-01  5.89062e-13 -7.90989e-04 -9.95566e-03  2.61653e-01
   142 -7.11856e-01 -1.22199e+00 -9.2867e-03  0.389    0.00  2.97324e+02 -5.01320e-01  4.45638e-13 -1.85711e-04 -5.15323e-04  2.06546e-01
   142 -7.11179e-01 -1.21272e+00  0.0000e+00  0.500    0.00  2.95086e+02 -4.91839e-01  3.05474e-13  3.84996e-04  8.04887e-03  1.51439e-01
   142 -7.10503e-01 -1.20346e+00  9.2867e-03  0.611    0.00  2.92847e+02 -4.82357e-01  1.65775e-13  9.21132e-04  1.57369e-02  9.63317e-02
   142 -7.09826e-01 -1.19420e+00  1.8573e-02  0.722    0.00  2.90609e+02 -4.72876e-01  2.84053e-14  1.42270e-03  2.25488e-02  4.12248e-02
   142 -7.09149e-01 -1.18494e+00  2.7860e-02  0.833    0.00  2.88371e+02 -4.63395e-01 -1.08033e-13  1.88969e-03  2.84846e-02 -1.38822e-02
   142 -7.08472e-01 -1.17568e+00  3.7147e-02  0.944    0.00  2.86132e+02 -4.53914e-01 -2.41213e-13  2.32212e-03  3.35442e-02 -6.89892e-02
   143 -6.41875e-01 -1.25466e+00 -3.7147e-02  0.056    0.00  3.06582e+02 -5.35081e-01  8.71718e-13 -1.89154e-03 -3.24465e-02  8.17812e-01
   143 -6.41295e-01 -1.24539e+00 -2.7860e-02  0.167    0.00  3.04340e+02 -5.25325e-01  7.37607e-13 -1.26309e-03 -2.17085e-02  7.64940e-01
   143 -6.40714e-01 -1.23612e+00 -1.8573e-02  0.278    0.00  3.02099e+02 -5.15569e-01  5.92787e-13 -6.72359e-04 -1.16858e-02  7.12068e-01
   143 -6.40134e-01 -1.22685e+00 -9.2867e-03  0.389    0.00  2.99857e+02 -5.05813e-01  4.52157e-13 -1.19341e-04 -2.37842e-03  6.59196e-01
   143 -6.39553e-01 -1.21759e+00  0.0000e+00  0.500    0.00  2.97615e+02 -4.96057e-01  3.08733e-13  3.95962e-04  6.21364e-03  6.06324e-01
   143 -6.38973e-01 -1.20832e+00  9.2867e-03  0.611    0.00  2.95374e+02 -4.86301e-01  1.66241e-13  8.73551e-04  1.40904e-02  5.53452e-01
   143 -6.38392e-01 -1.19905e+00  1.8573e-02  0.722    0.00  2.93132e+02 -4.76546e-01  2.84053e-14  1.31343e-03  2.12518e-02  5.00579e-01
   143 -6.37812e-01 -1.18978e+00  2.7860e-02  0.833    0.00  2.90890e+02 -4.66790e-01 -1.06636e-13  1.71559e-03  2.76980e-02  4.47707e-01
   143 -6.37231e-01 -1.18051e+00  3.7147e-02  0.944    0.00  2.88648e+02 -4.57034e-01 -2.34228e-13  2.08003e-03  3.34288e-02  3.94835e-01
   144 -5.68910e-01 -1.25760e+00 -3.7147e-02  0.056    0.00  3.08668e+02 -5.39693e-01  8.76375e-13 -1.48826e-03 -3.39110e-02  1.27472e+00
   144 -5.68744e-01 -1.24831e+00 -2.7860e-02  0.167    0.00  3.06415e+02 -5.29632e-01  7.41333e-13 -9.63528e-04 -2.44801e-02  1.22196e+00
   144 -5.68577e-01 -1.23903e+00 -1.8573e-02  0.278    0.00  3.04162e+02 -5.19572e-01  5.98840e-13 -4.75521e-04 -1.53814e-02  1.16921e+00
   144 -5.68410e-01 -1.22974e+00 -9.2867e-03  0.389    0.00  3.01908e+02 -5.09511e-01  4.54485e-13 -2.42379e-05 -6.61503e-03  1.11645e+00
   144 -5.68243e-01 -1.22046e+00  0.0000e+00  0.500    0.00  2.99655e+02 -4.99450e-01  3.09199e-13  3.90321e-04  1.81908e-03  1.06369e+00
   144 -5.68076e-01 -1.21117e+00  9.2867e-03  0.611    0.00  2.97401e+02 -4.89390e-01  1.68104e-13  7.68155e-04  9.92092e-03  1.01093e+00
   144 -5.67909e-01 -1.20189e+00  1.8573e-02  0.722    0.00  2.95148e+02 -4.79329e-01  2.84053e-14  1.10926e-03  1.76905e-02  9.58174e-01
   144 -5.67743e-01 -1.19260e+00  2.7860e-02  0.833    0.00  2.92894e+02 -4.69268e-01 -1.05705e-13  1.41365e-03  2.51278e-02  9.05416e-01
   144 -5.67576e-01 -1.18332e+00  3.7147e-02  0.944    0.00  2.90641e+02 -4.59208e-01 -2.30968e-13  1.68131e-03  3.22328e-02  8.52657e-01
   145 -4.96807e-01 -1.25867e+00 -3.7147e-02  0.056    0.00  3.10284e+02 -5.43422e-01  8.74512e-13 -1.24220e-03 -3.37129e-02  1.73974e+00
   145 -4.96698e-01 -1.24938e+00 -2.7860e-02  0.167    0.00  3.08029e+02 -5.33101e-01  7.44127e-13 -7.88119e-04 -2.39877e-02  1.68592e+00
   145 -4.96589e-01 -1.24009e+00 -1.8573e-02  0.278    0.00  3.05775e+02 -5.22780e-01  5.99772e-13 -3.67164e-04 -1.46745e-02  1.63209e+00
   145 -4.96480e-01 -1.23081e+00 -9.2867e-03  0.389    0.00  3.03520e+02 -5.12459e-01  4.58211e-13  2.06693e-05 -5.77310e-03  1.57826e+00
   145 -4.96371e-01 -1.22152e+00  0.0000e+00  0.500    0.00  3.01265e+02 -5.02138e-01  3.13856e-13  3.75380e-04  2.71641e-03  1.52444e+00
   145 -4.96262e-01 -1.21224e+00  9.2867e-03  0.611    0.00  2.99011e+02 -4.91818e-01  1.69966e-13  6.96969e-04  1.07940e-02  1.47061e+00
   145 -4.96154e-01 -1.20295e+00  1.8573e-02  0.722    0.00  2.96756e+02 -4.81497e-01  3.16650e-14  9.85435e-04  1.84598e-02  1.41678e+00
   145 -4.96045e-01 -1.19366e+00  2.7860e-02  0.833    0.00  2.94501e+02 -4.71176e-01 -1.09896e-13  1.24078e-03  2.57137e-02  1.36296e+00
   145 -4.95936e-01 -1.18438e+00  3.7147e-02  0.944    0.00  2.92247e+02 -4.60855e-01 -2.46335e-13  1.46300e-03  3.25557e-02  1.30913e+00
   146 -4.24888e-01 -1.25946e+00 -3.7147e-02  0.056    0.00  3.11828e+02 -5.47022e-01  8.79169e-13 -1.03643e-03 -3.32753e-02  2.20315e+00
   146 -4.24793e-01 -1.25017e+00 -2.7860e-02  0.167    0.00  3.09573e+02 -5.36445e-01  7.51577e-13 -6.29922e-04 -2.26424e-02  2.14946e+00
   146 -4.24698e-01 -1.24088e+00 -1.8573e-02  0.278    0.00  3.07319e+02 -5.25869e-01  6.04428e-13 -2.58137e-04 -1.26542e-02  2.09576e+00
   146 -4.24603e-01 -1.23160e+00 -9.2867e-03  0.389    0.00  3.05064e+02 -5.15292e-01  4.58211e-13  7.89234e-05 -3.31089e-03  2.04207e+00
   146 -4.24508e-01 -1.22231e+00  0.0000e+00  0.500    0.00  3.02809e+02 -5.04715e-01  3.14321e-13  3.81257e-04  5.38768e-03  1.98838e+00
   146 -4.24413e-01 -1.21303e+00  9.2867e-03  0.611    0.00  3.00554e+02 -4.94139e-01  1.70898e-13  6.48866e-04  1.34415e-02  1.93468e+00
   146 -4.24318e-01 -1.20374e+00  1.8573e-02  0.722    0.00  2.98299e+02 -4.83562e-01  3.11993e-14  8.81748e-04  2.08505e-02  1.88099e+00
   146 -4.24223e-01 -1.19445e+00  2.7860e-02  0.833    0.00  2.96044e+02 -4.72986e-01 -1.10827e-13  1.07990e-03  2.76147e-02  1.82729e+00
   146 -4.24128e-01 -1.18517e+00  3.7147e-02  0.944    0.00  2.93789e+02 -4.62409e-01 -2.46800e-13  1.24334e-03  3.37342e-02  1.77360e+00
   147 -3.51690e-01 -1.25835e+00 -3.7147e-02  0.056    0.00  3.12936e+02 -5.49927e-01  8.89413e-13 -6.21995e-04 -3.42462e-02  2.66763e+00
   147 -3.52065e-01 -1.24907e+00 -2.7860e-02  0.167    0.00  3.10674e+02 -5.39072e-01  7.50646e-13 -3.20562e-04 -2.45315e-02  2.61394e+00
   147 -3.52441e-01 -1.23980e+00 -1.8573e-02  0.278    0.00  3.08412e+02 -5.28217e-01  6.03497e-13 -5.34905e-05 -1.51958e-02  2.56025e+00
   147 -3.52816e-01 -1.23052e+00 -9.2867e-03  0.389    0.00  3.06150e+02 -5.17362e-01  4.60073e-13  1.79219e-04 -6.23901e-03  2.50656e+00
   147 -3.53191e-01 -1.22124e+00  0.0000e+00  0.500    0.00  3.03888e+02 -5.06507e-01  3.15718e-13  3.77567e-04  2.33881e-03  2.45288e+00
   147 -3.53566e-01 -1.21196e+00  9.2867e-03  0.611    0.00  3.01627e+02 -4.95652e-01  1.69035e-13  5.41554e-04  1.05377e-02  2.39919e+00
   147 -3.53941e-01 -1.20268e+00  1.8573e-02  0.722    0.00  2.99365e+02 -4.84797e-01  3.07336e-14  6.71178e-04  1.83576e-02  2.34550e+00
   147 -3.54317e-01 -1.19340e+00  2.7860e-02  0.833    0.00  2.97103e+02 -4.73942e-01 -1.08033e-13  7.66442e-04  2.57985e-02  2.29181e+00
   147 -3.54692e-01 -1.18412e+00  3.7147e-02  0.944    0.00  2.94841e+02 -4.63087e-01 -2.40747e-13  8.27343e-04  3.28605e-02  2.23812e+00
   148 -2.79701e-01 -1.25519e+00 -3.7147e-02  0.056    0.00  3.13521e+02 -5.51898e-01  8.85688e-13 -1.95811e-04 -2.68363e-02  3.02299e+00
   148 -2.80140e-01 -1.24592e+00 -2.7860e-02  0.167    0.00  3.11258e+02 -5.40794e-01  7.50646e-13 -7.71505e-05 -1.92634e-02  2.96814e+00
   148 -2.80579e-01 -1.23664e+00 -1.8573e-02  0.278    0.00  3.08996e+02 -5.29690e-01  6.06291e-13  2.55139e-05 -1.20348e-02  2.91329e+00
   148 -2.81018e-01 -1.22736e+00 -9.2867e-03  0.389    0.00  3.06734e+02 -5.18586e-01  4.62867e-13  1.12183e-04 -5.15055e-03  2.85843e+00
   148 -2.81457e-01 -1.21809e+00  0.0000e+00  0.500    0.00  3.04471e+02 -5.07481e-01  3.15718e-13  1.82855e-04  1.38944e-03  2.80358e+00
   148 -2.81895e-01 -1.20881e+00  9.2867e-03  0.611    0.00  3.02209e+02 -4.96377e-01  1.69966e-13  2.37532e-04  7.58514e-03  2.74873e+00
   148 -2.82334e-01 -1.19954e+00  1.8573e-02  0.722    0.00  2.99947e+02 -4.85273e-01  3.07336e-14  2.76214e-04  1.34365e-02  2.69387e+00
   148 -2.82773e-01 -1.19026e+00  2.7860e-02  0.833    0.00  2.97684e+02 -4.74169e-01 -1.11759e-13  2.98899e-04  1.89436e-02  2.63902e+00
   148 -2.83212e-01 -1.18098e+00  3.7147e-02  0.944    0.00  2.95422e+02 -4.63065e-01 -2.45403e-13  3.05589e-04  2.41064e-02  2.58417e+00
   149 -2.10727e-01 -1.25189e+00 -3.7147e-02  0.056    0.00  3.14013e+02 -5.56797e-01  8.86619e-13 -2.15052e-04 -2.39569e-02  1.27972e+00
   149 -2.11177e-01 -1.24261e+00 -2.7860e-02  0.167    0.00  3.11751e+02 -5.44685e-01  7.54371e-13 -1.65987e-04 -1.30504e-02  1.22861e+00
   149 -2.11627e-01 -1.23334e+00 -1.8573e-02  0.278    0.00  3.09489e+02 -5.32573e-01  6.12810e-13 -1.15892e-04 -3.41766e-03  1.17750e+00
   149 -2.12077e-01 -1.22406e+00 -9.2867e-03  0.389    0.00  3.07227e+02 -5.20461e-01  4.63799e-13 -6.47676e-05  4.94141e-03  1.12638e+00
   149 -2.12527e-01 -1.21479e+00  0.0000e+00  0.500    0.00  3.04965e+02 -5.08349e-01  3.13856e-13 -1.26143e-05  1.20268e-02  1.07527e+00
   149 -2.12977e-01 -1.20551e+00  9.2867e-03  0.611    0.00  3.02703e+02 -4.96237e-01  1.68104e-13  4.05682e-05  1.78385e-02  1.02416e+00
   149 -2.13427e-01 -1.19624e+00  1.8573e-02  0.722    0.00  3.00441e+02 -4.84125e-01  2.74740e-14  9.47800e-05  2.23764e-02  9.73046e-01
   149 -2.13877e-01 -1.18696e+00  2.7860e-02  0.833    0.00  2.98178e+02 -4.72013e-01 -1.10827e-13  1.50021e-04  2.56407e-02  9.21933e-01
   149 -2.14327e-01 -1.17768e+00  3.7147e-02  0.944    0.00  2.95916e+02 -4.59901e-01 -2.39816e-13  2.06291e-04  2.76313e-02  8.70820e-01
   150 -1.45337e-01 -1.24867e+00 -3.7147e-02  0.056    0.00  3.14461e+02 -5.57484e-01  8.85688e-13 -2.16870e-04 -2.40296e-02  1.47939e+00
   150 -1.45800e-01 -1.23940e+00 -2.7860e-02  0.167    0.00  3.12199e+02 -5.45386e-01  7.54371e-13 -1.67389e-04 -1.30762e-02  1.43366e+00
   150 -1.46262e-01 -1.23012e+00 -1.8573e-02  0.278    0.00  3.09936e+02 -5.33289e-01  6.10016e-13 -1.16871e-04 -3.40309e-03  1.38793e+00
   150 -1.46724e-01 -1.22085e+00 -9.2867e-03  0.389    0.00  3.07674e+02 -5.21192e-01  4.62867e-13 -6.53150e-05  4.98991e-03  1.34221e+00
   150 -1.47187e-01 -1.21157e+00  0.0000e+00  0.500    0.00  3.05412e+02 -5.09094e-01  3.17581e-13 -1.27209e-05  1.21028e-02  1.29648e+00
   150 -1.47649e-01 -1.20230e+00  9.2867e-03  0.611    0.00  3.03150e+02 -4.96997e-01  1.70432e-13  4.09111e-05  1.79354e-02  1.25076e+00
   150 -1.48112e-01 -1.19302e+00  1.8573e-02  0.722    0.00  3.00887e+02 -4.84900e-01  2.93367e-14  9.55811e-05  2.24880e-02  1.20503e+00
   150 -1.48574e-01 -1.18375e+00  2.7860e-02  0.833    0.00  2.98625e+02 -4.72802e-01 -1.11759e-13  1.51289e-04  2.57604e-02  1.15931e+00
   150 -1.49036e-01 -1.17447e+00  3.7147e-02  0.944    0.00  2.96363e+02 -4.60705e-01 -2.47266e-13  2.08035e-04  2.77526e-02  1.11358e+00
   151 -7.56641e-02 -1.24117e+00 -3.4273e-02  0.056    0.00  3.01627e-01 -5.66728e-02  6.73215e-13 -6.29350e-07 -8.05032e-04  1.45967e-01
   151 -7.63590e-02 -1.23263e+00 -2.5705e-02  0.167    0.00  2.99615e-01 -5.63065e-02  5.98215e-13 -3.86427e-06 -4.75586e-04  1.45468e-01
   151 -7.70539e-02 -1.22409e+00 -1.7136e-02  0.278    0.00  2.97603e-01 -5.59402e-02  5.23200e-13 -7.03345e-06 -1.48204e-04  1.44969e-01
   151 -7.77488e-02 -1.21555e+00 -8.5682e-03  0.389    0.00  2.95591e-01 -5.55738e-02  4.48184e-13 -1.01369e-05  1.77115e-04  1.44469e-01
   151 -7.84437e-02 -1.20701e+00  0.0000e+00  0.500    0.00  2.93580e-01 -5.52075e-02  3.73067e-13 -1.31746e-05  5.00370e-04  1.43970e-01
   151 -7.91386e-02 -1.19847e+00  8.5682e-03  0.611    0.00  2.91568e-01 -5.48412e-02  2.98009e-13 -1.61466e-05  8.21561e-04  1.43471e-01
   151 -7.98335e-02 -1.18993e+00  1.7136e-02  0.722    0.00  2.89556e-01 -5.44748e-02  2.22935e-13 -1.90528e-05  1.14069e-03  1.42972e-01
   151 -8.05284e-02 -1.18139e+00  2.5705e-02  0.833    0.00  2.87544e-01 -5.41085e-02  1.47862e-13 -2.18933e-05  1.45775e-03  1.42473e-01
   151 -8.12233e-02 -1.17285e+00  3.4273e-02  0.944    0.00  2.85532e-01 -5.37422e-02  7.27596e-14 -2.46681e-05  1.77275e-03  1.41974e-01
   152 -2.29931e-03 -1.23433e+00 -3.4273e-02  0.056    0.00  3.01357e-01 -5.66180e-02  6.72560e-13  8.03430e-06  9.77791e-04  1.46707e-01
   152 -3.19266e-03 -1.22581e+00 -2.5705e-02  0.167    0.00  2.99345e-01 -5.62528e-02  5.97705e-13 -9.98662e-07  9.42513e-04  1.46227e-01
   152 -4.08601e-03 -1.21729e+00 -1.7136e-02  0.278    0.00  2.97334e-01 -5.58876e-02  5.22690e-13 -9.91004e-06  9.03948e-04  1.45747e-01
   152 -4.97936e-03 -1.20877e+00 -8.5682e-03  0.389    0.00  2.95323e-01 -5.55223e-02  4.47792e-13 -1.86998e-05  8.62098e-04  1.45267e-01
   152 -5.87271e-03 -1.20025e+00  0.0000e+00  0.500    0.00  2.93311e-01 -5.51571e-02  3.72747e-13 -2.73681e-05  8.16960e-04  1.44787e-01
   152 -6.76607e-03 -1.19173e+00  8.5682e-03  0.611    0.00  2.91300e-01 -5.47919e-02  2.97703e-13 -3.59147e-05  7.68537e-04  1.44307e-01
   152 -7.65942e-03 -1.18320e+00  1.7136e-02  0.722    0.00  2.89289e-01 -5.44267e-02  2.22703e-13 -4.43398e-05  7.16827e-04  1.43828e-01
   152 -8.55277e-03 -1.17468e+00  2.5705e-02  0.833    0.00  2.87277e-01 -5.40615e-02  1.47673e-13 -5.26432e-05  6.61830e-04  1.43348e-01
   152 -9.44612e-03 -1.16616e+00  3.4273e-02  0.944    0.00  2.85266e-01 -5.36963e-02  7.25995e-14 -6.08251e-05  6.03547e-04  1.42868e-01
   153  7.01351e-02 -1.22655e+00 -3.4273e-02  0.056    0.00  3.00847e-01 -5.65184e-02  6.71353e-13  3.55605e-05  2.58709e-04  1.47349e-01
   153  6.91970e-02 -1.21803e+00 -2.5705e-02  0.167    0.00  2.98836e-01 -5.61541e-02  5.96745e-13  1.86019e-05  2.89026e-04  1.46886e-01
   153  6.82590e-02 -1.20952e+00 -1.7136e-02  0.278    0.00  2.96825e-01 -5.57898e-02  5.21875e-13  1.80895e-06  3.17884e-04  1.46423e-01
   153  6.73210e-02 -1.20100e+00 -8.5682e-03  0.389    0.00  2.94813e-01 -5.54256e-02  4.47064e-13 -1.48184e-05  3.45284e-04  1.45959e-01
   153  6.63830e-02 -1.19248e+00  0.0000e+00  0.500    0.00  2.92802e-01 -5.50613e-02  3.72136e-13 -3.12802e-05  3.71225e-04  1.45496e-01
   153  6.54449e-02 -1.18397e+00  8.5682e-03  0.611    0.00  2.90791e-01 -5.46971e-02  2.97179e-13 -4.75764e-05  3.95708e-04  1.45033e-01
   153  6.45069e-02 -1.17545e+00  1.7136e-02  0.722    0.00  2.88779e-01 -5.43328e-02  2.22295e-13 -6.37070e-05  4.18731e-04  1.44569e-01
   153  6.35689e-02 -1.16693e+00  2.5705e-02  0.833    0.00  2.86768e-01 -5.39686e-02  1.47396e-13 -7.96720e-05  4.40297e-04  1.44106e-01
   153  6.26309e-02 -1.15842e+00  3.4273e-02  0.944    0.00  2.84757e-01 -5.36043e-02  7.24685e-14 -9.54715e-05  4.60403e-04  1.43643e-01
   154  1.43343e-01 -1.21673e+00 -3.4273e-02  0.056    0.00  2.99877e-01 -5.63324e-02  6.69112e-13  6.94414e-05 -6.54473e-04  1.48103e-01
   154  1.42004e-01 -1.20827e+00 -2.5705e-02  0.167    0.00  2.97870e-01 -5.59700e-02  5.94679e-13  4.29316e-05 -7.22766e-04  1.47626e-01
   154  1.40665e-01 -1.19980e+00 -1.7136e-02  0.278    0.00  2.95864e-01 -5.56075e-02  5.20158e-13  1.65721e-05 -7.87219e-04  1.47149e-01
   154  1.39326e-01 -1.19134e+00 -8.5682e-03  0.389    0.00  2.93858e-01 -5.52451e-02  4.45609e-13 -9.63707e-06 -8.47830e-04  1.46672e-01
   154  1.37987e-01 -1.18288e+00  0.0000e+00  0.500    0.00  2.91852e-01 -5.48827e-02  3.70899e-13 -3.56960e-05 -9.04602e-04  1.46196e-01
   154  1.36647e-01 -1.17442e+00  8.5682e-03  0.611    0.00  2.89845e-01 -5.45203e-02  2.96233e-13 -6.16046e-05 -9.57533e-04  1.45719e-01
   154  1.35308e-01 -1.16595e+00  1.7136e-02  0.722    0.00  2.87839e-01 -5.41578e-02  2.21582e-13 -8.73629e-05 -1.00662e-03  1.45242e-01
   154  1.33969e-01 -1.15749e+00  2.5705e-02  0.833    0.00  2.85833e-01 -5.37954e-02  1.46974e-13 -1.12971e-04 -1.05187e-03  1.44765e-01
   154  1.32630e-01 -1.14903e+00  3.4273e-02  0.944    0.00  2.83826e-01 -5.34330e-02  7.23085e-14 -1.38429e-04 -1.09328e-03  1.44288e-01
   155  2.15241e-01 -1.20529e+00 -3.4273e-02  0.056    0.00  2.98504e-01 -5.60713e-02  6.66099e-13  8.52170e-05 -9.34950e-04  1.48942e-01
   155  2.13889e-01 -1.19683e+00 -2.5705e-02  0.167    0.00  2.96498e-01 -5.57096e-02  5.91957e-13  5.44273e-05 -9.79845e-04  1.48426e-01
   155  2.12536e-01 -1.18837e+00 -1.7136e-02  0.278    0.00  2.94492e-01 -5.53478e-02  5.17713e-13  2.37184e-05 -1.02015e-03  1.47909e-01
   155  2.11183e-01 -1.17991e+00 -8.5682e-03  0.389    0.00  2.92485e-01 -5.49861e-02  4.43470e-13 -6.90970e-06 -1.05586e-03  1.47393e-01
   155  2.09830e-01 -1.17145e+00  0.0000e+00  0.500    0.00  2.90479e-01 -5.46244e-02  3.69182e-13 -3.74570e-05 -1.08699e-03  1.46877e-01
   155  2.08477e-01 -1.16299e+00  8.5682e-03  0.611    0.00  2.88473e-01 -5.42627e-02  2.94865e-13 -6.79234e-05 -1.11353e-03  1.46361e-01
   155  2.07125e-01 -1.15453e+00  1.7136e-02  0.722    0.00  2.86467e-01 -5.39010e-02  2.20578e-13 -9.83090e-05 -1.13547e-03  1.45844e-01
   155  2.05772e-01 -1.14607e+00  2.5705e-02  0.833    0.00  2.84460e-01 -5.35393e-02  1.46320e-13 -1.28614e-04 -1.15283e-03  1.45328e-01
   155  2.04419e-01 -1.13761e+00  3.4273e-02  0.944    0.00  2.82454e-01 -5.31775e-02  7.20029e-14 -1.58838e-04 -1.16560e-03  1.44812e-01
   156  2.87258e-01 -1.19375e+00 -3.4273e-02  0.056    0.00  2.97108e-01 -5.58058e-02  6.63000e-13  9.77406e-05 -2.16935e-04  1.49752e-01
   156  2.85898e-01 -1.18529e+00 -2.5705e-02  0.167    0.00  2.95102e-01 -5.54447e-02  5.89192e-13  6.32479e-05 -2.12444e-04  1.49208e-01
   156  2.84537e-01 -1.17683e+00 -1.7136e-02  0.278    0.00  2.93095e-01 -5.50837e-02  5.15283e-13  2.89010e-05 -2.07068e-04  1.48665e-01
   156  2.83177e-01 -1.16837e+00 -8.5682e-03  0.389    0.00  2.91089e-01 -5.47226e-02  4.41389e-13 -5.29999e-06 -2.00808e-04  1.48122e-01
   156  2.81817e-01 -1.15991e+00  0.0000e+00  0.500    0.00  2.89083e-01 -5.43616e-02  3.67436e-13 -3.93551e-05 -1.93665e-04  1.47579e-01
   156  2.80457e-01 -1.15145e+00  8.5682e-03  0.611    0.00  2.87076e-01 -5.40006e-02  2.93468e-13 -7.32643e-05 -1.85637e-04  1.47036e-01
   156  2.79097e-01 -1.14299e+00  1.7136e-02  0.722    0.00  2.85070e-01 -5.36395e-02  2.19501e-13 -1.07028e-04 -1.76725e-04  1.46492e-01
   156  2.77737e-01 -1.13453e+00  2.5705e-02  0.833    0.00  2.83064e-01 -5.32785e-02  1.45577e-13 -1.40645e-04 -1.66930e-04  1.45949e-01
   156  2.76377e-01 -1.12607e+00  3.4273e-02  0.944    0.00  2.81057e-01 -5.29174e-02  7.15954e-14 -1.74117e-04 -1.56250e-04  1.45406e-01
   157  3.59628e-01 -1.18095e+00 -3.4273e-02  0.056    0.00  2.95425e-01 -5.54867e-02  6.59275e-13  1.26522e-04  9.59379e-05  1.50478e-01
   157  3.58004e-01 -1.17254e+00 -2.5705e-02  0.167    0.00  2.93425e-01 -5.51274e-02  5.85787e-13  8.37844e-05  6.33197e-05  1.49926e-01
   157  3.56379e-01 -1.16412e+00 -1.7136e-02  0.278    0.00  2.91425e-01 -5.47682e-02  5.12286e-13  4.12394e-05  3.09305e-05  1.49375e-01
   157  3.54755e-01 -1.15571e+00 -8.5682e-03  0.389    0.00  2.89424e-01 -5.44089e-02  4.38813e-13 -1.11265e-06 -1.22980e-06  1.48823e-01
   157  3.53131e-01 -1.14730e+00  0.0000e+00  0.500    0.00  2.87424e-01 -5.40497e-02  3.65311e-13 -4.32717e-05 -3.31611e-05  1.48272e-01
   157  3.51506e-01 -1.13889e+00  8.5682e-03  0.611    0.00  2.85424e-01 -5.36904e-02  2.91824e-13 -8.52377e-05 -6.48635e-05  1.47721e-01
   157  3.49882e-01 -1.13047e+00  1.7136e-02  0.722    0.00  2.83423e-01 -5.33312e-02  2.18293e-13 -1.27011e-04 -9.63369e-05  1.47169e-01
   157  3.48258e-01 -1.12206e+00  2.5705e-02  0.833    0.00  2.81423e-01 -5.29719e-02  1.44806e-13 -1.68591e-04 -1.27581e-04  1.46618e-01
   157  3.46633e-01 -1.11365e+00  3.4273e-02  0.944    0.00  2.79423e-01 -5.26127e-02  7.11443e-14 -2.09978e-04 -1.58597e-04  1.46066e-01
   158  4.31384e-01 -1.16633e+00 -3.4273e-02  0.056    0.00  2.93306e-01 -5.50857e-02  6.54662e-13  1.49607e-04 -1.63011e-04  1.51194e-01
   158  4.29588e-01 -1.15795e+00 -2.5705e-02  0.167    0.00  2.91310e-01 -5.47280e-02  5.81611e-13  1.00533e-04 -2.06205e-04  1.50631e-01
   158  4.27792e-01 -1.14957e+00 -1.7136e-02  0.278    0.00  2.89315e-01 -5.43702e-02  5.08575e-13  5.15707e-05 -2.47951e-04  1.50069e-01
   158  4.25995e-01 -1.14120e+00 -8.5682e-03  0.389    0.00  2.87319e-01 -5.40124e-02  4.35612e-13  2.71946e-06 -2.88251e-04  1.49507e-01
   158  4.24199e-01 -1.13282e+00  0.0000e+00  0.500    0.00  2.85324e-01 -5.36546e-02  3.62677e-13 -4.60205e-05 -3.27103e-04  1.48945e-01
   158  4.22403e-01 -1.12444e+00  8.5682e-03  0.611    0.00  2.83329e-01 -5.32968e-02  2.89700e-13 -9.46490e-05 -3.64509e-04  1.48383e-01
   158  4.20606e-01 -1.11606e+00  1.7136e-02  0.722    0.00  2.81333e-01 -5.29390e-02  2.16678e-13 -1.43166e-04 -4.00467e-04  1.47821e-01
   158  4.18810e-01 -1.10768e+00  2.5705e-02  0.833    0.00  2.79338e-01 -5.25812e-02  1.43700e-13 -1.91572e-04 -4.34978e-04  1.47259e-01
   158  4.17014e-01 -1.09931e+00  3.4273e-02  0.944    0.00  2.77342e-01 -5.22234e-02  7.05768e-14 -2.39867e-04 -4.68042e-04  1.46697e-01
   159  5.02763e-01 -1.15099e+00 -3.4273e-02  0.056    0.00  2.91012e-01 -5.46524e-02  6.49263e-13  1.57698e-04 -1.51271e-04  1.51927e-01
   159  5.00960e-01 -1.14262e+00 -2.5705e-02  0.167    0.00  2.89017e-01 -5.42951e-02  5.76954e-13  1.06451e-04 -1.71138e-04  1.51351e-01
   159  4.99157e-01 -1.13424e+00 -1.7136e-02  0.278    0.00  2.87022e-01 -5.39377e-02  5.04544e-13  5.52660e-05 -1.89987e-04  1.50775e-01
   159  4.97354e-01 -1.12586e+00 -8.5682e-03  0.389    0.00  2.85026e-01 -5.35804e-02  4.32236e-13  4.14475e-06 -2.07817e-04  1.50199e-01
   159  4.95550e-01 -1.11749e+00  0.0000e+00  0.500    0.00  2.83031e-01 -5.32230e-02  3.59738e-13 -4.69131e-05 -2.24629e-04  1.49623e-01
   159  4.93747e-01 -1.10911e+00  8.5682e-03  0.611    0.00  2.81035e-01 -5.28657e-02  2.87328e-13 -9.79076e-05 -2.40423e-04  1.49047e-01
   159  4.91944e-01 -1.10074e+00  1.7136e-02  0.722    0.00  2.79040e-01 -5.25083e-02  2.14961e-13 -1.48839e-04 -2.55198e-04  1.48470e-01
   159  4.90140e-01 -1.09236e+00  2.5705e-02  0.833    0.00  2.77045e-01 -5.21509e-02  1.42594e-13 -1.99707e-04 -2.68955e-04  1.47894e-01
   159  4.88337e-01 -1.08398e+00  3.4273e-02  0.944    0.00  2.75049e-01 -5.17936e-02  7.01839e-14 -2.50511e-04 -2.81693e-04  1.47318e-01
   160  5.73985e-01 -1.13548e+00 -3.4273e-02  0.056    0.00  2.88674e-01 -5.42107e-02  6.43893e-13  1.77766e-04 -2.32221e-04  1.52661e-01
   160  5.72141e-01 -1.12711e+00 -2.5705e-02  0.167    0.00  2.86680e-01 -5.38540e-02  5.72196e-13  1.20501e-04 -2.11873e-04  1.52074e-01
   160  5.70296e-01 -1.11874e+00 -1.7136e-02  0.278    0.00  2.84686e-01 -5.34973e-02  5.00469e-13  6.34555e-05 -1.90837e-04  1.51488e-01
   160  5.68452e-01 -1.11038e+00 -8.5682e-03  0.389    0.00  2.82691e-01 -5.31406e-02  4.28670e-13  6.62784e-06 -1.69115e-04  1.50901e-01
   160  5.66607e-01 -1.10201e+00  0.0000e+00  0.500    0.00  2.80697e-01 -5.27839e-02  3.56842e-13 -4.99815e-05 -1.46706e-04  1.50314e-01
   160  5.64763e-01 -1.09364e+00  8.5682e-03  0.611    0.00  2.78703e-01 -5.24272e-02  2.85028e-13 -1.06373e-04 -1.23610e-04  1.49727e-01
   160  5.62918e-01 -1.08527e+00  1.7136e-02  0.722    0.00  2.76709e-01 -5.20705e-02  2.13156e-13 -1.62545e-04 -9.98265e-05  1.49140e-01
   160  5.61074e-01 -1.07691e+00  2.5705e-02  0.833    0.00  2.74715e-01 -5.17137e-02  1.41357e-13 -2.18500e-04 -7.53561e-05  1.48553e-01
   160  5.59229e-01 -1.06854e+00  3.4273e-02  0.944    0.00  2.72721e-01 -5.13570e-02  6.94563e-14 -2.74236e-04 -5.01987e-05  1.47966e-01
   161  6.45694e-01 -1.11804e+00 -3.4273e-02  0.056    0.00  2.85895e-01 -5.36864e-02  6.37709e-13  2.08787e-04  7.11445e-05  1.53366e-01
   161  6.43491e-01 -1.10976e+00 -2.5705e-02  0.167    0.00  2.83915e-01 -5.33328e-02  5.66681e-13  1.42800e-04 -3.31637e-06  1.52768e-01
   161  6.41288e-01 -1.10148e+00 -1.7136e-02  0.278    0.00  2.81935e-01 -5.29791e-02  4.95609e-13  7.70138e-05 -7.67625e-05  1.52171e-01
   161  6.39085e-01 -1.09320e+00 -8.5682e-03  0.389    0.00  2.79954e-01 -5.26254e-02  4.24508e-13  1.14279e-05 -1.49194e-04  1.51573e-01
   161  6.36881e-01 -1.08492e+00  0.0000e+00  0.500    0.00  2.77974e-01 -5.22718e-02  3.53364e-13 -5.39574e-05 -2.20611e-04  1.50976e-01
   161  6.34678e-01 -1.07664e+00  8.5682e-03  0.611    0.00  2.75994e-01 -5.19181e-02  2.82249e-13 -1.19142e-04 -2.91013e-04  1.50378e-01
   161  6.32475e-01 -1.06836e+00  1.7136e-02  0.722    0.00  2.74013e-01 -5.15644e-02  2.11076e-13 -1.84127e-04 -3.60400e-04  1.49780e-01
   161  6.30272e-01 -1.06008e+00  2.5705e-02  0.833    0.00  2.72033e-01 -5.12108e-02  1.40004e-13 -2.48910e-04 -4.28772e-04  1.49183e-01
   161  6.28069e-01 -1.05180e+00  3.4273e-02  0.944    0.00  2.70053e-01 -5.08571e-02  6.87724e-14 -3.13493e-04 -4.96130e-04  1.48585e-01
   162  7.16078e-01 -1.09921e+00 -3.4273e-02  0.056    0.00  2.82767e-01 -5.30969e-02  6.30462e-13  2.22367e-04  2.97401e-04  1.54027e-01
   162  7.13852e-01 -1.09094e+00 -2.5705e-02  0.167    0.00  2.80787e-01 -5.27436e-02  5.60307e-13  1.52921e-04  2.77351e-04  1.53425e-01
   162  7.11626e-01 -1.08266e+00 -1.7136e-02  0.278    0.00  2.78808e-01 -5.23903e-02  4.90050e-13  8.35055e-05  2.56512e-04  1.52823e-01
   162  7.09400e-01 -1.07439e+00 -8.5682e-03  0.389    0.00  2.76829e-01 -5.20370e-02  4.19823e-13  1.41222e-05  2.34885e-04  1.52221e-01
   162  7.07174e-01 -1.06611e+00  0.0000e+00  0.500    0.00  2.74849e-01 -5.16836e-02  3.49435e-13 -5.52293e-05  2.12470e-04  1.51618e-01
   162  7.04948e-01 -1.05784e+00  8.5682e-03  0.611    0.00  2.72870e-01 -5.13303e-02  2.79106e-13 -1.24549e-04  1.89266e-04  1.51016e-01
   162  7.02722e-01 -1.04957e+00  1.7136e-02  0.722    0.00  2.70890e-01 -5.09770e-02  2.08733e-13 -1.93837e-04  1.65274e-04  1.50414e-01
   162  7.00496e-01 -1.04129e+00  2.5705e-02  0.833    0.00  2.68911e-01 -5.06237e-02  1.38491e-13 -2.63094e-04  1.40493e-04  1.49812e-01
   162  6.98270e-01 -1.03302e+00  3.4273e-02  0.944    0.00  2.66932e-01 -5.02704e-02  6.81612e-14 -3.32319e-04  1.14924e-04  1.49210e-01
   163  7.86631e-01 -1.08020e+00 -3.4273e-02  0.056    0.00  2.79600e-01 -5.25002e-02  6.23404e-13  2.30146e-04  4.15211e-04  1.54662e-01
   163  7.84399e-01 -1.07193e+00 -2.5705e-02  0.167    0.00  2.77620e-01 -5.21471e-02  5.53948e-13  1.58368e-04  4.22724e-04  1.54067e-01
   163  7.82167e-01 -1.06366e+00 -1.7136e-02  0.278    0.00  2.75641e-01 -5.17940e-02  4.84448e-13  8.66803e-05  4.28523e-04  1.53472e-01
   163  7.79935e-01 -1.05538e+00 -8.5682e-03  0.389    0.00  2.73662e-01 -5.14408e-02  4.15021e-13  1.50838e-05  4.32608e-04  1.52877e-01
   163  7.77702e-01 -1.04711e+00  0.0000e+00  0.500    0.00  2.71683e-01 -5.10877e-02  3.45462e-13 -5.64220e-05  4.34978e-04  1.52282e-01
   163  7.75470e-01 -1.03884e+00  8.5682e-03  0.611    0.00  2.69704e-01 -5.07346e-02  2.75904e-13 -1.27837e-04  4.35634e-04  1.51687e-01
   163  7.73238e-01 -1.03057e+00  1.7136e-02  0.722    0.00  2.67725e-01 -5.03815e-02  2.06375e-13 -1.99161e-04  4.34575e-04  1.51092e-01
   163  7.71006e-01 -1.02230e+00  2.5705e-02  0.833    0.00  2.65746e-01 -5.00283e-02  1.36817e-13 -2.70394e-04  4.31802e-04  1.50497e-01
   163  7.68774e-01 -1.01402e+00  3.4273e-02  0.944    0.00  2.63766e-01 -4.96752e-02  6.71571e-14 -3.41537e-04  4.27315e-04  1.49902e-01
   164  8.57177e-01 -1.06055e+00 -3.4273e-02  0.056    0.00  2.76283e-01 -5.18755e-02  6.15793e-13  2.50997e-04 -3.03505e-05  1.55310e-01
   164  8.54811e-01 -1.05232e+00 -2.5705e-02  0.167    0.00  2.74310e-01 -5.15237e-02  5.47327e-13  1.73082e-04 -3.86894e-05  1.54718e-01
   164  8.52445e-01 -1.04408e+00 -1.7136e-02  0.278    0.00  2.72337e-01 -5.11719e-02  4.78671e-13  9.53745e-05 -4.66848e-05  1.54125e-01
   164  8.50079e-01 -1.03585e+00 -8.5682e-03  0.389    0.00  2.70364e-01 -5.08202e-02  4.10088e-13  1.78739e-05 -5.43369e-05  1.53532e-01
   164  8.47714e-01 -1.02761e+00  0.0000e+00  0.500    0.00  2.68391e-01 -5.04684e-02  3.41330e-13 -5.94196e-05 -6.16455e-05  1.52940e-01
   164  8.45348e-01 -1.01938e+00  8.5682e-03  0.611    0.00  2.66419e-01 -5.01166e-02  2.72572e-13 -1.36506e-04 -6.86108e-05  1.52347e-01
   164  8.42982e-01 -1.01114e+00  1.7136e-02  0.722    0.00  2.64446e-01 -4.97648e-02  2.03887e-13 -2.13385e-04 -7.52328e-05  1.51755e-01
   164  8.40617e-01 -1.00291e+00  2.5705e-02  0.833    0.00  2.62473e-01 -4.94131e-02  1.35231e-13 -2.90057e-04 -8.15113e-05  1.51162e-01
   164  8.38251e-01 -9.94673e-01  3.4273e-02  0.944    0.00  2.60500e-01 -4.90613e-02  6.66332e-14 -3.66522e-04 -8.74464e-05  1.50570e-01
   165  9.27510e-01 -1.03939e+00 -3.4273e-02  0.056    0.00  2.72608e-01 -5.11835e-02  6.07484e-13  2.71904e-04 -3.80310e-05  1.55979e-01
   165  9.24938e-01 -1.03121e+00 -2.5705e-02  0.167    0.00  2.70646e-01 -5.08339e-02  5.39963e-13  1.88266e-04 -9.47839e-05  1.55376e-01
   165  9.22366e-01 -1.02304e+00 -1.7136e-02  0.278    0.00  2.68683e-01 -5.04843e-02  4.72282e-13  1.04754e-04 -1.50370e-04  1.54774e-01
   165  9.19794e-01 -1.01487e+00 -8.5682e-03  0.389    0.00  2.66721e-01 -5.01346e-02  4.04543e-13  2.13674e-05 -2.04788e-04  1.54171e-01
   165  9.17222e-01 -1.00669e+00  0.0000e+00  0.500    0.00  2.64759e-01 -4.97850e-02  3.36731e-13 -6.18929e-05 -2.58040e-04  1.53569e-01
   165  9.14650e-01 -9.98522e-01  8.5682e-03  0.611    0.00  2.62797e-01 -4.94354e-02  2.68919e-13 -1.45027e-04 -3.10125e-04  1.52966e-01
   165  9.12078e-01 -9.90349e-01  1.7136e-02  0.722    0.00  2.60835e-01 -4.90858e-02  2.01122e-13 -2.28036e-04 -3.61043e-04  1.52364e-01
   165  9.09506e-01 -9.82176e-01  2.5705e-02  0.833    0.00  2.58872e-01 -4.87362e-02  1.33383e-13 -3.10918e-04 -4.10793e-04  1.51761e-01
   165  9.06935e-01 -9.74002e-01  3.4273e-02  0.944    0.00  2.56910e-01 -4.83865e-02  6.56000e-14 -3.93675e-04 -4.59377e-04  1.51159e-01
   166  9.97139e-01 -1.01745e+00 -3.4273e-02  0.056    0.00  2.68740e-01 -5.04558e-02  5.98884e-13  2.78781e-04  4.22402e-04  1.56608e-01
   166  9.94562e-01 -1.00928e+00 -2.5705e-02  0.167    0.00  2.66778e-01 -5.01062e-02  5.32164e-13  1.93479e-04  4.05692e-04  1.56003e-01
   166  9.91985e-01 -1.00111e+00 -1.7136e-02  0.278    0.00  2.64816e-01 -4.97566e-02  4.65399e-13  1.08176e-04  3.87636e-04  1.55397e-01
   166  9.89408e-01 -9.92938e-01 -8.5682e-03  0.389    0.00  2.62854e-01 -4.94069e-02  3.98693e-13  2.28717e-05  3.68235e-04  1.54792e-01
   166  9.86831e-01 -9.84766e-01  0.0000e+00  0.500    0.00  2.60892e-01 -4.90573e-02  3.31871e-13 -6.24341e-05  3.47488e-04  1.54187e-01
   166  9.84254e-01 -9.76595e-01  8.5682e-03  0.611    0.00  2.58931e-01 -4.87076e-02  2.65049e-13 -1.47741e-04  3.25396e-04  1.53582e-01
   166  9.81677e-01 -9.68423e-01  1.7136e-02  0.722    0.00  2.56969e-01 -4.83580e-02  1.98183e-13 -2.33050e-04  3.01958e-04  1.52977e-01
   166  9.79100e-01 -9.60252e-01  2.5705e-02  0.833    0.00  2.55007e-01 -4.80084e-02  1.31433e-13 -3.18360e-04  2.77175e-04  1.52372e-01
   166  9.76523e-01 -9.52080e-01  3.4273e-02  0.944    0.00  2.53045e-01 -4.76587e-02  6.46105e-14 -4.03672e-04  2.51046e-04  1.51767e-01
   167  1.06678e+00 -9.95463e-01 -3.4273e-02  0.056    0.00  2.64860e-01 -4.97258e-02  5.90007e-13  2.88509e-04  4.67407e-04  1.57195e-01
   167  1.06420e+00 -9.87293e-01 -2.5705e-02  0.167    0.00  2.62898e-01 -4.93762e-02  5.24320e-13  2.00206e-04  4.84778e-04  1.56601e-01
   167  1.06162e+00 -9.79124e-01 -1.7136e-02  0.278    0.00  2.60937e-01 -4.90265e-02  4.58589e-13  1.12019e-04  5.00065e-04  1.56007e-01
   167  1.05903e+00 -9.70954e-01 -8.5682e-03  0.389    0.00  2.58975e-01 -4.86769e-02  3.92814e-13  2.39483e-05  5.13267e-04  1.55413e-01
   167  1.05645e+00 -9.62784e-01  0.0000e+00  0.500    0.00  2.57014e-01 -4.83272e-02  3.26967e-13 -6.40060e-05  5.24386e-04  1.54819e-01
   167  1.05387e+00 -9.54614e-01  8.5682e-03  0.611    0.00  2.55052e-01 -4.79776e-02  2.61134e-13 -1.51844e-04  5.33419e-04  1.54225e-01
   167  1.05129e+00 -9.46445e-01  1.7136e-02  0.722    0.00  2.53091e-01 -4.76279e-02  1.95287e-13 -2.39566e-04  5.40369e-04  1.53631e-01
   167  1.04870e+00 -9.38275e-01  2.5705e-02  0.833    0.00  2.51129e-01 -4.72783e-02  1.29497e-13 -3.27171e-04  5.45234e-04  1.53037e-01
   167  1.04612e+00 -9.30105e-01  3.4273e-02  0.944    0.00  2.49167e-01 -4.69286e-02  6.36210e-14 -4.14660e-04  5.48015e-04  1.52443e-01
   168  1.13657e+00 -9.72553e-01 -3.4273e-02  0.056    0.00  2.60767e-01 -4.89558e-02  5.80738e-13  3.07946e-04 -1.47187e-05  1.57801e-01
   168  1.13380e+00 -9.64442e-01 -2.5705e-02  0.167    0.00  2.58816e-01 -4.86081e-02  5.16171e-13  2.14033e-04 -4.40058e-05  1.57210e-01
   168  1.13104e+00 -9.56332e-01 -1.7136e-02  0.278    0.00  2.56865e-01 -4.82604e-02  4.51386e-13  1.20297e-04 -7.26676e-05  1.56618e-01
   168  1.12828e+00 -9.48221e-01 -8.5682e-03  0.389    0.00  2.54914e-01 -4.79128e-02  3.86688e-13  2.67359e-05 -1.00704e-04  1.56027e-01
   168  1.12551e+00 -9.40111e-01  0.0000e+00  0.500    0.00  2.52963e-01 -4.75651e-02  3.21830e-13 -6.66485e-05 -1.28116e-04  1.55436e-01
   168  1.12275e+00 -9.32000e-01  8.5682e-03  0.611    0.00  2.51012e-01 -4.72175e-02  2.57045e-13 -1.59857e-04 -1.54902e-04  1.54845e-01
   168  1.11999e+00 -9.23889e-01  1.7136e-02  0.722    0.00  2.49061e-01 -4.68698e-02  1.92245e-13 -2.52889e-04 -1.81063e-04  1.54253e-01
   168  1.11723e+00 -9.15779e-01  2.5705e-02  0.833    0.00  2.47110e-01 -4.65221e-02  1.27489e-13 -3.45745e-04 -2.06599e-04  1.53662e-01
   168  1.11446e+00 -9.07668e-01  3.4273e-02  0.944    0.00  2.45159e-01 -4.61745e-02  6.27333e-14 -4.38424e-04 -2.31510e-04  1.53071e-01
   169  1.20571e+00 -9.48541e-01 -3.4273e-02  0.056    0.00  2.56405e-01 -4.81355e-02  5.70930e-13  3.21186e-04 -1.22608e-04  1.58437e-01
   169  1.20285e+00 -9.40463e-01 -2.5705e-02  0.167    0.00  2.54460e-01 -4.77889e-02  5.07367e-13  2.23816e-04 -1.62974e-04  1.57835e-01
   169  1.20000e+00 -9.32386e-01 -1.7136e-02  0.278    0.00  2.52515e-01 -4.74422e-02  4.43702e-13  1.26493e-04 -2.02097e-04  1.57232e-01
   169  1.19714e+00 -9.24309e-01 -8.5682e-03  0.389    0.00  2.50570e-01 -4.70955e-02  3.80052e-13  2.92172e-05 -2.39978e-04  1.56629e-01
   169  1.19428e+00 -9.16231e-01  0.0000e+00  0.500    0.00  2.48625e-01 -4.67489e-02  3.16359e-13 -6.80106e-05 -2.76617e-04  1.56027e-01
   169  1.19142e+00 -9.08154e-01  8.5682e-03  0.611    0.00  2.46680e-01 -4.64022e-02  2.52665e-13 -1.65191e-04 -3.12012e-04  1.55424e-01
   169  1.18856e+00 -9.00077e-01  1.7136e-02  0.722    0.00  2.44736e-01 -4.60555e-02  1.88986e-13 -2.62324e-04 -3.46166e-04  1.54821e-01
   169  1.18570e+00 -8.91999e-01  2.5705e-02  0.833    0.00  2.42791e-01 -4.57089e-02  1.25321e-13 -3.59409e-04 -3.79077e-04  1.54219e-01
   169  1.18284e+00 -8.83922e-01  3.4273e-02  0.944    0.00  2.40846e-01 -4.53622e-02  6.16419e-14 -4.56446e-04 -4.10745e-04  1.53616e-01
   170  1.27465e+00 -9.24124e-01 -3.4273e-02  0.056    0.00  2.51944e-01 -4.72970e-02  5.60802e-13  3.24472e-04  5.02342e-04  1.59029e-01
   170  1.27178e+00 -9.16048e-01 -2.5705e-02  0.167    0.00  2.50000e-01 -4.69501e-02  4.98359e-13  2.26325e-04  4.87038e-04  1.58424e-01
   170  1.26892e+00 -9.07972e-01 -1.7136e-02  0.278    0.00  2.48055e-01 -4.66033e-02  4.35830e-13  1.28156e-04  4.70045e-04  1.57820e-01
   170  1.26606e+00 -8.99896e-01 -8.5682e-03  0.389    0.00  2.46111e-01 -4.62565e-02  3.73329e-13  2.99649e-05  4.51364e-04  1.57216e-01
   170  1.26320e+00 -8.91821e-01  0.0000e+00  0.500    0.00  2.44166e-01 -4.59096e-02  3.10742e-13 -6.82490e-05  4.30994e-04  1.56612e-01
   170  1.26033e+00 -8.83745e-01  8.5682e-03  0.611    0.00  2.42222e-01 -4.55628e-02  2.48154e-13 -1.66485e-04  4.08936e-04  1.56007e-01
   170  1.25747e+00 -8.75669e-01  1.7136e-02  0.722    0.00  2.40277e-01 -4.52159e-02  1.85595e-13 -2.64744e-04  3.85189e-04  1.55403e-01
   170  1.25461e+00 -8.67593e-01  2.5705e-02  0.833    0.00  2.38333e-01 -4.48691e-02  1.23124e-13 -3.63025e-04  3.59754e-04  1.54799e-01
   170  1.25174e+00 -8.59518e-01  3.4273e-02  0.944    0.00  2.36388e-01 -4.45222e-02  6.05505e-14 -4.61329e-04  3.32630e-04  1.54195e-01
   171  1.34346e+00 -8.99713e-01 -3.4273e-02  0.056    0.00  2.47483e-01 -4.64583e-02  5.50775e-13  3.35009e-04  5.62019e-04  1.59561e-01
   171  1.34059e+00 -8.91638e-01 -2.5705e-02  0.167    0.00  2.45539e-01 -4.61113e-02  4.89366e-13  2.33572e-04  5.84719e-04  1.58972e-01
   171  1.33772e+00 -8.83564e-01 -1.7136e-02  0.278    0.00  2.43595e-01 -4.57642e-02  4.27972e-13  1.32262e-04  6.04868e-04  1.58382e-01
   171  1.33486e+00 -8.75489e-01 -8.5682e-03  0.389    0.00  2.41650e-01 -4.54172e-02  3.66563e-13  3.10778e-05  6.22466e-04  1.57793e-01
   171  1.33199e+00 -8.67415e-01  0.0000e+00  0.500    0.00  2.39706e-01 -4.50701e-02  3.05110e-13 -6.99795e-05  6.37514e-04  1.57203e-01
   171  1.32912e+00 -8.59340e-01  8.5682e-03  0.611    0.00  2.37762e-01 -4.47231e-02  2.43657e-13 -1.70910e-04  6.50011e-04  1.56613e-01
   171  1.32626e+00 -8.51266e-01  1.7136e-02  0.722    0.00  2.35818e-01 -4.43760e-02  1.82248e-13 -2.71715e-04  6.59957e-04  1.56024e-01
   171  1.32339e+00 -8.43191e-01  2.5705e-02  0.833    0.00  2.33874e-01 -4.40290e-02  1.20825e-13 -3.72392e-04  6.67353e-04  1.55434e-01
   171  1.32052e+00 -8.35117e-01  3.4273e-02  0.944    0.00  2.31929e-01 -4.36819e-02  5.93427e-14 -4.72944e-04  6.72199e-04  1.54844e-01
   172  1.41247e+00 -8.74267e-01 -3.4273e-02  0.056    0.00  2.42784e-01 -4.55748e-02  5.40065e-13  3.52452e-04  2.23731e-04  1.60100e-01
   172  1.40941e+00 -8.66264e-01 -2.5705e-02  0.167    0.00  2.40853e-01 -4.52301e-02  4.79966e-13  2.46062e-04  1.87848e-04  1.59519e-01
   172  1.40635e+00 -8.58261e-01 -1.7136e-02  0.278    0.00  2.38922e-01 -4.48854e-02  4.19721e-13  1.39816e-04  1.51739e-04  1.58938e-01
   172  1.40329e+00 -8.50259e-01 -8.5682e-03  0.389    0.00  2.36991e-01 -4.45407e-02  3.59505e-13  3.37138e-05  1.15403e-04  1.58357e-01
   172  1.40023e+00 -8.42256e-01  0.0000e+00  0.500    0.00  2.35060e-01 -4.41960e-02  2.99260e-13 -7.22444e-05  7.88409e-05  1.57775e-01
   172  1.39717e+00 -8.34253e-01  8.5682e-03  0.611    0.00  2.33129e-01 -4.38513e-02  2.39015e-13 -1.78059e-04  4.20524e-05  1.57194e-01
   172  1.39410e+00 -8.26250e-01  1.7136e-02  0.722    0.00  2.31198e-01 -4.35066e-02  1.78741e-13 -2.83729e-04  5.03753e-06  1.56613e-01
   172  1.39104e+00 -8.18248e-01  2.5705e-02  0.833    0.00  2.29267e-01 -4.31619e-02  1.18467e-13 -3.89256e-04 -3.22037e-05  1.56031e-01
   172  1.38798e+00 -8.10245e-01  3.4273e-02  0.944    0.00  2.27336e-01 -4.28172e-02  5.81786e-14 -4.94639e-04 -6.96713e-05  1.55450e-01
   173  1.48066e+00 -8.48023e-01 -3.4273e-02  0.056    0.00  2.37883e-01 -4.46539e-02  5.28962e-13  3.60701e-04  2.82112e-04  1.60647e-01
   173  1.47757e+00 -8.40033e-01 -2.5705e-02  0.167    0.00  2.35954e-01 -4.43093e-02  4.70056e-13  2.52325e-04  2.59097e-04  1.60066e-01
   173  1.47447e+00 -8.32043e-01 -1.7136e-02  0.278    0.00  2.34026e-01 -4.39647e-02  4.11092e-13  1.43934e-04  2.35411e-04  1.59485e-01
   173  1.47138e+00 -8.24053e-01 -8.5682e-03  0.389    0.00  2.32097e-01 -4.36200e-02  3.52113e-13  3.55280e-05  2.11054e-04  1.58904e-01
   173  1.46829e+00 -8.16062e-01  0.0000e+00  0.500    0.00  2.30169e-01 -4.32754e-02  2.93090e-13 -7.28920e-05  1.86025e-04  1.58323e-01
   173  1.46519e+00 -8.08072e-01  8.5682e-03  0.611    0.00  2.28240e-01 -4.29308e-02  2.34068e-13 -1.81327e-04  1.60324e-04  1.57742e-01
   173  1.46210e+00 -8.00082e-01  1.7136e-02  0.722    0.00  2.26312e-01 -4.25862e-02  1.75060e-13 -2.89776e-04  1.33951e-04  1.57161e-01
   173  1.45900e+00 -7.92092e-01  2.5705e-02  0.833    0.00  2.24383e-01 -4.22416e-02  1.16066e-13 -3.98239e-04  1.06907e-04  1.56581e-01
   173  1.45591e+00 -7.84102e-01  3.4273e-02  0.944    0.00  2.22455e-01 -4.18970e-02  5.69999e-14 -5.06717e-04  7.91906e-05  1.56000e-01
   174  1.54890e+00 -8.21584e-01 -3.4273e-02  0.056    0.00  2.32937e-01 -4.37246e-02  5.17772e-13  3.62994e-04  1.27591e-03  1.61108e-01
   174  1.54581e+00 -8.13595e-01 -2.5705e-02  0.167    0.00  2.31009e-01 -4.33797e-02  4.60073e-13  2.53995e-04  1.27662e-03  1.60548e-01
   174  1.54271e+00 -8.05606e-01 -1.7136e-02  0.278    0.00  2.29081e-01 -4.30347e-02  4.02346e-13  1.44970e-04  1.27227e-03  1.59988e-01
   174  1.53961e+00 -7.97617e-01 -8.5682e-03  0.389    0.00  2.27153e-01 -4.26898e-02  3.44633e-13  3.59164e-05  1.26285e-03  1.59428e-01
   174  1.53652e+00 -7.89628e-01  0.0000e+00  0.500    0.00  2.25224e-01 -4.23448e-02  2.86876e-13 -7.31641e-05  1.24836e-03  1.58869e-01
   174  1.53342e+00 -7.81639e-01  8.5682e-03  0.611    0.00  2.23296e-01 -4.19999e-02  2.29091e-13 -1.82272e-04  1.22880e-03  1.58309e-01
   174  1.53032e+00 -7.73650e-01  1.7136e-02  0.722    0.00  2.21368e-01 -4.16549e-02  1.71320e-13 -2.91407e-04  1.20417e-03  1.57749e-01
   174  1.52723e+00 -7.65661e-01  2.5705e-02  0.833    0.00  2.19440e-01 -4.13100e-02  1.13563e-13 -4.00569e-04  1.17447e-03  1.57189e-01
   174  1.52413e+00 -7.57672e-01  3.4273e-02  0.944    0.00  2.17512e-01 -4.09650e-02  5.57629e-14 -5.09759e-04  1.13970e-03  1.56629e-01
   175  1.61704e+00 -7.95080e-01 -3.4273e-02  0.056    0.00  2.27974e-01 -4.27922e-02  5.06552e-13  3.71736e-04  2.16962e-03  1.61421e-01
   175  1.61392e+00 -7.87098e-01 -2.5705e-02  0.167    0.00  2.26048e-01 -4.24471e-02  4.50076e-13  2.60031e-04  2.20257e-03  1.60918e-01
   175  1.61081e+00 -7.79117e-01 -1.7136e-02  0.278    0.00  2.24121e-01 -4.21020e-02  3.93586e-13  1.48414e-04  2.22631e-03  1.60416e-01
   175  1.60769e+00 -7.71135e-01 -8.5682e-03  0.389    0.00  2.22194e-01 -4.17570e-02  3.37124e-13  3.68829e-05  2.24085e-03  1.59913e-01
   175  1.60458e+00 -7.63153e-01  0.0000e+00  0.500    0.00  2.20268e-01 -4.14119e-02  2.80619e-13 -7.45612e-05  2.24618e-03  1.59411e-01
   175  1.60146e+00 -7.55171e-01  8.5682e-03  0.611    0.00  2.18341e-01 -4.10668e-02  2.24114e-13 -1.85919e-04  2.24232e-03  1.58908e-01
   175  1.59835e+00 -7.47190e-01  1.7136e-02  0.722    0.00  2.16414e-01 -4.07217e-02  1.67609e-13 -2.97189e-04  2.22925e-03  1.58406e-01
   175  1.59523e+00 -7.39208e-01  2.5705e-02  0.833    0.00  2.14488e-01 -4.03767e-02  1.11133e-13 -4.08373e-04  2.20698e-03  1.57904e-01
   175  1.59212e+00 -7.31226e-01  3.4273e-02  0.944    0.00  2.12561e-01 -4.00316e-02  5.45551e-14 -5.19470e-04  2.17551e-03  1.57401e-01
   176  1.68524e+00 -7.67791e-01 -3.4273e-02  0.056    0.00  2.22829e-01 -4.18254e-02  4.94838e-13  3.83715e-04  3.36471e-03  1.61569e-01
   176  1.68199e+00 -7.59863e-01 -2.5705e-02  0.167    0.00  2.20913e-01 -4.14819e-02  4.39730e-13  2.68660e-04  3.38376e-03  1.61161e-01
   176  1.67874e+00 -7.51935e-01 -1.7136e-02  0.278    0.00  2.18996e-01 -4.11384e-02  3.84578e-13  1.53680e-04  3.38902e-03  1.60753e-01
   176  1.67549e+00 -7.44007e-01 -8.5682e-03  0.389    0.00  2.17080e-01 -4.07950e-02  3.29397e-13  3.87762e-05  3.38048e-03  1.60345e-01
   176  1.67224e+00 -7.36080e-01  0.0000e+00  0.500    0.00  2.15164e-01 -4.04515e-02  2.74173e-13 -7.60521e-05  3.35814e-03  1.59937e-01
   176  1.66899e+00 -7.28152e-01  8.5682e-03  0.611    0.00  2.13247e-01 -4.01080e-02  2.18963e-13 -1.90805e-04  3.32201e-03  1.59528e-01
   176  1.66574e+00 -7.20224e-01  1.7136e-02  0.722    0.00  2.11331e-01 -3.97646e-02  1.63724e-13 -3.05482e-04  3.27208e-03  1.59120e-01
   176  1.66249e+00 -7.12296e-01  2.5705e-02  0.833    0.00  2.09415e-01 -3.94211e-02  1.08528e-13 -4.20083e-04  3.20835e-03  1.58712e-01
   176  1.65924e+00 -7.04369e-01  3.4273e-02  0.944    0.00  2.07498e-01 -3.90776e-02  5.32309e-14 -5.34609e-04  3.13082e-03  1.58304e-01
   177  1.75286e+00 -7.40012e-01 -3.4273e-02  0.056    0.00  2.17559e-01 -4.08355e-02  4.82862e-13  3.88375e-04  5.91895e-03  1.61431e-01
   177  1.74959e+00 -7.32089e-01 -2.5705e-02  0.167    0.00  2.15644e-01 -4.04917e-02  4.29121e-13  2.72265e-04  5.98627e-03  1.61185e-01
   177  1.74633e+00 -7.24166e-01 -1.7136e-02  0.278    0.00  2.13728e-01 -4.01479e-02  3.75250e-13  1.56109e-04  6.02870e-03  1.60938e-01
   177  1.74307e+00 -7.16243e-01 -8.5682e-03  0.389    0.00  2.11813e-01 -3.98041e-02  3.21423e-13  3.99070e-05  6.04623e-03  1.60692e-01
   177  1.73981e+00 -7.08320e-01  0.0000e+00  0.500    0.00  2.09898e-01 -3.94603e-02  2.67566e-13 -7.63403e-05  6.03887e-03  1.60445e-01
   177  1.73655e+00 -7.00396e-01  8.5682e-03  0.611    0.00  2.07982e-01 -3.91166e-02  2.13622e-13 -1.92633e-04  6.00662e-03  1.60199e-01
   177  1.73328e+00 -6.92473e-01  1.7136e-02  0.722    0.00  2.06067e-01 -3.87728e-02  1.59765e-13 -3.08972e-04  5.94948e-03  1.59952e-01
   177  1.73002e+00 -6.84550e-01  2.5705e-02  0.833    0.00  2.04152e-01 -3.84290e-02  1.05909e-13 -4.25356e-04  5.86744e-03  1.59706e-01
   177  1.72676e+00 -6.76627e-01  3.4273e-02  0.944    0.00  2.02236e-01 -3.80852e-02  5.19503e-14 -5.41785e-04  5.76052e-03  1.59459e-01
   178  1.82054e+00 -7.12139e-01 -3.4273e-02  0.056    0.00  2.12268e-01 -3.98417e-02  4.70754e-13  1.94678e-04  1.81218e-03  1.61428e-01
   178  1.81728e+00 -7.04216e-01 -2.5705e-02  0.167    0.00  2.10353e-01 -3.94975e-02  4.18411e-13  1.36489e-04  2.40388e-03  1.61357e-01
   178  1.81402e+00 -6.96294e-01 -1.7136e-02  0.278    0.00  2.08438e-01 -3.91532e-02  3.65922e-13  7.82729e-05  2.97868e-03  1.61285e-01
   178  1.81076e+00 -6.88371e-01 -8.5682e-03  0.389    0.00  2.06523e-01 -3.88089e-02  3.13463e-13  2.00293e-05  3.53657e-03  1.61214e-01
   178  1.80749e+00 -6.80449e-01  0.0000e+00  0.500    0.00  2.04608e-01 -3.84647e-02  2.60872e-13 -3.82418e-05  4.07756e-03  1.61143e-01
   178  1.80423e+00 -6.72526e-01  8.5682e-03  0.611    0.00  2.02693e-01 -3.81204e-02  2.08311e-13 -9.65403e-05  4.60164e-03  1.61071e-01
   178  1.80097e+00 -6.64604e-01  1.7136e-02  0.722    0.00  2.00778e-01 -3.77762e-02  1.55793e-13 -1.54866e-04  5.10882e-03  1.61000e-01
   178  1.79770e+00 -6.56681e-01  2.5705e-02  0.833    0.00  1.98863e-01 -3.74319e-02  1.03275e-13 -2.13220e-04  5.59910e-03  1.60929e-01
   178  1.79444e+00 -6.48759e-01  3.4273e-02  0.944    0.00  1.96948e-01 -3.70877e-02  5.07425e-14 -2.71600e-04  6.07246e-03  1.60857e-01
   179  1.88777e+00 -6.84341e-01 -3.4273e-02  0.056    0.00  2.06967e-01 -3.89102e-02  4.58749e-13  1.91141e-04  3.83214e-03  5.07739e-02
   179  1.88448e+00 -6.76427e-01 -2.5705e-02  0.167    0.00  2.05058e-01 -3.85518e-02  4.07643e-13  1.31233e-04  3.96334e-03  4.94699e-02
   179  1.88120e+00 -6.68514e-01 -1.7136e-02  0.278    0.00  2.03149e-01 -3.81935e-02  3.56551e-13  7.14059e-05  4.07702e-03  4.81659e-02
   179  1.87791e+00 -6.60601e-01 -8.5682e-03  0.389    0.00  2.01241e-01 -3.78352e-02  3.05401e-13  1.16595e-05  4.17319e-03  4.68618e-02
   179  1.87463e+00 -6.52688e-01  0.0000e+00  0.500    0.00  1.99332e-01 -3.74768e-02  2.54149e-13 -4.80061e-05  4.25184e-03  4.55578e-02
   179  1.87134e+00 -6.44774e-01  8.5682e-03  0.611    0.00  1.97423e-01 -3.71185e-02  2.02970e-13 -1.07591e-04  4.31298e-03  4.42538e-02
   179  1.86805e+00 -6.36861e-01  1.7136e-02  0.722    0.00  1.95515e-01 -3.67602e-02  1.51762e-13 -1.67095e-04  4.35660e-03  4.29498e-02
   179  1.86477e+00 -6.28948e-01  2.5705e-02  0.833    0.00  1.93606e-01 -3.64018e-02  1.00568e-13 -2.26518e-04  4.38271e-03  4.16458e-02
   179  1.86148e+00 -6.21035e-01  3.4273e-02  0.944    0.00  1.91697e-01 -3.60435e-02  4.93164e-14 -2.85861e-04  4.39130e-03  4.03417e-02
   180  1.95454e+00 -6.56282e-01 -3.4273e-02  0.056    0.00  2.01617e-01 -3.79020e-02  4.46715e-13  3.84837e-04  6.46598e-03  5.05326e-02
   180  1.95118e+00 -6.48397e-01 -2.5705e-02  0.167    0.00  1.99714e-01 -3.75450e-02  3.96933e-13  2.64463e-04  6.53116e-03  4.94129e-02
   180  1.94783e+00 -6.40512e-01 -1.7136e-02  0.278    0.00  1.97810e-01 -3.71880e-02  3.47092e-13  1.44187e-04  6.56929e-03  4.82931e-02
   180  1.94448e+00 -6.32628e-01 -8.5682e-03  0.389    0.00  1.95907e-01 -3.68310e-02  2.97310e-13  2.40095e-05  6.58035e-03  4.71734e-02
   180  1.94112e+00 -6.24743e-01  0.0000e+00  0.500    0.00  1.94003e-01 -3.64741e-02  2.47441e-13 -9.60696e-05  6.56435e-03  4.60537e-02
   180  1.93777e+00 -6.16858e-01  8.5682e-03  0.611    0.00  1.92100e-01 -3.61171e-02  1.97600e-13 -2.16050e-04  6.52129e-03  4.49340e-02
   180  1.93442e+00 -6.08973e-01  1.7136e-02  0.722    0.00  1.90197e-01 -3.57601e-02  1.47767e-13 -3.35933e-04  6.45116e-03  4.38143e-02
   180  1.93106e+00 -6.01088e-01  2.5705e-02  0.833    0.00  1.88293e-01 -3.54032e-02  9.79344e-14 -4.55717e-04  6.35398e-03  4.26946e-02
   180  1.92771e+00 -5.93203e-01  3.4273e-02  0.944    0.00  1.86390e-01 -3.50462e-02  4.79922e-14 -5.75403e-04  6.22973e-03  4.15748e-02
   181  2.02102e+00 -6.27991e-01 -3.4273e-02  0.056    0.00  1.96208e-01 -3.68828e-02  4.34447e-13  3.87106e-04  3.68177e-03  5.02837e-02
   181  2.01767e+00 -6.20107e-01 -2.5705e-02  0.167    0.00  1.94304e-01 -3.65261e-02  3.86004e-13  2.66275e-04  3.71987e-03  4.93395e-02
   181  2.01431e+00 -6.12224e-01 -1.7136e-02  0.278    0.00  1.92401e-01 -3.61694e-02  3.37561e-13  1.45475e-04  3.74259e-03  4.83953e-02
   181  2.01095e+00 -6.04340e-01 -8.5682e-03  0.389    0.00  1.90498e-01 -3.58128e-02  2.89117e-13  2.47076e-05  3.74993e-03  4.74511e-02
   181  2.00760e+00 -5.96457e-01  0.0000e+00  0.500    0.00  1.88595e-01 -3.54561e-02  2.40652e-13 -9.60284e-05  3.74188e-03  4.65069e-02
   181  2.00424e+00 -5.88574e-01  8.5682e-03  0.611    0.00  1.86692e-01 -3.50994e-02  1.92158e-13 -2.16733e-04  3.71845e-03  4.55627e-02
   181  2.00088e+00 -5.80690e-01  1.7136e-02  0.722    0.00  1.84788e-01 -3.47427e-02  1.43657e-13 -3.37405e-04  3.67964e-03  4.46185e-02
   181  1.99753e+00 -5.72807e-01  2.5705e-02  0.833    0.00  1.82885e-01 -3.43861e-02  9.51695e-14 -4.58046e-04  3.62545e-03  4.36743e-02
   181  1.99417e+00 -5.64924e-01  3.4273e-02  0.944    0.00  1.80982e-01 -3.40294e-02  4.66025e-14 -5.78655e-04  3.55587e-03  4.27301e-02
   182  2.08757e+00 -5.99657e-01 -3.4273e-02  0.056    0.00  1.90789e-01 -3.58620e-02  4.22129e-13  3.87483e-04  2.13099e-03  5.03332e-02
   182  2.08421e+00 -5.91773e-01 -2.5705e-02  0.167    0.00  1.88886e-01 -3.55055e-02  3.75119e-13  2.66547e-04  2.14826e-03  4.94876e-02
   182  2.08085e+00 -5.83890e-01 -1.7136e-02  0.278    0.00  1.86983e-01 -3.51491e-02  3.27978e-13  1.45640e-04  2.15675e-03  4.86420e-02
   182  2.07750e+00 -5.76007e-01 -8.5682e-03  0.389    0.00  1.85079e-01 -3.47926e-02  2.80932e-13  2.47622e-05  2.15646e-03  4.77965e-02
   182  2.07414e+00 -5.68123e-01  0.0000e+00  0.500    0.00  1.83176e-01 -3.44362e-02  2.33827e-13 -9.60861e-05  2.14738e-03  4.69509e-02
   182  2.07078e+00 -5.60240e-01  8.5682e-03  0.611    0.00  1.81273e-01 -3.40798e-02  1.86701e-13 -2.16905e-04  2.12952e-03  4.61053e-02
   182  2.06742e+00 -5.52357e-01  1.7136e-02  0.722    0.00  1.79370e-01 -3.37233e-02  1.39597e-13 -3.37694e-04  2.10288e-03  4.52597e-02
   182  2.06407e+00 -5.44473e-01  2.5705e-02  0.833    0.00  1.77466e-01 -3.33669e-02  9.24847e-14 -4.58455e-04  2.06745e-03  4.44142e-02
   182  2.06071e+00 -5.36590e-01  3.4273e-02  0.944    0.00  1.75563e-01 -3.30105e-02  4.52637e-14 -5.79185e-04  2.02324e-03  4.35686e-02
   183  2.15411e+00 -5.71316e-01 -3.4273e-02  0.056    0.00  1.85369e-01 -3.48408e-02  4.09804e-13  3.87702e-04  1.24164e-03  5.05448e-02
   183  2.15075e+00 -5.63433e-01 -2.5705e-02  0.167    0.00  1.83466e-01 -3.44846e-02  3.64154e-13  2.66702e-04  1.24609e-03  4.97539e-02
   183  2.14740e+00 -5.55550e-01 -1.7136e-02  0.278    0.00  1.81563e-01 -3.41285e-02  3.18425e-13  1.45733e-04  1.24557e-03  4.89631e-02
   183  2.14404e+00 -5.47667e-01 -8.5682e-03  0.389    0.00  1.79660e-01 -3.37723e-02  2.72747e-13  2.47951e-05  1.24006e-03  4.81723e-02
   183  2.14068e+00 -5.39784e-01  0.0000e+00  0.500    0.00  1.77756e-01 -3.34161e-02  2.26973e-13 -9.61115e-05  1.22957e-03  4.73814e-02
   183  2.13732e+00 -5.31902e-01  8.5682e-03  0.611    0.00  1.75853e-01 -3.30599e-02  1.81244e-13 -2.16987e-04  1.21410e-03  4.65906e-02
   183  2.13396e+00 -5.24019e-01  1.7136e-02  0.722    0.00  1.73950e-01 -3.27038e-02  1.35522e-13 -3.37832e-04  1.19364e-03  4.57998e-02
   183  2.13061e+00 -5.16136e-01  2.5705e-02  0.833    0.00  1.72047e-01 -3.23476e-02  8.97635e-14 -4.58645e-04  1.16820e-03  4.50090e-02
   183  2.12725e+00 -5.08253e-01  3.4273e-02  0.944    0.00  1.70143e-01 -3.19914e-02  4.40486e-14 -5.79428e-04  1.13778e-03  4.42181e-02
   184  2.22066e+00 -5.42961e-01 -3.4273e-02  0.056    0.00  1.79946e-01 -3.38191e-02  3.97442e-13  3.87824e-04  7.21985e-04  5.08443e-02
   184  2.21730e+00 -5.35079e-01 -2.5705e-02  0.167    0.00  1.78043e-01 -3.34632e-02  3.53190e-13  2.66797e-04  7.18497e-04  5.00828e-02
   184  2.21394e+00 -5.27197e-01 -1.7136e-02  0.278    0.00  1.76140e-01 -3.31072e-02  3.08872e-13  1.45798e-04  7.12254e-04  4.93213e-02
   184  2.21058e+00 -5.19314e-01 -8.5682e-03  0.389    0.00  1.74237e-01 -3.27513e-02  2.64532e-13  2.48280e-05  7.03257e-04  4.85597e-02
   184  2.20722e+00 -5.11432e-01  0.0000e+00  0.500    0.00  1.72333e-01 -3.23954e-02  2.20170e-13 -9.61136e-05  6.91505e-04  4.77982e-02
   184  2.20386e+00 -5.03550e-01  8.5682e-03  0.611    0.00  1.70430e-01 -3.20395e-02  1.75773e-13 -2.17027e-04  6.76998e-04  4.70367e-02
   184  2.20050e+00 -4.95668e-01  1.7136e-02  0.722    0.00  1.68527e-01 -3.16836e-02  1.31389e-13 -3.37911e-04  6.59737e-04  4.62752e-02
   184  2.19714e+00 -4.87786e-01  2.5705e-02  0.833    0.00  1.66624e-01 -3.13277e-02  8.70641e-14 -4.58767e-04  6.39721e-04  4.55136e-02
   184  2.19378e+00 -4.79904e-01  3.4273e-02  0.944    0.00  1.64721e-01 -3.09718e-02  4.26808e-14 -5.79594e-04  6.16950e-04  4.47521e-02
   185  2.28719e+00 -5.14606e-01 -3.4273e-02  0.056    0.00  1.74523e-01 -3.27973e-02  3.85153e-13  3.87820e-04  3.94048e-04  5.11916e-02
   185  2.28383e+00 -5.06723e-01 -2.5705e-02  0.167    0.00  1.72619e-01 -3.24416e-02  3.42246e-13  2.66795e-04  3.86273e-04  5.04441e-02
   185  2.28048e+00 -4.98840e-01 -1.7136e-02  0.278    0.00  1.70716e-01 -3.20859e-02  2.99311e-13  1.45795e-04  3.77138e-04  4.96966e-02
   185  2.27712e+00 -4.90958e-01 -8.5682e-03  0.389    0.00  1.68813e-01 -3.17302e-02  2.56332e-13  2.48201e-05  3.66643e-04  4.89491e-02
   185  2.27376e+00 -4.83075e-01  0.0000e+00  0.500    0.00  1.66909e-01 -3.13745e-02  2.13317e-13 -9.61302e-05  3.54788e-04  4.82015e-02
   185  2.27040e+00 -4.75192e-01  8.5682e-03  0.611    0.00  1.65006e-01 -3.10188e-02  1.70308e-13 -2.17056e-04  3.41573e-04  4.74540e-02
   185  2.26704e+00 -4.67310e-01  1.7136e-02  0.722    0.00  1.63102e-01 -3.06631e-02  1.27300e-13 -3.37957e-04  3.26998e-04  4.67065e-02
   185  2.26368e+00 -4.59427e-01  2.5705e-02  0.833    0.00  1.61199e-01 -3.03074e-02  8.43283e-14 -4.58833e-04  3.11063e-04  4.59590e-02
   185  2.26033e+00 -4.51545e-01  3.4273e-02  0.944    0.00  1.59296e-01 -2.99517e-02  4.13420e-14 -5.79684e-04  2.93768e-04  4.52115e-02
   186  2.35380e+00 -4.86240e-01 -3.4273e-02  0.056    0.00  1.69098e-01 -3.17753e-02  3.72842e-13  3.84784e-04  2.80075e-04  5.15574e-02
   186  2.35044e+00 -4.78356e-01 -2.5705e-02  0.167    0.00  1.67194e-01 -3.14198e-02  3.31311e-13  2.64684e-04  2.63860e-04  5.08155e-02
   186  2.34708e+00 -4.70473e-01 -1.7136e-02  0.278    0.00  1.65291e-01 -3.10643e-02  2.89721e-13  1.44561e-04  2.46884e-04  5.00736e-02
   186  2.34373e+00 -4.62589e-01 -8.5682e-03  0.389    0.00  1.63387e-01 -3.07088e-02  2.48147e-13  2.44142e-05  2.29147e-04  4.93317e-02
   186  2.34037e+00 -4.54706e-01  0.0000e+00  0.500    0.00  1.61484e-01 -3.03533e-02  2.06492e-13 -9.57550e-05  2.10649e-04  4.85898e-02
   186  2.33702e+00 -4.46822e-01  8.5682e-03  0.611    0.00  1.59580e-01 -2.99978e-02  1.64880e-13 -2.15947e-04  1.91391e-04  4.78478e-02
   186  2.33366e+00 -4.38939e-01  1.7136e-02  0.722    0.00  1.57676e-01 -2.96423e-02  1.23240e-13 -3.36162e-04  1.71372e-04  4.71059e-02
   186  2.33030e+00 -4.31055e-01  2.5705e-02  0.833    0.00  1.55773e-01 -2.92868e-02  8.15926e-14 -4.56400e-04  1.50593e-04  4.63640e-02
   186  2.32695e+00 -4.23172e-01  3.4273e-02  0.944    0.00  1.53869e-01 -2.89313e-02  3.99232e-14 -5.76661e-04  1.29053e-04  4.56221e-02
   187  2.42040e+00 -4.58149e-01 -3.4273e-02  0.056    0.00  1.63738e-01 -3.07653e-02  3.60727e-13  3.77766e-04  2.05561e-04  5.19244e-02
   187  2.41710e+00 -4.50243e-01 -2.5705e-02  0.167    0.00  1.61830e-01 -3.04092e-02  3.20506e-13  2.59641e-04  1.97134e-04  5.11848e-02
   187  2.41379e+00 -4.42337e-01 -1.7136e-02  0.278    0.00  1.59922e-01 -3.00532e-02  2.80226e-13  1.41458e-04  1.88122e-04  5.04452e-02
   187  2.41049e+00 -4.34431e-01 -8.5682e-03  0.389    0.00  1.58014e-01 -2.96971e-02  2.39976e-13  2.32155e-05  1.78524e-04  4.97056e-02
   187  2.40719e+00 -4.26525e-01  0.0000e+00  0.500    0.00  1.56106e-01 -2.93410e-02  1.99718e-13 -9.50854e-05  1.68340e-04  4.89660e-02
   187  2.40389e+00 -4.18620e-01  8.5682e-03  0.611    0.00  1.54198e-01 -2.89849e-02  1.59460e-13 -2.13445e-04  1.57570e-04  4.82265e-02
   187  2.40058e+00 -4.10714e-01  1.7136e-02  0.722    0.00  1.52290e-01 -2.86288e-02  1.19180e-13 -3.31863e-04  1.46214e-04  4.74869e-02
   187  2.39728e+00 -4.02808e-01  2.5705e-02  0.833    0.00  1.50382e-01 -2.82727e-02  7.89441e-14 -4.50340e-04  1.34273e-04  4.67473e-02
   187  2.39398e+00 -3.94902e-01  3.4273e-02  0.944    0.00  1.48474e-01 -2.79166e-02  3.86208e-14 -5.68875e-04  1.21745e-04  4.60077e-02
   188  2.48720e+00 -4.30463e-01 -3.4273e-02  0.056    0.00  1.58475e-01 -2.97736e-02  3.48751e-13  3.72306e-04  8.72030e-05  5.22931e-02
   188  2.48395e+00 -4.22538e-01 -2.5705e-02  0.167    0.00  1.56564e-01 -2.94171e-02  3.09832e-13  2.55530e-04  8.25878e-05  5.15533e-02
   188  2.48069e+00 -4.14613e-01 -1.7136e-02  0.278    0.00  1.54652e-01 -2.90607e-02  2.70913e-13  1.38746e-04  7.78033e-05  5.08136e-02
   188  2.47743e+00 -4.06689e-01 -8.5682e-03  0.389    0.00  1.52740e-01 -2.87042e-02  2.32016e-13  2.19546e-05  7.28495e-05  5.00738e-02
   188  2.47417e+00 -3.98764e-01  0.0000e+00  0.500    0.00  1.50829e-01 -2.83477e-02  1.93075e-13 -9.48441e-05  6.77265e-05  4.93341e-02
   188  2.47091e+00 -3.90839e-01  8.5682e-03  0.611    0.00  1.48917e-01 -2.79912e-02  1.54148e-13 -2.11650e-04  6.24342e-05  4.85943e-02
   188  2.46766e+00 -3.82915e-01  1.7136e-02  0.722    0.00  1.47006e-01 -2.76347e-02  1.15200e-13 -3.28464e-04  5.69727e-05  4.78545e-02
   188  2.46440e+00 -3.74990e-01  2.5705e-02  0.833    0.00  1.45094e-01 -2.72782e-02  7.62957e-14 -4.45284e-04  5.13418e-05  4.71148e-02
   188  2.46114e+00 -3.67065e-01  3.4273e-02  0.944    0.00  1.43182e-01 -2.69217e-02  3.73402e-14 -5.62113e-04  4.55417e-05  4.63750e-02
   189  2.55417e+00 -4.02950e-01 -3.4273e-02  0.056    0.00  1.53256e-01 -2.87900e-02  3.36840e-13  3.70016e-04 -4.57790e-05  5.26665e-02
   189  2.55092e+00 -3.95024e-01 -2.5705e-02  0.167    0.00  1.51345e-01 -2.84338e-02  2.99318e-13  2.53778e-04 -6.05555e-05  5.19218e-02
   189  2.54766e+00 -3.87097e-01 -1.7136e-02  0.278    0.00  1.49433e-01 -2.80776e-02  2.61731e-13  1.37560e-04 -7.47971e-05  5.11772e-02
   189  2.54441e+00 -3.79171e-01 -8.5682e-03  0.389    0.00  1.47521e-01 -2.77213e-02  2.24136e-13  2.13632e-05 -8.85038e-05  5.04325e-02
   189  2.54115e+00 -3.71245e-01  0.0000e+00  0.500    0.00  1.45609e-01 -2.73651e-02  1.86519e-13 -9.48132e-05 -1.01676e-04  4.96878e-02
   189  2.53790e+00 -3.63319e-01  8.5682e-03  0.611    0.00  1.43697e-01 -2.70089e-02  1.48881e-13 -2.10969e-04 -1.14312e-04  4.89431e-02
   189  2.53465e+00 -3.55393e-01  1.7136e-02  0.722    0.00  1.41785e-01 -2.66527e-02  1.11242e-13 -3.27104e-04 -1.26414e-04  4.81984e-02
   189  2.53139e+00 -3.47467e-01  2.5705e-02  0.833    0.00  1.39873e-01 -2.62965e-02  7.36763e-14 -4.43219e-04 -1.37981e-04  4.74537e-02
   189  2.52814e+00 -3.39540e-01  3.4273e-02  0.944    0.00  1.37961e-01 -2.59403e-02  3.60669e-14 -5.59313e-04 -1.49013e-04  4.67091e-02
   190  2.62125e+00 -3.75497e-01 -3.4273e-02  0.056    0.00  1.48054e-01 -2.78093e-02  3.24959e-13  3.60380e-04  7.15356e-05  5.30276e-02
   190  2.61801e+00 -3.67564e-01 -2.5705e-02  0.167    0.00  1.46140e-01 -2.74532e-02  2.88783e-13  2.47028e-04  4.12695e-05  5.22759e-02
   190  2.61478e+00 -3.59630e-01 -1.7136e-02  0.278    0.00  1.44227e-01 -2.70970e-02  2.52519e-13  1.33576e-04  1.13199e-05  5.15243e-02
   190  2.61154e+00 -3.51697e-01 -8.5682e-03  0.389    0.00  1.42313e-01 -2.67409e-02  2.16263e-13  2.00236e-05 -1.83134e-05  5.07726e-02
   190  2.60830e+00 -3.43764e-01  0.0000e+00  0.500    0.00  1.40400e-01 -2.63848e-02  1.79942e-13 -9.36292e-05 -4.76302e-05  5.00209e-02
   190  2.60507e+00 -3.35830e-01  8.5682e-03  0.611    0.00  1.38487e-01 -2.60286e-02  1.43649e-13 -2.07382e-04 -7.66306e-05  4.92693e-02
   190  2.60183e+00 -3.27897e-01  1.7136e-02  0.722    0.00  1.36573e-01 -2.56725e-02  1.07342e-13 -3.21235e-04 -1.05315e-04  4.85176e-02
   190  2.59859e+00 -3.19963e-01  2.5705e-02  0.833    0.00  1.34660e-01 -2.53163e-02  7.10570e-14 -4.35189e-04 -1.33682e-04  4.77659e-02
   190  2.59536e+00 -3.12030e-01  3.4273e-02  0.944    0.00  1.32746e-01 -2.49602e-02  3.47936e-14 -5.49242e-04 -1.61733e-04  4.70142e-02
   191  2.68828e+00 -3.48867e-01 -3.4273e-02  0.056    0.00  1.43043e-01 -2.68646e-02  3.13506e-13  3.45083e-04  1.30803e-04  5.33657e-02
   191  2.68519e+00 -3.40876e-01 -2.5705e-02  0.167    0.00  1.41118e-01 -2.65066e-02  2.78604e-13  2.35890e-04  1.38506e-04  5.26115e-02
   191  2.68210e+00 -3.32884e-01 -1.7136e-02  0.278    0.00  1.39194e-01 -2.61487e-02  2.43628e-13  1.26583e-04  1.45666e-04  5.18574e-02
   191  2.67901e+00 -3.24892e-01 -8.5682e-03  0.389    0.00  1.37269e-01 -2.57908e-02  2.08653e-13  1.71620e-05  1.52284e-04  5.11033e-02
   191  2.67592e+00 -3.16901e-01  0.0000e+00  0.500    0.00  1.35345e-01 -2.54329e-02  1.73612e-13 -9.23725e-05  1.58359e-04  5.03492e-02
   191  2.67283e+00 -3.08909e-01  8.5682e-03  0.611    0.00  1.33420e-01 -2.50750e-02  1.38571e-13 -2.02021e-04  1.63892e-04  4.95951e-02
   191  2.66974e+00 -3.00917e-01  1.7136e-02  0.722    0.00  1.31496e-01 -2.47171e-02  1.03537e-13 -3.11783e-04  1.68883e-04  4.88410e-02
   191  2.66665e+00 -2.92926e-01  2.5705e-02  0.833    0.00  1.29571e-01 -2.43592e-02  6.85322e-14 -4.21658e-04  1.73331e-04  4.80869e-02
   191  2.66356e+00 -2.84934e-01  3.4273e-02  0.944    0.00  1.27647e-01 -2.40013e-02  3.34912e-14 -5.31647e-04  1.77237e-04  4.73328e-02
   192  2.75591e+00 -3.22946e-01 -3.4273e-02  0.056    0.00  1.38208e-01 -2.59525e-02  3.02600e-13  3.36763e-04  1.19039e-04  5.36893e-02
   192  2.75287e+00 -3.14937e-01 -2.5705e-02  0.167    0.00  1.36280e-01 -2.55944e-02  2.68854e-13  2.29491e-04  1.16962e-04  5.29355e-02
   192  2.74982e+00 -3.06927e-01 -1.7136e-02  0.278    0.00  1.34352e-01 -2.52364e-02  2.35079e-13  1.22238e-04  1.14552e-04  5.21817e-02
   192  2.74678e+00 -2.98917e-01 -8.5682e-03  0.389    0.00  1.32424e-01 -2.48783e-02  2.01311e-13  1.50025e-05  1.11809e-04  5.14279e-02
   192  2.74374e+00 -2.90908e-01  0.0000e+00  0.500    0.00  1.30496e-01 -2.45202e-02  1.67507e-13 -9.22152e-05  1.08732e-04  5.06741e-02
   192  2.74069e+00 -2.82898e-01  8.5682e-03  0.611    0.00  1.28568e-01 -2.41622e-02  1.33703e-13 -1.99415e-04  1.05322e-04  4.99203e-02
   192  2.73765e+00 -2.74888e-01  1.7136e-02  0.722    0.00  1.26640e-01 -2.38041e-02  9.98916e-14 -3.06597e-04  1.01579e-04  4.91665e-02
   192  2.73461e+00 -2.66879e-01  2.5705e-02  0.833    0.00  1.24712e-01 -2.34460e-02  6.61021e-14 -4.13761e-04  9.75017e-05  4.84127e-02
   192  2.73156e+00 -2.58869e-01  3.4273e-02  0.944    0.00  1.22784e-01 -2.30879e-02  3.22907e-14 -5.20908e-04  9.30914e-05  4.76588e-02
   193  2.82368e+00 -2.97225e-01 -3.4273e-02  0.056    0.00  1.33423e-01 -2.50496e-02  2.91810e-13  3.30061e-04 -5.40702e-05  5.40122e-02
   193  2.82064e+00 -2.89213e-01 -2.5705e-02  0.167    0.00  1.31494e-01 -2.46920e-02  2.59206e-13  2.24668e-04 -8.05489e-05  5.32531e-02
   193  2.81760e+00 -2.81201e-01 -1.7136e-02  0.278    0.00  1.29566e-01 -2.43343e-02  2.26624e-13  1.19261e-04 -1.06262e-04  5.24941e-02
   193  2.81457e+00 -2.73190e-01 -8.5682e-03  0.389    0.00  1.27637e-01 -2.39767e-02  1.94050e-13  1.38392e-05 -1.31209e-04  5.17350e-02
   193  2.81153e+00 -2.65178e-01  0.0000e+00  0.500    0.00  1.25708e-01 -2.36191e-02  1.61461e-13 -9.15962e-05 -1.55391e-04  5.09760e-02
   193  2.80849e+00 -2.57166e-01  8.5682e-03  0.611    0.00  1.23780e-01 -2.32615e-02  1.28872e-13 -1.97046e-04 -1.78806e-04  5.02169e-02
   193  2.80545e+00 -2.49155e-01  1.7136e-02  0.722    0.00  1.21851e-01 -2.29039e-02  9.62827e-14 -3.02509e-04 -2.01456e-04  4.94579e-02
   193  2.80241e+00 -2.41143e-01  2.5705e-02  0.833    0.00  1.19923e-01 -2.25463e-02  6.37447e-14 -4.07986e-04 -2.23341e-04  4.86988e-02
   193  2.79938e+00 -2.33131e-01  3.4273e-02  0.944    0.00  1.17994e-01 -2.21887e-02  3.11338e-14 -5.13478e-04 -2.44459e-04  4.79398e-02
   194  2.89153e+00 -2.71946e-01 -3.4273e-02  0.056    0.00  1.28742e-01 -2.41663e-02  2.81107e-13  3.10935e-04  5.15326e-05  5.43282e-02
   194  2.88859e+00 -2.63900e-01 -2.5705e-02  0.167    0.00  1.26807e-01 -2.38080e-02  2.49733e-13  2.11057e-04  2.32049e-05  5.35609e-02
   194  2.88564e+00 -2.55854e-01 -1.7136e-02  0.278    0.00  1.24872e-01 -2.34497e-02  2.18330e-13  1.11022e-04 -4.75129e-06  5.27936e-02
   194  2.88270e+00 -2.47808e-01 -8.5682e-03  0.389    0.00  1.22937e-01 -2.30914e-02  1.86978e-13  1.08308e-05 -3.23361e-05  5.20263e-02
   194  2.87975e+00 -2.39761e-01  0.0000e+00  0.500    0.00  1.21002e-01 -2.27331e-02  1.55575e-13 -8.95171e-05 -5.95494e-05  5.12590e-02
   194  2.87681e+00 -2.31715e-01  8.5682e-03  0.611    0.00  1.19067e-01 -2.23748e-02  1.24157e-13 -1.90022e-04 -8.63912e-05  5.04917e-02
   194  2.87386e+00 -2.23669e-01  1.7136e-02  0.722    0.00  1.17132e-01 -2.20165e-02  9.27685e-14 -2.90683e-04 -1.12862e-04  4.97244e-02
   194  2.87092e+00 -2.15623e-01  2.5705e-02  0.833    0.00  1.15196e-01 -2.16582e-02  6.13509e-14 -3.91501e-04 -1.38961e-04  4.89571e-02
   194  2.86797e+00 -2.07576e-01  3.4273e-02  0.944    0.00  1.13261e-01 -2.12999e-02  2.98896e-14 -4.92475e-04 -1.64688e-04  4.81898e-02
   195  2.95951e+00 -2.48064e-01 -3.4273e-02  0.056    0.00  1.24391e-01 -2.33444e-02  2.71095e-13  2.90214e-04  2.07731e-04  5.46178e-02
   195  2.95677e+00 -2.39944e-01 -2.5705e-02  0.167    0.00  1.22442e-01 -2.29842e-02  2.40863e-13  1.95736e-04  2.36642e-04  5.38506e-02
   195  2.95404e+00 -2.31824e-01 -1.7136e-02  0.278    0.00  1.20493e-01 -2.26239e-02  2.10595e-13  1.01185e-04  2.64359e-04  5.30833e-02
   195  2.95131e+00 -2.23703e-01 -8.5682e-03  0.389    0.00  1.18544e-01 -2.22636e-02  1.80327e-13  6.56108e-06  2.90882e-04  5.23161e-02
   195  2.94857e+00 -2.15583e-01  0.0000e+00  0.500    0.00  1.16596e-01 -2.19033e-02  1.50030e-13 -8.81363e-05  3.16212e-04  5.15488e-02
   195  2.94584e+00 -2.07463e-01  8.5682e-03  0.611    0.00  1.14647e-01 -2.15430e-02  1.19740e-13 -1.82907e-04  3.40347e-04  5.07815e-02
   195  2.94310e+00 -1.99343e-01  1.7136e-02  0.722    0.00  1.12698e-01 -2.11828e-02  8.94433e-14 -2.77751e-04  3.63289e-04  5.00143e-02
   195  2.94037e+00 -1.91223e-01  2.5705e-02  0.833    0.00  1.10749e-01 -2.08225e-02  5.91608e-14 -3.72667e-04  3.85037e-04  4.92470e-02
   195  2.93763e+00 -1.83103e-01  3.4273e-02  0.944    0.00  1.08800e-01 -2.04622e-02  2.88419e-14 -4.67658e-04  4.05590e-04  4.84797e-02
   196  3.02830e+00 -2.24936e-01 -3.4273e-02  0.056    0.00  1.20230e-01 -2.25579e-02  2.61694e-13  2.83100e-04  3.40846e-04  5.48763e-02
   196  3.02557e+00 -2.16813e-01 -2.5705e-02  0.167    0.00  1.18281e-01 -2.21983e-02  2.32474e-13  1.90130e-04  3.39334e-04  5.41159e-02
   196  3.02285e+00 -2.08690e-01 -1.7136e-02  0.278    0.00  1.16331e-01 -2.18388e-02  2.03247e-13  9.72455e-05  3.36590e-04  5.33554e-02
   196  3.02012e+00 -2.00567e-01 -8.5682e-03  0.389    0.00  1.14382e-01 -2.14792e-02  1.74034e-13  4.44769e-06  3.32614e-04  5.25950e-02
   196  3.01739e+00 -1.92444e-01  0.0000e+00  0.500    0.00  1.12432e-01 -2.11197e-02  1.44799e-13 -8.82638e-05  3.27406e-04  5.18346e-02
   196  3.01467e+00 -1.84322e-01  8.5682e-03  0.611    0.00  1.10482e-01 -2.07601e-02  1.15564e-13 -1.80889e-04  3.20966e-04  5.10741e-02
   196  3.01194e+00 -1.76199e-01  1.7136e-02  0.722    0.00  1.08533e-01 -2.04006e-02  8.63001e-14 -2.73428e-04  3.13294e-04  5.03137e-02
   196  3.00921e+00 -1.68076e-01  2.5705e-02  0.833    0.00  1.06583e-01 -2.00410e-02  5.70726e-14 -3.65880e-04  3.04391e-04  4.95533e-02
   196  3.00649e+00 -1.59953e-01  3.4273e-02  0.944    0.00  1.04634e-01 -1.96815e-02  2.78014e-14 -4.58247e-04  2.94255e-04  4.87928e-02
   197  3.09723e+00 -2.01837e-01 -3.4273e-02  0.056    0.00  1.16079e-01 -2.17731e-02  2.52207e-13  2.65301e-04  2.39057e-04  5.51177e-02
   197  3.09452e+00 -1.93712e-01 -2.5705e-02  0.167    0.00  1.14129e-01 -2.14143e-02  2.24085e-13  1.77643e-04  1.81410e-04  5.43586e-02
   197  3.09180e+00 -1.85586e-01 -1.7136e-02  0.278    0.00  1.12178e-01 -2.10555e-02  1.95912e-13  8.98781e-05  1.23861e-04  5.35994e-02
   197  3.08908e+00 -1.77461e-01 -8.5682e-03  0.389    0.00  1.10228e-01 -2.06966e-02  1.67754e-13  2.00793e-06  6.64112e-05  5.28403e-02
   197  3.08636e+00 -1.69335e-01  0.0000e+00  0.500    0.00  1.08278e-01 -2.03378e-02  1.39567e-13 -8.59680e-05  9.06018e-06  5.20812e-02
   197  3.08364e+00 -1.61209e-01  8.5682e-03  0.611    0.00  1.06328e-01 -1.99790e-02  1.11373e-13 -1.74050e-04 -4.81920e-05  5.13221e-02
   197  3.08092e+00 -1.53084e-01  1.7136e-02  0.722    0.00  1.04377e-01 -1.96202e-02  8.31715e-14 -2.62237e-04 -1.05345e-04  5.05630e-02
   197  3.07821e+00 -1.44958e-01  2.5705e-02  0.833    0.00  1.02427e-01 -1.92613e-02  5.49844e-14 -3.50530e-04 -1.62400e-04  4.98039e-02
   197  3.07549e+00 -1.36832e-01  3.4273e-02  0.944    0.00  1.00477e-01 -1.89025e-02  2.68192e-14 -4.38929e-04 -2.19356e-04  4.90448e-02
   198  3.16575e+00 -1.80398e-01 -3.4273e-02  0.056    0.00  1.12308e-01 -2.10595e-02  2.43570e-13  2.36468e-04 -3.05368e-04  5.53998e-02
   198  3.16335e+00 -1.72172e-01 -2.5705e-02  0.167    0.00  1.10340e-01 -2.06981e-02  2.16380e-13  1.56616e-04 -2.78124e-04  5.46329e-02
   198  3.16095e+00 -1.63947e-01 -1.7136e-02  0.278    0.00  1.08372e-01 -2.03368e-02  1.89182e-13  7.66576e-05 -2.49973e-04  5.38660e-02
   198  3.15855e+00 -1.55721e-01 -8.5682e-03  0.389    0.00  1.06404e-01 -1.99754e-02  1.61977e-13 -3.40797e-06 -2.20914e-04  5.30991e-02
   198  3.15615e+00 -1.47495e-01  0.0000e+00  0.500    0.00  1.04436e-01 -1.96141e-02  1.34743e-13 -8.35805e-05 -1.90946e-04  5.23322e-02
   198  3.15375e+00 -1.39270e-01  8.5682e-03  0.611    0.00  1.02467e-01 -1.92527e-02  1.07510e-13 -1.63860e-04 -1.60071e-04  5.15653e-02
   198  3.15136e+00 -1.31044e-01  1.7136e-02  0.722    0.00  1.00499e-01 -1.88913e-02  8.02975e-14 -2.44247e-04 -1.28287e-04  5.07984e-02
   198  3.14896e+00 -1.22818e-01  2.5705e-02  0.833    0.00  9.85312e-02 -1.85300e-02  5.30781e-14 -3.24740e-04 -9.55955e-05  5.00315e-02
   198  3.14656e+00 -1.14593e-01  3.4273e-02  0.944    0.00  9.65631e-02 -1.81686e-02  2.58296e-14 -4.05341e-04 -6.19959e-05  4.92646e-02
   199  3.23554e+00 -1.60249e-01 -3.4273e-02  0.056    0.00  1.08862e-01 -2.04061e-02  2.35777e-13  2.21921e-04 -3.11824e-04  5.57153e-02
   199  3.23319e+00 -1.52010e-01 -2.5705e-02  0.167    0.00  1.06891e-01 -2.00454e-02  2.09431e-13  1.45468e-04 -3.18406e-04  5.49347e-02
   199  3.23083e+00 -1.43772e-01 -1.7136e-02  0.278    0.00  1.04921e-01 -1.96848e-02  1.83092e-13  6.91158e-05 -3.23499e-04  5.41541e-02
   199  3.22848e+00 -1.35533e-01 -8.5682e-03  0.389    0.00  1.02950e-01 -1.93242e-02  1.56768e-13 -7.13572e-06 -3.27104e-04  5.33735e-02
   199  3.22612e+00 -1.27295e-01  0.0000e+00  0.500    0.00  1.00979e-01 -1.89635e-02  1.30400e-13 -8.32865e-05 -3.29219e-04  5.25930e-02
   199  3.22377e+00 -1.19056e-01  8.5682e-03  0.611    0.00  9.90087e-02 -1.86029e-02  1.04046e-13 -1.59337e-04 -3.29846e-04  5.18124e-02
   199  3.22142e+00 -1.10818e-01  1.7136e-02  0.722    0.00  9.70381e-02 -1.82422e-02  7.76854e-14 -2.35286e-04 -3.28984e-04  5.10318e-02
   199  3.21906e+00 -1.02580e-01  2.5705e-02  0.833    0.00  9.50674e-02 -1.78816e-02  5.13355e-14 -3.11134e-04 -3.26633e-04  5.02512e-02
   199  3.21671e+00 -9.43411e-02  3.4273e-02  0.944    0.00  9.30967e-02 -1.75209e-02  2.49238e-14 -3.86882e-04 -3.22793e-04  4.94707e-02
   200  3.30541e+00 -1.40368e-01 -3.4273e-02  0.056    0.00  1.05480e-01 -1.97646e-02  2.28021e-13  2.06057e-04 -5.24877e-05  5.59990e-02
   200  3.30307e+00 -1.32124e-01 -2.5705e-02  0.167    0.00  1.03508e-01 -1.94050e-02  2.02592e-13  1.34177e-04 -9.78273e-05  5.52041e-02
   200  3.30074e+00 -1.23880e-01 -1.7136e-02  0.278    0.00  1.01536e-01 -1.90453e-02  1.77126e-13  6.22996e-05 -1.42089e-04  5.44091e-02
   200  3.29840e+00 -1.15637e-01 -8.5682e-03  0.389    0.00  9.95644e-02 -1.86857e-02  1.51646e-13 -9.57416e-06 -1.85273e-04  5.36142e-02
   200  3.29607e+00 -1.07393e-01  0.0000e+00  0.500    0.00  9.75925e-02 -1.83260e-02  1.26158e-13 -8.14447e-05 -2.27379e-04  5.28192e-02
   200  3.29373e+00 -9.91493e-02  8.5682e-03  0.611    0.00  9.56205e-02 -1.79664e-02  1.00645e-13 -1.53312e-04 -2.68408e-04  5.20243e-02
   200  3.29139e+00 -9.09056e-02  1.7136e-02  0.722    0.00  9.36486e-02 -1.76067e-02  7.51425e-14 -2.25176e-04 -3.08358e-04  5.12293e-02
   200  3.28906e+00 -8.26619e-02  2.5705e-02  0.833    0.00  9.16766e-02 -1.72471e-02  4.96439e-14 -2.97037e-04 -3.47231e-04  5.04344e-02
   200  3.28672e+00 -7.44183e-02  3.4273e-02  0.944    0.00  8.97047e-02 -1.68874e-02  2.41016e-14 -3.68895e-04 -3.85026e-04  4.96394e-02
   201  3.37502e+00 -1.21789e-01 -3.4273e-02  0.056    0.00  1.02398e-01 -1.91792e-02  2.21014e-13  1.77445e-04 -1.50476e-06  5.62547e-02
   201  3.37294e+00 -1.13478e-01 -2.5705e-02  0.167    0.00  1.00415e-01 -1.88186e-02  1.96320e-13  1.13431e-04  8.48859e-06  5.54518e-02
   201  3.37086e+00 -1.05167e-01 -1.7136e-02  0.278    0.00  9.84311e-02 -1.84580e-02  1.71625e-13  4.93819e-05  1.84497e-05  5.46488e-02
   201  3.36878e+00 -9.68555e-02 -8.5682e-03  0.389    0.00  9.64476e-02 -1.80974e-02  1.46938e-13 -1.47028e-05  2.83784e-05  5.38459e-02
   201  3.36669e+00 -8.85443e-02  0.0000e+00  0.500    0.00  9.44641e-02 -1.77368e-02  1.22225e-13 -7.88228e-05  3.82749e-05  5.30430e-02
   201  3.36461e+00 -8.02331e-02  8.5682e-03  0.611    0.00  9.24806e-02 -1.73762e-02  9.74978e-14 -1.42978e-04  4.81392e-05  5.22400e-02
   201  3.36253e+00 -7.19219e-02  1.7136e-02  0.722    0.00  9.04970e-02 -1.70156e-02  7.27923e-14 -2.07169e-04  5.79711e-05  5.14371e-02
   201  3.36044e+00 -6.36107e-02  2.5705e-02  0.833    0.00  8.85135e-02 -1.66551e-02  4.80904e-14 -2.71395e-04  6.77708e-05  5.06342e-02
   201  3.35836e+00 -5.52995e-02  3.4273e-02  0.944    0.00  8.65300e-02 -1.62945e-02  2.33704e-14 -3.35657e-04  7.75382e-05  4.98312e-02
   202  3.44537e+00 -1.04826e-01 -3.4273e-02  0.056    0.00  9.97069e-02 -1.86665e-02  2.14844e-13  1.56471e-04 -2.55675e-04  5.65210e-02
   202  3.44343e+00 -9.64786e-02 -2.5705e-02  0.167    0.00  9.77173e-02 -1.83063e-02  1.90870e-13  9.77562e-05 -2.43950e-04  5.57105e-02
   202  3.44150e+00 -8.81315e-02 -1.7136e-02  0.278    0.00  9.57276e-02 -1.79460e-02  1.66852e-13  3.91481e-05 -2.31259e-04  5.49001e-02
   202  3.43956e+00 -7.97844e-02 -8.5682e-03  0.389    0.00  9.37379e-02 -1.75857e-02  1.42845e-13 -1.93532e-05 -2.17603e-04  5.40897e-02
   202  3.43763e+00 -7.14372e-02  0.0000e+00  0.500    0.00  9.17482e-02 -1.72255e-02  1.18820e-13 -7.77475e-05 -2.02980e-04  5.32793e-02
   202  3.43570e+00 -6.30901e-02  8.5682e-03  0.611    0.00  8.97585e-02 -1.68652e-02  9.47693e-14 -1.36035e-04 -1.87391e-04  5.24688e-02
   202  3.43376e+00 -5.47429e-02  1.7136e-02  0.722    0.00  8.77689e-02 -1.65050e-02  7.07405e-14 -1.94216e-04 -1.70836e-04  5.16584e-02
   202  3.43183e+00 -4.63958e-02  2.5705e-02  0.833    0.00  8.57792e-02 -1.61447e-02  4.67298e-14 -2.52289e-04 -1.53315e-04  5.08480e-02
   202  3.42989e+00 -3.80487e-02  3.4273e-02  0.944    0.00  8.37895e-02 -1.57845e-02  2.26719e-14 -3.10256e-04 -1.34828e-04  5.00376e-02
   203  3.51633e+00 -8.84283e-02 -3.4273e-02  0.056    0.00  9.71593e-02 -1.81805e-02  2.09016e-13  1.35831e-04 -7.11205e-04  5.68278e-02
   203  3.51441e+00 -8.00789e-02 -2.5705e-02  0.167    0.00  9.51688e-02 -1.78217e-02  1.85730e-13  8.28343e-05 -7.81686e-04  5.59921e-02
   203  3.51248e+00 -7.17295e-02 -1.7136e-02  0.278    0.00  9.31783e-02 -1.74630e-02  1.62359e-13  2.99106e-05 -8.48016e-04  5.51563e-02
   203  3.51056e+00 -6.33801e-02 -8.5682e-03  0.389    0.00  9.11877e-02 -1.71042e-02  1.39007e-13 -2.29402e-05 -9.10196e-04  5.43206e-02
   203  3.50864e+00 -5.50307e-02  0.0000e+00  0.500    0.00  8.91972e-02 -1.67454e-02  1.15611e-13 -7.57180e-05 -9.68225e-04  5.34848e-02
   203  3.50671e+00 -4.66812e-02  8.5682e-03  0.611    0.00  8.72067e-02 -1.63866e-02  9.22191e-14 -1.28423e-04 -1.02210e-03  5.26491e-02
   203  3.50479e+00 -3.83318e-02  1.7136e-02  0.722    0.00  8.52162e-02 -1.60278e-02  6.88342e-14 -1.81055e-04 -1.07183e-03  5.18133e-02
   203  3.50286e+00 -2.99824e-02  2.5705e-02  0.833    0.00  8.32256e-02 -1.56691e-02  4.54565e-14 -2.33613e-04 -1.11741e-03  5.09776e-02
   203  3.50094e+00 -2.16330e-02  3.4273e-02  0.944    0.00  8.12351e-02 -1.53103e-02  2.20389e-14 -2.86099e-04 -1.15883e-03  5.01418e-02
   204  3.58676e+00 -7.35571e-02 -3.4273e-02  0.056    0.00  9.49588e-02 -1.77593e-02  2.04051e-13  1.01844e-04 -1.68601e-03  5.72342e-02
   204  3.58515e+00 -6.51427e-02 -2.5705e-02  0.167    0.00  9.29582e-02 -1.74003e-02  1.81259e-13  5.81896e-05 -1.70140e-03  5.63464e-02
   204  3.58353e+00 -5.67283e-02 -1.7136e-02  0.278    0.00  9.09575e-02 -1.70413e-02  1.58430e-13  1.45804e-05 -1.70962e-03  5.54586e-02
   204  3.58191e+00 -4.83140e-02 -8.5682e-03  0.389    0.00  8.89569e-02 -1.66823e-02  1.35635e-13 -2.89832e-05 -1.71065e-03  5.45708e-02
   204  3.58030e+00 -3.98996e-02  0.0000e+00  0.500    0.00  8.69562e-02 -1.63232e-02  1.12803e-13 -7.25013e-05 -1.70449e-03  5.36830e-02
   204  3.57868e+00 -3.14852e-02  8.5682e-03  0.611    0.00  8.49556e-02 -1.59642e-02  8.99672e-14 -1.15974e-04 -1.69115e-03  5.27952e-02
   204  3.57706e+00 -2.30709e-02  1.7136e-02  0.722    0.00  8.29549e-02 -1.56052e-02  6.71680e-14 -1.59401e-04 -1.67063e-03  5.19074e-02
   204  3.57545e+00 -1.46565e-02  2.5705e-02  0.833    0.00  8.09543e-02 -1.52462e-02  4.43506e-14 -2.02782e-04 -1.64293e-03  5.10196e-02
   204  3.57383e+00 -6.24215e-03  3.4273e-02  0.944    0.00  7.89536e-02 -1.48872e-02  2.15223e-14 -2.46118e-04 -1.60804e-03  5.01318e-02
   205  3.65797e+00 -6.06790e-02 -3.4273e-02  0.056    0.00  9.32384e-02 -1.74275e-02  2.00118e-13  7.53028e-05 -2.69869e-03  5.77836e-02
   205  3.65654e+00 -5.22313e-02 -2.5705e-02  0.167    0.00  9.12327e-02 -1.70695e-02  1.77759e-13  3.84816e-05 -2.71363e-03  5.68136e-02
   205  3.65511e+00 -4.37837e-02 -1.7136e-02  0.278    0.00  8.92270e-02 -1.67115e-02  1.55393e-13  1.83324e-06 -2.71730e-03  5.58436e-02
   205  3.65367e+00 -3.53360e-02 -8.5682e-03  0.389    0.00  8.72213e-02 -1.63535e-02  1.33012e-13 -3.46422e-05 -2.70971e-03  5.48736e-02
   205  3.65224e+00 -2.68883e-02  0.0000e+00  0.500    0.00  8.52156e-02 -1.59955e-02  1.10624e-13 -7.09446e-05 -2.69085e-03  5.39036e-02
   205  3.65081e+00 -1.84407e-02  8.5682e-03  0.611    0.00  8.32099e-02 -1.56375e-02  8.82246e-14 -1.07074e-04 -2.66074e-03  5.29336e-02
   205  3.64938e+00 -9.99299e-03  1.7136e-02  0.722    0.00  8.12042e-02 -1.52795e-02  6.58401e-14 -1.43031e-04 -2.61936e-03  5.19636e-02
   205  3.64794e+00 -1.54532e-03  2.5705e-02  0.833    0.00  7.91985e-02 -1.49215e-02  4.34920e-14 -1.78815e-04 -2.56672e-03  5.09936e-02
   205  3.64651e+00  6.90235e-03  3.4273e-02  0.944    0.00  7.71928e-02 -1.45635e-02  2.11257e-14 -2.14425e-04 -2.50281e-03  5.00236e-02
   206  3.72994e+00 -4.85447e-02 -3.4273e-02  0.056    0.00  9.17056e-02 -1.71306e-02  1.96604e-13 -4.87737e-06  4.24866e-04  5.81528e-02
   206  3.72852e+00 -4.00944e-02 -2.5705e-02  0.167    0.00  8.96990e-02 -1.67745e-02  1.74659e-13 -2.01294e-05  6.26232e-05  5.71128e-02
   206  3.72711e+00 -3.16441e-02 -1.7136e-02  0.278    0.00  8.76923e-02 -1.64185e-02  1.52668e-13 -3.50587e-05 -2.95274e-04  5.60728e-02
   206  3.72569e+00 -2.31938e-02 -8.5682e-03  0.389    0.00  8.56856e-02 -1.60624e-02  1.30702e-13 -4.96652e-05 -6.48826e-04  5.50328e-02
   206  3.72427e+00 -1.47435e-02  0.0000e+00  0.500    0.00  8.36790e-02 -1.57063e-02  1.08692e-13 -6.39488e-05 -9.98033e-04  5.39928e-02
   206  3.72286e+00 -6.29326e-03  8.5682e-03  0.611    0.00  8.16723e-02 -1.53502e-02  8.66894e-14 -7.79097e-05 -1.34289e-03  5.29528e-02
   206  3.72144e+00  2.15702e-03  1.7136e-02  0.722    0.00  7.96656e-02 -1.49942e-02  6.46869e-14 -9.15477e-05 -1.68341e-03  5.19128e-02
   206  3.72002e+00  1.06073e-02  2.5705e-02  0.833    0.00  7.76590e-02 -1.46381e-02  4.27171e-14 -1.04863e-04 -2.01958e-03  5.08728e-02
   206  3.71861e+00  1.90576e-02  3.4273e-02  0.944    0.00  7.56523e-02 -1.42820e-02  2.07183e-14 -1.17855e-04 -2.35140e-03  4.98328e-02
   207  3.79872e+00  2.43252e-02 -3.4273e-02  0.056    0.00  9.18910e-02 -1.71528e-02  1.97098e-13 -3.78941e-05  4.30077e-03  5.79532e-02
   207  3.79843e+00  1.57618e-02 -2.5705e-02  0.167    0.00  8.98878e-02 -1.68003e-02  1.75063e-13 -3.58919e-05  3.42361e-03  5.69034e-02
   207  3.79815e+00  7.19837e-03 -1.7136e-02  0.278    0.00  8.78846e-02 -1.64478e-02  1.53035e-13 -3.36822e-05  2.54359e-03  5.58536e-02
   207  3.79786e+00 -1.36503e-03 -8.5682e-03  0.389    0.00  8.58814e-02 -1.60954e-02  1.31000e-13 -3.12650e-05  1.66071e-03  5.48039e-02
   207  3.79757e+00 -9.92843e-03  0.0000e+00  0.500    0.00  8.38782e-02 -1.57429e-02  1.08950e-13 -2.86403e-05  7.74955e-04  5.37541e-02
   207  3.79729e+00 -1.84918e-02  8.5682e-03  0.611    0.00  8.18750e-02 -1.53904e-02  8.68968e-14 -2.58081e-05 -1.13660e-04  5.27043e-02
   207  3.79700e+00 -2.70552e-02  1.7136e-02  0.722    0.00  7.98718e-02 -1.50379e-02  6.48506e-14 -2.27684e-05 -1.00514e-03  5.16545e-02
   207  3.79671e+00 -3.56186e-02  2.5705e-02  0.833    0.00  7.78686e-02 -1.46855e-02  4.28081e-14 -1.95212e-05 -1.89948e-03  5.06048e-02
   207  3.79642e+00 -4.41821e-02  3.4273e-02  0.944    0.00  7.58654e-02 -1.43330e-02  2.06928e-14 -1.60665e-05 -2.79669e-03  4.95550e-02
   208  3.87312e+00  1.53851e-03 -1.4489e-02  0.056    0.00  1.98907e+01  2.31330e+00  5.96046e-14 -2.51565e-04  8.77675e-04  3.62162e+00
   208  3.87295e+00 -2.07984e-03 -1.0867e-02  0.167    0.00  2.86061e+01 -5.65935e-01  8.96398e-14 -5.05207e-04  2.81953e-03  1.41275e+00
   208  3.87279e+00 -5.69819e-03 -7.2446e-03  0.278    0.00  2.83361e+01 -5.51160e-01  7.35745e-14 -3.71781e-04  3.86759e-03  1.39190e+00
   208  3.87262e+00 -9.31654e-03 -3.6223e-03  0.389    0.00  2.80661e+01 -5.36386e-01  6.58911e-14 -2.32483e-04  4.56775e-03  1.37106e+00
   208  3.87245e+00 -1.29349e-02  0.0000e+00  0.500    0.00  2.77961e+01 -5.21612e-01  5.72763e-14 -8.73113e-05  4.92003e-03  1.35021e+00
   208  3.87228e+00 -1.65532e-02  3.6223e-03  0.611    0.00  2.75261e+01 -5.06837e-01  5.00586e-14  6.37330e-05  4.92441e-03  1.32937e+00
   208  3.87211e+00 -2.01716e-02  7.2446e-03  0.722    0.00  2.72561e+01 -4.92063e-01  4.33065e-14  2.20650e-04  4.58091e-03  1.30852e+00
   208  3.87194e+00 -2.37899e-02  1.0867e-02  0.833    0.00  2.69861e+01 -4.77288e-01  3.09665e-14  3.83441e-04  3.88951e-03  1.28768e+00
   208  3.87177e+00 -2.74083e-02  1.4489e-02  0.944    0.00  1.84307e+01  2.22183e+00 -6.51926e-15  2.98163e-04  2.01709e-03  3.20035e+00
   209  3.94872e+00 -2.59376e-02 -1.4489e-02  0.056    0.00  2.01247e+01  2.34219e+00  5.28526e-14 -3.32633e-04 -7.79852e-04  3.62650e+00
   209  3.94841e+00 -2.23285e-02 -1.0867e-02  0.167    0.00  2.89428e+01 -5.71392e-01  8.91741e-14 -6.82517e-04 -1.22282e-03  1.41887e+00
   209  3.94810e+00 -1.87194e-02 -7.2446e-03  0.278    0.00  2.86706e+01 -5.56863e-01  7.47386e-14 -5.32292e-04 -2.73673e-04  1.40222e+00
   209  3.94779e+00 -1.51103e-02 -3.6223e-03  0.389    0.00  2.83984e+01 -5.42334e-01  6.51926e-14 -3.66725e-04  5.72546e-04  1.38557e+00
   209  3.94748e+00 -1.15013e-02  0.0000e+00  0.500    0.00  2.81262e+01 -5.27804e-01  5.84405e-14 -1.85815e-04  1.31584e-03  1.36892e+00
   209  3.94717e+00 -7.89218e-03  3.6223e-03  0.611    0.00  2.78541e+01 -5.13275e-01  5.19212e-14  1.04375e-05  1.95620e-03  1.35227e+00
   209  3.94686e+00 -4.28310e-03  7.2446e-03  0.722    0.00  2.75819e+01 -4.98745e-01  4.33065e-14  2.22032e-04  2.49363e-03  1.33562e+00
   209  3.94655e+00 -6.74017e-04  1.0867e-02  0.833    0.00  2.73097e+01 -4.84216e-01  3.11993e-14  4.48970e-04  2.92813e-03  1.31897e+00
   209  3.94625e+00  2.93506e-03  1.4489e-02  0.944    0.00  1.86519e+01  2.24681e+00  2.32831e-15  3.66013e-04  1.92479e-03  3.29000e+00
   210  4.02272e+00 -2.13616e-02 -1.4489e-02  0.056    0.00  2.01852e+01  2.35100e+00  4.70318e-14 -2.67290e-04 -1.87314e-03  3.73477e+00
   210  4.02258e+00 -1.77420e-02 -1.0867e-02  0.167    0.00  2.90299e+01 -5.71837e-01  8.82428e-14 -5.58561e-04 -3.98221e-03  1.46057e+00
   210  4.02245e+00 -1.41223e-02 -7.2446e-03  0.278    0.00  2.87578e+01 -5.57697e-01  7.45058e-14 -4.54787e-04 -3.73555e-03  1.44277e+00
   210  4.02231e+00 -1.05027e-02 -3.6223e-03  0.389    0.00  2.84857e+01 -5.43557e-01  6.58911e-14 -3.32953e-04 -3.32193e-03  1.42496e+00
   210  4.02217e+00 -6.88301e-03  0.0000e+00  0.500    0.00  2.82136e+01 -5.29417e-01  5.70435e-14 -1.93061e-04 -2.74137e-03  1.40715e+00
   210  4.02203e+00 -3.26336e-03  3.6223e-03  0.611    0.00  2.79416e+01 -5.15277e-01  4.98258e-14 -3.51090e-05 -1.99385e-03  1.38935e+00
   210  4.02189e+00  3.56297e-04  7.2446e-03  0.722    0.00  2.76695e+01 -5.01136e-01  4.28408e-14  1.40902e-04 -1.07938e-03  1.37154e+00
   210  4.02176e+00  3.97595e-03  1.0867e-02  0.833    0.00  2.73974e+01 -4.86996e-01  3.35276e-14  3.34972e-04  2.04144e-06  1.35373e+00
   210  4.02162e+00  7.59561e-03  1.4489e-02  0.944    0.00  1.87118e+01  2.25231e+00  7.21775e-15  2.85071e-04  4.56966e-04  3.37488e+00
   211  4.09738e+00 -1.87958e-02 -1.4489e-02  0.056    0.00  2.03531e+01  2.37239e+00  6.82194e-14 -4.77873e-04 -1.01057e-03  3.84784e+00
   211  4.09727e+00 -1.51752e-02 -1.0867e-02  0.167    0.00  2.92726e+01 -5.75300e-01  8.91741e-14 -9.68712e-04 -1.80145e-03  1.50357e+00
   211  4.09716e+00 -1.15546e-02 -7.2446e-03  0.278    0.00  2.90005e+01 -5.61517e-01  7.59028e-14 -7.26797e-04 -1.01446e-03  1.48399e+00
   211  4.09705e+00 -7.93403e-03 -3.6223e-03  0.389    0.00  2.87284e+01 -5.47733e-01  6.75209e-14 -4.67432e-04 -2.71508e-04  1.46442e+00
   211  4.09694e+00 -4.31344e-03  0.0000e+00  0.500    0.00  2.84563e+01 -5.33950e-01  5.75092e-14 -1.90618e-04  4.27392e-04  1.44485e+00
   211  4.09683e+00 -6.92854e-04  3.6223e-03  0.611    0.00  2.81843e+01 -5.20167e-01  5.05242e-14  1.03644e-04  1.08224e-03  1.42527e+00
   211  4.09672e+00  2.92773e-03  7.2446e-03  0.722    0.00  2.79122e+01 -5.06383e-01  4.28408e-14  4.15356e-04  1.69305e-03  1.40570e+00
   211  4.09661e+00  6.54832e-03  1.0867e-02  0.833    0.00  2.76401e+01 -4.92600e-01  3.37604e-14  7.44516e-04  2.25981e-03  1.38613e+00
   211  4.09650e+00  1.01689e-02  1.4489e-02  0.944    0.00  1.88786e+01  2.27057e+00  1.62981e-15  5.86722e-04  1.58291e-03  3.45227e+00
   212  4.17156e+00 -1.81486e-02 -1.4489e-02  0.056    0.00  2.06190e+01  2.40535e+00  6.12345e-14 -7.01833e-04 -1.18172e-03  3.94346e+00
   212  4.17161e+00 -1.45266e-02 -1.0867e-02  0.167    0.00  2.96583e+01 -5.81462e-01  9.08040e-14 -1.40450e-03 -2.22334e-03  1.54144e+00
   212  4.17166e+00 -1.09047e-02 -7.2446e-03  0.278    0.00  2.93869e+01 -5.68042e-01  7.72998e-14 -1.01513e-03 -1.52320e-03  1.52189e+00
   212  4.17171e+00 -7.28270e-03 -3.6223e-03  0.389    0.00  2.91156e+01 -5.54623e-01  6.75209e-14 -6.09275e-04 -8.29284e-04  1.50234e+00
   212  4.17175e+00 -3.66073e-03  0.0000e+00  0.500    0.00  2.88442e+01 -5.41203e-01  5.93718e-14 -1.86934e-04 -1.41585e-04  1.48279e+00
   212  4.17180e+00 -3.87597e-05  3.6223e-03  0.611    0.00  2.85729e+01 -5.27784e-01  5.16884e-14  2.51895e-04  5.39897e-04  1.46324e+00
   212  4.17185e+00  3.58321e-03  7.2446e-03  0.722    0.00  2.83015e+01 -5.14364e-01  4.37722e-14  7.07212e-04  1.21516e-03  1.44369e+00
   212  4.17190e+00  7.20518e-03  1.0867e-02  0.833    0.00  2.80302e+01 -5.00945e-01  3.49246e-14  1.17902e-03  1.88420e-03  1.42414e+00
   212  4.17194e+00  1.08272e-02  1.4489e-02  0.944    0.00  1.91475e+01  2.30095e+00  8.61473e-15  9.06349e-04  1.40271e-03  3.54836e+00
   213  4.24704e+00  9.16173e-03 -1.4489e-02  0.056    0.00  2.10063e+01  2.45251e+00  4.86616e-14 -9.37537e-04 -1.20959e-03  4.04492e+00
   213  4.24693e+00  5.54121e-03 -1.0867e-02  0.167    0.00  3.02199e+01 -5.91049e-01  9.26666e-14 -1.86332e-03 -2.27926e-03  1.58123e+00
   213  4.24682e+00  1.92069e-03 -7.2446e-03  0.278    0.00  2.99489e+01 -5.77947e-01  7.75326e-14 -1.31900e-03 -1.56776e-03  1.56130e+00
   213  4.24671e+00 -1.69983e-03 -3.6223e-03  0.389    0.00  2.96780e+01 -5.64846e-01  6.84522e-14 -7.59071e-04 -8.61331e-04  1.54137e+00
   213  4.24659e+00 -5.32036e-03  0.0000e+00  0.500    0.00  2.94071e+01 -5.51744e-01  6.00703e-14 -1.83522e-04 -1.59984e-04  1.52144e+00
   213  4.24648e+00 -8.94088e-03  3.6223e-03  0.611    0.00  2.91361e+01 -5.38642e-01  5.26197e-14  4.07644e-04  5.36286e-04  1.50151e+00
   213  4.24637e+00 -1.25614e-02  7.2446e-03  0.722    0.00  2.88652e+01 -5.25540e-01  4.47035e-14  1.01443e-03  1.22748e-03  1.48159e+00
   213  4.24625e+00 -1.61819e-02  1.0867e-02  0.833    0.00  2.85942e+01 -5.12439e-01  3.25963e-14  1.63683e-03  1.91359e-03  1.46166e+00
   213  4.24614e+00 -1.98024e-02  1.4489e-02  0.944    0.00  1.95361e+01  2.34567e+00 -1.37370e-14  1.24331e-03  1.42749e-03  3.64218e+00
   214  4.32239e+00  5.33726e-03 -1.4489e-02  0.056    0.00  2.15023e+01  2.51250e+00  6.37956e-14 -1.18821e-03 -1.20267e-03  4.14774e+00
   214  4.32213e+00  1.72390e-03 -1.0867e-02  0.167    0.00  3.09400e+01 -6.03629e-01  9.40636e-14 -2.35166e-03 -2.24424e-03  1.62162e+00
   214  4.32188e+00 -1.88946e-03 -7.2446e-03  0.278    0.00  3.06703e+01 -5.90854e-01  8.03266e-14 -1.64291e-03 -1.49752e-03  1.60138e+00
   214  4.32163e+00 -5.50282e-03 -3.6223e-03  0.389    0.00  3.04007e+01 -5.78080e-01  7.05477e-14 -9.19159e-04 -7.63780e-04  1.58115e+00
   214  4.32137e+00 -9.11618e-03  0.0000e+00  0.500    0.00  3.01310e+01 -5.65306e-01  6.14673e-14 -1.80396e-04 -4.30177e-05  1.56091e+00
   214  4.32112e+00 -1.27295e-02  3.6223e-03  0.611    0.00  2.98614e+01 -5.52532e-01  5.30854e-14  5.73376e-04  6.64766e-04  1.54068e+00
   214  4.32086e+00 -1.63429e-02  7.2446e-03  0.722    0.00  2.95917e+01 -5.39758e-01  4.49363e-14  1.34216e-03  1.35957e-03  1.52044e+00
   214  4.32061e+00 -1.99563e-02  1.0867e-02  0.833    0.00  2.93221e+01 -5.26984e-01  3.46918e-14  2.12594e-03  2.04140e-03  1.50021e+00
   214  4.32036e+00 -2.35696e-02  1.4489e-02  0.944    0.00  2.00383e+01  2.40385e+00 -1.09430e-14  1.60365e-03  1.50183e-03  3.73879e+00
   215  4.39754e+00 -1.14336e-03 -1.4489e-02  0.056    0.00  2.21356e+01  2.58859e+00  6.54254e-14 -1.48207e-03 -1.31601e-03  4.25462e+00
   215  4.39717e+00 -4.74689e-03 -1.0867e-02  0.167    0.00  3.18594e+01 -6.20057e-01  9.75560e-14 -2.92444e-03 -2.50599e-03  1.66352e+00
   215  4.39681e+00 -8.35041e-03 -7.2446e-03  0.278    0.00  3.15911e+01 -6.07576e-01  8.21892e-14 -2.02323e-03 -1.77855e-03  1.64288e+00
   215  4.39644e+00 -1.19539e-02 -3.6223e-03  0.389    0.00  3.13228e+01 -5.95095e-01  7.28760e-14 -1.10748e-03 -1.04643e-03  1.62224e+00
   215  4.39607e+00 -1.55575e-02  0.0000e+00  0.500    0.00  3.10545e+01 -5.82614e-01  6.33299e-14 -1.77199e-04 -3.09636e-04  1.60160e+00
   215  4.39570e+00 -1.91610e-02  3.6223e-03  0.611    0.00  3.07862e+01 -5.70134e-01  5.40167e-14  7.67615e-04  4.31832e-04  1.58096e+00
   215  4.39533e+00 -2.27645e-02  7.2446e-03  0.722    0.00  3.05179e+01 -5.57653e-01  4.74975e-14  1.72696e-03  1.17797e-03  1.56032e+00
   215  4.39497e+00 -2.63681e-02  1.0867e-02  0.833    0.00  3.02496e+01 -5.45172e-01  3.60887e-14  2.70084e-03  1.92879e-03  1.53968e+00
   215  4.39460e+00 -2.99716e-02  1.4489e-02  0.944    0.00  2.06782e+01  2.47848e+00  3.49246e-15  2.02747e-03  1.46415e-03  3.83747e+00
   216  4.47270e+00 -1.06680e-02 -1.4489e-02  0.056    0.00  2.29204e+01  2.68258e+00  5.54137e-14 -1.81913e-03 -1.11739e-03  4.36061e+00
   216  4.47216e+00 -1.42494e-02 -1.0867e-02  0.167    0.00  3.30001e+01 -6.40659e-01  1.00117e-13 -3.58162e-03 -1.97805e-03  1.70548e+00
   216  4.47161e+00 -1.78309e-02 -7.2446e-03  0.278    0.00  3.27344e+01 -6.28487e-01  8.52160e-14 -2.45981e-03 -1.08445e-03  1.68485e+00
   216  4.47107e+00 -2.14123e-02 -3.6223e-03  0.389    0.00  3.24687e+01 -6.16315e-01  7.70669e-14 -1.32385e-03 -2.43299e-04  1.66422e+00
   216  4.47053e+00 -2.49938e-02  0.0000e+00  0.500    0.00  3.22030e+01 -6.04143e-01  6.56582e-14 -1.73725e-04  5.45420e-04  1.64358e+00
   216  4.46999e+00 -2.85752e-02  3.6223e-03  0.611    0.00  3.19373e+01 -5.91971e-01  5.58794e-14  9.90563e-04  1.28170e-03  1.62295e+00
   216  4.46944e+00 -3.21567e-02  7.2446e-03  0.722    0.00  3.16716e+01 -5.79799e-01  4.86616e-14  2.16901e-03  1.96555e-03  1.60231e+00
   216  4.46890e+00 -3.57382e-02  1.0867e-02  0.833    0.00  3.14059e+01 -5.67628e-01  3.81842e-14  3.36162e-03  2.59695e-03  1.58168e+00
   216  4.46836e+00 -3.93196e-02  1.4489e-02  0.944    0.00  2.14767e+01  2.57192e+00  1.81608e-14  2.51477e-03  1.81140e-03  3.94360e+00
   217  4.54735e+00 -2.37304e-02 -1.4489e-02  0.056    0.00  2.38851e+01  2.79770e+00  6.82194e-14 -2.18045e-03 -2.40422e-03  4.49678e+00
   217  4.54664e+00 -2.72832e-02 -1.0867e-02  0.167    0.00  3.44021e+01 -6.66285e-01  1.06171e-13 -4.28518e-03 -5.18512e-03  1.75692e+00
   217  4.54593e+00 -3.08360e-02 -7.2446e-03  0.278    0.00  3.41395e+01 -6.54391e-01  8.87085e-14 -2.92584e-03 -4.99883e-03  1.73383e+00
   217  4.54523e+00 -3.43888e-02 -3.6223e-03  0.389    0.00  3.38768e+01 -6.42498e-01  7.79983e-14 -1.55341e-03 -4.56934e-03  1.71073e+00
   217  4.54452e+00 -3.79416e-02  0.0000e+00  0.500    0.00  3.36142e+01 -6.30604e-01  6.89179e-14 -1.67881e-04 -3.89665e-03  1.68763e+00
   217  4.54381e+00 -4.14944e-02  3.6223e-03  0.611    0.00  3.33516e+01 -6.18711e-01  6.07688e-14  1.23075e-03 -2.98076e-03  1.66453e+00
   217  4.54311e+00 -4.50472e-02  7.2446e-03  0.722    0.00  3.30889e+01 -6.06818e-01  5.16884e-14  2.64247e-03 -1.82167e-03  1.64144e+00
   217  4.54240e+00 -4.86000e-02  1.0867e-02  0.833    0.00  3.28263e+01 -5.94924e-01  3.60887e-14  4.06729e-03 -4.19383e-04  1.61834e+00
   217  4.54170e+00 -5.21529e-02  1.4489e-02  0.944    0.00  2.24576e+01  2.68710e+00  4.65661e-16  3.03434e-03  3.42715e-04  4.02999e+00
   218  4.62125e+00 -4.03051e-02 -1.4489e-02  0.056    0.00  2.50252e+01  2.93345e+00  9.08040e-14 -2.52862e-03  3.16867e-03  4.51735e+00
   218  4.62037e+00 -4.38191e-02 -1.0867e-02  0.167    0.00  3.60595e+01 -6.96792e-01  1.07568e-13 -4.97418e-03  8.87965e-03  1.77333e+00
   218  4.61950e+00 -4.73331e-02 -7.2446e-03  0.278    0.00  3.58008e+01 -6.85163e-01  9.33651e-14 -3.39676e-03  1.23709e-02  1.75849e+00
   218  4.61862e+00 -5.08471e-02 -3.6223e-03  0.389    0.00  3.55420e+01 -6.73535e-01  8.31205e-14 -1.79827e-03  1.47736e-02  1.74366e+00
   218  4.61774e+00 -5.43611e-02  0.0000e+00  0.500    0.00  3.52833e+01 -6.61906e-01  7.31088e-14 -1.78694e-04  1.60878e-02  1.72883e+00
   218  4.61686e+00 -5.78751e-02  3.6223e-03  0.611    0.00  3.50246e+01 -6.50278e-01  6.33299e-14  1.46196e-03  1.63135e-02  1.71399e+00
   218  4.61598e+00 -6.13891e-02  7.2446e-03  0.722    0.00  3.47658e+01 -6.38649e-01  5.28526e-14  3.12368e-03  1.54507e-02  1.69916e+00
   218  4.61510e+00 -6.49032e-02  1.0867e-02  0.833    0.00  3.45071e+01 -6.27021e-01  4.05125e-14  4.80649e-03  1.34994e-02  1.68432e+00
   218  4.61422e+00 -6.84172e-02  1.4489e-02  0.944    0.00  2.36186e+01  2.82372e+00  1.62981e-15  3.58867e-03  7.20684e-03  4.21755e+00
   219  4.68823e+00 -6.13604e-02 -1.4489e-02  0.056    0.00  2.63180e+01  3.08795e+00  9.42964e-14  3.89498e-03  1.23732e-03  4.42788e+00
   219  4.68690e+00 -6.47294e-02 -1.0867e-02  0.167    0.00  3.79477e+01 -7.31135e-01  1.17347e-13  7.13266e-03  3.99556e-03  1.75358e+00
   219  4.68557e+00 -6.80984e-02 -7.2446e-03  0.278    0.00  3.77025e+01 -7.20114e-01  9.89530e-14  4.04997e-03  5.95748e-03  1.75442e+00
   219  4.68424e+00 -7.14674e-02 -3.6223e-03  0.389    0.00  3.74572e+01 -7.09093e-01  8.68458e-14  1.32143e-03  7.35451e-03  1.75526e+00
   219  4.68291e+00 -7.48364e-02  0.0000e+00  0.500    0.00  3.72120e+01 -6.98072e-01  7.61356e-14 -1.05296e-03  8.18667e-03  1.75609e+00
   219  4.68158e+00 -7.82054e-02  3.6223e-03  0.611    0.00  3.69668e+01 -6.87051e-01  6.63567e-14 -3.07321e-03  8.45394e-03  1.75693e+00
   219  4.68025e+00 -8.15744e-02  7.2446e-03  0.722    0.00  3.67215e+01 -6.76030e-01  5.61122e-14 -4.73931e-03  8.15633e-03  1.75777e+00
   219  4.67892e+00 -8.49434e-02  1.0867e-02  0.833    0.00  3.64763e+01 -6.65009e-01  4.33065e-14 -6.05126e-03  7.29385e-03  1.75861e+00
   219  4.67759e+00 -8.83124e-02  1.4489e-02  0.944    0.00  2.49849e+01  2.98395e+00  2.88710e-14 -4.03320e-03  3.97315e-03  4.44481e+00
   220  4.72461e+00  5.75638e-03 -1.4489e-02  0.056    0.00  2.16215e+01  2.56223e+00  6.17001e-14  4.28353e-03 -5.17088e-04  4.45080e+00
   220  4.72099e+00  5.69325e-03 -1.0867e-02  0.167    0.00  3.13475e+01 -5.85762e-01  9.73232e-14  8.03812e-03 -5.72223e-04  1.76996e+00
   220  4.71736e+00  5.63011e-03 -7.2446e-03  0.278    0.00  3.13309e+01 -5.86248e-01  8.21892e-14  4.88883e-03  2.12007e-04  1.77809e+00
   220  4.71374e+00  5.56698e-03 -3.6223e-03  0.389    0.00  3.13143e+01 -5.86734e-01  7.21775e-14  1.98755e-03  8.89908e-04  1.78623e+00
   220  4.71012e+00  5.50384e-03  0.0000e+00  0.500    0.00  3.12977e+01 -5.87221e-01  6.40284e-14 -6.65720e-04  1.46148e-03  1.79437e+00
   220  4.70650e+00  5.44070e-03  3.6223e-03  0.611    0.00  3.12811e+01 -5.87707e-01  5.70435e-14 -3.07097e-03  1.92672e-03  1.80251e+00
   220  4.70288e+00  5.37757e-03  7.2446e-03  0.722    0.00  3.12645e+01 -5.88193e-01  4.63333e-14 -5.22822e-03  2.28563e-03  1.81065e+00
   220  4.69926e+00  5.31443e-03  1.0867e-02  0.833    0.00  3.12479e+01 -5.88679e-01  3.37604e-14 -7.13745e-03  2.53821e-03  1.81879e+00
   220  4.69563e+00  5.25130e-03  1.4489e-02  0.944    0.00  2.15275e+01  2.54443e+00 -2.56114e-15 -4.97403e-03  1.61900e-03  4.61529e+00
   221  1.86733e+00 -6.34660e-01 -2.0444e-02  0.056    0.00  1.81629e-01 -7.84823e-02 -4.25207e-13  9.05473e-04 -2.64060e-02  1.09724e-01
   221  1.86228e+00 -6.33825e-01 -1.5333e-02  0.167    0.00  1.81354e-01 -7.83959e-02 -4.17305e-13  6.70500e-04 -2.19800e-02  1.10275e-01
   221  1.85724e+00 -6.32989e-01 -1.0222e-02  0.278    0.00  1.81078e-01 -7.83096e-02 -4.09520e-13  4.35672e-04 -1.75337e-02  1.10826e-01
   221  1.85220e+00 -6.32154e-01 -5.1111e-03  0.389    0.00  1.80802e-01 -7.82233e-02 -4.01880e-13  2.00991e-04 -1.30671e-02  1.11378e-01
   221  1.84716e+00 -6.31319e-01  0.0000e+00  0.500    0.00  1.80526e-01 -7.81369e-02 -3.94182e-13 -3.35459e-05 -8.58005e-03  1.11929e-01
   221  1.84211e+00 -6.30483e-01  5.1111e-03  0.611    0.00  1.80250e-01 -7.80506e-02 -3.86601e-13 -2.67937e-04 -4.07269e-03  1.12480e-01
   221  1.83707e+00 -6.29648e-01  1.0222e-02  0.722    0.00  1.79974e-01 -7.79643e-02 -3.79019e-13 -5.02182e-04  4.55028e-04  1.13031e-01
   221  1.83203e+00 -6.28813e-01  1.5333e-02  0.833    0.00  1.79698e-01 -7.78779e-02 -3.71350e-13 -7.36283e-04  5.00309e-03  1.13582e-01
   221  1.82699e+00 -6.27977e-01  2.0444e-02  0.944    0.00  1.79422e-01 -7.77916e-02 -3.63769e-13 -9.70237e-04  9.57151e-03  1.14133e-01
   222  1.87899e+00 -5.64271e-01 -2.0444e-02  0.056    0.00  1.66512e-01 -7.19201e-02 -3.89657e-13  1.81094e-03 -1.25954e-02  1.12736e-01
   222  1.87394e+00 -5.63436e-01 -1.5333e-02  0.167    0.00  1.66235e-01 -7.18378e-02 -3.82439e-13  1.34100e-03 -1.26893e-02  1.12933e-01
   222  1.86890e+00 -5.62601e-01 -1.0222e-02  0.278    0.00  1.65958e-01 -7.17555e-02 -3.75308e-13  8.71345e-04 -1.27527e-02  1.13129e-01
   222  1.86386e+00 -5.61765e-01 -5.1111e-03  0.389    0.00  1.65681e-01 -7.16733e-02 -3.68236e-13  4.01981e-04 -1.27859e-02  1.13326e-01
   222  1.85882e+00 -5.60930e-01  0.0000e+00  0.500    0.00  1.65404e-01 -7.15910e-02 -3.61208e-13 -6.70919e-05 -1.27887e-02  1.13523e-01
   222  1.85377e+00 -5.60095e-01  5.1111e-03  0.611    0.00  1.65126e-01 -7.15087e-02 -3.54208e-13 -5.35874e-04 -1.27611e-02  1.13720e-01
   222  1.84873e+00 -5.59259e-01  1.0222e-02  0.722    0.00  1.64849e-01 -7.14265e-02 -3.47209e-13 -1.00436e-03 -1.27032e-02  1.13916e-01
   222  1.84369e+00 -5.58424e-01  1.5333e-02  0.833    0.00  1.64572e-01 -7.13442e-02 -3.40209e-13 -1.47256e-03 -1.26149e-02  1.14113e-01
   222  1.83865e+00 -5.57589e-01  2.0444e-02  0.944    0.00  1.64295e-01 -7.12619e-02 -3.33239e-13 -1.94047e-03 -1.24963e-02  1.14310e-01
   223  1.89065e+00 -4.93882e-01 -2.0444e-02  0.056    0.00  1.51395e-01 -6.53579e-02 -3.54106e-13  1.81094e-03 -6.19256e-03  1.14109e-01
   223  1.88560e+00 -4.93047e-01 -1.5333e-02  0.167    0.00  1.51117e-01 -6.52797e-02 -3.47514e-13  1.34100e-03 -6.23331e-03  1.13990e-01
   223  1.88056e+00 -4.92212e-01 -1.0222e-02  0.278    0.00  1.50838e-01 -6.52015e-02 -3.41053e-13  8.71345e-04 -6.25921e-03  1.13870e-01
   223  1.87552e+00 -4.91376e-01 -5.1111e-03  0.389    0.00  1.50560e-01 -6.51233e-02 -3.34621e-13  4.01981e-04 -6.27025e-03  1.13751e-01
   223  1.87048e+00 -4.90541e-01  0.0000e+00  0.500    0.00  1.50281e-01 -6.50451e-02 -3.28204e-13 -6.70919e-05 -6.26642e-03  1.13632e-01
   223  1.86544e+00 -4.89706e-01  5.1111e-03  0.611    0.00  1.50003e-01 -6.49668e-02 -3.21816e-13 -5.35874e-04 -6.24774e-03  1.13513e-01
   223  1.86039e+00 -4.88871e-01  1.0222e-02  0.722    0.00  1.49724e-01 -6.48886e-02 -3.15427e-13 -1.00436e-03 -6.21420e-03  1.13393e-01
   223  1.85535e+00 -4.88035e-01  1.5333e-02  0.833    0.00  1.49446e-01 -6.48104e-02 -3.09024e-13 -1.47256e-03 -6.16580e-03  1.13274e-01
   223  1.85031e+00 -4.87200e-01  2.0444e-02  0.944    0.00  1.49167e-01 -6.47322e-02 -3.02593e-13 -1.94047e-03 -6.10254e-03  1.13155e-01
   224  1.90231e+00 -4.23494e-01 -2.0444e-02  0.056    0.00  1.36278e-01 -5.87957e-02 -3.18585e-13  1.81095e-03 -3.05273e-03  1.14827e-01
   224  1.89727e+00 -4.22658e-01 -1.5333e-02  0.167    0.00  1.35998e-01 -5.87216e-02 -3.12677e-13  1.34100e-03 -3.06806e-03  1.14553e-01
   224  1.89222e+00 -4.21823e-01 -1.0222e-02  0.278    0.00  1.35719e-01 -5.86474e-02 -3.06798e-13  8.71345e-04 -3.07612e-03  1.14279e-01
   224  1.88718e+00 -4.20988e-01 -5.1111e-03  0.389    0.00  1.35439e-01 -5.85733e-02 -3.01021e-13  4.01981e-04 -3.07691e-03  1.14005e-01
   224  1.88214e+00 -4.20152e-01  0.0000e+00  0.500    0.00  1.35159e-01 -5.84991e-02 -2.95215e-13 -6.70919e-05 -3.07043e-03  1.13731e-01
   224  1.87710e+00 -4.19317e-01  5.1111e-03  0.611    0.00  1.34879e-01 -5.84250e-02 -2.89394e-13 -5.35874e-04 -3.05668e-03  1.13456e-01
   224  1.87205e+00 -4.18482e-01  1.0222e-02  0.722    0.00  1.34599e-01 -5.83508e-02 -2.83660e-13 -1.00436e-03 -3.03565e-03  1.13182e-01
   224  1.86701e+00 -4.17646e-01  1.5333e-02  0.833    0.00  1.34320e-01 -5.82767e-02 -2.77825e-13 -1.47257e-03 -3.00736e-03  1.12908e-01
   224  1.86197e+00 -4.16811e-01  2.0444e-02  0.944    0.00  1.34040e-01 -5.82025e-02 -2.72063e-13 -1.94047e-03 -2.97179e-03  1.12634e-01
   225  1.91397e+00 -3.53105e-01 -2.0444e-02  0.056    0.00  1.21161e-01 -5.22335e-02 -2.83093e-13  1.81094e-03 -1.51172e-03  1.15220e-01
   225  1.90893e+00 -3.52270e-01 -1.5333e-02  0.167    0.00  1.20880e-01 -5.21634e-02 -2.77818e-13  1.34100e-03 -1.51517e-03  1.14869e-01
   225  1.90388e+00 -3.51434e-01 -1.0222e-02  0.278    0.00  1.20599e-01 -5.20933e-02 -2.72572e-13  8.71345e-04 -1.51506e-03  1.14519e-01
   225  1.89884e+00 -3.50599e-01 -5.1111e-03  0.389    0.00  1.20318e-01 -5.20233e-02 -2.67384e-13  4.01981e-04 -1.51141e-03  1.14169e-01
   225  1.89380e+00 -3.49764e-01  0.0000e+00  0.500    0.00  1.20037e-01 -5.19532e-02 -2.62182e-13 -6.70918e-05 -1.50420e-03  1.13819e-01
   225  1.88876e+00 -3.48928e-01  5.1111e-03  0.611    0.00  1.19756e-01 -5.18831e-02 -2.57016e-13 -5.35874e-04 -1.49344e-03  1.13468e-01
   225  1.88371e+00 -3.48093e-01  1.0222e-02  0.722    0.00  1.19474e-01 -5.18130e-02 -2.51850e-13 -1.00436e-03 -1.47913e-03  1.13118e-01
   225  1.87867e+00 -3.47258e-01  1.5333e-02  0.833    0.00  1.19193e-01 -5.17429e-02 -2.46655e-13 -1.47256e-03 -1.46127e-03  1.12768e-01
   225  1.87363e+00 -3.46422e-01  2.0444e-02  0.944    0.00  1.18912e-01 -5.16728e-02 -2.41511e-13 -1.94047e-03 -1.43986e-03  1.12418e-01
   226  1.92563e+00 -2.82716e-01 -2.0444e-02  0.056    0.00  1.06044e-01 -4.56713e-02 -2.47681e-13  1.81095e-03 -7.53988e-04  1.15447e-01
   226  1.92059e+00 -2.81881e-01 -1.5333e-02  0.167    0.00  1.05762e-01 -4.56053e-02 -2.42959e-13  1.34100e-03 -7.52190e-04  1.15059e-01
   226  1.91554e+00 -2.81046e-01 -1.0222e-02  0.278    0.00  1.05479e-01 -4.55393e-02 -2.38309e-13  8.71345e-04 -7.48663e-04  1.14671e-01
   226  1.91050e+00 -2.80210e-01 -5.1111e-03  0.389    0.00  1.05197e-01 -4.54733e-02 -2.33726e-13  4.01981e-04 -7.43407e-04  1.14284e-01
   226  1.90546e+00 -2.79375e-01  0.0000e+00  0.500    0.00  1.04914e-01 -4.54072e-02 -2.29149e-13 -6.70919e-05 -7.36423e-04  1.13896e-01
   226  1.90042e+00 -2.78540e-01  5.1111e-03  0.611    0.00  1.04632e-01 -4.53412e-02 -2.24609e-13 -5.35874e-04 -7.27711e-04  1.13509e-01
   226  1.89537e+00 -2.77704e-01  1.0222e-02  0.722    0.00  1.04350e-01 -4.52752e-02 -2.20069e-13 -1.00436e-03 -7.17270e-04  1.13121e-01
   226  1.89033e+00 -2.76869e-01  1.5333e-02  0.833    0.00  1.04067e-01 -4.52091e-02 -2.15507e-13 -1.47257e-03 -7.05100e-04  1.12734e-01
   226  1.88529e+00 -2.76034e-01  2.0444e-02  0.944    0.00  1.03785e-01 -4.51431e-02 -2.10952e-13 -1.94047e-03 -6.91202e-04  1.12346e-01
   227  1.93729e+00 -2.12327e-01 -2.0444e-02  0.056    0.00  9.09268e-02 -3.91091e-02 -2.12131e-13  1.81094e-03 -3.79817e-04  1.15587e-01
   227  1.93225e+00 -2.11492e-01 -1.5333e-02  0.167    0.00  9.06431e-02 -3.90472e-02 -2.08071e-13  1.34100e-03 -3.76022e-04  1.15181e-01
   227  1.92720e+00 -2.10657e-01 -1.0222e-02  0.278    0.00  9.03594e-02 -3.89852e-02 -2.04069e-13  8.71345e-04 -3.71393e-04  1.14775e-01
   227  1.92216e+00 -2.09821e-01 -5.1111e-03  0.389    0.00  9.00757e-02 -3.89232e-02 -2.00111e-13  4.01981e-04 -3.65930e-04  1.14369e-01
   227  1.91712e+00 -2.08986e-01  0.0000e+00  0.500    0.00  8.97920e-02 -3.88613e-02 -1.96153e-13 -6.70919e-05 -3.59633e-04  1.13963e-01
   227  1.91208e+00 -2.08151e-01  5.1111e-03  0.611    0.00  8.95084e-02 -3.87993e-02 -1.92216e-13 -5.35874e-04 -3.52503e-04  1.13557e-01
   227  1.90703e+00 -2.07316e-01  1.0222e-02  0.722    0.00  8.92247e-02 -3.87373e-02 -1.88295e-13 -1.00436e-03 -3.44539e-04  1.13152e-01
   227  1.90199e+00 -2.06480e-01  1.5333e-02  0.833    0.00  8.89410e-02 -3.86754e-02 -1.84351e-13 -1.47256e-03 -3.35741e-04  1.12746e-01
   227  1.89695e+00 -2.05645e-01  2.0444e-02  0.944    0.00  8.86573e-02 -3.86134e-02 -1.80415e-13 -1.94047e-03 -3.26108e-04  1.12340e-01
   228  1.94895e+00 -1.41939e-01 -2.0444e-02  0.056    0.00  7.58097e-02 -3.25470e-02 -1.76638e-13  1.81094e-03 -1.93108e-04  1.15680e-01
   228  1.94391e+00 -1.41103e-01 -1.5333e-02  0.167    0.00  7.55247e-02 -3.24891e-02 -1.73211e-13  1.34100e-03 -1.88905e-04  1.15265e-01
   228  1.93886e+00 -1.40268e-01 -1.0222e-02  0.278    0.00  7.52397e-02 -3.24311e-02 -1.69821e-13  8.71345e-04 -1.84309e-04  1.14850e-01
   228  1.93382e+00 -1.39433e-01 -5.1111e-03  0.389    0.00  7.49547e-02 -3.23732e-02 -1.66481e-13  4.01981e-04 -1.79319e-04  1.14435e-01
   228  1.92878e+00 -1.38597e-01  0.0000e+00  0.500    0.00  7.46698e-02 -3.23153e-02 -1.63142e-13 -6.70919e-05 -1.73937e-04  1.14020e-01
   228  1.92374e+00 -1.37762e-01  5.1111e-03  0.611    0.00  7.43848e-02 -3.22574e-02 -1.59824e-13 -5.35874e-04 -1.68162e-04  1.13605e-01
   228  1.91869e+00 -1.36927e-01  1.0222e-02  0.722    0.00  7.40998e-02 -3.21995e-02 -1.56506e-13 -1.00436e-03 -1.61994e-04  1.13190e-01
   228  1.91365e+00 -1.36091e-01  1.5333e-02  0.833    0.00  7.38148e-02 -3.21416e-02 -1.53166e-13 -1.47256e-03 -1.55432e-04  1.12775e-01
   228  1.90861e+00 -1.35256e-01  2.0444e-02  0.944    0.00  7.35298e-02 -3.20837e-02 -1.49827e-13 -1.94047e-03 -1.48478e-04  1.12360e-01
   229  1.96061e+00 -7.15498e-02 -2.0444e-02  0.056    0.00  6.06926e-02 -2.59848e-02 -1.41168e-13  1.81095e-03 -9.72857e-05  1.15744e-01
   229  1.95557e+00 -7.07145e-02 -1.5333e-02  0.167    0.00  6.04063e-02 -2.59309e-02 -1.38334e-13  1.34100e-03 -9.34431e-05  1.15325e-01
   229  1.95052e+00 -6.98792e-02 -1.0222e-02  0.278    0.00  6.01200e-02 -2.58771e-02 -1.35573e-13  8.71345e-04 -8.94285e-05  1.14905e-01
   229  1.94548e+00 -6.90439e-02 -5.1111e-03  0.389    0.00  5.98337e-02 -2.58232e-02 -1.32841e-13  4.01981e-04 -8.52418e-05  1.14486e-01
   229  1.94044e+00 -6.82086e-02  0.0000e+00  0.500    0.00  5.95475e-02 -2.57694e-02 -1.30123e-13 -6.70919e-05 -8.08831e-05  1.14066e-01
   229  1.93540e+00 -6.73733e-02  5.1111e-03  0.611    0.00  5.92612e-02 -2.57155e-02 -1.27427e-13 -5.35874e-04 -7.63524e-05  1.13647e-01
   229  1.93035e+00 -6.65380e-02  1.0222e-02  0.722    0.00  5.89749e-02 -2.56617e-02 -1.24721e-13 -1.00436e-03 -7.16496e-05  1.13227e-01
   229  1.92531e+00 -6.57027e-02  1.5333e-02  0.833    0.00  5.86886e-02 -2.56079e-02 -1.21992e-13 -1.47257e-03 -6.67749e-05  1.12808e-01
   229  1.92027e+00 -6.48674e-02  2.0444e-02  0.944    0.00  5.84023e-02 -2.55540e-02 -1.19238e-13 -1.94047e-03 -6.17281e-05  1.12389e-01
   230  1.97227e+00 -1.16109e-03 -2.0444e-02  0.056    0.00  4.55755e-02 -1.94226e-02 -1.05651e-13  1.81094e-03 -4.40030e-05  1.15788e-01
   230  1.96723e+00 -3.25784e-04 -1.5333e-02  0.167    0.00  4.52879e-02 -1.93728e-02 -1.03475e-13  1.34100e-03 -4.08821e-05  1.15367e-01
   230  1.96218e+00  5.09521e-04 -1.0222e-02  0.278    0.00  4.50003e-02 -1.93230e-02 -1.01329e-13  8.71345e-04 -3.77071e-05  1.14945e-01
   230  1.95714e+00  1.34483e-03 -5.1111e-03  0.389    0.00  4.47128e-02 -1.92732e-02 -9.92186e-14  4.01981e-04 -3.44781e-05  1.14524e-01
   230  1.95210e+00  2.18013e-03  0.0000e+00  0.500    0.00  4.44252e-02 -1.92234e-02 -9.71158e-14 -6.70919e-05 -3.11950e-05  1.14102e-01
   230  1.94706e+00  3.01543e-03  5.1111e-03  0.611    0.00  4.41376e-02 -1.91737e-02 -9.50313e-14 -5.35874e-04 -2.78578e-05  1.13681e-01
   230  1.94202e+00  3.85074e-03  1.0222e-02  0.722    0.00  4.38500e-02 -1.91239e-02 -9.29394e-14 -1.00436e-03 -2.44666e-05  1.13259e-01
   230  1.93697e+00  4.68604e-03  1.5333e-02  0.833    0.00  4.35624e-02 -1.90741e-02 -9.08258e-14 -1.47256e-03 -2.10213e-05  1.12838e-01
   230  1.93193e+00  5.52135e-03  2.0444e-02  0.944    0.00  4.32748e-02 -1.90243e-02 -8.87048e-14 -1.94047e-03 -1.75220e-05  1.12416e-01
   231  1.98393e+00  6.92277e-02 -2.0444e-02  0.056    0.00  3.04584e-02 -1.28604e-02 -7.01257e-14  1.81095e-03 -7.49145e-06  1.15816e-01
   231  1.97889e+00  7.00630e-02 -1.5333e-02  0.167    0.00  3.01695e-02 -1.28147e-02 -6.85977e-14  1.34100e-03 -5.23436e-06  1.15394e-01
   231  1.97385e+00  7.08983e-02 -1.0222e-02  0.278    0.00  2.98806e-02 -1.27690e-02 -6.70934e-14  8.71345e-04 -3.00058e-06  1.14972e-01
   231  1.96880e+00  7.17336e-02 -5.1111e-03  0.389    0.00  2.95918e-02 -1.27232e-02 -6.56019e-14  4.01981e-04 -7.90103e-07  1.14550e-01
   231  1.96376e+00  7.25689e-02  0.0000e+00  0.500    0.00  2.93029e-02 -1.26775e-02 -6.41103e-14 -6.70919e-05  1.39707e-06  1.14127e-01
   231  1.95872e+00  7.34042e-02  5.1111e-03  0.611    0.00  2.90140e-02 -1.26318e-02 -6.26260e-14 -5.35874e-04  3.56095e-06  1.13705e-01
   231  1.95368e+00  7.42395e-02  1.0222e-02  0.722    0.00  2.87251e-02 -1.25861e-02 -6.11435e-14 -1.00436e-03  5.70152e-06  1.13283e-01
   231  1.94863e+00  7.50748e-02  1.5333e-02  0.833    0.00  2.84362e-02 -1.25403e-02 -5.96574e-14 -1.47257e-03  7.81879e-06  1.12861e-01
   231  1.94359e+00  7.59101e-02  2.0444e-02  0.944    0.00  2.81474e-02 -1.24946e-02 -5.81676e-14 -1.94047e-03  9.91276e-06  1.12438e-01
   232  1.99559e+00  1.39616e-01 -2.0444e-02  0.056    0.00  1.53413e-02 -6.29822e-03 -3.46154e-14  1.81094e-03  2.91144e-05  1.15830e-01
   232  1.99055e+00  1.40452e-01 -1.5333e-02  0.167    0.00  1.50511e-02 -6.25655e-03 -3.37304e-14  1.34100e-03  3.05091e-05  1.15408e-01
   232  1.98551e+00  1.41287e-01 -1.0222e-02  0.278    0.00  1.47609e-02 -6.21489e-03 -3.28473e-14  8.71345e-04  3.18029e-05  1.14986e-01
   232  1.98046e+00  1.42122e-01 -5.1111e-03  0.389    0.00  1.44708e-02 -6.17323e-03 -3.19733e-14  4.01981e-04  3.29957e-05  1.14564e-01
   232  1.97542e+00  1.42958e-01  0.0000e+00  0.500    0.00  1.41806e-02 -6.13156e-03 -3.10965e-14 -6.70919e-05  3.40877e-05  1.14142e-01
   232  1.97038e+00  1.43793e-01  5.1111e-03  0.611    0.00  1.38904e-02 -6.08990e-03 -3.02271e-14 -5.35874e-04  3.50787e-05  1.13720e-01
   232  1.96534e+00  1.44628e-01  1.0222e-02  0.722    0.00  1.36002e-02 -6.04824e-03 -2.93558e-14 -1.00436e-03  3.59689e-05  1.13299e-01
   232  1.96029e+00  1.45464e-01  1.5333e-02  0.833    0.00  1.33101e-02 -6.00657e-03 -2.84863e-14 -1.47256e-03  3.67581e-05  1.12877e-01
   232  1.95525e+00  1.46299e-01  2.0444e-02  0.944    0.00  1.30199e-02 -5.96491e-03 -2.76186e-14 -1.94047e-03  3.74465e-05  1.12455e-01
   233  2.00725e+00  2.10005e-01 -2.0444e-02  0.056    0.00  2.24188e-04  2.63970e-04  8.85308e-16  1.81094e-03  8.27172e-05  1.15827e-01
   233  2.00221e+00  2.10840e-01 -1.5333e-02  0.167    0.00 -6.72844e-05  3.01572e-04  1.14142e-15  1.34100e-03  8.33929e-05  1.15407e-01
   233  1.99717e+00  2.11676e-01 -1.0222e-02  0.278    0.00 -3.58756e-04  3.39175e-04  1.39806e-15  8.71345e-04  8.38489e-05  1.14987e-01
   233  1.99212e+00  2.12511e-01 -5.1111e-03  0.389    0.00 -6.50229e-04  3.76778e-04  1.65522e-15  4.01981e-04  8.40854e-05  1.14567e-01
   233  1.98708e+00  2.13346e-01  0.0000e+00  0.500    0.00 -9.41701e-04  4.14381e-04  1.91233e-15 -6.70919e-05  8.41022e-05  1.14147e-01
   233  1.98204e+00  2.14182e-01  5.1111e-03  0.611    0.00 -1.23317e-03  4.51984e-04  2.16983e-15 -5.35874e-04  8.38993e-05  1.13727e-01
   233  1.97700e+00  2.15017e-01  1.0222e-02  0.722    0.00 -1.52464e-03  4.89586e-04  2.42756e-15 -1.00436e-03  8.34768e-05  1.13306e-01
   233  1.97195e+00  2.15852e-01  1.5333e-02  0.833    0.00 -1.81612e-03  5.27189e-04  2.68494e-15 -1.47256e-03  8.28347e-05  1.12886e-01
   233  1.96691e+00  2.16688e-01  2.0444e-02  0.944    0.00 -2.10759e-03  5.64792e-04  2.94290e-15 -1.94047e-03  8.19730e-05  1.12466e-01
   234  2.01891e+00  2.80394e-01 -2.0444e-02  0.056    0.00 -1.48929e-02  6.82616e-03  3.63798e-14  1.81095e-03  1.79238e-04  1.15805e-01
   234  2.01387e+00  2.81229e-01 -1.5333e-02  0.167    0.00 -1.51857e-02  6.85970e-03  3.60087e-14  1.34100e-03  1.79558e-04  1.15389e-01
   234  2.00883e+00  2.82065e-01 -1.0222e-02  0.278    0.00 -1.54785e-02  6.89324e-03  3.56431e-14  8.71345e-04  1.79435e-04  1.14973e-01
   234  2.00378e+00  2.82900e-01 -5.1111e-03  0.389    0.00 -1.57712e-02  6.92678e-03  3.52811e-14  4.01981e-04  1.78871e-04  1.14557e-01
   234  1.99874e+00  2.83735e-01  0.0000e+00  0.500    0.00 -1.60640e-02  6.96032e-03  3.49246e-14 -6.70919e-05  1.77864e-04  1.14141e-01
   234  1.99370e+00  2.84570e-01  5.1111e-03  0.611    0.00 -1.63568e-02  6.99387e-03  3.45699e-14 -5.35874e-04  1.76415e-04  1.13725e-01
   234  1.98866e+00  2.85406e-01  1.0222e-02  0.722    0.00 -1.66495e-02  7.02741e-03  3.42116e-14 -1.00436e-03  1.74523e-04  1.13309e-01
   234  1.98361e+00  2.86241e-01  1.5333e-02  0.833    0.00 -1.69423e-02  7.06095e-03  3.38532e-14 -1.47257e-03  1.72190e-04  1.12892e-01
   234  1.97857e+00  2.87076e-01  2.0444e-02  0.944    0.00 -1.72351e-02  7.09449e-03  3.34967e-14 -1.94047e-03  1.69414e-04  1.12476e-01
   235  2.03057e+00  3.50783e-01 -2.0444e-02  0.056    0.00 -3.00100e-02  1.33883e-02  7.19119e-14  1.81094e-03  3.67384e-04  1.15753e-01
   235  2.02553e+00  3.51618e-01 -1.5333e-02  0.167    0.00 -3.03041e-02  1.34178e-02  7.08842e-14  1.34100e-03  3.68124e-04  1.15346e-01
   235  2.02049e+00  3.52453e-01 -1.0222e-02  0.278    0.00 -3.05982e-02  1.34473e-02  6.98856e-14  8.71345e-04  3.67978e-04  1.14939e-01
   235  2.01544e+00  3.53289e-01 -5.1111e-03  0.389    0.00 -3.08922e-02  1.34768e-02  6.89088e-14  4.01981e-04  3.66946e-04  1.14531e-01
   235  2.01040e+00  3.54124e-01  0.0000e+00  0.500    0.00 -3.11863e-02  1.35063e-02  6.79356e-14 -6.70918e-05  3.65027e-04  1.14124e-01
   235  2.00536e+00  3.54959e-01  5.1111e-03  0.611    0.00 -3.14803e-02  1.35357e-02  6.69679e-14 -5.35874e-04  3.62221e-04  1.13717e-01
   235  2.00032e+00  3.55795e-01  1.0222e-02  0.722    0.00 -3.17744e-02  1.35652e-02  6.60020e-14 -1.00436e-03  3.58528e-04  1.13309e-01
   235  1.99527e+00  3.56630e-01  1.5333e-02  0.833    0.00 -3.20685e-02  1.35947e-02  6.50216e-14 -1.47256e-03  3.53949e-04  1.12902e-01
   235  1.99023e+00  3.57465e-01  2.0444e-02  0.944    0.00 -3.23625e-02  1.36242e-02  6.40321e-14 -1.94047e-03  3.48484e-04  1.12495e-01
   236  2.04223e+00  4.21171e-01 -2.0444e-02  0.056    0.00 -4.51271e-02  1.99505e-02  1.07368e-13  1.81095e-03  7.44512e-04  1.15653e-01
   236  2.03719e+00  4.22007e-01 -1.5333e-02  0.167    0.00 -4.54225e-02  1.99759e-02  1.05741e-13  1.34100e-03  7.47275e-04  1.15264e-01
   236  2.03215e+00  4.22842e-01 -1.0222e-02  0.278    0.00 -4.57178e-02  2.00014e-02  1.04134e-13  8.71345e-04  7.48249e-04  1.14875e-01
   236  2.02710e+00  4.23677e-01 -5.1111e-03  0.389    0.00 -4.60132e-02  2.00268e-02  1.02536e-13  4.01981e-04  7.47435e-04  1.14486e-01
   236  2.02206e+00  4.24513e-01  0.0000e+00  0.500    0.00 -4.63086e-02  2.00522e-02  1.00943e-13 -6.70919e-05  7.44832e-04  1.14097e-01
   236  2.01702e+00  4.25348e-01  5.1111e-03  0.611    0.00 -4.66039e-02  2.00776e-02  9.93568e-14 -5.35874e-04  7.40441e-04  1.13708e-01
   236  2.01198e+00  4.26183e-01  1.0222e-02  0.722    0.00 -4.68993e-02  2.01031e-02  9.77780e-14 -1.00436e-03  7.34261e-04  1.13319e-01
   236  2.00693e+00  4.27019e-01  1.5333e-02  0.833    0.00 -4.71947e-02  2.01285e-02  9.62063e-14 -1.47257e-03  7.26293e-04  1.12930e-01
   236  2.00189e+00  4.27854e-01  2.0444e-02  0.944    0.00 -4.74900e-02  2.01539e-02  9.46566e-14 -1.94047e-03  7.16536e-04  1.12541e-01
   237  2.05389e+00  4.91560e-01 -2.0444e-02  0.056    0.00 -6.02442e-02  2.65127e-02  1.42900e-13  1.81094e-03  1.50831e-03  1.15467e-01
   237  2.04885e+00  4.92396e-01 -1.5333e-02  0.167    0.00 -6.05409e-02  2.65341e-02  1.40622e-13  1.34100e-03  1.51637e-03  1.15115e-01
   237  2.04381e+00  4.93231e-01 -1.0222e-02  0.278    0.00 -6.08375e-02  2.65554e-02  1.38374e-13  8.71345e-04  1.52080e-03  1.14763e-01
   237  2.03876e+00  4.94066e-01 -5.1111e-03  0.389    0.00 -6.11342e-02  2.65768e-02  1.36155e-13  4.01981e-04  1.52161e-03  1.14411e-01
   237  2.03372e+00  4.94901e-01  0.0000e+00  0.500    0.00 -6.14309e-02  2.65982e-02  1.33950e-13 -6.70919e-05  1.51879e-03  1.14060e-01
   237  2.02868e+00  4.95737e-01  5.1111e-03  0.611    0.00 -6.17275e-02  2.66195e-02  1.31760e-13 -5.35874e-04  1.51234e-03  1.13708e-01
   237  2.02364e+00  4.96572e-01  1.0222e-02  0.722    0.00 -6.20242e-02  2.66409e-02  1.29570e-13 -1.00436e-03  1.50227e-03  1.13356e-01
   237  2.01860e+00  4.97407e-01  1.5333e-02  0.833    0.00 -6.23208e-02  2.66622e-02  1.27369e-13 -1.47256e-03  1.48858e-03  1.13004e-01
   237  2.01355e+00  4.98243e-01  2.0444e-02  0.944    0.00 -6.26175e-02  2.66836e-02  1.25168e-13 -1.94047e-03  1.47125e-03  1.12652e-01
   238  2.06555e+00  5.61949e-01 -2.0444e-02  0.056    0.00 -7.53613e-02  3.30749e-02  1.78370e-13  1.81094e-03  3.06169e-03  1.15114e-01
   238  2.06051e+00  5.62784e-01 -1.5333e-02  0.167    0.00 -7.56593e-02  3.30922e-02  1.75474e-13  1.34100e-03  3.08174e-03  1.14838e-01
   238  2.05547e+00  5.63620e-01 -1.0222e-02  0.278    0.00 -7.59572e-02  3.31095e-02  1.72629e-13  8.71345e-04  3.09441e-03  1.14563e-01
   238  2.05043e+00  5.64455e-01 -5.1111e-03  0.389    0.00 -7.62552e-02  3.31268e-02  1.69792e-13  4.01981e-04  3.09971e-03  1.14287e-01
   238  2.04538e+00  5.65290e-01  0.0000e+00  0.500    0.00 -7.65532e-02  3.31441e-02  1.66969e-13 -6.70919e-05  3.09763e-03  1.14012e-01
   238  2.04034e+00  5.66125e-01  5.1111e-03  0.611    0.00 -7.68511e-02  3.31614e-02  1.64153e-13 -5.35874e-04  3.08818e-03  1.13736e-01
   238  2.03530e+00  5.66961e-01  1.0222e-02  0.722    0.00 -7.71491e-02  3.31787e-02  1.61352e-13 -1.00436e-03  3.07135e-03  1.13460e-01
   238  2.03026e+00  5.67796e-01  1.5333e-02  0.833    0.00 -7.74470e-02  3.31960e-02  1.58543e-13 -1.47256e-03  3.04714e-03  1.13185e-01
   238  2.02521e+00  5.68631e-01  2.0444e-02  0.944    0.00 -7.77450e-02  3.32133e-02  1.55727e-13 -1.94047e-03  3.01556e-03  1.12909e-01
   239  2.07721e+00  6.32338e-01 -2.0444e-02  0.056    0.00 -9.04784e-02  3.96371e-02  2.13928e-13  1.81095e-03  6.22676e-03  1.14432e-01
   239  2.07217e+00  6.33173e-01 -1.5333e-02  0.167    0.00 -9.07777e-02  3.96503e-02  2.10362e-13  1.34100e-03  6.27245e-03  1.14312e-01
   239  2.06713e+00  6.34008e-01 -1.0222e-02  0.278    0.00 -9.10769e-02  3.96636e-02  2.06863e-13  8.71345e-04  6.30311e-03  1.14193e-01
   239  2.06209e+00  6.34844e-01 -5.1111e-03  0.389    0.00 -9.13762e-02  3.96768e-02  2.03414e-13  4.01981e-04  6.31874e-03  1.14073e-01
   239  2.05704e+00  6.35679e-01  0.0000e+00  0.500    0.00 -9.16754e-02  3.96900e-02  1.99972e-13 -6.70919e-05  6.31936e-03  1.13953e-01
   239  2.05200e+00  6.36514e-01  5.1111e-03  0.611    0.00 -9.19747e-02  3.97033e-02  1.96545e-13 -5.35874e-04  6.30494e-03  1.13833e-01
   239  2.04696e+00  6.37350e-01  1.0222e-02  0.722    0.00 -9.22740e-02  3.97165e-02  1.93140e-13 -1.00436e-03  6.27551e-03  1.13714e-01
   239  2.04192e+00  6.38185e-01  1.5333e-02  0.833    0.00 -9.25732e-02  3.97298e-02  1.89706e-13 -1.47257e-03  6.23104e-03  1.13594e-01
   239  2.03687e+00  6.39020e-01  2.0444e-02  0.944    0.00 -9.28725e-02  3.97430e-02  1.86243e-13 -1.94047e-03  6.17155e-03  1.13474e-01
   240  2.08887e+00  7.02726e-01 -2.0444e-02  0.056    0.00 -1.05596e-01  4.61993e-02  2.49347e-13  1.81094e-03  1.26811e-02  1.13090e-01
   240  2.08383e+00  7.03562e-01 -1.5333e-02  0.167    0.00 -1.05896e-01  4.62085e-02  2.45222e-13  1.34100e-03  1.27803e-02  1.13289e-01
   240  2.07879e+00  7.04397e-01 -1.0222e-02  0.278    0.00 -1.06197e-01  4.62176e-02  2.41118e-13  8.71345e-04  1.28489e-02  1.13487e-01
   240  2.07375e+00  7.05232e-01 -5.1111e-03  0.389    0.00 -1.06497e-01  4.62268e-02  2.37051e-13  4.01981e-04  1.28868e-02  1.13686e-01
   240  2.06870e+00  7.06068e-01  0.0000e+00  0.500    0.00 -1.06798e-01  4.62360e-02  2.32991e-13 -6.70919e-05  1.28941e-02  1.13884e-01
   240  2.06366e+00  7.06903e-01  5.1111e-03  0.611    0.00 -1.07098e-01  4.62452e-02  2.28967e-13 -5.35874e-04  1.28707e-02  1.14083e-01
   240  2.05862e+00  7.07738e-01  1.0222e-02  0.722    0.00 -1.07399e-01  4.62543e-02  2.24922e-13 -1.00436e-03  1.28167e-02  1.14281e-01
   240  2.05358e+00  7.08574e-01  1.5333e-02  0.833    0.00 -1.07699e-01  4.62635e-02  2.20884e-13 -1.47256e-03  1.27321e-02  1.14480e-01
   240  2.04853e+00  7.09409e-01  2.0444e-02  0.944    0.00 -1.08000e-01  4.62727e-02  2.16874e-13 -1.94047e-03  1.26169e-02  1.14678e-01
   241  2.10053e+00  7.73115e-01 -2.0444e-02  0.056    0.00 -1.20713e-01  5.27615e-02  2.84876e-13  9.05473e-04  2.65859e-02  1.10099e-01
   241  2.09549e+00  7.73951e-01 -1.5333e-02  0.167    0.00 -1.21014e-01  5.27666e-02  2.80081e-13  6.70500e-04  2.21346e-02  1.10654e-01
   241  2.09045e+00  7.74786e-01 -1.0222e-02  0.278    0.00 -1.21316e-01  5.27717e-02  2.75373e-13  4.35672e-04  1.76626e-02  1.11209e-01
   241  2.08541e+00  7.75621e-01 -5.1111e-03  0.389    0.00 -1.21618e-01  5.27768e-02  2.70687e-13  2.00991e-04  1.31702e-02  1.11765e-01
   241  2.08036e+00  7.76456e-01  0.0000e+00  0.500    0.00 -1.21920e-01  5.27819e-02  2.65994e-13 -3.35459e-05  8.65710e-03  1.12320e-01
   241  2.07532e+00  7.77292e-01  5.1111e-03  0.611    0.00 -1.22222e-01  5.27870e-02  2.61338e-13 -2.67937e-04  4.12346e-03  1.12875e-01
   241  2.07028e+00  7.78127e-01  1.0222e-02  0.722    0.00 -1.22524e-01  5.27922e-02  2.56718e-13 -5.02182e-04 -4.30755e-04  1.13431e-01
   241  2.06524e+00  7.78962e-01  1.5333e-02  0.833    0.00 -1.22826e-01  5.27973e-02  2.52025e-13 -7.36283e-04 -5.00555e-03  1.13986e-01
   241  2.06019e+00  7.79798e-01  2.0444e-02  0.944    0.00 -1.23127e-01  5.28024e-02  2.47383e-13 -9.70237e-04 -9.60091e-03  1.14542e-01
   242 -1.04541e+00 -1.13637e+00 -2.0444e-02  0.056    0.00  2.43873e-01 -1.05629e-01 -5.71075e-13  9.14515e-04  1.61458e-03  1.56966e-01
   242 -1.04037e+00 -1.13719e+00 -1.5333e-02  0.167    0.00  2.43607e-01 -1.05516e-01 -5.60569e-13  6.79603e-04  1.42653e-03  1.56477e-01
   242 -1.03532e+00 -1.13802e+00 -1.0222e-02  0.278    0.00  2.43342e-01 -1.05402e-01 -5.50222e-13  4.44797e-04  1.23644e-03  1.55988e-01
   242 -1.03028e+00 -1.13885e+00 -5.1111e-03  0.389    0.00  2.43076e-01 -1.05288e-01 -5.40036e-13  2.10097e-04  1.04431e-03  1.55500e-01
   242 -1.02524e+00 -1.13968e+00  0.0000e+00  0.500    0.00  2.42811e-01 -1.05175e-01 -5.29879e-13 -2.44969e-05  8.50137e-04  1.55011e-01
   242 -1.02019e+00 -1.14051e+00  5.1111e-03  0.611    0.00  2.42545e-01 -1.05061e-01 -5.19765e-13 -2.58984e-04  6.53929e-04  1.54522e-01
   242 -1.01515e+00 -1.14134e+00  1.0222e-02  0.722    0.00  2.42280e-01 -1.04947e-01 -5.09652e-13 -4.93366e-04  4.55682e-04  1.54033e-01
   242 -1.01011e+00 -1.14217e+00  1.5333e-02  0.833    0.00  2.42014e-01 -1.04833e-01 -4.99524e-13 -7.27641e-04  2.55395e-04  1.53545e-01
   242 -1.00506e+00 -1.14299e+00  2.0444e-02  0.944    0.00  2.41749e-01 -1.04720e-01 -4.89308e-13 -9.61810e-04  5.30700e-05  1.53056e-01
   243 -1.03358e+00 -1.06435e+00 -2.0444e-02  0.056    0.00  2.28404e-01 -9.89197e-02 -5.34754e-13  1.82903e-03  1.16296e-03  1.56918e-01
   243 -1.02854e+00 -1.06518e+00 -1.5333e-02  0.167    0.00  2.28138e-01 -9.88090e-02 -5.24844e-13  1.35921e-03  1.19051e-03  1.56465e-01
   243 -1.02349e+00 -1.06601e+00 -1.0222e-02  0.278    0.00  2.27871e-01 -9.86983e-02 -5.15181e-13  8.89594e-04  1.21505e-03  1.56012e-01
   243 -1.01845e+00 -1.06684e+00 -5.1111e-03  0.389    0.00  2.27605e-01 -9.85877e-02 -5.05621e-13  4.20194e-04  1.23660e-03  1.55559e-01
   243 -1.01341e+00 -1.06767e+00  0.0000e+00  0.500    0.00  2.27338e-01 -9.84770e-02 -4.96104e-13 -4.89937e-05  1.25515e-03  1.55105e-01
   243 -1.00836e+00 -1.06850e+00  5.1111e-03  0.611    0.00  2.27072e-01 -9.83663e-02 -4.86631e-13 -5.17969e-04  1.27070e-03  1.54652e-01
   243 -1.00332e+00 -1.06933e+00  1.0222e-02  0.722    0.00  2.26805e-01 -9.82556e-02 -4.77157e-13 -9.86731e-04  1.28324e-03  1.54199e-01
   243 -9.98276e-01 -1.07015e+00  1.5333e-02  0.833    0.00  2.26539e-01 -9.81449e-02 -4.67640e-13 -1.45528e-03  1.29279e-03  1.53746e-01
   243 -9.93232e-01 -1.07098e+00  2.0444e-02  0.944    0.00  2.26272e-01 -9.80342e-02 -4.58065e-13 -1.92362e-03  1.29933e-03  1.53293e-01
   244 -1.02175e+00 -9.92342e-01 -2.0444e-02  0.056    0.00  2.12935e-01 -9.22100e-02 -4.98287e-13  1.82903e-03  5.28390e-04  1.56948e-01
   244 -1.01671e+00 -9.93171e-01 -1.5333e-02  0.167    0.00  2.12668e-01 -9.21023e-02 -4.89134e-13  1.35921e-03  5.49363e-04  1.56527e-01
   244 -1.01166e+00 -9.93999e-01 -1.0222e-02  0.278    0.00  2.12400e-01 -9.19947e-02 -4.80140e-13  8.89594e-04  5.68883e-04  1.56105e-01
   244 -1.00662e+00 -9.94828e-01 -5.1111e-03  0.389    0.00  2.12133e-01 -9.18870e-02 -4.71191e-13  4.20194e-04  5.86950e-04  1.55683e-01
   244 -1.00158e+00 -9.95657e-01  0.0000e+00  0.500    0.00  2.11866e-01 -9.17794e-02 -4.62300e-13 -4.89938e-05  6.03563e-04  1.55261e-01
   244 -9.96533e-01 -9.96485e-01  5.1111e-03  0.611    0.00  2.11598e-01 -9.16717e-02 -4.53467e-13 -5.17969e-04  6.18723e-04  1.54839e-01
   244 -9.91489e-01 -9.97314e-01  1.0222e-02  0.722    0.00  2.11331e-01 -9.15641e-02 -4.44634e-13 -9.86731e-04  6.32430e-04  1.54417e-01
   244 -9.86446e-01 -9.98142e-01  1.5333e-02  0.833    0.00  2.11063e-01 -9.14564e-02 -4.35772e-13 -1.45528e-03  6.44683e-04  1.53995e-01
   244 -9.81402e-01 -9.98971e-01  2.0444e-02  0.944    0.00  2.10796e-01 -9.13488e-02 -4.26895e-13 -1.92362e-03  6.55482e-04  1.53573e-01
   245 -1.00992e+00 -9.20330e-01 -2.0444e-02  0.056    0.00  1.97467e-01 -8.55002e-02 -4.61951e-13  1.82903e-03  2.25207e-04  1.57033e-01
   245 -1.00488e+00 -9.21159e-01 -1.5333e-02  0.167    0.00  1.97198e-01 -8.53956e-02 -4.53496e-13  1.35921e-03  2.42412e-04  1.56626e-01
   245 -9.99833e-01 -9.21988e-01 -1.0222e-02  0.278    0.00  1.96930e-01 -8.52910e-02 -4.45143e-13  8.89594e-04  2.58908e-04  1.56219e-01
   245 -9.94789e-01 -9.22816e-01 -5.1111e-03  0.389    0.00  1.96661e-01 -8.51864e-02 -4.36805e-13  4.20194e-04  2.74697e-04  1.55812e-01
   245 -9.89746e-01 -9.23645e-01  0.0000e+00  0.500    0.00  1.96393e-01 -8.50818e-02 -4.28539e-13 -4.89938e-05  2.89777e-04  1.55405e-01
   245 -9.84702e-01 -9.24473e-01  5.1111e-03  0.611    0.00  1.96124e-01 -8.49771e-02 -4.20332e-13 -5.17969e-04  3.04148e-04  1.54998e-01
   245 -9.79659e-01 -9.25302e-01  1.0222e-02  0.722    0.00  1.95856e-01 -8.48725e-02 -4.12096e-13 -9.86731e-04  3.17812e-04  1.54591e-01
   245 -9.74615e-01 -9.26130e-01  1.5333e-02  0.833    0.00  1.95588e-01 -8.47679e-02 -4.03859e-13 -1.45528e-03  3.30767e-04  1.54184e-01
   245 -9.69572e-01 -9.26959e-01  2.0444e-02  0.944    0.00  1.95319e-01 -8.46633e-02 -3.95667e-13 -1.92362e-03  3.43013e-04  1.53777e-01
   246 -9.98089e-01 -8.48319e-01 -2.0444e-02  0.056    0.00  1.81998e-01 -7.87905e-02 -4.25629e-13  1.82903e-03  8.16560e-05  1.57138e-01
   246 -9.93046e-01 -8.49147e-01 -1.5333e-02  0.167    0.00  1.81728e-01 -7.86889e-02 -4.17785e-13  1.35921e-03  9.64444e-05  1.56738e-01
   246 -9.88002e-01 -8.49976e-01 -1.0222e-02  0.278    0.00  1.81459e-01 -7.85873e-02 -4.10088e-13  8.89594e-04  1.10883e-04  1.56338e-01
   246 -9.82959e-01 -8.50804e-01 -5.1111e-03  0.389    0.00  1.81190e-01 -7.84857e-02 -4.02433e-13  4.20194e-04  1.24972e-04  1.55939e-01
   246 -9.77915e-01 -8.51633e-01  0.0000e+00  0.500    0.00  1.80920e-01 -7.83841e-02 -3.94793e-13 -4.89938e-05  1.38712e-04  1.55539e-01
   246 -9.72872e-01 -8.52461e-01  5.1111e-03  0.611    0.00  1.80651e-01 -7.82826e-02 -3.87183e-13 -5.17969e-04  1.52102e-04  1.55139e-01
   246 -9.67828e-01 -8.53290e-01  1.0222e-02  0.722    0.00  1.80381e-01 -7.81810e-02 -3.79587e-13 -9.86731e-04  1.65142e-04  1.54739e-01
   246 -9.62785e-01 -8.54118e-01  1.5333e-02  0.833    0.00  1.80112e-01 -7.80794e-02 -3.71947e-13 -1.45528e-03  1.77833e-04  1.54339e-01
   246 -9.57741e-01 -8.54947e-01  2.0444e-02  0.944    0.00  1.79843e-01 -7.79778e-02 -3.64264e-13 -1.92362e-03  1.90174e-04  1.53939e-01
   247 -9.86259e-01 -7.76307e-01 -2.0444e-02  0.056    0.00  1.66529e-01 -7.20807e-02 -3.89293e-13  1.82903e-03  1.50029e-05  1.57248e-01
   247 -9.81215e-01 -7.77135e-01 -1.5333e-02  0.167    0.00  1.66259e-01 -7.19822e-02 -3.82090e-13  1.35921e-03  2.80265e-05  1.56851e-01
   247 -9.76172e-01 -7.77964e-01 -1.0222e-02  0.278    0.00  1.65988e-01 -7.18836e-02 -3.75003e-13  8.89594e-04  4.08732e-05  1.56454e-01
   247 -9.71128e-01 -7.78792e-01 -5.1111e-03  0.389    0.00  1.65718e-01 -7.17851e-02 -3.67989e-13  4.20194e-04  5.35428e-05  1.56058e-01
   247 -9.66085e-01 -7.79621e-01  0.0000e+00  0.500    0.00  1.65448e-01 -7.16865e-02 -3.60975e-13 -4.89938e-05  6.60354e-05  1.55661e-01
   247 -9.61041e-01 -7.80449e-01  5.1111e-03  0.611    0.00  1.65177e-01 -7.15880e-02 -3.54034e-13 -5.17969e-04  7.83511e-05  1.55265e-01
   247 -9.55998e-01 -7.81278e-01  1.0222e-02  0.722    0.00  1.64907e-01 -7.14894e-02 -3.47078e-13 -9.86731e-04  9.04897e-05  1.54868e-01
   247 -9.50954e-01 -7.82107e-01  1.5333e-02  0.833    0.00  1.64637e-01 -7.13909e-02 -3.40078e-13 -1.45528e-03  1.02451e-04  1.54471e-01
   247 -9.45911e-01 -7.82935e-01  2.0444e-02  0.944    0.00  1.64366e-01 -7.12923e-02 -3.33035e-13 -1.92362e-03  1.14236e-04  1.54075e-01
   248 -9.74429e-01 -7.04295e-01 -2.0444e-02  0.056    0.00  1.51060e-01 -6.53710e-02 -3.53000e-13  1.82903e-03 -1.46168e-05  1.57353e-01
   248 -9.69385e-01 -7.05123e-01 -1.5333e-02  0.167    0.00  1.50789e-01 -6.52755e-02 -3.46437e-13  1.35921e-03 -3.04432e-06  1.56958e-01
   248 -9.64342e-01 -7.05952e-01 -1.0222e-02  0.278    0.00  1.50518e-01 -6.51800e-02 -3.39976e-13  8.89594e-04  8.43413e-06  1.56563e-01
   248 -9.59298e-01 -7.06780e-01 -5.1111e-03  0.389    0.00  1.50246e-01 -6.50844e-02 -3.33588e-13  4.20194e-04  1.98185e-05  1.56168e-01
   248 -9.54255e-01 -7.07609e-01  0.0000e+00  0.500    0.00  1.49975e-01 -6.49889e-02 -3.27214e-13 -4.89938e-05  3.11089e-05  1.55773e-01
   248 -9.49211e-01 -7.08438e-01  5.1111e-03  0.611    0.00  1.49704e-01 -6.48934e-02 -3.20884e-13 -5.17969e-04  4.23052e-05  1.55377e-01
   248 -9.44168e-01 -7.09266e-01  1.0222e-02  0.722    0.00  1.49432e-01 -6.47979e-02 -3.14554e-13 -9.86731e-04  5.34074e-05  1.54982e-01
   248 -9.39124e-01 -7.10095e-01  1.5333e-02  0.833    0.00  1.49161e-01 -6.47024e-02 -3.08180e-13 -1.45528e-03  6.44156e-05  1.54587e-01
   248 -9.34081e-01 -7.10923e-01  2.0444e-02  0.944    0.00  1.48890e-01 -6.46068e-02 -3.01792e-13 -1.92362e-03  7.53297e-05  1.54192e-01
   249 -9.62598e-01 -6.32283e-01 -2.0444e-02  0.056    0.00  1.35591e-01 -5.86613e-02 -3.16664e-13  1.82903e-03 -2.64010e-05  1.57452e-01
   249 -9.57555e-01 -6.33111e-01 -1.5333e-02  0.167    0.00  1.35319e-01 -5.85688e-02 -3.10756e-13  1.35921e-03 -1.61287e-05  1.57057e-01
   249 -9.52511e-01 -6.33940e-01 -1.0222e-02  0.278    0.00  1.35047e-01 -5.84763e-02 -3.04950e-13  8.89594e-04 -5.91070e-06  1.56662e-01
   249 -9.47468e-01 -6.34769e-01 -5.1111e-03  0.389    0.00  1.34775e-01 -5.83838e-02 -2.99187e-13  4.20194e-04  4.25306e-06  1.56268e-01
   249 -9.42424e-01 -6.35597e-01  0.0000e+00  0.500    0.00  1.34502e-01 -5.82913e-02 -2.93439e-13 -4.89937e-05  1.43626e-05  1.55873e-01
   249 -9.37381e-01 -6.36426e-01  5.1111e-03  0.611    0.00  1.34230e-01 -5.81988e-02 -2.87735e-13 -5.17969e-04  2.44178e-05  1.55479e-01
   249 -9.32337e-01 -6.37254e-01  1.0222e-02  0.722    0.00  1.33958e-01 -5.81063e-02 -2.82045e-13 -9.86731e-04  3.44187e-05  1.55084e-01
   249 -9.27294e-01 -6.38083e-01  1.5333e-02  0.833    0.00  1.33685e-01 -5.80139e-02 -2.76283e-13 -1.45528e-03  4.43654e-05  1.54689e-01
   249 -9.22250e-01 -6.38911e-01  2.0444e-02  0.944    0.00  1.33413e-01 -5.79214e-02 -2.70535e-13 -1.92362e-03  5.42578e-05  1.54295e-01
   250 -9.50768e-01 -5.60271e-01 -2.0444e-02  0.056    0.00  1.20123e-01 -5.19515e-02 -2.80277e-13  1.82903e-03 -2.95861e-05  1.57541e-01
   250 -9.45724e-01 -5.61099e-01 -1.5333e-02  0.167    0.00  1.19849e-01 -5.18621e-02 -2.75068e-13  1.35921e-03 -2.05409e-05  1.57146e-01
   250 -9.40681e-01 -5.61928e-01 -1.0222e-02  0.278    0.00  1.19576e-01 -5.17726e-02 -2.69902e-13  8.89594e-04 -1.15309e-05  1.56752e-01
   250 -9.35637e-01 -5.62757e-01 -5.1111e-03  0.389    0.00  1.19303e-01 -5.16831e-02 -2.64765e-13  4.20194e-04 -2.55626e-06  1.56357e-01
   250 -9.30594e-01 -5.63585e-01  0.0000e+00  0.500    0.00  1.19030e-01 -5.15937e-02 -2.59664e-13 -4.89938e-05  6.38308e-06  1.55963e-01
   250 -9.25550e-01 -5.64414e-01  5.1111e-03  0.611    0.00  1.18756e-01 -5.15042e-02 -2.54586e-13 -5.17969e-04  1.52871e-05  1.55568e-01
   250 -9.20507e-01 -5.65242e-01  1.0222e-02  0.722    0.00  1.18483e-01 -5.14148e-02 -2.49500e-13 -9.86731e-04  2.41558e-05  1.55174e-01
   250 -9.15463e-01 -5.66071e-01  1.5333e-02  0.833    0.00  1.18210e-01 -5.13253e-02 -2.44421e-13 -1.45528e-03  3.29893e-05  1.54780e-01
   250 -9.10420e-01 -5.66899e-01  2.0444e-02  0.944    0.00  1.17937e-01 -5.12359e-02 -2.39372e-13 -1.92362e-03  4.17874e-05  1.54385e-01
   251 -9.38938e-01 -4.88259e-01 -2.0444e-02  0.056    0.00  1.04654e-01 -4.52418e-02 -2.44043e-13  1.82903e-03 -2.86270e-05  1.57619e-01
   251 -9.33894e-01 -4.89088e-01 -1.5333e-02  0.167    0.00  1.04380e-01 -4.51553e-02 -2.39408e-13  1.35921e-03 -2.07738e-05  1.57225e-01
   251 -9.28851e-01 -4.89916e-01 -1.0222e-02  0.278    0.00  1.04105e-01 -4.50689e-02 -2.34861e-13  8.89594e-04 -1.29470e-05  1.56830e-01
   251 -9.23807e-01 -4.90745e-01 -5.1111e-03  0.389    0.00  1.03831e-01 -4.49825e-02 -2.30379e-13  4.20194e-04 -5.14659e-06  1.56436e-01
   251 -9.18764e-01 -4.91573e-01  0.0000e+00  0.500    0.00  1.03557e-01 -4.48961e-02 -2.25882e-13 -4.89938e-05  2.62747e-06  1.56042e-01
   251 -9.13720e-01 -4.92402e-01  5.1111e-03  0.611    0.00  1.03283e-01 -4.48097e-02 -2.21422e-13 -5.17969e-04  1.03751e-05  1.55647e-01
   251 -9.08677e-01 -4.93230e-01  1.0222e-02  0.722    0.00  1.03008e-01 -4.47232e-02 -2.16991e-13 -9.86731e-04  1.80965e-05  1.55253e-01
   251 -9.03633e-01 -4.94059e-01  1.5333e-02  0.833    0.00  1.02734e-01 -4.46368e-02 -2.12523e-13 -1.45528e-03  2.57914e-05  1.54858e-01
   251 -8.98590e-01 -4.94888e-01  2.0444e-02  0.944    0.00  1.02460e-01 -4.45504e-02 -2.08063e-13 -1.92362e-03  3.34600e-05  1.54464e-01
   252 -9.27107e-01 -4.16247e-01 -2.0444e-02  0.056    0.00  8.91850e-02 -3.85320e-02 -2.07678e-13  1.82903e-03 -2.56708e-05  1.57688e-01
   252 -9.22064e-01 -4.17076e-01 -1.5333e-02  0.167    0.00  8.89098e-02 -3.84486e-02 -2.03720e-13  1.35921e-03 -1.89929e-05  1.57293e-01
   252 -9.17020e-01 -4.17904e-01 -1.0222e-02  0.278    0.00  8.86346e-02 -3.83652e-02 -1.99812e-13  8.89594e-04 -1.23373e-05  1.56898e-01
   252 -9.11977e-01 -4.18733e-01 -5.1111e-03  0.389    0.00  8.83594e-02 -3.82819e-02 -1.95956e-13  4.20194e-04 -5.70398e-06  1.56504e-01
   252 -9.06933e-01 -4.19561e-01  0.0000e+00  0.500    0.00  8.80842e-02 -3.81985e-02 -1.92114e-13 -4.89938e-05  9.07087e-07  1.56109e-01
   252 -9.01890e-01 -4.20390e-01  5.1111e-03  0.611    0.00  8.78090e-02 -3.81151e-02 -1.88295e-13 -5.17969e-04  7.49589e-06  1.55715e-01
   252 -8.96846e-01 -4.21219e-01  1.0222e-02  0.722    0.00  8.75338e-02 -3.80317e-02 -1.84475e-13 -9.86731e-04  1.40624e-05  1.55320e-01
   252 -8.91803e-01 -4.22047e-01  1.5333e-02  0.833    0.00  8.72586e-02 -3.79483e-02 -1.80611e-13 -1.45528e-03  2.06067e-05  1.54925e-01
   252 -8.86759e-01 -4.22876e-01  2.0444e-02  0.944    0.00  8.69834e-02 -3.78649e-02 -1.76784e-13 -1.92362e-03  2.71287e-05  1.54531e-01
   253 -9.15277e-01 -3.44235e-01 -2.0444e-02  0.056    0.00  7.37162e-02 -3.18223e-02 -1.71291e-13  1.82903e-03 -2.17515e-05  1.57745e-01
   253 -9.10233e-01 -3.45064e-01 -1.5333e-02  0.167    0.00  7.34401e-02 -3.17419e-02 -1.68024e-13  1.35921e-03 -1.62405e-05  1.57350e-01
   253 -9.05190e-01 -3.45892e-01 -1.0222e-02  0.278    0.00  7.31639e-02 -3.16616e-02 -1.64771e-13  8.89594e-04 -1.07501e-05  1.56956e-01
   253 -9.00146e-01 -3.46721e-01 -5.1111e-03  0.389    0.00  7.28877e-02 -3.15812e-02 -1.61548e-13  4.20194e-04 -5.28011e-06  1.56561e-01
   253 -8.95103e-01 -3.47550e-01  0.0000e+00  0.500    0.00  7.26116e-02 -3.15009e-02 -1.58347e-13 -4.89938e-05  1.69360e-07  1.56166e-01
   253 -8.90059e-01 -3.48378e-01  5.1111e-03  0.611    0.00  7.23354e-02 -3.14205e-02 -1.55131e-13 -5.17969e-04  5.59834e-06  1.55771e-01
   253 -8.85016e-01 -3.49207e-01  1.0222e-02  0.722    0.00  7.20592e-02 -3.13402e-02 -1.51944e-13 -9.86731e-04  1.10068e-05  1.55376e-01
   253 -8.79972e-01 -3.50035e-01  1.5333e-02  0.833    0.00  7.17830e-02 -3.12598e-02 -1.48757e-13 -1.45528e-03  1.63948e-05  1.54982e-01
   253 -8.74929e-01 -3.50864e-01  2.0444e-02  0.944    0.00  7.15069e-02 -3.11795e-02 -1.45570e-13 -1.92362e-03  2.17623e-05  1.54587e-01
   254 -9.03446e-01 -2.72223e-01 -2.0444e-02  0.056    0.00  5.82474e-02 -2.51125e-02 -1.34994e-13  1.82903e-03 -1.73725e-05  1.57792e-01
   254 -8.98403e-01 -2.73052e-01 -1.5333e-02  0.167    0.00  5.79703e-02 -2.50352e-02 -1.32342e-13  1.35921e-03 -1.30247e-05  1.57397e-01
   254 -8.93359e-01 -2.73880e-01 -1.0222e-02  0.278    0.00  5.76932e-02 -2.49579e-02 -1.29727e-13  8.89594e-04 -8.69671e-06  1.57002e-01
   254 -8.88316e-01 -2.74709e-01 -5.1111e-03  0.389    0.00  5.74160e-02 -2.48806e-02 -1.27133e-13  4.20194e-04 -4.38858e-06  1.56607e-01
   254 -8.83272e-01 -2.75538e-01  0.0000e+00  0.500    0.00  5.71389e-02 -2.48033e-02 -1.24553e-13 -4.89938e-05 -1.00280e-07  1.56212e-01
   254 -8.78229e-01 -2.76366e-01  5.1111e-03  0.611    0.00  5.68617e-02 -2.47259e-02 -1.21992e-13 -5.17969e-04  4.16818e-06  1.55817e-01
   254 -8.73185e-01 -2.77195e-01  1.0222e-02  0.722    0.00  5.65846e-02 -2.46486e-02 -1.19435e-13 -9.86731e-04  8.41680e-06  1.55422e-01
   254 -8.68142e-01 -2.78023e-01  1.5333e-02  0.833    0.00  5.63075e-02 -2.45713e-02 -1.16856e-13 -1.45528e-03  1.26456e-05  1.55027e-01
   254 -8.63098e-01 -2.78852e-01  2.0444e-02  0.944    0.00  5.60303e-02 -2.44940e-02 -1.14291e-13 -1.92362e-03  1.68545e-05  1.54632e-01
   255 -8.91616e-01 -2.00211e-01 -2.0444e-02  0.056    0.00  4.27786e-02 -1.84028e-02 -9.86875e-14  1.82903e-03 -1.27733e-05  1.57827e-01
   255 -8.86573e-01 -2.01040e-01 -1.5333e-02  0.167    0.00  4.25005e-02 -1.83285e-02 -9.66611e-14  1.35921e-03 -9.58669e-06  1.57432e-01
   255 -8.81529e-01 -2.01869e-01 -1.0222e-02  0.278    0.00  4.22224e-02 -1.82542e-02 -9.46857e-14  8.89594e-04 -6.41980e-06  1.57037e-01
   255 -8.76486e-01 -2.02697e-01 -5.1111e-03  0.389    0.00  4.19443e-02 -1.81799e-02 -9.27284e-14  4.20194e-04 -3.27262e-06  1.56642e-01
   255 -8.71442e-01 -2.03526e-01  0.0000e+00  0.500    0.00  4.16662e-02 -1.81056e-02 -9.07785e-14 -4.89938e-05 -1.45153e-07  1.56247e-01
   255 -8.66399e-01 -2.04354e-01  5.1111e-03  0.611    0.00  4.13881e-02 -1.80314e-02 -8.88504e-14 -5.17969e-04  2.96261e-06  1.55851e-01
   255 -8.61355e-01 -2.05183e-01  1.0222e-02  0.722    0.00  4.11100e-02 -1.79571e-02 -8.69186e-14 -9.86731e-04  6.05065e-06  1.55456e-01
   255 -8.56312e-01 -2.06011e-01  1.5333e-02  0.833    0.00  4.08319e-02 -1.78828e-02 -8.49686e-14 -1.45528e-03  9.11899e-06  1.55061e-01
   255 -8.51268e-01 -2.06840e-01  2.0444e-02  0.944    0.00  4.05538e-02 -1.78085e-02 -8.30078e-14 -1.92362e-03  1.21676e-05  1.54666e-01
   256 -8.79786e-01 -1.28200e-01 -2.0444e-02  0.056    0.00  2.73098e-02 -1.16930e-02 -6.23240e-14  1.82903e-03 -8.05792e-06  1.57852e-01
   256 -8.74742e-01 -1.29028e-01 -1.5333e-02  0.167    0.00  2.70308e-02 -1.16218e-02 -6.09762e-14  1.35921e-03 -6.03175e-06  1.57457e-01
   256 -8.69699e-01 -1.29857e-01 -1.0222e-02  0.278    0.00  2.67517e-02 -1.15505e-02 -5.96410e-14  8.89594e-04 -4.02545e-06  1.57061e-01
   256 -8.64655e-01 -1.30685e-01 -5.1111e-03  0.389    0.00  2.64726e-02 -1.14793e-02 -5.83241e-14  4.20194e-04 -2.03900e-06  1.56666e-01
   256 -8.59612e-01 -1.31514e-01  0.0000e+00  0.500    0.00  2.61935e-02 -1.14080e-02 -5.70089e-14 -4.89937e-05 -7.24229e-08  1.56271e-01
   256 -8.54568e-01 -1.32342e-01  5.1111e-03  0.611    0.00  2.59145e-02 -1.13368e-02 -5.57011e-14 -5.17969e-04  1.87429e-06  1.55875e-01
   256 -8.49525e-01 -1.33171e-01  1.0222e-02  0.722    0.00  2.56354e-02 -1.12655e-02 -5.43969e-14 -9.86731e-04  3.80114e-06  1.55480e-01
   256 -8.44481e-01 -1.33999e-01  1.5333e-02  0.833    0.00  2.53563e-02 -1.11943e-02 -5.30799e-14 -1.45528e-03  5.70813e-06  1.55084e-01
   256 -8.39438e-01 -1.34828e-01  2.0444e-02  0.944    0.00  2.50772e-02 -1.11230e-02 -5.17630e-14 -1.92362e-03  7.59526e-06  1.54689e-01
   257 -8.67955e-01 -5.61876e-02 -2.0444e-02  0.056    0.00  1.18410e-02 -4.98331e-03 -2.59897e-14  1.82903e-03 -3.28019e-06  1.57866e-01
   257 -8.62912e-01 -5.70162e-02 -1.5333e-02  0.167    0.00  1.15610e-02 -4.91508e-03 -2.52930e-14  1.35921e-03 -2.41361e-06  1.57470e-01
   257 -8.57868e-01 -5.78448e-02 -1.0222e-02  0.278    0.00  1.12810e-02 -4.84686e-03 -2.46018e-14  8.89594e-04 -1.56720e-06  1.57075e-01
   257 -8.52825e-01 -5.86733e-02 -5.1111e-03  0.389    0.00  1.10009e-02 -4.77864e-03 -2.39161e-14  4.20194e-04 -7.40967e-07  1.56679e-01
   257 -8.47781e-01 -5.95019e-02  0.0000e+00  0.500    0.00  1.07209e-02 -4.71042e-03 -2.32330e-14 -4.89938e-05  6.50974e-08  1.56283e-01
   257 -8.42738e-01 -6.03305e-02  5.1111e-03  0.611    0.00  1.04408e-02 -4.64220e-03 -2.25527e-14 -5.17969e-04  8.50990e-07  1.55888e-01
   257 -8.37694e-01 -6.11590e-02  1.0222e-02  0.722    0.00  1.01608e-02 -4.57398e-03 -2.18733e-14 -9.86731e-04  1.61671e-06  1.55492e-01
   257 -8.32651e-01 -6.19876e-02  1.5333e-02  0.833    0.00  9.88074e-03 -4.50576e-03 -2.11885e-14 -1.45528e-03  2.36226e-06  1.55097e-01
   257 -8.27607e-01 -6.28162e-02  2.0444e-02  0.944    0.00  9.60070e-03 -4.43754e-03 -2.05055e-14 -1.92362e-03  3.08764e-06  1.54701e-01
   258 -8.56125e-01  1.58243e-02 -2.0444e-02  0.056    0.00 -3.62774e-03  1.72644e-03  1.03435e-14  1.82903e-03  1.52663e-06  1.57869e-01
   258 -8.51082e-01  1.49957e-02 -1.5333e-02  0.167    0.00 -3.90876e-03  1.79162e-03  1.03910e-14  1.35921e-03  1.23373e-06  1.57473e-01
   258 -8.46038e-01  1.41671e-02 -1.0222e-02  0.278    0.00 -4.18977e-03  1.85681e-03  1.04396e-14  8.89594e-04  9.20286e-07  1.57077e-01
   258 -8.40995e-01  1.33386e-02 -5.1111e-03  0.389    0.00 -4.47078e-03  1.92200e-03  1.04906e-14  4.20194e-04  5.86291e-07  1.56681e-01
   258 -8.35951e-01  1.25100e-02  0.0000e+00  0.500    0.00 -4.75180e-03  1.98719e-03  1.05424e-14 -4.89938e-05  2.31748e-07  1.56285e-01
   258 -8.30908e-01  1.16814e-02  5.1111e-03  0.611    0.00 -5.03281e-03  2.05238e-03  1.05938e-14 -5.17969e-04 -1.43344e-07  1.55890e-01
   258 -8.25864e-01  1.08529e-02  1.0222e-02  0.722    0.00 -5.31382e-03  2.11756e-03  1.06465e-14 -9.86731e-04 -5.38984e-07  1.55494e-01
   258 -8.20821e-01  1.00243e-02  1.5333e-02  0.833    0.00 -5.59484e-03  2.18275e-03  1.06984e-14 -1.45528e-03 -9.55172e-07  1.55098e-01
   258 -8.15777e-01  9.19574e-03  2.0444e-02  0.944    0.00 -5.87585e-03  2.24794e-03  1.07511e-14 -1.92362e-03 -1.39191e-06  1.54702e-01
   259 -8.44295e-01  8.78361e-02 -2.0444e-02  0.056    0.00 -1.90965e-02  8.43618e-03  4.66771e-14  1.82903e-03  6.36283e-06  1.57861e-01
   259 -8.39251e-01  8.70076e-02 -1.5333e-02  0.167    0.00 -1.93785e-02  8.49833e-03  4.60695e-14  1.35921e-03  4.91049e-06  1.57465e-01
   259 -8.34208e-01  8.61790e-02 -1.0222e-02  0.278    0.00 -1.96605e-02  8.56049e-03  4.54820e-14  8.89594e-04  3.43717e-06  1.57069e-01
   259 -8.29164e-01  8.53505e-02 -5.1111e-03  0.389    0.00 -1.99425e-02  8.62264e-03  4.48999e-14  4.20194e-04  1.94285e-06  1.56673e-01
   259 -8.24121e-01  8.45219e-02  0.0000e+00  0.500    0.00 -2.02245e-02  8.68480e-03  4.43197e-14 -4.89938e-05  4.27531e-07  1.56277e-01
   259 -8.19077e-01  8.36933e-02  5.1111e-03  0.611    0.00 -2.05064e-02  8.74695e-03  4.37431e-14 -5.17969e-04 -1.10878e-06  1.55880e-01
   259 -8.14034e-01  8.28648e-02  1.0222e-02  0.722    0.00 -2.07884e-02  8.80911e-03  4.31683e-14 -9.86731e-04 -2.66608e-06  1.55484e-01
   259 -8.08990e-01  8.20362e-02  1.5333e-02  0.833    0.00 -2.10704e-02  8.87126e-03  4.25825e-14 -1.45528e-03 -4.24438e-06  1.55088e-01
   259 -8.03947e-01  8.12076e-02  2.0444e-02  0.944    0.00 -2.13524e-02  8.93342e-03  4.19950e-14 -1.92362e-03 -5.84367e-06  1.54692e-01
   260 -8.32464e-01  1.59848e-01 -2.0444e-02  0.056    0.00 -3.45653e-02  1.51459e-02  8.30296e-14  1.82903e-03  1.12619e-05  1.57842e-01
   260 -8.27421e-01  1.59019e-01 -1.5333e-02  0.167    0.00 -3.48483e-02  1.52050e-02  8.17599e-14  1.35921e-03  8.65106e-06  1.57445e-01
   260 -8.22377e-01  1.58191e-01 -1.0222e-02  0.278    0.00 -3.51312e-02  1.52642e-02  8.05230e-14  8.89594e-04  6.01859e-06  1.57049e-01
   260 -8.17334e-01  1.57362e-01 -5.1111e-03  0.389    0.00 -3.54142e-02  1.53233e-02  7.93043e-14  4.20194e-04  3.36452e-06  1.56653e-01
   260 -8.12290e-01  1.56534e-01  0.0000e+00  0.500    0.00 -3.56971e-02  1.53824e-02  7.80892e-14 -4.89938e-05  6.88854e-07  1.56257e-01
   260 -8.07247e-01  1.55705e-01  5.1111e-03  0.611    0.00 -3.59801e-02  1.54415e-02  7.68887e-14 -5.17969e-04 -2.00841e-06  1.55860e-01
   260 -8.02203e-01  1.54877e-01  1.0222e-02  0.722    0.00 -3.62630e-02  1.55007e-02  7.56845e-14 -9.86731e-04 -4.72726e-06  1.55464e-01
   260 -7.97160e-01  1.54048e-01  1.5333e-02  0.833    0.00 -3.65460e-02  1.55598e-02  7.44731e-14 -1.45528e-03 -7.46771e-06  1.55068e-01
   260 -7.92116e-01  1.53220e-01  2.0444e-02  0.944    0.00 -3.68289e-02  1.56189e-02  7.32653e-14 -1.92362e-03 -1.02298e-05  1.54672e-01
   261 -8.20634e-01  2.31860e-01 -2.0444e-02  0.056    0.00 -5.00341e-02  2.18557e-02  1.19373e-13  1.82903e-03  1.62775e-05  1.57811e-01
   261 -8.15590e-01  2.31031e-01 -1.5333e-02  0.167    0.00 -5.03180e-02  2.19118e-02  1.17452e-13  1.35921e-03  1.25089e-05  1.57415e-01
   261 -8.10547e-01  2.30203e-01 -1.0222e-02  0.278    0.00 -5.06020e-02  2.19678e-02  1.15571e-13  8.89594e-04  8.71783e-06  1.57019e-01
   261 -8.05503e-01  2.29374e-01 -5.1111e-03  0.389    0.00 -5.08859e-02  2.20239e-02  1.13720e-13  4.20194e-04  4.90427e-06  1.56622e-01
   261 -8.00460e-01  2.28546e-01  0.0000e+00  0.500    0.00 -5.11698e-02  2.20800e-02  1.11864e-13 -4.89938e-05  1.06824e-06  1.56226e-01
   261 -7.95416e-01  2.27717e-01  5.1111e-03  0.611    0.00 -5.14537e-02  2.21361e-02  1.10027e-13 -5.17969e-04 -2.79028e-06  1.55829e-01
   261 -7.90373e-01  2.26889e-01  1.0222e-02  0.722    0.00 -5.17376e-02  2.21922e-02  1.08204e-13 -9.86731e-04 -6.67127e-06  1.55433e-01
   261 -7.85329e-01  2.26060e-01  1.5333e-02  0.833    0.00 -5.20216e-02  2.22483e-02  1.06367e-13 -1.45528e-03 -1.05747e-05  1.55036e-01
   261 -7.80286e-01  2.25231e-01  2.0444e-02  0.944    0.00 -5.23055e-02  2.23044e-02  1.04526e-13 -1.92362e-03 -1.45007e-05  1.54640e-01
   262 -8.08804e-01  3.03872e-01 -2.0444e-02  0.056    0.00 -6.55029e-02  2.85654e-02  1.55684e-13  1.82903e-03  2.15246e-05  1.57770e-01
   262 -8.03760e-01  3.03043e-01 -1.5333e-02  0.167    0.00 -6.57878e-02  2.86185e-02  1.53123e-13  1.35921e-03  1.66000e-05  1.57374e-01
   262 -7.98717e-01  3.02215e-01 -1.0222e-02  0.278    0.00 -6.60727e-02  2.86715e-02  1.50605e-13  8.89594e-04  1.16516e-05  1.56977e-01
   262 -7.93673e-01  3.01386e-01 -5.1111e-03  0.389    0.00 -6.63576e-02  2.87246e-02  1.48117e-13  4.20194e-04  6.67921e-06  1.56581e-01
   262 -7.88630e-01  3.00558e-01  0.0000e+00  0.500    0.00 -6.66425e-02  2.87776e-02  1.45643e-13 -4.89937e-05  1.68292e-06  1.56184e-01
   262 -7.83586e-01  2.99729e-01  5.1111e-03  0.611    0.00 -6.69274e-02  2.88307e-02  1.43176e-13 -5.17969e-04 -3.33728e-06  1.55787e-01
   262 -7.78543e-01  2.98900e-01  1.0222e-02  0.722    0.00 -6.72123e-02  2.88837e-02  1.40717e-13 -9.86731e-04 -8.38141e-06  1.55391e-01
   262 -7.73499e-01  2.98072e-01  1.5333e-02  0.833    0.00 -6.74971e-02  2.89368e-02  1.38250e-13 -1.45528e-03 -1.34494e-05  1.54994e-01
   262 -7.68456e-01  2.97243e-01  2.0444e-02  0.944    0.00 -6.77820e-02  2.89899e-02  1.35784e-13 -1.92362e-03 -1.85414e-05  1.54597e-01
   263 -7.96973e-01  3.75884e-01 -2.0444e-02  0.056    0.00 -8.09717e-02  3.52752e-02  1.92005e-13  1.82903e-03  2.72459e-05  1.57718e-01
   263 -7.91930e-01  3.75055e-01 -1.5333e-02  0.167    0.00 -8.12576e-02  3.53252e-02  1.88804e-13  1.35921e-03  2.11698e-05  1.57321e-01
   263 -7.86886e-01  3.74227e-01 -1.0222e-02  0.278    0.00 -8.15434e-02  3.53752e-02  1.85646e-13  8.89594e-04  1.50672e-05  1.56925e-01
   263 -7.81843e-01  3.73398e-01 -5.1111e-03  0.389    0.00 -8.18293e-02  3.54252e-02  1.82532e-13  4.20194e-04  8.93804e-06  1.56528e-01
   263 -7.76799e-01  3.72569e-01  0.0000e+00  0.500    0.00 -8.21151e-02  3.54752e-02  1.79418e-13 -4.89938e-05  2.78238e-06  1.56131e-01
   263 -7.71756e-01  3.71741e-01  5.1111e-03  0.611    0.00 -8.24010e-02  3.55253e-02  1.76333e-13 -5.17969e-04 -3.39978e-06  1.55734e-01
   263 -7.66712e-01  3.70912e-01  1.0222e-02  0.722    0.00 -8.26869e-02  3.55753e-02  1.73241e-13 -9.86731e-04 -9.60846e-06  1.55338e-01
   263 -7.61669e-01  3.70084e-01  1.5333e-02  0.833    0.00 -8.29727e-02  3.56253e-02  1.70134e-13 -1.45528e-03 -1.58436e-05  1.54941e-01
   263 -7.56625e-01  3.69255e-01  2.0444e-02  0.944    0.00 -8.32586e-02  3.56753e-02  1.67034e-13 -1.92362e-03 -2.21053e-05  1.54544e-01
   264 -7.85143e-01  4.47896e-01 -2.0444e-02  0.056    0.00 -9.64405e-02  4.19849e-02  2.28320e-13  1.82903e-03  3.39430e-05  1.57655e-01
   264 -7.80099e-01  4.47067e-01 -1.5333e-02  0.167    0.00 -9.67273e-02  4.20319e-02  2.24492e-13  1.35921e-03  2.67233e-05  1.57258e-01
   264 -7.75056e-01  4.46239e-01 -1.0222e-02  0.278    0.00 -9.70142e-02  4.20789e-02  2.20709e-13  8.89593e-04  1.94722e-05  1.56861e-01
   264 -7.70012e-01  4.45410e-01 -5.1111e-03  0.389    0.00 -9.73010e-02  4.21259e-02  2.16947e-13  4.20194e-04  1.21896e-05  1.56464e-01
   264 -7.64969e-01  4.44581e-01  0.0000e+00  0.500    0.00 -9.75878e-02  4.21729e-02  2.13200e-13 -4.89938e-05  4.87556e-06  1.56067e-01
   264 -7.59925e-01  4.43753e-01  5.1111e-03  0.611    0.00 -9.78746e-02  4.22198e-02  2.09482e-13 -5.17969e-04 -2.46995e-06  1.55671e-01
   264 -7.54882e-01  4.42924e-01  1.0222e-02  0.722    0.00 -9.81615e-02  4.22668e-02  2.05771e-13 -9.86731e-04 -9.84693e-06  1.55274e-01
   264 -7.49838e-01  4.42096e-01  1.5333e-02  0.833    0.00 -9.84483e-02  4.23138e-02  2.02053e-13 -1.45528e-03 -1.72554e-05  1.54877e-01
   264 -7.44795e-01  4.41267e-01  2.0444e-02  0.944    0.00 -9.87351e-02  4.23608e-02  1.98321e-13 -1.92362e-03 -2.46953e-05  1.54480e-01
   265 -7.73313e-01  5.19908e-01 -2.0444e-02  0.056    0.00 -1.11909e-01  4.86946e-02  2.64670e-13  1.82903e-03  4.26684e-05  1.57580e-01
   265 -7.68269e-01  5.19079e-01 -1.5333e-02  0.167    0.00 -1.12197e-01  4.87386e-02  2.60166e-13  1.35921e-03  3.43225e-05  1.57183e-01
   265 -7.63226e-01  5.18250e-01 -1.0222e-02  0.278    0.00 -1.12485e-01  4.87826e-02  2.55743e-13  8.89594e-04  2.59352e-05  1.56786e-01
   265 -7.58182e-01  5.17422e-01 -5.1111e-03  0.389    0.00 -1.12773e-01  4.88265e-02  2.51348e-13  4.20194e-04  1.75067e-05  1.56390e-01
   265 -7.53139e-01  5.16593e-01  0.0000e+00  0.500    0.00 -1.13060e-01  4.88705e-02  2.46953e-13 -4.89938e-05  9.03683e-06  1.55993e-01
   265 -7.48095e-01  5.15765e-01  5.1111e-03  0.611    0.00 -1.13348e-01  4.89144e-02  2.42624e-13 -5.17969e-04  5.25640e-07  1.55596e-01
   265 -7.43052e-01  5.14936e-01  1.0222e-02  0.722    0.00 -1.13636e-01  4.89584e-02  2.38273e-13 -9.86731e-04 -8.02687e-06  1.55199e-01
   265 -7.38008e-01  5.14108e-01  1.5333e-02  0.833    0.00 -1.13924e-01  4.90023e-02  2.33922e-13 -1.45528e-03 -1.66207e-05  1.54802e-01
   265 -7.32965e-01  5.13279e-01  2.0444e-02  0.944    0.00 -1.14212e-01  4.90463e-02  2.29564e-13 -1.92362e-03 -2.52559e-05  1.54405e-01
   266 -7.61482e-01  5.91919e-01 -2.0444e-02  0.056    0.00 -1.27378e-01  5.54044e-02  3.01086e-13  1.82903e-03  5.56183e-05  1.57494e-01
   266 -7.56439e-01  5.91091e-01 -1.5333e-02  0.167    0.00 -1.27667e-01  5.54453e-02  2.95862e-13  1.35921e-03  4.61817e-05  1.57097e-01
   266 -7.51395e-01  5.90262e-01 -1.0222e-02  0.278    0.00 -1.27956e-01  5.54862e-02  2.90769e-13  8.89594e-04  3.66837e-05  1.56700e-01
   266 -7.46352e-01  5.89434e-01 -5.1111e-03  0.389    0.00 -1.28244e-01  5.55272e-02  2.85756e-13  4.20194e-04  2.71243e-05  1.56304e-01
   266 -7.41308e-01  5.88605e-01  0.0000e+00  0.500    0.00 -1.28533e-01  5.55681e-02  2.80736e-13 -4.89938e-05  1.75035e-05  1.55907e-01
   266 -7.36265e-01  5.87777e-01  5.1111e-03  0.611    0.00 -1.28822e-01  5.56090e-02  2.75766e-13 -5.17969e-04  7.82133e-06  1.55510e-01
   266 -7.31221e-01  5.86948e-01  1.0222e-02  0.722    0.00 -1.29111e-01  5.56499e-02  2.70797e-13 -9.86731e-04 -1.92229e-06  1.55114e-01
   266 -7.26178e-01  5.86119e-01  1.5333e-02  0.833    0.00 -1.29399e-01  5.56908e-02  2.65820e-13 -1.45528e-03 -1.17273e-05  1.54717e-01
   266 -7.21134e-01  5.85291e-01  2.0444e-02  0.944    0.00 -1.29688e-01  5.57318e-02  2.60807e-13 -1.92362e-03 -2.15938e-05  1.54321e-01
   267 -7.49652e-01  6.63931e-01 -2.0444e-02  0.056    0.00 -1.42847e-01  6.21141e-02  3.37328e-13  1.82903e-03  7.73308e-05  1.57394e-01
   267 -7.44608e-01  6.63103e-01 -1.5333e-02  0.167    0.00 -1.43137e-01  6.21520e-02  3.31551e-13  1.35921e-03  6.68781e-05  1.56998e-01
   267 -7.39565e-01  6.62274e-01 -1.0222e-02  0.278    0.00 -1.43426e-01  6.21899e-02  3.25817e-13  8.89594e-04  5.63227e-05  1.56602e-01
   267 -7.34521e-01  6.61446e-01 -5.1111e-03  0.389    0.00 -1.43716e-01  6.22278e-02  3.20186e-13  4.20194e-04  4.56646e-05  1.56206e-01
   267 -7.29478e-01  6.60617e-01  0.0000e+00  0.500    0.00 -1.44006e-01  6.22657e-02  3.14511e-13 -4.89938e-05  3.49037e-05  1.55810e-01
   267 -7.24434e-01  6.59789e-01  5.1111e-03  0.611    0.00 -1.44296e-01  6.23036e-02  3.08908e-13 -5.17969e-04  2.40402e-05  1.55415e-01
   267 -7.19391e-01  6.58960e-01  1.0222e-02  0.722    0.00 -1.44585e-01  6.23415e-02  3.03335e-13 -9.86731e-04  1.30740e-05  1.55019e-01
   267 -7.14347e-01  6.58131e-01  1.5333e-02  0.833    0.00 -1.44875e-01  6.23794e-02  2.97659e-13 -1.45528e-03  2.00505e-06  1.54623e-01
   267 -7.09304e-01  6.57303e-01  2.0444e-02  0.944    0.00 -1.45165e-01  6.24172e-02  2.92028e-13 -1.92362e-03 -9.16660e-06  1.54227e-01
   268 -7.37821e-01  7.35943e-01 -2.0444e-02  0.056    0.00 -1.58316e-01  6.88239e-02  3.73650e-13  1.82903e-03  1.17218e-04  1.57281e-01
   268 -7.32778e-01  7.35115e-01 -1.5333e-02  0.167    0.00 -1.58606e-01  6.88587e-02  3.67218e-13  1.35921e-03  1.05903e-04  1.56886e-01
   268 -7.27734e-01  7.34286e-01 -1.0222e-02  0.278    0.00 -1.58897e-01  6.88936e-02  3.60873e-13  8.89594e-04  9.44002e-05  1.56492e-01
   268 -7.22691e-01  7.33458e-01 -5.1111e-03  0.389    0.00 -1.59188e-01  6.89284e-02  3.54572e-13  4.20194e-04  8.27092e-05  1.56097e-01
   268 -7.17647e-01  7.32629e-01  0.0000e+00  0.500    0.00 -1.59478e-01  6.89633e-02  3.48300e-13 -4.89938e-05  7.08302e-05  1.55703e-01
   268 -7.12604e-01  7.31800e-01  5.1111e-03  0.611    0.00 -1.59769e-01  6.89982e-02  3.42086e-13 -5.17969e-04  5.87633e-05  1.55309e-01
   268 -7.07560e-01  7.30972e-01  1.0222e-02  0.722    0.00 -1.60060e-01  6.90330e-02  3.35815e-13 -9.86731e-04  4.65083e-05  1.54914e-01
   268 -7.02517e-01  7.30143e-01  1.5333e-02  0.833    0.00 -1.60351e-01  6.90679e-02  3.29557e-13 -1.45528e-03  3.40653e-05  1.54520e-01
   268 -6.97473e-01  7.29315e-01  2.0444e-02  0.944    0.00 -1.60641e-01  6.91027e-02  3.23271e-13 -1.92362e-03  2.14343e-05  1.54125e-01
   269 -7.25991e-01  8.07955e-01 -2.0444e-02  0.056    0.00 -1.73784e-01  7.55336e-02  4.10000e-13  1.82903e-03  1.94843e-04  1.57148e-01
   269 -7.20948e-01  8.07127e-01 -1.5333e-02  0.167    0.00 -1.74076e-01  7.55654e-02  4.02913e-13  1.35921e-03  1.82985e-04  1.56757e-01
   269 -7.15904e-01  8.06298e-01 -1.0222e-02  0.278    0.00 -1.74368e-01  7.55973e-02  3.95885e-13  8.89594e-04  1.70763e-04  1.56366e-01
   269 -7.10861e-01  8.05469e-01 -5.1111e-03  0.389    0.00 -1.74659e-01  7.56291e-02  3.88987e-13  4.20194e-04  1.58176e-04  1.55975e-01
   269 -7.05817e-01  8.04641e-01  0.0000e+00  0.500    0.00 -1.74951e-01  7.56609e-02  3.82046e-13 -4.89937e-05  1.45224e-04  1.55584e-01
   269 -7.00774e-01  8.03812e-01  5.1111e-03  0.611    0.00 -1.75243e-01  7.56927e-02  3.75177e-13 -5.17969e-04  1.31908e-04  1.55193e-01
   269 -6.95730e-01  8.02984e-01  1.0222e-02  0.722    0.00 -1.75535e-01  7.57246e-02  3.68367e-13 -9.86731e-04  1.18227e-04  1.54802e-01
   269 -6.90687e-01  8.02155e-01  1.5333e-02  0.833    0.00 -1.75826e-01  7.57564e-02  3.61484e-13 -1.45528e-03  1.04182e-04  1.54411e-01
   269 -6.85643e-01  8.01327e-01  2.0444e-02  0.944    0.00 -1.76118e-01  7.57882e-02  3.54674e-13 -1.92362e-03  8.97716e-05  1.54021e-01
   270 -7.14161e-01  8.79967e-01 -2.0444e-02  0.056    0.00 -1.89253e-01  8.22434e-02  4.46293e-13  1.82903e-03  3.50829e-04  1.56990e-01
   270 -7.09117e-01  8.79138e-01 -1.5333e-02  0.167    0.00 -1.89546e-01  8.22721e-02  4.38595e-13  1.35921e-03  3.39093e-04  1.56606e-01
   270 -7.04074e-01  8.78310e-01 -1.0222e-02  0.278    0.00 -1.89839e-01  8.23009e-02  4.30940e-13  8.89594e-04  3.26626e-04  1.56222e-01
   270 -6.99030e-01  8.77481e-01 -5.1111e-03  0.389    0.00 -1.90131e-01  8.23297e-02  4.23403e-13  4.20194e-04  3.13428e-04  1.55839e-01
   270 -6.93987e-01  8.76653e-01  0.0000e+00  0.500    0.00 -1.90424e-01  8.23585e-02  4.15865e-13 -4.89938e-05  2.99498e-04  1.55455e-01
   270 -6.88943e-01  8.75824e-01  5.1111e-03  0.611    0.00 -1.90716e-01  8.23873e-02  4.08341e-13 -5.17969e-04  2.84838e-04  1.55071e-01
   270 -6.83900e-01  8.74996e-01  1.0222e-02  0.722    0.00 -1.91009e-01  8.24161e-02  4.00891e-13 -9.86731e-04  2.69447e-04  1.54688e-01
   270 -6.78856e-01  8.74167e-01  1.5333e-02  0.833    0.00 -1.91302e-01  8.24449e-02  3.93367e-13 -1.45528e-03  2.53325e-04  1.54304e-01
   270 -6.73813e-01  8.73339e-01  2.0444e-02  0.944    0.00 -1.91594e-01  8.24737e-02  3.85873e-13 -1.92362e-03  2.36472e-04  1.53920e-01
   271 -7.02330e-01  9.51979e-01 -2.0444e-02  0.056    0.00 -2.04722e-01  8.89531e-02  4.82687e-13  1.82903e-03  6.69484e-04  1.56788e-01
   271 -6.97287e-01  9.51150e-01 -1.5333e-02  0.167    0.00 -2.05016e-01  8.89789e-02  4.74276e-13  1.35921e-03  6.59247e-04  1.56420e-01
   271 -6.92243e-01  9.50322e-01 -1.0222e-02  0.278    0.00 -2.05309e-01  8.90046e-02  4.65952e-13  8.89594e-04  6.47519e-04  1.56051e-01
   271 -6.87200e-01  9.49493e-01 -5.1111e-03  0.389    0.00 -2.05603e-01  8.90304e-02  4.57789e-13  4.20194e-04  6.34300e-04  1.55683e-01
   271 -6.82156e-01  9.48665e-01  0.0000e+00  0.500    0.00 -2.05897e-01  8.90561e-02  4.49625e-13 -4.89938e-05  6.19590e-04  1.55315e-01
   271 -6.77113e-01  9.47836e-01  5.1111e-03  0.611    0.00 -2.06190e-01  8.90819e-02  4.41505e-13 -5.17969e-04  6.03389e-04  1.54946e-01
   271 -6.72069e-01  9.47008e-01  1.0222e-02  0.722    0.00 -2.06484e-01  8.91076e-02  4.33414e-13 -9.86731e-04  5.85697e-04  1.54578e-01
   271 -6.67026e-01  9.46179e-01  1.5333e-02  0.833    0.00 -2.06777e-01  8.91334e-02  4.25294e-13 -1.45528e-03  5.66514e-04  1.54210e-01
   271 -6.61982e-01  9.45350e-01  2.0444e-02  0.944    0.00 -2.07071e-01  8.91592e-02  4.17174e-13 -1.92362e-03  5.45840e-04  1.53841e-01
   272 -6.90500e-01  1.02399e+00 -2.0444e-02  0.056    0.00 -2.20191e-01  9.56628e-02  5.18994e-13  1.82903e-03  1.32582e-03  1.56508e-01
   272 -6.85457e-01  1.02316e+00 -1.5333e-02  0.167    0.00 -2.20485e-01  9.56856e-02  5.09957e-13  1.35921e-03  1.31994e-03  1.56172e-01
   272 -6.80413e-01  1.02233e+00 -1.0222e-02  0.278    0.00 -2.20780e-01  9.57083e-02  5.01052e-13  8.89594e-04  1.31100e-03  1.55836e-01
   272 -6.75370e-01  1.02151e+00 -5.1111e-03  0.389    0.00 -2.21075e-01  9.57310e-02  4.92204e-13  4.20194e-04  1.29898e-03  1.55499e-01
   272 -6.70326e-01  1.02068e+00  0.0000e+00  0.500    0.00 -2.21369e-01  9.57537e-02  4.83386e-13 -4.89938e-05  1.28390e-03  1.55163e-01
   272 -6.65283e-01  1.01985e+00  5.1111e-03  0.611    0.00 -2.21664e-01  9.57765e-02  4.74654e-13 -5.17969e-04  1.26575e-03  1.54827e-01
   272 -6.60239e-01  1.01902e+00  1.0222e-02  0.722    0.00 -2.21958e-01  9.57992e-02  4.65938e-13 -9.86731e-04  1.24453e-03  1.54491e-01
   272 -6.55196e-01  1.01819e+00  1.5333e-02  0.833    0.00 -2.22253e-01  9.58219e-02  4.57148e-13 -1.45528e-03  1.22024e-03  1.54154e-01
   272 -6.50152e-01  1.01736e+00  2.0444e-02  0.944    0.00 -2.22547e-01  9.58446e-02  4.48330e-13 -1.92362e-03  1.19289e-03  1.53818e-01
   273 -6.78670e-01  1.09600e+00 -2.0444e-02  0.056    0.00 -2.35660e-01  1.02373e-01  5.55418e-13  1.82903e-03  2.68316e-03  1.56079e-01
   273 -6.73626e-01  1.09517e+00 -1.5333e-02  0.167    0.00 -2.35955e-01  1.02392e-01  5.45653e-13  1.35921e-03  2.68758e-03  1.55810e-01
   273 -6.68583e-01  1.09435e+00 -1.0222e-02  0.278    0.00 -2.36251e-01  1.02412e-01  5.36063e-13  8.89594e-04  2.68566e-03  1.55540e-01
   273 -6.63539e-01  1.09352e+00 -5.1111e-03  0.389    0.00 -2.36546e-01  1.02432e-01  5.26576e-13  4.20194e-04  2.67740e-03  1.55271e-01
   273 -6.58496e-01  1.09269e+00  0.0000e+00  0.500    0.00 -2.36842e-01  1.02451e-01  5.17146e-13 -4.89938e-05  2.66279e-03  1.55001e-01
   273 -6.53452e-01  1.09186e+00  5.1111e-03  0.611    0.00 -2.37137e-01  1.02471e-01  5.07818e-13 -5.17969e-04  2.64184e-03  1.54731e-01
   273 -6.48409e-01  1.09103e+00  1.0222e-02  0.722    0.00 -2.37433e-01  1.02491e-01  4.98432e-13 -9.86731e-04  2.61455e-03  1.54462e-01
   273 -6.43365e-01  1.09020e+00  1.5333e-02  0.833    0.00 -2.37728e-01  1.02510e-01  4.89017e-13 -1.45528e-03  2.58092e-03  1.54192e-01
   273 -6.38322e-01  1.08937e+00  2.0444e-02  0.944    0.00 -2.38024e-01  1.02530e-01  4.79558e-13 -1.92362e-03  2.54094e-03  1.53922e-01
   274 -6.66839e-01  1.16801e+00 -2.0444e-02  0.056    0.00 -2.51128e-01  1.09082e-01  5.91666e-13  1.82903e-03  5.49573e-03  1.55352e-01
   274 -6.61796e-01  1.16719e+00 -1.5333e-02  0.167    0.00 -2.51425e-01  1.09099e-01  5.81276e-13  1.35921e-03  5.52278e-03  1.55221e-01
   274 -6.56752e-01  1.16636e+00 -1.0222e-02  0.278    0.00 -2.51721e-01  1.09116e-01  5.71090e-13  8.89594e-04  5.53669e-03  1.55090e-01
   274 -6.51709e-01  1.16553e+00 -5.1111e-03  0.389    0.00 -2.52018e-01  1.09132e-01  5.60991e-13  4.20194e-04  5.53746e-03  1.54959e-01
   274 -6.46665e-01  1.16470e+00  0.0000e+00  0.500    0.00 -2.52315e-01  1.09149e-01  5.50965e-13 -4.89938e-05  5.52509e-03  1.54828e-01
   274 -6.41622e-01  1.16387e+00  5.1111e-03  0.611    0.00 -2.52611e-01  1.09166e-01  5.40982e-13 -5.17969e-04  5.49958e-03  1.54697e-01
   274 -6.36578e-01  1.16304e+00  1.0222e-02  0.722    0.00 -2.52908e-01  1.09182e-01  5.30956e-13 -9.86731e-04  5.46094e-03  1.54565e-01
   274 -6.31535e-01  1.16221e+00  1.5333e-02  0.833    0.00 -2.53204e-01  1.09199e-01  5.20929e-13 -1.45528e-03  5.40915e-03  1.54434e-01
   274 -6.26491e-01  1.16139e+00  2.0444e-02  0.944    0.00 -2.53501e-01  1.09216e-01  5.10801e-13 -1.92362e-03  5.34423e-03  1.54303e-01
   275 -6.55009e-01  1.24003e+00 -2.0444e-02  0.056    0.00 -2.66597e-01  1.15792e-01  6.27944e-13  9.14515e-04  3.48803e-03  1.54562e-01
   275 -6.49965e-01  1.23920e+00 -1.5333e-02  0.167    0.00 -2.66895e-01  1.15806e-01  6.17001e-13  6.79603e-04  3.56236e-03  1.54588e-01
   275 -6.44922e-01  1.23837e+00 -1.0222e-02  0.278    0.00 -2.67192e-01  1.15819e-01  6.06175e-13  4.44797e-04  3.62781e-03  1.54614e-01
   275 -6.39878e-01  1.23754e+00 -5.1111e-03  0.389    0.00 -2.67490e-01  1.15833e-01  5.95435e-13  2.10097e-04  3.68439e-03  1.54639e-01
   275 -6.34835e-01  1.23671e+00  0.0000e+00  0.500    0.00 -2.67787e-01  1.15847e-01  5.84725e-13 -2.44969e-05  3.73208e-03  1.54665e-01
   275 -6.29791e-01  1.23588e+00  5.1111e-03  0.611    0.00 -2.68085e-01  1.15860e-01  5.74102e-13 -2.58984e-04  3.77088e-03  1.54690e-01
   275 -6.24748e-01  1.23506e+00  1.0222e-02  0.722    0.00 -2.68382e-01  1.15874e-01  5.63479e-13 -4.93366e-04  3.80081e-03  1.54716e-01
   275 -6.19704e-01  1.23423e+00  1.5333e-02  0.833    0.00 -2.68680e-01  1.15887e-01  5.52798e-13 -7.27641e-04  3.82186e-03  1.54741e-01
   275 -6.14661e-01  1.23340e+00  2.0444e-02  0.944    0.00 -2.68977e-01  1.15901e-01  5.42146e-13 -9.61810e-04  3.83402e-03  1.54767e-01
   276 -2.59598e-01 -1.17718e+00 -2.0444e-02  0.056    0.00  2.66140e-01 -1.14695e-01 -6.24306e-13  9.63741e-04 -2.31724e-03  2.09396e-01
   276 -2.54555e-01 -1.17801e+00 -1.5333e-02  0.167    0.00  2.65842e-01 -1.14681e-01 -6.12636e-13  7.29630e-04 -2.59610e-03  2.09382e-01
   276 -2.49512e-01 -1.17884e+00 -1.0222e-02  0.278    0.00  2.65544e-01 -1.14668e-01 -6.01169e-13  4.95403e-04 -2.86695e-03  2.09369e-01
   276 -2.44469e-01 -1.17967e+00 -5.1111e-03  0.389    0.00  2.65246e-01 -1.14655e-01 -5.89906e-13  2.61061e-04 -3.12978e-03  2.09356e-01
   276 -2.39426e-01 -1.18050e+00  0.0000e+00  0.500    0.00  2.64948e-01 -1.14641e-01 -5.78671e-13  2.66040e-05 -3.38459e-03  2.09343e-01
   276 -2.34382e-01 -1.18133e+00  5.1111e-03  0.611    0.00  2.64650e-01 -1.14628e-01 -5.67525e-13 -2.07969e-04 -3.63139e-03  2.09330e-01
   276 -2.29339e-01 -1.18216e+00  1.0222e-02  0.722    0.00  2.64352e-01 -1.14614e-01 -5.56407e-13 -4.42657e-04 -3.87017e-03  2.09316e-01
   276 -2.24296e-01 -1.18299e+00  1.5333e-02  0.833    0.00  2.64054e-01 -1.14601e-01 -5.45173e-13 -6.77460e-04 -4.10093e-03  2.09303e-01
   276 -2.19253e-01 -1.18382e+00  2.0444e-02  0.944    0.00  2.63755e-01 -1.14587e-01 -5.33881e-13 -9.12379e-04 -4.32368e-03  2.09290e-01
   277 -2.47777e-01 -1.10542e+00 -2.0444e-02  0.056    0.00  2.50719e-01 -1.08034e-01 -5.87970e-13  1.92748e-03 -5.00365e-03  2.10055e-01
   277 -2.42734e-01 -1.10625e+00 -1.5333e-02  0.167    0.00  2.50422e-01 -1.08018e-01 -5.77042e-13  1.45926e-03 -5.02663e-03  2.09900e-01
   277 -2.37691e-01 -1.10708e+00 -1.0222e-02  0.278    0.00  2.50125e-01 -1.08001e-01 -5.66244e-13  9.90807e-04 -5.03770e-03  2.09744e-01
   277 -2.32647e-01 -1.10791e+00 -5.1111e-03  0.389    0.00  2.49828e-01 -1.07984e-01 -5.55636e-13  5.22123e-04 -5.03686e-03  2.09589e-01
   277 -2.27604e-01 -1.10874e+00  0.0000e+00  0.500    0.00  2.49530e-01 -1.07967e-01 -5.45013e-13  5.32079e-05 -5.02410e-03  2.09433e-01
   277 -2.22561e-01 -1.10957e+00  5.1111e-03  0.611    0.00  2.49233e-01 -1.07951e-01 -5.34521e-13 -4.15937e-04 -4.99944e-03  2.09278e-01
   277 -2.17518e-01 -1.11041e+00  1.0222e-02  0.722    0.00  2.48936e-01 -1.07934e-01 -5.24000e-13 -8.85314e-04 -4.96287e-03  2.09122e-01
   277 -2.12475e-01 -1.11124e+00  1.5333e-02  0.833    0.00  2.48639e-01 -1.07917e-01 -5.13348e-13 -1.35492e-03 -4.91439e-03  2.08967e-01
   277 -2.07432e-01 -1.11207e+00  2.0444e-02  0.944    0.00  2.48342e-01 -1.07901e-01 -5.02740e-13 -1.82476e-03 -4.85400e-03  2.08811e-01
   278 -2.35956e-01 -1.03366e+00 -2.0444e-02  0.056    0.00  2.35297e-01 -1.01374e-01 -5.51692e-13  1.92748e-03 -2.44958e-03  2.10730e-01
   278 -2.30912e-01 -1.03449e+00 -1.5333e-02  0.167    0.00  2.35001e-01 -1.01354e-01 -5.41491e-13  1.45926e-03 -2.45212e-03  2.10449e-01
   278 -2.25869e-01 -1.03532e+00 -1.0222e-02  0.278    0.00  2.34705e-01 -1.01334e-01 -5.31334e-13  9.90807e-04 -2.44892e-03  2.10167e-01
   278 -2.20826e-01 -1.03616e+00 -5.1111e-03  0.389    0.00  2.34409e-01 -1.01314e-01 -5.21322e-13  5.22123e-04 -2.43998e-03  2.09886e-01
   278 -2.15783e-01 -1.03699e+00  0.0000e+00  0.500    0.00  2.34113e-01 -1.01294e-01 -5.11354e-13  5.32079e-05 -2.42530e-03  2.09604e-01
   278 -2.10740e-01 -1.03782e+00  5.1111e-03  0.611    0.00  2.33817e-01 -1.01274e-01 -5.01430e-13 -4.15937e-04 -2.40488e-03  2.09322e-01
   278 -2.05697e-01 -1.03865e+00  1.0222e-02  0.722    0.00  2.33521e-01 -1.01254e-01 -4.91593e-13 -8.85314e-04 -2.37872e-03  2.09041e-01
   278 -2.00654e-01 -1.03948e+00  1.5333e-02  0.833    0.00  2.33225e-01 -1.01234e-01 -4.81697e-13 -1.35492e-03 -2.34683e-03  2.08759e-01
   278 -1.95610e-01 -1.04031e+00  2.0444e-02  0.944    0.00  2.32929e-01 -1.01214e-01 -4.71890e-13 -1.82476e-03 -2.30919e-03  2.08478e-01
   279 -2.24134e-01 -9.61906e-01 -2.0444e-02  0.056    0.00  2.19876e-01 -9.47133e-02 -5.15312e-13  1.92748e-03 -1.21369e-03  2.11134e-01
   279 -2.19091e-01 -9.62737e-01 -1.5333e-02  0.167    0.00  2.19581e-01 -9.46900e-02 -5.05810e-13  1.45926e-03 -1.20696e-03  2.10791e-01
   279 -2.14048e-01 -9.63568e-01 -1.0222e-02  0.278    0.00  2.19286e-01 -9.46667e-02 -4.96395e-13  9.90807e-04 -1.19746e-03  2.10449e-01
   279 -2.09005e-01 -9.64399e-01 -5.1111e-03  0.389    0.00  2.18991e-01 -9.46434e-02 -4.87053e-13  5.22123e-04 -1.18521e-03  2.10106e-01
   279 -2.03962e-01 -9.65230e-01  0.0000e+00  0.500    0.00  2.18696e-01 -9.46202e-02 -4.77739e-13  5.32080e-05 -1.17019e-03  2.09764e-01
   279 -1.98919e-01 -9.66060e-01  5.1111e-03  0.611    0.00  2.18401e-01 -9.45969e-02 -4.68470e-13 -4.15937e-04 -1.15242e-03  2.09421e-01
   279 -1.93875e-01 -9.66891e-01  1.0222e-02  0.722    0.00  2.18106e-01 -9.45736e-02 -4.59215e-13 -8.85314e-04 -1.13189e-03  2.09078e-01
   279 -1.88832e-01 -9.67722e-01  1.5333e-02  0.833    0.00  2.17811e-01 -9.45504e-02 -4.49931e-13 -1.35492e-03 -1.10860e-03  2.08736e-01
   279 -1.83789e-01 -9.68553e-01  2.0444e-02  0.944    0.00  2.17516e-01 -9.45271e-02 -4.40676e-13 -1.82476e-03 -1.08255e-03  2.08393e-01
   280 -2.12313e-01 -8.90149e-01 -2.0444e-02  0.056    0.00  2.04454e-01 -8.80527e-02 -4.79122e-13  1.92748e-03 -6.14474e-04  2.11401e-01
   280 -2.07270e-01 -8.90980e-01 -1.5333e-02  0.167    0.00  2.04160e-01 -8.80262e-02 -4.70245e-13  1.45926e-03 -6.03857e-04  2.11029e-01
   280 -2.02227e-01 -8.91811e-01 -1.0222e-02  0.278    0.00  2.03866e-01 -8.79996e-02 -4.61470e-13  9.90807e-04 -5.91921e-04  2.10657e-01
   280 -1.97184e-01 -8.92642e-01 -5.1111e-03  0.389    0.00  2.03572e-01 -8.79731e-02 -4.52783e-13  5.22123e-04 -5.78664e-04  2.10284e-01
   280 -1.92140e-01 -8.93473e-01  0.0000e+00  0.500    0.00  2.03278e-01 -8.79465e-02 -4.44066e-13  5.32080e-05 -5.64088e-04  2.09912e-01
   280 -1.87097e-01 -8.94303e-01  5.1111e-03  0.611    0.00  2.02985e-01 -8.79199e-02 -4.35437e-13 -4.15937e-04 -5.48193e-04  2.09540e-01
   280 -1.82054e-01 -8.95134e-01  1.0222e-02  0.722    0.00  2.02691e-01 -8.78934e-02 -4.26808e-13 -8.85314e-04 -5.30978e-04  2.09168e-01
   280 -1.77011e-01 -8.95965e-01  1.5333e-02  0.833    0.00  2.02397e-01 -8.78668e-02 -4.18135e-13 -1.35492e-03 -5.12443e-04  2.08796e-01
   280 -1.71968e-01 -8.96796e-01  2.0444e-02  0.944    0.00  2.02103e-01 -8.78403e-02 -4.09564e-13 -1.82476e-03 -4.92588e-04  2.08424e-01
   281 -2.00492e-01 -8.18392e-01 -2.0444e-02  0.056    0.00  1.89032e-01 -8.13922e-02 -4.42931e-13  1.92748e-03 -3.22763e-04  2.11596e-01
   281 -1.95449e-01 -8.19223e-01 -1.5333e-02  0.167    0.00  1.88740e-01 -8.13624e-02 -4.34651e-13  1.45926e-03 -3.10870e-04  2.11210e-01
   281 -1.90405e-01 -8.20054e-01 -1.0222e-02  0.278    0.00  1.88447e-01 -8.13325e-02 -4.26546e-13  9.90807e-04 -2.98353e-04  2.10823e-01
   281 -1.85362e-01 -8.20885e-01 -5.1111e-03  0.389    0.00  1.88154e-01 -8.13027e-02 -4.18455e-13  5.22123e-04 -2.85211e-04  2.10437e-01
   281 -1.80319e-01 -8.21716e-01  0.0000e+00  0.500    0.00  1.87861e-01 -8.12728e-02 -4.10393e-13  5.32080e-05 -2.71444e-04  2.10050e-01
   281 -1.75276e-01 -8.22546e-01  5.1111e-03  0.611    0.00  1.87568e-01 -8.12430e-02 -4.02419e-13 -4.15937e-04 -2.57053e-04  2.09664e-01
   281 -1.70233e-01 -8.23377e-01  1.0222e-02  0.722    0.00  1.87275e-01 -8.12132e-02 -3.94415e-13 -8.85314e-04 -2.42037e-04  2.09277e-01
   281 -1.65190e-01 -8.24208e-01  1.5333e-02  0.833    0.00  1.86983e-01 -8.11833e-02 -3.86397e-13 -1.35492e-03 -2.26396e-04  2.08891e-01
   281 -1.60147e-01 -8.25039e-01  2.0444e-02  0.944    0.00  1.86690e-01 -8.11535e-02 -3.78379e-13 -1.82476e-03 -2.10130e-04  2.08504e-01
   282 -1.88670e-01 -7.46635e-01 -2.0444e-02  0.056    0.00  1.73611e-01 -7.47317e-02 -4.06741e-13  1.92748e-03 -1.79571e-04  2.11751e-01
   282 -1.83627e-01 -7.47466e-01 -1.5333e-02  0.167    0.00  1.73319e-01 -7.46985e-02 -3.99086e-13  1.45926e-03 -1.67661e-04  2.11358e-01
   282 -1.78584e-01 -7.48297e-01 -1.0222e-02  0.278    0.00  1.73027e-01 -7.46654e-02 -3.91577e-13  9.90807e-04 -1.55462e-04  2.10964e-01
   282 -1.73541e-01 -7.49128e-01 -5.1111e-03  0.389    0.00  1.72736e-01 -7.46323e-02 -3.84141e-13  5.22123e-04 -1.42974e-04  2.10571e-01
   282 -1.68498e-01 -7.49959e-01  0.0000e+00  0.500    0.00  1.72444e-01 -7.45992e-02 -3.76764e-13  5.32080e-05 -1.30196e-04  2.10177e-01
   282 -1.63455e-01 -7.50789e-01  5.1111e-03  0.611    0.00  1.72152e-01 -7.45661e-02 -3.69371e-13 -4.15937e-04 -1.17129e-04  2.09784e-01
   282 -1.58412e-01 -7.51620e-01  1.0222e-02  0.722    0.00  1.71860e-01 -7.45329e-02 -3.62023e-13 -8.85314e-04 -1.03772e-04  2.09390e-01
   282 -1.53368e-01 -7.52451e-01  1.5333e-02  0.833    0.00  1.71568e-01 -7.44998e-02 -3.54659e-13 -1.35492e-03 -9.01267e-05  2.08997e-01
   282 -1.48325e-01 -7.53282e-01  2.0444e-02  0.944    0.00  1.71276e-01 -7.44667e-02 -3.47252e-13 -1.82476e-03 -7.61917e-05  2.08603e-01
   283 -1.76849e-01 -6.74878e-01 -2.0444e-02  0.056    0.00  1.58189e-01 -6.80711e-02 -3.70419e-13  1.92748e-03 -1.08114e-04  2.11881e-01
   283 -1.71806e-01 -6.75709e-01 -1.5333e-02  0.167    0.00  1.57899e-01 -6.80347e-02 -3.63478e-13  1.45926e-03 -9.67947e-05  2.11484e-01
   283 -1.66763e-01 -6.76540e-01 -1.0222e-02  0.278    0.00  1.57608e-01 -6.79983e-02 -3.56638e-13  9.90807e-04 -8.53478e-05  2.11087e-01
   283 -1.61720e-01 -6.77371e-01 -5.1111e-03  0.389    0.00  1.57317e-01 -6.79619e-02 -3.49857e-13  5.22123e-04 -7.37734e-05  2.10690e-01
   283 -1.56676e-01 -6.78202e-01  0.0000e+00  0.500    0.00  1.57026e-01 -6.79255e-02 -3.43076e-13  5.32079e-05 -6.20714e-05  2.10293e-01
   283 -1.51633e-01 -6.79032e-01  5.1111e-03  0.611    0.00  1.56736e-01 -6.78891e-02 -3.36353e-13 -4.15937e-04 -5.02419e-05  2.09896e-01
   283 -1.46590e-01 -6.79863e-01  1.0222e-02  0.722    0.00  1.56445e-01 -6.78527e-02 -3.29645e-13 -8.85314e-04 -3.82848e-05  2.09499e-01
   283 -1.41547e-01 -6.80694e-01  1.5333e-02  0.833    0.00  1.56154e-01 -6.78163e-02 -3.22907e-13 -1.35492e-03 -2.62003e-05  2.09102e-01
   283 -1.36504e-01 -6.81525e-01  2.0444e-02  0.944    0.00  1.55863e-01 -6.77799e-02 -3.16184e-13 -1.82476e-03 -1.39881e-05  2.08705e-01
   284 -1.65028e-01 -6.03121e-01 -2.0444e-02  0.056    0.00  1.42768e-01 -6.14106e-02 -3.34185e-13  1.92748e-03 -7.12968e-05  2.11993e-01
   284 -1.59985e-01 -6.03952e-01 -1.5333e-02  0.167    0.00  1.42478e-01 -6.13709e-02 -3.27898e-13  1.45926e-03 -6.08614e-05  2.11595e-01
   284 -1.54941e-01 -6.04783e-01 -1.0222e-02  0.278    0.00  1.42188e-01 -6.13312e-02 -3.21670e-13  9.90807e-04 -5.03765e-05  2.11196e-01
   284 -1.49898e-01 -6.05614e-01 -5.1111e-03  0.389    0.00  1.41899e-01 -6.12915e-02 -3.15558e-13  5.22123e-04 -3.98419e-05  2.10797e-01
   284 -1.44855e-01 -6.06445e-01  0.0000e+00  0.500    0.00  1.41609e-01 -6.12518e-02 -3.09446e-13  5.32079e-05 -2.92578e-05  2.10398e-01
   284 -1.39812e-01 -6.07275e-01  5.1111e-03  0.611    0.00  1.41319e-01 -6.12122e-02 -3.03320e-13 -4.15937e-04 -1.86240e-05  2.10000e-01
   284 -1.34769e-01 -6.08106e-01  1.0222e-02  0.722    0.00  1.41030e-01 -6.11725e-02 -2.97267e-13 -8.85314e-04 -7.94067e-06  2.09601e-01
   284 -1.29726e-01 -6.08937e-01  1.5333e-02  0.833    0.00  1.40740e-01 -6.11328e-02 -2.91140e-13 -1.35492e-03  2.79228e-06  2.09202e-01
   284 -1.24683e-01 -6.09768e-01  2.0444e-02  0.944    0.00  1.40450e-01 -6.10931e-02 -2.84985e-13 -1.82476e-03  1.35748e-05  2.08804e-01
   285 -1.53206e-01 -5.31364e-01 -2.0444e-02  0.056    0.00  1.27346e-01 -5.47501e-02 -2.97914e-13  1.92748e-03 -5.12073e-05  2.12092e-01
   285 -1.48163e-01 -5.32195e-01 -1.5333e-02  0.167    0.00  1.27058e-01 -5.47071e-02 -2.92304e-13  1.45926e-03 -4.17974e-05  2.11692e-01
   285 -1.43120e-01 -5.33026e-01 -1.0222e-02  0.278    0.00  1.26769e-01 -5.46641e-02 -2.86760e-13  9.90807e-04 -3.23753e-05  2.11292e-01
   285 -1.38077e-01 -5.33857e-01 -5.1111e-03  0.389    0.00  1.26480e-01 -5.46211e-02 -2.81252e-13  5.22123e-04 -2.29411e-05  2.10893e-01
   285 -1.33034e-01 -5.34688e-01  0.0000e+00  0.500    0.00  1.26192e-01 -5.45782e-02 -2.75766e-13  5.32080e-05 -1.34948e-05  2.10493e-01
   285 -1.27991e-01 -5.35518e-01  5.1111e-03  0.611    0.00  1.25903e-01 -5.45352e-02 -2.70338e-13 -4.15937e-04 -4.03625e-06  2.10093e-01
   285 -1.22948e-01 -5.36349e-01  1.0222e-02  0.722    0.00  1.25614e-01 -5.44922e-02 -2.64881e-13 -8.85314e-04  5.43441e-06  2.09693e-01
   285 -1.17904e-01 -5.37180e-01  1.5333e-02  0.833    0.00  1.25326e-01 -5.44493e-02 -2.59424e-13 -1.35492e-03  1.49172e-05  2.09294e-01
   285 -1.12861e-01 -5.38011e-01  2.0444e-02  0.944    0.00  1.25037e-01 -5.44063e-02 -2.53967e-13 -1.82476e-03  2.44122e-05  2.08894e-01
   286 -1.41385e-01 -4.59607e-01 -2.0444e-02  0.056    0.00  1.11925e-01 -4.80895e-02 -2.61687e-13  1.92748e-03 -3.92044e-05  2.12177e-01
   286 -1.36342e-01 -4.60438e-01 -1.5333e-02  0.167    0.00  1.11637e-01 -4.80433e-02 -2.56710e-13  1.45926e-03 -3.08887e-05  2.11777e-01
   286 -1.31299e-01 -4.61269e-01 -1.0222e-02  0.278    0.00  1.11350e-01 -4.79970e-02 -2.51814e-13  9.90807e-04 -2.25786e-05  2.11377e-01
   286 -1.26256e-01 -4.62100e-01 -5.1111e-03  0.389    0.00  1.11062e-01 -4.79508e-02 -2.46968e-13  5.22123e-04 -1.42743e-05  2.10977e-01
   286 -1.21213e-01 -4.62931e-01  0.0000e+00  0.500    0.00  1.10774e-01 -4.79045e-02 -2.42129e-13  5.32080e-05 -5.97572e-06  2.10576e-01
   286 -1.16169e-01 -4.63761e-01  5.1111e-03  0.611    0.00  1.10487e-01 -4.78583e-02 -2.37313e-13 -4.15937e-04  2.31714e-06  2.10176e-01
   286 -1.11126e-01 -4.64592e-01  1.0222e-02  0.722    0.00  1.10199e-01 -4.78120e-02 -2.32503e-13 -8.85314e-04  1.06043e-05  2.09776e-01
   286 -1.06083e-01 -4.65423e-01  1.5333e-02  0.833    0.00  1.09911e-01 -4.77658e-02 -2.27650e-13 -1.35492e-03  1.88857e-05  2.09376e-01
   286 -1.01040e-01 -4.66254e-01  2.0444e-02  0.944    0.00  1.09624e-01 -4.77195e-02 -2.22804e-13 -1.82476e-03  2.71614e-05  2.08975e-01
   287 -1.29564e-01 -3.87850e-01 -2.0444e-02  0.056    0.00  9.65032e-02 -4.14290e-02 -2.25453e-13  1.92748e-03 -3.11085e-05  2.12251e-01
   287 -1.24521e-01 -3.88681e-01 -1.5333e-02  0.167    0.00  9.62166e-02 -4.13794e-02 -2.21124e-13  1.45926e-03 -2.39199e-05  2.11851e-01
   287 -1.19478e-01 -3.89512e-01 -1.0222e-02  0.278    0.00  9.59301e-02 -4.13299e-02 -2.16882e-13  9.90807e-04 -1.67455e-05  2.11450e-01
   287 -1.14434e-01 -3.90343e-01 -5.1111e-03  0.389    0.00  9.56435e-02 -4.12804e-02 -2.12654e-13  5.22123e-04 -9.58525e-06  2.11050e-01
   287 -1.09391e-01 -3.91174e-01  0.0000e+00  0.500    0.00  9.53570e-02 -4.12308e-02 -2.08449e-13  5.32080e-05 -2.43912e-06  2.10649e-01
   287 -1.04348e-01 -3.92004e-01  5.1111e-03  0.611    0.00  9.50704e-02 -4.11813e-02 -2.04280e-13 -4.15937e-04  4.69287e-06  2.10248e-01
   287 -9.93050e-02 -3.92835e-01  1.0222e-02  0.722    0.00  9.47838e-02 -4.11318e-02 -2.00096e-13 -8.85314e-04  1.18107e-05  2.09848e-01
   287 -9.42618e-02 -3.93666e-01  1.5333e-02  0.833    0.00  9.44973e-02 -4.10822e-02 -1.95927e-13 -1.35492e-03  1.89144e-05  2.09447e-01
   287 -8.92187e-02 -3.94497e-01  2.0444e-02  0.944    0.00  9.42107e-02 -4.10327e-02 -1.91721e-13 -1.82476e-03  2.60040e-05  2.09046e-01
   288 -1.17742e-01 -3.16093e-01 -2.0444e-02  0.056    0.00  8.10817e-02 -3.47684e-02 -1.89175e-13  1.92748e-03 -2.49015e-05  2.12314e-01
   288 -1.12699e-01 -3.16924e-01 -1.5333e-02  0.167    0.00  8.07961e-02 -3.47156e-02 -1.85537e-13  1.45926e-03 -1.88561e-05  2.11913e-01
   288 -1.07656e-01 -3.17755e-01 -1.0222e-02  0.278    0.00  8.05106e-02 -3.46628e-02 -1.81921e-13  9.90807e-04 -1.28287e-05  2.11512e-01
   288 -1.02613e-01 -3.18586e-01 -5.1111e-03  0.389    0.00  8.02251e-02 -3.46100e-02 -1.78363e-13  5.22123e-04 -6.81926e-06  2.11112e-01
   288 -9.75699e-02 -3.19416e-01  0.0000e+00  0.500    0.00  7.99396e-02 -3.45572e-02 -1.74805e-13  5.32079e-05 -8.27821e-07  2.10711e-01
   288 -9.25268e-02 -3.20247e-01  5.1111e-03  0.611    0.00  7.96541e-02 -3.45044e-02 -1.71247e-13 -4.15937e-04  5.14563e-06  2.10310e-01
   288 -8.74837e-02 -3.21078e-01  1.0222e-02  0.722    0.00  7.93686e-02 -3.44516e-02 -1.67718e-13 -8.85314e-04  1.11011e-05  2.09909e-01
   288 -8.24405e-02 -3.21909e-01  1.5333e-02  0.833    0.00  7.90831e-02 -3.43987e-02 -1.64153e-13 -1.35492e-03  1.70385e-05  2.09508e-01
   288 -7.73974e-02 -3.22740e-01  2.0444e-02  0.944    0.00  7.87976e-02 -3.43459e-02 -1.60602e-13 -1.82476e-03  2.29580e-05  2.09107e-01
   289 -1.05921e-01 -2.44336e-01 -2.0444e-02  0.056    0.00  6.56601e-02 -2.81079e-02 -1.52933e-13  1.92748e-03 -1.96092e-05  2.12366e-01
   289 -1.00878e-01 -2.45167e-01 -1.5333e-02  0.167    0.00  6.53757e-02 -2.80518e-02 -1.49950e-13  1.45926e-03 -1.47149e-05  2.11965e-01
   289 -9.58349e-02 -2.45998e-01 -1.0222e-02  0.278    0.00  6.50912e-02 -2.79957e-02 -1.47003e-13  9.90807e-04 -9.84017e-06  2.11564e-01
   289 -9.07918e-02 -2.46829e-01 -5.1111e-03  0.389    0.00  6.48067e-02 -2.79396e-02 -1.44064e-13  5.22123e-04 -4.98512e-06  2.11163e-01
   289 -8.57486e-02 -2.47659e-01  0.0000e+00  0.500    0.00  6.45223e-02 -2.78835e-02 -1.41143e-13  5.32079e-05 -1.49679e-07  2.10761e-01
   289 -8.07055e-02 -2.48490e-01  5.1111e-03  0.611    0.00  6.42378e-02 -2.78274e-02 -1.38236e-13 -4.15937e-04  4.66614e-06  2.10360e-01
   289 -7.56624e-02 -2.49321e-01  1.0222e-02  0.722    0.00  6.39533e-02 -2.77713e-02 -1.35322e-13 -8.85314e-04  9.46233e-06  2.09959e-01
   289 -7.06192e-02 -2.50152e-01  1.5333e-02  0.833    0.00  6.36689e-02 -2.77152e-02 -1.32393e-13 -1.35492e-03  1.42389e-05  2.09558e-01
   289 -6.55761e-02 -2.50983e-01  2.0444e-02  0.944    0.00  6.33844e-02 -2.76591e-02 -1.29476e-13 -1.82476e-03  1.89958e-05  2.09157e-01
   290 -9.40999e-02 -1.72579e-01 -2.0444e-02  0.056    0.00  5.02386e-02 -2.14474e-02 -1.16728e-13  1.92748e-03 -1.47507e-05  2.12407e-01
   290 -8.90567e-02 -1.73410e-01 -1.5333e-02  0.167    0.00  4.99552e-02 -2.13880e-02 -1.14360e-13  1.45926e-03 -1.10109e-05  2.12005e-01
   290 -8.40136e-02 -1.74241e-01 -1.0222e-02  0.278    0.00  4.96717e-02 -2.13286e-02 -1.12053e-13  9.90807e-04 -7.29126e-06  2.11604e-01
   290 -7.89705e-02 -1.75072e-01 -5.1111e-03  0.389    0.00  4.93883e-02 -2.12692e-02 -1.09761e-13  5.22123e-04 -3.59183e-06  2.11203e-01
   290 -7.39273e-02 -1.75902e-01  0.0000e+00  0.500    0.00  4.91049e-02 -2.12099e-02 -1.07477e-13  5.32080e-05  8.73836e-08  2.10801e-01
   290 -6.88842e-02 -1.76733e-01  5.1111e-03  0.611    0.00  4.88215e-02 -2.11505e-02 -1.05214e-13 -4.15937e-04  3.74640e-06  2.10400e-01
   290 -6.38411e-02 -1.77564e-01  1.0222e-02  0.722    0.00  4.85381e-02 -2.10911e-02 -1.02933e-13 -8.85314e-04  7.38520e-06  2.09999e-01
   290 -5.87979e-02 -1.78395e-01  1.5333e-02  0.833    0.00  4.82547e-02 -2.10317e-02 -1.00648e-13 -1.35492e-03  1.10038e-05  2.09597e-01
   290 -5.37548e-02 -1.79226e-01  2.0444e-02  0.944    0.00  4.79712e-02 -2.09723e-02 -9.83455e-14 -1.82476e-03  1.46022e-05  2.09196e-01
   291 -8.22786e-02 -1.00822e-01 -2.0444e-02  0.056    0.00  3.48170e-02 -1.47868e-02 -8.04721e-14  1.92748e-03 -1.00976e-05  2.12437e-01
   291 -7.72354e-02 -1.01653e-01 -1.5333e-02  0.167    0.00  3.45347e-02 -1.47242e-02 -7.87841e-14  1.45926e-03 -7.51422e-06  2.12035e-01
   291 -7.21923e-02 -1.02484e-01 -1.0222e-02  0.278    0.00  3.42523e-02 -1.46615e-02 -7.71215e-14  9.90807e-04 -4.95110e-06  2.11634e-01
   291 -6.71492e-02 -1.03315e-01 -5.1111e-03  0.389    0.00  3.39699e-02 -1.45989e-02 -7.54662e-14  5.22123e-04 -2.40827e-06  2.11232e-01
   291 -6.21060e-02 -1.04145e-01  0.0000e+00  0.500    0.00  3.36876e-02 -1.45362e-02 -7.38219e-14  5.32080e-05  1.14273e-07  2.10831e-01
   291 -5.70629e-02 -1.04976e-01  5.1111e-03  0.611    0.00  3.34052e-02 -1.44735e-02 -7.21848e-14 -4.15937e-04  2.61653e-06  2.10429e-01
   291 -5.20197e-02 -1.05807e-01  1.0222e-02  0.722    0.00  3.31228e-02 -1.44109e-02 -7.05477e-14 -8.85314e-04  5.09849e-06  2.10027e-01
   291 -4.69766e-02 -1.06638e-01  1.5333e-02  0.833    0.00  3.28404e-02 -1.43482e-02 -6.89033e-14 -1.35492e-03  7.56016e-06  2.09626e-01
   291 -4.19335e-02 -1.07469e-01  2.0444e-02  0.944    0.00  3.25581e-02 -1.42855e-02 -6.72480e-14 -1.82476e-03  1.00015e-05  2.09224e-01
   292 -7.04572e-02 -2.90652e-02 -2.0444e-02  0.056    0.00  1.93955e-02 -8.12631e-03 -4.42215e-14  1.92748e-03 -5.54619e-06  2.12456e-01
   292 -6.54141e-02 -2.98960e-02 -1.5333e-02  0.167    0.00  1.91142e-02 -8.06036e-03 -4.31937e-14  1.45926e-03 -4.12001e-06  2.12054e-01
   292 -6.03710e-02 -3.07268e-02 -1.0222e-02  0.278    0.00  1.88328e-02 -7.99441e-03 -4.21751e-14  9.90807e-04 -2.71396e-06  2.11652e-01
   292 -5.53278e-02 -3.15576e-02 -5.1111e-03  0.389    0.00  1.85515e-02 -7.92847e-03 -4.11692e-14  5.22123e-04 -1.32803e-06  2.11251e-01
   292 -5.02847e-02 -3.23885e-02  0.0000e+00  0.500    0.00  1.82702e-02 -7.86252e-03 -4.01596e-14  5.32080e-05  3.77635e-08  2.10849e-01
   292 -4.52416e-02 -3.32193e-02  5.1111e-03  0.611    0.00  1.79889e-02 -7.79658e-03 -3.91610e-14 -4.15937e-04  1.38343e-06  2.10447e-01
   292 -4.01984e-02 -3.40501e-02  1.0222e-02  0.722    0.00  1.77076e-02 -7.73063e-03 -3.81606e-14 -8.85314e-04  2.70897e-06  2.10045e-01
   292 -3.51553e-02 -3.48809e-02  1.5333e-02  0.833    0.00  1.74262e-02 -7.66468e-03 -3.71529e-14 -1.35492e-03  4.01438e-06  2.09643e-01
   292 -3.01122e-02 -3.57117e-02  2.0444e-02  0.944    0.00  1.71449e-02 -7.59874e-03 -3.61433e-14 -1.82476e-03  5.29966e-06  2.09242e-01
   293 -5.86359e-02  4.26918e-02 -2.0444e-02  0.056    0.00  3.97393e-03 -1.46577e-03 -7.97672e-15  1.92748e-03 -1.03922e-06  2.12464e-01
   293 -5.35928e-02  4.18610e-02 -1.5333e-02  0.167    0.00  3.69366e-03 -1.39654e-03 -7.60701e-15  1.45926e-03 -7.70644e-07  2.12062e-01
   293 -4.85497e-02  4.10302e-02 -1.0222e-02  0.278    0.00  3.41339e-03 -1.32731e-03 -7.23821e-15  9.90807e-04 -5.21928e-07  2.11660e-01
   293 -4.35065e-02  4.01994e-02 -5.1111e-03  0.389    0.00  3.13312e-03 -1.25809e-03 -6.87101e-15  5.22123e-04 -2.93072e-07  2.11258e-01
   293 -3.84634e-02  3.93686e-02  0.0000e+00  0.500    0.00  2.85285e-03 -1.18886e-03 -6.50380e-15  5.32080e-05 -8.40758e-08  2.10856e-01
   293 -3.34203e-02  3.85377e-02  5.1111e-03  0.611    0.00  2.57258e-03 -1.11963e-03 -6.13750e-15 -4.15937e-04  1.05061e-07  2.10454e-01
   293 -2.83771e-02  3.77069e-02  1.0222e-02  0.722    0.00  2.29230e-03 -1.05040e-03 -5.77143e-15 -8.85314e-04  2.74339e-07  2.10052e-01
   293 -2.33340e-02  3.68761e-02  1.5333e-02  0.833    0.00  2.01203e-03 -9.81170e-04 -5.40444e-15 -1.35492e-03  4.23757e-07  2.09650e-01
   293 -1.82909e-02  3.60453e-02  2.0444e-02  0.944    0.00  1.73176e-03 -9.11942e-04 -5.03780e-15 -1.82476e-03  5.53315e-07  2.09248e-01
   294 -4.68146e-02  1.14449e-01 -2.0444e-02  0.056    0.00 -1.14476e-02  5.19476e-03  2.82653e-14  1.92748e-03  3.44706e-06  2.12461e-01
   294 -4.17715e-02  1.13618e-01 -1.5333e-02  0.167    0.00 -1.17268e-02  5.26727e-03  2.79797e-14  1.45926e-03  2.55790e-06  2.12059e-01
   294 -3.67284e-02  1.12787e-01 -1.0222e-02  0.278    0.00 -1.20061e-02  5.33979e-03  2.77023e-14  9.90807e-04  1.64921e-06  2.11657e-01
   294 -3.16852e-02  1.11956e-01 -5.1111e-03  0.389    0.00 -1.22853e-02  5.41230e-03  2.74276e-14  5.22123e-04  7.20971e-07  2.11255e-01
   294 -2.66421e-02  1.11126e-01  0.0000e+00  0.500    0.00 -1.25645e-02  5.48481e-03  2.71557e-14  5.32079e-05 -2.26807e-07  2.10853e-01
   294 -2.15989e-02  1.10295e-01  5.1111e-03  0.611    0.00 -1.28437e-02  5.55732e-03  2.68847e-14 -4.15937e-04 -1.19413e-06  2.10450e-01
   294 -1.65558e-02  1.09464e-01  1.0222e-02  0.722    0.00 -1.31230e-02  5.62983e-03  2.66164e-14 -8.85314e-04 -2.18098e-06  2.10048e-01
   294 -1.15127e-02  1.08633e-01  1.5333e-02  0.833    0.00 -1.34022e-02  5.70234e-03  2.63435e-14 -1.35492e-03 -3.18739e-06  2.09646e-01
   294 -6.46954e-03  1.07802e-01  2.0444e-02  0.944    0.00 -1.36814e-02  5.77485e-03  2.60743e-14 -1.82476e-03 -4.21333e-06  2.09244e-01
   295 -3.49933e-02  1.86206e-01 -2.0444e-02  0.056    0.00 -2.68692e-02  1.18553e-02  6.45123e-14  1.92748e-03  7.93464e-06  2.12448e-01
   295 -2.99502e-02  1.85375e-01 -1.5333e-02  0.167    0.00 -2.71473e-02  1.19311e-02  6.35664e-14  1.45926e-03  5.88756e-06  2.12045e-01
   295 -2.49071e-02  1.84544e-01 -1.0222e-02  0.278    0.00 -2.74255e-02  1.20069e-02  6.26405e-14  9.90807e-04  3.82125e-06  2.11643e-01
   295 -1.98639e-02  1.83713e-01 -5.1111e-03  0.389    0.00 -2.77037e-02  1.20827e-02  6.17256e-14  5.22123e-04  1.73572e-06  2.11241e-01
   295 -1.48208e-02  1.82883e-01  0.0000e+00  0.500    0.00 -2.79819e-02  1.21585e-02  6.08106e-14  5.32079e-05 -3.69032e-07  2.10838e-01
   295 -9.77764e-03  1.82052e-01  5.1111e-03  0.611    0.00 -2.82600e-02  1.22343e-02  5.99084e-14 -4.15937e-04 -2.49301e-06  2.10436e-01
   295 -4.73451e-03  1.81221e-01  1.0222e-02  0.722    0.00 -2.85382e-02  1.23101e-02  5.90026e-14 -8.85314e-04 -4.63621e-06  2.10033e-01
   295  3.08625e-04  1.80390e-01  1.5333e-02  0.833    0.00 -2.88164e-02  1.23859e-02  5.80912e-14 -1.35492e-03 -6.79864e-06  2.09631e-01
   295  5.35176e-03  1.79559e-01  2.0444e-02  0.944    0.00 -2.90946e-02  1.24616e-02  5.71799e-14 -1.82476e-03 -8.98029e-06  2.09228e-01
   296 -2.31720e-02  2.57963e-01 -2.0444e-02  0.056    0.00 -4.22907e-02  1.85158e-02  1.00757e-13  1.92748e-03  1.24603e-05  2.12423e-01
   296 -1.81289e-02  2.57132e-01 -1.5333e-02  0.167    0.00 -4.25678e-02  1.85949e-02  9.91568e-14  1.45926e-03  9.25588e-06  2.12021e-01
   296 -1.30857e-02  2.56301e-01 -1.0222e-02  0.278    0.00 -4.28450e-02  1.86740e-02  9.75779e-14  9.90807e-04  6.03250e-06  2.11618e-01
   296 -8.04261e-03  2.55470e-01 -5.1111e-03  0.389    0.00 -4.31221e-02  1.87531e-02  9.60281e-14  5.22123e-04  2.79011e-06  2.11215e-01
   296 -2.99948e-03  2.54640e-01  0.0000e+00  0.500    0.00 -4.33992e-02  1.88321e-02  9.44674e-14  5.32080e-05 -4.71281e-07  2.10813e-01
   296  2.04366e-03  2.53809e-01  5.1111e-03  0.611    0.00 -4.36763e-02  1.89112e-02  9.29322e-14 -4.15937e-04 -3.75167e-06  2.10410e-01
   296  7.08680e-03  2.52978e-01  1.0222e-02  0.722    0.00 -4.39535e-02  1.89903e-02  9.13933e-14 -8.85314e-04 -7.05107e-06  2.10008e-01
   296  1.21299e-02  2.52147e-01  1.5333e-02  0.833    0.00 -4.42306e-02  1.90694e-02  8.98472e-14 -1.35492e-03 -1.03695e-05  2.09605e-01
   296  1.71731e-02  2.51316e-01  2.0444e-02  0.944    0.00 -4.45077e-02  1.91484e-02  8.83010e-14 -1.82476e-03 -1.37069e-05  2.09202e-01
   297 -1.13507e-02  3.29720e-01 -2.0444e-02  0.056    0.00 -5.77122e-02  2.51764e-02  1.37032e-13  1.92748e-03  1.70681e-05  2.12388e-01
   297 -6.30757e-03  3.28889e-01 -1.5333e-02  0.167    0.00 -5.79883e-02  2.52587e-02  1.34754e-13  1.45926e-03  1.27069e-05  2.11985e-01
   297 -1.26444e-03  3.28058e-01 -1.0222e-02  0.278    0.00 -5.82644e-02  2.53411e-02  1.32510e-13  9.90807e-04  8.32678e-06  2.11582e-01
   297  3.77870e-03  3.27227e-01 -5.1111e-03  0.389    0.00 -5.85405e-02  2.54234e-02  1.30316e-13  5.22123e-04  3.92766e-06  2.11180e-01
   297  8.82184e-03  3.26397e-01  0.0000e+00  0.500    0.00 -5.88166e-02  2.55058e-02  1.28119e-13  5.32080e-05 -4.90430e-07  2.10777e-01
   297  1.38650e-02  3.25566e-01  5.1111e-03  0.611    0.00 -5.90926e-02  2.55882e-02  1.25950e-13 -4.15937e-04 -4.92750e-06  2.10374e-01
   297  1.89081e-02  3.24735e-01  1.0222e-02  0.722    0.00 -5.93687e-02  2.56705e-02  1.23779e-13 -8.85314e-04 -9.38355e-06  2.09971e-01
   297  2.39512e-02  3.23904e-01  1.5333e-02  0.833    0.00 -5.96448e-02  2.57529e-02  1.21610e-13 -1.35492e-03 -1.38586e-05  2.09568e-01
   297  2.89944e-02  3.23073e-01  2.0444e-02  0.944    0.00 -5.99209e-02  2.58352e-02  1.19428e-13 -1.82476e-03 -1.83526e-05  2.09165e-01
   298  4.70605e-04  4.01477e-01 -2.0444e-02  0.056    0.00 -7.31338e-02  3.18369e-02  1.73241e-13  1.92748e-03  2.18344e-05  2.12342e-01
   298  5.51374e-03  4.00646e-01 -1.5333e-02  0.167    0.00 -7.34088e-02  3.19225e-02  1.70330e-13  1.45926e-03  1.63178e-05  2.11939e-01
   298  1.05569e-02  3.99815e-01 -1.0222e-02  0.278    0.00 -7.36839e-02  3.20082e-02  1.67463e-13  9.90807e-04  1.07819e-05  2.11536e-01
   298  1.56000e-02  3.98984e-01 -5.1111e-03  0.389    0.00 -7.39589e-02  3.20938e-02  1.64619e-13  5.22123e-04  5.22664e-06  2.11133e-01
   298  2.06431e-02  3.98154e-01  0.0000e+00  0.500    0.00 -7.42339e-02  3.21795e-02  1.61788e-13  5.32080e-05 -3.47945e-07  2.10730e-01
   298  2.56863e-02  3.97323e-01  5.1111e-03  0.611    0.00 -7.45089e-02  3.22651e-02  1.58980e-13 -4.15937e-04 -5.94187e-06  2.10327e-01
   298  3.07294e-02  3.96492e-01  1.0222e-02  0.722    0.00 -7.47840e-02  3.23508e-02  1.56164e-13 -8.85314e-04 -1.15551e-05  2.09923e-01
   298  3.57726e-02  3.95661e-01  1.5333e-02  0.833    0.00 -7.50590e-02  3.24364e-02  1.53334e-13 -1.35492e-03 -1.71877e-05  2.09520e-01
   298  4.08157e-02  3.94830e-01  2.0444e-02  0.944    0.00 -7.53340e-02  3.25220e-02  1.50489e-13 -1.82476e-03 -2.28397e-05  2.09117e-01
   299  1.22919e-02  4.73234e-01 -2.0444e-02  0.056    0.00 -8.85553e-02  3.84974e-02  2.09489e-13  1.92748e-03  2.69352e-05  2.12285e-01
   299  1.73350e-02  4.72403e-01 -1.5333e-02  0.167    0.00 -8.88293e-02  3.85864e-02  2.05917e-13  1.45926e-03  2.02660e-05  2.11882e-01
   299  2.23782e-02  4.71572e-01 -1.0222e-02  0.278    0.00 -8.91033e-02  3.86753e-02  2.02410e-13  9.90807e-04  1.35763e-05  2.11478e-01
   299  2.74213e-02  4.70741e-01 -5.1111e-03  0.389    0.00 -8.93773e-02  3.87642e-02  1.98932e-13  5.22123e-04  6.86616e-06  2.11075e-01
   299  3.24645e-02  4.69911e-01  0.0000e+00  0.500    0.00 -8.96513e-02  3.88531e-02  1.95454e-13  5.32080e-05  1.35489e-07  2.10672e-01
   299  3.75076e-02  4.69080e-01  5.1111e-03  0.611    0.00 -8.99252e-02  3.89421e-02  1.91998e-13 -4.15937e-04 -6.61569e-06  2.10268e-01
   299  4.25507e-02  4.68249e-01  1.0222e-02  0.722    0.00 -9.01992e-02  3.90310e-02  1.88556e-13 -8.85314e-04 -1.33874e-05  2.09865e-01
   299  4.75939e-02  4.67418e-01  1.5333e-02  0.833    0.00 -9.04732e-02  3.91199e-02  1.85071e-13 -1.35492e-03 -2.01795e-05  2.09462e-01
   299  5.26370e-02  4.66587e-01  2.0444e-02  0.944    0.00 -9.07472e-02  3.92088e-02  1.81630e-13 -1.82476e-03 -2.69922e-05  2.09059e-01
   300  2.41132e-02  5.44991e-01 -2.0444e-02  0.056    0.00 -1.03977e-01  4.51580e-02  2.45695e-13  1.92748e-03  3.27241e-05  2.12217e-01
   300  2.91564e-02  5.44160e-01 -1.5333e-02  0.167    0.00 -1.04250e-01  4.52502e-02  2.41496e-13  1.45926e-03  2.49082e-05  2.11813e-01
   300  3.41995e-02  5.43329e-01 -1.0222e-02  0.278    0.00 -1.04523e-01  4.53424e-02  2.37334e-13  9.90807e-04  1.70690e-05  2.11410e-01
   300  3.92426e-02  5.42498e-01 -5.1111e-03  0.389    0.00 -1.04796e-01  4.54346e-02  2.33224e-13  5.22123e-04  9.20651e-06  2.11006e-01
   300  4.42858e-02  5.41668e-01  0.0000e+00  0.500    0.00 -1.05069e-01  4.55268e-02  2.29105e-13  5.32079e-05  1.32064e-06  2.10603e-01
   300  4.93289e-02  5.40837e-01  5.1111e-03  0.611    0.00 -1.05342e-01  4.56190e-02  2.25016e-13 -4.15937e-04 -6.58856e-06  2.10199e-01
   300  5.43720e-02  5.40006e-01  1.0222e-02  0.722    0.00 -1.05614e-01  4.57112e-02  2.20920e-13 -8.85314e-04 -1.45211e-05  2.09796e-01
   300  5.94152e-02  5.39175e-01  1.5333e-02  0.833    0.00 -1.05887e-01  4.58034e-02  2.16831e-13 -1.35492e-03 -2.24770e-05  2.09393e-01
   300  6.44583e-02  5.38344e-01  2.0444e-02  0.944    0.00 -1.06160e-01  4.58956e-02  2.12771e-13 -1.82476e-03 -3.04562e-05  2.08989e-01
   301  3.59345e-02  6.16748e-01 -2.0444e-02  0.056    0.00 -1.19398e-01  5.18185e-02  2.81943e-13  1.92748e-03  3.99441e-05  2.12137e-01
   301  4.09777e-02  6.15917e-01 -1.5333e-02  0.167    0.00 -1.19670e-01  5.19140e-02  2.77083e-13  1.45926e-03  3.09935e-05  2.11734e-01
   301  4.60208e-02  6.15086e-01 -1.0222e-02  0.278    0.00 -1.19942e-01  5.20095e-02  2.72274e-13  9.90807e-04  2.20132e-05  2.11330e-01
   301  5.10639e-02  6.14255e-01 -5.1111e-03  0.389    0.00 -1.20214e-01  5.21050e-02  2.67515e-13  5.22123e-04  1.30033e-05  2.10927e-01
   301  5.61071e-02  6.13425e-01  0.0000e+00  0.500    0.00 -1.20486e-01  5.22005e-02  2.62771e-13  5.32079e-05  3.96375e-06  2.10523e-01
   301  6.11502e-02  6.12594e-01  5.1111e-03  0.611    0.00 -1.20758e-01  5.22960e-02  2.58042e-13 -4.15937e-04 -5.10542e-06  2.10120e-01
   301  6.61933e-02  6.11763e-01  1.0222e-02  0.722    0.00 -1.21030e-01  5.23914e-02  2.53327e-13 -8.85314e-04 -1.42042e-05  2.09716e-01
   301  7.12365e-02  6.10932e-01  1.5333e-02  0.833    0.00 -1.21302e-01  5.24869e-02  2.48590e-13 -1.35492e-03 -2.33327e-05  2.09313e-01
   301  7.62796e-02  6.10101e-01  2.0444e-02  0.944    0.00 -1.21574e-01  5.25824e-02  2.43854e-13 -1.82476e-03 -3.24908e-05  2.08909e-01
   302  4.77558e-02  6.88505e-01 -2.0444e-02  0.056    0.00 -1.34820e-01  5.84790e-02  3.18192e-13  1.92748e-03  5.01427e-05  2.12047e-01
   302  5.27990e-02  6.87674e-01 -1.5333e-02  0.167    0.00 -1.35091e-01  5.85778e-02  3.12677e-13  1.45926e-03  4.00829e-05  2.11643e-01
   302  5.78421e-02  6.86843e-01 -1.0222e-02  0.278    0.00 -1.35362e-01  5.86766e-02  3.07220e-13  9.90807e-04  2.99799e-05  2.11240e-01
   302  6.28852e-02  6.86012e-01 -5.1111e-03  0.389    0.00 -1.35632e-01  5.87754e-02  3.01836e-13  5.22123e-04  1.98337e-05  2.10836e-01
   302  6.79284e-02  6.85182e-01  0.0000e+00  0.500    0.00 -1.35903e-01  5.88741e-02  2.96423e-13  5.32080e-05  9.64444e-06  2.10433e-01
   302  7.29715e-02  6.84351e-01  5.1111e-03  0.611    0.00 -1.36174e-01  5.89729e-02  2.91053e-13 -4.15937e-04 -5.87998e-07  2.10029e-01
   302  7.80146e-02  6.83520e-01  1.0222e-02  0.722    0.00 -1.36445e-01  5.90717e-02  2.85727e-13 -8.85314e-04 -1.08636e-05  2.09626e-01
   302  8.30578e-02  6.82689e-01  1.5333e-02  0.833    0.00 -1.36716e-01  5.91704e-02  2.80343e-13 -1.35492e-03 -2.11823e-05  2.09222e-01
   302  8.81009e-02  6.81858e-01  2.0444e-02  0.944    0.00 -1.36987e-01  5.92692e-02  2.74973e-13 -1.82476e-03 -3.15442e-05  2.08819e-01
   303  5.95771e-02  7.60262e-01 -2.0444e-02  0.056    0.00 -1.50242e-01  6.51396e-02  3.54397e-13  1.92748e-03  6.65042e-05  2.11944e-01
   303  6.46203e-02  7.59431e-01 -1.5333e-02  0.167    0.00 -1.50511e-01  6.52416e-02  3.48242e-13  1.45926e-03  5.53871e-05  2.11541e-01
   303  6.96634e-02  7.58600e-01 -1.0222e-02  0.278    0.00 -1.50781e-01  6.53437e-02  3.42130e-13  9.90807e-04  4.41984e-05  2.11138e-01
   303  7.47065e-02  7.57769e-01 -5.1111e-03  0.389    0.00 -1.51051e-01  6.54457e-02  3.36120e-13  5.22123e-04  3.29382e-05  2.10734e-01
   303  7.97497e-02  7.56939e-01  0.0000e+00  0.500    0.00 -1.51321e-01  6.55478e-02  3.30110e-13  5.32080e-05  2.16064e-05  2.10331e-01
   303  8.47928e-02  7.56108e-01  5.1111e-03  0.611    0.00 -1.51590e-01  6.56498e-02  3.24086e-13 -4.15937e-04  1.02030e-05  2.09928e-01
   303  8.98360e-02  7.55277e-01  1.0222e-02  0.722    0.00 -1.51860e-01  6.57519e-02  3.18119e-13 -8.85314e-04 -1.27193e-06  2.09525e-01
   303  9.48791e-02  7.54446e-01  1.5333e-02  0.833    0.00 -1.52130e-01  6.58540e-02  3.12066e-13 -1.35492e-03 -1.28184e-05  2.09122e-01
   303  9.99222e-02  7.53615e-01  2.0444e-02  0.944    0.00 -1.52400e-01  6.59560e-02  3.06027e-13 -1.82476e-03 -2.44365e-05  2.08719e-01
   304  7.13985e-02  8.32019e-01 -2.0444e-02  0.056    0.00 -1.65663e-01  7.18001e-02  3.90733e-13  1.92748e-03  9.56118e-05  2.11828e-01
   304  7.64416e-02  8.31188e-01 -1.5333e-02  0.167    0.00 -1.65932e-01  7.19055e-02  3.83880e-13  1.45926e-03  8.35455e-05  2.11426e-01
   304  8.14847e-02  8.30357e-01 -1.0222e-02  0.278    0.00 -1.66201e-01  7.20108e-02  3.77098e-13  9.90807e-04  7.13484e-05  2.11023e-01
   304  8.65279e-02  8.29526e-01 -5.1111e-03  0.389    0.00 -1.66469e-01  7.21161e-02  3.70434e-13  5.22123e-04  5.90204e-05  2.10621e-01
   304  9.15710e-02  8.28696e-01  0.0000e+00  0.500    0.00 -1.66738e-01  7.22215e-02  3.63725e-13  5.32080e-05  4.65616e-05  2.10219e-01
   304  9.66141e-02  8.27865e-01  5.1111e-03  0.611    0.00 -1.67007e-01  7.23268e-02  3.57119e-13 -4.15937e-04  3.39719e-05  2.09817e-01
   304  1.01657e-01  8.27034e-01  1.0222e-02  0.722    0.00 -1.67275e-01  7.24321e-02  3.50497e-13 -8.85314e-04  2.12514e-05  2.09415e-01
   304  1.06700e-01  8.26203e-01  1.5333e-02  0.833    0.00 -1.67544e-01  7.25375e-02  3.43876e-13 -1.35492e-03  8.40001e-06  2.09012e-01
   304  1.11744e-01  8.25372e-01  2.0444e-02  0.944    0.00 -1.67813e-01  7.26428e-02  3.37212e-13 -1.82476e-03 -4.58220e-06  2.08610e-01
   305  8.32198e-02  9.03776e-01 -2.0444e-02  0.056    0.00 -1.81085e-01  7.84606e-02  4.26939e-13  1.92748e-03  1.51113e-04  2.11696e-01
   305  8.82629e-02  9.02945e-01 -1.5333e-02  0.167    0.00 -1.81352e-01  7.85693e-02  4.19415e-13  1.45926e-03  1.38321e-04  2.11296e-01
   305  9.33060e-02  9.02114e-01 -1.0222e-02  0.278    0.00 -1.81620e-01  7.86779e-02  4.12037e-13  9.90807e-04  1.25275e-04  2.10896e-01
   305  9.83492e-02  9.01283e-01 -5.1111e-03  0.389    0.00 -1.81888e-01  7.87865e-02  4.04747e-13  5.22123e-04  1.11975e-04  2.10496e-01
   305  1.03392e-01  9.00453e-01  0.0000e+00  0.500    0.00 -1.82155e-01  7.88951e-02  3.97384e-13  5.32079e-05  9.84215e-05  2.10096e-01
   305  1.08435e-01  8.99622e-01  5.1111e-03  0.611    0.00 -1.82423e-01  7.90037e-02  3.90137e-13 -4.15937e-04  8.46136e-05  2.09696e-01
   305  1.13479e-01  8.98791e-01  1.0222e-02  0.722    0.00 -1.82691e-01  7.91124e-02  3.82875e-13 -8.85314e-04  7.05518e-05  2.09296e-01
   305  1.18522e-01  8.97960e-01  1.5333e-02  0.833    0.00 -1.82958e-01  7.92210e-02  3.75599e-13 -1.35492e-03  5.62359e-05  2.08896e-01
   305  1.23565e-01  8.97129e-01  2.0444e-02  0.944    0.00 -1.83226e-01  7.93296e-02  3.68324e-13 -1.82476e-03  4.16660e-05  2.08496e-01
   306  9.50411e-02  9.75533e-01 -2.0444e-02  0.056    0.00 -1.96506e-01  8.51212e-02  4.63246e-13  1.92748e-03  2.61270e-04  2.11542e-01
   306  1.00084e-01  9.74702e-01 -1.5333e-02  0.167    0.00 -1.96773e-01  8.52331e-02  4.55038e-13  1.45926e-03  2.48216e-04  2.11147e-01
   306  1.05127e-01  9.73871e-01 -1.0222e-02  0.278    0.00 -1.97039e-01  8.53450e-02  4.46991e-13  9.90807e-04  2.34652e-04  2.10752e-01
   306  1.10170e-01  9.73040e-01 -5.1111e-03  0.389    0.00 -1.97306e-01  8.54569e-02  4.39017e-13  5.22123e-04  2.20578e-04  2.10357e-01
   306  1.15214e-01  9.72210e-01  0.0000e+00  0.500    0.00 -1.97573e-01  8.55688e-02  4.31071e-13  5.32079e-05  2.05995e-04  2.09962e-01
   306  1.20257e-01  9.71379e-01  5.1111e-03  0.611    0.00 -1.97839e-01  8.56807e-02  4.23141e-13 -4.15937e-04  1.90903e-04  2.09567e-01
   306  1.25300e-01  9.70548e-01  1.0222e-02  0.722    0.00 -1.98106e-01  8.57926e-02  4.15253e-13 -8.85314e-04  1.75301e-04  2.09172e-01
   306  1.30343e-01  9.69717e-01  1.5333e-02  0.833    0.00 -1.98373e-01  8.59045e-02  4.07337e-13 -1.35492e-03  1.59190e-04  2.08777e-01
   306  1.35386e-01  9.68886e-01  2.0444e-02  0.944    0.00 -1.98639e-01  8.60164e-02  3.99377e-13 -1.82476e-03  1.42569e-04  2.08382e-01
   307  1.06862e-01  1.04729e+00 -2.0444e-02  0.056    0.00 -2.11928e-01  9.17817e-02  4.99509e-13  1.92748e-03  4.84584e-04  2.11355e-01
   307  1.11906e-01  1.04646e+00 -1.5333e-02  0.167    0.00 -2.12193e-01  9.18969e-02  4.90647e-13  1.45926e-03  4.72226e-04  2.10970e-01
   307  1.16949e-01  1.04563e+00 -1.0222e-02  0.278    0.00 -2.12459e-01  9.20121e-02  4.81887e-13  9.90807e-04  4.58829e-04  2.10586e-01
   307  1.21992e-01  1.04480e+00 -5.1111e-03  0.389    0.00 -2.12724e-01  9.21273e-02  4.73301e-13  5.22123e-04  4.44393e-04  2.10201e-01
   307  1.27035e-01  1.04397e+00  0.0000e+00  0.500    0.00 -2.12990e-01  9.22425e-02  4.64701e-13  5.32080e-05  4.28918e-04  2.09817e-01
   307  1.32078e-01  1.04314e+00  5.1111e-03  0.611    0.00 -2.13256e-01  9.23576e-02  4.56173e-13 -4.15937e-04  4.12404e-04  2.09432e-01
   307  1.37121e-01  1.04231e+00  1.0222e-02  0.722    0.00 -2.13521e-01  9.24728e-02  4.47675e-13 -8.85314e-04  3.94852e-04  2.09048e-01
   307  1.42164e-01  1.04147e+00  1.5333e-02  0.833    0.00 -2.13787e-01  9.25880e-02  4.39089e-13 -1.35492e-03  3.76261e-04  2.08663e-01
   307  1.47207e-01  1.04064e+00  2.0444e-02  0.944    0.00 -2.14052e-01  9.27032e-02  4.30475e-13 -1.82476e-03  3.56631e-04  2.08279e-01
   308  1.18684e-01  1.11905e+00 -2.0444e-02  0.056    0.00 -2.27349e-01  9.84423e-02  5.35714e-13  1.92748e-03  9.42168e-04  2.11110e-01
   308  1.23727e-01  1.11822e+00 -1.5333e-02  0.167    0.00 -2.27614e-01  9.85607e-02  5.26183e-13  1.45926e-03  9.32490e-04  2.10748e-01
   308  1.28770e-01  1.11739e+00 -1.0222e-02  0.278    0.00 -2.27878e-01  9.86792e-02  5.16855e-13  9.90807e-04  9.20678e-04  2.10386e-01
   308  1.33813e-01  1.11655e+00 -5.1111e-03  0.389    0.00 -2.28143e-01  9.87977e-02  5.07614e-13  5.22123e-04  9.06729e-04  2.10023e-01
   308  1.38856e-01  1.11572e+00  0.0000e+00  0.500    0.00 -2.28407e-01  9.89161e-02  4.98374e-13  5.32080e-05  8.90646e-04  2.09661e-01
   308  1.43899e-01  1.11489e+00  5.1111e-03  0.611    0.00 -2.28672e-01  9.90346e-02  4.89206e-13 -4.15937e-04  8.72428e-04  2.09299e-01
   308  1.48942e-01  1.11406e+00  1.0222e-02  0.722    0.00 -2.28937e-01  9.91531e-02  4.80039e-13 -8.85314e-04  8.52074e-04  2.08936e-01
   308  1.53986e-01  1.11323e+00  1.5333e-02  0.833    0.00 -2.29201e-01  9.92715e-02  4.70856e-13 -1.35492e-03  8.29585e-04  2.08574e-01
   308  1.59029e-01  1.11240e+00  2.0444e-02  0.944    0.00 -2.29466e-01  9.93900e-02  4.61630e-13 -1.82476e-03  8.04961e-04  2.08212e-01
   309  1.30505e-01  1.19080e+00 -2.0444e-02  0.056    0.00 -2.42771e-01  1.05103e-01  5.71890e-13  9.63741e-04  6.44851e-04  2.10845e-01
   309  1.35548e-01  1.18997e+00 -1.5333e-02  0.167    0.00 -2.43034e-01  1.05225e-01  5.61806e-13  7.29630e-04  6.36721e-04  2.10508e-01
   309  1.40591e-01  1.18914e+00 -1.0222e-02  0.278    0.00 -2.43298e-01  1.05346e-01  5.51794e-13  4.95403e-04  6.27137e-04  2.10171e-01
   309  1.45634e-01  1.18831e+00 -5.1111e-03  0.389    0.00 -2.43561e-01  1.05468e-01  5.41928e-13  2.61061e-04  6.16100e-04  2.09833e-01
   309  1.50678e-01  1.18748e+00  0.0000e+00  0.500    0.00 -2.43825e-01  1.05590e-01  5.32062e-13  2.66040e-05  6.03609e-04  2.09496e-01
   309  1.55721e-01  1.18665e+00  5.1111e-03  0.611    0.00 -2.44088e-01  1.05712e-01  5.22239e-13 -2.07969e-04  5.89664e-04  2.09159e-01
   309  1.60764e-01  1.18582e+00  1.0222e-02  0.722    0.00 -2.44352e-01  1.05833e-01  5.12460e-13 -4.42657e-04  5.74265e-04  2.08821e-01
   309  1.65807e-01  1.18499e+00  1.5333e-02  0.833    0.00 -2.44615e-01  1.05955e-01  5.02550e-13 -6.77460e-04  5.57413e-04  2.08484e-01
   309  1.70850e-01  1.18416e+00  2.0444e-02  0.944    0.00 -2.44879e-01  1.06077e-01  4.92757e-13 -9.12379e-04  5.39107e-04  2.08147e-01
