# t[ms] U1 U2 U3[m] S11 S22 S33 S12 S13 S23[Pa] -- OpenSG-RM at the stations of the plots; solid dump values in solid_step.dat
5.000000000000000278e-02 0.000000000000000000e+00 0.000000000000000000e+00 2.821923899999999926e-03 2.515169857753547281e+07 1.795670811888170615e+07 3.257693087215432897e+07 -7.723379330296352006e-11 4.364625640710003208e+05 4.279209972250697901e+05
1.000000000000000056e-01 0.000000000000000000e+00 0.000000000000000000e+00 1.131512500000000053e-02 4.893942984984318912e+07 2.042452034346327558e+07 3.257693087215401232e+07 -5.803794094766181907e-10 1.634988012570984894e+06 1.606489170296504628e+06
1.499999999999999944e-01 0.000000000000000000e+00 0.000000000000000000e+00 2.546095099999999903e-02 1.269985347658883780e+08 2.852946954316816106e+07 3.257693087215295434e+07 -2.237859574726189396e-09 3.239930904859032948e+06 3.195571165140553843e+06
2.000000000000000111e-01 0.000000000000000000e+00 0.000000000000000000e+00 4.514441000000000287e-02 3.035288556727123260e+08 4.688195020541903377e+07 3.257693087215057760e+07 -5.979844795423546934e-09 4.963540955165576190e+06 4.911339377079558559e+06
2.500000000000000000e-01 0.000000000000000000e+00 0.000000000000000000e+00 7.028102199999999855e-02 6.187561390655255318e+08 7.970850888837075233e+07 3.257693087214633077e+07 -1.269624218926156059e-08 6.809235694286188111e+06 6.749806268092039041e+06
2.999999999999999889e-01 0.000000000000000000e+00 0.000000000000000000e+00 1.008211799999999964e-01 1.095987481190123558e+09 1.295058745144655704e+08 3.257693087213989720e+07 -2.278723499558084015e-08 8.829365238480055705e+06 8.760331834212748334e+06
3.499999999999999778e-01 0.000000000000000000e+00 0.000000000000000000e+00 1.366400000000000114e-01 1.734285778471773148e+09 1.962773010110304654e+08 3.257693087213127315e+07 -3.643354838629248121e-08 1.105729035909454525e+07 1.097456066895567439e+07
4.000000000000000222e-01 0.000000000000000000e+00 0.000000000000000000e+00 1.775831700000000124e-01 2.508293456973856449e+09 2.774794351168118715e+08 3.257693087212080136e+07 -5.303795192894930088e-08 1.354927887547934242e+07 1.344493711392123438e+07
4.500000000000000111e-01 0.000000000000000000e+00 0.000000000000000000e+00 2.235526800000000036e-01 3.375895364866189480e+09 3.687903954761359692e+08 3.257693087210904062e+07 -7.175359646001060899e-08 1.638959791602057219e+07 1.625183082031630911e+07
5.000000000000000000e-01 0.000000000000000000e+00 0.000000000000000000e+00 2.744256999999999946e-01 4.290503711226011753e+09 4.653541467102701664e+08 3.257693087209662795e+07 -9.092396511034257790e-08 1.967122779622450471e+07 1.948742688334594294e+07
5.500000000000000444e-01 0.000000000000000000e+00 0.000000000000000000e+00 3.299991999999999925e-01 5.214823168767675400e+09 5.631517762260931730e+08 3.257693087208407745e+07 -1.110737686930511038e-07 2.346671549022275582e+07 2.322333442745693401e+07
5.999999999999999778e-01 0.000000000000000000e+00 0.000000000000000000e+00 3.900791200000000014e-01 6.131095717147415161e+09 6.601983190444562435e+08 3.257693087207163498e+07 -1.308248072445991036e-07 2.779334574582305178e+07 2.748303711863249168e+07
6.500000000000000222e-01 0.000000000000000000e+00 0.000000000000000000e+00 4.544905499999999932e-01 7.045746481243994713e+09 7.569397488140830994e+08 3.257693087205922231e+07 -1.510396985806524914e-07 3.260500264160086960e+07 3.222613778614582866e+07
6.999999999999999556e-01 0.000000000000000000e+00 0.000000000000000000e+00 5.229885399999999462e-01 7.986374889739567757e+09 8.560431499832749367e+08 3.257693087204648182e+07 -1.705478959982813101e-07 3.780206418227303028e+07 3.736108250198177993e+07
7.500000000000000000e-01 0.000000000000000000e+00 0.000000000000000000e+00 5.952879399999999599e-01 8.992172630649599075e+09 9.615044327838830948e+08 3.257693087203289941e+07 -1.922726083375089315e-07 4.325691294670488685e+07 4.276488820713755488e+07
8.000000000000000444e-01 0.000000000000000000e+00 0.000000000000000000e+00 6.711434299999999853e-01 1.010002004837898636e+10 1.077264727559056044e+09 3.257693087201795727e+07 -2.149078764595577070e-07 4.884369743223323673e+07 4.831294297027322650e+07
8.499999999999999778e-01 0.000000000000000000e+00 0.000000000000000000e+00 7.503012500000000307e-01 1.133267067249872971e+10 1.205795086627551556e+09 3.257693087200133875e+07 -2.427517054322768762e-07 5.447269650035972148e+07 5.391213876436088234e+07
9.000000000000000222e-01 0.000000000000000000e+00 0.000000000000000000e+00 8.324549900000000058e-01 1.269050648956462669e+10 1.347488569635860920e+09 3.257693087198302150e+07 -2.709179811911086604e-07 6.011731576919504255e+07 5.952835496189163625e+07
9.499999999999999556e-01 0.000000000000000000e+00 0.000000000000000000e+00 9.173164799999999897e-01 1.414950036087763405e+10 1.500095075040288210e+09 3.257693087196331099e+07 -3.027334933065309831e-07 6.581218533660680801e+07 6.518526225457134098e+07
1.000000000000000000e+00 0.000000000000000000e+00 0.000000000000000000e+00 1.004632500000000039e+00 1.566663855941403198e+10 1.659404527275177479e+09 3.257693087194276974e+07 -3.344050163761513582e-07 7.163766732480835915e+07 7.095529365331302583e+07
1.050000000000000044e+00 0.000000000000000000e+00 0.000000000000000000e+00 1.094109999999999916e+00 1.719174537649221802e+10 1.820265570033927917e+09 3.257693087192206457e+07 -3.676994033540802020e-07 7.769079640813222528e+07 7.692911404701305926e+07
1.100000000000000089e+00 0.000000000000000000e+00 0.000000000000000000e+00 1.185424500000000103e+00 1.868295934740127182e+10 1.978090071900425196e+09 3.257693087190178782e+07 -3.983397750450573186e-07 8.404681475220626593e+07 8.319196330036915839e+07
1.149999999999999911e+00 0.000000000000000000e+00 0.000000000000000000e+00 1.278279299999999896e+00 2.011776963591440964e+10 2.130268770148837566e+09 3.257693087188226357e+07 -4.313138023195358107e-07 9.072937098684671521e+07 8.976159923863673210e+07
1.199999999999999956e+00 0.000000000000000000e+00 0.000000000000000000e+00 1.372368000000000032e+00 2.150171913386704254e+10 2.276972381558989048e+09 3.257693087186345831e+07 -4.618007998854489677e-07 9.767463048235183954e+07 9.659911784810243547e+07
1.250000000000000000e+00 0.000000000000000000e+00 0.000000000000000000e+00 1.467333900000000080e+00 2.286301030032997513e+10 2.420744613664159298e+09 3.257693087184500694e+07 -4.892652228136062399e-07 1.047708025226190686e+08 1.036052587429249883e+08
1.300000000000000044e+00 0.000000000000000000e+00 0.000000000000000000e+00 1.562824999999999909e+00 2.424149153913019180e+10 2.565589848410483360e+09 3.257693087182637677e+07 -5.196429590291564093e-07 1.118819802761439383e+08 1.106410421713640541e+08
1.350000000000000089e+00 0.000000000000000000e+00 0.000000000000000000e+00 1.658520800000000017e+00 2.567167165813580704e+10 2.715072104559665680e+09 3.257693087180711329e+07 -5.490459478849618896e-07 1.188712805718311816e+08 1.175807847110440880e+08
1.399999999999999911e+00 0.000000000000000000e+00 0.000000000000000000e+00 1.754082499999999989e+00 2.717028541010161972e+10 2.871261249141807556e+09 3.257693087178694457e+07 -5.822862326272013729e-07 1.256622284421625286e+08 1.243390264364659935e+08
1.449999999999999956e+00 0.000000000000000000e+00 0.000000000000000000e+00 1.849159900000000079e+00 2.873089905013737488e+10 3.033783479937549591e+09 3.257693087176593393e+07 -6.138363003533536852e-07 1.322459339697881192e+08 1.308944320759356916e+08
1.500000000000000000e+00 0.000000000000000000e+00 0.000000000000000000e+00 1.943443400000000043e+00 3.032438390784827423e+10 3.200093467311567783e+09 3.257693087174443156e+07 -6.472791958504976839e-07 1.386562983101431131e+08 1.372757479247485995e+08
1.550000000000000044e+00 0.000000000000000000e+00 0.000000000000000000e+00 2.036640499999999854e+00 3.190946907278592300e+10 3.366153423281569481e+09 3.257693087172298878e+07 -6.833540074370203143e-07 1.449791473264156878e+08 1.435498555367624462e+08
1.600000000000000089e+00 0.000000000000000000e+00 0.000000000000000000e+00 2.128434899999999796e+00 3.344455439779832840e+10 3.527799353637386322e+09 3.257693087170214951e+07 -7.139993675378075766e-07 1.512885746208810210e+08 1.497884637738318741e+08
1.649999999999999911e+00 0.000000000000000000e+00 0.000000000000000000e+00 2.218520100000000106e+00 3.489977888703453827e+10 3.681716271064082623e+09 3.257693087168234587e+07 -7.461061717148931430e-07 1.576157850263744891e+08 1.560271465099031925e+08
1.699999999999999956e+00 0.000000000000000000e+00 0.000000000000000000e+00 2.306618900000000139e+00 3.626383317818930054e+10 3.826442718275106907e+09 3.257693087166376039e+07 -7.748553034604259869e-07 1.639666887043381929e+08 1.622650990999515057e+08
1.750000000000000000e+00 0.000000000000000000e+00 0.000000000000000000e+00 2.392440199999999795e+00 3.753842052330892944e+10 3.962364263206919193e+09 3.257693087164634094e+07 -8.060201873782297021e-07 1.702698105998224914e+08 1.684607900165250003e+08
1.800000000000000044e+00 0.000000000000000000e+00 0.000000000000000000e+00 2.475675999999999988e+00 3.875222671584716797e+10 4.091009320035272598e+09 3.257693087162984535e+07 -8.316664305042257983e-07 1.764393743841258287e+08 1.745356680125022829e+08
1.850000000000000089e+00 0.000000000000000000e+00 0.000000000000000000e+00 2.556043299999999796e+00 3.992773793904190063e+10 4.214958834866570950e+09 3.257693087161393464e+07 -8.565950555707887582e-07 1.823754649118719399e+08 1.803939961549365819e+08
1.899999999999999911e+00 0.000000000000000000e+00 0.000000000000000000e+00 2.633271800000000162e+00 4.108828783564044952e+10 4.336610319150157928e+09 3.257693087159830332e+07 -8.801791347737978097e-07 1.879841566460226178e+08 1.859570456581782401e+08
1.949999999999999956e+00 0.000000000000000000e+00 0.000000000000000000e+00 2.707072800000000168e+00 4.224049839868675232e+10 4.456393130970889091e+09 3.257693087158284709e+07 -9.030666444418983607e-07 1.932273635532268882e+08 1.911714426518466175e+08
2.000000000000000000e+00 0.000000000000000000e+00 0.000000000000000000e+00 2.777167400000000175e+00 4.337965664781906891e+10 4.574695299200796127e+09 3.257693087156756595e+07 -9.276596104267585431e-07 1.980846299080970883e+08 1.960270487923215628e+08
2.050000000000000266e+00 0.000000000000000000e+00 0.000000000000000000e+00 2.843310300000000179e+00 4.448892554159622955e+10 4.689850101170646667e+09 3.257693087155267224e+07 -9.567345292502940893e-07 2.025870681066213250e+08 2.005263905875681937e+08
2.100000000000000089e+00 0.000000000000000000e+00 0.000000000000000000e+00 2.905261600000000222e+00 4.554612522927642822e+10 4.799405036083774567e+09 3.257693087153847516e+07 -9.788159297481817955e-07 2.067754631979926527e+08 2.047089394353291690e+08
2.149999999999999911e+00 0.000000000000000000e+00 0.000000000000000000e+00 2.962785400000000013e+00 4.651598459555895233e+10 4.901225009391972542e+09 3.257693087152531743e+07 -9.964102123277986683e-07 2.106907016866761446e+08 2.086027122719868720e+08
2.200000000000000178e+00 0.000000000000000000e+00 0.000000000000000000e+00 3.015684499999999879e+00 4.738782494568419647e+10 4.993095191528019905e+09 3.257693087151345983e+07 -1.014855629417661884e-06 2.143600030867061317e+08 2.122252162993844151e+08
2.250000000000000000e+00 0.000000000000000000e+00 0.000000000000000000e+00 3.063795400000000058e+00 4.814587167650778198e+10 5.074040504791854858e+09 3.257693087150305137e+07 -1.030365294131899557e-06 2.177846613748814464e+08 2.155810784696752131e+08
2.299999999999999822e+00 0.000000000000000000e+00 0.000000000000000000e+00 3.106958899999999968e+00 4.878883698518292236e+10 5.143459134556616783e+09 3.257693087149417028e+07 -1.047691851582458948e-06 2.209357264945291877e+08 2.186552228017524779e+08
2.350000000000000089e+00 0.000000000000000000e+00 0.000000000000000000e+00 3.145034100000000166e+00 4.933219624082041931e+10 5.202163388845691681e+09 3.257693087148667499e+07 -1.056120507515707218e-06 2.237673149458269477e+08 2.214095882389940321e+08
2.399999999999999911e+00 0.000000000000000000e+00 0.000000000000000000e+00 3.177912099999999906e+00 4.979047865555796814e+10 5.251626258467058182e+09 3.257693087148037553e+07 -1.069984437464051769e-06 2.262334834553140700e+08 2.238109387687233686e+08
2.449999999999999734e+00 0.000000000000000000e+00 0.000000000000000000e+00 3.205487399999999987e+00 5.017433704074461365e+10 5.292578025951991081e+09 3.257693087147516012e+07 -1.077450676949491820e-06 2.282788827830464542e+08 2.258179817940985262e+08
2.500000000000000000e+00 0.000000000000000000e+00 0.000000000000000000e+00 3.227648100000000131e+00 5.049889487878691864e+10 5.326227726450326920e+09 3.257693087147085369e+07 -1.081737182570453759e-06 2.298740098200341165e+08 2.274081902038439810e+08
2.550000000000000266e+00 0.000000000000000000e+00 0.000000000000000000e+00 3.244301800000000124e+00 5.076360369891664124e+10 5.352617853739909172e+09 3.257693087146743014e+07 -1.087847571859761596e-06 2.310145617088485956e+08 2.285694011625962257e+08
2.600000000000000089e+00 0.000000000000000000e+00 0.000000000000000000e+00 3.255377699999999930e+00 5.096489834473137665e+10 5.372110305623504639e+09 3.257693087146487087e+07 -1.090175093029391116e-06 2.316958821044112146e+08 2.292984201994200349e+08
2.649999999999999911e+00 0.000000000000000000e+00 0.000000000000000000e+00 3.260810900000000068e+00 5.109423611970516205e+10 5.383819764171369553e+09 3.257693087146329507e+07 -1.090613430394282824e-06 2.319427681103023589e+08 2.295959709537439644e+08
2.700000000000000178e+00 0.000000000000000000e+00 0.000000000000000000e+00 3.260560599999999809e+00 5.113986105761387634e+10 5.386826082130073547e+09 3.257693087146282196e+07 -1.094036370140943777e-06 2.317808056771221161e+08 2.294833737213714421e+08
2.750000000000000000e+00 0.000000000000000000e+00 0.000000000000000000e+00 3.254630699999999877e+00 5.108852231919953918e+10 5.380608578252733231e+09 3.257693087146355957e+07 -1.093726976860976621e-06 2.312379656042083204e+08 2.289646579661636353e+08
2.799999999999999822e+00 0.000000000000000000e+00 0.000000000000000000e+00 3.243053800000000209e+00 5.093071032473520660e+10 5.364737941683868408e+09 3.257693087146560475e+07 -1.087871281176956725e-06 2.303352116917755902e+08 2.280587076960346997e+08
2.850000000000000089e+00 0.000000000000000000e+00 0.000000000000000000e+00 3.225879700000000128e+00 5.066627033715163422e+10 5.338352692738975525e+09 3.257693087146901712e+07 -1.083867340437163673e-06 2.290925559389800131e+08 2.267827446658926010e+08
2.899999999999999911e+00 0.000000000000000000e+00 0.000000000000000000e+00 3.203189000000000064e+00 5.029404856444333649e+10 5.301507820765371323e+09 3.257693087147382274e+07 -1.077896907683963634e-06 2.275057280531556904e+08 2.251549013753267527e+08
2.949999999999999734e+00 0.000000000000000000e+00 0.000000000000000000e+00 3.175086799999999876e+00 4.981566043375221252e+10 5.253525821250421524e+09 3.257693087148008868e+07 -1.068339329520702120e-06 2.255794489006246328e+08 2.231767141572023332e+08
3.000000000000000000e+00 0.000000000000000000e+00 0.000000000000000000e+00 3.141677899999999912e+00 4.924799450877370453e+10 5.195519386149124146e+09 3.257693087148762494e+07 -1.057696802727349833e-06 2.233027318322719634e+08 2.208732146749611199e+08
3.050000000000000266e+00 0.000000000000000000e+00 0.000000000000000000e+00 3.103070499999999843e+00 4.859400006428958130e+10 5.127495074251296997e+09 3.257693087149643898e+07 -1.036668453595742390e-06 2.206652939318250716e+08 2.182373433026866913e+08
3.100000000000000089e+00 0.000000000000000000e+00 0.000000000000000000e+00 3.059390099999999890e+00 4.786999074424548340e+10 5.050735964413395882e+09 3.257693087150632963e+07 -1.025730769141374349e-06 2.176487688519572616e+08 2.152671814727040231e+08
3.149999999999999911e+00 0.000000000000000000e+00 0.000000000000000000e+00 3.010770700000000133e+00 4.708615885527038574e+10 4.966589388243125916e+09 3.257693087151713297e+07 -1.008803503556342339e-06 2.142441838437430859e+08 2.119443180314379930e+08
3.200000000000000178e+00 0.000000000000000000e+00 0.000000000000000000e+00 2.957352100000000039e+00 4.625643683310788727e+10 4.876499513828476906e+09 3.257693087152865157e+07 -9.901214217394745274e-07 2.104476823116813600e+08 2.082510928668842912e+08
3.250000000000000000e+00 0.000000000000000000e+00 0.000000000000000000e+00 2.899300499999999836e+00 4.537712356923427582e+10 4.781485630690584183e+09 3.257693087154079974e+07 -9.709798327454749701e-07 2.062749477480201423e+08 2.041930318491184413e+08
3.299999999999999822e+00 0.000000000000000000e+00 0.000000000000000000e+00 2.836815300000000040e+00 4.444755600681938171e+10 4.681839412835324287e+09 3.257693087155354768e+07 -9.515771437248042011e-07 2.017600209741330147e+08 1.997685659722046554e+08
3.350000000000000089e+00 0.000000000000000000e+00 0.000000000000000000e+00 2.770116600000000151e+00 4.345251196599291229e+10 4.576829073240393639e+09 3.257693087156703323e+07 -9.252952779198328619e-07 1.969452092564591765e+08 1.950218576788013279e+08
3.399999999999999911e+00 0.000000000000000000e+00 0.000000000000000000e+00 2.699446399999999802e+00 4.237913942411815643e+10 4.465310275563281059e+09 3.257693087158142030e+07 -9.088027175555020947e-07 1.918909006436826885e+08 1.899878995931405127e+08
3.449999999999999734e+00 0.000000000000000000e+00 0.000000000000000000e+00 2.625075400000000059e+00 4.122179407702810669e+10 4.346345404177642822e+09 3.257693087159682065e+07 -8.855616641702611376e-07 1.866389664954107702e+08 1.847237711467086971e+08
3.500000000000000000e+00 0.000000000000000000e+00 0.000000000000000000e+00 2.547287400000000090e+00 3.997986657671929932e+10 4.218661617238457203e+09 3.257693087161334977e+07 -8.541485405662345437e-07 1.812059860577735305e+08 1.792746194892718494e+08
3.550000000000000266e+00 0.000000000000000000e+00 0.000000000000000000e+00 2.466363900000000164e+00 3.865996553376280975e+10 4.082752983309208393e+09 3.257693087163094804e+07 -8.288229696499012783e-07 1.756060277747863829e+08 1.736615925779272914e+08
3.600000000000000089e+00 0.000000000000000000e+00 0.000000000000000000e+00 2.382589999999999986e+00 3.728250257596923828e+10 3.939573832322134495e+09 3.257693087164945155e+07 -7.980256434326072321e-07 1.698149625256822407e+08 1.678960535017192662e+08
3.649999999999999911e+00 0.000000000000000000e+00 0.000000000000000000e+00 2.296254900000000099e+00 3.586613046319902802e+10 3.790449689682153702e+09 3.257693087166865915e+07 -7.700820237889103444e-07 1.638301193512116671e+08 1.619764768846376240e+08
3.700000000000000178e+00 0.000000000000000000e+00 0.000000000000000000e+00 2.207642199999999999e+00 3.442988240602016449e+10 3.637758971331392765e+09 3.257693087168826908e+07 -7.385051732853698733e-07 1.576329846313127279e+08 1.558917760444143414e+08
3.750000000000000000e+00 0.000000000000000000e+00 0.000000000000000000e+00 2.117034499999999930e+00 3.298911630578746796e+10 3.483447854910588741e+09 3.257693087170805782e+07 -7.045343294654337021e-07 1.512332638148804307e+08 1.496293828409703076e+08
3.799999999999999822e+00 0.000000000000000000e+00 0.000000000000000000e+00 2.024728300000000036e+00 3.155242182398940659e+10 3.329309876877631664e+09 3.257693087172780558e+07 -6.734495148441937152e-07 1.446427862202825844e+08 1.431928183156835735e+08
3.850000000000000089e+00 0.000000000000000000e+00 0.000000000000000000e+00 1.931032999999999999e+00 3.012099011592229462e+10 3.176336163958456516e+09 3.257693087174741551e+07 -6.421804124112524518e-07 1.379044028963176608e+08 1.365938859660127461e+08
3.899999999999999911e+00 0.000000000000000000e+00 0.000000000000000000e+00 1.836266799999999977e+00 2.868888161723396301e+10 3.024716847192703724e+09 3.257693087176689878e+07 -6.118708692351649482e-07 1.310591484713203907e+08 1.298526471873420328e+08
3.950000000000000178e+00 0.000000000000000000e+00 0.000000000000000000e+00 1.740764800000000001e+00 2.724719851834754562e+10 2.873665517797817707e+09 3.257693087178636715e+07 -5.836872850566955736e-07 1.241664213602325469e+08 1.230228377349310368e+08
4.000000000000000000e+00 0.000000000000000000e+00 0.000000000000000000e+00 1.644879999999999898e+00 2.578442368674681091e+10 2.721912009175108910e+09 3.257693087180597335e+07 -5.524196487516688029e-07 1.172795404567813128e+08 1.161602472578724027e+08
4.049999999999999822e+00 0.000000000000000000e+00 0.000000000000000000e+00 1.548969800000000063e+00 2.429213928307505417e+10 2.567967260928190708e+09 3.257693087182589620e+07 -5.196325684511162478e-07 1.104513360287970006e+08 1.093337188895228952e+08
4.100000000000000533e+00 0.000000000000000000e+00 0.000000000000000000e+00 1.453388099999999961e+00 2.276859831667008591e+10 2.410835304571716785e+09 3.257693087184624374e+07 -4.881718459449608407e-07 1.037242550699041784e+08 1.025925329178261161e+08
4.150000000000000355e+00 0.000000000000000000e+00 0.000000000000000000e+00 1.358485600000000071e+00 2.122127308548054886e+10 2.250409319238900185e+09 3.257693087186698243e+07 -4.560222164464710348e-07 9.710872558597904444e+07 9.598715114492549002e+07
4.200000000000000178e+00 0.000000000000000000e+00 0.000000000000000000e+00 1.264599000000000029e+00 1.966664457425479889e+10 2.087907086546876907e+09 3.257693087188793719e+07 -4.222418775687525351e-07 9.060727014079874754e+07 8.952677573038686812e+07
4.250000000000000000e+00 0.000000000000000000e+00 0.000000000000000000e+00 1.172041000000000111e+00 1.813008022871206284e+10 1.925687646294667959e+09 3.257693087190880626e+07 -3.869837004486608219e-07 8.420229610081288218e+07 8.319861983278171718e+07
4.299999999999999822e+00 0.000000000000000000e+00 0.000000000000000000e+00 1.081107199999999935e+00 1.663954720809041786e+10 1.766941056296773672e+09 3.257693087192917988e+07 -3.566042199936554176e-07 7.785901640911929309e+07 7.697728097879843414e+07
4.349999999999999645e+00 0.000000000000000000e+00 0.000000000000000000e+00 9.920843499999999482e-01 1.521984679064905739e+10 1.614754369088505030e+09 3.257693087194866315e+07 -3.270500127801262888e-07 7.156091070874753594e+07 7.082067795719885826e+07
4.400000000000000355e+00 0.000000000000000000e+00 0.000000000000000000e+00 9.052520400000000356e-01 1.388384288871729279e+10 1.471349744779119968e+09 3.257693087196701393e+07 -2.967371503784709773e-07 6.530962285982019454e+07 6.471772156118644029e+07
4.450000000000000178e+00 0.000000000000000000e+00 0.000000000000000000e+00 8.208900000000000086e-01 1.263114416559176064e+10 1.337453672659949303e+09 3.257693087198416144e+07 -2.697235789481452470e-07 5.913373879458615184e+07 5.867231960271171480e+07
4.500000000000000000e+00 0.000000000000000000e+00 0.000000000000000000e+00 7.392891900000000405e-01 1.144631782306440544e+10 1.212004059680129051e+09 3.257693087200028449e+07 -2.432127183166202058e-07 5.309972558276876062e+07 5.273225382044607401e+07
4.549999999999999822e+00 0.000000000000000000e+00 0.000000000000000000e+00 6.607492600000000049e-01 1.030419090457908821e+10 1.092675765930540800e+09 3.257693087201567739e+07 -2.192733564249048948e-07 4.729647942633391172e+07 4.697566902495781332e+07
4.599999999999999645e+00 0.000000000000000000e+00 0.000000000000000000e+00 5.855668000000000539e-01 9.179043700141530991e+09 9.765729709185239077e+08 3.257693087203071639e+07 -1.954355699703508350e-07 4.181431135053954273e+07 4.149535725423427671e+07
4.649999999999999467e+00 0.000000000000000000e+00 0.000000000000000000e+00 5.140280099999999797e-01 8.054201409850726128e+09 8.613663973563570976e+08 3.257693087204568088e+07 -1.721016455868254557e-07 3.672532069752677530e+07 3.637533185471025109e+07
4.700000000000000178e+00 0.000000000000000000e+00 0.000000000000000000e+00 4.463994800000000152e-01 6.929686509724004745e+09 7.462644692332555056e+08 3.257693087206063792e+07 -1.486662055708333885e-07 3.205986995813094452e+07 3.166735040924826637e+07
4.750000000000000000e+00 0.000000000000000000e+00 0.000000000000000000e+00 3.829139300000000135e-01 5.823969711515477180e+09 6.324071847723537683e+08 3.257693087207540870e+07 -1.250193804078230357e-07 2.780074589188632369e+07 2.737870187062037364e+07
4.799999999999999822e+00 0.000000000000000000e+00 0.000000000000000000e+00 3.237657600000000135e-01 4.771664714327594757e+09 5.227208839771538377e+08 3.257693087208957225e+07 -1.031340621957652511e-07 2.389062831503682584e+07 2.347219919268654659e+07
4.850000000000000533e+00 0.000000000000000000e+00 0.000000000000000000e+00 2.691201599999999972e-01 3.812854447486654758e+09 4.211417233805324435e+08 3.257693087210262194e+07 -8.176027554947385015e-08 2.025015589810156077e+07 1.988162293207176402e+07
4.899999999999999467e+00 0.000000000000000000e+00 0.000000000000000000e+00 2.191225699999999887e-01 2.982726040299289227e+09 3.315196560008301735e+08 3.257693087211406603e+07 -6.396717036494805052e-08 1.681065388875108957e+07 1.653738779853673652e+07
4.950000000000000178e+00 0.000000000000000000e+00 0.000000000000000000e+00 1.739077400000000051e-01 2.299177568754456997e+09 2.563721159462608099e+08 3.257693087212359160e+07 -4.893936729233838712e-08 1.353604673615417071e+07 1.339197368149073794e+07
5.000000000000000000e+00 0.000000000000000000e+00 0.000000000000000000e+00 1.336136699999999899e-01 1.758635715308170557e+09 1.962087498168455660e+08 3.257693087213117629e+07 -3.654173278642542825e-08 1.044070860630423203e+07 1.043551722257180884e+07
5.049999999999999822e+00 0.000000000000000000e+00 0.000000000000000000e+00 9.839026600000000400e-02 1.336299106081492662e+09 1.493578988577974439e+08 3.257693087213709205e+07 -2.703421419783919367e-08 7.592031764211189933e+06 7.705704690916038118e+06
5.100000000000000533e+00 0.000000000000000000e+00 0.000000000000000000e+00 6.839375000000000315e-02 9.942296782018626928e+08 1.125457551366247237e+08 3.257693087214178964e+07 -1.950321436844889111e-08 5.098522096592821181e+06 5.280623900319408625e+06
5.150000000000000355e+00 0.000000000000000000e+00 0.000000000000000000e+00 4.377567300000000106e-02 6.933884517378183603e+08 8.197624396073761582e+07 3.257693087214576080e+07 -1.318587298399105476e-08 3.082817796005519107e+06 3.262949616964732297e+06
5.200000000000000178e+00 0.000000000000000000e+00 0.000000000000000000e+00 2.467201299999999958e-02 4.066489544378880262e+08 5.457486585763250291e+07 3.257693087214941904e+07 -7.467640810691609600e-09 1.645135946546473540e+06 1.752717269456104375e+06
5.250000000000000000e+00 0.000000000000000000e+00 0.000000000000000000e+00 1.118766600000000062e-02 1.280604175496940315e+08 2.902295154952932522e+07 3.257693087215288728e+07 -2.132861428211856348e-09 8.559077749166988069e+05 8.238482854118925752e+05
5.299999999999999822e+00 0.000000000000000000e+00 0.000000000000000000e+00 3.381857600000000037e-03 -1.237027115910255015e+08 6.265123349127425812e+06 3.257693087215600163e+07 2.543266545550711066e-09 6.128620169966350310e+06 7.959224229371113470e+05
5.349999999999999645e+00 0.000000000000000000e+00 0.000000000000000000e+00 1.266030600000000008e-03 -3.098855433436455131e+08 -1.069181025989703089e+07 3.257693087215832993e+07 5.959829112330414337e-09 3.310064564275398734e+05 9.639734203211002750e+04
5.400000000000000355e+00 0.000000000000000000e+00 0.000000000000000000e+00 4.811423999999999909e-03 -3.827742581809947491e+08 -1.764902323849062622e+07 3.257693087215927243e+07 7.290206768566612300e-09 8.183306932536554523e+05 5.381134288366269320e+05
5.450000000000000178e+00 0.000000000000000000e+00 0.000000000000000000e+00 1.395889300000000000e-02 -3.007868076660835743e+08 -1.053632857832238264e+07 3.257693087215829641e+07 5.691178903416669776e-09 1.160582597859886708e+06 7.583158411279174034e+05
5.500000000000000000e+00 0.000000000000000000e+00 0.000000000000000000e+00 2.863317500000000029e-02 -4.257200754958194494e+07 1.322284727209418453e+07 3.257693087215507403e+07 7.991629365464585167e-10 1.028848585816455074e+07 7.363938909788919613e+06
5.549999999999999822e+00 0.000000000000000000e+00 0.000000000000000000e+00 4.875974300000000122e-02 3.844008127785270214e+08 5.376631147331582755e+07 3.257693087214964256e+07 -7.517189479561418842e-09 4.942626293397538364e+06 4.947262954176625237e+06
5.599999999999999645e+00 0.000000000000000000e+00 0.000000000000000000e+00 7.427300300000000410e-02 9.448628144448831081e+08 1.086542384345533103e+08 3.257693087214235961e+07 -1.870407366044885393e-08 6.067018251575510018e+06 6.169032575100827962e+06
5.649999999999999467e+00 0.000000000000000000e+00 0.000000000000000000e+00 1.051132800000000034e-01 1.586660111465393305e+09 1.736302035121235251e+08 3.257693087213385478e+07 -3.199900926996448187e-08 7.818207365516716614e+06 7.965437132614937611e+06
5.700000000000000178e+00 0.000000000000000000e+00 0.000000000000000000e+00 1.412193200000000093e-01 2.257770173488900661e+09 2.440305451534687579e+08 3.257693087212475762e+07 -4.622434272194231496e-08 1.015488899973689392e+07 1.027883572891079821e+07
5.750000000000000000e+00 0.000000000000000000e+00 0.000000000000000000e+00 1.825168100000000015e-01 2.923569724305787086e+09 3.163131895661002398e+08 3.257693087211554870e+07 -6.095139884415285205e-08 1.311003865098191984e+07 1.313699427220051549e+07
5.799999999999999822e+00 0.000000000000000000e+00 0.000000000000000000e+00 2.289023699999999939e-01 3.577382542228998661e+09 3.891397205040485859e+08 3.257693087210635468e+07 -7.555793671079137712e-08 1.666203556924678758e+07 1.653430945994675905e+07
5.850000000000000533e+00 0.000000000000000000e+00 0.000000000000000000e+00 2.802317599999999964e-01 4.242377724634011745e+09 4.637237623686127067e+08 3.257693087209698930e+07 -9.091659586089231809e-08 2.071871096317335591e+07 2.041242402759300917e+07
5.899999999999999467e+00 0.000000000000000000e+00 0.000000000000000000e+00 3.363184900000000255e-01 4.961299740738474846e+09 5.431723634365295172e+08 3.257693087208696827e+07 -1.071421981440401474e-07 2.513826375587823614e+07 2.467083479322588816e+07
5.950000000000000178e+00 0.000000000000000000e+00 0.000000000000000000e+00 3.969385000000000274e-01 5.782799503383481979e+09 6.314408504735965729e+08 3.257693087207572162e+07 -1.251329241444200458e-07 2.977083398366882652e+07 2.919592975825518742e+07
6.000000000000000000e+00 0.000000000000000000e+00 0.000000000000000000e+00 4.618387600000000148e-01 6.744000898239330292e+09 7.318451317146929502e+08 3.257693087206279859e+07 -1.452519763115764919e-07 3.450103578365002573e+07 3.389147388660924137e+07
6.049999999999999822e+00 0.000000000000000000e+00 0.000000000000000000e+00 5.307514199999999738e-01 7.858846473909910202e+09 8.460329144000048637e+08 3.257693087204796821e+07 -1.682976874310701468e-07 3.927772956465065479e+07 3.870374645067442209e+07
6.100000000000000533e+00 0.000000000000000000e+00 0.000000000000000000e+00 6.034084800000000248e-01 9.112657287622488022e+09 9.732857146263319254e+08 3.257693087203137204e+07 -1.953507602262058293e-07 4.412153557307822257e+07 4.363064300835718960e+07
6.150000000000000355e+00 0.000000000000000000e+00 0.000000000000000000e+00 6.795495599999999969e-01 1.046581547167587662e+10 1.110855024211383820e+09 3.257693087201340869e+07 -2.227982945548968576e-07 4.911097291237179935e+07 4.871314119737223536e+07
6.200000000000000178e+00 0.000000000000000000e+00 0.000000000000000000e+00 7.589237300000000186e-01 1.186679366825285149e+10 1.254640219287837982e+09 3.257693087199470028e+07 -2.525453170061034822e-07 5.435110583015815914e+07 5.401506152315851301e+07
6.250000000000000000e+00 0.000000000000000000e+00 0.000000000000000000e+00 8.412877699999999903e-01 1.326653493798754311e+10 1.400478659409217834e+09 3.257693087197581306e+07 -2.818457545610365631e-07 5.993365467889145762e+07 5.959829206905730814e+07
6.299999999999999822e+00 0.000000000000000000e+00 0.000000000000000000e+00 9.263983700000000265e-01 1.463095330875572014e+10 1.545132341512913227e+09 3.257693087195721269e+07 -3.118545397166194973e-07 6.590708923873007298e+07 6.549587780245856941e+07
6.349999999999999645e+00 0.000000000000000000e+00 0.000000000000000000e+00 1.013999799999999896e+00 1.595003704664793015e+10 1.687224645485985994e+09 3.257693087193905562e+07 -3.416925262738666520e-07 7.225810232605820894e+07 7.169952927104753256e+07
6.400000000000000355e+00 0.000000000000000000e+00 0.000000000000000000e+00 1.103813699999999898e+00 1.723939090308432770e+10 1.827347143592231750e+09 3.257693087192121893e+07 -3.690424963683369650e-07 7.890837276821294427e+07 7.815644238557595015e+07
6.450000000000000178e+00 0.000000000000000000e+00 0.000000000000000000e+00 1.195534199999999991e+00 1.853294610866275024e+10 1.967767867351474047e+09 3.257693087190337107e+07 -3.986065236006040974e-07 8.573797095238937438e+07 8.478937518416014314e+07
6.500000000000000000e+00 0.000000000000000000e+00 0.000000000000000000e+00 1.288826299999999980e+00 1.987021020809829712e+10 2.111438324600921869e+09 3.257693087188504636e+07 -4.262232106010645967e-07 9.261526470130673051e+07 9.149166091212107241e+07
6.550000000000000711e+00 0.000000000000000000e+00 0.000000000000000000e+00 1.383330799999999972e+00 2.128552816395825958e+10 2.261027073207777977e+09 3.257693087186586484e+07 -4.564893248891316656e-07 9.942539813825519383e+07 9.818763268343412876e+07
6.599999999999999645e+00 0.000000000000000000e+00 0.000000000000000000e+00 1.478675900000000043e+00 2.279454536468420029e+10 2.417964511297381878e+09 3.257693087184562162e+07 -4.882162063684029665e-07 1.061054545957065672e+08 1.048169412960540503e+08
6.649999999999999467e+00 0.000000000000000000e+00 0.000000000000000000e+00 1.574491700000000050e+00 2.438853384832520676e+10 2.581869722800008774e+09 3.257693087182436138e+07 -5.230851834284923196e-07 1.126465606766008586e+08 1.113721605672664791e+08
6.700000000000000178e+00 0.000000000000000000e+00 0.000000000000000000e+00 1.670421799999999957e+00 2.603590080527659988e+10 2.750398524349751472e+09 3.257693087180244550e+07 -5.582186698259536532e-07 1.190901400282073915e+08 1.178679174534142762e+08
6.750000000000000000e+00 0.000000000000000000e+00 0.000000000000000000e+00 1.766131799999999918e+00 2.769023582656674576e+10 2.919992912155325890e+09 3.257693087178038433e+07 -5.923444570904685618e-07 1.255195441028907150e+08 1.243478202226624191e+08
6.799999999999999822e+00 0.000000000000000000e+00 0.000000000000000000e+00 1.861311799999999961e+00 2.930239731495979691e+10 3.086669133859662533e+09 3.257693087175875157e+07 -6.265540222479149371e-07 1.320138632345130444e+08 1.308634086214342117e+08
6.850000000000000533e+00 0.000000000000000000e+00 0.000000000000000000e+00 1.955671200000000054e+00 3.083411042919613266e+10 3.247161077390819550e+09 3.257693087173801661e+07 -6.589283650163469251e-07 1.386261053671031296e+08 1.374355124825737178e+08
6.899999999999999467e+00 0.000000000000000000e+00 0.000000000000000000e+00 2.048926900000000106e+00 3.226751398142440796e+10 3.399813015505937576e+09 3.257693087171841040e+07 -6.899875151884166410e-07 1.453561168127591610e+08 1.440566115944019556e+08
6.949999999999999289e+00 0.000000000000000000e+00 0.000000000000000000e+00 2.140791399999999900e+00 3.360949775952138519e+10 3.544772751055052280e+09 3.257693087169990689e+07 -7.194333028872788089e-07 1.521509603540193439e+08 1.506788028536902368e+08
7.000000000000000000e+00 0.000000000000000000e+00 0.000000000000000000e+00 2.230963099999999866e+00 3.488771584123748016e+10 3.683890701685427189e+09 3.257693087168220431e+07 -7.490720213167642718e-07 1.588952386965601146e+08 1.572244635846329629e+08
7.049999999999999822e+00 0.000000000000000000e+00 0.000000000000000000e+00 2.319121500000000058e+00 3.614213562564236450e+10 3.819982459538624763e+09 3.257693087166488916e+07 -7.764927011485140892e-07 1.654640690875422359e+08 1.635965183476015031e+08
7.100000000000000533e+00 0.000000000000000000e+00 0.000000000000000000e+00 2.404929899999999954e+00 3.740687093429775238e+10 3.955520925807169914e+09 3.257693087164758146e+07 -8.026918922895310855e-07 1.717366360031559169e+08 1.697131676926305294e+08
7.150000000000000355e+00 0.000000000000000000e+00 0.000000000000000000e+00 2.488047200000000014e+00 3.869937742995287323e+10 4.091791118905253410e+09 3.257693087163009122e+07 -8.303768320610565147e-07 1.776353367186113894e+08 1.755218566182990372e+08
7.200000000000000178e+00 0.000000000000000000e+00 0.000000000000000000e+00 2.568141499999999855e+00 4.002433793677454376e+10 4.228550829184751034e+09 3.257693087161240727e+07 -8.580379310103957790e-07 1.831346034572744370e+08 1.810139822969022393e+08
7.250000000000000000e+00 0.000000000000000000e+00 0.000000000000000000e+00 2.644903900000000085e+00 4.135218313392947388e+10 4.364019688731500626e+09 3.257693087159479782e+07 -8.857509608496390976e-07 1.882849472945666313e+08 1.862098367523041964e+08
7.299999999999999822e+00 0.000000000000000000e+00 0.000000000000000000e+00 2.718058899999999944e+00 4.264147420445433044e+10 4.494741343558167458e+09 3.257693087157774344e+07 -9.133291825046942953e-07 1.931517991516299248e+08 1.911594034510590434e+08
7.349999999999999645e+00 0.000000000000000000e+00 0.000000000000000000e+00 2.787368700000000032e+00 4.384695374045033264e+10 4.617237105923204422e+09 3.257693087156176940e+07 -9.384335372692363959e-07 1.978304879855475128e+08 1.959094383573486507e+08
7.400000000000000355e+00 0.000000000000000000e+00 0.000000000000000000e+00 2.852628399999999953e+00 4.493107408392459869e+10 4.729026864104360580e+09 3.257693087154725194e+07 -9.627228252080137272e-07 2.023747483861800730e+08 2.004868771781515479e+08
7.450000000000000178e+00 0.000000000000000000e+00 0.000000000000000000e+00 2.913657000000000163e+00 4.587834856950538635e+10 4.828743139433685303e+09 3.257693087153438479e+07 -9.805973453788318693e-07 2.068015868604037464e+08 2.048819358014032841e+08
7.500000000000000000e+00 0.000000000000000000e+00 0.000000000000000000e+00 2.970285899999999923e+00 4.669081619395001221e+10 4.916574785427743912e+09 3.257693087152315304e+07 -9.970119475664877743e-07 2.110705832041599452e+08 2.090478669911142588e+08
7.550000000000000711e+00 0.000000000000000000e+00 0.000000000000000000e+00 3.022347599999999801e+00 4.738726372796012115e+10 4.994504131465635300e+09 3.257693087151331082e+07 -1.015720104222876126e-06 2.150945531363663375e+08 2.129142247614940405e+08
7.599999999999999645e+00 0.000000000000000000e+00 0.000000000000000000e+00 3.069669000000000203e+00 4.800966362682521820e+10 5.064711950809576988e+09 3.257693087150447443e+07 -1.029854648020040905e-06 2.187659840661965609e+08 2.164085157703084946e+08
7.649999999999999467e+00 0.000000000000000000e+00 0.000000000000000000e+00 3.112071600000000160e+00 4.858609517597451782e+10 5.129354685191103935e+09 3.257693087149633840e+07 -1.043020770623056438e-06 2.219798604593773782e+08 2.194635933675432503e+08
7.700000000000000178e+00 0.000000000000000000e+00 0.000000000000000000e+00 3.149378800000000034e+00 4.913954804077721405e+10 5.189883519215414047e+09 3.257693087148866057e+07 -1.051662098683595156e-06 2.246712592618743777e+08 2.220528358323545456e+08
7.750000000000000000e+00 0.000000000000000000e+00 0.000000000000000000e+00 3.181426599999999993e+00 4.968104344771609497e+10 5.246247188986167908e+09 3.257693087148139998e+07 -1.069787313457415943e-06 2.268187001154908538e+08 2.241751936281270683e+08
7.799999999999999822e+00 0.000000000000000000e+00 0.000000000000000000e+00 3.208076500000000220e+00 5.019403020691080475e+10 5.297006451989436150e+09 3.257693087147474289e+07 -1.075461405800890600e-06 2.284648232484740913e+08 2.258745620548802018e+08
7.849999999999999645e+00 0.000000000000000000e+00 0.000000000000000000e+00 3.229226199999999825e+00 5.064276073548200226e+10 5.339415641895048141e+09 3.257693087146909535e+07 -1.089052803772562530e-06 2.296726735945127010e+08 2.272049363192920983e+08
7.900000000000000355e+00 0.000000000000000000e+00 0.000000000000000000e+00 3.244814799999999888e+00 5.099967293215731049e+10 5.371427108506409645e+09 3.257693087146474421e+07 -1.093060059092809212e-06 2.305414809041585624e+08 2.282177502108499706e+08
7.950000000000000178e+00 0.000000000000000000e+00 0.000000000000000000e+00 3.254819499999999977e+00 5.122368897636611176e+10 5.390753426490951538e+09 3.257693087146206945e+07 -1.095184764067237807e-06 2.311392590725325346e+08 2.289441517955549061e+08
8.000000000000000000e+00 0.000000000000000000e+00 0.000000000000000000e+00 3.259247799999999806e+00 5.129431902376945496e+10 5.396818479198407173e+09 3.257693087146122009e+07 -1.092861759615883832e-06 2.315003008941759765e+08 2.293746344061295092e+08
8.050000000000000711e+00 0.000000000000000000e+00 0.000000000000000000e+00 3.258124899999999879e+00 5.122214798427890015e+10 5.390071090863010406e+09 3.257693087146211043e+07 -1.095197198722228056e-06 2.316049257170980573e+08 2.294734794501689970e+08
8.099999999999999645e+00 0.000000000000000000e+00 0.000000000000000000e+00 3.251481500000000135e+00 5.102301843673660278e+10 5.372767350440756798e+09 3.257693087146448344e+07 -1.090834146877449251e-06 2.313936078501010835e+08 2.291805963888587058e+08
8.149999999999998579e+00 0.000000000000000000e+00 0.000000000000000000e+00 3.239344599999999907e+00 5.072877140703825378e+10 5.347056035209023476e+09 3.257693087146800384e+07 -1.088122394853438350e-06 2.307781380783540606e+08 2.284350961222260594e+08
8.200000000000001066e+00 0.000000000000000000e+00 0.000000000000000000e+00 3.221736200000000050e+00 5.037131646234838104e+10 5.314754493541563988e+09 3.257693087147238106e+07 -1.080070246547525805e-06 2.296869278697050810e+08 2.272035026937969625e+08
8.250000000000000000e+00 0.000000000000000000e+00 0.000000000000000000e+00 3.198677500000000062e+00 4.997174876824315643e+10 5.276426346519173622e+09 3.257693087147746980e+07 -1.072101664961914728e-06 2.280745599499222040e+08 2.254916787029805779e+08
8.300000000000000711e+00 0.000000000000000000e+00 0.000000000000000000e+00 3.170198500000000141e+00 4.954112221352570343e+10 5.232167289399738312e+09 3.257693087148322165e+07 -1.062496129519811022e-06 2.259487935168884099e+08 2.233327113940317631e+08
8.349999999999999645e+00 0.000000000000000000e+00 0.000000000000000000e+00 3.136350800000000216e+00 4.906546710779494476e+10 5.180713297686106682e+09 3.257693087148977816e+07 -1.050393489811555106e-06 2.233522037907491028e+08 2.207940865041815042e+08
8.400000000000000355e+00 0.000000000000000000e+00 0.000000000000000000e+00 3.097219500000000014e+00 4.852945830165811920e+10 5.120220784513116837e+09 3.257693087149740383e+07 -1.038797248970364207e-06 2.203509526496500373e+08 2.179299218617788851e+08
8.449999999999999289e+00 0.000000000000000000e+00 0.000000000000000000e+00 3.052930700000000108e+00 4.790774194055863190e+10 5.049622256317732811e+09 3.257693087150627375e+07 -1.028777551556245042e-06 2.170232349038674533e+08 2.147862108206067979e+08
8.500000000000000000e+00 0.000000000000000000e+00 0.000000000000000000e+00 3.003653499999999976e+00 4.718781110965429688e+10 4.968714237512712479e+09 3.257693087151648104e+07 -1.009796660934925755e-06 2.134155675427959561e+08 2.113745204901610315e+08
8.550000000000000711e+00 0.000000000000000000e+00 0.000000000000000000e+00 2.949594400000000061e+00 4.635701351201470184e+10 4.878301139163417816e+09 3.257693087152799591e+07 -9.902731676416961066e-07 2.095683208779044747e+08 2.076843120599401891e+08
8.599999999999999645e+00 0.000000000000000000e+00 0.000000000000000000e+00 2.890987400000000207e+00 4.541894364937364197e+10 4.779183973846842766e+09 3.257693087154074386e+07 -9.720945970308810917e-07 2.054817625109252334e+08 2.036783812742389441e+08
8.650000000000000355e+00 0.000000000000000000e+00 0.000000000000000000e+00 2.828078899999999951e+00 4.438585789839008331e+10 4.672472789096633911e+09 3.257693087155458331e+07 -9.478609315809325782e-07 2.011284586510898769e+08 1.993381365515711606e+08
8.699999999999999289e+00 0.000000000000000000e+00 0.000000000000000000e+00 2.761114000000000068e+00 4.327396636791612244e+10 4.559951304085944176e+09 3.257693087156925723e+07 -9.259706435342812011e-07 1.965001558372046053e+08 1.946419573098283112e+08
8.750000000000000000e+00 0.000000000000000000e+00 0.000000000000000000e+00 2.690327200000000030e+00 4.210012255356215668e+10 4.441901869223947525e+09 3.257693087158468366e+07 -9.010909752795310574e-07 1.915698952642631829e+08 1.896096195819407701e+08
8.800000000000000711e+00 0.000000000000000000e+00 0.000000000000000000e+00 2.615939500000000084e+00 4.088105568961714172e+10 4.318902799526193619e+09 3.257693087160074711e+07 -8.731125741019900007e-07 1.863335077849695086e+08 1.842787559534042478e+08
8.849999999999999645e+00 0.000000000000000000e+00 0.000000000000000000e+00 2.538162600000000158e+00 3.963083497480949402e+10 4.190432141758634090e+09 3.257693087161739916e+07 -8.490680157550398402e-07 1.808058837534454167e+08 1.786960000168815255e+08
8.900000000000000355e+00 0.000000000000000000e+00 0.000000000000000000e+00 2.457211700000000221e+00 3.835786425719410706e+10 4.056741802066008091e+09 3.257693087163460627e+07 -8.229943429907646055e-07 1.750031496808985472e+08 1.729212311388785839e+08
8.949999999999999289e+00 0.000000000000000000e+00 0.000000000000000000e+00 2.373319400000000190e+00 3.706292979876650238e+10 3.918249160883840561e+09 3.257693087165232375e+07 -7.953439428072959643e-07 1.689612104024308622e+08 1.669882021541372836e+08
9.000000000000000000e+00 0.000000000000000000e+00 0.000000000000000000e+00 2.286749400000000154e+00 3.574625833978562164e+10 3.775162632336824894e+09 3.257693087167052925e+07 -7.664561339847952300e-07 1.627094887363108695e+08 1.609165289439762533e+08
9.050000000000000711e+00 0.000000000000000000e+00 0.000000000000000000e+00 2.197803700000000138e+00 3.440049412964785004e+10 3.628252261645203114e+09 3.257693087168921158e+07 -7.370735124223677411e-07 1.562968232781026065e+08 1.547203808101331890e+08
9.099999999999999645e+00 0.000000000000000000e+00 0.000000000000000000e+00 2.106822000000000195e+00 3.302173090038280487e+10 3.478533066763183117e+09 3.257693087170829251e+07 -7.055423547418553502e-07 1.497616503047349453e+08 1.483957311811394095e+08
9.150000000000000355e+00 0.000000000000000000e+00 0.000000000000000000e+00 2.014171099999999992e+00 3.159928718970392227e+10 3.326401096439770222e+09 3.257693087172778696e+07 -6.756305728805752196e-07 1.431506149247147739e+08 1.419421981341511905e+08
9.199999999999999289e+00 0.000000000000000000e+00 0.000000000000000000e+00 1.920228800000000069e+00 3.012980570656783676e+10 3.172156978574616432e+09 3.257693087174768746e+07 -6.458569452780681283e-07 1.365026580171673894e+08 1.353733481342952847e+08
9.250000000000000000e+00 0.000000000000000000e+00 0.000000000000000000e+00 1.825364599999999893e+00 2.861437042298989487e+10 3.015913843193544388e+09 3.257693087176795304e+07 -6.111789103474684932e-07 1.298527928559331149e+08 1.287102129965091497e+08
9.299999999999998934e+00 0.000000000000000000e+00 0.000000000000000000e+00 1.729925300000000110e+00 2.706230588996801376e+10 2.857729904258700848e+09 3.257693087178855762e+07 -5.809857922003359430e-07 1.232158914944499284e+08 1.219892659078291953e+08
9.350000000000001421e+00 0.000000000000000000e+00 0.000000000000000000e+00 1.634227499999999944e+00 2.548978238001528168e+10 2.697924268725426197e+09 3.257693087180938199e+07 -5.488991080485736257e-07 1.165890209261099100e+08 1.152540909294404238e+08
9.400000000000000355e+00 0.000000000000000000e+00 0.000000000000000000e+00 1.538559999999999928e+00 2.391812346481470871e+10 2.537182892905358791e+09 3.257693087183027714e+07 -5.141613397464324650e-07 1.099690580535539240e+08 1.085397319248239249e+08
9.449999999999999289e+00 0.000000000000000000e+00 0.000000000000000000e+00 1.443196200000000040e+00 2.236967519540956497e+10 2.376602208714812279e+09 3.257693087185103819e+07 -4.800582994132024668e-07 1.033311862607418597e+08 1.018735751563583910e+08
9.500000000000000000e+00 0.000000000000000000e+00 0.000000000000000000e+00 1.348410099999999945e+00 2.086193568263302612e+10 2.217383937009180546e+09 3.257693087187148631e+07 -4.480865702734838399e-07 9.667508369349734485e+07 9.528047312927252054e+07
9.549999999999998934e+00 0.000000000000000000e+00 0.000000000000000000e+00 1.254492399999999952e+00 1.940577992077993011e+10 2.060919265654980659e+09 3.257693087189145759e+07 -4.164970223719092982e-07 9.000513485461196303e+07 8.876740530247059464e+07
9.599999999999999645e+00 0.000000000000000000e+00 0.000000000000000000e+00 1.161761299999999997e+00 1.800179054383894348e+10 1.908188278903076410e+09 3.257693087191087380e+07 -3.862464995739273038e-07 8.334973207384076715e+07 8.233811377000112832e+07
9.650000000000000355e+00 0.000000000000000000e+00 0.000000000000000000e+00 1.070563799999999954e+00 1.664126189704427719e+10 1.759776531698747396e+09 3.257693087192973495e+07 -3.548867909314551057e-07 7.676093426464936137e+07 7.600540766136696935e+07
9.700000000000001066e+00 0.000000000000000000e+00 0.000000000000000000e+00 9.812668300000000343e-01 1.530996272294875145e+10 1.615693320036874056e+09 3.257693087194810808e+07 -3.267801119278871630e-07 7.030095153933095932e+07 6.977665900240196288e+07
9.750000000000000000e+00 0.000000000000000000e+00 0.000000000000000000e+00 8.942414699999999828e-01 1.399203820694286919e+10 1.475390437818532467e+09 3.257693087196611241e+07 -2.970533938470794838e-07 6.403722967925661802e+07 6.368086482084189355e+07
9.799999999999998934e+00 0.000000000000000000e+00 0.000000000000000000e+00 8.098438900000000107e-01 1.267667909245144272e+10 1.338233161364344597e+09 3.257693087198385224e+07 -2.700128640072620173e-07 5.803368487288473547e+07 5.775030913717834651e+07
9.849999999999999645e+00 0.000000000000000000e+00 0.000000000000000000e+00 7.283983099999999933e-01 1.136119079214718056e+10 1.203649249226610422e+09 3.257693087200137600e+07 -2.422528010139874636e-07 5.232879681568113714e+07 5.202080517768056691e+07
9.900000000000000355e+00 0.000000000000000000e+00 0.000000000000000000e+00 6.501867900000000144e-01 1.005708503225923920e+10 1.071799693956945300e+09 3.257693087201861665e+07 -2.142954763077211740e-07 4.693179893911036104e+07 4.652728578161823750e+07
9.950000000000001066e+00 0.000000000000000000e+00 0.000000000000000000e+00 5.754486800000000457e-01 8.786466543371839523e+09 9.435820360620919466e+08 3.257693087203538045e+07 -1.886611719353792340e-07 4.182358582268584520e+07 4.129406285840656608e+07
1.000000000000000000e+01 0.000000000000000000e+00 0.000000000000000000e+00 5.043894899999999959e-01 7.579577379125732422e+09 8.206991433416838646e+08 3.257693087205138430e+07 -1.634619482195804089e-07 3.696477278488355875e+07 3.633290453453832865e+07
1.005000000000000071e+01 0.000000000000000000e+00 0.000000000000000000e+00 4.371961999999999793e-01 6.466829850962871552e+09 7.051659239224973917e+08 3.257693087206632271e+07 -1.402582358637917752e-07 3.231253878891057521e+07 3.164674707751117274e+07
1.009999999999999964e+01 0.000000000000000000e+00 0.000000000000000000e+00 3.740544499999999828e-01 5.469188801114293098e+09 5.988200549983565807e+08 3.257693087207992747e+07 -1.185231291090762443e-07 2.784052081623697281e+07 2.723502711978243664e+07
1.014999999999999858e+01 0.000000000000000000e+00 0.000000000000000000e+00 3.151621099999999953e-01 4.593159647490434647e+09 5.026936014995598793e+08 3.257693087209209055e+07 -9.891658875398318769e-08 2.355348453868810460e+07 2.310356299876216426e+07
1.020000000000000107e+01 0.000000000000000000e+00 0.000000000000000000e+00 2.607350500000000237e-01 3.828468025239958286e+09 4.168103668998022079e+08 3.257693087210287899e+07 -8.139756440945353502e-08 1.949302324157629907e+07 1.926350088151203096e+07
1.025000000000000000e+01 0.000000000000000000e+00 0.000000000000000000e+00 2.110030400000000028e-01 3.152242933701204300e+09 3.403269103214001060e+08 3.257693087211246416e+07 -6.623175982451930752e-08 1.572883627781577967e+07 1.573750323830652051e+07
1.030000000000000071e+01 0.000000000000000000e+00 0.000000000000000000e+00 1.661969500000000100e-01 2.535946959347153664e+09 2.717401831415547132e+08 3.257693087212112173e+07 -5.204184098865663007e-08 1.234433325491015613e+07 1.255315972899893485e+07
1.034999999999999964e+01 0.000000000000000000e+00 0.000000000000000000e+00 1.265308699999999897e-01 1.955713770827277422e+09 2.096319461009131074e+08 3.257693087212907150e+07 -3.934153901964416755e-08 9.414436484532803297e+06 9.737809596263604239e+06
1.040000000000000036e+01 0.000000000000000000e+00 0.000000000000000000e+00 9.218400599999999889e-02 1.399989142275202036e+09 1.531193133671972752e+08 3.257693087213645130e+07 -2.783898700295514360e-08 6.989797044290666468e+06 7.315770632467794232e+06
1.044999999999999929e+01 0.000000000000000000e+00 0.000000000000000000e+00 6.328754400000000113e-02 8.738831886464878321e+08 1.022307826183404326e+08 3.257693087214323133e+07 -1.736494218999233725e-08 5.091256831331804395e+06 5.307502307314307429e+06
1.050000000000000000e+01 0.000000000000000000e+00 0.000000000000000000e+00 3.992003799999999797e-02 3.985761461997763515e+08 5.795261645219829679e+07 3.257693087214922160e+07 -8.217252480612052252e-09 3.746783672564664390e+06 3.743825475832514931e+06
1.055000000000000071e+01 0.000000000000000000e+00 0.000000000000000000e+00 2.211244999999999877e-02 5.631612904273084365e+06 2.200371384851788729e+07 3.257693087215411663e+07 -7.155674484866493448e-10 3.509641962469802238e+06 2.789159147982879076e+06
1.059999999999999964e+01 0.000000000000000000e+00 0.000000000000000000e+00 9.861285399999999285e-03 -2.718007126266953945e+08 -3.657146258343983907e+06 3.257693087215759233e+07 4.575952838513109698e-09 5.730132599470162531e+05 -1.601340873529643752e+06
1.065000000000000036e+01 0.000000000000000000e+00 0.000000000000000000e+00 3.146229400000000089e-03 -4.082569892827206850e+08 -1.736851631689361855e+07 3.257693087215938419e+07 7.364309081366768946e-09 7.077504759891260182e+05 3.763834805170302861e+05
1.069999999999999929e+01 0.000000000000000000e+00 0.000000000000000000e+00 1.947260099999999954e-03 -3.934151350586082339e+08 -1.825286435594836250e+07 3.257693087215936929e+07 7.451370236622346851e-09 5.920200173610709608e+05 3.500542837003489258e+05
1.075000000000000000e+01 0.000000000000000000e+00 0.000000000000000000e+00 6.256203299999999780e-03 -2.352789836921442747e+08 -6.488700407993488945e+06 3.257693087215761468e+07 4.915518547120626838e-09 4.480463174438538845e+05 3.392027622900255956e+05
1.080000000000000071e+01 0.000000000000000000e+00 0.000000000000000000e+00 1.607931599999999975e-02 4.150234697630421817e+07 1.669377717735841125e+07 3.257693087215433642e+07 4.748070875062033783e-11 2.656045359488123097e+06 3.637863960523623507e+06
1.084999999999999964e+01 0.000000000000000000e+00 0.000000000000000000e+00 3.142995600000000195e-02 4.020717519283256531e+08 4.931144776941923052e+07 3.257693087214987352e+07 -6.690567656843316970e-09 2.629143065133663826e+06 2.986133301944599487e+06
1.090000000000000036e+01 0.000000000000000000e+00 0.000000000000000000e+00 5.231319200000000141e-02 8.109533652389996052e+08 8.915877172732180357e+07 3.257693087214458734e+07 -1.480975362034327547e-08 3.855614851457743905e+06 4.265116196466626599e+06
1.094999999999999929e+01 0.000000000000000000e+00 0.000000000000000000e+00 7.870686999999999822e-02 1.242227823162251949e+09 1.344404375906391144e+08 3.257693087213874981e+07 -2.403785682167397891e-08 5.682348497662916780e+06 6.070236384498997591e+06
1.100000000000000000e+01 0.000000000000000000e+00 0.000000000000000000e+00 1.105450800000000039e-01 1.687592903285026073e+09 1.843341236306151748e+08 3.257693087213247269e+07 -3.384660951555606931e-08 8.070500388489574194e+06 8.329997410915466025e+06
1.105000000000000071e+01 0.000000000000000000e+00 0.000000000000000000e+00 1.477093600000000118e-01 2.159236472314445019e+09 2.392799934235850275e+08 3.257693087212566286e+07 -4.510727790383907336e-08 1.096949005531543866e+07 1.101072994397186674e+07
1.109999999999999964e+01 0.000000000000000000e+00 0.000000000000000000e+00 1.900308099999999945e-01 2.686781333387169361e+09 3.008926166031784415e+08 3.257693087211802602e+07 -5.742826595615979337e-08 1.429124334921195731e+07 1.407167226572967321e+07
1.115000000000000036e+01 0.000000000000000000e+00 0.000000000000000000e+00 2.373027299999999895e-01 3.308733853415496349e+09 3.714660012053503394e+08 3.257693087210918590e+07 -7.181196012733511998e-08 1.792672505528395995e+07 1.746499863341654837e+07
1.119999999999999929e+01 0.000000000000000000e+00 0.000000000000000000e+00 2.893005499999999897e-01 4.060008664214106560e+09 4.531847213313238621e+08 3.257693087209879979e+07 -8.889708153682986246e-08 2.177319157602664828e+07 2.114368917053361610e+07
1.125000000000000000e+01 0.000000000000000000e+00 0.000000000000000000e+00 3.458027599999999868e-01 4.960606584868012428e+09 5.473459914516328573e+08 3.257693087208665535e+07 -1.082092269145597627e-07 2.576358090173324570e+07 2.507509350408916175e+07
1.129999999999999893e+01 0.000000000000000000e+00 0.000000000000000000e+00 4.066065600000000058e-01 6.006210523174554825e+09 6.536317634971982241e+08 3.257693087207279727e+07 -1.296721302736212548e-07 2.988662078863269836e+07 2.925050991342140362e+07
1.135000000000000142e+01 0.000000000000000000e+00 0.000000000000000000e+00 4.715331700000000015e-01 7.169717123977673531e+09 7.701602048759369850e+08 3.257693087205752358e+07 -1.544053586904409739e-07 3.418594137152162939e+07 3.368535199638956785e+07
1.140000000000000036e+01 0.000000000000000000e+00 0.000000000000000000e+00 5.404212000000000460e-01 8.404922819509196281e+09 8.937999057702639103e+08 3.257693087204130739e+07 -1.798047036504801916e-07 3.874693954975170642e+07 3.841147724609807879e+07
1.144999999999999929e+01 0.000000000000000000e+00 0.000000000000000000e+00 6.131095300000000137e-01 9.662538280574422836e+09 1.021120495997312069e+09 3.257693087202468514e+07 -2.040683834741533582e-07 4.366486335680873692e+07 4.346194089847843349e+07
1.150000000000000000e+01 0.000000000000000000e+00 0.000000000000000000e+00 6.894153800000000221e-01 1.090251977057414436e+10 1.149323080126567602e+09 3.257693087200806662e+07 -2.303128790006073394e-07 4.900916494752373546e+07 4.885162559973365068e+07
1.154999999999999893e+01 0.000000000000000000e+00 0.000000000000000000e+00 7.691143999999999759e-01 1.210820416064270210e+10 1.277257253150718689e+09 3.257693087199164182e+07 -2.565321923319947676e-07 5.479602610220972449e+07 5.456632341363918781e+07
1.159999999999999964e+01 0.000000000000000000e+00 0.000000000000000000e+00 8.519294499999999770e-01 1.328857107177480316e+10 1.405574789348636627e+09 3.257693087197530270e+07 -2.822020543976681105e-07 6.097238715139009804e+07 6.055538184905193746e+07
1.165000000000000036e+01 0.000000000000000000e+00 0.000000000000000000e+00 9.375320999999999794e-01 1.447705764946460342e+10 1.536562228323765278e+09 3.257693087195870653e+07 -3.104830447249071967e-07 6.742566601419857144e+07 6.674397795368272066e+07
1.170000000000000107e+01 0.000000000000000000e+00 0.000000000000000000e+00 1.025556899999999994e+00 1.571857509092549324e+10 1.673110237743874073e+09 3.257693087194140255e+07 -3.384483747152760667e-07 7.401632887164179981e+07 7.304597155986934900e+07
1.175000000000000000e+01 0.000000000000000000e+00 0.000000000000000000e+00 1.115624399999999961e+00 1.705240814219919777e+10 1.817659922722938061e+09 3.257693087192298472e+07 -3.669950046510410373e-07 8.061259263338215649e+07 7.939958625860063732e+07
1.179999999999999893e+01 0.000000000000000000e+00 0.000000000000000000e+00 1.207365599999999928e+00 1.849959845289264679e+10 1.971125147933650255e+09 3.257693087190328538e+07 -3.985034829596863239e-07 8.712515799338975549e+07 8.576663332951514423e+07
1.184999999999999964e+01 0.000000000000000000e+00 0.000000000000000000e+00 1.300441600000000086e+00 2.005414498715134430e+10 2.132566520346376896e+09 3.257693087188240886e+07 -4.330551488792836372e-07 9.353292332172979414e+07 9.214877002722416818e+07
1.190000000000000036e+01 0.000000000000000000e+00 0.000000000000000000e+00 1.394551099999999932e+00 2.168334475099703217e+10 2.299101062362681389e+09 3.257693087186075747e+07 -4.652544443613598601e-07 9.988817326134599745e+07 9.858154409653806686e+07
1.195000000000000107e+01 0.000000000000000000e+00 0.000000000000000000e+00 1.489425699999999964e+00 2.333718831428442764e+10 2.466852555355839729e+09 3.257693087183890119e+07 -4.985282038364996666e-07 1.062691634692836404e+08 1.051072802568809092e+08
1.200000000000000000e+01 0.000000000000000000e+00 0.000000000000000000e+00 1.584813500000000097e+00 2.496223495163931274e+10 2.631950848894305229e+09 3.257693087181738764e+07 -5.329099256343103813e-07 1.127748647111163437e+08 1.117664574441957176e+08
1.205000000000000071e+01 0.000000000000000000e+00 0.000000000000000000e+00 1.680457099999999926e+00 2.651653927562280655e+10 2.791609894671216965e+09 3.257693087179666758e+07 -5.633624256127302326e-07 1.194708411834848970e+08 1.185553634006948918e+08
1.209999999999999964e+01 0.000000000000000000e+00 0.000000000000000000e+00 1.776072899999999954e+00 2.798137057756191254e+10 2.944842074161135674e+09 3.257693087177690119e+07 -5.990225176489829310e-07 1.263598225891253501e+08 1.254446950879269093e+08
1.214999999999999858e+01 0.000000000000000000e+00 0.000000000000000000e+00 1.871338500000000016e+00 2.936451255995216751e+10 3.092696855250858307e+09 3.257693087175796553e+07 -6.284799549806584484e-07 1.333873274727033675e+08 1.323527892497190088e+08
1.220000000000000107e+01 0.000000000000000000e+00 0.000000000000000000e+00 1.965891599999999961e+00 3.069749144407486343e+10 3.237709925940611362e+09 3.257693087173949927e+07 -6.550964616742669820e-07 1.404356600337301493e+08 1.391877967827773690e+08
1.225000000000000000e+01 0.000000000000000000e+00 0.000000000000000000e+00 2.059341499999999936e+00 3.202328445818328094e+10 3.383002053492503643e+09 3.257693087172104046e+07 -6.850894846776833041e-07 1.473648120895800889e+08 1.458447974412449598e+08
1.230000000000000071e+01 0.000000000000000000e+00 0.000000000000000000e+00 2.151289699999999971e+00 3.338091808532958221e+10 3.530997367827715874e+09 3.257693087170219794e+07 -7.171370478051390250e-07 1.540410617460595071e+08 1.522647793517897725e+08
1.234999999999999964e+01 0.000000000000000000e+00 0.000000000000000000e+00 2.241353300000000104e+00 3.479114145196418762e+10 3.682527950188442230e+09 3.257693087168281153e+07 -7.498698480821375345e-07 1.603780393955163658e+08 1.584149840448231697e+08
1.240000000000000036e+01 0.000000000000000000e+00 0.000000000000000000e+00 2.329185299999999792e+00 3.625419873611500549e+10 3.836360629151748180e+09 3.257693087166299671e+07 -7.783404966692437685e-07 1.663682813630688488e+08 1.643207304237829745e+08
1.244999999999999929e+01 0.000000000000000000e+00 0.000000000000000000e+00 2.414485500000000062e+00 3.773292502108286285e+10 3.989069404765981197e+09 3.257693087164320797e+07 -8.081623370289240698e-07 1.720538222204444110e+08 1.700374032797844708e+08
1.250000000000000000e+01 0.000000000000000000e+00 0.000000000000000000e+00 2.496999000000000191e+00 3.918395423886722565e+10 4.136468727013517380e+09 3.257693087162401155e+07 -8.375928618330355955e-07 1.775183136706521213e+08 1.756240917352485657e+08
1.255000000000000071e+01 0.000000000000000000e+00 0.000000000000000000e+00 2.576504900000000209e+00 4.055627058192538452e+10 4.274998893866287708e+09 3.257693087160594016e+07 -8.677387918458127649e-07 1.828616503078162968e+08 1.811263002012345791e+08
1.259999999999999964e+01 0.000000000000000000e+00 0.000000000000000000e+00 2.652796700000000119e+00 4.180861020600611877e+10 4.401662285620004654e+09 3.257693087158943713e+07 -8.945002376826740212e-07 1.881426111305719316e+08 1.865414156951623559e+08
1.265000000000000036e+01 0.000000000000000000e+00 0.000000000000000000e+00 2.725663200000000064e+00 4.292638648293165588e+10 4.516568353417883873e+09 3.257693087157455459e+07 -9.155810497376476852e-07 1.933702151812703609e+08 1.918298532637790740e+08
1.269999999999999929e+01 0.000000000000000000e+00 0.000000000000000000e+00 2.794873100000000221e+00 4.391809888652432251e+10 4.620811417058557510e+09 3.257693087156114727e+07 -9.396602449757655140e-07 1.984915403109030724e+08 1.968984294708492458e+08
1.275000000000000000e+01 0.000000000000000000e+00 0.000000000000000000e+00 2.860170500000000171e+00 4.481101318037264252e+10 4.717567160565321922e+09 3.257693087154882029e+07 -9.602079187896098953e-07 2.034157908850845695e+08 2.016502247875516713e+08
1.280000000000000071e+01 0.000000000000000000e+00 0.000000000000000000e+00 2.921280299999999830e+00 4.564454507328084564e+10 4.810331152308443069e+09 3.257693087153709307e+07 -9.771830268451620477e-07 2.080173387540354431e+08 2.060028538439558148e+08
1.284999999999999964e+01 0.000000000000000000e+00 0.000000000000000000e+00 2.977923399999999887e+00 4.645348462063391113e+10 4.900955017799232483e+09 3.257693087152563408e+07 -9.978657441639449684e-07 2.122020581684331894e+08 2.099006892665476501e+08
1.290000000000000036e+01 0.000000000000000000e+00 0.000000000000000000e+00 3.029836599999999880e+00 4.725263205368817902e+10 4.989906141053699493e+09 3.257693087151436135e+07 -1.013826440712098187e-06 2.158971211713760197e+08 2.133528709272202253e+08
1.294999999999999929e+01 0.000000000000000000e+00 0.000000000000000000e+00 3.076792300000000147e+00 4.804654190852281952e+10 5.075952939615601540e+09 3.257693087150335684e+07 -1.028279721625269968e-06 2.191010262476007342e+08 2.163978255831452608e+08
1.300000000000000000e+01 0.000000000000000000e+00 0.000000000000000000e+00 3.118612800000000185e+00 4.880838360770412445e+10 5.155425107419941902e+09 3.257693087149306759e+07 -1.046949175275670962e-06 2.218391861488724351e+08 2.191071729617568254e+08
1.305000000000000071e+01 0.000000000000000000e+00 0.000000000000000000e+00 3.155174800000000168e+00 4.950644240219815826e+10 5.225563259849320412e+09 3.257693087148388848e+07 -1.062654421110664166e-06 2.241800702722788155e+08 2.215381888236239552e+08
1.310000000000000142e+01 0.000000000000000000e+00 0.000000000000000000e+00 3.186403299999999827e+00 5.010331488568390656e+10 5.282884864617756844e+09 3.257693087147628516e+07 -1.069660506770781764e-06 2.261953763171800375e+08 2.237329194487398863e+08
1.315000000000000036e+01 0.000000000000000000e+00 0.000000000000000000e+00 3.212257099999999976e+00 5.056562790457435608e+10 5.325820754045259476e+09 3.257693087147053704e+07 -1.083180840414117814e-06 2.279379095639511645e+08 2.256863540067641139e+08
1.319999999999999929e+01 0.000000000000000000e+00 0.000000000000000000e+00 3.232709199999999949e+00 5.088479561390029907e+10 5.354694165029865265e+09 3.257693087146666273e+07 -1.091300481969763769e-06 2.294333831262077093e+08 2.273501121150923967e+08
1.325000000000000000e+01 0.000000000000000000e+00 0.000000000000000000e+00 3.247728200000000065e+00 5.105768634742662811e+10 5.370990279581087112e+09 3.257693087146452442e+07 -1.091949031396432978e-06 2.306565572885948122e+08 2.286588095133471191e+08
1.329999999999999893e+01 0.000000000000000000e+00 0.000000000000000000e+00 3.257267099999999971e+00 5.110704293955267334e+10 5.377048928150229454e+09 3.257693087146380916e+07 -1.092320431575838202e-06 2.315572841630023122e+08 2.295266753995783329e+08
1.335000000000000142e+01 0.000000000000000000e+00 0.000000000000000000e+00 3.261261499999999813e+00 5.106123317832572174e+10 5.376241125571620941e+09 3.257693087146410346e+07 -1.095162919876144591e-06 2.320758386383689940e+08 2.298955251007315218e+08
1.340000000000000036e+01 0.000000000000000000e+00 0.000000000000000000e+00 3.259638999999999953e+00 5.095453106539022827e+10 5.370304239732748985e+09 3.257693087146508321e+07 -1.092437830562368596e-06 2.321429406776678860e+08 2.297375733622460365e+08
1.344999999999999929e+01 0.000000000000000000e+00 0.000000000000000000e+00 3.252336699999999858e+00 5.080048780445419312e+10 5.359916255468293190e+09 3.257693087146664411e+07 -1.085762400895510152e-06 2.317048660665484965e+08 2.290688223268280327e+08
1.350000000000000000e+01 0.000000000000000000e+00 0.000000000000000000e+00 3.239322200000000151e+00 5.061428655479700470e+10 5.344692833799137115e+09 3.257693087146873772e+07 -1.085822129273428123e-06 2.307525089802875519e+08 2.279407282002167702e+08
1.354999999999999893e+01 0.000000000000000000e+00 0.000000000000000000e+00 3.220610999999999891e+00 5.038453139151741791e+10 5.322277756930695534e+09 3.257693087147165090e+07 -1.079957425567331306e-06 2.293044461809399128e+08 2.264248698847776949e+08
1.359999999999999964e+01 0.000000000000000000e+00 0.000000000000000000e+00 3.196276199999999790e+00 5.009762103934815216e+10 5.290625453938201904e+09 3.257693087147562951e+07 -1.075712196957001872e-06 2.274028835988650024e+08 2.245908666208524704e+08
1.365000000000000036e+01 0.000000000000000000e+00 0.000000000000000000e+00 3.166446399999999883e+00 4.972102715315427399e+10 5.246996229537115097e+09 3.257693087148106098e+07 -1.065482600875011919e-06 2.251249162894753218e+08 2.224968932462936342e+08
1.370000000000000107e+01 0.000000000000000000e+00 0.000000000000000000e+00 3.131293400000000116e+00 4.923380962470732117e+10 5.189771791615688324e+09 3.257693087148817629e+07 -1.054393344284909075e-06 2.225290108448496759e+08 2.201568950241569281e+08
1.375000000000000000e+01 0.000000000000000000e+00 0.000000000000000000e+00 3.091012000000000093e+00 4.861924921453070068e+10 5.119630304294827461e+09 3.257693087149700522e+07 -1.038087529676362409e-06 2.196632431118622422e+08 2.175573821008814573e+08
1.379999999999999893e+01 0.000000000000000000e+00 0.000000000000000000e+00 3.045798700000000192e+00 4.787827474030435181e+10 5.037604633694764137e+09 3.257693087150743976e+07 -1.023074962567881396e-06 2.165450762458025813e+08 2.146447632107139826e+08
1.384999999999999964e+01 0.000000000000000000e+00 0.000000000000000000e+00 2.995836000000000165e+00 4.701627562096739960e+10 4.946169780689202309e+09 3.257693087151923031e+07 -1.005363438113375229e-06 2.131614539955090284e+08 2.113574822249805033e+08
1.389999999999999858e+01 0.000000000000000000e+00 0.000000000000000000e+00 2.941284700000000196e+00 4.606968562822200012e+10 4.848667795704360008e+09 3.257693087153190747e+07 -9.882028584112610839e-07 2.094808827406331301e+08 2.076475878612263501e+08
1.395000000000000107e+01 0.000000000000000000e+00 0.000000000000000000e+00 2.882289600000000007e+00 4.505991423941259003e+10 4.747361867000873566e+09 3.257693087154517695e+07 -9.623391624641800415e-07 2.054525963790811002e+08 2.034899925512165129e+08
1.400000000000000000e+01 0.000000000000000000e+00 0.000000000000000000e+00 2.818993199999999977e+00 4.401519209010284424e+10 4.643371691379623413e+09 3.257693087155880779e+07 -9.422051915303490766e-07 2.010460958853526711e+08 1.989005416215826869e+08
1.405000000000000071e+01 0.000000000000000000e+00 0.000000000000000000e+00 2.751554800000000078e+00 4.295067613588314056e+10 4.536744533541005135e+09 3.257693087157273665e+07 -9.212091214699139898e-07 1.962548676295767725e+08 1.939456513730102181e+08
1.409999999999999964e+01 0.000000000000000000e+00 0.000000000000000000e+00 2.680168099999999942e+00 4.186609924019477844e+10 4.425857608891890526e+09 3.257693087158711255e+07 -8.998007603460475297e-07 1.910998623611484766e+08 1.887102370086485147e+08
1.414999999999999858e+01 0.000000000000000000e+00 0.000000000000000000e+00 2.605071800000000160e+00 4.075106880513145447e+10 4.309027278576255798e+09 3.257693087160212919e+07 -8.738196716400156562e-07 1.856356023880636692e+08 1.832836490306345522e+08
1.420000000000000107e+01 0.000000000000000000e+00 0.000000000000000000e+00 2.526550700000000038e+00 3.958970128998011017e+10 4.184195523329236031e+09 3.257693087161804363e+07 -8.474259306003862357e-07 1.799222972464150190e+08 1.777392663730034232e+08
1.425000000000000000e+01 0.000000000000000000e+00 0.000000000000000000e+00 2.444925500000000085e+00 3.836534083935038757e+10 4.050429207042483807e+09 3.257693087163503468e+07 -8.229872129723687145e-07 1.740205091440854073e+08 1.721038797357106209e+08
1.430000000000000071e+01 0.000000000000000000e+00 0.000000000000000000e+00 2.360536000000000190e+00 3.706766918930437469e+10 3.908294868963110447e+09 3.257693087165309861e+07 -7.940460620630538227e-07 1.679885293234077692e+08 1.663762099196764827e+08
1.434999999999999964e+01 0.000000000000000000e+00 0.000000000000000000e+00 2.273721099999999939e+00 3.569671455475703430e+10 3.758960885559753895e+09 3.257693087167213112e+07 -7.612804579466187846e-07 1.618449698154086769e+08 1.605154366950444579e+08
1.440000000000000036e+01 0.000000000000000000e+00 0.000000000000000000e+00 2.184802799999999934e+00 3.425802167681065369e+10 3.605234061662010670e+09 3.257693087169185653e+07 -7.317435391470967868e-07 1.556044874097982347e+08 1.544632490133558512e+08
1.444999999999999929e+01 0.000000000000000000e+00 0.000000000000000000e+00 2.094077299999999919e+00 3.277206792755869293e+10 3.449308071261504173e+09 3.257693087171198800e+07 -7.016420962734444779e-07 1.492610373915297091e+08 1.481874430105123520e+08
1.450000000000000000e+01 0.000000000000000000e+00 0.000000000000000000e+00 2.001816100000000098e+00 3.125885328137909698e+10 3.293397351943624973e+09 3.257693087173223495e+07 -6.659849192306771295e-07 1.428002591194809973e+08 1.416750045453203022e+08
1.455000000000000071e+01 0.000000000000000000e+00 0.000000000000000000e+00 1.908276899999999943e+00 2.973855636057130051e+10 3.138691524993783951e+09 3.257693087175239250e+07 -6.369864405366234748e-07 1.362186472668436468e+08 1.349523772721934617e+08
1.459999999999999964e+01 0.000000000000000000e+00 0.000000000000000000e+00 1.813719300000000034e+00 2.822693622000079727e+10 2.985357974844947338e+09 3.257693087177237496e+07 -6.058245542985805006e-07 1.295152697651556879e+08 1.280869624883135557e+08
1.465000000000000036e+01 0.000000000000000000e+00 0.000000000000000000e+00 1.718422399999999906e+00 2.673230686667978668e+10 2.832725765028798103e+09 3.257693087179221213e+07 -5.715749526055978978e-07 1.227176801436845660e+08 1.211688176406681389e+08
1.469999999999999929e+01 0.000000000000000000e+00 0.000000000000000000e+00 1.622696600000000045e+00 2.525517147817985535e+10 2.679658084525032520e+09 3.257693087181198224e+07 -5.425951810424141067e-07 1.158563263892865330e+08 1.142863844997825623e+08
1.475000000000000000e+01 0.000000000000000000e+00 0.000000000000000000e+00 1.526887700000000070e+00 2.379151658451708603e+10 2.525148207003457546e+09 3.257693087183182687e+07 -5.113773061213064855e-07 1.089740815788317025e+08 1.075030082062067538e+08
1.480000000000000071e+01 0.000000000000000000e+00 0.000000000000000000e+00 1.431371200000000066e+00 2.233446274432948303e+10 2.368706847998293400e+09 3.257693087185179442e+07 -4.803869458083600281e-07 1.021187844808157384e+08 1.008602335294543058e+08
1.484999999999999964e+01 0.000000000000000000e+00 0.000000000000000000e+00 1.336537700000000051e+00 2.087857142800249100e+10 2.210732987494788647e+09 3.257693087187191471e+07 -4.461107682182525930e-07 9.532967067541226745e+07 9.435253960192801058e+07
1.490000000000000036e+01 0.000000000000000000e+00 0.000000000000000000e+00 1.242774000000000045e+00 1.942222684423600769e+10 2.052388802487846851e+09 3.257693087189207599e+07 -4.149368277471903278e-07 8.863762362011906505e+07 8.795092846357138455e+07
1.494999999999999929e+01 0.000000000000000000e+00 0.000000000000000000e+00 1.150444900000000104e+00 1.796799819022147369e+10 1.895435756845595837e+09 3.257693087191212177e+07 -3.815902405449568460e-07 8.207007841283951700e+07 8.161934086146675050e+07
1.500000000000000000e+01 0.000000000000000000e+00 0.000000000000000000e+00 1.059880099999999992e+00 1.652292168683213425e+10 1.741684204916412830e+09 3.257693087193186581e+07 -3.511960103011453592e-07 7.564727356523342431e+07 7.533373771887026727e+07
1.504999999999999893e+01 0.000000000000000000e+00 0.000000000000000000e+00 9.713696099999999944e-01 1.509637360685815811e+10 1.592660480519652128e+09 3.257693087195111811e+07 -3.222533936962318501e-07 6.938591345295441151e+07 6.908264601393516362e+07
1.510000000000000142e+01 0.000000000000000000e+00 0.000000000000000000e+00 8.851690100000000339e-01 1.369963883417586708e+10 1.449231021844672680e+09 3.257693087196975574e+07 -2.920757311154039820e-07 6.331185671272281557e+07 6.290479786875076592e+07
1.515000000000000036e+01 0.000000000000000000e+00 0.000000000000000000e+00 8.015126399999999984e-01 1.234412077106334496e+10 1.311689175502271175e+09 3.257693087198769301e+07 -2.622503641609733766e-07 5.743730536668534577e+07 5.685774669682952017e+07
1.519999999999999929e+01 0.000000000000000000e+00 0.000000000000000000e+00 7.206306799999999679e-01 1.104060256035856438e+10 1.179852081476271629e+09 3.257693087200490385e+07 -2.377632019794796486e-07 5.177411718880592287e+07 5.101458984825092554e+07
1.525000000000000000e+01 0.000000000000000000e+00 0.000000000000000000e+00 6.427654000000000423e-01 9.799739684636295319e+09 1.053379813465433002e+09 3.257693087202135846e+07 -2.115925983471210684e-07 4.632645768169015646e+07 4.544340502286867052e+07
1.529999999999999893e+01 0.000000000000000000e+00 0.000000000000000000e+00 5.681816400000000433e-01 8.630001281122571945e+09 9.321171051175369024e+08 3.257693087203703076e+07 -1.858212692423474584e-07 4.109570875744079053e+07 4.019240398178854585e+07
1.535000000000000142e+01 0.000000000000000000e+00 0.000000000000000000e+00 4.971680900000000070e-01 7.537350393548634529e+09 8.161517342883143425e+08 3.257693087205190212e+07 -1.630171960207113645e-07 3.608456163304713368e+07 3.528019421722994000e+07
1.540000000000000036e+01 0.000000000000000000e+00 0.000000000000000000e+00 4.300283599999999984e-01 6.522676494658119202e+09 7.059239329380533695e+08 3.257693087206592411e+07 -1.405590499413516282e-07 3.130431244271644950e+07 3.070218149956502765e+07
1.545000000000000107e+01 0.000000000000000000e+00 0.000000000000000000e+00 3.670638700000000143e-01 5.581708208472190857e+09 6.019350318777559996e+08 3.257693087207908928e+07 -1.190304091069326313e-07 2.678138610091251880e+07 2.643762710392168909e+07
1.550000000000000000e+01 0.000000000000000000e+00 0.000000000000000000e+00 3.085530899999999743e-01 4.706410102736302376e+09 5.047442362596267462e+08 3.257693087209137529e+07 -9.952087830096670365e-08 2.255730489918043464e+07 2.246510289134972915e+07
1.554999999999999893e+01 0.000000000000000000e+00 0.000000000000000000e+00 2.547329199999999738e-01 3.885646946426776886e+09 4.146406560766326189e+08 3.257693087210281566e+07 -8.101786465182995708e-08 1.868455008582176268e+07 1.877516332733491808e+07
1.559999999999999964e+01 0.000000000000000000e+00 0.000000000000000000e+00 2.057875100000000068e-01 3.111724585579381466e+09 3.319213726757488251e+08 3.257693087211341411e+07 -6.400724773239751458e-08 1.521367898288506083e+07 1.537494638284685649e+07
1.565000000000000036e+01 0.000000000000000000e+00 0.000000000000000000e+00 1.618479800000000024e-01 2.383279264835031033e+09 2.568614323674247563e+08 3.257693087212315202e+07 -4.873697032393646657e-08 1.217852315942410566e+07 1.228828729938608222e+07
1.569999999999999929e+01 0.000000000000000000e+00 0.000000000000000000e+00 1.230030000000000012e-01 1.708889042091027021e+09 1.899485935222523212e+08 3.257693087213194370e+07 -3.501256714528335733e-08 9.589806789306323975e+06 9.547680589871857315e+06
1.575000000000000000e+01 0.000000000000000000e+00 0.000000000000000000e+00 8.931736899999999368e-02 1.106228111474955559e+09 1.319259195314424336e+08 3.257693087213964760e+07 -2.317771411668703611e-08 7.433388899685972370e+06 7.186839155635346659e+06
1.580000000000000071e+01 0.000000000000000000e+00 0.000000000000000000e+00 6.085284600000000210e-02 5.982756382940948009e+08 8.370233335988602042e+07 3.257693087214609236e+07 -1.333822821812148906e-08 5.693758110226891935e+06 5.238960207482867874e+06
1.584999999999999964e+01 0.000000000000000000e+00 0.000000000000000000e+00 3.768500200000000216e-02 2.066038928104458749e+08 4.605702175938075036e+07 3.257693087215109542e+07 -5.700643758741042349e-09 4.433715783703892492e+06 3.757209891548770946e+06
1.590000000000000036e+01 0.000000000000000000e+00 0.000000000000000000e+00 1.991075499999999873e-02 -5.590930170300760865e+07 1.933153987972734869e+07 3.257693087215457112e+07 -3.051929120600365450e-10 4.664157743897076696e+06 2.969443261138041504e+06
1.594999999999999929e+01 0.000000000000000000e+00 0.000000000000000000e+00 7.644014200000000259e-03 -1.898433554700666666e+08 3.202863811670307536e+06 3.257693087215655670e+07 2.834713434773110691e-09 -6.605803403147425270e+05 3.703333413161997497e+07
1.600000000000000000e+01 0.000000000000000000e+00 0.000000000000000000e+00 1.000429699999999967e-03 -2.098696883332228661e+08 -3.294850315602323040e+06 3.257693087215721235e+07 4.086330920579795971e-09 -4.928633971059091709e+04 -7.097906417356432648e+05
1.604999999999999716e+01 0.000000000000000000e+00 0.000000000000000000e+00 7.567348500000000550e-05 -1.404142676632120907e+08 -1.477696087159952382e+06 3.257693087215674669e+07 3.749382946264382707e-09 -3.577901727728225756e+06 2.148182820171323046e+07
1.610000000000000142e+01 0.000000000000000000e+00 0.000000000000000000e+00 4.923742200000000117e-03 -7.709265084912476130e+06 7.463543966939266771e+06 3.257693087215537950e+07 1.953424654705092138e-09 9.175913888127411483e+05 1.672453026460740715e+06
1.615000000000000213e+01 0.000000000000000000e+00 0.000000000000000000e+00 1.554188700000000076e-02 1.690037932474030554e+08 2.293686353047369421e+07 3.257693087215324491e+07 -1.168715391188868036e-09 1.573995165379032725e+06 2.251336738448122051e+06
1.619999999999999929e+01 0.000000000000000000e+00 0.000000000000000000e+00 3.186677300000000101e-02 3.840379122107274532e+08 4.522497230131008476e+07 3.257693087215035409e+07 -5.668729966607718864e-09 2.840740448897984345e+06 3.385832961038629990e+06
1.625000000000000000e+01 0.000000000000000000e+00 0.000000000000000000e+00 5.378303799999999829e-02 6.473337667474434376e+08 7.544526819251203537e+07 3.257693087214656174e+07 -1.177373656043072566e-08 4.608014066200837493e+06 4.921275432829540223e+06
1.629999999999999716e+01 0.000000000000000000e+00 0.000000000000000000e+00 8.114161200000000185e-02 9.811604210220204592e+08 1.151929316970628500e+08 3.257693087214162946e+07 -1.984140365628843803e-08 6.792908779729862697e+06 6.815417428638006561e+06
1.635000000000000142e+01 0.000000000000000000e+00 0.000000000000000000e+00 1.137822500000000014e-01 1.413103586514986992e+09 1.660130157835661471e+08 3.257693087213531882e+07 -3.020302380782533391e-08 9.309292345006141812e+06 9.049155496196450666e+06
1.640000000000000213e+01 0.000000000000000000e+00 0.000000000000000000e+00 1.515535500000000091e-01 1.966852059325752735e+09 2.288267962002867460e+08 3.257693087212742120e+07 -4.301162296018610690e-08 1.208496618515117280e+07 1.161581209568978101e+07
1.644999999999999929e+01 0.000000000000000000e+00 0.000000000000000000e+00 1.943245899999999915e-01 2.654320481329247952e+09 3.035647074789572954e+08 3.257693087211790681e+07 -5.827182913331948100e-08 1.507772065530017391e+07 1.451798665450916067e+07
1.650000000000000000e+01 0.000000000000000000e+00 0.000000000000000000e+00 2.419849699999999937e-01 3.471061077564999580e+09 3.890447044592969418e+08 3.257693087210689485e+07 -7.565808800225921208e-08 1.828463396810499951e+07 1.776433970048258454e+07
1.654999999999999716e+01 0.000000000000000000e+00 0.000000000000000000e+00 2.944335200000000041e-01 4.396277559038080215e+09 4.832134364626230597e+08 3.257693087209464982e+07 -9.502708648217595579e-08 2.174020027963246033e+07 2.136709474355981499e+07
1.660000000000000142e+01 0.000000000000000000e+00 0.000000000000000000e+00 3.515591900000000214e-01 5.398394452842465401e+09 5.836889835390326977e+08 3.257693087208151817e+07 -1.154392220592825425e-07 2.550664026262930408e+07 2.533366232332787290e+07
1.665000000000000213e+01 0.000000000000000000e+00 0.000000000000000000e+00 4.132201500000000083e-01 6.443340172044915199e+09 6.882638564239933491e+08 3.257693087206783891e+07 -1.367426280034357207e-07 2.965099189172007143e+07 2.966148577683248371e+07
1.669999999999999929e+01 0.000000000000000000e+00 0.000000000000000000e+00 4.792271000000000170e-01 7.505171522923317909e+09 7.956752955060422421e+08 3.257693087205383554e+07 -1.588906584740741960e-07 3.422205524843803048e+07 3.433378221094805002e+07
1.675000000000000000e+01 0.000000000000000000e+00 0.000000000000000000e+00 5.493360000000000465e-01 8.571658966463946342e+09 9.058882982555150986e+08 3.257693087203956768e+07 -1.817263691641903329e-07 3.922936588439189643e+07 3.931815593080011010e+07
1.680000000000000071e+01 0.000000000000000000e+00 0.000000000000000000e+00 6.232523899999999895e-01 9.649171124511747360e+09 1.020043989037475586e+09 3.257693087202489004e+07 -2.047179894161404118e-07 4.463538254870665818e+07 4.456894414452257007e+07
1.685000000000000142e+01 0.000000000000000000e+00 0.000000000000000000e+00 7.006462500000000260e-01 1.075891477366464806e+10 1.140106466387212753e+09 3.257693087200955674e+07 -2.294809274472225851e-07 5.036034642842960358e+07 5.003639215013755113e+07
1.689999999999999858e+01 0.000000000000000000e+00 0.000000000000000000e+00 7.811733899999999675e-01 1.192988068626916313e+10 1.268052553957509995e+09 3.257693087199326232e+07 -2.550957307380550349e-07 5.630223674019176513e+07 5.567505922764042020e+07
1.694999999999999929e+01 0.000000000000000000e+00 0.000000000000000000e+00 8.644974800000000403e-01 1.318693573608612251e+10 1.405155850630652905e+09 3.257693087197579816e+07 -2.835925926184732223e-07 6.236145395467448980e+07 6.145449830569484085e+07
1.700000000000000000e+01 0.000000000000000000e+00 0.000000000000000000e+00 9.503067699999999673e-01 1.454305841645567894e+10 1.551366245282005548e+09 3.257693087195710838e+07 -3.129334552745878816e-07 6.846640347019378841e+07 6.736433812933515012e+07
1.705000000000000071e+01 0.000000000000000000e+00 0.000000000000000000e+00 1.038321000000000049e+00 1.599289491142385101e+10 1.705146329390500546e+09 3.257693087193736061e+07 -3.429746239581982870e-07 7.458968467963334918e+07 7.341080871666292846e+07
1.710000000000000142e+01 0.000000000000000000e+00 0.000000000000000000e+00 1.128286799999999923e+00 1.751277039924316788e+10 1.863677701097617149e+09 3.257693087191690505e+07 -3.764570038206992272e-07 8.074510260516653955e+07 7.961176367549823225e+07
1.714999999999999858e+01 0.000000000000000000e+00 0.000000000000000000e+00 1.219963700000000095e+00 1.906649877721520615e+10 2.023620609638831854e+09 3.257693087189617380e+07 -4.086418531264003280e-07 8.699221284277248383e+07 8.598320188013345003e+07
1.719999999999999929e+01 0.000000000000000000e+00 0.000000000000000000e+00 1.313104199999999944e+00 2.061716306485625076e+10 2.182024452032901287e+09 3.257693087187561393e+07 -4.412143492187206010e-07 9.338740272348614037e+07 9.252626184257994592e+07
1.725000000000000000e+01 0.000000000000000000e+00 0.000000000000000000e+00 1.407435200000000108e+00 2.213369571815707016e+10 2.336989157133495808e+09 3.257693087185549363e+07 -4.723886643597843195e-07 9.998046749300956726e+07 9.922452012294192612e+07
1.730000000000000071e+01 0.000000000000000000e+00 0.000000000000000000e+00 1.502645199999999903e+00 2.360189431551167297e+10 2.488254105365815163e+09 3.257693087183591351e+07 -5.046222953751888916e-07 1.067790978273880035e+08 1.060356800354684293e+08
1.735000000000000142e+01 0.000000000000000000e+00 0.000000000000000000e+00 1.598381899999999911e+00 2.502581798912000275e+10 2.637027157290918350e+09 3.257693087181672081e+07 -5.348267731995511941e-07 1.137475341424781531e+08 1.129027406738058031e+08
1.739999999999999858e+01 0.000000000000000000e+00 0.000000000000000000e+00 1.694261699999999982e+00 2.642494203402915573e+10 2.785628216559367657e+09 3.257693087179765105e+07 -5.643901649137093156e-07 1.208091847994947731e+08 1.197488735789715648e+08
1.744999999999999929e+01 0.000000000000000000e+00 0.000000000000000000e+00 1.789887299999999959e+00 2.782706436876449203e+10 2.936477960620662689e+09 3.257693087177835032e+07 -5.960047280169131187e-07 1.278576495579943508e+08 1.265168331215227991e+08
1.750000000000000000e+01 0.000000000000000000e+00 0.000000000000000000e+00 1.884870599999999952e+00 2.925754578958638382e+10 3.091284688482380390e+09 3.257693087175856903e+07 -6.273909159436204242e-07 1.347950984414718747e+08 1.331622634869953245e+08
1.755000000000000071e+01 0.000000000000000000e+00 0.000000000000000000e+00 1.978852599999999962e+00 3.073084118300185013e+10 3.250323541700162411e+09 3.257693087173823640e+07 -6.593033798878680444e-07 1.415326437064539492e+08 1.396622447549586296e+08
1.760000000000000142e+01 0.000000000000000000e+00 0.000000000000000000e+00 2.071516100000000193e+00 3.224430851359981537e+10 3.412154773398647308e+09 3.257693087171747908e+07 -6.950894571551784490e-07 1.480351009045790732e+08 1.460311899475121796e+08
1.764999999999999858e+01 0.000000000000000000e+00 0.000000000000000000e+00 2.162586199999999792e+00 3.377700236802322006e+10 3.573841923655958652e+09 3.257693087169666588e+07 -7.249478768274904821e-07 1.543061114796682000e+08 1.522826394058378041e+08
1.769999999999999929e+01 0.000000000000000000e+00 0.000000000000000000e+00 2.251818999999999793e+00 3.529432788623360443e+10 3.731654173152415752e+09 3.257693087167626619e+07 -7.552244319984456868e-07 1.603960411604078710e+08 1.584576231997101009e+08
1.775000000000000000e+01 0.000000000000000000e+00 0.000000000000000000e+00 2.338981899999999836e+00 3.676125173345491791e+10 3.882362704229966164e+09 3.257693087165673077e+07 -7.893673868692509135e-07 1.663623930898810625e+08 1.645659394246952534e+08
1.780000000000000071e+01 0.000000000000000000e+00 0.000000000000000000e+00 2.423831700000000033e+00 3.814129015273574829e+10 4.022831755671167374e+09 3.257693087163848057e+07 -8.128835138298606201e-07 1.722661935100422204e+08 1.706093231263701320e+08
1.785000000000000142e+01 0.000000000000000000e+00 0.000000000000000000e+00 2.506097500000000089e+00 3.941957539479082489e+10 4.153225321181882381e+09 3.257693087162155658e+07 -8.432462306964607902e-07 1.781310883054101169e+08 1.765529114100034535e+08
1.789999999999999858e+01 0.000000000000000000e+00 0.000000000000000000e+00 2.585474099999999886e+00 4.059511186660485077e+10 4.274138233137752056e+09 3.257693087160590664e+07 -8.678299013800284465e-07 1.839242964077214003e+08 1.823321812357077599e+08
1.794999999999999929e+01 0.000000000000000000e+00 0.000000000000000000e+00 2.661629099999999859e+00 4.168166614089765930e+10 4.388121581124932289e+09 3.257693087159124389e+07 -8.937599389436272784e-07 1.895845242644777894e+08 1.878700600506523848e+08
1.800000000000000000e+01 0.000000000000000000e+00 0.000000000000000000e+00 2.734221400000000024e+00 4.271308476713841248e+10 4.498674766386814117e+09 3.257693087157711387e+07 -9.142675348758963842e-07 1.950074833044085205e+08 1.930856313556992710e+08
1.805000000000000071e+01 0.000000000000000000e+00 0.000000000000000000e+00 2.802925500000000181e+00 4.371947013891554260e+10 4.607915016272000313e+09 3.257693087156317383e+07 -9.347067629540328923e-07 2.000814213396710455e+08 1.979171180124365985e+08
1.810000000000000142e+01 0.000000000000000000e+00 0.000000000000000000e+00 2.867456199999999900e+00 4.472060832715947723e+10 4.717211901683658600e+09 3.257693087154923752e+07 -9.585836494839339573e-07 2.047221355242668986e+08 2.023389017682603598e+08
1.814999999999999858e+01 0.000000000000000000e+00 0.000000000000000000e+00 2.927584099999999800e+00 4.571467958668473816e+10 4.825621282471605301e+09 3.257693087153540552e+07 -9.773436877002812294e-07 2.088925204098914266e+08 2.063676109042602777e+08
1.819999999999999929e+01 0.000000000000000000e+00 0.000000000000000000e+00 2.983138600000000196e+00 4.668974499928305054e+10 4.930193155229265213e+09 3.257693087152198330e+07 -1.002315618690944923e-06 2.126081948026494384e+08 2.100460498301361501e+08
1.825000000000000000e+01 0.000000000000000000e+00 0.000000000000000000e+00 3.033996999999999833e+00 4.760886392418621826e+10 5.026817006416471481e+09 3.257693087150951102e+07 -1.021031783693083267e-06 2.159266840064578354e+08 2.134382772103011608e+08
1.830000000000000071e+01 0.000000000000000000e+00 0.000000000000000000e+00 3.080063399999999785e+00 4.843252502682260132e+10 5.111154854009060860e+09 3.257693087149855122e+07 -1.037520268091718695e-06 2.189350222392460406e+08 2.165981420372743607e+08
1.835000000000000142e+01 0.000000000000000000e+00 0.000000000000000000e+00 3.121244499999999977e+00 4.912837468947691345e+10 5.180622026449649811e+09 3.257693087148945034e+07 -1.057331369598675259e-06 2.217005029579054117e+08 2.195496030852710009e+08
1.839999999999999858e+01 0.000000000000000000e+00 0.000000000000000000e+00 3.157429299999999994e+00 4.967995364082276917e+10 5.234639620978496552e+09 3.257693087148236111e+07 -1.063378328710988027e-06 2.242537650792020559e+08 2.222603056770875454e+08
1.845000000000000284e+01 0.000000000000000000e+00 0.000000000000000000e+00 3.188479599999999969e+00 5.008996683079740906e+10 5.274395620609673500e+09 3.257693087147713453e+07 -1.070185411082291639e-06 2.265837556167537272e+08 2.246738834524383247e+08
1.850000000000000000e+01 0.000000000000000000e+00 0.000000000000000000e+00 3.214234700000000000e+00 5.038809403844365692e+10 5.303745893858510971e+09 3.257693087147331238e+07 -1.078875908709639560e-06 2.286132495750735104e+08 2.266913223000096679e+08
1.855000000000000071e+01 0.000000000000000000e+00 0.000000000000000000e+00 3.234528200000000187e+00 5.059986264033533478e+10 5.326138285375423431e+09 3.257693087147047371e+07 -1.081320772950466144e-06 2.302550482041892409e+08 2.282277425128695667e+08
1.859999999999999787e+01 0.000000000000000000e+00 0.000000000000000000e+00 3.249211600000000200e+00 5.076479453142741394e+10 5.345554816161464691e+09 3.257693087146807089e+07 -1.086780214872880082e-06 2.314208219255295694e+08 2.292205362285089791e+08
1.864999999999999858e+01 0.000000000000000000e+00 0.000000000000000000e+00 3.258178200000000135e+00 5.089292293423495483e+10 5.363112151440788269e+09 3.257693087146597356e+07 -1.087314569317522970e-06 2.320507648740548790e+08 2.296671268352065682e+08
1.870000000000000284e+01 0.000000000000000000e+00 0.000000000000000000e+00 3.261379300000000203e+00 5.099492372215375519e+10 5.377514456005893707e+09 3.257693087146425247e+07 -1.096987886017311381e-06 2.321444270234048367e+08 2.296052590351687670e+08
1.875000000000000000e+01 0.000000000000000000e+00 0.000000000000000000e+00 3.258828499999999906e+00 5.104546659325901794e+10 5.386275539666753769e+09 3.257693087146323547e+07 -1.093857595505787977e-06 2.317361615891428292e+08 2.291207229589391351e+08
1.880000000000000071e+01 0.000000000000000000e+00 0.000000000000000000e+00 3.250592900000000007e+00 5.101837894402494049e+10 5.385153103985779762e+09 3.257693087146341801e+07 -1.092624753545054937e-06 2.309059635591473281e+08 2.283072320049619675e+08
1.884999999999999787e+01 0.000000000000000000e+00 0.000000000000000000e+00 3.236774800000000063e+00 5.088532515813945770e+10 5.370315672171081543e+09 3.257693087146525830e+07 -1.088645882668742082e-06 2.297355150260801613e+08 2.272323170873860419e+08
1.889999999999999858e+01 0.000000000000000000e+00 0.000000000000000000e+00 3.217488599999999810e+00 5.061824183877146912e+10 5.339834870390625000e+09 3.257693087146906182e+07 -1.083687613179458073e-06 2.282916799878684580e+08 2.259316811187160611e+08
1.895000000000000284e+01 0.000000000000000000e+00 0.000000000000000000e+00 3.192840599999999807e+00 5.021107505945678711e+10 5.293448988580913544e+09 3.257693087147488818e+07 -1.075769139427226588e-06 2.265938745647053421e+08 2.243887229374535978e+08
1.900000000000000000e+01 0.000000000000000000e+00 0.000000000000000000e+00 3.162917199999999873e+00 4.967217866663691711e+10 5.232956522637295723e+09 3.257693087148252875e+07 -1.065416883845004028e-06 2.246330039560363591e+08 2.225405708474201560e+08
1.905000000000000071e+01 0.000000000000000000e+00 0.000000000000000000e+00 3.127784300000000073e+00 4.902745618599901581e+10 5.162291182096776962e+09 3.257693087149154022e+07 -1.047646887730943983e-06 2.223638116507209837e+08 2.203120090129275918e+08
1.909999999999999787e+01 0.000000000000000000e+00 0.000000000000000000e+00 3.087498500000000146e+00 4.830524323385512543e+10 5.085284443751245499e+09 3.257693087150144204e+07 -1.034191498561765227e-06 2.197141758658701777e+08 2.176264493544541895e+08
1.914999999999999858e+01 0.000000000000000000e+00 0.000000000000000000e+00 3.042125700000000155e+00 4.753568719243067169e+10 5.005140802672675133e+09 3.257693087151182443e+07 -1.015942545068381761e-06 2.166329262436145246e+08 2.144495567403591871e+08
1.919999999999999929e+01 0.000000000000000000e+00 0.000000000000000000e+00 2.991761599999999799e+00 4.673529232168909454e+10 4.923526429344172478e+09 3.257693087152246013e+07 -1.000158961539847628e-06 2.130952013823764026e+08 2.107866312006458640e+08
1.925000000000000000e+01 0.000000000000000000e+00 0.000000000000000000e+00 2.936548600000000064e+00 4.590421529997959137e+10 4.839988607757698059e+09 3.257693087153337896e+07 -9.814046578416728091e-07 2.091096974223307669e+08 2.066949906481828392e+08
1.930000000000000071e+01 0.000000000000000000e+00 0.000000000000000000e+00 2.876683900000000182e+00 4.503415864074465942e+10 4.752151419114490509e+09 3.257693087154483795e+07 -9.680233307828922422e-07 2.047280629953956604e+08 2.022693968005162776e+08
1.934999999999999787e+01 0.000000000000000000e+00 0.000000000000000000e+00 2.812416199999999922e+00 4.410343541499026489e+10 4.656788562139792442e+09 3.257693087155719101e+07 -9.434063875736102073e-07 2.000154369012175798e+08 1.975988763504357338e+08
1.940000000000000213e+01 0.000000000000000000e+00 0.000000000000000000e+00 2.744032400000000038e+00 4.308819568093617249e+10 4.551084557204546928e+09 3.257693087157082558e+07 -9.253831638682391361e-07 1.950517092597369850e+08 1.927605675493479967e+08
1.944999999999999929e+01 0.000000000000000000e+00 0.000000000000000000e+00 2.671838199999999830e+00 4.197851112686981201e+10 4.433720343234909058e+09 3.257693087158588693e+07 -9.011136422255090523e-07 1.899001484044501781e+08 1.877909028000166416e+08
1.950000000000000000e+01 0.000000000000000000e+00 0.000000000000000000e+00 2.596137800000000162e+00 4.077276229888304138e+10 4.304088087329010010e+09 3.257693087160243839e+07 -8.722800003185695940e-07 1.845854580369057357e+08 1.826826725825910866e+08
1.955000000000000071e+01 0.000000000000000000e+00 0.000000000000000000e+00 2.517217500000000108e+00 3.947798427351212311e+10 4.164839019582906246e+09 3.257693087162023410e+07 -8.473226229936899540e-07 1.791129378398415744e+08 1.773923470948180258e+08
1.959999999999999787e+01 0.000000000000000000e+00 0.000000000000000000e+00 2.435338600000000131e+00 3.812115696278488159e+10 4.018921343864586830e+09 3.257693087163888663e+07 -8.144260837361661281e-07 1.734624709701223075e+08 1.718622645779788494e+08
1.965000000000000213e+01 0.000000000000000000e+00 0.000000000000000000e+00 2.350740300000000005e+00 3.672658032707852173e+10 3.869889004708688259e+09 3.257693087165798992e+07 -7.865262080418866245e-07 1.676117107235877216e+08 1.660579415336775780e+08
1.969999999999999929e+01 0.000000000000000000e+00 0.000000000000000000e+00 2.263652200000000114e+00 3.531370242887941742e+10 3.720746001005360126e+09 3.257693087167718261e+07 -7.569615567230026569e-07 1.615319669965367913e+08 1.599532057645253539e+08
1.975000000000000000e+01 0.000000000000000000e+00 0.000000000000000000e+00 2.174312200000000139e+00 3.389967540047778702e+10 3.573101223901900768e+09 3.257693087169626355e+07 -7.256036440173995085e-07 1.552260917723297179e+08 1.535816581164250672e+08
1.980000000000000071e+01 0.000000000000000000e+00 0.000000000000000000e+00 2.082984300000000122e+00 3.248619329952709579e+10 3.427071281633564472e+09 3.257693087171518430e+07 -6.973317282033083218e-07 1.487164066513359249e+08 1.470000441718506515e+08
1.984999999999999787e+01 0.000000000000000000e+00 0.000000000000000000e+00 1.989972499999999922e+00 3.106835876273109055e+10 3.281312717635484219e+09 3.257693087173411250e+07 -6.636139215622029585e-07 1.420463753673996329e+08 1.402979753335307240e+08
1.990000000000000213e+01 0.000000000000000000e+00 0.000000000000000000e+00 1.895624100000000034e+00 2.963537284419349670e+10 3.133775163268553734e+09 3.257693087175324559e+07 -6.351017247879233581e-07 1.352725642649972737e+08 1.335539462077421546e+08
1.994999999999999929e+01 0.000000000000000000e+00 0.000000000000000000e+00 1.800322800000000001e+00 2.817729027829205704e+10 2.982599622810332775e+09 3.257693087177279219e+07 -6.036976783215804858e-07 1.284433272907617986e+08 1.268424070341522545e+08
2.000000000000000000e+01 0.000000000000000000e+00 0.000000000000000000e+00 1.704471599999999976e+00 2.668963830335897446e+10 2.826729626856046677e+09 3.257693087179287523e+07 -5.734190066767676811e-07 1.216117233636046052e+08 1.201886314977351427e+08
